probe_seed,reference_seed,defense,test_view,trial_index,subject_id,y_true,y_pred,correct,prob_left_fist,prob_right_fist,prob_both_fists,prob_both_feet
21,7,none,car,0,90,0,0,True,0.8688543,0.032747123,0.024990115,0.07340854
21,7,none,car,1,90,1,1,True,0.04380715,0.93154156,0.019854775,0.0047965185
21,7,none,car,2,90,1,1,True,0.00040075483,0.9991954,9.2820985e-05,0.00031114824
21,7,none,car,3,90,0,0,True,0.77951485,0.008191823,0.18057775,0.031715572
21,7,none,car,4,90,1,1,True,0.009107935,0.9640612,0.02500872,0.0018221291
21,7,none,car,5,90,0,0,True,0.8091103,0.003851443,0.14900786,0.038030352
21,7,none,car,6,90,1,1,True,0.11899024,0.8347108,0.020281557,0.026017446
21,7,none,car,7,90,0,0,True,0.98140544,0.004254085,0.0019330585,0.012407404
21,7,none,car,8,90,0,0,True,0.76326257,0.13849622,0.014622621,0.08361859
21,7,none,car,9,90,1,1,True,0.00071784836,0.9823111,0.016527992,0.0004430091
21,7,none,car,10,90,0,0,True,0.53069603,0.38749364,0.07165226,0.0101581225
21,7,none,car,11,90,1,1,True,0.0018462274,0.99771476,0.00038552235,5.34821e-05
21,7,none,car,12,90,0,0,True,0.7743924,0.009907029,0.10824051,0.107459985
21,7,none,car,13,90,1,2,False,0.05368084,0.16838992,0.7746981,0.0032312179
21,7,none,car,14,90,1,1,True,0.015399776,0.9180822,0.066188715,0.00032935588
21,7,none,car,15,90,3,0,False,0.6512196,0.11388184,0.19902909,0.035869498
21,7,none,car,16,90,2,2,True,0.047940645,0.016765451,0.83260065,0.10269322
21,7,none,car,17,90,2,2,True,0.20268467,0.078340344,0.44936782,0.2696072
21,7,none,car,18,90,3,3,True,0.34181044,0.06476273,0.23257014,0.36085665
21,7,none,car,19,90,3,3,True,0.055730823,0.07239756,0.3788549,0.4930167
21,7,none,car,20,90,2,2,True,0.20346105,0.13216412,0.66058505,0.0037897825
21,7,none,car,21,90,3,2,False,0.04379483,0.10305824,0.46484995,0.38829696
21,7,none,car,22,90,2,2,True,0.111012176,0.28548673,0.585914,0.017587084
21,7,none,car,23,90,2,2,True,0.013617462,0.024037153,0.93901145,0.023334028
21,7,none,car,24,90,3,0,False,0.5978442,0.19372141,0.18263818,0.025796259
21,7,none,car,25,90,2,2,True,0.040836107,0.09787939,0.8486602,0.01262431
21,7,none,car,26,90,3,2,False,0.21906306,0.2873146,0.43172786,0.06189453
21,7,none,car,27,90,3,2,False,0.05697562,0.09264685,0.6423854,0.20799212
21,7,none,car,28,90,2,1,False,0.16653271,0.44230923,0.29898128,0.09217686
21,7,none,car,29,90,2,2,True,0.02225587,0.11075255,0.86142087,0.00557065
21,7,none,car,30,90,1,1,True,0.036683843,0.95906204,0.004071134,0.00018293031
21,7,none,car,31,90,0,0,True,0.5028633,0.095812,0.35824248,0.0430822
21,7,none,car,32,90,1,1,True,2.3245497e-05,0.99968934,8.1190876e-05,0.00020623096
21,7,none,car,33,90,0,0,True,0.604222,0.030078512,0.34542826,0.020271186
21,7,none,car,34,90,1,1,True,0.0212321,0.8235847,0.11065257,0.044530604
21,7,none,car,35,90,0,2,False,0.10504927,0.0671047,0.8136095,0.014236581
21,7,none,car,36,90,1,1,True,0.015557601,0.8416417,0.037226133,0.105574526
21,7,none,car,37,90,0,0,True,0.6685026,0.16472556,0.16042568,0.006346058
21,7,none,car,38,90,1,1,True,0.0043483647,0.5763137,0.41481003,0.00452791
21,7,none,car,39,90,0,2,False,0.31628758,0.02354528,0.595717,0.06445015
21,7,none,car,40,90,1,1,True,0.20807727,0.65901846,0.07354091,0.05936334
21,7,none,car,41,90,0,0,True,0.5042353,0.003767418,0.38657892,0.10541831
21,7,none,car,42,90,1,1,True,0.007504549,0.8402068,0.14966387,0.0026247962
21,7,none,car,43,90,0,2,False,0.05146566,0.16461903,0.7212954,0.06261989
21,7,none,car,44,90,1,1,True,0.00012283577,0.9463849,0.052251767,0.001240585
21,7,none,car,45,90,2,2,True,0.14845651,0.01810431,0.7896074,0.04383178
21,7,none,car,46,90,3,2,False,0.015357835,0.0042524943,0.929146,0.05124369
21,7,none,car,47,90,3,2,False,0.06054884,0.104910806,0.5755956,0.25894472
21,7,none,car,48,90,2,2,True,0.19212902,0.040268637,0.53989905,0.22770323
21,7,none,car,49,90,3,2,False,0.094444975,0.16622263,0.4339418,0.3053906
21,7,none,car,50,90,2,2,True,0.06624788,0.025037002,0.85418886,0.05452622
21,7,none,car,51,90,3,3,True,0.08205988,0.073772244,0.13976705,0.70440084
21,7,none,car,52,90,2,2,True,0.094399765,0.11210044,0.7194497,0.07405009
21,7,none,car,53,90,3,3,True,0.15396391,0.008697448,0.4071575,0.4301811
21,7,none,car,54,90,2,2,True,0.16379109,0.019697595,0.7595317,0.05697965
21,7,none,car,55,90,2,2,True,0.06093491,0.1818165,0.6395748,0.117673755
21,7,none,car,56,90,3,2,False,0.01526815,0.009967917,0.9362527,0.038511258
21,7,none,car,57,90,2,2,True,0.008529205,0.0148703065,0.9039524,0.07264799
21,7,none,car,58,90,3,2,False,0.072959036,0.021532133,0.55285966,0.35264915
21,7,none,car,59,90,3,2,False,0.07215971,0.22732352,0.36006907,0.3404477
21,7,none,car,60,90,1,1,True,0.023805408,0.9133619,0.05856137,0.0042714556
21,7,none,car,61,90,0,0,True,0.85795736,0.0500911,0.08096772,0.010983786
21,7,none,car,62,90,1,1,True,0.012491005,0.95323044,0.034021363,0.0002572448
21,7,none,car,63,90,0,2,False,0.37740377,0.025643142,0.54496056,0.051992536
21,7,none,car,64,90,0,0,True,0.78858244,0.0023193024,0.20491216,0.0041861013
21,7,none,car,65,90,1,1,True,0.002559401,0.97254366,0.024767574,0.00012935017
21,7,none,car,66,90,1,1,True,0.011734803,0.539672,0.44370738,0.0048857657
21,7,none,car,67,90,0,0,True,0.8378325,0.00765459,0.099895224,0.054617636
21,7,none,car,68,90,0,0,True,0.94829136,0.0033272444,0.047175296,0.0012060748
21,7,none,car,69,90,1,2,False,0.100809224,0.20513456,0.5011989,0.19285735
21,7,none,car,70,90,1,1,True,0.015566868,0.93899786,0.03805151,0.007383677
21,7,none,car,71,90,0,2,False,0.40676177,0.018085252,0.5120355,0.06311751
21,7,none,car,72,90,1,2,False,0.048757285,0.07323334,0.84573346,0.0322759
21,7,none,car,73,90,0,0,True,0.560851,0.008863988,0.41799888,0.012286116
21,7,none,car,74,90,0,0,True,0.52190924,0.014067327,0.31495073,0.14907275
21,7,none,car,75,90,2,2,True,0.009387744,0.014141484,0.83474916,0.14172167
21,7,none,car,76,90,3,0,False,0.8923943,0.009210819,0.09234897,0.0060458477
21,7,none,car,77,90,2,2,True,0.08049379,0.04313369,0.8535412,0.022831295
21,7,none,car,78,90,3,3,True,0.06591827,0.02480282,0.40791848,0.5013604
21,7,none,car,79,90,2,1,False,0.0111238565,0.73520935,0.24525943,0.008407315
21,7,none,car,80,90,3,2,False,0.10479518,0.16025876,0.63135076,0.1035953
21,7,none,car,81,90,2,2,True,0.029473383,0.019981377,0.8136974,0.13684791
21,7,none,car,82,90,3,2,False,0.07240562,0.085849024,0.7447087,0.09703662
21,7,none,car,83,90,2,2,True,0.005280951,0.0017389702,0.9900547,0.0029253878
21,7,none,car,84,90,3,2,False,0.042183004,0.06438463,0.76771533,0.12571709
21,7,none,car,85,90,2,2,True,0.23610315,0.22419687,0.4580929,0.08160711
21,7,none,car,86,90,3,2,False,0.30862686,0.099312454,0.3303402,0.2617205
21,7,none,car,87,90,3,2,False,0.31995454,0.06515203,0.5644095,0.05048395
21,7,none,car,88,90,2,2,True,0.022332873,0.04051008,0.865137,0.07202002
21,7,none,car,89,90,3,2,False,0.27343702,0.237378,0.27608958,0.21309537
21,7,none,car,90,91,0,0,True,0.8376372,0.06068205,0.07760211,0.024078628
21,7,none,car,91,91,1,0,False,0.42613208,0.097722694,0.14633156,0.32981366
21,7,none,car,92,91,0,3,False,0.119660385,0.06494498,0.29095393,0.5244407
21,7,none,car,93,91,1,1,True,0.029703595,0.68678844,0.11077322,0.17273478
21,7,none,car,94,91,1,1,True,0.0006890927,0.99763334,0.0008074747,0.0008700334
21,7,none,car,95,91,0,0,True,0.95338005,0.009938143,0.025662163,0.01101969
21,7,none,car,96,91,1,1,True,0.07117353,0.9010527,0.023160314,0.004613456
21,7,none,car,97,91,0,0,True,0.5662998,0.18426484,0.12925096,0.12018438
21,7,none,car,98,91,0,0,True,0.9947354,0.0014454842,0.0016589448,0.0021601268
21,7,none,car,99,91,1,1,True,0.096907675,0.42712963,0.08188463,0.39407808
21,7,none,car,100,91,0,0,True,0.99581146,0.0006680857,0.002184482,0.0013359485
21,7,none,car,101,91,1,2,False,0.00435608,0.1464305,0.8278459,0.021367503
21,7,none,car,102,91,1,1,True,0.0054873466,0.93356717,0.02518599,0.035759438
21,7,none,car,103,91,0,0,True,0.9465847,0.0015143121,0.047251567,0.0046494347
21,7,none,car,104,91,0,0,True,0.9950813,0.00094622443,0.0029287576,0.0010436147
21,7,none,car,105,91,2,3,False,0.009825904,0.18341984,0.22077589,0.5859783
21,7,none,car,106,91,3,3,True,0.0033198819,0.06582668,0.42533746,0.505516
21,7,none,car,107,91,3,3,True,0.011610326,0.059194736,0.098149836,0.8310451
21,7,none,car,108,91,2,2,True,0.008631346,0.017956117,0.94553334,0.027879283
21,7,none,car,109,91,2,2,True,0.0009873152,0.0039040693,0.98262745,0.012481178
21,7,none,car,110,91,3,2,False,0.056636475,0.027532218,0.73150074,0.18433051
21,7,none,car,111,91,3,3,True,0.0038260214,0.02745697,0.13119248,0.83752453
21,7,none,car,112,91,2,2,True,0.013362938,0.036220666,0.8045294,0.14588691
21,7,none,car,113,91,3,2,False,0.033127714,0.009085812,0.9219428,0.03584375
21,7,none,car,114,91,2,2,True,0.00015379717,0.00074766035,0.998879,0.00021957497
21,7,none,car,115,91,3,2,False,0.0016297806,0.0024742498,0.9862238,0.0096721025
21,7,none,car,116,91,2,2,True,0.024590656,0.04365548,0.8953215,0.036432374
21,7,none,car,117,91,2,2,True,0.015366482,0.03405725,0.673262,0.2773143
21,7,none,car,118,91,3,2,False,0.0069684335,0.0052145086,0.9762028,0.011614283
21,7,none,car,119,91,2,2,True,0.0001191621,0.005598344,0.99252146,0.0017610152
21,7,none,car,120,91,0,0,True,0.82589346,0.077826865,0.08022863,0.016051097
21,7,none,car,121,91,1,2,False,0.0284708,0.0073659825,0.6157917,0.3483715
21,7,none,car,122,91,1,1,True,0.013021246,0.61413205,0.34037012,0.03247655
21,7,none,car,123,91,0,2,False,0.005453874,0.063212,0.4891188,0.4422153
21,7,none,car,124,91,0,0,True,0.9864378,0.0061899927,0.0034884098,0.003883872
21,7,none,car,125,91,1,2,False,0.015749486,0.13464028,0.6648264,0.18478388
21,7,none,car,126,91,1,2,False,0.0001878626,0.3460433,0.63847715,0.015291748
21,7,none,car,127,91,0,3,False,0.07407038,0.013546023,0.41603345,0.49635014
21,7,none,car,128,91,0,0,True,0.9986156,2.119846e-05,0.0003764854,0.0009865796
21,7,none,car,129,91,1,1,True,0.016639266,0.5511188,0.33384156,0.09840042
21,7,none,car,130,91,1,3,False,0.009147883,0.12716554,0.33517268,0.5285139
21,7,none,car,131,91,0,0,True,0.98044616,0.0005041384,0.018622572,0.00042716032
21,7,none,car,132,91,1,1,True,0.2243309,0.47247696,0.070887886,0.23230425
21,7,none,car,133,91,0,3,False,0.021766014,0.010363398,0.042864773,0.92500585
21,7,none,car,134,91,1,0,False,0.75941765,0.00059429737,0.14974734,0.09024063
21,7,none,car,135,91,2,2,True,0.056166686,0.3493085,0.3525677,0.24195719
21,7,none,car,136,91,3,2,False,0.01581914,0.015945554,0.8904074,0.077827886
21,7,none,car,137,91,2,2,True,0.09466948,0.050257288,0.6936282,0.16144502
21,7,none,car,138,91,3,2,False,0.0058062472,0.0071092155,0.9332864,0.05379813
21,7,none,car,139,91,2,2,True,0.021107517,0.006748517,0.8515385,0.12060544
21,7,none,car,140,91,3,3,True,0.00024842078,0.0028055555,0.04722975,0.9497162
21,7,none,car,141,91,2,2,True,0.0015796139,0.00750799,0.99055207,0.00036035513
21,7,none,car,142,91,3,3,True,0.0029408399,0.0023440057,0.09146403,0.9032511
21,7,none,car,143,91,2,2,True,0.00535188,0.092118956,0.87293094,0.02959818
21,7,none,car,144,91,3,2,False,0.00049528934,0.013645466,0.8611929,0.124666244
21,7,none,car,145,91,3,3,True,0.08513576,0.061340436,0.05409391,0.7994299
21,7,none,car,146,91,2,3,False,0.448513,0.0047249487,0.09083196,0.45593005
21,7,none,car,147,91,2,3,False,0.0020186277,0.022541022,0.47749722,0.49794313
21,7,none,car,148,91,3,3,True,0.039364185,0.014152562,0.460751,0.4857323
21,7,none,car,149,91,3,3,True,0.009086631,0.09461821,0.06838871,0.8279064
21,7,none,car,150,91,1,1,True,5.6882113e-06,0.9415678,0.05805986,0.00036671205
21,7,none,car,151,91,0,3,False,0.2762325,0.018343726,0.28269273,0.422731
21,7,none,car,152,91,1,2,False,0.0066421204,0.3295701,0.38821095,0.27557683
21,7,none,car,153,91,0,0,True,0.9535955,8.992164e-05,0.041104387,0.0052101845
21,7,none,car,154,91,0,2,False,0.035857387,0.0008064032,0.9629879,0.00034831584
21,7,none,car,155,91,1,2,False,0.007434266,0.0001282902,0.9873927,0.005044763
21,7,none,car,156,91,1,2,False,2.8879336e-05,0.046180278,0.9527144,0.0010764409
21,7,none,car,157,91,0,0,True,0.9965172,0.00028734677,0.0028696377,0.00032590044
21,7,none,car,158,91,0,0,True,0.93475413,0.009645451,0.049301572,0.006298823
21,7,none,car,159,91,1,2,False,0.01899344,0.091626786,0.6002878,0.28909197
21,7,none,car,160,91,0,0,True,0.91053027,0.0030448213,0.081873514,0.004551364
21,7,none,car,161,91,1,1,True,0.00843001,0.8492065,0.07968565,0.06267776
21,7,none,car,162,91,1,2,False,0.03167624,0.04108692,0.88496125,0.04227558
21,7,none,car,163,91,0,2,False,0.40198186,0.0010320134,0.5088054,0.08818075
21,7,none,car,164,91,1,2,False,0.0013370812,0.0053768265,0.96812516,0.025160918
21,7,none,car,165,91,2,2,True,0.0029377574,0.0020563542,0.9844944,0.010511532
21,7,none,car,166,91,3,2,False,0.012736684,0.0020834284,0.91365737,0.07152253
21,7,none,car,167,91,3,2,False,0.00019181256,0.020203903,0.9336287,0.045975663
21,7,none,car,168,91,2,2,True,0.004288353,0.013947315,0.95697737,0.024787022
21,7,none,car,169,91,2,2,True,0.00029285665,0.00014487395,0.9741732,0.025389088
21,7,none,car,170,91,3,2,False,0.010444868,0.045644637,0.8541561,0.08975441
21,7,none,car,171,91,3,3,True,0.002688637,0.0072766966,0.38673496,0.6032997
21,7,none,car,172,91,2,2,True,0.001435867,0.00856387,0.9215505,0.0684497
21,7,none,car,173,91,3,2,False,0.028093453,0.05047808,0.47537372,0.4460548
21,7,none,car,174,91,2,2,True,0.0049173334,0.00043920393,0.93976676,0.05487672
21,7,none,car,175,91,2,2,True,0.0009116762,0.0093951635,0.9768381,0.0128550455
21,7,none,car,176,91,3,2,False,0.0026895201,0.011266333,0.8984412,0.08760292
21,7,none,car,177,91,3,2,False,0.073794246,0.0018413399,0.81861097,0.1057534
21,7,none,car,178,91,2,2,True,0.0017277349,0.05350057,0.93223524,0.01253647
21,7,none,car,179,91,3,2,False,0.001207815,0.0024418982,0.93696266,0.05938758
21,7,none,car,180,92,1,3,False,0.06346259,0.41254893,0.089693695,0.43429476
21,7,none,car,181,92,0,3,False,0.1579855,0.19703701,0.26744434,0.3775332
21,7,none,car,182,92,1,0,False,0.48340905,0.14021961,0.33176395,0.044607386
21,7,none,car,183,92,0,2,False,0.0913314,0.014678784,0.8909648,0.003024967
21,7,none,car,184,92,0,2,False,0.18047082,0.12928745,0.48732698,0.20291473
21,7,none,car,185,92,1,1,True,0.029943176,0.89971036,0.05740655,0.0129399495
21,7,none,car,186,92,0,0,True,0.84978133,0.040236175,0.08874409,0.021238403
21,7,none,car,187,92,1,1,True,0.04621986,0.9500469,0.0032325315,0.0005008257
21,7,none,car,188,92,1,1,True,0.0028959732,0.996398,0.0004920896,0.00021394396
21,7,none,car,189,92,0,2,False,0.25898224,0.0878408,0.63113356,0.022043409
21,7,none,car,190,92,0,0,True,0.81463367,0.08531809,0.063913606,0.036134686
21,7,none,car,191,92,1,2,False,0.20726785,0.072934695,0.4146626,0.30513492
21,7,none,car,192,92,0,0,True,0.9038375,0.047746405,0.047345717,0.0010704247
21,7,none,car,193,92,1,3,False,0.015850674,0.26144904,0.084520526,0.6381798
21,7,none,car,194,92,0,2,False,0.10252792,0.09177709,0.7829366,0.022758441
21,7,none,car,195,92,1,1,True,0.040465117,0.8995731,0.046247527,0.013714281
21,7,none,car,196,92,1,1,True,0.0019055089,0.9942977,0.0034673016,0.00032945847
21,7,none,car,197,92,0,0,True,0.96655,0.018190905,0.013794617,0.0014646181
21,7,none,car,198,92,1,1,True,0.011395755,0.5659508,0.41475123,0.007902161
21,7,none,car,199,92,2,0,False,0.48036242,0.1054991,0.29517606,0.118962444
21,7,none,car,200,92,3,2,False,0.3533836,0.065563746,0.37397754,0.2070751
21,7,none,car,201,92,2,2,True,0.20147258,0.036647316,0.5029047,0.25897542
21,7,none,car,202,92,3,2,False,0.10963753,0.042532332,0.5007139,0.34711623
21,7,none,car,203,92,2,2,True,0.1461785,0.4143215,0.42669797,0.012802048
21,7,none,car,204,92,3,3,True,0.07303574,0.21445738,0.2495979,0.46290892
21,7,none,car,205,92,2,2,True,0.042405754,0.108176425,0.776117,0.073300794
21,7,none,car,206,92,3,0,False,0.37145972,0.3087412,0.14901109,0.17078798
21,7,none,car,207,92,3,1,False,0.29072717,0.34669212,0.2711564,0.091424346
21,7,none,car,208,92,2,2,True,0.34900817,0.056512043,0.39408118,0.20039867
21,7,none,car,209,92,2,2,True,0.0022772844,0.15020931,0.8450463,0.0024672023
21,7,none,car,210,92,3,1,False,0.058402415,0.58975244,0.019387644,0.33245748
21,7,none,car,211,92,3,3,True,0.043782625,0.19408867,0.0765854,0.6855433
21,7,none,car,212,92,2,1,False,0.13318157,0.5650721,0.1135602,0.18818611
21,7,none,car,213,92,3,0,False,0.45143086,0.25522476,0.18400306,0.10934132
21,7,none,car,214,92,2,0,False,0.7473074,0.068370715,0.17139748,0.0129243815
21,7,none,car,215,92,2,2,True,0.026221989,0.090333946,0.63513786,0.24830621
21,7,none,car,216,92,3,1,False,0.019111434,0.46722952,0.41361836,0.10004071
21,7,none,car,217,92,2,2,True,0.005549122,0.07180427,0.9072665,0.015380102
21,7,none,car,218,92,0,0,True,0.9939275,0.0009164285,0.0046188803,0.00053712126
21,7,none,car,219,92,1,1,True,0.30809793,0.6683767,0.019555958,0.003969459
21,7,none,car,220,92,0,0,True,0.9285174,0.038827196,0.028429614,0.004225771
21,7,none,car,221,92,1,1,True,0.06181595,0.8756448,0.04338546,0.019153778
21,7,none,car,222,92,1,1,True,0.032300387,0.9432623,0.0234605,0.0009767904
21,7,none,car,223,92,0,0,True,0.6910475,0.14102097,0.13693509,0.030996406
21,7,none,car,224,92,1,1,True,0.0019811415,0.97425836,0.00045760893,0.023302883
21,7,none,car,225,92,0,1,False,0.15847631,0.77188206,0.06552675,0.004114902
21,7,none,car,226,92,0,0,True,0.95210296,0.03975711,0.004515309,0.0036246576
21,7,none,car,227,92,1,1,True,0.00459733,0.96424073,0.019481448,0.011680566
21,7,none,car,228,92,1,1,True,0.00012790557,0.98717016,0.00334218,0.009359719
21,7,none,car,229,92,0,0,True,0.9042628,0.0042098914,0.047866106,0.04366121
21,7,none,car,230,92,1,1,True,0.0019372167,0.9956078,0.0017310845,0.000724003
21,7,none,car,231,92,0,2,False,0.19901949,0.20970029,0.47923565,0.11204456
21,7,none,car,232,92,0,0,True,0.9822902,0.0015770098,0.011360179,0.004772701
21,7,none,car,233,92,1,1,True,0.0037663442,0.9934202,0.0013201425,0.0014931659
21,7,none,car,234,92,0,0,True,0.528348,0.0041799312,0.3723187,0.09515324
21,7,none,car,235,92,1,1,True,0.0048842854,0.951274,0.039499003,0.004342708
21,7,none,car,236,92,1,1,True,0.0024280204,0.9956986,0.0003913459,0.0014820102
21,7,none,car,237,92,3,3,True,0.12998295,0.18528448,0.02564292,0.6590896
21,7,none,car,238,92,2,3,False,0.3607632,0.121918224,0.113854796,0.40346372
21,7,none,car,239,92,3,2,False,0.23501834,0.29304346,0.3560336,0.11590464
21,7,none,car,240,92,2,2,True,0.061148476,0.10438657,0.7973356,0.037129264
21,7,none,car,241,92,2,2,True,0.10608198,0.22508062,0.6584382,0.010399263
21,7,none,car,242,92,3,2,False,0.08138581,0.087665565,0.7668456,0.06410305
21,7,none,car,243,92,2,2,True,0.23356096,0.3327815,0.35608262,0.077574976
21,7,none,car,244,92,3,2,False,0.258221,0.3568391,0.3630099,0.021929951
21,7,none,car,245,92,2,2,True,0.18615371,0.22070442,0.5512554,0.041886516
21,7,none,car,246,92,3,3,True,0.0052416455,0.2602824,0.1287819,0.6056941
21,7,none,car,247,92,2,2,True,0.025207944,0.25157723,0.6376385,0.08557635
21,7,none,car,248,92,3,2,False,0.016870152,0.313643,0.39973193,0.2697549
21,7,none,car,249,92,3,3,True,0.010920221,0.34565353,0.028973382,0.6144529
21,7,none,car,250,92,2,2,True,0.0041604084,0.018935941,0.97355425,0.0033493482
21,7,none,car,251,92,3,3,True,0.016445788,0.02958794,0.16256423,0.7914021
21,7,none,car,252,92,2,2,True,0.15043092,0.067751996,0.66324246,0.118574634
21,7,none,car,253,92,2,2,True,0.111458965,0.087313384,0.7850595,0.01616821
21,7,none,car,254,92,3,2,False,0.17208837,0.06305284,0.6617095,0.10314933
21,7,none,car,255,92,2,2,True,0.03248676,0.1208565,0.84065676,0.0059999865
21,7,none,car,256,92,0,0,True,0.9792683,0.011910927,0.0014913891,0.0073293876
21,7,none,car,257,92,1,0,False,0.81778395,0.14115635,0.037760243,0.0032994382
21,7,none,car,258,92,1,1,True,0.014335602,0.9516301,0.021986771,0.012047532
21,7,none,car,259,92,0,0,True,0.92543936,0.012488016,0.03387143,0.028201208
21,7,none,car,260,92,0,0,True,0.6201051,0.025700623,0.17497782,0.17921646
21,7,none,car,261,92,1,1,True,0.01072973,0.937402,0.05042588,0.0014424097
21,7,none,car,262,92,1,1,True,0.0038818172,0.8927972,0.019980725,0.08334033
21,7,none,car,263,92,0,0,True,0.7532981,0.042907458,0.19293956,0.01085485
21,7,none,car,264,92,0,0,True,0.75697494,0.015903896,0.21226537,0.014855781
21,7,none,car,265,92,1,1,True,0.0007725255,0.99825567,0.0004099047,0.00056186266
21,7,none,car,266,92,0,0,True,0.846479,0.116169,0.033563558,0.003788435
21,7,none,car,267,92,1,2,False,0.2605291,0.29147658,0.321015,0.12697929
21,7,none,car,268,92,0,0,True,0.73668617,0.21455972,0.034735676,0.014018517
21,7,none,car,269,92,1,1,True,0.0062903883,0.7590255,0.20793758,0.026746567
21,7,none,car,270,92,1,1,True,0.032483157,0.8749254,0.079331554,0.0132598765
21,7,none,car,271,92,0,0,True,0.9014981,0.06664699,0.023241425,0.008613515
21,7,none,car,272,92,1,1,True,0.072377294,0.7490713,0.17024636,0.008305077
21,7,none,car,273,92,0,2,False,0.44396603,0.05086122,0.49335966,0.011813124
21,7,none,car,274,92,1,2,False,0.06524125,0.08573093,0.7818016,0.06722626
21,7,none,car,275,92,3,1,False,0.20385255,0.48350102,0.18961214,0.123034306
21,7,none,car,276,92,2,2,True,0.12717822,0.28042644,0.40118337,0.19121188
21,7,none,car,277,92,3,3,True,0.022965042,0.23274703,0.32898828,0.41529965
21,7,none,car,278,92,2,1,False,0.15319386,0.39478678,0.31448057,0.13753873
21,7,none,car,279,92,3,2,False,0.11451772,0.0042613354,0.44955286,0.43166813
21,7,none,car,280,92,2,2,True,0.073553674,0.07542518,0.82017237,0.030848814
21,7,none,car,281,92,3,2,False,0.010860554,0.32949752,0.54080784,0.11883411
21,7,none,car,282,92,2,2,True,0.07656444,0.28527254,0.620465,0.01769806
21,7,none,car,283,92,2,2,True,0.013950458,0.15524086,0.82506543,0.0057432544
21,7,none,car,284,92,3,2,False,0.16411573,0.23821256,0.49950132,0.09817037
21,7,none,car,285,92,3,3,True,0.0040428233,0.4123559,0.07162166,0.5119796
21,7,none,car,286,92,2,2,True,0.016880553,0.18609925,0.77057654,0.026443604
21,7,none,car,287,92,2,1,False,0.018061645,0.9337898,0.04085186,0.0072966763
21,7,none,car,288,92,3,2,False,0.17857595,0.3477412,0.37226498,0.10141787
21,7,none,car,289,92,3,3,True,0.0094821295,0.29320535,0.09112605,0.6061865
21,7,none,car,290,92,2,1,False,0.07525206,0.61029965,0.13130598,0.1831423
21,7,none,car,291,92,2,0,False,0.62718815,0.06005606,0.20948802,0.103267774
21,7,none,car,292,92,3,3,True,0.17346048,0.14638105,0.12487127,0.5552872
21,7,none,car,293,92,2,2,True,0.049441807,0.42223537,0.4617903,0.066532545
21,7,none,car,294,93,1,1,True,0.05982623,0.70521605,0.07986494,0.15509275
21,7,none,car,295,93,0,2,False,0.12249051,0.29913902,0.5230625,0.055307943
21,7,none,car,296,93,1,1,True,0.00015598313,0.9780222,0.011805499,0.010016327
21,7,none,car,297,93,0,1,False,0.27614346,0.41187453,0.24690881,0.06507326
21,7,none,car,298,93,1,2,False,0.0028878883,0.118439734,0.84908986,0.029582495
21,7,none,car,299,93,0,2,False,0.037799265,0.08303352,0.63192415,0.24724303
21,7,none,car,300,93,0,0,True,0.9893237,0.006291028,0.0033492828,0.0010361198
21,7,none,car,301,93,1,1,True,0.013885845,0.51047534,0.21437272,0.26126602
21,7,none,car,302,93,1,2,False,0.47083014,0.013218338,0.4982168,0.017734658
21,7,none,car,303,93,0,0,True,0.4766881,0.08549775,0.36868167,0.0691325
21,7,none,car,304,93,1,2,False,0.012732702,0.42212063,0.4501372,0.115009405
21,7,none,car,305,93,0,0,True,0.9934482,0.0022773077,0.0017011176,0.0025734622
21,7,none,car,306,93,1,1,True,0.003440407,0.5538846,0.235157,0.20751797
21,7,none,car,307,93,0,0,True,0.9985726,0.00022651463,0.0007797933,0.00042101459
21,7,none,car,308,93,0,0,True,0.7588834,0.032535993,0.13570584,0.07287474
21,7,none,car,309,93,3,3,True,0.000524997,0.043109898,0.0066573136,0.94970775
21,7,none,car,310,93,2,1,False,0.007118642,0.4931271,0.4030011,0.09675319
21,7,none,car,311,93,2,2,True,0.009091524,0.07017083,0.80929005,0.11144763
21,7,none,car,312,93,3,3,True,0.0080712475,0.014924493,0.011673668,0.9653306
21,7,none,car,313,93,3,3,True,0.00015970085,0.0092660505,0.008088438,0.9824858
21,7,none,car,314,93,2,2,True,0.109342515,0.10386869,0.6828061,0.10398277
21,7,none,car,315,93,3,1,False,0.0045584748,0.5577381,0.36926004,0.068443336
21,7,none,car,316,93,2,2,True,3.8298545e-05,0.0005145047,0.9994248,2.2454085e-05
21,7,none,car,317,93,2,2,True,0.09946332,0.01733485,0.8419266,0.04127522
21,7,none,car,318,93,3,3,True,0.026941821,0.12415246,0.055780314,0.7931254
21,7,none,car,319,93,3,0,False,0.5275153,0.04837418,0.011144515,0.412966
21,7,none,car,320,93,2,2,True,0.016620817,0.12071859,0.8544008,0.008259801
21,7,none,car,321,93,2,2,True,0.24261297,0.015041347,0.68080336,0.06154227
21,7,none,car,322,93,3,3,True,0.0007888478,0.0062969513,0.007172735,0.9857415
21,7,none,car,323,93,2,2,True,0.030609187,0.026109211,0.92299706,0.020284556
21,7,none,car,324,93,0,0,True,0.99633956,0.0004499138,0.0015839745,0.0016265943
21,7,none,car,325,93,1,3,False,0.008927708,0.18488388,0.22674608,0.57944226
21,7,none,car,326,93,1,1,True,3.537798e-07,0.9994825,2.3790784e-05,0.0004932854
21,7,none,car,327,93,0,2,False,0.38986555,0.026956163,0.5030579,0.080120385
21,7,none,car,328,93,0,0,True,0.7270432,0.0050777774,0.0824584,0.18542063
21,7,none,car,329,93,1,1,True,0.007017707,0.87559617,0.098208,0.019178072
21,7,none,car,330,93,0,3,False,0.2082985,0.09904792,0.25552532,0.43712825
21,7,none,car,331,93,1,1,True,0.0016285817,0.5297055,0.15123051,0.31743544
21,7,none,car,332,93,1,2,False,0.0036767647,0.31733012,0.5591377,0.11985545
21,7,none,car,333,93,0,2,False,0.15301786,0.09205947,0.41728893,0.33763376
21,7,none,car,334,93,1,3,False,0.0052221953,0.26450166,0.309003,0.42127317
21,7,none,car,335,93,0,0,True,0.70901394,0.003050356,0.27899024,0.008945428
21,7,none,car,336,93,0,0,True,0.970809,0.0013624952,0.005330329,0.022498095
21,7,none,car,337,93,1,2,False,0.0025919073,0.052423194,0.8518369,0.09314799
21,7,none,car,338,93,0,3,False,0.0962748,0.0009135888,0.218542,0.68426967
21,7,none,car,339,93,2,0,False,0.45103228,0.08163573,0.4434952,0.02383684
21,7,none,car,340,93,3,3,True,0.00012793478,0.0004396477,0.0018640142,0.9975684
21,7,none,car,341,93,3,3,True,0.0041713244,0.08891939,0.098297656,0.80861163
21,7,none,car,342,93,2,2,True,0.02152731,0.2070298,0.6721612,0.09928162
21,7,none,car,343,93,2,1,False,0.002108143,0.7675235,0.19160096,0.038767252
21,7,none,car,344,93,3,1,False,0.000618165,0.5030108,0.0028442857,0.49352673
21,7,none,car,345,93,3,3,True,0.0002969916,0.0037559625,0.0010461415,0.9949008
21,7,none,car,346,93,2,2,True,0.017768532,0.33876643,0.6280386,0.015426484
21,7,none,car,347,93,3,3,True,0.029423662,0.009029634,0.03153791,0.9300088
21,7,none,car,348,93,2,1,False,0.006779358,0.5850491,0.2740501,0.13412146
21,7,none,car,349,93,3,2,False,0.009791051,0.36086154,0.44031003,0.18903743
21,7,none,car,350,93,2,2,True,0.0037176677,0.022900427,0.93840766,0.034974348
21,7,none,car,351,93,3,3,True,0.00133932,0.017760543,0.016232826,0.9646673
21,7,none,car,352,93,2,2,True,0.026852462,0.052000117,0.8860405,0.03510693
21,7,none,car,353,93,2,3,False,0.03512762,0.17688546,0.28062463,0.50736225
21,7,none,car,354,93,0,1,False,0.15205814,0.604031,0.14444584,0.099464975
21,7,none,car,355,93,1,2,False,0.0018749468,0.2611375,0.71397114,0.023016421
21,7,none,car,356,93,0,2,False,0.47453004,0.015430286,0.48391503,0.026124507
21,7,none,car,357,93,1,1,True,0.00029123394,0.99571997,0.00085740647,0.0031313675
21,7,none,car,358,93,1,1,True,0.00032778803,0.9696408,0.002807741,0.027223699
21,7,none,car,359,93,0,0,True,0.81525177,0.07901239,0.030125089,0.075610794
21,7,none,car,360,93,1,3,False,0.002252458,0.09551666,0.40664995,0.49558097
21,7,none,car,361,93,0,1,False,0.01323477,0.94128686,0.009140764,0.036337715
21,7,none,car,362,93,1,1,True,0.009391393,0.8957699,0.044178348,0.050660353
21,7,none,car,363,93,0,0,True,0.90620583,0.002986401,0.025010109,0.06579759
21,7,none,car,364,93,0,0,True,0.8672123,0.034200218,0.03423823,0.06434928
21,7,none,car,365,93,1,3,False,0.0051470464,0.08897557,0.15752415,0.74835324
21,7,none,car,366,93,1,1,True,0.00024813824,0.96325517,0.00411452,0.032382097
21,7,none,car,367,93,0,1,False,0.07117681,0.5842086,0.15502658,0.18958803
21,7,none,car,368,93,1,1,True,0.042236462,0.7894014,0.14190869,0.02645339
21,7,none,car,369,93,2,0,False,0.5735053,0.09425834,0.18146467,0.15077163
21,7,none,car,370,93,3,2,False,0.03640774,0.062411312,0.59766084,0.30352008
21,7,none,car,371,93,3,3,True,0.0054443614,0.024638066,0.023056267,0.9468613
21,7,none,car,372,93,2,1,False,0.10784425,0.79969823,0.084675305,0.007782156
21,7,none,car,373,93,3,1,False,0.00023872846,0.8526426,0.0020239803,0.14509463
21,7,none,car,374,93,2,1,False,0.0012761629,0.95981604,0.0356429,0.0032649757
21,7,none,car,375,93,2,2,True,0.043090634,0.026939817,0.8791152,0.050854348
21,7,none,car,376,93,3,3,True,0.00024917893,0.021364437,0.0070219096,0.97136444
21,7,none,car,377,93,3,3,True,5.3617765e-05,0.016787462,0.009005481,0.97415346
21,7,none,car,378,93,2,2,True,0.0052387374,0.006982077,0.9506347,0.037144456
21,7,none,car,379,93,2,2,True,0.015620665,0.0936989,0.75171894,0.13896146
21,7,none,car,380,93,3,3,True,0.06488177,0.03043947,0.07618499,0.8284938
21,7,none,car,381,93,3,3,True,0.00787938,0.01352698,0.29065722,0.6879364
21,7,none,car,382,93,2,1,False,4.9420876e-05,0.99546945,0.004134849,0.0003463851
21,7,none,car,383,93,3,2,False,0.01876958,0.030808091,0.84526825,0.105153956
21,7,none,car,384,94,0,0,True,0.9954165,0.00087327766,0.0036293315,8.094423e-05
21,7,none,car,385,94,1,1,True,0.0020622588,0.8289733,0.16763495,0.0013294433
21,7,none,car,386,94,1,2,False,0.076164044,0.12811466,0.7483464,0.047374886
21,7,none,car,387,94,0,0,True,0.9997378,5.3001113e-05,0.00019641886,1.2767896e-05
21,7,none,car,388,94,1,1,True,0.023904119,0.57332665,0.36182106,0.040948104
21,7,none,car,389,94,0,0,True,0.9937023,0.0022973756,0.0036798555,0.0003204695
21,7,none,car,390,94,1,2,False,0.027042737,0.015121443,0.9536645,0.004171392
21,7,none,car,391,94,0,0,True,0.9975197,7.356659e-05,0.0021161428,0.000290509
21,7,none,car,392,94,1,2,False,0.06101431,0.17910111,0.71842206,0.041462462
21,7,none,car,393,94,0,0,True,0.86540556,0.013930567,0.120506145,0.00015778649
21,7,none,car,394,94,0,0,True,0.99122393,0.00036565776,0.006269733,0.0021406545
21,7,none,car,395,94,1,2,False,0.04996267,0.04295781,0.89145124,0.015628269
21,7,none,car,396,94,1,1,True,0.12923668,0.6613782,0.14639184,0.06299329
21,7,none,car,397,94,0,0,True,0.8933287,0.0005465949,0.09620063,0.009923953
21,7,none,car,398,94,1,1,True,0.07718083,0.45528066,0.33778453,0.129754
21,7,none,car,399,94,2,2,True,0.014761891,0.012360928,0.97007656,0.0028006625
21,7,none,car,400,94,3,3,True,0.0174255,0.08907657,0.1767936,0.7167043
21,7,none,car,401,94,3,3,True,0.0021602486,0.012009709,0.0072988984,0.9785311
21,7,none,car,402,94,2,2,True,0.0056034233,0.00659248,0.98391324,0.0038909046
21,7,none,car,403,94,3,3,True,0.066860944,0.0110911885,0.24477272,0.6772751
21,7,none,car,404,94,2,2,True,0.037033398,0.07996171,0.86519223,0.017812693
21,7,none,car,405,94,2,2,True,0.0023310133,0.008950656,0.986245,0.0024733932
21,7,none,car,406,94,3,3,True,0.011217586,0.15913776,0.1074888,0.72215587
21,7,none,car,407,94,2,2,True,0.044121448,0.007879157,0.9194413,0.028558156
21,7,none,car,408,94,3,3,True,0.014197102,0.04252856,0.10800007,0.8352743
21,7,none,car,409,94,3,3,True,0.0123474505,0.003567293,0.05912799,0.92495733
21,7,none,car,410,94,2,2,True,0.008025926,0.008725081,0.98112845,0.002120597
21,7,none,car,411,94,3,3,True,0.070492364,0.01732749,0.28975725,0.6224229
21,7,none,car,412,94,2,2,True,0.39362273,0.048124664,0.49453112,0.0637215
21,7,none,car,413,94,3,2,False,0.07263374,0.09862214,0.7111943,0.11754993
21,7,none,car,414,94,1,1,True,0.012960189,0.9500917,0.03377082,0.0031772682
21,7,none,car,415,94,0,1,False,0.24320762,0.6273626,0.12495984,0.004469945
21,7,none,car,416,94,1,1,True,0.012709984,0.96271735,0.024378337,0.00019435408
21,7,none,car,417,94,0,0,True,0.9142543,0.018327426,0.06162912,0.0057890727
21,7,none,car,418,94,0,0,True,0.9556241,0.0022279131,0.042065147,8.278995e-05
21,7,none,car,419,94,1,1,True,4.245874e-05,0.95622796,0.042512495,0.0012171853
21,7,none,car,420,94,1,2,False,0.05447042,0.09463903,0.67920834,0.17168222
21,7,none,car,421,94,0,0,True,0.90957564,0.0009409108,0.08865822,0.0008251865
21,7,none,car,422,94,0,0,True,0.8567792,0.06598523,0.07698787,0.00024772086
21,7,none,car,423,94,1,2,False,0.08898259,0.01142137,0.8873923,0.012203733
21,7,none,car,424,94,1,1,True,7.722417e-05,0.98399484,0.015734963,0.00019311871
21,7,none,car,425,94,0,1,False,0.046815455,0.5404902,0.40580288,0.0068914825
21,7,none,car,426,94,1,2,False,0.0042952313,0.2164933,0.7728465,0.006365054
21,7,none,car,427,94,0,0,True,0.9822614,3.7391892e-05,0.016209016,0.001492166
21,7,none,car,428,94,1,2,False,0.013054606,0.0038814412,0.97974795,0.0033159254
21,7,none,car,429,94,3,3,True,0.122390635,0.016623665,0.19057067,0.670415
21,7,none,car,430,94,2,2,True,0.18800123,0.00796015,0.79808676,0.0059518586
21,7,none,car,431,94,3,3,True,0.0013758445,0.15707293,0.2766183,0.5649329
21,7,none,car,432,94,2,2,True,0.0002851258,0.00089734135,0.99798834,0.0008292718
21,7,none,car,433,94,3,3,True,0.013782241,0.17497124,0.02375289,0.7874937
21,7,none,car,434,94,2,2,True,0.004326331,0.020783449,0.9732496,0.0016404709
21,7,none,car,435,94,2,2,True,0.009187092,0.04545293,0.8646721,0.0806878
21,7,none,car,436,94,3,2,False,0.01043098,0.030286113,0.7225677,0.23671523
21,7,none,car,437,94,3,1,False,0.009250945,0.5655863,0.04180267,0.38336003
21,7,none,car,438,94,2,2,True,0.0103829615,0.03379014,0.9494475,0.006379437
21,7,none,car,439,94,3,3,True,0.026648914,0.21355009,0.33171585,0.42808512
21,7,none,car,440,94,2,2,True,0.085657515,0.02837852,0.879503,0.0064609507
21,7,none,car,441,94,3,2,False,0.009286777,0.005697549,0.9081695,0.07684614
21,7,none,car,442,94,2,2,True,0.0011077609,0.0024555726,0.99616385,0.0002728108
21,7,none,car,443,94,2,3,False,0.09763577,0.2180963,0.21615088,0.468117
21,7,none,car,444,94,0,0,True,0.98858404,0.0039318106,0.0072444254,0.00023984164
21,7,none,car,445,94,1,2,False,0.061913844,0.04867383,0.888455,0.00095730106
21,7,none,car,446,94,1,2,False,0.0019744092,0.2737336,0.72188216,0.0024098298
21,7,none,car,447,94,0,2,False,0.3918023,0.0035368775,0.60348606,0.0011747313
21,7,none,car,448,94,1,2,False,0.0013834157,0.34306917,0.62845904,0.02708847
21,7,none,car,449,94,0,0,True,0.7521356,0.0058420026,0.23489839,0.007124031
21,7,none,car,450,94,1,2,False,0.09505287,0.17757563,0.7047839,0.022587564
21,7,none,car,451,94,0,2,False,0.086152285,0.004936505,0.90204597,0.006865284
21,7,none,car,452,94,1,2,False,0.03116871,0.29624715,0.5984575,0.07412669
21,7,none,car,453,94,0,2,False,0.060830195,0.023804042,0.90857506,0.0067907795
21,7,none,car,454,94,1,2,False,0.022687754,0.2658238,0.6647222,0.046766255
21,7,none,car,455,94,0,0,True,0.9615608,0.0003161426,0.03699751,0.0011256626
21,7,none,car,456,94,0,2,False,0.18384877,0.08434749,0.7290629,0.0027408164
21,7,none,car,457,94,1,3,False,0.015822325,0.046891168,0.27829853,0.65898794
21,7,none,car,458,94,0,2,False,0.04137933,0.021787023,0.8807977,0.056036014
21,7,none,car,459,94,2,2,True,0.008732136,0.008706638,0.9772421,0.005319125
21,7,none,car,460,94,3,2,False,0.0007905738,0.013579379,0.9594852,0.026144845
21,7,none,car,461,94,2,2,True,0.004192366,0.00791224,0.9872376,0.00065783196
21,7,none,car,462,94,3,2,False,0.0794376,0.015847586,0.89862794,0.006086968
21,7,none,car,463,94,2,2,True,0.011849582,0.31093344,0.67625594,0.0009610295
21,7,none,car,464,94,3,2,False,0.03115378,0.04078615,0.59714854,0.33091155
21,7,none,car,465,94,3,2,False,0.005386708,0.20688824,0.46036723,0.3273579
21,7,none,car,466,94,2,2,True,0.005276831,0.005290436,0.9761236,0.01330917
21,7,none,car,467,94,2,2,True,0.000834893,0.00087415846,0.995858,0.002432992
21,7,none,car,468,94,3,2,False,0.017276922,0.0019239363,0.84785956,0.13293955
21,7,none,car,469,94,3,3,True,0.0027092567,0.14218383,0.11796415,0.73714274
21,7,none,car,470,94,2,2,True,0.0010596033,0.014327815,0.9732819,0.011330744
21,7,none,car,471,94,2,2,True,0.0704199,0.039264727,0.7509368,0.13937859
21,7,none,car,472,94,3,2,False,0.008328568,0.13317098,0.7126799,0.14582059
21,7,none,car,473,94,3,2,False,0.010731896,0.105871625,0.87470907,0.008687359
21,7,none,car,474,95,0,0,True,0.81434196,0.14497292,0.03199278,0.008692343
21,7,none,car,475,95,1,1,True,0.0065116044,0.90408474,0.0042852764,0.0851185
21,7,none,car,476,95,1,1,True,5.8201644e-05,0.9984995,0.0011547077,0.00028761596
21,7,none,car,477,95,0,0,True,0.9844825,0.0029811608,0.0004950923,0.012041213
21,7,none,car,478,95,0,0,True,0.9977551,0.0010881886,0.00064908597,0.00050760014
21,7,none,car,479,95,1,1,True,0.0022854612,0.98119605,0.0035571982,0.01296135
21,7,none,car,480,95,0,0,True,0.8620761,0.10720362,0.022797016,0.00792323
21,7,none,car,481,95,1,1,True,0.0005165007,0.98776245,0.0005809489,0.01114018
21,7,none,car,482,95,0,0,True,0.9655994,0.016976116,0.007988357,0.009436177
21,7,none,car,483,95,1,3,False,0.004048015,0.3930861,0.093962476,0.5089034
21,7,none,car,484,95,1,1,True,0.0005088285,0.98496616,0.006508633,0.008016344
21,7,none,car,485,95,0,0,True,0.9952571,3.1675885e-05,0.0014949243,0.0032162606
21,7,none,car,486,95,0,0,True,0.9613202,0.009591155,0.015111354,0.0139772305
21,7,none,car,487,95,1,1,True,0.009502332,0.6235518,0.056969084,0.3099768
21,7,none,car,488,95,1,1,True,1.0984805e-05,0.98095876,0.009589186,0.009441099
21,7,none,car,489,95,2,3,False,0.0073223864,0.0898387,0.15435712,0.74848175
21,7,none,car,490,95,3,3,True,0.011512395,0.09628531,0.064044654,0.82815766
21,7,none,car,491,95,2,1,False,0.0009255168,0.68053657,0.26428747,0.054250415
21,7,none,car,492,95,3,3,True,0.00094672886,0.0011316255,0.0017975672,0.9961241
21,7,none,car,493,95,3,3,True,0.00059318193,0.11734975,0.0012608473,0.8807962
21,7,none,car,494,95,2,3,False,0.14879313,0.15260892,0.046624668,0.6519733
21,7,none,car,495,95,2,2,True,0.0063323635,0.15354384,0.68381506,0.15630874
21,7,none,car,496,95,3,3,True,0.014945938,0.019210618,0.002864675,0.9629787
21,7,none,car,497,95,3,3,True,0.0008790067,0.02363248,0.06942105,0.90606743
21,7,none,car,498,95,2,3,False,0.0008126453,0.30642116,0.26971653,0.42304963
21,7,none,car,499,95,3,3,True,0.0008112619,0.34014526,0.0068947924,0.65214866
21,7,none,car,500,95,2,3,False,0.0007214184,0.00683883,0.09778787,0.89465183
21,7,none,car,501,95,3,3,True,0.0028864476,0.0109114675,0.017061232,0.9691408
21,7,none,car,502,95,2,3,False,0.0013773452,0.02618771,0.32839122,0.64404374
21,7,none,car,503,95,2,3,False,0.04013156,0.23378505,0.09581602,0.6302674
21,7,none,car,504,95,1,1,True,0.00045823955,0.9356984,0.010192565,0.05365081
21,7,none,car,505,95,0,3,False,0.36757398,0.019914698,0.0048001115,0.60771126
21,7,none,car,506,95,1,1,True,0.0003946626,0.80366415,0.001754747,0.19418645
21,7,none,car,507,95,0,3,False,0.17689055,0.0045841048,0.07918098,0.73934436
21,7,none,car,508,95,0,0,True,0.9355512,0.0038333456,0.0022735368,0.05834178
21,7,none,car,509,95,1,3,False,0.009373589,0.102852516,0.030030955,0.85774297
21,7,none,car,510,95,1,3,False,0.002197347,0.17855917,0.1341171,0.68512636
21,7,none,car,511,95,0,0,True,0.8914166,0.00068649824,0.002137154,0.10575975
21,7,none,car,512,95,0,3,False,0.2396288,0.017412998,0.17287166,0.57008654
21,7,none,car,513,95,1,3,False,0.0005538363,0.44044518,0.052704044,0.50629693
21,7,none,car,514,95,0,0,True,0.6638074,0.001996384,0.0734173,0.2607788
21,7,none,car,515,95,1,1,True,0.000219172,0.84058696,0.11038612,0.04880779
21,7,none,car,516,95,0,3,False,0.29782045,0.20419371,0.0064769858,0.49150878
21,7,none,car,517,95,1,1,True,0.00023882021,0.91230124,0.052550767,0.034909166
21,7,none,car,518,95,0,3,False,0.21226142,0.007475604,0.105234854,0.6750281
21,7,none,car,519,95,3,3,True,6.216668e-05,0.05268433,0.003493931,0.94375956
21,7,none,car,520,95,2,3,False,0.020566218,0.0018420264,0.20916927,0.7684225
21,7,none,car,521,95,3,3,True,0.0001279955,0.2527314,0.018304942,0.72883564
21,7,none,car,522,95,2,2,True,0.12875761,0.0060222843,0.4911745,0.37404558
21,7,none,car,523,95,2,2,True,0.008571913,0.027371613,0.8825774,0.081479125
21,7,none,car,524,95,3,3,True,0.0038325486,0.4620005,0.038228154,0.4959389
21,7,none,car,525,95,2,2,True,0.0038786149,0.14707516,0.7647289,0.084317416
21,7,none,car,526,95,3,3,True,0.0002585478,0.03422524,0.0020186682,0.96349746
21,7,none,car,527,95,2,2,True,0.037449334,0.13105237,0.42431778,0.4071805
21,7,none,car,528,95,3,3,True,0.00024289463,0.021340393,0.0026944405,0.97572225
21,7,none,car,529,95,2,0,False,0.4004505,0.10611775,0.25499883,0.23843299
21,7,none,car,530,95,3,3,True,0.0064622303,0.018004749,0.034279693,0.94125336
21,7,none,car,531,95,2,3,False,0.00048567995,0.014760339,0.025077384,0.9596766
21,7,none,car,532,95,3,3,True,0.0029119214,0.18137082,0.10697013,0.7087471
21,7,none,car,533,95,3,2,False,0.00022528063,0.2126679,0.40644193,0.3806649
21,7,none,car,534,95,0,1,False,0.0077291667,0.68282855,0.10799201,0.20145032
21,7,none,car,535,95,1,3,False,0.1559125,0.08353814,0.12547398,0.6350754
21,7,none,car,536,95,1,3,False,0.005218103,0.0066564884,0.003931694,0.98419374
21,7,none,car,537,95,0,3,False,0.04710749,0.12558612,0.20172675,0.6255796
21,7,none,car,538,95,0,3,False,0.03506637,0.018046582,0.038190108,0.9086969
21,7,none,car,539,95,1,1,True,0.025080696,0.77467936,0.075483665,0.12475625
21,7,none,car,540,95,1,3,False,0.00062209053,0.022111924,0.0018455945,0.9754204
21,7,none,car,541,95,0,2,False,0.09951665,0.02114256,0.7322068,0.14713396
21,7,none,car,542,95,0,1,False,0.03517607,0.6624042,0.18979825,0.11262145
21,7,none,car,543,95,1,1,True,0.00091365306,0.95080537,0.00554972,0.042731237
21,7,none,car,544,95,0,3,False,0.011295417,0.09979833,0.33438864,0.5545176
21,7,none,car,545,95,1,2,False,0.08502705,0.041495718,0.7264496,0.14702761
21,7,none,car,546,95,1,3,False,0.03607662,0.35943088,0.17277655,0.431716
21,7,none,car,547,95,0,2,False,0.00035302757,0.051773358,0.94150174,0.006371892
21,7,none,car,548,95,0,2,False,0.2943097,0.11373915,0.5531578,0.038793325
21,7,none,car,549,95,2,2,True,0.00057649653,0.026054606,0.92784464,0.04552424
21,7,none,car,550,95,3,1,False,0.059529185,0.46527073,0.2110198,0.26418024
21,7,none,car,551,95,3,3,True,0.0075651216,0.17422332,0.0230739,0.7951376
21,7,none,car,552,95,2,2,True,0.2441278,0.08863345,0.43663496,0.23060374
21,7,none,car,553,95,2,3,False,0.012294807,0.06890918,0.1557041,0.76309186
21,7,none,car,554,95,3,3,True,0.0021316095,0.02271063,0.0054068067,0.969751
21,7,none,car,555,95,2,1,False,0.0029229186,0.7391498,0.05257292,0.20535439
21,7,none,car,556,95,3,3,True,0.00093772286,0.38385323,0.011631378,0.6035777
21,7,none,car,557,95,2,1,False,0.024742568,0.4371056,0.33079654,0.20735526
21,7,none,car,558,95,3,1,False,0.0020267484,0.7675138,0.006704961,0.22375445
21,7,none,car,559,95,2,3,False,0.008333158,0.04071526,0.16918099,0.7817706
21,7,none,car,560,95,3,3,True,0.02808623,0.14485481,0.13810673,0.6889522
21,7,none,car,561,95,3,2,False,0.002778592,0.21047246,0.5226845,0.26406443
21,7,none,car,562,95,2,2,True,0.0010222928,0.24416122,0.6068787,0.14793782
21,7,none,car,563,95,3,3,True,0.00035920687,0.021700192,0.025999878,0.9519407
21,7,none,car,564,96,1,1,True,0.015917206,0.9666647,0.009027735,0.008390314
21,7,none,car,565,96,0,0,True,0.7078845,0.03545526,0.2550716,0.0015886365
21,7,none,car,566,96,0,0,True,0.8939738,0.05372974,0.04535558,0.0069409176
21,7,none,car,567,96,1,1,True,0.002349922,0.76936513,0.20877084,0.019514099
21,7,none,car,568,96,1,1,True,0.00019879703,0.9910165,0.004871146,0.003913441
21,7,none,car,569,96,0,0,True,0.49037358,0.0035222848,0.3349681,0.17113599
21,7,none,car,570,96,1,1,True,0.00034851185,0.99551207,0.0037537997,0.0003856235
21,7,none,car,571,96,0,0,True,0.96439093,0.00028390906,0.03237193,0.0029532614
21,7,none,car,572,96,0,0,True,0.51913434,0.011691982,0.42603728,0.04313641
21,7,none,car,573,96,1,1,True,0.00025194342,0.9927134,0.0068284725,0.00020615393
21,7,none,car,574,96,1,1,True,0.00024484942,0.9850832,0.014460988,0.00021099104
21,7,none,car,575,96,0,0,True,0.75049263,0.0022311406,0.2461125,0.0011636972
21,7,none,car,576,96,0,0,True,0.6421281,0.06662154,0.17548786,0.115762465
21,7,none,car,577,96,1,2,False,0.0041507217,0.42234066,0.4520898,0.12141877
21,7,none,car,578,96,1,1,True,0.00050623354,0.894382,0.027042434,0.078069404
21,7,none,car,579,96,3,3,True,0.0012388792,0.029483365,0.25364763,0.7156302
21,7,none,car,580,96,2,2,True,0.0017621442,0.0001440494,0.9975746,0.0005192565
21,7,none,car,581,96,3,2,False,0.012479295,0.05282303,0.85199267,0.08270502
21,7,none,car,582,96,2,2,True,0.0056621344,0.0040425523,0.949362,0.04093331
21,7,none,car,583,96,2,2,True,0.054306254,0.013943826,0.71767694,0.21407296
21,7,none,car,584,96,3,2,False,0.0086718565,0.0019689284,0.95535094,0.034008265
21,7,none,car,585,96,3,2,False,0.06420479,0.06991526,0.67905074,0.18682922
21,7,none,car,586,96,2,2,True,0.004686895,0.0032057683,0.96967906,0.022428213
21,7,none,car,587,96,3,3,True,0.0054023396,0.003853514,0.14273007,0.8480141
21,7,none,car,588,96,2,2,True,0.01004246,0.056327403,0.90954864,0.024081454
21,7,none,car,589,96,2,2,True,0.0076327357,0.05320205,0.9384277,0.0007375366
21,7,none,car,590,96,3,1,False,0.20726603,0.4522952,0.13958603,0.20085269
21,7,none,car,591,96,3,3,True,0.023149455,0.047792926,0.17559123,0.75346637
21,7,none,car,592,96,2,2,True,0.030084858,0.041335013,0.8555247,0.0730554
21,7,none,car,593,96,3,2,False,0.025532927,0.19577447,0.46831578,0.31037685
21,7,none,car,594,96,0,0,True,0.93812704,0.0007428456,0.05717184,0.003958312
21,7,none,car,595,96,1,2,False,0.01215227,0.011004354,0.97447544,0.0023679638
21,7,none,car,596,96,1,2,False,0.066102736,0.31313887,0.36871558,0.25204283
21,7,none,car,597,96,0,0,True,0.9577408,0.00021229182,0.025918156,0.016128825
21,7,none,car,598,96,1,1,True,0.104117684,0.7527705,0.1380643,0.0050474554
21,7,none,car,599,96,0,2,False,0.16378482,0.0060723703,0.6060568,0.22408602
21,7,none,car,600,96,0,0,True,0.499554,0.0002968578,0.4985822,0.0015669264
21,7,none,car,601,96,1,1,True,0.0034527779,0.9740726,0.020757452,0.0017171256
21,7,none,car,602,96,0,0,True,0.8353173,0.02016767,0.13974078,0.00477425
21,7,none,car,603,96,1,2,False,0.008993658,0.32138655,0.6666034,0.0030164595
21,7,none,car,604,96,1,1,True,0.0022079241,0.6246923,0.211496,0.16160382
21,7,none,car,605,96,0,0,True,0.722126,0.000655385,0.24126375,0.035954885
21,7,none,car,606,96,1,2,False,0.007691084,0.11182393,0.4892792,0.3912058
21,7,none,car,607,96,0,2,False,0.055811413,0.00030172072,0.91614044,0.02774646
21,7,none,car,608,96,0,0,True,0.5022025,0.0013835768,0.38994893,0.106464975
21,7,none,car,609,96,3,3,True,0.10006896,0.016773373,0.17714253,0.70601517
21,7,none,car,610,96,2,2,True,0.00017985173,0.0020430365,0.9965462,0.0012308395
21,7,none,car,611,96,3,2,False,0.10218287,0.072491325,0.8016215,0.02370436
21,7,none,car,612,96,2,0,False,0.7675703,0.019303149,0.14594491,0.06718158
21,7,none,car,613,96,3,3,True,0.052156724,0.21365204,0.07656897,0.6576223
21,7,none,car,614,96,2,2,True,0.0029780732,0.0015850267,0.9920127,0.003424241
21,7,none,car,615,96,2,2,True,0.0026465936,0.0019799853,0.9698701,0.025503395
21,7,none,car,616,96,3,2,False,0.007595423,0.0020535083,0.84731746,0.14303368
21,7,none,car,617,96,2,2,True,0.02299158,0.007358671,0.9111915,0.058458224
21,7,none,car,618,96,3,0,False,0.5971986,0.03936781,0.24921343,0.11422021
21,7,none,car,619,96,2,2,True,0.014146857,0.0070456904,0.8184919,0.16031562
21,7,none,car,620,96,3,3,True,0.037480775,0.025371056,0.34869948,0.5884487
21,7,none,car,621,96,2,0,False,0.6363857,0.0059717256,0.31321084,0.0444318
21,7,none,car,622,96,3,3,True,0.11777718,0.02831415,0.06166652,0.7922421
21,7,none,car,623,96,3,3,True,0.033078533,0.021497047,0.38834518,0.55707926
21,7,none,car,624,96,1,1,True,0.0008355641,0.9596301,0.033959266,0.005575147
21,7,none,car,625,96,0,0,True,0.6479208,0.0018603221,0.3258135,0.024405306
21,7,none,car,626,96,1,2,False,0.042487018,0.026355065,0.91894066,0.012217216
21,7,none,car,627,96,0,1,False,0.31390128,0.3641076,0.31733915,0.004651989
21,7,none,car,628,96,1,2,False,0.007595027,0.2825052,0.686272,0.023627719
21,7,none,car,629,96,0,0,True,0.9572325,0.007078117,0.027885856,0.007803611
21,7,none,car,630,96,0,0,True,0.74696285,0.00038843125,0.2523739,0.00027475855
21,7,none,car,631,96,1,2,False,0.3076234,0.29917356,0.32854974,0.064653374
21,7,none,car,632,96,1,1,True,0.0018931939,0.9752965,0.019063603,0.0037466227
21,7,none,car,633,96,0,0,True,0.6996216,0.054744456,0.2140444,0.03158949
21,7,none,car,634,96,0,0,True,0.98312217,2.7689352e-05,0.016686058,0.00016409019
21,7,none,car,635,96,1,1,True,0.0023426083,0.8115191,0.18026438,0.005873892
21,7,none,car,636,96,1,2,False,0.003430841,0.37355506,0.6209066,0.0021075238
21,7,none,car,637,96,0,0,True,0.9811941,0.011459664,0.0050448254,0.0023014254
21,7,none,car,638,96,0,0,True,0.45077956,0.019942235,0.3675272,0.16175109
21,7,none,car,639,96,2,2,True,0.0013624008,0.017861286,0.9794527,0.0013235732
21,7,none,car,640,96,3,2,False,0.007367322,0.01332989,0.9581366,0.02116609
21,7,none,car,641,96,2,2,True,0.02859431,0.0062078442,0.8883435,0.076854326
21,7,none,car,642,96,3,2,False,0.0057804678,0.01248215,0.954305,0.027432367
21,7,none,car,643,96,3,3,True,0.120587796,0.12975872,0.15439053,0.595263
21,7,none,car,644,96,2,2,True,0.0028634262,0.08071668,0.90486246,0.011557456
21,7,none,car,645,96,3,3,True,0.24320519,0.070979185,0.2996407,0.38617495
21,7,none,car,646,96,2,2,True,0.03505001,0.09180036,0.86296666,0.010182933
21,7,none,car,647,96,2,2,True,0.0052921865,0.007426143,0.983724,0.0035577274
21,7,none,car,648,96,3,2,False,0.105711766,0.11726582,0.7429748,0.03404751
21,7,none,car,649,96,2,2,True,0.035409987,0.064310044,0.71660626,0.18367371
21,7,none,car,650,96,3,2,False,0.07596007,0.029127494,0.6111834,0.28372905
21,7,none,car,651,96,2,2,True,0.030990168,0.056807194,0.87221235,0.039990257
21,7,none,car,652,96,3,2,False,0.3168477,0.04480786,0.5370606,0.10128386
21,7,none,car,653,96,3,1,False,0.012208777,0.56261003,0.30917528,0.11600588
21,7,none,car,654,97,0,2,False,0.40250155,0.12669276,0.41339952,0.057406265
21,7,none,car,655,97,1,1,True,0.016864039,0.9218678,0.026642604,0.034625564
21,7,none,car,656,97,1,1,True,0.092273325,0.82201546,0.05957135,0.02613978
21,7,none,car,657,97,0,0,True,0.7799699,0.09158498,0.110713825,0.017731339
21,7,none,car,658,97,0,0,True,0.97795564,0.001599524,0.016783467,0.00366134
21,7,none,car,659,97,1,1,True,0.0018792675,0.95090854,0.021884412,0.025327794
21,7,none,car,660,97,0,2,False,0.21609013,0.04656217,0.7220867,0.015260927
21,7,none,car,661,97,1,1,True,0.000107208965,0.9735782,0.018771589,0.007542971
21,7,none,car,662,97,0,2,False,0.07929233,0.15586881,0.4599131,0.30492574
21,7,none,car,663,97,1,1,True,0.069232225,0.6930971,0.04651179,0.19115885
21,7,none,car,664,97,1,1,True,0.0019298982,0.9939567,0.00079327315,0.0033200602
21,7,none,car,665,97,0,0,True,0.8037657,0.008382769,0.03780053,0.15005101
21,7,none,car,666,97,1,2,False,0.06527481,0.082567364,0.7552584,0.096899435
21,7,none,car,667,97,0,3,False,0.20336807,0.20418547,0.20096134,0.39148512
21,7,none,car,668,97,0,0,True,0.6660704,0.28026724,0.029905383,0.023756923
21,7,none,car,669,97,3,3,True,0.18752237,0.069344394,0.36166638,0.38146684
21,7,none,car,670,97,2,0,False,0.63644713,0.15853526,0.13043533,0.074582316
21,7,none,car,671,97,3,3,True,0.0021606202,0.025648654,0.024733603,0.9474571
21,7,none,car,672,97,2,1,False,0.0032391476,0.58459556,0.11884795,0.29331735
21,7,none,car,673,97,3,1,False,0.04663178,0.5970829,0.0040935357,0.35219175
21,7,none,car,674,97,2,2,True,0.051908907,0.2515143,0.48040092,0.2161759
21,7,none,car,675,97,3,2,False,0.0049534696,0.14966772,0.80383927,0.041539483
21,7,none,car,676,97,2,1,False,0.013769602,0.82074887,0.025780423,0.13970116
21,7,none,car,677,97,3,2,False,0.005167595,0.3766067,0.44947544,0.16875027
21,7,none,car,678,97,2,2,True,0.058538314,0.038667887,0.8358685,0.06692532
21,7,none,car,679,97,3,3,True,0.06398118,0.030021505,0.049269438,0.85672784
21,7,none,car,680,97,2,3,False,0.006092974,0.0091712475,0.0028554755,0.9818803
21,7,none,car,681,97,3,3,True,0.0726132,0.008764494,0.1933649,0.72525734
21,7,none,car,682,97,2,1,False,0.0027984527,0.7193954,0.09353557,0.18427056
21,7,none,car,683,97,2,1,False,0.008081608,0.85703266,0.03998943,0.0948963
21,7,none,car,684,97,0,2,False,0.07933444,0.34088907,0.40843448,0.171342
21,7,none,car,685,97,1,0,False,0.46309742,0.28843218,0.24279204,0.0056784106
21,7,none,car,686,97,1,1,True,0.004910797,0.9605503,0.020989027,0.013549761
21,7,none,car,687,97,0,2,False,0.29164624,0.011379074,0.5484853,0.14848945
21,7,none,car,688,97,1,1,True,0.122187495,0.3356246,0.322569,0.21961881
21,7,none,car,689,97,0,2,False,0.22102752,0.04779574,0.6784801,0.05269661
21,7,none,car,690,97,1,2,False,0.009589735,0.018709308,0.63935477,0.33234617
21,7,none,car,691,97,0,3,False,0.07058122,0.061697453,0.13522339,0.73249793
21,7,none,car,692,97,1,1,True,0.03841173,0.52538514,0.14378902,0.29241416
21,7,none,car,693,97,0,3,False,0.34342167,0.019877894,0.2798704,0.35683006
21,7,none,car,694,97,0,0,True,0.8835156,0.0058719316,0.10229289,0.008319482
21,7,none,car,695,97,1,2,False,0.0012217384,0.45935616,0.47738075,0.062041335
21,7,none,car,696,97,0,3,False,0.07039418,0.008572574,0.021846939,0.8991863
21,7,none,car,697,97,1,1,True,0.026819838,0.74796706,0.042023636,0.18318947
21,7,none,car,698,97,1,3,False,0.0020893232,0.2613288,0.009824183,0.7267577
21,7,none,car,699,97,3,2,False,0.0035783437,0.10976166,0.479992,0.40666804
21,7,none,car,700,97,2,2,True,0.30813384,0.032347325,0.6076814,0.051837474
21,7,none,car,701,97,2,2,True,0.021559304,0.22504044,0.6289697,0.124430485
21,7,none,car,702,97,3,2,False,0.0031692428,0.0782546,0.7613488,0.15722732
21,7,none,car,703,97,3,1,False,0.102884084,0.4439016,0.37787136,0.075343
21,7,none,car,704,97,2,1,False,0.042041358,0.79179865,0.074478015,0.09168195
21,7,none,car,705,97,2,2,True,0.0026989377,0.17019418,0.7183689,0.10873804
21,7,none,car,706,97,3,2,False,0.06940311,0.12675224,0.6038035,0.20004115
21,7,none,car,707,97,2,2,True,0.006585703,0.038966,0.87183017,0.08261808
21,7,none,car,708,97,3,3,True,0.0027102802,0.14061275,0.14345159,0.71322536
21,7,none,car,709,97,3,3,True,0.103902,0.020720575,0.23976523,0.63561225
21,7,none,car,710,97,2,2,True,0.011242448,0.06208918,0.5995682,0.3271001
21,7,none,car,711,97,3,3,True,0.14218561,0.07663082,0.2990132,0.4821703
21,7,none,car,712,97,2,2,True,0.22708042,0.0066591445,0.556589,0.2096714
21,7,none,car,713,97,3,3,True,0.06977181,0.31857148,0.08083136,0.5308254
21,7,none,car,714,97,1,3,False,0.03016491,0.27622116,0.20653439,0.48707962
21,7,none,car,715,97,0,2,False,0.11842446,0.3313529,0.4951215,0.05510108
21,7,none,car,716,97,1,1,True,0.0075791865,0.7265823,0.22732389,0.038514685
21,7,none,car,717,97,0,0,True,0.9484978,0.029440865,0.020483097,0.0015782664
21,7,none,car,718,97,1,2,False,0.029513342,0.082258195,0.84874004,0.03948841
21,7,none,car,719,97,0,0,True,0.74461854,0.024499677,0.14921397,0.08166773
21,7,none,car,720,97,0,0,True,0.93413085,0.0035414952,0.03329467,0.029033015
21,7,none,car,721,97,1,1,True,0.010905255,0.47646567,0.31847855,0.19415055
21,7,none,car,722,97,1,1,True,0.0034359074,0.3983902,0.25135198,0.34682193
21,7,none,car,723,97,0,0,True,0.79222065,0.037515346,0.08013997,0.09012406
21,7,none,car,724,97,1,1,True,0.019181516,0.85063833,0.05115919,0.07902098
21,7,none,car,725,97,0,0,True,0.3353983,0.072981544,0.3141387,0.27748147
21,7,none,car,726,97,0,0,True,0.96017903,0.004163378,0.026427021,0.009230589
21,7,none,car,727,97,1,2,False,0.056952912,0.0954802,0.55347675,0.29409012
21,7,none,car,728,97,0,0,True,0.77616644,0.006064046,0.12504266,0.09272681
21,7,none,car,729,97,3,3,True,0.21042638,0.078479394,0.300348,0.41074625
21,7,none,car,730,97,2,1,False,0.0008462401,0.8475712,0.06518115,0.08640142
21,7,none,car,731,97,2,2,True,0.009461865,0.038900845,0.9253133,0.02632397
21,7,none,car,732,97,3,0,False,0.3926539,0.11101521,0.36913237,0.12719847
21,7,none,car,733,97,2,2,True,0.039992794,0.15906304,0.62864,0.1723042
21,7,none,car,734,97,3,1,False,0.1773242,0.41608897,0.31156188,0.09502494
21,7,none,car,735,97,2,1,False,0.312168,0.32493734,0.28480196,0.07809265
21,7,none,car,736,97,3,3,True,0.021489922,0.20137751,0.31157473,0.46555778
21,7,none,car,737,97,3,3,True,0.055752944,0.09147746,0.402749,0.45002058
21,7,none,car,738,97,2,2,True,0.03416319,0.12371576,0.7803608,0.061760265
21,7,none,car,739,97,3,3,True,0.010940856,0.038195834,0.2596439,0.6912194
21,7,none,car,740,97,2,1,False,0.06588942,0.47418597,0.20864467,0.25127995
21,7,none,car,741,97,2,2,True,0.0653589,0.3006516,0.38613093,0.24785861
21,7,none,car,742,97,3,2,False,0.07730804,0.07848647,0.6115213,0.2326841
21,7,none,car,743,97,2,0,False,0.5460616,0.13196999,0.24519284,0.07677565
21,7,none,car,744,98,0,0,True,0.8885957,0.014912609,0.0955121,0.0009796123
21,7,none,car,745,98,1,2,False,0.038883604,0.22741511,0.7288994,0.0048018824
21,7,none,car,746,98,1,1,True,0.066784665,0.80286545,0.12433785,0.006011951
21,7,none,car,747,98,0,0,True,0.6998959,0.0728887,0.22311312,0.004102271
21,7,none,car,748,98,0,0,True,0.49442062,0.07316665,0.38104263,0.05137014
21,7,none,car,749,98,1,1,True,0.05088334,0.64495593,0.29825857,0.0059021134
21,7,none,car,750,98,1,1,True,0.029165398,0.92757666,0.038898345,0.004359706
21,7,none,car,751,98,0,2,False,0.08067378,0.3529535,0.54968923,0.016683482
21,7,none,car,752,98,1,1,True,0.07990526,0.7338757,0.182399,0.003820006
21,7,none,car,753,98,0,2,False,0.34767255,0.097527884,0.5518081,0.0029914188
21,7,none,car,754,98,1,1,True,0.03721316,0.9495465,0.0119731845,0.0012671598
21,7,none,car,755,98,0,0,True,0.68583965,0.07423415,0.23325916,0.006666994
21,7,none,car,756,98,0,2,False,0.07995368,0.23704235,0.67882466,0.00417929
21,7,none,car,757,98,1,2,False,0.06808152,0.3337401,0.5157017,0.08247665
21,7,none,car,758,98,0,2,False,0.10152301,0.10763595,0.7796297,0.01121133
21,7,none,car,759,98,3,3,True,0.039164178,0.009723902,0.01715959,0.9339523
21,7,none,car,760,98,2,2,True,0.09204261,0.05970898,0.7580539,0.09019446
21,7,none,car,761,98,3,3,True,0.0283458,0.05397883,0.14511369,0.7725617
21,7,none,car,762,98,2,2,True,0.19318485,0.33558273,0.46705574,0.0041767266
21,7,none,car,763,98,2,0,False,0.52222484,0.08504602,0.37089995,0.021829195
21,7,none,car,764,98,3,2,False,0.014125898,0.30746233,0.40085775,0.277554
21,7,none,car,765,98,2,2,True,0.039696794,0.021112766,0.9269946,0.012195774
21,7,none,car,766,98,3,2,False,0.09857825,0.21669322,0.5428444,0.14188415
21,7,none,car,767,98,2,2,True,0.08621196,0.005352961,0.8635221,0.044912923
21,7,none,car,768,98,3,3,True,0.055526856,0.09222678,0.07682069,0.77542573
21,7,none,car,769,98,3,3,True,0.26492226,0.07593443,0.2359439,0.42319942
21,7,none,car,770,98,2,2,True,0.049080268,0.024279187,0.8984969,0.028143596
21,7,none,car,771,98,2,2,True,0.2995275,0.0197538,0.5296375,0.15108119
21,7,none,car,772,98,3,0,False,0.6445315,0.13163014,0.12943003,0.09440839
21,7,none,car,773,98,3,2,False,0.11661984,0.06148954,0.7022574,0.119633205
21,7,none,car,774,98,1,1,True,0.013868824,0.87263536,0.108478874,0.005016964
21,7,none,car,775,98,0,2,False,0.3329253,0.12247552,0.52331096,0.021288263
21,7,none,car,776,98,0,0,True,0.75655085,0.026402833,0.20458056,0.012465686
21,7,none,car,777,98,1,2,False,0.08282969,0.3582277,0.48957157,0.06937099
21,7,none,car,778,98,0,0,True,0.924208,0.020883763,0.04742733,0.0074809203
21,7,none,car,779,98,1,2,False,0.053609896,0.13070385,0.75975716,0.055929106
21,7,none,car,780,98,1,1,True,0.042215176,0.48578492,0.34366783,0.12833206
21,7,none,car,781,98,0,0,True,0.8644172,0.0055385516,0.10937481,0.02066934
21,7,none,car,782,98,0,0,True,0.5784358,0.18181348,0.2194678,0.02028296
21,7,none,car,783,98,1,1,True,0.1056512,0.6158503,0.23885554,0.039642997
21,7,none,car,784,98,0,0,True,0.59805226,0.013799064,0.32256058,0.065588124
21,7,none,car,785,98,1,1,True,0.02543579,0.7004737,0.2679201,0.0061704675
21,7,none,car,786,98,1,1,True,0.031001516,0.69947666,0.12864622,0.14087567
21,7,none,car,787,98,0,0,True,0.96523905,0.004953825,0.02607497,0.0037321749
21,7,none,car,788,98,0,2,False,0.06039807,0.031262036,0.88093406,0.027405864
21,7,none,car,789,98,3,3,True,0.15306294,0.16715087,0.25082445,0.42896175
21,7,none,car,790,98,2,2,True,0.3306088,0.041799404,0.6068894,0.020702355
21,7,none,car,791,98,3,2,False,0.19970232,0.089653715,0.4332563,0.27738774
21,7,none,car,792,98,2,2,True,0.030299138,0.05573818,0.91261554,0.0013471236
21,7,none,car,793,98,2,2,True,0.34029973,0.15835866,0.45948032,0.04186127
21,7,none,car,794,98,3,3,True,0.12626657,0.16788581,0.16025765,0.5455899
21,7,none,car,795,98,2,2,True,0.18880665,0.0691295,0.7000447,0.042019196
21,7,none,car,796,98,3,3,True,0.07764977,0.037511744,0.046665054,0.8381734
21,7,none,car,797,98,3,2,False,0.08512441,0.010216341,0.4956002,0.409059
21,7,none,car,798,98,2,2,True,0.035121124,0.055658046,0.7451952,0.16402571
21,7,none,car,799,98,2,2,True,0.040112913,0.06300918,0.8889701,0.007907825
21,7,none,car,800,98,3,1,False,0.27510288,0.3897991,0.3307077,0.004390374
21,7,none,car,801,98,2,3,False,0.14515217,0.08407905,0.33200625,0.43876255
21,7,none,car,802,98,3,3,True,0.033559553,0.032387525,0.18113112,0.75292176
21,7,none,car,803,98,3,2,False,0.11791875,0.014932026,0.71703327,0.15011594
21,7,none,car,804,98,0,2,False,0.22439207,0.07409798,0.6824937,0.019016273
21,7,none,car,805,98,1,3,False,0.3463549,0.10748283,0.1398856,0.40627667
21,7,none,car,806,98,1,0,False,0.335897,0.18854871,0.25649858,0.21905577
21,7,none,car,807,98,0,2,False,0.21544711,0.2804251,0.4745282,0.02959955
21,7,none,car,808,98,0,1,False,0.13157117,0.81929386,0.043829534,0.00530545
21,7,none,car,809,98,1,3,False,0.21021271,0.05287541,0.087792344,0.64911956
21,7,none,car,810,98,1,2,False,0.31518498,0.088112645,0.42899713,0.16770522
21,7,none,car,811,98,0,0,True,0.67509025,0.019819036,0.2615436,0.043547176
21,7,none,car,812,98,0,0,True,0.41664445,0.29513386,0.25750074,0.030720938
21,7,none,car,813,98,1,0,False,0.9803253,0.012107091,0.0046733567,0.0028942812
21,7,none,car,814,98,0,2,False,0.13152105,0.24621943,0.5490897,0.073169805
21,7,none,car,815,98,1,0,False,0.5386748,0.18403865,0.19511417,0.082172416
21,7,none,car,816,98,1,0,False,0.6106857,0.052842606,0.23151869,0.104952954
21,7,none,car,817,98,0,2,False,0.042910594,0.10958701,0.82521665,0.022285748
21,7,none,car,818,98,1,2,False,0.19694552,0.36360314,0.41946542,0.019985948
21,7,none,car,819,98,2,0,False,0.74699426,0.047685165,0.16010213,0.04521846
21,7,none,car,820,98,3,1,False,0.0035059676,0.9827545,0.012196642,0.0015429406
21,7,none,car,821,98,3,1,False,0.08283448,0.42990062,0.3483707,0.1388942
21,7,none,car,822,98,2,0,False,0.62918335,0.018384075,0.24768475,0.10474781
21,7,none,car,823,98,2,2,True,0.28720918,0.023054743,0.5436205,0.14611553
21,7,none,car,824,98,3,2,False,0.011643883,0.12856282,0.79133517,0.068458065
21,7,none,car,825,98,3,2,False,0.07172213,0.023043424,0.59728926,0.30794516
21,7,none,car,826,98,2,2,True,0.26359046,0.12952925,0.5254058,0.0814745
21,7,none,car,827,98,3,3,True,0.103395246,0.31164184,0.19052792,0.394435
21,7,none,car,828,98,2,2,True,0.26608938,0.09463186,0.62886775,0.010411005
21,7,none,car,829,98,3,2,False,0.27482435,0.17255147,0.29403967,0.25858453
21,7,none,car,830,98,2,0,False,0.37945884,0.042723227,0.30067068,0.27714726
21,7,none,car,831,98,3,3,True,0.09392074,0.10946412,0.38441265,0.4122025
21,7,none,car,832,98,2,0,False,0.7536413,0.019679867,0.16821447,0.058464356
21,7,none,car,833,98,3,1,False,0.23306008,0.73965305,0.019251596,0.008035246
21,7,none,car,834,99,1,2,False,0.03997584,0.30673724,0.4686259,0.18466093
21,7,none,car,835,99,0,2,False,0.03133148,0.0065018334,0.9550042,0.007162459
21,7,none,car,836,99,0,0,True,0.5255415,0.08168247,0.2909295,0.10184654
21,7,none,car,837,99,1,3,False,0.075866796,0.123231746,0.020098595,0.78080285
21,7,none,car,838,99,0,1,False,0.04396664,0.42715985,0.35451314,0.1743604
21,7,none,car,839,99,1,3,False,0.21193266,0.081611045,0.103536196,0.60292006
21,7,none,car,840,99,1,2,False,0.04833187,0.13135841,0.5004056,0.31990412
21,7,none,car,841,99,0,2,False,0.04181797,0.094084516,0.638634,0.2254635
21,7,none,car,842,99,0,3,False,0.1610372,0.058631815,0.19867969,0.5816513
21,7,none,car,843,99,1,2,False,0.015356544,0.0028494226,0.7052006,0.27659345
21,7,none,car,844,99,1,1,True,0.0006158156,0.9911146,0.007861704,0.00040789368
21,7,none,car,845,99,0,2,False,0.031453434,0.08926917,0.7274426,0.15183471
21,7,none,car,846,99,1,2,False,0.024970567,0.40745896,0.46279076,0.10477974
21,7,none,car,847,99,0,2,False,0.22766063,0.007649013,0.5969131,0.1677773
21,7,none,car,848,99,1,1,True,0.013494744,0.5857441,0.22439909,0.17636208
21,7,none,car,849,99,3,2,False,0.03278923,0.33890557,0.49633625,0.13196898
21,7,none,car,850,99,2,3,False,0.08070594,0.06284512,0.3596493,0.4967996
21,7,none,car,851,99,3,2,False,0.05640632,0.053625274,0.76267684,0.12729153
21,7,none,car,852,99,2,2,True,0.015946476,0.004382204,0.97703993,0.0026313278
21,7,none,car,853,99,3,2,False,0.11083532,0.060438495,0.73668593,0.09204021
21,7,none,car,854,99,2,2,True,0.052273285,0.0103110215,0.9332372,0.00417846
21,7,none,car,855,99,3,2,False,0.021725358,0.21936075,0.7379628,0.02095114
21,7,none,car,856,99,2,2,True,0.10730879,0.014689095,0.5927985,0.28520367
21,7,none,car,857,99,2,2,True,0.15789685,0.30669987,0.3825651,0.15283816
21,7,none,car,858,99,3,0,False,0.67348665,0.011547942,0.22391693,0.0910485
21,7,none,car,859,99,3,2,False,0.044129375,0.036747925,0.63505137,0.28407127
21,7,none,car,860,99,2,3,False,0.11247615,0.14083293,0.18387921,0.5628117
21,7,none,car,861,99,2,2,True,0.1708863,0.017280683,0.7658074,0.046025593
21,7,none,car,862,99,3,3,True,0.006693774,0.012880304,0.34514895,0.6352769
21,7,none,car,863,99,3,3,True,0.08001182,0.08358544,0.361184,0.4752187
21,7,none,car,864,99,0,0,True,0.86344916,0.0013088064,0.11292606,0.02231601
21,7,none,car,865,99,1,2,False,0.2628075,0.0652289,0.461481,0.21048261
21,7,none,car,866,99,0,3,False,0.21221805,0.15423149,0.044034462,0.58951604
21,7,none,car,867,99,1,1,True,0.22678544,0.432947,0.198171,0.14209653
21,7,none,car,868,99,1,1,True,0.0017575237,0.8825556,0.026408011,0.08927889
21,7,none,car,869,99,0,0,True,0.79838145,0.005110527,0.107788384,0.08871975
21,7,none,car,870,99,1,2,False,0.20592354,0.24984577,0.5289937,0.015237004
21,7,none,car,871,99,0,0,True,0.50153893,0.0029813137,0.38639078,0.10908893
21,7,none,car,872,99,1,2,False,0.1967462,0.21813758,0.46342123,0.121695
21,7,none,car,873,99,0,3,False,0.19323792,0.0017601511,0.067515925,0.73748606
21,7,none,car,874,99,1,3,False,0.21587756,0.017257256,0.16510789,0.6017573
21,7,none,car,875,99,0,2,False,0.10174984,0.012270301,0.8344516,0.05152825
21,7,none,car,876,99,1,2,False,0.19400504,0.027075212,0.7498171,0.029102637
21,7,none,car,877,99,0,2,False,0.35599625,0.072295316,0.3718296,0.19987889
21,7,none,car,878,99,0,0,True,0.98112476,0.0009069538,0.011298326,0.006669955
21,7,none,car,879,99,2,3,False,0.047504414,0.014869173,0.17088112,0.76674527
21,7,none,car,880,99,3,2,False,0.0071700765,0.012284964,0.88972306,0.090821855
21,7,none,car,881,99,2,1,False,0.13505185,0.42770496,0.2211814,0.21606185
21,7,none,car,882,99,3,2,False,0.10661872,0.036787678,0.44648355,0.41010997
21,7,none,car,883,99,3,0,False,0.63772553,0.030481074,0.31018513,0.021608291
21,7,none,car,884,99,2,2,True,0.4389717,0.007685889,0.54653287,0.006809558
21,7,none,car,885,99,3,2,False,0.15526922,0.019202914,0.6373732,0.18815468
21,7,none,car,886,99,2,2,True,0.30512375,0.008296297,0.57818645,0.108393475
21,7,none,car,887,99,2,1,False,0.06824768,0.7715876,0.0100014955,0.15016314
21,7,none,car,888,99,3,0,False,0.59353095,0.022298915,0.04570641,0.3384637
21,7,none,car,889,99,2,3,False,0.27578914,0.04219945,0.06368081,0.6183306
21,7,none,car,890,99,3,2,False,0.021424372,0.039369512,0.57063085,0.36857527
21,7,none,car,891,99,2,2,True,0.017046288,0.0072055887,0.8200431,0.15570498
21,7,none,car,892,99,3,2,False,0.023756184,0.015526384,0.58539104,0.3753264
21,7,none,car,893,99,3,2,False,0.021530773,0.11624025,0.7366387,0.12559026
21,7,none,car,894,99,0,2,False,0.38000497,0.006835422,0.5753857,0.037773903
21,7,none,car,895,99,1,0,False,0.76402056,0.007648742,0.06159972,0.16673096
21,7,none,car,896,99,0,2,False,0.06940799,0.16751328,0.6155594,0.14751944
21,7,none,car,897,99,1,2,False,0.074092165,0.4148427,0.46916342,0.041901782
21,7,none,car,898,99,1,1,True,0.053388484,0.72774166,0.1289169,0.08995298
21,7,none,car,899,99,0,2,False,0.12403877,0.0071583036,0.53623223,0.33257073
21,7,none,car,900,99,0,2,False,0.013929194,0.007609174,0.96672887,0.01173274
21,7,none,car,901,99,1,1,True,0.0036896507,0.5351733,0.22785988,0.23327714
21,7,none,car,902,99,0,2,False,0.012720709,0.054245558,0.8971689,0.035864875
21,7,none,car,903,99,1,0,False,0.49950862,0.15601014,0.06493572,0.2795456
21,7,none,car,904,99,1,2,False,0.028919876,0.034343116,0.47311932,0.4636177
21,7,none,car,905,99,0,2,False,0.01995025,0.017275564,0.8759917,0.08678251
21,7,none,car,906,99,0,3,False,0.30610383,0.004355012,0.30749458,0.38204652
21,7,none,car,907,99,1,2,False,0.09977099,0.08650068,0.6858911,0.12783721
21,7,none,car,908,99,1,2,False,0.021165725,0.00994125,0.8683574,0.10053559
21,7,none,car,909,99,2,2,True,0.0117481295,0.014934134,0.6741669,0.29915082
21,7,none,car,910,99,3,1,False,0.024481175,0.6465577,0.043791257,0.28516993
21,7,none,car,911,99,2,2,True,0.04669051,0.10325716,0.7917869,0.058265395
21,7,none,car,912,99,3,2,False,0.010653214,0.103134066,0.8295102,0.05670249
21,7,none,car,913,99,3,2,False,0.033248905,0.022735674,0.8760224,0.06799307
21,7,none,car,914,99,2,2,True,0.026378945,0.018824497,0.6492764,0.30552015
21,7,none,car,915,99,2,3,False,0.01641344,0.040319014,0.337084,0.6061835
21,7,none,car,916,99,3,3,True,0.028629936,0.058420446,0.36190957,0.55104005
21,7,none,car,917,99,3,0,False,0.56261885,0.002457731,0.34647766,0.08844577
21,7,none,car,918,99,2,0,False,0.60677063,0.00450902,0.33462465,0.054095715
21,7,none,car,919,99,3,1,False,0.19966501,0.3314364,0.21035083,0.25854778
21,7,none,car,920,99,2,2,True,0.040702067,0.038331345,0.84846705,0.07249954
21,7,none,car,921,99,3,2,False,0.003111608,0.01617758,0.9552891,0.025421597
21,7,none,car,922,99,2,2,True,0.002999054,0.34508145,0.633867,0.018052392
21,7,none,car,923,99,3,3,True,0.025412275,0.02839196,0.16179259,0.78440315
21,7,none,car,924,100,0,0,True,0.85356814,0.012404936,0.12830299,0.0057239244
21,7,none,car,925,100,1,3,False,0.024386032,0.34598145,0.2560659,0.37356666
21,7,none,car,926,100,1,1,True,0.009891618,0.7721426,0.06558543,0.15238038
21,7,none,car,927,100,0,1,False,0.047463685,0.4107773,0.27440667,0.26735243
21,7,none,car,928,100,0,0,True,0.9827428,0.00096552586,0.0048959553,0.011395699
21,7,none,car,929,100,1,2,False,0.10911547,0.13142022,0.42051145,0.33895293
21,7,none,car,930,100,0,0,True,0.9951072,3.399879e-05,0.0027085103,0.002150322
21,7,none,car,931,100,1,2,False,0.013088035,0.061237533,0.48708925,0.43858525
21,7,none,car,932,100,1,1,True,0.00029444636,0.9937419,0.005583623,0.0003799091
21,7,none,car,933,100,0,2,False,0.13049695,0.03076578,0.6180722,0.22066514
21,7,none,car,934,100,1,1,True,0.0037111696,0.6001735,0.3515194,0.044595893
21,7,none,car,935,100,0,2,False,0.17392048,0.0023606592,0.8018258,0.021893036
21,7,none,car,936,100,3,3,True,0.07141652,0.01799258,0.01021943,0.9003715
21,7,none,car,937,100,2,2,True,0.16956441,0.019518655,0.783583,0.02733395
21,7,none,car,938,100,3,3,True,0.09782584,0.009423343,0.041581254,0.8511696
21,7,none,car,939,100,2,2,True,0.056383632,0.22602572,0.6054807,0.11211005
21,7,none,car,940,100,3,2,False,0.33238387,0.0048795957,0.33656788,0.32616866
21,7,none,car,941,100,2,2,True,0.10341606,0.032497853,0.85991,0.0041760607
21,7,none,car,942,100,3,0,False,0.33294216,0.24477242,0.17169157,0.2505938
21,7,none,car,943,100,2,2,True,0.03684964,0.00450117,0.95640653,0.00224279
21,7,none,car,944,100,3,2,False,0.09974381,0.021061061,0.8643631,0.0148321325
21,7,none,car,945,100,2,2,True,0.01228461,0.06652938,0.9189082,0.002277852
21,7,none,car,946,100,3,1,False,0.0012625195,0.845092,0.0859056,0.067739874
21,7,none,car,947,100,2,2,True,0.14094383,0.040660307,0.77307284,0.045323078
21,7,none,car,948,100,1,1,True,0.0020783078,0.9570014,0.040327907,0.00059246295
21,7,none,car,949,100,0,2,False,0.33420777,0.029365534,0.61047316,0.025953583
21,7,none,car,950,100,0,0,True,0.8304033,0.020120462,0.056038745,0.093437456
21,7,none,car,951,100,1,2,False,0.026174037,0.23963979,0.6899288,0.04425734
21,7,none,car,952,100,1,1,True,0.05646347,0.71854293,0.11251419,0.11247941
21,7,none,car,953,100,0,2,False,0.07224966,0.09027228,0.7921161,0.04536188
21,7,none,car,954,100,0,0,True,0.7361269,0.09101497,0.040549405,0.1323087
21,7,none,car,955,100,1,1,True,0.000980993,0.97125095,0.0142999,0.013468173
21,7,none,car,956,100,1,1,True,0.020383358,0.72650075,0.0119808,0.2411351
21,7,none,car,957,100,0,1,False,0.00635297,0.5766407,0.32959172,0.08741458
21,7,none,car,958,100,0,0,True,0.91866195,0.017026523,0.0603301,0.00398144
21,7,none,car,959,100,1,1,True,0.0006416244,0.9924297,0.00602985,0.00089892995
21,7,none,car,960,100,3,3,True,0.08999008,0.016270023,0.110551916,0.783188
21,7,none,car,961,100,2,2,True,0.034036126,0.0020979838,0.8671191,0.096746854
21,7,none,car,962,100,2,2,True,0.10116474,0.010812844,0.8501308,0.03789157
21,7,none,car,963,100,3,3,True,0.051877204,0.3205722,0.053583182,0.57396746
21,7,none,car,964,100,2,1,False,0.25071254,0.42897877,0.30653012,0.013778494
21,7,none,car,965,100,3,0,False,0.7777777,0.0029705267,0.038725138,0.18052673
21,7,none,car,966,100,2,2,True,0.01689265,0.24954128,0.6878566,0.045709506
21,7,none,car,967,100,3,0,False,0.6908118,0.05755535,0.15111405,0.10051881
21,7,none,car,968,100,2,0,False,0.42218167,0.3036796,0.26701257,0.0071260934
21,7,none,car,969,100,3,1,False,0.04489885,0.6190861,0.26027384,0.0757412
21,7,none,car,970,100,2,0,False,0.37161347,0.16873343,0.2831014,0.17655163
21,7,none,car,971,100,3,1,False,0.26316416,0.32961455,0.16625093,0.24097039
21,7,none,car,972,100,1,1,True,0.0029937776,0.9469841,0.014626821,0.035395198
21,7,none,car,973,100,0,0,True,0.836211,0.035027865,0.08212984,0.046631254
21,7,none,car,974,100,0,2,False,0.0020046073,0.009321152,0.861529,0.12714514
21,7,none,car,975,100,1,2,False,0.10634643,0.014656215,0.8532687,0.025728704
21,7,none,car,976,100,1,1,True,0.00034142943,0.98482496,0.014397916,0.00043564147
21,7,none,car,977,100,0,0,True,0.99536407,0.00015694796,0.0041050916,0.00037390296
21,7,none,car,978,100,0,0,True,0.6048591,0.010627662,0.34704754,0.03746569
21,7,none,car,979,100,1,1,True,0.08079735,0.7837746,0.017136538,0.118291624
21,7,none,car,980,100,1,2,False,0.004399626,0.3571373,0.5577884,0.08067477
21,7,none,car,981,100,0,0,True,0.72233117,0.015352963,0.25729403,0.005021851
21,7,none,car,982,100,0,0,True,0.48419318,0.0892764,0.3000872,0.1264433
21,7,none,car,983,100,1,1,True,0.017262133,0.7738658,0.17444816,0.03442393
21,7,none,car,984,100,2,2,True,0.05803514,0.06297142,0.7996344,0.079359
21,7,none,car,985,100,3,2,False,0.008896161,0.033601843,0.5414555,0.41604647
21,7,none,car,986,100,2,3,False,0.14724204,0.14559801,0.24958168,0.45757824
21,7,none,car,987,100,3,3,True,0.004201011,0.3758356,0.1186266,0.50133675
21,7,none,car,988,100,3,1,False,0.024789331,0.8485338,0.03414822,0.092528716
21,7,none,car,989,100,2,2,True,0.4071877,0.14704102,0.4442683,0.0015030504
21,7,none,car,990,100,2,2,True,0.044803333,0.19064644,0.71132225,0.05322801
21,7,none,car,991,100,3,2,False,0.016869625,0.081288315,0.7820715,0.119770594
21,7,none,car,992,100,3,3,True,0.002504268,0.31332934,0.10215471,0.58201164
21,7,none,car,993,100,2,2,True,0.1021439,0.087902896,0.63277745,0.17717573
21,7,none,car,994,100,2,2,True,0.03835171,0.0386846,0.7211281,0.20183554
21,7,none,car,995,100,3,3,True,0.0007927594,0.012910521,0.11112243,0.87517434
21,7,none,car,996,101,0,0,True,0.6047061,0.0455157,0.31928357,0.030494612
21,7,none,car,997,101,1,1,True,0.00022449813,0.9870297,0.007590297,0.005155476
21,7,none,car,998,101,1,1,True,0.16326258,0.7672113,0.037546456,0.03197965
21,7,none,car,999,101,0,0,True,0.9987225,0.00095139345,0.00014382835,0.00018228
21,7,none,car,1000,101,1,1,True,0.00059828255,0.99820757,0.0007783792,0.00041576335
21,7,none,car,1001,101,0,0,True,0.9998692,9.242235e-05,3.1379845e-05,7.0796846e-06
21,7,none,car,1002,101,1,1,True,0.00019001054,0.99936026,2.5964071e-05,0.00042378774
21,7,none,car,1003,101,0,0,True,0.99980325,9.26183e-05,7.973346e-05,2.448378e-05
21,7,none,car,1004,101,1,1,True,0.0003768772,0.9991684,0.00010128298,0.0003535403
21,7,none,car,1005,101,0,0,True,0.9989992,0.00083603774,0.00014884162,1.5916961e-05
21,7,none,car,1006,101,0,0,True,0.9994041,0.0001496826,0.00042642126,1.9913077e-05
21,7,none,car,1007,101,1,1,True,0.0004551296,0.99575126,0.0022820474,0.0015116
21,7,none,car,1008,101,1,1,True,0.00035040465,0.99254626,0.0055443654,0.0015589603
21,7,none,car,1009,101,0,0,True,0.99462575,4.6482117e-05,0.0040804,0.0012473818
21,7,none,car,1010,101,0,0,True,0.9979716,0.0003983018,0.001321297,0.00030878422
21,7,none,car,1011,101,2,1,False,0.08200249,0.7236142,0.19377308,0.0006102051
21,7,none,car,1012,101,3,1,False,0.08435334,0.8555573,0.044517823,0.015571521
21,7,none,car,1013,101,2,0,False,0.4822173,0.01711532,0.4606024,0.040064994
21,7,none,car,1014,101,3,3,True,0.271863,0.26281956,0.04815227,0.41716516
21,7,none,car,1015,101,3,2,False,0.056307442,0.14513402,0.6430236,0.15553494
21,7,none,car,1016,101,2,2,True,0.15742669,0.12501423,0.6967157,0.020843348
21,7,none,car,1017,101,2,2,True,0.014501207,0.45831376,0.5211317,0.0060534254
21,7,none,car,1018,101,3,3,True,0.09709277,0.40921417,0.06267356,0.43101957
21,7,none,car,1019,101,2,1,False,0.06482801,0.7740916,0.15798314,0.0030972387
21,7,none,car,1020,101,3,3,True,0.20358805,0.27630612,0.062560365,0.4575454
21,7,none,car,1021,101,3,3,True,0.052921847,0.28478408,0.20227206,0.460022
21,7,none,car,1022,101,2,1,False,0.09419928,0.8950589,0.009343575,0.0013983441
21,7,none,car,1023,101,2,0,False,0.8044743,0.052625753,0.14238527,0.0005146575
21,7,none,car,1024,101,3,3,True,0.055959497,0.10017143,0.00812793,0.83574116
21,7,none,car,1025,101,2,0,False,0.56466293,0.15926535,0.27026686,0.0058048368
21,7,none,car,1026,101,1,1,True,0.006217306,0.9243365,0.06470203,0.004744057
21,7,none,car,1027,101,0,0,True,0.9991416,0.0002614446,0.0005698314,2.71423e-05
21,7,none,car,1028,101,0,0,True,0.9939859,0.0039273463,0.0018938285,0.00019291056
21,7,none,car,1029,101,1,1,True,0.20852064,0.7559188,0.023692839,0.011867743
21,7,none,car,1030,101,1,1,True,8.852143e-05,0.9989773,0.0008002426,0.000133968
21,7,none,car,1031,101,0,0,True,0.997787,0.00017008737,0.0020307398,1.2104875e-05
21,7,none,car,1032,101,0,0,True,0.9991549,0.0006352141,0.00015079035,5.9127993e-05
21,7,none,car,1033,101,1,1,True,0.00039465475,0.9976724,0.0018704109,6.250494e-05
21,7,none,car,1034,101,1,1,True,0.007266701,0.9916597,0.00072536664,0.0003482922
21,7,none,car,1035,101,0,0,True,0.9994916,5.3832973e-05,0.00029205732,0.00016255639
21,7,none,car,1036,101,1,1,True,0.0078119943,0.9873756,0.0036691048,0.0011432405
21,7,none,car,1037,101,0,0,True,0.9997588,0.00018960093,4.5188273e-05,6.4186565e-06
21,7,none,car,1038,101,1,1,True,0.0031755078,0.9962502,0.000436724,0.00013769297
21,7,none,car,1039,101,0,0,True,0.93362856,0.013331333,0.014735362,0.03830477
21,7,none,car,1040,101,1,1,True,0.16835082,0.5254243,0.26845086,0.03777402
21,7,none,car,1041,101,2,2,True,0.38718086,0.11042454,0.5005012,0.0018933994
21,7,none,car,1042,101,3,2,False,0.3112077,0.12186002,0.49282646,0.07410578
21,7,none,car,1043,101,2,1,False,0.02381059,0.883265,0.0904686,0.0024557712
21,7,none,car,1044,101,3,3,True,0.2220907,0.19382355,0.008215198,0.5758705
21,7,none,car,1045,101,3,0,False,0.5213232,0.09702382,0.1067959,0.27485704
21,7,none,car,1046,101,2,1,False,0.062734716,0.6904669,0.22773206,0.019066274
21,7,none,car,1047,101,2,2,True,0.27596095,0.10612299,0.61349046,0.0044255094
21,7,none,car,1048,101,3,1,False,0.3589153,0.56862074,0.006800295,0.06566362
21,7,none,car,1049,101,3,3,True,0.28154287,0.01805466,0.030808378,0.6695941
21,7,none,car,1050,101,2,0,False,0.43351555,0.3665088,0.15623672,0.043738864
21,7,none,car,1051,101,2,2,True,0.041003488,0.028464487,0.92943776,0.0010942917
21,7,none,car,1052,101,3,0,False,0.5233532,0.2906178,0.017303314,0.16872562
21,7,none,car,1053,101,2,0,False,0.8845378,0.011013883,0.094654836,0.00979356
21,7,none,car,1054,101,3,0,False,0.7140275,0.017584698,0.047339346,0.22104843
21,7,none,car,1055,101,2,1,False,0.19415928,0.6739881,0.112490565,0.01936207
21,7,none,car,1056,101,0,0,True,0.9992706,0.00014440442,0.00055145903,3.3602788e-05
21,7,none,car,1057,101,1,1,True,0.017250456,0.9347289,0.044944692,0.0030758881
21,7,none,car,1058,101,0,0,True,0.9990158,0.00040371792,0.00055698893,2.3472883e-05
21,7,none,car,1059,101,1,1,True,0.035730474,0.9262047,0.0058674105,0.032197416
21,7,none,car,1060,101,1,1,True,0.006766464,0.94479394,0.004871129,0.04356841
21,7,none,car,1061,101,0,0,True,0.993889,0.0018305805,0.0019534936,0.0023269928
21,7,none,car,1062,101,1,1,True,0.0001384407,0.9998097,2.2775424e-05,2.9088735e-05
21,7,none,car,1063,101,0,0,True,0.9997098,0.00019422396,8.60022e-05,9.9449635e-06
21,7,none,car,1064,101,1,1,True,0.0005272069,0.99211055,0.005536047,0.0018261789
21,7,none,car,1065,101,0,0,True,0.9978161,0.0005671713,0.0009927063,0.00062399375
21,7,none,car,1066,101,1,1,True,0.0012673864,0.99249506,0.0019500749,0.004287513
21,7,none,car,1067,101,0,0,True,0.9997187,4.988019e-05,0.00014831466,8.290891e-05
21,7,none,car,1068,101,0,0,True,0.92637014,0.029150575,0.043842286,0.0006370119
21,7,none,car,1069,101,1,1,True,0.0016258481,0.99632037,0.000510582,0.0015432236
21,7,none,car,1070,101,1,1,True,0.0012595954,0.9731723,0.024757244,0.0008107754
21,7,none,car,1071,101,3,3,True,0.01834577,0.031264473,0.010318784,0.940071
21,7,none,car,1072,101,2,2,True,0.020190395,0.012186286,0.9632965,0.0043267757
21,7,none,car,1073,101,3,0,False,0.71797216,0.11151753,0.056370232,0.11414005
21,7,none,car,1074,101,2,2,True,0.3417544,0.028690007,0.5968498,0.032705806
21,7,none,car,1075,101,2,2,True,0.18474951,0.33571464,0.46996456,0.009571271
21,7,none,car,1076,101,3,0,False,0.6291464,0.20556334,0.033989444,0.13130082
21,7,none,car,1077,101,3,0,False,0.6949991,0.027070312,0.016527826,0.26140282
21,7,none,car,1078,101,2,3,False,0.17523153,0.09149327,0.04831391,0.68496126
21,7,none,car,1079,101,2,2,True,0.018632162,0.0035167546,0.9767394,0.0011117451
21,7,none,car,1080,101,3,3,True,0.29904193,0.06694079,0.0570971,0.5769202
21,7,none,car,1081,101,3,3,True,0.13071443,0.078971855,0.13893405,0.65137964
21,7,none,car,1082,101,2,3,False,0.20953274,0.2316508,0.23256214,0.32625434
21,7,none,car,1083,101,3,3,True,0.24092713,0.2075789,0.06777559,0.48371837
21,7,none,car,1084,101,2,1,False,0.06142841,0.47060925,0.2974032,0.17055914
21,7,none,car,1085,101,2,1,False,0.044063896,0.50880617,0.4288114,0.018318454
21,7,none,car,1086,102,1,1,True,0.0010295917,0.98991406,0.007011713,0.0020446253
21,7,none,car,1087,102,0,0,True,0.84904057,0.036581162,0.09975768,0.014620639
21,7,none,car,1088,102,1,1,True,0.0045780987,0.7471592,0.23770966,0.010553109
21,7,none,car,1089,102,0,0,True,0.9875475,0.0038786398,0.0049838237,0.003589905
21,7,none,car,1090,102,1,1,True,0.046023495,0.5649502,0.3840949,0.0049314685
21,7,none,car,1091,102,0,0,True,0.7028339,0.03823071,0.22332828,0.035607103
21,7,none,car,1092,102,0,0,True,0.9888777,0.0011681165,0.009438978,0.0005152195
21,7,none,car,1093,102,1,0,False,0.44193566,0.17754805,0.2895957,0.09092054
21,7,none,car,1094,102,0,0,True,0.7477468,0.04129326,0.17756975,0.0333902
21,7,none,car,1095,102,1,2,False,0.04974939,0.19983962,0.7467896,0.003621419
21,7,none,car,1096,102,0,0,True,0.7620925,0.016996149,0.17648657,0.044424873
21,7,none,car,1097,102,1,2,False,0.018949429,0.3509243,0.62408423,0.006041982
21,7,none,car,1098,102,0,0,True,0.48720253,0.19828384,0.19935909,0.11515454
21,7,none,car,1099,102,1,2,False,0.088006794,0.11100386,0.79132265,0.009666645
21,7,none,car,1100,102,1,1,True,0.0039833584,0.9893686,0.006471591,0.00017647543
21,7,none,car,1101,102,2,2,True,0.13733587,0.30534074,0.5076192,0.049704194
21,7,none,car,1102,102,3,3,True,0.16557156,0.18270816,0.2690709,0.38264936
21,7,none,car,1103,102,2,2,True,0.15664403,0.31263694,0.491913,0.03880601
21,7,none,car,1104,102,3,2,False,0.26765937,0.23367354,0.35275534,0.14591168
21,7,none,car,1105,102,2,0,False,0.58670014,0.025109418,0.3797135,0.008476966
21,7,none,car,1106,102,3,2,False,0.14259978,0.19358332,0.41506472,0.24875218
21,7,none,car,1107,102,2,2,True,0.14824708,0.036048844,0.7871036,0.028600473
21,7,none,car,1108,102,3,3,True,0.212018,0.1014118,0.3074379,0.3791323
21,7,none,car,1109,102,3,3,True,0.33981845,0.060506605,0.16504325,0.43463168
21,7,none,car,1110,102,2,2,True,0.06505178,0.034554258,0.8973497,0.0030442106
21,7,none,car,1111,102,3,2,False,0.018301556,0.16847837,0.74625665,0.066963434
21,7,none,car,1112,102,2,2,True,0.25629598,0.021900725,0.6254,0.09640334
21,7,none,car,1113,102,2,2,True,0.076024376,0.090897076,0.82117724,0.0119012715
21,7,none,car,1114,102,3,0,False,0.6306167,0.053185977,0.24136348,0.074833855
21,7,none,car,1115,102,2,2,True,0.05652648,0.16922642,0.67432076,0.09992628
21,7,none,car,1116,102,1,1,True,0.0011348543,0.98351383,0.015050831,0.0003004771
21,7,none,car,1117,102,0,0,True,0.35815373,0.21587257,0.26203412,0.16393964
21,7,none,car,1118,102,1,1,True,0.022637827,0.6257716,0.24872242,0.102868214
21,7,none,car,1119,102,0,0,True,0.7084821,0.026219988,0.22798291,0.037315063
21,7,none,car,1120,102,0,0,True,0.9239065,0.036659468,0.034842283,0.0045917444
21,7,none,car,1121,102,1,2,False,0.02340817,0.14258848,0.8250717,0.008931674
21,7,none,car,1122,102,0,1,False,0.2394321,0.3619933,0.31959778,0.078976795
21,7,none,car,1123,102,1,2,False,0.089892656,0.31398168,0.5590385,0.03708716
21,7,none,car,1124,102,0,2,False,0.43424135,0.025318343,0.52593076,0.014509577
21,7,none,car,1125,102,1,2,False,0.18593577,0.1857138,0.5561574,0.07219297
21,7,none,car,1126,102,1,1,True,0.0011718113,0.9924654,0.0039540236,0.002408861
21,7,none,car,1127,102,0,2,False,0.24203424,0.08930387,0.49928316,0.1693788
21,7,none,car,1128,102,1,1,True,0.0005242022,0.99592435,0.0032372016,0.00031421715
21,7,none,car,1129,102,0,2,False,0.23899542,0.13897347,0.40827355,0.21375759
21,7,none,car,1130,102,1,2,False,0.18790781,0.28890136,0.4223474,0.10084352
21,7,none,car,1131,102,2,2,True,0.016176889,0.034705676,0.94597775,0.003139754
21,7,none,car,1132,102,3,2,False,0.027964741,0.25448227,0.54539394,0.17215903
21,7,none,car,1133,102,3,2,False,0.034312844,0.060191523,0.60098016,0.30451545
21,7,none,car,1134,102,2,2,True,0.032921575,0.03829244,0.9224804,0.0063055456
21,7,none,car,1135,102,2,1,False,0.067902714,0.434458,0.42532703,0.07231224
21,7,none,car,1136,102,3,2,False,0.048815507,0.03953932,0.8472982,0.064347014
21,7,none,car,1137,102,3,2,False,0.09522787,0.09572721,0.6684217,0.14062323
21,7,none,car,1138,102,2,2,True,0.0057024863,0.10267584,0.88620985,0.005411818
21,7,none,car,1139,102,2,2,True,0.061265513,0.042707797,0.87229973,0.023726998
21,7,none,car,1140,102,3,2,False,0.36752927,0.08548858,0.38626945,0.16071275
21,7,none,car,1141,102,2,2,True,0.012784322,0.086169325,0.6748239,0.22622249
21,7,none,car,1142,102,3,3,True,0.023747904,0.24473768,0.2734279,0.4580865
21,7,none,car,1143,102,3,2,False,0.069290504,0.008511607,0.79541004,0.12678784
21,7,none,car,1144,102,2,2,True,0.21029484,0.1115303,0.56805795,0.11011695
21,7,none,car,1145,102,2,2,True,0.017224273,0.1821794,0.78367186,0.016924419
21,7,none,car,1146,102,0,2,False,0.2655714,0.03772413,0.66420984,0.032494698
21,7,none,car,1147,102,1,1,True,0.0017407637,0.9844254,0.012356048,0.0014777629
21,7,none,car,1148,102,0,2,False,0.050197184,0.022225123,0.8866097,0.0409679
21,7,none,car,1149,102,1,1,True,0.0060181157,0.9668968,0.020779034,0.006305996
21,7,none,car,1150,102,1,2,False,0.024782948,0.11421096,0.8520746,0.008931488
21,7,none,car,1151,102,0,2,False,0.2367257,0.14640349,0.5855471,0.03132374
21,7,none,car,1152,102,0,2,False,0.06800179,0.039760936,0.8864237,0.005813569
21,7,none,car,1153,102,1,1,True,0.0399346,0.6785296,0.21895853,0.0625773
21,7,none,car,1154,102,0,2,False,0.22294824,0.15477419,0.6015242,0.020753395
21,7,none,car,1155,102,1,2,False,0.20420554,0.095445685,0.5660526,0.13429618
21,7,none,car,1156,102,1,1,True,0.004340658,0.8393884,0.105018795,0.05125225
21,7,none,car,1157,102,0,1,False,0.16659382,0.31644192,0.29594827,0.22101597
21,7,none,car,1158,102,1,1,True,0.27084032,0.35994157,0.30155995,0.06765813
21,7,none,car,1159,102,0,0,True,0.55385494,0.040221818,0.34419006,0.061733138
21,7,none,car,1160,102,0,0,True,0.9117696,0.008345575,0.03477889,0.045105908
21,7,none,car,1161,102,2,2,True,0.011988273,0.035383634,0.9493174,0.0033107344
21,7,none,car,1162,102,3,3,True,0.071952805,0.09034815,0.26465067,0.57304835
21,7,none,car,1163,102,3,3,True,0.04732742,0.14148307,0.10867272,0.7025168
21,7,none,car,1164,102,2,2,True,0.15551421,0.25776047,0.5139723,0.07275307
21,7,none,car,1165,102,2,2,True,0.010977967,0.029447071,0.8208195,0.13875546
21,7,none,car,1166,102,3,0,False,0.7068845,0.0069807856,0.07704044,0.20909435
21,7,none,car,1167,102,2,2,True,0.15568566,0.019094776,0.7965511,0.028668415
21,7,none,car,1168,102,3,3,True,0.26849568,0.07268188,0.3138838,0.34493864
21,7,none,car,1169,102,2,2,True,0.08332518,0.11850556,0.56805784,0.2301114
21,7,none,car,1170,102,3,2,False,0.07945639,0.07591939,0.69118714,0.15343706
21,7,none,car,1171,102,2,1,False,0.026099514,0.5634593,0.32955715,0.080884
21,7,none,car,1172,102,3,3,True,0.040163275,0.013966462,0.27281722,0.67305297
21,7,none,car,1173,102,2,2,True,0.10515288,0.28561717,0.5762002,0.03302978
21,7,none,car,1174,102,3,2,False,0.100660056,0.038272902,0.6853134,0.17575364
21,7,none,car,1175,102,3,3,True,0.11394139,0.18580128,0.11750828,0.582749
21,7,none,car,1176,103,0,0,True,0.45893553,0.018227816,0.15162052,0.37121612
21,7,none,car,1177,103,1,1,True,0.0041770255,0.55650276,0.3820642,0.05725596
21,7,none,car,1178,103,1,1,True,0.010422634,0.5134369,0.41252854,0.06361184
21,7,none,car,1179,103,0,1,False,0.007134118,0.79054224,0.062556684,0.13976693
21,7,none,car,1180,103,1,1,True,0.08643832,0.6646692,0.1145717,0.13432083
21,7,none,car,1181,103,0,3,False,0.19800717,0.07220129,0.02784993,0.7019416
21,7,none,car,1182,103,0,0,True,0.9881072,0.00026976492,0.0083569195,0.0032661753
21,7,none,car,1183,103,1,1,True,0.0035130766,0.93821967,0.05367751,0.0045897434
21,7,none,car,1184,103,0,0,True,0.5715067,0.06002519,0.3472185,0.021249665
21,7,none,car,1185,103,1,2,False,0.05083675,0.4302924,0.49682972,0.022041144
21,7,none,car,1186,103,0,0,True,0.701217,0.055303637,0.2385498,0.004929567
21,7,none,car,1187,103,1,0,False,0.46490163,0.0879177,0.38880092,0.05837968
21,7,none,car,1188,103,1,1,True,0.0050979513,0.62237364,0.34069666,0.031831816
21,7,none,car,1189,103,0,2,False,0.24287136,0.07673453,0.6761915,0.00420259
21,7,none,car,1190,103,1,3,False,0.02132784,0.24255206,0.33073443,0.40538564
21,7,none,car,1191,103,3,2,False,0.0040014284,0.042206794,0.7642798,0.18951192
21,7,none,car,1192,103,2,2,True,0.021137835,0.0015565641,0.9724204,0.0048851385
21,7,none,car,1193,103,2,2,True,0.022929512,0.014790839,0.9340207,0.028258964
21,7,none,car,1194,103,3,0,False,0.43508393,0.04902524,0.12730949,0.3885813
21,7,none,car,1195,103,2,3,False,0.22641763,0.14987786,0.11051089,0.5131936
21,7,none,car,1196,103,3,2,False,0.31484532,0.06576979,0.4298247,0.18956016
21,7,none,car,1197,103,3,2,False,0.14193839,0.011609577,0.59361196,0.25284004
21,7,none,car,1198,103,2,2,True,0.016561681,0.0040881354,0.97744817,0.0019019267
21,7,none,car,1199,103,2,2,True,0.16410875,0.096867785,0.736881,0.0021423926
21,7,none,car,1200,103,3,1,False,0.17134295,0.4208675,0.024818825,0.3829707
21,7,none,car,1201,103,3,2,False,0.056595236,0.12755181,0.5996457,0.21620727
21,7,none,car,1202,103,2,2,True,0.005078558,0.0026582577,0.9920257,0.0002374117
21,7,none,car,1203,103,3,3,True,0.25986996,0.09713674,0.25612998,0.38686335
21,7,none,car,1204,103,2,1,False,0.105186254,0.64785117,0.23263831,0.014324277
21,7,none,car,1205,103,2,1,False,0.023978945,0.61830467,0.23938502,0.118331365
21,7,none,car,1206,103,1,2,False,0.014594387,0.019132884,0.9653751,0.000897636
21,7,none,car,1207,103,0,3,False,0.12442034,0.021789845,0.28369528,0.5700946
21,7,none,car,1208,103,1,2,False,0.0025236243,0.4739415,0.51788175,0.005653146
21,7,none,car,1209,103,0,0,True,0.62564975,0.029069344,0.26718453,0.078096375
21,7,none,car,1210,103,0,0,True,0.9674155,0.0019016921,0.012477616,0.018205147
21,7,none,car,1211,103,1,3,False,0.0071394076,0.30631837,0.19500917,0.49153298
21,7,none,car,1212,103,1,3,False,0.019103808,0.16973746,0.07175218,0.7394065
21,7,none,car,1213,103,0,0,True,0.7307366,0.15275586,0.09182187,0.024685645
21,7,none,car,1214,103,0,2,False,0.41813102,0.12412678,0.45390424,0.0038378898
21,7,none,car,1215,103,1,2,False,0.42291674,0.013036087,0.5110177,0.053029478
21,7,none,car,1216,103,1,1,True,0.002253842,0.9801122,0.013343298,0.0042906674
21,7,none,car,1217,103,0,0,True,0.8932051,0.011824358,0.07857518,0.01639539
21,7,none,car,1218,103,0,2,False,0.3778381,0.0067207636,0.6136723,0.0017688007
21,7,none,car,1219,103,1,2,False,0.07737994,0.13129523,0.7891538,0.0021709865
21,7,none,car,1220,103,0,0,True,0.56436366,0.0083337175,0.4211995,0.006103142
21,7,none,car,1221,103,2,2,True,0.010234728,0.014451407,0.9685894,0.0067244866
21,7,none,car,1222,103,3,2,False,0.001579559,0.002019442,0.9455606,0.05084034
21,7,none,car,1223,103,2,2,True,0.0108658895,0.2357998,0.75135654,0.0019777613
21,7,none,car,1224,103,3,2,False,0.040311933,0.011245631,0.8322494,0.11619307
21,7,none,car,1225,103,3,3,True,0.062375892,0.018091269,0.04120535,0.8783275
21,7,none,car,1226,103,2,2,True,0.1323722,0.029068172,0.69958925,0.13897036
21,7,none,car,1227,103,3,2,False,0.098189756,0.07572682,0.6023214,0.22376208
21,7,none,car,1228,103,2,2,True,0.09594828,0.061623875,0.7001508,0.14227708
21,7,none,car,1229,103,3,3,True,0.06334204,0.012979958,0.017421003,0.906257
21,7,none,car,1230,103,2,2,True,0.043712556,0.01312298,0.88975495,0.053409524
21,7,none,car,1231,103,2,2,True,0.028473008,0.061261404,0.90448946,0.00577615
21,7,none,car,1232,103,3,2,False,0.056467116,0.16619506,0.66250795,0.114829846
21,7,none,car,1233,103,3,2,False,0.11010783,0.17856894,0.5012747,0.21004851
21,7,none,car,1234,103,2,2,True,0.04721004,0.06857817,0.8645443,0.019667564
21,7,none,car,1235,103,3,2,False,0.0076624076,0.04552648,0.67028475,0.27652645
21,7,none,car,1236,103,1,1,True,0.014485263,0.84237,0.11222595,0.030918855
21,7,none,car,1237,103,0,2,False,0.20854802,0.0034487115,0.73194116,0.056062054
21,7,none,car,1238,103,0,0,True,0.8345912,0.010725522,0.06749939,0.08718383
21,7,none,car,1239,103,1,2,False,0.014622265,0.066188514,0.87166685,0.047522333
21,7,none,car,1240,103,1,1,True,0.006317621,0.6675851,0.067212224,0.25888512
21,7,none,car,1241,103,0,2,False,0.091691345,0.0057568443,0.8337109,0.068841
21,7,none,car,1242,103,1,1,True,0.0023903477,0.8314769,0.013189837,0.15294278
21,7,none,car,1243,103,0,2,False,0.4400019,0.0017062664,0.5540824,0.0042093834
21,7,none,car,1244,103,0,0,True,0.550826,0.01725034,0.32868102,0.103242636
21,7,none,car,1245,103,1,1,True,0.016347662,0.5039018,0.23963405,0.24011642
21,7,none,car,1246,103,0,0,True,0.5352183,0.008045243,0.44388616,0.012850293
21,7,none,car,1247,103,1,2,False,0.2177338,0.12257115,0.5239167,0.13577832
21,7,none,car,1248,103,1,1,True,0.03411542,0.59170085,0.3656845,0.008499204
21,7,none,car,1249,103,0,0,True,0.9617944,0.0018844969,0.03309325,0.0032279321
21,7,none,car,1250,103,1,1,True,0.1099557,0.5443926,0.05249739,0.29315436
21,7,none,car,1251,103,3,3,True,0.0058491197,0.011319734,0.042808052,0.94002306
21,7,none,car,1252,103,2,1,False,0.00817077,0.47940534,0.46580422,0.0466196
21,7,none,car,1253,103,3,3,True,0.14377369,0.1665248,0.14391783,0.5457837
21,7,none,car,1254,103,2,0,False,0.35317612,0.1145816,0.280669,0.2515733
21,7,none,car,1255,103,2,2,True,0.028714195,0.086847745,0.8580474,0.026390634
21,7,none,car,1256,103,3,2,False,0.17223302,0.15708701,0.3495598,0.32112017
21,7,none,car,1257,103,2,1,False,0.13390794,0.5673067,0.09452927,0.2042561
21,7,none,car,1258,103,3,1,False,0.24911724,0.5486367,0.08189504,0.120351054
21,7,none,car,1259,103,2,2,True,0.014594283,0.0037370038,0.97959524,0.0020734363
21,7,none,car,1260,103,3,2,False,0.057218954,0.13458718,0.58555645,0.22263743
21,7,none,car,1261,103,3,3,True,0.015218101,0.22095902,0.15366435,0.6101585
21,7,none,car,1262,103,2,2,True,0.0025754613,0.06275327,0.93090814,0.0037631032
21,7,none,car,1263,103,2,2,True,0.021750927,0.011753724,0.964427,0.0020684032
21,7,none,car,1264,103,3,3,True,0.065187335,0.02950345,0.014737622,0.8905716
21,7,none,car,1265,103,3,3,True,0.0010232172,0.08551151,0.031615045,0.8818502
21,7,none,car,1266,104,0,1,False,0.31727615,0.5452401,0.08618545,0.051298313
21,7,none,car,1267,104,1,1,True,0.07192698,0.9088501,0.016409725,0.0028132075
21,7,none,car,1268,104,1,2,False,0.113800235,0.27222428,0.5867068,0.027268609
21,7,none,car,1269,104,0,1,False,0.18456548,0.58523595,0.100006364,0.13019216
21,7,none,car,1270,104,1,1,True,0.09087967,0.58423597,0.26558745,0.05929698
21,7,none,car,1271,104,0,2,False,0.07831957,0.2244325,0.6691967,0.028051188
21,7,none,car,1272,104,1,1,True,0.25630426,0.66681653,0.057372123,0.0195071
21,7,none,car,1273,104,0,2,False,0.38987246,0.10146762,0.45752957,0.05113044
21,7,none,car,1274,104,0,1,False,0.06264683,0.86400187,0.071750686,0.0016005458
21,7,none,car,1275,104,1,1,True,0.0717022,0.72009784,0.20384364,0.0043562097
21,7,none,car,1276,104,0,1,False,0.16910796,0.46699715,0.33902666,0.024868205
21,7,none,car,1277,104,1,2,False,0.024671316,0.33111206,0.40972912,0.23448747
21,7,none,car,1278,104,1,2,False,0.30224004,0.15510373,0.5204553,0.022200892
21,7,none,car,1279,104,0,0,True,0.4689401,0.12405825,0.36673257,0.040269002
21,7,none,car,1280,104,1,1,True,0.00040569325,0.99096537,0.0009357353,0.0076932735
21,7,none,car,1281,104,2,2,True,0.11446372,0.20140715,0.6382234,0.045905698
21,7,none,car,1282,104,3,2,False,0.064218715,0.2762439,0.49852747,0.16101003
21,7,none,car,1283,104,3,3,True,0.19018473,0.0583443,0.08592004,0.66555095
21,7,none,car,1284,104,2,1,False,0.012659149,0.8020822,0.18067205,0.0045865476
21,7,none,car,1285,104,3,2,False,0.24153966,0.2400579,0.36181033,0.15659216
21,7,none,car,1286,104,2,1,False,0.023181768,0.9456618,0.020364033,0.010792422
21,7,none,car,1287,104,2,2,True,0.037908144,0.44485897,0.45564032,0.061592553
21,7,none,car,1288,104,3,3,True,0.045597386,0.15597522,0.01453244,0.783895
21,7,none,car,1289,104,2,1,False,0.010011126,0.86868304,0.119866066,0.0014398765
21,7,none,car,1290,104,3,1,False,0.065890476,0.5734051,0.21219489,0.14850953
21,7,none,car,1291,104,3,3,True,0.08763248,0.09654748,0.10071256,0.7151075
21,7,none,car,1292,104,2,3,False,0.09211419,0.13170302,0.099865034,0.67631775
21,7,none,car,1293,104,3,3,True,0.16385828,0.23044954,0.037468918,0.5682233
21,7,none,car,1294,104,2,2,True,0.021569423,0.33536142,0.5626844,0.080384724
21,7,none,car,1295,104,3,0,False,0.43284613,0.16005649,0.26632562,0.14077184
21,7,none,car,1296,104,0,3,False,0.27571163,0.22006379,0.05595046,0.44827417
21,7,none,car,1297,104,1,1,True,0.07038039,0.7962992,0.09838003,0.034940314
21,7,none,car,1298,104,1,1,True,0.00312211,0.99226224,0.0015356552,0.003080094
21,7,none,car,1299,104,0,0,True,0.91604334,0.0391066,0.03875818,0.0060918867
21,7,none,car,1300,104,0,0,True,0.93212485,0.01783782,0.011984556,0.03805275
21,7,none,car,1301,104,1,1,True,0.002137037,0.9619718,0.027313346,0.008577915
21,7,none,car,1302,104,0,0,True,0.45821145,0.42906412,0.07138192,0.041342434
21,7,none,car,1303,104,1,1,True,0.16952118,0.7090449,0.086493686,0.034940206
21,7,none,car,1304,104,0,0,True,0.7398194,0.13401489,0.11586768,0.010297994
21,7,none,car,1305,104,1,1,True,0.12173049,0.8162353,0.044862006,0.017172135
21,7,none,car,1306,104,1,1,True,6.6006905e-05,0.9248544,0.07237017,0.0027094556
21,7,none,car,1307,104,0,0,True,0.9339739,0.0574174,0.007458584,0.001150107
21,7,none,car,1308,104,3,3,True,0.0054351483,0.15125628,0.056140836,0.7871677
21,7,none,car,1309,104,2,1,False,0.059235297,0.60792106,0.2520073,0.08083632
21,7,none,car,1310,104,3,3,True,0.29439846,0.27936623,0.071798116,0.35443723
21,7,none,car,1311,104,2,0,False,0.75822926,0.064331934,0.113675,0.06376383
21,7,none,car,1312,104,3,0,False,0.4862588,0.21924387,0.02032093,0.27417645
21,7,none,car,1313,104,2,2,True,0.067965485,0.37006593,0.5535457,0.008422889
21,7,none,car,1314,104,3,3,True,0.034994777,0.25446713,0.10430601,0.6062321
21,7,none,car,1315,104,2,1,False,0.29310897,0.34157464,0.15872113,0.20659527
21,7,none,car,1316,104,3,1,False,0.047984548,0.6105344,0.3059143,0.035566743
21,7,none,car,1317,104,2,2,True,0.16149381,0.35782418,0.45952994,0.021152033
21,7,none,car,1318,104,2,2,True,0.15405908,0.16023298,0.64548826,0.0402197
21,7,none,car,1319,104,3,2,False,0.20934753,0.13428897,0.47142923,0.18493432
21,7,none,car,1320,104,3,3,True,0.4411924,0.06148332,0.05521419,0.44211012
21,7,none,car,1321,104,2,1,False,0.046924017,0.50305074,0.43256092,0.017464329
21,7,none,car,1322,104,2,2,True,0.07591253,0.011993292,0.90947837,0.002615789
21,7,none,car,1323,104,0,0,True,0.6573454,0.10345854,0.17746547,0.061730567
21,7,none,car,1324,104,1,2,False,0.0136059355,0.43709916,0.52971137,0.019583497
21,7,none,car,1325,104,0,2,False,0.22712603,0.051217534,0.70592326,0.015733156
21,7,none,car,1326,104,1,1,True,0.08117568,0.4909672,0.40259132,0.025265753
21,7,none,car,1327,104,0,2,False,0.20159163,0.21042402,0.5655098,0.022474537
21,7,none,car,1328,104,1,1,True,0.0057616024,0.55445474,0.12619714,0.31358653
21,7,none,car,1329,104,0,0,True,0.9994073,7.240824e-05,0.00029110562,0.00022919808
21,7,none,car,1330,104,1,2,False,0.08372565,0.24591358,0.5676753,0.10268548
21,7,none,car,1331,104,1,1,True,0.040791743,0.92266446,0.024354927,0.012188932
21,7,none,car,1332,104,0,1,False,0.08684717,0.8912691,0.017498348,0.004385363
21,7,none,car,1333,104,0,2,False,0.40565294,0.13759886,0.42130655,0.03544163
21,7,none,car,1334,104,1,1,True,0.3361177,0.47529876,0.12027367,0.0683098
21,7,none,car,1335,104,1,2,False,0.25665385,0.0666306,0.3779042,0.29881138
21,7,none,car,1336,104,0,0,True,0.5067369,0.014727839,0.4715884,0.0069468645
21,7,none,car,1337,104,0,2,False,0.27329078,0.033757333,0.6191602,0.07379169
21,7,none,car,1338,104,2,2,True,0.0054778215,0.023129174,0.94244397,0.028949039
21,7,none,car,1339,104,3,1,False,0.10589672,0.542307,0.32819596,0.023600325
21,7,none,car,1340,104,2,1,False,0.34437287,0.4145408,0.23053393,0.010552387
21,7,none,car,1341,104,3,3,True,0.04528032,0.10480016,0.07476301,0.77515656
21,7,none,car,1342,104,3,3,True,0.06884216,0.338552,0.028016366,0.5645895
21,7,none,car,1343,104,2,2,True,0.01601822,0.09383227,0.8857447,0.0044048773
21,7,none,car,1344,104,3,3,True,0.017839927,0.029789917,0.039789584,0.9125805
21,7,none,car,1345,104,2,2,True,0.047379848,0.18773142,0.7375362,0.027352585
21,7,none,car,1346,104,3,3,True,0.31257024,0.10870801,0.15390214,0.42481962
21,7,none,car,1347,104,2,2,True,0.1447619,0.17012468,0.67505217,0.010061207
21,7,none,car,1348,104,3,1,False,0.006838547,0.41495806,0.20574892,0.3724544
21,7,none,car,1349,104,2,1,False,0.005559827,0.84284484,0.120151296,0.031444103
21,7,none,car,1350,104,2,2,True,0.03465299,0.3772158,0.5295687,0.05856255
21,7,none,car,1351,104,3,2,False,0.2713746,0.12212705,0.34689912,0.2595992
21,7,none,car,1352,104,3,2,False,0.07565536,0.15686491,0.4349811,0.33249864
21,7,none,car,1353,105,0,0,True,0.9778129,0.0007983545,0.0142197395,0.0071691023
21,7,none,car,1354,105,1,1,True,0.00043212602,0.9795736,0.01738028,0.0026138383
21,7,none,car,1355,105,1,1,True,0.00029667228,0.97749525,0.017072484,0.005135567
21,7,none,car,1356,105,0,0,True,0.92229277,0.0016127041,0.037070427,0.039024066
21,7,none,car,1357,105,1,1,True,0.00011421487,0.9566702,0.04114665,0.002069039
21,7,none,car,1358,105,0,0,True,0.99930966,2.9377084e-06,0.0005817173,0.00010563543
21,7,none,car,1359,105,1,1,True,0.00067381334,0.98567224,0.0073261824,0.0063277185
21,7,none,car,1360,105,0,0,True,0.9759418,0.00059822743,0.00631412,0.017145969
21,7,none,car,1361,105,0,0,True,0.98038507,0.00046837926,0.017131284,0.002015188
21,7,none,car,1362,105,1,1,True,0.006931781,0.72400993,0.0067483406,0.2623099
21,7,none,car,1363,105,1,1,True,7.6864606e-05,0.9763832,0.0092800325,0.014259833
21,7,none,car,1364,105,0,0,True,0.99875605,0.00015576168,0.00045997242,0.0006282598
21,7,none,car,1365,105,1,2,False,0.013336586,0.2944381,0.5992732,0.09295218
21,7,none,car,1366,105,0,0,True,0.9527144,0.00014351956,0.03573116,0.011410922
21,7,none,car,1367,105,0,0,True,0.86696833,0.011335265,0.09873433,0.022961993
21,7,none,car,1368,105,3,3,True,0.01399356,0.00786629,0.01320533,0.9649348
21,7,none,car,1369,105,2,2,True,0.031920828,0.064234816,0.47736004,0.42648438
21,7,none,car,1370,105,2,3,False,0.004392438,0.02404025,0.38218173,0.58938557
21,7,none,car,1371,105,3,3,True,0.0040090154,0.015374674,0.29339105,0.6872253
21,7,none,car,1372,105,3,3,True,0.066212304,0.010102165,0.38182792,0.54185766
21,7,none,car,1373,105,2,2,True,0.007834851,0.009994904,0.6698832,0.31228703
21,7,none,car,1374,105,3,3,True,0.0028528858,0.015632348,0.035747796,0.945767
21,7,none,car,1375,105,2,2,True,0.0069012083,0.022029713,0.9490168,0.022052309
21,7,none,car,1376,105,3,3,True,0.016790068,0.30088875,0.27362436,0.4086968
21,7,none,car,1377,105,2,2,True,0.008910415,0.030166142,0.9134677,0.04745572
21,7,none,car,1378,105,3,2,False,0.023582896,0.008762762,0.95430344,0.013350865
21,7,none,car,1379,105,2,3,False,0.00095670327,0.015792547,0.23707967,0.74617106
21,7,none,car,1380,105,3,3,True,0.0027428195,0.0013408023,0.06315365,0.9327628
21,7,none,car,1381,105,2,2,True,0.0041323164,0.0051213973,0.9762625,0.0144837275
21,7,none,car,1382,105,2,2,True,0.0020179907,0.024189424,0.60047835,0.37331426
21,7,none,car,1383,105,1,1,True,5.583552e-05,0.9814966,0.01742475,0.0010228029
21,7,none,car,1384,105,0,2,False,0.04678404,0.00083622395,0.88912195,0.06325782
21,7,none,car,1385,105,1,1,True,0.00013465705,0.8321623,0.15973078,0.007972325
21,7,none,car,1386,105,0,3,False,0.120939754,0.0007154196,0.3153298,0.56301504
21,7,none,car,1387,105,0,2,False,0.21499732,0.0002590361,0.7409446,0.043799058
21,7,none,car,1388,105,1,1,True,0.004301873,0.9358496,0.05549072,0.0043578865
21,7,none,car,1389,105,1,1,True,0.00026665276,0.9362108,0.06321665,0.00030587785
21,7,none,car,1390,105,0,0,True,0.95297855,0.002975879,0.041516706,0.00252893
21,7,none,car,1391,105,0,0,True,0.83325034,0.024184348,0.13597456,0.006590732
21,7,none,car,1392,105,1,1,True,0.00057984865,0.87268484,0.12257198,0.004163221
21,7,none,car,1393,105,0,0,True,0.925889,0.0018570789,0.048346527,0.023907494
21,7,none,car,1394,105,1,1,True,0.0009966978,0.97028875,0.02812879,0.0005857686
21,7,none,car,1395,105,0,2,False,0.07800613,0.0008671655,0.9192605,0.0018662582
21,7,none,car,1396,105,1,1,True,2.4816045e-05,0.987708,0.012134032,0.00013311523
21,7,none,car,1397,105,1,1,True,0.0024522238,0.6645081,0.31122902,0.021810703
21,7,none,car,1398,105,3,2,False,0.0046969606,0.0046416814,0.9078183,0.08284305
21,7,none,car,1399,105,2,2,True,0.0018438977,0.0044592703,0.9656582,0.028038658
21,7,none,car,1400,105,3,2,False,0.008245696,0.011124171,0.7306822,0.2499479
21,7,none,car,1401,105,2,2,True,0.002849668,0.0032477432,0.9880222,0.00588032
21,7,none,car,1402,105,3,2,False,0.0017168659,0.007715287,0.9466519,0.043915864
21,7,none,car,1403,105,2,2,True,0.0018870312,0.0036103737,0.9860049,0.008497725
21,7,none,car,1404,105,3,2,False,0.0038980893,0.018122317,0.93049246,0.04748713
21,7,none,car,1405,105,2,3,False,0.13489555,0.055650078,0.21114711,0.5983073
21,7,none,car,1406,105,3,2,False,0.0036426762,0.0017601389,0.7384588,0.25613832
21,7,none,car,1407,105,2,2,True,0.0018019908,0.07015504,0.8797807,0.048262227
21,7,none,car,1408,105,2,2,True,0.006348423,0.12052118,0.5719268,0.30120355
21,7,none,car,1409,105,3,2,False,0.022251587,0.28985566,0.46052924,0.22736354
21,7,none,car,1410,105,3,3,True,0.00785758,0.04127338,0.10833024,0.84253883
21,7,none,car,1411,105,2,2,True,0.0012603063,0.01161263,0.9494336,0.037693482
21,7,none,car,1412,105,2,2,True,0.0029444904,0.021628264,0.9677654,0.007661877
21,7,none,car,1413,105,1,3,False,0.0010274071,0.38883066,0.083576754,0.5265652
21,7,none,car,1414,105,0,0,True,0.8848087,0.0059945765,0.10657619,0.0026205177
21,7,none,car,1415,105,1,1,True,0.00062303414,0.83075255,0.13928191,0.029342532
21,7,none,car,1416,105,0,2,False,0.14853366,0.025255276,0.7524472,0.073763885
21,7,none,car,1417,105,1,1,True,0.00025810386,0.8352249,0.1345799,0.029937105
21,7,none,car,1418,105,0,2,False,0.09276714,0.0013939464,0.87731886,0.028520003
21,7,none,car,1419,105,1,2,False,0.00740627,0.19873543,0.6845449,0.10931336
21,7,none,car,1420,105,0,0,True,0.5543092,0.016188407,0.3738471,0.055655308
21,7,none,car,1421,105,0,2,False,0.12839131,0.052174103,0.6867745,0.13266009
21,7,none,car,1422,105,1,1,True,0.0067415587,0.830695,0.15670884,0.0058546043
21,7,none,car,1423,105,1,1,True,0.00011574658,0.9897177,0.0059425775,0.004223917
21,7,none,car,1424,105,0,0,True,0.7180611,0.005256493,0.23109198,0.045590423
21,7,none,car,1425,105,1,2,False,0.00018784987,0.39884055,0.58725154,0.013720009
21,7,none,car,1426,105,0,2,False,0.004644193,0.00028093482,0.99089444,0.004180362
21,7,none,car,1427,105,0,2,False,0.1838127,0.0052452018,0.50599587,0.30494618
21,7,none,car,1428,105,2,2,True,0.009998014,0.057665445,0.5138207,0.4185158
21,7,none,car,1429,105,3,2,False,0.010543158,0.014083785,0.58048046,0.3948925
21,7,none,car,1430,105,3,3,True,0.012774336,0.020337025,0.3354102,0.6314785
21,7,none,car,1431,105,2,2,True,0.0021933978,0.009479877,0.88403976,0.104287036
21,7,none,car,1432,105,3,2,False,0.013039136,0.031615738,0.68204343,0.2733017
21,7,none,car,1433,105,2,2,True,0.0046170526,0.020256506,0.95145935,0.023667116
21,7,none,car,1434,105,3,2,False,0.011075171,0.046050657,0.82382596,0.11904815
21,7,none,car,1435,105,2,2,True,0.019411117,0.017872691,0.914789,0.04792716
21,7,none,car,1436,105,3,2,False,0.0024302409,0.040615696,0.5149434,0.44201064
21,7,none,car,1437,105,2,2,True,0.00027121045,0.0024980453,0.9959384,0.0012922743
21,7,none,car,1438,105,2,2,True,0.0027130367,0.04479493,0.83987594,0.11261613
21,7,none,car,1439,105,3,2,False,0.008965772,0.038366962,0.7464035,0.2062637
21,7,none,car,1440,105,2,2,True,0.0045666955,0.011265268,0.9078365,0.07633148
21,7,none,car,1441,105,3,2,False,0.001112742,0.0025283354,0.9389035,0.05745542
21,7,none,car,1442,105,2,2,True,0.020946488,0.011585048,0.6138803,0.35358816
21,7,none,car,1443,106,0,2,False,0.0021644242,0.0037555026,0.929335,0.06474508
21,7,none,car,1444,106,1,2,False,0.004520872,0.15249535,0.8203671,0.022616668
21,7,none,car,1445,106,0,2,False,0.0042608436,0.009429801,0.9695948,0.01671461
21,7,none,car,1446,106,1,2,False,0.010965113,0.028467717,0.8701145,0.09045272
21,7,none,car,1447,106,0,2,False,0.002744142,0.0025686747,0.99431795,0.0003692477
21,7,none,car,1448,106,1,2,False,0.0017416459,0.0041979896,0.94487387,0.04918649
21,7,none,car,1449,106,0,2,False,0.049609445,0.16240062,0.65956146,0.12842849
21,7,none,car,1450,106,1,1,True,0.018890401,0.4915233,0.2197535,0.26983282
21,7,none,car,1451,106,0,1,False,0.20329003,0.51392746,0.21129923,0.07148333
21,7,none,car,1452,106,1,2,False,0.0015968515,0.01909133,0.97622424,0.0030875045
21,7,none,car,1453,106,0,1,False,0.008203797,0.4892376,0.42654052,0.07601807
21,7,none,car,1454,106,1,2,False,0.0014306816,0.20054536,0.79756165,0.00046233114
21,7,none,car,1455,106,1,1,True,0.0032593405,0.81254643,0.111044705,0.07314954
21,7,none,car,1456,106,0,0,True,0.6585559,0.014992173,0.29576328,0.030688504
21,7,none,car,1457,106,0,0,True,0.86842746,0.0023972893,0.12819962,0.0009756131
21,7,none,car,1458,106,3,2,False,0.0035539037,0.010955682,0.9073498,0.078140564
21,7,none,car,1459,106,2,2,True,0.005465201,0.10040679,0.5919738,0.30215418
21,7,none,car,1460,106,3,2,False,0.021612216,0.106931806,0.77615964,0.095296316
21,7,none,car,1461,106,2,2,True,0.048069667,0.37327862,0.5336335,0.04501828
21,7,none,car,1462,106,2,2,True,0.003125367,0.021299228,0.9429682,0.032607287
21,7,none,car,1463,106,3,1,False,0.010797083,0.6502474,0.22659269,0.11236287
21,7,none,car,1464,106,3,3,True,0.015860515,0.23763515,0.18659009,0.55991423
21,7,none,car,1465,106,2,2,True,0.028318182,0.0157783,0.9339165,0.02198694
21,7,none,car,1466,106,3,1,False,0.011860834,0.86807925,0.105672084,0.014387898
21,7,none,car,1467,106,2,2,True,0.008789015,0.027058765,0.96145386,0.002698384
21,7,none,car,1468,106,3,2,False,0.064735875,0.04800965,0.8150611,0.07219335
21,7,none,car,1469,106,2,1,False,0.041611318,0.6053695,0.32613525,0.026883893
21,7,none,car,1470,106,3,2,False,0.028372813,0.097453766,0.51272726,0.3614462
21,7,none,car,1471,106,2,2,True,0.31143466,0.12070967,0.34252423,0.22533143
21,7,none,car,1472,106,3,3,True,0.1720698,0.045259405,0.18080118,0.6018696
21,7,none,car,1473,106,1,1,True,3.801668e-05,0.9984952,0.0011072621,0.00035954136
21,7,none,car,1474,106,0,3,False,0.21368888,0.021245433,0.10765031,0.6574154
21,7,none,car,1475,106,1,2,False,0.0039377348,0.09456843,0.896294,0.0051998827
21,7,none,car,1476,106,0,2,False,0.008457245,0.1312494,0.85685414,0.0034392676
21,7,none,car,1477,106,0,3,False,0.07596294,0.30233982,0.23810208,0.3835951
21,7,none,car,1478,106,1,2,False,0.017034825,0.145453,0.49074313,0.34676898
21,7,none,car,1479,106,1,1,True,0.00015567169,0.9971021,0.0015222996,0.0012199589
21,7,none,car,1480,106,0,2,False,0.042245395,0.09673394,0.8407648,0.020255914
21,7,none,car,1481,106,0,1,False,0.017893614,0.36808494,0.36255333,0.25146812
21,7,none,car,1482,106,1,2,False,0.04923212,0.45434552,0.49335268,0.0030698164
21,7,none,car,1483,106,1,1,True,0.0002447257,0.97774553,0.021616425,0.00039326126
21,7,none,car,1484,106,0,0,True,0.6555905,0.12775294,0.1953789,0.02127762
21,7,none,car,1485,106,0,2,False,0.020085728,0.337333,0.5435022,0.09907905
21,7,none,car,1486,106,1,1,True,0.00111201,0.9665914,0.031686373,0.00061007636
21,7,none,car,1487,106,0,2,False,0.014729672,0.34385082,0.5613481,0.08007144
21,7,none,car,1488,106,2,2,True,0.0015523803,0.003204341,0.9947089,0.0005342621
21,7,none,car,1489,106,3,3,True,0.11738075,0.056954518,0.12735303,0.6983117
21,7,none,car,1490,106,2,2,True,0.020113252,0.28046733,0.6607688,0.038650583
21,7,none,car,1491,106,3,2,False,0.009215591,0.0013869074,0.922742,0.06665542
21,7,none,car,1492,106,3,2,False,0.1192315,0.1289403,0.6184063,0.13342191
21,7,none,car,1493,106,2,2,True,0.13235638,0.07364301,0.7760993,0.01790125
21,7,none,car,1494,106,2,2,True,0.016731704,0.21553808,0.76059836,0.0071318983
21,7,none,car,1495,106,3,0,False,0.5731366,0.055782966,0.3373697,0.03371064
21,7,none,car,1496,106,2,2,True,0.012192055,0.25397727,0.7331489,0.00068182277
21,7,none,car,1497,106,3,2,False,0.025152944,0.010110615,0.9636582,0.001078251
21,7,none,car,1498,106,3,2,False,0.022077922,0.12963082,0.8203905,0.02790079
21,7,none,car,1499,106,2,2,True,0.052553263,0.07804076,0.8477926,0.021613259
21,7,none,car,1500,106,2,2,True,0.0028283005,0.10386476,0.78030586,0.11300106
21,7,none,car,1501,106,3,3,True,0.0062569086,0.020125115,0.14614256,0.8274754
21,7,none,car,1502,106,2,2,True,0.032287367,0.022879053,0.9428508,0.0019827962
21,7,none,car,1503,106,1,1,True,0.0021650502,0.9014,0.09453015,0.0019048755
21,7,none,car,1504,106,0,1,False,0.052495494,0.47298422,0.41885385,0.055666436
21,7,none,car,1505,106,0,2,False,0.0075661466,0.004323056,0.8956965,0.09241426
21,7,none,car,1506,106,1,2,False,0.07427736,0.020667447,0.9007624,0.0042927684
21,7,none,car,1507,106,0,2,False,0.34525508,0.114166476,0.46341887,0.077159576
21,7,none,car,1508,106,1,1,True,0.00067906897,0.8497706,0.066740304,0.08280997
21,7,none,car,1509,106,0,2,False,0.09744513,0.15703267,0.70409393,0.04142835
21,7,none,car,1510,106,1,2,False,0.021146072,0.06764148,0.90496624,0.0062462115
21,7,none,car,1511,106,1,1,True,0.00052390405,0.97153026,0.024765635,0.003180196
21,7,none,car,1512,106,0,0,True,0.6780823,0.10088205,0.18183699,0.039198585
21,7,none,car,1513,106,0,0,True,0.74483776,0.019884339,0.23228858,0.0029893306
21,7,none,car,1514,106,1,2,False,0.0036847023,0.012109853,0.9809764,0.0032289466
21,7,none,car,1515,106,1,1,True,0.011184318,0.40872437,0.2805514,0.2995399
21,7,none,car,1516,106,0,2,False,0.32783598,0.0019057357,0.6400603,0.030197931
21,7,none,car,1517,106,0,0,True,0.42083457,0.26889995,0.19627024,0.113995306
21,7,none,car,1518,106,2,2,True,0.0067743184,0.3976685,0.5837005,0.011856621
21,7,none,car,1519,106,3,1,False,0.04376506,0.47177437,0.31974173,0.16471887
21,7,none,car,1520,106,2,2,True,0.035643037,0.2830099,0.5031314,0.17821571
21,7,none,car,1521,106,3,2,False,0.017810239,0.032517944,0.87705964,0.072612196
21,7,none,car,1522,106,2,2,True,0.047382325,0.18694654,0.7515248,0.01414633
21,7,none,car,1523,106,3,2,False,0.09347724,0.07483733,0.74682546,0.08485999
21,7,none,car,1524,106,2,2,True,0.014004939,0.021311298,0.9511478,0.013536021
21,7,none,car,1525,106,3,2,False,0.018930847,0.46856114,0.4716925,0.040815406
21,7,none,car,1526,106,2,2,True,0.00044725373,0.004537356,0.9802522,0.014763253
21,7,none,car,1527,106,3,2,False,0.05194122,0.048305467,0.8936291,0.0061242115
21,7,none,car,1528,106,3,0,False,0.68140835,0.026659342,0.21182194,0.08011035
21,7,none,car,1529,106,2,2,True,0.0302971,0.0116279395,0.7303258,0.22774914
21,7,none,car,1530,106,3,2,False,0.15335591,0.05995225,0.775511,0.011180859
21,7,none,car,1531,106,2,2,True,0.00095735566,0.0087303175,0.989224,0.0010883716
21,7,none,car,1532,106,2,2,True,0.111129425,0.003564298,0.88071704,0.0045892145
21,7,none,car,1533,107,1,1,True,0.0019501472,0.9684549,0.008595488,0.020999437
21,7,none,car,1534,107,0,1,False,0.18301053,0.47027978,0.2448872,0.101822436
21,7,none,car,1535,107,0,0,True,0.91930306,0.042482346,0.036023237,0.0021914006
21,7,none,car,1536,107,1,1,True,0.00012814242,0.9906378,0.00019486461,0.009039244
21,7,none,car,1537,107,0,0,True,0.73503226,0.24014004,0.015017504,0.009810196
21,7,none,car,1538,107,1,1,True,0.0009316423,0.98870766,0.0062199733,0.004140711
21,7,none,car,1539,107,0,0,True,0.9155426,0.050201204,0.025306817,0.008949381
21,7,none,car,1540,107,1,1,True,0.00568873,0.9826063,0.010236126,0.0014688976
21,7,none,car,1541,107,0,0,True,0.9858985,0.0020108405,0.0022196884,0.0098711215
21,7,none,car,1542,107,1,1,True,0.010374521,0.9569765,0.016500857,0.0161482
21,7,none,car,1543,107,0,0,True,0.8374298,0.05183613,0.058174092,0.052560005
21,7,none,car,1544,107,1,1,True,0.022447977,0.695796,0.104152046,0.17760389
21,7,none,car,1545,107,0,0,True,0.9772339,0.00076738826,0.00399329,0.018005399
21,7,none,car,1546,107,1,1,True,0.0037080362,0.6793977,0.03611232,0.28078192
21,7,none,car,1547,107,0,0,True,0.99361223,0.0017719327,0.003288553,0.0013271713
21,7,none,car,1548,107,3,1,False,0.046450485,0.7234235,0.056461085,0.17366503
21,7,none,car,1549,107,2,1,False,0.019918803,0.61484563,0.31550282,0.04973267
21,7,none,car,1550,107,3,3,True,0.09188527,0.36946666,0.10507734,0.4335707
21,7,none,car,1551,107,2,1,False,0.0144037,0.8899551,0.050919466,0.044721644
21,7,none,car,1552,107,3,0,False,0.8345189,0.07916527,0.050738573,0.035577208
21,7,none,car,1553,107,2,2,True,0.09779338,0.08001576,0.72074556,0.10144521
21,7,none,car,1554,107,2,0,False,0.64495885,0.113878764,0.017515937,0.2236464
21,7,none,car,1555,107,3,3,True,0.42223033,0.017121278,0.0005034472,0.5601449
21,7,none,car,1556,107,3,0,False,0.8144159,0.011590055,0.1694912,0.004502899
21,7,none,car,1557,107,2,2,True,0.04866826,0.38736683,0.52524096,0.038723953
21,7,none,car,1558,107,2,1,False,0.027379727,0.935102,0.022826549,0.014691812
21,7,none,car,1559,107,3,0,False,0.7001595,0.24318397,0.011943987,0.044712555
21,7,none,car,1560,107,2,1,False,0.09056443,0.44342792,0.13587867,0.330129
21,7,none,car,1561,107,3,1,False,0.04133312,0.55374485,0.06665417,0.3382679
21,7,none,car,1562,107,3,3,True,0.35255682,0.027970992,0.18944874,0.43002343
21,7,none,car,1563,107,1,1,True,0.031460095,0.8937084,0.014359496,0.06047197
21,7,none,car,1564,107,0,0,True,0.93277884,0.04672415,0.011026872,0.009470113
21,7,none,car,1565,107,1,1,True,0.029538855,0.91705894,0.03324333,0.020158777
21,7,none,car,1566,107,0,0,True,0.91869444,0.051163886,0.0016568307,0.028484793
21,7,none,car,1567,107,1,1,True,0.0005788396,0.9979534,0.0009914344,0.00047622088
21,7,none,car,1568,107,0,0,True,0.6929838,0.20067485,0.043488488,0.06285285
21,7,none,car,1569,107,0,3,False,0.25435436,0.25210562,0.023416672,0.47012344
21,7,none,car,1570,107,1,2,False,0.23166987,0.15243407,0.37230197,0.24359408
21,7,none,car,1571,107,0,0,True,0.9884163,0.005374049,0.005941749,0.00026795495
21,7,none,car,1572,107,1,0,False,0.43794107,0.3951892,0.08560743,0.0812623
21,7,none,car,1573,107,0,0,True,0.35517457,0.35173616,0.14029968,0.15278964
21,7,none,car,1574,107,1,2,False,0.034369387,0.18463437,0.5564168,0.22457942
21,7,none,car,1575,107,1,2,False,0.046510585,0.15418407,0.7802425,0.0190628
21,7,none,car,1576,107,0,1,False,0.06045308,0.8910264,0.018204387,0.030316167
21,7,none,car,1577,107,0,0,True,0.6800236,0.07105135,0.05626577,0.19265929
21,7,none,car,1578,107,3,0,False,0.3627919,0.22761972,0.1559795,0.25360894
21,7,none,car,1579,107,2,3,False,0.1502468,0.041847084,0.05129022,0.7566159
21,7,none,car,1580,107,3,0,False,0.8175023,0.079440825,0.04262869,0.0604282
21,7,none,car,1581,107,2,1,False,0.15297559,0.3529563,0.3414685,0.15259954
21,7,none,car,1582,107,2,1,False,0.21689759,0.46570453,0.19283682,0.124561004
21,7,none,car,1583,107,3,0,False,0.41636747,0.016425237,0.20076326,0.36644402
21,7,none,car,1584,107,3,0,False,0.8962839,0.032344766,0.0134876715,0.057883706
21,7,none,car,1585,107,2,2,True,0.36053064,0.22511145,0.40929046,0.0050674845
21,7,none,car,1586,107,2,1,False,0.36400023,0.45309412,0.009284339,0.1736213
21,7,none,car,1587,107,3,3,True,0.052326262,0.43071023,0.03433877,0.4826247
21,7,none,car,1588,107,2,2,True,0.06279343,0.22193645,0.6970963,0.018173825
21,7,none,car,1589,107,3,1,False,0.019925307,0.5080735,0.35112977,0.120871454
21,7,none,car,1590,107,3,1,False,0.27820548,0.5352831,0.048676368,0.13783507
21,7,none,car,1591,107,2,3,False,0.05238081,0.21551603,0.018533198,0.71356994
21,7,none,car,1592,107,2,3,False,0.034436505,0.19140601,0.085540354,0.68861717
21,7,none,car,1593,107,0,0,True,0.9723746,0.010786341,0.0049218414,0.011917174
21,7,none,car,1594,107,1,1,True,0.020224122,0.877692,0.002780129,0.09930377
21,7,none,car,1595,107,1,1,True,0.08363855,0.6787442,0.08861143,0.14900583
21,7,none,car,1596,107,0,0,True,0.6859343,0.24027835,0.031811185,0.04197613
21,7,none,car,1597,107,1,1,True,0.05257668,0.7651613,0.16178998,0.02047206
21,7,none,car,1598,107,0,1,False,0.38515088,0.5489891,0.05686599,0.008994009
21,7,none,car,1599,107,1,3,False,0.055669617,0.34104547,0.018135384,0.5851495
21,7,none,car,1600,107,0,1,False,0.04498074,0.84001297,0.09021323,0.024793077
21,7,none,car,1601,107,1,1,True,0.03457749,0.9085841,0.019169467,0.037668984
21,7,none,car,1602,107,0,3,False,0.009378446,0.32777154,0.025319126,0.6375309
21,7,none,car,1603,107,0,0,True,0.8905747,0.080840446,0.0037728765,0.024811955
21,7,none,car,1604,107,1,1,True,0.14567707,0.8334638,0.019042369,0.0018166982
21,7,none,car,1605,107,0,3,False,0.22377965,0.26638728,0.12846321,0.38136992
21,7,none,car,1606,107,1,1,True,0.03572461,0.41830578,0.35714278,0.18882684
21,7,none,car,1607,107,0,1,False,0.009744822,0.9112846,0.0048619825,0.07410855
21,7,none,car,1608,107,3,0,False,0.40362442,0.17703372,0.39765313,0.021688633
21,7,none,car,1609,107,2,3,False,0.04505994,0.4148189,0.1168616,0.42325947
21,7,none,car,1610,107,2,0,False,0.63495624,0.18578725,0.12715995,0.052096616
21,7,none,car,1611,107,3,3,True,0.093473196,0.041278668,0.056512147,0.808736
21,7,none,car,1612,107,2,1,False,0.43461832,0.55208045,0.008631667,0.0046695606
21,7,none,car,1613,107,3,0,False,0.806497,0.13829538,0.036965836,0.018241866
21,7,none,car,1614,107,3,1,False,0.031722367,0.88793725,0.033415906,0.046924416
21,7,none,car,1615,107,2,2,True,0.08042508,0.3728143,0.42531165,0.12144888
21,7,none,car,1616,107,2,0,False,0.50704813,0.051142205,0.394484,0.047325607
21,7,none,car,1617,107,3,1,False,0.0036164501,0.8625914,0.015413729,0.118378356
21,7,none,car,1618,107,2,2,True,0.2998118,0.1987682,0.38221774,0.119202316
21,7,none,car,1619,107,3,1,False,0.02252079,0.47159976,0.08546883,0.42041063
21,7,none,car,1620,107,2,3,False,0.026018744,0.21252261,0.07986335,0.68159527
21,7,none,car,1621,107,3,1,False,0.00087219814,0.8626117,0.038965754,0.097550325
21,7,none,car,1622,107,3,1,False,0.23033892,0.37859157,0.16146256,0.22960687
21,7,none,car,1623,108,0,0,True,0.97457576,0.00025645006,0.001534758,0.023633117
21,7,none,car,1624,108,1,1,True,4.5173823e-05,0.99814284,0.00047243034,0.0013395348
21,7,none,car,1625,108,0,3,False,0.3709225,0.009055921,0.005720885,0.6143007
21,7,none,car,1626,108,1,0,False,0.42713577,0.3714139,0.014086671,0.18736368
21,7,none,car,1627,108,0,0,True,0.9953963,0.0005196133,0.00073326647,0.0033507436
21,7,none,car,1628,108,1,1,True,0.00019033442,0.99863404,3.6995963e-05,0.001138575
21,7,none,car,1629,108,1,1,True,5.9035152e-05,0.99248075,0.00013557143,0.007324594
21,7,none,car,1630,108,0,0,True,0.9695152,0.0014010227,0.0012291408,0.027854692
21,7,none,car,1631,108,0,0,True,0.99969304,1.2214461e-05,3.0869553e-05,0.00026398705
21,7,none,car,1632,108,1,1,True,0.0089273155,0.913193,0.0045560324,0.07332373
21,7,none,car,1633,108,0,0,True,0.9979608,0.00018676427,0.0016053639,0.00024711993
21,7,none,car,1634,108,1,1,True,0.083971255,0.5111877,0.026349965,0.37849116
21,7,none,car,1635,108,0,2,False,0.25611255,0.15424754,0.34577385,0.24386598
21,7,none,car,1636,108,1,1,True,0.02578632,0.87841964,0.07586616,0.01992783
21,7,none,car,1637,108,1,1,True,0.00021653608,0.95937425,0.0007347318,0.039674554
21,7,none,car,1638,108,2,1,False,0.006932108,0.5722572,0.34956408,0.071246676
21,7,none,car,1639,108,3,3,True,0.0005943671,0.031269368,0.017320255,0.95081604
21,7,none,car,1640,108,2,3,False,0.029829485,0.22555755,0.22007668,0.5245363
21,7,none,car,1641,108,3,3,True,0.0022386634,0.09239079,0.037516095,0.8678544
21,7,none,car,1642,108,3,3,True,0.0023276145,0.026183005,0.008255231,0.9632342
21,7,none,car,1643,108,2,1,False,0.082163535,0.45385885,0.4247936,0.039183937
21,7,none,car,1644,108,2,3,False,0.2514405,0.017756803,0.1906076,0.5401951
21,7,none,car,1645,108,3,3,True,0.0114522,0.046308618,0.013599669,0.92863953
21,7,none,car,1646,108,2,1,False,0.037503775,0.95707095,0.0023970017,0.003028375
21,7,none,car,1647,108,3,3,True,0.07907753,0.18611096,0.034973804,0.6998377
21,7,none,car,1648,108,3,3,True,0.016288353,0.09855735,0.046138924,0.83901536
21,7,none,car,1649,108,2,1,False,0.047158446,0.7004409,0.15161368,0.100787036
21,7,none,car,1650,108,3,3,True,0.05995062,0.0061547523,0.02470623,0.90918845
21,7,none,car,1651,108,2,2,True,0.031181809,0.26149386,0.5387947,0.16852959
21,7,none,car,1652,108,3,3,True,0.08298196,0.035059378,0.3030973,0.57886136
21,7,none,car,1653,108,1,1,True,0.00019936747,0.72229403,0.26744622,0.010060378
21,7,none,car,1654,108,0,1,False,0.083592154,0.49923965,0.15272276,0.26444542
21,7,none,car,1655,108,1,1,True,0.009760003,0.59385306,0.33558083,0.060806096
21,7,none,car,1656,108,0,0,True,0.9250953,0.0015827939,0.004869591,0.06845225
21,7,none,car,1657,108,0,0,True,0.69223535,0.019056754,0.0022178078,0.2864901
21,7,none,car,1658,108,1,1,True,0.0020129376,0.96162754,0.0043193456,0.03204012
21,7,none,car,1659,108,1,1,True,0.0023963142,0.9810394,0.0056444015,0.010919903
21,7,none,car,1660,108,0,0,True,0.99055254,0.0031300779,0.0036722727,0.0026451724
21,7,none,car,1661,108,0,0,True,0.98805004,0.001413272,0.0069951406,0.0035415655
21,7,none,car,1662,108,1,1,True,0.00016499311,0.996021,0.0034495173,0.00036451934
21,7,none,car,1663,108,1,1,True,0.0005938087,0.9811979,0.0037655272,0.014442763
21,7,none,car,1664,108,0,0,True,0.73746383,0.0059628105,0.048287965,0.2082854
21,7,none,car,1665,108,1,2,False,0.015756574,0.45281374,0.50955105,0.021878637
21,7,none,car,1666,108,0,0,True,0.9134561,0.0065375525,0.022146996,0.057859384
21,7,none,car,1667,108,1,1,True,0.42049488,0.45100436,0.012735873,0.11576493
21,7,none,car,1668,108,3,3,True,0.0023631507,0.013655239,0.00935284,0.97462875
21,7,none,car,1669,108,2,2,True,0.12698807,0.17113942,0.3750041,0.32686839
21,7,none,car,1670,108,3,3,True,0.019421108,0.010552561,0.017221779,0.9528046
21,7,none,car,1671,108,2,2,True,0.014129846,0.040956646,0.9290423,0.015871221
21,7,none,car,1672,108,2,2,True,0.021715613,0.24286841,0.45931658,0.2760994
21,7,none,car,1673,108,3,3,True,0.002538221,0.066797465,0.010841781,0.9198226
21,7,none,car,1674,108,2,2,True,0.014366927,0.16596185,0.80612373,0.013547505
21,7,none,car,1675,108,3,1,False,0.022091536,0.5932642,0.31000927,0.074634984
21,7,none,car,1676,108,2,1,False,0.010499756,0.9082156,0.07546672,0.0058179083
21,7,none,car,1677,108,3,1,False,0.046144772,0.597719,0.20625284,0.14988333
21,7,none,car,1678,108,2,2,True,0.09349402,0.35134158,0.46136898,0.093795404
21,7,none,car,1679,108,3,0,False,0.36763734,0.10238721,0.25493917,0.2750363
21,7,none,car,1680,108,2,2,True,0.0076866853,0.003466402,0.92931235,0.05953463
21,7,none,car,1681,108,3,3,True,0.2926304,0.08282441,0.20206122,0.42248395
21,7,none,car,1682,108,3,3,True,0.2683556,0.020996949,0.26688898,0.4437585
21,7,none,car,1683,108,1,1,True,0.0039160927,0.8317373,0.10040905,0.06393765
21,7,none,car,1684,108,0,2,False,0.26633412,0.058190297,0.62397516,0.05150047
21,7,none,car,1685,108,0,2,False,0.025674367,0.13880667,0.58223546,0.2532835
21,7,none,car,1686,108,1,2,False,0.038626242,0.15827473,0.78400105,0.019097894
21,7,none,car,1687,108,0,1,False,0.07900228,0.49281788,0.03179661,0.39638317
21,7,none,car,1688,108,1,2,False,0.12688725,0.35440502,0.5159728,0.0027349207
21,7,none,car,1689,108,1,1,True,0.00012398041,0.97377044,0.025650816,0.0004546643
21,7,none,car,1690,108,0,0,True,0.715416,0.006528134,0.06596656,0.21208924
21,7,none,car,1691,108,0,0,True,0.32410806,0.273077,0.1666251,0.2361899
21,7,none,car,1692,108,1,1,True,0.0018971417,0.99380094,0.0031207337,0.0011811783
21,7,none,car,1693,108,0,3,False,0.32231316,0.05967462,0.035344064,0.5826681
21,7,none,car,1694,108,1,1,True,0.1901664,0.55829406,0.0713045,0.18023506
21,7,none,car,1695,108,1,1,True,0.0005452433,0.9988362,0.00031140618,0.0003071894
21,7,none,car,1696,108,0,0,True,0.8324312,0.024292009,0.09124085,0.052035984
21,7,none,car,1697,108,0,0,True,0.99950194,0.00012367307,8.985566e-05,0.00028450004
21,7,none,car,1698,108,3,1,False,0.08498753,0.5077087,0.044486072,0.36281773
21,7,none,car,1699,108,2,2,True,0.012324149,0.12525016,0.5640303,0.29839545
21,7,none,car,1700,108,2,2,True,0.02044389,0.013691183,0.8437979,0.122067064
21,7,none,car,1701,108,3,3,True,0.002276198,0.0035086367,0.005594914,0.9886203
21,7,none,car,1702,108,2,3,False,0.22070506,0.14295118,0.20844416,0.4278996
21,7,none,car,1703,108,3,2,False,0.022345701,0.011299954,0.93220896,0.03414544
21,7,none,car,1704,108,3,3,True,0.0051748874,0.0056579816,0.052028403,0.93713874
21,7,none,car,1705,108,2,2,True,0.0027741592,0.0224142,0.9465271,0.028284583
21,7,none,car,1706,108,3,3,True,0.044088442,0.07720118,0.20181969,0.67689073
21,7,none,car,1707,108,2,1,False,0.037547827,0.8075049,0.040195864,0.11475138
21,7,none,car,1708,108,2,2,True,0.16203035,0.028946428,0.68286407,0.1261592
21,7,none,car,1709,108,3,3,True,0.01983673,0.05188512,0.04892921,0.87934893
21,7,none,car,1710,108,2,1,False,0.048822004,0.45120916,0.31915927,0.18080956
21,7,none,car,1711,108,3,1,False,0.01198323,0.52743524,0.015880913,0.44470054
21,7,none,car,1712,108,2,0,False,0.5980144,0.24920115,0.08523817,0.067546174
21,7,none,car,1713,109,0,0,True,0.95513195,0.0024007743,0.0069671525,0.035500158
21,7,none,car,1714,109,1,2,False,0.14354949,0.34547973,0.45457423,0.056396555
21,7,none,car,1715,109,1,1,True,6.7452485e-05,0.9994,0.00039876104,0.00013375987
21,7,none,car,1716,109,0,2,False,0.124468826,0.14368333,0.582661,0.14918688
21,7,none,car,1717,109,1,1,True,0.013450841,0.9839504,0.0017365891,0.0008622365
21,7,none,car,1718,109,0,0,True,0.64933115,0.073438264,0.26048675,0.016743721
21,7,none,car,1719,109,1,2,False,0.029998213,0.2930641,0.6715677,0.005370072
21,7,none,car,1720,109,0,0,True,0.81166995,0.0069094794,0.17598268,0.005437976
21,7,none,car,1721,109,1,1,True,0.029999845,0.9292349,0.015772343,0.02499279
21,7,none,car,1722,109,0,2,False,0.021565381,0.020909479,0.94346416,0.014060927
21,7,none,car,1723,109,0,0,True,0.73807085,0.002732519,0.19907269,0.060123894
21,7,none,car,1724,109,1,1,True,0.006402652,0.8979283,0.0399213,0.055747654
21,7,none,car,1725,109,0,0,True,0.9987274,1.6957285e-05,0.0011468907,0.000108824956
21,7,none,car,1726,109,1,0,False,0.34881398,0.26478586,0.12066171,0.26573846
21,7,none,car,1727,109,1,1,True,0.033632353,0.8361757,0.122660086,0.007531831
21,7,none,car,1728,109,3,1,False,0.008112739,0.5427228,0.23906958,0.21009482
21,7,none,car,1729,109,2,2,True,0.005092712,0.17064038,0.7866836,0.037583314
21,7,none,car,1730,109,2,2,True,0.14716423,0.38151854,0.41312975,0.058187462
21,7,none,car,1731,109,3,3,True,0.06418208,0.011225754,0.21265201,0.7119401
21,7,none,car,1732,109,3,2,False,0.0067015295,0.039250296,0.56081206,0.39323607
21,7,none,car,1733,109,2,2,True,0.12765068,0.075417824,0.72127455,0.075657
21,7,none,car,1734,109,2,2,True,0.058059514,0.21769243,0.6537173,0.07053079
21,7,none,car,1735,109,3,2,False,0.12943332,0.15333895,0.52139443,0.19583331
21,7,none,car,1736,109,2,3,False,0.06496958,0.029407836,0.24766493,0.6579577
21,7,none,car,1737,109,3,3,True,0.021381175,0.082657166,0.26565903,0.6303026
21,7,none,car,1738,109,2,0,False,0.5052,0.32584828,0.021890668,0.147061
21,7,none,car,1739,109,3,2,False,0.27348214,0.09108054,0.60817796,0.027259357
21,7,none,car,1740,109,3,2,False,0.042658895,0.080145024,0.528173,0.34902304
21,7,none,car,1741,109,2,0,False,0.40275216,0.22657172,0.1869786,0.1836976
21,7,none,car,1742,109,2,1,False,0.0051087094,0.9033948,0.025264313,0.066232085
21,7,none,car,1743,109,1,1,True,0.0053251754,0.81944805,0.119548425,0.05567837
21,7,none,car,1744,109,0,0,True,0.51531875,0.1093547,0.29418126,0.081145234
21,7,none,car,1745,109,1,0,False,0.67700905,0.16300282,0.080146655,0.07984147
21,7,none,car,1746,109,0,2,False,0.102328494,0.02368362,0.437248,0.43673995
21,7,none,car,1747,109,0,0,True,0.9850524,0.00058514904,0.005193805,0.009168616
21,7,none,car,1748,109,1,2,False,0.14234042,0.020353021,0.825309,0.011997574
21,7,none,car,1749,109,0,2,False,0.14161932,0.024326498,0.5274834,0.30657077
21,7,none,car,1750,109,1,1,True,0.057286993,0.78467184,0.03773655,0.12030467
21,7,none,car,1751,109,1,1,True,0.025990676,0.6821983,0.26207048,0.029740572
21,7,none,car,1752,109,0,2,False,0.029618107,0.0031908096,0.96211416,0.0050768554
21,7,none,car,1753,109,1,3,False,0.43734232,0.11262635,0.009985523,0.44004583
21,7,none,car,1754,109,0,1,False,0.10847076,0.56556123,0.047573544,0.27839446
21,7,none,car,1755,109,1,1,True,0.009623759,0.9656438,0.023462038,0.0012704525
21,7,none,car,1756,109,0,1,False,0.06311147,0.7761763,0.09816432,0.06254796
21,7,none,car,1757,109,0,0,True,0.9948096,0.0024066966,0.0016388823,0.0011447982
21,7,none,car,1758,109,2,3,False,0.08094115,0.027885962,0.02215409,0.8690188
21,7,none,car,1759,109,3,0,False,0.74704695,0.02489,0.11278575,0.11527731
21,7,none,car,1760,109,2,3,False,0.054070458,0.17006911,0.18689711,0.5889633
21,7,none,car,1761,109,3,3,True,0.07029649,0.04453628,0.10452497,0.7806422
21,7,none,car,1762,109,3,1,False,0.03331422,0.8333853,0.0062644607,0.12703605
21,7,none,car,1763,109,2,3,False,0.061911993,0.029559568,0.28308913,0.6254393
21,7,none,car,1764,109,3,3,True,0.0142588075,0.014757025,0.29676548,0.6742187
21,7,none,car,1765,109,2,1,False,0.06579895,0.45326915,0.1932759,0.287656
21,7,none,car,1766,109,3,1,False,0.013976078,0.43187764,0.13265057,0.42149574
21,7,none,car,1767,109,2,3,False,0.14561954,0.050824672,0.2849625,0.51859325
21,7,none,car,1768,109,2,2,True,0.071716644,0.21922374,0.46395886,0.2451008
21,7,none,car,1769,109,3,3,True,0.13863657,0.022396198,0.013016686,0.8259505
21,7,none,car,1770,109,2,1,False,0.046338204,0.54805106,0.15839295,0.24721785
21,7,none,car,1771,109,3,3,True,0.008652303,0.09242428,0.14541167,0.7535117
21,7,none,car,1772,109,2,2,True,0.20136422,0.085475996,0.5789763,0.13418351
21,7,none,car,1773,109,1,1,True,0.012732016,0.38048732,0.23299842,0.37378222
21,7,none,car,1774,109,0,2,False,0.059610955,0.032785118,0.8646304,0.042973474
21,7,none,car,1775,109,1,2,False,0.34551573,0.07731964,0.5677285,0.00943613
21,7,none,car,1776,109,0,3,False,0.016097765,0.013306487,0.024591662,0.9460041
21,7,none,car,1777,109,0,2,False,0.032698978,0.01357359,0.9326488,0.021078616
21,7,none,car,1778,109,1,1,True,0.017159702,0.6030247,0.06833098,0.31148458
21,7,none,car,1779,109,1,2,False,0.23317897,0.20775919,0.324073,0.2349888
21,7,none,car,1780,109,0,3,False,0.015092693,0.012547934,0.2075896,0.76476973
21,7,none,car,1781,109,1,0,False,0.5357482,0.25408795,0.06844707,0.14171675
21,7,none,car,1782,109,0,1,False,0.06517626,0.7131833,0.19024867,0.031391755
21,7,none,car,1783,109,0,0,True,0.7565145,0.06116133,0.030092541,0.15223166
21,7,none,car,1784,109,1,2,False,0.08082621,0.02662785,0.7171472,0.17539877
21,7,none,car,1785,109,0,0,True,0.91396946,0.0050360854,0.04844869,0.03254586
21,7,none,car,1786,109,1,0,False,0.5448699,0.043522734,0.3236792,0.087928176
21,7,none,car,1787,109,0,2,False,0.03563935,0.08345236,0.7797235,0.10118476
21,7,none,car,1788,109,2,2,True,0.004511717,0.37675545,0.6062523,0.012480432
21,7,none,car,1789,109,3,2,False,0.17654108,0.063406006,0.3910348,0.3690181
21,7,none,car,1790,109,2,1,False,0.030497251,0.5303661,0.05976893,0.3793677
21,7,none,car,1791,109,3,2,False,0.13801639,0.040142924,0.427853,0.3939877
21,7,none,car,1792,109,2,3,False,0.039191157,0.030684534,0.45679277,0.4733315
21,7,none,car,1793,109,3,2,False,0.046057574,0.13318919,0.48606494,0.3346883
21,7,none,car,1794,109,2,2,True,0.20185031,0.0077957697,0.7598561,0.030497823
21,7,none,car,1795,109,3,3,True,0.020777486,0.008582349,0.24397245,0.72666764
21,7,none,car,1796,109,3,1,False,0.027919894,0.5048295,0.02507131,0.44217926
21,7,none,car,1797,109,2,2,True,0.0284979,0.03852057,0.63858414,0.2943974
21,7,none,car,1798,109,3,1,False,0.005963074,0.89906144,0.009674245,0.0853012
21,7,none,car,1799,109,2,3,False,0.04762743,0.24519323,0.06884809,0.6383313
21,7,none,car,1800,109,2,2,True,0.010301574,0.011891889,0.69313866,0.2846679
21,7,none,car,1801,109,3,2,False,0.068896346,0.07322587,0.67869294,0.17918482
21,7,none,car,1802,109,3,0,False,0.41642052,0.13397707,0.19462031,0.25498208
21,7,none,cz,0,90,0,0,True,0.6492993,0.03359847,0.069720775,0.24738142
21,7,none,cz,1,90,1,1,True,0.109945625,0.86413807,0.015571975,0.010344316
21,7,none,cz,2,90,1,1,True,0.00037758276,0.9992132,4.2587744e-05,0.00036657037
21,7,none,cz,3,90,0,0,True,0.7469249,0.022899458,0.17754218,0.052633442
21,7,none,cz,4,90,1,1,True,0.008188959,0.97172654,0.01794948,0.002135025
21,7,none,cz,5,90,0,0,True,0.7796652,0.0054529933,0.15157413,0.0633077
21,7,none,cz,6,90,1,1,True,0.08577086,0.86499536,0.0070212507,0.042212546
21,7,none,cz,7,90,0,0,True,0.96404284,0.011496053,0.0029441249,0.021517014
21,7,none,cz,8,90,0,0,True,0.6682129,0.10325439,0.025894098,0.20263864
21,7,none,cz,9,90,1,1,True,0.00031291638,0.99095446,0.008437491,0.0002951021
21,7,none,cz,10,90,0,1,False,0.43920353,0.46075758,0.07938733,0.020651517
21,7,none,cz,11,90,1,1,True,0.0051942808,0.99345785,0.0010449998,0.0003027912
21,7,none,cz,12,90,0,0,True,0.66141087,0.015786877,0.09767214,0.2251301
21,7,none,cz,13,90,1,2,False,0.027173584,0.12724993,0.83758867,0.007987906
21,7,none,cz,14,90,1,1,True,0.022419889,0.90767384,0.06838485,0.0015214953
21,7,none,cz,15,90,3,1,False,0.25813314,0.34543654,0.3145934,0.08183688
21,7,none,cz,16,90,2,2,True,0.03929549,0.028597815,0.7034589,0.22864786
21,7,none,cz,17,90,2,3,False,0.13032916,0.088749655,0.25725403,0.5236672
21,7,none,cz,18,90,3,3,True,0.17367941,0.07158282,0.1855471,0.5691907
21,7,none,cz,19,90,3,3,True,0.023954112,0.0443862,0.3365499,0.59510976
21,7,none,cz,20,90,2,2,True,0.080978654,0.23337401,0.67125505,0.014392319
21,7,none,cz,21,90,3,3,True,0.034032505,0.08656038,0.41381332,0.46559373
21,7,none,cz,22,90,2,1,False,0.11838908,0.47374043,0.37155673,0.03631374
21,7,none,cz,23,90,2,2,True,0.012188707,0.018875526,0.9195857,0.04935005
21,7,none,cz,24,90,3,0,False,0.51208276,0.29042304,0.15610039,0.041393857
21,7,none,cz,25,90,2,2,True,0.056843225,0.12190111,0.79637516,0.024880566
21,7,none,cz,26,90,3,2,False,0.19203065,0.2610118,0.31575134,0.23120621
21,7,none,cz,27,90,3,3,True,0.06855235,0.078362286,0.32888806,0.52419734
21,7,none,cz,28,90,2,1,False,0.10661117,0.43874836,0.3290238,0.12561662
21,7,none,cz,29,90,2,2,True,0.007467088,0.22040285,0.76161796,0.010512031
21,7,none,cz,30,90,1,1,True,0.024884596,0.9721863,0.0026371814,0.00029188945
21,7,none,cz,31,90,0,0,True,0.5007743,0.14332233,0.2650979,0.09080547
21,7,none,cz,32,90,1,1,True,1.4274606e-05,0.9995383,7.2599665e-05,0.00037487005
21,7,none,cz,33,90,0,2,False,0.34760317,0.049374998,0.57143176,0.03159008
21,7,none,cz,34,90,1,1,True,0.015138959,0.81411135,0.10055498,0.07019479
21,7,none,cz,35,90,0,2,False,0.074474394,0.16378945,0.7281809,0.03355524
21,7,none,cz,36,90,1,1,True,0.012137415,0.8308946,0.027118662,0.12984927
21,7,none,cz,37,90,0,0,True,0.6821083,0.1648798,0.12585855,0.027153283
21,7,none,cz,38,90,1,1,True,0.0051270593,0.7352945,0.25149322,0.008085309
21,7,none,cz,39,90,0,2,False,0.18845463,0.031998903,0.63802767,0.1415188
21,7,none,cz,40,90,1,1,True,0.18243515,0.6175456,0.06811519,0.1319041
21,7,none,cz,41,90,0,0,True,0.4084074,0.0017341701,0.39623636,0.19362208
21,7,none,cz,42,90,1,1,True,0.0049305945,0.88705313,0.10467135,0.003344924
21,7,none,cz,43,90,0,2,False,0.022069672,0.24365593,0.6204826,0.11379181
21,7,none,cz,44,90,1,1,True,7.473655e-05,0.9542466,0.04397566,0.0017029893
21,7,none,cz,45,90,2,2,True,0.139765,0.026386108,0.68766075,0.14618815
21,7,none,cz,46,90,3,2,False,0.011364112,0.005204768,0.91552263,0.06790848
21,7,none,cz,47,90,3,3,True,0.018608399,0.15900007,0.3613775,0.46101406
21,7,none,cz,48,90,2,2,True,0.117531784,0.019849222,0.4838265,0.37879246
21,7,none,cz,49,90,3,3,True,0.06453963,0.19080243,0.30789557,0.4367624
21,7,none,cz,50,90,2,2,True,0.050353054,0.04201241,0.82969123,0.07794327
21,7,none,cz,51,90,3,3,True,0.064194836,0.085925736,0.12856686,0.7213126
21,7,none,cz,52,90,2,2,True,0.054713808,0.1436056,0.63184196,0.16983871
21,7,none,cz,53,90,3,3,True,0.0723366,0.0077915033,0.39855525,0.52131665
21,7,none,cz,54,90,2,2,True,0.10726449,0.015612057,0.7372585,0.139865
21,7,none,cz,55,90,2,2,True,0.014555296,0.16995513,0.7513158,0.06417385
21,7,none,cz,56,90,3,2,False,0.011434995,0.010390776,0.86771464,0.11045958
21,7,none,cz,57,90,2,2,True,0.007827544,0.020010514,0.85318446,0.118977495
21,7,none,cz,58,90,3,3,True,0.08502328,0.02922136,0.4135326,0.47222272
21,7,none,cz,59,90,3,3,True,0.026929194,0.05252574,0.18020397,0.74034107
21,7,none,cz,60,90,1,1,True,0.04258906,0.91912115,0.034901123,0.0033886016
21,7,none,cz,61,90,0,0,True,0.64009804,0.12641081,0.17900518,0.054485988
21,7,none,cz,62,90,1,1,True,0.015850136,0.95753413,0.026217699,0.0003980376
21,7,none,cz,63,90,0,2,False,0.3157326,0.03967787,0.57271177,0.0718778
21,7,none,cz,64,90,0,0,True,0.8452434,0.0017505465,0.14518377,0.007822283
21,7,none,cz,65,90,1,1,True,0.0049347444,0.9771186,0.017654287,0.00029233278
21,7,none,cz,66,90,1,1,True,0.014904862,0.5129616,0.4603588,0.011774719
21,7,none,cz,67,90,0,0,True,0.71940583,0.010830058,0.1882839,0.081480175
21,7,none,cz,68,90,0,0,True,0.89457244,0.012122024,0.081285305,0.012020137
21,7,none,cz,69,90,1,2,False,0.1214552,0.14566363,0.39437574,0.33850542
21,7,none,cz,70,90,1,1,True,0.011710833,0.9524383,0.019467942,0.016382994
21,7,none,cz,71,90,0,2,False,0.3535928,0.030299298,0.5048516,0.11125628
21,7,none,cz,72,90,1,2,False,0.035650786,0.05334334,0.88037986,0.03062607
21,7,none,cz,73,90,0,2,False,0.46160835,0.025807181,0.4883768,0.024207607
21,7,none,cz,74,90,0,0,True,0.55501604,0.010388434,0.23810618,0.19648929
21,7,none,cz,75,90,2,2,True,0.004519025,0.026521366,0.76312894,0.2058307
21,7,none,cz,76,90,3,0,False,0.81710887,0.024528002,0.13552256,0.022840606
21,7,none,cz,77,90,2,2,True,0.06061214,0.06685369,0.79805815,0.07447599
21,7,none,cz,78,90,3,3,True,0.03247458,0.016075643,0.39856005,0.55288976
21,7,none,cz,79,90,2,1,False,0.007034453,0.8005621,0.18087733,0.011526058
21,7,none,cz,80,90,3,2,False,0.08980196,0.20067413,0.5434266,0.1660973
21,7,none,cz,81,90,2,2,True,0.013224188,0.009248653,0.7970413,0.18048577
21,7,none,cz,82,90,3,2,False,0.06943546,0.11271695,0.6289795,0.18886808
21,7,none,cz,83,90,2,2,True,0.018804334,0.0057497066,0.9668755,0.008570466
21,7,none,cz,84,90,3,2,False,0.0147461835,0.057066217,0.5861452,0.34204233
21,7,none,cz,85,90,2,2,True,0.322132,0.124409825,0.4243099,0.12914827
21,7,none,cz,86,90,3,3,True,0.28385094,0.12704432,0.18901698,0.40008783
21,7,none,cz,87,90,3,2,False,0.34837413,0.08817026,0.49150136,0.07195432
21,7,none,cz,88,90,2,2,True,0.015647702,0.036365118,0.7395862,0.20840105
21,7,none,cz,89,90,3,0,False,0.35085166,0.3308965,0.14019224,0.17805961
21,7,none,cz,90,91,0,0,True,0.7902223,0.06919432,0.117076896,0.023506494
21,7,none,cz,91,91,1,3,False,0.25328386,0.11529424,0.30991635,0.32150555
21,7,none,cz,92,91,0,2,False,0.07131717,0.03080333,0.53592575,0.36195374
21,7,none,cz,93,91,1,1,True,0.025703533,0.4190447,0.14983329,0.40541846
21,7,none,cz,94,91,1,1,True,0.0015313026,0.9956436,0.0021487602,0.0006762987
21,7,none,cz,95,91,0,0,True,0.9778235,0.004229498,0.010119918,0.007827183
21,7,none,cz,96,91,1,1,True,0.09696578,0.8552522,0.037566405,0.0102155395
21,7,none,cz,97,91,0,0,True,0.6013355,0.17348899,0.11619853,0.10897696
21,7,none,cz,98,91,0,0,True,0.99244505,0.0019289056,0.0027382562,0.0028878532
21,7,none,cz,99,91,1,1,True,0.055399634,0.6214533,0.081883565,0.24126354
21,7,none,cz,100,91,0,0,True,0.9957759,0.0005540137,0.002653864,0.0010161917
21,7,none,cz,101,91,1,2,False,0.003999203,0.15939327,0.777318,0.059289526
21,7,none,cz,102,91,1,1,True,0.005942966,0.90947115,0.042887613,0.04169825
21,7,none,cz,103,91,0,0,True,0.968018,0.0017239045,0.026711596,0.0035464673
21,7,none,cz,104,91,0,0,True,0.99355245,0.0018307733,0.004187213,0.00042960877
21,7,none,cz,105,91,2,3,False,0.008153778,0.16799451,0.12590516,0.69794655
21,7,none,cz,106,91,3,3,True,0.0018642324,0.056304056,0.13531546,0.8065163
21,7,none,cz,107,91,3,3,True,0.006741286,0.037861772,0.037199534,0.9181974
21,7,none,cz,108,91,2,2,True,0.0032108151,0.009624525,0.9692143,0.017950272
21,7,none,cz,109,91,2,2,True,0.0026261332,0.006007858,0.9478985,0.04346755
21,7,none,cz,110,91,3,2,False,0.109405905,0.02547171,0.6281944,0.23692802
21,7,none,cz,111,91,3,3,True,0.00577646,0.04639872,0.10207338,0.84575146
21,7,none,cz,112,91,2,2,True,0.03345319,0.07321169,0.66201174,0.23132339
21,7,none,cz,113,91,3,2,False,0.03784244,0.0076920814,0.8813819,0.07308355
21,7,none,cz,114,91,2,2,True,0.00031161873,0.0019115137,0.99736685,0.00041008252
21,7,none,cz,115,91,3,2,False,0.0035877468,0.0047214767,0.95434505,0.037345823
21,7,none,cz,116,91,2,2,True,0.05061889,0.08765826,0.711705,0.15001787
21,7,none,cz,117,91,2,3,False,0.023262842,0.03469248,0.3797069,0.56233776
21,7,none,cz,118,91,3,2,False,0.019139044,0.012536264,0.9321711,0.03615361
21,7,none,cz,119,91,2,2,True,0.0007191359,0.031122362,0.96367,0.0044883746
21,7,none,cz,120,91,0,0,True,0.7716372,0.088323094,0.11804447,0.021995202
21,7,none,cz,121,91,1,2,False,0.028327797,0.0075212717,0.6567397,0.30741122
21,7,none,cz,122,91,1,1,True,0.014755732,0.73906904,0.1897588,0.056416433
21,7,none,cz,123,91,0,3,False,0.011009585,0.07511027,0.2815096,0.63237053
21,7,none,cz,124,91,0,0,True,0.9858418,0.005424348,0.0046754675,0.0040583923
21,7,none,cz,125,91,1,2,False,0.019189782,0.113217,0.60010934,0.2674839
21,7,none,cz,126,91,1,2,False,0.00016612675,0.43831193,0.5209146,0.040607356
21,7,none,cz,127,91,0,3,False,0.05871336,0.010501908,0.4154277,0.515357
21,7,none,cz,128,91,0,0,True,0.9977488,5.6992445e-05,0.00046504856,0.0017291625
21,7,none,cz,129,91,1,1,True,0.0061492776,0.8004636,0.10563765,0.08774951
21,7,none,cz,130,91,1,3,False,0.0036120287,0.17586806,0.25423795,0.566282
21,7,none,cz,131,91,0,0,True,0.9822251,0.0006255373,0.016317237,0.00083212496
21,7,none,cz,132,91,1,1,True,0.12565641,0.5407641,0.06256414,0.27101544
21,7,none,cz,133,91,0,3,False,0.034934107,0.012462526,0.010950797,0.94165254
21,7,none,cz,134,91,1,0,False,0.7643157,0.0006016499,0.11876363,0.11631898
21,7,none,cz,135,91,2,3,False,0.09221675,0.2709996,0.18321343,0.45357022
21,7,none,cz,136,91,3,2,False,0.028467646,0.02352137,0.7295301,0.21848094
21,7,none,cz,137,91,2,2,True,0.0797375,0.12689339,0.57133776,0.22203141
21,7,none,cz,138,91,3,2,False,0.0037464837,0.0041622096,0.9044948,0.08759646
21,7,none,cz,139,91,2,2,True,0.0116030015,0.011783515,0.5700675,0.40654597
21,7,none,cz,140,91,3,3,True,0.00012564995,0.0028127148,0.02600659,0.9710551
21,7,none,cz,141,91,2,2,True,0.0074152853,0.013403255,0.9769059,0.0022755566
21,7,none,cz,142,91,3,3,True,0.00208232,0.0027323614,0.078252934,0.91693234
21,7,none,cz,143,91,2,2,True,0.0076093483,0.22497419,0.6848764,0.08254008
21,7,none,cz,144,91,3,2,False,0.00069602754,0.046821594,0.741605,0.21087733
21,7,none,cz,145,91,3,3,True,0.016728139,0.06377167,0.021586338,0.89791393
21,7,none,cz,146,91,2,3,False,0.24357525,0.007706217,0.04051524,0.7082033
21,7,none,cz,147,91,2,3,False,0.0014426622,0.035561495,0.22615139,0.7368444
21,7,none,cz,148,91,3,3,True,0.025521107,0.016852722,0.2889667,0.6686595
21,7,none,cz,149,91,3,3,True,0.0058088833,0.07284719,0.039480485,0.8818635
21,7,none,cz,150,91,1,1,True,2.792692e-06,0.9864014,0.013372515,0.00022324944
21,7,none,cz,151,91,0,3,False,0.23452966,0.02035634,0.12805963,0.6170544
21,7,none,cz,152,91,1,3,False,0.004825934,0.37397504,0.13704482,0.48415428
21,7,none,cz,153,91,0,0,True,0.9422017,0.00018715626,0.042867206,0.014744003
21,7,none,cz,154,91,0,2,False,0.06138436,0.0058250055,0.93201566,0.0007749753
21,7,none,cz,155,91,1,2,False,0.009432304,0.00018546155,0.983284,0.0070983274
21,7,none,cz,156,91,1,2,False,7.932994e-05,0.08492735,0.91075844,0.0042349594
21,7,none,cz,157,91,0,0,True,0.9981292,0.00023510242,0.001408273,0.00022741621
21,7,none,cz,158,91,0,0,True,0.9482134,0.008999552,0.025705347,0.017081667
21,7,none,cz,159,91,1,3,False,0.026657943,0.100456126,0.24534002,0.62754595
21,7,none,cz,160,91,0,0,True,0.84692234,0.008054521,0.1350148,0.010008265
21,7,none,cz,161,91,1,1,True,0.007698862,0.8388236,0.05975786,0.093719676
21,7,none,cz,162,91,1,2,False,0.029606618,0.04196031,0.8463381,0.082095005
21,7,none,cz,163,91,0,2,False,0.29414654,0.0021313357,0.42817658,0.2755455
21,7,none,cz,164,91,1,2,False,0.003107158,0.009818169,0.9452456,0.041829035
21,7,none,cz,165,91,2,2,True,0.0035462393,0.0017875223,0.9459692,0.048697084
21,7,none,cz,166,91,3,2,False,0.014162211,0.0037197303,0.8694012,0.11271687
21,7,none,cz,167,91,3,2,False,5.2649313e-05,0.0062375003,0.95315427,0.040555604
21,7,none,cz,168,91,2,2,True,0.0051906174,0.034825288,0.8519734,0.10801068
21,7,none,cz,169,91,2,2,True,0.0006494102,0.00026751935,0.88662505,0.112458095
21,7,none,cz,170,91,3,2,False,0.0056265593,0.080849476,0.4983021,0.4152218
21,7,none,cz,171,91,3,3,True,0.0016006287,0.008608495,0.39447063,0.5953203
21,7,none,cz,172,91,2,2,True,0.0012779926,0.014386258,0.782434,0.20190178
21,7,none,cz,173,91,3,3,True,0.013226507,0.052284345,0.2701694,0.66431975
21,7,none,cz,174,91,2,2,True,0.017336123,0.0012933739,0.73654425,0.24482621
21,7,none,cz,175,91,2,2,True,0.00051553076,0.010260804,0.9260455,0.06317813
21,7,none,cz,176,91,3,2,False,0.0036536932,0.011818908,0.82749104,0.15703635
21,7,none,cz,177,91,3,2,False,0.1374482,0.0041248775,0.6191295,0.23929743
21,7,none,cz,178,91,2,2,True,0.0039286017,0.06756873,0.88631666,0.042185914
21,7,none,cz,179,91,3,2,False,0.0017270085,0.005496973,0.8447072,0.14806882
21,7,none,cz,180,92,1,3,False,0.0905008,0.2921228,0.09565677,0.5217196
21,7,none,cz,181,92,0,3,False,0.09281973,0.28919047,0.19571951,0.4222703
21,7,none,cz,182,92,1,2,False,0.37890753,0.067996554,0.46088094,0.092215024
21,7,none,cz,183,92,0,2,False,0.12043235,0.012530198,0.8606334,0.0064041335
21,7,none,cz,184,92,0,2,False,0.20543113,0.14030951,0.44266108,0.21159834
21,7,none,cz,185,92,1,1,True,0.035516106,0.91937464,0.023587001,0.021522203
21,7,none,cz,186,92,0,0,True,0.8148607,0.10511264,0.06704776,0.012978899
21,7,none,cz,187,92,1,1,True,0.053560603,0.943887,0.0022230647,0.00032937285
21,7,none,cz,188,92,1,1,True,0.0037617644,0.9955909,0.00024098456,0.00040631474
21,7,none,cz,189,92,0,2,False,0.24309419,0.027454099,0.69650805,0.03294369
21,7,none,cz,190,92,0,0,True,0.6652293,0.14029454,0.12032056,0.07415562
21,7,none,cz,191,92,1,0,False,0.34427825,0.095364414,0.26723418,0.2931231
21,7,none,cz,192,92,0,0,True,0.8761297,0.07405907,0.04797906,0.0018322883
21,7,none,cz,193,92,1,3,False,0.019069677,0.36096025,0.12812337,0.4918467
21,7,none,cz,194,92,0,2,False,0.2118441,0.08962224,0.65879864,0.039735034
21,7,none,cz,195,92,1,1,True,0.06968859,0.86685026,0.04433703,0.019124229
21,7,none,cz,196,92,1,1,True,0.006965303,0.9828541,0.009217936,0.00096262543
21,7,none,cz,197,92,0,0,True,0.9820952,0.0074347025,0.008812898,0.0016572064
21,7,none,cz,198,92,1,1,True,0.02722765,0.55090535,0.39941856,0.02244852
21,7,none,cz,199,92,2,0,False,0.42234725,0.1533498,0.25904733,0.1652556
21,7,none,cz,200,92,3,0,False,0.34421998,0.07024239,0.32028496,0.26525268
21,7,none,cz,201,92,2,3,False,0.20493855,0.05513604,0.31737518,0.42255026
21,7,none,cz,202,92,3,3,True,0.12440244,0.0399472,0.4138911,0.42175928
21,7,none,cz,203,92,2,2,True,0.113759495,0.28023443,0.58824587,0.0177602
21,7,none,cz,204,92,3,3,True,0.07604778,0.12784055,0.21407065,0.582041
21,7,none,cz,205,92,2,2,True,0.049767,0.09926214,0.67812145,0.17284939
21,7,none,cz,206,92,3,0,False,0.33497515,0.32494998,0.107670896,0.23240398
21,7,none,cz,207,92,3,1,False,0.2802623,0.36001724,0.21517287,0.1445476
21,7,none,cz,208,92,2,2,True,0.21481144,0.08033798,0.549353,0.15549764
21,7,none,cz,209,92,2,2,True,0.002096399,0.07259015,0.9176609,0.007652551
21,7,none,cz,210,92,3,3,True,0.06773549,0.4098962,0.017538175,0.5048301
21,7,none,cz,211,92,3,3,True,0.06422672,0.12150756,0.07126565,0.74300003
21,7,none,cz,212,92,2,1,False,0.14432949,0.53464407,0.09836282,0.2226636
21,7,none,cz,213,92,3,1,False,0.27425244,0.40960315,0.13094729,0.18519711
21,7,none,cz,214,92,2,0,False,0.7702179,0.06851324,0.14954768,0.011721213
21,7,none,cz,215,92,2,3,False,0.019559508,0.0685723,0.43540415,0.47646406
21,7,none,cz,216,92,3,1,False,0.02559297,0.5423039,0.22579785,0.20630519
21,7,none,cz,217,92,2,2,True,0.009100366,0.10274739,0.8606864,0.027465805
21,7,none,cz,218,92,0,0,True,0.99057543,0.0011944615,0.0068320404,0.0013980432
21,7,none,cz,219,92,1,1,True,0.22098601,0.7574788,0.01426668,0.00726852
21,7,none,cz,220,92,0,0,True,0.85899115,0.08306401,0.048230644,0.009714109
21,7,none,cz,221,92,1,1,True,0.18542099,0.74225914,0.053807795,0.018512124
21,7,none,cz,222,92,1,1,True,0.056199178,0.91212374,0.030078378,0.0015986565
21,7,none,cz,223,92,0,0,True,0.7775242,0.07862173,0.098134704,0.045719348
21,7,none,cz,224,92,1,1,True,0.0028881866,0.97176874,0.00043632113,0.024906818
21,7,none,cz,225,92,0,1,False,0.29661512,0.64854324,0.04770255,0.007139121
21,7,none,cz,226,92,0,0,True,0.93600494,0.052037835,0.005750558,0.0062067304
21,7,none,cz,227,92,1,1,True,0.009047049,0.94952875,0.023921166,0.017503036
21,7,none,cz,228,92,1,1,True,0.00055013597,0.9616798,0.006731448,0.031038541
21,7,none,cz,229,92,0,0,True,0.9117648,0.006778342,0.0410743,0.040382512
21,7,none,cz,230,92,1,1,True,0.0018826523,0.99499846,0.0019377932,0.0011812062
21,7,none,cz,231,92,0,2,False,0.116294764,0.10743772,0.4616914,0.31457603
21,7,none,cz,232,92,0,0,True,0.96913713,0.004138125,0.017525518,0.009199158
21,7,none,cz,233,92,1,1,True,0.0103032375,0.98580545,0.0012514816,0.0026398948
21,7,none,cz,234,92,0,0,True,0.50353056,0.0077277003,0.38956124,0.099180534
21,7,none,cz,235,92,1,1,True,0.0039823484,0.9457144,0.043659933,0.0066433204
21,7,none,cz,236,92,1,1,True,0.0049416805,0.9931317,0.0005146472,0.0014119007
21,7,none,cz,237,92,3,3,True,0.11094258,0.17570104,0.047746874,0.6656095
21,7,none,cz,238,92,2,3,False,0.16471516,0.11085578,0.102156095,0.62227297
21,7,none,cz,239,92,3,1,False,0.2646782,0.27699536,0.27547666,0.18284975
21,7,none,cz,240,92,2,2,True,0.046661045,0.07953256,0.8306826,0.043123808
21,7,none,cz,241,92,2,2,True,0.1018993,0.17005205,0.7133995,0.014649134
21,7,none,cz,242,92,3,2,False,0.06353089,0.09317088,0.77507204,0.068226136
21,7,none,cz,243,92,2,2,True,0.24536112,0.24102223,0.39625278,0.11736382
21,7,none,cz,244,92,3,2,False,0.23305379,0.35628742,0.38128468,0.029374026
21,7,none,cz,245,92,2,2,True,0.17827831,0.10409217,0.62784106,0.08978843
21,7,none,cz,246,92,3,3,True,0.0039978656,0.15931313,0.08246643,0.7542226
21,7,none,cz,247,92,2,2,True,0.058536407,0.18672381,0.62887484,0.12586498
21,7,none,cz,248,92,3,2,False,0.014816977,0.3138871,0.3421309,0.32916504
21,7,none,cz,249,92,3,3,True,0.009483048,0.18096572,0.020026723,0.7895245
21,7,none,cz,250,92,2,2,True,0.0069900844,0.021606132,0.9610734,0.010330399
21,7,none,cz,251,92,3,3,True,0.014672913,0.012603764,0.14223893,0.8304844
21,7,none,cz,252,92,2,2,True,0.1089905,0.03485363,0.6526228,0.20353305
21,7,none,cz,253,92,2,2,True,0.2362888,0.0762301,0.6765309,0.010950266
21,7,none,cz,254,92,3,2,False,0.27975085,0.056138054,0.54695755,0.11715356
21,7,none,cz,255,92,2,2,True,0.025555156,0.053487197,0.9133479,0.0076098386
21,7,none,cz,256,92,0,0,True,0.9644882,0.021417458,0.00097078114,0.013123582
21,7,none,cz,257,92,1,0,False,0.79055434,0.14939561,0.0545261,0.0055238553
21,7,none,cz,258,92,1,1,True,0.025554558,0.9317772,0.019855196,0.02281315
21,7,none,cz,259,92,0,0,True,0.8377144,0.02869392,0.0693792,0.06421246
21,7,none,cz,260,92,0,0,True,0.6203107,0.02819789,0.23010328,0.12138812
21,7,none,cz,261,92,1,1,True,0.020162908,0.9428522,0.031764533,0.0052203736
21,7,none,cz,262,92,1,1,True,0.016159715,0.7644327,0.025310673,0.19409685
21,7,none,cz,263,92,0,0,True,0.8514205,0.037019376,0.10480659,0.0067535024
21,7,none,cz,264,92,0,0,True,0.68229324,0.032654222,0.25550252,0.029550012
21,7,none,cz,265,92,1,1,True,0.0021157672,0.9953719,0.000539597,0.0019726339
21,7,none,cz,266,92,0,0,True,0.7951245,0.12182353,0.06917702,0.013875035
21,7,none,cz,267,92,1,1,True,0.22912295,0.33419183,0.30216426,0.134521
21,7,none,cz,268,92,0,0,True,0.88731176,0.08152731,0.017876381,0.013284473
21,7,none,cz,269,92,1,1,True,0.0052018086,0.69011956,0.2815358,0.0231428
21,7,none,cz,270,92,1,1,True,0.053029772,0.87469786,0.05591415,0.016358184
21,7,none,cz,271,92,0,0,True,0.8882703,0.06259809,0.031666446,0.017465167
21,7,none,cz,272,92,1,1,True,0.08317597,0.69517225,0.20199777,0.01965402
21,7,none,cz,273,92,0,2,False,0.23760222,0.035152975,0.6958133,0.031431485
21,7,none,cz,274,92,1,2,False,0.059245683,0.053639434,0.8338464,0.05326844
21,7,none,cz,275,92,3,1,False,0.2108795,0.4281874,0.26252353,0.09840963
21,7,none,cz,276,92,2,1,False,0.18439403,0.34154674,0.2535579,0.22050142
21,7,none,cz,277,92,3,3,True,0.024866987,0.22787552,0.32931277,0.41794473
21,7,none,cz,278,92,2,1,False,0.21664985,0.35955903,0.31783226,0.105958834
21,7,none,cz,279,92,3,3,True,0.14223804,0.0029379413,0.2357638,0.6190602
21,7,none,cz,280,92,2,2,True,0.17194083,0.08502167,0.6693259,0.0737116
21,7,none,cz,281,92,3,2,False,0.010681302,0.20205636,0.5810548,0.20620756
21,7,none,cz,282,92,2,2,True,0.097996965,0.24444637,0.6300006,0.027556121
21,7,none,cz,283,92,2,2,True,0.0108830985,0.10860131,0.8641444,0.016371185
21,7,none,cz,284,92,3,2,False,0.17801146,0.17395787,0.56948084,0.0785498
21,7,none,cz,285,92,3,3,True,0.008704609,0.30998015,0.12470884,0.5566065
21,7,none,cz,286,92,2,2,True,0.043384783,0.21836258,0.70033556,0.037917085
21,7,none,cz,287,92,2,1,False,0.035222527,0.9135759,0.028637286,0.022564419
21,7,none,cz,288,92,3,2,False,0.21653652,0.24601564,0.28932467,0.24812317
21,7,none,cz,289,92,3,3,True,0.013622143,0.3102382,0.03594713,0.6401925
21,7,none,cz,290,92,2,1,False,0.08874469,0.4515655,0.1849448,0.27474496
21,7,none,cz,291,92,2,0,False,0.53753984,0.05066257,0.2322332,0.1795644
21,7,none,cz,292,92,3,3,True,0.28995946,0.16946189,0.083378,0.45720056
21,7,none,cz,293,92,2,1,False,0.04607092,0.51646143,0.317279,0.12018867
21,7,none,cz,294,93,1,1,True,0.020174762,0.6587303,0.09448319,0.22661175
21,7,none,cz,295,93,0,1,False,0.0592654,0.5743496,0.3273588,0.03902624
21,7,none,cz,296,93,1,1,True,8.8031964e-05,0.98215204,0.011788444,0.005971421
21,7,none,cz,297,93,0,1,False,0.20169201,0.43591514,0.27447867,0.08791423
21,7,none,cz,298,93,1,2,False,0.0020151418,0.20622465,0.76831776,0.023442447
21,7,none,cz,299,93,0,2,False,0.021537127,0.09745084,0.5594191,0.32159296
21,7,none,cz,300,93,0,0,True,0.94913566,0.040785857,0.0060042534,0.0040741498
21,7,none,cz,301,93,1,1,True,0.009827967,0.419156,0.31185186,0.25916424
21,7,none,cz,302,93,1,2,False,0.07839512,0.015206555,0.88240755,0.023990817
21,7,none,cz,303,93,0,2,False,0.2952825,0.20184201,0.41138107,0.09149432
21,7,none,cz,304,93,1,1,True,0.0078258645,0.49404866,0.30131784,0.19680765
21,7,none,cz,305,93,0,0,True,0.99485636,0.002482636,0.0007253885,0.0019356032
21,7,none,cz,306,93,1,1,True,0.0014026833,0.62607694,0.20861603,0.16390432
21,7,none,cz,307,93,0,0,True,0.9979436,0.00018494608,0.0012755854,0.00059587316
21,7,none,cz,308,93,0,0,True,0.7440206,0.057509933,0.1722812,0.026188323
21,7,none,cz,309,93,3,3,True,0.00070528063,0.08928346,0.012861662,0.8971496
21,7,none,cz,310,93,2,1,False,0.002331072,0.56776935,0.3771685,0.05273107
21,7,none,cz,311,93,2,2,True,0.0063887173,0.11657571,0.74467707,0.13235843
21,7,none,cz,312,93,3,3,True,0.0075556845,0.034398094,0.02814027,0.92990595
21,7,none,cz,313,93,3,3,True,9.578323e-05,0.008534527,0.0071503613,0.9842194
21,7,none,cz,314,93,2,2,True,0.041959446,0.18947867,0.66922337,0.09933852
21,7,none,cz,315,93,3,1,False,0.0032046863,0.5519418,0.3766219,0.0682315
21,7,none,cz,316,93,2,2,True,3.275543e-05,0.00033293263,0.9996138,2.047852e-05
21,7,none,cz,317,93,2,2,True,0.043606393,0.018643228,0.9152712,0.022479141
21,7,none,cz,318,93,3,3,True,0.016458753,0.17210078,0.043759976,0.7676805
21,7,none,cz,319,93,3,0,False,0.4685318,0.09052971,0.006556466,0.43438202
21,7,none,cz,320,93,2,2,True,0.016025554,0.1193699,0.82581675,0.038787745
21,7,none,cz,321,93,2,2,True,0.17568645,0.013926029,0.7487574,0.061630145
21,7,none,cz,322,93,3,3,True,0.0009527348,0.008048684,0.0074942363,0.9835044
21,7,none,cz,323,93,2,2,True,0.017419077,0.011214694,0.95286644,0.018499827
21,7,none,cz,324,93,0,0,True,0.9937655,0.0009248379,0.0013938776,0.0039157523
21,7,none,cz,325,93,1,3,False,0.0030316315,0.18757108,0.29546434,0.51393294
21,7,none,cz,326,93,1,1,True,7.9465076e-07,0.99940443,1.715571e-05,0.00057759375
21,7,none,cz,327,93,0,2,False,0.21335031,0.046462953,0.6703781,0.069808684
21,7,none,cz,328,93,0,0,True,0.6345148,0.008416993,0.18985245,0.16721572
21,7,none,cz,329,93,1,1,True,0.013051071,0.89196825,0.062419042,0.032561757
21,7,none,cz,330,93,0,2,False,0.13501507,0.20500687,0.3777677,0.28221038
21,7,none,cz,331,93,1,1,True,0.003499656,0.5623508,0.17925426,0.25489533
21,7,none,cz,332,93,1,2,False,0.0019157206,0.39341006,0.5363092,0.06836505
21,7,none,cz,333,93,0,2,False,0.14930058,0.14832716,0.4151094,0.28726292
21,7,none,cz,334,93,1,2,False,0.007514366,0.31399253,0.37036157,0.3081316
21,7,none,cz,335,93,0,0,True,0.6537301,0.0052992194,0.3249538,0.016016867
21,7,none,cz,336,93,0,0,True,0.95053077,0.006926158,0.0063507287,0.03619229
21,7,none,cz,337,93,1,2,False,0.0034635463,0.062245723,0.884553,0.0497377
21,7,none,cz,338,93,0,3,False,0.11189499,0.0016872368,0.2892366,0.59718114
21,7,none,cz,339,93,2,2,True,0.39738235,0.08713274,0.49767053,0.017814416
21,7,none,cz,340,93,3,3,True,0.00010433675,0.0012229343,0.0036719728,0.9950008
21,7,none,cz,341,93,3,3,True,0.0041725305,0.12079172,0.23518334,0.6398524
21,7,none,cz,342,93,2,2,True,0.027882943,0.1639299,0.6760649,0.13212228
21,7,none,cz,343,93,2,1,False,0.0015409455,0.7405231,0.21874143,0.039194506
21,7,none,cz,344,93,3,1,False,0.0005375049,0.6208717,0.0027656723,0.37582508
21,7,none,cz,345,93,3,3,True,0.00018620475,0.0047591426,0.0022257462,0.9928289
21,7,none,cz,346,93,2,2,True,0.010246391,0.39040774,0.57547945,0.02386639
21,7,none,cz,347,93,3,3,True,0.028688034,0.005284761,0.018181453,0.9478457
21,7,none,cz,348,93,2,2,True,0.009309302,0.30943432,0.34693316,0.33432323
21,7,none,cz,349,93,3,1,False,0.005985226,0.46092236,0.27982983,0.25326258
21,7,none,cz,350,93,2,2,True,0.0030827492,0.028615197,0.9318263,0.03647574
21,7,none,cz,351,93,3,3,True,0.001417786,0.022106672,0.022884045,0.95359147
21,7,none,cz,352,93,2,2,True,0.036150638,0.11510488,0.7957524,0.05299205
21,7,none,cz,353,93,2,2,True,0.03740835,0.14466694,0.4811589,0.33676586
21,7,none,cz,354,93,0,1,False,0.066185445,0.64040756,0.19635186,0.09705506
21,7,none,cz,355,93,1,2,False,0.00072786864,0.24245629,0.7235387,0.033277094
21,7,none,cz,356,93,0,0,True,0.6466951,0.019701876,0.31408244,0.019520598
21,7,none,cz,357,93,1,1,True,0.00023911132,0.9958276,0.00079270365,0.003140505
21,7,none,cz,358,93,1,1,True,0.0003569163,0.9376149,0.004800702,0.057227504
21,7,none,cz,359,93,0,0,True,0.6797906,0.18259232,0.024406347,0.113210686
21,7,none,cz,360,93,1,2,False,0.0046740854,0.27797306,0.36844543,0.34890747
21,7,none,cz,361,93,0,1,False,0.012378375,0.92300415,0.008747057,0.055870425
21,7,none,cz,362,93,1,1,True,0.009599466,0.94091964,0.020490069,0.028990883
21,7,none,cz,363,93,0,0,True,0.8136577,0.008124872,0.062907636,0.11530983
21,7,none,cz,364,93,0,0,True,0.9287622,0.029380944,0.013561882,0.028294934
21,7,none,cz,365,93,1,3,False,0.0014137194,0.09750401,0.1694231,0.7316592
21,7,none,cz,366,93,1,1,True,0.00012847078,0.9740063,0.0054211817,0.020444104
21,7,none,cz,367,93,0,1,False,0.05401981,0.5459586,0.25046787,0.14955369
21,7,none,cz,368,93,1,1,True,0.008676858,0.8705943,0.110526755,0.010202058
21,7,none,cz,369,93,2,0,False,0.5049135,0.1709348,0.22176637,0.10238536
21,7,none,cz,370,93,3,2,False,0.03450709,0.099263355,0.5283092,0.33792034
21,7,none,cz,371,93,3,3,True,0.00415145,0.03564099,0.027442548,0.93276507
21,7,none,cz,372,93,2,1,False,0.08810887,0.8587717,0.045450926,0.0076686484
21,7,none,cz,373,93,3,1,False,0.00032151886,0.889764,0.0013180437,0.10859648
21,7,none,cz,374,93,2,1,False,0.00089029194,0.9808251,0.015478716,0.0028059853
21,7,none,cz,375,93,2,2,True,0.02123922,0.014581494,0.8955755,0.06860368
21,7,none,cz,376,93,3,3,True,0.00019734519,0.033448756,0.013336239,0.95301765
21,7,none,cz,377,93,3,3,True,8.8999455e-05,0.034673434,0.0062073804,0.95903015
21,7,none,cz,378,93,2,2,True,0.0035704607,0.01273268,0.9282514,0.055445552
21,7,none,cz,379,93,2,2,True,0.020114735,0.12097333,0.64397097,0.21494101
21,7,none,cz,380,93,3,3,True,0.026349764,0.028649647,0.10494343,0.8400572
21,7,none,cz,381,93,3,3,True,0.007852747,0.028308487,0.3220066,0.6418322
21,7,none,cz,382,93,2,1,False,4.749225e-05,0.9960802,0.003307335,0.0005650152
21,7,none,cz,383,93,3,2,False,0.011884621,0.0103542935,0.845695,0.1320661
21,7,none,cz,384,94,0,0,True,0.9913311,0.0020027182,0.0064109727,0.00025527182
21,7,none,cz,385,94,1,1,True,0.002491904,0.88846636,0.107726835,0.001314873
21,7,none,cz,386,94,1,2,False,0.042958982,0.2006195,0.6272829,0.12913865
21,7,none,cz,387,94,0,0,True,0.9995395,0.00017486405,0.0002529364,3.2634387e-05
21,7,none,cz,388,94,1,2,False,0.006544959,0.4281543,0.53326297,0.03203779
21,7,none,cz,389,94,0,0,True,0.9867666,0.004852148,0.006540088,0.0018412303
21,7,none,cz,390,94,1,2,False,0.022140937,0.011058098,0.95969814,0.007102786
21,7,none,cz,391,94,0,0,True,0.9966293,0.00018748417,0.0022905963,0.0008926206
21,7,none,cz,392,94,1,2,False,0.025543287,0.089865625,0.8175758,0.06701528
21,7,none,cz,393,94,0,0,True,0.77636385,0.055607162,0.16719933,0.0008297415
21,7,none,cz,394,94,0,0,True,0.9867994,0.00041745094,0.008777436,0.004005695
21,7,none,cz,395,94,1,2,False,0.05062915,0.10868467,0.7984913,0.04219489
21,7,none,cz,396,94,1,1,True,0.06771569,0.68592215,0.12330953,0.12305265
21,7,none,cz,397,94,0,0,True,0.7739238,0.0018900761,0.16445221,0.05973384
21,7,none,cz,398,94,1,2,False,0.04156652,0.22001529,0.44025218,0.298166
21,7,none,cz,399,94,2,2,True,0.0057953666,0.026008043,0.9609189,0.0072776577
21,7,none,cz,400,94,3,3,True,0.017455133,0.089540765,0.21169887,0.6813053
21,7,none,cz,401,94,3,3,True,0.00058229594,0.012334107,0.005638967,0.9814446
21,7,none,cz,402,94,2,2,True,0.0054232185,0.011329555,0.97443455,0.008812728
21,7,none,cz,403,94,3,3,True,0.04329934,0.04069963,0.1929623,0.7230387
21,7,none,cz,404,94,2,2,True,0.033288464,0.14985016,0.77825093,0.038610417
21,7,none,cz,405,94,2,2,True,0.0015633836,0.019979397,0.97030276,0.008154444
21,7,none,cz,406,94,3,3,True,0.0056322357,0.20897669,0.07721419,0.708177
21,7,none,cz,407,94,2,2,True,0.06931199,0.020324301,0.8312199,0.07914377
21,7,none,cz,408,94,3,3,True,0.015472256,0.03627316,0.14552248,0.80273205
21,7,none,cz,409,94,3,3,True,0.006348819,0.007547106,0.024564952,0.96153915
21,7,none,cz,410,94,2,2,True,0.016984273,0.021481693,0.9519975,0.009536517
21,7,none,cz,411,94,3,3,True,0.052172787,0.027491763,0.19447327,0.7258622
21,7,none,cz,412,94,2,0,False,0.5564499,0.064009026,0.23536347,0.14417765
21,7,none,cz,413,94,3,2,False,0.04550036,0.16121262,0.6464775,0.1468095
21,7,none,cz,414,94,1,1,True,0.0034455594,0.97571826,0.018787937,0.0020482067
21,7,none,cz,415,94,0,1,False,0.091850385,0.8813135,0.026378317,0.0004577449
21,7,none,cz,416,94,1,1,True,0.008536752,0.97720283,0.013803503,0.00045705252
21,7,none,cz,417,94,0,0,True,0.7831529,0.08025377,0.12559171,0.011001629
21,7,none,cz,418,94,0,0,True,0.93126327,0.0042033005,0.06432482,0.00020872052
21,7,none,cz,419,94,1,1,True,0.00015770253,0.8932929,0.10145969,0.0050897175
21,7,none,cz,420,94,1,2,False,0.054600403,0.12100569,0.5253888,0.29900512
21,7,none,cz,421,94,0,0,True,0.9456574,0.0024189518,0.050723217,0.0012003953
21,7,none,cz,422,94,0,0,True,0.64856,0.24473013,0.10611739,0.00059248274
21,7,none,cz,423,94,1,2,False,0.19765551,0.028557781,0.7459625,0.027824212
21,7,none,cz,424,94,1,1,True,4.0389656e-05,0.99242216,0.0073651443,0.00017236921
21,7,none,cz,425,94,0,2,False,0.045013364,0.46328536,0.46389917,0.027802153
21,7,none,cz,426,94,1,2,False,0.0061439653,0.42999625,0.5509945,0.012865244
21,7,none,cz,427,94,0,0,True,0.96160054,0.00018519325,0.03400474,0.0042095017
21,7,none,cz,428,94,1,2,False,0.008703555,0.011935082,0.97133934,0.008021987
21,7,none,cz,429,94,3,3,True,0.117857926,0.026948344,0.2300684,0.62512535
21,7,none,cz,430,94,2,2,True,0.13473853,0.0058993218,0.8537858,0.0055763014
21,7,none,cz,431,94,3,3,True,0.0014556403,0.20527463,0.24392784,0.5493419
21,7,none,cz,432,94,2,2,True,0.00014851015,0.0024063408,0.9948931,0.0025520197
21,7,none,cz,433,94,3,3,True,0.0026876107,0.073862955,0.022998184,0.9004512
21,7,none,cz,434,94,2,2,True,0.002340383,0.017940044,0.97365236,0.0060672094
21,7,none,cz,435,94,2,2,True,0.009604556,0.033109438,0.87841874,0.07886738
21,7,none,cz,436,94,3,2,False,0.0040626097,0.037873555,0.6643065,0.29375735
21,7,none,cz,437,94,3,3,True,0.0074643358,0.4147235,0.039952647,0.53785956
21,7,none,cz,438,94,2,2,True,0.015476467,0.04238494,0.9272642,0.014874401
21,7,none,cz,439,94,3,3,True,0.035098534,0.11400585,0.15489572,0.69599986
21,7,none,cz,440,94,2,2,True,0.292079,0.031269126,0.6291328,0.04751913
21,7,none,cz,441,94,3,2,False,0.01689188,0.01127616,0.6942955,0.27753633
21,7,none,cz,442,94,2,2,True,0.0027015624,0.0059316535,0.9897788,0.0015879627
21,7,none,cz,443,94,2,3,False,0.10869313,0.10419654,0.1382373,0.648873
21,7,none,cz,444,94,0,0,True,0.96746004,0.014452001,0.017402127,0.000685743
21,7,none,cz,445,94,1,2,False,0.078200415,0.03443643,0.8848145,0.00254862
21,7,none,cz,446,94,1,2,False,0.0018907936,0.36861265,0.6242614,0.005235107
21,7,none,cz,447,94,0,2,False,0.3651512,0.0028259172,0.6288353,0.0031875512
21,7,none,cz,448,94,1,2,False,0.0028684349,0.4237804,0.51581925,0.05753188
21,7,none,cz,449,94,0,0,True,0.48968273,0.0100976555,0.47476858,0.025450975
21,7,none,cz,450,94,1,2,False,0.17763436,0.17724824,0.58105075,0.06406668
21,7,none,cz,451,94,0,2,False,0.135236,0.003563406,0.83734936,0.023851236
21,7,none,cz,452,94,1,2,False,0.03394958,0.15924801,0.56340164,0.2434008
21,7,none,cz,453,94,0,2,False,0.06545855,0.028382037,0.8610605,0.045098886
21,7,none,cz,454,94,1,2,False,0.02115813,0.10254804,0.7621458,0.11414806
21,7,none,cz,455,94,0,0,True,0.96404845,0.00045700677,0.03328776,0.002206759
21,7,none,cz,456,94,0,2,False,0.20442577,0.088867106,0.6999427,0.0067644273
21,7,none,cz,457,94,1,3,False,0.012347796,0.015166179,0.28257757,0.68990844
21,7,none,cz,458,94,0,2,False,0.03575003,0.010493858,0.84594464,0.10781148
21,7,none,cz,459,94,2,2,True,0.009552925,0.017906679,0.965357,0.007183395
21,7,none,cz,460,94,3,2,False,0.0008334974,0.024982274,0.9224317,0.051752467
21,7,none,cz,461,94,2,2,True,0.025167663,0.014800247,0.95538074,0.004651303
21,7,none,cz,462,94,3,2,False,0.23498447,0.03612448,0.7087639,0.020127198
21,7,none,cz,463,94,2,2,True,0.04591269,0.31338975,0.63240135,0.008296191
21,7,none,cz,464,94,3,3,True,0.021433288,0.034132227,0.31857702,0.6258575
21,7,none,cz,465,94,3,3,True,0.0086513525,0.08841806,0.3840808,0.5188498
21,7,none,cz,466,94,2,2,True,0.014170288,0.0025151714,0.9227706,0.06054391
21,7,none,cz,467,94,2,2,True,0.0016633197,0.0012629022,0.9880078,0.009066028
21,7,none,cz,468,94,3,2,False,0.010524971,0.00076689076,0.5742325,0.41447562
21,7,none,cz,469,94,3,3,True,0.0033311727,0.0570389,0.0936442,0.8459857
21,7,none,cz,470,94,2,2,True,0.0050594215,0.012134896,0.92673177,0.056073915
21,7,none,cz,471,94,2,2,True,0.05935787,0.04029906,0.6457447,0.2545984
21,7,none,cz,472,94,3,2,False,0.020355206,0.16321202,0.548365,0.2680678
21,7,none,cz,473,94,3,2,False,0.056637768,0.1512087,0.7388451,0.053308368
21,7,none,cz,474,95,0,1,False,0.37571755,0.5086366,0.07250154,0.043144345
21,7,none,cz,475,95,1,1,True,0.0073869186,0.7555276,0.013817967,0.2232674
21,7,none,cz,476,95,1,1,True,7.7829915e-05,0.99279857,0.00531944,0.0018041036
21,7,none,cz,477,95,0,0,True,0.68475485,0.02436937,0.023625493,0.26725024
21,7,none,cz,478,95,0,0,True,0.93604773,0.016326424,0.033784904,0.013841
21,7,none,cz,479,95,1,1,True,0.004189262,0.93036,0.028219242,0.03723142
21,7,none,cz,480,95,0,0,True,0.6759456,0.16807108,0.08940861,0.066574745
21,7,none,cz,481,95,1,1,True,0.00040207492,0.9435283,0.0057202806,0.05034937
21,7,none,cz,482,95,0,0,True,0.9326373,0.014090455,0.031434346,0.021837939
21,7,none,cz,483,95,1,3,False,0.000676529,0.10963669,0.11012863,0.7795581
21,7,none,cz,484,95,1,1,True,0.00060089334,0.91120374,0.035345037,0.052850347
21,7,none,cz,485,95,0,0,True,0.98120797,0.00020743979,0.010849862,0.0077347676
21,7,none,cz,486,95,0,0,True,0.878581,0.018975023,0.044372037,0.05807194
21,7,none,cz,487,95,1,1,True,0.0050265244,0.7162248,0.11441629,0.1643324
21,7,none,cz,488,95,1,1,True,0.00019904453,0.59664524,0.32966724,0.073488414
21,7,none,cz,489,95,2,3,False,0.0047081714,0.04039046,0.26622766,0.68867373
21,7,none,cz,490,95,3,3,True,0.0049297144,0.075526856,0.27363995,0.64590347
21,7,none,cz,491,95,2,2,True,0.001676121,0.27872634,0.6280801,0.091517396
21,7,none,cz,492,95,3,3,True,0.0006489558,0.00077893015,0.00268812,0.995884
21,7,none,cz,493,95,3,3,True,7.3943374e-05,0.01531269,0.0013836541,0.9832297
21,7,none,cz,494,95,2,3,False,0.025413958,0.06541519,0.102290325,0.8068806
21,7,none,cz,495,95,2,2,True,0.0012139537,0.023697378,0.7906259,0.18446277
21,7,none,cz,496,95,3,3,True,0.01278684,0.015351835,0.021922091,0.9499393
21,7,none,cz,497,95,3,3,True,6.443667e-05,0.0015607078,0.053994287,0.9443806
21,7,none,cz,498,95,2,3,False,0.00024128704,0.1054642,0.34980446,0.5444901
21,7,none,cz,499,95,3,3,True,0.00015465915,0.11474938,0.00812502,0.876971
21,7,none,cz,500,95,2,3,False,0.0007117852,0.0058710887,0.20674805,0.7866691
21,7,none,cz,501,95,3,3,True,0.0022686422,0.028095568,0.03930884,0.93032694
21,7,none,cz,502,95,2,3,False,0.000400337,0.007804023,0.43758363,0.55421203
21,7,none,cz,503,95,2,3,False,0.004266954,0.07717698,0.17925309,0.739303
21,7,none,cz,504,95,1,1,True,0.00021101146,0.75050277,0.116994254,0.13229191
21,7,none,cz,505,95,0,3,False,0.06807863,0.008784688,0.02561243,0.89752424
21,7,none,cz,506,95,1,3,False,0.0013972294,0.31663692,0.031938758,0.65002716
21,7,none,cz,507,95,0,3,False,0.12835819,0.0072682207,0.26455456,0.59981906
21,7,none,cz,508,95,0,0,True,0.8810322,0.00803574,0.008332492,0.10259954
21,7,none,cz,509,95,1,3,False,0.0022032894,0.065371454,0.047082406,0.8853429
21,7,none,cz,510,95,1,3,False,0.0020678402,0.09365683,0.07076156,0.8335138
21,7,none,cz,511,95,0,0,True,0.5382518,0.00046650736,0.02291772,0.43836394
21,7,none,cz,512,95,0,3,False,0.017910486,0.034100957,0.16492143,0.7830671
21,7,none,cz,513,95,1,3,False,0.00089178554,0.31425032,0.18509613,0.4997617
21,7,none,cz,514,95,0,3,False,0.33470386,0.0031547893,0.108249865,0.5538915
21,7,none,cz,515,95,1,1,True,0.00048030863,0.64008373,0.23927769,0.12015823
21,7,none,cz,516,95,0,3,False,0.15494639,0.1713985,0.09304309,0.580612
21,7,none,cz,517,95,1,2,False,0.000349898,0.32521167,0.6337941,0.040644243
21,7,none,cz,518,95,0,0,True,0.42411956,0.008811598,0.22796677,0.33910206
21,7,none,cz,519,95,3,3,True,1.1752396e-05,0.024625393,0.004934288,0.9704286
21,7,none,cz,520,95,2,3,False,0.003675196,0.0021301245,0.2593535,0.7348412
21,7,none,cz,521,95,3,3,True,2.391508e-05,0.03520247,0.09139749,0.8733761
21,7,none,cz,522,95,2,2,True,0.02881446,0.004343136,0.6277151,0.3391272
21,7,none,cz,523,95,2,2,True,0.0016808757,0.0043369248,0.929824,0.06415817
21,7,none,cz,524,95,3,1,False,0.001927366,0.5362477,0.1182752,0.3435498
21,7,none,cz,525,95,2,2,True,0.0012000535,0.019427953,0.94441354,0.034958478
21,7,none,cz,526,95,3,3,True,0.00046872962,0.09574477,0.010965419,0.89282113
21,7,none,cz,527,95,2,3,False,0.0069146045,0.012564214,0.36275774,0.6177634
21,7,none,cz,528,95,3,3,True,3.8463215e-05,0.006615167,0.006410047,0.9869363
21,7,none,cz,529,95,2,2,True,0.11373208,0.12536213,0.54629123,0.21461456
21,7,none,cz,530,95,3,3,True,0.001453151,0.0049806824,0.08619679,0.9073694
21,7,none,cz,531,95,2,3,False,0.00043192215,0.026552547,0.047877792,0.92513776
21,7,none,cz,532,95,3,3,True,0.0003404836,0.10174964,0.069130495,0.82877934
21,7,none,cz,533,95,3,2,False,8.8270725e-05,0.049748316,0.6521513,0.29801217
21,7,none,cz,534,95,0,3,False,0.023296941,0.19366711,0.18777698,0.59525895
21,7,none,cz,535,95,1,3,False,0.034370527,0.01318172,0.093212895,0.85923487
21,7,none,cz,536,95,1,3,False,0.0016193972,0.0010457011,0.0013561634,0.9959787
21,7,none,cz,537,95,0,3,False,0.064110026,0.025436345,0.24695247,0.66350114
21,7,none,cz,538,95,0,3,False,0.009706063,0.008428568,0.09184921,0.8900162
21,7,none,cz,539,95,1,1,True,0.033091426,0.4166173,0.33297142,0.21731982
21,7,none,cz,540,95,1,3,False,0.0007642807,0.013341939,0.0018026337,0.9840911
21,7,none,cz,541,95,0,2,False,0.02724631,0.004916082,0.92890996,0.03892772
21,7,none,cz,542,95,0,2,False,0.016371574,0.1668818,0.71870935,0.09803728
21,7,none,cz,543,95,1,3,False,0.0039346423,0.38715157,0.042926334,0.56598747
21,7,none,cz,544,95,0,2,False,0.015443753,0.022077866,0.6263693,0.33610913
21,7,none,cz,545,95,1,2,False,0.024792429,0.014172162,0.6958525,0.26518285
21,7,none,cz,546,95,1,2,False,0.024904367,0.19669914,0.48300835,0.29538816
21,7,none,cz,547,95,0,2,False,0.0003867955,0.05293465,0.84016883,0.106509715
21,7,none,cz,548,95,0,2,False,0.035272066,0.019285582,0.92896247,0.016479967
21,7,none,cz,549,95,2,2,True,0.0018165903,0.0267627,0.88869387,0.08272685
21,7,none,cz,550,95,3,3,True,0.012969302,0.14495319,0.30720952,0.534868
21,7,none,cz,551,95,3,3,True,0.0050731064,0.10805263,0.035361808,0.8515125
21,7,none,cz,552,95,2,2,True,0.05564686,0.034218393,0.674408,0.23572667
21,7,none,cz,553,95,2,3,False,0.002053215,0.05620347,0.18768384,0.7540595
21,7,none,cz,554,95,3,3,True,0.00072991196,0.009015974,0.0052637,0.9849904
21,7,none,cz,555,95,2,2,True,0.007956605,0.34199598,0.4483836,0.2016638
21,7,none,cz,556,95,3,3,True,0.002500901,0.06498237,0.02093171,0.91158503
21,7,none,cz,557,95,2,2,True,0.00958344,0.13490619,0.6196383,0.23587205
21,7,none,cz,558,95,3,1,False,0.00026855068,0.65070826,0.04679033,0.30223286
21,7,none,cz,559,95,2,2,True,0.0027616518,0.028178224,0.6205087,0.34855145
21,7,none,cz,560,95,3,3,True,0.008310293,0.038699783,0.31647268,0.6365172
21,7,none,cz,561,95,3,3,True,0.001139167,0.088780016,0.40428963,0.5057912
21,7,none,cz,562,95,2,2,True,0.00041475857,0.097232446,0.87266076,0.029692018
21,7,none,cz,563,95,3,3,True,4.228009e-05,0.0057737012,0.020428274,0.9737558
21,7,none,cz,564,96,1,1,True,0.023067452,0.94992006,0.017401136,0.009611453
21,7,none,cz,565,96,0,0,True,0.7786421,0.033207837,0.18494344,0.00320659
21,7,none,cz,566,96,0,0,True,0.80956703,0.040438242,0.106629826,0.043364853
21,7,none,cz,567,96,1,1,True,0.0023311411,0.6927314,0.2194711,0.08546633
21,7,none,cz,568,96,1,1,True,0.0002940462,0.9659494,0.027311387,0.0064450903
21,7,none,cz,569,96,0,3,False,0.2331517,0.0026002545,0.30392045,0.4603276
21,7,none,cz,570,96,1,1,True,0.0008251895,0.9833703,0.012233759,0.0035706998
21,7,none,cz,571,96,0,0,True,0.91249156,0.00052199594,0.058549408,0.028437013
21,7,none,cz,572,96,0,2,False,0.31001,0.023999885,0.55410206,0.111888096
21,7,none,cz,573,96,1,1,True,0.0003204974,0.97701365,0.021827603,0.00083826814
21,7,none,cz,574,96,1,1,True,0.0004923842,0.98577577,0.013301932,0.00042986628
21,7,none,cz,575,96,0,2,False,0.43473876,0.0024372083,0.5586748,0.0041491776
21,7,none,cz,576,96,0,3,False,0.39466965,0.08612004,0.09980425,0.41940615
21,7,none,cz,577,96,1,1,True,0.004485472,0.60166496,0.28883243,0.10501711
21,7,none,cz,578,96,1,1,True,0.0005337419,0.73919827,0.056264617,0.2040034
21,7,none,cz,579,96,3,3,True,0.0008785934,0.01611787,0.21271853,0.770285
21,7,none,cz,580,96,2,2,True,0.0018974501,0.00020104705,0.99739313,0.0005083809
21,7,none,cz,581,96,3,2,False,0.0010748769,0.048468463,0.9032836,0.047172982
21,7,none,cz,582,96,2,2,True,0.0020976644,0.0015162814,0.9640578,0.032328356
21,7,none,cz,583,96,2,2,True,0.031498596,0.014948939,0.66569114,0.28786126
21,7,none,cz,584,96,3,2,False,0.006489637,0.0019629498,0.92091185,0.070635535
21,7,none,cz,585,96,3,2,False,0.069957495,0.05320531,0.5580682,0.31876898
21,7,none,cz,586,96,2,2,True,0.0020344052,0.00140843,0.97635716,0.02020001
21,7,none,cz,587,96,3,3,True,0.010856332,0.004492338,0.18063886,0.8040125
21,7,none,cz,588,96,2,2,True,0.013223094,0.08446082,0.82434595,0.077970095
21,7,none,cz,589,96,2,2,True,0.0073023997,0.05049003,0.94128567,0.0009219357
21,7,none,cz,590,96,3,3,True,0.14340861,0.17247345,0.21305607,0.4710619
21,7,none,cz,591,96,3,3,True,0.0122359,0.023872381,0.14875685,0.8151349
21,7,none,cz,592,96,2,2,True,0.064373136,0.104104646,0.6473547,0.18416747
21,7,none,cz,593,96,3,3,True,0.009425948,0.2421462,0.35558647,0.39284137
21,7,none,cz,594,96,0,0,True,0.8983695,0.00087858696,0.09265932,0.008092588
21,7,none,cz,595,96,1,2,False,0.031205902,0.0097935125,0.9558772,0.0031233109
21,7,none,cz,596,96,1,3,False,0.03143664,0.25934744,0.26889536,0.44032058
21,7,none,cz,597,96,0,0,True,0.9013286,0.00021389461,0.064223684,0.03423373
21,7,none,cz,598,96,1,1,True,0.06934439,0.8218597,0.0922245,0.016571406
21,7,none,cz,599,96,0,2,False,0.12959014,0.004640486,0.5712383,0.29453114
21,7,none,cz,600,96,0,2,False,0.38103095,0.00068325805,0.6135762,0.004709618
21,7,none,cz,601,96,1,1,True,0.0027644136,0.97508484,0.015714934,0.006435772
21,7,none,cz,602,96,0,0,True,0.82981956,0.024126222,0.12782955,0.018224623
21,7,none,cz,603,96,1,1,True,0.0065521915,0.5351761,0.4507583,0.0075134146
21,7,none,cz,604,96,1,1,True,0.0020376863,0.5310791,0.2658641,0.20101908
21,7,none,cz,605,96,0,0,True,0.72567296,0.00036135016,0.15799977,0.1159659
21,7,none,cz,606,96,1,3,False,0.010741063,0.058317453,0.37988764,0.5510539
21,7,none,cz,607,96,0,2,False,0.04121468,0.00042993453,0.86268514,0.09567032
21,7,none,cz,608,96,0,0,True,0.49911988,0.0007050851,0.33602205,0.16415294
21,7,none,cz,609,96,3,3,True,0.032909714,0.009724689,0.06581881,0.8915467
21,7,none,cz,610,96,2,2,True,0.0005427887,0.0064654923,0.9887455,0.0042461324
21,7,none,cz,611,96,3,2,False,0.08656992,0.09057133,0.80698216,0.015876539
21,7,none,cz,612,96,2,3,False,0.3283071,0.028817391,0.2766775,0.36619806
21,7,none,cz,613,96,3,3,True,0.02263998,0.22525041,0.03648467,0.71562487
21,7,none,cz,614,96,2,2,True,0.002541562,0.00070328126,0.9932406,0.0035145194
21,7,none,cz,615,96,2,2,True,0.001350932,0.0023112202,0.92792314,0.06841463
21,7,none,cz,616,96,3,2,False,0.01285141,0.003249641,0.7729186,0.21098039
21,7,none,cz,617,96,2,2,True,0.028317606,0.010070818,0.82335037,0.13826126
21,7,none,cz,618,96,3,0,False,0.4066318,0.08247601,0.30276105,0.20813113
21,7,none,cz,619,96,2,2,True,0.007983511,0.0032538387,0.67013216,0.31863052
21,7,none,cz,620,96,3,3,True,0.035116572,0.024928845,0.13977154,0.800183
21,7,none,cz,621,96,2,0,False,0.5007656,0.011142836,0.3968268,0.09126481
21,7,none,cz,622,96,3,3,True,0.017775819,0.014401516,0.047533065,0.9202896
21,7,none,cz,623,96,3,3,True,0.03456812,0.019912837,0.22134548,0.7241736
21,7,none,cz,624,96,1,1,True,0.0007829982,0.90797997,0.058241703,0.03299539
21,7,none,cz,625,96,0,0,True,0.66333663,0.0012878075,0.27392238,0.06145316
21,7,none,cz,626,96,1,2,False,0.020812599,0.014109566,0.9567523,0.008325597
21,7,none,cz,627,96,0,2,False,0.22165827,0.22134323,0.5529651,0.004033411
21,7,none,cz,628,96,1,2,False,0.013279065,0.27011502,0.65202117,0.064584725
21,7,none,cz,629,96,0,0,True,0.9354757,0.0048764595,0.03257573,0.027072132
21,7,none,cz,630,96,0,0,True,0.7602191,0.00050905475,0.23860592,0.00066591287
21,7,none,cz,631,96,1,3,False,0.2156573,0.31611767,0.13457157,0.33365345
21,7,none,cz,632,96,1,1,True,0.0030976278,0.9596156,0.024825009,0.012461912
21,7,none,cz,633,96,0,0,True,0.70289844,0.09575277,0.1486136,0.052735213
21,7,none,cz,634,96,0,0,True,0.9826863,8.5122774e-05,0.017026521,0.00020212411
21,7,none,cz,635,96,1,1,True,0.004469965,0.9112721,0.06200666,0.02225125
21,7,none,cz,636,96,1,2,False,0.004432011,0.4627156,0.51750726,0.015345162
21,7,none,cz,637,96,0,0,True,0.98365396,0.012113188,0.0024914085,0.0017414942
21,7,none,cz,638,96,0,0,True,0.5664624,0.04445095,0.23023275,0.15885392
21,7,none,cz,639,96,2,2,True,0.0008377836,0.030922413,0.96651256,0.0017272147
21,7,none,cz,640,96,3,2,False,0.0039110747,0.013277587,0.9211459,0.061665464
21,7,none,cz,641,96,2,2,True,0.008411008,0.0013946417,0.97453576,0.015658593
21,7,none,cz,642,96,3,2,False,0.0022958927,0.011074817,0.92758566,0.059043657
21,7,none,cz,643,96,3,3,True,0.07674975,0.06722123,0.107527256,0.74850184
21,7,none,cz,644,96,2,2,True,0.0033519669,0.06416118,0.92416096,0.008325932
21,7,none,cz,645,96,3,3,True,0.16936536,0.054352984,0.28625995,0.49002165
21,7,none,cz,646,96,2,2,True,0.020960625,0.15147115,0.815782,0.011786265
21,7,none,cz,647,96,2,2,True,0.0012661417,0.0040118066,0.9904193,0.0043026754
21,7,none,cz,648,96,3,2,False,0.05928523,0.16898005,0.72304463,0.04869008
21,7,none,cz,649,96,2,3,False,0.024978593,0.055515565,0.43260708,0.48689875
21,7,none,cz,650,96,3,3,True,0.022613022,0.008542571,0.35876969,0.6100747
21,7,none,cz,651,96,2,2,True,0.01722755,0.032421492,0.8914866,0.05886435
21,7,none,cz,652,96,3,2,False,0.21649006,0.06955946,0.5644277,0.14952284
21,7,none,cz,653,96,3,1,False,0.015817866,0.537896,0.3453845,0.100901686
21,7,none,cz,654,97,0,0,True,0.87973136,0.034220412,0.023098774,0.06294937
21,7,none,cz,655,97,1,1,True,0.0119652515,0.922108,0.01521233,0.05071444
21,7,none,cz,656,97,1,1,True,0.10139562,0.8059239,0.058599982,0.03408047
21,7,none,cz,657,97,0,0,True,0.41785288,0.31995422,0.23726286,0.024930092
21,7,none,cz,658,97,0,0,True,0.93796897,0.0041393274,0.0535361,0.0043556066
21,7,none,cz,659,97,1,1,True,0.0007198115,0.9731794,0.0114092985,0.014691403
21,7,none,cz,660,97,0,2,False,0.13730945,0.0729072,0.7587335,0.031049876
21,7,none,cz,661,97,1,1,True,7.950403e-05,0.9771892,0.011452654,0.011278747
21,7,none,cz,662,97,0,3,False,0.051254306,0.2401679,0.25475347,0.45382434
21,7,none,cz,663,97,1,1,True,0.036152367,0.8131314,0.014443803,0.13627255
21,7,none,cz,664,97,1,1,True,0.0019009998,0.9924075,0.0011780877,0.004513415
21,7,none,cz,665,97,0,0,True,0.6996595,0.015776595,0.053248756,0.23131512
21,7,none,cz,666,97,1,2,False,0.04467786,0.061629348,0.72553223,0.16816053
21,7,none,cz,667,97,0,3,False,0.075616464,0.30218995,0.10062381,0.5215698
21,7,none,cz,668,97,0,0,True,0.59691435,0.34942082,0.033695206,0.019969687
21,7,none,cz,669,97,3,3,True,0.15941109,0.13603556,0.20637906,0.49817428
21,7,none,cz,670,97,2,0,False,0.52443063,0.20283869,0.106177345,0.16655336
21,7,none,cz,671,97,3,3,True,0.001704432,0.04314318,0.01716644,0.93798596
21,7,none,cz,672,97,2,1,False,0.002600487,0.7091244,0.060226995,0.22804807
21,7,none,cz,673,97,3,1,False,0.053051215,0.6527566,0.0029569834,0.29123524
21,7,none,cz,674,97,2,3,False,0.03552039,0.31016973,0.3133071,0.34100273
21,7,none,cz,675,97,3,2,False,0.005545606,0.15260829,0.76468164,0.07716445
21,7,none,cz,676,97,2,1,False,0.005182057,0.8546804,0.0062542935,0.13388327
21,7,none,cz,677,97,3,1,False,0.0058936994,0.5411652,0.31881225,0.13412888
21,7,none,cz,678,97,2,2,True,0.07813989,0.15809457,0.69190866,0.07185691
21,7,none,cz,679,97,3,3,True,0.03018893,0.0109565435,0.015392837,0.94346166
21,7,none,cz,680,97,2,3,False,0.0025805938,0.006352748,0.0009021892,0.99016446
21,7,none,cz,681,97,3,3,True,0.030761797,0.011820726,0.063998975,0.8934185
21,7,none,cz,682,97,2,1,False,0.0008236006,0.6989591,0.12908219,0.17113507
21,7,none,cz,683,97,2,1,False,0.004999932,0.88008004,0.04403953,0.070880406
21,7,none,cz,684,97,0,1,False,0.07388757,0.58247036,0.15987895,0.18376315
21,7,none,cz,685,97,1,0,False,0.6203157,0.24419613,0.12954073,0.0059474246
21,7,none,cz,686,97,1,1,True,0.0054133465,0.972375,0.008890414,0.013321155
21,7,none,cz,687,97,0,0,True,0.40797433,0.044475522,0.32206643,0.22548375
21,7,none,cz,688,97,1,3,False,0.06400002,0.35020792,0.18548657,0.4003055
21,7,none,cz,689,97,0,2,False,0.28380868,0.07785454,0.48949584,0.1488409
21,7,none,cz,690,97,1,2,False,0.0067567006,0.039812483,0.62051946,0.33291134
21,7,none,cz,691,97,0,3,False,0.037922166,0.025446746,0.052112214,0.88451886
21,7,none,cz,692,97,1,1,True,0.023665497,0.67896223,0.03787763,0.2594947
21,7,none,cz,693,97,0,3,False,0.14705162,0.01942964,0.09507307,0.7384457
21,7,none,cz,694,97,0,0,True,0.8689784,0.010415456,0.11169369,0.008912491
21,7,none,cz,695,97,1,1,True,0.0026696413,0.5184465,0.31753403,0.16134977
21,7,none,cz,696,97,0,3,False,0.032879565,0.009288283,0.018765515,0.93906665
21,7,none,cz,697,97,1,1,True,0.018752795,0.8329439,0.026815513,0.12148785
21,7,none,cz,698,97,1,3,False,0.00041078762,0.13649729,0.003008742,0.86008316
21,7,none,cz,699,97,3,3,True,0.0035433976,0.11583867,0.35812688,0.52249104
21,7,none,cz,700,97,2,2,True,0.14775537,0.069401555,0.6907741,0.09206892
21,7,none,cz,701,97,2,1,False,0.026386399,0.38034955,0.3669736,0.22629036
21,7,none,cz,702,97,3,3,True,0.0029827121,0.09600259,0.40241003,0.49860463
21,7,none,cz,703,97,3,1,False,0.024997568,0.5721316,0.3151825,0.08768838
21,7,none,cz,704,97,2,1,False,0.010254197,0.9300108,0.015413445,0.044321578
21,7,none,cz,705,97,2,2,True,0.0015634274,0.27188665,0.44684002,0.2797099
21,7,none,cz,706,97,3,2,False,0.033172637,0.24758579,0.41139793,0.30784366
21,7,none,cz,707,97,2,2,True,0.0071238643,0.0651868,0.73796195,0.18972743
21,7,none,cz,708,97,3,3,True,0.0013233047,0.26576266,0.07436004,0.65855396
21,7,none,cz,709,97,3,3,True,0.038317867,0.042071067,0.08422159,0.83538944
21,7,none,cz,710,97,2,2,True,0.0035170517,0.06463418,0.57302266,0.3588261
21,7,none,cz,711,97,3,2,False,0.06960136,0.08454675,0.45686746,0.38898444
21,7,none,cz,712,97,2,2,True,0.16086806,0.010788413,0.43391618,0.3944274
21,7,none,cz,713,97,3,3,True,0.03957773,0.41525823,0.04390013,0.50126386
21,7,none,cz,714,97,1,3,False,0.018345559,0.19724101,0.23727657,0.54713684
21,7,none,cz,715,97,0,2,False,0.030673366,0.42665243,0.5025665,0.040107667
21,7,none,cz,716,97,1,1,True,0.006525125,0.83083594,0.12178427,0.04085461
21,7,none,cz,717,97,0,0,True,0.88530236,0.06894834,0.042822637,0.0029267448
21,7,none,cz,718,97,1,2,False,0.017740615,0.08515702,0.8463207,0.05078171
21,7,none,cz,719,97,0,0,True,0.5255354,0.04474796,0.051087305,0.37862927
21,7,none,cz,720,97,0,0,True,0.68861216,0.0072084293,0.043443922,0.26073548
21,7,none,cz,721,97,1,1,True,0.0082888445,0.5196741,0.38527325,0.08676379
21,7,none,cz,722,97,1,1,True,0.0014363608,0.6242787,0.13571441,0.23857044
21,7,none,cz,723,97,0,0,True,0.7161295,0.052661944,0.089302674,0.14190592
21,7,none,cz,724,97,1,1,True,0.014227081,0.80924135,0.03720077,0.13933077
21,7,none,cz,725,97,0,3,False,0.21444568,0.0934272,0.3421692,0.34995794
21,7,none,cz,726,97,0,0,True,0.9043453,0.008402648,0.045516577,0.0417355
21,7,none,cz,727,97,1,2,False,0.018379362,0.10319329,0.45115325,0.42727408
21,7,none,cz,728,97,0,0,True,0.6050452,0.019689744,0.111906126,0.26335892
21,7,none,cz,729,97,3,3,True,0.09007013,0.08378226,0.30827194,0.5178756
21,7,none,cz,730,97,2,1,False,0.00081435585,0.77311,0.041086223,0.18498947
21,7,none,cz,731,97,2,2,True,0.0071295877,0.025786337,0.9428409,0.02424328
21,7,none,cz,732,97,3,2,False,0.20640495,0.10108804,0.4416058,0.25090125
21,7,none,cz,733,97,2,2,True,0.04787516,0.28416646,0.4262749,0.24168347
21,7,none,cz,734,97,3,1,False,0.077608705,0.6746306,0.0953627,0.15239803
21,7,none,cz,735,97,2,1,False,0.20480959,0.3095335,0.27436557,0.21129128
21,7,none,cz,736,97,3,3,True,0.014079303,0.27001384,0.23257981,0.48332712
21,7,none,cz,737,97,3,3,True,0.027623845,0.12933104,0.2618458,0.58119935
21,7,none,cz,738,97,2,2,True,0.032894515,0.27578592,0.52545065,0.16586895
21,7,none,cz,739,97,3,3,True,0.0040388,0.045464024,0.11888909,0.8316081
21,7,none,cz,740,97,2,3,False,0.05920498,0.30082914,0.17091835,0.46904746
21,7,none,cz,741,97,2,1,False,0.03929031,0.40542334,0.29456523,0.26072106
21,7,none,cz,742,97,3,3,True,0.04053152,0.08409092,0.4082142,0.46716332
21,7,none,cz,743,97,2,0,False,0.45275903,0.16372223,0.22735144,0.15616731
21,7,none,cz,744,98,0,0,True,0.8116912,0.016222226,0.17029163,0.0017949593
21,7,none,cz,745,98,1,2,False,0.02398452,0.104180075,0.86420596,0.007629489
21,7,none,cz,746,98,1,1,True,0.06535699,0.7119678,0.20711607,0.015559017
21,7,none,cz,747,98,0,0,True,0.49718377,0.09333975,0.40245914,0.007017329
21,7,none,cz,748,98,0,2,False,0.4286089,0.058658276,0.43506923,0.077663675
21,7,none,cz,749,98,1,2,False,0.06077745,0.45611998,0.47069776,0.012404809
21,7,none,cz,750,98,1,1,True,0.028945256,0.8514635,0.10400629,0.015584949
21,7,none,cz,751,98,0,2,False,0.0829662,0.25582364,0.63248384,0.0287263
21,7,none,cz,752,98,1,1,True,0.09644059,0.5904364,0.30511808,0.008004894
21,7,none,cz,753,98,0,2,False,0.25826493,0.06061971,0.6748862,0.0062291455
21,7,none,cz,754,98,1,1,True,0.04556462,0.91930413,0.031488225,0.0036430038
21,7,none,cz,755,98,0,0,True,0.64754254,0.04219644,0.30243903,0.007821972
21,7,none,cz,756,98,0,2,False,0.09032725,0.25987002,0.64412844,0.0056742686
21,7,none,cz,757,98,1,2,False,0.043883353,0.3515901,0.48989138,0.11463512
21,7,none,cz,758,98,0,2,False,0.096062906,0.12011031,0.76006764,0.023759171
21,7,none,cz,759,98,3,3,True,0.03111746,0.0076913955,0.038106643,0.9230845
21,7,none,cz,760,98,2,2,True,0.07502571,0.07071369,0.77325976,0.08100084
21,7,none,cz,761,98,3,3,True,0.020266583,0.060374778,0.22022414,0.69913447
21,7,none,cz,762,98,2,2,True,0.092305474,0.43442914,0.46847114,0.0047942833
21,7,none,cz,763,98,2,0,False,0.45901725,0.09077452,0.4189399,0.031268407
21,7,none,cz,764,98,3,2,False,0.015119959,0.16376778,0.5537145,0.26739776
21,7,none,cz,765,98,2,2,True,0.024636237,0.011276515,0.9495345,0.014552788
21,7,none,cz,766,98,3,2,False,0.06615839,0.11805267,0.70829546,0.10749351
21,7,none,cz,767,98,2,2,True,0.027088664,0.0032552178,0.949313,0.020343155
21,7,none,cz,768,98,3,3,True,0.0784204,0.10319256,0.097161844,0.7212252
21,7,none,cz,769,98,3,3,True,0.18632442,0.050415866,0.35741845,0.40584126
21,7,none,cz,770,98,2,2,True,0.03486166,0.01964232,0.9238311,0.021664973
21,7,none,cz,771,98,2,2,True,0.21589702,0.024802906,0.641558,0.11774208
21,7,none,cz,772,98,3,0,False,0.58112776,0.118659906,0.189743,0.11046928
21,7,none,cz,773,98,3,2,False,0.09602181,0.067063645,0.74179137,0.09512315
21,7,none,cz,774,98,1,1,True,0.010684271,0.8315647,0.15118875,0.0065622274
21,7,none,cz,775,98,0,2,False,0.2938754,0.11322069,0.57097876,0.021925107
21,7,none,cz,776,98,0,0,True,0.48767006,0.037935536,0.44758102,0.02681343
21,7,none,cz,777,98,1,1,True,0.070801765,0.43942982,0.40715405,0.08261437
21,7,none,cz,778,98,0,0,True,0.86232716,0.048761073,0.07711619,0.0117957
21,7,none,cz,779,98,1,2,False,0.05666385,0.12852123,0.7622295,0.052585408
21,7,none,cz,780,98,1,1,True,0.025812596,0.42221254,0.40216854,0.14980634
21,7,none,cz,781,98,0,0,True,0.8363586,0.010914508,0.1222542,0.030472625
21,7,none,cz,782,98,0,0,True,0.49944714,0.2386772,0.22962315,0.03225254
21,7,none,cz,783,98,1,1,True,0.086669944,0.5842952,0.2599092,0.06912567
21,7,none,cz,784,98,0,0,True,0.5470162,0.020810721,0.34870458,0.0834685
21,7,none,cz,785,98,1,1,True,0.024961393,0.6777634,0.289268,0.008007213
21,7,none,cz,786,98,1,1,True,0.038671535,0.6597058,0.14334838,0.15827431
21,7,none,cz,787,98,0,0,True,0.95364225,0.007911863,0.03312662,0.005319174
21,7,none,cz,788,98,0,2,False,0.026927687,0.019457938,0.9284189,0.025195496
21,7,none,cz,789,98,3,3,True,0.1854864,0.11045187,0.26177415,0.4422876
21,7,none,cz,790,98,2,2,True,0.2394997,0.029740771,0.70691204,0.02384742
21,7,none,cz,791,98,3,2,False,0.12598182,0.053973094,0.50739616,0.3126489
21,7,none,cz,792,98,2,2,True,0.018863987,0.04156019,0.93834656,0.0012292591
21,7,none,cz,793,98,2,2,True,0.4041812,0.13531211,0.4064192,0.054087482
21,7,none,cz,794,98,3,3,True,0.16164394,0.17887941,0.13547209,0.5240046
21,7,none,cz,795,98,2,2,True,0.16309047,0.096047424,0.7021039,0.038758148
21,7,none,cz,796,98,3,3,True,0.06796745,0.02154886,0.04909353,0.8613901
21,7,none,cz,797,98,3,3,True,0.053881753,0.006454363,0.43157014,0.5080938
21,7,none,cz,798,98,2,2,True,0.039514657,0.058514554,0.774123,0.12784784
21,7,none,cz,799,98,2,2,True,0.021853965,0.07191005,0.894992,0.011243978
21,7,none,cz,800,98,3,2,False,0.21469846,0.327767,0.4505383,0.0069961045
21,7,none,cz,801,98,2,3,False,0.09785002,0.101194955,0.31674314,0.4842119
21,7,none,cz,802,98,3,3,True,0.027932135,0.035402086,0.15621713,0.7804486
21,7,none,cz,803,98,3,2,False,0.18894562,0.030949846,0.53882086,0.24128367
21,7,none,cz,804,98,0,2,False,0.23828721,0.093229935,0.64102775,0.027455118
21,7,none,cz,805,98,1,3,False,0.2834704,0.11148484,0.12374355,0.48130125
21,7,none,cz,806,98,1,1,True,0.26426882,0.2669393,0.26578444,0.20300743
21,7,none,cz,807,98,0,2,False,0.18514347,0.26789957,0.50786275,0.039094165
21,7,none,cz,808,98,0,1,False,0.108526655,0.8076808,0.07043116,0.013361393
21,7,none,cz,809,98,1,3,False,0.14194424,0.091849364,0.11404305,0.6521634
21,7,none,cz,810,98,1,2,False,0.35302418,0.11486838,0.37658432,0.15552315
21,7,none,cz,811,98,0,0,True,0.4667631,0.038638387,0.38865322,0.10594536
21,7,none,cz,812,98,0,1,False,0.32331732,0.37313452,0.23980144,0.06374666
21,7,none,cz,813,98,1,0,False,0.97216874,0.014187231,0.007413297,0.0062306407
21,7,none,cz,814,98,0,2,False,0.16205628,0.23355757,0.53201824,0.07236793
21,7,none,cz,815,98,1,0,False,0.56220084,0.21945895,0.15443638,0.06390379
21,7,none,cz,816,98,1,0,False,0.62091917,0.05742095,0.21555719,0.10610274
21,7,none,cz,817,98,0,2,False,0.037903193,0.14459813,0.77842784,0.03907074
21,7,none,cz,818,98,1,2,False,0.24926001,0.29137954,0.4265708,0.032789696
21,7,none,cz,819,98,2,0,False,0.6564384,0.08157671,0.18675357,0.07523121
21,7,none,cz,820,98,3,1,False,0.0030887676,0.9858635,0.009559946,0.001487777
21,7,none,cz,821,98,3,1,False,0.078572854,0.45320907,0.3507695,0.11744863
21,7,none,cz,822,98,2,0,False,0.58601236,0.0153129,0.26254272,0.13613205
21,7,none,cz,823,98,2,2,True,0.34969428,0.036028814,0.49167454,0.12260232
21,7,none,cz,824,98,3,2,False,0.022180581,0.11984878,0.78202814,0.0759425
21,7,none,cz,825,98,3,2,False,0.077290885,0.02954826,0.632352,0.26080883
21,7,none,cz,826,98,2,2,True,0.15214865,0.18507573,0.53279275,0.12998286
21,7,none,cz,827,98,3,3,True,0.13442709,0.29844514,0.15522459,0.41190323
21,7,none,cz,828,98,2,2,True,0.19340803,0.15074581,0.6429313,0.012914905
21,7,none,cz,829,98,3,2,False,0.20826761,0.12525319,0.41707867,0.24940048
21,7,none,cz,830,98,2,0,False,0.38405228,0.060757853,0.26432848,0.29086143
21,7,none,cz,831,98,3,3,True,0.06681131,0.0874294,0.37792668,0.46783265
21,7,none,cz,832,98,2,0,False,0.61347246,0.047763385,0.29613653,0.042627715
21,7,none,cz,833,98,3,1,False,0.23222414,0.72949857,0.026784029,0.011493402
21,7,none,cz,834,99,1,2,False,0.07596343,0.21694484,0.44591337,0.26117834
21,7,none,cz,835,99,0,2,False,0.040250618,0.00744451,0.93275124,0.019553542
21,7,none,cz,836,99,0,0,True,0.71333003,0.045981288,0.15546234,0.08522633
21,7,none,cz,837,99,1,3,False,0.0714113,0.055840407,0.010555289,0.8621929
21,7,none,cz,838,99,0,1,False,0.02814859,0.48166996,0.31600094,0.17418045
21,7,none,cz,839,99,1,3,False,0.3106425,0.058879983,0.1016152,0.5288623
21,7,none,cz,840,99,1,2,False,0.017710054,0.048748564,0.70988464,0.22365677
21,7,none,cz,841,99,0,2,False,0.02005937,0.023690687,0.7520113,0.20423865
21,7,none,cz,842,99,0,3,False,0.11483717,0.06354974,0.17023076,0.6513823
21,7,none,cz,843,99,1,2,False,0.004572713,0.001418925,0.5233787,0.47062963
21,7,none,cz,844,99,1,1,True,0.0015462752,0.98239636,0.014522455,0.0015347973
21,7,none,cz,845,99,0,2,False,0.057068765,0.14138003,0.44712266,0.35442853
21,7,none,cz,846,99,1,2,False,0.018572967,0.24200834,0.5622546,0.17716412
21,7,none,cz,847,99,0,2,False,0.31837925,0.0077172187,0.47677082,0.19713275
21,7,none,cz,848,99,1,1,True,0.011514707,0.5164713,0.25917363,0.2128403
21,7,none,cz,849,99,3,2,False,0.052181453,0.25112084,0.46229437,0.2344033
21,7,none,cz,850,99,2,3,False,0.05410375,0.032473654,0.1630798,0.75034285
21,7,none,cz,851,99,3,2,False,0.104136035,0.032411456,0.6413736,0.22207895
21,7,none,cz,852,99,2,2,True,0.038351644,0.0059706676,0.9457894,0.009888316
21,7,none,cz,853,99,3,2,False,0.12929152,0.05571267,0.588977,0.22601886
21,7,none,cz,854,99,2,2,True,0.06688781,0.015988505,0.89955753,0.017566197
21,7,none,cz,855,99,3,2,False,0.049013644,0.26192054,0.6287856,0.060280208
21,7,none,cz,856,99,2,3,False,0.09612904,0.00997193,0.43855703,0.45534205
21,7,none,cz,857,99,2,3,False,0.11306693,0.2850791,0.16459042,0.43726355
21,7,none,cz,858,99,3,0,False,0.5929876,0.011576732,0.26009175,0.13534394
21,7,none,cz,859,99,3,2,False,0.0435441,0.021003133,0.6005786,0.33487418
21,7,none,cz,860,99,2,3,False,0.09940413,0.087528095,0.10111437,0.7119534
21,7,none,cz,861,99,2,2,True,0.102645546,0.015286515,0.77374405,0.1083239
21,7,none,cz,862,99,3,3,True,0.007856933,0.016673723,0.36355877,0.6119106
21,7,none,cz,863,99,3,3,True,0.12296168,0.1145512,0.21652742,0.5459597
21,7,none,cz,864,99,0,0,True,0.83654064,0.0013074457,0.11722808,0.04492384
21,7,none,cz,865,99,1,2,False,0.26767308,0.050278656,0.4061428,0.27590555
21,7,none,cz,866,99,0,3,False,0.18556911,0.09129702,0.025951294,0.6971826
21,7,none,cz,867,99,1,1,True,0.23524994,0.4041664,0.124240436,0.23634318
21,7,none,cz,868,99,1,1,True,0.002913061,0.8249499,0.01928266,0.15285437
21,7,none,cz,869,99,0,0,True,0.5667266,0.009657874,0.12660955,0.297006
21,7,none,cz,870,99,1,2,False,0.34563065,0.26089785,0.37275365,0.02071785
21,7,none,cz,871,99,0,0,True,0.39811727,0.0021177558,0.3350284,0.26473662
21,7,none,cz,872,99,1,1,True,0.12735458,0.43724504,0.27973366,0.15566672
21,7,none,cz,873,99,0,3,False,0.24385306,0.0011270742,0.059868354,0.6951515
21,7,none,cz,874,99,1,3,False,0.23940057,0.026242455,0.1261023,0.6082547
21,7,none,cz,875,99,0,2,False,0.16561358,0.020382078,0.648429,0.16557536
21,7,none,cz,876,99,1,2,False,0.08422138,0.018556967,0.83942395,0.057797644
21,7,none,cz,877,99,0,0,True,0.39558476,0.10250791,0.2456466,0.25626072
21,7,none,cz,878,99,0,0,True,0.97702,0.0011184473,0.010743536,0.011117996
21,7,none,cz,879,99,2,3,False,0.092500456,0.024123363,0.13268372,0.7506924
21,7,none,cz,880,99,3,2,False,0.0031163262,0.010725012,0.72687644,0.25928217
21,7,none,cz,881,99,2,3,False,0.05457107,0.39236444,0.13715287,0.4159116
21,7,none,cz,882,99,3,3,True,0.21938454,0.026079398,0.2955608,0.4589753
21,7,none,cz,883,99,3,0,False,0.7279475,0.06436177,0.17281295,0.03487784
21,7,none,cz,884,99,2,0,False,0.58113706,0.009492426,0.4001002,0.0092703365
21,7,none,cz,885,99,3,2,False,0.21406686,0.027088664,0.46753564,0.29130882
21,7,none,cz,886,99,2,2,True,0.29345754,0.003326892,0.47904873,0.22416686
21,7,none,cz,887,99,2,1,False,0.047296934,0.8168123,0.011199658,0.12469117
21,7,none,cz,888,99,3,0,False,0.5877692,0.027589213,0.06705816,0.3175834
21,7,none,cz,889,99,2,3,False,0.24791402,0.040999707,0.03809322,0.67299306
21,7,none,cz,890,99,3,3,True,0.027698826,0.03219692,0.453796,0.4863083
21,7,none,cz,891,99,2,2,True,0.017615115,0.00831849,0.59131205,0.3827544
21,7,none,cz,892,99,3,3,True,0.058152054,0.026458815,0.37963483,0.5357543
21,7,none,cz,893,99,3,2,False,0.024463497,0.05240731,0.7323357,0.19079347
21,7,none,cz,894,99,0,2,False,0.4686898,0.013146592,0.47689188,0.04127165
21,7,none,cz,895,99,1,0,False,0.6892155,0.0070957,0.06437099,0.23931785
21,7,none,cz,896,99,0,2,False,0.18814088,0.12315214,0.55188006,0.13682686
21,7,none,cz,897,99,1,1,True,0.08834325,0.45551363,0.35664576,0.09949738
21,7,none,cz,898,99,1,1,True,0.02949724,0.8062812,0.07295229,0.09126923
21,7,none,cz,899,99,0,3,False,0.18245222,0.01229665,0.3707823,0.43446884
21,7,none,cz,900,99,0,2,False,0.01868771,0.024912784,0.8826352,0.07376434
21,7,none,cz,901,99,1,3,False,0.0019928475,0.370415,0.24490044,0.38269168
21,7,none,cz,902,99,0,2,False,0.019099975,0.12822813,0.7771408,0.07553105
21,7,none,cz,903,99,1,3,False,0.2526008,0.15958554,0.029525237,0.5582884
21,7,none,cz,904,99,1,3,False,0.036956426,0.023230158,0.41029942,0.52951396
21,7,none,cz,905,99,0,2,False,0.09509994,0.043690953,0.6899599,0.17124927
21,7,none,cz,906,99,0,2,False,0.30133832,0.0056295726,0.4448403,0.24819179
21,7,none,cz,907,99,1,2,False,0.07203077,0.08441837,0.50719625,0.33635458
21,7,none,cz,908,99,1,2,False,0.018574107,0.012602975,0.84572643,0.12309649
21,7,none,cz,909,99,2,3,False,0.017554874,0.017910577,0.4690667,0.4954678
21,7,none,cz,910,99,3,1,False,0.020310443,0.7776298,0.022290483,0.17976934
21,7,none,cz,911,99,2,2,True,0.030027267,0.071136184,0.80539083,0.09344577
21,7,none,cz,912,99,3,2,False,0.0048332955,0.109073825,0.83011264,0.05598022
21,7,none,cz,913,99,3,2,False,0.0870077,0.06332608,0.6796787,0.16998753
21,7,none,cz,914,99,2,2,True,0.026229035,0.02676222,0.6199057,0.32710308
21,7,none,cz,915,99,2,3,False,0.0075314,0.026423998,0.22953819,0.73650646
21,7,none,cz,916,99,3,3,True,0.042377792,0.102194995,0.27584442,0.57958275
21,7,none,cz,917,99,3,0,False,0.43185994,0.0038062995,0.34813476,0.21619904
21,7,none,cz,918,99,2,2,True,0.35326773,0.0096420925,0.5138398,0.12325039
21,7,none,cz,919,99,3,3,True,0.11505546,0.23849833,0.22807254,0.4183737
21,7,none,cz,920,99,2,2,True,0.07763381,0.060413517,0.66842246,0.1935302
21,7,none,cz,921,99,3,2,False,0.005344436,0.057530805,0.856612,0.08051277
21,7,none,cz,922,99,2,2,True,0.0061201686,0.44906077,0.49979427,0.04502481
21,7,none,cz,923,99,3,3,True,0.0107553555,0.020137763,0.07531188,0.89379495
21,7,none,cz,924,100,0,0,True,0.71301746,0.010715375,0.27223843,0.004028635
21,7,none,cz,925,100,1,2,False,0.019493515,0.24644233,0.43101382,0.30305028
21,7,none,cz,926,100,1,1,True,0.010742279,0.7392399,0.16173398,0.08828387
21,7,none,cz,927,100,0,2,False,0.044436228,0.3202796,0.5495457,0.085738435
21,7,none,cz,928,100,0,0,True,0.9762863,0.0016035557,0.012090826,0.010019389
21,7,none,cz,929,100,1,2,False,0.06278674,0.17682636,0.53728014,0.22310677
21,7,none,cz,930,100,0,0,True,0.99189746,4.2489875e-05,0.004024973,0.0040350216
21,7,none,cz,931,100,1,2,False,0.019736905,0.10796156,0.56852573,0.30377582
21,7,none,cz,932,100,1,1,True,0.00044178683,0.97652185,0.022332083,0.00070430763
21,7,none,cz,933,100,0,2,False,0.058925975,0.018092304,0.7934512,0.12953047
21,7,none,cz,934,100,1,2,False,0.0026881201,0.2683257,0.67487884,0.05410736
21,7,none,cz,935,100,0,2,False,0.20888053,0.005527841,0.7542136,0.03137798
21,7,none,cz,936,100,3,3,True,0.047158886,0.006403559,0.012612008,0.93382555
21,7,none,cz,937,100,2,2,True,0.09876535,0.023548273,0.7762728,0.10141361
21,7,none,cz,938,100,3,3,True,0.084926404,0.007785856,0.037138663,0.8701491
21,7,none,cz,939,100,2,2,True,0.06146517,0.23278673,0.6181836,0.08756451
21,7,none,cz,940,100,3,3,True,0.34812307,0.002801997,0.28321207,0.36586288
21,7,none,cz,941,100,2,2,True,0.12491806,0.09857733,0.76770484,0.0087997895
21,7,none,cz,942,100,3,0,False,0.28310025,0.17395845,0.27390206,0.26903924
21,7,none,cz,943,100,2,2,True,0.026067128,0.0038259565,0.9677847,0.0023221127
21,7,none,cz,944,100,3,2,False,0.0789006,0.007191937,0.87022865,0.04367881
21,7,none,cz,945,100,2,2,True,0.01567439,0.040245116,0.9420559,0.0020245397
21,7,none,cz,946,100,3,1,False,0.0017856215,0.7101775,0.11641852,0.17161834
21,7,none,cz,947,100,2,2,True,0.10950417,0.016359547,0.79176444,0.082371846
21,7,none,cz,948,100,1,1,True,0.0015344855,0.94964194,0.048243266,0.00058033445
21,7,none,cz,949,100,0,2,False,0.20947017,0.019383201,0.75654536,0.014601342
21,7,none,cz,950,100,0,0,True,0.6768036,0.01091219,0.11969739,0.19258687
21,7,none,cz,951,100,1,2,False,0.022035915,0.26005033,0.59524643,0.12266735
21,7,none,cz,952,100,1,1,True,0.08967198,0.6462656,0.08028716,0.18377529
21,7,none,cz,953,100,0,2,False,0.06499827,0.09288016,0.8130042,0.029117312
21,7,none,cz,954,100,0,0,True,0.70591205,0.10844153,0.032128707,0.1535177
21,7,none,cz,955,100,1,1,True,0.0012854539,0.95079255,0.037971396,0.009950678
21,7,none,cz,956,100,1,1,True,0.027840348,0.81693184,0.02522278,0.13000506
21,7,none,cz,957,100,0,1,False,0.0048902594,0.6385404,0.29215902,0.06441033
21,7,none,cz,958,100,0,0,True,0.92539465,0.017569907,0.0540346,0.003000923
21,7,none,cz,959,100,1,1,True,0.001028878,0.98643005,0.010722986,0.0018180688
21,7,none,cz,960,100,3,3,True,0.09089521,0.0145296175,0.2121066,0.68246853
21,7,none,cz,961,100,2,2,True,0.016536685,0.00095560786,0.9255725,0.0569352
21,7,none,cz,962,100,2,2,True,0.026216626,0.009671193,0.93899345,0.025118666
21,7,none,cz,963,100,3,3,True,0.094430566,0.11041069,0.09617254,0.69898623
21,7,none,cz,964,100,2,2,True,0.12705891,0.35738248,0.50271803,0.012840638
21,7,none,cz,965,100,3,0,False,0.7652966,0.0028251752,0.04623675,0.1856415
21,7,none,cz,966,100,2,2,True,0.012344469,0.13106216,0.8284378,0.028155535
21,7,none,cz,967,100,3,0,False,0.61726916,0.0369767,0.19854748,0.1472066
21,7,none,cz,968,100,2,2,True,0.22665548,0.18044694,0.584662,0.008235538
21,7,none,cz,969,100,3,1,False,0.027992144,0.4616086,0.40074447,0.10965477
21,7,none,cz,970,100,2,0,False,0.37524328,0.03355079,0.3655072,0.22569874
21,7,none,cz,971,100,3,3,True,0.13695607,0.19907598,0.31559393,0.34837404
21,7,none,cz,972,100,1,1,True,0.0031347428,0.9565437,0.017625412,0.022696089
21,7,none,cz,973,100,0,0,True,0.7739054,0.035514776,0.119607165,0.0709727
21,7,none,cz,974,100,0,2,False,0.0008148809,0.003078455,0.9038695,0.09223719
21,7,none,cz,975,100,1,2,False,0.06578916,0.0041061565,0.9119033,0.018201327
21,7,none,cz,976,100,1,1,True,0.00051477086,0.95963216,0.038808636,0.0010444032
21,7,none,cz,977,100,0,0,True,0.9960324,0.00010621917,0.0036558036,0.00020553436
21,7,none,cz,978,100,0,2,False,0.32449853,0.0071310564,0.63157696,0.03679349
21,7,none,cz,979,100,1,1,True,0.032838203,0.83547926,0.016369442,0.1153131
21,7,none,cz,980,100,1,2,False,0.0019431922,0.21385,0.7208201,0.06338666
21,7,none,cz,981,100,0,2,False,0.32208255,0.030761013,0.6358173,0.011339128
21,7,none,cz,982,100,0,2,False,0.21825765,0.06830702,0.5524295,0.16100587
21,7,none,cz,983,100,1,1,True,0.011237442,0.72462726,0.17994326,0.08419196
21,7,none,cz,984,100,2,2,True,0.041779406,0.045337573,0.84080505,0.07207799
21,7,none,cz,985,100,3,2,False,0.014548314,0.017325068,0.63936543,0.32876122
21,7,none,cz,986,100,2,3,False,0.05055282,0.053671736,0.21558942,0.68018603
21,7,none,cz,987,100,3,3,True,0.0045043416,0.29595134,0.26219136,0.43735296
21,7,none,cz,988,100,3,1,False,0.03647298,0.5452823,0.14826946,0.26997533
21,7,none,cz,989,100,2,2,True,0.21705419,0.10509021,0.676013,0.0018425888
21,7,none,cz,990,100,2,2,True,0.018201856,0.051672965,0.90047497,0.02965019
21,7,none,cz,991,100,3,2,False,0.011450598,0.06935809,0.81313884,0.10605249
21,7,none,cz,992,100,3,3,True,0.0019007421,0.10669889,0.21213889,0.67926145
21,7,none,cz,993,100,2,2,True,0.09415668,0.10332474,0.6767372,0.12578139
21,7,none,cz,994,100,2,2,True,0.013436107,0.033235643,0.719205,0.23412327
21,7,none,cz,995,100,3,3,True,0.00089825084,0.0071536954,0.25918788,0.7327602
21,7,none,cz,996,101,0,2,False,0.40197,0.06725198,0.4985556,0.032222357
21,7,none,cz,997,101,1,1,True,0.00021870069,0.980638,0.012050332,0.0070929304
21,7,none,cz,998,101,1,1,True,0.07438664,0.86504745,0.042391956,0.01817396
21,7,none,cz,999,101,0,0,True,0.9919064,0.006672786,0.00053411623,0.0008866822
21,7,none,cz,1000,101,1,1,True,0.00028380938,0.99819344,0.00089162047,0.0006310963
21,7,none,cz,1001,101,0,0,True,0.9998292,0.00011719558,4.301922e-05,1.0611195e-05
21,7,none,cz,1002,101,1,1,True,0.0001800025,0.9994067,1.4951797e-05,0.00039844893
21,7,none,cz,1003,101,0,0,True,0.9995055,0.00029143368,0.00014462347,5.833684e-05
21,7,none,cz,1004,101,1,1,True,0.0001577274,0.99918026,7.2642346e-05,0.00058936427
21,7,none,cz,1005,101,0,0,True,0.996558,0.003001474,0.00040277655,3.7754005e-05
21,7,none,cz,1006,101,0,0,True,0.9952311,0.00242572,0.0022275902,0.000115603725
21,7,none,cz,1007,101,1,1,True,0.00028161748,0.99427176,0.0036770198,0.0017695529
21,7,none,cz,1008,101,1,1,True,0.00014400932,0.9934262,0.0057002767,0.0007295022
21,7,none,cz,1009,101,0,0,True,0.9807616,0.00015560914,0.017506247,0.0015765384
21,7,none,cz,1010,101,0,0,True,0.9975109,0.00056268927,0.0015551669,0.0003711922
21,7,none,cz,1011,101,2,1,False,0.028307399,0.7793922,0.1907099,0.0015905089
21,7,none,cz,1012,101,3,1,False,0.03791447,0.8686097,0.046986002,0.04648978
21,7,none,cz,1013,101,2,2,True,0.41543886,0.019386977,0.5132096,0.051964592
21,7,none,cz,1014,101,3,3,True,0.12801626,0.19770356,0.045519195,0.62876093
21,7,none,cz,1015,101,3,2,False,0.042658333,0.26697177,0.38592216,0.3044477
21,7,none,cz,1016,101,2,2,True,0.22053166,0.19872034,0.51936734,0.061380684
21,7,none,cz,1017,101,2,2,True,0.0036103078,0.48294044,0.50681937,0.0066298335
21,7,none,cz,1018,101,3,3,True,0.04150877,0.27706423,0.043438777,0.63798827
21,7,none,cz,1019,101,2,1,False,0.084914535,0.52254593,0.3801698,0.012369692
21,7,none,cz,1020,101,3,3,True,0.12707584,0.22151192,0.0745384,0.57687384
21,7,none,cz,1021,101,3,3,True,0.01928428,0.10120434,0.20909727,0.67041415
21,7,none,cz,1022,101,2,1,False,0.049571965,0.9342315,0.013464953,0.002731529
21,7,none,cz,1023,101,2,0,False,0.7426056,0.02144824,0.23314483,0.0028012665
21,7,none,cz,1024,101,3,3,True,0.036956765,0.078327365,0.008663015,0.87605286
21,7,none,cz,1025,101,2,2,True,0.19731717,0.19119862,0.5653566,0.046127636
21,7,none,cz,1026,101,1,1,True,0.0029890863,0.9392398,0.04830496,0.009466208
21,7,none,cz,1027,101,0,0,True,0.9976331,0.00074242963,0.0014889878,0.0001354282
21,7,none,cz,1028,101,0,0,True,0.9227608,0.05225974,0.022587704,0.0023917898
21,7,none,cz,1029,101,1,1,True,0.09721623,0.86440414,0.020309435,0.018070225
21,7,none,cz,1030,101,1,1,True,6.914144e-05,0.9977451,0.0017870031,0.00039876968
21,7,none,cz,1031,101,0,0,True,0.99270904,0.00082513166,0.0063998764,6.5959866e-05
21,7,none,cz,1032,101,0,0,True,0.99654514,0.0029767787,0.00033018176,0.00014791943
21,7,none,cz,1033,101,1,1,True,5.954605e-05,0.99890125,0.0010065197,3.261666e-05
21,7,none,cz,1034,101,1,1,True,0.0027908466,0.9965004,0.0003414757,0.00036721636
21,7,none,cz,1035,101,0,0,True,0.99864167,0.00021179504,0.00041582616,0.0007306712
21,7,none,cz,1036,101,1,1,True,0.010559258,0.96980494,0.009217887,0.010417926
21,7,none,cz,1037,101,0,0,True,0.99883705,0.00094153587,0.00015498494,6.639794e-05
21,7,none,cz,1038,101,1,1,True,0.0012763452,0.9984493,0.00019836772,7.597685e-05
21,7,none,cz,1039,101,0,0,True,0.82509303,0.049670245,0.037930664,0.08730599
21,7,none,cz,1040,101,1,1,True,0.074537024,0.5838664,0.30232522,0.03927133
21,7,none,cz,1041,101,2,2,True,0.20932807,0.19930185,0.5886603,0.0027098407
21,7,none,cz,1042,101,3,2,False,0.124594994,0.23266965,0.51710564,0.12562971
21,7,none,cz,1043,101,2,1,False,0.015114056,0.8704272,0.111850604,0.0026082285
21,7,none,cz,1044,101,3,3,True,0.11577185,0.2849762,0.0057654404,0.5934865
21,7,none,cz,1045,101,3,3,True,0.2481571,0.080925666,0.13440043,0.5365168
21,7,none,cz,1046,101,2,1,False,0.12511395,0.6568057,0.142813,0.07526728
21,7,none,cz,1047,101,2,2,True,0.2848033,0.14725234,0.55865645,0.009287886
21,7,none,cz,1048,101,3,1,False,0.14659286,0.5432706,0.010649549,0.29948702
21,7,none,cz,1049,101,3,3,True,0.11356196,0.026382934,0.039236803,0.8208183
21,7,none,cz,1050,101,2,1,False,0.29935718,0.49222073,0.09018249,0.11823963
21,7,none,cz,1051,101,2,2,True,0.020091204,0.023578525,0.95421183,0.002118395
21,7,none,cz,1052,101,3,1,False,0.24500234,0.42093495,0.03223397,0.30182877
21,7,none,cz,1053,101,2,0,False,0.778538,0.018954001,0.17408241,0.028425615
21,7,none,cz,1054,101,3,3,True,0.34843296,0.037827473,0.094009034,0.5197305
21,7,none,cz,1055,101,2,1,False,0.09275797,0.78734475,0.071234785,0.04866255
21,7,none,cz,1056,101,0,0,True,0.99726295,0.00052433944,0.0020319333,0.00018069638
21,7,none,cz,1057,101,1,1,True,0.019852843,0.8888792,0.08677291,0.0044950806
21,7,none,cz,1058,101,0,0,True,0.99837697,0.0009249306,0.0006487139,4.9403166e-05
21,7,none,cz,1059,101,1,1,True,0.008581472,0.9406617,0.010960348,0.039796397
21,7,none,cz,1060,101,1,1,True,0.00573112,0.93952054,0.007154404,0.04759391
21,7,none,cz,1061,101,0,0,True,0.98746777,0.0048637227,0.0015909236,0.0060775178
21,7,none,cz,1062,101,1,1,True,0.00016714325,0.99979764,1.422689e-05,2.1087086e-05
21,7,none,cz,1063,101,0,0,True,0.99964297,0.00029496467,4.9666276e-05,1.2352366e-05
21,7,none,cz,1064,101,1,1,True,0.0007963455,0.9738637,0.021437276,0.0039025845
21,7,none,cz,1065,101,0,0,True,0.98531854,0.0035703673,0.0035164105,0.007594614
21,7,none,cz,1066,101,1,1,True,0.00083677936,0.9904805,0.0025586323,0.006124096
21,7,none,cz,1067,101,0,0,True,0.9980975,0.0002584792,0.0007712261,0.0008727988
21,7,none,cz,1068,101,0,0,True,0.8919964,0.0799,0.02706024,0.0010433712
21,7,none,cz,1069,101,1,1,True,0.0018819286,0.99368685,0.00074055645,0.0036906546
21,7,none,cz,1070,101,1,1,True,0.001715275,0.95374036,0.0427761,0.0017681852
21,7,none,cz,1071,101,3,3,True,0.00543209,0.029575715,0.007688495,0.9573037
21,7,none,cz,1072,101,2,2,True,0.012707108,0.007263661,0.9699074,0.010121723
21,7,none,cz,1073,101,3,0,False,0.31264636,0.29330605,0.14560638,0.24844125
21,7,none,cz,1074,101,2,2,True,0.15729682,0.051409703,0.72432125,0.06697225
21,7,none,cz,1075,101,2,1,False,0.1486022,0.42529178,0.3875836,0.03852238
21,7,none,cz,1076,101,3,1,False,0.23569761,0.5234939,0.046806984,0.19400151
21,7,none,cz,1077,101,3,3,True,0.33022958,0.052035667,0.027792806,0.5899419
21,7,none,cz,1078,101,2,3,False,0.05322324,0.16450515,0.034846846,0.7474247
21,7,none,cz,1079,101,2,2,True,0.008515019,0.007147589,0.9826821,0.0016552092
21,7,none,cz,1080,101,3,3,True,0.14591472,0.20475484,0.08374708,0.5655834
21,7,none,cz,1081,101,3,3,True,0.059650622,0.095165275,0.18487433,0.66030973
21,7,none,cz,1082,101,2,1,False,0.07955621,0.38711765,0.26551613,0.26781
21,7,none,cz,1083,101,3,3,True,0.13355389,0.16117778,0.03594688,0.6693214
21,7,none,cz,1084,101,2,1,False,0.003973705,0.7053271,0.22942765,0.06127155
21,7,none,cz,1085,101,2,1,False,0.025003403,0.5165832,0.40862113,0.049792234
21,7,none,cz,1086,102,1,1,True,0.0013522212,0.9920116,0.0054306136,0.0012054596
21,7,none,cz,1087,102,0,0,True,0.7765365,0.055507228,0.14148216,0.026474103
21,7,none,cz,1088,102,1,1,True,0.0074946797,0.59377056,0.3736069,0.025127899
21,7,none,cz,1089,102,0,0,True,0.9766707,0.008561782,0.008702883,0.0060646045
21,7,none,cz,1090,102,1,1,True,0.03249317,0.5677117,0.3947772,0.0050178585
21,7,none,cz,1091,102,0,0,True,0.65638053,0.06651432,0.23160443,0.04550069
21,7,none,cz,1092,102,0,0,True,0.9850818,0.0032145034,0.010980099,0.0007234436
21,7,none,cz,1093,102,1,2,False,0.2911153,0.22376212,0.3441439,0.1409787
21,7,none,cz,1094,102,0,0,True,0.73451567,0.0663052,0.15090974,0.048269425
21,7,none,cz,1095,102,1,2,False,0.043043777,0.27769062,0.6725494,0.0067161773
21,7,none,cz,1096,102,0,0,True,0.629326,0.02301336,0.26004046,0.087620184
21,7,none,cz,1097,102,1,2,False,0.023229476,0.2925862,0.67805314,0.006131248
21,7,none,cz,1098,102,0,0,True,0.40416163,0.25850984,0.18932448,0.14800408
21,7,none,cz,1099,102,1,2,False,0.07757497,0.098993875,0.8109825,0.012448549
21,7,none,cz,1100,102,1,1,True,0.0031376565,0.9936674,0.0031032346,9.162739e-05
21,7,none,cz,1101,102,2,2,True,0.13933775,0.26137713,0.5301142,0.069170915
21,7,none,cz,1102,102,3,3,True,0.11521556,0.15228972,0.18637282,0.5461219
21,7,none,cz,1103,102,2,2,True,0.16465227,0.34878096,0.4104929,0.076073885
21,7,none,cz,1104,102,3,2,False,0.20611316,0.20374665,0.388891,0.20124917
21,7,none,cz,1105,102,2,0,False,0.57253206,0.046425328,0.37069228,0.010350352
21,7,none,cz,1106,102,3,2,False,0.099177524,0.26666072,0.34726655,0.2868952
21,7,none,cz,1107,102,2,2,True,0.1362437,0.045957413,0.7685765,0.049222447
21,7,none,cz,1108,102,3,3,True,0.12557875,0.14422847,0.2687991,0.46139368
21,7,none,cz,1109,102,3,3,True,0.2978184,0.0624172,0.21141925,0.4283452
21,7,none,cz,1110,102,2,2,True,0.06640358,0.039684508,0.8894313,0.004480662
21,7,none,cz,1111,102,3,2,False,0.017980259,0.15116929,0.7503081,0.08054238
21,7,none,cz,1112,102,2,2,True,0.20333473,0.024515642,0.6121939,0.15995573
21,7,none,cz,1113,102,2,2,True,0.06200761,0.081865564,0.8429834,0.013143413
21,7,none,cz,1114,102,3,0,False,0.565433,0.081778854,0.23997912,0.112809
21,7,none,cz,1115,102,2,2,True,0.03438588,0.23964521,0.60960364,0.11636523
21,7,none,cz,1116,102,1,1,True,0.0013053601,0.97038203,0.027595656,0.0007170229
21,7,none,cz,1117,102,0,1,False,0.2946869,0.30283564,0.19856662,0.20391084
21,7,none,cz,1118,102,1,1,True,0.026655909,0.58698785,0.26236153,0.12399474
21,7,none,cz,1119,102,0,0,True,0.5273813,0.06974085,0.30817956,0.09469826
21,7,none,cz,1120,102,0,0,True,0.9019193,0.04073696,0.050479412,0.006864365
21,7,none,cz,1121,102,1,2,False,0.025006497,0.15476383,0.81091326,0.009316386
21,7,none,cz,1122,102,0,1,False,0.2725849,0.41517663,0.20686482,0.105373695
21,7,none,cz,1123,102,1,2,False,0.09799764,0.2937641,0.5493652,0.05887301
21,7,none,cz,1124,102,0,2,False,0.31317073,0.029039297,0.6327359,0.025054047
21,7,none,cz,1125,102,1,2,False,0.19731103,0.20047517,0.52937555,0.07283826
21,7,none,cz,1126,102,1,1,True,0.0012051301,0.9918356,0.0038593635,0.0030999074
21,7,none,cz,1127,102,0,2,False,0.24516222,0.074447945,0.47005627,0.21033359
21,7,none,cz,1128,102,1,1,True,0.000541782,0.99536765,0.003692028,0.00039851226
21,7,none,cz,1129,102,0,3,False,0.21408689,0.14176339,0.31803665,0.32611308
21,7,none,cz,1130,102,1,2,False,0.2535837,0.2844515,0.34849775,0.11346701
21,7,none,cz,1131,102,2,2,True,0.009574255,0.03119022,0.9553625,0.0038731548
21,7,none,cz,1132,102,3,2,False,0.008350298,0.096259564,0.68364716,0.21174307
21,7,none,cz,1133,102,3,2,False,0.010533011,0.022682922,0.67285246,0.29393157
21,7,none,cz,1134,102,2,2,True,0.018276885,0.028813269,0.9461934,0.0067165256
21,7,none,cz,1135,102,2,1,False,0.06556877,0.45210576,0.39489385,0.0874316
21,7,none,cz,1136,102,3,2,False,0.018340345,0.017269181,0.86678535,0.09760518
21,7,none,cz,1137,102,3,2,False,0.102886796,0.11315634,0.6305584,0.15339848
21,7,none,cz,1138,102,2,2,True,0.0017101343,0.045318436,0.94904053,0.0039310213
21,7,none,cz,1139,102,2,2,True,0.05391232,0.049247608,0.8615252,0.035314832
21,7,none,cz,1140,102,3,2,False,0.2799646,0.06068245,0.45711675,0.20223619
21,7,none,cz,1141,102,2,2,True,0.006500693,0.053972255,0.5884492,0.35107785
21,7,none,cz,1142,102,3,3,True,0.014813715,0.19990668,0.34635052,0.43892902
21,7,none,cz,1143,102,3,2,False,0.029632177,0.002876753,0.8406523,0.1268388
21,7,none,cz,1144,102,2,2,True,0.16626047,0.17216326,0.47586963,0.18570668
21,7,none,cz,1145,102,2,2,True,0.011813594,0.102313094,0.8518066,0.034066737
21,7,none,cz,1146,102,0,2,False,0.23065646,0.023117626,0.7102673,0.035958573
21,7,none,cz,1147,102,1,1,True,0.0017636582,0.98575747,0.0112630995,0.0012158063
21,7,none,cz,1148,102,0,2,False,0.06526735,0.031744674,0.8356992,0.0672888
21,7,none,cz,1149,102,1,1,True,0.001920491,0.9864247,0.008960914,0.002693915
21,7,none,cz,1150,102,1,2,False,0.021799127,0.16050054,0.8044324,0.013267971
21,7,none,cz,1151,102,0,2,False,0.16941458,0.13295233,0.6258668,0.07176628
21,7,none,cz,1152,102,0,2,False,0.06344325,0.053553518,0.8697414,0.013261733
21,7,none,cz,1153,102,1,1,True,0.051153738,0.67291284,0.18904498,0.08688848
21,7,none,cz,1154,102,0,2,False,0.1448589,0.18239015,0.6506739,0.02207703
21,7,none,cz,1155,102,1,2,False,0.18156336,0.10153341,0.56139535,0.15550797
21,7,none,cz,1156,102,1,1,True,0.0028838983,0.86408645,0.081986815,0.051042877
21,7,none,cz,1157,102,0,1,False,0.08763764,0.44475135,0.24387307,0.22373798
21,7,none,cz,1158,102,1,2,False,0.25687438,0.29375243,0.35928455,0.09008864
21,7,none,cz,1159,102,0,0,True,0.43994102,0.07721091,0.37296885,0.10987921
21,7,none,cz,1160,102,0,0,True,0.8712093,0.015454606,0.0352752,0.07806087
21,7,none,cz,1161,102,2,2,True,0.005562546,0.03002704,0.9611063,0.0033040566
21,7,none,cz,1162,102,3,3,True,0.07533356,0.117758594,0.21870783,0.58820003
21,7,none,cz,1163,102,3,3,True,0.03282989,0.14058298,0.112286255,0.7143009
21,7,none,cz,1164,102,2,2,True,0.120537855,0.2466985,0.57214034,0.06062337
21,7,none,cz,1165,102,2,2,True,0.00781477,0.02172007,0.65635735,0.31410778
21,7,none,cz,1166,102,3,0,False,0.6246813,0.0060294205,0.09433909,0.27495018
21,7,none,cz,1167,102,2,2,True,0.13740596,0.05326902,0.75633645,0.0529886
21,7,none,cz,1168,102,3,3,True,0.20459299,0.082885765,0.28141025,0.431111
21,7,none,cz,1169,102,2,2,True,0.06908504,0.16295704,0.58126456,0.18669339
21,7,none,cz,1170,102,3,2,False,0.062256273,0.07961239,0.698613,0.15951842
21,7,none,cz,1171,102,2,1,False,0.014953231,0.6049834,0.25629887,0.12376458
21,7,none,cz,1172,102,3,3,True,0.020038009,0.011099063,0.17724429,0.79161865
21,7,none,cz,1173,102,2,2,True,0.104816295,0.28147015,0.5753093,0.038404275
21,7,none,cz,1174,102,3,2,False,0.112290084,0.04384316,0.6432643,0.20060249
21,7,none,cz,1175,102,3,3,True,0.07912396,0.18459766,0.09256219,0.64371616
21,7,none,cz,1176,103,0,3,False,0.09788494,0.0073361965,0.22211322,0.67266566
21,7,none,cz,1177,103,1,1,True,0.0011683669,0.44432965,0.3782453,0.17625672
21,7,none,cz,1178,103,1,1,True,0.0032502713,0.5690288,0.36141744,0.06630349
21,7,none,cz,1179,103,0,1,False,0.0031827055,0.7227189,0.06399891,0.21009956
21,7,none,cz,1180,103,1,1,True,0.031419434,0.6774949,0.13283697,0.1582488
21,7,none,cz,1181,103,0,3,False,0.14190212,0.028473366,0.06723247,0.76239204
21,7,none,cz,1182,103,0,0,True,0.95593524,0.00025668513,0.03589259,0.007915471
21,7,none,cz,1183,103,1,1,True,0.0009978365,0.8723565,0.10104527,0.025600357
21,7,none,cz,1184,103,0,2,False,0.29652837,0.070787095,0.56515026,0.067534275
21,7,none,cz,1185,103,1,2,False,0.021552103,0.33501154,0.608927,0.034509376
21,7,none,cz,1186,103,0,0,True,0.55928475,0.054013703,0.3537379,0.032963634
21,7,none,cz,1187,103,1,2,False,0.21522368,0.029745365,0.695963,0.05906794
21,7,none,cz,1188,103,1,2,False,0.002641397,0.45701247,0.47209516,0.06825091
21,7,none,cz,1189,103,0,2,False,0.18958856,0.034692854,0.7653325,0.010385953
21,7,none,cz,1190,103,1,2,False,0.009849345,0.08752135,0.5218614,0.38076794
21,7,none,cz,1191,103,3,2,False,0.00128764,0.021222115,0.7380775,0.23941277
21,7,none,cz,1192,103,2,2,True,0.010972291,0.0013399986,0.98105526,0.006632538
21,7,none,cz,1193,103,2,2,True,0.0078091375,0.019626059,0.9404943,0.03207053
21,7,none,cz,1194,103,3,3,True,0.25794953,0.03284979,0.21011414,0.49908656
21,7,none,cz,1195,103,2,3,False,0.09573234,0.108697064,0.20596819,0.5896024
21,7,none,cz,1196,103,3,2,False,0.16381446,0.065420024,0.5122639,0.2585016
21,7,none,cz,1197,103,3,2,False,0.03817511,0.013119706,0.76243484,0.18627031
21,7,none,cz,1198,103,2,2,True,0.0040671783,0.0025264584,0.99148506,0.0019214122
21,7,none,cz,1199,103,2,2,True,0.084394515,0.09515546,0.8169343,0.0035157455
21,7,none,cz,1200,103,3,1,False,0.10670901,0.46143675,0.03304653,0.39880767
21,7,none,cz,1201,103,3,2,False,0.007317068,0.049361795,0.7981244,0.14519677
21,7,none,cz,1202,103,2,2,True,0.0029616628,0.003624194,0.99317837,0.00023572118
21,7,none,cz,1203,103,3,3,True,0.1065215,0.13309148,0.2150076,0.5453794
21,7,none,cz,1204,103,2,1,False,0.03845095,0.5384041,0.39610615,0.02703879
21,7,none,cz,1205,103,2,3,False,0.009327065,0.3085311,0.2599044,0.4222374
21,7,none,cz,1206,103,1,2,False,0.003823998,0.007185453,0.9882571,0.0007335209
21,7,none,cz,1207,103,0,2,False,0.057770733,0.007668672,0.65198606,0.28257456
21,7,none,cz,1208,103,1,2,False,0.002092208,0.268512,0.7179361,0.011459692
21,7,none,cz,1209,103,0,2,False,0.17535847,0.026282934,0.66906756,0.12929104
21,7,none,cz,1210,103,0,0,True,0.78540754,0.0035589656,0.06752494,0.14350845
21,7,none,cz,1211,103,1,3,False,0.0010386818,0.07038941,0.4453974,0.48317456
21,7,none,cz,1212,103,1,3,False,0.004834943,0.2290897,0.12232327,0.64375204
21,7,none,cz,1213,103,0,0,True,0.58567864,0.13031287,0.23513316,0.048875354
21,7,none,cz,1214,103,0,2,False,0.11169989,0.19521327,0.68719554,0.0058913855
21,7,none,cz,1215,103,1,2,False,0.29825976,0.01101129,0.60225546,0.08847341
21,7,none,cz,1216,103,1,1,True,0.001992109,0.95712006,0.03385466,0.007033122
21,7,none,cz,1217,103,0,2,False,0.37574565,0.027019182,0.43678406,0.16045113
21,7,none,cz,1218,103,0,2,False,0.19251047,0.008080217,0.7971676,0.002241763
21,7,none,cz,1219,103,1,2,False,0.027002517,0.08111224,0.88794214,0.0039430764
21,7,none,cz,1220,103,0,0,True,0.60899407,0.003845708,0.37320563,0.013954563
21,7,none,cz,1221,103,2,2,True,0.0028266457,0.00789,0.9838612,0.005422167
21,7,none,cz,1222,103,3,2,False,0.0015992032,0.0019667328,0.86375064,0.13268346
21,7,none,cz,1223,103,2,2,True,0.009580576,0.12688588,0.861967,0.0015664828
21,7,none,cz,1224,103,3,2,False,0.013718453,0.003892901,0.8892789,0.09310972
21,7,none,cz,1225,103,3,3,True,0.09268134,0.01849363,0.059190225,0.82963485
21,7,none,cz,1226,103,2,2,True,0.15162171,0.03777563,0.6160632,0.19453952
21,7,none,cz,1227,103,3,2,False,0.09028688,0.026129838,0.71898633,0.16459696
21,7,none,cz,1228,103,2,2,True,0.05933448,0.063583605,0.77257746,0.104504526
21,7,none,cz,1229,103,3,3,True,0.055321258,0.016064053,0.043949693,0.884665
21,7,none,cz,1230,103,2,2,True,0.018787079,0.015145582,0.92375654,0.042310815
21,7,none,cz,1231,103,2,2,True,0.00948748,0.011805486,0.96712005,0.0115869595
21,7,none,cz,1232,103,3,2,False,0.07797406,0.07627144,0.7275263,0.11822824
21,7,none,cz,1233,103,3,2,False,0.06719123,0.1429406,0.7138997,0.075968556
21,7,none,cz,1234,103,2,2,True,0.032019533,0.04153101,0.88158554,0.04486401
21,7,none,cz,1235,103,3,2,False,0.0032722005,0.028846305,0.71377987,0.2541016
21,7,none,cz,1236,103,1,1,True,0.015501177,0.5821447,0.35695782,0.04539633
21,7,none,cz,1237,103,0,2,False,0.06644564,0.0039001647,0.8714774,0.05817679
21,7,none,cz,1238,103,0,0,True,0.536296,0.013856895,0.36217457,0.08767258
21,7,none,cz,1239,103,1,2,False,0.023077872,0.070152156,0.7960839,0.11068601
21,7,none,cz,1240,103,1,3,False,0.0044259964,0.40633014,0.15254511,0.4366988
21,7,none,cz,1241,103,0,2,False,0.034905244,0.0018671253,0.8833721,0.07985541
21,7,none,cz,1242,103,1,1,True,0.0031290117,0.5111003,0.09122381,0.39454687
21,7,none,cz,1243,103,0,2,False,0.17899172,0.0008614358,0.814382,0.0057647773
21,7,none,cz,1244,103,0,2,False,0.224669,0.042584468,0.48113114,0.25161543
21,7,none,cz,1245,103,1,3,False,0.01401013,0.14436352,0.3422882,0.49933818
21,7,none,cz,1246,103,0,2,False,0.38379157,0.006010326,0.59027,0.019928196
21,7,none,cz,1247,103,1,2,False,0.062149655,0.11762741,0.7495307,0.07069223
21,7,none,cz,1248,103,1,2,False,0.010359167,0.40610296,0.5684991,0.015038821
21,7,none,cz,1249,103,0,0,True,0.8658967,0.004863947,0.11708662,0.012152756
21,7,none,cz,1250,103,1,3,False,0.056290235,0.33263096,0.08756443,0.5235144
21,7,none,cz,1251,103,3,3,True,0.0040251976,0.013171829,0.078805745,0.90399724
21,7,none,cz,1252,103,2,2,True,0.005519365,0.17277256,0.7803397,0.04136844
21,7,none,cz,1253,103,3,3,True,0.029198855,0.26892704,0.17061993,0.53125423
21,7,none,cz,1254,103,2,2,True,0.19479494,0.050939936,0.45804387,0.2962213
21,7,none,cz,1255,103,2,2,True,0.016379248,0.12931454,0.77869314,0.07561303
21,7,none,cz,1256,103,3,2,False,0.13494651,0.16853954,0.41277143,0.2837425
21,7,none,cz,1257,103,2,1,False,0.085817836,0.52276635,0.123765014,0.26765078
21,7,none,cz,1258,103,3,1,False,0.10752611,0.63192767,0.10470898,0.15583725
21,7,none,cz,1259,103,2,2,True,0.009982085,0.004179329,0.9830716,0.0027670017
21,7,none,cz,1260,103,3,2,False,0.01585343,0.12843645,0.7294318,0.12627827
21,7,none,cz,1261,103,3,3,True,0.007563165,0.12206595,0.12776488,0.742606
21,7,none,cz,1262,103,2,2,True,0.0012485818,0.056440897,0.9397897,0.002520839
21,7,none,cz,1263,103,2,2,True,0.008928308,0.021333085,0.96115655,0.008582034
21,7,none,cz,1264,103,3,3,True,0.024367373,0.010995026,0.022355301,0.9422823
21,7,none,cz,1265,103,3,3,True,0.001065881,0.08000676,0.062434018,0.85649335
21,7,none,cz,1266,104,0,1,False,0.20552488,0.5178404,0.147893,0.12874174
21,7,none,cz,1267,104,1,1,True,0.044747002,0.939734,0.012440397,0.0030785152
21,7,none,cz,1268,104,1,2,False,0.055026308,0.22902153,0.6617824,0.054169744
21,7,none,cz,1269,104,0,1,False,0.15734348,0.47995684,0.053145748,0.30955392
21,7,none,cz,1270,104,1,1,True,0.02884218,0.6847392,0.21850206,0.06791659
21,7,none,cz,1271,104,0,2,False,0.052993033,0.09027933,0.8080954,0.048632175
21,7,none,cz,1272,104,1,1,True,0.09562794,0.76856357,0.09008628,0.04572219
21,7,none,cz,1273,104,0,2,False,0.160527,0.14433302,0.64251864,0.052621346
21,7,none,cz,1274,104,0,1,False,0.052519042,0.8116286,0.13367386,0.0021785204
21,7,none,cz,1275,104,1,1,True,0.07387396,0.5628988,0.33627415,0.026953109
21,7,none,cz,1276,104,0,2,False,0.052508797,0.43612656,0.4861591,0.025205538
21,7,none,cz,1277,104,1,1,True,0.017770346,0.48947808,0.27700916,0.21574235
21,7,none,cz,1278,104,1,2,False,0.27893165,0.27416307,0.41615322,0.030752068
21,7,none,cz,1279,104,0,2,False,0.32531402,0.12115842,0.477208,0.07631963
21,7,none,cz,1280,104,1,1,True,0.00025796233,0.97813845,0.001568472,0.020035177
21,7,none,cz,1281,104,2,2,True,0.08265711,0.16135079,0.7176719,0.038320296
21,7,none,cz,1282,104,3,2,False,0.046605036,0.22006938,0.5509655,0.1823601
21,7,none,cz,1283,104,3,3,True,0.15467328,0.03925371,0.09159617,0.7144768
21,7,none,cz,1284,104,2,1,False,0.010327346,0.78491724,0.19949038,0.0052650375
21,7,none,cz,1285,104,3,2,False,0.13493682,0.21644835,0.5632564,0.08535843
21,7,none,cz,1286,104,2,1,False,0.01155637,0.9565007,0.014937594,0.017005267
21,7,none,cz,1287,104,2,1,False,0.031416383,0.49463668,0.37492427,0.09902264
21,7,none,cz,1288,104,3,3,True,0.0522826,0.17395261,0.018384924,0.75537986
21,7,none,cz,1289,104,2,1,False,0.009734469,0.80686927,0.18210801,0.0012883316
21,7,none,cz,1290,104,3,1,False,0.03881784,0.49825415,0.34557697,0.117351025
21,7,none,cz,1291,104,3,3,True,0.098858975,0.15304984,0.1794204,0.56867075
21,7,none,cz,1292,104,2,3,False,0.05889221,0.09524519,0.12139646,0.72446615
21,7,none,cz,1293,104,3,3,True,0.09955156,0.2675224,0.046915367,0.5860107
21,7,none,cz,1294,104,2,2,True,0.014871001,0.2506445,0.6393371,0.09514742
21,7,none,cz,1295,104,3,2,False,0.310795,0.123734385,0.39434934,0.17112125
21,7,none,cz,1296,104,0,3,False,0.19956474,0.20527008,0.106045805,0.48911935
21,7,none,cz,1297,104,1,1,True,0.046105675,0.81308395,0.11588108,0.024929384
21,7,none,cz,1298,104,1,1,True,0.0038259756,0.9924489,0.0015945412,0.0021305652
21,7,none,cz,1299,104,0,0,True,0.6746175,0.077441104,0.23745155,0.01048985
21,7,none,cz,1300,104,0,0,True,0.90686655,0.033763945,0.020345863,0.039023686
21,7,none,cz,1301,104,1,1,True,0.0034112898,0.912563,0.06470626,0.019319363
21,7,none,cz,1302,104,0,1,False,0.34279463,0.5021679,0.10342848,0.051609043
21,7,none,cz,1303,104,1,1,True,0.12728842,0.5157433,0.2433345,0.113633774
21,7,none,cz,1304,104,0,0,True,0.455575,0.22912298,0.29019293,0.025109064
21,7,none,cz,1305,104,1,1,True,0.18513109,0.75765395,0.045364443,0.0118505545
21,7,none,cz,1306,104,1,1,True,3.4793222e-05,0.9215934,0.07652593,0.0018458402
21,7,none,cz,1307,104,0,0,True,0.8209998,0.15679434,0.019957025,0.0022488807
21,7,none,cz,1308,104,3,3,True,0.0072456743,0.2639765,0.135027,0.5937508
21,7,none,cz,1309,104,2,1,False,0.04124402,0.514903,0.31578356,0.12806946
21,7,none,cz,1310,104,3,3,True,0.1171293,0.16324069,0.052660827,0.66696924
21,7,none,cz,1311,104,2,0,False,0.5153749,0.11314062,0.27630937,0.09517515
21,7,none,cz,1312,104,3,0,False,0.4510874,0.25184032,0.022933388,0.27413887
21,7,none,cz,1313,104,2,2,True,0.034508035,0.36927852,0.5857677,0.010445695
21,7,none,cz,1314,104,3,3,True,0.034802414,0.30762455,0.19719072,0.46038234
21,7,none,cz,1315,104,2,1,False,0.12177717,0.5313804,0.23548327,0.111359105
21,7,none,cz,1316,104,3,1,False,0.027072407,0.5346494,0.39494577,0.043332484
21,7,none,cz,1317,104,2,1,False,0.11865556,0.4469501,0.39182574,0.04256857
21,7,none,cz,1318,104,2,2,True,0.10601038,0.13467264,0.7058242,0.05349273
21,7,none,cz,1319,104,3,2,False,0.19596653,0.06542171,0.60364187,0.13496998
21,7,none,cz,1320,104,3,3,True,0.15160237,0.06624264,0.10081312,0.6813418
21,7,none,cz,1321,104,2,2,True,0.029629016,0.3821839,0.5768644,0.011322685
21,7,none,cz,1322,104,2,2,True,0.059940223,0.021497997,0.91715544,0.0014063569
21,7,none,cz,1323,104,0,2,False,0.3742074,0.11355965,0.41223857,0.09999427
21,7,none,cz,1324,104,1,2,False,0.009703478,0.39876413,0.5465611,0.044971287
21,7,none,cz,1325,104,0,2,False,0.16486368,0.04763924,0.7610427,0.026454281
21,7,none,cz,1326,104,1,2,False,0.051971897,0.45292434,0.45983675,0.035267077
21,7,none,cz,1327,104,0,2,False,0.13650759,0.10295787,0.7375098,0.02302475
21,7,none,cz,1328,104,1,1,True,0.003357981,0.4691644,0.20068064,0.32679698
21,7,none,cz,1329,104,0,0,True,0.9981799,0.00013822148,0.00091490004,0.00076689495
21,7,none,cz,1330,104,1,2,False,0.11287055,0.32673416,0.38738438,0.17301093
21,7,none,cz,1331,104,1,1,True,0.020294188,0.9314656,0.03949303,0.008747085
21,7,none,cz,1332,104,0,1,False,0.19234668,0.75304437,0.037826054,0.016782872
21,7,none,cz,1333,104,0,2,False,0.29866686,0.089071415,0.57353437,0.038727395
21,7,none,cz,1334,104,1,1,True,0.15035193,0.5640965,0.19152777,0.09402388
21,7,none,cz,1335,104,1,3,False,0.34097755,0.03910192,0.2337026,0.38621798
21,7,none,cz,1336,104,0,0,True,0.49011636,0.017119598,0.4797325,0.0130315805
21,7,none,cz,1337,104,0,2,False,0.17761862,0.07019703,0.5984248,0.15375957
21,7,none,cz,1338,104,2,2,True,0.0015857812,0.015081481,0.96918887,0.014143811
21,7,none,cz,1339,104,3,1,False,0.068850555,0.5357136,0.38015723,0.015278629
21,7,none,cz,1340,104,2,1,False,0.17144349,0.45896018,0.35071415,0.018882053
21,7,none,cz,1341,104,3,3,True,0.056793984,0.096452415,0.1385511,0.7082025
21,7,none,cz,1342,104,3,3,True,0.034962576,0.29064667,0.044762593,0.6296282
21,7,none,cz,1343,104,2,2,True,0.014246728,0.12244255,0.859082,0.004228733
21,7,none,cz,1344,104,3,3,True,0.018394042,0.033514414,0.05315985,0.8949317
21,7,none,cz,1345,104,2,2,True,0.038626555,0.14461952,0.76707906,0.049674828
21,7,none,cz,1346,104,3,0,False,0.35891503,0.1297253,0.2030123,0.30834734
21,7,none,cz,1347,104,2,2,True,0.11637667,0.14487728,0.7189491,0.019796994
21,7,none,cz,1348,104,3,2,False,0.0039266297,0.23272324,0.5810601,0.18229003
21,7,none,cz,1349,104,2,1,False,0.0026113207,0.8304675,0.14495267,0.02196845
21,7,none,cz,1350,104,2,2,True,0.043526806,0.18537427,0.7090303,0.0620686
21,7,none,cz,1351,104,3,2,False,0.20163512,0.12627524,0.34623277,0.32585683
21,7,none,cz,1352,104,3,2,False,0.08609756,0.16025402,0.56134444,0.19230397
21,7,none,cz,1353,105,0,0,True,0.92442054,0.00057374494,0.020225504,0.054780316
21,7,none,cz,1354,105,1,1,True,0.00074261834,0.8980128,0.09177917,0.009465432
21,7,none,cz,1355,105,1,1,True,0.0017432118,0.9031042,0.08001624,0.01513637
21,7,none,cz,1356,105,0,0,True,0.81885606,0.0010358613,0.0572243,0.122883715
21,7,none,cz,1357,105,1,1,True,0.0005702835,0.79915184,0.1876474,0.012630492
21,7,none,cz,1358,105,0,0,True,0.99783355,1.1695322e-05,0.0016495243,0.000505337
21,7,none,cz,1359,105,1,1,True,0.000987185,0.97831947,0.005672382,0.015020873
21,7,none,cz,1360,105,0,0,True,0.96837,0.0005080873,0.007732205,0.023389691
21,7,none,cz,1361,105,0,0,True,0.9766376,0.00044407774,0.015545371,0.007372982
21,7,none,cz,1362,105,1,1,True,0.008429093,0.5576351,0.007110277,0.42682552
21,7,none,cz,1363,105,1,1,True,0.00015014733,0.9347789,0.019354513,0.04571654
21,7,none,cz,1364,105,0,0,True,0.99815446,0.0002056892,0.00046050778,0.0011793042
21,7,none,cz,1365,105,1,2,False,0.012244336,0.25535128,0.6498825,0.08252186
21,7,none,cz,1366,105,0,0,True,0.92191625,0.00018373875,0.046252113,0.031647842
21,7,none,cz,1367,105,0,0,True,0.75307226,0.015764497,0.15466624,0.076497026
21,7,none,cz,1368,105,3,3,True,0.008297517,0.0024829048,0.011338582,0.97788095
21,7,none,cz,1369,105,2,2,True,0.027901608,0.03372597,0.56023204,0.3781403
21,7,none,cz,1370,105,2,3,False,0.0031268282,0.016433012,0.2166462,0.763794
21,7,none,cz,1371,105,3,3,True,0.004865318,0.009926388,0.29670978,0.6884985
21,7,none,cz,1372,105,3,3,True,0.07801736,0.007291388,0.30295542,0.61173576
21,7,none,cz,1373,105,2,2,True,0.0058341925,0.005468627,0.5860905,0.4026067
21,7,none,cz,1374,105,3,3,True,0.0030058913,0.011823138,0.068681605,0.91648936
21,7,none,cz,1375,105,2,2,True,0.009384788,0.016792526,0.9245866,0.049236074
21,7,none,cz,1376,105,3,3,True,0.01697976,0.20532869,0.37910143,0.39859015
21,7,none,cz,1377,105,2,2,True,0.017893923,0.040242463,0.78023905,0.1616245
21,7,none,cz,1378,105,3,2,False,0.045104764,0.01179988,0.8891936,0.053901665
21,7,none,cz,1379,105,2,3,False,0.0012023073,0.019417278,0.33943307,0.63994735
21,7,none,cz,1380,105,3,3,True,0.0036251321,0.0008891965,0.053387348,0.94209826
21,7,none,cz,1381,105,2,2,True,0.004135869,0.0042536967,0.95885825,0.032752234
21,7,none,cz,1382,105,2,3,False,0.0019282852,0.026520062,0.41796502,0.55358666
21,7,none,cz,1383,105,1,1,True,0.00011664232,0.9569077,0.03790415,0.005071381
21,7,none,cz,1384,105,0,2,False,0.04530139,0.00072486605,0.777402,0.1765718
21,7,none,cz,1385,105,1,1,True,0.00024759778,0.58168787,0.39978507,0.018279416
21,7,none,cz,1386,105,0,3,False,0.14720137,0.0006843173,0.20144685,0.6506675
21,7,none,cz,1387,105,0,2,False,0.20287703,0.00051006983,0.62280667,0.1738062
21,7,none,cz,1388,105,1,1,True,0.010306552,0.82392055,0.15168908,0.0140838
21,7,none,cz,1389,105,1,1,True,0.00044266513,0.90926975,0.08964174,0.00064576406
21,7,none,cz,1390,105,0,0,True,0.93437004,0.0031786151,0.05387399,0.008577369
21,7,none,cz,1391,105,0,0,True,0.7998018,0.029105492,0.15536194,0.01573071
21,7,none,cz,1392,105,1,1,True,0.0017558881,0.7479811,0.2460097,0.004253286
21,7,none,cz,1393,105,0,0,True,0.9182169,0.0032978284,0.04194925,0.036536116
21,7,none,cz,1394,105,1,1,True,0.0038004739,0.95532244,0.039694637,0.0011824776
21,7,none,cz,1395,105,0,2,False,0.10165347,0.001312938,0.8934844,0.0035492105
21,7,none,cz,1396,105,1,1,True,0.00013757154,0.9825272,0.01666668,0.0006684418
21,7,none,cz,1397,105,1,1,True,0.004959053,0.6583708,0.28219017,0.054479904
21,7,none,cz,1398,105,3,2,False,0.003788989,0.0039033485,0.79832315,0.19398455
21,7,none,cz,1399,105,2,2,True,0.0022544218,0.0038278082,0.9530064,0.04091142
21,7,none,cz,1400,105,3,2,False,0.017572157,0.011770937,0.52621967,0.44443724
21,7,none,cz,1401,105,2,2,True,0.003529833,0.0021441476,0.9869365,0.007389444
21,7,none,cz,1402,105,3,2,False,0.0016487193,0.006867037,0.93046904,0.061015334
21,7,none,cz,1403,105,2,2,True,0.002375614,0.003475751,0.972583,0.021565702
21,7,none,cz,1404,105,3,2,False,0.007589879,0.02089959,0.83057374,0.14093678
21,7,none,cz,1405,105,2,3,False,0.10419626,0.049356733,0.29093742,0.55550957
21,7,none,cz,1406,105,3,2,False,0.004415478,0.0021664596,0.7770149,0.21640319
21,7,none,cz,1407,105,2,2,True,0.0017157777,0.035191547,0.9129759,0.05011672
21,7,none,cz,1408,105,2,2,True,0.012234621,0.1676845,0.52966315,0.29041773
21,7,none,cz,1409,105,3,2,False,0.02070698,0.1678285,0.4484903,0.36297423
21,7,none,cz,1410,105,3,3,True,0.008748775,0.051744483,0.19538866,0.74411803
21,7,none,cz,1411,105,2,2,True,0.0018736166,0.022009611,0.92166764,0.054449175
21,7,none,cz,1412,105,2,2,True,0.0031716314,0.022732439,0.9631604,0.010935535
21,7,none,cz,1413,105,1,3,False,0.00066828367,0.20026802,0.05979596,0.73926777
21,7,none,cz,1414,105,0,0,True,0.77248144,0.0059073777,0.20883155,0.012779622
21,7,none,cz,1415,105,1,1,True,0.0011021312,0.680304,0.24270783,0.07588601
21,7,none,cz,1416,105,0,2,False,0.13837798,0.01351975,0.760342,0.08776021
21,7,none,cz,1417,105,1,1,True,0.0004573465,0.7581105,0.16482969,0.0766025
21,7,none,cz,1418,105,0,2,False,0.120203845,0.003650077,0.8059166,0.07022943
21,7,none,cz,1419,105,1,2,False,0.012424235,0.15662558,0.75785327,0.07309694
21,7,none,cz,1420,105,0,0,True,0.5222121,0.016672343,0.37368155,0.08743402
21,7,none,cz,1421,105,0,2,False,0.10299456,0.056375336,0.72439706,0.116233
21,7,none,cz,1422,105,1,1,True,0.028357351,0.7140152,0.23468173,0.022945786
21,7,none,cz,1423,105,1,1,True,0.00042369805,0.9761538,0.010963829,0.012458666
21,7,none,cz,1424,105,0,0,True,0.7545694,0.0042475117,0.18584241,0.055340577
21,7,none,cz,1425,105,1,2,False,0.00043811067,0.4135484,0.55679214,0.029221358
21,7,none,cz,1426,105,0,2,False,0.0057858424,0.00058281637,0.9808819,0.012749465
21,7,none,cz,1427,105,0,3,False,0.09911942,0.0037597413,0.41222432,0.48489645
21,7,none,cz,1428,105,2,3,False,0.008331656,0.043218497,0.3436121,0.6048377
21,7,none,cz,1429,105,3,3,True,0.012174496,0.014536695,0.39136863,0.5819202
21,7,none,cz,1430,105,3,3,True,0.015494826,0.016928542,0.21793298,0.7496436
21,7,none,cz,1431,105,2,2,True,0.001663455,0.0042424514,0.878508,0.11558611
21,7,none,cz,1432,105,3,3,True,0.019485908,0.02659783,0.45595354,0.49796277
21,7,none,cz,1433,105,2,2,True,0.011053234,0.04833671,0.906926,0.03368408
21,7,none,cz,1434,105,3,2,False,0.01975744,0.0407174,0.71453327,0.22499187
21,7,none,cz,1435,105,2,2,True,0.045486946,0.024302814,0.86052775,0.06968249
21,7,none,cz,1436,105,3,2,False,0.0035412402,0.040219963,0.5532076,0.40303126
21,7,none,cz,1437,105,2,2,True,0.0008857885,0.005800386,0.99127495,0.002038931
21,7,none,cz,1438,105,2,2,True,0.0022637341,0.031602982,0.7791193,0.18701388
21,7,none,cz,1439,105,3,2,False,0.019171508,0.03652364,0.6864272,0.25787762
21,7,none,cz,1440,105,2,2,True,0.0038052911,0.017540257,0.88598484,0.092669636
21,7,none,cz,1441,105,3,2,False,0.0009869144,0.0023360765,0.9190921,0.07758487
21,7,none,cz,1442,105,2,2,True,0.022074975,0.004935616,0.63663465,0.33635476
21,7,none,cz,1443,106,0,2,False,0.0008589337,0.001245126,0.9322852,0.06561075
21,7,none,cz,1444,106,1,2,False,0.002520377,0.10331755,0.78588104,0.1082811
21,7,none,cz,1445,106,0,2,False,0.00049955444,0.0036032775,0.98337066,0.012526566
21,7,none,cz,1446,106,1,2,False,0.007849132,0.016034996,0.76953715,0.20657875
21,7,none,cz,1447,106,0,2,False,0.0009738436,0.0050793425,0.9931932,0.0007535575
21,7,none,cz,1448,106,1,2,False,0.001345715,0.002260068,0.95488226,0.04151189
21,7,none,cz,1449,106,0,2,False,0.014691373,0.07238506,0.73854476,0.17437877
21,7,none,cz,1450,106,1,3,False,0.0042501455,0.27867588,0.19512036,0.5219536
21,7,none,cz,1451,106,0,2,False,0.06605392,0.26112208,0.44806603,0.22475797
21,7,none,cz,1452,106,1,2,False,0.0007866974,0.021477958,0.96764565,0.0100897215
21,7,none,cz,1453,106,0,2,False,0.0066748764,0.22369067,0.4597474,0.30988714
21,7,none,cz,1454,106,1,2,False,0.0006782143,0.31972829,0.6788495,0.0007439711
21,7,none,cz,1455,106,1,1,True,0.0010157992,0.75124943,0.15582316,0.091911584
21,7,none,cz,1456,106,0,0,True,0.5145433,0.02542964,0.35386202,0.106165014
21,7,none,cz,1457,106,0,0,True,0.73190284,0.0062505547,0.25309682,0.008749703
21,7,none,cz,1458,106,3,2,False,0.0010937343,0.008653334,0.7372643,0.2529886
21,7,none,cz,1459,106,2,3,False,0.0017985966,0.032851115,0.47309422,0.49225605
21,7,none,cz,1460,106,3,2,False,0.012270179,0.076456286,0.6661013,0.24517225
21,7,none,cz,1461,106,2,1,False,0.036867265,0.43995193,0.41835654,0.10482423
21,7,none,cz,1462,106,2,2,True,0.0010810836,0.020345505,0.91195863,0.066614784
21,7,none,cz,1463,106,3,1,False,0.0045904927,0.5327839,0.26835877,0.19426686
21,7,none,cz,1464,106,3,3,True,0.0018621981,0.0960151,0.30042446,0.6016982
21,7,none,cz,1465,106,2,2,True,0.0057844054,0.013088998,0.92824286,0.05288368
21,7,none,cz,1466,106,3,1,False,0.009802431,0.46733475,0.38118494,0.14167784
21,7,none,cz,1467,106,2,2,True,0.005137994,0.015304483,0.9735087,0.006048868
21,7,none,cz,1468,106,3,2,False,0.028471246,0.02830846,0.69968826,0.24353199
21,7,none,cz,1469,106,2,2,True,0.02246716,0.373763,0.5278185,0.075951315
21,7,none,cz,1470,106,3,3,True,0.019211907,0.08128648,0.3864533,0.5130483
21,7,none,cz,1471,106,2,3,False,0.12275255,0.079234,0.3258446,0.47216883
21,7,none,cz,1472,106,3,3,True,0.018671282,0.018084241,0.060185164,0.9030593
21,7,none,cz,1473,106,1,1,True,1.8378902e-05,0.99760455,0.0019681633,0.00040884266
21,7,none,cz,1474,106,0,3,False,0.03309986,0.006707814,0.08910319,0.87108916
21,7,none,cz,1475,106,1,2,False,0.0015297941,0.07941001,0.91350585,0.0055543217
21,7,none,cz,1476,106,0,2,False,0.0048725205,0.059909087,0.9217269,0.01349153
21,7,none,cz,1477,106,0,3,False,0.015912656,0.13870336,0.14701542,0.6983686
21,7,none,cz,1478,106,1,2,False,0.007430774,0.15604565,0.590313,0.24621058
21,7,none,cz,1479,106,1,1,True,0.00036419992,0.99436116,0.0017996669,0.0034750763
21,7,none,cz,1480,106,0,2,False,0.026375923,0.09755994,0.81781405,0.058250133
21,7,none,cz,1481,106,0,3,False,0.004813165,0.2779536,0.25411278,0.46312043
21,7,none,cz,1482,106,1,2,False,0.021548577,0.44633847,0.52496743,0.007145496
21,7,none,cz,1483,106,1,1,True,0.00015405234,0.97306305,0.02603154,0.0007513803
21,7,none,cz,1484,106,0,2,False,0.34438634,0.09122991,0.44556516,0.118818566
21,7,none,cz,1485,106,0,1,False,0.00985339,0.50331354,0.32977322,0.15705986
21,7,none,cz,1486,106,1,1,True,0.00084758585,0.9296228,0.06558508,0.0039445264
21,7,none,cz,1487,106,0,2,False,0.004726631,0.26862082,0.5241828,0.20246969
21,7,none,cz,1488,106,2,2,True,0.00067613693,0.005076035,0.99287885,0.001369005
21,7,none,cz,1489,106,3,3,True,0.007177002,0.018988166,0.033895843,0.939939
21,7,none,cz,1490,106,2,2,True,0.005825446,0.24418554,0.64321667,0.106772386
21,7,none,cz,1491,106,3,2,False,0.0027825579,0.00062356534,0.832321,0.16427286
21,7,none,cz,1492,106,3,3,True,0.044267718,0.083208196,0.3725206,0.50000346
21,7,none,cz,1493,106,2,2,True,0.034172,0.02984773,0.90274876,0.033231482
21,7,none,cz,1494,106,2,2,True,0.009603296,0.20451671,0.7751597,0.010720233
21,7,none,cz,1495,106,3,2,False,0.14855912,0.03652241,0.6245238,0.1903947
21,7,none,cz,1496,106,2,2,True,0.011275762,0.20355068,0.7820461,0.0031275025
21,7,none,cz,1497,106,3,2,False,0.013386601,0.011080383,0.97067934,0.004853598
21,7,none,cz,1498,106,3,2,False,0.0055898377,0.076657794,0.72568625,0.19206604
21,7,none,cz,1499,106,2,2,True,0.020690622,0.06372921,0.85021675,0.06536342
21,7,none,cz,1500,106,2,2,True,0.0014605684,0.053690556,0.6490379,0.2958109
21,7,none,cz,1501,106,3,3,True,0.0005813009,0.008225951,0.098844014,0.8923487
21,7,none,cz,1502,106,2,2,True,0.0073707867,0.014295124,0.9759149,0.002419284
21,7,none,cz,1503,106,1,1,True,0.0012841608,0.81542677,0.1797695,0.003519564
21,7,none,cz,1504,106,0,2,False,0.022605883,0.33931345,0.55578554,0.082295135
21,7,none,cz,1505,106,0,2,False,0.005576051,0.0041326834,0.7370503,0.253241
21,7,none,cz,1506,106,1,2,False,0.012269269,0.008281737,0.973017,0.0064319912
21,7,none,cz,1507,106,0,2,False,0.23052973,0.08149044,0.5730943,0.11488555
21,7,none,cz,1508,106,1,1,True,0.00096707046,0.7585157,0.03092459,0.20959257
21,7,none,cz,1509,106,0,2,False,0.06721885,0.115258984,0.6300635,0.1874587
21,7,none,cz,1510,106,1,2,False,0.0044644997,0.06990805,0.92119265,0.0044347253
21,7,none,cz,1511,106,1,1,True,0.0010792485,0.9662911,0.027579354,0.0050503584
21,7,none,cz,1512,106,0,0,True,0.62555283,0.10258696,0.1881426,0.08371754
21,7,none,cz,1513,106,0,0,True,0.63380736,0.021535456,0.33703738,0.007619874
21,7,none,cz,1514,106,1,2,False,0.0030721172,0.0077451286,0.9774974,0.01168529
21,7,none,cz,1515,106,1,3,False,0.0038386846,0.09643173,0.08736044,0.8123691
21,7,none,cz,1516,106,0,2,False,0.12773769,0.0019031499,0.7058791,0.16448008
21,7,none,cz,1517,106,0,3,False,0.120837465,0.3410001,0.18939519,0.34876725
21,7,none,cz,1518,106,2,2,True,0.004616294,0.3953747,0.5737414,0.026267622
21,7,none,cz,1519,106,3,2,False,0.03361686,0.26032528,0.45269004,0.25336778
21,7,none,cz,1520,106,2,2,True,0.012315292,0.09207044,0.5651549,0.33045933
21,7,none,cz,1521,106,3,2,False,0.004305685,0.0312267,0.73347086,0.23099676
21,7,none,cz,1522,106,2,2,True,0.016471077,0.19597901,0.73083305,0.056716852
21,7,none,cz,1523,106,3,2,False,0.087224975,0.028662391,0.57947445,0.30463818
21,7,none,cz,1524,106,2,2,True,0.006531285,0.03856298,0.9369545,0.017951187
21,7,none,cz,1525,106,3,2,False,0.011367039,0.41624838,0.44916457,0.12322007
21,7,none,cz,1526,106,2,2,True,0.00028762317,0.0077354438,0.9716662,0.020310735
21,7,none,cz,1527,106,3,2,False,0.012895766,0.0289589,0.946563,0.011582401
21,7,none,cz,1528,106,3,3,True,0.40764466,0.021109344,0.16282257,0.4084234
21,7,none,cz,1529,106,2,2,True,0.022400187,0.0074972897,0.5919436,0.37815893
21,7,none,cz,1530,106,3,2,False,0.06052789,0.037276108,0.88551825,0.01667777
21,7,none,cz,1531,106,2,2,True,0.00024261502,0.006018026,0.99147546,0.002263886
21,7,none,cz,1532,106,2,2,True,0.050560243,0.0053923624,0.92885196,0.0151953865
21,7,none,cz,1533,107,1,1,True,0.0012143579,0.96562696,0.007964311,0.025194334
21,7,none,cz,1534,107,0,1,False,0.09463644,0.35489705,0.33596808,0.21449845
21,7,none,cz,1535,107,0,0,True,0.8754472,0.05208222,0.061571013,0.010899548
21,7,none,cz,1536,107,1,1,True,0.00051754544,0.92185897,0.0015851805,0.076038286
21,7,none,cz,1537,107,0,0,True,0.80634856,0.1728824,0.012530966,0.008238049
21,7,none,cz,1538,107,1,1,True,0.0006833466,0.97971797,0.01385797,0.005740683
21,7,none,cz,1539,107,0,0,True,0.81970036,0.11465,0.052204017,0.013445617
21,7,none,cz,1540,107,1,1,True,0.004121353,0.9852483,0.008715445,0.0019149216
21,7,none,cz,1541,107,0,0,True,0.9739769,0.0029969902,0.0061076703,0.016918443
21,7,none,cz,1542,107,1,1,True,0.015232992,0.92945445,0.032958064,0.022354564
21,7,none,cz,1543,107,0,0,True,0.75711715,0.035881355,0.043268394,0.16373304
21,7,none,cz,1544,107,1,1,True,0.037990823,0.5992276,0.17470236,0.18807916
21,7,none,cz,1545,107,0,0,True,0.9446703,0.0016512031,0.027132211,0.026546316
21,7,none,cz,1546,107,1,1,True,0.0027733517,0.7259162,0.03249484,0.23881555
21,7,none,cz,1547,107,0,0,True,0.98874134,0.0024915608,0.007370033,0.0013970472
21,7,none,cz,1548,107,3,1,False,0.026752155,0.73896104,0.06730238,0.16698433
21,7,none,cz,1549,107,2,1,False,0.01055189,0.7136594,0.23515566,0.040633034
21,7,none,cz,1550,107,3,1,False,0.11114643,0.37071428,0.1675851,0.35055423
21,7,none,cz,1551,107,2,1,False,0.005037041,0.9202904,0.05612611,0.018546402
21,7,none,cz,1552,107,3,0,False,0.8576211,0.05002971,0.06577689,0.026572347
21,7,none,cz,1553,107,2,2,True,0.065648995,0.05260846,0.7906425,0.09110003
21,7,none,cz,1554,107,2,0,False,0.70863426,0.18796967,0.015393254,0.088002846
21,7,none,cz,1555,107,3,3,True,0.288102,0.017790997,0.001437586,0.6926694
21,7,none,cz,1556,107,3,0,False,0.8597669,0.015726814,0.120254636,0.0042516594
21,7,none,cz,1557,107,2,2,True,0.04250492,0.28954467,0.6302138,0.0377366
21,7,none,cz,1558,107,2,1,False,0.017197846,0.949907,0.02210042,0.010794689
21,7,none,cz,1559,107,3,0,False,0.6951151,0.2545196,0.018523466,0.031841774
21,7,none,cz,1560,107,2,1,False,0.07480546,0.45277297,0.106560476,0.3658611
21,7,none,cz,1561,107,3,3,True,0.041141555,0.30396873,0.19502006,0.4598696
21,7,none,cz,1562,107,3,3,True,0.27032796,0.032685567,0.1709904,0.5259961
21,7,none,cz,1563,107,1,1,True,0.06876713,0.75710845,0.046628885,0.12749544
21,7,none,cz,1564,107,0,0,True,0.9401201,0.03519469,0.01461409,0.0100711705
21,7,none,cz,1565,107,1,1,True,0.017788501,0.9389316,0.029335825,0.0139441835
21,7,none,cz,1566,107,0,0,True,0.88089454,0.047828134,0.0043975324,0.066879794
21,7,none,cz,1567,107,1,1,True,0.00046479533,0.9982455,0.001019748,0.00027004443
21,7,none,cz,1568,107,0,1,False,0.35732248,0.5066648,0.044049155,0.09196353
21,7,none,cz,1569,107,0,3,False,0.14630754,0.25953752,0.018686969,0.57546794
21,7,none,cz,1570,107,1,2,False,0.14314026,0.027553571,0.49495497,0.33435118
21,7,none,cz,1571,107,0,0,True,0.9811275,0.0071402234,0.01051512,0.0012171108
21,7,none,cz,1572,107,1,1,True,0.36542022,0.3725149,0.18902732,0.07303758
21,7,none,cz,1573,107,0,1,False,0.22173947,0.4178963,0.16720669,0.19315752
21,7,none,cz,1574,107,1,2,False,0.015208241,0.09974631,0.6884232,0.19662222
21,7,none,cz,1575,107,1,2,False,0.035375953,0.16080791,0.7945359,0.009280246
21,7,none,cz,1576,107,0,1,False,0.11908639,0.8145157,0.016315289,0.050082587
21,7,none,cz,1577,107,0,0,True,0.57460046,0.10331019,0.078826606,0.24326274
21,7,none,cz,1578,107,3,1,False,0.26992,0.36707765,0.15151009,0.21149231
21,7,none,cz,1579,107,2,3,False,0.15534647,0.043643147,0.042372324,0.758638
21,7,none,cz,1580,107,3,0,False,0.7869679,0.094804496,0.037842065,0.08038557
21,7,none,cz,1581,107,2,1,False,0.05809725,0.40920326,0.3878317,0.1448677
21,7,none,cz,1582,107,2,1,False,0.081787035,0.5978221,0.17705765,0.1433332
21,7,none,cz,1583,107,3,0,False,0.5257179,0.014770575,0.158612,0.30089957
21,7,none,cz,1584,107,3,0,False,0.910309,0.03575166,0.015495566,0.038443625
21,7,none,cz,1585,107,2,2,True,0.30484396,0.16737917,0.520736,0.0070408816
21,7,none,cz,1586,107,2,1,False,0.3197737,0.46437296,0.017476609,0.19837669
21,7,none,cz,1587,107,3,3,True,0.056133352,0.25698164,0.038367756,0.6485173
21,7,none,cz,1588,107,2,2,True,0.04099822,0.07844562,0.83981216,0.040744085
21,7,none,cz,1589,107,3,2,False,0.016924236,0.26791838,0.38247427,0.3326831
21,7,none,cz,1590,107,3,1,False,0.09326008,0.6304343,0.058605835,0.2176998
21,7,none,cz,1591,107,2,3,False,0.06323382,0.2111638,0.0073856334,0.7182168
21,7,none,cz,1592,107,2,3,False,0.017373828,0.1345976,0.12166826,0.7263604
21,7,none,cz,1593,107,0,0,True,0.9520535,0.021517603,0.0115933465,0.014835593
21,7,none,cz,1594,107,1,1,True,0.016064407,0.83838993,0.003908295,0.14163738
21,7,none,cz,1595,107,1,1,True,0.07442241,0.74384624,0.070860066,0.11087124
21,7,none,cz,1596,107,0,0,True,0.7123469,0.20592245,0.036552086,0.045178495
21,7,none,cz,1597,107,1,1,True,0.019488063,0.8034125,0.16804789,0.009051604
21,7,none,cz,1598,107,0,1,False,0.44295707,0.45451605,0.085535884,0.016991017
21,7,none,cz,1599,107,1,3,False,0.042059068,0.37094173,0.027274886,0.5597243
21,7,none,cz,1600,107,0,1,False,0.03154344,0.7036972,0.2434303,0.021329097
21,7,none,cz,1601,107,1,1,True,0.012982248,0.90801615,0.041561805,0.0374399
21,7,none,cz,1602,107,0,3,False,0.009986306,0.40479478,0.016027473,0.56919146
21,7,none,cz,1603,107,0,0,True,0.91021425,0.07329578,0.0045192684,0.011970725
21,7,none,cz,1604,107,1,1,True,0.20422316,0.7789222,0.015715081,0.0011395594
21,7,none,cz,1605,107,0,3,False,0.1377631,0.2378366,0.18032539,0.44407493
21,7,none,cz,1606,107,1,2,False,0.03251783,0.37273267,0.433921,0.16082841
21,7,none,cz,1607,107,0,1,False,0.0038249737,0.960085,0.0075133033,0.028576866
21,7,none,cz,1608,107,3,2,False,0.35689348,0.22873941,0.36598292,0.04838421
21,7,none,cz,1609,107,2,3,False,0.05563472,0.27896154,0.14258595,0.5228178
21,7,none,cz,1610,107,2,0,False,0.89305675,0.061966926,0.025577953,0.01939838
21,7,none,cz,1611,107,3,3,True,0.04798385,0.045087084,0.06432597,0.84260315
21,7,none,cz,1612,107,2,1,False,0.1478145,0.8344169,0.011410338,0.006358209
21,7,none,cz,1613,107,3,0,False,0.7696689,0.15830457,0.050830167,0.021196386
21,7,none,cz,1614,107,3,1,False,0.025802862,0.88875496,0.036068723,0.04937348
21,7,none,cz,1615,107,2,1,False,0.023550615,0.51651496,0.42553195,0.034402516
21,7,none,cz,1616,107,2,2,True,0.41321856,0.083735734,0.44591403,0.057131764
21,7,none,cz,1617,107,3,1,False,0.005462923,0.73530954,0.042774074,0.2164535
21,7,none,cz,1618,107,2,2,True,0.21099056,0.15100712,0.46298143,0.17502087
21,7,none,cz,1619,107,3,3,True,0.039063998,0.26672485,0.15840802,0.53580314
21,7,none,cz,1620,107,2,3,False,0.023183951,0.23204519,0.11989685,0.62487406
21,7,none,cz,1621,107,3,1,False,0.0011426402,0.4721447,0.101780124,0.42493257
21,7,none,cz,1622,107,3,3,True,0.18838842,0.22636148,0.20074515,0.38450494
21,7,none,cz,1623,108,0,0,True,0.90214413,0.0003061696,0.004798611,0.092751116
21,7,none,cz,1624,108,1,1,True,4.9285456e-05,0.9920036,0.0010574646,0.0068896194
21,7,none,cz,1625,108,0,3,False,0.32138255,0.0028936423,0.005614192,0.6701096
21,7,none,cz,1626,108,1,0,False,0.39448258,0.2270005,0.006391599,0.37212533
21,7,none,cz,1627,108,0,0,True,0.9902378,0.0005076253,0.0009387858,0.008315861
21,7,none,cz,1628,108,1,1,True,0.00029144282,0.9982907,5.1439667e-05,0.0013664489
21,7,none,cz,1629,108,1,1,True,0.00011823235,0.9726633,0.0002120773,0.027006382
21,7,none,cz,1630,108,0,0,True,0.92283857,0.0010051226,0.0011621193,0.07499409
21,7,none,cz,1631,108,0,0,True,0.99950314,6.4197825e-06,1.8897172e-05,0.0004714643
21,7,none,cz,1632,108,1,1,True,0.009327588,0.61619264,0.0056144577,0.36886534
21,7,none,cz,1633,108,0,0,True,0.99638605,0.0001843082,0.0025647993,0.00086484046
21,7,none,cz,1634,108,1,3,False,0.121938474,0.15124077,0.015719233,0.71110153
21,7,none,cz,1635,108,0,3,False,0.17845143,0.07062707,0.26901346,0.48190805
21,7,none,cz,1636,108,1,1,True,0.039039224,0.75533456,0.14776792,0.057858232
21,7,none,cz,1637,108,1,1,True,0.00012334151,0.9412133,0.00063304766,0.05803028
21,7,none,cz,1638,108,2,2,True,0.0065418915,0.40279838,0.44616336,0.14449635
21,7,none,cz,1639,108,3,3,True,0.00031072454,0.011183545,0.009156724,0.979349
21,7,none,cz,1640,108,2,3,False,0.010117726,0.036566917,0.045361694,0.9079536
21,7,none,cz,1641,108,3,3,True,0.0009002971,0.026715271,0.023309799,0.9490747
21,7,none,cz,1642,108,3,3,True,0.0009668581,0.010634846,0.007887029,0.98051125
21,7,none,cz,1643,108,2,2,True,0.11990591,0.27533504,0.48634258,0.11841648
21,7,none,cz,1644,108,2,3,False,0.16547409,0.011583203,0.1354936,0.6874491
21,7,none,cz,1645,108,3,3,True,0.0034046916,0.007274382,0.008616713,0.9807042
21,7,none,cz,1646,108,2,1,False,0.024961084,0.954046,0.005500146,0.01549277
21,7,none,cz,1647,108,3,3,True,0.031051502,0.07843239,0.018967628,0.8715485
21,7,none,cz,1648,108,3,3,True,0.0069664475,0.032865565,0.07643872,0.8837292
21,7,none,cz,1649,108,2,1,False,0.071616665,0.44637454,0.1547633,0.32724544
21,7,none,cz,1650,108,3,3,True,0.056788128,0.0026595518,0.013601777,0.9269506
21,7,none,cz,1651,108,2,2,True,0.016309474,0.2229504,0.548555,0.21218508
21,7,none,cz,1652,108,3,3,True,0.047254182,0.019390628,0.23478146,0.69857377
21,7,none,cz,1653,108,1,1,True,0.00020216791,0.5444163,0.43662354,0.018758034
21,7,none,cz,1654,108,0,1,False,0.12698454,0.4475982,0.14803524,0.277382
21,7,none,cz,1655,108,1,2,False,0.015911106,0.31787527,0.5374993,0.12871434
21,7,none,cz,1656,108,0,0,True,0.90587085,0.00077801745,0.003259019,0.090092085
21,7,none,cz,1657,108,0,0,True,0.5627394,0.009978128,0.0015948812,0.42568767
21,7,none,cz,1658,108,1,1,True,0.0018887763,0.8998654,0.0066670645,0.091578834
21,7,none,cz,1659,108,1,1,True,0.0015890257,0.97894764,0.006339661,0.013123673
21,7,none,cz,1660,108,0,0,True,0.9649707,0.0038635929,0.008596389,0.022569325
21,7,none,cz,1661,108,0,0,True,0.98236173,0.0006625837,0.008111943,0.008863666
21,7,none,cz,1662,108,1,1,True,0.00016009883,0.987241,0.00956954,0.003029325
21,7,none,cz,1663,108,1,1,True,0.0013230802,0.9381195,0.012743017,0.047814425
21,7,none,cz,1664,108,0,3,False,0.44306812,0.0021348617,0.052678198,0.5021188
21,7,none,cz,1665,108,1,2,False,0.013547231,0.20301175,0.68962437,0.093816616
21,7,none,cz,1666,108,0,0,True,0.82214093,0.0066996478,0.041673113,0.1294863
21,7,none,cz,1667,108,1,0,False,0.4952965,0.2155454,0.030688353,0.25846973
21,7,none,cz,1668,108,3,3,True,0.0013397966,0.0051977956,0.011392084,0.9820703
21,7,none,cz,1669,108,2,3,False,0.14589225,0.08941908,0.27632913,0.4883595
21,7,none,cz,1670,108,3,3,True,0.020988826,0.01101556,0.023414515,0.94458103
21,7,none,cz,1671,108,2,2,True,0.011308319,0.04498251,0.9169528,0.026756365
21,7,none,cz,1672,108,2,3,False,0.016180625,0.23427314,0.30872878,0.44081745
21,7,none,cz,1673,108,3,3,True,0.0018751953,0.017331187,0.00820095,0.9725927
21,7,none,cz,1674,108,2,2,True,0.0063225073,0.06622361,0.9043059,0.023147998
21,7,none,cz,1675,108,3,1,False,0.021789499,0.4202568,0.37937984,0.17857382
21,7,none,cz,1676,108,2,1,False,0.015950859,0.8195852,0.13478357,0.029680323
21,7,none,cz,1677,108,3,3,True,0.023057206,0.1729183,0.3323839,0.47164053
21,7,none,cz,1678,108,2,2,True,0.028797738,0.0808582,0.75636744,0.13397664
21,7,none,cz,1679,108,3,3,True,0.1569681,0.07597596,0.31581932,0.45123658
21,7,none,cz,1680,108,2,2,True,0.0062213894,0.0012122204,0.86156565,0.13100073
21,7,none,cz,1681,108,3,3,True,0.24066114,0.029318793,0.11501476,0.6150053
21,7,none,cz,1682,108,3,3,True,0.11935268,0.026891064,0.41655055,0.4372057
21,7,none,cz,1683,108,1,1,True,0.005319612,0.47053745,0.2991907,0.22495216
21,7,none,cz,1684,108,0,2,False,0.3820367,0.04876776,0.5012442,0.067951374
21,7,none,cz,1685,108,0,2,False,0.02811708,0.09548524,0.6080516,0.2683461
21,7,none,cz,1686,108,1,2,False,0.015640076,0.09120043,0.87008774,0.023071716
21,7,none,cz,1687,108,0,3,False,0.054311622,0.28333044,0.03478655,0.6275714
21,7,none,cz,1688,108,1,2,False,0.1211714,0.38362303,0.48695916,0.008246399
21,7,none,cz,1689,108,1,1,True,0.000117879434,0.9468728,0.05092018,0.0020892324
21,7,none,cz,1690,108,0,0,True,0.5716245,0.006706284,0.044663977,0.37700528
21,7,none,cz,1691,108,0,3,False,0.10703768,0.17571476,0.11193311,0.6053144
21,7,none,cz,1692,108,1,1,True,0.0013730698,0.98852986,0.0061493167,0.0039476724
21,7,none,cz,1693,108,0,3,False,0.29792944,0.084544405,0.021874467,0.5956517
21,7,none,cz,1694,108,1,1,True,0.15423284,0.478712,0.057402886,0.30965233
21,7,none,cz,1695,108,1,1,True,0.0012015416,0.9968472,0.00044706743,0.0015041531
21,7,none,cz,1696,108,0,0,True,0.6572287,0.04582164,0.16068476,0.13626494
21,7,none,cz,1697,108,0,0,True,0.99931467,0.000115473886,7.6880526e-05,0.00049302296
21,7,none,cz,1698,108,3,3,True,0.059674155,0.28357077,0.08369715,0.57305795
21,7,none,cz,1699,108,2,2,True,0.0140365735,0.16095239,0.5543386,0.27067247
21,7,none,cz,1700,108,2,2,True,0.0301162,0.015049315,0.7165963,0.23823814
21,7,none,cz,1701,108,3,3,True,0.0019359146,0.0012775215,0.002933275,0.99385333
21,7,none,cz,1702,108,2,3,False,0.21933387,0.11506189,0.14888628,0.516718
21,7,none,cz,1703,108,3,2,False,0.08661196,0.01213742,0.7038434,0.19740713
21,7,none,cz,1704,108,3,3,True,0.0046852482,0.0027427753,0.027701307,0.9648707
21,7,none,cz,1705,108,2,2,True,0.004076543,0.016694667,0.9418102,0.037418596
21,7,none,cz,1706,108,3,3,True,0.032519184,0.05327134,0.23191749,0.682292
21,7,none,cz,1707,108,2,1,False,0.04162623,0.71169424,0.055971302,0.19070828
21,7,none,cz,1708,108,2,2,True,0.11915567,0.018404476,0.63771135,0.22472855
21,7,none,cz,1709,108,3,3,True,0.013475722,0.020242857,0.0532616,0.91301984
21,7,none,cz,1710,108,2,3,False,0.030277694,0.40596342,0.14278491,0.42097396
21,7,none,cz,1711,108,3,3,True,0.0063972836,0.26527822,0.011967582,0.71635693
21,7,none,cz,1712,108,2,0,False,0.5752883,0.27632964,0.05739402,0.09098804
21,7,none,cz,1713,109,0,0,True,0.68861455,0.055125527,0.036809158,0.21945076
21,7,none,cz,1714,109,1,2,False,0.12710583,0.35622877,0.4845785,0.032086894
21,7,none,cz,1715,109,1,1,True,0.00014076276,0.99863833,0.00077206834,0.00044893296
21,7,none,cz,1716,109,0,2,False,0.016091896,0.1475179,0.6897703,0.14661989
21,7,none,cz,1717,109,1,1,True,0.011108612,0.9599873,0.02710297,0.0018011756
21,7,none,cz,1718,109,0,2,False,0.36124212,0.13183838,0.47575995,0.031159582
21,7,none,cz,1719,109,1,2,False,0.021450233,0.24248785,0.7104831,0.025578853
21,7,none,cz,1720,109,0,2,False,0.34373602,0.0100675495,0.62794775,0.018248603
21,7,none,cz,1721,109,1,1,True,0.010571556,0.90462786,0.060587637,0.024212873
21,7,none,cz,1722,109,0,2,False,0.010491303,0.022372484,0.9457125,0.021423608
21,7,none,cz,1723,109,0,0,True,0.46074337,0.01337023,0.37632096,0.14956541
21,7,none,cz,1724,109,1,1,True,0.0018848635,0.8619504,0.0493727,0.086792074
21,7,none,cz,1725,109,0,0,True,0.99237084,0.00022073596,0.006638279,0.00077014964
21,7,none,cz,1726,109,1,3,False,0.099826045,0.25818872,0.25246277,0.38952243
21,7,none,cz,1727,109,1,1,True,0.012540945,0.6817444,0.27107868,0.034635954
21,7,none,cz,1728,109,3,1,False,0.0044189664,0.70168275,0.11967578,0.17422251
21,7,none,cz,1729,109,2,2,True,0.0030669966,0.15167797,0.7065433,0.13871175
21,7,none,cz,1730,109,2,2,True,0.06860052,0.35580167,0.4895907,0.08600705
21,7,none,cz,1731,109,3,3,True,0.016876485,0.009430983,0.3521703,0.6215223
21,7,none,cz,1732,109,3,2,False,0.0020301563,0.017690258,0.5894043,0.39087528
21,7,none,cz,1733,109,2,2,True,0.048046052,0.11501959,0.7083486,0.12858582
21,7,none,cz,1734,109,2,2,True,0.027688509,0.042847857,0.8492574,0.08020615
21,7,none,cz,1735,109,3,2,False,0.03884845,0.13616721,0.4592814,0.3657029
21,7,none,cz,1736,109,2,3,False,0.015423631,0.026155038,0.13193052,0.8264908
21,7,none,cz,1737,109,3,3,True,0.017734999,0.064571515,0.28350082,0.63419265
21,7,none,cz,1738,109,2,3,False,0.19622637,0.3682977,0.056185283,0.37929073
21,7,none,cz,1739,109,3,2,False,0.116268136,0.08019946,0.7516595,0.05187296
21,7,none,cz,1740,109,3,2,False,0.025692787,0.0911581,0.72214675,0.16100244
21,7,none,cz,1741,109,2,3,False,0.07778384,0.17935212,0.24696395,0.49590006
21,7,none,cz,1742,109,2,1,False,0.005688173,0.81473184,0.046533428,0.13304651
21,7,none,cz,1743,109,1,1,True,0.0022788655,0.7780958,0.18854237,0.031083025
21,7,none,cz,1744,109,0,2,False,0.27809578,0.07593596,0.5091717,0.13679652
21,7,none,cz,1745,109,1,0,False,0.55337,0.22202048,0.12096408,0.10364548
21,7,none,cz,1746,109,0,2,False,0.033251602,0.013023375,0.5447411,0.40898395
21,7,none,cz,1747,109,0,0,True,0.96493685,0.0012456992,0.011450665,0.022366833
21,7,none,cz,1748,109,1,2,False,0.26223236,0.030578293,0.68263304,0.024556363
21,7,none,cz,1749,109,0,2,False,0.053590976,0.06910828,0.54451996,0.3327808
21,7,none,cz,1750,109,1,1,True,0.025222398,0.76093435,0.06829394,0.14554936
21,7,none,cz,1751,109,1,1,True,0.0038437531,0.63792205,0.3379817,0.020252513
21,7,none,cz,1752,109,0,2,False,0.007653886,0.0019499231,0.9873634,0.003032769
21,7,none,cz,1753,109,1,3,False,0.21869178,0.19339517,0.018264709,0.5696483
21,7,none,cz,1754,109,0,3,False,0.020116111,0.38777682,0.08239587,0.5097112
21,7,none,cz,1755,109,1,1,True,0.003723634,0.95480746,0.036808185,0.0046606837
21,7,none,cz,1756,109,0,1,False,0.03987013,0.75878716,0.0799042,0.1214385
21,7,none,cz,1757,109,0,0,True,0.98183316,0.011274124,0.001884015,0.0050087
21,7,none,cz,1758,109,2,3,False,0.036630843,0.024344092,0.016905854,0.9221192
21,7,none,cz,1759,109,3,3,True,0.33555576,0.06928191,0.17080489,0.42435744
21,7,none,cz,1760,109,2,3,False,0.028076805,0.13784,0.16209188,0.6719912
21,7,none,cz,1761,109,3,3,True,0.016858142,0.04959209,0.27303216,0.66051763
21,7,none,cz,1762,109,3,1,False,0.020757826,0.7073725,0.030583197,0.24128649
21,7,none,cz,1763,109,2,3,False,0.009870941,0.0208152,0.16758303,0.8017308
21,7,none,cz,1764,109,3,3,True,0.010248639,0.05192316,0.2738165,0.6640118
21,7,none,cz,1765,109,2,1,False,0.035894614,0.37424964,0.29309672,0.29675904
21,7,none,cz,1766,109,3,3,True,0.0062161107,0.37808767,0.080158345,0.5355379
21,7,none,cz,1767,109,2,3,False,0.055655543,0.015642336,0.36656135,0.5621407
21,7,none,cz,1768,109,2,1,False,0.028297227,0.39263937,0.36554933,0.213514
21,7,none,cz,1769,109,3,3,True,0.06472517,0.0050337072,0.008618938,0.9216222
21,7,none,cz,1770,109,2,1,False,0.019983144,0.4895166,0.22072563,0.26977462
21,7,none,cz,1771,109,3,3,True,0.020697996,0.07189122,0.2804601,0.6269507
21,7,none,cz,1772,109,2,2,True,0.06968218,0.056110688,0.6669786,0.20722854
21,7,none,cz,1773,109,1,2,False,0.0029592032,0.32765934,0.4665138,0.20286769
21,7,none,cz,1774,109,0,2,False,0.05697552,0.049896438,0.8308509,0.06227713
21,7,none,cz,1775,109,1,2,False,0.24637128,0.27689886,0.4421694,0.03456054
21,7,none,cz,1776,109,0,3,False,0.008244942,0.009653065,0.014845395,0.96725655
21,7,none,cz,1777,109,0,2,False,0.028714191,0.011825319,0.9130887,0.046371825
21,7,none,cz,1778,109,1,3,False,0.0032979052,0.47085842,0.053374782,0.4724689
21,7,none,cz,1779,109,1,3,False,0.18872018,0.2956049,0.21999007,0.29568484
21,7,none,cz,1780,109,0,2,False,0.006949329,0.018958345,0.717683,0.25640926
21,7,none,cz,1781,109,1,0,False,0.4317148,0.18308182,0.11680028,0.26840305
21,7,none,cz,1782,109,0,1,False,0.03260703,0.719355,0.23166694,0.01637099
21,7,none,cz,1783,109,0,0,True,0.56357425,0.0634119,0.17660466,0.19640917
21,7,none,cz,1784,109,1,2,False,0.06626389,0.023690062,0.7777042,0.13234185
21,7,none,cz,1785,109,0,0,True,0.8088566,0.008787456,0.09867038,0.083685584
21,7,none,cz,1786,109,1,2,False,0.2500696,0.021042073,0.43488544,0.2940029
21,7,none,cz,1787,109,0,2,False,0.008995992,0.054676898,0.80363643,0.13269062
21,7,none,cz,1788,109,2,2,True,0.0018659264,0.40484643,0.57472616,0.018561512
21,7,none,cz,1789,109,3,3,True,0.10827369,0.030980237,0.41066647,0.45007962
21,7,none,cz,1790,109,2,1,False,0.009219191,0.48499516,0.053043358,0.4527423
21,7,none,cz,1791,109,3,2,False,0.030452494,0.04602594,0.4894327,0.43408886
21,7,none,cz,1792,109,2,2,True,0.03592232,0.021917475,0.50942856,0.4327316
21,7,none,cz,1793,109,3,2,False,0.026367368,0.07434115,0.46824184,0.43104964
21,7,none,cz,1794,109,2,2,True,0.05200808,0.0044341623,0.9121099,0.0314479
21,7,none,cz,1795,109,3,3,True,0.005807844,0.004889492,0.21731803,0.7719847
21,7,none,cz,1796,109,3,3,True,0.022869444,0.31532365,0.050249115,0.6115577
21,7,none,cz,1797,109,2,2,True,0.01417842,0.029559245,0.5516575,0.40460485
21,7,none,cz,1798,109,3,1,False,0.0031807222,0.8209437,0.007006584,0.16886908
21,7,none,cz,1799,109,2,3,False,0.0051773586,0.15852673,0.055470843,0.780825
21,7,none,cz,1800,109,2,3,False,0.0018790008,0.0035205737,0.37995687,0.6146435
21,7,none,cz,1801,109,3,2,False,0.009423219,0.03789815,0.78673446,0.16594422
21,7,none,cz,1802,109,3,3,True,0.2565018,0.08638231,0.27240965,0.38470623
21,7,none,pz,0,90,0,0,True,0.7503983,0.04361441,0.08969395,0.11629338
21,7,none,pz,1,90,1,1,True,0.046765544,0.928904,0.016646035,0.0076844078
21,7,none,pz,2,90,1,1,True,0.00033267183,0.99939096,7.23428e-05,0.00020409243
21,7,none,pz,3,90,0,0,True,0.89075994,0.0072391788,0.0899423,0.0120585505
21,7,none,pz,4,90,1,1,True,0.012077858,0.9563411,0.029224075,0.0023569867
21,7,none,pz,5,90,0,0,True,0.8198798,0.008509398,0.13529752,0.036313355
21,7,none,pz,6,90,1,1,True,0.14070706,0.81535524,0.011939479,0.031998232
21,7,none,pz,7,90,0,0,True,0.98585355,0.00473909,0.0010920804,0.008315339
21,7,none,pz,8,90,0,0,True,0.804226,0.09180733,0.018711787,0.08525489
21,7,none,pz,9,90,1,1,True,0.00053244096,0.9897307,0.00941046,0.00032634754
21,7,none,pz,10,90,0,1,False,0.44240576,0.484094,0.056456093,0.017044248
21,7,none,pz,11,90,1,1,True,0.0038426,0.9959512,0.00017475968,3.142971e-05
21,7,none,pz,12,90,0,0,True,0.781335,0.011608222,0.072520025,0.13453671
21,7,none,pz,13,90,1,2,False,0.040088374,0.13574909,0.81719047,0.006972121
21,7,none,pz,14,90,1,1,True,0.017662758,0.92279065,0.058752865,0.0007936898
21,7,none,pz,15,90,3,2,False,0.3516244,0.17510593,0.44007728,0.033192385
21,7,none,pz,16,90,2,2,True,0.072730154,0.009176984,0.8193298,0.098763146
21,7,none,pz,17,90,2,3,False,0.27822566,0.1443051,0.2886102,0.28885907
21,7,none,pz,18,90,3,3,True,0.35554424,0.11918062,0.14812301,0.37715217
21,7,none,pz,19,90,3,2,False,0.108007945,0.13650571,0.3987409,0.35674545
21,7,none,pz,20,90,2,2,True,0.07761155,0.2106655,0.70300996,0.008712979
21,7,none,pz,21,90,3,2,False,0.050513282,0.18697713,0.61813956,0.14437003
21,7,none,pz,22,90,2,1,False,0.16613899,0.44281796,0.36216044,0.02888264
21,7,none,pz,23,90,2,2,True,0.02774954,0.050198104,0.8960701,0.025982263
21,7,none,pz,24,90,3,0,False,0.55860066,0.2579226,0.13939996,0.044076774
21,7,none,pz,25,90,2,2,True,0.06812987,0.064076506,0.8563601,0.011433557
21,7,none,pz,26,90,3,2,False,0.21850069,0.3583815,0.37215862,0.050959107
21,7,none,pz,27,90,3,2,False,0.07946467,0.20433807,0.5161323,0.20006497
21,7,none,pz,28,90,2,1,False,0.1264061,0.69079715,0.15174906,0.03104771
21,7,none,pz,29,90,2,2,True,0.024518682,0.16261613,0.80154014,0.011325135
21,7,none,pz,30,90,1,1,True,0.047598697,0.9475465,0.0045935437,0.000261313
21,7,none,pz,31,90,0,0,True,0.5509163,0.11910234,0.24259336,0.08738798
21,7,none,pz,32,90,1,1,True,3.797715e-05,0.99958247,0.00018269235,0.00019690633
21,7,none,pz,33,90,0,2,False,0.45588046,0.036963034,0.497787,0.009369519
21,7,none,pz,34,90,1,1,True,0.023326697,0.8970612,0.058940575,0.020671453
21,7,none,pz,35,90,0,2,False,0.1529971,0.14228413,0.69357884,0.011139833
21,7,none,pz,36,90,1,1,True,0.00775267,0.9125675,0.013950749,0.065729015
21,7,none,pz,37,90,0,0,True,0.6295965,0.22480023,0.13441917,0.01118415
21,7,none,pz,38,90,1,1,True,0.005849126,0.67333233,0.31495103,0.0058675767
21,7,none,pz,39,90,0,2,False,0.114107534,0.03268662,0.79226273,0.06094319
21,7,none,pz,40,90,1,1,True,0.1503998,0.7361359,0.057242155,0.05622209
21,7,none,pz,41,90,0,0,True,0.45169565,0.002249122,0.43749866,0.10855659
21,7,none,pz,42,90,1,1,True,0.009093027,0.90071857,0.08822458,0.0019637295
21,7,none,pz,43,90,0,2,False,0.01859,0.14586402,0.79651207,0.03903387
21,7,none,pz,44,90,1,1,True,0.00013139009,0.93605214,0.06286067,0.000955848
21,7,none,pz,45,90,2,2,True,0.20278864,0.034629423,0.67240775,0.09017417
21,7,none,pz,46,90,3,2,False,0.014137369,0.0050012865,0.9435579,0.037303526
21,7,none,pz,47,90,3,2,False,0.0451756,0.16261922,0.56473494,0.22747025
21,7,none,pz,48,90,2,2,True,0.18822075,0.05169186,0.55500895,0.2050784
21,7,none,pz,49,90,3,2,False,0.07725118,0.10028646,0.4429482,0.3795142
21,7,none,pz,50,90,2,2,True,0.08686178,0.041003183,0.83448625,0.037648823
21,7,none,pz,51,90,3,3,True,0.12834065,0.10091717,0.3551393,0.4156029
21,7,none,pz,52,90,2,2,True,0.11193215,0.19535388,0.6251381,0.06757591
21,7,none,pz,53,90,3,3,True,0.13081568,0.0054672454,0.33344036,0.5302767
21,7,none,pz,54,90,2,2,True,0.09673383,0.02328405,0.7642377,0.115744404
21,7,none,pz,55,90,2,2,True,0.029419204,0.10424693,0.80230635,0.06402751
21,7,none,pz,56,90,3,2,False,0.00985249,0.017645026,0.9405482,0.031954397
21,7,none,pz,57,90,2,2,True,0.014532618,0.021031337,0.8228983,0.14153773
21,7,none,pz,58,90,3,2,False,0.07892235,0.018902378,0.6517702,0.25040507
21,7,none,pz,59,90,3,3,True,0.061287012,0.22932309,0.31771806,0.39167184
21,7,none,pz,60,90,1,1,True,0.05845594,0.9200318,0.019253645,0.0022585688
21,7,none,pz,61,90,0,0,True,0.8274254,0.05551432,0.08740502,0.029655172
21,7,none,pz,62,90,1,1,True,0.031823512,0.9320282,0.035835285,0.00031301644
21,7,none,pz,63,90,0,2,False,0.33927634,0.053692013,0.52656054,0.08047108
21,7,none,pz,64,90,0,0,True,0.80025434,0.0059670336,0.18762127,0.0061573167
21,7,none,pz,65,90,1,1,True,0.0062399483,0.97126234,0.021852937,0.000644829
21,7,none,pz,66,90,1,2,False,0.015100709,0.45666194,0.5210962,0.007141088
21,7,none,pz,67,90,0,0,True,0.7773193,0.007985159,0.1593478,0.055347696
21,7,none,pz,68,90,0,0,True,0.947094,0.003950723,0.04829,0.000665218
21,7,none,pz,69,90,1,2,False,0.14401475,0.26320946,0.30355564,0.28922015
21,7,none,pz,70,90,1,1,True,0.02652203,0.93372416,0.03544447,0.004309337
21,7,none,pz,71,90,0,0,True,0.46859485,0.025834873,0.4355733,0.06999696
21,7,none,pz,72,90,1,2,False,0.11644949,0.09865641,0.7407132,0.04418089
21,7,none,pz,73,90,0,0,True,0.5858011,0.025760517,0.3758449,0.012593465
21,7,none,pz,74,90,0,0,True,0.5389347,0.013722611,0.29780614,0.1495365
21,7,none,pz,75,90,2,2,True,0.0067800325,0.021586841,0.78344256,0.18819053
21,7,none,pz,76,90,3,0,False,0.8244504,0.017914755,0.1512588,0.006376073
21,7,none,pz,77,90,2,2,True,0.083396666,0.038812634,0.85475063,0.023040077
21,7,none,pz,78,90,3,2,False,0.12620884,0.036274765,0.52183753,0.3156788
21,7,none,pz,79,90,2,1,False,0.012155541,0.74635154,0.23065533,0.010837592
21,7,none,pz,80,90,3,2,False,0.11627939,0.17117989,0.6187344,0.09380634
21,7,none,pz,81,90,2,2,True,0.017471574,0.011446711,0.89979,0.07129171
21,7,none,pz,82,90,3,2,False,0.086453624,0.13294856,0.7420706,0.038527165
21,7,none,pz,83,90,2,2,True,0.03184896,0.005896165,0.9578274,0.004427464
21,7,none,pz,84,90,3,2,False,0.03608382,0.056038458,0.7853044,0.12257329
21,7,none,pz,85,90,2,0,False,0.45034873,0.12100228,0.36213577,0.06651318
21,7,none,pz,86,90,3,2,False,0.2807924,0.15595753,0.36830315,0.19494699
21,7,none,pz,87,90,3,2,False,0.3885953,0.05377965,0.5149392,0.042685848
21,7,none,pz,88,90,2,2,True,0.05132753,0.10907962,0.7204101,0.11918277
21,7,none,pz,89,90,3,0,False,0.41053227,0.35575014,0.10144855,0.13226898
21,7,none,pz,90,91,0,0,True,0.9650492,0.023896968,0.007907302,0.0031465662
21,7,none,pz,91,91,1,0,False,0.34543967,0.21676107,0.14900087,0.28879845
21,7,none,pz,92,91,0,3,False,0.16137451,0.10222288,0.35732195,0.37908068
21,7,none,pz,93,91,1,1,True,0.026451923,0.91926664,0.020145372,0.034136117
21,7,none,pz,94,91,1,1,True,0.002084995,0.9968959,0.00062204764,0.0003970079
21,7,none,pz,95,91,0,0,True,0.9836031,0.0056167985,0.007765958,0.003013997
21,7,none,pz,96,91,1,1,True,0.18600364,0.8077748,0.004543226,0.0016783155
21,7,none,pz,97,91,0,0,True,0.6861355,0.23074517,0.05526725,0.027852077
21,7,none,pz,98,91,0,0,True,0.9965467,0.002441126,0.00039620927,0.0006159682
21,7,none,pz,99,91,1,1,True,0.05524038,0.82256305,0.019131623,0.10306493
21,7,none,pz,100,91,0,0,True,0.9985311,0.00041194158,0.00067618035,0.0003807213
21,7,none,pz,101,91,1,2,False,0.017990952,0.23525323,0.7034365,0.043319304
21,7,none,pz,102,91,1,1,True,0.004374388,0.98528314,0.0050950916,0.0052473834
21,7,none,pz,103,91,0,0,True,0.99204904,0.00077157654,0.0062984484,0.00088093616
21,7,none,pz,104,91,0,0,True,0.99911433,0.00041101206,0.00034606212,0.00012849011
21,7,none,pz,105,91,2,3,False,0.015268891,0.17477031,0.1790562,0.6309046
21,7,none,pz,106,91,3,3,True,0.002611514,0.03460288,0.12113767,0.8416479
21,7,none,pz,107,91,3,3,True,0.013505556,0.06769186,0.05097054,0.86783206
21,7,none,pz,108,91,2,2,True,0.009433546,0.024997558,0.89181215,0.07375675
21,7,none,pz,109,91,2,2,True,0.0016434678,0.013560157,0.94820654,0.0365898
21,7,none,pz,110,91,3,2,False,0.08392133,0.022705397,0.6769948,0.21637852
21,7,none,pz,111,91,3,3,True,0.0030875136,0.014820221,0.14650868,0.83558357
21,7,none,pz,112,91,2,2,True,0.019837517,0.050940428,0.7064666,0.22275542
21,7,none,pz,113,91,3,2,False,0.017227525,0.0076536117,0.9399942,0.035124596
21,7,none,pz,114,91,2,2,True,9.518978e-05,0.00062550587,0.9991602,0.000119116216
21,7,none,pz,115,91,3,2,False,0.0059468993,0.013246498,0.9315367,0.049269922
21,7,none,pz,116,91,2,2,True,0.055664465,0.0340414,0.8275545,0.082739644
21,7,none,pz,117,91,2,2,True,0.025782278,0.04153194,0.47880214,0.4538837
21,7,none,pz,118,91,3,2,False,0.012778013,0.02112738,0.94406736,0.022027211
21,7,none,pz,119,91,2,2,True,0.0002482849,0.017358318,0.9798068,0.0025865678
21,7,none,pz,120,91,0,0,True,0.92066705,0.06332143,0.013630233,0.002381259
21,7,none,pz,121,91,1,3,False,0.067268275,0.008814178,0.3306311,0.59328645
21,7,none,pz,122,91,1,1,True,0.037896484,0.82377875,0.11641005,0.021914743
21,7,none,pz,123,91,0,2,False,0.024094721,0.07110924,0.46595737,0.43883863
21,7,none,pz,124,91,0,0,True,0.9959986,0.0024853891,0.0007146563,0.00080129056
21,7,none,pz,125,91,1,2,False,0.008311193,0.07218159,0.771913,0.14759423
21,7,none,pz,126,91,1,1,True,0.00028444143,0.6930743,0.29282224,0.013818964
21,7,none,pz,127,91,0,3,False,0.096933216,0.019421654,0.30430168,0.57934344
21,7,none,pz,128,91,0,0,True,0.99930704,1.2380454e-05,4.488398e-05,0.0006356235
21,7,none,pz,129,91,1,1,True,0.0091559645,0.8315864,0.086877696,0.072379865
21,7,none,pz,130,91,1,2,False,0.00901485,0.33060384,0.33771938,0.32266197
21,7,none,pz,131,91,0,0,True,0.99220467,0.0003128684,0.0071918536,0.0002906722
21,7,none,pz,132,91,1,1,True,0.40550786,0.47278202,0.034479022,0.08723106
21,7,none,pz,133,91,0,3,False,0.0627799,0.025323123,0.025713224,0.88618374
21,7,none,pz,134,91,1,0,False,0.91885614,0.00012186988,0.054371804,0.026650202
21,7,none,pz,135,91,2,3,False,0.055519454,0.36002108,0.20049447,0.38396493
21,7,none,pz,136,91,3,2,False,0.039090797,0.035826456,0.7962868,0.12879585
21,7,none,pz,137,91,2,2,True,0.15901145,0.09060225,0.63021785,0.12016849
21,7,none,pz,138,91,3,2,False,0.07758824,0.029819408,0.68518347,0.20740889
21,7,none,pz,139,91,2,2,True,0.037786637,0.011935843,0.54985,0.40042752
21,7,none,pz,140,91,3,3,True,0.00043155684,0.0011567667,0.02233896,0.9760727
21,7,none,pz,141,91,2,2,True,0.0061559193,0.0022274796,0.99074227,0.00087436906
21,7,none,pz,142,91,3,3,True,0.0063343775,0.0027752952,0.0656021,0.9252882
21,7,none,pz,143,91,2,2,True,0.0059074415,0.0744024,0.8515027,0.068187505
21,7,none,pz,144,91,3,2,False,0.00049387955,0.017119478,0.8579959,0.12439075
21,7,none,pz,145,91,3,3,True,0.014957934,0.055342488,0.017000716,0.91269886
21,7,none,pz,146,91,2,3,False,0.31784678,0.006887758,0.053807743,0.62145776
21,7,none,pz,147,91,2,3,False,0.0015557331,0.020131608,0.32149795,0.6568147
21,7,none,pz,148,91,3,3,True,0.0482528,0.019098844,0.27233547,0.6603129
21,7,none,pz,149,91,3,3,True,0.0062130485,0.049759164,0.019497633,0.92453015
21,7,none,pz,150,91,1,1,True,4.3893842e-06,0.98098856,0.01874138,0.0002655723
21,7,none,pz,151,91,0,3,False,0.19552529,0.027203852,0.14447881,0.632792
21,7,none,pz,152,91,1,3,False,0.003214618,0.28116214,0.2547805,0.4608427
21,7,none,pz,153,91,0,0,True,0.9787042,0.00010357415,0.013754263,0.00743786
21,7,none,pz,154,91,0,2,False,0.054277245,0.0015168852,0.9435139,0.0006920529
21,7,none,pz,155,91,1,2,False,0.02579245,0.00039240555,0.9620964,0.011718788
21,7,none,pz,156,91,1,2,False,0.0002539637,0.09175976,0.90643764,0.0015486465
21,7,none,pz,157,91,0,0,True,0.99925035,0.00016090141,0.0005248059,6.382491e-05
21,7,none,pz,158,91,0,0,True,0.9787976,0.007699312,0.010083845,0.0034191536
21,7,none,pz,159,91,1,2,False,0.03738409,0.15520117,0.55691814,0.25049663
21,7,none,pz,160,91,0,0,True,0.924702,0.0034960727,0.068164624,0.003637336
21,7,none,pz,161,91,1,1,True,0.004403004,0.9009186,0.057196897,0.03748153
21,7,none,pz,162,91,1,2,False,0.053575363,0.07767382,0.7575751,0.11117575
21,7,none,pz,163,91,0,0,True,0.6326382,0.002031169,0.25557867,0.10975188
21,7,none,pz,164,91,1,2,False,0.0011104995,0.012071442,0.9717068,0.015111169
21,7,none,pz,165,91,2,2,True,0.0018464883,0.00095768843,0.9850953,0.012100527
21,7,none,pz,166,91,3,2,False,0.018441949,0.0047228727,0.8631463,0.1136889
21,7,none,pz,167,91,3,2,False,0.00012598082,0.013017856,0.9550285,0.031827796
21,7,none,pz,168,91,2,2,True,0.0038130828,0.011319587,0.9472132,0.037654232
21,7,none,pz,169,91,2,2,True,0.0041052997,0.00025689902,0.94412935,0.05150853
21,7,none,pz,170,91,3,2,False,0.005140887,0.044594202,0.71294695,0.237318
21,7,none,pz,171,91,3,3,True,0.0045759575,0.020429391,0.26019478,0.7147999
21,7,none,pz,172,91,2,2,True,0.0022956687,0.02185448,0.6978027,0.27804717
21,7,none,pz,173,91,3,3,True,0.00993079,0.038910605,0.16990769,0.7812509
21,7,none,pz,174,91,2,2,True,0.013925039,0.0013024649,0.90722686,0.07754559
21,7,none,pz,175,91,2,2,True,0.00060112606,0.00794314,0.95362055,0.037835225
21,7,none,pz,176,91,3,2,False,0.004155495,0.03789605,0.85328674,0.10466174
21,7,none,pz,177,91,3,2,False,0.14836605,0.0027292164,0.7070184,0.14188637
21,7,none,pz,178,91,2,2,True,0.0023445135,0.062462803,0.909045,0.02614767
21,7,none,pz,179,91,3,2,False,0.003402794,0.010629945,0.76677597,0.21919124
21,7,none,pz,180,92,1,3,False,0.06877608,0.33540863,0.21497399,0.38084134
21,7,none,pz,181,92,0,3,False,0.14909098,0.18801995,0.22647768,0.43641138
21,7,none,pz,182,92,1,0,False,0.42950284,0.15302674,0.3556945,0.061775893
21,7,none,pz,183,92,0,2,False,0.083272316,0.004444678,0.9107994,0.0014835715
21,7,none,pz,184,92,0,2,False,0.1425749,0.118556246,0.50693625,0.23193261
21,7,none,pz,185,92,1,1,True,0.028977318,0.9147513,0.042228807,0.014042494
21,7,none,pz,186,92,0,0,True,0.89551777,0.044040248,0.044963066,0.015478862
21,7,none,pz,187,92,1,1,True,0.063258626,0.93306524,0.0033440439,0.00033209057
21,7,none,pz,188,92,1,1,True,0.0033428129,0.99599105,0.00038010968,0.000286187
21,7,none,pz,189,92,0,2,False,0.1529517,0.08699393,0.72755665,0.03249771
21,7,none,pz,190,92,0,0,True,0.8352875,0.068655394,0.05418082,0.041876264
21,7,none,pz,191,92,1,2,False,0.16230291,0.06215897,0.42357692,0.35196117
21,7,none,pz,192,92,0,0,True,0.9512946,0.0215457,0.026433967,0.0007257258
21,7,none,pz,193,92,1,3,False,0.023458317,0.36859754,0.13485923,0.4730849
21,7,none,pz,194,92,0,2,False,0.20439893,0.08987326,0.6656679,0.040059924
21,7,none,pz,195,92,1,1,True,0.10081398,0.80429226,0.07593467,0.018959053
21,7,none,pz,196,92,1,1,True,0.008492563,0.98221415,0.008370956,0.00092227414
21,7,none,pz,197,92,0,0,True,0.9784604,0.009012404,0.01045382,0.0020734272
21,7,none,pz,198,92,1,1,True,0.021169586,0.5359222,0.4197794,0.02312882
21,7,none,pz,199,92,2,0,False,0.43817368,0.13296424,0.29373696,0.13512506
21,7,none,pz,200,92,3,0,False,0.32883978,0.060750842,0.30750299,0.30290642
21,7,none,pz,201,92,2,2,True,0.090633765,0.020806542,0.4774871,0.41107258
21,7,none,pz,202,92,3,3,True,0.07813674,0.02321298,0.3778834,0.5207669
21,7,none,pz,203,92,2,1,False,0.23808303,0.45864746,0.27372894,0.02954061
21,7,none,pz,204,92,3,3,True,0.07852987,0.1477503,0.15007141,0.62364835
21,7,none,pz,205,92,2,2,True,0.042828612,0.06345628,0.8229854,0.07072976
21,7,none,pz,206,92,3,0,False,0.37557864,0.22403531,0.20046659,0.19991949
21,7,none,pz,207,92,3,2,False,0.3067274,0.23705724,0.36611363,0.09010179
21,7,none,pz,208,92,2,2,True,0.2443983,0.042448062,0.5836271,0.12952653
21,7,none,pz,209,92,2,2,True,0.0030236575,0.10226613,0.88990724,0.0048030107
21,7,none,pz,210,92,3,1,False,0.057398397,0.567136,0.02391982,0.35154578
21,7,none,pz,211,92,3,3,True,0.06214721,0.11734837,0.05443888,0.7660656
21,7,none,pz,212,92,2,1,False,0.16811085,0.57251316,0.12854657,0.13082945
21,7,none,pz,213,92,3,0,False,0.43746746,0.29995042,0.11444798,0.14813413
21,7,none,pz,214,92,2,0,False,0.8126909,0.055178832,0.124137,0.007993172
21,7,none,pz,215,92,2,3,False,0.03745066,0.16182551,0.35548905,0.44523478
21,7,none,pz,216,92,3,1,False,0.042828377,0.5379329,0.2290482,0.19019057
21,7,none,pz,217,92,2,2,True,0.01074226,0.084817804,0.88605195,0.01838808
21,7,none,pz,218,92,0,0,True,0.98772544,0.0016217476,0.008958179,0.0016945805
21,7,none,pz,219,92,1,1,True,0.27601343,0.70206076,0.018860972,0.0030648846
21,7,none,pz,220,92,0,0,True,0.93241876,0.039507627,0.02398353,0.0040901275
21,7,none,pz,221,92,1,1,True,0.14886515,0.74033,0.09374011,0.017064705
21,7,none,pz,222,92,1,1,True,0.028317412,0.945757,0.02508485,0.0008407017
21,7,none,pz,223,92,0,0,True,0.59176207,0.25398406,0.10225828,0.051995557
21,7,none,pz,224,92,1,1,True,0.003291096,0.98352045,0.00044412594,0.012744369
21,7,none,pz,225,92,0,1,False,0.13320202,0.75508726,0.104734965,0.0069757733
21,7,none,pz,226,92,0,0,True,0.9674037,0.023944067,0.004163959,0.004488309
21,7,none,pz,227,92,1,1,True,0.007375454,0.96976906,0.0145927975,0.008262771
21,7,none,pz,228,92,1,1,True,0.00088500505,0.96895736,0.00717548,0.022982063
21,7,none,pz,229,92,0,0,True,0.89182854,0.009014607,0.0229406,0.07621627
21,7,none,pz,230,92,1,1,True,0.0016095907,0.9954093,0.0019898626,0.0009913039
21,7,none,pz,231,92,0,1,False,0.25159732,0.3338319,0.2614497,0.15312108
21,7,none,pz,232,92,0,0,True,0.97693515,0.0030040094,0.01366916,0.0063917194
21,7,none,pz,233,92,1,1,True,0.012143255,0.98165876,0.0015733495,0.0046245717
21,7,none,pz,234,92,0,0,True,0.5188903,0.0052524065,0.36547923,0.11037808
21,7,none,pz,235,92,1,1,True,0.0081843855,0.9533649,0.032167956,0.0062827794
21,7,none,pz,236,92,1,1,True,0.0032835747,0.99462235,0.0004668118,0.0016272338
21,7,none,pz,237,92,3,3,True,0.20705391,0.22410104,0.04657109,0.52227396
21,7,none,pz,238,92,2,3,False,0.15149324,0.27852288,0.11548999,0.4544939
21,7,none,pz,239,92,3,2,False,0.15260845,0.267501,0.46533996,0.11455058
21,7,none,pz,240,92,2,2,True,0.045843486,0.11890224,0.7741134,0.06114086
21,7,none,pz,241,92,2,2,True,0.1212818,0.26683414,0.59952915,0.012354846
21,7,none,pz,242,92,3,2,False,0.055164296,0.094721116,0.7780296,0.072084956
21,7,none,pz,243,92,2,2,True,0.15308055,0.15450197,0.61577046,0.07664703
21,7,none,pz,244,92,3,2,False,0.29602316,0.3045286,0.37476042,0.024687773
21,7,none,pz,245,92,2,2,True,0.15954503,0.13443324,0.6045003,0.101521455
21,7,none,pz,246,92,3,3,True,0.009226415,0.2562793,0.26656777,0.4679265
21,7,none,pz,247,92,2,2,True,0.021357402,0.13640139,0.754687,0.0875542
21,7,none,pz,248,92,3,3,True,0.013398516,0.18395658,0.19913603,0.6035089
21,7,none,pz,249,92,3,3,True,0.0124808485,0.20693332,0.028119376,0.7524665
21,7,none,pz,250,92,2,2,True,0.0045165527,0.02805053,0.95746285,0.0099699665
21,7,none,pz,251,92,3,3,True,0.014597338,0.01786548,0.2667847,0.7007525
21,7,none,pz,252,92,2,2,True,0.21991923,0.09033891,0.5716764,0.118065536
21,7,none,pz,253,92,2,2,True,0.17657313,0.08292365,0.72825086,0.012252364
21,7,none,pz,254,92,3,2,False,0.24751621,0.046580687,0.65166885,0.054234236
21,7,none,pz,255,92,2,2,True,0.04474205,0.08490344,0.8651998,0.00515468
21,7,none,pz,256,92,0,0,True,0.95361686,0.030090254,0.002945494,0.013347379
21,7,none,pz,257,92,1,0,False,0.8671847,0.09351591,0.033782087,0.0055173202
21,7,none,pz,258,92,1,1,True,0.044750225,0.9259344,0.023019448,0.0062959716
21,7,none,pz,259,92,0,0,True,0.95813334,0.00832459,0.020491341,0.013050678
21,7,none,pz,260,92,0,0,True,0.60417503,0.037516333,0.2237925,0.13451615
21,7,none,pz,261,92,1,1,True,0.019594071,0.9526968,0.025308063,0.0024010816
21,7,none,pz,262,92,1,1,True,0.0075605353,0.892381,0.012890908,0.087167494
21,7,none,pz,263,92,0,0,True,0.7950832,0.042137373,0.15337317,0.00940622
21,7,none,pz,264,92,0,0,True,0.84520143,0.017989106,0.12157279,0.015236582
21,7,none,pz,265,92,1,1,True,0.0052662212,0.9906542,0.0020403666,0.0020392346
21,7,none,pz,266,92,0,0,True,0.8579408,0.09262774,0.04612905,0.0033023076
21,7,none,pz,267,92,1,2,False,0.26691046,0.21972778,0.32292113,0.1904406
21,7,none,pz,268,92,0,0,True,0.80679977,0.16568348,0.015612634,0.011904043
21,7,none,pz,269,92,1,1,True,0.009136599,0.84523755,0.10322997,0.042395808
21,7,none,pz,270,92,1,1,True,0.064222194,0.812774,0.1017831,0.02122073
21,7,none,pz,271,92,0,0,True,0.8886049,0.09205225,0.014028409,0.0053144274
21,7,none,pz,272,92,1,1,True,0.090543,0.7601735,0.13678189,0.012501662
21,7,none,pz,273,92,0,2,False,0.24986073,0.05319703,0.6817651,0.015177202
21,7,none,pz,274,92,1,2,False,0.09829927,0.09136406,0.56879175,0.24154492
21,7,none,pz,275,92,3,1,False,0.19701803,0.42518732,0.23340932,0.14438531
21,7,none,pz,276,92,2,3,False,0.07414997,0.2602038,0.30075678,0.36488938
21,7,none,pz,277,92,3,1,False,0.03649166,0.4120289,0.3312631,0.22021632
21,7,none,pz,278,92,2,2,True,0.16664737,0.19312674,0.527478,0.11274794
21,7,none,pz,279,92,3,3,True,0.11712625,0.004314214,0.29600003,0.5825595
21,7,none,pz,280,92,2,2,True,0.21727705,0.054905236,0.6938068,0.03401085
21,7,none,pz,281,92,3,2,False,0.012950364,0.2858557,0.51635337,0.18484047
21,7,none,pz,282,92,2,2,True,0.13717575,0.20199522,0.6288331,0.031995922
21,7,none,pz,283,92,2,2,True,0.034560412,0.17910095,0.7794973,0.0068412772
21,7,none,pz,284,92,3,2,False,0.15158647,0.19232607,0.5128996,0.14318788
21,7,none,pz,285,92,3,3,True,0.007043596,0.305668,0.16258384,0.52470464
21,7,none,pz,286,92,2,2,True,0.03078194,0.16811728,0.78266186,0.018438905
21,7,none,pz,287,92,2,1,False,0.02583658,0.93362254,0.029610028,0.010930851
21,7,none,pz,288,92,3,2,False,0.15960896,0.28939512,0.2931807,0.2578152
21,7,none,pz,289,92,3,3,True,0.008707461,0.26284486,0.08395252,0.6444951
21,7,none,pz,290,92,2,1,False,0.06277017,0.5159952,0.2561861,0.16504855
21,7,none,pz,291,92,2,0,False,0.7291062,0.049882203,0.13428727,0.08672437
21,7,none,pz,292,92,3,0,False,0.36352047,0.19138077,0.10553368,0.33956504
21,7,none,pz,293,92,2,2,True,0.108836934,0.31630453,0.4743746,0.10048389
21,7,none,pz,294,93,1,1,True,0.060053635,0.61088026,0.087859675,0.24120642
21,7,none,pz,295,93,0,2,False,0.2036729,0.2336048,0.44441986,0.11830248
21,7,none,pz,296,93,1,1,True,0.00034892492,0.94826335,0.019635154,0.03175251
21,7,none,pz,297,93,0,1,False,0.13328949,0.40898448,0.35206985,0.10565612
21,7,none,pz,298,93,1,2,False,0.0025773607,0.07338404,0.90446615,0.01957233
21,7,none,pz,299,93,0,2,False,0.035237014,0.08616366,0.4538492,0.42475015
21,7,none,pz,300,93,0,0,True,0.98450434,0.010870887,0.0039239307,0.0007009336
21,7,none,pz,301,93,1,3,False,0.00393797,0.34823683,0.26589268,0.38193256
21,7,none,pz,302,93,1,2,False,0.055773333,0.014872216,0.8975263,0.03182807
21,7,none,pz,303,93,0,2,False,0.1304061,0.04291248,0.7794748,0.047206696
21,7,none,pz,304,93,1,2,False,0.016104773,0.26727584,0.4965757,0.22004375
21,7,none,pz,305,93,0,0,True,0.9933443,0.004015265,0.0008842206,0.0017562545
21,7,none,pz,306,93,1,2,False,0.0023515788,0.28177577,0.47334978,0.24252291
21,7,none,pz,307,93,0,0,True,0.99873906,0.00017809881,0.0007128811,0.00036991262
21,7,none,pz,308,93,0,0,True,0.6699015,0.055961903,0.22413962,0.049997073
21,7,none,pz,309,93,3,3,True,0.001047986,0.029189426,0.011199837,0.9585628
21,7,none,pz,310,93,2,2,True,0.004028576,0.40609506,0.51104724,0.0788292
21,7,none,pz,311,93,2,2,True,0.006050156,0.1046152,0.7791622,0.11017239
21,7,none,pz,312,93,3,3,True,0.029926013,0.030322485,0.030584628,0.9091669
21,7,none,pz,313,93,3,3,True,0.00013129084,0.008942759,0.008221451,0.98270446
21,7,none,pz,314,93,2,2,True,0.093971215,0.08369809,0.7377572,0.084573515
21,7,none,pz,315,93,3,2,False,0.008914692,0.4042079,0.5206226,0.06625479
21,7,none,pz,316,93,2,2,True,5.1857747e-05,0.00027434865,0.99963963,3.416303e-05
21,7,none,pz,317,93,2,2,True,0.044806074,0.032803882,0.89840347,0.023986494
21,7,none,pz,318,93,3,3,True,0.00978519,0.1539455,0.08632281,0.74994653
21,7,none,pz,319,93,3,3,True,0.3936807,0.05778679,0.008990723,0.53954184
21,7,none,pz,320,93,2,2,True,0.008673385,0.046165776,0.93906325,0.0060975724
21,7,none,pz,321,93,2,2,True,0.17713173,0.0115586445,0.74425554,0.067054
21,7,none,pz,322,93,3,3,True,0.00034578753,0.002124787,0.0065119755,0.99101746
21,7,none,pz,323,93,2,2,True,0.023497637,0.013322555,0.94779557,0.015384218
21,7,none,pz,324,93,0,0,True,0.99454147,0.00080674904,0.0020276408,0.0026241187
21,7,none,pz,325,93,1,3,False,0.007891004,0.18162593,0.25630727,0.5541758
21,7,none,pz,326,93,1,1,True,1.0899817e-06,0.9993874,6.448752e-05,0.00054706784
21,7,none,pz,327,93,0,2,False,0.28142795,0.05327178,0.5223241,0.14297618
21,7,none,pz,328,93,0,0,True,0.75448245,0.008329953,0.11890079,0.11828685
21,7,none,pz,329,93,1,1,True,0.010067019,0.8352381,0.1272007,0.027494134
21,7,none,pz,330,93,0,2,False,0.16662863,0.12542245,0.4216735,0.28627548
21,7,none,pz,331,93,1,3,False,0.0017504335,0.3629481,0.123387724,0.5119138
21,7,none,pz,332,93,1,2,False,0.0069247894,0.22603971,0.6419056,0.12512986
21,7,none,pz,333,93,0,3,False,0.10437677,0.16874023,0.3351168,0.39176616
21,7,none,pz,334,93,1,2,False,0.005523669,0.24054612,0.484029,0.2699012
21,7,none,pz,335,93,0,0,True,0.5729872,0.003584417,0.40449792,0.01893051
21,7,none,pz,336,93,0,0,True,0.9470593,0.0044442117,0.008517349,0.03997904
21,7,none,pz,337,93,1,2,False,0.0043020826,0.03311284,0.9037521,0.05883294
21,7,none,pz,338,93,0,3,False,0.13579988,0.0014969414,0.35781407,0.50488913
21,7,none,pz,339,93,2,2,True,0.29538688,0.08150371,0.60774267,0.015366691
21,7,none,pz,340,93,3,3,True,0.00020094909,0.00067305047,0.0033135845,0.99581236
21,7,none,pz,341,93,3,3,True,0.002929243,0.04961829,0.14864217,0.7988103
21,7,none,pz,342,93,2,2,True,0.020294927,0.22733286,0.67000616,0.082366064
21,7,none,pz,343,93,2,1,False,0.0030205378,0.58123285,0.37257332,0.04317328
21,7,none,pz,344,93,3,3,True,0.0007894002,0.45887774,0.002237787,0.53809506
21,7,none,pz,345,93,3,3,True,0.00025510212,0.0022630992,0.0017556228,0.9957262
21,7,none,pz,346,93,2,2,True,0.02124514,0.34900334,0.5945939,0.035157666
21,7,none,pz,347,93,3,3,True,0.024816327,0.006270911,0.021723151,0.9471896
21,7,none,pz,348,93,2,1,False,0.005340366,0.46125212,0.29280666,0.24060094
21,7,none,pz,349,93,3,2,False,0.012244191,0.34763342,0.47019663,0.16992576
21,7,none,pz,350,93,2,2,True,0.005474392,0.03450997,0.92840356,0.03161214
21,7,none,pz,351,93,3,3,True,0.002360607,0.017492559,0.021703541,0.9584433
21,7,none,pz,352,93,2,2,True,0.025605034,0.05449538,0.8809713,0.03892824
21,7,none,pz,353,93,2,2,True,0.050534222,0.058319174,0.5899145,0.3012321
21,7,none,pz,354,93,0,1,False,0.15500382,0.43833414,0.29776755,0.108894505
21,7,none,pz,355,93,1,2,False,0.001483538,0.17793293,0.7883337,0.03224983
21,7,none,pz,356,93,0,0,True,0.55351985,0.029449733,0.38738504,0.029645348
21,7,none,pz,357,93,1,1,True,0.0003224825,0.99491876,0.0008324634,0.0039262944
21,7,none,pz,358,93,1,1,True,0.00050602143,0.95857877,0.004955394,0.035959847
21,7,none,pz,359,93,0,0,True,0.792701,0.08057959,0.048516996,0.078202374
21,7,none,pz,360,93,1,3,False,0.0041155512,0.11510362,0.3601121,0.5206687
21,7,none,pz,361,93,0,1,False,0.015883027,0.9085205,0.009971039,0.06562548
21,7,none,pz,362,93,1,1,True,0.006781262,0.90894884,0.04862952,0.03564026
21,7,none,pz,363,93,0,0,True,0.80736965,0.0040665367,0.057254903,0.13130887
21,7,none,pz,364,93,0,0,True,0.9320558,0.030416993,0.013996163,0.023531104
21,7,none,pz,365,93,1,3,False,0.0024729997,0.074196994,0.15198827,0.77134174
21,7,none,pz,366,93,1,1,True,0.00044893468,0.92260265,0.011923867,0.065024495
21,7,none,pz,367,93,0,2,False,0.06783785,0.25951117,0.33713955,0.3355114
21,7,none,pz,368,93,1,1,True,0.015491336,0.7753046,0.18997408,0.01923004
21,7,none,pz,369,93,2,0,False,0.43014485,0.2866709,0.15801531,0.1251689
21,7,none,pz,370,93,3,2,False,0.028108012,0.07935974,0.6163541,0.27617815
21,7,none,pz,371,93,3,3,True,0.0027399068,0.03868606,0.0171022,0.9414718
21,7,none,pz,372,93,2,1,False,0.09822053,0.85744846,0.040111743,0.0042192154
21,7,none,pz,373,93,3,1,False,0.00058145606,0.7151259,0.0036108443,0.28068173
21,7,none,pz,374,93,2,1,False,0.0023831816,0.9648362,0.02506876,0.0077119083
21,7,none,pz,375,93,2,2,True,0.02137112,0.013691572,0.9155971,0.049340192
21,7,none,pz,376,93,3,3,True,0.00021594424,0.013155234,0.004161692,0.9824671
21,7,none,pz,377,93,3,3,True,0.00020143672,0.02789224,0.009396139,0.96251017
21,7,none,pz,378,93,2,2,True,0.009446613,0.009503752,0.9285405,0.052509144
21,7,none,pz,379,93,2,2,True,0.018493518,0.055723116,0.7106057,0.21517761
21,7,none,pz,380,93,3,3,True,0.07020656,0.057482064,0.10975469,0.7625566
21,7,none,pz,381,93,3,3,True,0.013531201,0.024242558,0.35613033,0.6060959
21,7,none,pz,382,93,2,1,False,0.00012936919,0.9937137,0.0048576295,0.0012992786
21,7,none,pz,383,93,3,2,False,0.03341007,0.024532748,0.7604666,0.18159057
21,7,none,pz,384,94,0,0,True,0.9980246,0.0004826488,0.0014410617,5.1738716e-05
21,7,none,pz,385,94,1,1,True,0.0029974948,0.5517061,0.44347435,0.0018221011
21,7,none,pz,386,94,1,2,False,0.05869175,0.120387,0.7682897,0.052631557
21,7,none,pz,387,94,0,0,True,0.999843,4.60784e-05,9.1804824e-05,1.910353e-05
21,7,none,pz,388,94,1,1,True,0.011593716,0.67600435,0.27851993,0.033881947
21,7,none,pz,389,94,0,0,True,0.9897085,0.006185273,0.0033367258,0.0007695206
21,7,none,pz,390,94,1,2,False,0.029359968,0.013245638,0.95158285,0.005811483
21,7,none,pz,391,94,0,0,True,0.9982992,3.3911492e-05,0.001360339,0.00030655903
21,7,none,pz,392,94,1,2,False,0.014182683,0.08531535,0.8790068,0.021495154
21,7,none,pz,393,94,0,0,True,0.9121167,0.018955493,0.06857392,0.00035383535
21,7,none,pz,394,94,0,0,True,0.99071056,0.00048242434,0.00595547,0.0028515
21,7,none,pz,395,94,1,2,False,0.0589112,0.036654845,0.89343196,0.011002019
21,7,none,pz,396,94,1,1,True,0.2590724,0.52353084,0.12239602,0.095000714
21,7,none,pz,397,94,0,0,True,0.9059567,0.00034166942,0.08090482,0.012796876
21,7,none,pz,398,94,1,2,False,0.078156635,0.21992677,0.45089298,0.25102356
21,7,none,pz,399,94,2,2,True,0.009715849,0.009232454,0.97732806,0.0037236784
21,7,none,pz,400,94,3,3,True,0.024938794,0.07949889,0.21522583,0.6803364
21,7,none,pz,401,94,3,3,True,0.00045491874,0.004256907,0.0063899592,0.9888982
21,7,none,pz,402,94,2,2,True,0.004027402,0.008760533,0.9824769,0.004735211
21,7,none,pz,403,94,3,3,True,0.0382375,0.008884739,0.25395864,0.6989192
21,7,none,pz,404,94,2,2,True,0.057786763,0.12187837,0.7980555,0.022279302
21,7,none,pz,405,94,2,2,True,0.0021745004,0.014865603,0.9789074,0.004052485
21,7,none,pz,406,94,3,3,True,0.0074212905,0.27823985,0.113529526,0.60080934
21,7,none,pz,407,94,2,2,True,0.052968353,0.02072315,0.8383153,0.087993205
21,7,none,pz,408,94,3,3,True,0.019090734,0.029954502,0.110095665,0.8408591
21,7,none,pz,409,94,3,3,True,0.0137347635,0.004971476,0.03989738,0.94139636
21,7,none,pz,410,94,2,2,True,0.0122237075,0.007270479,0.97690487,0.003600954
21,7,none,pz,411,94,3,3,True,0.050559323,0.018059503,0.29565385,0.6357273
21,7,none,pz,412,94,2,2,True,0.35922644,0.053627223,0.46145457,0.12569177
21,7,none,pz,413,94,3,2,False,0.022611897,0.10492809,0.7481131,0.124346964
21,7,none,pz,414,94,1,1,True,0.0107418215,0.9711802,0.016815804,0.0012621797
21,7,none,pz,415,94,0,1,False,0.34330285,0.52674156,0.1283817,0.0015738761
21,7,none,pz,416,94,1,1,True,0.009451954,0.980806,0.009554783,0.00018732678
21,7,none,pz,417,94,0,0,True,0.86455894,0.026191752,0.10259108,0.0066582514
21,7,none,pz,418,94,0,0,True,0.9436053,0.004595579,0.051656507,0.0001426309
21,7,none,pz,419,94,1,1,True,0.00017644954,0.9068945,0.09251228,0.00041673516
21,7,none,pz,420,94,1,2,False,0.1093605,0.13994467,0.5021081,0.24858671
21,7,none,pz,421,94,0,0,True,0.9815615,0.00063162827,0.017492352,0.00031453307
21,7,none,pz,422,94,0,0,True,0.5859276,0.28301492,0.130693,0.0003643706
21,7,none,pz,423,94,1,2,False,0.07829895,0.015980529,0.88905346,0.016667042
21,7,none,pz,424,94,1,1,True,3.842456e-05,0.9948559,0.005048622,5.7075467e-05
21,7,none,pz,425,94,0,1,False,0.041957807,0.5719882,0.36446196,0.021591997
21,7,none,pz,426,94,1,2,False,0.01618656,0.41560844,0.5541074,0.014097549
21,7,none,pz,427,94,0,0,True,0.9780503,0.00015106586,0.019176552,0.002622096
21,7,none,pz,428,94,1,2,False,0.012101507,0.022874337,0.96033525,0.004688909
21,7,none,pz,429,94,3,3,True,0.10470754,0.018705428,0.22160846,0.6549786
21,7,none,pz,430,94,2,2,True,0.24477288,0.0076511125,0.74343294,0.004143116
21,7,none,pz,431,94,3,3,True,0.0011329756,0.12669392,0.24189253,0.6302806
21,7,none,pz,432,94,2,2,True,0.0006198065,0.0010315209,0.99711204,0.0012366346
21,7,none,pz,433,94,3,3,True,0.032265805,0.29665786,0.029021394,0.6420549
21,7,none,pz,434,94,2,2,True,0.015616577,0.01578614,0.9673102,0.0012870848
21,7,none,pz,435,94,2,2,True,0.015047179,0.075705834,0.8501868,0.059060175
21,7,none,pz,436,94,3,2,False,0.015082492,0.0236445,0.6219696,0.33930343
21,7,none,pz,437,94,3,1,False,0.0039420826,0.6199827,0.056810264,0.31926492
21,7,none,pz,438,94,2,2,True,0.0052795787,0.018797068,0.9705156,0.0054078195
21,7,none,pz,439,94,3,3,True,0.051388074,0.18705744,0.28323868,0.4783158
21,7,none,pz,440,94,2,2,True,0.22813556,0.023005666,0.71386063,0.034998108
21,7,none,pz,441,94,3,2,False,0.014615717,0.024402441,0.7516133,0.20936854
21,7,none,pz,442,94,2,2,True,0.0033102373,0.0036029015,0.99262106,0.00046575436
21,7,none,pz,443,94,2,3,False,0.17631842,0.17594656,0.21462612,0.43310893
21,7,none,pz,444,94,0,0,True,0.96886474,0.00590154,0.024185792,0.0010479116
21,7,none,pz,445,94,1,2,False,0.0672615,0.03579123,0.8948154,0.0021318973
21,7,none,pz,446,94,1,2,False,0.001536343,0.47061676,0.52439386,0.0034530638
21,7,none,pz,447,94,0,0,True,0.7267546,0.00395783,0.26762506,0.0016625355
21,7,none,pz,448,94,1,2,False,0.0013859282,0.21354048,0.746805,0.03826854
21,7,none,pz,449,94,0,0,True,0.69083,0.011271119,0.27934694,0.018552016
21,7,none,pz,450,94,1,2,False,0.19681096,0.11568892,0.61857265,0.068927445
21,7,none,pz,451,94,0,2,False,0.07486811,0.004086176,0.91081274,0.010232991
21,7,none,pz,452,94,1,2,False,0.03542741,0.3113386,0.57231605,0.080917895
21,7,none,pz,453,94,0,2,False,0.06102463,0.009574123,0.91910875,0.010292521
21,7,none,pz,454,94,1,2,False,0.029548101,0.12124294,0.7735645,0.07564452
21,7,none,pz,455,94,0,0,True,0.96104467,0.001207396,0.03337391,0.00437395
21,7,none,pz,456,94,0,2,False,0.24298528,0.1082656,0.64328736,0.0054617636
21,7,none,pz,457,94,1,3,False,0.027903847,0.023743547,0.30602837,0.6423242
21,7,none,pz,458,94,0,2,False,0.04573709,0.025800463,0.78192675,0.1465357
21,7,none,pz,459,94,2,2,True,0.018954242,0.0063582915,0.97178054,0.0029069623
21,7,none,pz,460,94,3,2,False,0.001360875,0.0042897775,0.980375,0.013974372
21,7,none,pz,461,94,2,2,True,0.033187896,0.0065796846,0.9586861,0.0015462672
21,7,none,pz,462,94,3,2,False,0.13325723,0.031523794,0.8102968,0.024922125
21,7,none,pz,463,94,2,2,True,0.02346374,0.1778304,0.7972421,0.0014637057
21,7,none,pz,464,94,3,2,False,0.047248937,0.038683843,0.5577054,0.3563618
21,7,none,pz,465,94,3,2,False,0.007972669,0.09203503,0.59925836,0.30073386
21,7,none,pz,466,94,2,2,True,0.009769679,0.0060649137,0.9617137,0.022451768
21,7,none,pz,467,94,2,2,True,0.0008433995,0.00036880674,0.9977774,0.0010104033
21,7,none,pz,468,94,3,2,False,0.0070620226,0.0012081647,0.822758,0.1689718
21,7,none,pz,469,94,3,3,True,0.005985696,0.21456327,0.15298642,0.6264646
21,7,none,pz,470,94,2,2,True,0.0029126636,0.008285712,0.976438,0.012363559
21,7,none,pz,471,94,2,2,True,0.06697304,0.05751265,0.7162892,0.15922509
21,7,none,pz,472,94,3,2,False,0.032280426,0.12264347,0.60337526,0.24170084
21,7,none,pz,473,94,3,2,False,0.037155204,0.082164176,0.87004614,0.010634489
21,7,none,pz,474,95,0,0,True,0.5435405,0.22550356,0.14324747,0.08770846
21,7,none,pz,475,95,1,1,True,0.0056295535,0.8053078,0.007046012,0.18201664
21,7,none,pz,476,95,1,1,True,0.00012773705,0.99631834,0.0025773898,0.0009765712
21,7,none,pz,477,95,0,0,True,0.8902192,0.008093626,0.004266116,0.09742105
21,7,none,pz,478,95,0,0,True,0.9865196,0.005467388,0.005144671,0.0028684763
21,7,none,pz,479,95,1,1,True,0.008869726,0.9583628,0.008161561,0.024605867
21,7,none,pz,480,95,0,0,True,0.76843405,0.15491055,0.02604994,0.05060548
21,7,none,pz,481,95,1,1,True,0.00037018934,0.957246,0.0036711826,0.038712554
21,7,none,pz,482,95,0,0,True,0.7305978,0.039816048,0.16362926,0.065956816
21,7,none,pz,483,95,1,3,False,0.002526549,0.15794595,0.1777938,0.66173375
21,7,none,pz,484,95,1,1,True,0.00056603446,0.97575563,0.012163704,0.011514652
21,7,none,pz,485,95,0,0,True,0.99306506,7.3619e-05,0.0035075052,0.0033537752
21,7,none,pz,486,95,0,0,True,0.8940313,0.022923294,0.024383284,0.058662135
21,7,none,pz,487,95,1,1,True,0.017943129,0.5785174,0.2199409,0.18359856
21,7,none,pz,488,95,1,1,True,2.6752034e-05,0.8409617,0.10415077,0.054860786
21,7,none,pz,489,95,2,3,False,0.004668358,0.041468073,0.42058915,0.5332744
21,7,none,pz,490,95,3,3,True,0.0035929764,0.06514456,0.103812486,0.82745004
21,7,none,pz,491,95,2,2,True,0.0007635947,0.3052053,0.6614093,0.032621823
21,7,none,pz,492,95,3,3,True,0.0006468334,0.0009039439,0.0028691422,0.99558
21,7,none,pz,493,95,3,3,True,0.00024691768,0.042909503,0.0023291013,0.95451444
21,7,none,pz,494,95,2,3,False,0.12084337,0.10600807,0.048704717,0.72444385
21,7,none,pz,495,95,2,2,True,0.010146893,0.072024584,0.69740707,0.22042146
21,7,none,pz,496,95,3,3,True,0.0027772815,0.005575264,0.0022578912,0.9893896
21,7,none,pz,497,95,3,3,True,0.0004414896,0.014369702,0.052620407,0.93256843
21,7,none,pz,498,95,2,3,False,0.0008578537,0.353474,0.290697,0.35497114
21,7,none,pz,499,95,3,3,True,0.0003176884,0.42750278,0.0044740806,0.56770545
21,7,none,pz,500,95,2,3,False,0.0006344313,0.0033772974,0.15014349,0.84584475
21,7,none,pz,501,95,3,3,True,0.0017285959,0.014487744,0.027735082,0.95604855
21,7,none,pz,502,95,2,3,False,0.0014285375,0.011223509,0.20597647,0.7813715
21,7,none,pz,503,95,2,3,False,0.025196921,0.13450769,0.14586285,0.69443256
21,7,none,pz,504,95,1,1,True,0.0003656373,0.8204926,0.017449955,0.16169186
21,7,none,pz,505,95,0,3,False,0.2336118,0.016977308,0.0076967212,0.7417142
21,7,none,pz,506,95,1,1,True,0.00074877974,0.62864,0.0069139516,0.36369726
21,7,none,pz,507,95,0,3,False,0.07196165,0.0022567096,0.115910694,0.80987096
21,7,none,pz,508,95,0,0,True,0.9183516,0.007981695,0.0018274151,0.071839355
21,7,none,pz,509,95,1,3,False,0.006079472,0.07256155,0.08223421,0.8391248
21,7,none,pz,510,95,1,3,False,0.0024941391,0.22439621,0.12501173,0.64809793
21,7,none,pz,511,95,0,3,False,0.19012825,0.0025671548,0.012047221,0.79525733
21,7,none,pz,512,95,0,3,False,0.2684745,0.01926211,0.07962117,0.6326422
21,7,none,pz,513,95,1,3,False,0.00019336036,0.18961366,0.041938983,0.76825404
21,7,none,pz,514,95,0,3,False,0.36216843,0.0022389109,0.058900457,0.5766922
21,7,none,pz,515,95,1,1,True,0.0006051267,0.8129839,0.15842234,0.027988596
21,7,none,pz,516,95,0,3,False,0.14525089,0.09832884,0.012421653,0.7439986
21,7,none,pz,517,95,1,1,True,0.001057326,0.7460212,0.07400259,0.17891894
21,7,none,pz,518,95,0,3,False,0.23248468,0.023554875,0.13326465,0.6106958
21,7,none,pz,519,95,3,3,True,0.00011442465,0.09662293,0.008217369,0.8950453
21,7,none,pz,520,95,2,3,False,0.004954358,0.0010168888,0.20791225,0.7861165
21,7,none,pz,521,95,3,3,True,1.5171436e-05,0.060253583,0.012142493,0.92758876
21,7,none,pz,522,95,2,3,False,0.05090722,0.0024564548,0.45568,0.49095637
21,7,none,pz,523,95,2,2,True,0.0038278475,0.011580797,0.86638,0.11821138
21,7,none,pz,524,95,3,3,True,0.0049186265,0.26323107,0.069443375,0.66240686
21,7,none,pz,525,95,2,2,True,0.0027828114,0.08658899,0.8547933,0.05583491
21,7,none,pz,526,95,3,3,True,0.0010416149,0.033813205,0.016945072,0.9482001
21,7,none,pz,527,95,2,2,True,0.05774714,0.16103564,0.5559702,0.22524701
21,7,none,pz,528,95,3,3,True,4.8291957e-05,0.009307258,0.0017458559,0.9888986
21,7,none,pz,529,95,2,0,False,0.37590334,0.122400254,0.27429378,0.22740263
21,7,none,pz,530,95,3,3,True,0.004040799,0.0073916176,0.04280216,0.9457654
21,7,none,pz,531,95,2,3,False,0.0004857518,0.016835226,0.010062806,0.97261626
21,7,none,pz,532,95,3,3,True,0.003640904,0.19889872,0.05102846,0.74643195
21,7,none,pz,533,95,3,3,True,7.662203e-05,0.31990555,0.31127483,0.368743
21,7,none,pz,534,95,0,3,False,0.0030629195,0.24303906,0.09976695,0.6541311
21,7,none,pz,535,95,1,3,False,0.033671405,0.029493997,0.12090003,0.8159346
21,7,none,pz,536,95,1,3,False,0.003675933,0.012633479,0.0038730975,0.97981757
21,7,none,pz,537,95,0,3,False,0.033569153,0.07249588,0.21476878,0.6791662
21,7,none,pz,538,95,0,3,False,0.006350227,0.005865561,0.033010967,0.95477325
21,7,none,pz,539,95,1,1,True,0.010005019,0.5959418,0.17059515,0.22345798
21,7,none,pz,540,95,1,3,False,0.0004613559,0.021743832,0.0011663196,0.9766285
21,7,none,pz,541,95,0,2,False,0.018154029,0.009953947,0.85519356,0.11669848
21,7,none,pz,542,95,0,2,False,0.02431218,0.34959197,0.47607884,0.15001701
21,7,none,pz,543,95,1,1,True,0.002879823,0.60015863,0.04862057,0.34834105
21,7,none,pz,544,95,0,3,False,0.0071033514,0.07746944,0.17301552,0.74241173
21,7,none,pz,545,95,1,2,False,0.01905771,0.010044839,0.59004545,0.38085195
21,7,none,pz,546,95,1,3,False,0.015768241,0.12814376,0.28808287,0.56800514
21,7,none,pz,547,95,0,2,False,0.0002478791,0.044025667,0.9378957,0.017830735
21,7,none,pz,548,95,0,2,False,0.18582968,0.0878888,0.66924477,0.057036776
21,7,none,pz,549,95,2,2,True,0.0012111845,0.025046337,0.8784677,0.09527477
21,7,none,pz,550,95,3,3,True,0.060206287,0.2609082,0.249034,0.42985156
21,7,none,pz,551,95,3,3,True,0.0049766824,0.0752676,0.008163538,0.9115922
21,7,none,pz,552,95,2,2,True,0.09891249,0.05488952,0.54101497,0.30518302
21,7,none,pz,553,95,2,3,False,0.003041507,0.051118452,0.07892901,0.866911
21,7,none,pz,554,95,3,3,True,0.001186138,0.0041261814,0.002089987,0.9925977
21,7,none,pz,555,95,2,1,False,0.0043522413,0.7253241,0.11275653,0.15756711
21,7,none,pz,556,95,3,3,True,0.00053487235,0.20970367,0.04347745,0.74628395
21,7,none,pz,557,95,2,1,False,0.0056180083,0.40469512,0.25686085,0.33282605
21,7,none,pz,558,95,3,1,False,0.00034109227,0.53193486,0.010680916,0.45704314
21,7,none,pz,559,95,2,3,False,0.0035331908,0.03187567,0.15686084,0.8077303
21,7,none,pz,560,95,3,3,True,0.028258229,0.14978592,0.05723166,0.76472414
21,7,none,pz,561,95,3,2,False,0.0008141311,0.06742004,0.7490561,0.18270975
21,7,none,pz,562,95,2,2,True,0.00042932417,0.14303386,0.7553102,0.10122669
21,7,none,pz,563,95,3,3,True,0.00019420292,0.02134642,0.023914939,0.9545444
21,7,none,pz,564,96,1,1,True,0.054540977,0.8871747,0.03781315,0.020471158
21,7,none,pz,565,96,0,2,False,0.376799,0.025452135,0.5954416,0.002307293
21,7,none,pz,566,96,0,0,True,0.91319335,0.040442586,0.03311776,0.013246353
21,7,none,pz,567,96,1,1,True,0.008308691,0.651544,0.3019965,0.038150858
21,7,none,pz,568,96,1,1,True,0.000259978,0.98359156,0.008640405,0.007508049
21,7,none,pz,569,96,0,0,True,0.49111697,0.0033320314,0.29302782,0.21252319
21,7,none,pz,570,96,1,1,True,0.0005813991,0.9850102,0.01373624,0.00067223026
21,7,none,pz,571,96,0,0,True,0.95932263,0.00016319062,0.03877953,0.0017346239
21,7,none,pz,572,96,0,0,True,0.71408635,0.022119367,0.24444288,0.01935138
21,7,none,pz,573,96,1,1,True,0.0003026492,0.9918391,0.0077077905,0.00015042954
21,7,none,pz,574,96,1,1,True,0.00040693977,0.98749906,0.011683539,0.00041049882
21,7,none,pz,575,96,0,2,False,0.4059735,0.0016184029,0.5902211,0.002187007
21,7,none,pz,576,96,0,0,True,0.7913103,0.044601195,0.093846165,0.07024229
21,7,none,pz,577,96,1,1,True,0.011717446,0.4758645,0.38967213,0.12274582
21,7,none,pz,578,96,1,1,True,0.00023914236,0.7574564,0.027028855,0.21527559
21,7,none,pz,579,96,3,3,True,0.00093017134,0.028521916,0.23524676,0.73530114
21,7,none,pz,580,96,2,2,True,0.002110385,0.00015562346,0.9965784,0.0011555292
21,7,none,pz,581,96,3,2,False,0.0017539602,0.013740986,0.9427876,0.041717477
21,7,none,pz,582,96,2,2,True,0.006710073,0.0020929829,0.96589816,0.0252987
21,7,none,pz,583,96,2,2,True,0.025627619,0.008248002,0.77322817,0.1928962
21,7,none,pz,584,96,3,2,False,0.016812695,0.0038958404,0.8810446,0.0982469
21,7,none,pz,585,96,3,2,False,0.03986343,0.06431536,0.57976156,0.31605968
21,7,none,pz,586,96,2,2,True,0.0023479513,0.0009978564,0.9764312,0.020223042
21,7,none,pz,587,96,3,3,True,0.00550516,0.004011169,0.23571397,0.7547696
21,7,none,pz,588,96,2,2,True,0.017030902,0.120153755,0.67915404,0.18366122
21,7,none,pz,589,96,2,2,True,0.018502722,0.044687,0.93455887,0.0022514858
21,7,none,pz,590,96,3,1,False,0.15414397,0.30138093,0.24779041,0.29668474
21,7,none,pz,591,96,3,3,True,0.008192807,0.044984464,0.28366235,0.6631603
21,7,none,pz,592,96,2,2,True,0.022226283,0.015237155,0.8781211,0.08441546
21,7,none,pz,593,96,3,3,True,0.0066872323,0.2626712,0.34550858,0.385133
21,7,none,pz,594,96,0,0,True,0.9482384,0.00032234736,0.0483142,0.0031250336
21,7,none,pz,595,96,1,2,False,0.0066898935,0.018011762,0.971187,0.004111362
21,7,none,pz,596,96,1,2,False,0.055668056,0.24715908,0.42738768,0.26978523
21,7,none,pz,597,96,0,0,True,0.9177152,0.00030345412,0.05589943,0.026081897
21,7,none,pz,598,96,1,1,True,0.18082231,0.6800621,0.13138433,0.0077312873
21,7,none,pz,599,96,0,2,False,0.19633633,0.0043620756,0.7442281,0.05507351
21,7,none,pz,600,96,0,2,False,0.22753093,0.00038152456,0.7699247,0.0021629
21,7,none,pz,601,96,1,1,True,0.0066397544,0.96925,0.020624978,0.0034852456
21,7,none,pz,602,96,0,0,True,0.95057213,0.015706526,0.029247887,0.0044734464
21,7,none,pz,603,96,1,1,True,0.00991977,0.6577769,0.3271843,0.0051190425
21,7,none,pz,604,96,1,1,True,0.0011394388,0.74683625,0.14183432,0.11019003
21,7,none,pz,605,96,0,0,True,0.80591977,0.00035956904,0.1635783,0.030142229
21,7,none,pz,606,96,1,2,False,0.009741142,0.078825936,0.52771753,0.38371545
21,7,none,pz,607,96,0,2,False,0.02929038,0.0002860385,0.94415504,0.026268538
21,7,none,pz,608,96,0,0,True,0.535133,0.0009729504,0.3483908,0.11550324
21,7,none,pz,609,96,3,3,True,0.083267495,0.008423296,0.09284162,0.81546766
21,7,none,pz,610,96,2,2,True,0.00019044,0.0023319148,0.99532,0.0021575883
21,7,none,pz,611,96,3,2,False,0.051347088,0.08766731,0.84863186,0.012353786
21,7,none,pz,612,96,2,0,False,0.7614792,0.01712282,0.12610082,0.09529721
21,7,none,pz,613,96,3,3,True,0.040331036,0.13031287,0.075443245,0.75391287
21,7,none,pz,614,96,2,2,True,0.0037177317,0.0011681761,0.9883459,0.0067681586
21,7,none,pz,615,96,2,2,True,0.0032456194,0.0041243886,0.94892293,0.043707028
21,7,none,pz,616,96,3,2,False,0.007433151,0.0019516855,0.8565056,0.13410957
21,7,none,pz,617,96,2,2,True,0.043945342,0.0047836564,0.8934827,0.0577883
21,7,none,pz,618,96,3,0,False,0.6916698,0.044421602,0.15248546,0.11142311
21,7,none,pz,619,96,2,2,True,0.0070511303,0.009785301,0.7840031,0.19916049
21,7,none,pz,620,96,3,3,True,0.014858084,0.0130099,0.19405818,0.7780738
21,7,none,pz,621,96,2,2,True,0.42105198,0.0036000186,0.53529286,0.040055152
21,7,none,pz,622,96,3,3,True,0.06951615,0.008020553,0.07827995,0.8441834
21,7,none,pz,623,96,3,3,True,0.023503775,0.009183978,0.3837585,0.5835538
21,7,none,pz,624,96,1,1,True,0.0013790707,0.9424171,0.029295465,0.02690843
21,7,none,pz,625,96,0,0,True,0.6679116,0.0020663051,0.31874567,0.01127648
21,7,none,pz,626,96,1,2,False,0.022763828,0.03759233,0.93460447,0.005039385
21,7,none,pz,627,96,0,2,False,0.1629355,0.17648084,0.6575701,0.0030135768
21,7,none,pz,628,96,1,2,False,0.006472288,0.1512107,0.8231693,0.01914771
21,7,none,pz,629,96,0,0,True,0.9405661,0.012319143,0.0366091,0.010505709
21,7,none,pz,630,96,0,0,True,0.8904773,0.00043579075,0.10890329,0.00018368669
21,7,none,pz,631,96,1,0,False,0.59221977,0.08803244,0.26888692,0.05086084
21,7,none,pz,632,96,1,1,True,0.001978448,0.9751134,0.020534335,0.002373789
21,7,none,pz,633,96,0,0,True,0.70530933,0.016046107,0.2597876,0.01885693
21,7,none,pz,634,96,0,0,True,0.9817494,4.2858577e-05,0.018100953,0.0001067131
21,7,none,pz,635,96,1,1,True,0.0018752884,0.8390281,0.15306519,0.006031383
21,7,none,pz,636,96,1,2,False,0.00459886,0.15308684,0.837396,0.004918259
21,7,none,pz,637,96,0,0,True,0.94526505,0.032012977,0.016929017,0.005793032
21,7,none,pz,638,96,0,0,True,0.46508583,0.042587925,0.25983518,0.23249105
21,7,none,pz,639,96,2,2,True,0.0012881174,0.040269542,0.9575471,0.0008951012
21,7,none,pz,640,96,3,2,False,0.0074017504,0.029606989,0.9343488,0.02864246
21,7,none,pz,641,96,2,2,True,0.024401888,0.004361468,0.9394072,0.031829335
21,7,none,pz,642,96,3,2,False,0.0020872143,0.0078008487,0.95536727,0.034744672
21,7,none,pz,643,96,3,3,True,0.05699068,0.09220177,0.078598104,0.77220947
21,7,none,pz,644,96,2,2,True,0.0016385419,0.092127405,0.8958327,0.010401339
21,7,none,pz,645,96,3,0,False,0.41344994,0.055464678,0.22726038,0.30382508
21,7,none,pz,646,96,2,2,True,0.011438522,0.17379874,0.8065797,0.00818296
21,7,none,pz,647,96,2,2,True,0.002122139,0.025685448,0.97003496,0.002157409
21,7,none,pz,648,96,3,2,False,0.12604794,0.21032475,0.62895554,0.034671757
21,7,none,pz,649,96,2,2,True,0.042836584,0.0330663,0.7231222,0.200975
21,7,none,pz,650,96,3,2,False,0.026885763,0.01467748,0.48583427,0.47260243
21,7,none,pz,651,96,2,2,True,0.013095459,0.03696743,0.90864277,0.041294277
21,7,none,pz,652,96,3,0,False,0.47012165,0.0416659,0.42000735,0.06820512
21,7,none,pz,653,96,3,1,False,0.016839141,0.53495216,0.32043812,0.12777062
21,7,none,pz,654,97,0,2,False,0.2695985,0.25257394,0.35842228,0.119405285
21,7,none,pz,655,97,1,1,True,0.020710219,0.81612456,0.061016534,0.102148674
21,7,none,pz,656,97,1,1,True,0.30094004,0.60735214,0.06732342,0.024384424
21,7,none,pz,657,97,0,0,True,0.69912183,0.104485564,0.16099201,0.03540064
21,7,none,pz,658,97,0,0,True,0.9827236,0.0035143232,0.011955422,0.001806677
21,7,none,pz,659,97,1,1,True,0.004190624,0.95335567,0.025849896,0.016603842
21,7,none,pz,660,97,0,2,False,0.38339242,0.030799804,0.5636729,0.02213492
21,7,none,pz,661,97,1,1,True,0.00015578518,0.97631913,0.014944135,0.008580934
21,7,none,pz,662,97,0,2,False,0.09483923,0.12900087,0.49180818,0.28435174
21,7,none,pz,663,97,1,1,True,0.19236381,0.6848333,0.041514724,0.08128818
21,7,none,pz,664,97,1,1,True,0.0038847497,0.9947307,0.0002938928,0.0010906651
21,7,none,pz,665,97,0,0,True,0.9138427,0.0039052428,0.0067328666,0.07551924
21,7,none,pz,666,97,1,2,False,0.091080464,0.07420127,0.7303762,0.10434212
21,7,none,pz,667,97,0,3,False,0.124119535,0.14908014,0.20248403,0.5243163
21,7,none,pz,668,97,0,0,True,0.762148,0.20839676,0.015579077,0.013876113
21,7,none,pz,669,97,3,0,False,0.40015137,0.043992218,0.16014507,0.39571127
21,7,none,pz,670,97,2,0,False,0.64811516,0.10180015,0.088833034,0.16125159
21,7,none,pz,671,97,3,3,True,0.0024605743,0.024507347,0.034045417,0.93898666
21,7,none,pz,672,97,2,1,False,0.0068327016,0.57449037,0.06905804,0.3496189
21,7,none,pz,673,97,3,1,False,0.107237995,0.5883686,0.0058920756,0.29850125
21,7,none,pz,674,97,2,3,False,0.060570225,0.15777987,0.34798512,0.4336648
21,7,none,pz,675,97,3,2,False,0.008285845,0.123246394,0.8246547,0.043813
21,7,none,pz,676,97,2,1,False,0.01583123,0.8210875,0.02608986,0.13699143
21,7,none,pz,677,97,3,2,False,0.0085271215,0.36439455,0.5274828,0.09959545
21,7,none,pz,678,97,2,2,True,0.22496209,0.07083879,0.63126606,0.07293305
21,7,none,pz,679,97,3,3,True,0.09885599,0.012047676,0.049834833,0.8392615
21,7,none,pz,680,97,2,3,False,0.004232599,0.0019766137,0.0012694092,0.99252135
21,7,none,pz,681,97,3,3,True,0.07458521,0.00846782,0.120706014,0.79624087
21,7,none,pz,682,97,2,1,False,0.0020968863,0.6268481,0.10874997,0.262305
21,7,none,pz,683,97,2,1,False,0.022188237,0.66598976,0.17181015,0.14001192
21,7,none,pz,684,97,0,2,False,0.12156589,0.29161623,0.4081682,0.17864971
21,7,none,pz,685,97,1,0,False,0.5733873,0.21997406,0.19912472,0.007513856
21,7,none,pz,686,97,1,1,True,0.011192364,0.9495835,0.018970896,0.020253202
21,7,none,pz,687,97,0,0,True,0.43333346,0.007861456,0.34689778,0.21190728
21,7,none,pz,688,97,1,2,False,0.21846588,0.19521385,0.30987084,0.27644944
21,7,none,pz,689,97,0,2,False,0.2457204,0.06945432,0.48408374,0.2007415
21,7,none,pz,690,97,1,2,False,0.02716032,0.02642477,0.56453353,0.38188145
21,7,none,pz,691,97,0,3,False,0.097776674,0.027533172,0.12800138,0.7466888
21,7,none,pz,692,97,1,1,True,0.067062825,0.5249942,0.078612365,0.32933065
21,7,none,pz,693,97,0,3,False,0.34110895,0.009970852,0.2535093,0.39541093
21,7,none,pz,694,97,0,0,True,0.91229886,0.0037232332,0.078126356,0.0058514997
21,7,none,pz,695,97,1,1,True,0.0038711405,0.4513493,0.35252345,0.19225618
21,7,none,pz,696,97,0,3,False,0.06903658,0.0045840954,0.013026942,0.9133524
21,7,none,pz,697,97,1,1,True,0.076758586,0.4559636,0.047709733,0.41956803
21,7,none,pz,698,97,1,3,False,0.0019294635,0.19499606,0.011192861,0.7918816
21,7,none,pz,699,97,3,3,True,0.0050538746,0.09014571,0.41475362,0.4900467
21,7,none,pz,700,97,2,2,True,0.1644532,0.027010592,0.75547844,0.053057782
21,7,none,pz,701,97,2,2,True,0.04698136,0.13711865,0.7074488,0.10845119
21,7,none,pz,702,97,3,3,True,0.005133629,0.096807145,0.44309777,0.45496142
21,7,none,pz,703,97,3,2,False,0.122735895,0.20196746,0.50187683,0.17341979
21,7,none,pz,704,97,2,1,False,0.08460271,0.78025377,0.056447204,0.07869632
21,7,none,pz,705,97,2,2,True,0.0054973396,0.1457945,0.5843406,0.26436755
21,7,none,pz,706,97,3,2,False,0.067067295,0.08661656,0.5636934,0.2826227
21,7,none,pz,707,97,2,2,True,0.007519585,0.038206235,0.8229182,0.13135597
21,7,none,pz,708,97,3,3,True,0.00664884,0.14934206,0.09536979,0.7486393
21,7,none,pz,709,97,3,3,True,0.33393902,0.033025548,0.117495544,0.51553994
21,7,none,pz,710,97,2,2,True,0.017630523,0.024622085,0.73776525,0.2199821
21,7,none,pz,711,97,3,2,False,0.16721833,0.04118731,0.4496969,0.34189743
21,7,none,pz,712,97,2,3,False,0.24518901,0.003703969,0.22858074,0.52252626
21,7,none,pz,713,97,3,3,True,0.1121307,0.32131514,0.09789379,0.46866035
21,7,none,pz,714,97,1,3,False,0.01438671,0.10219065,0.24597314,0.6374495
21,7,none,pz,715,97,0,2,False,0.05685708,0.19198139,0.70423675,0.04692482
21,7,none,pz,716,97,1,1,True,0.026818559,0.6870847,0.21191329,0.07418344
21,7,none,pz,717,97,0,0,True,0.9372583,0.02246155,0.039086048,0.001194115
21,7,none,pz,718,97,1,2,False,0.055056456,0.07611681,0.824435,0.044391725
21,7,none,pz,719,97,0,0,True,0.8145089,0.011350257,0.05797461,0.11616625
21,7,none,pz,720,97,0,0,True,0.9120354,0.0030810535,0.03822388,0.04665964
21,7,none,pz,721,97,1,2,False,0.02841926,0.38206893,0.38534763,0.20416412
21,7,none,pz,722,97,1,3,False,0.009898068,0.4156558,0.15783189,0.41661417
21,7,none,pz,723,97,0,0,True,0.81587476,0.050064147,0.046971608,0.08708945
21,7,none,pz,724,97,1,1,True,0.043043688,0.7076636,0.12332695,0.12596579
21,7,none,pz,725,97,0,3,False,0.3198342,0.08929999,0.2458101,0.34505567
21,7,none,pz,726,97,0,0,True,0.9187045,0.0125132855,0.04946438,0.019317772
21,7,none,pz,727,97,1,2,False,0.07132384,0.033372905,0.6927308,0.20257246
21,7,none,pz,728,97,0,0,True,0.77223045,0.007222792,0.14488192,0.07566482
21,7,none,pz,729,97,3,3,True,0.12971233,0.037911665,0.3823572,0.45001882
21,7,none,pz,730,97,2,1,False,0.0017443041,0.8090896,0.079474516,0.10969146
21,7,none,pz,731,97,2,2,True,0.013659683,0.015733613,0.93990123,0.030705517
21,7,none,pz,732,97,3,2,False,0.25962153,0.069480665,0.5132885,0.15760933
21,7,none,pz,733,97,2,2,True,0.049907465,0.09761024,0.5481513,0.304331
21,7,none,pz,734,97,3,1,False,0.24231909,0.34295788,0.28689465,0.12782842
21,7,none,pz,735,97,2,2,True,0.30941895,0.15751676,0.3863797,0.1466846
21,7,none,pz,736,97,3,3,True,0.01535322,0.12284033,0.2386042,0.6232022
21,7,none,pz,737,97,3,3,True,0.03740791,0.056577586,0.18557714,0.7204374
21,7,none,pz,738,97,2,2,True,0.03280118,0.123057134,0.7756903,0.0684514
21,7,none,pz,739,97,3,3,True,0.013337043,0.06264957,0.18473288,0.73928046
21,7,none,pz,740,97,2,3,False,0.06355873,0.36211494,0.19731764,0.37700868
21,7,none,pz,741,97,2,2,True,0.085154384,0.16158825,0.48158082,0.27167654
21,7,none,pz,742,97,3,2,False,0.102293685,0.08003934,0.5511545,0.26651248
21,7,none,pz,743,97,2,0,False,0.66544586,0.10659721,0.15700166,0.070955284
21,7,none,pz,744,98,0,0,True,0.88924015,0.01246727,0.09695779,0.0013348649
21,7,none,pz,745,98,1,2,False,0.07618552,0.243392,0.66803753,0.012384955
21,7,none,pz,746,98,1,1,True,0.11643798,0.7065774,0.16162707,0.0153574785
21,7,none,pz,747,98,0,0,True,0.7220231,0.03508738,0.23571095,0.007178596
21,7,none,pz,748,98,0,0,True,0.7064318,0.024417808,0.2175035,0.051646862
21,7,none,pz,749,98,1,1,True,0.042801432,0.57058686,0.37550208,0.011109604
21,7,none,pz,750,98,1,1,True,0.039070148,0.86291856,0.083654486,0.014356883
21,7,none,pz,751,98,0,2,False,0.16358304,0.35580406,0.4224473,0.058165584
21,7,none,pz,752,98,1,2,False,0.13067377,0.42143753,0.43895817,0.008930479
21,7,none,pz,753,98,0,0,True,0.50225943,0.0637032,0.42792892,0.0061084866
21,7,none,pz,754,98,1,1,True,0.1464514,0.8146495,0.033380877,0.0055182036
21,7,none,pz,755,98,0,0,True,0.7518546,0.05785543,0.17962366,0.01066624
21,7,none,pz,756,98,0,2,False,0.16981415,0.23496486,0.5874772,0.00774371
21,7,none,pz,757,98,1,2,False,0.049673036,0.23033842,0.51281494,0.2071736
21,7,none,pz,758,98,0,2,False,0.14373243,0.079679824,0.75739557,0.019192219
21,7,none,pz,759,98,3,3,True,0.022546593,0.0054129763,0.013202604,0.95883787
21,7,none,pz,760,98,2,2,True,0.17621748,0.07136753,0.6201631,0.13225184
21,7,none,pz,761,98,3,3,True,0.021546109,0.025257526,0.111333825,0.84186256
21,7,none,pz,762,98,2,2,True,0.20907274,0.20224851,0.57946515,0.009213632
21,7,none,pz,763,98,2,0,False,0.55163926,0.06537554,0.35986993,0.023115225
21,7,none,pz,764,98,3,2,False,0.022712335,0.27357164,0.4343053,0.2694107
21,7,none,pz,765,98,2,2,True,0.050378416,0.022802746,0.91235083,0.014467951
21,7,none,pz,766,98,3,2,False,0.10474773,0.1569113,0.57519746,0.16314352
21,7,none,pz,767,98,2,2,True,0.112355255,0.004570574,0.8268893,0.05618486
21,7,none,pz,768,98,3,3,True,0.045860663,0.06921824,0.0705215,0.8143996
21,7,none,pz,769,98,3,0,False,0.3617163,0.0453559,0.29297584,0.29995197
21,7,none,pz,770,98,2,2,True,0.052002974,0.019166166,0.8999117,0.028919104
21,7,none,pz,771,98,2,2,True,0.1785026,0.024111075,0.6272088,0.17017742
21,7,none,pz,772,98,3,0,False,0.65689176,0.09563704,0.12726818,0.120202996
21,7,none,pz,773,98,3,2,False,0.08054403,0.03905735,0.7585514,0.12184723
21,7,none,pz,774,98,1,1,True,0.029042292,0.84796053,0.11637746,0.0066197687
21,7,none,pz,775,98,0,2,False,0.36941218,0.062364843,0.55047756,0.017745454
21,7,none,pz,776,98,0,0,True,0.7845628,0.013284088,0.18502797,0.017125016
21,7,none,pz,777,98,1,2,False,0.14352563,0.34410277,0.3778551,0.1345166
21,7,none,pz,778,98,0,0,True,0.94336075,0.021637041,0.027465671,0.0075365603
21,7,none,pz,779,98,1,2,False,0.06604838,0.09511226,0.7286789,0.110160455
21,7,none,pz,780,98,1,2,False,0.02962895,0.29613224,0.41951972,0.25471908
21,7,none,pz,781,98,0,0,True,0.8791556,0.004177024,0.09024117,0.026426185
21,7,none,pz,782,98,0,0,True,0.63474345,0.1439176,0.19216965,0.029169405
21,7,none,pz,783,98,1,1,True,0.13287024,0.56746835,0.24688108,0.05278036
21,7,none,pz,784,98,0,0,True,0.5742777,0.016700404,0.30625165,0.102770224
21,7,none,pz,785,98,1,1,True,0.044837143,0.60235715,0.3398831,0.01292261
21,7,none,pz,786,98,1,1,True,0.029396519,0.58337957,0.18813263,0.1990913
21,7,none,pz,787,98,0,0,True,0.9194835,0.007027631,0.0656217,0.007867257
21,7,none,pz,788,98,0,2,False,0.05650524,0.02570555,0.88761634,0.030172827
21,7,none,pz,789,98,3,3,True,0.10267932,0.06201878,0.2604205,0.57488143
21,7,none,pz,790,98,2,2,True,0.38816032,0.034441773,0.5322407,0.04515726
21,7,none,pz,791,98,3,2,False,0.18545327,0.04354989,0.44945922,0.3215376
21,7,none,pz,792,98,2,2,True,0.023683285,0.050727468,0.9221617,0.003427568
21,7,none,pz,793,98,2,0,False,0.46226248,0.0715835,0.42420623,0.04194773
21,7,none,pz,794,98,3,3,True,0.1516122,0.12213085,0.118656,0.6076009
21,7,none,pz,795,98,2,2,True,0.20539357,0.06331618,0.6958713,0.035418894
21,7,none,pz,796,98,3,3,True,0.06030411,0.018116346,0.031284597,0.8902949
21,7,none,pz,797,98,3,2,False,0.06539705,0.0039646877,0.5827266,0.3479117
21,7,none,pz,798,98,2,2,True,0.030161673,0.030261956,0.7797389,0.15983751
21,7,none,pz,799,98,2,2,True,0.047571093,0.06698074,0.8736454,0.011802736
21,7,none,pz,800,98,3,2,False,0.30261424,0.3273179,0.36207485,0.007993078
21,7,none,pz,801,98,2,3,False,0.10329284,0.055990692,0.3009084,0.5398081
21,7,none,pz,802,98,3,3,True,0.03859244,0.027375871,0.2338885,0.7001432
21,7,none,pz,803,98,3,2,False,0.061984338,0.007345112,0.7840943,0.14657627
21,7,none,pz,804,98,0,2,False,0.27275786,0.059528127,0.6361386,0.031575374
21,7,none,pz,805,98,1,3,False,0.3769756,0.083801255,0.08209149,0.45713165
21,7,none,pz,806,98,1,0,False,0.3492942,0.1310699,0.30198926,0.21764661
21,7,none,pz,807,98,0,2,False,0.18811978,0.33541468,0.45212278,0.024342787
21,7,none,pz,808,98,0,1,False,0.13043588,0.7932712,0.066686384,0.009606517
21,7,none,pz,809,98,1,3,False,0.1431445,0.07307286,0.06527658,0.71850604
21,7,none,pz,810,98,1,2,False,0.347878,0.13661961,0.3531793,0.1623231
21,7,none,pz,811,98,0,0,True,0.5965769,0.018287856,0.33859092,0.046544265
21,7,none,pz,812,98,0,0,True,0.38247225,0.37103242,0.20931573,0.037179634
21,7,none,pz,813,98,1,0,False,0.97934616,0.011269823,0.005258194,0.0041258265
21,7,none,pz,814,98,0,2,False,0.20380035,0.15464889,0.565108,0.07644274
21,7,none,pz,815,98,1,0,False,0.5978734,0.14997064,0.13671933,0.11543659
21,7,none,pz,816,98,1,0,False,0.5415471,0.054259643,0.2525999,0.15159337
21,7,none,pz,817,98,0,2,False,0.046950024,0.052110903,0.88433534,0.01660372
21,7,none,pz,818,98,1,2,False,0.2624474,0.2759992,0.43368107,0.027872333
21,7,none,pz,819,98,2,0,False,0.6086444,0.092343025,0.20272128,0.096291244
21,7,none,pz,820,98,3,1,False,0.004883173,0.97469884,0.018601077,0.0018168909
21,7,none,pz,821,98,3,2,False,0.095232464,0.27313656,0.37119433,0.26043668
21,7,none,pz,822,98,2,0,False,0.6899528,0.00923712,0.17774956,0.123060554
21,7,none,pz,823,98,2,2,True,0.26065546,0.038274817,0.5998133,0.10125651
21,7,none,pz,824,98,3,2,False,0.012467581,0.14309199,0.72942173,0.11501872
21,7,none,pz,825,98,3,2,False,0.08012993,0.018530324,0.5727879,0.32855183
21,7,none,pz,826,98,2,2,True,0.3174404,0.07148633,0.50395,0.10712327
21,7,none,pz,827,98,3,3,True,0.13741678,0.3453266,0.12681657,0.39044008
21,7,none,pz,828,98,2,2,True,0.232825,0.09714351,0.6530434,0.01698811
21,7,none,pz,829,98,3,3,True,0.17410381,0.16762537,0.2929509,0.36531988
21,7,none,pz,830,98,2,2,True,0.26283774,0.07326773,0.34350657,0.320388
21,7,none,pz,831,98,3,3,True,0.057671588,0.09969861,0.23173857,0.6108912
21,7,none,pz,832,98,2,0,False,0.7210335,0.019780166,0.20362571,0.055560566
21,7,none,pz,833,98,3,1,False,0.43053943,0.5239406,0.02154579,0.023974244
21,7,none,pz,834,99,1,2,False,0.06688769,0.19916125,0.44977945,0.28417155
21,7,none,pz,835,99,0,2,False,0.01731324,0.0075166747,0.9664589,0.008711262
21,7,none,pz,836,99,0,0,True,0.5930276,0.040222578,0.19845536,0.16829449
21,7,none,pz,837,99,1,3,False,0.09091134,0.10971549,0.014843753,0.7845294
21,7,none,pz,838,99,0,2,False,0.067562535,0.40307906,0.4621403,0.06721809
21,7,none,pz,839,99,1,3,False,0.21615425,0.04458753,0.06551624,0.673742
21,7,none,pz,840,99,1,2,False,0.04923239,0.09687338,0.46132,0.3925742
21,7,none,pz,841,99,0,2,False,0.02147828,0.054263886,0.5902862,0.3339717
21,7,none,pz,842,99,0,3,False,0.19403048,0.05275369,0.16227059,0.59094524
21,7,none,pz,843,99,1,2,False,0.01126978,0.0037151936,0.7817274,0.20328763
21,7,none,pz,844,99,1,1,True,0.00062751345,0.9902559,0.008581052,0.00053563004
21,7,none,pz,845,99,0,2,False,0.040413983,0.094073124,0.5764754,0.28903753
21,7,none,pz,846,99,1,2,False,0.03210511,0.39713258,0.4418366,0.12892568
21,7,none,pz,847,99,0,2,False,0.20914038,0.005213013,0.6125414,0.17310522
21,7,none,pz,848,99,1,1,True,0.022667533,0.5571796,0.289956,0.13019688
21,7,none,pz,849,99,3,2,False,0.05299126,0.29581892,0.37810013,0.27308968
21,7,none,pz,850,99,2,3,False,0.0620175,0.0288307,0.40184176,0.50731003
21,7,none,pz,851,99,3,2,False,0.103412464,0.044643074,0.7474505,0.10449398
21,7,none,pz,852,99,2,2,True,0.019088635,0.0050593712,0.9697762,0.006075844
21,7,none,pz,853,99,3,2,False,0.17740099,0.052561406,0.6260813,0.1439564
21,7,none,pz,854,99,2,2,True,0.13173544,0.0147552015,0.8465325,0.00697684
21,7,none,pz,855,99,3,2,False,0.02985971,0.12290369,0.8092311,0.038005453
21,7,none,pz,856,99,2,2,True,0.06335157,0.00904481,0.53663677,0.39096683
21,7,none,pz,857,99,2,2,True,0.1266007,0.28343803,0.35465452,0.23530683
21,7,none,pz,858,99,3,0,False,0.6489584,0.013946272,0.22980991,0.10728542
21,7,none,pz,859,99,3,2,False,0.06154967,0.019812569,0.64991826,0.26871952
21,7,none,pz,860,99,2,3,False,0.07948229,0.08095125,0.30682278,0.53274363
21,7,none,pz,861,99,2,2,True,0.25893775,0.02323548,0.6538682,0.06395851
21,7,none,pz,862,99,3,2,False,0.0054702405,0.0236237,0.7353674,0.23553869
21,7,none,pz,863,99,3,3,True,0.10503081,0.08499704,0.33063513,0.4793371
21,7,none,pz,864,99,0,0,True,0.9167531,0.00043242006,0.058310922,0.024503525
21,7,none,pz,865,99,1,2,False,0.23178479,0.0421977,0.46166652,0.26435095
21,7,none,pz,866,99,0,3,False,0.2807058,0.12714209,0.03186279,0.56028926
21,7,none,pz,867,99,1,1,True,0.3323427,0.36977065,0.17902271,0.11886389
21,7,none,pz,868,99,1,1,True,0.0026021868,0.8729503,0.023569005,0.100878544
21,7,none,pz,869,99,0,0,True,0.639661,0.008166265,0.22643334,0.12573929
21,7,none,pz,870,99,1,0,False,0.4294271,0.21192724,0.32566392,0.032981835
21,7,none,pz,871,99,0,0,True,0.46564445,0.0016387369,0.35761207,0.1751047
21,7,none,pz,872,99,1,2,False,0.1934899,0.23174112,0.43370008,0.14106892
21,7,none,pz,873,99,0,3,False,0.19341916,0.0015132884,0.04071518,0.7643523
21,7,none,pz,874,99,1,3,False,0.14638607,0.040170275,0.3562211,0.45722258
21,7,none,pz,875,99,0,2,False,0.1290814,0.013177338,0.7920844,0.0656568
21,7,none,pz,876,99,1,2,False,0.098335505,0.021963842,0.84451187,0.035188735
21,7,none,pz,877,99,0,0,True,0.4238003,0.08744172,0.2867797,0.20197834
21,7,none,pz,878,99,0,0,True,0.9844994,0.0010014334,0.00845554,0.0060435906
21,7,none,pz,879,99,2,3,False,0.0766273,0.023935983,0.13521606,0.76422065
21,7,none,pz,880,99,3,2,False,0.009184237,0.01909708,0.9084724,0.06324625
21,7,none,pz,881,99,2,1,False,0.10863838,0.46220163,0.16851453,0.2606454
21,7,none,pz,882,99,3,2,False,0.10865675,0.034684885,0.58310986,0.27354848
21,7,none,pz,883,99,3,0,False,0.6083156,0.043616865,0.31378582,0.03428168
21,7,none,pz,884,99,2,0,False,0.58809257,0.007261939,0.39249784,0.012147614
21,7,none,pz,885,99,3,2,False,0.14153072,0.023210958,0.54538655,0.2898718
21,7,none,pz,886,99,2,2,True,0.14273252,0.0028718098,0.74487025,0.10952542
21,7,none,pz,887,99,2,1,False,0.039437726,0.8820315,0.017409522,0.06112121
21,7,none,pz,888,99,3,0,False,0.78399915,0.036795966,0.03221992,0.14698496
21,7,none,pz,889,99,2,0,False,0.5059543,0.050924692,0.05754503,0.38557598
21,7,none,pz,890,99,3,2,False,0.04361951,0.07072723,0.566137,0.3195163
21,7,none,pz,891,99,2,2,True,0.032174934,0.004424526,0.7756833,0.18771729
21,7,none,pz,892,99,3,2,False,0.045255844,0.031042462,0.48384228,0.43985945
21,7,none,pz,893,99,3,2,False,0.027651168,0.141887,0.7426008,0.087861024
21,7,none,pz,894,99,0,0,True,0.47878498,0.0070728455,0.4754667,0.03867548
21,7,none,pz,895,99,1,0,False,0.7148461,0.008552535,0.079936646,0.19666474
21,7,none,pz,896,99,0,2,False,0.05447917,0.15878876,0.62077457,0.16595747
21,7,none,pz,897,99,1,2,False,0.09210076,0.25626948,0.620187,0.031442765
21,7,none,pz,898,99,1,1,True,0.073932886,0.66752523,0.19333215,0.065209836
21,7,none,pz,899,99,0,2,False,0.071271114,0.009061619,0.49718544,0.42248192
21,7,none,pz,900,99,0,2,False,0.012196367,0.006066654,0.96670055,0.01503632
21,7,none,pz,901,99,1,1,True,0.00497553,0.60223615,0.25176296,0.14102541
21,7,none,pz,902,99,0,2,False,0.009936812,0.095918186,0.8382292,0.0559158
21,7,none,pz,903,99,1,0,False,0.5014294,0.267513,0.054978296,0.17607933
21,7,none,pz,904,99,1,3,False,0.04057378,0.045689307,0.42962635,0.48411056
21,7,none,pz,905,99,0,2,False,0.024130432,0.018497478,0.7651612,0.19221087
21,7,none,pz,906,99,0,0,True,0.470933,0.0055335737,0.3521565,0.17137696
21,7,none,pz,907,99,1,2,False,0.044259444,0.053379387,0.8474104,0.054950777
21,7,none,pz,908,99,1,2,False,0.016838819,0.010482654,0.90320086,0.06947771
21,7,none,pz,909,99,2,2,True,0.013595799,0.008690586,0.6655413,0.3121723
21,7,none,pz,910,99,3,1,False,0.058420394,0.5851896,0.04683259,0.30955744
21,7,none,pz,911,99,2,2,True,0.12547348,0.15142517,0.6529429,0.070158415
21,7,none,pz,912,99,3,2,False,0.009584467,0.091772236,0.79651344,0.10212985
21,7,none,pz,913,99,3,2,False,0.096068926,0.03402644,0.7586587,0.111245856
21,7,none,pz,914,99,2,2,True,0.015074461,0.015558158,0.69772303,0.27164435
21,7,none,pz,915,99,2,3,False,0.017122984,0.037766203,0.36712566,0.57798517
21,7,none,pz,916,99,3,3,True,0.041252695,0.06497809,0.25607678,0.63769245
21,7,none,pz,917,99,3,0,False,0.49245232,0.0015914795,0.37456092,0.1313953
21,7,none,pz,918,99,2,0,False,0.5868507,0.007027938,0.29612288,0.1099985
21,7,none,pz,919,99,3,1,False,0.1282863,0.47451103,0.13033408,0.26686856
21,7,none,pz,920,99,2,2,True,0.11878813,0.06358502,0.6403061,0.1773207
21,7,none,pz,921,99,3,2,False,0.0059304317,0.031835344,0.9210184,0.041215755
21,7,none,pz,922,99,2,2,True,0.004501887,0.40629828,0.5693709,0.019828938
21,7,none,pz,923,99,3,3,True,0.017357402,0.020729462,0.10007224,0.8618409
21,7,none,pz,924,100,0,0,True,0.79364526,0.027800119,0.17303018,0.0055244677
21,7,none,pz,925,100,1,1,True,0.009369805,0.3637439,0.2836405,0.34324586
21,7,none,pz,926,100,1,1,True,0.007523478,0.92545927,0.030272884,0.036744393
21,7,none,pz,927,100,0,1,False,0.016256265,0.4692968,0.35508153,0.15936539
21,7,none,pz,928,100,0,0,True,0.9777599,0.0014991902,0.006361201,0.014379748
21,7,none,pz,929,100,1,2,False,0.063250765,0.24646889,0.34830788,0.3419724
21,7,none,pz,930,100,0,0,True,0.9945799,5.0352017e-05,0.002640428,0.0027293493
21,7,none,pz,931,100,1,3,False,0.0077818,0.04989515,0.2856814,0.65664166
21,7,none,pz,932,100,1,1,True,0.000307838,0.9955236,0.003966904,0.00020177285
21,7,none,pz,933,100,0,2,False,0.09475129,0.017438224,0.6528755,0.23493506
21,7,none,pz,934,100,1,1,True,0.0049623544,0.57580686,0.29677618,0.122454636
21,7,none,pz,935,100,0,2,False,0.17221205,0.011306486,0.78899336,0.027488127
21,7,none,pz,936,100,3,3,True,0.051548235,0.012974759,0.01755181,0.9179252
21,7,none,pz,937,100,2,2,True,0.17313546,0.013073732,0.7297943,0.08399648
21,7,none,pz,938,100,3,3,True,0.08743264,0.028490048,0.040236354,0.84384096
21,7,none,pz,939,100,2,2,True,0.08870813,0.29281127,0.5558676,0.06261304
21,7,none,pz,940,100,3,0,False,0.5410206,0.0060910503,0.17479074,0.27809766
21,7,none,pz,941,100,2,2,True,0.10359065,0.13807935,0.7548902,0.0034397838
21,7,none,pz,942,100,3,3,True,0.26324672,0.23498042,0.16740589,0.33436698
21,7,none,pz,943,100,2,2,True,0.027135946,0.018757554,0.9514737,0.00263278
21,7,none,pz,944,100,3,2,False,0.12408524,0.024884552,0.8401641,0.01086609
21,7,none,pz,945,100,2,2,True,0.029717097,0.05338715,0.91399217,0.0029035765
21,7,none,pz,946,100,3,1,False,0.0018424833,0.8508385,0.10107749,0.04624153
21,7,none,pz,947,100,2,2,True,0.06407094,0.02774242,0.82190585,0.08628072
21,7,none,pz,948,100,1,1,True,0.001610572,0.98699784,0.010889032,0.00050269027
21,7,none,pz,949,100,0,2,False,0.41595992,0.07118607,0.48969424,0.023159755
21,7,none,pz,950,100,0,0,True,0.7822751,0.026684355,0.06589393,0.1251466
21,7,none,pz,951,100,1,2,False,0.03908658,0.3376221,0.49621126,0.12708002
21,7,none,pz,952,100,1,1,True,0.063300885,0.8789088,0.030286158,0.027504288
21,7,none,pz,953,100,0,2,False,0.068826854,0.18911903,0.69022405,0.051830057
21,7,none,pz,954,100,0,0,True,0.8179657,0.101272,0.032985482,0.047776785
21,7,none,pz,955,100,1,1,True,0.00044813438,0.986868,0.0064257556,0.006258221
21,7,none,pz,956,100,1,1,True,0.0657438,0.7542194,0.01639958,0.16363725
21,7,none,pz,957,100,0,1,False,0.006338549,0.69438046,0.24059322,0.058687802
21,7,none,pz,958,100,0,0,True,0.9867895,0.0046032425,0.007992995,0.00061416236
21,7,none,pz,959,100,1,1,True,0.0010261514,0.994389,0.0036133346,0.00097149156
21,7,none,pz,960,100,3,3,True,0.12629746,0.021069668,0.120844044,0.7317888
21,7,none,pz,961,100,2,2,True,0.032000262,0.0020899253,0.8788428,0.08706702
21,7,none,pz,962,100,2,2,True,0.08707392,0.03925781,0.81994146,0.05372677
21,7,none,pz,963,100,3,3,True,0.078449965,0.17964908,0.11152666,0.6303743
21,7,none,pz,964,100,2,2,True,0.3111666,0.33815226,0.33965415,0.011027013
21,7,none,pz,965,100,3,0,False,0.8847655,0.0042661233,0.012754166,0.098214224
21,7,none,pz,966,100,2,2,True,0.02204008,0.3397261,0.5631764,0.07505739
21,7,none,pz,967,100,3,0,False,0.62543744,0.08792402,0.13821387,0.14842469
21,7,none,pz,968,100,2,1,False,0.13622774,0.6297743,0.22751507,0.006482886
21,7,none,pz,969,100,3,1,False,0.043719776,0.64674985,0.17598486,0.13354553
21,7,none,pz,970,100,2,0,False,0.49478787,0.07296547,0.1729626,0.25928402
21,7,none,pz,971,100,3,3,True,0.1953307,0.15994646,0.24689305,0.39782974
21,7,none,pz,972,100,1,1,True,0.00091004453,0.9824232,0.0071752784,0.009491513
21,7,none,pz,973,100,0,0,True,0.7095675,0.046759076,0.16298626,0.08068724
21,7,none,pz,974,100,0,2,False,0.0017881449,0.0037533976,0.6123717,0.38208672
21,7,none,pz,975,100,1,2,False,0.06888455,0.0117375655,0.87300336,0.04637458
21,7,none,pz,976,100,1,1,True,0.0004342621,0.9859029,0.013276822,0.00038592293
21,7,none,pz,977,100,0,0,True,0.9940428,0.00027934025,0.005372015,0.00030582977
21,7,none,pz,978,100,0,2,False,0.4572081,0.024253506,0.47078347,0.047754936
21,7,none,pz,979,100,1,1,True,0.06731977,0.7822174,0.020568613,0.12989418
21,7,none,pz,980,100,1,2,False,0.010759812,0.29590595,0.5829355,0.11039875
21,7,none,pz,981,100,0,2,False,0.46203366,0.025172818,0.50330013,0.009493393
21,7,none,pz,982,100,0,2,False,0.22639662,0.08435304,0.50571644,0.18353398
21,7,none,pz,983,100,1,1,True,0.018105958,0.67821485,0.2616172,0.042062014
21,7,none,pz,984,100,2,2,True,0.059767194,0.043231443,0.8285115,0.06848999
21,7,none,pz,985,100,3,2,False,0.008379716,0.049517,0.5706468,0.37145647
21,7,none,pz,986,100,2,3,False,0.055980112,0.13192955,0.3456931,0.46639717
21,7,none,pz,987,100,3,3,True,0.0047991523,0.205821,0.13846706,0.6509128
21,7,none,pz,988,100,3,1,False,0.011761488,0.7029077,0.0604734,0.22485745
21,7,none,pz,989,100,2,0,False,0.58209205,0.2534386,0.16287123,0.001598042
21,7,none,pz,990,100,2,2,True,0.042349517,0.10351006,0.82266444,0.031475965
21,7,none,pz,991,100,3,2,False,0.019409254,0.10613665,0.7129281,0.16152601
21,7,none,pz,992,100,3,3,True,0.0015102508,0.1702456,0.17419356,0.6540506
21,7,none,pz,993,100,2,2,True,0.10130922,0.13797769,0.5365238,0.22418934
21,7,none,pz,994,100,2,2,True,0.010116288,0.0225233,0.7272137,0.24014673
21,7,none,pz,995,100,3,3,True,0.00033628233,0.012219991,0.12180371,0.86564004
21,7,none,pz,996,101,0,2,False,0.37504056,0.033215947,0.5683228,0.02342069
21,7,none,pz,997,101,1,1,True,0.00022020125,0.97334075,0.02071919,0.0057197814
21,7,none,pz,998,101,1,1,True,0.10235545,0.79299074,0.050500065,0.054153807
21,7,none,pz,999,101,0,0,True,0.9946466,0.003872552,0.0003622848,0.0011186062
21,7,none,pz,1000,101,1,1,True,0.0007275238,0.99445045,0.003651249,0.0011707821
21,7,none,pz,1001,101,0,0,True,0.9997105,0.00018855587,9.0157104e-05,1.076077e-05
21,7,none,pz,1002,101,1,1,True,0.0006135977,0.9980198,7.9697944e-05,0.0012869615
21,7,none,pz,1003,101,0,0,True,0.9992704,0.00044129984,0.00023055717,5.7746303e-05
21,7,none,pz,1004,101,1,1,True,0.0011561522,0.99758184,0.000468969,0.0007929453
21,7,none,pz,1005,101,0,0,True,0.9942154,0.0049202284,0.0006919747,0.00017239306
21,7,none,pz,1006,101,0,0,True,0.99406934,0.0025567964,0.0031247395,0.00024905577
21,7,none,pz,1007,101,1,1,True,0.00028718376,0.9933642,0.004670827,0.001677903
21,7,none,pz,1008,101,1,1,True,0.0003176266,0.9949621,0.00368903,0.0010312088
21,7,none,pz,1009,101,0,0,True,0.9715958,0.0001712472,0.022708101,0.005524818
21,7,none,pz,1010,101,0,0,True,0.9947831,0.0008829328,0.0036936537,0.00064034597
21,7,none,pz,1011,101,2,1,False,0.016342536,0.86231446,0.12013431,0.0012087962
21,7,none,pz,1012,101,3,1,False,0.073664576,0.7631251,0.12680595,0.0364043
21,7,none,pz,1013,101,2,2,True,0.33050442,0.031128773,0.54795444,0.090412356
21,7,none,pz,1014,101,3,0,False,0.43102303,0.07416981,0.15535316,0.33945408
21,7,none,pz,1015,101,3,2,False,0.054530147,0.1760185,0.43948263,0.32996875
21,7,none,pz,1016,101,2,2,True,0.17164229,0.06428706,0.7328301,0.031240538
21,7,none,pz,1017,101,2,2,True,0.017531173,0.1950574,0.77721155,0.010199858
21,7,none,pz,1018,101,3,3,True,0.07954737,0.4072577,0.096008934,0.417186
21,7,none,pz,1019,101,2,1,False,0.11388783,0.55912477,0.31264135,0.014346123
21,7,none,pz,1020,101,3,3,True,0.24308921,0.1592015,0.066958025,0.5307513
21,7,none,pz,1021,101,3,3,True,0.035969198,0.21971153,0.35855192,0.3857674
21,7,none,pz,1022,101,2,1,False,0.14063248,0.84176326,0.013697578,0.0039067194
21,7,none,pz,1023,101,2,0,False,0.79826534,0.055437736,0.14545852,0.0008384066
21,7,none,pz,1024,101,3,3,True,0.03850926,0.048096765,0.013621583,0.8997724
21,7,none,pz,1025,101,2,2,True,0.2686906,0.30000988,0.41485354,0.016446078
21,7,none,pz,1026,101,1,1,True,0.0132100815,0.93431187,0.04260172,0.009876369
21,7,none,pz,1027,101,0,0,True,0.99678975,0.0019404547,0.0011701634,9.957293e-05
21,7,none,pz,1028,101,0,0,True,0.97665614,0.011476246,0.010936402,0.0009312094
21,7,none,pz,1029,101,1,1,True,0.19097345,0.6985389,0.07516652,0.035321146
21,7,none,pz,1030,101,1,1,True,0.00017358124,0.99636286,0.0029999388,0.00046365295
21,7,none,pz,1031,101,0,0,True,0.9932122,0.00053428765,0.006194179,5.924183e-05
21,7,none,pz,1032,101,0,0,True,0.9961748,0.0032841947,0.0003670402,0.00017391416
21,7,none,pz,1033,101,1,1,True,0.00013257758,0.99553925,0.004192074,0.00013612417
21,7,none,pz,1034,101,1,1,True,0.010786671,0.9875108,0.0008548944,0.0008475797
21,7,none,pz,1035,101,0,0,True,0.9996551,6.0377504e-05,0.00021024677,7.422595e-05
21,7,none,pz,1036,101,1,1,True,0.006314977,0.98324627,0.0062822225,0.004156612
21,7,none,pz,1037,101,0,0,True,0.9953975,0.0032494774,0.0011626575,0.00019027489
21,7,none,pz,1038,101,1,1,True,0.014010986,0.98225445,0.0027667824,0.000967745
21,7,none,pz,1039,101,0,0,True,0.8052218,0.062604934,0.049281303,0.08289196
21,7,none,pz,1040,101,1,1,True,0.17231907,0.39543903,0.37719774,0.05504416
21,7,none,pz,1041,101,2,2,True,0.2374679,0.127966,0.63065934,0.0039067585
21,7,none,pz,1042,101,3,2,False,0.24083845,0.08156798,0.54772145,0.12987216
21,7,none,pz,1043,101,2,1,False,0.0359346,0.54449034,0.41273803,0.0068370374
21,7,none,pz,1044,101,3,3,True,0.21990496,0.21289754,0.008700497,0.558497
21,7,none,pz,1045,101,3,0,False,0.42405862,0.082205094,0.24184686,0.2518894
21,7,none,pz,1046,101,2,2,True,0.04811227,0.25016022,0.6622925,0.03943501
21,7,none,pz,1047,101,2,2,True,0.32905516,0.07319824,0.58784926,0.009897305
21,7,none,pz,1048,101,3,1,False,0.24767578,0.4089296,0.019115474,0.3242791
21,7,none,pz,1049,101,3,3,True,0.19774999,0.024610057,0.057850797,0.71978915
21,7,none,pz,1050,101,2,0,False,0.44016865,0.30671436,0.19415022,0.058966804
21,7,none,pz,1051,101,2,2,True,0.026098197,0.016090207,0.9574881,0.00032349632
21,7,none,pz,1052,101,3,3,True,0.34480867,0.098212875,0.07218755,0.48479098
21,7,none,pz,1053,101,2,0,False,0.76332086,0.017802566,0.20926778,0.009608782
21,7,none,pz,1054,101,3,3,True,0.3586072,0.030746445,0.080711275,0.52993506
21,7,none,pz,1055,101,2,1,False,0.1320381,0.71003497,0.13914542,0.018781476
21,7,none,pz,1056,101,0,0,True,0.9937337,0.00094927684,0.0050513167,0.00026570924
21,7,none,pz,1057,101,1,1,True,0.0053872443,0.77118105,0.21894418,0.0044875382
21,7,none,pz,1058,101,0,0,True,0.99747,0.0014064829,0.0010860304,3.7520662e-05
21,7,none,pz,1059,101,1,1,True,0.04326451,0.89808655,0.0060451888,0.0526037
21,7,none,pz,1060,101,1,1,True,0.01157273,0.913168,0.0393756,0.035883617
21,7,none,pz,1061,101,0,0,True,0.99227715,0.002365453,0.003474586,0.0018828055
21,7,none,pz,1062,101,1,1,True,0.00029338183,0.9995952,6.475499e-05,4.671026e-05
21,7,none,pz,1063,101,0,0,True,0.9996165,0.00027392816,9.825002e-05,1.1296592e-05
21,7,none,pz,1064,101,1,1,True,0.000982342,0.98313266,0.012757643,0.0031272776
21,7,none,pz,1065,101,0,0,True,0.99152434,0.0025139663,0.0033646734,0.002597058
21,7,none,pz,1066,101,1,1,True,0.0033845382,0.9643427,0.023238136,0.009034753
21,7,none,pz,1067,101,0,0,True,0.9990478,0.00018120928,0.00057661143,0.0001942081
21,7,none,pz,1068,101,0,0,True,0.9627823,0.024628041,0.0122649595,0.00032473146
21,7,none,pz,1069,101,1,1,True,0.002152215,0.98806274,0.0014825065,0.008302598
21,7,none,pz,1070,101,1,1,True,0.004009564,0.9629545,0.03220784,0.0008280222
21,7,none,pz,1071,101,3,3,True,0.02395785,0.05412982,0.017595517,0.9043168
21,7,none,pz,1072,101,2,2,True,0.010329674,0.008007527,0.9742973,0.0073654572
21,7,none,pz,1073,101,3,0,False,0.26811603,0.25375888,0.24271497,0.23541008
21,7,none,pz,1074,101,2,2,True,0.43877578,0.025555853,0.5036952,0.031973172
21,7,none,pz,1075,101,2,2,True,0.059381142,0.4491067,0.45477328,0.036738884
21,7,none,pz,1076,101,3,0,False,0.43227398,0.3203067,0.04228744,0.2051319
21,7,none,pz,1077,101,3,0,False,0.5887064,0.05148967,0.028655995,0.3311479
21,7,none,pz,1078,101,2,3,False,0.05634617,0.073895834,0.17627913,0.6934789
21,7,none,pz,1079,101,2,2,True,0.006187663,0.0014624457,0.9916779,0.0006720075
21,7,none,pz,1080,101,3,3,True,0.15207064,0.054639753,0.22080122,0.5724884
21,7,none,pz,1081,101,3,3,True,0.044806965,0.044980947,0.12243549,0.78777665
21,7,none,pz,1082,101,2,3,False,0.057340126,0.18812847,0.3455565,0.4089749
21,7,none,pz,1083,101,3,3,True,0.09284848,0.05794796,0.08197554,0.767228
21,7,none,pz,1084,101,2,1,False,0.01674909,0.37481156,0.31850967,0.28992972
21,7,none,pz,1085,101,2,2,True,0.03693227,0.4204006,0.46418595,0.078481235
21,7,none,pz,1086,102,1,1,True,0.001434059,0.98918194,0.007416353,0.0019677228
21,7,none,pz,1087,102,0,0,True,0.8659802,0.035856426,0.087634854,0.010528624
21,7,none,pz,1088,102,1,1,True,0.0074889716,0.7946904,0.188501,0.009319725
21,7,none,pz,1089,102,0,0,True,0.9834188,0.00508777,0.0061508035,0.0053425045
21,7,none,pz,1090,102,1,1,True,0.03012424,0.49972078,0.46692213,0.003232837
21,7,none,pz,1091,102,0,0,True,0.69233966,0.035650555,0.23633808,0.03567161
21,7,none,pz,1092,102,0,0,True,0.9938281,0.0014445425,0.0043805987,0.00034673567
21,7,none,pz,1093,102,1,0,False,0.41863132,0.12512909,0.3633648,0.092874825
21,7,none,pz,1094,102,0,0,True,0.7407936,0.041045327,0.17439297,0.043768156
21,7,none,pz,1095,102,1,2,False,0.048695754,0.21720996,0.73006254,0.0040316666
21,7,none,pz,1096,102,0,0,True,0.66479945,0.015934953,0.20899236,0.1102732
21,7,none,pz,1097,102,1,2,False,0.02674477,0.3136213,0.6527647,0.006869164
21,7,none,pz,1098,102,0,0,True,0.36646622,0.27572173,0.22136515,0.13644691
21,7,none,pz,1099,102,1,2,False,0.08543255,0.0757621,0.8308563,0.007949019
21,7,none,pz,1100,102,1,1,True,0.0038515495,0.9908371,0.005200217,0.000111136455
21,7,none,pz,1101,102,2,2,True,0.16938606,0.3090122,0.48542276,0.036179017
21,7,none,pz,1102,102,3,3,True,0.1510354,0.12996617,0.28887403,0.43012437
21,7,none,pz,1103,102,2,2,True,0.18009445,0.36969107,0.39391997,0.056294568
21,7,none,pz,1104,102,3,2,False,0.21640259,0.20047754,0.4208196,0.1623003
21,7,none,pz,1105,102,2,0,False,0.55796885,0.026363555,0.41005412,0.005613385
21,7,none,pz,1106,102,3,2,False,0.123042695,0.18361503,0.46900922,0.22433312
21,7,none,pz,1107,102,2,2,True,0.15361433,0.051086556,0.7687303,0.026568761
21,7,none,pz,1108,102,3,3,True,0.2030349,0.14509717,0.2685984,0.38326946
21,7,none,pz,1109,102,3,0,False,0.4068871,0.08395541,0.22920004,0.2799574
21,7,none,pz,1110,102,2,2,True,0.04379407,0.031815875,0.9213622,0.0030277781
21,7,none,pz,1111,102,3,2,False,0.01690261,0.16943611,0.77143663,0.042224646
21,7,none,pz,1112,102,2,2,True,0.23065451,0.030697599,0.66322523,0.07542268
21,7,none,pz,1113,102,2,2,True,0.059309464,0.07332647,0.85880274,0.008561393
21,7,none,pz,1114,102,3,0,False,0.5737707,0.059663028,0.29370728,0.072858945
21,7,none,pz,1115,102,2,2,True,0.04086892,0.17153396,0.6979979,0.08959918
21,7,none,pz,1116,102,1,1,True,0.00090054556,0.9725337,0.026321955,0.00024372854
21,7,none,pz,1117,102,0,0,True,0.36407676,0.23100868,0.2754958,0.1294188
21,7,none,pz,1118,102,1,1,True,0.017143475,0.6701934,0.24535298,0.0673102
21,7,none,pz,1119,102,0,0,True,0.71571696,0.034937024,0.20252572,0.046820264
21,7,none,pz,1120,102,0,0,True,0.8993573,0.04058193,0.05367122,0.006389567
21,7,none,pz,1121,102,1,2,False,0.036977,0.16507891,0.7907312,0.0072128563
21,7,none,pz,1122,102,0,1,False,0.24950616,0.45134622,0.2546343,0.0445134
21,7,none,pz,1123,102,1,2,False,0.0831466,0.29136452,0.59717983,0.02830901
21,7,none,pz,1124,102,0,0,True,0.47967076,0.031086298,0.47554174,0.013701162
21,7,none,pz,1125,102,1,2,False,0.17578407,0.17804186,0.5833945,0.06277954
21,7,none,pz,1126,102,1,1,True,0.0014576751,0.991698,0.0045070318,0.0023373102
21,7,none,pz,1127,102,0,2,False,0.23639931,0.10671534,0.4691334,0.18775198
21,7,none,pz,1128,102,1,1,True,0.0005470376,0.99547833,0.0036493998,0.0003253152
21,7,none,pz,1129,102,0,2,False,0.21780682,0.11733045,0.43574813,0.22911464
21,7,none,pz,1130,102,1,2,False,0.14267929,0.22476289,0.5140146,0.118543215
21,7,none,pz,1131,102,2,2,True,0.011271978,0.035738043,0.949557,0.003433025
21,7,none,pz,1132,102,3,2,False,0.016946869,0.25015095,0.6242602,0.10864198
21,7,none,pz,1133,102,3,2,False,0.019742098,0.036802158,0.6300693,0.31338644
21,7,none,pz,1134,102,2,2,True,0.024432773,0.029038135,0.9425038,0.004025309
21,7,none,pz,1135,102,2,1,False,0.053226512,0.4621846,0.40520757,0.07938133
21,7,none,pz,1136,102,3,2,False,0.03935466,0.039126996,0.85094887,0.07056942
21,7,none,pz,1137,102,3,2,False,0.118224174,0.1499796,0.58397263,0.14782363
21,7,none,pz,1138,102,2,2,True,0.0025078172,0.07683232,0.9172515,0.0034084166
21,7,none,pz,1139,102,2,2,True,0.07328277,0.07271669,0.8211374,0.032863107
21,7,none,pz,1140,102,3,0,False,0.37500814,0.08707333,0.3724288,0.16548969
21,7,none,pz,1141,102,2,2,True,0.009011263,0.08082238,0.62601495,0.2841514
21,7,none,pz,1142,102,3,3,True,0.01856783,0.2711878,0.32306725,0.38717708
21,7,none,pz,1143,102,3,2,False,0.056202438,0.0067379675,0.8149646,0.122095026
21,7,none,pz,1144,102,2,2,True,0.20288773,0.14464697,0.54019296,0.11227234
21,7,none,pz,1145,102,2,2,True,0.014720464,0.19654235,0.7756201,0.01311711
21,7,none,pz,1146,102,0,2,False,0.3332375,0.040386893,0.5978883,0.028487284
21,7,none,pz,1147,102,1,1,True,0.0017180042,0.98741454,0.009835021,0.0010324087
21,7,none,pz,1148,102,0,2,False,0.062686756,0.022018904,0.87819976,0.0370946
21,7,none,pz,1149,102,1,1,True,0.0034697924,0.9798052,0.01394759,0.0027774659
21,7,none,pz,1150,102,1,2,False,0.04085698,0.15004489,0.80061686,0.008481276
21,7,none,pz,1151,102,0,2,False,0.1495935,0.121005766,0.6848294,0.044571374
21,7,none,pz,1152,102,0,2,False,0.101538226,0.033750366,0.859592,0.0051193996
21,7,none,pz,1153,102,1,1,True,0.047199793,0.6698034,0.22071715,0.0622797
21,7,none,pz,1154,102,0,2,False,0.27222833,0.15026225,0.5527027,0.024806703
21,7,none,pz,1155,102,1,2,False,0.1604308,0.09871623,0.64936316,0.09148987
21,7,none,pz,1156,102,1,1,True,0.0068321726,0.83550584,0.10759729,0.050064676
21,7,none,pz,1157,102,0,1,False,0.16136643,0.3489785,0.26795265,0.22170241
21,7,none,pz,1158,102,1,2,False,0.2970836,0.2960521,0.3337309,0.07313338
21,7,none,pz,1159,102,0,0,True,0.5372862,0.0618245,0.33358166,0.067307614
21,7,none,pz,1160,102,0,0,True,0.941368,0.008170838,0.025317466,0.025143713
21,7,none,pz,1161,102,2,2,True,0.007295901,0.03857887,0.951569,0.0025561901
21,7,none,pz,1162,102,3,3,True,0.10722188,0.09013655,0.29586035,0.5067812
21,7,none,pz,1163,102,3,3,True,0.043788236,0.09843393,0.14101419,0.7167637
21,7,none,pz,1164,102,2,2,True,0.1630987,0.3019769,0.461312,0.07361241
21,7,none,pz,1165,102,2,2,True,0.008209358,0.032131,0.8314084,0.12825122
21,7,none,pz,1166,102,3,0,False,0.7885553,0.00581757,0.07700576,0.12862132
21,7,none,pz,1167,102,2,2,True,0.20965762,0.024083866,0.74210364,0.024154933
21,7,none,pz,1168,102,3,3,True,0.199399,0.06448748,0.2910074,0.4451061
21,7,none,pz,1169,102,2,2,True,0.081969224,0.12650613,0.61838317,0.17314143
21,7,none,pz,1170,102,3,2,False,0.112135306,0.074016295,0.6856669,0.1281815
21,7,none,pz,1171,102,2,1,False,0.024421653,0.57211834,0.33011734,0.07334269
21,7,none,pz,1172,102,3,3,True,0.037148107,0.015499971,0.27943408,0.6679179
21,7,none,pz,1173,102,2,2,True,0.09539832,0.34801203,0.5338268,0.022762801
21,7,none,pz,1174,102,3,2,False,0.09034892,0.03935258,0.69081134,0.17948715
21,7,none,pz,1175,102,3,3,True,0.13184428,0.1694666,0.10096108,0.597728
21,7,none,pz,1176,103,0,0,True,0.50192297,0.01383542,0.09119509,0.3930465
21,7,none,pz,1177,103,1,1,True,0.0048273825,0.72974145,0.18626119,0.07916995
21,7,none,pz,1178,103,1,1,True,0.022450516,0.71878207,0.22433326,0.03443408
21,7,none,pz,1179,103,0,1,False,0.05870417,0.7075603,0.14848071,0.085254736
21,7,none,pz,1180,103,1,1,True,0.05793038,0.78237164,0.054500487,0.10519749
21,7,none,pz,1181,103,0,3,False,0.17959824,0.06314454,0.048574083,0.70868313
21,7,none,pz,1182,103,0,0,True,0.98729986,0.00045856007,0.007922826,0.0043187765
21,7,none,pz,1183,103,1,1,True,0.008957304,0.9226318,0.056418836,0.011992109
21,7,none,pz,1184,103,0,0,True,0.6355472,0.050847944,0.28751752,0.026087271
21,7,none,pz,1185,103,1,2,False,0.19714776,0.3611363,0.39021614,0.05149986
21,7,none,pz,1186,103,0,0,True,0.92975867,0.033891726,0.03246034,0.0038892142
21,7,none,pz,1187,103,1,0,False,0.70527965,0.036158953,0.22392817,0.034633312
21,7,none,pz,1188,103,1,1,True,0.017017208,0.52037334,0.3227626,0.13984683
21,7,none,pz,1189,103,0,0,True,0.4469209,0.12500763,0.42246017,0.005611302
21,7,none,pz,1190,103,1,2,False,0.04498722,0.28980178,0.3444248,0.3207862
21,7,none,pz,1191,103,3,2,False,0.0016255074,0.030811466,0.8696472,0.0979158
21,7,none,pz,1192,103,2,2,True,0.08057081,0.0016580774,0.8949201,0.02285099
21,7,none,pz,1193,103,2,2,True,0.05271718,0.027438574,0.8748789,0.044965424
21,7,none,pz,1194,103,3,0,False,0.61177087,0.026112866,0.09405285,0.26806337
21,7,none,pz,1195,103,2,3,False,0.15895481,0.17501678,0.09163604,0.5743923
21,7,none,pz,1196,103,3,0,False,0.6458055,0.0470866,0.1822014,0.124906555
21,7,none,pz,1197,103,3,2,False,0.21994045,0.009031694,0.5881303,0.18289754
21,7,none,pz,1198,103,2,2,True,0.02419711,0.023556795,0.94852287,0.003723234
21,7,none,pz,1199,103,2,2,True,0.19781153,0.07305867,0.72663164,0.0024981943
21,7,none,pz,1200,103,3,3,True,0.22004043,0.29447028,0.009431162,0.47605807
21,7,none,pz,1201,103,3,2,False,0.041483697,0.08336215,0.58632547,0.28882864
21,7,none,pz,1202,103,2,2,True,0.06680932,0.0060912995,0.9264026,0.0006967547
21,7,none,pz,1203,103,3,3,True,0.2447641,0.16956854,0.17182286,0.4138445
21,7,none,pz,1204,103,2,1,False,0.058669277,0.72404927,0.18435365,0.032927763
21,7,none,pz,1205,103,2,1,False,0.02266576,0.43799847,0.19617683,0.34315893
21,7,none,pz,1206,103,1,2,False,0.02865592,0.019185761,0.9508816,0.0012766956
21,7,none,pz,1207,103,0,3,False,0.35195273,0.010844961,0.24765901,0.38954332
21,7,none,pz,1208,103,1,2,False,0.0071872813,0.42435977,0.54734874,0.021104187
21,7,none,pz,1209,103,0,0,True,0.7450771,0.017022995,0.13522448,0.10267554
21,7,none,pz,1210,103,0,0,True,0.9497369,0.002176061,0.019246226,0.02884088
21,7,none,pz,1211,103,1,3,False,0.009799064,0.22187786,0.1270292,0.64129394
21,7,none,pz,1212,103,1,3,False,0.009888603,0.22507736,0.11070691,0.65432715
21,7,none,pz,1213,103,0,0,True,0.80593944,0.090298556,0.090456694,0.01330527
21,7,none,pz,1214,103,0,2,False,0.38213715,0.16997139,0.43846446,0.009426983
21,7,none,pz,1215,103,1,0,False,0.58752453,0.003194556,0.2734519,0.135829
21,7,none,pz,1216,103,1,1,True,0.004121637,0.9859869,0.007707167,0.0021843575
21,7,none,pz,1217,103,0,0,True,0.75864094,0.07228846,0.08437459,0.0846959
21,7,none,pz,1218,103,0,0,True,0.6836418,0.007613792,0.305213,0.0035313757
21,7,none,pz,1219,103,1,2,False,0.17995353,0.037839998,0.7793455,0.0028609312
21,7,none,pz,1220,103,0,0,True,0.76405835,0.0019557455,0.23156273,0.0024231786
21,7,none,pz,1221,103,2,2,True,0.0030495983,0.011125871,0.9773999,0.008424681
21,7,none,pz,1222,103,3,2,False,0.0031104314,0.00393576,0.85052186,0.14243191
21,7,none,pz,1223,103,2,2,True,0.02530676,0.18782221,0.7843294,0.0025415625
21,7,none,pz,1224,103,3,2,False,0.03053026,0.010811656,0.854115,0.104543045
21,7,none,pz,1225,103,3,3,True,0.13577615,0.023233285,0.0814939,0.75949675
21,7,none,pz,1226,103,2,2,True,0.18629277,0.027046444,0.6921519,0.09450888
21,7,none,pz,1227,103,3,2,False,0.13166875,0.096053705,0.53951937,0.23275818
21,7,none,pz,1228,103,2,2,True,0.096386224,0.045985762,0.6979407,0.15968728
21,7,none,pz,1229,103,3,3,True,0.13741244,0.025967885,0.030119602,0.8065001
21,7,none,pz,1230,103,2,2,True,0.10751717,0.026739284,0.7436911,0.122052416
21,7,none,pz,1231,103,2,2,True,0.059204694,0.053257708,0.8838419,0.0036957187
21,7,none,pz,1232,103,3,2,False,0.093282014,0.11638428,0.63194126,0.15839244
21,7,none,pz,1233,103,3,2,False,0.22652602,0.21340595,0.3750303,0.18503775
21,7,none,pz,1234,103,2,2,True,0.1783749,0.082233675,0.7123602,0.027031181
21,7,none,pz,1235,103,3,2,False,0.020789642,0.05700791,0.6393514,0.28285107
21,7,none,pz,1236,103,1,1,True,0.020955367,0.802057,0.11454682,0.062440768
21,7,none,pz,1237,103,0,2,False,0.094524086,0.0044905087,0.85076004,0.05022542
21,7,none,pz,1238,103,0,0,True,0.6936641,0.018795943,0.18154918,0.10599075
21,7,none,pz,1239,103,1,2,False,0.038449455,0.0888511,0.75829095,0.1144085
21,7,none,pz,1240,103,1,3,False,0.007683952,0.39174834,0.0642912,0.53627646
21,7,none,pz,1241,103,0,2,False,0.060364045,0.012775582,0.6731611,0.2536992
21,7,none,pz,1242,103,1,1,True,0.0066820276,0.6935327,0.034328632,0.26545674
21,7,none,pz,1243,103,0,0,True,0.5781938,0.0022082182,0.3994992,0.020098828
21,7,none,pz,1244,103,0,0,True,0.54737806,0.032641064,0.27325588,0.14672495
21,7,none,pz,1245,103,1,3,False,0.009904031,0.26887554,0.1805411,0.54067934
21,7,none,pz,1246,103,0,0,True,0.72820944,0.0033630359,0.2536257,0.014801874
21,7,none,pz,1247,103,1,2,False,0.20017204,0.12412378,0.5566488,0.11905543
21,7,none,pz,1248,103,1,1,True,0.058874182,0.6162657,0.32023558,0.0046244883
21,7,none,pz,1249,103,0,0,True,0.9630056,0.0013076437,0.03385557,0.0018311148
21,7,none,pz,1250,103,1,1,True,0.14670373,0.56759024,0.03811153,0.24759455
21,7,none,pz,1251,103,3,3,True,0.005039594,0.008630725,0.017475035,0.96885467
21,7,none,pz,1252,103,2,1,False,0.02973557,0.51038975,0.3633723,0.096502386
21,7,none,pz,1253,103,3,3,True,0.14758298,0.115294404,0.0743532,0.66276944
21,7,none,pz,1254,103,2,3,False,0.23920001,0.0908579,0.19932133,0.47062075
21,7,none,pz,1255,103,2,2,True,0.095782995,0.1335481,0.7074686,0.06320032
21,7,none,pz,1256,103,3,0,False,0.3239507,0.14337571,0.2855366,0.24713697
21,7,none,pz,1257,103,2,1,False,0.21462585,0.53483236,0.055223804,0.19531795
21,7,none,pz,1258,103,3,0,False,0.44868752,0.3179506,0.072238415,0.16112345
21,7,none,pz,1259,103,2,2,True,0.08777717,0.010115873,0.8933186,0.008788314
21,7,none,pz,1260,103,3,2,False,0.077909395,0.068369225,0.5766547,0.2770667
21,7,none,pz,1261,103,3,3,True,0.041905653,0.21133192,0.06592576,0.6808366
21,7,none,pz,1262,103,2,2,True,0.010825121,0.09901969,0.88395226,0.0062029487
21,7,none,pz,1263,103,2,2,True,0.087782554,0.018904869,0.87896776,0.014344881
21,7,none,pz,1264,103,3,3,True,0.032778148,0.011153077,0.0037725607,0.95229626
21,7,none,pz,1265,103,3,3,True,0.0016203595,0.17191134,0.03415489,0.7923134
21,7,none,pz,1266,104,0,1,False,0.1951207,0.68808943,0.0675254,0.049264394
21,7,none,pz,1267,104,1,1,True,0.047100168,0.9387457,0.013048153,0.0011059613
21,7,none,pz,1268,104,1,2,False,0.06645468,0.19479033,0.7168777,0.02187731
21,7,none,pz,1269,104,0,1,False,0.15049982,0.6732321,0.031700067,0.1445681
21,7,none,pz,1270,104,1,1,True,0.077430576,0.65119904,0.21625653,0.05511383
21,7,none,pz,1271,104,0,2,False,0.060198806,0.2064778,0.70285416,0.030469188
21,7,none,pz,1272,104,1,1,True,0.17010473,0.7088563,0.08095115,0.040087827
21,7,none,pz,1273,104,0,2,False,0.33101186,0.07126566,0.5346263,0.0630962
21,7,none,pz,1274,104,0,1,False,0.07725528,0.83995646,0.08013995,0.0026483564
21,7,none,pz,1275,104,1,1,True,0.07485014,0.66457933,0.253223,0.007347486
21,7,none,pz,1276,104,0,2,False,0.120856754,0.4297984,0.43023166,0.019113177
21,7,none,pz,1277,104,1,1,True,0.016382255,0.55497575,0.34691355,0.08172846
21,7,none,pz,1278,104,1,2,False,0.36831906,0.13944542,0.4382077,0.05402777
21,7,none,pz,1279,104,0,0,True,0.47280422,0.12734835,0.36051708,0.03933029
21,7,none,pz,1280,104,1,1,True,0.00082874775,0.99020517,0.0023857194,0.006580392
21,7,none,pz,1281,104,2,2,True,0.10143998,0.40037665,0.43837193,0.059811383
21,7,none,pz,1282,104,3,2,False,0.04443473,0.3043156,0.4279378,0.22331181
21,7,none,pz,1283,104,3,3,True,0.28963843,0.043485645,0.05101722,0.6158587
21,7,none,pz,1284,104,2,1,False,0.0096376,0.86595625,0.12169789,0.002708385
21,7,none,pz,1285,104,3,2,False,0.2042686,0.2122995,0.3625043,0.22092758
21,7,none,pz,1286,104,2,1,False,0.023310015,0.94291633,0.019710748,0.014062943
21,7,none,pz,1287,104,2,1,False,0.034821797,0.5259118,0.3669139,0.07235258
21,7,none,pz,1288,104,3,3,True,0.12125336,0.19122541,0.033466965,0.6540542
21,7,none,pz,1289,104,2,1,False,0.0129556125,0.85909814,0.1254291,0.002517159
21,7,none,pz,1290,104,3,1,False,0.076241665,0.42907917,0.25599736,0.23868173
21,7,none,pz,1291,104,3,3,True,0.05919029,0.070816755,0.079280645,0.7907123
21,7,none,pz,1292,104,2,3,False,0.12596871,0.17751683,0.14400053,0.55251396
21,7,none,pz,1293,104,3,3,True,0.12952757,0.31619796,0.03341917,0.5208553
21,7,none,pz,1294,104,2,2,True,0.025453951,0.3580959,0.50304496,0.11340518
21,7,none,pz,1295,104,3,0,False,0.52756274,0.089564815,0.24289508,0.1399774
21,7,none,pz,1296,104,0,3,False,0.2785131,0.15930611,0.051641747,0.51053905
21,7,none,pz,1297,104,1,1,True,0.073998936,0.733922,0.12752889,0.06455016
21,7,none,pz,1298,104,1,1,True,0.0048404518,0.9905477,0.0015801487,0.003031603
21,7,none,pz,1299,104,0,0,True,0.92289776,0.03995463,0.031730756,0.0054167914
21,7,none,pz,1300,104,0,0,True,0.95168626,0.012360641,0.012000796,0.023952296
21,7,none,pz,1301,104,1,1,True,0.0019019718,0.95775473,0.032678798,0.0076644095
21,7,none,pz,1302,104,0,1,False,0.32056397,0.48405102,0.123367876,0.07201717
21,7,none,pz,1303,104,1,1,True,0.17504403,0.63312244,0.112171225,0.07966225
21,7,none,pz,1304,104,0,0,True,0.52992374,0.21870093,0.23025867,0.02111662
21,7,none,pz,1305,104,1,1,True,0.15968968,0.75867546,0.052095395,0.029539458
21,7,none,pz,1306,104,1,1,True,0.00010781979,0.89955115,0.09170285,0.008638202
21,7,none,pz,1307,104,0,0,True,0.92731947,0.06569564,0.0062061776,0.00077868486
21,7,none,pz,1308,104,3,3,True,0.008689283,0.21382916,0.08787047,0.6896111
21,7,none,pz,1309,104,2,1,False,0.07848235,0.6606667,0.16944905,0.0914019
21,7,none,pz,1310,104,3,3,True,0.37156495,0.10223552,0.057425838,0.4687736
21,7,none,pz,1311,104,2,0,False,0.67154604,0.07791425,0.17159615,0.078943506
21,7,none,pz,1312,104,3,0,False,0.48916093,0.13728763,0.0104711065,0.3630803
21,7,none,pz,1313,104,2,1,False,0.08215134,0.5164511,0.38708153,0.014315981
21,7,none,pz,1314,104,3,3,True,0.022995992,0.23762225,0.14112972,0.59825206
21,7,none,pz,1315,104,2,1,False,0.17058007,0.35122004,0.26489413,0.21330571
21,7,none,pz,1316,104,3,1,False,0.049591143,0.71470654,0.20713358,0.028568735
21,7,none,pz,1317,104,2,2,True,0.11487872,0.37735635,0.4790397,0.028725198
21,7,none,pz,1318,104,2,2,True,0.18129896,0.10798346,0.6327938,0.077923805
21,7,none,pz,1319,104,3,2,False,0.19717026,0.15193151,0.3551972,0.29570103
21,7,none,pz,1320,104,3,3,True,0.21904905,0.041589104,0.023486834,0.71587497
21,7,none,pz,1321,104,2,1,False,0.05118082,0.6114765,0.32418376,0.0131589435
21,7,none,pz,1322,104,2,2,True,0.13957633,0.01393433,0.8437791,0.0027102379
21,7,none,pz,1323,104,0,0,True,0.6816909,0.07606091,0.18677728,0.055470962
21,7,none,pz,1324,104,1,1,True,0.016248982,0.6124477,0.35189828,0.019405024
21,7,none,pz,1325,104,0,2,False,0.3028771,0.12381166,0.5267584,0.046552878
21,7,none,pz,1326,104,1,2,False,0.05198734,0.3419834,0.5697355,0.036293767
21,7,none,pz,1327,104,0,2,False,0.14159098,0.20820446,0.6176116,0.032593004
21,7,none,pz,1328,104,1,1,True,0.004648856,0.46392938,0.17585902,0.3555627
21,7,none,pz,1329,104,0,0,True,0.99839944,0.0001151609,0.00068464683,0.00080075854
21,7,none,pz,1330,104,1,2,False,0.07973193,0.18532728,0.5216144,0.21332644
21,7,none,pz,1331,104,1,1,True,0.025745362,0.92841107,0.026106175,0.019737348
21,7,none,pz,1332,104,0,1,False,0.1252308,0.8379621,0.024543256,0.012263802
21,7,none,pz,1333,104,0,2,False,0.40466624,0.13491343,0.42833316,0.032087248
21,7,none,pz,1334,104,1,1,True,0.33317494,0.43695432,0.096261926,0.13360885
21,7,none,pz,1335,104,1,3,False,0.31975552,0.051029585,0.19083244,0.43838242
21,7,none,pz,1336,104,0,0,True,0.64519185,0.019763846,0.3129261,0.022118157
21,7,none,pz,1337,104,0,0,True,0.41611484,0.060473397,0.37931147,0.14410034
21,7,none,pz,1338,104,2,2,True,0.0039493195,0.0091935545,0.97307974,0.013777396
21,7,none,pz,1339,104,3,1,False,0.11617943,0.5020083,0.34883535,0.03297689
21,7,none,pz,1340,104,2,1,False,0.19573888,0.46772847,0.31719664,0.019336084
21,7,none,pz,1341,104,3,3,True,0.039332416,0.067606345,0.06980317,0.8232581
21,7,none,pz,1342,104,3,3,True,0.0376561,0.18737479,0.015689073,0.75928
21,7,none,pz,1343,104,2,2,True,0.027248517,0.2028604,0.7580725,0.011818626
21,7,none,pz,1344,104,3,3,True,0.014255996,0.018211192,0.036231577,0.9313012
21,7,none,pz,1345,104,2,2,True,0.10776136,0.22361907,0.6273252,0.041294366
21,7,none,pz,1346,104,3,3,True,0.19108038,0.15465857,0.17127325,0.48298782
21,7,none,pz,1347,104,2,2,True,0.17333739,0.2723782,0.5341233,0.020161089
21,7,none,pz,1348,104,3,1,False,0.009313661,0.39199322,0.2561617,0.3425315
21,7,none,pz,1349,104,2,1,False,0.006685689,0.85589963,0.10924415,0.02817048
21,7,none,pz,1350,104,2,2,True,0.030856805,0.24461801,0.68577874,0.03874645
21,7,none,pz,1351,104,3,0,False,0.3722524,0.09210357,0.24811065,0.28753343
21,7,none,pz,1352,104,3,2,False,0.071478486,0.16675237,0.4415834,0.32018575
21,7,none,pz,1353,105,0,0,True,0.9222771,0.0008938653,0.033547767,0.043281272
21,7,none,pz,1354,105,1,1,True,0.0006653484,0.9766307,0.018912746,0.0037912326
21,7,none,pz,1355,105,1,1,True,0.0008921788,0.9532544,0.034535024,0.011318474
21,7,none,pz,1356,105,0,0,True,0.9198817,0.00084304716,0.033773653,0.04550158
21,7,none,pz,1357,105,1,1,True,0.00010018133,0.94966364,0.044037078,0.006199096
21,7,none,pz,1358,105,0,0,True,0.9986564,9.362734e-06,0.0009906386,0.00034357386
21,7,none,pz,1359,105,1,1,True,0.0004077561,0.982936,0.002724941,0.013931282
21,7,none,pz,1360,105,0,0,True,0.9832782,0.00059250643,0.0031406737,0.012988571
21,7,none,pz,1361,105,0,0,True,0.9850044,0.0010096516,0.010424443,0.0035614036
21,7,none,pz,1362,105,1,1,True,0.006583667,0.7824079,0.0048428457,0.2061656
21,7,none,pz,1363,105,1,1,True,9.129721e-05,0.9808896,0.0047486895,0.014270395
21,7,none,pz,1364,105,0,0,True,0.9981192,0.00030598126,0.0004393299,0.0011354748
21,7,none,pz,1365,105,1,1,True,0.010573852,0.47840458,0.3570052,0.15401633
21,7,none,pz,1366,105,0,0,True,0.95962447,0.00018041102,0.027520726,0.012674462
21,7,none,pz,1367,105,0,0,True,0.7948026,0.020729778,0.1335956,0.050871987
21,7,none,pz,1368,105,3,3,True,0.005453778,0.0056789475,0.008213062,0.9806542
21,7,none,pz,1369,105,2,3,False,0.02195356,0.06658176,0.3933386,0.5181261
21,7,none,pz,1370,105,2,3,False,0.009940882,0.046335164,0.32838804,0.61533594
21,7,none,pz,1371,105,3,3,True,0.0035480822,0.012627975,0.1813001,0.8025238
21,7,none,pz,1372,105,3,3,True,0.065416686,0.00753168,0.26727727,0.65977436
21,7,none,pz,1373,105,2,2,True,0.014941767,0.013665484,0.62676704,0.34462568
21,7,none,pz,1374,105,3,3,True,0.0011205818,0.010566728,0.013525553,0.9747872
21,7,none,pz,1375,105,2,2,True,0.008614112,0.03340765,0.8962096,0.06176865
21,7,none,pz,1376,105,3,3,True,0.010842517,0.3105013,0.20496348,0.47369274
21,7,none,pz,1377,105,2,2,True,0.03261051,0.07978219,0.760783,0.12682423
21,7,none,pz,1378,105,3,2,False,0.055400595,0.016388737,0.88219,0.046020605
21,7,none,pz,1379,105,2,3,False,0.0013145243,0.03445253,0.29636624,0.6678667
21,7,none,pz,1380,105,3,3,True,0.004623978,0.0013910417,0.05149203,0.942493
21,7,none,pz,1381,105,2,2,True,0.007655456,0.00919483,0.950586,0.03256377
21,7,none,pz,1382,105,2,3,False,0.0015234288,0.024845755,0.30692098,0.66670984
21,7,none,pz,1383,105,1,1,True,5.7104222e-05,0.9826797,0.016337054,0.0009261751
21,7,none,pz,1384,105,0,2,False,0.13148065,0.0024641817,0.6810641,0.18499108
21,7,none,pz,1385,105,1,1,True,0.00018561617,0.8473954,0.14228481,0.010134206
21,7,none,pz,1386,105,0,3,False,0.12273514,0.001084356,0.14963715,0.7265433
21,7,none,pz,1387,105,0,2,False,0.22828798,0.00063574646,0.715999,0.055077307
21,7,none,pz,1388,105,1,1,True,0.0064248024,0.9353232,0.050775647,0.0074763508
21,7,none,pz,1389,105,1,1,True,0.00026102076,0.95927066,0.040077288,0.00039102667
21,7,none,pz,1390,105,0,0,True,0.96793807,0.003319737,0.02597794,0.0027643377
21,7,none,pz,1391,105,0,0,True,0.7598949,0.035275593,0.18457745,0.020252034
21,7,none,pz,1392,105,1,1,True,0.0008027797,0.89082307,0.10487385,0.0035003198
21,7,none,pz,1393,105,0,0,True,0.9536121,0.0018425537,0.024249794,0.020295689
21,7,none,pz,1394,105,1,1,True,0.002323235,0.982453,0.014308675,0.00091505493
21,7,none,pz,1395,105,0,2,False,0.17247927,0.0031581258,0.82193035,0.0024323037
21,7,none,pz,1396,105,1,1,True,0.00010331961,0.99201125,0.0076000714,0.00028535872
21,7,none,pz,1397,105,1,1,True,0.006892964,0.7584351,0.18401402,0.050657917
21,7,none,pz,1398,105,3,2,False,0.010152542,0.012882042,0.71118736,0.265778
21,7,none,pz,1399,105,2,2,True,0.0029633457,0.0066209934,0.94354016,0.04687552
21,7,none,pz,1400,105,3,3,True,0.020190071,0.017470177,0.44525358,0.5170862
21,7,none,pz,1401,105,2,2,True,0.0053319065,0.0039819255,0.9838194,0.0068667117
21,7,none,pz,1402,105,3,2,False,0.0016357115,0.011118696,0.9107245,0.076521
21,7,none,pz,1403,105,2,2,True,0.0023537292,0.0037881983,0.979235,0.014623028
21,7,none,pz,1404,105,3,2,False,0.004491777,0.020596229,0.889579,0.08533306
21,7,none,pz,1405,105,2,3,False,0.10729507,0.060874768,0.16724077,0.6645894
21,7,none,pz,1406,105,3,2,False,0.0053616697,0.003821731,0.63759154,0.35322508
21,7,none,pz,1407,105,2,2,True,0.0024767076,0.06445033,0.8453402,0.08773274
21,7,none,pz,1408,105,2,2,True,0.018269187,0.2089516,0.51214164,0.2606375
21,7,none,pz,1409,105,3,2,False,0.038960483,0.35706934,0.4030525,0.20091769
21,7,none,pz,1410,105,3,3,True,0.007059282,0.0662168,0.08518525,0.84153867
21,7,none,pz,1411,105,2,2,True,0.0014821235,0.0148842465,0.94012064,0.04351296
21,7,none,pz,1412,105,2,2,True,0.0030174365,0.031945057,0.9547009,0.010336638
21,7,none,pz,1413,105,1,3,False,0.0012667988,0.4284942,0.07518778,0.49505126
21,7,none,pz,1414,105,0,0,True,0.72178465,0.009379292,0.26151684,0.0073192716
21,7,none,pz,1415,105,1,1,True,0.0005377168,0.8917567,0.07646132,0.031244272
21,7,none,pz,1416,105,0,2,False,0.086532176,0.03128959,0.75572336,0.1264548
21,7,none,pz,1417,105,1,1,True,0.0003440571,0.8164486,0.12824833,0.054958947
21,7,none,pz,1418,105,0,2,False,0.22948828,0.0037894563,0.69878614,0.0679361
21,7,none,pz,1419,105,1,2,False,0.01741935,0.30447346,0.5393737,0.13873343
21,7,none,pz,1420,105,0,0,True,0.70457655,0.021864658,0.21641123,0.05714749
21,7,none,pz,1421,105,0,2,False,0.10666829,0.08225605,0.6807059,0.13036975
21,7,none,pz,1422,105,1,1,True,0.011185322,0.9018294,0.08068545,0.006299913
21,7,none,pz,1423,105,1,1,True,0.00022844208,0.9860072,0.005917388,0.007846975
21,7,none,pz,1424,105,0,0,True,0.6827694,0.008243675,0.24282755,0.06615936
21,7,none,pz,1425,105,1,1,True,0.00020608873,0.53102607,0.4452305,0.023537267
21,7,none,pz,1426,105,0,2,False,0.012037218,0.0010944599,0.97730196,0.00956629
21,7,none,pz,1427,105,0,2,False,0.11365896,0.008183563,0.510916,0.3672415
21,7,none,pz,1428,105,2,2,True,0.0067473766,0.04214796,0.4994886,0.45161605
21,7,none,pz,1429,105,3,3,True,0.0052622436,0.015126115,0.41869444,0.5609172
21,7,none,pz,1430,105,3,3,True,0.01337601,0.033904713,0.15115573,0.80156356
21,7,none,pz,1431,105,2,2,True,0.0017171818,0.016074892,0.9276263,0.054581694
21,7,none,pz,1432,105,3,2,False,0.027339695,0.06521262,0.5758618,0.3315859
21,7,none,pz,1433,105,2,2,True,0.011512699,0.048255935,0.90194345,0.03828793
21,7,none,pz,1434,105,3,2,False,0.024297899,0.06906369,0.7456781,0.16096027
21,7,none,pz,1435,105,2,2,True,0.052940823,0.046755422,0.8330933,0.06721055
21,7,none,pz,1436,105,3,2,False,0.0033336012,0.04558957,0.5310356,0.4200413
21,7,none,pz,1437,105,2,2,True,0.0009952704,0.006219473,0.9881003,0.0046849027
21,7,none,pz,1438,105,2,2,True,0.0039752396,0.05689532,0.80786824,0.13126114
21,7,none,pz,1439,105,3,2,False,0.02668035,0.06665908,0.4949148,0.41174582
21,7,none,pz,1440,105,2,2,True,0.002893258,0.01660172,0.86831975,0.11218524
21,7,none,pz,1441,105,3,2,False,0.00094057206,0.0043995716,0.9088798,0.085780084
21,7,none,pz,1442,105,2,2,True,0.030716497,0.0076499116,0.5236351,0.43799853
21,7,none,pz,1443,106,0,2,False,0.0028982772,0.0019448526,0.9679011,0.027255865
21,7,none,pz,1444,106,1,2,False,0.01221332,0.21660988,0.63781077,0.13336599
21,7,none,pz,1445,106,0,2,False,0.0048698154,0.008130545,0.9709209,0.0160788
21,7,none,pz,1446,106,1,2,False,0.020236645,0.043125093,0.6537602,0.2828781
21,7,none,pz,1447,106,0,2,False,0.00561167,0.007767159,0.9856582,0.00096291763
21,7,none,pz,1448,106,1,2,False,0.002329005,0.0050916444,0.95783883,0.034740478
21,7,none,pz,1449,106,0,2,False,0.033937786,0.11421643,0.6387065,0.2131393
21,7,none,pz,1450,106,1,1,True,0.012828008,0.41893288,0.30195102,0.2662881
21,7,none,pz,1451,106,0,1,False,0.16881645,0.46932578,0.23264295,0.1292148
21,7,none,pz,1452,106,1,2,False,0.0013142953,0.03170739,0.94559366,0.021384636
21,7,none,pz,1453,106,0,1,False,0.009778146,0.47668287,0.33060852,0.18293047
21,7,none,pz,1454,106,1,2,False,0.0040692533,0.2862321,0.7080014,0.0016972427
21,7,none,pz,1455,106,1,1,True,0.013876132,0.8642447,0.065677546,0.056201607
21,7,none,pz,1456,106,0,0,True,0.79020166,0.019957883,0.1396757,0.050164685
21,7,none,pz,1457,106,0,0,True,0.931444,0.005387525,0.06128319,0.0018853232
21,7,none,pz,1458,106,3,2,False,0.0033356883,0.014516678,0.9134223,0.068725355
21,7,none,pz,1459,106,2,3,False,0.00365104,0.10267778,0.3171262,0.57654494
21,7,none,pz,1460,106,3,2,False,0.03848457,0.060038492,0.52900195,0.372475
21,7,none,pz,1461,106,2,1,False,0.07927259,0.48096618,0.34355378,0.096207455
21,7,none,pz,1462,106,2,2,True,0.0051286975,0.04200011,0.88568044,0.067190826
21,7,none,pz,1463,106,3,1,False,0.03332553,0.7324531,0.10931683,0.12490459
21,7,none,pz,1464,106,3,3,True,0.0036909585,0.058955595,0.041168265,0.8961852
21,7,none,pz,1465,106,2,2,True,0.024342082,0.015482543,0.9492582,0.010917161
21,7,none,pz,1466,106,3,1,False,0.02916117,0.69571364,0.13278125,0.1423439
21,7,none,pz,1467,106,2,2,True,0.01885994,0.016680904,0.9597884,0.0046708453
21,7,none,pz,1468,106,3,2,False,0.06766088,0.024620399,0.672884,0.23483478
21,7,none,pz,1469,106,2,1,False,0.053526867,0.65023744,0.24917954,0.04705619
21,7,none,pz,1470,106,3,3,True,0.06359904,0.071270764,0.37420356,0.4909267
21,7,none,pz,1471,106,2,3,False,0.24153602,0.20770593,0.2657083,0.28504977
21,7,none,pz,1472,106,3,3,True,0.07822924,0.025101984,0.09166485,0.80500394
21,7,none,pz,1473,106,1,1,True,2.6455307e-05,0.99919695,0.00042478723,0.00035183268
21,7,none,pz,1474,106,0,3,False,0.18864964,0.009030703,0.08532148,0.7169982
21,7,none,pz,1475,106,1,2,False,0.011161596,0.0435365,0.93831944,0.0069824173
21,7,none,pz,1476,106,0,2,False,0.02117234,0.29439235,0.6733967,0.011038608
21,7,none,pz,1477,106,0,3,False,0.02665296,0.20054124,0.10753803,0.66526777
21,7,none,pz,1478,106,1,3,False,0.021070171,0.076357916,0.2467908,0.65578115
21,7,none,pz,1479,106,1,1,True,0.00047078342,0.99404484,0.0019515076,0.0035328649
21,7,none,pz,1480,106,0,2,False,0.051420655,0.23294789,0.69414645,0.02148497
21,7,none,pz,1481,106,0,3,False,0.010069869,0.26629695,0.22920151,0.4944316
21,7,none,pz,1482,106,1,1,True,0.08316861,0.535946,0.3765737,0.004311654
21,7,none,pz,1483,106,1,1,True,0.00045826018,0.9846154,0.014034241,0.0008921165
21,7,none,pz,1484,106,0,0,True,0.727017,0.07920125,0.17702141,0.016760336
21,7,none,pz,1485,106,0,1,False,0.044321675,0.5217906,0.21545088,0.21843678
21,7,none,pz,1486,106,1,1,True,0.0018791116,0.96532136,0.031644396,0.0011551153
21,7,none,pz,1487,106,0,2,False,0.013975895,0.37663996,0.384638,0.22474614
21,7,none,pz,1488,106,2,2,True,0.0055952566,0.007229781,0.9853576,0.001817369
21,7,none,pz,1489,106,3,3,True,0.048377533,0.036879163,0.04060922,0.874134
21,7,none,pz,1490,106,2,2,True,0.01815878,0.16877347,0.7223309,0.09073691
21,7,none,pz,1491,106,3,2,False,0.0062123453,0.0017140878,0.9075034,0.084570155
21,7,none,pz,1492,106,3,2,False,0.14333121,0.24538429,0.3803719,0.23091252
21,7,none,pz,1493,106,2,2,True,0.15506385,0.06664424,0.76331234,0.014979626
21,7,none,pz,1494,106,2,2,True,0.013992495,0.34629396,0.6262674,0.013446146
21,7,none,pz,1495,106,3,0,False,0.5964217,0.10721734,0.20065914,0.09570185
21,7,none,pz,1496,106,2,1,False,0.008998899,0.5575696,0.43214527,0.0012861812
21,7,none,pz,1497,106,3,2,False,0.04091673,0.03746869,0.91911083,0.0025037508
21,7,none,pz,1498,106,3,2,False,0.032157876,0.09113227,0.85418564,0.022524245
21,7,none,pz,1499,106,2,2,True,0.053833388,0.040667176,0.8691565,0.036342934
21,7,none,pz,1500,106,2,2,True,0.0066907713,0.083314985,0.57281023,0.33718404
21,7,none,pz,1501,106,3,3,True,0.0018435939,0.012911167,0.09198027,0.893265
21,7,none,pz,1502,106,2,2,True,0.09993795,0.025804238,0.8666977,0.0075599803
21,7,none,pz,1503,106,1,1,True,0.0038943966,0.86793876,0.12335394,0.0048129917
21,7,none,pz,1504,106,0,1,False,0.03561067,0.61947095,0.29955423,0.045364186
21,7,none,pz,1505,106,0,2,False,0.016352529,0.0128045445,0.8092117,0.16163121
21,7,none,pz,1506,106,1,2,False,0.10835993,0.027566796,0.8608021,0.0032712114
21,7,none,pz,1507,106,0,0,True,0.57883984,0.1669171,0.12535952,0.12888364
21,7,none,pz,1508,106,1,1,True,0.0018244841,0.80253994,0.048505485,0.14713003
21,7,none,pz,1509,106,0,2,False,0.081645444,0.25010756,0.4939698,0.17427717
21,7,none,pz,1510,106,1,2,False,0.031086346,0.09694984,0.8613515,0.010612388
21,7,none,pz,1511,106,1,1,True,0.0033752155,0.9712415,0.014467273,0.010915937
21,7,none,pz,1512,106,0,0,True,0.8258538,0.06889991,0.067187704,0.038058463
21,7,none,pz,1513,106,0,0,True,0.94225407,0.024104467,0.032761436,0.0008800829
21,7,none,pz,1514,106,1,2,False,0.011369122,0.013578663,0.9698742,0.005177916
21,7,none,pz,1515,106,1,3,False,0.013658197,0.16669144,0.09896775,0.72068256
21,7,none,pz,1516,106,0,0,True,0.49186668,0.0033054282,0.44674623,0.058081657
21,7,none,pz,1517,106,0,0,True,0.29067954,0.27608037,0.16510935,0.26813072
21,7,none,pz,1518,106,2,2,True,0.0067319353,0.27109954,0.69367766,0.028490836
21,7,none,pz,1519,106,3,1,False,0.035252374,0.45186037,0.35595235,0.15693495
21,7,none,pz,1520,106,2,1,False,0.04386177,0.3736095,0.33731008,0.2452186
21,7,none,pz,1521,106,3,2,False,0.019481024,0.08473213,0.73983324,0.15595366
21,7,none,pz,1522,106,2,2,True,0.030475259,0.40950474,0.5039527,0.05606731
21,7,none,pz,1523,106,3,2,False,0.18723983,0.07757733,0.57594,0.15924281
21,7,none,pz,1524,106,2,2,True,0.017046511,0.040571973,0.87464696,0.06773453
21,7,none,pz,1525,106,3,2,False,0.032585792,0.36651328,0.50672543,0.09417546
21,7,none,pz,1526,106,2,2,True,0.00045627827,0.011007975,0.96698964,0.021546157
21,7,none,pz,1527,106,3,2,False,0.1017611,0.16559169,0.71852946,0.014117757
21,7,none,pz,1528,106,3,0,False,0.61828595,0.054137494,0.1138454,0.21373118
21,7,none,pz,1529,106,2,2,True,0.023193836,0.0039736736,0.7251137,0.24771884
21,7,none,pz,1530,106,3,2,False,0.22406428,0.0688194,0.68943995,0.017676359
21,7,none,pz,1531,106,2,2,True,0.0010039294,0.008520169,0.98526406,0.0052118697
21,7,none,pz,1532,106,2,2,True,0.064918846,0.006102685,0.9201322,0.008846213
21,7,none,pz,1533,107,1,1,True,0.0012939414,0.9746508,0.008163846,0.01589144
21,7,none,pz,1534,107,0,0,True,0.37978226,0.3397622,0.15942268,0.121032804
21,7,none,pz,1535,107,0,0,True,0.81168824,0.059293482,0.12067921,0.008339102
21,7,none,pz,1536,107,1,1,True,0.00017113202,0.98063916,0.00025531207,0.018934386
21,7,none,pz,1537,107,0,0,True,0.7358797,0.23607528,0.02160471,0.0064403093
21,7,none,pz,1538,107,1,1,True,0.00079980365,0.9881529,0.0052175294,0.0058296355
21,7,none,pz,1539,107,0,0,True,0.8899126,0.049289502,0.046363894,0.014434026
21,7,none,pz,1540,107,1,1,True,0.0037030375,0.9840656,0.010211085,0.0020202931
21,7,none,pz,1541,107,0,0,True,0.97313076,0.0020862462,0.0044085924,0.020374423
21,7,none,pz,1542,107,1,1,True,0.007187925,0.96961457,0.015184184,0.008013289
21,7,none,pz,1543,107,0,0,True,0.78855455,0.042199608,0.08406891,0.085176885
21,7,none,pz,1544,107,1,1,True,0.04916744,0.7975467,0.06879557,0.084490255
21,7,none,pz,1545,107,0,0,True,0.9797935,0.00081123103,0.0073245256,0.0120707415
21,7,none,pz,1546,107,1,1,True,0.0024589305,0.8808659,0.04091728,0.075757876
21,7,none,pz,1547,107,0,0,True,0.9859935,0.003206552,0.008632897,0.002166971
21,7,none,pz,1548,107,3,1,False,0.04122118,0.6476942,0.040616106,0.27046853
21,7,none,pz,1549,107,2,1,False,0.03390718,0.62584907,0.26472902,0.075514786
21,7,none,pz,1550,107,3,3,True,0.047003128,0.33887002,0.1372946,0.47683233
21,7,none,pz,1551,107,2,1,False,0.006743803,0.95614237,0.027559608,0.009554227
21,7,none,pz,1552,107,3,0,False,0.7638217,0.099053286,0.07543546,0.061689556
21,7,none,pz,1553,107,2,2,True,0.107294604,0.09080723,0.6190422,0.18285598
21,7,none,pz,1554,107,2,0,False,0.74551064,0.13689022,0.01424631,0.10335282
21,7,none,pz,1555,107,3,0,False,0.49211287,0.018674277,0.00056907005,0.4886438
21,7,none,pz,1556,107,3,0,False,0.7514062,0.01164604,0.23465045,0.0022973598
21,7,none,pz,1557,107,2,2,True,0.048329163,0.4262251,0.4846715,0.040774234
21,7,none,pz,1558,107,2,1,False,0.02990174,0.9100305,0.023614716,0.03645316
21,7,none,pz,1559,107,3,0,False,0.66270906,0.26954952,0.022102127,0.045639306
21,7,none,pz,1560,107,2,3,False,0.12167481,0.28298023,0.20305122,0.39229378
21,7,none,pz,1561,107,3,3,True,0.05653176,0.36129564,0.10408621,0.47808638
21,7,none,pz,1562,107,3,3,True,0.28529987,0.02875755,0.11880495,0.5671376
21,7,none,pz,1563,107,1,1,True,0.027475802,0.90370595,0.019522673,0.049295608
21,7,none,pz,1564,107,0,0,True,0.87397146,0.093637474,0.022664642,0.00972648
21,7,none,pz,1565,107,1,1,True,0.04316678,0.8881875,0.053715292,0.014930429
21,7,none,pz,1566,107,0,0,True,0.80954975,0.16715407,0.0025052433,0.020790918
21,7,none,pz,1567,107,1,1,True,0.00020024063,0.999335,0.00024051366,0.0002242193
21,7,none,pz,1568,107,0,1,False,0.36713013,0.45190364,0.032958932,0.14800727
21,7,none,pz,1569,107,0,0,True,0.49269435,0.1834836,0.029914124,0.29390785
21,7,none,pz,1570,107,1,2,False,0.12835874,0.037247866,0.6707254,0.16366792
21,7,none,pz,1571,107,0,0,True,0.9924388,0.0024429108,0.0048750304,0.0002432418
21,7,none,pz,1572,107,1,0,False,0.5123023,0.2108919,0.19435504,0.08245073
21,7,none,pz,1573,107,0,1,False,0.22535837,0.39359942,0.19673887,0.18430336
21,7,none,pz,1574,107,1,2,False,0.07655414,0.07793638,0.67886674,0.1666427
21,7,none,pz,1575,107,1,2,False,0.046653144,0.13899325,0.8039891,0.010364481
21,7,none,pz,1576,107,0,1,False,0.11203607,0.8249467,0.022120241,0.040896986
21,7,none,pz,1577,107,0,0,True,0.80954754,0.047032118,0.060327183,0.083093144
21,7,none,pz,1578,107,3,0,False,0.36466095,0.14039464,0.21281292,0.28213146
21,7,none,pz,1579,107,2,3,False,0.19706428,0.043833666,0.03387391,0.72522813
21,7,none,pz,1580,107,3,0,False,0.8538865,0.04055765,0.018873582,0.086682215
21,7,none,pz,1581,107,2,3,False,0.062946655,0.26249942,0.2642904,0.41026348
21,7,none,pz,1582,107,2,1,False,0.07768532,0.81951773,0.06273286,0.040064212
21,7,none,pz,1583,107,3,0,False,0.42911795,0.03301461,0.16476072,0.37310672
21,7,none,pz,1584,107,3,0,False,0.9113456,0.032810334,0.01733159,0.038512487
21,7,none,pz,1585,107,2,0,False,0.4193511,0.22842628,0.34859636,0.0036262507
21,7,none,pz,1586,107,2,1,False,0.23187487,0.61776984,0.010144003,0.14021122
21,7,none,pz,1587,107,3,1,False,0.03076325,0.48420492,0.016565118,0.46846676
21,7,none,pz,1588,107,2,2,True,0.050446477,0.16760504,0.7505253,0.03142316
21,7,none,pz,1589,107,3,1,False,0.01891739,0.49179417,0.2514905,0.23779796
21,7,none,pz,1590,107,3,0,False,0.37079707,0.35227475,0.09564909,0.18127911
21,7,none,pz,1591,107,2,3,False,0.038180783,0.1614136,0.016336707,0.7840689
21,7,none,pz,1592,107,2,3,False,0.026342604,0.09962676,0.080275655,0.79375494
21,7,none,pz,1593,107,0,0,True,0.97249943,0.0155943725,0.004650612,0.0072556823
21,7,none,pz,1594,107,1,1,True,0.075595975,0.7308281,0.008713763,0.18486209
21,7,none,pz,1595,107,1,1,True,0.10405506,0.7960175,0.030514399,0.069413036
21,7,none,pz,1596,107,0,0,True,0.80115867,0.12857236,0.026873395,0.043395642
21,7,none,pz,1597,107,1,1,True,0.04636882,0.7321045,0.19655912,0.024967581
21,7,none,pz,1598,107,0,0,True,0.5029558,0.36622268,0.10486636,0.025955219
21,7,none,pz,1599,107,1,3,False,0.04829815,0.38794228,0.039026108,0.5247334
21,7,none,pz,1600,107,0,1,False,0.05205649,0.72337383,0.1739287,0.05064103
21,7,none,pz,1601,107,1,1,True,0.052018788,0.811602,0.045073234,0.09130601
21,7,none,pz,1602,107,0,3,False,0.022083752,0.1693908,0.028639313,0.7798861
21,7,none,pz,1603,107,0,0,True,0.8565598,0.09959071,0.0068596345,0.036989793
21,7,none,pz,1604,107,1,1,True,0.048456386,0.9403573,0.010292309,0.0008939482
21,7,none,pz,1605,107,0,3,False,0.24976435,0.25677964,0.11703531,0.37642068
21,7,none,pz,1606,107,1,1,True,0.09988044,0.44916147,0.27506337,0.17589475
21,7,none,pz,1607,107,0,1,False,0.0051436434,0.9543848,0.004677955,0.035793673
21,7,none,pz,1608,107,3,0,False,0.4643899,0.23845915,0.2645596,0.03259139
21,7,none,pz,1609,107,2,1,False,0.04229804,0.5390013,0.07517482,0.34352583
21,7,none,pz,1610,107,2,0,False,0.7859605,0.06662222,0.09307034,0.054347035
21,7,none,pz,1611,107,3,3,True,0.11204885,0.08375151,0.04992131,0.7542783
21,7,none,pz,1612,107,2,1,False,0.14670321,0.84484464,0.006074516,0.0023776474
21,7,none,pz,1613,107,3,0,False,0.6007102,0.28887954,0.08849848,0.021911694
21,7,none,pz,1614,107,3,1,False,0.035484143,0.8114207,0.052783947,0.100311264
21,7,none,pz,1615,107,2,2,True,0.052168004,0.27454573,0.58807987,0.08520645
21,7,none,pz,1616,107,2,0,False,0.6663894,0.056249015,0.21378987,0.06357173
21,7,none,pz,1617,107,3,3,True,0.008233757,0.46744496,0.02292943,0.5013919
21,7,none,pz,1618,107,2,2,True,0.10960328,0.0736719,0.6287296,0.18799528
21,7,none,pz,1619,107,3,1,False,0.031448785,0.5001565,0.17507541,0.2933193
21,7,none,pz,1620,107,2,3,False,0.038336616,0.20080066,0.11805335,0.64280933
21,7,none,pz,1621,107,3,1,False,0.002463316,0.63305444,0.11949832,0.24498397
21,7,none,pz,1622,107,3,3,True,0.23986696,0.24907364,0.18329155,0.32776785
21,7,none,pz,1623,108,0,0,True,0.96549106,0.0004492209,0.0038547276,0.030204933
21,7,none,pz,1624,108,1,1,True,0.00010886265,0.9966629,0.0008939968,0.0023342564
21,7,none,pz,1625,108,0,3,False,0.1616208,0.0046697645,0.0056251325,0.8280843
21,7,none,pz,1626,108,1,0,False,0.4153505,0.22979641,0.0077725425,0.3470806
21,7,none,pz,1627,108,0,0,True,0.99370265,0.00046019818,0.00036707977,0.005470015
21,7,none,pz,1628,108,1,1,True,0.00035120742,0.99840575,2.2483919e-05,0.001220531
21,7,none,pz,1629,108,1,1,True,4.9863746e-05,0.9844413,0.00014247243,0.015366367
21,7,none,pz,1630,108,0,0,True,0.98395175,0.0009509147,0.00038014734,0.014717138
21,7,none,pz,1631,108,0,0,True,0.99959415,1.4851107e-05,1.8778019e-05,0.00037216538
21,7,none,pz,1632,108,1,1,True,0.009622094,0.91086435,0.0026573334,0.07685613
21,7,none,pz,1633,108,0,0,True,0.9980604,0.0001620344,0.0015514434,0.0002260026
21,7,none,pz,1634,108,1,1,True,0.09786996,0.54666734,0.036487944,0.31897476
21,7,none,pz,1635,108,0,3,False,0.24981643,0.21421799,0.17007063,0.36589494
21,7,none,pz,1636,108,1,1,True,0.011428843,0.9174773,0.043912694,0.027181167
21,7,none,pz,1637,108,1,1,True,0.00022378341,0.9598279,0.00059136463,0.039356954
21,7,none,pz,1638,108,2,1,False,0.005355347,0.5486148,0.3649228,0.081107065
21,7,none,pz,1639,108,3,3,True,0.00042395008,0.019245123,0.01866506,0.9616659
21,7,none,pz,1640,108,2,3,False,0.028137956,0.16506822,0.1676484,0.63914543
21,7,none,pz,1641,108,3,3,True,0.0021361033,0.1458187,0.038035996,0.8140092
21,7,none,pz,1642,108,3,3,True,0.0018488539,0.020153316,0.011402044,0.96659577
21,7,none,pz,1643,108,2,1,False,0.067983404,0.48986968,0.3896005,0.052546363
21,7,none,pz,1644,108,2,0,False,0.6045364,0.019133931,0.13459511,0.24173458
21,7,none,pz,1645,108,3,3,True,0.010180345,0.03589323,0.014550955,0.93937546
21,7,none,pz,1646,108,2,1,False,0.028930657,0.96470994,0.0037550814,0.002604308
21,7,none,pz,1647,108,3,3,True,0.03528875,0.28000462,0.03370647,0.65100014
21,7,none,pz,1648,108,3,3,True,0.005751812,0.04405751,0.052642558,0.89754814
21,7,none,pz,1649,108,2,1,False,0.050571945,0.7282173,0.12809555,0.093115196
21,7,none,pz,1650,108,3,3,True,0.10678699,0.009444973,0.03821201,0.845556
21,7,none,pz,1651,108,2,2,True,0.014859784,0.3159058,0.57539326,0.09384117
21,7,none,pz,1652,108,3,3,True,0.06518381,0.025394553,0.43075317,0.4786684
21,7,none,pz,1653,108,1,1,True,9.870654e-05,0.6702441,0.3231498,0.0065074507
21,7,none,pz,1654,108,0,1,False,0.06411532,0.4709752,0.28444833,0.18046118
21,7,none,pz,1655,108,1,1,True,0.017179713,0.46966317,0.41589072,0.09726641
21,7,none,pz,1656,108,0,0,True,0.91328263,0.0007447205,0.0063902764,0.07958245
21,7,none,pz,1657,108,0,0,True,0.78876024,0.013613149,0.0013476831,0.19627893
21,7,none,pz,1658,108,1,1,True,0.0007830303,0.9800252,0.0076611983,0.011530538
21,7,none,pz,1659,108,1,1,True,0.0015528837,0.9896373,0.0055998606,0.0032099355
21,7,none,pz,1660,108,0,0,True,0.981861,0.0052877134,0.0056233895,0.007227847
21,7,none,pz,1661,108,0,0,True,0.9920528,0.00088006654,0.002597809,0.0044692745
21,7,none,pz,1662,108,1,1,True,5.585319e-05,0.996545,0.0030187573,0.00038044807
21,7,none,pz,1663,108,1,1,True,0.0005033402,0.97366977,0.0066802907,0.019146565
21,7,none,pz,1664,108,0,0,True,0.8663068,0.004767053,0.037248936,0.09167724
21,7,none,pz,1665,108,1,1,True,0.0073903613,0.59897393,0.33358857,0.060047053
21,7,none,pz,1666,108,0,0,True,0.92917526,0.0061214953,0.019865362,0.04483791
21,7,none,pz,1667,108,1,0,False,0.4729776,0.34749442,0.026279815,0.15324813
21,7,none,pz,1668,108,3,3,True,0.0033067658,0.010641398,0.015732268,0.9703196
21,7,none,pz,1669,108,2,3,False,0.07632572,0.07178918,0.35302663,0.49885845
21,7,none,pz,1670,108,3,3,True,0.034494314,0.015172671,0.03847078,0.9118622
21,7,none,pz,1671,108,2,2,True,0.0131902965,0.05167814,0.9212177,0.013913872
21,7,none,pz,1672,108,2,2,True,0.03389595,0.23875405,0.38242158,0.34492835
21,7,none,pz,1673,108,3,3,True,0.0045010857,0.070094444,0.020501766,0.9049027
21,7,none,pz,1674,108,2,2,True,0.014412311,0.20523803,0.75334895,0.027000755
21,7,none,pz,1675,108,3,1,False,0.01621793,0.71103865,0.2077618,0.064981624
21,7,none,pz,1676,108,2,1,False,0.009429498,0.92353594,0.060458284,0.0065763253
21,7,none,pz,1677,108,3,1,False,0.029273672,0.48042646,0.32466787,0.16563201
21,7,none,pz,1678,108,2,2,True,0.060724303,0.30588734,0.5495894,0.08379893
21,7,none,pz,1679,108,3,3,True,0.12530276,0.18279167,0.255422,0.43648356
21,7,none,pz,1680,108,2,2,True,0.009628543,0.004046095,0.7261805,0.26014492
21,7,none,pz,1681,108,3,3,True,0.30363894,0.06060037,0.08243446,0.55332625
21,7,none,pz,1682,108,3,3,True,0.29599082,0.07497862,0.27928707,0.34974352
21,7,none,pz,1683,108,1,1,True,0.0021265235,0.8279689,0.10434466,0.06555998
21,7,none,pz,1684,108,0,0,True,0.4651371,0.06940945,0.40396228,0.06149109
21,7,none,pz,1685,108,0,2,False,0.03775389,0.12847471,0.5697496,0.26402175
21,7,none,pz,1686,108,1,2,False,0.035546858,0.17789501,0.7664719,0.020086294
21,7,none,pz,1687,108,0,1,False,0.068363756,0.5010471,0.042907022,0.38768214
21,7,none,pz,1688,108,1,2,False,0.10386903,0.35090637,0.54098284,0.004241781
21,7,none,pz,1689,108,1,1,True,4.9947455e-05,0.98957014,0.010106015,0.00027388724
21,7,none,pz,1690,108,0,0,True,0.7749949,0.0067593744,0.035395507,0.18285018
21,7,none,pz,1691,108,0,1,False,0.12740901,0.42254448,0.14980479,0.30024174
21,7,none,pz,1692,108,1,1,True,0.0013256355,0.99355185,0.004062955,0.0010595116
21,7,none,pz,1693,108,0,3,False,0.24732059,0.0888222,0.033670556,0.6301867
21,7,none,pz,1694,108,1,1,True,0.17708562,0.5782241,0.043171916,0.20151839
21,7,none,pz,1695,108,1,1,True,0.00015986463,0.99968934,7.670367e-05,7.4098134e-05
21,7,none,pz,1696,108,0,0,True,0.83487993,0.027414657,0.08241203,0.05529337
21,7,none,pz,1697,108,0,0,True,0.9991968,0.000214576,6.1800776e-05,0.0005268242
21,7,none,pz,1698,108,3,3,True,0.045996927,0.36986086,0.038160414,0.5459818
21,7,none,pz,1699,108,2,2,True,0.009654819,0.08063812,0.6341485,0.2755586
21,7,none,pz,1700,108,2,2,True,0.019084075,0.013314469,0.8170858,0.15051559
21,7,none,pz,1701,108,3,3,True,0.0017067979,0.004709514,0.004837385,0.98874635
21,7,none,pz,1702,108,2,3,False,0.10692031,0.11917608,0.18987876,0.58402485
21,7,none,pz,1703,108,3,2,False,0.09365374,0.022662574,0.8085481,0.07513566
21,7,none,pz,1704,108,3,3,True,0.005876085,0.007108605,0.07272849,0.9142868
21,7,none,pz,1705,108,2,2,True,0.0024245216,0.030430244,0.9465344,0.020610737
21,7,none,pz,1706,108,3,3,True,0.047297064,0.09969766,0.21466474,0.63834053
21,7,none,pz,1707,108,2,1,False,0.03237338,0.7235588,0.09410873,0.14995915
21,7,none,pz,1708,108,2,2,True,0.11688148,0.045185793,0.5911867,0.24674596
21,7,none,pz,1709,108,3,3,True,0.010339169,0.02428315,0.031187193,0.93419045
21,7,none,pz,1710,108,2,1,False,0.025152126,0.63554615,0.10201401,0.2372878
21,7,none,pz,1711,108,3,3,True,0.009293368,0.31717688,0.012215367,0.6613144
21,7,none,pz,1712,108,2,0,False,0.54620093,0.29215628,0.08193281,0.07970997
21,7,none,pz,1713,109,0,0,True,0.909836,0.0029221217,0.012100112,0.075141765
21,7,none,pz,1714,109,1,2,False,0.2850508,0.28690794,0.39035434,0.03768697
21,7,none,pz,1715,109,1,1,True,0.00029684923,0.99888164,0.00046456693,0.00035697556
21,7,none,pz,1716,109,0,2,False,0.048142392,0.08007645,0.75852937,0.113251776
21,7,none,pz,1717,109,1,1,True,0.030659346,0.94284874,0.022995526,0.003496427
21,7,none,pz,1718,109,0,0,True,0.5433522,0.03841599,0.38880563,0.02942619
21,7,none,pz,1719,109,1,2,False,0.070929475,0.28774107,0.6300226,0.011306837
21,7,none,pz,1720,109,0,0,True,0.79214674,0.0058758925,0.19854566,0.003431767
21,7,none,pz,1721,109,1,1,True,0.057847273,0.87309223,0.014625476,0.054435086
21,7,none,pz,1722,109,0,2,False,0.018632073,0.04235225,0.8899694,0.049046222
21,7,none,pz,1723,109,0,0,True,0.8322603,0.002136396,0.10122946,0.06437385
21,7,none,pz,1724,109,1,1,True,0.01497735,0.70636904,0.07170118,0.2069524
21,7,none,pz,1725,109,0,0,True,0.9992429,1.3394171e-05,0.0006608655,8.294338e-05
21,7,none,pz,1726,109,1,0,False,0.43459907,0.23595144,0.05468584,0.27476367
21,7,none,pz,1727,109,1,1,True,0.07965623,0.59275806,0.31663105,0.0109546995
21,7,none,pz,1728,109,3,1,False,0.023510871,0.5019667,0.28324378,0.19127859
21,7,none,pz,1729,109,2,2,True,0.014630769,0.139295,0.6989132,0.14716102
21,7,none,pz,1730,109,2,1,False,0.17926586,0.42363113,0.27796885,0.11913414
21,7,none,pz,1731,109,3,3,True,0.09817393,0.0030004268,0.2052302,0.6935954
21,7,none,pz,1732,109,3,2,False,0.01127773,0.017238056,0.61237884,0.35910538
21,7,none,pz,1733,109,2,2,True,0.17878173,0.19065677,0.48190504,0.14865641
21,7,none,pz,1734,109,2,2,True,0.06694612,0.023800226,0.8893801,0.019873574
21,7,none,pz,1735,109,3,2,False,0.23758031,0.15059501,0.32037064,0.29145405
21,7,none,pz,1736,109,2,3,False,0.15093769,0.038974606,0.36185396,0.44823375
21,7,none,pz,1737,109,3,3,True,0.0340559,0.18152848,0.18700711,0.5974085
21,7,none,pz,1738,109,2,1,False,0.3956371,0.40600318,0.025124831,0.17323484
21,7,none,pz,1739,109,3,2,False,0.32338953,0.19624305,0.4357798,0.04458761
21,7,none,pz,1740,109,3,2,False,0.05832035,0.06392671,0.68013835,0.1976146
21,7,none,pz,1741,109,2,3,False,0.29547974,0.07156266,0.09948081,0.53347677
21,7,none,pz,1742,109,2,1,False,0.012519117,0.8868904,0.029962461,0.070628025
21,7,none,pz,1743,109,1,1,True,0.013295302,0.7578488,0.19239187,0.036463954
21,7,none,pz,1744,109,0,0,True,0.5002456,0.14625834,0.25970912,0.09378695
21,7,none,pz,1745,109,1,0,False,0.86006147,0.050012156,0.054259993,0.035666425
21,7,none,pz,1746,109,0,3,False,0.12397289,0.009427741,0.33372667,0.5328727
21,7,none,pz,1747,109,0,0,True,0.958609,0.0007081877,0.008697108,0.031985708
21,7,none,pz,1748,109,1,2,False,0.21521609,0.029187413,0.7471292,0.008467366
21,7,none,pz,1749,109,0,2,False,0.27583608,0.092850685,0.4157098,0.2156035
21,7,none,pz,1750,109,1,1,True,0.2499193,0.44511694,0.044518847,0.26044494
21,7,none,pz,1751,109,1,1,True,0.042219587,0.549226,0.38281164,0.025742782
21,7,none,pz,1752,109,0,2,False,0.122171454,0.008558472,0.8521842,0.01708589
21,7,none,pz,1753,109,1,0,False,0.484586,0.07353093,0.0038591549,0.4380239
21,7,none,pz,1754,109,0,1,False,0.14930342,0.50824875,0.059206165,0.28324172
21,7,none,pz,1755,109,1,1,True,0.009308281,0.96565807,0.023273468,0.001760208
21,7,none,pz,1756,109,0,1,False,0.111412756,0.7409382,0.050555795,0.097093195
21,7,none,pz,1757,109,0,0,True,0.99170774,0.004098481,0.00069908757,0.0034947814
21,7,none,pz,1758,109,2,3,False,0.08790101,0.015415587,0.013708319,0.8829751
21,7,none,pz,1759,109,3,0,False,0.5968497,0.032598417,0.08329678,0.28725517
21,7,none,pz,1760,109,2,3,False,0.046873704,0.06675837,0.13954185,0.74682605
21,7,none,pz,1761,109,3,3,True,0.20006996,0.06795487,0.063559175,0.668416
21,7,none,pz,1762,109,3,1,False,0.09270562,0.609488,0.021156356,0.27664992
21,7,none,pz,1763,109,2,3,False,0.029311106,0.028784122,0.166568,0.77533686
21,7,none,pz,1764,109,3,3,True,0.028588718,0.026527744,0.1808281,0.7640555
21,7,none,pz,1765,109,2,3,False,0.117812835,0.1884694,0.15405907,0.5396587
21,7,none,pz,1766,109,3,1,False,0.04356029,0.4770306,0.08039579,0.39901337
21,7,none,pz,1767,109,2,3,False,0.24862255,0.018580269,0.36265442,0.3701428
21,7,none,pz,1768,109,2,2,True,0.06034466,0.20648251,0.48846626,0.24470657
21,7,none,pz,1769,109,3,3,True,0.14164644,0.0072039436,0.004267015,0.8468826
21,7,none,pz,1770,109,2,1,False,0.08848809,0.46999815,0.18626113,0.25525257
21,7,none,pz,1771,109,3,3,True,0.004245271,0.01739334,0.07813538,0.90022594
21,7,none,pz,1772,109,2,0,False,0.5004524,0.0442641,0.33591232,0.11937114
21,7,none,pz,1773,109,1,1,True,0.021475676,0.5033431,0.17311743,0.30206382
21,7,none,pz,1774,109,0,2,False,0.19341487,0.032281034,0.7365267,0.037777368
21,7,none,pz,1775,109,1,0,False,0.5722041,0.039751347,0.38062036,0.007424199
21,7,none,pz,1776,109,0,3,False,0.03846003,0.00984711,0.02160076,0.93009216
21,7,none,pz,1777,109,0,2,False,0.07806923,0.013937465,0.8576075,0.050385766
21,7,none,pz,1778,109,1,1,True,0.047427017,0.5796685,0.03649987,0.33640456
21,7,none,pz,1779,109,1,0,False,0.46425527,0.12443684,0.16998188,0.24132597
21,7,none,pz,1780,109,0,3,False,0.017858127,0.0040966813,0.23114428,0.74690086
21,7,none,pz,1781,109,1,0,False,0.733503,0.112994894,0.05323138,0.10027074
21,7,none,pz,1782,109,0,1,False,0.16928165,0.5800213,0.23016807,0.020528946
21,7,none,pz,1783,109,0,0,True,0.8408897,0.031962488,0.032315288,0.09483253
21,7,none,pz,1784,109,1,2,False,0.23108359,0.029158989,0.47309825,0.26665917
21,7,none,pz,1785,109,0,0,True,0.94452935,0.0026472022,0.030388618,0.02243489
21,7,none,pz,1786,109,1,2,False,0.38067934,0.016514204,0.41432112,0.18848532
21,7,none,pz,1787,109,0,2,False,0.07295654,0.028084628,0.83862245,0.060336348
21,7,none,pz,1788,109,2,2,True,0.010530187,0.4717031,0.4978159,0.019950815
21,7,none,pz,1789,109,3,2,False,0.23135024,0.013465698,0.4640693,0.29111475
21,7,none,pz,1790,109,2,3,False,0.054476947,0.3833335,0.060676653,0.5015129
21,7,none,pz,1791,109,3,3,True,0.13109475,0.017958267,0.2029944,0.64795256
21,7,none,pz,1792,109,2,3,False,0.048285317,0.010653696,0.25988546,0.68117553
21,7,none,pz,1793,109,3,3,True,0.07075311,0.028683254,0.26399955,0.6365641
21,7,none,pz,1794,109,2,0,False,0.5656939,0.0051376913,0.41001078,0.019157624
21,7,none,pz,1795,109,3,3,True,0.06431931,0.027311694,0.24826406,0.66010493
21,7,none,pz,1796,109,3,3,True,0.05072411,0.2549284,0.056505255,0.63784224
21,7,none,pz,1797,109,2,2,True,0.044290476,0.02593934,0.73050755,0.19926262
21,7,none,pz,1798,109,3,1,False,0.017035345,0.8163894,0.014690796,0.15188453
21,7,none,pz,1799,109,2,3,False,0.087583825,0.1165731,0.07034628,0.7254968
21,7,none,pz,1800,109,2,2,True,0.009548262,0.0052333083,0.5758583,0.40936014
21,7,none,pz,1801,109,3,2,False,0.056716166,0.020571856,0.7659617,0.15675026
21,7,none,pz,1802,109,3,0,False,0.52615654,0.043600358,0.16134575,0.26889738
21,7,none,fcz,0,90,0,0,True,0.7791502,0.02282098,0.03710519,0.1609236
21,7,none,fcz,1,90,1,1,True,0.07643321,0.90738446,0.012372711,0.0038096055
21,7,none,fcz,2,90,1,1,True,0.0009798314,0.99844223,6.565194e-05,0.00051224744
21,7,none,fcz,3,90,0,0,True,0.84412366,0.016736936,0.11127035,0.027869092
21,7,none,fcz,4,90,1,1,True,0.01497397,0.9689979,0.013657269,0.0023708253
21,7,none,fcz,5,90,0,0,True,0.85130775,0.0030962534,0.110775165,0.034820862
21,7,none,fcz,6,90,1,1,True,0.13676357,0.8280072,0.008795476,0.02643371
21,7,none,fcz,7,90,0,0,True,0.9909334,0.0028357294,0.0019144472,0.004316545
21,7,none,fcz,8,90,0,0,True,0.69646525,0.181979,0.018016579,0.10353912
21,7,none,fcz,9,90,1,1,True,0.0007677467,0.98500997,0.013785862,0.0004365004
21,7,none,fcz,10,90,0,0,True,0.5434442,0.38755214,0.06333002,0.005673627
21,7,none,fcz,11,90,1,1,True,0.0016215822,0.99811894,0.0002185596,4.0960917e-05
21,7,none,fcz,12,90,0,0,True,0.83561087,0.015938744,0.07489716,0.07355318
21,7,none,fcz,13,90,1,2,False,0.04472365,0.1290614,0.8211277,0.0050871936
21,7,none,fcz,14,90,1,1,True,0.028526096,0.88555545,0.08527038,0.00064817193
21,7,none,fcz,15,90,3,0,False,0.4495561,0.40533215,0.11288604,0.032225747
21,7,none,fcz,16,90,2,2,True,0.043947536,0.030487482,0.7899383,0.13562675
21,7,none,fcz,17,90,2,2,True,0.18335673,0.1278447,0.3581808,0.3306178
21,7,none,fcz,18,90,3,3,True,0.25282627,0.08079259,0.14505626,0.5213249
21,7,none,fcz,19,90,3,2,False,0.04221964,0.038630128,0.5237289,0.39542133
21,7,none,fcz,20,90,2,2,True,0.18047991,0.2212326,0.5923184,0.005969105
21,7,none,fcz,21,90,3,3,True,0.05178813,0.09290501,0.41087213,0.44443473
21,7,none,fcz,22,90,2,1,False,0.22122379,0.4406429,0.32061803,0.017515302
21,7,none,fcz,23,90,2,2,True,0.015103666,0.019675251,0.94427556,0.020945424
21,7,none,fcz,24,90,3,0,False,0.5139966,0.22382317,0.2225913,0.03958892
21,7,none,fcz,25,90,2,2,True,0.06158484,0.08251313,0.84493387,0.010968229
21,7,none,fcz,26,90,3,2,False,0.24717972,0.21184534,0.42527565,0.11569924
21,7,none,fcz,27,90,3,3,True,0.15621877,0.074335545,0.384083,0.3853627
21,7,none,fcz,28,90,2,1,False,0.21353438,0.39591494,0.3174631,0.07308755
21,7,none,fcz,29,90,2,2,True,0.017644834,0.14989485,0.82464546,0.007814782
21,7,none,fcz,30,90,1,1,True,0.05256114,0.9420633,0.005141823,0.00023386169
21,7,none,fcz,31,90,0,0,True,0.6394484,0.065885976,0.27032223,0.024343392
21,7,none,fcz,32,90,1,1,True,3.3078377e-05,0.99967444,5.3825363e-05,0.00023852871
21,7,none,fcz,33,90,0,0,True,0.4696647,0.045977503,0.45026803,0.03408976
21,7,none,fcz,34,90,1,1,True,0.015996685,0.87700546,0.0857407,0.021257188
21,7,none,fcz,35,90,0,2,False,0.124156915,0.14061703,0.7105361,0.02468997
21,7,none,fcz,36,90,1,1,True,0.018037923,0.8851413,0.023808058,0.07301272
21,7,none,fcz,37,90,0,0,True,0.84447706,0.08446054,0.06573602,0.005326431
21,7,none,fcz,38,90,1,1,True,0.006984944,0.743194,0.2471023,0.0027187457
21,7,none,fcz,39,90,0,2,False,0.39433864,0.019719973,0.5442998,0.04164161
21,7,none,fcz,40,90,1,1,True,0.20523825,0.71832055,0.047384225,0.02905692
21,7,none,fcz,41,90,0,0,True,0.52716655,0.002805528,0.37632218,0.093705766
21,7,none,fcz,42,90,1,1,True,0.0049899,0.8876952,0.10581495,0.0014998819
21,7,none,fcz,43,90,0,2,False,0.08647397,0.15134637,0.67643607,0.08574362
21,7,none,fcz,44,90,1,1,True,0.00017030856,0.96629524,0.03304036,0.00049417367
21,7,none,fcz,45,90,2,2,True,0.26043692,0.03112182,0.6321124,0.076328896
21,7,none,fcz,46,90,3,2,False,0.02864199,0.008633112,0.9105627,0.052162144
21,7,none,fcz,47,90,3,3,True,0.058562443,0.09570839,0.39879557,0.44693354
21,7,none,fcz,48,90,2,2,True,0.13676032,0.027171724,0.53063625,0.3054317
21,7,none,fcz,49,90,3,1,False,0.101835184,0.37476292,0.29055566,0.23284619
21,7,none,fcz,50,90,2,2,True,0.084656365,0.03889402,0.8232416,0.05320802
21,7,none,fcz,51,90,3,3,True,0.06590399,0.074037835,0.122545525,0.7375127
21,7,none,fcz,52,90,2,2,True,0.061771005,0.11144748,0.7383323,0.088449225
21,7,none,fcz,53,90,3,2,False,0.12059975,0.01213804,0.65163726,0.21562497
21,7,none,fcz,54,90,2,2,True,0.20701928,0.02641274,0.6632108,0.10335718
21,7,none,fcz,55,90,2,2,True,0.03877961,0.17380567,0.72292733,0.06448735
21,7,none,fcz,56,90,3,2,False,0.01806712,0.00625842,0.9265343,0.049140204
21,7,none,fcz,57,90,2,2,True,0.024518121,0.016588861,0.8901728,0.06872024
21,7,none,fcz,58,90,3,2,False,0.14727396,0.010222529,0.5328623,0.3096412
21,7,none,fcz,59,90,3,3,True,0.073607124,0.12592238,0.3112075,0.489263
21,7,none,fcz,60,90,1,1,True,0.035830297,0.90791893,0.053473987,0.0027767655
21,7,none,fcz,61,90,0,0,True,0.81565213,0.067910045,0.09461227,0.021825489
21,7,none,fcz,62,90,1,1,True,0.030400526,0.92074424,0.048295267,0.0005599163
21,7,none,fcz,63,90,0,2,False,0.42537397,0.04570374,0.47743008,0.05149223
21,7,none,fcz,64,90,0,0,True,0.83051276,0.001090968,0.1625311,0.005865225
21,7,none,fcz,65,90,1,1,True,0.0038028618,0.9813286,0.014632739,0.00023572567
21,7,none,fcz,66,90,1,1,True,0.030214457,0.5431258,0.4214868,0.0051729553
21,7,none,fcz,67,90,0,0,True,0.8625587,0.009191346,0.09997347,0.02827652
21,7,none,fcz,68,90,0,0,True,0.9640229,0.0025205496,0.03141969,0.0020368523
21,7,none,fcz,69,90,1,2,False,0.14708963,0.16559319,0.43384513,0.25347206
21,7,none,fcz,70,90,1,1,True,0.014896157,0.9677653,0.0097780675,0.0075605405
21,7,none,fcz,71,90,0,2,False,0.4178144,0.028386312,0.4982312,0.055568058
21,7,none,fcz,72,90,1,2,False,0.03826539,0.058388133,0.8810361,0.022310438
21,7,none,fcz,73,90,0,0,True,0.50417703,0.017957725,0.47233522,0.005530034
21,7,none,fcz,74,90,0,0,True,0.65385276,0.012797313,0.25213218,0.08121774
21,7,none,fcz,75,90,2,2,True,0.00907937,0.026281709,0.73138356,0.23325539
21,7,none,fcz,76,90,3,0,False,0.8484976,0.025814675,0.113407664,0.01228008
21,7,none,fcz,77,90,2,2,True,0.070684314,0.043085236,0.85968065,0.026549779
21,7,none,fcz,78,90,3,2,False,0.048242547,0.018184962,0.50221825,0.43135422
21,7,none,fcz,79,90,2,1,False,0.007817369,0.7808339,0.20638956,0.004959149
21,7,none,fcz,80,90,3,2,False,0.13241272,0.180145,0.5623093,0.12513295
21,7,none,fcz,81,90,2,2,True,0.010907006,0.009756379,0.8476082,0.13172849
21,7,none,fcz,82,90,3,2,False,0.06566731,0.107845634,0.71401465,0.1124725
21,7,none,fcz,83,90,2,2,True,0.012765478,0.0024787625,0.98143137,0.0033244784
21,7,none,fcz,84,90,3,2,False,0.022721319,0.050518837,0.7417111,0.18504873
21,7,none,fcz,85,90,2,0,False,0.38851333,0.15484522,0.34846166,0.10817979
21,7,none,fcz,86,90,3,0,False,0.4193096,0.13475676,0.19893351,0.24700011
21,7,none,fcz,87,90,3,2,False,0.41019836,0.09886637,0.4394162,0.05151907
21,7,none,fcz,88,90,2,2,True,0.024139648,0.033034556,0.8461894,0.09663646
21,7,none,fcz,89,90,3,1,False,0.330359,0.44846725,0.1079063,0.11326738
21,7,none,fcz,90,91,0,0,True,0.7815061,0.08627049,0.11253783,0.019685488
21,7,none,fcz,91,91,1,0,False,0.48677477,0.12553938,0.21997699,0.16770883
21,7,none,fcz,92,91,0,2,False,0.08837305,0.057530515,0.56832916,0.28576726
21,7,none,fcz,93,91,1,1,True,0.023124076,0.59185183,0.12273984,0.26228428
21,7,none,fcz,94,91,1,1,True,0.0007181216,0.998083,0.0009956696,0.00020321624
21,7,none,fcz,95,91,0,0,True,0.9846726,0.0053337426,0.0077551156,0.002238605
21,7,none,fcz,96,91,1,1,True,0.11776368,0.85510385,0.022486601,0.00464583
21,7,none,fcz,97,91,0,0,True,0.6703197,0.20938933,0.065155275,0.055135705
21,7,none,fcz,98,91,0,0,True,0.99383706,0.002557828,0.0024125886,0.001192394
21,7,none,fcz,99,91,1,1,True,0.089256115,0.6048934,0.13300286,0.17284757
21,7,none,fcz,100,91,0,0,True,0.99714273,0.0007072294,0.0014124092,0.0007375282
21,7,none,fcz,101,91,1,2,False,0.0022628463,0.15372322,0.8248095,0.019204471
21,7,none,fcz,102,91,1,1,True,0.0056769694,0.9497095,0.022971088,0.021642435
21,7,none,fcz,103,91,0,0,True,0.94791126,0.0026534367,0.047448087,0.0019872058
21,7,none,fcz,104,91,0,0,True,0.9858466,0.004560989,0.0092693,0.00032312455
21,7,none,fcz,105,91,2,3,False,0.01075791,0.38245088,0.1343573,0.47243395
21,7,none,fcz,106,91,3,3,True,0.0022104953,0.14135008,0.17549306,0.6809464
21,7,none,fcz,107,91,3,3,True,0.008194013,0.081067115,0.045235593,0.86550325
21,7,none,fcz,108,91,2,2,True,0.0032153104,0.021669203,0.9607003,0.014415137
21,7,none,fcz,109,91,2,2,True,0.0025444895,0.009163242,0.9484553,0.039836936
21,7,none,fcz,110,91,3,2,False,0.11259857,0.07735768,0.60201514,0.20802858
21,7,none,fcz,111,91,3,3,True,0.0057372395,0.097852185,0.12572756,0.770683
21,7,none,fcz,112,91,2,2,True,0.034963522,0.118900634,0.734984,0.11115184
21,7,none,fcz,113,91,3,2,False,0.022946848,0.007655732,0.9167274,0.052670028
21,7,none,fcz,114,91,2,2,True,0.00035147712,0.003468072,0.9958682,0.0003121759
21,7,none,fcz,115,91,3,2,False,0.002777259,0.007942588,0.97289443,0.016385755
21,7,none,fcz,116,91,2,2,True,0.03313627,0.09954161,0.7577175,0.10960461
21,7,none,fcz,117,91,2,2,True,0.02233383,0.060861327,0.49954712,0.4172578
21,7,none,fcz,118,91,3,2,False,0.013972563,0.017052447,0.9319089,0.037066035
21,7,none,fcz,119,91,2,2,True,0.0005417337,0.034866624,0.96102387,0.0035678707
21,7,none,fcz,120,91,0,0,True,0.7776007,0.12881538,0.07828339,0.015300531
21,7,none,fcz,121,91,1,2,False,0.027451156,0.011913388,0.6664736,0.29416186
21,7,none,fcz,122,91,1,1,True,0.012695624,0.82778406,0.12211977,0.0374005
21,7,none,fcz,123,91,0,3,False,0.010036688,0.11729587,0.32063028,0.5520371
21,7,none,fcz,124,91,0,0,True,0.98538834,0.0063166693,0.0041059786,0.0041890545
21,7,none,fcz,125,91,1,2,False,0.024872622,0.1735098,0.49716815,0.30444938
21,7,none,fcz,126,91,1,1,True,0.00013079215,0.55203396,0.41733932,0.030495958
21,7,none,fcz,127,91,0,3,False,0.063013144,0.020205332,0.38113534,0.5356462
21,7,none,fcz,128,91,0,0,True,0.99828964,6.710475e-05,0.0004951572,0.0011480916
21,7,none,fcz,129,91,1,1,True,0.004181708,0.80207336,0.10600383,0.08774115
21,7,none,fcz,130,91,1,3,False,0.0032181889,0.30330682,0.23422256,0.45925236
21,7,none,fcz,131,91,0,0,True,0.9824164,0.00094657566,0.015887901,0.00074904226
21,7,none,fcz,132,91,1,1,True,0.083310485,0.6829059,0.06510345,0.16868013
21,7,none,fcz,133,91,0,3,False,0.045124255,0.023706041,0.019589458,0.9115802
21,7,none,fcz,134,91,1,0,False,0.7895683,0.0014209376,0.114201024,0.094809726
21,7,none,fcz,135,91,2,1,False,0.10998137,0.46650296,0.14639291,0.27712268
21,7,none,fcz,136,91,3,2,False,0.023898836,0.034591377,0.73564225,0.20586757
21,7,none,fcz,137,91,2,2,True,0.06995685,0.17235868,0.59579813,0.16188636
21,7,none,fcz,138,91,3,2,False,0.0039475905,0.005925137,0.9015149,0.088612355
21,7,none,fcz,139,91,2,2,True,0.011561321,0.025809418,0.5896621,0.37296715
21,7,none,fcz,140,91,3,3,True,0.00021215565,0.0046215462,0.04838564,0.9467806
21,7,none,fcz,141,91,2,2,True,0.005099767,0.022251649,0.9708019,0.0018466249
21,7,none,fcz,142,91,3,3,True,0.002149733,0.0032483286,0.089671135,0.9049308
21,7,none,fcz,143,91,2,2,True,0.0074456427,0.3445616,0.584941,0.063051715
21,7,none,fcz,144,91,3,2,False,0.0005974136,0.06432532,0.62933075,0.3057465
21,7,none,fcz,145,91,3,3,True,0.026003776,0.085363984,0.036328007,0.8523042
21,7,none,fcz,146,91,2,3,False,0.36039558,0.0095959995,0.045855723,0.5841527
21,7,none,fcz,147,91,2,3,False,0.0017221705,0.04327495,0.21506332,0.7399396
21,7,none,fcz,148,91,3,3,True,0.025552543,0.027718162,0.40190187,0.5448274
21,7,none,fcz,149,91,3,3,True,0.0056488113,0.12798837,0.039979313,0.8263835
21,7,none,fcz,150,91,1,1,True,1.9595338e-06,0.9882178,0.011678714,0.00010157864
21,7,none,fcz,151,91,0,3,False,0.19215311,0.028503444,0.10074997,0.67859346
21,7,none,fcz,152,91,1,1,True,0.0049542254,0.43682402,0.18565221,0.37256956
21,7,none,fcz,153,91,0,0,True,0.94298637,0.00019618352,0.047388937,0.009428478
21,7,none,fcz,154,91,0,2,False,0.054373067,0.0070407065,0.9379577,0.00062851474
21,7,none,fcz,155,91,1,2,False,0.009576681,0.00034878612,0.976556,0.01351857
21,7,none,fcz,156,91,1,2,False,7.361621e-05,0.077033885,0.92011595,0.002776443
21,7,none,fcz,157,91,0,0,True,0.9973533,0.0003907802,0.0018551813,0.0004007044
21,7,none,fcz,158,91,0,0,True,0.9417087,0.0129351895,0.030494014,0.014862203
21,7,none,fcz,159,91,1,3,False,0.030779341,0.12806931,0.2531055,0.5880459
21,7,none,fcz,160,91,0,0,True,0.874954,0.009250755,0.10749962,0.008295723
21,7,none,fcz,161,91,1,1,True,0.0056639872,0.888473,0.048404817,0.057458296
21,7,none,fcz,162,91,1,2,False,0.039886113,0.060862735,0.8341422,0.065108925
21,7,none,fcz,163,91,0,2,False,0.30181688,0.0024865314,0.41990945,0.27578706
21,7,none,fcz,164,91,1,2,False,0.0030478335,0.017266916,0.935253,0.044432174
21,7,none,fcz,165,91,2,2,True,0.0031415832,0.0022129954,0.9662179,0.028427476
21,7,none,fcz,166,91,3,2,False,0.015070608,0.0062677916,0.89052373,0.08813785
21,7,none,fcz,167,91,3,2,False,4.532117e-05,0.0073964186,0.9616423,0.030915946
21,7,none,fcz,168,91,2,2,True,0.005756824,0.04728139,0.8792746,0.0676872
21,7,none,fcz,169,91,2,2,True,0.00053099915,0.00036403027,0.89971066,0.099394284
21,7,none,fcz,170,91,3,2,False,0.0056843483,0.080209464,0.5511215,0.36298466
21,7,none,fcz,171,91,3,3,True,0.0014825689,0.009175505,0.48872903,0.5006129
21,7,none,fcz,172,91,2,2,True,0.0010756281,0.019644333,0.8709349,0.108345106
21,7,none,fcz,173,91,3,3,True,0.011533104,0.06736304,0.310445,0.6106588
21,7,none,fcz,174,91,2,2,True,0.019941067,0.001708037,0.8092999,0.16905099
21,7,none,fcz,175,91,2,2,True,0.0006258724,0.00977008,0.9352816,0.05432245
21,7,none,fcz,176,91,3,2,False,0.0028139453,0.013791857,0.8467109,0.13668337
21,7,none,fcz,177,91,3,2,False,0.15143473,0.0066028563,0.59156585,0.25039652
21,7,none,fcz,178,91,2,2,True,0.0033766744,0.099979505,0.8704668,0.026176969
21,7,none,fcz,179,91,3,2,False,0.0012323759,0.0049446407,0.84384924,0.14997375
21,7,none,fcz,180,92,1,3,False,0.10640112,0.3158161,0.10201133,0.47577146
21,7,none,fcz,181,92,0,1,False,0.13566786,0.37371096,0.21336147,0.27725965
21,7,none,fcz,182,92,1,2,False,0.40293843,0.084173374,0.45605475,0.056833453
21,7,none,fcz,183,92,0,2,False,0.062392913,0.013560082,0.9222342,0.0018127925
21,7,none,fcz,184,92,0,2,False,0.23105167,0.13025281,0.56612563,0.072569884
21,7,none,fcz,185,92,1,1,True,0.016231481,0.96371245,0.015850293,0.0042059
21,7,none,fcz,186,92,0,0,True,0.84943545,0.08473558,0.060356263,0.005472737
21,7,none,fcz,187,92,1,1,True,0.053654082,0.94417197,0.0020666642,0.00010723763
21,7,none,fcz,188,92,1,1,True,0.0035500627,0.9958525,0.0003994464,0.00019806626
21,7,none,fcz,189,92,0,2,False,0.22165003,0.03604494,0.7261519,0.016153159
21,7,none,fcz,190,92,0,0,True,0.74558806,0.12370734,0.08638003,0.044324595
21,7,none,fcz,191,92,1,0,False,0.39452246,0.23279667,0.20707382,0.16560712
21,7,none,fcz,192,92,0,0,True,0.87433875,0.06658149,0.058095023,0.000984709
21,7,none,fcz,193,92,1,1,True,0.019197896,0.56607366,0.17999597,0.2347325
21,7,none,fcz,194,92,0,2,False,0.18743841,0.12624373,0.67180735,0.0145105
21,7,none,fcz,195,92,1,1,True,0.04859556,0.9250232,0.022026092,0.004355209
21,7,none,fcz,196,92,1,1,True,0.0037383256,0.98976505,0.0061953976,0.00030124135
21,7,none,fcz,197,92,0,0,True,0.98016936,0.0094851265,0.009740904,0.0006046145
21,7,none,fcz,198,92,1,1,True,0.007565175,0.5850633,0.40239546,0.0049760947
21,7,none,fcz,199,92,2,0,False,0.4518911,0.19467227,0.2811178,0.072318904
21,7,none,fcz,200,92,3,0,False,0.46396756,0.112017006,0.3130115,0.11100388
21,7,none,fcz,201,92,2,2,True,0.2914526,0.064778864,0.4465049,0.19726364
21,7,none,fcz,202,92,3,2,False,0.17954247,0.1012808,0.5560682,0.16310851
21,7,none,fcz,203,92,2,2,True,0.12841405,0.2846938,0.5805889,0.006303222
21,7,none,fcz,204,92,3,2,False,0.072948776,0.31986713,0.36358175,0.24360232
21,7,none,fcz,205,92,2,2,True,0.059117857,0.2037882,0.68032885,0.056765053
21,7,none,fcz,206,92,3,1,False,0.32524848,0.4343641,0.11134489,0.12904255
21,7,none,fcz,207,92,3,1,False,0.2900169,0.48857898,0.17152789,0.049876273
21,7,none,fcz,208,92,2,2,True,0.40863708,0.0829963,0.44802698,0.060339667
21,7,none,fcz,209,92,2,2,True,0.0024101124,0.08528817,0.9104727,0.0018290807
21,7,none,fcz,210,92,3,1,False,0.060316496,0.7174507,0.01678409,0.20544867
21,7,none,fcz,211,92,3,3,True,0.10522171,0.31321386,0.12898569,0.4525788
21,7,none,fcz,212,92,2,1,False,0.12845539,0.70265704,0.07559597,0.09329158
21,7,none,fcz,213,92,3,1,False,0.32632026,0.4796627,0.13891302,0.055103987
21,7,none,fcz,214,92,2,0,False,0.7490287,0.1242697,0.12180677,0.004894809
21,7,none,fcz,215,92,2,2,True,0.017585864,0.099870324,0.703105,0.17943886
21,7,none,fcz,216,92,3,1,False,0.015257458,0.725982,0.19760117,0.061159376
21,7,none,fcz,217,92,2,2,True,0.0053494563,0.16813155,0.8180611,0.0084578805
21,7,none,fcz,218,92,0,0,True,0.99358964,0.0011052778,0.00482481,0.00048012703
21,7,none,fcz,219,92,1,1,True,0.1935947,0.77968293,0.024844686,0.0018776527
21,7,none,fcz,220,92,0,0,True,0.8144799,0.123161145,0.058901936,0.0034570491
21,7,none,fcz,221,92,1,1,True,0.106034026,0.840858,0.044400796,0.008707159
21,7,none,fcz,222,92,1,1,True,0.04579123,0.9351609,0.018673211,0.000374712
21,7,none,fcz,223,92,0,0,True,0.82564354,0.074506015,0.0916043,0.008246189
21,7,none,fcz,224,92,1,1,True,0.0039762445,0.9886685,0.00073599693,0.0066192863
21,7,none,fcz,225,92,0,1,False,0.2031675,0.7372825,0.05707463,0.0024753546
21,7,none,fcz,226,92,0,0,True,0.8810914,0.10720321,0.008295235,0.0034101072
21,7,none,fcz,227,92,1,1,True,0.0039489414,0.96502167,0.026574222,0.0044550984
21,7,none,fcz,228,92,1,1,True,0.00021943131,0.99063957,0.00501096,0.004130076
21,7,none,fcz,229,92,0,0,True,0.9152006,0.010427526,0.05722408,0.017147861
21,7,none,fcz,230,92,1,1,True,0.0013085965,0.9966378,0.0016354454,0.0004182105
21,7,none,fcz,231,92,0,2,False,0.07422118,0.14855489,0.71065044,0.06657352
21,7,none,fcz,232,92,0,0,True,0.9664891,0.004988266,0.021736864,0.0067859027
21,7,none,fcz,233,92,1,1,True,0.0040572435,0.9944833,0.0007832066,0.0006763415
21,7,none,fcz,234,92,0,2,False,0.40801507,0.007442535,0.53681105,0.047731325
21,7,none,fcz,235,92,1,1,True,0.0022553501,0.9549149,0.040612184,0.0022176334
21,7,none,fcz,236,92,1,1,True,0.0027279996,0.9961803,0.0006113715,0.0004803377
21,7,none,fcz,237,92,3,3,True,0.16208608,0.31126952,0.051797744,0.47484666
21,7,none,fcz,238,92,2,0,False,0.33260602,0.19307183,0.17848781,0.2958343
21,7,none,fcz,239,92,3,1,False,0.26947466,0.41424578,0.227236,0.0890435
21,7,none,fcz,240,92,2,2,True,0.061216243,0.15411074,0.7636215,0.0210515
21,7,none,fcz,241,92,2,2,True,0.0847745,0.2703325,0.6368421,0.008050968
21,7,none,fcz,242,92,3,2,False,0.05249418,0.13991536,0.78564984,0.021940637
21,7,none,fcz,243,92,2,2,True,0.264009,0.2635761,0.3953787,0.07703609
21,7,none,fcz,244,92,3,1,False,0.25145328,0.47427937,0.26293877,0.011328527
21,7,none,fcz,245,92,2,2,True,0.098549135,0.090998314,0.7942388,0.01621382
21,7,none,fcz,246,92,3,1,False,0.011778378,0.38539863,0.24482414,0.35799885
21,7,none,fcz,247,92,2,2,True,0.056112487,0.21367799,0.6687385,0.06147109
21,7,none,fcz,248,92,3,1,False,0.011322977,0.5440879,0.2885526,0.15603648
21,7,none,fcz,249,92,3,3,True,0.020954046,0.4214061,0.041834265,0.51580566
21,7,none,fcz,250,92,2,2,True,0.005606604,0.03481416,0.95653194,0.0030473142
21,7,none,fcz,251,92,3,3,True,0.018847447,0.029574819,0.21198902,0.73958874
21,7,none,fcz,252,92,2,2,True,0.08391518,0.04932211,0.8243951,0.042367578
21,7,none,fcz,253,92,2,2,True,0.19432214,0.09719153,0.7018052,0.006681171
21,7,none,fcz,254,92,3,2,False,0.32125136,0.10133506,0.5328467,0.044566896
21,7,none,fcz,255,92,2,2,True,0.019255754,0.065779574,0.9098004,0.005164321
21,7,none,fcz,256,92,0,0,True,0.9742319,0.021515787,0.000845937,0.0034063736
21,7,none,fcz,257,92,1,0,False,0.7545396,0.18777844,0.056314807,0.0013671007
21,7,none,fcz,258,92,1,1,True,0.008951691,0.9671474,0.0147097185,0.009191155
21,7,none,fcz,259,92,0,0,True,0.8851879,0.030976769,0.05342904,0.030406268
21,7,none,fcz,260,92,0,0,True,0.5635817,0.029172514,0.29449037,0.11275543
21,7,none,fcz,261,92,1,1,True,0.008468462,0.95069623,0.038973905,0.0018613256
21,7,none,fcz,262,92,1,1,True,0.008086053,0.89264995,0.023850579,0.07541346
21,7,none,fcz,263,92,0,0,True,0.80623335,0.065201074,0.12449278,0.0040727803
21,7,none,fcz,264,92,0,0,True,0.6613855,0.033155166,0.2910012,0.014458137
21,7,none,fcz,265,92,1,1,True,0.0011225796,0.9982436,0.00033186618,0.0003020705
21,7,none,fcz,266,92,0,0,True,0.780659,0.16581303,0.0492555,0.004272474
21,7,none,fcz,267,92,1,2,False,0.22982295,0.33261868,0.38089988,0.056658484
21,7,none,fcz,268,92,0,0,True,0.86781305,0.104922265,0.021017795,0.0062469365
21,7,none,fcz,269,92,1,1,True,0.0031680712,0.8218237,0.16918139,0.005826841
21,7,none,fcz,270,92,1,1,True,0.03855117,0.90693843,0.049069468,0.005440932
21,7,none,fcz,271,92,0,0,True,0.85187316,0.10506175,0.03556785,0.0074972985
21,7,none,fcz,272,92,1,1,True,0.061951403,0.79454976,0.13963756,0.00386114
21,7,none,fcz,273,92,0,2,False,0.2806196,0.029997287,0.67679405,0.012589076
21,7,none,fcz,274,92,1,2,False,0.060101014,0.13728634,0.78250796,0.020104727
21,7,none,fcz,275,92,3,1,False,0.18713303,0.54794735,0.21542177,0.04949778
21,7,none,fcz,276,92,2,1,False,0.18915775,0.3791845,0.31146994,0.1201878
21,7,none,fcz,277,92,3,2,False,0.025989456,0.36390123,0.3817526,0.2283567
21,7,none,fcz,278,92,2,1,False,0.17410578,0.4767854,0.31376165,0.035347212
21,7,none,fcz,279,92,3,2,False,0.13289873,0.0044384967,0.6918696,0.17079312
21,7,none,fcz,280,92,2,2,True,0.17948782,0.12904008,0.6618252,0.029646918
21,7,none,fcz,281,92,3,2,False,0.011209052,0.29112953,0.6138734,0.083788045
21,7,none,fcz,282,92,2,2,True,0.07293135,0.30674395,0.6084228,0.011901928
21,7,none,fcz,283,92,2,2,True,0.013579162,0.22062,0.7600893,0.0057115504
21,7,none,fcz,284,92,3,2,False,0.15804583,0.346357,0.46614742,0.029449724
21,7,none,fcz,285,92,3,1,False,0.0052564503,0.5637848,0.13939938,0.29155934
21,7,none,fcz,286,92,2,2,True,0.032861575,0.2938433,0.6617525,0.011542572
21,7,none,fcz,287,92,2,1,False,0.035270985,0.92502373,0.033957012,0.0057483837
21,7,none,fcz,288,92,3,1,False,0.26847184,0.40185273,0.22983892,0.09983662
21,7,none,fcz,289,92,3,1,False,0.015757248,0.5299677,0.05901247,0.39526254
21,7,none,fcz,290,92,2,1,False,0.092371464,0.5597664,0.21671669,0.13114549
21,7,none,fcz,291,92,2,0,False,0.5371109,0.08202912,0.29530993,0.08555003
21,7,none,fcz,292,92,3,0,False,0.3193811,0.22153021,0.13972874,0.31935996
21,7,none,fcz,293,92,2,1,False,0.046105612,0.60634863,0.31436357,0.0331822
21,7,none,fcz,294,93,1,1,True,0.0443834,0.7824827,0.090655275,0.08247865
21,7,none,fcz,295,93,0,1,False,0.08985954,0.58881575,0.28370416,0.037620578
21,7,none,fcz,296,93,1,1,True,8.33573e-05,0.98082066,0.014709327,0.0043865745
21,7,none,fcz,297,93,0,1,False,0.18385987,0.48531654,0.28250316,0.048320413
21,7,none,fcz,298,93,1,2,False,0.0051695937,0.2916508,0.6770773,0.026102342
21,7,none,fcz,299,93,0,2,False,0.028223565,0.08883455,0.66831654,0.21462527
21,7,none,fcz,300,93,0,0,True,0.94968903,0.041978616,0.0057402323,0.002592228
21,7,none,fcz,301,93,1,1,True,0.010783625,0.58125216,0.2346567,0.17330751
21,7,none,fcz,302,93,1,2,False,0.26190713,0.015612719,0.69411576,0.028364388
21,7,none,fcz,303,93,0,2,False,0.31817687,0.26361522,0.3766242,0.041583672
21,7,none,fcz,304,93,1,1,True,0.01779829,0.5792607,0.30871913,0.09422192
21,7,none,fcz,305,93,0,0,True,0.9960914,0.001715241,0.0007760545,0.0014171597
21,7,none,fcz,306,93,1,1,True,0.0016238657,0.7275101,0.18193604,0.088929996
21,7,none,fcz,307,93,0,0,True,0.99768245,0.0002757854,0.0015814061,0.0004603208
21,7,none,fcz,308,93,0,0,True,0.84436035,0.05191481,0.08535692,0.018367805
21,7,none,fcz,309,93,3,3,True,0.0011555422,0.08764003,0.008611623,0.9025928
21,7,none,fcz,310,93,2,1,False,0.004167459,0.5815432,0.36647812,0.047811273
21,7,none,fcz,311,93,2,2,True,0.008846884,0.113262296,0.8274697,0.05042114
21,7,none,fcz,312,93,3,3,True,0.025519166,0.045315538,0.01190617,0.9172591
21,7,none,fcz,313,93,3,3,True,0.00043204176,0.04468679,0.017642166,0.93723905
21,7,none,fcz,314,93,2,2,True,0.052780066,0.16409397,0.72494966,0.058176268
21,7,none,fcz,315,93,3,1,False,0.0064271945,0.60174936,0.3375282,0.05429535
21,7,none,fcz,316,93,2,2,True,4.672176e-05,0.0011307955,0.9987929,2.9527468e-05
21,7,none,fcz,317,93,2,2,True,0.06587374,0.037611183,0.87627375,0.020241296
21,7,none,fcz,318,93,3,3,True,0.012177778,0.20725186,0.052848257,0.72772205
21,7,none,fcz,319,93,3,0,False,0.5820574,0.088074334,0.010725735,0.3191425
21,7,none,fcz,320,93,2,2,True,0.017778922,0.23039009,0.7269854,0.024845587
21,7,none,fcz,321,93,2,2,True,0.15465446,0.015497431,0.77956456,0.050283607
21,7,none,fcz,322,93,3,3,True,0.0028156952,0.014842124,0.01820412,0.964138
21,7,none,fcz,323,93,2,2,True,0.041405432,0.02437376,0.91433436,0.019886466
21,7,none,fcz,324,93,0,0,True,0.9962823,0.00091266097,0.0010799009,0.0017250383
21,7,none,fcz,325,93,1,3,False,0.0052258605,0.27766898,0.299098,0.41800708
21,7,none,fcz,326,93,1,1,True,1.0571711e-06,0.9996038,3.813373e-05,0.00035699317
21,7,none,fcz,327,93,0,2,False,0.46497893,0.021329138,0.4927352,0.02095671
21,7,none,fcz,328,93,0,0,True,0.79174465,0.008814525,0.11938771,0.08005308
21,7,none,fcz,329,93,1,1,True,0.017964918,0.86213046,0.09717758,0.022727022
21,7,none,fcz,330,93,0,2,False,0.18562348,0.2623325,0.27818412,0.27385992
21,7,none,fcz,331,93,1,1,True,0.0038435836,0.71204704,0.18465203,0.09945731
21,7,none,fcz,332,93,1,2,False,0.004649154,0.4304568,0.5172408,0.047653217
21,7,none,fcz,333,93,0,3,False,0.20595148,0.19515735,0.26691028,0.3319809
21,7,none,fcz,334,93,1,2,False,0.010275353,0.33624384,0.35234812,0.30113265
21,7,none,fcz,335,93,0,0,True,0.7834506,0.0056399726,0.20554116,0.0053682057
21,7,none,fcz,336,93,0,0,True,0.96667373,0.0042055175,0.005189086,0.023931583
21,7,none,fcz,337,93,1,2,False,0.0036008477,0.07893694,0.8747257,0.042736523
21,7,none,fcz,338,93,0,3,False,0.29613787,0.0010483669,0.21309185,0.4897219
21,7,none,fcz,339,93,2,0,False,0.45698035,0.07666791,0.45486918,0.011482468
21,7,none,fcz,340,93,3,3,True,0.0003219145,0.0018886705,0.0053349882,0.9924544
21,7,none,fcz,341,93,3,3,True,0.007403999,0.22266854,0.25225618,0.5176713
21,7,none,fcz,342,93,2,2,True,0.04509252,0.23874493,0.62466073,0.09150181
21,7,none,fcz,343,93,2,1,False,0.0026436348,0.84078425,0.13483624,0.02173581
21,7,none,fcz,344,93,3,1,False,0.0012665002,0.6677693,0.0038599381,0.32710427
21,7,none,fcz,345,93,3,3,True,0.0002991564,0.0042450717,0.0023300715,0.9931257
21,7,none,fcz,346,93,2,1,False,0.016403567,0.49114263,0.47557634,0.016877498
21,7,none,fcz,347,93,3,3,True,0.035703108,0.0138815725,0.025507284,0.92490804
21,7,none,fcz,348,93,2,1,False,0.008717739,0.5102693,0.32355615,0.15745685
21,7,none,fcz,349,93,3,2,False,0.010227533,0.36948442,0.395143,0.22514498
21,7,none,fcz,350,93,2,2,True,0.0055586444,0.046206675,0.9162284,0.0320063
21,7,none,fcz,351,93,3,3,True,0.0021796671,0.019015823,0.020520706,0.9582837
21,7,none,fcz,352,93,2,2,True,0.039690167,0.07743526,0.8525139,0.030360727
21,7,none,fcz,353,93,2,2,True,0.06562885,0.23896156,0.5022817,0.19312789
21,7,none,fcz,354,93,0,1,False,0.17044514,0.6344024,0.1358324,0.05932007
21,7,none,fcz,355,93,1,2,False,0.0024371997,0.18901938,0.7712957,0.03724764
21,7,none,fcz,356,93,0,0,True,0.7221949,0.017097661,0.2466888,0.014018564
21,7,none,fcz,357,93,1,1,True,0.00034553098,0.9980082,0.00048658697,0.0011597533
21,7,none,fcz,358,93,1,1,True,0.0004704811,0.9637007,0.0047207354,0.031108059
21,7,none,fcz,359,93,0,0,True,0.88789105,0.07625836,0.008403445,0.027447108
21,7,none,fcz,360,93,1,2,False,0.0064244643,0.221594,0.41985184,0.35212967
21,7,none,fcz,361,93,0,1,False,0.020655334,0.9413049,0.004488126,0.033551596
21,7,none,fcz,362,93,1,1,True,0.0188285,0.9309883,0.021361576,0.02882164
21,7,none,fcz,363,93,0,0,True,0.93790066,0.004282436,0.022486625,0.035330288
21,7,none,fcz,364,93,0,0,True,0.9475278,0.01969692,0.01345265,0.019322567
21,7,none,fcz,365,93,1,3,False,0.0020264706,0.06657192,0.14201534,0.7893863
21,7,none,fcz,366,93,1,1,True,0.00026409328,0.975716,0.0075646364,0.016455239
21,7,none,fcz,367,93,0,1,False,0.05333094,0.67196184,0.14883187,0.1258753
21,7,none,fcz,368,93,1,1,True,0.022822333,0.82829523,0.13482466,0.014057643
21,7,none,fcz,369,93,2,0,False,0.5656671,0.187805,0.17352465,0.07300325
21,7,none,fcz,370,93,3,2,False,0.050896853,0.09727736,0.52301323,0.32881257
21,7,none,fcz,371,93,3,3,True,0.013869022,0.070664294,0.046671823,0.86879486
21,7,none,fcz,372,93,2,1,False,0.13296136,0.83153695,0.03127287,0.004228896
21,7,none,fcz,373,93,3,1,False,0.00028105287,0.93322664,0.0010751805,0.065417156
21,7,none,fcz,374,93,2,1,False,0.0012406163,0.98191524,0.014323447,0.0025205812
21,7,none,fcz,375,93,2,2,True,0.05207182,0.024645813,0.8815336,0.041748747
21,7,none,fcz,376,93,3,3,True,0.00033161385,0.042553756,0.016688105,0.94042647
21,7,none,fcz,377,93,3,3,True,0.00022270581,0.109032795,0.010445162,0.8802993
21,7,none,fcz,378,93,2,2,True,0.0055784066,0.016465718,0.92257977,0.055376206
21,7,none,fcz,379,93,2,2,True,0.037476752,0.13331692,0.656833,0.17237338
21,7,none,fcz,380,93,3,3,True,0.036157556,0.02988015,0.08116144,0.85280085
21,7,none,fcz,381,93,3,3,True,0.016820576,0.040476494,0.37885603,0.5638469
21,7,none,fcz,382,93,2,1,False,0.00011022348,0.9921482,0.0070631015,0.0006785173
21,7,none,fcz,383,93,3,2,False,0.015451754,0.016988551,0.85793483,0.10962483
21,7,none,fcz,384,94,0,0,True,0.9912703,0.0024269868,0.006152575,0.00015019639
21,7,none,fcz,385,94,1,1,True,0.0016443497,0.8997731,0.09790944,0.0006732003
21,7,none,fcz,386,94,1,2,False,0.029778983,0.2556792,0.6635778,0.05096401
21,7,none,fcz,387,94,0,0,True,0.9996723,8.030631e-05,0.00022071655,2.6662156e-05
21,7,none,fcz,388,94,1,1,True,0.008213284,0.53674436,0.4074218,0.047620483
21,7,none,fcz,389,94,0,0,True,0.98895234,0.0045303362,0.005363627,0.0011537108
21,7,none,fcz,390,94,1,2,False,0.025212148,0.016684838,0.95212555,0.0059775314
21,7,none,fcz,391,94,0,0,True,0.9939097,0.00013450264,0.0052529303,0.0007028768
21,7,none,fcz,392,94,1,2,False,0.04735582,0.106243476,0.7779041,0.06849661
21,7,none,fcz,393,94,0,0,True,0.7553359,0.08359578,0.16064788,0.00042039546
21,7,none,fcz,394,94,0,0,True,0.9768678,0.0006936393,0.0155141,0.0069245324
21,7,none,fcz,395,94,1,2,False,0.06133853,0.10650307,0.7652885,0.066869944
21,7,none,fcz,396,94,1,1,True,0.047462977,0.72154623,0.13589226,0.09509846
21,7,none,fcz,397,94,0,0,True,0.7736105,0.0015287658,0.19921981,0.025640933
21,7,none,fcz,398,94,1,2,False,0.050235547,0.3353797,0.5156582,0.098726586
21,7,none,fcz,399,94,2,2,True,0.009190262,0.015463127,0.9712894,0.0040572067
21,7,none,fcz,400,94,3,3,True,0.018337222,0.05292357,0.2809775,0.64776176
21,7,none,fcz,401,94,3,3,True,0.0008015517,0.009544396,0.009060718,0.9805933
21,7,none,fcz,402,94,2,2,True,0.019690031,0.013257907,0.9488328,0.018219247
21,7,none,fcz,403,94,3,3,True,0.058588754,0.033359874,0.26696703,0.6410844
21,7,none,fcz,404,94,2,2,True,0.030685727,0.14921287,0.78016204,0.039939437
21,7,none,fcz,405,94,2,2,True,0.0022063788,0.020258348,0.9702635,0.007271873
21,7,none,fcz,406,94,3,3,True,0.0033905723,0.18743078,0.06351804,0.74566066
21,7,none,fcz,407,94,2,2,True,0.083603986,0.033243686,0.8129246,0.07022774
21,7,none,fcz,408,94,3,3,True,0.018680949,0.02718042,0.17405461,0.78008395
21,7,none,fcz,409,94,3,3,True,0.012675834,0.013240551,0.05197959,0.922104
21,7,none,fcz,410,94,2,2,True,0.011917765,0.017528458,0.96459544,0.0059583853
21,7,none,fcz,411,94,3,3,True,0.033539042,0.023879027,0.24595635,0.6966256
21,7,none,fcz,412,94,2,0,False,0.5056814,0.05247213,0.34726295,0.09458346
21,7,none,fcz,413,94,3,2,False,0.04991388,0.16946276,0.7062018,0.074421644
21,7,none,fcz,414,94,1,1,True,0.012365065,0.96668845,0.019656217,0.001290379
21,7,none,fcz,415,94,0,1,False,0.25971764,0.6300789,0.10903511,0.001168321
21,7,none,fcz,416,94,1,1,True,0.00537038,0.9841844,0.010180045,0.0002651048
21,7,none,fcz,417,94,0,0,True,0.8568616,0.040434655,0.09162675,0.011077006
21,7,none,fcz,418,94,0,0,True,0.94743633,0.0043950896,0.048048433,0.00012018754
21,7,none,fcz,419,94,1,1,True,9.2112496e-05,0.9687626,0.030216416,0.00092885655
21,7,none,fcz,420,94,1,2,False,0.033934314,0.12416827,0.70395976,0.13793766
21,7,none,fcz,421,94,0,0,True,0.8967089,0.008729374,0.09298552,0.0015761778
21,7,none,fcz,422,94,0,0,True,0.59530944,0.24159628,0.16256304,0.0005312046
21,7,none,fcz,423,94,1,2,False,0.12226342,0.02613826,0.83974886,0.0118494155
21,7,none,fcz,424,94,1,1,True,5.454197e-05,0.99039125,0.009368572,0.00018561813
21,7,none,fcz,425,94,0,1,False,0.027373943,0.52181923,0.44431245,0.0064943833
21,7,none,fcz,426,94,1,2,False,0.004409014,0.3010364,0.6830997,0.011454925
21,7,none,fcz,427,94,0,0,True,0.9496269,0.0002804551,0.04730798,0.0027846687
21,7,none,fcz,428,94,1,2,False,0.0055467673,0.008556785,0.9799216,0.005974872
21,7,none,fcz,429,94,3,0,False,0.37966815,0.026654942,0.2792768,0.31440008
21,7,none,fcz,430,94,2,2,True,0.20600735,0.011273156,0.77942467,0.0032948197
21,7,none,fcz,431,94,3,3,True,0.0013400245,0.13365795,0.37285867,0.49214336
21,7,none,fcz,432,94,2,2,True,0.00025554228,0.004548119,0.99259335,0.0026029602
21,7,none,fcz,433,94,3,3,True,0.007358224,0.17743365,0.045016162,0.77019197
21,7,none,fcz,434,94,2,2,True,0.0036029632,0.020973602,0.97220755,0.0032159183
21,7,none,fcz,435,94,2,2,True,0.006481313,0.031149715,0.8348555,0.12751347
21,7,none,fcz,436,94,3,2,False,0.002784253,0.023350013,0.70473826,0.2691275
21,7,none,fcz,437,94,3,1,False,0.012704532,0.4539456,0.117979966,0.41536984
21,7,none,fcz,438,94,2,2,True,0.010595851,0.09801086,0.8769797,0.014413641
21,7,none,fcz,439,94,3,3,True,0.033199396,0.3399693,0.22590092,0.40093035
21,7,none,fcz,440,94,2,2,True,0.25121546,0.050235167,0.6753492,0.023200227
21,7,none,fcz,441,94,3,2,False,0.0081656985,0.01520407,0.81868184,0.15794836
21,7,none,fcz,442,94,2,2,True,0.008348289,0.019015841,0.9720559,0.0005800006
21,7,none,fcz,443,94,2,3,False,0.095282674,0.17405654,0.2267112,0.5039496
21,7,none,fcz,444,94,0,0,True,0.9782744,0.011506305,0.0096546775,0.0005646441
21,7,none,fcz,445,94,1,2,False,0.09807049,0.05383505,0.84429127,0.0038032045
21,7,none,fcz,446,94,1,2,False,0.00189604,0.4484177,0.54647005,0.0032162468
21,7,none,fcz,447,94,0,2,False,0.42418268,0.0074414406,0.5601474,0.008228469
21,7,none,fcz,448,94,1,2,False,0.0017291666,0.39031333,0.5621564,0.045801077
21,7,none,fcz,449,94,0,0,True,0.5834863,0.015716022,0.38713452,0.01366307
21,7,none,fcz,450,94,1,2,False,0.068886444,0.20320004,0.7046977,0.023215793
21,7,none,fcz,451,94,0,2,False,0.1482235,0.008285423,0.82127494,0.022216227
21,7,none,fcz,452,94,1,2,False,0.031423118,0.19555247,0.69087833,0.082146086
21,7,none,fcz,453,94,0,2,False,0.054963548,0.053932935,0.8707626,0.02034097
21,7,none,fcz,454,94,1,2,False,0.014760663,0.20128153,0.722008,0.06194983
21,7,none,fcz,455,94,0,0,True,0.9214165,0.0016648527,0.07203212,0.0048864614
21,7,none,fcz,456,94,0,2,False,0.10633008,0.12990656,0.7599681,0.0037952354
21,7,none,fcz,457,94,1,3,False,0.007247236,0.017551104,0.33155656,0.64364517
21,7,none,fcz,458,94,0,2,False,0.028341258,0.01918125,0.89338106,0.0590964
21,7,none,fcz,459,94,2,2,True,0.005845267,0.02034682,0.968256,0.005551915
21,7,none,fcz,460,94,3,2,False,0.0011964076,0.023163026,0.92325,0.05239048
21,7,none,fcz,461,94,2,2,True,0.008533051,0.012320138,0.97726506,0.0018816566
21,7,none,fcz,462,94,3,2,False,0.12664245,0.029325709,0.82395244,0.020079428
21,7,none,fcz,463,94,2,2,True,0.01868583,0.34899554,0.6299478,0.0023708805
21,7,none,fcz,464,94,3,2,False,0.023413138,0.041165333,0.5062564,0.4291651
21,7,none,fcz,465,94,3,2,False,0.0028261107,0.13846368,0.5447133,0.31399685
21,7,none,fcz,466,94,2,2,True,0.015261744,0.004241023,0.96220475,0.01829244
21,7,none,fcz,467,94,2,2,True,0.0020060337,0.004009575,0.9890781,0.004906201
21,7,none,fcz,468,94,3,2,False,0.016831774,0.002569289,0.83844835,0.14215055
21,7,none,fcz,469,94,3,3,True,0.0051049674,0.15937513,0.17413594,0.661384
21,7,none,fcz,470,94,2,2,True,0.0061644167,0.039317258,0.90832555,0.046192825
21,7,none,fcz,471,94,2,2,True,0.045506798,0.03698065,0.7215793,0.19593316
21,7,none,fcz,472,94,3,2,False,0.016272712,0.15865201,0.6424501,0.18262522
21,7,none,fcz,473,94,3,2,False,0.018716812,0.08307621,0.886485,0.011722013
21,7,none,fcz,474,95,0,0,True,0.79200304,0.11091525,0.077475496,0.019606207
21,7,none,fcz,475,95,1,1,True,0.016490072,0.7318445,0.018459272,0.23320618
21,7,none,fcz,476,95,1,1,True,5.4894335e-05,0.99620795,0.0032671704,0.00047000698
21,7,none,fcz,477,95,0,0,True,0.9393782,0.015601475,0.0015162948,0.043504
21,7,none,fcz,478,95,0,0,True,0.9832466,0.0042196997,0.0076952777,0.004838332
21,7,none,fcz,479,95,1,1,True,0.02066401,0.9460006,0.018022114,0.015313279
21,7,none,fcz,480,95,0,0,True,0.59090084,0.15758722,0.20606011,0.04545185
21,7,none,fcz,481,95,1,1,True,0.00094095495,0.95838195,0.0070092715,0.033667903
21,7,none,fcz,482,95,0,0,True,0.9117201,0.017444259,0.054258116,0.016577557
21,7,none,fcz,483,95,1,3,False,0.01985528,0.14902972,0.22929268,0.6018224
21,7,none,fcz,484,95,1,1,True,0.0009070392,0.84126157,0.12195432,0.035877004
21,7,none,fcz,485,95,0,0,True,0.99183816,0.00011683053,0.0055949003,0.0024501274
21,7,none,fcz,486,95,0,0,True,0.8563842,0.017822808,0.082343884,0.04344907
21,7,none,fcz,487,95,1,1,True,0.05577503,0.60532486,0.065163694,0.27373642
21,7,none,fcz,488,95,1,1,True,0.0004126371,0.5161367,0.3002115,0.1832392
21,7,none,fcz,489,95,2,2,True,0.014240142,0.04622658,0.53859246,0.40094078
21,7,none,fcz,490,95,3,3,True,0.0066789994,0.03390311,0.26974648,0.68967134
21,7,none,fcz,491,95,2,2,True,0.003625006,0.20297879,0.7059722,0.08742405
21,7,none,fcz,492,95,3,3,True,0.0035312348,0.0009199327,0.004110282,0.9914385
21,7,none,fcz,493,95,3,3,True,0.0010631729,0.068982266,0.0071082357,0.92284626
21,7,none,fcz,494,95,2,3,False,0.05574124,0.028266037,0.0917213,0.82427144
21,7,none,fcz,495,95,2,2,True,0.0026795452,0.030072583,0.7779316,0.18931635
21,7,none,fcz,496,95,3,3,True,0.025019117,0.011008836,0.00932206,0.95465
21,7,none,fcz,497,95,3,3,True,0.00033389777,0.008220828,0.11174084,0.8797044
21,7,none,fcz,498,95,2,3,False,0.00056621054,0.27816597,0.20270722,0.5185606
21,7,none,fcz,499,95,3,3,True,0.00082999264,0.061021462,0.010175172,0.92797333
21,7,none,fcz,500,95,2,3,False,0.0017033706,0.011132112,0.2207869,0.76637757
21,7,none,fcz,501,95,3,3,True,0.005488458,0.021966334,0.0890608,0.8834844
21,7,none,fcz,502,95,2,2,True,0.0020765427,0.017509071,0.5063621,0.47405225
21,7,none,fcz,503,95,2,3,False,0.031349577,0.11983809,0.32662973,0.52218264
21,7,none,fcz,504,95,1,1,True,0.0014451357,0.60281473,0.0752961,0.32044405
21,7,none,fcz,505,95,0,3,False,0.26122454,0.013299872,0.01046333,0.71501225
21,7,none,fcz,506,95,1,3,False,0.0026401735,0.41918322,0.019948864,0.5582278
21,7,none,fcz,507,95,0,0,True,0.44687116,0.0024978567,0.2256817,0.32494935
21,7,none,fcz,508,95,0,0,True,0.9591751,0.003127533,0.0045178263,0.033179563
21,7,none,fcz,509,95,1,3,False,0.005024549,0.056315202,0.020941032,0.91771924
21,7,none,fcz,510,95,1,3,False,0.0012116976,0.08184995,0.20569153,0.7112468
21,7,none,fcz,511,95,0,0,True,0.78224045,0.0012629795,0.0029547538,0.21354182
21,7,none,fcz,512,95,0,3,False,0.26799488,0.012151549,0.24923193,0.47062162
21,7,none,fcz,513,95,1,3,False,0.0011220125,0.20816003,0.24146575,0.5492522
21,7,none,fcz,514,95,0,0,True,0.5279668,0.00078016747,0.24284291,0.2284101
21,7,none,fcz,515,95,1,1,True,0.0017975571,0.9213947,0.028232783,0.04857501
21,7,none,fcz,516,95,0,0,True,0.45532858,0.11668662,0.022600563,0.40538418
21,7,none,fcz,517,95,1,1,True,0.00095499825,0.55083233,0.3412052,0.10700743
21,7,none,fcz,518,95,0,0,True,0.5391404,0.007465514,0.12720287,0.32619125
21,7,none,fcz,519,95,3,3,True,5.3124277e-05,0.09848465,0.014026589,0.8874357
21,7,none,fcz,520,95,2,3,False,0.0080376435,0.0037337805,0.24842119,0.73980737
21,7,none,fcz,521,95,3,3,True,4.545707e-05,0.030748148,0.020294972,0.9489115
21,7,none,fcz,522,95,2,2,True,0.19063732,0.009595773,0.50527155,0.2944953
21,7,none,fcz,523,95,2,2,True,0.004522501,0.019053202,0.910718,0.06570637
21,7,none,fcz,524,95,3,1,False,0.0051967204,0.7291589,0.058175284,0.20746906
21,7,none,fcz,525,95,2,2,True,0.0025977998,0.04560626,0.92023194,0.031564005
21,7,none,fcz,526,95,3,3,True,0.0037642093,0.2161116,0.019238137,0.760886
21,7,none,fcz,527,95,2,2,True,0.025352906,0.060678456,0.491648,0.4223207
21,7,none,fcz,528,95,3,3,True,0.00019271325,0.011804697,0.007222086,0.98078054
21,7,none,fcz,529,95,2,2,True,0.28811222,0.18643665,0.4390496,0.08640151
21,7,none,fcz,530,95,3,3,True,0.009979849,0.017388318,0.11840295,0.8542289
21,7,none,fcz,531,95,2,3,False,0.001374766,0.0218298,0.03677197,0.9400235
21,7,none,fcz,532,95,3,3,True,0.0016025968,0.2425139,0.060924564,0.6949589
21,7,none,fcz,533,95,3,2,False,0.00032583298,0.06114585,0.49951822,0.43901014
21,7,none,fcz,534,95,0,1,False,0.011323929,0.48286727,0.21650627,0.28930247
21,7,none,fcz,535,95,1,3,False,0.12337128,0.024264112,0.27788025,0.57448435
21,7,none,fcz,536,95,1,3,False,0.0067403503,0.0063979425,0.0068421247,0.98001957
21,7,none,fcz,537,95,0,3,False,0.16098808,0.10142066,0.23137908,0.5062122
21,7,none,fcz,538,95,0,3,False,0.120781526,0.021326957,0.09632679,0.76156473
21,7,none,fcz,539,95,1,1,True,0.044721145,0.7781328,0.13102546,0.04612056
21,7,none,fcz,540,95,1,3,False,0.0020264564,0.022890965,0.0026553276,0.9724273
21,7,none,fcz,541,95,0,2,False,0.044139016,0.013308045,0.88487256,0.05768036
21,7,none,fcz,542,95,0,2,False,0.04194603,0.32374248,0.5492458,0.08506567
21,7,none,fcz,543,95,1,1,True,0.0024913128,0.8088546,0.019488124,0.16916604
21,7,none,fcz,544,95,0,2,False,0.061646707,0.10905272,0.42330495,0.4059956
21,7,none,fcz,545,95,1,2,False,0.122952275,0.06045137,0.6968613,0.11973507
21,7,none,fcz,546,95,1,3,False,0.058497455,0.18467587,0.37583897,0.38098767
21,7,none,fcz,547,95,0,2,False,0.0011025141,0.13014206,0.8586009,0.010154579
21,7,none,fcz,548,95,0,2,False,0.32916018,0.09453013,0.5543493,0.02196046
21,7,none,fcz,549,95,2,2,True,0.0007419264,0.0065527437,0.8664182,0.12628713
21,7,none,fcz,550,95,3,3,True,0.06893307,0.21446745,0.14890975,0.5676897
21,7,none,fcz,551,95,3,3,True,0.011815681,0.085454054,0.018463677,0.88426656
21,7,none,fcz,552,95,2,2,True,0.17312531,0.11866613,0.49552488,0.2126837
21,7,none,fcz,553,95,2,3,False,0.013932298,0.107016355,0.23096246,0.6480889
21,7,none,fcz,554,95,3,3,True,0.0029550588,0.0270251,0.0048067644,0.96521306
21,7,none,fcz,555,95,2,1,False,0.017490726,0.47478366,0.3516636,0.156062
21,7,none,fcz,556,95,3,3,True,0.0025755987,0.15826157,0.019118758,0.82004404
21,7,none,fcz,557,95,2,2,True,0.026624406,0.18180752,0.5509385,0.24062955
21,7,none,fcz,558,95,3,1,False,0.0015647231,0.79721206,0.025220728,0.17600252
21,7,none,fcz,559,95,2,3,False,0.009318888,0.012551232,0.46240932,0.51572055
21,7,none,fcz,560,95,3,3,True,0.029711721,0.05008875,0.23117033,0.6890292
21,7,none,fcz,561,95,3,2,False,0.002066502,0.11679508,0.7299578,0.15118062
21,7,none,fcz,562,95,2,2,True,0.0030315085,0.18016993,0.72405034,0.09274833
21,7,none,fcz,563,95,3,3,True,0.00032600373,0.027480057,0.06538728,0.90680665
21,7,none,fcz,564,96,1,1,True,0.01366011,0.9734267,0.008513453,0.004399683
21,7,none,fcz,565,96,0,0,True,0.84002215,0.032676212,0.12544738,0.0018542628
21,7,none,fcz,566,96,0,0,True,0.85681003,0.03624255,0.0873767,0.01957068
21,7,none,fcz,567,96,1,1,True,0.0014434647,0.60437256,0.3446365,0.04954743
21,7,none,fcz,568,96,1,1,True,0.0007102003,0.97967887,0.014872738,0.0047382214
21,7,none,fcz,569,96,0,2,False,0.20872106,0.005978746,0.44903934,0.3362608
21,7,none,fcz,570,96,1,1,True,0.0009879282,0.98949033,0.008207399,0.0013143634
21,7,none,fcz,571,96,0,0,True,0.9474743,0.00059877307,0.047697235,0.004229712
21,7,none,fcz,572,96,0,2,False,0.41079506,0.02415024,0.50060076,0.06445397
21,7,none,fcz,573,96,1,1,True,0.00031219196,0.98707193,0.012382964,0.00023302561
21,7,none,fcz,574,96,1,1,True,0.00038813148,0.99040526,0.009083449,0.00012318905
21,7,none,fcz,575,96,0,2,False,0.4909881,0.0025859647,0.5033079,0.003118057
21,7,none,fcz,576,96,0,0,True,0.5390891,0.10985483,0.11513125,0.23592485
21,7,none,fcz,577,96,1,1,True,0.0047545377,0.52522993,0.36239988,0.10761565
21,7,none,fcz,578,96,1,1,True,0.00069145596,0.84527695,0.04191488,0.11211676
21,7,none,fcz,579,96,3,3,True,0.0018965233,0.022748265,0.2602322,0.715123
21,7,none,fcz,580,96,2,2,True,0.0013560599,0.00012192691,0.99834,0.00018191917
21,7,none,fcz,581,96,3,2,False,0.0035774824,0.09073192,0.8728135,0.032877117
21,7,none,fcz,582,96,2,2,True,0.0034786284,0.0019833406,0.9597412,0.03479689
21,7,none,fcz,583,96,2,2,True,0.020759866,0.021545894,0.86723995,0.090454236
21,7,none,fcz,584,96,3,2,False,0.0047834455,0.0017884132,0.95146734,0.04196079
21,7,none,fcz,585,96,3,2,False,0.1503949,0.052541796,0.58480054,0.21226275
21,7,none,fcz,586,96,2,2,True,0.001970025,0.002728313,0.97414196,0.021159718
21,7,none,fcz,587,96,3,3,True,0.013267232,0.011828367,0.3215958,0.65330863
21,7,none,fcz,588,96,2,2,True,0.011668907,0.12188895,0.8471352,0.019307002
21,7,none,fcz,589,96,2,2,True,0.009634175,0.07368127,0.91551375,0.0011707852
21,7,none,fcz,590,96,3,2,False,0.22665906,0.21118899,0.30661196,0.25553998
21,7,none,fcz,591,96,3,3,True,0.03512808,0.03999263,0.24112593,0.6837533
21,7,none,fcz,592,96,2,2,True,0.07865395,0.105389595,0.72732866,0.08862779
21,7,none,fcz,593,96,3,2,False,0.024416305,0.22706574,0.4504368,0.2980812
21,7,none,fcz,594,96,0,0,True,0.8973177,0.0027661307,0.09577703,0.0041391305
21,7,none,fcz,595,96,1,2,False,0.01749849,0.011683819,0.96861666,0.0022010864
21,7,none,fcz,596,96,1,2,False,0.08673221,0.29012263,0.37197405,0.25117117
21,7,none,fcz,597,96,0,0,True,0.9505298,0.00034662668,0.031955667,0.017167928
21,7,none,fcz,598,96,1,1,True,0.11704301,0.63589394,0.23514399,0.011919058
21,7,none,fcz,599,96,0,2,False,0.23848948,0.0123751545,0.62612617,0.12300921
21,7,none,fcz,600,96,0,2,False,0.4673752,0.0004553525,0.5305261,0.0016433339
21,7,none,fcz,601,96,1,1,True,0.003549598,0.975784,0.0163145,0.004351921
21,7,none,fcz,602,96,0,0,True,0.7785754,0.030656578,0.17881237,0.011955649
21,7,none,fcz,603,96,1,2,False,0.017550524,0.4377667,0.54173017,0.0029526297
21,7,none,fcz,604,96,1,1,True,0.0029136175,0.6059921,0.23520133,0.15589298
21,7,none,fcz,605,96,0,0,True,0.8465052,0.00039083138,0.13317095,0.019932972
21,7,none,fcz,606,96,1,2,False,0.015624765,0.116872855,0.65367347,0.21382894
21,7,none,fcz,607,96,0,2,False,0.11122407,0.0012758946,0.8198787,0.067621306
21,7,none,fcz,608,96,0,2,False,0.41507834,0.00088672887,0.46916634,0.114868596
21,7,none,fcz,609,96,3,3,True,0.038001858,0.014632804,0.036869507,0.91049576
21,7,none,fcz,610,96,2,2,True,0.000699292,0.0029373132,0.9945141,0.0018493619
21,7,none,fcz,611,96,3,2,False,0.1088068,0.11168791,0.7654082,0.014097116
21,7,none,fcz,612,96,2,0,False,0.483917,0.041478653,0.37422204,0.100382425
21,7,none,fcz,613,96,3,3,True,0.100710414,0.35356107,0.060590144,0.4851383
21,7,none,fcz,614,96,2,2,True,0.004077027,0.0009339231,0.9909609,0.0040282216
21,7,none,fcz,615,96,2,2,True,0.0031828114,0.002723353,0.9681635,0.025930304
21,7,none,fcz,616,96,3,2,False,0.019814683,0.003148011,0.75236756,0.2246698
21,7,none,fcz,617,96,2,2,True,0.042497795,0.021027181,0.8010389,0.13543603
21,7,none,fcz,618,96,3,0,False,0.4967728,0.09723791,0.2993961,0.106593214
21,7,none,fcz,619,96,2,2,True,0.012971087,0.0060884487,0.84692985,0.13401072
21,7,none,fcz,620,96,3,3,True,0.06938052,0.03751188,0.18631876,0.70678884
21,7,none,fcz,621,96,2,0,False,0.48721525,0.010812614,0.48334318,0.018628927
21,7,none,fcz,622,96,3,3,True,0.04513176,0.048227932,0.099123955,0.80751634
21,7,none,fcz,623,96,3,3,True,0.06312451,0.045625754,0.3238094,0.56744033
21,7,none,fcz,624,96,1,1,True,0.0009104037,0.96120256,0.026988432,0.010898672
21,7,none,fcz,625,96,0,0,True,0.74287117,0.0019620329,0.23706222,0.018104551
21,7,none,fcz,626,96,1,2,False,0.029670143,0.017079977,0.9475421,0.0057077566
21,7,none,fcz,627,96,0,2,False,0.21653701,0.21849513,0.5620922,0.002875648
21,7,none,fcz,628,96,1,2,False,0.006477171,0.3178653,0.6543798,0.021277755
21,7,none,fcz,629,96,0,0,True,0.9607827,0.0049006594,0.025825555,0.008491164
21,7,none,fcz,630,96,0,0,True,0.80316925,0.0003333237,0.1963231,0.00017432722
21,7,none,fcz,631,96,1,0,False,0.28378192,0.2574911,0.28326604,0.17546098
21,7,none,fcz,632,96,1,1,True,0.0038649978,0.96719867,0.023364132,0.005572134
21,7,none,fcz,633,96,0,0,True,0.6943783,0.080584034,0.15384719,0.07119045
21,7,none,fcz,634,96,0,0,True,0.98655313,3.317365e-05,0.013305899,0.00010785534
21,7,none,fcz,635,96,1,1,True,0.003016874,0.9537731,0.03908046,0.0041295122
21,7,none,fcz,636,96,1,2,False,0.0050424566,0.4338175,0.55726165,0.0038783625
21,7,none,fcz,637,96,0,0,True,0.987535,0.008825052,0.0024860709,0.0011539349
21,7,none,fcz,638,96,0,0,True,0.5203507,0.03631783,0.31520298,0.12812847
21,7,none,fcz,639,96,2,2,True,0.0009262495,0.017804123,0.9789594,0.0023102153
21,7,none,fcz,640,96,3,2,False,0.0055141323,0.019687729,0.9175067,0.057291426
21,7,none,fcz,641,96,2,2,True,0.01840959,0.0031060523,0.948044,0.030440275
21,7,none,fcz,642,96,3,2,False,0.0020806561,0.03334108,0.9442964,0.02028184
21,7,none,fcz,643,96,3,3,True,0.11393859,0.07390755,0.091662504,0.72049135
21,7,none,fcz,644,96,2,2,True,0.012359122,0.23538655,0.74780005,0.0044543194
21,7,none,fcz,645,96,3,2,False,0.2749639,0.093208306,0.33537933,0.29644847
21,7,none,fcz,646,96,2,2,True,0.035774495,0.2279774,0.73052514,0.0057230038
21,7,none,fcz,647,96,2,2,True,0.0028729567,0.01064726,0.983213,0.0032668104
21,7,none,fcz,648,96,3,2,False,0.10664677,0.19190784,0.6671609,0.034284513
21,7,none,fcz,649,96,2,2,True,0.018294528,0.08822218,0.7579563,0.135527
21,7,none,fcz,650,96,3,3,True,0.0920158,0.04402267,0.42196956,0.44199196
21,7,none,fcz,651,96,2,2,True,0.026764262,0.0717811,0.87056154,0.030893166
21,7,none,fcz,652,96,3,2,False,0.35438055,0.07485533,0.5019373,0.06882681
21,7,none,fcz,653,96,3,1,False,0.022498582,0.5931989,0.3192993,0.06500328
21,7,none,fcz,654,97,0,0,True,0.49836284,0.26053184,0.22370325,0.01740204
21,7,none,fcz,655,97,1,1,True,0.013213857,0.94994164,0.009346769,0.027497742
21,7,none,fcz,656,97,1,1,True,0.09767664,0.8593282,0.024464225,0.01853094
21,7,none,fcz,657,97,0,0,True,0.5284453,0.19753969,0.2523382,0.021676814
21,7,none,fcz,658,97,0,0,True,0.9661018,0.003122686,0.027492395,0.0032831598
21,7,none,fcz,659,97,1,1,True,0.0018552645,0.9830672,0.008864208,0.0062133237
21,7,none,fcz,660,97,0,2,False,0.24780978,0.088666074,0.6407168,0.022807417
21,7,none,fcz,661,97,1,1,True,0.00012032201,0.98138076,0.0153746875,0.0031243002
21,7,none,fcz,662,97,0,1,False,0.08172398,0.45390213,0.24938805,0.21498586
21,7,none,fcz,663,97,1,1,True,0.022683589,0.7360987,0.025964862,0.21525283
21,7,none,fcz,664,97,1,1,True,0.0019417701,0.99474686,0.00084956316,0.0024617638
21,7,none,fcz,665,97,0,0,True,0.7406749,0.03858527,0.04971148,0.17102835
21,7,none,fcz,666,97,1,2,False,0.08534711,0.106894515,0.746366,0.061392333
21,7,none,fcz,667,97,0,1,False,0.1818175,0.42968887,0.12914777,0.2593459
21,7,none,fcz,668,97,0,0,True,0.74710196,0.22803265,0.017772827,0.007092461
21,7,none,fcz,669,97,3,2,False,0.27150103,0.117956325,0.31884027,0.29170236
21,7,none,fcz,670,97,2,0,False,0.48197648,0.2843334,0.17317267,0.0605175
21,7,none,fcz,671,97,3,3,True,0.003906286,0.101358004,0.05885246,0.8358832
21,7,none,fcz,672,97,2,1,False,0.0022228495,0.800434,0.07799906,0.11934408
21,7,none,fcz,673,97,3,1,False,0.064788334,0.80471104,0.0025083697,0.12799224
21,7,none,fcz,674,97,2,2,True,0.04572768,0.33653718,0.42206356,0.19567159
21,7,none,fcz,675,97,3,2,False,0.0040731044,0.13438863,0.8266369,0.034901362
21,7,none,fcz,676,97,2,1,False,0.00927985,0.88745004,0.014109724,0.089160316
21,7,none,fcz,677,97,3,1,False,0.0051583205,0.5987622,0.30599687,0.09008263
21,7,none,fcz,678,97,2,2,True,0.06451178,0.078066036,0.8185186,0.038903628
21,7,none,fcz,679,97,3,3,True,0.1533805,0.017090281,0.04330173,0.7862275
21,7,none,fcz,680,97,2,3,False,0.008415705,0.014061168,0.003397357,0.97412574
21,7,none,fcz,681,97,3,3,True,0.08300978,0.01273534,0.09745633,0.8067985
21,7,none,fcz,682,97,2,1,False,0.00093223073,0.8929463,0.07093452,0.035186972
21,7,none,fcz,683,97,2,1,False,0.0072221076,0.8881914,0.060193304,0.04439318
21,7,none,fcz,684,97,0,1,False,0.14872998,0.632254,0.13107066,0.087945275
21,7,none,fcz,685,97,1,0,False,0.7992827,0.09196073,0.105085194,0.0036712885
21,7,none,fcz,686,97,1,1,True,0.0074285106,0.97120047,0.015906008,0.005465019
21,7,none,fcz,687,97,0,2,False,0.40326735,0.018082345,0.45004615,0.12860422
21,7,none,fcz,688,97,1,2,False,0.13691063,0.30946636,0.32922602,0.22439702
21,7,none,fcz,689,97,0,0,True,0.5554813,0.05169126,0.3413131,0.05151439
21,7,none,fcz,690,97,1,2,False,0.005135619,0.014004263,0.8308314,0.15002872
21,7,none,fcz,691,97,0,3,False,0.06818494,0.043845832,0.14856732,0.73940194
21,7,none,fcz,692,97,1,1,True,0.03904966,0.79130423,0.047154747,0.12249141
21,7,none,fcz,693,97,0,3,False,0.2943171,0.017772516,0.13381991,0.5540905
21,7,none,fcz,694,97,0,0,True,0.921657,0.0045489687,0.069789045,0.004004937
21,7,none,fcz,695,97,1,1,True,0.0023099128,0.5532733,0.38054526,0.063871555
21,7,none,fcz,696,97,0,3,False,0.068034835,0.009283446,0.026372593,0.8963091
21,7,none,fcz,697,97,1,1,True,0.022835324,0.84734726,0.043776345,0.08604109
21,7,none,fcz,698,97,1,3,False,0.0019178562,0.26661837,0.009939057,0.7215247
21,7,none,fcz,699,97,3,2,False,0.008169465,0.16364636,0.50001395,0.3281702
21,7,none,fcz,700,97,2,2,True,0.28430495,0.078723185,0.5986795,0.038292475
21,7,none,fcz,701,97,2,2,True,0.050298065,0.28681222,0.5220973,0.14079243
21,7,none,fcz,702,97,3,2,False,0.00684207,0.11272058,0.6064884,0.2739489
21,7,none,fcz,703,97,3,1,False,0.06941451,0.50940996,0.3670506,0.054124895
21,7,none,fcz,704,97,2,1,False,0.018612912,0.9362948,0.025359519,0.01973271
21,7,none,fcz,705,97,2,2,True,0.00466449,0.2249907,0.6333179,0.13702694
21,7,none,fcz,706,97,3,2,False,0.085760884,0.21361947,0.50267595,0.1979437
21,7,none,fcz,707,97,2,2,True,0.017345887,0.08144659,0.8086026,0.092604965
21,7,none,fcz,708,97,3,3,True,0.0023046085,0.25522783,0.13083284,0.61163473
21,7,none,fcz,709,97,3,3,True,0.061723433,0.034693506,0.17182337,0.7317597
21,7,none,fcz,710,97,2,2,True,0.008170802,0.042437833,0.7354575,0.2139339
21,7,none,fcz,711,97,3,2,False,0.13918257,0.07932777,0.47418636,0.30730325
21,7,none,fcz,712,97,2,2,True,0.15801364,0.009022787,0.6725773,0.16038628
21,7,none,fcz,713,97,3,1,False,0.1209598,0.44762528,0.07379488,0.3576201
21,7,none,fcz,714,97,1,3,False,0.045508627,0.31168988,0.27689755,0.365904
21,7,none,fcz,715,97,0,2,False,0.10082871,0.31215072,0.53387874,0.05314176
21,7,none,fcz,716,97,1,1,True,0.011718599,0.821303,0.14008915,0.026889285
21,7,none,fcz,717,97,0,0,True,0.9193222,0.049202874,0.029961454,0.0015134265
21,7,none,fcz,718,97,1,2,False,0.035397112,0.09305725,0.826169,0.045376655
21,7,none,fcz,719,97,0,0,True,0.7032827,0.041063197,0.1148628,0.14079134
21,7,none,fcz,720,97,0,0,True,0.8016425,0.0071083647,0.057395898,0.13385333
21,7,none,fcz,721,97,1,1,True,0.01682232,0.52630633,0.37713063,0.0797407
21,7,none,fcz,722,97,1,1,True,0.00338759,0.54872996,0.2823744,0.165508
21,7,none,fcz,723,97,0,0,True,0.83154196,0.020672103,0.07935029,0.06843569
21,7,none,fcz,724,97,1,1,True,0.015902577,0.84929687,0.050094757,0.08470575
21,7,none,fcz,725,97,0,0,True,0.4459095,0.16398935,0.26927307,0.12082803
21,7,none,fcz,726,97,0,0,True,0.9565175,0.0059786164,0.023244943,0.014258962
21,7,none,fcz,727,97,1,2,False,0.040767044,0.21764164,0.55791974,0.18367165
21,7,none,fcz,728,97,0,0,True,0.721303,0.012869804,0.10991035,0.15591693
21,7,none,fcz,729,97,3,2,False,0.2642676,0.16493903,0.28928524,0.28150812
21,7,none,fcz,730,97,2,1,False,0.002207572,0.8436446,0.08297189,0.07117592
21,7,none,fcz,731,97,2,2,True,0.010605308,0.023447251,0.9415184,0.024429012
21,7,none,fcz,732,97,3,0,False,0.4614828,0.13124593,0.24728547,0.15998584
21,7,none,fcz,733,97,2,2,True,0.065319724,0.34355053,0.42382106,0.16730867
21,7,none,fcz,734,97,3,1,False,0.09400436,0.7153206,0.1256692,0.06500592
21,7,none,fcz,735,97,2,0,False,0.41136152,0.20187467,0.3221394,0.06462447
21,7,none,fcz,736,97,3,3,True,0.03311159,0.2806066,0.226964,0.45931777
21,7,none,fcz,737,97,3,3,True,0.04921392,0.07164274,0.4275626,0.45158067
21,7,none,fcz,738,97,2,2,True,0.048359558,0.20710483,0.6784104,0.06612518
21,7,none,fcz,739,97,3,3,True,0.006149411,0.03658826,0.1808596,0.7764028
21,7,none,fcz,740,97,2,1,False,0.14873818,0.4500288,0.19917417,0.20205884
21,7,none,fcz,741,97,2,2,True,0.072530165,0.28024977,0.48360413,0.16361597
21,7,none,fcz,742,97,3,2,False,0.05973266,0.15215056,0.526582,0.26153478
21,7,none,fcz,743,97,2,0,False,0.67292154,0.112963565,0.16627246,0.047842495
21,7,none,fcz,744,98,0,0,True,0.85314345,0.014324534,0.1309864,0.0015456852
21,7,none,fcz,745,98,1,2,False,0.03900673,0.12620191,0.8270866,0.0077047525
21,7,none,fcz,746,98,1,1,True,0.08493377,0.76400447,0.14291364,0.008148075
21,7,none,fcz,747,98,0,0,True,0.57827497,0.091904,0.32537156,0.0044494863
21,7,none,fcz,748,98,0,0,True,0.453685,0.08125298,0.41191667,0.053145334
21,7,none,fcz,749,98,1,1,True,0.073017955,0.54934776,0.36980644,0.007827846
21,7,none,fcz,750,98,1,1,True,0.028740315,0.892246,0.069665715,0.009347858
21,7,none,fcz,751,98,0,2,False,0.09725939,0.29268965,0.5837809,0.026270013
21,7,none,fcz,752,98,1,1,True,0.082449496,0.70084107,0.21240342,0.004306031
21,7,none,fcz,753,98,0,0,True,0.4916598,0.055927295,0.44891042,0.0035024392
21,7,none,fcz,754,98,1,1,True,0.044726275,0.92490286,0.027462477,0.0029084047
21,7,none,fcz,755,98,0,0,True,0.6888837,0.044131037,0.26057753,0.0064076683
21,7,none,fcz,756,98,0,2,False,0.09267228,0.23129326,0.67283,0.003204492
21,7,none,fcz,757,98,1,2,False,0.047769506,0.33497214,0.54866683,0.06859143
21,7,none,fcz,758,98,0,2,False,0.10378826,0.12843783,0.73801476,0.029759124
21,7,none,fcz,759,98,3,3,True,0.037791327,0.0058345255,0.03169064,0.9246836
21,7,none,fcz,760,98,2,2,True,0.09152121,0.073053144,0.7795875,0.05583814
21,7,none,fcz,761,98,3,3,True,0.023389807,0.06431707,0.22247247,0.68982065
21,7,none,fcz,762,98,2,1,False,0.14041424,0.43058985,0.42478663,0.0042092483
21,7,none,fcz,763,98,2,0,False,0.49273366,0.07218369,0.40149724,0.03358538
21,7,none,fcz,764,98,3,2,False,0.025454106,0.1788901,0.619241,0.1764148
21,7,none,fcz,765,98,2,2,True,0.037395213,0.009908129,0.93675214,0.015944526
21,7,none,fcz,766,98,3,2,False,0.08121524,0.12488977,0.6813667,0.112528324
21,7,none,fcz,767,98,2,2,True,0.037133213,0.0035029124,0.9407713,0.01859257
21,7,none,fcz,768,98,3,3,True,0.11420764,0.113953784,0.086440526,0.685398
21,7,none,fcz,769,98,3,2,False,0.19213322,0.057165504,0.37847036,0.37223092
21,7,none,fcz,770,98,2,2,True,0.040306766,0.017159509,0.9231204,0.019413395
21,7,none,fcz,771,98,2,2,True,0.22404547,0.015785659,0.6610136,0.09915532
21,7,none,fcz,772,98,3,0,False,0.69781286,0.08894594,0.15185714,0.061384037
21,7,none,fcz,773,98,3,2,False,0.117924154,0.054570694,0.74588764,0.081617534
21,7,none,fcz,774,98,1,1,True,0.01251704,0.8744751,0.108437695,0.004570099
21,7,none,fcz,775,98,0,2,False,0.33871874,0.1137282,0.53056026,0.016992813
21,7,none,fcz,776,98,0,0,True,0.5639697,0.02909984,0.39088833,0.016042167
21,7,none,fcz,777,98,1,2,False,0.08720063,0.4181259,0.41907847,0.07559501
21,7,none,fcz,778,98,0,0,True,0.8944044,0.042387217,0.054954883,0.008253536
21,7,none,fcz,779,98,1,2,False,0.06029797,0.17410651,0.7258014,0.03979406
21,7,none,fcz,780,98,1,2,False,0.053732,0.3851779,0.42999098,0.13109909
21,7,none,fcz,781,98,0,0,True,0.8442698,0.011524671,0.116042726,0.028162865
21,7,none,fcz,782,98,0,0,True,0.60651743,0.18302241,0.19099712,0.019463068
21,7,none,fcz,783,98,1,1,True,0.11070589,0.587188,0.23529384,0.066812225
21,7,none,fcz,784,98,0,0,True,0.65882975,0.014691345,0.28858745,0.03789145
21,7,none,fcz,785,98,1,1,True,0.028864438,0.7202545,0.24411406,0.006767093
21,7,none,fcz,786,98,1,1,True,0.05992186,0.6109244,0.17024194,0.15891169
21,7,none,fcz,787,98,0,0,True,0.9676923,0.0055309497,0.023402212,0.0033746038
21,7,none,fcz,788,98,0,2,False,0.042431086,0.020981155,0.90109277,0.035495006
21,7,none,fcz,789,98,3,3,True,0.20572506,0.14969243,0.2640786,0.38050386
21,7,none,fcz,790,98,2,2,True,0.33119112,0.035590183,0.6099887,0.023230033
21,7,none,fcz,791,98,3,2,False,0.16292177,0.052279495,0.4760006,0.3087981
21,7,none,fcz,792,98,2,2,True,0.019808332,0.051563956,0.9273811,0.0012466125
21,7,none,fcz,793,98,2,0,False,0.41626635,0.1621257,0.37818003,0.04342786
21,7,none,fcz,794,98,3,3,True,0.19078222,0.23070268,0.11943049,0.4590846
21,7,none,fcz,795,98,2,2,True,0.18367013,0.11446113,0.6618665,0.040002197
21,7,none,fcz,796,98,3,3,True,0.06560855,0.01862224,0.04013607,0.8756332
21,7,none,fcz,797,98,3,3,True,0.074424095,0.009455281,0.42926696,0.48685363
21,7,none,fcz,798,98,2,2,True,0.053389173,0.08052013,0.7146043,0.15148643
21,7,none,fcz,799,98,2,2,True,0.028901178,0.07989176,0.8831325,0.008074632
21,7,none,fcz,800,98,3,2,False,0.30049875,0.321354,0.3712701,0.006877172
21,7,none,fcz,801,98,2,3,False,0.13516024,0.10977823,0.3062518,0.44880974
21,7,none,fcz,802,98,3,3,True,0.046858713,0.042879924,0.14021508,0.77004623
21,7,none,fcz,803,98,3,2,False,0.21052139,0.031372283,0.55839723,0.19970904
21,7,none,fcz,804,98,0,2,False,0.26322234,0.13657609,0.579993,0.020208532
21,7,none,fcz,805,98,1,0,False,0.386116,0.11073855,0.13230175,0.37084368
21,7,none,fcz,806,98,1,0,False,0.29219568,0.28319216,0.27669644,0.14791574
21,7,none,fcz,807,98,0,2,False,0.22818126,0.24035354,0.5005175,0.030947717
21,7,none,fcz,808,98,0,1,False,0.17001586,0.7621532,0.058660563,0.009170307
21,7,none,fcz,809,98,1,3,False,0.16421477,0.07757829,0.1289037,0.6293032
21,7,none,fcz,810,98,1,2,False,0.3575945,0.12741572,0.3899265,0.12506332
21,7,none,fcz,811,98,0,0,True,0.4835314,0.028462272,0.4023159,0.08569033
21,7,none,fcz,812,98,0,1,False,0.34541717,0.4460342,0.17039277,0.038155843
21,7,none,fcz,813,98,1,0,False,0.97789335,0.012345832,0.0052587576,0.0045019737
21,7,none,fcz,814,98,0,2,False,0.20814888,0.201756,0.5361797,0.05391542
21,7,none,fcz,815,98,1,0,False,0.56535107,0.24372464,0.14061138,0.050312884
21,7,none,fcz,816,98,1,0,False,0.65174407,0.039214626,0.20356785,0.10547351
21,7,none,fcz,817,98,0,2,False,0.050846696,0.1521118,0.7706693,0.026372187
21,7,none,fcz,818,98,1,2,False,0.25169078,0.32918766,0.38400725,0.03511436
21,7,none,fcz,819,98,2,0,False,0.6815703,0.073277354,0.174993,0.07015937
21,7,none,fcz,820,98,3,1,False,0.0046878913,0.98512566,0.008939189,0.0012471298
21,7,none,fcz,821,98,3,1,False,0.090953104,0.49565056,0.3037231,0.10967323
21,7,none,fcz,822,98,2,0,False,0.57920504,0.018755624,0.29740685,0.10463248
21,7,none,fcz,823,98,2,2,True,0.40337315,0.042495288,0.4837096,0.07042193
21,7,none,fcz,824,98,3,2,False,0.024552377,0.12490444,0.7623473,0.0881959
21,7,none,fcz,825,98,3,2,False,0.07790139,0.022378748,0.68591034,0.2138095
21,7,none,fcz,826,98,2,2,True,0.19689369,0.13787185,0.55659086,0.10864358
21,7,none,fcz,827,98,3,3,True,0.19163674,0.283406,0.1545329,0.37042436
21,7,none,fcz,828,98,2,2,True,0.22513525,0.10952973,0.65528697,0.01004801
21,7,none,fcz,829,98,3,2,False,0.34782994,0.100334905,0.38364214,0.16819304
21,7,none,fcz,830,98,2,0,False,0.41759026,0.052313894,0.30476576,0.22533013
21,7,none,fcz,831,98,3,2,False,0.08285769,0.0982316,0.47966763,0.33924308
21,7,none,fcz,832,98,2,0,False,0.67683744,0.042711485,0.25037527,0.030075764
21,7,none,fcz,833,98,3,1,False,0.22335199,0.7312647,0.03306138,0.01232194
21,7,none,fcz,834,99,1,2,False,0.12356568,0.3380173,0.42914495,0.109272026
21,7,none,fcz,835,99,0,2,False,0.10534707,0.014880437,0.86039644,0.019376105
21,7,none,fcz,836,99,0,0,True,0.7558806,0.05391421,0.12041681,0.06978835
21,7,none,fcz,837,99,1,3,False,0.105219126,0.14297862,0.016849669,0.7349526
21,7,none,fcz,838,99,0,1,False,0.04353686,0.47876373,0.38828552,0.089413874
21,7,none,fcz,839,99,1,0,False,0.47076368,0.08892214,0.090697125,0.3496171
21,7,none,fcz,840,99,1,2,False,0.023565643,0.0680976,0.7600238,0.14831306
21,7,none,fcz,841,99,0,2,False,0.057084203,0.08639175,0.5956378,0.2608862
21,7,none,fcz,842,99,0,3,False,0.2059903,0.11580628,0.24990988,0.4282936
21,7,none,fcz,843,99,1,2,False,0.007572207,0.0013581594,0.7015989,0.28947073
21,7,none,fcz,844,99,1,1,True,0.0011744312,0.9825415,0.015246786,0.0010372733
21,7,none,fcz,845,99,0,2,False,0.08262663,0.1837142,0.4826909,0.2509683
21,7,none,fcz,846,99,1,2,False,0.0245999,0.28908825,0.5939573,0.092354596
21,7,none,fcz,847,99,0,2,False,0.30989406,0.0099873105,0.5637288,0.11638985
21,7,none,fcz,848,99,1,1,True,0.016993294,0.65536207,0.19299105,0.13465364
21,7,none,fcz,849,99,3,2,False,0.04670729,0.31561726,0.5125787,0.12509675
21,7,none,fcz,850,99,2,3,False,0.14061543,0.09567889,0.27066913,0.4930365
21,7,none,fcz,851,99,3,2,False,0.11485671,0.08077154,0.7239056,0.0804661
21,7,none,fcz,852,99,2,2,True,0.058100548,0.005544034,0.92929703,0.007058434
21,7,none,fcz,853,99,3,2,False,0.20101292,0.09583932,0.48095304,0.22219466
21,7,none,fcz,854,99,2,2,True,0.16853185,0.025432229,0.7964069,0.009628995
21,7,none,fcz,855,99,3,2,False,0.10929605,0.41717637,0.45016307,0.023364544
21,7,none,fcz,856,99,2,2,True,0.15058465,0.018182622,0.5714341,0.25979868
21,7,none,fcz,857,99,2,1,False,0.2476281,0.3898889,0.1644346,0.19804849
21,7,none,fcz,858,99,3,0,False,0.7622455,0.01651506,0.17922756,0.04201197
21,7,none,fcz,859,99,3,2,False,0.0660392,0.033593405,0.4994216,0.40094578
21,7,none,fcz,860,99,2,3,False,0.12735727,0.19313729,0.07745948,0.60204595
21,7,none,fcz,861,99,2,2,True,0.16559145,0.02377482,0.7597289,0.050904877
21,7,none,fcz,862,99,3,3,True,0.010577229,0.01858379,0.35924026,0.6115988
21,7,none,fcz,863,99,3,3,True,0.17301016,0.13147026,0.20588572,0.4896338
21,7,none,fcz,864,99,0,0,True,0.884108,0.0010794975,0.09374612,0.02106638
21,7,none,fcz,865,99,1,2,False,0.28897867,0.050725266,0.45977598,0.20052005
21,7,none,fcz,866,99,0,3,False,0.40063363,0.16066658,0.031000607,0.4076991
21,7,none,fcz,867,99,1,1,True,0.36238518,0.39775452,0.09154066,0.14831968
21,7,none,fcz,868,99,1,1,True,0.0035123227,0.8445785,0.017248726,0.13466045
21,7,none,fcz,869,99,0,0,True,0.7508595,0.008964322,0.14876764,0.09140861
21,7,none,fcz,870,99,1,0,False,0.37487972,0.28244662,0.33163145,0.011042226
21,7,none,fcz,871,99,0,0,True,0.54293126,0.0033968282,0.32308576,0.13058618
21,7,none,fcz,872,99,1,1,True,0.14331974,0.55423194,0.23152576,0.07092254
21,7,none,fcz,873,99,0,3,False,0.4611384,0.0018980918,0.067080654,0.46988285
21,7,none,fcz,874,99,1,0,False,0.4098909,0.04277045,0.15811595,0.3892227
21,7,none,fcz,875,99,0,2,False,0.116174676,0.0135605205,0.80291957,0.06734523
21,7,none,fcz,876,99,1,2,False,0.16663796,0.019450687,0.7874404,0.026470888
21,7,none,fcz,877,99,0,0,True,0.4884571,0.12489657,0.26335296,0.12329345
21,7,none,fcz,878,99,0,0,True,0.98149407,0.0009315975,0.012016115,0.0055582733
21,7,none,fcz,879,99,2,3,False,0.23015116,0.035176087,0.31630087,0.41837192
21,7,none,fcz,880,99,3,2,False,0.004229891,0.012533553,0.811149,0.17208752
21,7,none,fcz,881,99,2,1,False,0.117030285,0.39882192,0.120062135,0.36408564
21,7,none,fcz,882,99,3,2,False,0.2787003,0.07995614,0.37772352,0.26362008
21,7,none,fcz,883,99,3,0,False,0.8099674,0.04471264,0.13503288,0.010287169
21,7,none,fcz,884,99,2,0,False,0.6120196,0.013908885,0.36967847,0.004393061
21,7,none,fcz,885,99,3,2,False,0.30762786,0.0220178,0.5276449,0.1427095
21,7,none,fcz,886,99,2,0,False,0.50652045,0.006574636,0.36715838,0.11974652
21,7,none,fcz,887,99,2,1,False,0.07447878,0.85299516,0.009611482,0.06291463
21,7,none,fcz,888,99,3,0,False,0.68609333,0.033907995,0.09140202,0.18859671
21,7,none,fcz,889,99,2,3,False,0.3004443,0.043116264,0.04639578,0.61004364
21,7,none,fcz,890,99,3,2,False,0.042278312,0.042970996,0.6031995,0.3115512
21,7,none,fcz,891,99,2,2,True,0.039993834,0.016582595,0.6409436,0.30247995
21,7,none,fcz,892,99,3,2,False,0.1016182,0.03330724,0.47282192,0.3922526
21,7,none,fcz,893,99,3,2,False,0.04912875,0.0744386,0.7492757,0.1271569
21,7,none,fcz,894,99,0,0,True,0.6437046,0.034070615,0.29625672,0.025968181
21,7,none,fcz,895,99,1,0,False,0.8265945,0.013252068,0.04702231,0.11313119
21,7,none,fcz,896,99,0,2,False,0.32208854,0.1095349,0.53053373,0.03784283
21,7,none,fcz,897,99,1,1,True,0.07790499,0.59432596,0.30009273,0.027676282
21,7,none,fcz,898,99,1,1,True,0.022211265,0.89077866,0.045490425,0.041519653
21,7,none,fcz,899,99,0,0,True,0.4890155,0.017172372,0.3396008,0.15421125
21,7,none,fcz,900,99,0,2,False,0.024673022,0.027102035,0.9178116,0.030413356
21,7,none,fcz,901,99,1,1,True,0.0019581506,0.6813364,0.10130439,0.21540102
21,7,none,fcz,902,99,0,2,False,0.031311397,0.35563156,0.55119467,0.061862394
21,7,none,fcz,903,99,1,3,False,0.3188151,0.2209101,0.048031393,0.41224343
21,7,none,fcz,904,99,1,2,False,0.05554835,0.047437664,0.47796398,0.41905
21,7,none,fcz,905,99,0,2,False,0.1788369,0.10590252,0.6280299,0.087230735
21,7,none,fcz,906,99,0,0,True,0.5024391,0.010612429,0.3170006,0.16994788
21,7,none,fcz,907,99,1,2,False,0.14922051,0.15221143,0.56862885,0.12993915
21,7,none,fcz,908,99,1,2,False,0.038148742,0.032436438,0.8172099,0.11220494
21,7,none,fcz,909,99,2,2,True,0.021409748,0.027996544,0.4778341,0.47275963
21,7,none,fcz,910,99,3,1,False,0.039592914,0.78148174,0.05503111,0.12389418
21,7,none,fcz,911,99,2,2,True,0.026840534,0.048228074,0.8830886,0.041842833
21,7,none,fcz,912,99,3,2,False,0.0070996503,0.10751019,0.8589378,0.02645242
21,7,none,fcz,913,99,3,2,False,0.07657938,0.06659559,0.76259077,0.09423431
21,7,none,fcz,914,99,2,2,True,0.036222897,0.026420576,0.70851874,0.22883785
21,7,none,fcz,915,99,2,3,False,0.015243485,0.05056917,0.4041968,0.52999055
21,7,none,fcz,916,99,3,3,True,0.06841246,0.10045883,0.36742958,0.4636991
21,7,none,fcz,917,99,3,2,False,0.39761564,0.004595401,0.47632375,0.121465236
21,7,none,fcz,918,99,2,2,True,0.39732546,0.008782998,0.5264597,0.06743181
21,7,none,fcz,919,99,3,1,False,0.23694906,0.38870186,0.20925833,0.16509077
21,7,none,fcz,920,99,2,2,True,0.085646376,0.0417822,0.7836176,0.088953815
21,7,none,fcz,921,99,3,2,False,0.0087599745,0.09864887,0.8465726,0.046018597
21,7,none,fcz,922,99,2,2,True,0.012376505,0.4438865,0.51691383,0.026823241
21,7,none,fcz,923,99,3,3,True,0.040197305,0.043059725,0.13893747,0.77780557
21,7,none,fcz,924,100,0,0,True,0.68027717,0.020233685,0.29734275,0.0021464445
21,7,none,fcz,925,100,1,2,False,0.013043381,0.32289883,0.39925042,0.2648074
21,7,none,fcz,926,100,1,1,True,0.006337954,0.90014464,0.06353034,0.029986976
21,7,none,fcz,927,100,0,2,False,0.04165784,0.3821229,0.48325232,0.092966855
21,7,none,fcz,928,100,0,0,True,0.9746865,0.001897329,0.0117087485,0.0117074745
21,7,none,fcz,929,100,1,2,False,0.07486002,0.19486086,0.60852337,0.12175581
21,7,none,fcz,930,100,0,0,True,0.98906684,8.1541104e-05,0.008346358,0.0025052151
21,7,none,fcz,931,100,1,2,False,0.029529205,0.1312286,0.6954182,0.14382401
21,7,none,fcz,932,100,1,1,True,0.00027155515,0.9808475,0.018685983,0.0001950754
21,7,none,fcz,933,100,0,2,False,0.06245104,0.019062405,0.86514074,0.05334572
21,7,none,fcz,934,100,1,2,False,0.0027076965,0.40557253,0.5665547,0.02516509
21,7,none,fcz,935,100,0,2,False,0.2601623,0.005230262,0.71402675,0.020580752
21,7,none,fcz,936,100,3,3,True,0.10076387,0.014968591,0.025394235,0.8588733
21,7,none,fcz,937,100,2,2,True,0.15468392,0.041841175,0.7672571,0.036217846
21,7,none,fcz,938,100,3,3,True,0.20906714,0.04995413,0.06798875,0.67299
21,7,none,fcz,939,100,2,2,True,0.069420494,0.2722253,0.6057935,0.05256077
21,7,none,fcz,940,100,3,0,False,0.42697453,0.007396281,0.37509668,0.19053243
21,7,none,fcz,941,100,2,2,True,0.13270555,0.07582246,0.7889229,0.0025490616
21,7,none,fcz,942,100,3,1,False,0.28542167,0.29369715,0.26157343,0.15930772
21,7,none,fcz,943,100,2,2,True,0.025909623,0.006416657,0.9656592,0.0020145297
21,7,none,fcz,944,100,3,2,False,0.07200997,0.012261569,0.8925205,0.02320803
21,7,none,fcz,945,100,2,2,True,0.013825245,0.044706605,0.94066775,0.000800406
21,7,none,fcz,946,100,3,1,False,0.0018253886,0.8842561,0.07079588,0.04312255
21,7,none,fcz,947,100,2,2,True,0.2721515,0.04208911,0.65541136,0.030348072
21,7,none,fcz,948,100,1,1,True,0.0030586016,0.9419778,0.0546476,0.0003160167
21,7,none,fcz,949,100,0,2,False,0.43912688,0.029080832,0.52138686,0.010405403
21,7,none,fcz,950,100,0,0,True,0.8148833,0.023068737,0.09276099,0.06928711
21,7,none,fcz,951,100,1,2,False,0.02852082,0.3823624,0.5355585,0.053558275
21,7,none,fcz,952,100,1,1,True,0.07515707,0.8049814,0.07699873,0.042862874
21,7,none,fcz,953,100,0,2,False,0.07868289,0.11587508,0.79673266,0.00870941
21,7,none,fcz,954,100,0,0,True,0.7956094,0.13770515,0.027670415,0.039015055
21,7,none,fcz,955,100,1,1,True,0.0021121756,0.95918256,0.030868296,0.007836985
21,7,none,fcz,956,100,1,1,True,0.021121312,0.9143879,0.022997893,0.041492984
21,7,none,fcz,957,100,0,1,False,0.0073024267,0.70890164,0.25069618,0.03309983
21,7,none,fcz,958,100,0,0,True,0.8384626,0.054682743,0.10281414,0.004040482
21,7,none,fcz,959,100,1,1,True,0.0006436446,0.9904897,0.008274193,0.00059253286
21,7,none,fcz,960,100,3,3,True,0.083638325,0.028901633,0.33588517,0.5515749
21,7,none,fcz,961,100,2,2,True,0.029230379,0.001815222,0.9461065,0.022847906
21,7,none,fcz,962,100,2,2,True,0.04740643,0.014866628,0.91425276,0.023474226
21,7,none,fcz,963,100,3,3,True,0.1393511,0.29305226,0.16441073,0.40318587
21,7,none,fcz,964,100,2,2,True,0.11459669,0.38060918,0.49524912,0.009545061
21,7,none,fcz,965,100,3,0,False,0.89094687,0.004467627,0.038668197,0.065917276
21,7,none,fcz,966,100,2,2,True,0.024282133,0.18611102,0.77005845,0.019548396
21,7,none,fcz,967,100,3,0,False,0.65195626,0.056646034,0.18230484,0.10909277
21,7,none,fcz,968,100,2,0,False,0.43804523,0.15083605,0.40648526,0.004633541
21,7,none,fcz,969,100,3,1,False,0.018857406,0.5231556,0.39214146,0.065845475
21,7,none,fcz,970,100,2,0,False,0.434839,0.054895665,0.36049187,0.14977351
21,7,none,fcz,971,100,3,1,False,0.26044384,0.29958695,0.29652178,0.14344741
21,7,none,fcz,972,100,1,1,True,0.0024776747,0.9721671,0.014290365,0.011064949
21,7,none,fcz,973,100,0,0,True,0.87690854,0.033751138,0.061180264,0.028160132
21,7,none,fcz,974,100,0,2,False,0.0011684635,0.004563656,0.9155423,0.07872556
21,7,none,fcz,975,100,1,2,False,0.06132164,0.0065667774,0.9085452,0.023566457
21,7,none,fcz,976,100,1,1,True,0.00039164405,0.97521544,0.0239441,0.00044883654
21,7,none,fcz,977,100,0,0,True,0.9941051,0.00019320672,0.0054002623,0.0003014293
21,7,none,fcz,978,100,0,2,False,0.38041803,0.009315585,0.5866182,0.023648165
21,7,none,fcz,979,100,1,1,True,0.025553824,0.8489735,0.014686262,0.11078643
21,7,none,fcz,980,100,1,2,False,0.0030221178,0.3209192,0.6295557,0.046503015
21,7,none,fcz,981,100,0,2,False,0.45072454,0.031221231,0.5082735,0.0097807925
21,7,none,fcz,982,100,0,2,False,0.37291002,0.080609925,0.39826933,0.1482108
21,7,none,fcz,983,100,1,1,True,0.004660485,0.87707543,0.094377026,0.023887118
21,7,none,fcz,984,100,2,2,True,0.033688955,0.020921962,0.9150261,0.030362941
21,7,none,fcz,985,100,3,2,False,0.009030755,0.028002094,0.7744633,0.18850379
21,7,none,fcz,986,100,2,3,False,0.052162815,0.034163296,0.32064414,0.5930297
21,7,none,fcz,987,100,3,1,False,0.0049946094,0.4378457,0.22472666,0.332433
21,7,none,fcz,988,100,3,1,False,0.04199703,0.59289765,0.14086862,0.22423664
21,7,none,fcz,989,100,2,2,True,0.22991878,0.09152805,0.6777326,0.0008206044
21,7,none,fcz,990,100,2,2,True,0.05459152,0.07495642,0.85037464,0.020077482
21,7,none,fcz,991,100,3,2,False,0.014548282,0.059173793,0.85130924,0.07496862
21,7,none,fcz,992,100,3,3,True,0.0022044035,0.17437612,0.34233072,0.48108876
21,7,none,fcz,993,100,2,2,True,0.063813366,0.12011774,0.7533152,0.06275364
21,7,none,fcz,994,100,2,2,True,0.026062198,0.04319629,0.8098027,0.120938756
21,7,none,fcz,995,100,3,3,True,0.0035719683,0.02223483,0.25453734,0.7196559
21,7,none,fcz,996,101,0,0,True,0.7233798,0.030440131,0.23112832,0.015051838
21,7,none,fcz,997,101,1,1,True,0.00028666345,0.9935275,0.0043436107,0.0018423202
21,7,none,fcz,998,101,1,1,True,0.07210114,0.89477175,0.028782863,0.0043442487
21,7,none,fcz,999,101,0,0,True,0.9985827,0.0011264608,9.304405e-05,0.000197755
21,7,none,fcz,1000,101,1,1,True,0.0008646404,0.9972154,0.0011390892,0.0007809059
21,7,none,fcz,1001,101,0,0,True,0.99983394,9.919679e-05,6.183134e-05,5.000466e-06
21,7,none,fcz,1002,101,1,1,True,0.00024205848,0.9996338,1.5599113e-05,0.00010860673
21,7,none,fcz,1003,101,0,0,True,0.9996189,0.00028733956,8.351602e-05,1.0206637e-05
21,7,none,fcz,1004,101,1,1,True,0.00033199656,0.99932086,0.00010430658,0.00024274476
21,7,none,fcz,1005,101,0,0,True,0.9963108,0.003366492,0.00030777336,1.4932144e-05
21,7,none,fcz,1006,101,0,0,True,0.99697006,0.0020599102,0.0008785396,9.147725e-05
21,7,none,fcz,1007,101,1,1,True,0.00023865254,0.99791735,0.0014700678,0.00037390096
21,7,none,fcz,1008,101,1,1,True,0.00033910916,0.995155,0.0042070313,0.00029884969
21,7,none,fcz,1009,101,0,0,True,0.9965766,8.676798e-05,0.0028095085,0.00052707636
21,7,none,fcz,1010,101,0,0,True,0.9990375,0.00015856416,0.00060949463,0.00019452641
21,7,none,fcz,1011,101,2,1,False,0.023381464,0.7238769,0.25221732,0.0005243041
21,7,none,fcz,1012,101,3,1,False,0.050666783,0.9162079,0.024012377,0.009113044
21,7,none,fcz,1013,101,2,0,False,0.5756814,0.01658356,0.3749814,0.03275368
21,7,none,fcz,1014,101,3,0,False,0.58719057,0.20813179,0.044186,0.16049168
21,7,none,fcz,1015,101,3,2,False,0.09960773,0.33744898,0.42680895,0.13613431
21,7,none,fcz,1016,101,2,0,False,0.47358984,0.11424101,0.38281056,0.029358547
21,7,none,fcz,1017,101,2,1,False,0.012086948,0.72141165,0.2582496,0.00825176
21,7,none,fcz,1018,101,3,1,False,0.17669839,0.61320156,0.058573876,0.15152611
21,7,none,fcz,1019,101,2,1,False,0.11784199,0.6541496,0.22332717,0.004681304
21,7,none,fcz,1020,101,3,0,False,0.4401285,0.2111198,0.053218365,0.2955333
21,7,none,fcz,1021,101,3,3,True,0.060109396,0.15002273,0.38079175,0.40907615
21,7,none,fcz,1022,101,2,1,False,0.14025114,0.84265935,0.015225235,0.0018643483
21,7,none,fcz,1023,101,2,0,False,0.63950974,0.08222054,0.27576214,0.0025075346
21,7,none,fcz,1024,101,3,3,True,0.10105042,0.30339873,0.011680646,0.5838703
21,7,none,fcz,1025,101,2,2,True,0.37481502,0.17494038,0.43926486,0.010979736
21,7,none,fcz,1026,101,1,1,True,0.009636503,0.9661786,0.02091257,0.0032723527
21,7,none,fcz,1027,101,0,0,True,0.9983442,0.00052426127,0.0011093871,2.2170561e-05
21,7,none,fcz,1028,101,0,0,True,0.989638,0.0074536228,0.0026837355,0.00022461236
21,7,none,fcz,1029,101,1,1,True,0.26077184,0.7139256,0.016410245,0.008892347
21,7,none,fcz,1030,101,1,1,True,6.593411e-05,0.99816614,0.0014825105,0.0002855064
21,7,none,fcz,1031,101,0,0,True,0.99806076,0.0003880652,0.0015135678,3.7570466e-05
21,7,none,fcz,1032,101,0,0,True,0.9991043,0.00079199194,6.865479e-05,3.4984736e-05
21,7,none,fcz,1033,101,1,1,True,0.0005951416,0.9983323,0.0010484621,2.405572e-05
21,7,none,fcz,1034,101,1,1,True,0.0057133227,0.99403137,0.00016106664,9.417431e-05
21,7,none,fcz,1035,101,0,0,True,0.99965644,8.813476e-05,7.183458e-05,0.00018351527
21,7,none,fcz,1036,101,1,1,True,0.005934337,0.9898191,0.003088524,0.0011579836
21,7,none,fcz,1037,101,0,0,True,0.99970776,0.00025182142,3.0610325e-05,9.805058e-06
21,7,none,fcz,1038,101,1,1,True,0.004574315,0.9949656,0.00039988846,6.0251215e-05
21,7,none,fcz,1039,101,0,0,True,0.91702116,0.03835087,0.015016645,0.02961139
21,7,none,fcz,1040,101,1,1,True,0.16566288,0.53842884,0.25715044,0.038757857
21,7,none,fcz,1041,101,2,0,False,0.5506278,0.10143806,0.3461763,0.0017578648
21,7,none,fcz,1042,101,3,2,False,0.24150486,0.20899169,0.47406605,0.07543741
21,7,none,fcz,1043,101,2,1,False,0.03229536,0.8572715,0.108015776,0.0024174156
21,7,none,fcz,1044,101,3,1,False,0.3289178,0.38050577,0.0067179454,0.2838585
21,7,none,fcz,1045,101,3,0,False,0.7515604,0.06773083,0.068950415,0.11175836
21,7,none,fcz,1046,101,2,1,False,0.18759815,0.67974013,0.12035981,0.012301821
21,7,none,fcz,1047,101,2,0,False,0.59077024,0.13755709,0.2675967,0.004075986
21,7,none,fcz,1048,101,3,1,False,0.36510625,0.5041966,0.024949465,0.105747744
21,7,none,fcz,1049,101,3,3,True,0.3342002,0.028830515,0.04914082,0.5878285
21,7,none,fcz,1050,101,2,0,False,0.5456756,0.35108477,0.07894209,0.024297617
21,7,none,fcz,1051,101,2,2,True,0.017422777,0.023373697,0.9586723,0.00053123315
21,7,none,fcz,1052,101,3,1,False,0.42049605,0.44580466,0.04261004,0.09108925
21,7,none,fcz,1053,101,2,0,False,0.83497864,0.025146054,0.13075612,0.009119105
21,7,none,fcz,1054,101,3,0,False,0.52823085,0.024661416,0.15723297,0.28987485
21,7,none,fcz,1055,101,2,1,False,0.057415023,0.8885983,0.03484145,0.019145194
21,7,none,fcz,1056,101,0,0,True,0.9973122,0.0007837329,0.0018420693,6.204321e-05
21,7,none,fcz,1057,101,1,1,True,0.023809029,0.91048867,0.064329945,0.0013723451
21,7,none,fcz,1058,101,0,0,True,0.9973379,0.0006392013,0.0019736295,4.9396425e-05
21,7,none,fcz,1059,101,1,1,True,0.07711559,0.88728625,0.0125617385,0.02303641
21,7,none,fcz,1060,101,1,1,True,0.0085728625,0.95826185,0.00657619,0.026589056
21,7,none,fcz,1061,101,0,0,True,0.9900205,0.0073101064,0.0012217225,0.001447604
21,7,none,fcz,1062,101,1,1,True,0.0004665523,0.99950695,1.2779541e-05,1.3650522e-05
21,7,none,fcz,1063,101,0,0,True,0.9997464,0.00021206855,3.7291404e-05,4.253821e-06
21,7,none,fcz,1064,101,1,1,True,0.0011516013,0.99336326,0.004911883,0.00057331496
21,7,none,fcz,1065,101,0,0,True,0.99605393,0.0014001078,0.001190644,0.0013554312
21,7,none,fcz,1066,101,1,1,True,0.0030272047,0.9905822,0.0027212214,0.0036693881
21,7,none,fcz,1067,101,0,0,True,0.9989196,8.5093336e-05,0.0006457048,0.00034965476
21,7,none,fcz,1068,101,0,0,True,0.97198504,0.024004675,0.0037014713,0.0003088411
21,7,none,fcz,1069,101,1,1,True,0.0044952724,0.99150604,0.0012892806,0.002709399
21,7,none,fcz,1070,101,1,1,True,0.0013756143,0.98102874,0.017207446,0.00038810648
21,7,none,fcz,1071,101,3,3,True,0.029932942,0.051439453,0.0047776825,0.91384995
21,7,none,fcz,1072,101,2,2,True,0.039725535,0.02845567,0.91960317,0.012215662
21,7,none,fcz,1073,101,3,0,False,0.46718794,0.25018096,0.14514701,0.13748413
21,7,none,fcz,1074,101,2,2,True,0.17685688,0.036867797,0.76056695,0.025708321
21,7,none,fcz,1075,101,2,2,True,0.11895823,0.35886943,0.5115853,0.010587068
21,7,none,fcz,1076,101,3,0,False,0.49310613,0.3818539,0.029150138,0.09588986
21,7,none,fcz,1077,101,3,3,True,0.4111763,0.059973393,0.022340514,0.50650984
21,7,none,fcz,1078,101,2,3,False,0.13592331,0.2670502,0.11838301,0.47864348
21,7,none,fcz,1079,101,2,2,True,0.02069046,0.012496518,0.9660596,0.0007533603
21,7,none,fcz,1080,101,3,0,False,0.3502376,0.20592192,0.11035203,0.3334884
21,7,none,fcz,1081,101,3,3,True,0.2849419,0.11877644,0.12230621,0.4739755
21,7,none,fcz,1082,101,2,1,False,0.19405304,0.36982325,0.28540498,0.15071878
21,7,none,fcz,1083,101,3,1,False,0.2616785,0.47704768,0.033157337,0.22811644
21,7,none,fcz,1084,101,2,1,False,0.012515871,0.41616783,0.3769403,0.19437598
21,7,none,fcz,1085,101,2,1,False,0.018214144,0.7163279,0.24186435,0.023593597
21,7,none,fcz,1086,102,1,1,True,0.0021662563,0.9894482,0.0072030993,0.001182487
21,7,none,fcz,1087,102,0,0,True,0.8227997,0.04873304,0.11450281,0.013964493
21,7,none,fcz,1088,102,1,1,True,0.009019717,0.6441901,0.32507625,0.02171396
21,7,none,fcz,1089,102,0,0,True,0.98115623,0.006448945,0.007613687,0.0047810804
21,7,none,fcz,1090,102,1,1,True,0.05453349,0.5615938,0.3785152,0.0053574997
21,7,none,fcz,1091,102,0,0,True,0.7888794,0.046728358,0.13643885,0.02795336
21,7,none,fcz,1092,102,0,0,True,0.9908311,0.0019725182,0.006660739,0.00053571124
21,7,none,fcz,1093,102,1,0,False,0.3716289,0.21860455,0.3001277,0.1096388
21,7,none,fcz,1094,102,0,0,True,0.7683154,0.05811074,0.1437202,0.029853726
21,7,none,fcz,1095,102,1,2,False,0.069732495,0.19034506,0.73368293,0.00623949
21,7,none,fcz,1096,102,0,0,True,0.7685816,0.01625345,0.16116892,0.053996
21,7,none,fcz,1097,102,1,2,False,0.025186956,0.31026238,0.6569297,0.007621008
21,7,none,fcz,1098,102,0,0,True,0.3254319,0.2482017,0.23624423,0.19012217
21,7,none,fcz,1099,102,1,2,False,0.097979374,0.14457488,0.7460652,0.011380486
21,7,none,fcz,1100,102,1,1,True,0.003980586,0.9932493,0.002701956,6.8069334e-05
21,7,none,fcz,1101,102,2,2,True,0.13399391,0.36268184,0.449384,0.05394026
21,7,none,fcz,1102,102,3,3,True,0.27916688,0.12986362,0.21948431,0.37148526
21,7,none,fcz,1103,102,2,1,False,0.18111166,0.40472218,0.34691724,0.067248836
21,7,none,fcz,1104,102,3,2,False,0.27455866,0.25810608,0.31362006,0.15371521
21,7,none,fcz,1105,102,2,0,False,0.58354956,0.056044396,0.34971988,0.010686152
21,7,none,fcz,1106,102,3,3,True,0.1362569,0.15771732,0.27907336,0.4269524
21,7,none,fcz,1107,102,2,2,True,0.15514839,0.04334031,0.7483587,0.05315258
21,7,none,fcz,1108,102,3,3,True,0.17445791,0.14261447,0.23611292,0.4468147
21,7,none,fcz,1109,102,3,0,False,0.42049974,0.051329583,0.16199249,0.36617824
21,7,none,fcz,1110,102,2,2,True,0.10808014,0.042727046,0.8439111,0.0052816668
21,7,none,fcz,1111,102,3,2,False,0.024641361,0.2068606,0.67921466,0.08928334
21,7,none,fcz,1112,102,2,2,True,0.26631793,0.021572953,0.56735784,0.14475125
21,7,none,fcz,1113,102,2,2,True,0.088788934,0.09500684,0.80009884,0.016105462
21,7,none,fcz,1114,102,3,0,False,0.6888886,0.07258324,0.17146821,0.067059994
21,7,none,fcz,1115,102,2,2,True,0.054743055,0.269613,0.5648529,0.11079098
21,7,none,fcz,1116,102,1,1,True,0.0010533959,0.98508584,0.013360949,0.0004997471
21,7,none,fcz,1117,102,0,0,True,0.36096781,0.30762628,0.1877224,0.14368352
21,7,none,fcz,1118,102,1,1,True,0.025373373,0.59732,0.26653063,0.11077606
21,7,none,fcz,1119,102,0,0,True,0.69722724,0.042131208,0.21135215,0.049289376
21,7,none,fcz,1120,102,0,0,True,0.9017655,0.049583435,0.04009931,0.008551776
21,7,none,fcz,1121,102,1,2,False,0.03895612,0.17955434,0.7731686,0.00832094
21,7,none,fcz,1122,102,0,0,True,0.31697237,0.2997286,0.29277983,0.09051919
21,7,none,fcz,1123,102,1,2,False,0.109792374,0.39358467,0.45080042,0.045822512
21,7,none,fcz,1124,102,0,2,False,0.47050026,0.022207994,0.48536336,0.02192824
21,7,none,fcz,1125,102,1,2,False,0.20444174,0.20420735,0.5277009,0.063650005
21,7,none,fcz,1126,102,1,1,True,0.0011721161,0.9949694,0.002067209,0.0017911934
21,7,none,fcz,1127,102,0,2,False,0.31353465,0.08717532,0.4599717,0.1393183
21,7,none,fcz,1128,102,1,1,True,0.000590988,0.99523926,0.0038401312,0.00032965667
21,7,none,fcz,1129,102,0,0,True,0.33872908,0.15873459,0.29434428,0.20819199
21,7,none,fcz,1130,102,1,0,False,0.37610856,0.26930502,0.27942848,0.075158
21,7,none,fcz,1131,102,2,2,True,0.0132657895,0.043976072,0.93926233,0.0034958916
21,7,none,fcz,1132,102,3,2,False,0.01713108,0.23433249,0.57697904,0.17155737
21,7,none,fcz,1133,102,3,2,False,0.034857307,0.04247324,0.5977748,0.32489464
21,7,none,fcz,1134,102,2,2,True,0.02487573,0.035466753,0.9317338,0.007923665
21,7,none,fcz,1135,102,2,1,False,0.100412205,0.4371011,0.39242524,0.070061475
21,7,none,fcz,1136,102,3,2,False,0.024015192,0.020759005,0.8756604,0.07956532
21,7,none,fcz,1137,102,3,2,False,0.13461997,0.17530945,0.49823308,0.19183753
21,7,none,fcz,1138,102,2,2,True,0.0028980423,0.044419806,0.9483024,0.0043797377
21,7,none,fcz,1139,102,2,2,True,0.09065194,0.075182304,0.8076884,0.026477337
21,7,none,fcz,1140,102,3,2,False,0.2074121,0.07688212,0.5521488,0.16355693
21,7,none,fcz,1141,102,2,2,True,0.011627449,0.06346889,0.61502284,0.3098808
21,7,none,fcz,1142,102,3,3,True,0.016041102,0.21600844,0.31973943,0.448211
21,7,none,fcz,1143,102,3,2,False,0.050383203,0.0037068808,0.77074647,0.17516339
21,7,none,fcz,1144,102,2,2,True,0.21557347,0.15372795,0.45970875,0.17098986
21,7,none,fcz,1145,102,2,2,True,0.010223418,0.10346192,0.8600693,0.026245385
21,7,none,fcz,1146,102,0,2,False,0.2947572,0.032806445,0.640407,0.032029312
21,7,none,fcz,1147,102,1,1,True,0.002519996,0.9869868,0.009554988,0.00093822187
21,7,none,fcz,1148,102,0,2,False,0.1342093,0.05467699,0.7444084,0.06670535
21,7,none,fcz,1149,102,1,1,True,0.0035443716,0.9804335,0.012784953,0.0032371313
21,7,none,fcz,1150,102,1,2,False,0.019207358,0.11972481,0.85252696,0.008540829
21,7,none,fcz,1151,102,0,2,False,0.1866127,0.14499502,0.60607815,0.06231414
21,7,none,fcz,1152,102,0,2,False,0.08939872,0.06270768,0.83198184,0.015911879
21,7,none,fcz,1153,102,1,1,True,0.056113586,0.7125152,0.16649054,0.064880766
21,7,none,fcz,1154,102,0,2,False,0.15555751,0.21690473,0.60779536,0.019742459
21,7,none,fcz,1155,102,1,2,False,0.1968674,0.11154592,0.5791201,0.11246654
21,7,none,fcz,1156,102,1,1,True,0.0036424873,0.8698057,0.07595012,0.05060164
21,7,none,fcz,1157,102,0,1,False,0.16267712,0.3417533,0.22200309,0.2735665
21,7,none,fcz,1158,102,1,1,True,0.30413586,0.32400033,0.28323436,0.088629484
21,7,none,fcz,1159,102,0,0,True,0.48971412,0.086585626,0.3090615,0.114638716
21,7,none,fcz,1160,102,0,0,True,0.9199083,0.01438178,0.021118263,0.044591594
21,7,none,fcz,1161,102,2,2,True,0.009577935,0.04810379,0.9380829,0.004235337
21,7,none,fcz,1162,102,3,3,True,0.11253915,0.14505585,0.23818316,0.50422186
21,7,none,fcz,1163,102,3,3,True,0.032617282,0.14382781,0.08385054,0.7397044
21,7,none,fcz,1164,102,2,2,True,0.15572467,0.24630786,0.5461751,0.051792305
21,7,none,fcz,1165,102,2,2,True,0.017142862,0.028784933,0.75740623,0.19666596
21,7,none,fcz,1166,102,3,0,False,0.64363235,0.012667632,0.096618354,0.24708167
21,7,none,fcz,1167,102,2,2,True,0.18498541,0.043793593,0.7278357,0.04338527
21,7,none,fcz,1168,102,3,3,True,0.27974263,0.080926046,0.29610127,0.34323007
21,7,none,fcz,1169,102,2,2,True,0.112839095,0.19520773,0.5279233,0.16402988
21,7,none,fcz,1170,102,3,2,False,0.07668025,0.08605403,0.69702935,0.14023638
21,7,none,fcz,1171,102,2,1,False,0.022680158,0.5786775,0.3018538,0.09678852
21,7,none,fcz,1172,102,3,3,True,0.031419676,0.019591847,0.24655002,0.7024384
21,7,none,fcz,1173,102,2,2,True,0.18565817,0.38038447,0.38771525,0.046242062
21,7,none,fcz,1174,102,3,2,False,0.10527121,0.042895813,0.7062805,0.14555249
21,7,none,fcz,1175,102,3,3,True,0.10714267,0.230679,0.093480796,0.5686975
21,7,none,fcz,1176,103,0,0,True,0.36193624,0.018781513,0.29923046,0.32005176
21,7,none,fcz,1177,103,1,1,True,0.0065284264,0.568018,0.3463298,0.07912367
21,7,none,fcz,1178,103,1,1,True,0.00696459,0.6252934,0.3390653,0.02867673
21,7,none,fcz,1179,103,0,1,False,0.012215649,0.75465244,0.08317598,0.14995597
21,7,none,fcz,1180,103,1,1,True,0.0719508,0.83144754,0.06003725,0.036564533
21,7,none,fcz,1181,103,0,3,False,0.27852723,0.090504624,0.08188708,0.5490811
21,7,none,fcz,1182,103,0,0,True,0.98205984,0.00024760517,0.015346984,0.0023455266
21,7,none,fcz,1183,103,1,1,True,0.005691238,0.870447,0.11753526,0.006326579
21,7,none,fcz,1184,103,0,2,False,0.45317155,0.061272465,0.4541466,0.03140931
21,7,none,fcz,1185,103,1,1,True,0.07405682,0.49615407,0.41544926,0.014339903
21,7,none,fcz,1186,103,0,0,True,0.62760484,0.09717795,0.2691307,0.0060865
21,7,none,fcz,1187,103,1,0,False,0.47873566,0.04142756,0.45368308,0.0261537
21,7,none,fcz,1188,103,1,1,True,0.007237299,0.54338455,0.38124743,0.06813076
21,7,none,fcz,1189,103,0,2,False,0.22113569,0.14941525,0.62579143,0.0036576206
21,7,none,fcz,1190,103,1,2,False,0.010131906,0.35095686,0.36352378,0.27538744
21,7,none,fcz,1191,103,3,2,False,0.002771164,0.060724296,0.7571081,0.1793964
21,7,none,fcz,1192,103,2,2,True,0.028444655,0.0018468694,0.9643328,0.005375588
21,7,none,fcz,1193,103,2,2,True,0.026557153,0.021746306,0.9066255,0.045070995
21,7,none,fcz,1194,103,3,0,False,0.5287975,0.046918698,0.11195045,0.31233335
21,7,none,fcz,1195,103,2,3,False,0.20565845,0.18989402,0.22676761,0.37767985
21,7,none,fcz,1196,103,3,2,False,0.12130251,0.10900915,0.6597528,0.10993556
21,7,none,fcz,1197,103,3,2,False,0.15708828,0.028541202,0.7100647,0.104305744
21,7,none,fcz,1198,103,2,2,True,0.0040820283,0.0023312361,0.992471,0.0011157474
21,7,none,fcz,1199,103,2,2,True,0.091455005,0.083520584,0.82379806,0.0012264022
21,7,none,fcz,1200,103,3,1,False,0.103223346,0.7154456,0.02115686,0.1601742
21,7,none,fcz,1201,103,3,2,False,0.02158196,0.15553842,0.71249074,0.110388875
21,7,none,fcz,1202,103,2,2,True,0.011566327,0.0058517964,0.9823834,0.00019853812
21,7,none,fcz,1203,103,3,3,True,0.24497361,0.24904668,0.2365901,0.2693896
21,7,none,fcz,1204,103,2,1,False,0.05813004,0.6679094,0.26209438,0.011866268
21,7,none,fcz,1205,103,2,1,False,0.018351078,0.65382975,0.22426829,0.103550844
21,7,none,fcz,1206,103,1,2,False,0.01329635,0.026908344,0.9593402,0.0004550722
21,7,none,fcz,1207,103,0,2,False,0.32855704,0.0315539,0.39545256,0.24443649
21,7,none,fcz,1208,103,1,2,False,0.0031002734,0.26108897,0.7307183,0.0050924714
21,7,none,fcz,1209,103,0,2,False,0.37539414,0.03095866,0.5540727,0.03957453
21,7,none,fcz,1210,103,0,0,True,0.9341444,0.0023959212,0.032431092,0.031028619
21,7,none,fcz,1211,103,1,2,False,0.004318935,0.2531956,0.5490242,0.19346125
21,7,none,fcz,1212,103,1,1,True,0.021205101,0.4504048,0.08257277,0.44581738
21,7,none,fcz,1213,103,0,0,True,0.7992783,0.08411779,0.091629446,0.024974525
21,7,none,fcz,1214,103,0,2,False,0.24325,0.22392973,0.5305559,0.0022643819
21,7,none,fcz,1215,103,1,2,False,0.46394917,0.011006247,0.4976259,0.027418748
21,7,none,fcz,1216,103,1,1,True,0.0035633154,0.9758016,0.018372655,0.0022623579
21,7,none,fcz,1217,103,0,0,True,0.75214255,0.02641813,0.18294302,0.038496397
21,7,none,fcz,1218,103,0,0,True,0.5494367,0.0047058053,0.4443578,0.0014996171
21,7,none,fcz,1219,103,1,2,False,0.04806207,0.13168637,0.8188708,0.0013807904
21,7,none,fcz,1220,103,0,0,True,0.5605264,0.0106013995,0.41878158,0.010090657
21,7,none,fcz,1221,103,2,2,True,0.0073606735,0.01217123,0.97348624,0.006981792
21,7,none,fcz,1222,103,3,2,False,0.0047041266,0.0030671773,0.8854941,0.10673465
21,7,none,fcz,1223,103,2,2,True,0.022951577,0.18241283,0.79361796,0.0010176213
21,7,none,fcz,1224,103,3,2,False,0.019283287,0.007736418,0.92795545,0.045024794
21,7,none,fcz,1225,103,3,3,True,0.10176124,0.022596119,0.11513248,0.76051015
21,7,none,fcz,1226,103,2,2,True,0.23454724,0.108483635,0.5098482,0.14712088
21,7,none,fcz,1227,103,3,2,False,0.1500887,0.13227023,0.56383175,0.1538093
21,7,none,fcz,1228,103,2,2,True,0.14425506,0.23702125,0.5384825,0.08024126
21,7,none,fcz,1229,103,3,3,True,0.1927334,0.076521926,0.07105853,0.6596861
21,7,none,fcz,1230,103,2,2,True,0.044602267,0.021814749,0.89740336,0.03617956
21,7,none,fcz,1231,103,2,2,True,0.022522964,0.03012744,0.9399008,0.007448811
21,7,none,fcz,1232,103,3,2,False,0.16253778,0.10696255,0.66693395,0.063565694
21,7,none,fcz,1233,103,3,2,False,0.16694643,0.23347928,0.5328627,0.0667116
21,7,none,fcz,1234,103,2,2,True,0.12233063,0.14523423,0.6883134,0.0441217
21,7,none,fcz,1235,103,3,2,False,0.0053692916,0.04363605,0.7229128,0.22808187
21,7,none,fcz,1236,103,1,1,True,0.033902198,0.6590434,0.292133,0.014921481
21,7,none,fcz,1237,103,0,2,False,0.11915604,0.0029857215,0.78972036,0.088137865
21,7,none,fcz,1238,103,0,0,True,0.72426957,0.014360687,0.15303308,0.10833668
21,7,none,fcz,1239,103,1,2,False,0.02074394,0.085437596,0.84178406,0.052034378
21,7,none,fcz,1240,103,1,1,True,0.01079265,0.6634907,0.067945,0.25777167
21,7,none,fcz,1241,103,0,2,False,0.090885386,0.007318982,0.8496194,0.052176297
21,7,none,fcz,1242,103,1,1,True,0.0063861115,0.7520532,0.045655612,0.19590516
21,7,none,fcz,1243,103,0,2,False,0.20977427,0.0013044182,0.7854535,0.003467813
21,7,none,fcz,1244,103,0,0,True,0.47523496,0.037582662,0.3732691,0.113913245
21,7,none,fcz,1245,103,1,2,False,0.031371724,0.3023355,0.58475894,0.08153381
21,7,none,fcz,1246,103,0,2,False,0.40560362,0.015170383,0.56151116,0.017714804
21,7,none,fcz,1247,103,1,1,True,0.17282149,0.38783973,0.3861413,0.05319747
21,7,none,fcz,1248,103,1,1,True,0.025120748,0.65648085,0.31253695,0.005861384
21,7,none,fcz,1249,103,0,0,True,0.961977,0.0050513796,0.030394223,0.0025773773
21,7,none,fcz,1250,103,1,1,True,0.14652517,0.6149364,0.081137575,0.15740079
21,7,none,fcz,1251,103,3,3,True,0.011152583,0.022763837,0.08209433,0.8839893
21,7,none,fcz,1252,103,2,2,True,0.009611733,0.45506483,0.5012413,0.034082115
21,7,none,fcz,1253,103,3,1,False,0.12387258,0.44948387,0.110442095,0.31620148
21,7,none,fcz,1254,103,2,0,False,0.33119503,0.13629118,0.2971277,0.23538618
21,7,none,fcz,1255,103,2,2,True,0.028053744,0.28979677,0.6410745,0.04107492
21,7,none,fcz,1256,103,3,1,False,0.1708833,0.45970133,0.20891635,0.16049898
21,7,none,fcz,1257,103,2,1,False,0.16425788,0.71530426,0.040013578,0.08042439
21,7,none,fcz,1258,103,3,1,False,0.13034724,0.7464162,0.051870007,0.07136656
21,7,none,fcz,1259,103,2,2,True,0.018706804,0.005720433,0.9724787,0.0030940117
21,7,none,fcz,1260,103,3,2,False,0.06970894,0.12812495,0.622103,0.18006313
21,7,none,fcz,1261,103,3,3,True,0.015809491,0.16627665,0.19753891,0.620375
21,7,none,fcz,1262,103,2,2,True,0.0027979233,0.03988372,0.9560128,0.0013055741
21,7,none,fcz,1263,103,2,2,True,0.019235177,0.029073216,0.94798344,0.0037081523
21,7,none,fcz,1264,103,3,3,True,0.0807414,0.025442833,0.010899062,0.88291675
21,7,none,fcz,1265,103,3,3,True,0.0023559995,0.13480099,0.07252809,0.7903149
21,7,none,fcz,1266,104,0,1,False,0.32047376,0.5219196,0.10449629,0.053110357
21,7,none,fcz,1267,104,1,1,True,0.04872481,0.94244534,0.007940925,0.00088905427
21,7,none,fcz,1268,104,1,2,False,0.17481731,0.18002297,0.5970924,0.04806739
21,7,none,fcz,1269,104,0,1,False,0.34614635,0.47193968,0.01878148,0.1631325
21,7,none,fcz,1270,104,1,1,True,0.06279989,0.6662709,0.1961582,0.07477105
21,7,none,fcz,1271,104,0,2,False,0.06302483,0.18306267,0.72704256,0.02686996
21,7,none,fcz,1272,104,1,1,True,0.21649188,0.60913646,0.12984744,0.044524327
21,7,none,fcz,1273,104,0,2,False,0.22630745,0.16394457,0.5638193,0.04592869
21,7,none,fcz,1274,104,0,1,False,0.081330985,0.7249045,0.1924485,0.0013159094
21,7,none,fcz,1275,104,1,1,True,0.09285746,0.51645416,0.37227693,0.018411433
21,7,none,fcz,1276,104,0,2,False,0.10292726,0.43615225,0.44731688,0.013603555
21,7,none,fcz,1277,104,1,1,True,0.027510144,0.5458319,0.22320467,0.20345327
21,7,none,fcz,1278,104,1,0,False,0.4162035,0.22936355,0.33030903,0.024123987
21,7,none,fcz,1279,104,0,0,True,0.5156785,0.122382246,0.3149345,0.04700475
21,7,none,fcz,1280,104,1,1,True,0.00046962957,0.9851644,0.0017070306,0.012658993
21,7,none,fcz,1281,104,2,2,True,0.13702917,0.18794967,0.6475207,0.027500443
21,7,none,fcz,1282,104,3,2,False,0.102299005,0.3346533,0.36250407,0.20054367
21,7,none,fcz,1283,104,3,3,True,0.19026159,0.049198184,0.077497676,0.6830425
21,7,none,fcz,1284,104,2,1,False,0.01072865,0.86323696,0.1238934,0.002140924
21,7,none,fcz,1285,104,3,2,False,0.29583618,0.13603525,0.52303267,0.04509591
21,7,none,fcz,1286,104,2,1,False,0.016977254,0.9367964,0.034187935,0.012038463
21,7,none,fcz,1287,104,2,2,True,0.054089066,0.40909886,0.43457198,0.10224008
21,7,none,fcz,1288,104,3,3,True,0.115695775,0.29194573,0.019417614,0.57294095
21,7,none,fcz,1289,104,2,1,False,0.01297894,0.8373096,0.14868791,0.0010235131
21,7,none,fcz,1290,104,3,1,False,0.07589821,0.479653,0.32917473,0.115274064
21,7,none,fcz,1291,104,3,3,True,0.08751686,0.094118856,0.19932814,0.61903614
21,7,none,fcz,1292,104,2,3,False,0.12128249,0.1142958,0.14668429,0.6177374
21,7,none,fcz,1293,104,3,3,True,0.118793815,0.19611125,0.032481182,0.6526137
21,7,none,fcz,1294,104,2,2,True,0.021003405,0.32654792,0.5793428,0.07310584
21,7,none,fcz,1295,104,3,0,False,0.43255112,0.11574834,0.3148382,0.1368624
21,7,none,fcz,1296,104,0,0,True,0.4578032,0.1788081,0.09739071,0.26599804
21,7,none,fcz,1297,104,1,1,True,0.05601062,0.80585897,0.11574955,0.022380898
21,7,none,fcz,1298,104,1,1,True,0.001869547,0.99548656,0.0010689783,0.0015748293
21,7,none,fcz,1299,104,0,0,True,0.7912303,0.06856741,0.13375579,0.006446536
21,7,none,fcz,1300,104,0,0,True,0.95235634,0.019993082,0.01156097,0.016089631
21,7,none,fcz,1301,104,1,1,True,0.0030710967,0.9499241,0.033868976,0.013135826
21,7,none,fcz,1302,104,0,0,True,0.5379545,0.38443044,0.051349994,0.02626504
21,7,none,fcz,1303,104,1,1,True,0.21259971,0.5019455,0.23511554,0.050339263
21,7,none,fcz,1304,104,0,0,True,0.58356535,0.15240447,0.25494832,0.009081842
21,7,none,fcz,1305,104,1,1,True,0.1884674,0.76502126,0.033177372,0.013334015
21,7,none,fcz,1306,104,1,1,True,9.966155e-05,0.9285387,0.069997765,0.0013639283
21,7,none,fcz,1307,104,0,0,True,0.9339972,0.05469268,0.010568118,0.0007419753
21,7,none,fcz,1308,104,3,3,True,0.009930694,0.27139077,0.18467185,0.5340067
21,7,none,fcz,1309,104,2,1,False,0.05643096,0.512492,0.30082798,0.13024914
21,7,none,fcz,1310,104,3,3,True,0.2721138,0.21170855,0.08532631,0.43085137
21,7,none,fcz,1311,104,2,0,False,0.66230845,0.09869014,0.17555073,0.06345072
21,7,none,fcz,1312,104,3,0,False,0.40948716,0.22484373,0.019480757,0.34618843
21,7,none,fcz,1313,104,2,2,True,0.05714013,0.2624571,0.6690134,0.011389398
21,7,none,fcz,1314,104,3,1,False,0.0685068,0.33747253,0.265751,0.32826972
21,7,none,fcz,1315,104,2,1,False,0.30331987,0.43924513,0.18207824,0.07535673
21,7,none,fcz,1316,104,3,2,False,0.051421437,0.3770672,0.5425305,0.028980842
21,7,none,fcz,1317,104,2,1,False,0.15557261,0.4604669,0.35893428,0.025026247
21,7,none,fcz,1318,104,2,2,True,0.11875125,0.11744651,0.7415511,0.022251103
21,7,none,fcz,1319,104,3,2,False,0.23778822,0.08846494,0.5894912,0.08425571
21,7,none,fcz,1320,104,3,3,True,0.23897408,0.10160511,0.15038903,0.5090318
21,7,none,fcz,1321,104,2,2,True,0.047268517,0.4193848,0.53092855,0.0024181125
21,7,none,fcz,1322,104,2,2,True,0.122903615,0.027158786,0.84859496,0.0013427252
21,7,none,fcz,1323,104,0,0,True,0.54682446,0.11798602,0.29104355,0.04414588
21,7,none,fcz,1324,104,1,2,False,0.019784173,0.38404202,0.56750244,0.028671406
21,7,none,fcz,1325,104,0,2,False,0.20452258,0.042566,0.73996663,0.012944807
21,7,none,fcz,1326,104,1,1,True,0.080691494,0.47346267,0.41569945,0.030146413
21,7,none,fcz,1327,104,0,2,False,0.21846144,0.15521933,0.6020623,0.024256932
21,7,none,fcz,1328,104,1,1,True,0.0036607897,0.5160479,0.2064732,0.27381808
21,7,none,fcz,1329,104,0,0,True,0.9991393,9.325826e-05,0.00042116974,0.000346217
21,7,none,fcz,1330,104,1,1,True,0.13840196,0.4370454,0.28033862,0.14421408
21,7,none,fcz,1331,104,1,1,True,0.034173198,0.9263623,0.03581772,0.003646754
21,7,none,fcz,1332,104,0,1,False,0.12772894,0.8295532,0.036481377,0.0062364736
21,7,none,fcz,1333,104,0,2,False,0.35920483,0.17448092,0.44463888,0.021675337
21,7,none,fcz,1334,104,1,1,True,0.26967436,0.47177294,0.22513108,0.033421587
21,7,none,fcz,1335,104,1,0,False,0.34024587,0.041370988,0.2961828,0.3222004
21,7,none,fcz,1336,104,0,0,True,0.6556086,0.016100084,0.32324865,0.005042637
21,7,none,fcz,1337,104,0,2,False,0.2635857,0.0610332,0.6237851,0.051596038
21,7,none,fcz,1338,104,2,2,True,0.0036945953,0.022282781,0.9622458,0.0117767695
21,7,none,fcz,1339,104,3,1,False,0.08347641,0.54395723,0.36226118,0.010305202
21,7,none,fcz,1340,104,2,1,False,0.22129357,0.42222127,0.34750867,0.008976519
21,7,none,fcz,1341,104,3,3,True,0.08440833,0.10249042,0.119177796,0.6939235
21,7,none,fcz,1342,104,3,1,False,0.076515265,0.51585525,0.039656643,0.36797285
21,7,none,fcz,1343,104,2,2,True,0.016875263,0.100727126,0.88007,0.0023275896
21,7,none,fcz,1344,104,3,3,True,0.03707055,0.038289756,0.043377995,0.88126177
21,7,none,fcz,1345,104,2,2,True,0.042944375,0.18321206,0.7464265,0.027416963
21,7,none,fcz,1346,104,3,0,False,0.56370384,0.10875463,0.20696178,0.12057975
21,7,none,fcz,1347,104,2,2,True,0.14767723,0.14044464,0.7048484,0.007029727
21,7,none,fcz,1348,104,3,2,False,0.006338866,0.34056893,0.42819062,0.2249016
21,7,none,fcz,1349,104,2,1,False,0.005582945,0.8014218,0.1629252,0.030069925
21,7,none,fcz,1350,104,2,2,True,0.090451285,0.2819866,0.5139661,0.113596044
21,7,none,fcz,1351,104,3,1,False,0.1901378,0.3209053,0.30330768,0.18564919
21,7,none,fcz,1352,104,3,2,False,0.094047286,0.19167131,0.48476055,0.22952089
21,7,none,fcz,1353,105,0,0,True,0.9286313,0.0007360832,0.023273373,0.047359347
21,7,none,fcz,1354,105,1,1,True,0.001402793,0.87116814,0.11471741,0.012711569
21,7,none,fcz,1355,105,1,1,True,0.001979727,0.9266476,0.05363252,0.01774009
21,7,none,fcz,1356,105,0,0,True,0.82612723,0.0007558247,0.06163405,0.11148284
21,7,none,fcz,1357,105,1,1,True,0.0009589355,0.80201995,0.18806504,0.008956117
21,7,none,fcz,1358,105,0,0,True,0.9996099,1.7081348e-06,0.00027567332,0.000112859045
21,7,none,fcz,1359,105,1,1,True,0.0014254174,0.98095465,0.0059858025,0.011634307
21,7,none,fcz,1360,105,0,0,True,0.9786689,0.000249661,0.004779304,0.016302058
21,7,none,fcz,1361,105,0,0,True,0.98543,0.00025379512,0.01109467,0.0032216187
21,7,none,fcz,1362,105,1,1,True,0.009162004,0.51707333,0.0047669015,0.46899778
21,7,none,fcz,1363,105,1,1,True,0.00020291093,0.94503397,0.016113257,0.038649805
21,7,none,fcz,1364,105,0,0,True,0.9984603,0.0001567355,0.00034859352,0.0010343357
21,7,none,fcz,1365,105,1,2,False,0.012991111,0.21461119,0.70710874,0.06528891
21,7,none,fcz,1366,105,0,0,True,0.96234673,9.939445e-05,0.022566512,0.014987489
21,7,none,fcz,1367,105,0,0,True,0.71030635,0.0147332875,0.17319424,0.10176613
21,7,none,fcz,1368,105,3,3,True,0.015904725,0.0043223407,0.017312875,0.96246
21,7,none,fcz,1369,105,2,2,True,0.035043012,0.04299083,0.5382329,0.38373327
21,7,none,fcz,1370,105,2,3,False,0.0041034417,0.012237917,0.25312746,0.7305312
21,7,none,fcz,1371,105,3,3,True,0.003737136,0.00714896,0.2684521,0.72066176
21,7,none,fcz,1372,105,3,3,True,0.07298939,0.007307757,0.34570765,0.57399523
21,7,none,fcz,1373,105,2,2,True,0.007745367,0.0071699126,0.6292083,0.3558764
21,7,none,fcz,1374,105,3,3,True,0.005534023,0.014146489,0.06574969,0.9145698
21,7,none,fcz,1375,105,2,2,True,0.014407158,0.016866887,0.92741126,0.041314673
21,7,none,fcz,1376,105,3,2,False,0.01554366,0.2700669,0.3573916,0.3569979
21,7,none,fcz,1377,105,2,2,True,0.0116327405,0.03760555,0.842581,0.10818076
21,7,none,fcz,1378,105,3,2,False,0.041046906,0.008001062,0.91398627,0.036965765
21,7,none,fcz,1379,105,2,3,False,0.0015110549,0.015305948,0.31347153,0.6697115
21,7,none,fcz,1380,105,3,3,True,0.0021962617,0.0017981044,0.053010408,0.9429952
21,7,none,fcz,1381,105,2,2,True,0.007029701,0.0060103848,0.95308703,0.0338729
21,7,none,fcz,1382,105,2,3,False,0.0020282445,0.030474048,0.40750915,0.55998856
21,7,none,fcz,1383,105,1,1,True,0.000156077,0.9533958,0.04122664,0.0052215573
21,7,none,fcz,1384,105,0,2,False,0.035187583,0.0006614223,0.8505983,0.11355271
21,7,none,fcz,1385,105,1,1,True,0.0003533984,0.62919956,0.35405406,0.016392954
21,7,none,fcz,1386,105,0,3,False,0.20397386,0.0006379829,0.12997343,0.66541475
21,7,none,fcz,1387,105,0,2,False,0.2120068,0.00028638233,0.7204862,0.06722054
21,7,none,fcz,1388,105,1,1,True,0.0077602477,0.89900815,0.08348741,0.009744128
21,7,none,fcz,1389,105,1,1,True,0.00038152232,0.9270552,0.07215167,0.0004116488
21,7,none,fcz,1390,105,0,0,True,0.96151316,0.0017741497,0.03277172,0.003941063
21,7,none,fcz,1391,105,0,0,True,0.880228,0.012532557,0.10139414,0.0058452697
21,7,none,fcz,1392,105,1,1,True,0.0017148181,0.8128438,0.18118186,0.0042595933
21,7,none,fcz,1393,105,0,0,True,0.94367117,0.0015201246,0.030738758,0.024069913
21,7,none,fcz,1394,105,1,1,True,0.004882901,0.9606428,0.032924786,0.0015493833
21,7,none,fcz,1395,105,0,2,False,0.11498805,0.0019010131,0.88053495,0.0025760669
21,7,none,fcz,1396,105,1,1,True,7.340075e-05,0.9850699,0.014424671,0.00043203647
21,7,none,fcz,1397,105,1,1,True,0.0058073746,0.8231096,0.1462498,0.0248332
21,7,none,fcz,1398,105,3,2,False,0.0037422073,0.0024279468,0.823082,0.1707479
21,7,none,fcz,1399,105,2,2,True,0.002447887,0.005202288,0.94243646,0.04991341
21,7,none,fcz,1400,105,3,2,False,0.013479943,0.011974997,0.6249854,0.34955972
21,7,none,fcz,1401,105,2,2,True,0.004706675,0.0036269403,0.97893405,0.01273231
21,7,none,fcz,1402,105,3,2,False,0.0027724036,0.008494504,0.9449755,0.04375756
21,7,none,fcz,1403,105,2,2,True,0.0031719527,0.005156921,0.96617806,0.02549312
21,7,none,fcz,1404,105,3,2,False,0.011011669,0.021716112,0.8081623,0.15910994
21,7,none,fcz,1405,105,2,3,False,0.09790469,0.045198005,0.26431534,0.592582
21,7,none,fcz,1406,105,3,2,False,0.004130046,0.0014362466,0.7738868,0.2205469
21,7,none,fcz,1407,105,2,2,True,0.0017266216,0.052144904,0.89689904,0.049229473
21,7,none,fcz,1408,105,2,2,True,0.011907622,0.23603435,0.44423458,0.30782345
21,7,none,fcz,1409,105,3,2,False,0.025311124,0.16848904,0.43504065,0.37115923
21,7,none,fcz,1410,105,3,3,True,0.0069591636,0.05690965,0.13891917,0.797212
21,7,none,fcz,1411,105,2,2,True,0.0017643447,0.018982818,0.9311638,0.048089013
21,7,none,fcz,1412,105,2,2,True,0.0040254816,0.017009854,0.96464723,0.0143174855
21,7,none,fcz,1413,105,1,3,False,0.0012244644,0.22232719,0.086805336,0.689643
21,7,none,fcz,1414,105,0,0,True,0.85429466,0.004170911,0.13304253,0.008491796
21,7,none,fcz,1415,105,1,1,True,0.0008740523,0.7332217,0.20404883,0.06185537
21,7,none,fcz,1416,105,0,2,False,0.2684487,0.016933056,0.6135392,0.10107901
21,7,none,fcz,1417,105,1,1,True,0.0007654902,0.7983871,0.150554,0.050293397
21,7,none,fcz,1418,105,0,2,False,0.14761735,0.0025721025,0.74332273,0.10648777
21,7,none,fcz,1419,105,1,2,False,0.019985052,0.25910774,0.63447934,0.08642785
21,7,none,fcz,1420,105,0,0,True,0.5418713,0.008018173,0.37753823,0.072572276
21,7,none,fcz,1421,105,0,2,False,0.15166445,0.0814441,0.63245946,0.13443205
21,7,none,fcz,1422,105,1,1,True,0.036471795,0.64351445,0.28786087,0.0321529
21,7,none,fcz,1423,105,1,1,True,0.0005445242,0.98133576,0.008061526,0.010058224
21,7,none,fcz,1424,105,0,0,True,0.7595213,0.0024473246,0.1825539,0.055477403
21,7,none,fcz,1425,105,1,2,False,0.0004121368,0.405744,0.5683078,0.02553602
21,7,none,fcz,1426,105,0,2,False,0.010485746,0.0005880546,0.979126,0.009800185
21,7,none,fcz,1427,105,0,2,False,0.11349457,0.0048958655,0.4817591,0.39985046
21,7,none,fcz,1428,105,2,3,False,0.005900087,0.027726918,0.22434829,0.74202466
21,7,none,fcz,1429,105,3,3,True,0.011669864,0.008796648,0.29003766,0.68949586
21,7,none,fcz,1430,105,3,3,True,0.010041108,0.01769985,0.23949945,0.73275954
21,7,none,fcz,1431,105,2,2,True,0.0017116284,0.0031120563,0.8887018,0.10647445
21,7,none,fcz,1432,105,3,3,True,0.0154099725,0.025033634,0.43990916,0.51964724
21,7,none,fcz,1433,105,2,2,True,0.009926873,0.041853365,0.91353756,0.03468216
21,7,none,fcz,1434,105,3,2,False,0.015740389,0.038876276,0.72462124,0.22076212
21,7,none,fcz,1435,105,2,2,True,0.027938519,0.015647095,0.8981906,0.058223784
21,7,none,fcz,1436,105,3,3,True,0.004286095,0.032140873,0.4462339,0.5173391
21,7,none,fcz,1437,105,2,2,True,0.00055042404,0.0040238155,0.9942983,0.001127493
21,7,none,fcz,1438,105,2,2,True,0.0033678683,0.036410727,0.7858088,0.1744126
21,7,none,fcz,1439,105,3,2,False,0.01645142,0.05470276,0.6658081,0.26303777
21,7,none,fcz,1440,105,2,2,True,0.0056201885,0.011309641,0.89930356,0.08376664
21,7,none,fcz,1441,105,3,2,False,0.0017132658,0.002290716,0.9201218,0.07587415
21,7,none,fcz,1442,105,2,2,True,0.029421333,0.009069508,0.6310104,0.3304987
21,7,none,fcz,1443,106,0,2,False,0.0014956397,0.004540145,0.94850904,0.045455206
21,7,none,fcz,1444,106,1,2,False,0.002936752,0.2880882,0.66226566,0.046709437
21,7,none,fcz,1445,106,0,2,False,0.0022160248,0.007635005,0.9703525,0.019796494
21,7,none,fcz,1446,106,1,2,False,0.01574431,0.023906717,0.8439544,0.11639462
21,7,none,fcz,1447,106,0,2,False,0.004219154,0.0046921913,0.9903701,0.0007185527
21,7,none,fcz,1448,106,1,2,False,0.001685226,0.0030317476,0.9748048,0.020478131
21,7,none,fcz,1449,106,0,2,False,0.07936978,0.06951383,0.76038635,0.090730056
21,7,none,fcz,1450,106,1,1,True,0.006093417,0.6190107,0.1844227,0.19047315
21,7,none,fcz,1451,106,0,2,False,0.14256851,0.37826824,0.39052197,0.08864121
21,7,none,fcz,1452,106,1,2,False,0.003238855,0.01780066,0.9696455,0.009315052
21,7,none,fcz,1453,106,0,1,False,0.01187992,0.40246162,0.35257685,0.2330816
21,7,none,fcz,1454,106,1,2,False,0.0008325432,0.19988948,0.79880756,0.00047038824
21,7,none,fcz,1455,106,1,1,True,0.003360585,0.7111429,0.18131274,0.10418376
21,7,none,fcz,1456,106,0,0,True,0.7285737,0.021317389,0.21302824,0.037080687
21,7,none,fcz,1457,106,0,0,True,0.871399,0.0028696693,0.12443203,0.0012992991
21,7,none,fcz,1458,106,3,2,False,0.0020793905,0.007658559,0.8697296,0.1205325
21,7,none,fcz,1459,106,2,2,True,0.002617718,0.06215227,0.53318954,0.40204042
21,7,none,fcz,1460,106,3,2,False,0.03352822,0.10823439,0.64091045,0.21732694
21,7,none,fcz,1461,106,2,1,False,0.17057228,0.441304,0.33797222,0.050151564
21,7,none,fcz,1462,106,2,2,True,0.0072498666,0.047142435,0.8786397,0.066967994
21,7,none,fcz,1463,106,3,1,False,0.0075691137,0.7001718,0.19313787,0.099121206
21,7,none,fcz,1464,106,3,3,True,0.011093371,0.17481403,0.29589567,0.51819694
21,7,none,fcz,1465,106,2,2,True,0.019062877,0.040404007,0.92506135,0.015471861
21,7,none,fcz,1466,106,3,1,False,0.017414408,0.7551191,0.19801693,0.029449549
21,7,none,fcz,1467,106,2,2,True,0.00910567,0.01723642,0.97179645,0.0018614499
21,7,none,fcz,1468,106,3,2,False,0.078756146,0.12888145,0.665304,0.12705836
21,7,none,fcz,1469,106,2,1,False,0.044417262,0.5400044,0.3818179,0.033760443
21,7,none,fcz,1470,106,3,2,False,0.028045496,0.08295318,0.46664694,0.4223543
21,7,none,fcz,1471,106,2,2,True,0.18527569,0.22301343,0.32618636,0.2655245
21,7,none,fcz,1472,106,3,3,True,0.06841787,0.036253087,0.22417432,0.67115474
21,7,none,fcz,1473,106,1,1,True,3.8699734e-05,0.9976802,0.0016004327,0.0006806573
21,7,none,fcz,1474,106,0,3,False,0.17398828,0.02951241,0.11674393,0.67975533
21,7,none,fcz,1475,106,1,2,False,0.003993879,0.07007071,0.9219972,0.0039382274
21,7,none,fcz,1476,106,0,2,False,0.01364224,0.074049436,0.9085036,0.003804809
21,7,none,fcz,1477,106,0,3,False,0.06693906,0.15841286,0.21944362,0.5552045
21,7,none,fcz,1478,106,1,2,False,0.026492868,0.16667014,0.5298951,0.27694187
21,7,none,fcz,1479,106,1,1,True,0.0006042524,0.9963593,0.0013597845,0.0016767302
21,7,none,fcz,1480,106,0,2,False,0.06305594,0.044405468,0.8630684,0.029470224
21,7,none,fcz,1481,106,0,1,False,0.00767192,0.4404311,0.35844985,0.19344719
21,7,none,fcz,1482,106,1,2,False,0.04652882,0.44882172,0.50104177,0.003607628
21,7,none,fcz,1483,106,1,1,True,0.0004486716,0.9691085,0.029715767,0.00072701497
21,7,none,fcz,1484,106,0,0,True,0.45921627,0.2294197,0.27071404,0.040650114
21,7,none,fcz,1485,106,0,2,False,0.013698293,0.21058658,0.6807814,0.09493376
21,7,none,fcz,1486,106,1,1,True,0.0006699395,0.96592873,0.032025732,0.0013756129
21,7,none,fcz,1487,106,0,2,False,0.008976829,0.34295902,0.4695341,0.17853002
21,7,none,fcz,1488,106,2,2,True,0.0012842049,0.002683375,0.9948237,0.0012086559
21,7,none,fcz,1489,106,3,3,True,0.0078094527,0.008990516,0.0412815,0.94191855
21,7,none,fcz,1490,106,2,2,True,0.017899858,0.20741111,0.728392,0.046297073
21,7,none,fcz,1491,106,3,2,False,0.007212421,0.00064779166,0.9072361,0.084903665
21,7,none,fcz,1492,106,3,2,False,0.12892777,0.09705246,0.45712692,0.3168929
21,7,none,fcz,1493,106,2,2,True,0.054724835,0.037400737,0.8828284,0.025046112
21,7,none,fcz,1494,106,2,2,True,0.046361018,0.16075714,0.78022426,0.012657517
21,7,none,fcz,1495,106,3,2,False,0.3870242,0.071466245,0.454854,0.08665554
21,7,none,fcz,1496,106,2,2,True,0.025442693,0.23572974,0.73584235,0.0029851503
21,7,none,fcz,1497,106,3,2,False,0.03691044,0.016404055,0.94311035,0.0035751427
21,7,none,fcz,1498,106,3,2,False,0.025650837,0.14307351,0.7512892,0.0799864
21,7,none,fcz,1499,106,2,2,True,0.04660468,0.13073948,0.79709756,0.025558213
21,7,none,fcz,1500,106,2,2,True,0.0020689978,0.13446534,0.5807448,0.2827208
21,7,none,fcz,1501,106,3,3,True,0.0050348393,0.013238301,0.16131073,0.82041615
21,7,none,fcz,1502,106,2,2,True,0.017995154,0.023939736,0.95650727,0.0015577473
21,7,none,fcz,1503,106,1,1,True,0.0014128729,0.9081285,0.088511355,0.0019473106
21,7,none,fcz,1504,106,0,2,False,0.041611664,0.32160592,0.6045082,0.032274213
21,7,none,fcz,1505,106,0,2,False,0.010719315,0.005934434,0.8935418,0.08980443
21,7,none,fcz,1506,106,1,2,False,0.042088248,0.015942054,0.9365891,0.0053806505
21,7,none,fcz,1507,106,0,2,False,0.32491553,0.08872347,0.5370653,0.049295586
21,7,none,fcz,1508,106,1,1,True,0.0010845318,0.84782845,0.04962577,0.10146118
21,7,none,fcz,1509,106,0,2,False,0.061387308,0.25196266,0.56611955,0.12053048
21,7,none,fcz,1510,106,1,2,False,0.017236691,0.048842832,0.9303327,0.003587727
21,7,none,fcz,1511,106,1,1,True,0.0012439059,0.9871787,0.009451538,0.0021258844
21,7,none,fcz,1512,106,0,0,True,0.9016343,0.029848428,0.05095925,0.017558059
21,7,none,fcz,1513,106,0,0,True,0.74650544,0.018049495,0.23299025,0.0024548094
21,7,none,fcz,1514,106,1,2,False,0.0035243686,0.011175459,0.9802306,0.005069533
21,7,none,fcz,1515,106,1,3,False,0.015879383,0.1487192,0.2300877,0.6053137
21,7,none,fcz,1516,106,0,2,False,0.35289758,0.0024805695,0.60308516,0.04153664
21,7,none,fcz,1517,106,0,3,False,0.25364256,0.26669452,0.14751211,0.3321508
21,7,none,fcz,1518,106,2,1,False,0.010251235,0.5632335,0.41353828,0.012977059
21,7,none,fcz,1519,106,3,2,False,0.051907662,0.30573758,0.47336718,0.16898753
21,7,none,fcz,1520,106,2,2,True,0.021776332,0.11578799,0.65203696,0.21039878
21,7,none,fcz,1521,106,3,2,False,0.017363975,0.04675893,0.8273652,0.10851195
21,7,none,fcz,1522,106,2,2,True,0.04670516,0.1668146,0.74459714,0.041883122
21,7,none,fcz,1523,106,3,2,False,0.07884988,0.03463019,0.76317155,0.12334834
21,7,none,fcz,1524,106,2,2,True,0.006787812,0.014975337,0.97107947,0.0071572796
21,7,none,fcz,1525,106,3,1,False,0.025501337,0.6178877,0.28425893,0.07235207
21,7,none,fcz,1526,106,2,2,True,0.00028850517,0.0075844554,0.9808708,0.011256312
21,7,none,fcz,1527,106,3,2,False,0.03877864,0.037554286,0.9138939,0.009773185
21,7,none,fcz,1528,106,3,0,False,0.5419743,0.035644554,0.1986423,0.22373882
21,7,none,fcz,1529,106,2,2,True,0.049078986,0.014879264,0.8117874,0.12425426
21,7,none,fcz,1530,106,3,2,False,0.20412923,0.058323,0.72006893,0.017478777
21,7,none,fcz,1531,106,2,2,True,0.0015253066,0.01761525,0.97777236,0.0030871106
21,7,none,fcz,1532,106,2,2,True,0.1899007,0.008934835,0.7911312,0.010033267
21,7,none,fcz,1533,107,1,1,True,0.0013037731,0.985128,0.004410902,0.009157291
21,7,none,fcz,1534,107,0,1,False,0.14248875,0.6178336,0.19362962,0.04604803
21,7,none,fcz,1535,107,0,0,True,0.8942151,0.077586465,0.025045138,0.0031532901
21,7,none,fcz,1536,107,1,1,True,0.00026060408,0.97614026,0.0007737986,0.022825211
21,7,none,fcz,1537,107,0,0,True,0.76912534,0.21780235,0.008710596,0.0043616802
21,7,none,fcz,1538,107,1,1,True,0.000918358,0.9818463,0.012960476,0.0042748367
21,7,none,fcz,1539,107,0,0,True,0.82056296,0.107714236,0.06407027,0.0076524196
21,7,none,fcz,1540,107,1,1,True,0.0054347524,0.9874821,0.006081389,0.0010017359
21,7,none,fcz,1541,107,0,0,True,0.98045784,0.0053254683,0.0039338586,0.0102828
21,7,none,fcz,1542,107,1,1,True,0.013605658,0.9626713,0.011645507,0.012077528
21,7,none,fcz,1543,107,0,0,True,0.8090795,0.06361932,0.025300657,0.102000535
21,7,none,fcz,1544,107,1,1,True,0.028506389,0.6130851,0.1503265,0.208082
21,7,none,fcz,1545,107,0,0,True,0.95848674,0.002381103,0.021225853,0.017906388
21,7,none,fcz,1546,107,1,1,True,0.0039375694,0.78352594,0.03688248,0.17565401
21,7,none,fcz,1547,107,0,0,True,0.992902,0.0016775359,0.0037783992,0.001642036
21,7,none,fcz,1548,107,3,1,False,0.05134995,0.69959825,0.09543849,0.15361333
21,7,none,fcz,1549,107,2,1,False,0.0147797,0.7000354,0.26185662,0.023328297
21,7,none,fcz,1550,107,3,1,False,0.11543443,0.44589442,0.096617945,0.34205323
21,7,none,fcz,1551,107,2,1,False,0.018036254,0.72993046,0.22675319,0.02528004
21,7,none,fcz,1552,107,3,0,False,0.899232,0.040412664,0.042927757,0.017427597
21,7,none,fcz,1553,107,2,2,True,0.08526148,0.060336106,0.7532797,0.10112273
21,7,none,fcz,1554,107,2,0,False,0.7854733,0.15677609,0.0096380375,0.04811263
21,7,none,fcz,1555,107,3,3,True,0.4397193,0.010482676,0.0010364951,0.54876155
21,7,none,fcz,1556,107,3,0,False,0.8545861,0.021727955,0.119135946,0.0045499965
21,7,none,fcz,1557,107,2,2,True,0.062282775,0.42186773,0.46393192,0.051917586
21,7,none,fcz,1558,107,2,1,False,0.010958333,0.97406703,0.008609625,0.006364936
21,7,none,fcz,1559,107,3,0,False,0.49187222,0.45179617,0.023984617,0.032346997
21,7,none,fcz,1560,107,2,1,False,0.051028796,0.599955,0.09472261,0.25429353
21,7,none,fcz,1561,107,3,1,False,0.08878423,0.44072473,0.13067111,0.33982
21,7,none,fcz,1562,107,3,0,False,0.42880362,0.035298925,0.17213503,0.3637625
21,7,none,fcz,1563,107,1,1,True,0.07034883,0.8053619,0.031187356,0.09310186
21,7,none,fcz,1564,107,0,0,True,0.936552,0.043528255,0.012396387,0.007523487
21,7,none,fcz,1565,107,1,1,True,0.019771544,0.9426102,0.029075515,0.008542673
21,7,none,fcz,1566,107,0,0,True,0.9132232,0.051187195,0.0045758216,0.031013785
21,7,none,fcz,1567,107,1,1,True,0.000598929,0.9976192,0.0015567484,0.00022518515
21,7,none,fcz,1568,107,0,0,True,0.46741864,0.18288238,0.21519658,0.1345024
21,7,none,fcz,1569,107,0,1,False,0.24127269,0.45428163,0.03258089,0.27186486
21,7,none,fcz,1570,107,1,2,False,0.26244628,0.078653306,0.39360923,0.26529118
21,7,none,fcz,1571,107,0,0,True,0.9853806,0.005965349,0.008137696,0.00051637285
21,7,none,fcz,1572,107,1,1,True,0.3588337,0.4782363,0.11009582,0.05283425
21,7,none,fcz,1573,107,0,1,False,0.33952016,0.37112996,0.14046974,0.14888011
21,7,none,fcz,1574,107,1,2,False,0.079646595,0.22523558,0.5967469,0.09837096
21,7,none,fcz,1575,107,1,2,False,0.03796106,0.19264221,0.7626708,0.006725878
21,7,none,fcz,1576,107,0,1,False,0.14990008,0.78379345,0.025571793,0.040734723
21,7,none,fcz,1577,107,0,0,True,0.68033475,0.13341047,0.058810815,0.12744391
21,7,none,fcz,1578,107,3,1,False,0.2568656,0.4011919,0.14312756,0.19881494
21,7,none,fcz,1579,107,2,3,False,0.14082773,0.05320748,0.036042422,0.76992244
21,7,none,fcz,1580,107,3,0,False,0.7046201,0.20175208,0.038863882,0.054763984
21,7,none,fcz,1581,107,2,1,False,0.062373433,0.5714657,0.2951901,0.07097077
21,7,none,fcz,1582,107,2,1,False,0.06911003,0.6854315,0.18952614,0.05593239
21,7,none,fcz,1583,107,3,0,False,0.5538633,0.022328608,0.11733735,0.3064708
21,7,none,fcz,1584,107,3,0,False,0.9452019,0.027276397,0.011730431,0.01579132
21,7,none,fcz,1585,107,2,2,True,0.3195727,0.21272317,0.46397144,0.0037327218
21,7,none,fcz,1586,107,2,1,False,0.29651493,0.5105341,0.01722002,0.17573097
21,7,none,fcz,1587,107,3,3,True,0.04454674,0.43595064,0.034442876,0.48505977
21,7,none,fcz,1588,107,2,2,True,0.06807167,0.13252702,0.77319044,0.026210867
21,7,none,fcz,1589,107,3,1,False,0.018181825,0.42383835,0.3199849,0.2379949
21,7,none,fcz,1590,107,3,1,False,0.1728786,0.69049305,0.048189934,0.08843848
21,7,none,fcz,1591,107,2,3,False,0.10089332,0.32856002,0.011824311,0.5587223
21,7,none,fcz,1592,107,2,3,False,0.045847107,0.35002086,0.15876956,0.44536242
21,7,none,fcz,1593,107,0,0,True,0.95908225,0.023004355,0.007529994,0.010383432
21,7,none,fcz,1594,107,1,1,True,0.015948236,0.86932826,0.002698323,0.11202517
21,7,none,fcz,1595,107,1,1,True,0.06440638,0.8307759,0.044507336,0.06031029
21,7,none,fcz,1596,107,0,0,True,0.7326427,0.21693383,0.027357504,0.02306591
21,7,none,fcz,1597,107,1,1,True,0.015230111,0.9027839,0.0779184,0.0040676133
21,7,none,fcz,1598,107,0,1,False,0.36175174,0.5520634,0.07776559,0.0084192855
21,7,none,fcz,1599,107,1,1,True,0.06808452,0.6652669,0.018834852,0.24781373
21,7,none,fcz,1600,107,0,1,False,0.02155142,0.836745,0.12469976,0.017003769
21,7,none,fcz,1601,107,1,1,True,0.026285868,0.891343,0.041337427,0.041033693
21,7,none,fcz,1602,107,0,1,False,0.019302845,0.60046315,0.017173234,0.36306083
21,7,none,fcz,1603,107,0,0,True,0.8866668,0.1016265,0.0032345783,0.008472046
21,7,none,fcz,1604,107,1,1,True,0.21210682,0.77156526,0.015928702,0.0003991877
21,7,none,fcz,1605,107,0,3,False,0.21887656,0.26782078,0.10970452,0.40359816
21,7,none,fcz,1606,107,1,2,False,0.0692624,0.37923327,0.44621745,0.10528691
21,7,none,fcz,1607,107,0,1,False,0.003244779,0.97021174,0.0044605415,0.02208292
21,7,none,fcz,1608,107,3,2,False,0.3142211,0.3177043,0.3411633,0.02691131
21,7,none,fcz,1609,107,2,3,False,0.04367215,0.2974931,0.16527164,0.4935631
21,7,none,fcz,1610,107,2,0,False,0.8067558,0.14310826,0.03788334,0.012252586
21,7,none,fcz,1611,107,3,3,True,0.0675082,0.08502657,0.122066416,0.72539884
21,7,none,fcz,1612,107,2,1,False,0.13435227,0.8528268,0.008724343,0.004096573
21,7,none,fcz,1613,107,3,0,False,0.88840306,0.07420563,0.025911218,0.01148013
21,7,none,fcz,1614,107,3,1,False,0.029822614,0.90348315,0.02719455,0.039499786
21,7,none,fcz,1615,107,2,1,False,0.032458305,0.5985608,0.3423273,0.026653592
21,7,none,fcz,1616,107,2,0,False,0.44347054,0.08707942,0.4421112,0.02733896
21,7,none,fcz,1617,107,3,1,False,0.0074728853,0.82520086,0.024142662,0.14318359
21,7,none,fcz,1618,107,2,1,False,0.23763302,0.38684568,0.25696304,0.118558235
21,7,none,fcz,1619,107,3,3,True,0.037839483,0.26779422,0.12980399,0.5645623
21,7,none,fcz,1620,107,2,3,False,0.023387026,0.38252515,0.09496278,0.49912497
21,7,none,fcz,1621,107,3,1,False,0.0020339147,0.7182229,0.05725469,0.22248852
21,7,none,fcz,1622,107,3,1,False,0.24889545,0.39361072,0.15624571,0.20124817
21,7,none,fcz,1623,108,0,0,True,0.97159314,8.6602464e-05,0.0022016317,0.02611849
21,7,none,fcz,1624,108,1,1,True,5.152338e-05,0.9952631,0.0005630698,0.0041222502
21,7,none,fcz,1625,108,0,3,False,0.33069807,0.0046361643,0.0052818162,0.6593839
21,7,none,fcz,1626,108,1,3,False,0.39107478,0.19894487,0.009581737,0.40039858
21,7,none,fcz,1627,108,0,0,True,0.99340785,0.0008029511,0.0009947577,0.0047944626
21,7,none,fcz,1628,108,1,1,True,0.00026172542,0.99817264,4.3256267e-05,0.0015222499
21,7,none,fcz,1629,108,1,1,True,0.00016442522,0.9811717,0.00020450502,0.018459324
21,7,none,fcz,1630,108,0,0,True,0.94983816,0.0011196263,0.0010028947,0.04803932
21,7,none,fcz,1631,108,0,0,True,0.9996742,8.62399e-06,1.6636543e-05,0.00030058756
21,7,none,fcz,1632,108,1,1,True,0.015710339,0.7001904,0.004614353,0.27948496
21,7,none,fcz,1633,108,0,0,True,0.99411654,0.00020413008,0.0044716885,0.0012075412
21,7,none,fcz,1634,108,1,3,False,0.17670693,0.16957487,0.020114392,0.6336038
21,7,none,fcz,1635,108,0,2,False,0.24076606,0.059198976,0.3712519,0.32878307
21,7,none,fcz,1636,108,1,1,True,0.050142903,0.72883797,0.14821681,0.07280229
21,7,none,fcz,1637,108,1,1,True,0.00020782508,0.9602164,0.0007175797,0.038858123
21,7,none,fcz,1638,108,2,2,True,0.008796593,0.3531482,0.55791855,0.08013669
21,7,none,fcz,1639,108,3,3,True,0.00046050706,0.019686405,0.010947118,0.968906
21,7,none,fcz,1640,108,2,3,False,0.015707955,0.09095125,0.08789237,0.8054485
21,7,none,fcz,1641,108,3,3,True,0.0017606617,0.06085557,0.04811309,0.8892707
21,7,none,fcz,1642,108,3,3,True,0.0018497609,0.029506564,0.012932454,0.9557112
21,7,none,fcz,1643,108,2,2,True,0.122994356,0.37961105,0.4512241,0.046170488
21,7,none,fcz,1644,108,2,3,False,0.22422017,0.0120477425,0.1675398,0.5961923
21,7,none,fcz,1645,108,3,3,True,0.0059045637,0.011679609,0.013442941,0.9689729
21,7,none,fcz,1646,108,2,1,False,0.022305883,0.97058713,0.002907778,0.004199193
21,7,none,fcz,1647,108,3,3,True,0.055814,0.1905723,0.01979851,0.73381513
21,7,none,fcz,1648,108,3,3,True,0.01364587,0.053236086,0.11265987,0.8204582
21,7,none,fcz,1649,108,2,1,False,0.08323983,0.55640423,0.12827888,0.23207705
21,7,none,fcz,1650,108,3,3,True,0.19756055,0.004531387,0.029609798,0.76829827
21,7,none,fcz,1651,108,2,2,True,0.034678444,0.29497418,0.5058951,0.1644523
21,7,none,fcz,1652,108,3,3,True,0.0426066,0.023078412,0.15787254,0.7764424
21,7,none,fcz,1653,108,1,1,True,0.00021917949,0.67348677,0.31337285,0.012921219
21,7,none,fcz,1654,108,0,1,False,0.15131174,0.5641175,0.11059061,0.17398009
21,7,none,fcz,1655,108,1,2,False,0.014039801,0.34090114,0.5497502,0.09530884
21,7,none,fcz,1656,108,0,0,True,0.90037614,0.0012036877,0.0052607898,0.09315938
21,7,none,fcz,1657,108,0,0,True,0.7633918,0.011259858,0.0016121479,0.22373621
21,7,none,fcz,1658,108,1,1,True,0.0026230873,0.9508936,0.0060389773,0.04044436
21,7,none,fcz,1659,108,1,1,True,0.0037619756,0.96752685,0.007271744,0.021439362
21,7,none,fcz,1660,108,0,0,True,0.988943,0.002090366,0.002559961,0.0064066695
21,7,none,fcz,1661,108,0,0,True,0.9840874,0.0011271437,0.008889861,0.0058956477
21,7,none,fcz,1662,108,1,1,True,0.00029316684,0.9854761,0.012679383,0.0015513074
21,7,none,fcz,1663,108,1,1,True,0.00064158643,0.9768803,0.004213869,0.018264247
21,7,none,fcz,1664,108,0,0,True,0.51489794,0.0027124947,0.047482956,0.43490663
21,7,none,fcz,1665,108,1,2,False,0.022615546,0.22485036,0.72428435,0.028249733
21,7,none,fcz,1666,108,0,0,True,0.8790563,0.008168321,0.030662337,0.082113095
21,7,none,fcz,1667,108,1,0,False,0.5837186,0.22184406,0.011960423,0.18247694
21,7,none,fcz,1668,108,3,3,True,0.0019528345,0.021869661,0.0047951248,0.97138244
21,7,none,fcz,1669,108,2,3,False,0.114438675,0.21121967,0.22438195,0.44995973
21,7,none,fcz,1670,108,3,3,True,0.037182793,0.016350225,0.024813155,0.9216538
21,7,none,fcz,1671,108,2,2,True,0.010715684,0.08755588,0.8772317,0.024496695
21,7,none,fcz,1672,108,2,2,True,0.022721726,0.30367312,0.41894785,0.25465724
21,7,none,fcz,1673,108,3,3,True,0.0020168137,0.05005717,0.017935408,0.9299906
21,7,none,fcz,1674,108,2,2,True,0.0077231494,0.11767748,0.86156565,0.013033691
21,7,none,fcz,1675,108,3,1,False,0.021117922,0.48665148,0.36116147,0.13106917
21,7,none,fcz,1676,108,2,1,False,0.022912169,0.8065406,0.14447017,0.026077008
21,7,none,fcz,1677,108,3,3,True,0.04935855,0.282834,0.2862035,0.381604
21,7,none,fcz,1678,108,2,2,True,0.05665355,0.11468173,0.7441009,0.08456378
21,7,none,fcz,1679,108,3,3,True,0.29373702,0.07727327,0.24918698,0.37980276
21,7,none,fcz,1680,108,2,2,True,0.01064344,0.0027266026,0.91485405,0.07177598
21,7,none,fcz,1681,108,3,3,True,0.23893648,0.051754475,0.17439175,0.53491735
21,7,none,fcz,1682,108,3,2,False,0.1248669,0.023844792,0.5560922,0.29519615
21,7,none,fcz,1683,108,1,1,True,0.010715586,0.66856146,0.16860738,0.15211558
21,7,none,fcz,1684,108,0,2,False,0.40284944,0.07009829,0.48148546,0.045566868
21,7,none,fcz,1685,108,0,2,False,0.024765965,0.20810318,0.5216281,0.24550277
21,7,none,fcz,1686,108,1,2,False,0.02761149,0.050839216,0.90834504,0.013204253
21,7,none,fcz,1687,108,0,1,False,0.11488597,0.55178386,0.043283906,0.29004622
21,7,none,fcz,1688,108,1,1,True,0.08293714,0.49572536,0.41851726,0.0028202643
21,7,none,fcz,1689,108,1,1,True,6.4274565e-05,0.98155564,0.01748827,0.000891803
21,7,none,fcz,1690,108,0,0,True,0.58009285,0.009108251,0.051557012,0.35924187
21,7,none,fcz,1691,108,0,0,True,0.29452002,0.20221981,0.20992303,0.29333714
21,7,none,fcz,1692,108,1,1,True,0.0013589223,0.99268967,0.0046372404,0.0013142445
21,7,none,fcz,1693,108,0,3,False,0.4129043,0.047305968,0.025900312,0.51388943
21,7,none,fcz,1694,108,1,1,True,0.16015516,0.4270969,0.08902852,0.32371938
21,7,none,fcz,1695,108,1,1,True,0.0012488527,0.9977615,0.00028728254,0.000702356
21,7,none,fcz,1696,108,0,0,True,0.79992014,0.041163206,0.089644015,0.06927266
21,7,none,fcz,1697,108,0,0,True,0.9997732,5.3385644e-05,5.1563096e-05,0.00012184661
21,7,none,fcz,1698,108,3,1,False,0.054068297,0.50042975,0.15501975,0.29048225
21,7,none,fcz,1699,108,2,2,True,0.013870367,0.17046316,0.5391412,0.27652532
21,7,none,fcz,1700,108,2,2,True,0.0172232,0.023495272,0.8765675,0.082714066
21,7,none,fcz,1701,108,3,3,True,0.0013789975,0.002184434,0.0061294977,0.9903071
21,7,none,fcz,1702,108,2,3,False,0.34973863,0.104972504,0.17308316,0.37220562
21,7,none,fcz,1703,108,3,2,False,0.06154268,0.018200811,0.8143076,0.10594897
21,7,none,fcz,1704,108,3,3,True,0.007991431,0.004675247,0.052325398,0.9350079
21,7,none,fcz,1705,108,2,2,True,0.0039225197,0.032581333,0.9411358,0.022360371
21,7,none,fcz,1706,108,3,3,True,0.052416187,0.092680566,0.26154616,0.5933571
21,7,none,fcz,1707,108,2,1,False,0.05356874,0.8402477,0.032816146,0.073367395
21,7,none,fcz,1708,108,2,2,True,0.12275142,0.031213827,0.67404175,0.17199296
21,7,none,fcz,1709,108,3,3,True,0.014720246,0.040590804,0.0776624,0.8670265
21,7,none,fcz,1710,108,2,1,False,0.06520369,0.52564275,0.21798106,0.19117251
21,7,none,fcz,1711,108,3,3,True,0.008661303,0.44206232,0.011469404,0.5378069
21,7,none,fcz,1712,108,2,0,False,0.5822641,0.26514637,0.05022026,0.10236925
21,7,none,fcz,1713,109,0,0,True,0.9181865,0.007623261,0.0075291647,0.06666103
21,7,none,fcz,1714,109,1,1,True,0.20706956,0.397017,0.3558052,0.04010823
21,7,none,fcz,1715,109,1,1,True,0.00013251758,0.99736243,0.0019317886,0.00057316996
21,7,none,fcz,1716,109,0,2,False,0.095592834,0.08413903,0.6804818,0.13978636
21,7,none,fcz,1717,109,1,1,True,0.03357593,0.9589259,0.006050362,0.0014477698
21,7,none,fcz,1718,109,0,0,True,0.5899534,0.12412284,0.24927336,0.036650397
21,7,none,fcz,1719,109,1,2,False,0.03485851,0.21979985,0.72795725,0.017384376
21,7,none,fcz,1720,109,0,0,True,0.6933885,0.004434957,0.29765633,0.00452016
21,7,none,fcz,1721,109,1,1,True,0.030554583,0.8893325,0.04159979,0.038513236
21,7,none,fcz,1722,109,0,2,False,0.03265317,0.053915568,0.8923228,0.021108512
21,7,none,fcz,1723,109,0,0,True,0.75104314,0.004439995,0.19104894,0.053467896
21,7,none,fcz,1724,109,1,1,True,0.0022509815,0.905753,0.053216763,0.03877925
21,7,none,fcz,1725,109,0,0,True,0.9974456,5.747919e-05,0.0022432588,0.00025377603
21,7,none,fcz,1726,109,1,3,False,0.18056886,0.21027333,0.19540556,0.41375223
21,7,none,fcz,1727,109,1,1,True,0.04503381,0.76554173,0.1811815,0.008242929
21,7,none,fcz,1728,109,3,1,False,0.014389003,0.4641124,0.20953749,0.31196108
21,7,none,fcz,1729,109,2,2,True,0.01024056,0.125166,0.8019862,0.06260724
21,7,none,fcz,1730,109,2,2,True,0.117495894,0.39586368,0.4169664,0.069673985
21,7,none,fcz,1731,109,3,3,True,0.04911992,0.011507632,0.12713441,0.8122381
21,7,none,fcz,1732,109,3,2,False,0.0056012673,0.02741094,0.6370217,0.32996607
21,7,none,fcz,1733,109,2,2,True,0.123487614,0.124182634,0.6742505,0.078079306
21,7,none,fcz,1734,109,2,2,True,0.045572553,0.09938793,0.8069559,0.048083697
21,7,none,fcz,1735,109,3,2,False,0.21480112,0.13643225,0.36748692,0.28127977
21,7,none,fcz,1736,109,2,3,False,0.02459301,0.013536286,0.27682573,0.68504494
21,7,none,fcz,1737,109,3,2,False,0.091529176,0.11044304,0.47439924,0.32362863
21,7,none,fcz,1738,109,2,0,False,0.6171381,0.2927668,0.03183536,0.0582598
21,7,none,fcz,1739,109,3,2,False,0.18212146,0.15757225,0.6480157,0.01229062
21,7,none,fcz,1740,109,3,2,False,0.06907785,0.055816118,0.70678467,0.16832133
21,7,none,fcz,1741,109,2,2,True,0.24282199,0.12466014,0.3264031,0.30611476
21,7,none,fcz,1742,109,2,1,False,0.030191043,0.71558017,0.090927586,0.16330127
21,7,none,fcz,1743,109,1,1,True,0.004742439,0.74945533,0.21347217,0.03233005
21,7,none,fcz,1744,109,0,2,False,0.38093662,0.09830832,0.38873762,0.13201743
21,7,none,fcz,1745,109,1,0,False,0.66742605,0.18099849,0.08485773,0.06671767
21,7,none,fcz,1746,109,0,2,False,0.048841685,0.009090305,0.54713494,0.39493316
21,7,none,fcz,1747,109,0,0,True,0.98349977,0.0005984564,0.0071092593,0.008792584
21,7,none,fcz,1748,109,1,2,False,0.28640532,0.040330835,0.64299035,0.030273471
21,7,none,fcz,1749,109,0,3,False,0.1070898,0.03918642,0.4083098,0.44541398
21,7,none,fcz,1750,109,1,1,True,0.11536812,0.5974224,0.13226406,0.15494546
21,7,none,fcz,1751,109,1,1,True,0.022546813,0.6892081,0.26298216,0.025262872
21,7,none,fcz,1752,109,0,2,False,0.026167361,0.0030511057,0.96594477,0.0048367875
21,7,none,fcz,1753,109,1,3,False,0.42622024,0.08889954,0.011414647,0.47346556
21,7,none,fcz,1754,109,0,1,False,0.06751712,0.53944904,0.09358172,0.29945213
21,7,none,fcz,1755,109,1,1,True,0.016202588,0.9379096,0.04011486,0.0057729883
21,7,none,fcz,1756,109,0,1,False,0.11666927,0.74660724,0.053607997,0.08311549
21,7,none,fcz,1757,109,0,0,True,0.989971,0.0050070006,0.002999245,0.0020228839
21,7,none,fcz,1758,109,2,3,False,0.09923168,0.020628124,0.011870102,0.86827004
21,7,none,fcz,1759,109,3,0,False,0.52374315,0.02426909,0.1446999,0.30728787
21,7,none,fcz,1760,109,2,3,False,0.03729683,0.18355621,0.2803905,0.4987564
21,7,none,fcz,1761,109,3,3,True,0.08190058,0.11123156,0.23624814,0.57061976
21,7,none,fcz,1762,109,3,1,False,0.039837345,0.717151,0.017369607,0.22564198
21,7,none,fcz,1763,109,2,3,False,0.014485443,0.012110401,0.1782426,0.7951616
21,7,none,fcz,1764,109,3,3,True,0.016805748,0.03946502,0.4166046,0.5271246
21,7,none,fcz,1765,109,2,3,False,0.06399261,0.29167223,0.28922755,0.35510767
21,7,none,fcz,1766,109,3,3,True,0.013912684,0.22468157,0.12885103,0.6325547
21,7,none,fcz,1767,109,2,3,False,0.12210966,0.03445201,0.27959073,0.5638476
21,7,none,fcz,1768,109,2,1,False,0.07205833,0.5330793,0.21799558,0.1768667
21,7,none,fcz,1769,109,3,3,True,0.16305561,0.003537313,0.009494613,0.8239125
21,7,none,fcz,1770,109,2,3,False,0.0366615,0.33164743,0.20496374,0.4267273
21,7,none,fcz,1771,109,3,3,True,0.016327593,0.039516926,0.2702277,0.6739278
21,7,none,fcz,1772,109,2,2,True,0.070823945,0.060662627,0.703622,0.16489148
21,7,none,fcz,1773,109,1,3,False,0.015066361,0.32640803,0.21380505,0.44472054
21,7,none,fcz,1774,109,0,2,False,0.113429226,0.05062904,0.78753227,0.048409425
21,7,none,fcz,1775,109,1,0,False,0.49784347,0.17172243,0.30704212,0.023391938
21,7,none,fcz,1776,109,0,3,False,0.032701313,0.015629236,0.03160699,0.9200625
21,7,none,fcz,1777,109,0,2,False,0.033746585,0.014258043,0.8961851,0.055810284
21,7,none,fcz,1778,109,1,1,True,0.011623115,0.52350277,0.0560605,0.4088137
21,7,none,fcz,1779,109,1,0,False,0.31643623,0.14691706,0.2699926,0.26665422
21,7,none,fcz,1780,109,0,3,False,0.015961442,0.016378613,0.38395268,0.5837073
21,7,none,fcz,1781,109,1,0,False,0.49083692,0.14338619,0.16537784,0.20039909
21,7,none,fcz,1782,109,0,1,False,0.09832121,0.580327,0.28747535,0.03387648
21,7,none,fcz,1783,109,0,0,True,0.746598,0.06828473,0.05862436,0.12649292
21,7,none,fcz,1784,109,1,2,False,0.13036731,0.040419545,0.6092022,0.22001094
21,7,none,fcz,1785,109,0,0,True,0.87689316,0.0032167698,0.056957044,0.062932976
21,7,none,fcz,1786,109,1,0,False,0.47692564,0.020782046,0.34735164,0.1549407
21,7,none,fcz,1787,109,0,2,False,0.070487365,0.15197355,0.6923307,0.08520836
21,7,none,fcz,1788,109,2,1,False,0.0064358828,0.5208749,0.46152946,0.011159676
21,7,none,fcz,1789,109,3,3,True,0.17568341,0.035614464,0.35992855,0.42877358
21,7,none,fcz,1790,109,2,3,False,0.021205327,0.38262415,0.07447352,0.52169704
21,7,none,fcz,1791,109,3,2,False,0.067595914,0.05861222,0.48268536,0.39110655
21,7,none,fcz,1792,109,2,3,False,0.050547022,0.020342853,0.4420489,0.48706117
21,7,none,fcz,1793,109,3,3,True,0.107199006,0.05261086,0.3412457,0.4989445
21,7,none,fcz,1794,109,2,2,True,0.12814215,0.004563743,0.8410306,0.02626352
21,7,none,fcz,1795,109,3,3,True,0.013088409,0.002631754,0.119468436,0.86481136
21,7,none,fcz,1796,109,3,3,True,0.034973692,0.3529088,0.057613704,0.5545038
21,7,none,fcz,1797,109,2,2,True,0.025521621,0.009548181,0.80678153,0.15814868
21,7,none,fcz,1798,109,3,1,False,0.008299022,0.66285574,0.016265951,0.31257924
21,7,none,fcz,1799,109,2,3,False,0.046195723,0.14459857,0.09066342,0.71854234
21,7,none,fcz,1800,109,2,3,False,0.00906988,0.011974678,0.4505486,0.5284068
21,7,none,fcz,1801,109,3,2,False,0.021443076,0.03517473,0.6663017,0.27708048
21,7,none,fcz,1802,109,3,2,False,0.35805196,0.03570066,0.42422873,0.18201868
21,7,none,random_linear,0,90,0,0,True,0.8534705,0.033783834,0.024562774,0.088182904
21,7,none,random_linear,1,90,1,1,True,0.037247118,0.9439981,0.014457804,0.004297012
21,7,none,random_linear,2,90,1,1,True,0.0003421138,0.99928313,7.168377e-05,0.00030306695
21,7,none,random_linear,3,90,0,0,True,0.79294795,0.009323298,0.16392727,0.033801544
21,7,none,random_linear,4,90,1,1,True,0.0076404847,0.9725151,0.018464057,0.0013804539
21,7,none,random_linear,5,90,0,0,True,0.8232348,0.0040398776,0.13768248,0.035042744
21,7,none,random_linear,6,90,1,1,True,0.11173192,0.8476697,0.016496452,0.024101973
21,7,none,random_linear,7,90,0,0,True,0.9819009,0.0046452135,0.0017033239,0.011750598
21,7,none,random_linear,8,90,0,0,True,0.7731422,0.14749262,0.011355414,0.06800978
21,7,none,random_linear,9,90,1,1,True,0.00064520864,0.98273844,0.016236328,0.00037998502
21,7,none,random_linear,10,90,0,0,True,0.50756955,0.41722348,0.06600101,0.009205875
21,7,none,random_linear,11,90,1,1,True,0.0020717387,0.9974279,0.00044172985,5.862066e-05
21,7,none,random_linear,12,90,0,0,True,0.76550895,0.01093709,0.107713394,0.11584055
21,7,none,random_linear,13,90,1,2,False,0.0581999,0.20553228,0.7316952,0.004572582
21,7,none,random_linear,14,90,1,1,True,0.01452514,0.92658097,0.058591858,0.00030211845
21,7,none,random_linear,15,90,3,0,False,0.6552941,0.1111235,0.19740048,0.036181927
21,7,none,random_linear,16,90,2,2,True,0.046094537,0.020099716,0.81604165,0.11776406
21,7,none,random_linear,17,90,2,2,True,0.21836203,0.07692963,0.42912906,0.2755793
21,7,none,random_linear,18,90,3,3,True,0.3545287,0.0703187,0.20549549,0.36965716
21,7,none,random_linear,19,90,3,3,True,0.05307733,0.08040528,0.39356852,0.47294882
21,7,none,random_linear,20,90,2,2,True,0.22351344,0.13145897,0.64121747,0.003810212
21,7,none,random_linear,21,90,3,2,False,0.04417526,0.10066899,0.43805203,0.41710374
21,7,none,random_linear,22,90,2,2,True,0.10994798,0.3090893,0.5647938,0.016168842
21,7,none,random_linear,23,90,2,2,True,0.01451435,0.02487735,0.9351105,0.025497772
21,7,none,random_linear,24,90,3,0,False,0.5734694,0.20901734,0.18775247,0.029760776
21,7,none,random_linear,25,90,2,2,True,0.04202221,0.12884939,0.8169624,0.012165851
21,7,none,random_linear,26,90,3,2,False,0.2053615,0.30890062,0.41736975,0.068368025
21,7,none,random_linear,27,90,3,2,False,0.057714816,0.09310697,0.6426916,0.20648666
21,7,none,random_linear,28,90,2,1,False,0.15719692,0.4227956,0.3209014,0.099106
21,7,none,random_linear,29,90,2,2,True,0.023857336,0.12493247,0.8453685,0.0058416654
21,7,none,random_linear,30,90,1,1,True,0.035326116,0.96103764,0.0034825318,0.0001537077
21,7,none,random_linear,31,90,0,0,True,0.50917983,0.1060325,0.34458494,0.040202774
21,7,none,random_linear,32,90,1,1,True,2.211495e-05,0.99969566,7.181328e-05,0.0002102934
21,7,none,random_linear,33,90,0,0,True,0.6219413,0.03497771,0.32018337,0.022897564
21,7,none,random_linear,34,90,1,1,True,0.01927891,0.8484926,0.092578076,0.039650332
21,7,none,random_linear,35,90,0,2,False,0.09085216,0.0650097,0.82748693,0.016651263
21,7,none,random_linear,36,90,1,1,True,0.014592949,0.8624342,0.03228481,0.09068808
21,7,none,random_linear,37,90,0,0,True,0.66958857,0.16963686,0.1545811,0.006193488
21,7,none,random_linear,38,90,1,1,True,0.0046545216,0.6118257,0.37901244,0.0045073396
21,7,none,random_linear,39,90,0,2,False,0.34101823,0.025733376,0.5633794,0.06986897
21,7,none,random_linear,40,90,1,1,True,0.17969833,0.707348,0.06084473,0.052108966
21,7,none,random_linear,41,90,0,0,True,0.52663743,0.0043087527,0.3632775,0.1057763
21,7,none,random_linear,42,90,1,1,True,0.0073009715,0.8600949,0.12989047,0.0027136863
21,7,none,random_linear,43,90,0,2,False,0.04848055,0.18189761,0.70093924,0.068682596
21,7,none,random_linear,44,90,1,1,True,0.00012461802,0.957481,0.041186243,0.001208098
21,7,none,random_linear,45,90,2,2,True,0.1556926,0.019677106,0.7774753,0.047154956
21,7,none,random_linear,46,90,3,2,False,0.016167307,0.005341708,0.9259987,0.05249232
21,7,none,random_linear,47,90,3,2,False,0.059060317,0.10707493,0.53891635,0.2949484
21,7,none,random_linear,48,90,2,2,True,0.20868024,0.046134476,0.50033927,0.24484602
21,7,none,random_linear,49,90,3,2,False,0.09119183,0.17550313,0.4121679,0.3211371
21,7,none,random_linear,50,90,2,2,True,0.06885621,0.026634593,0.84515,0.05935926
21,7,none,random_linear,51,90,3,3,True,0.079429954,0.07187894,0.11428324,0.7344079
21,7,none,random_linear,52,90,2,2,True,0.094734296,0.1302248,0.69638246,0.078658454
21,7,none,random_linear,53,90,3,2,False,0.16914694,0.009652664,0.41501933,0.406181
21,7,none,random_linear,54,90,2,2,True,0.17993347,0.022564514,0.7268024,0.07069963
21,7,none,random_linear,55,90,2,2,True,0.06775776,0.20482942,0.6079757,0.11943707
21,7,none,random_linear,56,90,3,2,False,0.021210317,0.0145047875,0.91455346,0.04973145
21,7,none,random_linear,57,90,2,2,True,0.008145062,0.016764743,0.89624494,0.078845285
21,7,none,random_linear,58,90,3,2,False,0.08963035,0.024415562,0.5217054,0.3642487
21,7,none,random_linear,59,90,3,2,False,0.06399316,0.25841108,0.3462569,0.33133888
21,7,none,random_linear,60,90,1,1,True,0.020977095,0.91879624,0.05632893,0.003897718
21,7,none,random_linear,61,90,0,0,True,0.8662787,0.0487415,0.07227845,0.012701399
21,7,none,random_linear,62,90,1,1,True,0.012245987,0.96271825,0.024762463,0.00027326393
21,7,none,random_linear,63,90,0,2,False,0.44398758,0.031857148,0.46699986,0.057155486
21,7,none,random_linear,64,90,0,0,True,0.81786674,0.002500173,0.17523727,0.0043957685
21,7,none,random_linear,65,90,1,1,True,0.002783518,0.9753738,0.021700703,0.00014197169
21,7,none,random_linear,66,90,1,1,True,0.012548116,0.5810497,0.4011127,0.005289556
21,7,none,random_linear,67,90,0,0,True,0.85942936,0.007020327,0.083900936,0.049649496
21,7,none,random_linear,68,90,0,0,True,0.9563968,0.003412537,0.038725067,0.0014654961
21,7,none,random_linear,69,90,1,2,False,0.12024384,0.23820053,0.45262247,0.18893312
21,7,none,random_linear,70,90,1,1,True,0.014032895,0.9522491,0.02731702,0.0064009363
21,7,none,random_linear,71,90,0,2,False,0.41091934,0.017878113,0.5042535,0.06694907
21,7,none,random_linear,72,90,1,2,False,0.0511971,0.07364475,0.8436575,0.031500664
21,7,none,random_linear,73,90,0,0,True,0.61837333,0.008016421,0.36207706,0.011533246
21,7,none,random_linear,74,90,0,0,True,0.52394974,0.014189373,0.30428833,0.15757252
21,7,none,random_linear,75,90,2,2,True,0.011685312,0.018986443,0.80062294,0.16870534
21,7,none,random_linear,76,90,3,0,False,0.9032007,0.009688806,0.081921875,0.0051886975
21,7,none,random_linear,77,90,2,2,True,0.08100623,0.04623425,0.84984195,0.022917507
21,7,none,random_linear,78,90,3,3,True,0.07211619,0.028972011,0.39813605,0.50077575
21,7,none,random_linear,79,90,2,1,False,0.01118391,0.78429496,0.19672276,0.0077983853
21,7,none,random_linear,80,90,3,2,False,0.10623426,0.16265112,0.62819207,0.10292261
21,7,none,random_linear,81,90,2,2,True,0.034028113,0.023996722,0.79737884,0.14459628
21,7,none,random_linear,82,90,3,2,False,0.07686419,0.08260326,0.74003506,0.10049756
21,7,none,random_linear,83,90,2,2,True,0.0050908807,0.0017136858,0.9903154,0.0028800117
21,7,none,random_linear,84,90,3,2,False,0.047408,0.07515902,0.74454737,0.13288563
21,7,none,random_linear,85,90,2,2,True,0.26140592,0.22773868,0.4369383,0.073917165
21,7,none,random_linear,86,90,3,2,False,0.29616734,0.10390962,0.31266737,0.2872556
21,7,none,random_linear,87,90,3,2,False,0.35195956,0.06711796,0.5327612,0.048161283
21,7,none,random_linear,88,90,2,2,True,0.023787837,0.041748896,0.8586663,0.07579704
21,7,none,random_linear,89,90,3,0,False,0.29366916,0.26403493,0.24155624,0.20073959
21,7,none,random_linear,90,91,0,0,True,0.83409804,0.06332541,0.07994434,0.022632258
21,7,none,random_linear,91,91,1,0,False,0.46179405,0.11214765,0.1249512,0.30110708
21,7,none,random_linear,92,91,0,3,False,0.11668059,0.063611776,0.2791204,0.5405872
21,7,none,random_linear,93,91,1,1,True,0.03497745,0.68480974,0.11877268,0.1614401
21,7,none,random_linear,94,91,1,1,True,0.00062838057,0.9980129,0.00061502855,0.0007435659
21,7,none,random_linear,95,91,0,0,True,0.95889664,0.00965964,0.021701455,0.00974241
21,7,none,random_linear,96,91,1,1,True,0.0721467,0.90428376,0.019922374,0.0036472932
21,7,none,random_linear,97,91,0,0,True,0.61736697,0.17792118,0.09927959,0.10543227
21,7,none,random_linear,98,91,0,0,True,0.9949922,0.0014880724,0.0014317996,0.0020879433
21,7,none,random_linear,99,91,1,1,True,0.106987245,0.44352892,0.080650985,0.3688328
21,7,none,random_linear,100,91,0,0,True,0.9963457,0.0006950159,0.0018544216,0.0011048289
21,7,none,random_linear,101,91,1,2,False,0.004883573,0.18896618,0.78564084,0.020509338
21,7,none,random_linear,102,91,1,1,True,0.0063366783,0.938142,0.022760391,0.03276089
21,7,none,random_linear,103,91,0,0,True,0.9480561,0.0015486217,0.0461206,0.004274691
21,7,none,random_linear,104,91,0,0,True,0.9954052,0.0009875566,0.002608129,0.000999148
21,7,none,random_linear,105,91,2,3,False,0.012479055,0.22843255,0.23080482,0.5282836
21,7,none,random_linear,106,91,3,2,False,0.003978005,0.08094498,0.46680894,0.44826806
21,7,none,random_linear,107,91,3,3,True,0.012726441,0.06612852,0.092839554,0.8283055
21,7,none,random_linear,108,91,2,2,True,0.009139231,0.020342115,0.9460793,0.024439352
21,7,none,random_linear,109,91,2,2,True,0.0010918218,0.0046101687,0.983452,0.010845885
21,7,none,random_linear,110,91,3,2,False,0.06522267,0.03480296,0.71566826,0.18430611
21,7,none,random_linear,111,91,3,3,True,0.004417991,0.033348303,0.138734,0.82349974
21,7,none,random_linear,112,91,2,2,True,0.016214296,0.04430525,0.8054202,0.13406022
21,7,none,random_linear,113,91,3,2,False,0.038475066,0.010609681,0.91526264,0.035652615
21,7,none,random_linear,114,91,2,2,True,0.00016673616,0.00084509706,0.99877125,0.00021692185
21,7,none,random_linear,115,91,3,2,False,0.0017775387,0.0027906143,0.986529,0.008902811
21,7,none,random_linear,116,91,2,2,True,0.02797024,0.059134208,0.87870914,0.03418637
21,7,none,random_linear,117,91,2,2,True,0.018599415,0.041953593,0.6852898,0.25415722
21,7,none,random_linear,118,91,3,2,False,0.008749676,0.0069863293,0.97270423,0.011559777
21,7,none,random_linear,119,91,2,2,True,0.0001386012,0.0059984284,0.9922799,0.0015830098
21,7,none,random_linear,120,91,0,0,True,0.83550817,0.07965994,0.07104579,0.013786048
21,7,none,random_linear,121,91,1,2,False,0.031030307,0.008505179,0.6544474,0.30601716
21,7,none,random_linear,122,91,1,1,True,0.011780902,0.6712921,0.29135633,0.025570633
21,7,none,random_linear,123,91,0,2,False,0.006156353,0.0827454,0.480914,0.43018422
21,7,none,random_linear,124,91,0,0,True,0.98656404,0.0066695334,0.0032186585,0.003547715
21,7,none,random_linear,125,91,1,2,False,0.016618501,0.15157002,0.66598666,0.16582483
21,7,none,random_linear,126,91,1,2,False,0.00019770325,0.3747647,0.6109441,0.014093498
21,7,none,random_linear,127,91,0,3,False,0.07341884,0.01591998,0.4536289,0.45703232
21,7,none,random_linear,128,91,0,0,True,0.99874276,2.2814454e-05,0.00035667903,0.00087765267
21,7,none,random_linear,129,91,1,1,True,0.01655252,0.5758302,0.32016137,0.08745585
21,7,none,random_linear,130,91,1,3,False,0.010598665,0.1573348,0.3238272,0.5082393
21,7,none,random_linear,131,91,0,0,True,0.9816472,0.00057277695,0.017430162,0.00034985965
21,7,none,random_linear,132,91,1,1,True,0.22326577,0.52519643,0.068128034,0.18340975
21,7,none,random_linear,133,91,0,3,False,0.021658702,0.012117837,0.043976855,0.92224663
21,7,none,random_linear,134,91,1,0,False,0.7717919,0.00063142023,0.14094561,0.08663116
21,7,none,random_linear,135,91,2,1,False,0.056559794,0.38236442,0.34802288,0.21305287
21,7,none,random_linear,136,91,3,2,False,0.016848775,0.017046828,0.8936033,0.072501175
21,7,none,random_linear,137,91,2,2,True,0.11063411,0.059300225,0.668423,0.16164275
21,7,none,random_linear,138,91,3,2,False,0.0058027143,0.0074327346,0.93930626,0.047458317
21,7,none,random_linear,139,91,2,2,True,0.020404251,0.0072674276,0.86725265,0.10507565
21,7,none,random_linear,140,91,3,3,True,0.00030004708,0.0037296638,0.049971692,0.94599867
21,7,none,random_linear,141,91,2,2,True,0.001729528,0.010323377,0.9875821,0.0003650217
21,7,none,random_linear,142,91,3,3,True,0.0035268068,0.0031186964,0.09931132,0.8940432
21,7,none,random_linear,143,91,2,2,True,0.005853314,0.10512241,0.86007875,0.028945485
21,7,none,random_linear,144,91,3,2,False,0.0005003698,0.015374263,0.867702,0.116423376
21,7,none,random_linear,145,91,3,3,True,0.09259022,0.07445814,0.057011258,0.7759404
21,7,none,random_linear,146,91,2,0,False,0.47921944,0.00587801,0.09002393,0.42487854
21,7,none,random_linear,147,91,2,2,True,0.0023480642,0.027020516,0.49181804,0.47881344
21,7,none,random_linear,148,91,3,2,False,0.043362983,0.017808458,0.4945169,0.44431162
21,7,none,random_linear,149,91,3,3,True,0.010864767,0.121576145,0.07192866,0.79563046
21,7,none,random_linear,150,91,1,1,True,5.6589756e-06,0.9479845,0.051713016,0.00029680095
21,7,none,random_linear,151,91,0,3,False,0.3241783,0.019416472,0.2927019,0.36370328
21,7,none,random_linear,152,91,1,2,False,0.007451358,0.36086056,0.39154035,0.24014778
21,7,none,random_linear,153,91,0,0,True,0.9607721,8.290994e-05,0.03522013,0.0039248317
21,7,none,random_linear,154,91,0,2,False,0.041357245,0.000996597,0.95728797,0.0003582092
21,7,none,random_linear,155,91,1,2,False,0.0069846017,0.00014145652,0.9886396,0.0042343168
21,7,none,random_linear,156,91,1,2,False,3.58724e-05,0.0540683,0.9449209,0.0009748846
21,7,none,random_linear,157,91,0,0,True,0.996802,0.0002836298,0.002610355,0.0003040673
21,7,none,random_linear,158,91,0,0,True,0.9387768,0.009716933,0.046342723,0.005163553
21,7,none,random_linear,159,91,1,2,False,0.020955572,0.09775745,0.61164695,0.26964003
21,7,none,random_linear,160,91,0,0,True,0.9084547,0.003138284,0.084182784,0.004224191
21,7,none,random_linear,161,91,1,1,True,0.0086554205,0.86184543,0.07544291,0.054056212
21,7,none,random_linear,162,91,1,2,False,0.029344082,0.043292213,0.8904545,0.036909226
21,7,none,random_linear,163,91,0,2,False,0.40838987,0.0010656114,0.5119698,0.07857475
21,7,none,random_linear,164,91,1,2,False,0.0014337201,0.005537431,0.9710895,0.02193934
21,7,none,random_linear,165,91,2,2,True,0.0036103197,0.0023890694,0.9835735,0.010427088
21,7,none,random_linear,166,91,3,2,False,0.012161571,0.0022372783,0.9220606,0.06354053
21,7,none,random_linear,167,91,3,2,False,0.00025382763,0.02517189,0.92961526,0.044959106
21,7,none,random_linear,168,91,2,2,True,0.004862055,0.016702976,0.95374674,0.024688154
21,7,none,random_linear,169,91,2,2,True,0.00032634838,0.00015232594,0.97655356,0.022967696
21,7,none,random_linear,170,91,3,2,False,0.01037428,0.048338752,0.8518153,0.08947173
21,7,none,random_linear,171,91,3,3,True,0.0031966905,0.007907552,0.39658675,0.592309
21,7,none,random_linear,172,91,2,2,True,0.0015160354,0.0090711815,0.9304575,0.058955356
21,7,none,random_linear,173,91,3,2,False,0.032868434,0.056524836,0.5164106,0.39419618
21,7,none,random_linear,174,91,2,2,True,0.0054266592,0.0005210703,0.9437322,0.05032002
21,7,none,random_linear,175,91,2,2,True,0.0010177632,0.011705695,0.9737491,0.013527536
21,7,none,random_linear,176,91,3,2,False,0.0028959336,0.012047265,0.9030849,0.081971936
21,7,none,random_linear,177,91,3,2,False,0.08195946,0.0020708703,0.81899756,0.09697216
21,7,none,random_linear,178,91,2,2,True,0.0013929828,0.048327845,0.9404487,0.0098304255
21,7,none,random_linear,179,91,3,2,False,0.0012968861,0.0026816193,0.943059,0.05296245
21,7,none,random_linear,180,92,1,1,True,0.064074285,0.4543168,0.08628068,0.39532822
21,7,none,random_linear,181,92,0,3,False,0.15712096,0.22834165,0.27364814,0.3408892
21,7,none,random_linear,182,92,1,0,False,0.5086603,0.1456973,0.3047137,0.040928647
21,7,none,random_linear,183,92,0,2,False,0.10057974,0.015922144,0.8805795,0.0029186406
21,7,none,random_linear,184,92,0,2,False,0.19810493,0.1455681,0.4840988,0.17222822
21,7,none,random_linear,185,92,1,1,True,0.026616441,0.9156643,0.04699934,0.010719819
21,7,none,random_linear,186,92,0,0,True,0.85575897,0.04323558,0.082481965,0.018523578
21,7,none,random_linear,187,92,1,1,True,0.042366408,0.9545629,0.0026780276,0.0003927221
21,7,none,random_linear,188,92,1,1,True,0.0024523356,0.99693775,0.00042859378,0.00018138337
21,7,none,random_linear,189,92,0,2,False,0.2819741,0.1031847,0.5944776,0.020363566
21,7,none,random_linear,190,92,0,0,True,0.8117631,0.09443884,0.060378525,0.03341962
21,7,none,random_linear,191,92,1,2,False,0.24473983,0.0768281,0.37730423,0.3011279
21,7,none,random_linear,192,92,0,0,True,0.89734846,0.05398007,0.04773635,0.0009351984
21,7,none,random_linear,193,92,1,3,False,0.016528338,0.30286753,0.07912875,0.6014754
21,7,none,random_linear,194,92,0,2,False,0.11079751,0.09613901,0.7725454,0.02051802
21,7,none,random_linear,195,92,1,1,True,0.038885966,0.90649813,0.042894896,0.0117210485
21,7,none,random_linear,196,92,1,1,True,0.0017324217,0.9952219,0.0027826119,0.00026316874
21,7,none,random_linear,197,92,0,0,True,0.96828383,0.017924098,0.012535345,0.0012567677
21,7,none,random_linear,198,92,1,1,True,0.011818082,0.58116907,0.3994049,0.0076079583
21,7,none,random_linear,199,92,2,0,False,0.4881248,0.11779602,0.280285,0.113794245
21,7,none,random_linear,200,92,3,0,False,0.36516732,0.07479316,0.34502387,0.2150156
21,7,none,random_linear,201,92,2,2,True,0.19792402,0.040289633,0.50120264,0.2605837
21,7,none,random_linear,202,92,3,2,False,0.117351994,0.052111574,0.47310245,0.35743394
21,7,none,random_linear,203,92,2,1,False,0.16080889,0.44903216,0.37867737,0.011481625
21,7,none,random_linear,204,92,3,3,True,0.07562312,0.24294701,0.21878773,0.4626421
21,7,none,random_linear,205,92,2,2,True,0.050296154,0.13495237,0.7382642,0.07648729
21,7,none,random_linear,206,92,3,0,False,0.3655638,0.3474599,0.121486336,0.16548993
21,7,none,random_linear,207,92,3,1,False,0.29693913,0.36842552,0.24603237,0.08860297
21,7,none,random_linear,208,92,2,2,True,0.35092452,0.06433031,0.38769695,0.19704822
21,7,none,random_linear,209,92,2,2,True,0.002465535,0.16954896,0.82560164,0.0023839537
21,7,none,random_linear,210,92,3,1,False,0.05514944,0.6163438,0.017211283,0.31129545
21,7,none,random_linear,211,92,3,3,True,0.040507056,0.21855201,0.07354725,0.6673937
21,7,none,random_linear,212,92,2,1,False,0.12983249,0.6147635,0.09507544,0.16032861
21,7,none,random_linear,213,92,3,0,False,0.44949377,0.28771433,0.15869299,0.104098916
21,7,none,random_linear,214,92,2,0,False,0.75163376,0.07566365,0.1603006,0.012401993
21,7,none,random_linear,215,92,2,2,True,0.026636252,0.10449395,0.64117897,0.2276908
21,7,none,random_linear,216,92,3,1,False,0.018952383,0.5053326,0.37400708,0.10170798
21,7,none,random_linear,217,92,2,2,True,0.00607718,0.086536795,0.89188147,0.015504562
21,7,none,random_linear,218,92,0,0,True,0.99415016,0.0009385944,0.0043982523,0.0005129962
21,7,none,random_linear,219,92,1,1,True,0.26742527,0.71187806,0.017125748,0.0035709077
21,7,none,random_linear,220,92,0,0,True,0.9241151,0.04410048,0.027701603,0.0040827664
21,7,none,random_linear,221,92,1,1,True,0.050015636,0.89707315,0.036181208,0.01673006
21,7,none,random_linear,222,92,1,1,True,0.029755497,0.95013714,0.01926516,0.0008422795
21,7,none,random_linear,223,92,0,0,True,0.71970046,0.13602524,0.11763353,0.026640866
21,7,none,random_linear,224,92,1,1,True,0.001656631,0.97756666,0.00038911117,0.020387538
21,7,none,random_linear,225,92,0,1,False,0.14035252,0.8001933,0.056308884,0.0031453473
21,7,none,random_linear,226,92,0,0,True,0.9513986,0.0413044,0.004004613,0.0032924574
21,7,none,random_linear,227,92,1,1,True,0.004393872,0.9683552,0.017228512,0.010022514
21,7,none,random_linear,228,92,1,1,True,0.00010821464,0.98945636,0.002798986,0.0076364377
21,7,none,random_linear,229,92,0,0,True,0.90751886,0.004520324,0.04408707,0.043873716
21,7,none,random_linear,230,92,1,1,True,0.0017021049,0.9961338,0.0015175883,0.0006464184
21,7,none,random_linear,231,92,0,2,False,0.20987536,0.23505645,0.4421669,0.11290121
21,7,none,random_linear,232,92,0,0,True,0.98434585,0.0015022325,0.009895876,0.004256023
21,7,none,random_linear,233,92,1,1,True,0.0038048725,0.99339277,0.0012505405,0.0015517884
21,7,none,random_linear,234,92,0,0,True,0.52709997,0.004555887,0.37863135,0.08971286
21,7,none,random_linear,235,92,1,1,True,0.004715585,0.95647824,0.03484278,0.0039633787
21,7,none,random_linear,236,92,1,1,True,0.0023192917,0.99603915,0.0003781185,0.0012633213
21,7,none,random_linear,237,92,3,3,True,0.13619591,0.21881564,0.024946088,0.6200424
21,7,none,random_linear,238,92,2,3,False,0.362205,0.13533042,0.1094498,0.39301485
21,7,none,random_linear,239,92,3,1,False,0.24176805,0.325352,0.3239214,0.108958535
21,7,none,random_linear,240,92,2,2,True,0.0649263,0.12915172,0.76810926,0.03781271
21,7,none,random_linear,241,92,2,2,True,0.101768315,0.25908673,0.627769,0.011375946
21,7,none,random_linear,242,92,3,2,False,0.0820472,0.09949233,0.75478655,0.06367386
21,7,none,random_linear,243,92,2,1,False,0.22740206,0.37367997,0.32646558,0.07245236
21,7,none,random_linear,244,92,3,1,False,0.25956982,0.40937382,0.30940375,0.021652553
21,7,none,random_linear,245,92,2,2,True,0.19228308,0.2329084,0.5350924,0.03971612
21,7,none,random_linear,246,92,3,3,True,0.0053977375,0.2845861,0.122107945,0.5879082
21,7,none,random_linear,247,92,2,2,True,0.026824638,0.28213534,0.6143715,0.076668486
21,7,none,random_linear,248,92,3,2,False,0.018714728,0.34695843,0.348196,0.2861309
21,7,none,random_linear,249,92,3,3,True,0.011834236,0.38439685,0.026768949,0.57699996
21,7,none,random_linear,250,92,2,2,True,0.0050696996,0.02254756,0.9687755,0.0036072708
21,7,none,random_linear,251,92,3,3,True,0.018083721,0.032030817,0.14028792,0.80959755
21,7,none,random_linear,252,92,2,2,True,0.13907105,0.08001599,0.65179986,0.12911311
21,7,none,random_linear,253,92,2,2,True,0.118976384,0.092694685,0.77382314,0.014505821
21,7,none,random_linear,254,92,3,2,False,0.18992335,0.069014035,0.63911664,0.10194595
21,7,none,random_linear,255,92,2,2,True,0.033709683,0.13865216,0.8218835,0.005754615
21,7,none,random_linear,256,92,0,0,True,0.97693217,0.014584502,0.0013736051,0.0071096676
21,7,none,random_linear,257,92,1,0,False,0.79022634,0.16613026,0.040051486,0.003591809
21,7,none,random_linear,258,92,1,1,True,0.012337161,0.9578188,0.0195642,0.010279875
21,7,none,random_linear,259,92,0,0,True,0.92095095,0.014571464,0.034722913,0.029754674
21,7,none,random_linear,260,92,0,0,True,0.6183679,0.025609097,0.16104035,0.19498266
21,7,none,random_linear,261,92,1,1,True,0.010562014,0.9432217,0.04489543,0.0013208298
21,7,none,random_linear,262,92,1,1,True,0.003742965,0.9024681,0.01969117,0.07409768
21,7,none,random_linear,263,92,0,0,True,0.77307934,0.046414107,0.17053261,0.009973886
21,7,none,random_linear,264,92,0,0,True,0.76970905,0.016667807,0.19815095,0.0154721625
21,7,none,random_linear,265,92,1,1,True,0.0007633554,0.99830186,0.0003731721,0.0005616034
21,7,none,random_linear,266,92,0,0,True,0.84312737,0.12234046,0.03075288,0.0037792523
21,7,none,random_linear,267,92,1,1,True,0.27060163,0.32281953,0.2945282,0.11205064
21,7,none,random_linear,268,92,0,0,True,0.7391028,0.21647176,0.031180693,0.013244749
21,7,none,random_linear,269,92,1,1,True,0.00618069,0.7640633,0.20067818,0.029077861
21,7,none,random_linear,270,92,1,1,True,0.03525172,0.87798595,0.07390297,0.012859364
21,7,none,random_linear,271,92,0,0,True,0.8926532,0.07701958,0.022063447,0.008263645
21,7,none,random_linear,272,92,1,1,True,0.067906864,0.7700714,0.15498596,0.007035844
21,7,none,random_linear,273,92,0,2,False,0.4418676,0.054576173,0.49195743,0.011598794
21,7,none,random_linear,274,92,1,2,False,0.0748881,0.09705609,0.7598484,0.06820743
21,7,none,random_linear,275,92,3,1,False,0.19981742,0.5163702,0.17498548,0.10882689
21,7,none,random_linear,276,92,2,2,True,0.13171804,0.30415204,0.36798018,0.19614978
21,7,none,random_linear,277,92,3,3,True,0.026030418,0.2664028,0.29951313,0.40805367
21,7,none,random_linear,278,92,2,1,False,0.14452662,0.42076468,0.3010635,0.13364522
21,7,none,random_linear,279,92,3,3,True,0.1266328,0.0048729125,0.43141082,0.43708342
21,7,none,random_linear,280,92,2,2,True,0.081815146,0.09003716,0.7957549,0.032392804
21,7,none,random_linear,281,92,3,2,False,0.011369087,0.3787163,0.49643585,0.11347879
21,7,none,random_linear,282,92,2,2,True,0.078396626,0.3194815,0.5846651,0.01745673
21,7,none,random_linear,283,92,2,2,True,0.015655566,0.19215396,0.78620833,0.0059820786
21,7,none,random_linear,284,92,3,2,False,0.17745191,0.2660547,0.46222362,0.094269805
21,7,none,random_linear,285,92,3,1,False,0.0037440015,0.47502348,0.061923888,0.45930856
21,7,none,random_linear,286,92,2,2,True,0.0193951,0.20982659,0.7447278,0.02605052
21,7,none,random_linear,287,92,2,1,False,0.017941497,0.94271797,0.03258645,0.006754053
21,7,none,random_linear,288,92,3,1,False,0.17843796,0.39654163,0.32887056,0.096149884
21,7,none,random_linear,289,92,3,3,True,0.00971536,0.31731945,0.08709029,0.58587486
21,7,none,random_linear,290,92,2,1,False,0.07671584,0.6410889,0.11528786,0.1669074
21,7,none,random_linear,291,92,2,0,False,0.6382319,0.06895951,0.1964228,0.096385814
21,7,none,random_linear,292,92,3,3,True,0.19360936,0.17998515,0.113691755,0.51271373
21,7,none,random_linear,293,92,2,1,False,0.0507306,0.4503653,0.43400818,0.064895906
21,7,none,random_linear,294,93,1,1,True,0.053728543,0.7052623,0.08630648,0.15470262
21,7,none,random_linear,295,93,0,2,False,0.12616569,0.32112703,0.5004057,0.052301604
21,7,none,random_linear,296,93,1,1,True,0.00012579907,0.9816621,0.009707872,0.008504181
21,7,none,random_linear,297,93,0,1,False,0.25759995,0.41821694,0.2504999,0.07368325
21,7,none,random_linear,298,93,1,2,False,0.002847638,0.1262325,0.83996916,0.030950712
21,7,none,random_linear,299,93,0,2,False,0.03594743,0.08689821,0.6316551,0.24549933
21,7,none,random_linear,300,93,0,0,True,0.9881088,0.0069298786,0.0037876994,0.001173525
21,7,none,random_linear,301,93,1,1,True,0.015012633,0.5122413,0.21539609,0.25734994
21,7,none,random_linear,302,93,1,0,False,0.49956906,0.0131531935,0.47092107,0.016356612
21,7,none,random_linear,303,93,0,0,True,0.4549523,0.09739229,0.37673727,0.0709182
21,7,none,random_linear,304,93,1,2,False,0.013291482,0.43747577,0.44284007,0.10639264
21,7,none,random_linear,305,93,0,0,True,0.99273854,0.0025723695,0.0019128246,0.0027763897
21,7,none,random_linear,306,93,1,1,True,0.0033433482,0.57059485,0.22877532,0.19728647
21,7,none,random_linear,307,93,0,0,True,0.9984169,0.00024741166,0.00085010665,0.0004854553
21,7,none,random_linear,308,93,0,0,True,0.7461309,0.03161127,0.1480255,0.07423234
21,7,none,random_linear,309,93,3,3,True,0.00049438333,0.044057123,0.006015991,0.9494325
21,7,none,random_linear,310,93,2,1,False,0.006803029,0.5149673,0.37992784,0.09830177
21,7,none,random_linear,311,93,2,2,True,0.00909242,0.07333161,0.81994003,0.097635955
21,7,none,random_linear,312,93,3,3,True,0.008943785,0.017018141,0.013030964,0.9610071
21,7,none,random_linear,313,93,3,3,True,0.00016656848,0.010387896,0.008163573,0.981282
21,7,none,random_linear,314,93,2,2,True,0.10659339,0.11034021,0.66992074,0.11314559
21,7,none,random_linear,315,93,3,1,False,0.0045388513,0.5758422,0.35535845,0.064260535
21,7,none,random_linear,316,93,2,2,True,4.018018e-05,0.0005766581,0.99935883,2.4329063e-05
21,7,none,random_linear,317,93,2,2,True,0.10026398,0.018446906,0.8385217,0.042767372
21,7,none,random_linear,318,93,3,3,True,0.033725947,0.13544992,0.059189323,0.77163476
21,7,none,random_linear,319,93,3,0,False,0.47838303,0.05727275,0.011800992,0.4525433
21,7,none,random_linear,320,93,2,2,True,0.016553627,0.13311313,0.84068257,0.009650696
21,7,none,random_linear,321,93,2,2,True,0.22562958,0.014600279,0.6983422,0.061427947
21,7,none,random_linear,322,93,3,3,True,0.0008447553,0.0073895967,0.0067345924,0.985031
21,7,none,random_linear,323,93,2,2,True,0.032051157,0.028667612,0.9162853,0.022996042
21,7,none,random_linear,324,93,0,0,True,0.99604756,0.00051432545,0.001677334,0.0017607256
21,7,none,random_linear,325,93,1,3,False,0.00903955,0.20565996,0.22048263,0.56481785
21,7,none,random_linear,326,93,1,1,True,3.3917001e-07,0.9994789,2.382882e-05,0.0004969377
21,7,none,random_linear,327,93,0,2,False,0.41945633,0.027425982,0.4719898,0.0811279
21,7,none,random_linear,328,93,0,0,True,0.7051375,0.005099872,0.082206964,0.20755574
21,7,none,random_linear,329,93,1,1,True,0.006745226,0.8777506,0.09711354,0.01839058
21,7,none,random_linear,330,93,0,3,False,0.21991049,0.105560064,0.24038328,0.43414617
21,7,none,random_linear,331,93,1,1,True,0.0019392652,0.5644109,0.15085836,0.28279138
21,7,none,random_linear,332,93,1,2,False,0.003495489,0.34712753,0.5337854,0.115591586
21,7,none,random_linear,333,93,0,2,False,0.14309213,0.08805388,0.4126239,0.3562301
21,7,none,random_linear,334,93,1,3,False,0.005096242,0.28271306,0.29125044,0.4209403
21,7,none,random_linear,335,93,0,0,True,0.7059579,0.0028811924,0.2818601,0.009300803
21,7,none,random_linear,336,93,0,0,True,0.9652852,0.0014438047,0.0052932696,0.027977752
21,7,none,random_linear,337,93,1,2,False,0.002804895,0.06340447,0.8425233,0.09126734
21,7,none,random_linear,338,93,0,3,False,0.10068397,0.0009556413,0.1983607,0.69999975
21,7,none,random_linear,339,93,2,0,False,0.4607211,0.0945199,0.41804367,0.026715346
21,7,none,random_linear,340,93,3,3,True,0.00012073976,0.00045844849,0.0018302986,0.99759054
21,7,none,random_linear,341,93,3,3,True,0.004429412,0.0934287,0.10274847,0.7993934
21,7,none,random_linear,342,93,2,2,True,0.02197042,0.2102185,0.6676158,0.10019533
21,7,none,random_linear,343,93,2,1,False,0.001969774,0.7861402,0.17524728,0.03664271
21,7,none,random_linear,344,93,3,1,False,0.00064534333,0.50138634,0.002683226,0.49528503
21,7,none,random_linear,345,93,3,3,True,0.00031427483,0.0042164964,0.0010097976,0.9944594
21,7,none,random_linear,346,93,2,2,True,0.015902445,0.34062487,0.6274547,0.016018009
21,7,none,random_linear,347,93,3,3,True,0.030276082,0.009489001,0.03017181,0.9300632
21,7,none,random_linear,348,93,2,1,False,0.0069968333,0.6125756,0.25148544,0.12894206
21,7,none,random_linear,349,93,3,2,False,0.010683172,0.37941036,0.42547995,0.18442646
21,7,none,random_linear,350,93,2,2,True,0.003955613,0.02404201,0.932718,0.039284416
21,7,none,random_linear,351,93,3,3,True,0.001417384,0.019342488,0.014922923,0.9643172
21,7,none,random_linear,352,93,2,2,True,0.026573218,0.05189814,0.8865082,0.03502044
21,7,none,random_linear,353,93,2,3,False,0.036346585,0.18647818,0.29359674,0.4835785
21,7,none,random_linear,354,93,0,1,False,0.14549987,0.61130077,0.1436462,0.09955316
21,7,none,random_linear,355,93,1,2,False,0.0017126868,0.26148766,0.71378636,0.023013273
21,7,none,random_linear,356,93,0,2,False,0.4586022,0.016162684,0.49856415,0.026671015
21,7,none,random_linear,357,93,1,1,True,0.00027966945,0.9957052,0.000885402,0.0031297551
21,7,none,random_linear,358,93,1,1,True,0.0003095361,0.97466964,0.0025401912,0.02248078
21,7,none,random_linear,359,93,0,0,True,0.807969,0.080332115,0.028446145,0.08325274
21,7,none,random_linear,360,93,1,3,False,0.0022341907,0.09575235,0.39552808,0.5064854
21,7,none,random_linear,361,93,0,1,False,0.011358263,0.9432937,0.008266307,0.037081793
21,7,none,random_linear,362,93,1,1,True,0.009469841,0.89708686,0.04553513,0.047908217
21,7,none,random_linear,363,93,0,0,True,0.8970614,0.0031336716,0.026092082,0.073712856
21,7,none,random_linear,364,93,0,0,True,0.8478743,0.03803634,0.03663243,0.077456884
21,7,none,random_linear,365,93,1,3,False,0.0055475677,0.08876254,0.1582434,0.7474465
21,7,none,random_linear,366,93,1,1,True,0.00022881242,0.96583897,0.0038578124,0.030074438
21,7,none,random_linear,367,93,0,1,False,0.06354812,0.6175019,0.14348365,0.17546634
21,7,none,random_linear,368,93,1,1,True,0.041188568,0.798269,0.13360317,0.026939206
21,7,none,random_linear,369,93,2,0,False,0.58341825,0.09118349,0.17456014,0.15083809
21,7,none,random_linear,370,93,3,2,False,0.038838007,0.06569237,0.5751355,0.32033408
21,7,none,random_linear,371,93,3,3,True,0.0057883654,0.024802797,0.021299617,0.94810927
21,7,none,random_linear,372,93,2,1,False,0.09870003,0.81167686,0.082647614,0.0069755106
21,7,none,random_linear,373,93,3,1,False,0.00022722936,0.86458194,0.0019181274,0.13327259
21,7,none,random_linear,374,93,2,1,False,0.0011269366,0.9610975,0.034319688,0.0034558533
21,7,none,random_linear,375,93,2,2,True,0.04594483,0.031467583,0.8709958,0.05159179
21,7,none,random_linear,376,93,3,3,True,0.00027525655,0.022914486,0.0068442654,0.96996593
21,7,none,random_linear,377,93,3,3,True,4.89018e-05,0.017317133,0.008369643,0.9742643
21,7,none,random_linear,378,93,2,2,True,0.006165138,0.008281532,0.94441515,0.041138183
21,7,none,random_linear,379,93,2,2,True,0.014881973,0.098939724,0.74943817,0.13674007
21,7,none,random_linear,380,93,3,3,True,0.0635295,0.02934669,0.07361253,0.83351135
21,7,none,random_linear,381,93,3,3,True,0.0089168,0.014018695,0.28886938,0.68819505
21,7,none,random_linear,382,93,2,1,False,4.6775112e-05,0.9955356,0.0040836027,0.0003340975
21,7,none,random_linear,383,93,3,2,False,0.021831611,0.035925947,0.8354168,0.106825575
21,7,none,random_linear,384,94,0,0,True,0.9951534,0.0010103949,0.003759305,7.6888566e-05
21,7,none,random_linear,385,94,1,1,True,0.0018300264,0.8567568,0.14021847,0.0011946132
21,7,none,random_linear,386,94,1,2,False,0.07637184,0.14677486,0.7273933,0.049460053
21,7,none,random_linear,387,94,0,0,True,0.9997439,5.7812358e-05,0.00018626497,1.203673e-05
21,7,none,random_linear,388,94,1,1,True,0.024060044,0.59630704,0.33977145,0.039861485
21,7,none,random_linear,389,94,0,0,True,0.99420434,0.002290072,0.0031807648,0.0003247235
21,7,none,random_linear,390,94,1,2,False,0.02513437,0.018183049,0.95241344,0.0042692283
21,7,none,random_linear,391,94,0,0,True,0.99759287,8.995772e-05,0.0020249707,0.000292166
21,7,none,random_linear,392,94,1,2,False,0.06200142,0.20178002,0.6955174,0.040701088
21,7,none,random_linear,393,94,0,0,True,0.87365246,0.013480264,0.11272903,0.00013834167
21,7,none,random_linear,394,94,0,0,True,0.99113256,0.00041825767,0.006164099,0.0022850398
21,7,none,random_linear,395,94,1,2,False,0.053904817,0.047141865,0.8841435,0.014809957
21,7,none,random_linear,396,94,1,1,True,0.11942397,0.68690956,0.1316398,0.062026665
21,7,none,random_linear,397,94,0,0,True,0.9026486,0.00060290453,0.087140106,0.009608452
21,7,none,random_linear,398,94,1,1,True,0.07563385,0.49867696,0.29865676,0.12703243
21,7,none,random_linear,399,94,2,2,True,0.014034308,0.012847753,0.97033036,0.0027875958
21,7,none,random_linear,400,94,3,3,True,0.016664125,0.108033046,0.18393505,0.6913678
21,7,none,random_linear,401,94,3,3,True,0.0021565584,0.01390879,0.007207241,0.9767274
21,7,none,random_linear,402,94,2,2,True,0.005660621,0.007581349,0.9826779,0.0040801642
21,7,none,random_linear,403,94,3,3,True,0.07161363,0.012957944,0.23255558,0.68287283
21,7,none,random_linear,404,94,2,2,True,0.038015656,0.0982562,0.8474298,0.016298257
21,7,none,random_linear,405,94,2,2,True,0.002635444,0.011504523,0.98314106,0.0027188826
21,7,none,random_linear,406,94,3,3,True,0.011677362,0.18344744,0.09645803,0.7084171
21,7,none,random_linear,407,94,2,2,True,0.04418081,0.008874571,0.91844064,0.028503984
21,7,none,random_linear,408,94,3,3,True,0.014262552,0.04727669,0.1161049,0.82235587
21,7,none,random_linear,409,94,3,3,True,0.012032149,0.0040537,0.05654903,0.92736506
21,7,none,random_linear,410,94,2,2,True,0.0078057167,0.009110051,0.98095167,0.002132646
21,7,none,random_linear,411,94,3,3,True,0.069079295,0.01805934,0.26843196,0.6444294
21,7,none,random_linear,412,94,2,2,True,0.3963419,0.053765483,0.4848555,0.06503715
21,7,none,random_linear,413,94,3,2,False,0.078928374,0.13917665,0.65400666,0.1278883
21,7,none,random_linear,414,94,1,1,True,0.012953604,0.95284843,0.031119626,0.0030784116
21,7,none,random_linear,415,94,0,1,False,0.262474,0.5953624,0.13845709,0.0037064552
21,7,none,random_linear,416,94,1,1,True,0.010623348,0.9667099,0.022483854,0.00018285733
21,7,none,random_linear,417,94,0,0,True,0.9190043,0.0180524,0.05701014,0.005933054
21,7,none,random_linear,418,94,0,0,True,0.95554584,0.0021814853,0.04218947,8.313365e-05
21,7,none,random_linear,419,94,1,1,True,3.885048e-05,0.9644995,0.03445814,0.0010034795
21,7,none,random_linear,420,94,1,2,False,0.05614826,0.10339574,0.6584803,0.18197578
21,7,none,random_linear,421,94,0,0,True,0.912827,0.0010274015,0.08533007,0.000815465
21,7,none,random_linear,422,94,0,0,True,0.85367125,0.07470701,0.07136628,0.00025553766
21,7,none,random_linear,423,94,1,2,False,0.0890203,0.013251796,0.8850301,0.012697816
21,7,none,random_linear,424,94,1,1,True,7.0652706e-05,0.98628694,0.0134540545,0.00018840918
21,7,none,random_linear,425,94,0,1,False,0.047701195,0.5654509,0.38008863,0.0067594014
21,7,none,random_linear,426,94,1,2,False,0.004330181,0.23467182,0.7544672,0.0065308916
21,7,none,random_linear,427,94,0,0,True,0.9835173,3.8421902e-05,0.014989255,0.0014549533
21,7,none,random_linear,428,94,1,2,False,0.014504019,0.004272549,0.9778895,0.003333914
21,7,none,random_linear,429,94,3,3,True,0.12363183,0.018612303,0.18333988,0.674416
21,7,none,random_linear,430,94,2,2,True,0.20577846,0.008947977,0.77910525,0.0061682626
21,7,none,random_linear,431,94,3,3,True,0.0014122266,0.15792416,0.2525623,0.58810127
21,7,none,random_linear,432,94,2,2,True,0.000316418,0.0010010576,0.9978598,0.0008228227
21,7,none,random_linear,433,94,3,3,True,0.013788066,0.2006032,0.022985976,0.7626228
21,7,none,random_linear,434,94,2,2,True,0.0044323155,0.025608564,0.96808827,0.0018708489
21,7,none,random_linear,435,94,2,2,True,0.010852805,0.06071881,0.8418138,0.0866145
21,7,none,random_linear,436,94,3,2,False,0.011209004,0.0358308,0.69644564,0.25651455
21,7,none,random_linear,437,94,3,1,False,0.009546363,0.57058275,0.041747488,0.37812346
21,7,none,random_linear,438,94,2,2,True,0.010746947,0.038569465,0.9436921,0.0069915475
21,7,none,random_linear,439,94,3,3,True,0.025464289,0.22852616,0.31618348,0.429826
21,7,none,random_linear,440,94,2,2,True,0.08593799,0.031999353,0.87559664,0.0064659854
21,7,none,random_linear,441,94,3,2,False,0.010134012,0.006828075,0.8996417,0.08339627
21,7,none,random_linear,442,94,2,2,True,0.0010777013,0.0027689543,0.99587196,0.00028135607
21,7,none,random_linear,443,94,2,3,False,0.089527465,0.24243422,0.22283837,0.4451999
21,7,none,random_linear,444,94,0,0,True,0.98964113,0.00430162,0.005822315,0.00023501899
21,7,none,random_linear,445,94,1,2,False,0.062150784,0.059166342,0.87768024,0.0010026257
21,7,none,random_linear,446,94,1,2,False,0.0019257531,0.29738724,0.6983685,0.0023185946
21,7,none,random_linear,447,94,0,2,False,0.3917264,0.004083582,0.6028793,0.0013107527
21,7,none,random_linear,448,94,1,2,False,0.0012805973,0.39253002,0.5795246,0.026664747
21,7,none,random_linear,449,94,0,0,True,0.75381124,0.006239554,0.2329599,0.006989355
21,7,none,random_linear,450,94,1,2,False,0.095170185,0.20367949,0.67800725,0.02314302
21,7,none,random_linear,451,94,0,2,False,0.0946626,0.0058476264,0.89221966,0.007270211
21,7,none,random_linear,452,94,1,2,False,0.028820558,0.30848926,0.5859182,0.076771975
21,7,none,random_linear,453,94,0,2,False,0.06464547,0.02570424,0.90314835,0.0065019205
21,7,none,random_linear,454,94,1,2,False,0.021876441,0.30377406,0.63269687,0.041652594
21,7,none,random_linear,455,94,0,0,True,0.96246654,0.00034820545,0.03602511,0.0011602433
21,7,none,random_linear,456,94,0,2,False,0.19415464,0.085389696,0.7177355,0.0027201565
21,7,none,random_linear,457,94,1,3,False,0.016265515,0.056611627,0.2553712,0.6717516
21,7,none,random_linear,458,94,0,2,False,0.043745983,0.026312955,0.86860174,0.061339352
21,7,none,random_linear,459,94,2,2,True,0.008924933,0.009782226,0.97624505,0.005047779
21,7,none,random_linear,460,94,3,2,False,0.00091949716,0.018081043,0.9522348,0.028764697
21,7,none,random_linear,461,94,2,2,True,0.0041876663,0.0084203975,0.9867721,0.00061978406
21,7,none,random_linear,462,94,3,2,False,0.08685091,0.017811751,0.888977,0.00636033
21,7,none,random_linear,463,94,2,2,True,0.01181265,0.3484994,0.63879234,0.00089571043
21,7,none,random_linear,464,94,3,2,False,0.033268,0.043758906,0.5793572,0.3436159
21,7,none,random_linear,465,94,3,2,False,0.0055774497,0.2100448,0.45547524,0.3289025
21,7,none,random_linear,466,94,2,2,True,0.0054417923,0.0062244344,0.9754792,0.012854657
21,7,none,random_linear,467,94,2,2,True,0.000890369,0.0010986296,0.9952195,0.0027914718
21,7,none,random_linear,468,94,3,2,False,0.01644586,0.0019348306,0.84831315,0.13330615
21,7,none,random_linear,469,94,3,3,True,0.002950259,0.15965895,0.10693554,0.7304553
21,7,none,random_linear,470,94,2,2,True,0.0012146435,0.01783993,0.9680359,0.012909514
21,7,none,random_linear,471,94,2,2,True,0.07829186,0.041283876,0.737174,0.14325024
21,7,none,random_linear,472,94,3,2,False,0.00874812,0.14177145,0.69448817,0.15499228
21,7,none,random_linear,473,94,3,2,False,0.011702442,0.12404798,0.8547971,0.009452383
21,7,none,random_linear,474,95,0,0,True,0.8269465,0.12685402,0.036087688,0.010111813
21,7,none,random_linear,475,95,1,1,True,0.006565276,0.9134019,0.0038640865,0.07616885
21,7,none,random_linear,476,95,1,1,True,7.291818e-05,0.9982535,0.0012888592,0.00038466943
21,7,none,random_linear,477,95,0,0,True,0.9846059,0.003322091,0.00042124646,0.011650843
21,7,none,random_linear,478,95,0,0,True,0.9980506,0.0010003827,0.00050307106,0.00044605514
21,7,none,random_linear,479,95,1,1,True,0.0019990301,0.9825655,0.0035397771,0.011895547
21,7,none,random_linear,480,95,0,0,True,0.8965139,0.079480104,0.018045735,0.0059602917
21,7,none,random_linear,481,95,1,1,True,0.0005202278,0.98857516,0.00063546334,0.010269241
21,7,none,random_linear,482,95,0,0,True,0.9715191,0.013106049,0.0070332796,0.008341552
21,7,none,random_linear,483,95,1,3,False,0.0034854237,0.39386946,0.08674727,0.51589787
21,7,none,random_linear,484,95,1,1,True,0.00042318943,0.986226,0.0053419867,0.008008676
21,7,none,random_linear,485,95,0,0,True,0.994789,3.4268734e-05,0.0014260275,0.0037506993
21,7,none,random_linear,486,95,0,0,True,0.9632813,0.00897329,0.014092922,0.013652523
21,7,none,random_linear,487,95,1,1,True,0.009588806,0.6577804,0.06276915,0.26986164
21,7,none,random_linear,488,95,1,1,True,1.1850972e-05,0.9797468,0.008883422,0.011357974
21,7,none,random_linear,489,95,2,3,False,0.0072067934,0.08839978,0.124461085,0.7799324
21,7,none,random_linear,490,95,3,3,True,0.0123629095,0.090122886,0.064466886,0.8330473
21,7,none,random_linear,491,95,2,1,False,0.00086339057,0.7006478,0.24646734,0.052021515
21,7,none,random_linear,492,95,3,3,True,0.0011383654,0.0014904707,0.0017266235,0.99564457
21,7,none,random_linear,493,95,3,3,True,0.000582131,0.120793045,0.0013796822,0.87724507
21,7,none,random_linear,494,95,2,3,False,0.15763354,0.15718791,0.048640814,0.63653773
21,7,none,random_linear,495,95,2,2,True,0.0055272356,0.21210538,0.60262424,0.1797432
21,7,none,random_linear,496,95,3,3,True,0.02018592,0.023766745,0.003558089,0.95248926
21,7,none,random_linear,497,95,3,3,True,0.00096754456,0.018525418,0.06844011,0.91206694
21,7,none,random_linear,498,95,2,3,False,0.000765098,0.35271674,0.2661138,0.3804044
21,7,none,random_linear,499,95,3,3,True,0.000899862,0.33654344,0.0058079124,0.6567488
21,7,none,random_linear,500,95,2,3,False,0.00070767145,0.007154222,0.096866615,0.8952715
21,7,none,random_linear,501,95,3,3,True,0.0026403766,0.0089338,0.015519147,0.9729067
21,7,none,random_linear,502,95,2,3,False,0.0016109702,0.030399404,0.28039354,0.68759614
21,7,none,random_linear,503,95,2,3,False,0.041885152,0.22169128,0.103922054,0.63250154
21,7,none,random_linear,504,95,1,1,True,0.00057253905,0.93329144,0.010110652,0.056025367
21,7,none,random_linear,505,95,0,3,False,0.4113315,0.018287107,0.0046219993,0.56575936
21,7,none,random_linear,506,95,1,1,True,0.00043925786,0.82576793,0.0017225035,0.17207031
21,7,none,random_linear,507,95,0,3,False,0.15466863,0.0041395156,0.07182522,0.7693667
21,7,none,random_linear,508,95,0,0,True,0.93155426,0.0038549136,0.0018486554,0.06274224
21,7,none,random_linear,509,95,1,3,False,0.008655665,0.09569802,0.025937544,0.8697088
21,7,none,random_linear,510,95,1,3,False,0.0030129252,0.17521363,0.13901006,0.68276334
21,7,none,random_linear,511,95,0,0,True,0.9092141,0.00056307623,0.0018343966,0.0883884
21,7,none,random_linear,512,95,0,3,False,0.28903627,0.016062682,0.15409628,0.5408048
21,7,none,random_linear,513,95,1,3,False,0.0004895408,0.42305702,0.056060024,0.52039343
21,7,none,random_linear,514,95,0,0,True,0.70059454,0.0019314733,0.065153435,0.2323205
21,7,none,random_linear,515,95,1,1,True,0.0002447496,0.84248143,0.10233016,0.0549436
21,7,none,random_linear,516,95,0,3,False,0.33761042,0.20821787,0.005564861,0.4486068
21,7,none,random_linear,517,95,1,1,True,0.00022986914,0.9369775,0.037664734,0.025127882
21,7,none,random_linear,518,95,0,3,False,0.22225393,0.008917067,0.08798328,0.6808457
21,7,none,random_linear,519,95,3,3,True,6.870476e-05,0.060609926,0.0031302746,0.9361911
21,7,none,random_linear,520,95,2,3,False,0.024165059,0.001961811,0.18781544,0.7860577
21,7,none,random_linear,521,95,3,3,True,0.00014908645,0.23451182,0.013495013,0.7518441
21,7,none,random_linear,522,95,2,2,True,0.13588904,0.0054625086,0.47881123,0.37983724
21,7,none,random_linear,523,95,2,2,True,0.01054808,0.035867065,0.85838836,0.09519651
21,7,none,random_linear,524,95,3,3,True,0.0039284676,0.4131496,0.032814026,0.55010784
21,7,none,random_linear,525,95,2,2,True,0.0040621944,0.14532132,0.78981155,0.06080492
21,7,none,random_linear,526,95,3,3,True,0.00019539907,0.022773175,0.0015977105,0.9754337
21,7,none,random_linear,527,95,2,3,False,0.029492017,0.14184356,0.36539662,0.4632678
21,7,none,random_linear,528,95,3,3,True,0.00032727863,0.026820468,0.0023282692,0.970524
21,7,none,random_linear,529,95,2,0,False,0.42748082,0.10245762,0.19907162,0.27099
21,7,none,random_linear,530,95,3,3,True,0.0069835535,0.016619435,0.031163478,0.9452335
21,7,none,random_linear,531,95,2,3,False,0.00046591184,0.01916826,0.028711487,0.9516543
21,7,none,random_linear,532,95,3,3,True,0.0040477607,0.21175568,0.09380984,0.6903867
21,7,none,random_linear,533,95,3,3,True,0.0002431718,0.27148128,0.3553799,0.37289563
21,7,none,random_linear,534,95,0,1,False,0.0071366145,0.7110056,0.09145261,0.19040513
21,7,none,random_linear,535,95,1,3,False,0.17215692,0.0866537,0.12827362,0.61291575
21,7,none,random_linear,536,95,1,3,False,0.0057322737,0.0068162186,0.004019155,0.98343235
21,7,none,random_linear,537,95,0,3,False,0.045714878,0.12322008,0.17353658,0.65752846
21,7,none,random_linear,538,95,0,3,False,0.036197558,0.018092487,0.036080074,0.90962994
21,7,none,random_linear,539,95,1,1,True,0.03136587,0.79040813,0.068884626,0.109341435
21,7,none,random_linear,540,95,1,3,False,0.00059898506,0.02113274,0.0018348179,0.97643346
21,7,none,random_linear,541,95,0,2,False,0.10464821,0.02213996,0.7039482,0.1692636
21,7,none,random_linear,542,95,0,1,False,0.03538287,0.66830164,0.19183221,0.10448329
21,7,none,random_linear,543,95,1,1,True,0.0008722693,0.9508476,0.0048699575,0.04341018
21,7,none,random_linear,544,95,0,3,False,0.011823464,0.1011976,0.32302892,0.56395006
21,7,none,random_linear,545,95,1,2,False,0.075488,0.042638224,0.7240422,0.15783152
21,7,none,random_linear,546,95,1,3,False,0.033458214,0.38588324,0.15470403,0.4259545
21,7,none,random_linear,547,95,0,2,False,0.0003837219,0.059806533,0.9317817,0.0080281105
21,7,none,random_linear,548,95,0,2,False,0.31124783,0.12631573,0.5184663,0.043970164
21,7,none,random_linear,549,95,2,2,True,0.0006389519,0.0257247,0.92639506,0.047241256
21,7,none,random_linear,550,95,3,1,False,0.052198302,0.48883814,0.20870225,0.25026137
21,7,none,random_linear,551,95,3,3,True,0.0094624115,0.18797222,0.020290226,0.78227514
21,7,none,random_linear,552,95,2,2,True,0.26214013,0.09352418,0.43672937,0.20760635
21,7,none,random_linear,553,95,2,3,False,0.010691419,0.07133123,0.14070454,0.7772728
21,7,none,random_linear,554,95,3,3,True,0.002879835,0.025812985,0.0048774164,0.9664297
21,7,none,random_linear,555,95,2,1,False,0.0028205502,0.7654448,0.040024307,0.19171035
21,7,none,random_linear,556,95,3,3,True,0.001012782,0.37912706,0.010000429,0.6098597
21,7,none,random_linear,557,95,2,1,False,0.028880952,0.43528393,0.3148495,0.22098567
21,7,none,random_linear,558,95,3,1,False,0.0022093912,0.74416995,0.005984739,0.24763592
21,7,none,random_linear,559,95,2,3,False,0.007857274,0.035831384,0.17553037,0.780781
21,7,none,random_linear,560,95,3,3,True,0.029696569,0.13693127,0.13291033,0.70046186
21,7,none,random_linear,561,95,3,2,False,0.0027506177,0.20837957,0.51060075,0.27826902
21,7,none,random_linear,562,95,2,2,True,0.0012884971,0.276419,0.56696856,0.15532392
21,7,none,random_linear,563,95,3,3,True,0.00034468464,0.02097814,0.02205709,0.95662004
21,7,none,random_linear,564,96,1,1,True,0.014470835,0.9734945,0.0059356084,0.006099099
21,7,none,random_linear,565,96,0,0,True,0.7392054,0.036157906,0.22301432,0.0016223852
21,7,none,random_linear,566,96,0,0,True,0.8912584,0.06051698,0.041515872,0.006708734
21,7,none,random_linear,567,96,1,1,True,0.0019562214,0.8080222,0.17246692,0.017554631
21,7,none,random_linear,568,96,1,1,True,0.00020403779,0.9920489,0.0045964886,0.0031506042
21,7,none,random_linear,569,96,0,0,True,0.4842579,0.0047528297,0.32623616,0.18475316
21,7,none,random_linear,570,96,1,1,True,0.00033257977,0.99669516,0.0026948403,0.0002774886
21,7,none,random_linear,571,96,0,0,True,0.9642825,0.00036610052,0.03219135,0.0031599894
21,7,none,random_linear,572,96,0,0,True,0.5729775,0.013411471,0.3736345,0.03997659
21,7,none,random_linear,573,96,1,1,True,0.00019287004,0.99502605,0.004625159,0.00015586786
21,7,none,random_linear,574,96,1,1,True,0.00020842411,0.98909587,0.010535279,0.00016031155
21,7,none,random_linear,575,96,0,0,True,0.75922227,0.0028149767,0.23679425,0.0011685108
21,7,none,random_linear,576,96,0,0,True,0.65361077,0.08473078,0.16690584,0.09475265
21,7,none,random_linear,577,96,1,1,True,0.0037645255,0.4493006,0.42744792,0.11948697
21,7,none,random_linear,578,96,1,1,True,0.0004463163,0.9120344,0.021719562,0.06579969
21,7,none,random_linear,579,96,3,3,True,0.0013725016,0.02955618,0.22111419,0.74795717
21,7,none,random_linear,580,96,2,2,True,0.0021466687,0.00017791297,0.9971053,0.000570068
21,7,none,random_linear,581,96,3,2,False,0.013453767,0.063542254,0.8407069,0.08229701
21,7,none,random_linear,582,96,2,2,True,0.0063064755,0.0044631907,0.94429994,0.044930477
21,7,none,random_linear,583,96,2,2,True,0.04977999,0.016251646,0.73416656,0.19980183
21,7,none,random_linear,584,96,3,2,False,0.009026204,0.0023414828,0.9548354,0.03379685
21,7,none,random_linear,585,96,3,2,False,0.06912299,0.08819694,0.6383289,0.20435116
21,7,none,random_linear,586,96,2,2,True,0.0047483817,0.004166459,0.96717083,0.023914345
21,7,none,random_linear,587,96,3,3,True,0.005281892,0.0046828385,0.14314857,0.84688663
21,7,none,random_linear,588,96,2,2,True,0.010370859,0.06519229,0.9036964,0.020740423
21,7,none,random_linear,589,96,2,2,True,0.0078049283,0.057822652,0.93364406,0.000728341
21,7,none,random_linear,590,96,3,1,False,0.20675729,0.47738215,0.13176103,0.18409951
21,7,none,random_linear,591,96,3,3,True,0.024161803,0.052966245,0.16100332,0.76186866
21,7,none,random_linear,592,96,2,2,True,0.035993744,0.05068859,0.83630514,0.07701258
21,7,none,random_linear,593,96,3,2,False,0.02777126,0.22285399,0.437288,0.31208673
21,7,none,random_linear,594,96,0,0,True,0.93526363,0.00088110985,0.059724808,0.0041304682
21,7,none,random_linear,595,96,1,2,False,0.012655349,0.014572958,0.97027314,0.002498622
21,7,none,random_linear,596,96,1,1,True,0.06423395,0.35328892,0.33729312,0.24518406
21,7,none,random_linear,597,96,0,0,True,0.95891875,0.00023561709,0.02486622,0.01597947
21,7,none,random_linear,598,96,1,1,True,0.11884689,0.73472893,0.14158913,0.0048350203
21,7,none,random_linear,599,96,0,2,False,0.18336166,0.0071335374,0.585731,0.22377376
21,7,none,random_linear,600,96,0,2,False,0.48771742,0.00035856763,0.5102047,0.0017192932
21,7,none,random_linear,601,96,1,1,True,0.002924591,0.97869474,0.016853575,0.0015270384
21,7,none,random_linear,602,96,0,0,True,0.8413114,0.022865124,0.1309796,0.004843867
21,7,none,random_linear,603,96,1,2,False,0.007626141,0.39023602,0.5992138,0.0029240812
21,7,none,random_linear,604,96,1,1,True,0.0020711054,0.6844322,0.17077397,0.14272274
21,7,none,random_linear,605,96,0,0,True,0.7347399,0.00076888135,0.22850925,0.03598192
21,7,none,random_linear,606,96,1,2,False,0.00842507,0.13441755,0.47174826,0.3854091
21,7,none,random_linear,607,96,0,2,False,0.057220075,0.0003679626,0.9075651,0.0348469
21,7,none,random_linear,608,96,0,0,True,0.5170575,0.0016547667,0.37987748,0.101410225
21,7,none,random_linear,609,96,3,3,True,0.101186305,0.02033404,0.15571915,0.72276044
21,7,none,random_linear,610,96,2,2,True,0.00018860782,0.0026576845,0.9958889,0.0012648012
21,7,none,random_linear,611,96,3,2,False,0.105103426,0.08055768,0.79170674,0.022632167
21,7,none,random_linear,612,96,2,0,False,0.77750283,0.018947102,0.1398966,0.06365346
21,7,none,random_linear,613,96,3,3,True,0.057086024,0.26094487,0.06775339,0.61421573
21,7,none,random_linear,614,96,2,2,True,0.0026950678,0.0018229176,0.9925897,0.0028922334
21,7,none,random_linear,615,96,2,2,True,0.0028978619,0.0023320578,0.9713897,0.023380343
21,7,none,random_linear,616,96,3,2,False,0.0076532285,0.002407692,0.8516877,0.13825135
21,7,none,random_linear,617,96,2,2,True,0.026648067,0.010218054,0.90135634,0.0617775
21,7,none,random_linear,618,96,3,0,False,0.61967015,0.04860383,0.22695184,0.104774185
21,7,none,random_linear,619,96,2,2,True,0.0146659585,0.009334741,0.81310195,0.16289736
21,7,none,random_linear,620,96,3,3,True,0.035409227,0.027610173,0.32075801,0.6162226
21,7,none,random_linear,621,96,2,0,False,0.64506084,0.0069255894,0.3030372,0.044976328
21,7,none,random_linear,622,96,3,3,True,0.13317037,0.031023426,0.055022653,0.7807836
21,7,none,random_linear,623,96,3,3,True,0.034996063,0.028869946,0.40038216,0.5357518
21,7,none,random_linear,624,96,1,1,True,0.0007729413,0.9681686,0.026434043,0.0046244715
21,7,none,random_linear,625,96,0,0,True,0.6739686,0.0021276511,0.2980715,0.025832197
21,7,none,random_linear,626,96,1,2,False,0.049329538,0.041368023,0.8964326,0.012869816
21,7,none,random_linear,627,96,0,1,False,0.29032594,0.41951236,0.2856845,0.0044771885
21,7,none,random_linear,628,96,1,2,False,0.008720642,0.32651466,0.6429352,0.021829443
21,7,none,random_linear,629,96,0,0,True,0.9601862,0.007227765,0.025215251,0.00737084
21,7,none,random_linear,630,96,0,0,True,0.77582866,0.00049233634,0.22338875,0.0002902861
21,7,none,random_linear,631,96,1,1,True,0.28904203,0.3499363,0.2976727,0.06334901
21,7,none,random_linear,632,96,1,1,True,0.0014736227,0.98058766,0.014855481,0.0030832172
21,7,none,random_linear,633,96,0,0,True,0.7235049,0.061821155,0.1849377,0.029736241
21,7,none,random_linear,634,96,0,0,True,0.9861617,3.0778458e-05,0.013649747,0.00015781903
21,7,none,random_linear,635,96,1,1,True,0.001827586,0.8596564,0.13441995,0.004096053
21,7,none,random_linear,636,96,1,2,False,0.0032352523,0.44961366,0.54517186,0.0019792588
21,7,none,random_linear,637,96,0,0,True,0.9838861,0.00972167,0.004417544,0.0019746807
21,7,none,random_linear,638,96,0,0,True,0.469612,0.023936009,0.33501697,0.17143498
21,7,none,random_linear,639,96,2,2,True,0.0015668704,0.021439778,0.9755864,0.0014069472
21,7,none,random_linear,640,96,3,2,False,0.007889936,0.015731761,0.9542141,0.02216419
21,7,none,random_linear,641,96,2,2,True,0.027960207,0.00727368,0.8817478,0.08301835
21,7,none,random_linear,642,96,3,2,False,0.005701359,0.013345648,0.9510837,0.029869184
21,7,none,random_linear,643,96,3,3,True,0.13319156,0.15394872,0.142513,0.5703468
21,7,none,random_linear,644,96,2,2,True,0.0031364332,0.113193914,0.8718428,0.011826789
21,7,none,random_linear,645,96,3,3,True,0.26921225,0.08007878,0.293663,0.35704598
21,7,none,random_linear,646,96,2,2,True,0.035079435,0.11020498,0.8445109,0.010204646
21,7,none,random_linear,647,96,2,2,True,0.005207969,0.009718801,0.9810415,0.004031667
21,7,none,random_linear,648,96,3,2,False,0.11206864,0.12915519,0.7265567,0.03221939
21,7,none,random_linear,649,96,2,2,True,0.036463372,0.082122326,0.6880493,0.19336495
21,7,none,random_linear,650,96,3,2,False,0.09257936,0.03908396,0.56446195,0.30387473
21,7,none,random_linear,651,96,2,2,True,0.033648673,0.07543649,0.8480916,0.042823248
21,7,none,random_linear,652,96,3,2,False,0.31842768,0.057260916,0.51622164,0.10808979
21,7,none,random_linear,653,96,3,1,False,0.011659727,0.5701693,0.29335135,0.12481952
21,7,none,random_linear,654,97,0,2,False,0.38336274,0.12697501,0.4399133,0.049748983
21,7,none,random_linear,655,97,1,1,True,0.01617475,0.93696415,0.021172633,0.025688516
21,7,none,random_linear,656,97,1,1,True,0.081317455,0.8343503,0.06016498,0.024167271
21,7,none,random_linear,657,97,0,0,True,0.794771,0.093154535,0.09524518,0.016829217
21,7,none,random_linear,658,97,0,0,True,0.97471297,0.0017031003,0.019937962,0.0036459893
21,7,none,random_linear,659,97,1,1,True,0.0016354866,0.96089166,0.018513246,0.01895967
21,7,none,random_linear,660,97,0,2,False,0.2577453,0.060953144,0.66673976,0.014561794
21,7,none,random_linear,661,97,1,1,True,0.00011284046,0.97840136,0.015957462,0.0055283573
21,7,none,random_linear,662,97,0,2,False,0.08461674,0.17750387,0.47165468,0.2662247
21,7,none,random_linear,663,97,1,1,True,0.054705173,0.73644805,0.03975716,0.1690897
21,7,none,random_linear,664,97,1,1,True,0.0016525018,0.99486023,0.00074302,0.002744192
21,7,none,random_linear,665,97,0,0,True,0.78107494,0.009803182,0.042298153,0.16682377
21,7,none,random_linear,666,97,1,2,False,0.06628656,0.10764762,0.73586035,0.090205446
21,7,none,random_linear,667,97,0,3,False,0.22152895,0.19816573,0.18924817,0.39105713
21,7,none,random_linear,668,97,0,0,True,0.6393393,0.30312824,0.032346886,0.025185503
21,7,none,random_linear,669,97,3,2,False,0.19221538,0.07273679,0.3749318,0.360116
21,7,none,random_linear,670,97,2,0,False,0.63883215,0.1830198,0.116840415,0.061307706
21,7,none,random_linear,671,97,3,3,True,0.0027352828,0.03138504,0.030161284,0.9357184
21,7,none,random_linear,672,97,2,1,False,0.0031350679,0.6040455,0.11951865,0.27330074
21,7,none,random_linear,673,97,3,1,False,0.050273128,0.5978758,0.0039588483,0.3478923
21,7,none,random_linear,674,97,2,2,True,0.051698934,0.2871722,0.45547387,0.20565498
21,7,none,random_linear,675,97,3,2,False,0.0052768756,0.15928313,0.797144,0.038295966
21,7,none,random_linear,676,97,2,1,False,0.012591502,0.8651793,0.021847885,0.10038124
21,7,none,random_linear,677,97,3,1,False,0.004881866,0.45688495,0.3932106,0.14502262
21,7,none,random_linear,678,97,2,2,True,0.054654505,0.036067557,0.8541969,0.055081025
21,7,none,random_linear,679,97,3,3,True,0.08676206,0.036146227,0.061344422,0.81574726
21,7,none,random_linear,680,97,2,3,False,0.00701009,0.012217103,0.00324421,0.97752863
21,7,none,random_linear,681,97,3,3,True,0.08889224,0.01103695,0.23226842,0.6678024
21,7,none,random_linear,682,97,2,1,False,0.003446464,0.73438513,0.096811555,0.16535687
21,7,none,random_linear,683,97,2,1,False,0.008013795,0.88919973,0.033700086,0.06908638
21,7,none,random_linear,684,97,0,1,False,0.087949075,0.38945305,0.3720663,0.15053168
21,7,none,random_linear,685,97,1,0,False,0.47888,0.27663046,0.23911938,0.0053701284
21,7,none,random_linear,686,97,1,1,True,0.004787336,0.9626784,0.020915689,0.011618497
21,7,none,random_linear,687,97,0,2,False,0.31575072,0.010655206,0.5378913,0.13570276
21,7,none,random_linear,688,97,1,2,False,0.14804831,0.31506887,0.32509878,0.21178405
21,7,none,random_linear,689,97,0,2,False,0.28417236,0.052838996,0.6163226,0.046666097
21,7,none,random_linear,690,97,1,2,False,0.009961928,0.016355434,0.6468814,0.32680127
21,7,none,random_linear,691,97,0,3,False,0.07777052,0.06935048,0.14376345,0.70911556
21,7,none,random_linear,692,97,1,1,True,0.041486714,0.53751594,0.14882272,0.27217463
21,7,none,random_linear,693,97,0,3,False,0.32982856,0.020168627,0.26884356,0.3811593
21,7,none,random_linear,694,97,0,0,True,0.8920003,0.004808746,0.09552396,0.0076669767
21,7,none,random_linear,695,97,1,1,True,0.0012869496,0.47252846,0.46723518,0.058949344
21,7,none,random_linear,696,97,0,3,False,0.07448535,0.009460056,0.021890897,0.89416367
21,7,none,random_linear,697,97,1,1,True,0.028492715,0.7406687,0.043902956,0.1869355
21,7,none,random_linear,698,97,1,3,False,0.0024537235,0.30834347,0.009908149,0.67929465
21,7,none,random_linear,699,97,3,2,False,0.003854018,0.12389271,0.47300962,0.39924368
21,7,none,random_linear,700,97,2,2,True,0.31023684,0.035682026,0.6104062,0.043674946
21,7,none,random_linear,701,97,2,2,True,0.024049943,0.20000522,0.6605517,0.11539309
21,7,none,random_linear,702,97,3,2,False,0.003290776,0.07737444,0.7799878,0.13934693
21,7,none,random_linear,703,97,3,1,False,0.11625828,0.4592234,0.35202226,0.07249593
21,7,none,random_linear,704,97,2,1,False,0.03954451,0.8274342,0.061673157,0.0713482
21,7,none,random_linear,705,97,2,2,True,0.0029608738,0.19214357,0.7143873,0.09050823
21,7,none,random_linear,706,97,3,2,False,0.07428989,0.11774899,0.61477137,0.19318978
21,7,none,random_linear,707,97,2,2,True,0.007499317,0.039943997,0.87868345,0.07387328
21,7,none,random_linear,708,97,3,3,True,0.0029879042,0.14044298,0.1645611,0.692008
21,7,none,random_linear,709,97,3,3,True,0.10612849,0.02662103,0.24690203,0.6203484
21,7,none,random_linear,710,97,2,2,True,0.013451014,0.063342884,0.5995268,0.32367933
21,7,none,random_linear,711,97,3,3,True,0.16012822,0.08785138,0.2853437,0.4666767
21,7,none,random_linear,712,97,2,2,True,0.21190563,0.00598497,0.58540505,0.19670437
21,7,none,random_linear,713,97,3,3,True,0.082321845,0.3692749,0.08846985,0.45993337
21,7,none,random_linear,714,97,1,3,False,0.038710404,0.32785904,0.20256971,0.4308608
21,7,none,random_linear,715,97,0,2,False,0.121137865,0.34291375,0.49263093,0.04331747
21,7,none,random_linear,716,97,1,1,True,0.006301015,0.7576615,0.20248762,0.03354987
21,7,none,random_linear,717,97,0,0,True,0.9401786,0.03290847,0.025174774,0.0017381995
21,7,none,random_linear,718,97,1,2,False,0.037731994,0.0860161,0.83368224,0.04256966
21,7,none,random_linear,719,97,0,0,True,0.7471046,0.028792726,0.14378,0.08032268
21,7,none,random_linear,720,97,0,0,True,0.93882746,0.003257339,0.032050706,0.025864547
21,7,none,random_linear,721,97,1,1,True,0.012384845,0.49814516,0.307478,0.18199198
21,7,none,random_linear,722,97,1,1,True,0.0032096254,0.43440998,0.24655882,0.3158216
21,7,none,random_linear,723,97,0,0,True,0.8170526,0.03685358,0.065563045,0.08053076
21,7,none,random_linear,724,97,1,1,True,0.01979011,0.8576153,0.051081557,0.07151301
21,7,none,random_linear,725,97,0,0,True,0.3371429,0.086624466,0.33062893,0.24560364
21,7,none,random_linear,726,97,0,0,True,0.96455747,0.0036728512,0.024503108,0.007266512
21,7,none,random_linear,727,97,1,2,False,0.05621317,0.10557136,0.55929375,0.27892172
21,7,none,random_linear,728,97,0,0,True,0.7785541,0.006362219,0.12380542,0.091278255
21,7,none,random_linear,729,97,3,3,True,0.22226922,0.081594,0.31511793,0.38101885
21,7,none,random_linear,730,97,2,1,False,0.0008190298,0.8570742,0.06653949,0.07556726
21,7,none,random_linear,731,97,2,2,True,0.01117057,0.036467493,0.92747283,0.024889067
21,7,none,random_linear,732,97,3,0,False,0.40886265,0.099639684,0.37901324,0.11248441
21,7,none,random_linear,733,97,2,2,True,0.04515792,0.17030974,0.62743485,0.15709753
21,7,none,random_linear,734,97,3,1,False,0.16325815,0.4389749,0.30794325,0.089823745
21,7,none,random_linear,735,97,2,1,False,0.31564686,0.33639058,0.28507137,0.06289114
21,7,none,random_linear,736,97,3,3,True,0.02326165,0.19863553,0.32913786,0.44896492
21,7,none,random_linear,737,97,3,2,False,0.05813528,0.09470077,0.43311712,0.41404682
21,7,none,random_linear,738,97,2,2,True,0.036883812,0.13168564,0.7722553,0.05917523
21,7,none,random_linear,739,97,3,3,True,0.010765566,0.042644814,0.2812955,0.6652941
21,7,none,random_linear,740,97,2,1,False,0.073778935,0.4619844,0.21920833,0.24502836
21,7,none,random_linear,741,97,2,2,True,0.07357011,0.35591,0.35807952,0.21244042
21,7,none,random_linear,742,97,3,2,False,0.07337321,0.08611805,0.60730284,0.23320584
21,7,none,random_linear,743,97,2,0,False,0.517592,0.13753599,0.2666538,0.07821815
21,7,none,random_linear,744,98,0,0,True,0.89574003,0.014581619,0.08875805,0.00092033955
21,7,none,random_linear,745,98,1,2,False,0.039692827,0.25282118,0.7025011,0.0049848147
21,7,none,random_linear,746,98,1,1,True,0.0630698,0.816631,0.11431434,0.005984885
21,7,none,random_linear,747,98,0,0,True,0.69405377,0.08204932,0.21998116,0.0039158105
21,7,none,random_linear,748,98,0,0,True,0.4867924,0.07812511,0.38353133,0.051551256
21,7,none,random_linear,749,98,1,1,True,0.04775656,0.67425144,0.2719963,0.0059957057
21,7,none,random_linear,750,98,1,1,True,0.026791345,0.93461657,0.034487866,0.004104257
21,7,none,random_linear,751,98,0,2,False,0.08510579,0.38794717,0.50968945,0.017257566
21,7,none,random_linear,752,98,1,1,True,0.07505229,0.7474613,0.17342041,0.0040659504
21,7,none,random_linear,753,98,0,2,False,0.36815307,0.100513935,0.52817917,0.003153864
21,7,none,random_linear,754,98,1,1,True,0.035957363,0.95144737,0.011311924,0.0012832638
21,7,none,random_linear,755,98,0,0,True,0.67816085,0.07679265,0.23808572,0.006960727
21,7,none,random_linear,756,98,0,2,False,0.07937568,0.25254497,0.6637859,0.0042935126
21,7,none,random_linear,757,98,1,2,False,0.0679833,0.35349426,0.4982818,0.08024054
21,7,none,random_linear,758,98,0,2,False,0.106112264,0.12759367,0.7537379,0.012556046
21,7,none,random_linear,759,98,3,3,True,0.039633892,0.010638503,0.017171774,0.9325558
21,7,none,random_linear,760,98,2,2,True,0.095813595,0.06469138,0.7493333,0.09016172
21,7,none,random_linear,761,98,3,3,True,0.030178027,0.058887236,0.1440431,0.7668916
21,7,none,random_linear,762,98,2,2,True,0.19749211,0.3849669,0.41300368,0.0045373207
21,7,none,random_linear,763,98,2,0,False,0.5436498,0.08901318,0.34499288,0.022344152
21,7,none,random_linear,764,98,3,2,False,0.014612135,0.31879723,0.38999978,0.27659082
21,7,none,random_linear,765,98,2,2,True,0.04404506,0.023154117,0.91901004,0.013790732
21,7,none,random_linear,766,98,3,2,False,0.10101078,0.23105027,0.529827,0.13811196
21,7,none,random_linear,767,98,2,2,True,0.08038912,0.0059050545,0.8688979,0.04480796
21,7,none,random_linear,768,98,3,3,True,0.061982088,0.103503905,0.070981495,0.7635325
21,7,none,random_linear,769,98,3,3,True,0.26932818,0.07834484,0.2310126,0.42131445
21,7,none,random_linear,770,98,2,2,True,0.05484886,0.02799631,0.88609415,0.031060733
21,7,none,random_linear,771,98,2,2,True,0.31784636,0.020797698,0.5036094,0.15774657
21,7,none,random_linear,772,98,3,0,False,0.6556747,0.13073985,0.120410495,0.09317492
21,7,none,random_linear,773,98,3,2,False,0.12497469,0.06749414,0.68321174,0.12431939
21,7,none,random_linear,774,98,1,1,True,0.013965796,0.87591153,0.10548946,0.0046332506
21,7,none,random_linear,775,98,0,2,False,0.33608046,0.1311683,0.51157993,0.02117125
21,7,none,random_linear,776,98,0,0,True,0.7605286,0.02626813,0.20178527,0.011417954
21,7,none,random_linear,777,98,1,2,False,0.082016245,0.3675058,0.48251432,0.06796373
21,7,none,random_linear,778,98,0,0,True,0.9283001,0.0208806,0.044079922,0.006739475
21,7,none,random_linear,779,98,1,2,False,0.05358354,0.14324646,0.7493317,0.05383827
21,7,none,random_linear,780,98,1,1,True,0.04672688,0.4921052,0.33384192,0.12732592
21,7,none,random_linear,781,98,0,0,True,0.86290574,0.00580091,0.110617235,0.02067603
21,7,none,random_linear,782,98,0,0,True,0.5665022,0.18607306,0.22682337,0.020601379
21,7,none,random_linear,783,98,1,1,True,0.10654868,0.6153819,0.23798387,0.04008552
21,7,none,random_linear,784,98,0,0,True,0.60359067,0.014730403,0.3133493,0.06832961
21,7,none,random_linear,785,98,1,1,True,0.025209334,0.7039708,0.26469678,0.0061230846
21,7,none,random_linear,786,98,1,1,True,0.03327597,0.6973651,0.12536307,0.14399588
21,7,none,random_linear,787,98,0,0,True,0.9690373,0.004929388,0.02275004,0.0032832464
21,7,none,random_linear,788,98,0,2,False,0.06654323,0.034059517,0.8695758,0.029821496
21,7,none,random_linear,789,98,3,3,True,0.15441887,0.18460935,0.23194209,0.42902967
21,7,none,random_linear,790,98,2,2,True,0.3454152,0.044900455,0.58804274,0.021641582
21,7,none,random_linear,791,98,3,2,False,0.2085673,0.0997205,0.42660096,0.26511124
21,7,none,random_linear,792,98,2,2,True,0.032149423,0.05849536,0.9079833,0.0013719077
21,7,none,random_linear,793,98,2,2,True,0.33555543,0.18051052,0.4413527,0.042581383
21,7,none,random_linear,794,98,3,3,True,0.12917307,0.18593495,0.15836813,0.5265239
21,7,none,random_linear,795,98,2,2,True,0.18995361,0.07332111,0.6950933,0.041631985
21,7,none,random_linear,796,98,3,3,True,0.07633206,0.034248102,0.042861063,0.84655875
21,7,none,random_linear,797,98,3,2,False,0.09442996,0.011462953,0.4581014,0.43600562
21,7,none,random_linear,798,98,2,2,True,0.03764126,0.059936237,0.72512585,0.17729668
21,7,none,random_linear,799,98,2,2,True,0.043795094,0.06824819,0.8799226,0.0080339825
21,7,none,random_linear,800,98,3,1,False,0.28631628,0.39557952,0.31375375,0.0043504327
21,7,none,random_linear,801,98,2,3,False,0.15272453,0.09019724,0.31758833,0.4394899
21,7,none,random_linear,802,98,3,3,True,0.0367602,0.034669343,0.1650174,0.7635531
21,7,none,random_linear,803,98,3,2,False,0.1359616,0.018624758,0.6732767,0.17213689
21,7,none,random_linear,804,98,0,2,False,0.23453856,0.08351098,0.6628212,0.019129269
21,7,none,random_linear,805,98,1,3,False,0.3558871,0.10982976,0.13367277,0.4006103
21,7,none,random_linear,806,98,1,0,False,0.3443814,0.1966363,0.2527969,0.2061854
21,7,none,random_linear,807,98,0,2,False,0.21984878,0.26612625,0.4830424,0.030982664
21,7,none,random_linear,808,98,0,1,False,0.13339911,0.82224536,0.03907962,0.0052759303
21,7,none,random_linear,809,98,1,3,False,0.21400094,0.059435688,0.089264765,0.63729864
21,7,none,random_linear,810,98,1,2,False,0.3328858,0.097315855,0.40693328,0.16286503
21,7,none,random_linear,811,98,0,0,True,0.6640005,0.020550767,0.27058274,0.04486605
21,7,none,random_linear,812,98,0,0,True,0.40247238,0.32249752,0.2406381,0.03439202
21,7,none,random_linear,813,98,1,0,False,0.98132515,0.011962913,0.004008047,0.0027038816
21,7,none,random_linear,814,98,0,2,False,0.13302036,0.2522824,0.534999,0.07969823
21,7,none,random_linear,815,98,1,0,False,0.52569467,0.20364618,0.19339728,0.07726187
21,7,none,random_linear,816,98,1,0,False,0.6565429,0.053211667,0.19398484,0.0962606
21,7,none,random_linear,817,98,0,2,False,0.046290737,0.12323603,0.80718064,0.023292571
21,7,none,random_linear,818,98,1,1,True,0.19968401,0.40176523,0.3782686,0.020282136
21,7,none,random_linear,819,98,2,0,False,0.74087924,0.050451323,0.16350463,0.045164794
21,7,none,random_linear,820,98,3,1,False,0.0035360965,0.9830199,0.011916601,0.0015274764
21,7,none,random_linear,821,98,3,1,False,0.08289269,0.43067047,0.34806702,0.13836986
21,7,none,random_linear,822,98,2,0,False,0.6378831,0.019553531,0.24307165,0.09949168
21,7,none,random_linear,823,98,2,2,True,0.3105761,0.024284633,0.51864487,0.14649433
21,7,none,random_linear,824,98,3,2,False,0.01347933,0.13660038,0.78046376,0.06945652
21,7,none,random_linear,825,98,3,2,False,0.07407674,0.023393508,0.57939535,0.3231344
21,7,none,random_linear,826,98,2,2,True,0.27812758,0.14040852,0.49913213,0.08233179
21,7,none,random_linear,827,98,3,3,True,0.10670906,0.32055536,0.17606786,0.3966677
21,7,none,random_linear,828,98,2,2,True,0.26830316,0.105841145,0.61468184,0.0111738695
21,7,none,random_linear,829,98,3,0,False,0.30838045,0.17159814,0.28168187,0.23833956
21,7,none,random_linear,830,98,2,0,False,0.39899674,0.047017775,0.2964185,0.257567
21,7,none,random_linear,831,98,3,3,True,0.09372134,0.11300449,0.39489344,0.39838076
21,7,none,random_linear,832,98,2,0,False,0.7570366,0.022206979,0.16245374,0.058302622
21,7,none,random_linear,833,98,3,1,False,0.23688726,0.736186,0.018963976,0.007962657
21,7,none,random_linear,834,99,1,2,False,0.03862082,0.3112873,0.48325956,0.16683234
21,7,none,random_linear,835,99,0,2,False,0.033164278,0.0076481765,0.95149845,0.0076891654
21,7,none,random_linear,836,99,0,0,True,0.52389455,0.078554794,0.2853422,0.1122085
21,7,none,random_linear,837,99,1,3,False,0.07152056,0.12225577,0.018374432,0.7878492
21,7,none,random_linear,838,99,0,1,False,0.049612366,0.41077766,0.34214032,0.19746962
21,7,none,random_linear,839,99,1,3,False,0.22432376,0.08159148,0.111664176,0.5824206
21,7,none,random_linear,840,99,1,2,False,0.051457245,0.14520164,0.48768204,0.31565905
21,7,none,random_linear,841,99,0,2,False,0.04008511,0.08073776,0.6695605,0.20961663
21,7,none,random_linear,842,99,0,3,False,0.16240476,0.06753305,0.20711955,0.5629427
21,7,none,random_linear,843,99,1,2,False,0.016554873,0.0032896283,0.69290715,0.28724834
21,7,none,random_linear,844,99,1,1,True,0.00053360907,0.9926085,0.006526074,0.00033175002
21,7,none,random_linear,845,99,0,2,False,0.035095446,0.0980632,0.69377995,0.17306142
21,7,none,random_linear,846,99,1,1,True,0.025154112,0.46585447,0.4138126,0.095178805
21,7,none,random_linear,847,99,0,2,False,0.22308166,0.00834203,0.60293883,0.16563755
21,7,none,random_linear,848,99,1,1,True,0.014434906,0.60678095,0.20143145,0.17735265
21,7,none,random_linear,849,99,3,2,False,0.038017385,0.35470265,0.47210655,0.13517341
21,7,none,random_linear,850,99,2,3,False,0.08806968,0.060692392,0.33775404,0.51348394
21,7,none,random_linear,851,99,3,2,False,0.06525093,0.064711906,0.75505215,0.11498497
21,7,none,random_linear,852,99,2,2,True,0.016241675,0.0043046707,0.9767244,0.0027292373
21,7,none,random_linear,853,99,3,2,False,0.12615809,0.0632492,0.7074498,0.1031429
21,7,none,random_linear,854,99,2,2,True,0.054849207,0.01157508,0.9295842,0.003991398
21,7,none,random_linear,855,99,3,2,False,0.025283666,0.23380819,0.71989584,0.021012262
21,7,none,random_linear,856,99,2,2,True,0.09537364,0.013196196,0.61538327,0.27604687
21,7,none,random_linear,857,99,2,2,True,0.15981367,0.30568424,0.3844958,0.15000625
21,7,none,random_linear,858,99,3,0,False,0.70483124,0.01070899,0.19317694,0.09128283
21,7,none,random_linear,859,99,3,2,False,0.04458706,0.036995977,0.62755835,0.29085854
21,7,none,random_linear,860,99,2,3,False,0.115952946,0.13904968,0.17272948,0.5722679
21,7,none,random_linear,861,99,2,2,True,0.17164487,0.018246248,0.7597698,0.050339065
21,7,none,random_linear,862,99,3,3,True,0.007357104,0.014893832,0.32854012,0.64920896
21,7,none,random_linear,863,99,3,3,True,0.07967881,0.08605048,0.3342543,0.50001645
21,7,none,random_linear,864,99,0,0,True,0.85369027,0.0013851732,0.12245401,0.022470506
21,7,none,random_linear,865,99,1,2,False,0.29224676,0.06766506,0.43153286,0.20855533
21,7,none,random_linear,866,99,0,3,False,0.21631879,0.15445454,0.046376538,0.5828501
21,7,none,random_linear,867,99,1,1,True,0.24607304,0.41478765,0.19142082,0.14771844
21,7,none,random_linear,868,99,1,1,True,0.0018288908,0.90504676,0.024307068,0.06881728
21,7,none,random_linear,869,99,0,0,True,0.7874554,0.005257292,0.11557299,0.09171433
21,7,none,random_linear,870,99,1,2,False,0.18718235,0.24915934,0.54859823,0.015060023
21,7,none,random_linear,871,99,0,0,True,0.4861334,0.0028602285,0.3958498,0.11515656
21,7,none,random_linear,872,99,1,2,False,0.18529281,0.22333236,0.45850316,0.13287164
21,7,none,random_linear,873,99,0,3,False,0.20310101,0.0018822597,0.05996822,0.7350486
21,7,none,random_linear,874,99,1,3,False,0.22852284,0.018068425,0.16820304,0.58520573
21,7,none,random_linear,875,99,0,2,False,0.11481381,0.013020017,0.8172738,0.05489226
21,7,none,random_linear,876,99,1,2,False,0.21314764,0.031175546,0.72335017,0.03232664
21,7,none,random_linear,877,99,0,0,True,0.384407,0.07079048,0.33336952,0.21143295
21,7,none,random_linear,878,99,0,0,True,0.98173493,0.0008401585,0.010912864,0.0065119816
21,7,none,random_linear,879,99,2,3,False,0.046456907,0.01445837,0.1612727,0.77781206
21,7,none,random_linear,880,99,3,2,False,0.007689947,0.014646745,0.87778497,0.09987831
21,7,none,random_linear,881,99,2,1,False,0.14638501,0.41361737,0.21974592,0.22025168
21,7,none,random_linear,882,99,3,2,False,0.13370569,0.040897682,0.43009508,0.39530155
21,7,none,random_linear,883,99,3,0,False,0.6556679,0.033468906,0.28945258,0.021410625
21,7,none,random_linear,884,99,2,2,True,0.42816928,0.008477573,0.55601364,0.0073395693
21,7,none,random_linear,885,99,3,2,False,0.17680134,0.020193042,0.61483526,0.1881704
21,7,none,random_linear,886,99,2,2,True,0.32385898,0.008234513,0.55489147,0.11301501
21,7,none,random_linear,887,99,2,1,False,0.07223778,0.782745,0.008865446,0.13615172
21,7,none,random_linear,888,99,3,0,False,0.6320356,0.02552009,0.04111469,0.3013296
21,7,none,random_linear,889,99,2,3,False,0.26123285,0.044538163,0.0687472,0.6254818
21,7,none,random_linear,890,99,3,2,False,0.024178581,0.043168947,0.57816726,0.3544852
21,7,none,random_linear,891,99,2,2,True,0.016847922,0.00790385,0.8232652,0.15198301
21,7,none,random_linear,892,99,3,2,False,0.028079126,0.017357918,0.55789036,0.39667264
21,7,none,random_linear,893,99,3,2,False,0.028755533,0.13726003,0.70741236,0.12657209
21,7,none,random_linear,894,99,0,2,False,0.4442795,0.007677821,0.5124419,0.035600804
21,7,none,random_linear,895,99,1,0,False,0.77925545,0.008036068,0.05726896,0.15543951
21,7,none,random_linear,896,99,0,2,False,0.09024746,0.18411967,0.5953878,0.13024506
21,7,none,random_linear,897,99,1,1,True,0.07391084,0.46262226,0.42685086,0.036616072
21,7,none,random_linear,898,99,1,1,True,0.056433752,0.7314945,0.12478936,0.087282486
21,7,none,random_linear,899,99,0,2,False,0.14053239,0.008305257,0.5338431,0.31731927
21,7,none,random_linear,900,99,0,2,False,0.014608245,0.009737999,0.96401966,0.011634065
21,7,none,random_linear,901,99,1,1,True,0.002820068,0.6063481,0.19044425,0.20038757
21,7,none,random_linear,902,99,0,2,False,0.011668806,0.07489794,0.8612876,0.05214556
21,7,none,random_linear,903,99,1,0,False,0.520121,0.17443861,0.060503103,0.24493732
21,7,none,random_linear,904,99,1,2,False,0.027705135,0.03809527,0.48117983,0.45301983
21,7,none,random_linear,905,99,0,2,False,0.023947394,0.021411577,0.8633606,0.091280445
21,7,none,random_linear,906,99,0,3,False,0.28365695,0.005026228,0.34281045,0.36850643
21,7,none,random_linear,907,99,1,2,False,0.09787792,0.09890268,0.67464775,0.12857161
21,7,none,random_linear,908,99,1,2,False,0.020448305,0.0114609385,0.87549347,0.0925973
21,7,none,random_linear,909,99,2,2,True,0.013188503,0.018963376,0.6605813,0.3072669
21,7,none,random_linear,910,99,3,1,False,0.026636954,0.670675,0.045619812,0.2570683
21,7,none,random_linear,911,99,2,2,True,0.04928272,0.11446031,0.78195524,0.05430167
21,7,none,random_linear,912,99,3,2,False,0.012381791,0.120086096,0.81435704,0.053175084
21,7,none,random_linear,913,99,3,2,False,0.03738926,0.0243249,0.87659395,0.06169179
21,7,none,random_linear,914,99,2,2,True,0.029936252,0.023556396,0.63217795,0.31432942
21,7,none,random_linear,915,99,2,3,False,0.019941524,0.046218265,0.35407174,0.5797684
21,7,none,random_linear,916,99,3,3,True,0.031223128,0.065804034,0.39354938,0.50942343
21,7,none,random_linear,917,99,3,0,False,0.6008623,0.0025279294,0.32009295,0.07651679
21,7,none,random_linear,918,99,2,0,False,0.63340497,0.004761107,0.30754963,0.054284193
21,7,none,random_linear,919,99,3,1,False,0.19778767,0.37126386,0.19079508,0.24015339
21,7,none,random_linear,920,99,2,2,True,0.040673245,0.04037056,0.85114247,0.06781367
21,7,none,random_linear,921,99,3,2,False,0.002783476,0.01740225,0.95697004,0.022844277
21,7,none,random_linear,922,99,2,2,True,0.0033116136,0.39571616,0.58315706,0.017815197
21,7,none,random_linear,923,99,3,3,True,0.0295577,0.031645335,0.16942617,0.7693708
21,7,none,random_linear,924,100,0,0,True,0.82257813,0.014734663,0.15674561,0.0059416667
21,7,none,random_linear,925,100,1,3,False,0.01906155,0.3432143,0.28164178,0.35608238
21,7,none,random_linear,926,100,1,1,True,0.008526778,0.7897145,0.07033559,0.1314231
21,7,none,random_linear,927,100,0,1,False,0.045171134,0.4360918,0.26914287,0.2495942
21,7,none,random_linear,928,100,0,0,True,0.98507994,0.0010705272,0.0045656012,0.009283896
21,7,none,random_linear,929,100,1,2,False,0.1113304,0.15915217,0.40340972,0.32610768
21,7,none,random_linear,930,100,0,0,True,0.99469095,3.6167694e-05,0.0029885299,0.0022843902
21,7,none,random_linear,931,100,1,2,False,0.013927659,0.066904224,0.48399127,0.4351769
21,7,none,random_linear,932,100,1,1,True,0.00031251513,0.9933402,0.0059786616,0.00036860557
21,7,none,random_linear,933,100,0,2,False,0.10604046,0.03302011,0.65311617,0.20782322
21,7,none,random_linear,934,100,1,1,True,0.0035317312,0.6352093,0.32379693,0.037461985
21,7,none,random_linear,935,100,0,2,False,0.19888595,0.0032665331,0.7750129,0.022834584
21,7,none,random_linear,936,100,3,3,True,0.071647294,0.020664673,0.010174108,0.897514
21,7,none,random_linear,937,100,2,2,True,0.15839091,0.020294188,0.7969093,0.024405614
21,7,none,random_linear,938,100,3,3,True,0.10801845,0.011436372,0.048559893,0.8319853
21,7,none,random_linear,939,100,2,2,True,0.050189346,0.22628565,0.6207468,0.10277827
21,7,none,random_linear,940,100,3,2,False,0.30682057,0.0054875016,0.399273,0.28841895
21,7,none,random_linear,941,100,2,2,True,0.10546656,0.032753926,0.8580543,0.0037252288
21,7,none,random_linear,942,100,3,0,False,0.31859198,0.24104063,0.19918871,0.24117866
21,7,none,random_linear,943,100,2,2,True,0.03207234,0.0054227817,0.9605554,0.0019495296
21,7,none,random_linear,944,100,3,2,False,0.08105949,0.020938246,0.8842603,0.013741888
21,7,none,random_linear,945,100,2,2,True,0.012714381,0.07264945,0.9126274,0.002008799
21,7,none,random_linear,946,100,3,1,False,0.0014236608,0.86562246,0.074398234,0.05855569
21,7,none,random_linear,947,100,2,2,True,0.15029438,0.040585116,0.7694511,0.039669458
21,7,none,random_linear,948,100,1,1,True,0.0019848368,0.9536498,0.04393452,0.0004308152
21,7,none,random_linear,949,100,0,2,False,0.3531874,0.030976778,0.5914328,0.024403043
21,7,none,random_linear,950,100,0,0,True,0.8287971,0.02022567,0.05563867,0.09533844
21,7,none,random_linear,951,100,1,2,False,0.027715208,0.29773512,0.6309567,0.043592982
21,7,none,random_linear,952,100,1,1,True,0.052935556,0.7534577,0.100810915,0.09279578
21,7,none,random_linear,953,100,0,2,False,0.06916128,0.09437207,0.7939619,0.04250481
21,7,none,random_linear,954,100,0,0,True,0.69166154,0.10242372,0.047601882,0.15831293
21,7,none,random_linear,955,100,1,1,True,0.0007644496,0.9748941,0.012318192,0.012023139
21,7,none,random_linear,956,100,1,1,True,0.017998893,0.7623163,0.0118724005,0.2078124
21,7,none,random_linear,957,100,0,1,False,0.005713181,0.63384634,0.28742242,0.07301807
21,7,none,random_linear,958,100,0,0,True,0.9248445,0.017811472,0.053216826,0.004127157
21,7,none,random_linear,959,100,1,1,True,0.0004451703,0.99299157,0.0058279536,0.00073529215
21,7,none,random_linear,960,100,3,3,True,0.08443314,0.019944187,0.1159373,0.7796853
21,7,none,random_linear,961,100,2,2,True,0.032009583,0.0021402412,0.8823277,0.08352247
21,7,none,random_linear,962,100,2,2,True,0.08721393,0.012078969,0.86758167,0.03312538
21,7,none,random_linear,963,100,3,3,True,0.05183171,0.3493281,0.0511173,0.54772294
21,7,none,random_linear,964,100,2,1,False,0.2437543,0.438565,0.30389127,0.013789394
21,7,none,random_linear,965,100,3,0,False,0.7843386,0.0028347864,0.042144038,0.17068265
21,7,none,random_linear,966,100,2,2,True,0.014511164,0.26591954,0.680955,0.038614374
21,7,none,random_linear,967,100,3,0,False,0.68738586,0.06599087,0.15302342,0.09359989
21,7,none,random_linear,968,100,2,0,False,0.41961783,0.3230274,0.25068855,0.00666613
21,7,none,random_linear,969,100,3,1,False,0.041730627,0.6532237,0.23744023,0.0676054
21,7,none,random_linear,970,100,2,0,False,0.34841874,0.1683812,0.30727053,0.17592946
21,7,none,random_linear,971,100,3,1,False,0.22652957,0.35242897,0.16172361,0.25931782
21,7,none,random_linear,972,100,1,1,True,0.0026415184,0.9474281,0.016534252,0.033396125
21,7,none,random_linear,973,100,0,0,True,0.8292192,0.038697038,0.08446254,0.047621198
21,7,none,random_linear,974,100,0,2,False,0.0017563214,0.008889292,0.8782286,0.111125745
21,7,none,random_linear,975,100,1,2,False,0.09781745,0.017618155,0.85747266,0.027091708
21,7,none,random_linear,976,100,1,1,True,0.00028446704,0.98569334,0.013657401,0.00036480965
21,7,none,random_linear,977,100,0,0,True,0.9945425,0.00018226384,0.0048863096,0.00038895267
21,7,none,random_linear,978,100,0,0,True,0.57863,0.0119256135,0.36581755,0.04362684
21,7,none,random_linear,979,100,1,1,True,0.072843775,0.79139775,0.01705576,0.118702695
21,7,none,random_linear,980,100,1,2,False,0.0040149726,0.35963288,0.5627282,0.07362399
21,7,none,random_linear,981,100,0,0,True,0.70918214,0.016928319,0.26906466,0.004824828
21,7,none,random_linear,982,100,0,0,True,0.513823,0.08729719,0.2800333,0.118846595
21,7,none,random_linear,983,100,1,1,True,0.0150924465,0.7932183,0.16446641,0.027222812
21,7,none,random_linear,984,100,2,2,True,0.05369661,0.064041555,0.8072478,0.0750139
21,7,none,random_linear,985,100,3,2,False,0.0072039394,0.03244369,0.55601674,0.4043356
21,7,none,random_linear,986,100,2,3,False,0.13237755,0.13961296,0.25232336,0.47568607
21,7,none,random_linear,987,100,3,3,True,0.0046790424,0.39378065,0.11698428,0.484556
21,7,none,random_linear,988,100,3,1,False,0.025719436,0.8645341,0.03130648,0.07843995
21,7,none,random_linear,989,100,2,2,True,0.4263416,0.14189011,0.43044737,0.001320858
21,7,none,random_linear,990,100,2,2,True,0.04283324,0.20499165,0.70776093,0.044414178
21,7,none,random_linear,991,100,3,2,False,0.015827963,0.08280364,0.7881591,0.11320932
21,7,none,random_linear,992,100,3,3,True,0.0022263583,0.29992977,0.10154549,0.5962984
21,7,none,random_linear,993,100,2,2,True,0.082258604,0.08617109,0.64774436,0.18382595
21,7,none,random_linear,994,100,2,2,True,0.038269322,0.044861767,0.7118845,0.20498438
21,7,none,random_linear,995,100,3,3,True,0.00084900437,0.014622395,0.10612151,0.87840706
21,7,none,random_linear,996,101,0,0,True,0.587842,0.049800288,0.3324227,0.029935
21,7,none,random_linear,997,101,1,1,True,0.00016039087,0.9905408,0.0057998532,0.0034990367
21,7,none,random_linear,998,101,1,1,True,0.14314015,0.78887016,0.04218869,0.025801035
21,7,none,random_linear,999,101,0,0,True,0.9987846,0.0009010093,0.000121684236,0.00019271362
21,7,none,random_linear,1000,101,1,1,True,0.00040764196,0.99864775,0.0006258464,0.00031878465
21,7,none,random_linear,1001,101,0,0,True,0.99985325,0.000110482884,2.901041e-05,7.213409e-06
21,7,none,random_linear,1002,101,1,1,True,0.00016102612,0.999468,1.9665136e-05,0.00035120928
21,7,none,random_linear,1003,101,0,0,True,0.9997795,0.00011706052,7.929161e-05,2.4237754e-05
21,7,none,random_linear,1004,101,1,1,True,0.0004234653,0.9991372,0.00011133835,0.00032803242
21,7,none,random_linear,1005,101,0,0,True,0.99895203,0.000895374,0.0001351685,1.7391296e-05
21,7,none,random_linear,1006,101,0,0,True,0.99930704,0.00016241311,0.00051081163,1.9745157e-05
21,7,none,random_linear,1007,101,1,1,True,0.0003770271,0.9968497,0.0017209683,0.0010522892
21,7,none,random_linear,1008,101,1,1,True,0.00022860743,0.9931056,0.0053287777,0.0013370623
21,7,none,random_linear,1009,101,0,0,True,0.9942562,6.237932e-05,0.0043368572,0.0013446558
21,7,none,random_linear,1010,101,0,0,True,0.99790287,0.000452254,0.0013346163,0.00031026514
21,7,none,random_linear,1011,101,2,1,False,0.067155704,0.74123424,0.19105113,0.00055884896
21,7,none,random_linear,1012,101,3,1,False,0.0812117,0.8674389,0.03776014,0.013589247
21,7,none,random_linear,1013,101,2,2,True,0.46246952,0.019658031,0.4767216,0.041150954
21,7,none,random_linear,1014,101,3,3,True,0.25544634,0.29236344,0.04555874,0.40663144
21,7,none,random_linear,1015,101,3,2,False,0.044391945,0.13036755,0.68478674,0.14045382
21,7,none,random_linear,1016,101,2,2,True,0.14815304,0.12698153,0.70527565,0.019589715
21,7,none,random_linear,1017,101,2,2,True,0.010431485,0.43501475,0.5491513,0.005402465
21,7,none,random_linear,1018,101,3,1,False,0.08687365,0.43962657,0.06438622,0.40911365
21,7,none,random_linear,1019,101,2,1,False,0.048637412,0.7804483,0.16750343,0.0034108497
21,7,none,random_linear,1020,101,3,3,True,0.16746573,0.3337827,0.054947935,0.44380364
21,7,none,random_linear,1021,101,3,3,True,0.043916285,0.25423276,0.19921306,0.5026379
21,7,none,random_linear,1022,101,2,1,False,0.06924517,0.92073214,0.008683347,0.0013393563
21,7,none,random_linear,1023,101,2,0,False,0.8075774,0.05391445,0.13802624,0.0004819556
21,7,none,random_linear,1024,101,3,3,True,0.05016775,0.114976786,0.007958584,0.82689685
21,7,none,random_linear,1025,101,2,0,False,0.5146798,0.20512772,0.27384716,0.0063453205
21,7,none,random_linear,1026,101,1,1,True,0.0054781386,0.9351095,0.055326562,0.0040858686
21,7,none,random_linear,1027,101,0,0,True,0.9990113,0.00029867917,0.0006585273,3.1395284e-05
21,7,none,random_linear,1028,101,0,0,True,0.9936801,0.004258163,0.0018702488,0.0001913765
21,7,none,random_linear,1029,101,1,1,True,0.19205698,0.7723518,0.022638546,0.012952726
21,7,none,random_linear,1030,101,1,1,True,7.7572346e-05,0.9990312,0.00077754626,0.00011377414
21,7,none,random_linear,1031,101,0,0,True,0.9977387,0.00020959711,0.0020371326,1.4644431e-05
21,7,none,random_linear,1032,101,0,0,True,0.9990005,0.00074661046,0.00017069452,8.2286104e-05
21,7,none,random_linear,1033,101,1,1,True,0.0003364535,0.99782383,0.0017817463,5.7893863e-05
21,7,none,random_linear,1034,101,1,1,True,0.006613757,0.99237496,0.00070235546,0.00030892948
21,7,none,random_linear,1035,101,0,0,True,0.99946696,6.133138e-05,0.00028606283,0.00018565886
21,7,none,random_linear,1036,101,1,1,True,0.006694135,0.9894866,0.002859613,0.0009596933
21,7,none,random_linear,1037,101,0,0,True,0.9996983,0.00023734328,5.737522e-05,6.9793464e-06
21,7,none,random_linear,1038,101,1,1,True,0.0026701605,0.99688596,0.00033821948,0.000105682455
21,7,none,random_linear,1039,101,0,0,True,0.9263395,0.017278694,0.013922363,0.042459495
21,7,none,random_linear,1040,101,1,1,True,0.18479766,0.54186934,0.23809008,0.035242926
21,7,none,random_linear,1041,101,2,2,True,0.3661694,0.13815127,0.4937143,0.0019650126
21,7,none,random_linear,1042,101,3,2,False,0.3157226,0.13929845,0.46565953,0.07931938
21,7,none,random_linear,1043,101,2,1,False,0.018275682,0.9095426,0.06996604,0.0022156017
21,7,none,random_linear,1044,101,3,3,True,0.22700092,0.22211793,0.008723878,0.5421573
21,7,none,random_linear,1045,101,3,0,False,0.49762306,0.10448663,0.0953592,0.30253112
21,7,none,random_linear,1046,101,2,1,False,0.04098299,0.75672376,0.18510908,0.017184135
21,7,none,random_linear,1047,101,2,2,True,0.26965693,0.12535903,0.60043406,0.0045499965
21,7,none,random_linear,1048,101,3,1,False,0.28630096,0.64705867,0.0055321744,0.06110823
21,7,none,random_linear,1049,101,3,3,True,0.25836304,0.020758096,0.025776481,0.6951024
21,7,none,random_linear,1050,101,2,1,False,0.34101063,0.4748403,0.13558728,0.048561748
21,7,none,random_linear,1051,101,2,2,True,0.03221276,0.02908582,0.9375775,0.0011239412
21,7,none,random_linear,1052,101,3,0,False,0.44143635,0.34817272,0.017863814,0.19252715
21,7,none,random_linear,1053,101,2,0,False,0.8579861,0.01680508,0.11234102,0.012867815
21,7,none,random_linear,1054,101,3,0,False,0.6972729,0.018406253,0.044088233,0.24023257
21,7,none,random_linear,1055,101,2,1,False,0.17040418,0.6868222,0.117681384,0.02509214
21,7,none,random_linear,1056,101,0,0,True,0.9992508,0.00015278936,0.00056391186,3.238973e-05
21,7,none,random_linear,1057,101,1,1,True,0.013790474,0.947909,0.036013875,0.0022866807
21,7,none,random_linear,1058,101,0,0,True,0.9989371,0.0005004607,0.00053709495,2.5316454e-05
21,7,none,random_linear,1059,101,1,1,True,0.035529926,0.9270012,0.005952393,0.031516563
21,7,none,random_linear,1060,101,1,1,True,0.005500455,0.9575693,0.0038588585,0.03307131
21,7,none,random_linear,1061,101,0,0,True,0.9939604,0.0018522716,0.0019692234,0.0022181931
21,7,none,random_linear,1062,101,1,1,True,0.00010255536,0.9998592,1.6096423e-05,2.2178812e-05
21,7,none,random_linear,1063,101,0,0,True,0.99969375,0.00022091965,7.5473064e-05,9.8622195e-06
21,7,none,random_linear,1064,101,1,1,True,0.00046977072,0.9928289,0.0051042396,0.0015970621
21,7,none,random_linear,1065,101,0,0,True,0.9976035,0.00062923005,0.0011219122,0.00064541236
21,7,none,random_linear,1066,101,1,1,True,0.0010562469,0.99323446,0.0019381341,0.0037711693
21,7,none,random_linear,1067,101,0,0,True,0.9997049,5.718773e-05,0.00015257217,8.5347645e-05
21,7,none,random_linear,1068,101,0,0,True,0.9254693,0.031529535,0.0423592,0.000641995
21,7,none,random_linear,1069,101,1,1,True,0.0014809303,0.99671894,0.00044908226,0.001351005
21,7,none,random_linear,1070,101,1,1,True,0.0010268206,0.9772296,0.02099322,0.0007504997
21,7,none,random_linear,1071,101,3,3,True,0.016522044,0.031942956,0.01004559,0.94148946
21,7,none,random_linear,1072,101,2,2,True,0.020722648,0.01512588,0.9583283,0.005823119
21,7,none,random_linear,1073,101,3,0,False,0.6607677,0.12324338,0.06579527,0.15019374
21,7,none,random_linear,1074,101,2,2,True,0.2979704,0.03058093,0.63545716,0.035991553
21,7,none,random_linear,1075,101,2,2,True,0.1691877,0.3725161,0.44839358,0.009902653
21,7,none,random_linear,1076,101,3,0,False,0.5619903,0.250659,0.03349061,0.15386012
21,7,none,random_linear,1077,101,3,0,False,0.6451487,0.029431729,0.015719652,0.3096999
21,7,none,random_linear,1078,101,2,3,False,0.1370001,0.08982183,0.040675167,0.73250294
21,7,none,random_linear,1079,101,2,2,True,0.015403928,0.004790273,0.97864586,0.0011598571
21,7,none,random_linear,1080,101,3,3,True,0.22675815,0.068726756,0.048103414,0.6564117
21,7,none,random_linear,1081,101,3,3,True,0.09982893,0.07116629,0.12428531,0.7047194
21,7,none,random_linear,1082,101,2,3,False,0.1854775,0.2574979,0.21779348,0.33923113
21,7,none,random_linear,1083,101,3,3,True,0.21334074,0.22075686,0.062353477,0.5035489
21,7,none,random_linear,1084,101,2,1,False,0.027179979,0.6261404,0.23175098,0.11492858
21,7,none,random_linear,1085,101,2,1,False,0.031292163,0.56375325,0.38592395,0.01903062
21,7,none,random_linear,1086,102,1,1,True,0.0009841492,0.99016166,0.0069206506,0.0019335969
21,7,none,random_linear,1087,102,0,0,True,0.8490048,0.03914852,0.09780539,0.014041262
21,7,none,random_linear,1088,102,1,1,True,0.0046468982,0.75964266,0.2258646,0.009845869
21,7,none,random_linear,1089,102,0,0,True,0.9879929,0.0038311214,0.004749752,0.003426233
21,7,none,random_linear,1090,102,1,1,True,0.045090687,0.56656814,0.3837254,0.00461573
21,7,none,random_linear,1091,102,0,0,True,0.7062428,0.04100146,0.21636945,0.036386285
21,7,none,random_linear,1092,102,0,0,True,0.9888359,0.0012011394,0.009450117,0.00051289337
21,7,none,random_linear,1093,102,1,0,False,0.4419636,0.18157776,0.28581762,0.09064097
21,7,none,random_linear,1094,102,0,0,True,0.75269216,0.044005185,0.17037779,0.03292489
21,7,none,random_linear,1095,102,1,2,False,0.05022553,0.20800501,0.738087,0.0036824136
21,7,none,random_linear,1096,102,0,0,True,0.76639307,0.017248653,0.17336267,0.042995628
21,7,none,random_linear,1097,102,1,2,False,0.018989185,0.3543278,0.620905,0.0057779304
21,7,none,random_linear,1098,102,0,0,True,0.49026632,0.20523617,0.19371435,0.11078322
21,7,none,random_linear,1099,102,1,2,False,0.09530216,0.114103265,0.7803023,0.0102922665
21,7,none,random_linear,1100,102,1,1,True,0.0038947926,0.98992634,0.0060071964,0.0001716883
21,7,none,random_linear,1101,102,2,2,True,0.13695596,0.311817,0.5038122,0.047414824
21,7,none,random_linear,1102,102,3,3,True,0.16589579,0.18976982,0.27016622,0.3741682
21,7,none,random_linear,1103,102,2,2,True,0.15481235,0.32192716,0.48635054,0.036910016
21,7,none,random_linear,1104,102,3,2,False,0.2740501,0.23611796,0.34579474,0.14403725
21,7,none,random_linear,1105,102,2,0,False,0.5865394,0.027032923,0.3780734,0.00835436
21,7,none,random_linear,1106,102,3,2,False,0.14724642,0.19152784,0.39962572,0.2616
21,7,none,random_linear,1107,102,2,2,True,0.15628146,0.03667758,0.77820915,0.028831782
21,7,none,random_linear,1108,102,3,3,True,0.21251981,0.10626773,0.30943862,0.3717739
21,7,none,random_linear,1109,102,3,3,True,0.34407926,0.060015928,0.16180885,0.43409595
21,7,none,random_linear,1110,102,2,2,True,0.06608974,0.034962226,0.89591634,0.0030316522
21,7,none,random_linear,1111,102,3,2,False,0.019259464,0.18170455,0.7328446,0.06619143
21,7,none,random_linear,1112,102,2,2,True,0.2742039,0.021225324,0.6080931,0.0964777
21,7,none,random_linear,1113,102,2,2,True,0.08276896,0.09327526,0.8119377,0.0120180715
21,7,none,random_linear,1114,102,3,0,False,0.6455827,0.05519984,0.22930068,0.06991681
21,7,none,random_linear,1115,102,2,2,True,0.059847765,0.17988132,0.6630498,0.09722113
21,7,none,random_linear,1116,102,1,1,True,0.0010751068,0.9852131,0.013464146,0.00024761874
21,7,none,random_linear,1117,102,0,0,True,0.36563978,0.2268679,0.25333673,0.15415557
21,7,none,random_linear,1118,102,1,1,True,0.023599008,0.64766824,0.23360053,0.09513227
21,7,none,random_linear,1119,102,0,0,True,0.71477157,0.02682997,0.22127298,0.037125472
21,7,none,random_linear,1120,102,0,0,True,0.9223947,0.039734066,0.03340109,0.004470176
21,7,none,random_linear,1121,102,1,2,False,0.02336482,0.15230635,0.8152178,0.009111018
21,7,none,random_linear,1122,102,0,1,False,0.24601032,0.36167976,0.31837645,0.07393347
21,7,none,random_linear,1123,102,1,2,False,0.089016415,0.3290534,0.54688996,0.03504018
21,7,none,random_linear,1124,102,0,2,False,0.45182133,0.026464136,0.50750417,0.01421039
21,7,none,random_linear,1125,102,1,2,False,0.20069717,0.1974353,0.53185904,0.07000854
21,7,none,random_linear,1126,102,1,1,True,0.0011767972,0.9928276,0.0037431794,0.0022524358
21,7,none,random_linear,1127,102,0,2,False,0.24647886,0.09115848,0.49512303,0.1672396
21,7,none,random_linear,1128,102,1,1,True,0.00048237565,0.99634176,0.0028953238,0.00028049597
21,7,none,random_linear,1129,102,0,2,False,0.24840994,0.14517744,0.39884514,0.20756744
21,7,none,random_linear,1130,102,1,2,False,0.18727772,0.304072,0.40985402,0.098796286
21,7,none,random_linear,1131,102,2,2,True,0.016252909,0.040071588,0.9404925,0.00318312
21,7,none,random_linear,1132,102,3,2,False,0.027918348,0.28141087,0.5203687,0.17030211
21,7,none,random_linear,1133,102,3,2,False,0.03798379,0.073677406,0.5909944,0.2973444
21,7,none,random_linear,1134,102,2,2,True,0.034607854,0.041818935,0.91707724,0.0064960807
21,7,none,random_linear,1135,102,2,1,False,0.06593151,0.4806101,0.3885281,0.064930215
21,7,none,random_linear,1136,102,3,2,False,0.05055525,0.04442294,0.84102166,0.064000145
21,7,none,random_linear,1137,102,3,2,False,0.09993278,0.1098897,0.64674217,0.14343536
21,7,none,random_linear,1138,102,2,2,True,0.0063676103,0.1123734,0.87579036,0.0054687453
21,7,none,random_linear,1139,102,2,2,True,0.06515181,0.049580563,0.8621379,0.023129648
21,7,none,random_linear,1140,102,3,2,False,0.3649836,0.09664604,0.386909,0.15146136
21,7,none,random_linear,1141,102,2,2,True,0.01408466,0.09328216,0.6652718,0.22736132
21,7,none,random_linear,1142,102,3,3,True,0.026255423,0.2708368,0.24893475,0.45397308
21,7,none,random_linear,1143,102,3,2,False,0.08238445,0.010756571,0.7746678,0.13219118
21,7,none,random_linear,1144,102,2,2,True,0.2122633,0.12055855,0.5608165,0.10636163
21,7,none,random_linear,1145,102,2,2,True,0.0169067,0.19454381,0.7728741,0.015675377
21,7,none,random_linear,1146,102,0,2,False,0.2846967,0.042157073,0.6392865,0.033859756
21,7,none,random_linear,1147,102,1,1,True,0.0017536584,0.9853381,0.01159051,0.0013177122
21,7,none,random_linear,1148,102,0,2,False,0.05049654,0.023183249,0.88568425,0.040635917
21,7,none,random_linear,1149,102,1,1,True,0.0062751775,0.96874446,0.01932323,0.0056571607
21,7,none,random_linear,1150,102,1,2,False,0.023652386,0.11557454,0.8526747,0.008098261
21,7,none,random_linear,1151,102,0,2,False,0.24591868,0.15309876,0.5701907,0.030791817
21,7,none,random_linear,1152,102,0,2,False,0.07256356,0.041802537,0.87991714,0.005716847
21,7,none,random_linear,1153,102,1,1,True,0.041164853,0.6876291,0.21119124,0.06001481
21,7,none,random_linear,1154,102,0,2,False,0.22718336,0.16455345,0.58704,0.02122318
21,7,none,random_linear,1155,102,1,2,False,0.20077237,0.10056945,0.5689205,0.12973768
21,7,none,random_linear,1156,102,1,1,True,0.0043252883,0.84457433,0.10239625,0.04870416
21,7,none,random_linear,1157,102,0,1,False,0.17062862,0.32485753,0.28811526,0.21639858
21,7,none,random_linear,1158,102,1,1,True,0.27111405,0.3667585,0.29683757,0.065289885
21,7,none,random_linear,1159,102,0,0,True,0.55948865,0.040812403,0.3395024,0.060196575
21,7,none,random_linear,1160,102,0,0,True,0.91424763,0.008465648,0.03477055,0.042516142
21,7,none,random_linear,1161,102,2,2,True,0.012025009,0.038142316,0.9466682,0.0031645275
21,7,none,random_linear,1162,102,3,3,True,0.07311627,0.09467634,0.2670401,0.5651673
21,7,none,random_linear,1163,102,3,3,True,0.050474707,0.15046926,0.10755271,0.69150335
21,7,none,random_linear,1164,102,2,2,True,0.17081606,0.26177517,0.49432963,0.07307917
21,7,none,random_linear,1165,102,2,2,True,0.011133461,0.0319471,0.82474333,0.13217604
21,7,none,random_linear,1166,102,3,0,False,0.7228978,0.0074473233,0.07309491,0.19655992
21,7,none,random_linear,1167,102,2,2,True,0.15637754,0.018577393,0.7985501,0.026494907
21,7,none,random_linear,1168,102,3,3,True,0.28304714,0.0729684,0.31317088,0.3308136
21,7,none,random_linear,1169,102,2,2,True,0.09058662,0.121626355,0.56360507,0.22418194
21,7,none,random_linear,1170,102,3,2,False,0.08332904,0.07820312,0.6924397,0.14602825
21,7,none,random_linear,1171,102,2,1,False,0.025474964,0.5734499,0.32241794,0.078657255
21,7,none,random_linear,1172,102,3,3,True,0.043396704,0.015404048,0.29150957,0.64968973
21,7,none,random_linear,1173,102,2,2,True,0.10790864,0.3008909,0.56035143,0.030849101
21,7,none,random_linear,1174,102,3,2,False,0.103961706,0.04136651,0.68139595,0.17327581
21,7,none,random_linear,1175,102,3,3,True,0.11284522,0.19349152,0.11748118,0.57618207
21,7,none,random_linear,1176,103,0,0,True,0.45302966,0.020526448,0.16128248,0.36516142
21,7,none,random_linear,1177,103,1,1,True,0.0037500942,0.63923156,0.31260213,0.044416193
21,7,none,random_linear,1178,103,1,1,True,0.009100192,0.5144383,0.41339433,0.06306725
21,7,none,random_linear,1179,103,0,1,False,0.0067049004,0.80229324,0.06315432,0.12784758
21,7,none,random_linear,1180,103,1,1,True,0.0680601,0.7140798,0.10443605,0.113424085
21,7,none,random_linear,1181,103,0,3,False,0.19837585,0.09721198,0.027703932,0.6767082
21,7,none,random_linear,1182,103,0,0,True,0.9891612,0.00029183453,0.00733638,0.0032106698
21,7,none,random_linear,1183,103,1,1,True,0.0028590837,0.9477611,0.045768883,0.0036108564
21,7,none,random_linear,1184,103,0,0,True,0.5566335,0.07459757,0.3455009,0.023268154
21,7,none,random_linear,1185,103,1,2,False,0.049026586,0.45660818,0.47507617,0.019289188
21,7,none,random_linear,1186,103,0,0,True,0.65797234,0.065723136,0.27160817,0.004696302
21,7,none,random_linear,1187,103,1,0,False,0.50418246,0.099808864,0.34804052,0.047968134
21,7,none,random_linear,1188,103,1,1,True,0.0041708,0.70777035,0.2638741,0.024184735
21,7,none,random_linear,1189,103,0,2,False,0.24365099,0.090997964,0.66071385,0.0046371473
21,7,none,random_linear,1190,103,1,3,False,0.019341458,0.32247296,0.2510489,0.40713674
21,7,none,random_linear,1191,103,3,2,False,0.0049917055,0.059493415,0.7694513,0.16606359
21,7,none,random_linear,1192,103,2,2,True,0.021621224,0.0020018625,0.9722425,0.004134482
21,7,none,random_linear,1193,103,2,2,True,0.024981288,0.02114841,0.9251599,0.028710406
21,7,none,random_linear,1194,103,3,0,False,0.4639394,0.056423888,0.11866648,0.36097026
21,7,none,random_linear,1195,103,2,3,False,0.24152477,0.19510789,0.11194948,0.45141786
21,7,none,random_linear,1196,103,3,2,False,0.29452083,0.07610913,0.43773347,0.19163653
21,7,none,random_linear,1197,103,3,2,False,0.15897496,0.01669861,0.5695265,0.25479993
21,7,none,random_linear,1198,103,2,2,True,0.01592466,0.0038959703,0.9785619,0.0016175623
21,7,none,random_linear,1199,103,2,2,True,0.1717637,0.11318964,0.7129882,0.0020584702
21,7,none,random_linear,1200,103,3,1,False,0.15154098,0.48077023,0.02456039,0.34312835
21,7,none,random_linear,1201,103,3,2,False,0.062091433,0.15839098,0.54421467,0.23530285
21,7,none,random_linear,1202,103,2,2,True,0.005090066,0.003541451,0.9911041,0.00026443508
21,7,none,random_linear,1203,103,3,3,True,0.22884776,0.112950556,0.28146783,0.37673384
21,7,none,random_linear,1204,103,2,1,False,0.10753215,0.6847851,0.19511561,0.012567217
21,7,none,random_linear,1205,103,2,1,False,0.023794442,0.6802288,0.19477642,0.1012003
21,7,none,random_linear,1206,103,1,2,False,0.017211506,0.02645211,0.9553417,0.0009946618
21,7,none,random_linear,1207,103,0,3,False,0.12744294,0.025644705,0.25600904,0.5909033
21,7,none,random_linear,1208,103,1,1,True,0.0026001765,0.53767323,0.45471042,0.005016098
21,7,none,random_linear,1209,103,0,0,True,0.6571023,0.032891143,0.2368569,0.07314964
21,7,none,random_linear,1210,103,0,0,True,0.9682818,0.0022134585,0.012065435,0.017439183
21,7,none,random_linear,1211,103,1,3,False,0.007158396,0.34921566,0.18111083,0.46251506
21,7,none,random_linear,1212,103,1,3,False,0.019946374,0.20142257,0.06605157,0.7125795
21,7,none,random_linear,1213,103,0,0,True,0.72708607,0.15927817,0.08652654,0.027109182
21,7,none,random_linear,1214,103,0,0,True,0.42832866,0.15432131,0.4133938,0.003956144
21,7,none,random_linear,1215,103,1,2,False,0.41734248,0.014348893,0.5085023,0.059806276
21,7,none,random_linear,1216,103,1,1,True,0.0020162987,0.9834488,0.010896981,0.003637791
21,7,none,random_linear,1217,103,0,0,True,0.90762955,0.0114169065,0.065005295,0.01594822
21,7,none,random_linear,1218,103,0,2,False,0.39035103,0.00793958,0.59988683,0.001822535
21,7,none,random_linear,1219,103,1,2,False,0.0742901,0.16863045,0.75474936,0.002330113
21,7,none,random_linear,1220,103,0,0,True,0.5607121,0.011477519,0.4214371,0.0063732653
21,7,none,random_linear,1221,103,2,2,True,0.012712033,0.017591283,0.96210116,0.007595522
21,7,none,random_linear,1222,103,3,2,False,0.0017107198,0.002299198,0.9389195,0.05707058
21,7,none,random_linear,1223,103,2,2,True,0.012152445,0.25966468,0.7257093,0.0024735841
21,7,none,random_linear,1224,103,3,2,False,0.043256145,0.012205967,0.8253569,0.11918103
21,7,none,random_linear,1225,103,3,3,True,0.06466025,0.01898028,0.041632656,0.8747268
21,7,none,random_linear,1226,103,2,2,True,0.13753395,0.032658312,0.6824604,0.14734732
21,7,none,random_linear,1227,103,3,2,False,0.10241713,0.084165074,0.56215,0.2512678
21,7,none,random_linear,1228,103,2,2,True,0.105331436,0.08294628,0.6562863,0.15543592
21,7,none,random_linear,1229,103,3,3,True,0.062621966,0.014622335,0.015202981,0.9075527
21,7,none,random_linear,1230,103,2,2,True,0.049204778,0.016492167,0.8711383,0.06316482
21,7,none,random_linear,1231,103,2,2,True,0.03556969,0.087512836,0.8695626,0.0073548616
21,7,none,random_linear,1232,103,3,2,False,0.055572655,0.20673719,0.6283955,0.109294586
21,7,none,random_linear,1233,103,3,2,False,0.10138167,0.20751144,0.48514578,0.20596112
21,7,none,random_linear,1234,103,2,2,True,0.053912953,0.069019265,0.855094,0.021973796
21,7,none,random_linear,1235,103,3,2,False,0.009035091,0.05372607,0.6511482,0.28609064
21,7,none,random_linear,1236,103,1,1,True,0.012724636,0.86957777,0.09147322,0.026224313
21,7,none,random_linear,1237,103,0,2,False,0.25253496,0.0041969907,0.6848202,0.05844785
21,7,none,random_linear,1238,103,0,0,True,0.8488193,0.010592457,0.05777489,0.082813285
21,7,none,random_linear,1239,103,1,2,False,0.017183868,0.08658289,0.84706,0.04917325
21,7,none,random_linear,1240,103,1,1,True,0.0061045466,0.68390965,0.05717892,0.2528069
21,7,none,random_linear,1241,103,0,2,False,0.10864942,0.0072924695,0.81018555,0.07387255
21,7,none,random_linear,1242,103,1,1,True,0.0022360384,0.8549276,0.012072806,0.13076358
21,7,none,random_linear,1243,103,0,0,True,0.5008186,0.0020708803,0.49334586,0.0037645544
21,7,none,random_linear,1244,103,0,0,True,0.5669896,0.01850796,0.30071226,0.11379019
21,7,none,random_linear,1245,103,1,1,True,0.018319879,0.5242545,0.2225544,0.2348712
21,7,none,random_linear,1246,103,0,0,True,0.56119955,0.010418554,0.4148763,0.013505536
21,7,none,random_linear,1247,103,1,2,False,0.23144287,0.13987719,0.48212442,0.14655551
21,7,none,random_linear,1248,103,1,1,True,0.032715242,0.6259795,0.33257586,0.0087294495
21,7,none,random_linear,1249,103,0,0,True,0.96649116,0.0020011794,0.02870409,0.0028035373
21,7,none,random_linear,1250,103,1,1,True,0.107560456,0.5649143,0.048278157,0.27924713
21,7,none,random_linear,1251,103,3,3,True,0.006426435,0.013411096,0.036831237,0.94333124
21,7,none,random_linear,1252,103,2,1,False,0.0071046194,0.56684554,0.3865104,0.039539386
21,7,none,random_linear,1253,103,3,3,True,0.15044028,0.20480981,0.13841464,0.50633526
21,7,none,random_linear,1254,103,2,0,False,0.3530986,0.1341127,0.27289462,0.23989406
21,7,none,random_linear,1255,103,2,2,True,0.032031026,0.11625017,0.8257528,0.025966024
21,7,none,random_linear,1256,103,3,2,False,0.1640688,0.21053377,0.31291902,0.3124784
21,7,none,random_linear,1257,103,2,1,False,0.1373054,0.6066562,0.0824493,0.17358908
21,7,none,random_linear,1258,103,3,1,False,0.21475215,0.6271444,0.06176994,0.09633353
21,7,none,random_linear,1259,103,2,2,True,0.016374025,0.0056637623,0.97588265,0.0020796144
21,7,none,random_linear,1260,103,3,2,False,0.060308605,0.16411068,0.5955156,0.18006507
21,7,none,random_linear,1261,103,3,3,True,0.01590043,0.28327027,0.15733212,0.54349715
21,7,none,random_linear,1262,103,2,2,True,0.0023482738,0.06370737,0.93063384,0.0033104825
21,7,none,random_linear,1263,103,2,2,True,0.024366183,0.015806815,0.9576563,0.0021706251
21,7,none,random_linear,1264,103,3,3,True,0.07765126,0.040161386,0.01344075,0.8687466
21,7,none,random_linear,1265,103,3,3,True,0.0010352437,0.11674694,0.029946731,0.85227114
21,7,none,random_linear,1266,104,0,1,False,0.28541443,0.57357067,0.0879388,0.053076137
21,7,none,random_linear,1267,104,1,1,True,0.06725371,0.9138651,0.016043495,0.0028376684
21,7,none,random_linear,1268,104,1,2,False,0.10940481,0.30489382,0.55941993,0.026281456
21,7,none,random_linear,1269,104,0,1,False,0.18500431,0.56546956,0.11569372,0.13383241
21,7,none,random_linear,1270,104,1,1,True,0.07091133,0.66437423,0.21282674,0.051887684
21,7,none,random_linear,1271,104,0,2,False,0.08242856,0.25768292,0.63250446,0.027384063
21,7,none,random_linear,1272,104,1,1,True,0.24298754,0.6781205,0.059085477,0.019806493
21,7,none,random_linear,1273,104,0,2,False,0.39697996,0.117496036,0.43532312,0.050200853
21,7,none,random_linear,1274,104,0,1,False,0.051416248,0.8821983,0.06499888,0.0013865611
21,7,none,random_linear,1275,104,1,1,True,0.073214486,0.7191648,0.20352462,0.0040961555
21,7,none,random_linear,1276,104,0,1,False,0.15712358,0.50421613,0.31757876,0.02108148
21,7,none,random_linear,1277,104,1,2,False,0.022369763,0.36016572,0.3806782,0.23678626
21,7,none,random_linear,1278,104,1,2,False,0.2811004,0.17922142,0.5152263,0.024451893
21,7,none,random_linear,1279,104,0,0,True,0.4542216,0.12611695,0.3802613,0.03940011
21,7,none,random_linear,1280,104,1,1,True,0.0003660423,0.99149734,0.00087472174,0.0072618225
21,7,none,random_linear,1281,104,2,2,True,0.11826667,0.23107292,0.6044198,0.0462406
21,7,none,random_linear,1282,104,3,2,False,0.06561712,0.28581184,0.46987307,0.17869799
21,7,none,random_linear,1283,104,3,3,True,0.1822344,0.059548732,0.0849817,0.6732351
21,7,none,random_linear,1284,104,2,1,False,0.010890195,0.8220798,0.16241626,0.0046136747
21,7,none,random_linear,1285,104,3,2,False,0.22450767,0.26547748,0.36067834,0.14933647
21,7,none,random_linear,1286,104,2,1,False,0.020157957,0.95247656,0.017315928,0.010049552
21,7,none,random_linear,1287,104,2,2,True,0.03630355,0.44415787,0.45699477,0.06254382
21,7,none,random_linear,1288,104,3,3,True,0.046121754,0.18014239,0.01275016,0.7609856
21,7,none,random_linear,1289,104,2,1,False,0.009169166,0.89656246,0.09307674,0.0011916831
21,7,none,random_linear,1290,104,3,1,False,0.06332097,0.5865288,0.21033925,0.13981105
21,7,none,random_linear,1291,104,3,3,True,0.08877085,0.10555347,0.09849199,0.7071837
21,7,none,random_linear,1292,104,2,3,False,0.09566423,0.16034833,0.09814569,0.6458417
21,7,none,random_linear,1293,104,3,3,True,0.16073686,0.254081,0.037976887,0.5472052
21,7,none,random_linear,1294,104,2,2,True,0.022725737,0.34847465,0.5550356,0.07376403
21,7,none,random_linear,1295,104,3,0,False,0.43206906,0.16810603,0.26054487,0.13927996
21,7,none,random_linear,1296,104,0,3,False,0.27391437,0.23162994,0.056791328,0.43766436
21,7,none,random_linear,1297,104,1,1,True,0.06816459,0.80476785,0.09304464,0.034023
21,7,none,random_linear,1298,104,1,1,True,0.0027248142,0.993345,0.0013103028,0.00261981
21,7,none,random_linear,1299,104,0,0,True,0.9109165,0.044318523,0.038110636,0.0066543915
21,7,none,random_linear,1300,104,0,0,True,0.9303507,0.019164335,0.010857273,0.039627597
21,7,none,random_linear,1301,104,1,1,True,0.002141575,0.9670892,0.023359252,0.0074099805
21,7,none,random_linear,1302,104,0,1,False,0.4295193,0.46980786,0.062063087,0.03860975
21,7,none,random_linear,1303,104,1,1,True,0.14866334,0.73595464,0.08142838,0.033953577
21,7,none,random_linear,1304,104,0,0,True,0.7422571,0.14490141,0.10263503,0.010206425
21,7,none,random_linear,1305,104,1,1,True,0.11608819,0.8252812,0.042913042,0.015717518
21,7,none,random_linear,1306,104,1,1,True,5.6162953e-05,0.9449446,0.053006887,0.0019922487
21,7,none,random_linear,1307,104,0,0,True,0.91814,0.072671235,0.007968141,0.0012206739
21,7,none,random_linear,1308,104,3,3,True,0.0058105933,0.169521,0.055131298,0.76953715
21,7,none,random_linear,1309,104,2,1,False,0.049641874,0.646394,0.22293396,0.08103009
21,7,none,random_linear,1310,104,3,3,True,0.2853303,0.29956484,0.066532366,0.34857246
21,7,none,random_linear,1311,104,2,0,False,0.7605823,0.06548307,0.10953376,0.0644008
21,7,none,random_linear,1312,104,3,0,False,0.4882747,0.22591919,0.021537008,0.2642691
21,7,none,random_linear,1313,104,2,2,True,0.06357336,0.40697727,0.52077806,0.008671286
21,7,none,random_linear,1314,104,3,3,True,0.035547324,0.27167064,0.09901489,0.59376717
21,7,none,random_linear,1315,104,2,1,False,0.28141525,0.3716285,0.14479306,0.20216316
21,7,none,random_linear,1316,104,3,1,False,0.050709233,0.59995747,0.31084207,0.038491227
21,7,none,random_linear,1317,104,2,2,True,0.16070327,0.4069102,0.41193685,0.020449616
21,7,none,random_linear,1318,104,2,2,True,0.16313848,0.1937611,0.6047752,0.038325276
21,7,none,random_linear,1319,104,3,2,False,0.22914076,0.14458536,0.4433582,0.18291564
21,7,none,random_linear,1320,104,3,0,False,0.46795318,0.06120327,0.050341774,0.42050183
21,7,none,random_linear,1321,104,2,1,False,0.045469556,0.5828929,0.35540012,0.016237378
21,7,none,random_linear,1322,104,2,2,True,0.07181581,0.013622671,0.9118943,0.0026672413
21,7,none,random_linear,1323,104,0,0,True,0.65622115,0.11226995,0.1756397,0.055869166
21,7,none,random_linear,1324,104,1,2,False,0.013743682,0.48077118,0.48703212,0.01845308
21,7,none,random_linear,1325,104,0,2,False,0.22481887,0.055417556,0.70303696,0.016726611
21,7,none,random_linear,1326,104,1,1,True,0.078675166,0.51279837,0.38452798,0.023998495
21,7,none,random_linear,1327,104,0,2,False,0.20185016,0.23951355,0.5359498,0.022686508
21,7,none,random_linear,1328,104,1,1,True,0.005565406,0.5781563,0.13939954,0.27687874
21,7,none,random_linear,1329,104,0,0,True,0.9993255,8.1944905e-05,0.00032028373,0.00027216028
21,7,none,random_linear,1330,104,1,2,False,0.08648032,0.2641103,0.55099183,0.0984175
21,7,none,random_linear,1331,104,1,1,True,0.033494543,0.93438786,0.021190505,0.010927158
21,7,none,random_linear,1332,104,0,1,False,0.08131218,0.89703983,0.01742763,0.0042204056
21,7,none,random_linear,1333,104,0,2,False,0.3913411,0.14212984,0.43095005,0.035579074
21,7,none,random_linear,1334,104,1,1,True,0.30740005,0.50449306,0.11632122,0.07178559
21,7,none,random_linear,1335,104,1,2,False,0.2482833,0.07440599,0.39414832,0.2831624
21,7,none,random_linear,1336,104,0,0,True,0.5343659,0.01629858,0.4424893,0.0068461634
21,7,none,random_linear,1337,104,0,2,False,0.27617925,0.037368413,0.615178,0.07127435
21,7,none,random_linear,1338,104,2,2,True,0.0052677677,0.022649245,0.9453816,0.026701372
21,7,none,random_linear,1339,104,3,1,False,0.09394414,0.5524372,0.33143467,0.022183985
21,7,none,random_linear,1340,104,2,1,False,0.3290182,0.4335751,0.2260955,0.011311222
21,7,none,random_linear,1341,104,3,3,True,0.043466993,0.11134632,0.07286658,0.77232015
21,7,none,random_linear,1342,104,3,3,True,0.06546197,0.33986306,0.02681686,0.5678581
21,7,none,random_linear,1343,104,2,2,True,0.015921216,0.102526985,0.87723887,0.004313031
21,7,none,random_linear,1344,104,3,3,True,0.018243626,0.030689673,0.03868558,0.9123811
21,7,none,random_linear,1345,104,2,2,True,0.044627897,0.19740964,0.7308627,0.027099686
21,7,none,random_linear,1346,104,3,3,True,0.335888,0.11817418,0.13935249,0.4065853
21,7,none,random_linear,1347,104,2,2,True,0.12900235,0.16484027,0.69738907,0.008768379
21,7,none,random_linear,1348,104,3,1,False,0.0063832747,0.45151544,0.20112388,0.34097746
21,7,none,random_linear,1349,104,2,1,False,0.004805206,0.8575475,0.10851421,0.029133076
21,7,none,random_linear,1350,104,2,2,True,0.03571495,0.41914272,0.48459437,0.060547974
21,7,none,random_linear,1351,104,3,2,False,0.24895188,0.14023322,0.35517246,0.25564247
21,7,none,random_linear,1352,104,3,2,False,0.08153751,0.1683102,0.4241572,0.32599506
21,7,none,random_linear,1353,105,0,0,True,0.9797982,0.0008019027,0.011983851,0.007415906
21,7,none,random_linear,1354,105,1,1,True,0.0004232567,0.97990817,0.017103052,0.002565559
21,7,none,random_linear,1355,105,1,1,True,0.00029882553,0.97731817,0.016815703,0.005567377
21,7,none,random_linear,1356,105,0,0,True,0.92176,0.0015347188,0.03703599,0.039669305
21,7,none,random_linear,1357,105,1,1,True,0.00013296011,0.9545337,0.043259498,0.002073912
21,7,none,random_linear,1358,105,0,0,True,0.9994174,2.579258e-06,0.00048038707,9.9596065e-05
21,7,none,random_linear,1359,105,1,1,True,0.00077270874,0.9850317,0.0072339517,0.0069616507
21,7,none,random_linear,1360,105,0,0,True,0.9776782,0.00053436053,0.005608923,0.016178489
21,7,none,random_linear,1361,105,0,0,True,0.9795918,0.0004548364,0.018097695,0.0018556598
21,7,none,random_linear,1362,105,1,1,True,0.006920307,0.7248886,0.006687922,0.2615032
21,7,none,random_linear,1363,105,1,1,True,8.030037e-05,0.9756032,0.009402716,0.014913871
21,7,none,random_linear,1364,105,0,0,True,0.99877447,0.00015270562,0.0004041624,0.0006685863
21,7,none,random_linear,1365,105,1,2,False,0.013790504,0.2941199,0.60063565,0.09145391
21,7,none,random_linear,1366,105,0,0,True,0.95079744,0.00015431551,0.036785167,0.012263126
21,7,none,random_linear,1367,105,0,0,True,0.85876006,0.012528258,0.10185426,0.026857296
21,7,none,random_linear,1368,105,3,3,True,0.014812833,0.0073170373,0.0132435,0.9646266
21,7,none,random_linear,1369,105,2,2,True,0.034130473,0.06451179,0.4745943,0.42676345
21,7,none,random_linear,1370,105,2,3,False,0.004774052,0.023644082,0.40403998,0.56754184
21,7,none,random_linear,1371,105,3,3,True,0.0039495933,0.015218256,0.2810748,0.6997574
21,7,none,random_linear,1372,105,3,3,True,0.0694255,0.010593244,0.3801433,0.53983796
21,7,none,random_linear,1373,105,2,2,True,0.007993332,0.0100654755,0.67807776,0.30386344
21,7,none,random_linear,1374,105,3,3,True,0.0031905829,0.015928615,0.039762348,0.9411184
21,7,none,random_linear,1375,105,2,2,True,0.0071055074,0.020854034,0.95120066,0.02083987
21,7,none,random_linear,1376,105,3,3,True,0.017401202,0.31290364,0.27122077,0.3984744
21,7,none,random_linear,1377,105,2,2,True,0.0075491546,0.03109331,0.9151262,0.046231277
21,7,none,random_linear,1378,105,3,2,False,0.023394734,0.0076855673,0.9558661,0.013053706
21,7,none,random_linear,1379,105,2,3,False,0.0009163299,0.016145758,0.24008432,0.74285364
21,7,none,random_linear,1380,105,3,3,True,0.0027873802,0.0014722863,0.06468959,0.9310507
21,7,none,random_linear,1381,105,2,2,True,0.003853832,0.0048527075,0.97633857,0.014954933
21,7,none,random_linear,1382,105,2,2,True,0.0022526213,0.025211891,0.5985994,0.3739361
21,7,none,random_linear,1383,105,1,1,True,5.7360998e-05,0.9824927,0.016498342,0.00095158134
21,7,none,random_linear,1384,105,0,2,False,0.042345185,0.0008197303,0.8953453,0.06148976
21,7,none,random_linear,1385,105,1,1,True,0.00012925413,0.81558144,0.17564335,0.008646009
21,7,none,random_linear,1386,105,0,3,False,0.12085867,0.0007737585,0.3198751,0.5584924
21,7,none,random_linear,1387,105,0,2,False,0.19108021,0.00023951284,0.7690415,0.039638814
21,7,none,random_linear,1388,105,1,1,True,0.0040470846,0.93642014,0.05516242,0.004370439
21,7,none,random_linear,1389,105,1,1,True,0.0002630228,0.93294305,0.06647906,0.0003148052
21,7,none,random_linear,1390,105,0,0,True,0.9504122,0.0029063215,0.04372266,0.0029587226
21,7,none,random_linear,1391,105,0,0,True,0.8374616,0.022919655,0.13346076,0.0061580758
21,7,none,random_linear,1392,105,1,1,True,0.0005501241,0.8716979,0.123486586,0.004265344
21,7,none,random_linear,1393,105,0,0,True,0.92477435,0.0017951365,0.04762736,0.025803097
21,7,none,random_linear,1394,105,1,1,True,0.0009125405,0.97274923,0.025788713,0.0005494804
21,7,none,random_linear,1395,105,0,2,False,0.070808195,0.00078000437,0.9265738,0.0018379443
21,7,none,random_linear,1396,105,1,1,True,2.1977567e-05,0.98776776,0.012074721,0.00013553238
21,7,none,random_linear,1397,105,1,1,True,0.0022777794,0.68191534,0.29364344,0.022163486
21,7,none,random_linear,1398,105,3,2,False,0.004613789,0.0044650454,0.91160524,0.07931589
21,7,none,random_linear,1399,105,2,2,True,0.0018758529,0.0050783576,0.9640128,0.029032929
21,7,none,random_linear,1400,105,3,2,False,0.008295197,0.011496084,0.71519506,0.26501366
21,7,none,random_linear,1401,105,2,2,True,0.0026945767,0.0032285282,0.9877841,0.0062927823
21,7,none,random_linear,1402,105,3,2,False,0.0017305567,0.007285586,0.948783,0.042200785
21,7,none,random_linear,1403,105,2,2,True,0.0021568148,0.0040124725,0.98412293,0.009707764
21,7,none,random_linear,1404,105,3,2,False,0.0042673624,0.018633094,0.92398095,0.053118546
21,7,none,random_linear,1405,105,2,3,False,0.13582522,0.05638588,0.20516078,0.6026281
21,7,none,random_linear,1406,105,3,2,False,0.0036226893,0.0017351279,0.7280131,0.2666291
21,7,none,random_linear,1407,105,2,2,True,0.0016851876,0.069160715,0.880037,0.04911704
21,7,none,random_linear,1408,105,2,2,True,0.0062874905,0.13061865,0.559552,0.30354187
21,7,none,random_linear,1409,105,3,2,False,0.021518173,0.2887095,0.45229352,0.2374788
21,7,none,random_linear,1410,105,3,3,True,0.0077209827,0.039373755,0.10734616,0.8455592
21,7,none,random_linear,1411,105,2,2,True,0.0014642974,0.012671169,0.9435404,0.042324234
21,7,none,random_linear,1412,105,2,2,True,0.003121779,0.02212957,0.96664184,0.00810674
21,7,none,random_linear,1413,105,1,3,False,0.0010199676,0.38762236,0.08018173,0.531176
21,7,none,random_linear,1414,105,0,0,True,0.89684093,0.0057582143,0.094955705,0.0024451294
21,7,none,random_linear,1415,105,1,1,True,0.0006673836,0.83405507,0.13220786,0.03306979
21,7,none,random_linear,1416,105,0,2,False,0.15821423,0.024885818,0.7406227,0.076277286
21,7,none,random_linear,1417,105,1,1,True,0.00023668699,0.8384464,0.13291031,0.028406706
21,7,none,random_linear,1418,105,0,2,False,0.09247964,0.001372204,0.8763194,0.029828781
21,7,none,random_linear,1419,105,1,2,False,0.007850076,0.22388133,0.6541288,0.114139766
21,7,none,random_linear,1420,105,0,0,True,0.53908527,0.015540199,0.38670322,0.058671307
21,7,none,random_linear,1421,105,0,2,False,0.13058594,0.050450813,0.6807853,0.13817796
21,7,none,random_linear,1422,105,1,1,True,0.007547721,0.82360524,0.16204318,0.006803856
21,7,none,random_linear,1423,105,1,1,True,0.00011428283,0.98978287,0.0059123496,0.0041905027
21,7,none,random_linear,1424,105,0,0,True,0.7227566,0.0052160867,0.22471151,0.04731577
21,7,none,random_linear,1425,105,1,2,False,0.00020224409,0.3937313,0.5920862,0.013980272
21,7,none,random_linear,1426,105,0,2,False,0.004712983,0.00029206712,0.9910982,0.0038965945
21,7,none,random_linear,1427,105,0,2,False,0.19031222,0.0051523526,0.48266497,0.32187045
21,7,none,random_linear,1428,105,2,2,True,0.009379896,0.057606105,0.49123996,0.441774
21,7,none,random_linear,1429,105,3,2,False,0.010869387,0.013293066,0.5838887,0.39194876
21,7,none,random_linear,1430,105,3,3,True,0.012099077,0.020889947,0.31261405,0.6543969
21,7,none,random_linear,1431,105,2,2,True,0.0021652044,0.00946479,0.8821965,0.10617353
21,7,none,random_linear,1432,105,3,2,False,0.013292278,0.031150984,0.6682516,0.28730518
21,7,none,random_linear,1433,105,2,2,True,0.004596173,0.020623488,0.95094204,0.023838265
21,7,none,random_linear,1434,105,3,2,False,0.010575768,0.046480723,0.8157603,0.12718318
21,7,none,random_linear,1435,105,2,2,True,0.02160353,0.019281687,0.9108137,0.048301157
21,7,none,random_linear,1436,105,3,2,False,0.0024455795,0.04035967,0.5198274,0.4373673
21,7,none,random_linear,1437,105,2,2,True,0.00027843454,0.0027011249,0.9956553,0.0013652378
21,7,none,random_linear,1438,105,2,2,True,0.002823891,0.046070345,0.83346874,0.11763699
21,7,none,random_linear,1439,105,3,2,False,0.008946656,0.037294276,0.7440343,0.20972474
21,7,none,random_linear,1440,105,2,2,True,0.004955364,0.011139987,0.9096916,0.074213125
21,7,none,random_linear,1441,105,3,2,False,0.0012171741,0.0027010448,0.9363204,0.059761368
21,7,none,random_linear,1442,105,2,2,True,0.021011401,0.012088708,0.6066528,0.36024714
21,7,none,random_linear,1443,106,0,2,False,0.002261821,0.005094023,0.91984475,0.07279941
21,7,none,random_linear,1444,106,1,2,False,0.0051111626,0.16908881,0.7986809,0.02711906
21,7,none,random_linear,1445,106,0,2,False,0.0039717522,0.010899449,0.9677032,0.017425561
21,7,none,random_linear,1446,106,1,2,False,0.012434669,0.03531266,0.8564144,0.09583823
21,7,none,random_linear,1447,106,0,2,False,0.0026780076,0.002514219,0.99444556,0.00036220788
21,7,none,random_linear,1448,106,1,2,False,0.0017624788,0.0038301735,0.9502563,0.04415114
21,7,none,random_linear,1449,106,0,2,False,0.045462366,0.16050221,0.66179657,0.13223886
21,7,none,random_linear,1450,106,1,1,True,0.01810336,0.48646915,0.2276426,0.26778492
21,7,none,random_linear,1451,106,0,1,False,0.19488372,0.5032675,0.22833037,0.07351833
21,7,none,random_linear,1452,106,1,2,False,0.0018223525,0.022042051,0.9726308,0.0035048649
21,7,none,random_linear,1453,106,0,1,False,0.008452116,0.47129014,0.44279325,0.077464476
21,7,none,random_linear,1454,106,1,2,False,0.0012359454,0.1933245,0.8049736,0.00046598513
21,7,none,random_linear,1455,106,1,1,True,0.0032064633,0.8049202,0.117510445,0.07436284
21,7,none,random_linear,1456,106,0,0,True,0.6176911,0.014889742,0.33167204,0.035747156
21,7,none,random_linear,1457,106,0,0,True,0.86862683,0.0031345775,0.12703934,0.0011992166
21,7,none,random_linear,1458,106,3,2,False,0.0033985537,0.011309012,0.90546423,0.079828255
21,7,none,random_linear,1459,106,2,2,True,0.0057515604,0.10427671,0.57850736,0.31146434
21,7,none,random_linear,1460,106,3,2,False,0.02447469,0.117583476,0.7626312,0.09531062
21,7,none,random_linear,1461,106,2,2,True,0.04907188,0.36497825,0.54453,0.041419946
21,7,none,random_linear,1462,106,2,2,True,0.0035021862,0.03003544,0.9243855,0.042076863
21,7,none,random_linear,1463,106,3,1,False,0.012039719,0.63407075,0.23675527,0.11713418
21,7,none,random_linear,1464,106,3,3,True,0.018638434,0.25794983,0.16759168,0.55582005
21,7,none,random_linear,1465,106,2,2,True,0.031183723,0.019317295,0.9261745,0.023324482
21,7,none,random_linear,1466,106,3,1,False,0.01267673,0.8786837,0.09369902,0.014940497
21,7,none,random_linear,1467,106,2,2,True,0.008182735,0.027097946,0.9620036,0.0027157157
21,7,none,random_linear,1468,106,3,2,False,0.07028923,0.04552306,0.8103457,0.073841944
21,7,none,random_linear,1469,106,2,1,False,0.0333433,0.63614434,0.30447885,0.026033469
21,7,none,random_linear,1470,106,3,2,False,0.02805629,0.09872555,0.49947134,0.37374678
21,7,none,random_linear,1471,106,2,2,True,0.29304734,0.1297012,0.33663666,0.24061474
21,7,none,random_linear,1472,106,3,3,True,0.18621403,0.052090425,0.18391891,0.5777766
21,7,none,random_linear,1473,106,1,1,True,2.6387881e-05,0.99872166,0.0009571844,0.00029462596
21,7,none,random_linear,1474,106,0,3,False,0.21005546,0.02350418,0.10756629,0.65887403
21,7,none,random_linear,1475,106,1,2,False,0.004511789,0.11665746,0.87326884,0.005561933
21,7,none,random_linear,1476,106,0,2,False,0.0084476285,0.13775526,0.85033184,0.003465197
21,7,none,random_linear,1477,106,0,3,False,0.07971405,0.2951997,0.25157157,0.37351468
21,7,none,random_linear,1478,106,1,2,False,0.018114815,0.16285965,0.47645697,0.34256864
21,7,none,random_linear,1479,106,1,1,True,0.000119692835,0.9976241,0.0012779797,0.0009783432
21,7,none,random_linear,1480,106,0,2,False,0.046034988,0.12540033,0.80678487,0.021779768
21,7,none,random_linear,1481,106,0,1,False,0.016402133,0.41620928,0.34060276,0.22678584
21,7,none,random_linear,1482,106,1,1,True,0.046296805,0.48273122,0.46794447,0.003027456
21,7,none,random_linear,1483,106,1,1,True,0.0002170916,0.98002625,0.019390933,0.00036583043
21,7,none,random_linear,1484,106,0,0,True,0.6361896,0.14942819,0.19197287,0.02240936
21,7,none,random_linear,1485,106,0,2,False,0.019133538,0.40845647,0.473505,0.09890506
21,7,none,random_linear,1486,106,1,1,True,0.0009559485,0.9698221,0.028643854,0.00057801825
21,7,none,random_linear,1487,106,0,2,False,0.012470605,0.38042438,0.5270913,0.08001371
21,7,none,random_linear,1488,106,2,2,True,0.0017581854,0.0036247538,0.99409133,0.00052565336
21,7,none,random_linear,1489,106,3,3,True,0.11078853,0.060458016,0.12930904,0.6994444
21,7,none,random_linear,1490,106,2,2,True,0.022075979,0.33806372,0.6007632,0.03909705
21,7,none,random_linear,1491,106,3,2,False,0.010719826,0.0015732995,0.9201873,0.06751949
21,7,none,random_linear,1492,106,3,2,False,0.121480584,0.14512096,0.6042661,0.12913233
21,7,none,random_linear,1493,106,2,2,True,0.11842144,0.07458459,0.78917354,0.017820453
21,7,none,random_linear,1494,106,2,2,True,0.016746875,0.23530279,0.7411655,0.0067847385
21,7,none,random_linear,1495,106,3,0,False,0.573065,0.05715262,0.33182982,0.037952594
21,7,none,random_linear,1496,106,2,2,True,0.012741274,0.26573083,0.72085214,0.0006757586
21,7,none,random_linear,1497,106,3,2,False,0.025022125,0.012145379,0.9617953,0.001037252
21,7,none,random_linear,1498,106,3,2,False,0.02770288,0.14260326,0.7971604,0.032533392
21,7,none,random_linear,1499,106,2,2,True,0.053637303,0.10318762,0.8232373,0.019937713
21,7,none,random_linear,1500,106,2,2,True,0.0024209225,0.11035353,0.7695569,0.11766865
21,7,none,random_linear,1501,106,3,3,True,0.006433791,0.024767091,0.14330848,0.82549065
21,7,none,random_linear,1502,106,2,2,True,0.032987777,0.02452037,0.94053435,0.0019575218
21,7,none,random_linear,1503,106,1,1,True,0.0023714278,0.9069588,0.08881959,0.0018500907
21,7,none,random_linear,1504,106,0,1,False,0.05366917,0.509663,0.38068247,0.055985365
21,7,none,random_linear,1505,106,0,2,False,0.008172433,0.0044537876,0.8959439,0.09142985
21,7,none,random_linear,1506,106,1,2,False,0.0800105,0.02009165,0.8952526,0.0046452642
21,7,none,random_linear,1507,106,0,2,False,0.33928466,0.13021395,0.46022022,0.070281155
21,7,none,random_linear,1508,106,1,1,True,0.0006239217,0.86074436,0.06135589,0.07727577
21,7,none,random_linear,1509,106,0,2,False,0.118833475,0.16207005,0.67519665,0.04389982
21,7,none,random_linear,1510,106,1,2,False,0.02312236,0.067342736,0.9035458,0.0059890463
21,7,none,random_linear,1511,106,1,1,True,0.00041019497,0.97480696,0.021728486,0.0030543122
21,7,none,random_linear,1512,106,0,0,True,0.69084185,0.108176365,0.16085167,0.040130083
21,7,none,random_linear,1513,106,0,0,True,0.7266737,0.022433398,0.24753748,0.0033554249
21,7,none,random_linear,1514,106,1,2,False,0.003876721,0.013324817,0.9794574,0.0033411135
21,7,none,random_linear,1515,106,1,1,True,0.010130961,0.4164001,0.26911533,0.30435356
21,7,none,random_linear,1516,106,0,2,False,0.32793105,0.0018298407,0.63780445,0.03243474
21,7,none,random_linear,1517,106,0,0,True,0.4076223,0.2861108,0.19243528,0.113831595
21,7,none,random_linear,1518,106,2,2,True,0.007443196,0.4183354,0.5629519,0.011269438
21,7,none,random_linear,1519,106,3,1,False,0.044173304,0.49667028,0.2937655,0.16539088
21,7,none,random_linear,1520,106,2,2,True,0.033234954,0.31475398,0.46612826,0.18588284
21,7,none,random_linear,1521,106,3,2,False,0.019037938,0.037417278,0.8596901,0.08385458
21,7,none,random_linear,1522,106,2,2,True,0.060227107,0.20348428,0.7225762,0.0137124285
21,7,none,random_linear,1523,106,3,2,False,0.113295935,0.08117879,0.7113707,0.09415459
21,7,none,random_linear,1524,106,2,2,True,0.017273933,0.026705295,0.9411217,0.014899081
21,7,none,random_linear,1525,106,3,2,False,0.01783283,0.45022345,0.48874295,0.04320069
21,7,none,random_linear,1526,106,2,2,True,0.0004689644,0.0049896277,0.9783011,0.01624028
21,7,none,random_linear,1527,106,3,2,False,0.051210776,0.046881672,0.8959257,0.00598177
21,7,none,random_linear,1528,106,3,0,False,0.6744277,0.030299198,0.20925032,0.08602274
21,7,none,random_linear,1529,106,2,2,True,0.033908237,0.014407722,0.74363303,0.20805101
21,7,none,random_linear,1530,106,3,2,False,0.16278724,0.06479385,0.7607549,0.011664051
21,7,none,random_linear,1531,106,2,2,True,0.0010957045,0.0099772895,0.9877258,0.0012012805
21,7,none,random_linear,1532,106,2,2,True,0.13923204,0.004020133,0.8518523,0.004895554
21,7,none,random_linear,1533,107,1,1,True,0.0013537349,0.9780423,0.005950989,0.014653044
21,7,none,random_linear,1534,107,0,1,False,0.17554037,0.51377785,0.2162794,0.094402336
21,7,none,random_linear,1535,107,0,0,True,0.91058743,0.049644794,0.037347976,0.002419815
21,7,none,random_linear,1536,107,1,1,True,0.000116644755,0.9915888,0.00017227718,0.008122342
21,7,none,random_linear,1537,107,0,0,True,0.72158384,0.25824216,0.012288661,0.007885291
21,7,none,random_linear,1538,107,1,1,True,0.0008010053,0.99014586,0.0055805547,0.0034726225
21,7,none,random_linear,1539,107,0,0,True,0.9165184,0.053852107,0.022099061,0.0075303367
21,7,none,random_linear,1540,107,1,1,True,0.0041494793,0.9862248,0.008467836,0.0011577619
21,7,none,random_linear,1541,107,0,0,True,0.98596185,0.0018251196,0.0025939387,0.00961908
21,7,none,random_linear,1542,107,1,1,True,0.008049985,0.9653804,0.0137709705,0.012798692
21,7,none,random_linear,1543,107,0,0,True,0.820642,0.058099292,0.06878479,0.052473947
21,7,none,random_linear,1544,107,1,1,True,0.02144678,0.7133682,0.107124075,0.15806088
21,7,none,random_linear,1545,107,0,0,True,0.97283417,0.0009859104,0.0047882446,0.021391729
21,7,none,random_linear,1546,107,1,1,True,0.0031414798,0.7016097,0.036406055,0.25884283
21,7,none,random_linear,1547,107,0,0,True,0.9940162,0.0019814728,0.0028540688,0.0011482269
21,7,none,random_linear,1548,107,3,1,False,0.04551628,0.7307222,0.053747177,0.17001432
21,7,none,random_linear,1549,107,2,1,False,0.018494273,0.6186463,0.31531328,0.0475462
21,7,none,random_linear,1550,107,3,1,False,0.092688926,0.40789917,0.105100624,0.39431128
21,7,none,random_linear,1551,107,2,1,False,0.011140003,0.9032443,0.04761404,0.03800165
21,7,none,random_linear,1552,107,3,0,False,0.8363937,0.08667217,0.044153057,0.032781117
21,7,none,random_linear,1553,107,2,2,True,0.11022147,0.095664,0.6726832,0.12143139
21,7,none,random_linear,1554,107,2,0,False,0.66945976,0.11305749,0.016586708,0.20089607
21,7,none,random_linear,1555,107,3,3,True,0.4407448,0.021635348,0.0005515147,0.53706837
21,7,none,random_linear,1556,107,3,0,False,0.8036765,0.012640079,0.17908022,0.0046031824
21,7,none,random_linear,1557,107,2,2,True,0.04342224,0.43200135,0.48962364,0.03495276
21,7,none,random_linear,1558,107,2,1,False,0.023662442,0.9453138,0.019761967,0.011261853
21,7,none,random_linear,1559,107,3,0,False,0.678802,0.26532564,0.012055748,0.043816593
21,7,none,random_linear,1560,107,2,1,False,0.08637511,0.4814717,0.13034281,0.30181047
21,7,none,random_linear,1561,107,3,1,False,0.0401349,0.58748686,0.05639009,0.31598815
21,7,none,random_linear,1562,107,3,3,True,0.34717277,0.032831397,0.196542,0.4234539
21,7,none,random_linear,1563,107,1,1,True,0.029590921,0.9095926,0.013307571,0.04750886
21,7,none,random_linear,1564,107,0,0,True,0.92994034,0.050746858,0.010924127,0.008388713
21,7,none,random_linear,1565,107,1,1,True,0.0248414,0.9258427,0.0330708,0.016245164
21,7,none,random_linear,1566,107,0,0,True,0.89453894,0.07378759,0.00195688,0.029716475
21,7,none,random_linear,1567,107,1,1,True,0.00042468534,0.9985129,0.0007338776,0.0003285025
21,7,none,random_linear,1568,107,0,0,True,0.6771989,0.21988675,0.043780386,0.059134055
21,7,none,random_linear,1569,107,0,3,False,0.21651438,0.28674084,0.022053089,0.47469163
21,7,none,random_linear,1570,107,1,2,False,0.23409416,0.16350172,0.36898524,0.23341888
21,7,none,random_linear,1571,107,0,0,True,0.98598367,0.0069570616,0.0067564584,0.00030278292
21,7,none,random_linear,1572,107,1,1,True,0.3738356,0.4757053,0.07101031,0.07944878
21,7,none,random_linear,1573,107,0,1,False,0.35548708,0.37989014,0.11495687,0.14966588
21,7,none,random_linear,1574,107,1,2,False,0.03492705,0.19930884,0.55071765,0.21504645
21,7,none,random_linear,1575,107,1,2,False,0.047952034,0.16311678,0.7694447,0.019486379
21,7,none,random_linear,1576,107,0,1,False,0.054970466,0.9033002,0.0148491515,0.026880186
21,7,none,random_linear,1577,107,0,0,True,0.6905188,0.09076548,0.05117464,0.16754106
21,7,none,random_linear,1578,107,3,0,False,0.3570063,0.24390848,0.15337832,0.24570692
21,7,none,random_linear,1579,107,2,3,False,0.15006813,0.04664613,0.05342384,0.74986196
21,7,none,random_linear,1580,107,3,0,False,0.81661934,0.09051872,0.038397245,0.054464716
21,7,none,random_linear,1581,107,2,1,False,0.13099262,0.41415513,0.3146858,0.1401664
21,7,none,random_linear,1582,107,2,1,False,0.19635084,0.515474,0.16691235,0.121262796
21,7,none,random_linear,1583,107,3,0,False,0.42820942,0.019936237,0.20041215,0.35144222
21,7,none,random_linear,1584,107,3,0,False,0.88356996,0.03839618,0.014927153,0.0631067
21,7,none,random_linear,1585,107,2,2,True,0.35405272,0.24677093,0.3947646,0.004411719
21,7,none,random_linear,1586,107,2,1,False,0.37031665,0.44799605,0.009225585,0.1724616
21,7,none,random_linear,1587,107,3,1,False,0.054335948,0.49129277,0.033276957,0.4210944
21,7,none,random_linear,1588,107,2,2,True,0.062201504,0.28720748,0.63143015,0.019160897
21,7,none,random_linear,1589,107,3,1,False,0.015382588,0.53346324,0.35137126,0.09978293
21,7,none,random_linear,1590,107,3,1,False,0.27756503,0.54816645,0.04457707,0.12969147
21,7,none,random_linear,1591,107,2,3,False,0.058331158,0.22257806,0.016455976,0.7026348
21,7,none,random_linear,1592,107,2,3,False,0.035836067,0.20960811,0.0809439,0.67361194
21,7,none,random_linear,1593,107,0,0,True,0.97160274,0.011411042,0.004914319,0.012072048
21,7,none,random_linear,1594,107,1,1,True,0.01787957,0.8908339,0.0023747517,0.088911764
21,7,none,random_linear,1595,107,1,1,True,0.085546136,0.6987505,0.09020439,0.12549889
21,7,none,random_linear,1596,107,0,0,True,0.7017569,0.23242752,0.029288914,0.036526658
21,7,none,random_linear,1597,107,1,1,True,0.048572104,0.80413294,0.12854433,0.018750586
21,7,none,random_linear,1598,107,0,1,False,0.35756776,0.5843096,0.05012797,0.007994761
21,7,none,random_linear,1599,107,1,3,False,0.04784685,0.37277877,0.01377306,0.56560135
21,7,none,random_linear,1600,107,0,1,False,0.043301832,0.854136,0.07814865,0.02441349
21,7,none,random_linear,1601,107,1,1,True,0.029399492,0.92013323,0.016616188,0.033851124
21,7,none,random_linear,1602,107,0,3,False,0.00897448,0.35355967,0.02229434,0.6151715
21,7,none,random_linear,1603,107,0,0,True,0.8888353,0.08398881,0.0036161663,0.02355972
21,7,none,random_linear,1604,107,1,1,True,0.14377382,0.8364148,0.018117683,0.0016936559
21,7,none,random_linear,1605,107,0,3,False,0.22074024,0.27209058,0.12509994,0.38206917
21,7,none,random_linear,1606,107,1,1,True,0.035846937,0.41452533,0.3721389,0.1774889
21,7,none,random_linear,1607,107,0,1,False,0.008101434,0.9217842,0.0037741624,0.06634028
21,7,none,random_linear,1608,107,3,0,False,0.41843036,0.18247357,0.37653226,0.022563798
21,7,none,random_linear,1609,107,2,1,False,0.0445268,0.46785873,0.107584655,0.38002977
21,7,none,random_linear,1610,107,2,0,False,0.67990476,0.15905291,0.11818463,0.042857766
21,7,none,random_linear,1611,107,3,3,True,0.0984327,0.04268362,0.055222698,0.803661
21,7,none,random_linear,1612,107,2,1,False,0.3958516,0.58848864,0.009189235,0.006470535
21,7,none,random_linear,1613,107,3,0,False,0.7820783,0.1641123,0.035274148,0.018535301
21,7,none,random_linear,1614,107,3,1,False,0.027720608,0.88284475,0.035219382,0.054215327
21,7,none,random_linear,1615,107,2,2,True,0.078564264,0.37735406,0.4193457,0.124736
21,7,none,random_linear,1616,107,2,0,False,0.49610806,0.052306984,0.40320745,0.048377514
21,7,none,random_linear,1617,107,3,1,False,0.0036505302,0.8711754,0.015220585,0.10995349
21,7,none,random_linear,1618,107,2,2,True,0.31485823,0.20780936,0.36260128,0.11473114
21,7,none,random_linear,1619,107,3,1,False,0.022276238,0.46434975,0.08263887,0.43073526
21,7,none,random_linear,1620,107,2,3,False,0.025720473,0.22210255,0.07159824,0.68057877
21,7,none,random_linear,1621,107,3,1,False,0.00084556325,0.87882876,0.034901932,0.08542377
21,7,none,random_linear,1622,107,3,1,False,0.24504666,0.38485494,0.15299799,0.21710034
21,7,none,random_linear,1623,108,0,0,True,0.97192717,0.00024899066,0.0014666783,0.026357116
21,7,none,random_linear,1624,108,1,1,True,4.1953117e-05,0.99808085,0.0004296433,0.0014475503
21,7,none,random_linear,1625,108,0,3,False,0.31626967,0.011612628,0.0073308856,0.66478676
21,7,none,random_linear,1626,108,1,1,True,0.37613901,0.42065492,0.017021338,0.18618473
21,7,none,random_linear,1627,108,0,0,True,0.99496174,0.00062173244,0.00084442465,0.0035721122
21,7,none,random_linear,1628,108,1,1,True,0.00018312514,0.99861443,3.6952257e-05,0.0011655322
21,7,none,random_linear,1629,108,1,1,True,6.432729e-05,0.99267197,0.0001523781,0.007111284
21,7,none,random_linear,1630,108,0,0,True,0.9685722,0.0014163409,0.0013158486,0.0286956
21,7,none,random_linear,1631,108,0,0,True,0.9995876,1.5494034e-05,3.912112e-05,0.0003578421
21,7,none,random_linear,1632,108,1,1,True,0.008745942,0.90383303,0.005018644,0.08240236
21,7,none,random_linear,1633,108,0,0,True,0.99735045,0.00023256616,0.0021176008,0.00029943045
21,7,none,random_linear,1634,108,1,1,True,0.09823529,0.4734257,0.029936293,0.39840278
21,7,none,random_linear,1635,108,0,2,False,0.27381197,0.13468847,0.34099054,0.25050896
21,7,none,random_linear,1636,108,1,1,True,0.02324877,0.8815709,0.07578295,0.019397426
21,7,none,random_linear,1637,108,1,1,True,0.00022788662,0.95576143,0.00080742757,0.043203235
21,7,none,random_linear,1638,108,2,1,False,0.0069783144,0.6050412,0.3265812,0.06139928
21,7,none,random_linear,1639,108,3,3,True,0.0005797062,0.03345571,0.017055405,0.9489092
21,7,none,random_linear,1640,108,2,3,False,0.028988615,0.25772372,0.20541693,0.50787073
21,7,none,random_linear,1641,108,3,3,True,0.0023779843,0.10854492,0.03492275,0.85415435
21,7,none,random_linear,1642,108,3,3,True,0.0025844711,0.030782646,0.007859482,0.95877343
21,7,none,random_linear,1643,108,2,1,False,0.07920052,0.47609013,0.40713435,0.03757499
21,7,none,random_linear,1644,108,2,3,False,0.24288666,0.01726349,0.18865801,0.5511918
21,7,none,random_linear,1645,108,3,3,True,0.012340957,0.051697366,0.013937983,0.92202365
21,7,none,random_linear,1646,108,2,1,False,0.035855714,0.95885134,0.0021561247,0.0031368737
21,7,none,random_linear,1647,108,3,3,True,0.07417279,0.19373286,0.02889185,0.7032025
21,7,none,random_linear,1648,108,3,3,True,0.0160672,0.09812022,0.04154295,0.84426963
21,7,none,random_linear,1649,108,2,1,False,0.044272218,0.7309624,0.12763843,0.09712697
21,7,none,random_linear,1650,108,3,3,True,0.069118574,0.0067047714,0.02609555,0.89808106
21,7,none,random_linear,1651,108,2,2,True,0.033683762,0.27450556,0.5080583,0.1837524
21,7,none,random_linear,1652,108,3,3,True,0.08394176,0.03646953,0.26724735,0.61234134
21,7,none,random_linear,1653,108,1,1,True,0.00018981879,0.7536291,0.23688851,0.0092925215
21,7,none,random_linear,1654,108,0,1,False,0.084903546,0.5319615,0.1373035,0.24583146
21,7,none,random_linear,1655,108,1,1,True,0.009253627,0.6270559,0.30703643,0.0566541
21,7,none,random_linear,1656,108,0,0,True,0.9294803,0.0016952463,0.0045827455,0.064241566
21,7,none,random_linear,1657,108,0,0,True,0.7002413,0.018661518,0.0021923983,0.27890483
21,7,none,random_linear,1658,108,1,1,True,0.0018365443,0.9652975,0.0037591103,0.029106874
21,7,none,random_linear,1659,108,1,1,True,0.0025101274,0.9805023,0.0055425595,0.011445033
21,7,none,random_linear,1660,108,0,0,True,0.99062854,0.0033526612,0.0034069535,0.002611801
21,7,none,random_linear,1661,108,0,0,True,0.9875965,0.0014211889,0.007102866,0.0038794796
21,7,none,random_linear,1662,108,1,1,True,0.00014623748,0.99615234,0.0033452935,0.0003561559
21,7,none,random_linear,1663,108,1,1,True,0.0005416138,0.9823287,0.0034747086,0.013654973
21,7,none,random_linear,1664,108,0,0,True,0.70946044,0.006633423,0.051246915,0.2326592
21,7,none,random_linear,1665,108,1,1,True,0.017425774,0.49367055,0.46227273,0.026630918
21,7,none,random_linear,1666,108,0,0,True,0.90613115,0.0072088563,0.022659868,0.06400015
21,7,none,random_linear,1667,108,1,1,True,0.34437242,0.5232212,0.010851062,0.1215553
21,7,none,random_linear,1668,108,3,3,True,0.0023377645,0.0156126395,0.0085986005,0.973451
21,7,none,random_linear,1669,108,2,2,True,0.13157485,0.17359933,0.35738066,0.3374452
21,7,none,random_linear,1670,108,3,3,True,0.024208043,0.01242842,0.018454947,0.94490856
21,7,none,random_linear,1671,108,2,2,True,0.0143309,0.050242756,0.9181636,0.017262751
21,7,none,random_linear,1672,108,2,2,True,0.022999099,0.26236868,0.4350325,0.27959967
21,7,none,random_linear,1673,108,3,3,True,0.0026931607,0.07125838,0.010794085,0.91525435
21,7,none,random_linear,1674,108,2,2,True,0.015511368,0.18906084,0.78181124,0.013616577
21,7,none,random_linear,1675,108,3,1,False,0.021421222,0.5964043,0.3035679,0.07860659
21,7,none,random_linear,1676,108,2,1,False,0.010317676,0.9114953,0.071732804,0.0064542084
21,7,none,random_linear,1677,108,3,1,False,0.043056212,0.6112597,0.19737983,0.14830427
21,7,none,random_linear,1678,108,2,2,True,0.0847562,0.35542163,0.45962396,0.10019822
21,7,none,random_linear,1679,108,3,0,False,0.38284284,0.10224852,0.24163806,0.2732706
21,7,none,random_linear,1680,108,2,2,True,0.0076463744,0.003388366,0.92940503,0.059560277
21,7,none,random_linear,1681,108,3,3,True,0.30668008,0.09025881,0.20339182,0.39966932
21,7,none,random_linear,1682,108,3,3,True,0.27215812,0.020804316,0.26921648,0.43782112
21,7,none,random_linear,1683,108,1,1,True,0.0036555543,0.8494484,0.09312092,0.053775184
21,7,none,random_linear,1684,108,0,2,False,0.31558487,0.064951405,0.572538,0.046925753
21,7,none,random_linear,1685,108,0,2,False,0.029221756,0.1469803,0.5691352,0.2546628
21,7,none,random_linear,1686,108,1,2,False,0.044825047,0.18976836,0.74550235,0.019904207
21,7,none,random_linear,1687,108,0,1,False,0.079094075,0.52487135,0.028646426,0.3673882
21,7,none,random_linear,1688,108,1,2,False,0.13103144,0.40867177,0.4576805,0.0026162902
21,7,none,random_linear,1689,108,1,1,True,0.00012747927,0.97612655,0.023302443,0.00044345442
21,7,none,random_linear,1690,108,0,0,True,0.73757553,0.006710983,0.06331521,0.19239832
21,7,none,random_linear,1691,108,0,0,True,0.32135475,0.27996603,0.16178875,0.2368905
21,7,none,random_linear,1692,108,1,1,True,0.0017952059,0.9946202,0.002609995,0.00097448047
21,7,none,random_linear,1693,108,0,3,False,0.31841952,0.055154555,0.03035829,0.59606755
21,7,none,random_linear,1694,108,1,1,True,0.18397523,0.54894215,0.07225919,0.19482349
21,7,none,random_linear,1695,108,1,1,True,0.0006156049,0.99878913,0.0002989578,0.00029641073
21,7,none,random_linear,1696,108,0,0,True,0.8058492,0.028115893,0.09826197,0.06777288
21,7,none,random_linear,1697,108,0,0,True,0.99945253,0.00014129799,0.00010635879,0.0002997664
21,7,none,random_linear,1698,108,3,1,False,0.07975612,0.5627308,0.040241532,0.3172715
21,7,none,random_linear,1699,108,2,2,True,0.012838945,0.13238034,0.55927545,0.2955053
21,7,none,random_linear,1700,108,2,2,True,0.021204207,0.0138981845,0.839979,0.124918595
21,7,none,random_linear,1701,108,3,3,True,0.002224135,0.0031650744,0.00556261,0.9890482
21,7,none,random_linear,1702,108,2,3,False,0.22802332,0.1373216,0.21505879,0.41959623
21,7,none,random_linear,1703,108,3,2,False,0.022791483,0.01103467,0.9303191,0.035854712
21,7,none,random_linear,1704,108,3,3,True,0.0056998054,0.005648243,0.04998329,0.93866867
21,7,none,random_linear,1705,108,2,2,True,0.0028386486,0.024153313,0.94415027,0.028857697
21,7,none,random_linear,1706,108,3,3,True,0.04026563,0.08188344,0.19273221,0.68511873
21,7,none,random_linear,1707,108,2,1,False,0.040318415,0.8191375,0.038409416,0.10213469
21,7,none,random_linear,1708,108,2,2,True,0.17459428,0.03174988,0.6615139,0.1321419
21,7,none,random_linear,1709,108,3,3,True,0.019687356,0.05620795,0.049538955,0.8745657
21,7,none,random_linear,1710,108,2,1,False,0.045412917,0.45287162,0.31108013,0.19063535
21,7,none,random_linear,1711,108,3,1,False,0.010536326,0.5115543,0.014390412,0.4635189
21,7,none,random_linear,1712,108,2,0,False,0.56718725,0.28023762,0.08116532,0.071409814
21,7,none,random_linear,1713,109,0,0,True,0.9585426,0.0026753843,0.0077754133,0.031006604
21,7,none,random_linear,1714,109,1,2,False,0.16044685,0.3119855,0.50054586,0.027021775
21,7,none,random_linear,1715,109,1,1,True,8.62673e-05,0.9992687,0.00053545996,0.00010955264
21,7,none,random_linear,1716,109,0,2,False,0.15997641,0.13228792,0.6009772,0.10675847
21,7,none,random_linear,1717,109,1,1,True,0.013498145,0.9840111,0.0017377998,0.00075296935
21,7,none,random_linear,1718,109,0,0,True,0.7255806,0.052255522,0.2118889,0.010275023
21,7,none,random_linear,1719,109,1,2,False,0.03819457,0.33628878,0.62104946,0.0044672014
21,7,none,random_linear,1720,109,0,0,True,0.8093874,0.005209988,0.18187432,0.0035283621
21,7,none,random_linear,1721,109,1,1,True,0.025928786,0.93668246,0.020135922,0.017252915
21,7,none,random_linear,1722,109,0,2,False,0.019190073,0.022993604,0.9488181,0.008998235
21,7,none,random_linear,1723,109,0,0,True,0.79028004,0.0016886557,0.17767744,0.030353777
21,7,none,random_linear,1724,109,1,1,True,0.0062156883,0.91922045,0.03203317,0.042530704
21,7,none,random_linear,1725,109,0,0,True,0.9990415,1.1339827e-05,0.0008885527,5.8579135e-05
21,7,none,random_linear,1726,109,1,0,False,0.34374186,0.28983104,0.1294615,0.23696564
21,7,none,random_linear,1727,109,1,1,True,0.031661607,0.82865524,0.1349981,0.0046850913
21,7,none,random_linear,1728,109,3,1,False,0.009244512,0.54273903,0.26786906,0.1801474
21,7,none,random_linear,1729,109,2,2,True,0.005456958,0.19859846,0.75857073,0.03737387
21,7,none,random_linear,1730,109,2,2,True,0.121754296,0.33961704,0.49100262,0.047626015
21,7,none,random_linear,1731,109,3,3,True,0.078631945,0.009324766,0.16255362,0.7494897
21,7,none,random_linear,1732,109,3,2,False,0.0072390838,0.04547345,0.6801953,0.26709223
21,7,none,random_linear,1733,109,2,2,True,0.13259073,0.040104948,0.77143174,0.05587257
21,7,none,random_linear,1734,109,2,2,True,0.071355805,0.17525145,0.7018907,0.05150208
21,7,none,random_linear,1735,109,3,2,False,0.116391316,0.14954394,0.58114475,0.15292001
21,7,none,random_linear,1736,109,2,3,False,0.09474301,0.0331948,0.34288904,0.5291732
21,7,none,random_linear,1737,109,3,3,True,0.026661437,0.08850376,0.34305182,0.541783
21,7,none,random_linear,1738,109,2,0,False,0.5367075,0.29838216,0.025010219,0.13990009
21,7,none,random_linear,1739,109,3,2,False,0.29577112,0.06746119,0.6171614,0.019606257
21,7,none,random_linear,1740,109,3,2,False,0.030563554,0.05475274,0.65979135,0.25489235
21,7,none,random_linear,1741,109,2,0,False,0.40566114,0.24569413,0.19230476,0.15634003
21,7,none,random_linear,1742,109,2,1,False,0.008392941,0.9019129,0.05155416,0.03814005
21,7,none,random_linear,1743,109,1,1,True,0.00567622,0.801882,0.14280766,0.049634166
21,7,none,random_linear,1744,109,0,0,True,0.48840114,0.105355635,0.33995113,0.0662921
21,7,none,random_linear,1745,109,1,0,False,0.63277644,0.19112916,0.097785436,0.078308955
21,7,none,random_linear,1746,109,0,2,False,0.11709983,0.02806962,0.51762277,0.3372078
21,7,none,random_linear,1747,109,0,0,True,0.98462105,0.0005902584,0.0057427776,0.009045913
21,7,none,random_linear,1748,109,1,2,False,0.13139199,0.018704563,0.83848983,0.011413525
21,7,none,random_linear,1749,109,0,2,False,0.15650482,0.024461947,0.5661549,0.25287834
21,7,none,random_linear,1750,109,1,1,True,0.048780352,0.77832323,0.055975724,0.11692064
21,7,none,random_linear,1751,109,1,1,True,0.025625242,0.6600796,0.2771026,0.03719258
21,7,none,random_linear,1752,109,0,2,False,0.026133383,0.0016672988,0.9686046,0.0035946642
21,7,none,random_linear,1753,109,1,0,False,0.5826963,0.11016256,0.012258723,0.29488245
21,7,none,random_linear,1754,109,0,1,False,0.1527773,0.5304596,0.06815508,0.24860804
21,7,none,random_linear,1755,109,1,1,True,0.0088789975,0.9707324,0.019760063,0.00062859344
21,7,none,random_linear,1756,109,0,1,False,0.07483907,0.80051166,0.08311246,0.04153685
21,7,none,random_linear,1757,109,0,0,True,0.99475914,0.0024175805,0.0017503995,0.0010728859
21,7,none,random_linear,1758,109,2,3,False,0.12760174,0.030951768,0.02797431,0.81347215
21,7,none,random_linear,1759,109,3,0,False,0.7583026,0.03912792,0.109929554,0.09263992
21,7,none,random_linear,1760,109,2,3,False,0.053914692,0.23481485,0.21337615,0.49789432
21,7,none,random_linear,1761,109,3,3,True,0.12251941,0.050144453,0.19878459,0.62855154
21,7,none,random_linear,1762,109,3,1,False,0.029416133,0.8261048,0.0068078944,0.13767108
21,7,none,random_linear,1763,109,2,3,False,0.075146325,0.029446475,0.35561255,0.5397947
21,7,none,random_linear,1764,109,3,3,True,0.013573606,0.011552346,0.40577316,0.5691009
21,7,none,random_linear,1765,109,2,1,False,0.08856455,0.4261298,0.25553846,0.2297672
21,7,none,random_linear,1766,109,3,1,False,0.012288005,0.44330713,0.15238883,0.39201605
21,7,none,random_linear,1767,109,2,3,False,0.14489244,0.03838575,0.39953533,0.41718647
21,7,none,random_linear,1768,109,2,2,True,0.073613316,0.21805964,0.56472355,0.14360346
21,7,none,random_linear,1769,109,3,3,True,0.12077906,0.018997082,0.012562,0.8476618
21,7,none,random_linear,1770,109,2,1,False,0.0674658,0.53666824,0.21283498,0.183031
21,7,none,random_linear,1771,109,3,3,True,0.015155506,0.0973385,0.20305093,0.6844551
21,7,none,random_linear,1772,109,2,2,True,0.1901521,0.06695967,0.6571273,0.085760884
21,7,none,random_linear,1773,109,1,1,True,0.018220158,0.39837483,0.27831197,0.3050931
21,7,none,random_linear,1774,109,0,2,False,0.04876225,0.027894247,0.9029681,0.020375418
21,7,none,random_linear,1775,109,1,2,False,0.38178918,0.04839275,0.5654025,0.0044156
21,7,none,random_linear,1776,109,0,3,False,0.02537977,0.00958557,0.030457037,0.93457764
21,7,none,random_linear,1777,109,0,2,False,0.031644218,0.009274954,0.94799525,0.01108564
21,7,none,random_linear,1778,109,1,1,True,0.020386398,0.51707053,0.093090974,0.3694521
21,7,none,random_linear,1779,109,1,2,False,0.25724617,0.22022243,0.2923926,0.2301388
21,7,none,random_linear,1780,109,0,3,False,0.017503414,0.010393857,0.30351427,0.66858846
21,7,none,random_linear,1781,109,1,0,False,0.68177503,0.18397218,0.058868565,0.07538428
21,7,none,random_linear,1782,109,0,1,False,0.07767481,0.6460555,0.24192391,0.034345716
21,7,none,random_linear,1783,109,0,0,True,0.7969916,0.05322747,0.03657816,0.11320282
21,7,none,random_linear,1784,109,1,2,False,0.059093833,0.018727576,0.7981088,0.12406983
21,7,none,random_linear,1785,109,0,0,True,0.92744434,0.0037037516,0.04454087,0.024311071
21,7,none,random_linear,1786,109,1,0,False,0.5750665,0.03669284,0.32509738,0.063143216
21,7,none,random_linear,1787,109,0,2,False,0.037902143,0.06965255,0.81997263,0.07247268
21,7,none,random_linear,1788,109,2,2,True,0.005557706,0.3772064,0.6078581,0.009377816
21,7,none,random_linear,1789,109,3,2,False,0.207059,0.06647041,0.39160433,0.33486626
21,7,none,random_linear,1790,109,2,1,False,0.05519055,0.4861857,0.08196165,0.37666214
21,7,none,random_linear,1791,109,3,2,False,0.15792385,0.031735256,0.5454205,0.26492038
21,7,none,random_linear,1792,109,2,2,True,0.0450327,0.030340139,0.5349683,0.3896589
21,7,none,random_linear,1793,109,3,2,False,0.053753894,0.1620832,0.4304343,0.35372865
21,7,none,random_linear,1794,109,2,2,True,0.17087029,0.0057989648,0.8043475,0.018983234
21,7,none,random_linear,1795,109,3,3,True,0.021652658,0.007586976,0.3300565,0.6407039
21,7,none,random_linear,1796,109,3,1,False,0.02601918,0.48529312,0.025761658,0.46292612
21,7,none,random_linear,1797,109,2,2,True,0.021129437,0.046972107,0.60994256,0.32195598
21,7,none,random_linear,1798,109,3,1,False,0.006393921,0.8981563,0.011047921,0.08440195
21,7,none,random_linear,1799,109,2,3,False,0.059128452,0.22316867,0.098950535,0.61875236
21,7,none,random_linear,1800,109,2,2,True,0.01175862,0.008533951,0.78348166,0.19622584
21,7,none,random_linear,1801,109,3,2,False,0.076324254,0.06284287,0.74532515,0.11550768
21,7,none,random_linear,1802,109,3,0,False,0.3976934,0.12750253,0.28259146,0.19221258
