probe_seed,reference_seed,defense,test_view,trial_index,subject_id,y_true,y_pred,correct,prob_left_fist,prob_right_fist,prob_both_fists,prob_both_feet
7,7,none,car,0,90,0,0,True,0.6903521,0.011955171,0.061448287,0.23624443
7,7,none,car,1,90,1,1,True,0.15253022,0.75064236,0.06359282,0.03323459
7,7,none,car,2,90,1,1,True,0.0034335724,0.9799535,0.0022388222,0.014374035
7,7,none,car,3,90,0,0,True,0.5967791,0.002059638,0.26424137,0.13691986
7,7,none,car,4,90,1,1,True,0.031066235,0.85461366,0.09742531,0.01689481
7,7,none,car,5,90,0,0,True,0.7688591,0.0019161609,0.11098561,0.11823919
7,7,none,car,6,90,1,1,True,0.2170268,0.6313222,0.08680368,0.064847365
7,7,none,car,7,90,0,0,True,0.96453357,0.0012402324,0.005974551,0.02825173
7,7,none,car,8,90,0,0,True,0.7320467,0.050292786,0.019018883,0.19864163
7,7,none,car,9,90,1,1,True,0.0044286554,0.89099145,0.09734723,0.007232692
7,7,none,car,10,90,0,0,True,0.48214647,0.109795325,0.31110054,0.09695758
7,7,none,car,11,90,1,1,True,0.0050390265,0.9884008,0.0037155931,0.0028447255
7,7,none,car,12,90,0,0,True,0.62007797,0.0031820582,0.124914214,0.2518258
7,7,none,car,13,90,1,2,False,0.025254352,0.025857352,0.9391071,0.0097811865
7,7,none,car,14,90,1,1,True,0.058430832,0.80802,0.13028403,0.0032651438
7,7,none,car,15,90,3,2,False,0.3117798,0.024481073,0.60002124,0.06371791
7,7,none,car,16,90,2,2,True,0.028344825,0.0024188757,0.7934646,0.17577161
7,7,none,car,17,90,2,3,False,0.09842587,0.0139431255,0.3466227,0.5410083
7,7,none,car,18,90,3,3,True,0.16701604,0.0076728505,0.17486076,0.65045035
7,7,none,car,19,90,3,3,True,0.025764823,0.021903891,0.40808293,0.54424834
7,7,none,car,20,90,2,2,True,0.12679099,0.047523603,0.8153304,0.010355056
7,7,none,car,21,90,3,3,True,0.012649396,0.011828649,0.29225203,0.6832699
7,7,none,car,22,90,2,2,True,0.06720958,0.06739431,0.83705693,0.028339097
7,7,none,car,23,90,2,2,True,0.027043847,0.00679136,0.7918282,0.17433666
7,7,none,car,24,90,3,2,False,0.26222435,0.063415036,0.44527766,0.229083
7,7,none,car,25,90,2,2,True,0.032606587,0.0379383,0.8710785,0.05837663
7,7,none,car,26,90,3,2,False,0.1886479,0.09349227,0.56431866,0.15354113
7,7,none,car,27,90,3,2,False,0.039312184,0.019528184,0.75942564,0.18173398
7,7,none,car,28,90,2,2,True,0.11577808,0.13377222,0.45006284,0.30038685
7,7,none,car,29,90,2,2,True,0.01189207,0.025323372,0.95642537,0.0063591916
7,7,none,car,30,90,1,1,True,0.08123261,0.90694976,0.010836604,0.0009810295
7,7,none,car,31,90,0,2,False,0.2322736,0.0939403,0.6114818,0.062304333
7,7,none,car,32,90,1,1,True,0.00010958933,0.997358,0.0009480549,0.0015843257
7,7,none,car,33,90,0,2,False,0.39959672,0.015442177,0.52947897,0.055482145
7,7,none,car,34,90,1,2,False,0.030304365,0.30545,0.39838845,0.26585722
7,7,none,car,35,90,0,2,False,0.08402944,0.034157768,0.8449954,0.03681739
7,7,none,car,36,90,1,3,False,0.026668306,0.29192734,0.070550434,0.6108539
7,7,none,car,37,90,0,0,True,0.62671775,0.052777782,0.30542383,0.0150805665
7,7,none,car,38,90,1,2,False,0.005319285,0.36082858,0.61541,0.018442186
7,7,none,car,39,90,0,2,False,0.089503795,0.009326523,0.72699773,0.17417194
7,7,none,car,40,90,1,1,True,0.21266834,0.44668922,0.16554597,0.17509653
7,7,none,car,41,90,0,2,False,0.38735217,0.0016903128,0.47044125,0.14051627
7,7,none,car,42,90,1,1,True,0.016978374,0.58283097,0.38866434,0.011526411
7,7,none,car,43,90,0,2,False,0.05119161,0.042580076,0.776058,0.13017033
7,7,none,car,44,90,1,1,True,0.0004387101,0.63349134,0.3506208,0.015449185
7,7,none,car,45,90,2,2,True,0.050188795,0.0015842235,0.90438706,0.043839812
7,7,none,car,46,90,3,2,False,0.0071619363,0.0011470437,0.9368131,0.054877933
7,7,none,car,47,90,3,2,False,0.04548474,0.013446231,0.69319874,0.24787027
7,7,none,car,48,90,2,2,True,0.098376855,0.013839307,0.5404244,0.34735945
7,7,none,car,49,90,3,3,True,0.042958956,0.034686767,0.40125266,0.5211016
7,7,none,car,50,90,2,2,True,0.029179025,0.00577304,0.8955592,0.06948879
7,7,none,car,51,90,3,3,True,0.016030086,0.008882176,0.03673399,0.9383538
7,7,none,car,52,90,2,2,True,0.048545115,0.024881104,0.79428834,0.13228542
7,7,none,car,53,90,3,2,False,0.06975806,0.0061505768,0.4645487,0.4595427
7,7,none,car,54,90,2,2,True,0.072340496,0.018033875,0.79176927,0.117856316
7,7,none,car,55,90,2,2,True,0.025629384,0.036226373,0.6439381,0.2942061
7,7,none,car,56,90,3,2,False,0.010309394,0.0015284328,0.84808266,0.14007954
7,7,none,car,57,90,2,2,True,0.002432133,0.004014055,0.90311337,0.0904404
7,7,none,car,58,90,3,2,False,0.017269969,0.0054123155,0.65146667,0.3258511
7,7,none,car,59,90,3,3,True,0.024587914,0.12489596,0.22683205,0.62368405
7,7,none,car,60,90,1,1,True,0.08990268,0.69291925,0.19646691,0.020711273
7,7,none,car,61,90,0,0,True,0.78599614,0.012001468,0.14461727,0.057385042
7,7,none,car,62,90,1,1,True,0.0249057,0.89710134,0.076318465,0.001674468
7,7,none,car,63,90,0,2,False,0.2618396,0.0045042383,0.6093639,0.12429224
7,7,none,car,64,90,0,0,True,0.7948627,0.0007691537,0.19989201,0.0044761286
7,7,none,car,65,90,1,1,True,0.008977118,0.8289779,0.15915537,0.002889636
7,7,none,car,66,90,1,2,False,0.010136448,0.42483956,0.5531411,0.01188287
7,7,none,car,67,90,0,0,True,0.49051628,0.0043148263,0.24328671,0.26188216
7,7,none,car,68,90,0,0,True,0.827599,0.004137476,0.15683603,0.011427501
7,7,none,car,69,90,1,3,False,0.03436392,0.07026196,0.36972648,0.52564764
7,7,none,car,70,90,1,1,True,0.053549774,0.5083213,0.25487387,0.18325506
7,7,none,car,71,90,0,2,False,0.23242907,0.013151173,0.67608964,0.07833011
7,7,none,car,72,90,1,2,False,0.017209241,0.01288944,0.91541356,0.054487802
7,7,none,car,73,90,0,0,True,0.51382446,0.008516933,0.45656815,0.021090405
7,7,none,car,74,90,0,2,False,0.3805005,0.0064536915,0.45568204,0.15736373
7,7,none,car,75,90,2,2,True,0.0079716,0.004518368,0.72766185,0.25984818
7,7,none,car,76,90,3,0,False,0.6667505,0.0067734323,0.2844019,0.042074192
7,7,none,car,77,90,2,2,True,0.020568741,0.011803014,0.9183251,0.049303036
7,7,none,car,78,90,3,3,True,0.030508785,0.0043503884,0.31863895,0.64650184
7,7,none,car,79,90,2,1,False,0.012254114,0.58309615,0.38459447,0.02005526
7,7,none,car,80,90,3,2,False,0.06691994,0.058324173,0.66603696,0.20871894
7,7,none,car,81,90,2,2,True,0.010230459,0.0039618253,0.912913,0.072894685
7,7,none,car,82,90,3,2,False,0.043995358,0.025227262,0.8020847,0.12869273
7,7,none,car,83,90,2,2,True,0.009748068,0.001295431,0.9728463,0.016110143
7,7,none,car,84,90,3,2,False,0.027841352,0.021428384,0.6319306,0.31879964
7,7,none,car,85,90,2,2,True,0.17337951,0.10471897,0.62874967,0.09315187
7,7,none,car,86,90,3,3,True,0.12550306,0.01968424,0.37649286,0.47831985
7,7,none,car,87,90,3,2,False,0.22355658,0.018464481,0.69883114,0.059147812
7,7,none,car,88,90,2,2,True,0.017450754,0.013347903,0.9158072,0.05339419
7,7,none,car,89,90,3,3,True,0.13307467,0.11763098,0.17831306,0.57098126
7,7,none,car,90,91,0,0,True,0.59990495,0.25406915,0.12081504,0.025210904
7,7,none,car,91,91,1,2,False,0.16145003,0.09675869,0.4637766,0.2780147
7,7,none,car,92,91,0,2,False,0.1394099,0.026479159,0.58488053,0.24923046
7,7,none,car,93,91,1,1,True,0.03228682,0.66028285,0.15709423,0.15033609
7,7,none,car,94,91,1,1,True,0.0007404331,0.9962388,0.0017176596,0.0013030692
7,7,none,car,95,91,0,0,True,0.87963825,0.026004909,0.079435214,0.014921582
7,7,none,car,96,91,1,1,True,0.05595257,0.90594405,0.030526454,0.007576942
7,7,none,car,97,91,0,0,True,0.46142137,0.3389536,0.069527015,0.13009806
7,7,none,car,98,91,0,0,True,0.96928865,0.006331593,0.012952116,0.011427597
7,7,none,car,99,91,1,3,False,0.1491701,0.3169533,0.17547739,0.3583992
7,7,none,car,100,91,0,0,True,0.9841712,0.0029780988,0.008765579,0.004085071
7,7,none,car,101,91,1,2,False,0.005849309,0.120379895,0.8537941,0.01997672
7,7,none,car,102,91,1,1,True,0.0039659934,0.8350548,0.091409,0.069570266
7,7,none,car,103,91,0,0,True,0.81727016,0.009955681,0.15781553,0.014958614
7,7,none,car,104,91,0,0,True,0.93480206,0.012486845,0.04875807,0.003953044
7,7,none,car,105,91,2,3,False,0.007295757,0.08172144,0.3548233,0.5561595
7,7,none,car,106,91,3,3,True,0.0009848473,0.044534944,0.2628867,0.69159347
7,7,none,car,107,91,3,3,True,0.0030914913,0.015179517,0.20193632,0.77979267
7,7,none,car,108,91,2,2,True,0.0018175207,0.014425823,0.97922635,0.0045302594
7,7,none,car,109,91,2,2,True,0.00074011553,0.0027423312,0.98884356,0.0076740063
7,7,none,car,110,91,3,2,False,0.008579304,0.013410847,0.7613219,0.21668793
7,7,none,car,111,91,3,3,True,0.0051730373,0.029621216,0.36235523,0.6028505
7,7,none,car,112,91,2,2,True,0.007594311,0.015514007,0.9108142,0.066077426
7,7,none,car,113,91,3,2,False,0.05569724,0.019832026,0.884923,0.039547727
7,7,none,car,114,91,2,2,True,0.0003063194,0.00045608045,0.99886876,0.00036874475
7,7,none,car,115,91,3,2,False,0.0011107738,0.0012379581,0.9899379,0.0077133975
7,7,none,car,116,91,2,2,True,0.01812043,0.018520378,0.9308598,0.032499433
7,7,none,car,117,91,2,2,True,0.008122645,0.022903187,0.7953433,0.17363091
7,7,none,car,118,91,3,2,False,0.003737822,0.001695356,0.99081683,0.0037499615
7,7,none,car,119,91,2,2,True,0.00046141504,0.0035519071,0.9943481,0.0016385618
7,7,none,car,120,91,0,0,True,0.6379704,0.121246375,0.22615795,0.014625297
7,7,none,car,121,91,1,2,False,0.009873462,0.012766489,0.6432822,0.3340779
7,7,none,car,122,91,1,2,False,0.007143569,0.35899276,0.5935843,0.04027934
7,7,none,car,123,91,0,3,False,0.004516262,0.027945906,0.4727073,0.4948306
7,7,none,car,124,91,0,0,True,0.9816265,0.004541614,0.008461351,0.0053706244
7,7,none,car,125,91,1,2,False,0.010083056,0.15560396,0.68361205,0.15070091
7,7,none,car,126,91,1,2,False,0.0003750349,0.32555756,0.6380289,0.036038525
7,7,none,car,127,91,0,2,False,0.08605443,0.027656628,0.4710073,0.4152816
7,7,none,car,128,91,0,0,True,0.9914085,0.0005123656,0.0037007758,0.004378358
7,7,none,car,129,91,1,1,True,0.013359885,0.63407147,0.20413336,0.14843524
7,7,none,car,130,91,1,2,False,0.012700553,0.10491031,0.443823,0.43856612
7,7,none,car,131,91,0,0,True,0.8183267,0.005338886,0.17430705,0.0020273384
7,7,none,car,132,91,1,1,True,0.10628108,0.5661567,0.13380572,0.19375654
7,7,none,car,133,91,0,3,False,0.04404855,0.02283146,0.1601312,0.7729888
7,7,none,car,134,91,1,0,False,0.6993512,0.008164738,0.17750055,0.11498348
7,7,none,car,135,91,2,3,False,0.02248494,0.19596444,0.2676981,0.5138525
7,7,none,car,136,91,3,2,False,0.0032822422,0.0049557164,0.941768,0.049994048
7,7,none,car,137,91,2,2,True,0.032655068,0.04179916,0.7394185,0.18612729
7,7,none,car,138,91,3,2,False,0.0037402527,0.008685552,0.9387897,0.04878454
7,7,none,car,139,91,2,2,True,0.00962897,0.016520811,0.9102514,0.06359885
7,7,none,car,140,91,3,3,True,0.00033165878,0.0016342574,0.021154203,0.97687984
7,7,none,car,141,91,2,2,True,0.0021047166,0.020799326,0.97632617,0.00076981564
7,7,none,car,142,91,3,3,True,0.0010864397,0.0015249085,0.038875405,0.95851326
7,7,none,car,143,91,2,2,True,0.0014257632,0.049605884,0.93872267,0.0102456715
7,7,none,car,144,91,3,2,False,0.0016197434,0.021529326,0.8143079,0.16254297
7,7,none,car,145,91,3,3,True,0.037513703,0.056565136,0.032639526,0.87328166
7,7,none,car,146,91,2,3,False,0.31450427,0.030140327,0.060018968,0.59533644
7,7,none,car,147,91,2,3,False,0.0018148015,0.017211897,0.40981245,0.5711608
7,7,none,car,148,91,3,3,True,0.025835292,0.021283142,0.3531337,0.59974784
7,7,none,car,149,91,3,3,True,0.0016159675,0.038611945,0.014964046,0.94480807
7,7,none,car,150,91,1,1,True,1.2422143e-05,0.81903166,0.18008065,0.00087531196
7,7,none,car,151,91,0,0,True,0.42666692,0.010889757,0.21880852,0.3436348
7,7,none,car,152,91,1,2,False,0.0023432088,0.24624994,0.61266875,0.13873811
7,7,none,car,153,91,0,0,True,0.76734793,0.00038960553,0.22781493,0.004447528
7,7,none,car,154,91,0,2,False,0.04144574,0.00026707767,0.958093,0.00019420643
7,7,none,car,155,91,1,2,False,0.006281916,0.00055699504,0.9880453,0.005115833
7,7,none,car,156,91,1,2,False,3.8120434e-05,0.05452739,0.94391835,0.0015161195
7,7,none,car,157,91,0,0,True,0.97983724,0.0008288419,0.018735431,0.0005984945
7,7,none,car,158,91,0,0,True,0.7865587,0.04758501,0.15634342,0.009512896
7,7,none,car,159,91,1,2,False,0.018769665,0.13059862,0.7300134,0.12061828
7,7,none,car,160,91,0,2,False,0.4727607,0.0073539517,0.51462245,0.0052629
7,7,none,car,161,91,1,1,True,0.009363107,0.8095364,0.12453152,0.05656896
7,7,none,car,162,91,1,2,False,0.039283153,0.017462155,0.92714185,0.016112838
7,7,none,car,163,91,0,0,True,0.5060911,0.0005241325,0.47495833,0.018426396
7,7,none,car,164,91,1,2,False,0.00083002856,0.005018935,0.9600265,0.034124516
7,7,none,car,165,91,2,2,True,0.0043268055,0.0009988591,0.98893577,0.0057385066
7,7,none,car,166,91,3,2,False,0.003454739,0.0021041457,0.9361785,0.058262635
7,7,none,car,167,91,3,2,False,0.00061697763,0.015468525,0.9083505,0.07556403
7,7,none,car,168,91,2,2,True,0.0056511397,0.012185126,0.96357584,0.018587923
7,7,none,car,169,91,2,2,True,0.0006275506,0.00027345045,0.9662821,0.03281689
7,7,none,car,170,91,3,2,False,0.018338995,0.100931704,0.6737431,0.20698617
7,7,none,car,171,91,3,3,True,0.009903949,0.0037848984,0.2823352,0.703976
7,7,none,car,172,91,2,2,True,0.0024816177,0.0033653753,0.97564054,0.018512394
7,7,none,car,173,91,3,2,False,0.07302071,0.078823455,0.58635294,0.26180282
7,7,none,car,174,91,2,2,True,0.010408959,0.0008513136,0.9637264,0.025013361
7,7,none,car,175,91,2,2,True,0.0021322593,0.02318719,0.96145,0.013230532
7,7,none,car,176,91,3,2,False,0.0040761186,0.01749126,0.7370579,0.24137464
7,7,none,car,177,91,3,2,False,0.05424536,0.008169009,0.5868995,0.35068607
7,7,none,car,178,91,2,2,True,0.0044856532,0.029578025,0.94826627,0.017670104
7,7,none,car,179,91,3,2,False,0.0018243814,0.0027974655,0.9432718,0.05210623
7,7,none,car,180,92,1,3,False,0.06270196,0.1574706,0.06882679,0.7110007
7,7,none,car,181,92,0,3,False,0.090877794,0.05078818,0.1229074,0.73542666
7,7,none,car,182,92,1,0,False,0.6263858,0.08945198,0.20171335,0.08244889
7,7,none,car,183,92,0,2,False,0.23300794,0.016041297,0.7344742,0.016476588
7,7,none,car,184,92,0,3,False,0.3009676,0.097405836,0.24416603,0.35746056
7,7,none,car,185,92,1,1,True,0.06075814,0.7074988,0.20267148,0.029071532
7,7,none,car,186,92,0,0,True,0.8083668,0.027977893,0.107806675,0.05584863
7,7,none,car,187,92,1,1,True,0.040258426,0.9564338,0.0024537237,0.0008540924
7,7,none,car,188,92,1,1,True,0.003365845,0.99479115,0.0008785261,0.0009645178
7,7,none,car,189,92,0,2,False,0.18752606,0.045973435,0.6648979,0.10160255
7,7,none,car,190,92,0,0,True,0.8748997,0.047966514,0.047969375,0.029164406
7,7,none,car,191,92,1,3,False,0.20212774,0.050922774,0.246779,0.50017047
7,7,none,car,192,92,0,0,True,0.8834283,0.06807594,0.04578501,0.0027108402
7,7,none,car,193,92,1,3,False,0.018581437,0.088309936,0.046453875,0.8466548
7,7,none,car,194,92,0,2,False,0.26735857,0.11600844,0.4509195,0.16571346
7,7,none,car,195,92,1,1,True,0.103620775,0.72516835,0.08039325,0.09081767
7,7,none,car,196,92,1,1,True,0.0038867428,0.9891719,0.0036973085,0.0032440037
7,7,none,car,197,92,0,0,True,0.94078094,0.03259853,0.017942203,0.008678385
7,7,none,car,198,92,1,1,True,0.028263045,0.49437898,0.43601358,0.04134437
7,7,none,car,199,92,2,0,False,0.53924465,0.045191493,0.2303007,0.18526322
7,7,none,car,200,92,3,3,True,0.28928912,0.026911393,0.20040745,0.483392
7,7,none,car,201,92,2,3,False,0.14544845,0.01259663,0.24063475,0.6013202
7,7,none,car,202,92,3,3,True,0.17269816,0.04389028,0.24583669,0.5375749
7,7,none,car,203,92,2,2,True,0.2149195,0.25815338,0.47427917,0.052647915
7,7,none,car,204,92,3,3,True,0.06510207,0.055278458,0.05551713,0.82410234
7,7,none,car,205,92,2,2,True,0.09249769,0.1425156,0.4321211,0.3328656
7,7,none,car,206,92,3,3,True,0.27952635,0.21764897,0.094372794,0.40845186
7,7,none,car,207,92,3,0,False,0.31545833,0.22899707,0.18403533,0.2715093
7,7,none,car,208,92,2,0,False,0.40619537,0.03788352,0.21029086,0.3456302
7,7,none,car,209,92,2,2,True,0.005152063,0.16419329,0.82292604,0.0077285706
7,7,none,car,210,92,3,3,True,0.024586746,0.35534066,0.0065617417,0.6135109
7,7,none,car,211,92,3,3,True,0.070498124,0.1824317,0.041534357,0.7055358
7,7,none,car,212,92,2,1,False,0.26242387,0.37502545,0.16591787,0.19663288
7,7,none,car,213,92,3,0,False,0.41904688,0.122777544,0.07592256,0.38225305
7,7,none,car,214,92,2,0,False,0.83373183,0.083676554,0.06236469,0.020226926
7,7,none,car,215,92,2,3,False,0.0108710015,0.05382322,0.30967212,0.6256337
7,7,none,car,216,92,3,2,False,0.03233074,0.32827902,0.39087868,0.24851157
7,7,none,car,217,92,2,2,True,0.013096332,0.11347494,0.81330156,0.06012713
7,7,none,car,218,92,0,0,True,0.98520017,0.0022693197,0.00931108,0.0032194855
7,7,none,car,219,92,1,1,True,0.45542172,0.51275945,0.015044846,0.016773945
7,7,none,car,220,92,0,0,True,0.92760867,0.03174034,0.024606235,0.016044723
7,7,none,car,221,92,1,1,True,0.1472334,0.7193278,0.04390295,0.089535914
7,7,none,car,222,92,1,1,True,0.075305015,0.8819341,0.035992388,0.0067684553
7,7,none,car,223,92,0,0,True,0.6566619,0.106368676,0.11009497,0.12687439
7,7,none,car,224,92,1,1,True,0.003709149,0.8822728,0.00083880784,0.11317932
7,7,none,car,225,92,0,1,False,0.17435506,0.6588191,0.15384611,0.012979783
7,7,none,car,226,92,0,0,True,0.9801237,0.015004403,0.0012611618,0.0036106734
7,7,none,car,227,92,1,1,True,0.00813009,0.9041308,0.014935184,0.07280384
7,7,none,car,228,92,1,1,True,0.00018850602,0.9587613,0.0028204992,0.038229693
7,7,none,car,229,92,0,0,True,0.8534851,0.004192922,0.03161871,0.11070329
7,7,none,car,230,92,1,1,True,0.0054186755,0.9885167,0.0025852346,0.0034794805
7,7,none,car,231,92,0,3,False,0.2244837,0.15749395,0.20111881,0.41690356
7,7,none,car,232,92,0,0,True,0.96445614,0.0022771738,0.015286114,0.017980574
7,7,none,car,233,92,1,1,True,0.009587171,0.9820942,0.00306025,0.0052583907
7,7,none,car,234,92,0,0,True,0.4299321,0.0053972765,0.20448631,0.36018437
7,7,none,car,235,92,1,1,True,0.007645983,0.9210717,0.04415734,0.027125088
7,7,none,car,236,92,1,1,True,0.007715395,0.9598842,0.0015682288,0.030832205
7,7,none,car,237,92,3,3,True,0.06806335,0.06845039,0.019511774,0.84397453
7,7,none,car,238,92,2,3,False,0.14584437,0.045618355,0.081097364,0.7274399
7,7,none,car,239,92,3,0,False,0.32073593,0.20436256,0.21829532,0.2566062
7,7,none,car,240,92,2,2,True,0.0412041,0.09602722,0.7138519,0.14891674
7,7,none,car,241,92,2,2,True,0.11194066,0.1477036,0.68465173,0.05570398
7,7,none,car,242,92,3,2,False,0.15071832,0.051330276,0.602086,0.19586542
7,7,none,car,243,92,2,1,False,0.24567628,0.32711634,0.25675726,0.1704501
7,7,none,car,244,92,3,0,False,0.32158783,0.3181337,0.27768052,0.082597926
7,7,none,car,245,92,2,2,True,0.12880126,0.239481,0.47939932,0.15231843
7,7,none,car,246,92,3,3,True,0.0040858416,0.03489344,0.05236415,0.90865654
7,7,none,car,247,92,2,2,True,0.023399841,0.09347621,0.49569333,0.3874307
7,7,none,car,248,92,3,3,True,0.021435026,0.18173818,0.18780455,0.60902226
7,7,none,car,249,92,3,3,True,0.006130645,0.07061909,0.009842058,0.9134082
7,7,none,car,250,92,2,2,True,0.020699382,0.055132303,0.8944411,0.029727198
7,7,none,car,251,92,3,3,True,0.005957736,0.01427791,0.080974735,0.8987896
7,7,none,car,252,92,2,2,True,0.242539,0.06413115,0.4172266,0.27610326
7,7,none,car,253,92,2,2,True,0.076887846,0.035499465,0.82803696,0.05957575
7,7,none,car,254,92,3,3,True,0.15158387,0.060605478,0.36590636,0.42190433
7,7,none,car,255,92,2,2,True,0.07288534,0.28010416,0.62847996,0.018530512
7,7,none,car,256,92,0,0,True,0.93284833,0.020192066,0.0029197973,0.044039868
7,7,none,car,257,92,1,0,False,0.84329486,0.102135696,0.043162238,0.011407167
7,7,none,car,258,92,1,1,True,0.018284488,0.90794605,0.010639805,0.06312967
7,7,none,car,259,92,0,0,True,0.87586105,0.016252676,0.021197878,0.08668837
7,7,none,car,260,92,0,0,True,0.610342,0.0075500044,0.05679545,0.32531247
7,7,none,car,261,92,1,1,True,0.024155336,0.9218436,0.04711789,0.006883166
7,7,none,car,262,92,1,1,True,0.008389814,0.6673314,0.019757366,0.30452138
7,7,none,car,263,92,0,0,True,0.75274265,0.061484292,0.14457308,0.04119998
7,7,none,car,264,92,0,0,True,0.82323974,0.020228092,0.12625036,0.03028184
7,7,none,car,265,92,1,1,True,0.0044847867,0.9864362,0.0011552537,0.007923811
7,7,none,car,266,92,0,0,True,0.79268134,0.1351422,0.052852746,0.019323792
7,7,none,car,267,92,1,3,False,0.2440861,0.23429033,0.19969396,0.32192963
7,7,none,car,268,92,0,0,True,0.81540394,0.11381008,0.023146102,0.047639906
7,7,none,car,269,92,1,1,True,0.013290246,0.77179414,0.11493227,0.09998341
7,7,none,car,270,92,1,1,True,0.063719876,0.7319023,0.1189462,0.085431606
7,7,none,car,271,92,0,0,True,0.8351252,0.111731164,0.014248099,0.038895473
7,7,none,car,272,92,1,1,True,0.10548274,0.65156937,0.20151706,0.041430846
7,7,none,car,273,92,0,0,True,0.6135886,0.043381896,0.3009511,0.042078447
7,7,none,car,274,92,1,2,False,0.113124646,0.16452679,0.53338414,0.1889644
7,7,none,car,275,92,3,2,False,0.16859493,0.31713375,0.3251872,0.18908413
7,7,none,car,276,92,2,3,False,0.103190765,0.21193428,0.33481786,0.35005707
7,7,none,car,277,92,3,3,True,0.011098148,0.058409728,0.21606793,0.7144242
7,7,none,car,278,92,2,3,False,0.1342964,0.19608615,0.21674295,0.45287445
7,7,none,car,279,92,3,3,True,0.043970004,0.0038817185,0.14479074,0.80735755
7,7,none,car,280,92,2,2,True,0.19955534,0.07984246,0.5764378,0.1441644
7,7,none,car,281,92,3,3,True,0.014410301,0.13858859,0.32055768,0.5264434
7,7,none,car,282,92,2,2,True,0.09276162,0.19456697,0.6688289,0.043842502
7,7,none,car,283,92,2,2,True,0.01946313,0.087295294,0.8752731,0.017968431
7,7,none,car,284,92,3,3,True,0.16783528,0.14125775,0.26115507,0.42975187
7,7,none,car,285,92,3,3,True,0.004150579,0.2777791,0.025878722,0.69219154
7,7,none,car,286,92,2,2,True,0.029421771,0.37312245,0.54025227,0.057203487
7,7,none,car,287,92,2,1,False,0.0320896,0.87270933,0.055835135,0.0393659
7,7,none,car,288,92,3,3,True,0.13422611,0.26133773,0.27471477,0.32972142
7,7,none,car,289,92,3,3,True,0.0133366445,0.057490814,0.02312315,0.90604943
7,7,none,car,290,92,2,3,False,0.09207776,0.2389749,0.15776992,0.5111774
7,7,none,car,291,92,2,3,False,0.3436714,0.033028707,0.23740692,0.3858929
7,7,none,car,292,92,3,3,True,0.07883291,0.0386915,0.058977377,0.8234982
7,7,none,car,293,92,2,1,False,0.095228,0.46020538,0.2269075,0.21765912
7,7,none,car,294,93,1,1,True,0.030910015,0.40817586,0.1861855,0.37472868
7,7,none,car,295,93,0,2,False,0.03077282,0.120956,0.80046535,0.04780584
7,7,none,car,296,93,1,1,True,0.0001353832,0.93598527,0.026437026,0.037442382
7,7,none,car,297,93,0,2,False,0.03751759,0.2448135,0.6338875,0.08378143
7,7,none,car,298,93,1,2,False,0.00085325574,0.04635866,0.91937006,0.033418063
7,7,none,car,299,93,0,2,False,0.0036195654,0.023866165,0.77464485,0.19786945
7,7,none,car,300,93,0,0,True,0.85911435,0.055933475,0.06530381,0.019648418
7,7,none,car,301,93,1,1,True,0.0017336879,0.4140491,0.21821152,0.36600575
7,7,none,car,302,93,1,2,False,0.09320338,0.019840091,0.85156304,0.0353934
7,7,none,car,303,93,0,2,False,0.07117127,0.02235846,0.86478347,0.041686755
7,7,none,car,304,93,1,2,False,0.004016826,0.18848144,0.706486,0.10101577
7,7,none,car,305,93,0,0,True,0.9704737,0.0042349715,0.013363198,0.0119281085
7,7,none,car,306,93,1,2,False,0.0007994705,0.29065162,0.5284362,0.18011267
7,7,none,car,307,93,0,0,True,0.98948425,0.0009221498,0.006457397,0.00313619
7,7,none,car,308,93,0,0,True,0.45223483,0.02645409,0.3285764,0.1927347
7,7,none,car,309,93,3,3,True,6.544427e-05,0.008561079,0.011646215,0.97972727
7,7,none,car,310,93,2,2,True,0.00051111,0.07962749,0.82041,0.09945136
7,7,none,car,311,93,2,2,True,0.0013897747,0.0085008675,0.9343236,0.05578572
7,7,none,car,312,93,3,3,True,0.0014682481,0.0043768566,0.023345271,0.97080964
7,7,none,car,313,93,3,3,True,2.785669e-05,0.0029393851,0.015384345,0.98164845
7,7,none,car,314,93,2,2,True,0.0078620175,0.021117123,0.9215879,0.04943305
7,7,none,car,315,93,3,2,False,0.0006529957,0.20767067,0.7217792,0.06989705
7,7,none,car,316,93,2,2,True,8.880376e-06,0.00010897604,0.99986887,1.3202642e-05
7,7,none,car,317,93,2,2,True,0.0097214235,0.0069178487,0.93689317,0.04646761
7,7,none,car,318,93,3,3,True,0.0024770545,0.036186945,0.054761473,0.9065746
7,7,none,car,319,93,3,3,True,0.16997106,0.037289463,0.03309586,0.75964355
7,7,none,car,320,93,2,2,True,0.0017587529,0.012803336,0.9772299,0.008207978
7,7,none,car,321,93,2,2,True,0.018800449,0.004724499,0.9386125,0.037862577
7,7,none,car,322,93,3,3,True,0.00021879877,0.0024967764,0.0062565664,0.9910279
7,7,none,car,323,93,2,2,True,0.0023283965,0.00364898,0.9904136,0.0036090005
7,7,none,car,324,93,0,0,True,0.9701164,0.0013382646,0.013796787,0.014748559
7,7,none,car,325,93,1,3,False,0.00091789867,0.06213814,0.31122807,0.6257159
7,7,none,car,326,93,1,1,True,6.902004e-07,0.9969645,0.00037721667,0.0026575122
7,7,none,car,327,93,0,2,False,0.075750396,0.012974864,0.8134134,0.09786136
7,7,none,car,328,93,0,3,False,0.18340744,0.0036048365,0.30746093,0.5055268
7,7,none,car,329,93,1,2,False,0.0034275334,0.43803114,0.48344153,0.07509976
7,7,none,car,330,93,0,2,False,0.048567593,0.11998248,0.51372683,0.31772313
7,7,none,car,331,93,1,2,False,0.00050588255,0.21148087,0.40650246,0.38151076
7,7,none,car,332,93,1,2,False,0.000606753,0.089349695,0.8058958,0.10414779
7,7,none,car,333,93,0,2,False,0.014170624,0.040184587,0.64914936,0.2964954
7,7,none,car,334,93,1,3,False,0.0021095797,0.07170531,0.31343076,0.61275434
7,7,none,car,335,93,0,2,False,0.18503496,0.001850457,0.7806084,0.03250613
7,7,none,car,336,93,0,0,True,0.6044881,0.0040761093,0.09995112,0.29148468
7,7,none,car,337,93,1,2,False,0.000687591,0.026829708,0.8694598,0.10302288
7,7,none,car,338,93,0,3,False,0.016534755,0.0005376572,0.2630828,0.71984476
7,7,none,car,339,93,2,2,True,0.060844544,0.022262074,0.9033236,0.0135697415
7,7,none,car,340,93,3,3,True,2.4250758e-05,0.00015670562,0.0022363837,0.9975827
7,7,none,car,341,93,3,3,True,0.001176738,0.06342123,0.16632369,0.7690783
7,7,none,car,342,93,2,2,True,0.0013117134,0.025179107,0.92637426,0.04713489
7,7,none,car,343,93,2,2,True,0.0008324288,0.20927498,0.7507534,0.039139226
7,7,none,car,344,93,3,3,True,0.00025263467,0.18406218,0.013362979,0.80232227
7,7,none,car,345,93,3,3,True,8.559659e-05,0.0005419758,0.0018768071,0.9974956
7,7,none,car,346,93,2,2,True,0.0033506802,0.10405341,0.87729573,0.015300162
7,7,none,car,347,93,3,3,True,0.008390686,0.003914611,0.093253024,0.89444166
7,7,none,car,348,93,2,2,True,0.0012927457,0.1923254,0.74923956,0.05714235
7,7,none,car,349,93,3,2,False,0.0014191158,0.05735733,0.68537825,0.25584528
7,7,none,car,350,93,2,2,True,0.00019538648,0.0029541177,0.98259246,0.014258021
7,7,none,car,351,93,3,3,True,0.00021290852,0.0039794985,0.015077303,0.9807303
7,7,none,car,352,93,2,2,True,0.0025875696,0.010042453,0.9691918,0.018178243
7,7,none,car,353,93,2,3,False,0.009818222,0.06884313,0.4397754,0.48156324
7,7,none,car,354,93,0,2,False,0.061438385,0.34559682,0.40102032,0.19194451
7,7,none,car,355,93,1,2,False,0.00053463853,0.046424728,0.9213294,0.03171129
7,7,none,car,356,93,0,2,False,0.09509447,0.005150324,0.86464673,0.03510848
7,7,none,car,357,93,1,1,True,0.00028880357,0.98018634,0.0039296597,0.015595184
7,7,none,car,358,93,1,1,True,0.0006477403,0.9038775,0.011186674,0.084288135
7,7,none,car,359,93,0,0,True,0.4001478,0.0734529,0.20356983,0.32282948
7,7,none,car,360,93,1,2,False,0.0008655342,0.026635984,0.5604238,0.4120747
7,7,none,car,361,93,0,1,False,0.004745312,0.8550324,0.037768904,0.10245331
7,7,none,car,362,93,1,1,True,0.0045716097,0.63936067,0.27403665,0.082031064
7,7,none,car,363,93,0,0,True,0.45552057,0.004647845,0.2821063,0.25772527
7,7,none,car,364,93,0,0,True,0.3779344,0.04311764,0.37741998,0.201528
7,7,none,car,365,93,1,3,False,0.0010175522,0.04945416,0.31926563,0.6302627
7,7,none,car,366,93,1,1,True,0.00014090927,0.6991926,0.031169321,0.26949713
7,7,none,car,367,93,0,2,False,0.015620087,0.22675157,0.5731219,0.18450648
7,7,none,car,368,93,1,2,False,0.012415036,0.30553034,0.6446969,0.037357714
7,7,none,car,369,93,2,3,False,0.120043136,0.032970276,0.41403213,0.43295446
7,7,none,car,370,93,3,2,False,0.0030174316,0.017697135,0.8326857,0.14659972
7,7,none,car,371,93,3,3,True,0.00086020306,0.0072002322,0.064076,0.92786354
7,7,none,car,372,93,2,1,False,0.04951335,0.6907933,0.25271794,0.00697546
7,7,none,car,373,93,3,3,True,0.00017209415,0.45834076,0.025095763,0.51639134
7,7,none,car,374,93,2,1,False,0.0014548481,0.62192833,0.36374843,0.012868379
7,7,none,car,375,93,2,2,True,0.009645001,0.010503958,0.85825586,0.12159525
7,7,none,car,376,93,3,3,True,2.048943e-05,0.002851485,0.0041382047,0.9929898
7,7,none,car,377,93,3,3,True,7.860069e-06,0.0017211182,0.009129038,0.98914206
7,7,none,car,378,93,2,2,True,0.0007514645,0.0013215765,0.97157985,0.026347028
7,7,none,car,379,93,2,2,True,0.0010770288,0.011644882,0.9261444,0.06113369
7,7,none,car,380,93,3,3,True,0.010832645,0.014723169,0.14067978,0.83376443
7,7,none,car,381,93,3,3,True,0.0007800656,0.003203565,0.33464614,0.6613702
7,7,none,car,382,93,2,1,False,3.6685724e-05,0.97912973,0.0193012,0.0015324061
7,7,none,car,383,93,3,2,False,0.0023715494,0.005185048,0.90644145,0.08600195
7,7,none,car,384,94,0,0,True,0.99032265,0.0011417669,0.008293736,0.00024188866
7,7,none,car,385,94,1,1,True,0.002094868,0.4987773,0.49064505,0.00848282
7,7,none,car,386,94,1,2,False,0.031723835,0.05578,0.8026803,0.109815925
7,7,none,car,387,94,0,0,True,0.9988207,0.00016535218,0.00097487844,3.8883267e-05
7,7,none,car,388,94,1,2,False,0.017692,0.192018,0.63780063,0.15248929
7,7,none,car,389,94,0,0,True,0.9823918,0.004435848,0.011048803,0.0021235594
7,7,none,car,390,94,1,2,False,0.029083326,0.0094699105,0.954962,0.0064847334
7,7,none,car,391,94,0,0,True,0.9957203,0.00015202815,0.0033603187,0.0007673078
7,7,none,car,392,94,1,2,False,0.069429316,0.10739109,0.7388154,0.08436414
7,7,none,car,393,94,0,0,True,0.56477165,0.026210424,0.4080679,0.00094998686
7,7,none,car,394,94,0,0,True,0.97536784,0.00066473807,0.017167766,0.0067996383
7,7,none,car,395,94,1,2,False,0.015845627,0.025947532,0.9277308,0.030475983
7,7,none,car,396,94,1,1,True,0.086903974,0.54093134,0.24868351,0.123481184
7,7,none,car,397,94,0,0,True,0.71392995,0.0013279461,0.20866475,0.07607729
7,7,none,car,398,94,1,2,False,0.037464723,0.17968781,0.5775258,0.20532173
7,7,none,car,399,94,2,2,True,0.0055648563,0.013136211,0.9788396,0.0024594287
7,7,none,car,400,94,3,3,True,0.0061217765,0.01541943,0.14302197,0.8354368
7,7,none,car,401,94,3,3,True,0.00053308456,0.0039106235,0.003642185,0.99191415
7,7,none,car,402,94,2,2,True,0.0020555144,0.003265407,0.9860685,0.008610514
7,7,none,car,403,94,3,3,True,0.017381838,0.009063958,0.19739456,0.7761596
7,7,none,car,404,94,2,2,True,0.044358034,0.086740635,0.84383166,0.025069676
7,7,none,car,405,94,2,2,True,0.0015539861,0.0058615343,0.98950434,0.0030801073
7,7,none,car,406,94,3,3,True,0.0064005135,0.057384938,0.04956357,0.8866509
7,7,none,car,407,94,2,2,True,0.034729727,0.014347892,0.9117762,0.039146252
7,7,none,car,408,94,3,3,True,0.0053991755,0.01146662,0.10199124,0.881143
7,7,none,car,409,94,3,3,True,0.003031936,0.0010490599,0.039388966,0.9565301
7,7,none,car,410,94,2,2,True,0.0030749566,0.005691158,0.98811996,0.0031138775
7,7,none,car,411,94,3,3,True,0.010606121,0.00564412,0.23846859,0.74528116
7,7,none,car,412,94,2,2,True,0.26331425,0.01775076,0.63323116,0.08570391
7,7,none,car,413,94,3,2,False,0.044089068,0.024753658,0.66003364,0.2711236
7,7,none,car,414,94,1,1,True,0.006915986,0.9290879,0.054869793,0.009126351
7,7,none,car,415,94,0,0,True,0.35858527,0.29634485,0.34131575,0.0037541154
7,7,none,car,416,94,1,1,True,0.028006677,0.9021574,0.06860262,0.0012331998
7,7,none,car,417,94,0,0,True,0.88353896,0.014111077,0.094546966,0.0078029903
7,7,none,car,418,94,0,0,True,0.93614584,0.0021329126,0.06141376,0.00030748534
7,7,none,car,419,94,1,1,True,9.329332e-05,0.78008467,0.20685904,0.012963006
7,7,none,car,420,94,1,2,False,0.034740802,0.028469691,0.5296939,0.4070956
7,7,none,car,421,94,0,0,True,0.8226943,0.0009415685,0.17390473,0.0024593633
7,7,none,car,422,94,0,0,True,0.7120798,0.08298755,0.20303859,0.0018940476
7,7,none,car,423,94,1,2,False,0.14275813,0.007968169,0.82358277,0.02569087
7,7,none,car,424,94,1,1,True,0.00022301794,0.9511514,0.046070006,0.0025556204
7,7,none,car,425,94,0,2,False,0.04901202,0.18889816,0.7446367,0.017453114
7,7,none,car,426,94,1,2,False,0.00203512,0.1018637,0.88251114,0.013590117
7,7,none,car,427,94,0,0,True,0.9173139,0.00012248926,0.07208671,0.010476966
7,7,none,car,428,94,1,2,False,0.008011184,0.0040314216,0.9736742,0.014283176
7,7,none,car,429,94,3,3,True,0.07840066,0.007794365,0.14876628,0.76503867
7,7,none,car,430,94,2,2,True,0.12150747,0.011124699,0.8494313,0.017936494
7,7,none,car,431,94,3,3,True,0.00063959364,0.024304707,0.14149211,0.83356357
7,7,none,car,432,94,2,2,True,0.00040971566,0.0014054478,0.9948726,0.0033122548
7,7,none,car,433,94,3,3,True,0.0040186686,0.043525122,0.020014007,0.9324422
7,7,none,car,434,94,2,2,True,0.0072506196,0.011486995,0.97774166,0.0035206485
7,7,none,car,435,94,2,2,True,0.0031542832,0.022691054,0.83773273,0.13642198
7,7,none,car,436,94,3,2,False,0.009180504,0.02605566,0.58981985,0.37494394
7,7,none,car,437,94,3,3,True,0.006313323,0.22479364,0.06387118,0.70502186
7,7,none,car,438,94,2,2,True,0.0056248396,0.021623729,0.9601773,0.012574159
7,7,none,car,439,94,3,3,True,0.019846324,0.04604906,0.25587383,0.67823076
7,7,none,car,440,94,2,2,True,0.13000141,0.03763227,0.8164818,0.01588443
7,7,none,car,441,94,3,2,False,0.0092819715,0.0040815813,0.86185694,0.12477951
7,7,none,car,442,94,2,2,True,0.0050131655,0.0032281403,0.9903876,0.00137105
7,7,none,car,443,94,2,3,False,0.065057695,0.068267845,0.17264828,0.6940262
7,7,none,car,444,94,0,0,True,0.96231955,0.006492814,0.030153004,0.001034663
7,7,none,car,445,94,1,2,False,0.06391035,0.032714766,0.9017445,0.0016303469
7,7,none,car,446,94,1,2,False,0.001345842,0.08425439,0.9092084,0.005191408
7,7,none,car,447,94,0,2,False,0.24642153,0.0040163333,0.7471936,0.0023684981
7,7,none,car,448,94,1,2,False,0.00079062255,0.2653039,0.68025964,0.05364579
7,7,none,car,449,94,0,2,False,0.3993568,0.0030823513,0.5611971,0.036363713
7,7,none,car,450,94,1,2,False,0.053148653,0.22230609,0.676848,0.047697183
7,7,none,car,451,94,0,2,False,0.054638162,0.0025430704,0.92248124,0.020337552
7,7,none,car,452,94,1,2,False,0.023787197,0.22344267,0.5103178,0.24245234
7,7,none,car,453,94,0,2,False,0.035690222,0.022709122,0.93694574,0.004654914
7,7,none,car,454,94,1,2,False,0.003906148,0.293624,0.59282726,0.10964254
7,7,none,car,455,94,0,0,True,0.9368172,0.00043599188,0.05968237,0.0030644767
7,7,none,car,456,94,0,2,False,0.28421688,0.08652701,0.62147796,0.0077781333
7,7,none,car,457,94,1,3,False,0.0051321597,0.01353123,0.1529176,0.82841897
7,7,none,car,458,94,0,2,False,0.024740435,0.010113151,0.84156156,0.12358495
7,7,none,car,459,94,2,2,True,0.0060982895,0.0035000097,0.9850108,0.0053909216
7,7,none,car,460,94,3,2,False,0.00065207796,0.00586019,0.9361191,0.057368662
7,7,none,car,461,94,2,2,True,0.0019999768,0.00775595,0.9880221,0.0022219368
7,7,none,car,462,94,3,2,False,0.07403859,0.023663027,0.8772283,0.025070105
7,7,none,car,463,94,2,2,True,0.013503435,0.13165145,0.85149676,0.0033483407
7,7,none,car,464,94,3,3,True,0.010914247,0.019120988,0.43141863,0.53854614
7,7,none,car,465,94,3,3,True,0.001740936,0.12949768,0.27952936,0.589232
7,7,none,car,466,94,2,2,True,0.006295006,0.016574033,0.9476854,0.02944554
7,7,none,car,467,94,2,2,True,0.0008493728,0.0013935724,0.98654175,0.011215284
7,7,none,car,468,94,3,3,True,0.008551555,0.002785859,0.41566542,0.57299715
7,7,none,car,469,94,3,3,True,0.0016860426,0.051300023,0.08720311,0.8598109
7,7,none,car,470,94,2,2,True,0.0013157515,0.008918457,0.9466981,0.04306767
7,7,none,car,471,94,2,2,True,0.030080771,0.012917766,0.80892617,0.14807531
7,7,none,car,472,94,3,2,False,0.0067145512,0.055520583,0.5440431,0.39372176
7,7,none,car,473,94,3,2,False,0.006923503,0.068062305,0.89376694,0.031247176
7,7,none,car,474,95,0,0,True,0.6876012,0.05190164,0.23502032,0.025476879
7,7,none,car,475,95,1,1,True,0.023438297,0.6298849,0.027585924,0.3190908
7,7,none,car,476,95,1,1,True,0.0005762901,0.97309,0.02221387,0.0041197836
7,7,none,car,477,95,0,0,True,0.96674615,0.00045292912,0.0023440355,0.030456912
7,7,none,car,478,95,0,0,True,0.99593383,0.00027036836,0.0023102276,0.0014856445
7,7,none,car,479,95,1,1,True,0.0039678616,0.84179676,0.035080165,0.11915529
7,7,none,car,480,95,0,0,True,0.8020347,0.04765365,0.11177831,0.038533438
7,7,none,car,481,95,1,1,True,0.0038260135,0.6796566,0.011791607,0.3047258
7,7,none,car,482,95,0,0,True,0.9063587,0.005437713,0.06915551,0.019048009
7,7,none,car,483,95,1,3,False,0.00337466,0.06644134,0.24036273,0.68982124
7,7,none,car,484,95,1,1,True,0.0043470683,0.7664746,0.14900045,0.0801779
7,7,none,car,485,95,0,0,True,0.9789907,1.6245303e-05,0.008797661,0.012195406
7,7,none,car,486,95,0,0,True,0.8622674,0.0037642107,0.08645776,0.047510702
7,7,none,car,487,95,1,3,False,0.009179976,0.19956985,0.15150753,0.6397426
7,7,none,car,488,95,1,1,True,4.4268007e-05,0.74789274,0.18290837,0.06915458
7,7,none,car,489,95,2,3,False,0.0052544074,0.010165633,0.35129824,0.6332817
7,7,none,car,490,95,3,3,True,0.012950468,0.01835641,0.083433054,0.8852601
7,7,none,car,491,95,2,2,True,0.0012873623,0.2719048,0.6222091,0.10459878
7,7,none,car,492,95,3,3,True,0.0014186362,0.0004873805,0.0071144467,0.99097955
7,7,none,car,493,95,3,3,True,0.0003551885,0.010910516,0.0020557744,0.98667854
7,7,none,car,494,95,2,3,False,0.17424425,0.06508882,0.22293591,0.53773105
7,7,none,car,495,95,2,2,True,0.0024712195,0.01267165,0.8791437,0.10571345
7,7,none,car,496,95,3,3,True,0.022721767,0.0014806745,0.003201959,0.97259563
7,7,none,car,497,95,3,3,True,0.00031006488,0.00097517367,0.07332191,0.9253929
7,7,none,car,498,95,2,2,True,0.0029110063,0.03991724,0.52986354,0.4273082
7,7,none,car,499,95,3,3,True,0.0008088318,0.023744816,0.016432604,0.9590137
7,7,none,car,500,95,2,3,False,0.0008648386,0.00072144665,0.21527018,0.7831436
7,7,none,car,501,95,3,3,True,0.002145171,0.0009012913,0.024815364,0.9721381
7,7,none,car,502,95,2,2,True,0.0006308688,0.003932983,0.6558771,0.33955905
7,7,none,car,503,95,2,3,False,0.028840836,0.021846835,0.23278381,0.7165285
7,7,none,car,504,95,1,1,True,0.0011665854,0.5743227,0.07156773,0.35294294
7,7,none,car,505,95,0,3,False,0.38227212,0.005017168,0.022838281,0.5898725
7,7,none,car,506,95,1,3,False,0.00080147444,0.24340397,0.0147825815,0.74101204
7,7,none,car,507,95,0,3,False,0.07617903,0.0019610273,0.2424537,0.6794062
7,7,none,car,508,95,0,0,True,0.94013685,0.0005763032,0.010897242,0.04838963
7,7,none,car,509,95,1,3,False,0.00843105,0.012773557,0.21843214,0.7603633
7,7,none,car,510,95,1,3,False,0.0011254437,0.011637478,0.3155954,0.6716417
7,7,none,car,511,95,0,0,True,0.76316684,0.00038270626,0.0044645816,0.23198587
7,7,none,car,512,95,0,3,False,0.097365394,0.0029021383,0.37989843,0.51983404
7,7,none,car,513,95,1,3,False,0.0006224791,0.12385201,0.14368294,0.7318426
7,7,none,car,514,95,0,3,False,0.32580477,0.00029850466,0.19509192,0.47880483
7,7,none,car,515,95,1,2,False,0.00095685606,0.12630865,0.772368,0.10036647
7,7,none,car,516,95,0,3,False,0.35489973,0.038202856,0.025379434,0.581518
7,7,none,car,517,95,1,3,False,0.0009963237,0.3655039,0.24238208,0.39111763
7,7,none,car,518,95,0,3,False,0.09535645,0.0007395444,0.21610714,0.6877969
7,7,none,car,519,95,3,3,True,6.5463544e-05,0.004146504,0.0037831897,0.9920048
7,7,none,car,520,95,2,3,False,0.014420633,0.000382971,0.3685906,0.6166058
7,7,none,car,521,95,3,3,True,0.000109876564,0.016468821,0.02170072,0.9617206
7,7,none,car,522,95,2,2,True,0.03425171,0.00067905354,0.7091027,0.25596657
7,7,none,car,523,95,2,2,True,0.0021724121,0.0027736835,0.9431783,0.05187571
7,7,none,car,524,95,3,3,True,0.0054592006,0.033262458,0.12522084,0.8360575
7,7,none,car,525,95,2,2,True,0.0010344319,0.016648317,0.870494,0.11182319
7,7,none,car,526,95,3,3,True,8.19216e-05,0.0014304717,0.0008439735,0.99764365
7,7,none,car,527,95,2,2,True,0.026932793,0.018315248,0.55652,0.39823195
7,7,none,car,528,95,3,3,True,7.7434765e-05,0.0026003602,0.0036959678,0.99362624
7,7,none,car,529,95,2,2,True,0.32899347,0.024523724,0.38292432,0.26355845
7,7,none,car,530,95,3,3,True,0.02604533,0.005043485,0.18171678,0.7871944
7,7,none,car,531,95,2,3,False,0.000798126,0.0029206125,0.09468423,0.90159696
7,7,none,car,532,95,3,3,True,0.001526769,0.0102487765,0.26421052,0.7240139
7,7,none,car,533,95,3,2,False,0.00016897968,0.02141549,0.61547303,0.3629425
7,7,none,car,534,95,0,3,False,0.011811601,0.04370174,0.27267328,0.6718133
7,7,none,car,535,95,1,3,False,0.048443183,0.011785395,0.17472886,0.7650426
7,7,none,car,536,95,1,3,False,0.0018272005,0.0007430603,0.012217952,0.98521173
7,7,none,car,537,95,0,3,False,0.018037232,0.0071766186,0.46918657,0.50559956
7,7,none,car,538,95,0,3,False,0.013888756,0.0013872269,0.08361608,0.9011079
7,7,none,car,539,95,1,3,False,0.06670526,0.17571555,0.26408622,0.493493
7,7,none,car,540,95,1,3,False,0.0024556224,0.017857783,0.019841682,0.95984495
7,7,none,car,541,95,0,2,False,0.06533986,0.0022286102,0.7499424,0.18248902
7,7,none,car,542,95,0,2,False,0.015703822,0.06314123,0.5324777,0.3886773
7,7,none,car,543,95,1,1,True,0.0028306916,0.5783605,0.08689787,0.33191088
7,7,none,car,544,95,0,2,False,0.007753233,0.014871724,0.5122347,0.46514043
7,7,none,car,545,95,1,2,False,0.06786215,0.004702746,0.8128481,0.114586964
7,7,none,car,546,95,1,2,False,0.021835018,0.05619688,0.48393333,0.43803474
7,7,none,car,547,95,0,2,False,0.00052040577,0.004993459,0.9910131,0.0034730516
7,7,none,car,548,95,0,2,False,0.16306968,0.007500024,0.811233,0.018197322
7,7,none,car,549,95,2,2,True,0.00023447647,0.0016379128,0.9655632,0.03256439
7,7,none,car,550,95,3,2,False,0.046142094,0.13631584,0.48725775,0.3302843
7,7,none,car,551,95,3,3,True,0.0031774824,0.03310253,0.15737005,0.8063499
7,7,none,car,552,95,2,2,True,0.06309659,0.013377503,0.6319427,0.2915833
7,7,none,car,553,95,2,3,False,0.007611278,0.0117949685,0.36376435,0.6168294
7,7,none,car,554,95,3,3,True,0.0010560269,0.0046802224,0.014769283,0.97949445
7,7,none,car,555,95,2,2,True,0.002686381,0.11099776,0.49855804,0.38775775
7,7,none,car,556,95,3,3,True,0.00048589671,0.039194122,0.02344315,0.93687683
7,7,none,car,557,95,2,2,True,0.008079637,0.013507449,0.83155745,0.14685544
7,7,none,car,558,95,3,3,True,0.006642068,0.17519793,0.04658424,0.77157575
7,7,none,car,559,95,2,3,False,0.0043302877,0.0049604233,0.42721534,0.5634939
7,7,none,car,560,95,3,3,True,0.013881534,0.014497268,0.16493362,0.8066876
7,7,none,car,561,95,3,2,False,0.001585798,0.010227195,0.87736464,0.110822365
7,7,none,car,562,95,2,2,True,0.00025023462,0.014751338,0.9241762,0.06082218
7,7,none,car,563,95,3,3,True,0.00039343355,0.006343483,0.12793526,0.8653278
7,7,none,car,564,96,1,1,True,0.08471762,0.7895609,0.11429009,0.011431301
7,7,none,car,565,96,0,0,True,0.7367588,0.019402994,0.24154587,0.0022923413
7,7,none,car,566,96,0,0,True,0.8615966,0.026000204,0.098271,0.014132258
7,7,none,car,567,96,1,1,True,0.0042879926,0.4999476,0.4628219,0.032942507
7,7,none,car,568,96,1,1,True,0.00017869833,0.9744548,0.017986618,0.0073799454
7,7,none,car,569,96,0,2,False,0.21583802,0.001315527,0.7250059,0.057840545
7,7,none,car,570,96,1,1,True,0.0013555075,0.9619871,0.03533217,0.0013252354
7,7,none,car,571,96,0,0,True,0.9218201,0.00015561478,0.07457909,0.0034452812
7,7,none,car,572,96,0,2,False,0.3335794,0.010524742,0.6298225,0.026073365
7,7,none,car,573,96,1,1,True,0.0005107128,0.9517439,0.045293987,0.002451487
7,7,none,car,574,96,1,1,True,0.0019875998,0.7728363,0.22405925,0.0011167835
7,7,none,car,575,96,0,2,False,0.36958945,0.0012312828,0.62606114,0.0031180289
7,7,none,car,576,96,0,0,True,0.7189109,0.013453252,0.20332459,0.064311296
7,7,none,car,577,96,1,2,False,0.0033521585,0.19480461,0.73438364,0.067459546
7,7,none,car,578,96,1,1,True,0.0012729962,0.83968014,0.09170202,0.0673448
7,7,none,car,579,96,3,3,True,0.0014416587,0.017561456,0.45541704,0.52557987
7,7,none,car,580,96,2,2,True,0.0014363012,0.00011885289,0.9973259,0.0011188682
7,7,none,car,581,96,3,2,False,0.0024947838,0.012999754,0.9399383,0.044567212
7,7,none,car,582,96,2,2,True,0.002631783,0.0015191484,0.9523025,0.04354654
7,7,none,car,583,96,2,2,True,0.066132985,0.00482464,0.6872876,0.24175474
7,7,none,car,584,96,3,2,False,0.0076368363,0.0007927177,0.9550049,0.036565553
7,7,none,car,585,96,3,2,False,0.047295056,0.0107465945,0.5913503,0.35060802
7,7,none,car,586,96,2,2,True,0.002594051,0.002395589,0.9382162,0.05679426
7,7,none,car,587,96,3,3,True,0.0024245996,0.00087178056,0.31006223,0.6866414
7,7,none,car,588,96,2,2,True,0.0017444202,0.0016353868,0.98822194,0.008398224
7,7,none,car,589,96,2,2,True,0.010316067,0.039253525,0.94491166,0.0055188155
7,7,none,car,590,96,3,2,False,0.1673254,0.1441673,0.52312684,0.16538048
7,7,none,car,591,96,3,3,True,0.014707016,0.007583045,0.26273105,0.7149789
7,7,none,car,592,96,2,2,True,0.0074104024,0.006844501,0.94800746,0.03773766
7,7,none,car,593,96,3,2,False,0.021735424,0.090051696,0.63874155,0.2494713
7,7,none,car,594,96,0,0,True,0.6481442,0.0012290761,0.34662712,0.003999602
7,7,none,car,595,96,1,2,False,0.004878498,0.004821687,0.9888593,0.0014405212
7,7,none,car,596,96,1,2,False,0.040280886,0.07400695,0.62703437,0.25867778
7,7,none,car,597,96,0,0,True,0.98045105,1.826291e-05,0.015473213,0.004057434
7,7,none,car,598,96,1,2,False,0.101000816,0.18839818,0.70368063,0.0069203847
7,7,none,car,599,96,0,2,False,0.047776807,0.0013439198,0.8053839,0.1454954
7,7,none,car,600,96,0,2,False,0.34098932,5.13106e-05,0.6573826,0.0015767637
7,7,none,car,601,96,1,1,True,0.0066695437,0.77736235,0.19840154,0.017566577
7,7,none,car,602,96,0,0,True,0.6465693,0.005175979,0.34372783,0.00452688
7,7,none,car,603,96,1,2,False,0.003387539,0.08697382,0.90601754,0.0036211123
7,7,none,car,604,96,1,2,False,0.0033817512,0.23880506,0.47416,0.28365317
7,7,none,car,605,96,0,2,False,0.25620112,0.0002864197,0.6864581,0.057054397
7,7,none,car,606,96,1,2,False,0.0021033203,0.04157225,0.71066064,0.2456638
7,7,none,car,607,96,0,2,False,0.09718482,0.0002256265,0.86453015,0.038059358
7,7,none,car,608,96,0,2,False,0.34744808,0.00030079595,0.47372898,0.17852215
7,7,none,car,609,96,3,3,True,0.059160355,0.003870647,0.2922093,0.6447598
7,7,none,car,610,96,2,2,True,0.00011790402,0.00018315853,0.99928635,0.00041269237
7,7,none,car,611,96,3,2,False,0.04422806,0.009759915,0.9282181,0.017793918
7,7,none,car,612,96,2,0,False,0.8203833,0.0073087015,0.082660295,0.08964767
7,7,none,car,613,96,3,3,True,0.026953328,0.053892113,0.15740015,0.7617544
7,7,none,car,614,96,2,2,True,0.0009499083,0.0005704189,0.99646854,0.0020111226
7,7,none,car,615,96,2,2,True,0.0014089665,0.0005740089,0.97156274,0.026454309
7,7,none,car,616,96,3,2,False,0.001898415,0.00019559202,0.97646207,0.021443976
7,7,none,car,617,96,2,2,True,0.013193427,0.00092775794,0.93219733,0.05368152
7,7,none,car,618,96,3,2,False,0.23855668,0.0040430683,0.6566677,0.10073255
7,7,none,car,619,96,2,2,True,0.008459704,0.0004651307,0.874827,0.11624815
7,7,none,car,620,96,3,2,False,0.016711824,0.0019513473,0.49265903,0.48867774
7,7,none,car,621,96,2,2,True,0.46752205,0.0002367181,0.52369887,0.008542348
7,7,none,car,622,96,3,3,True,0.06372474,0.013324322,0.20923597,0.71371496
7,7,none,car,623,96,3,2,False,0.01425198,0.0057176463,0.64167047,0.33835992
7,7,none,car,624,96,1,1,True,0.0026950957,0.7420019,0.23030308,0.024999952
7,7,none,car,625,96,0,0,True,0.5079515,0.00047915874,0.47371727,0.01785211
7,7,none,car,626,96,1,2,False,0.015885582,0.0020058881,0.9774935,0.00461503
7,7,none,car,627,96,0,0,True,0.49347928,0.023566097,0.4799147,0.0030398373
7,7,none,car,628,96,1,2,False,0.0068128584,0.14359128,0.82249093,0.027104938
7,7,none,car,629,96,0,0,True,0.91403615,0.00705407,0.050929755,0.027980056
7,7,none,car,630,96,0,0,True,0.5806948,0.00011816698,0.41874245,0.0004446572
7,7,none,car,631,96,1,2,False,0.12718353,0.103453144,0.66126674,0.10809648
7,7,none,car,632,96,1,1,True,0.0065514473,0.7848044,0.20017585,0.008468341
7,7,none,car,633,96,0,0,True,0.49849862,0.008788461,0.44449452,0.04821837
7,7,none,car,634,96,0,0,True,0.96407783,3.7442092e-05,0.0351619,0.00072281697
7,7,none,car,635,96,1,2,False,0.003476688,0.32474184,0.65952295,0.0122585455
7,7,none,car,636,96,1,2,False,0.0039060651,0.08908457,0.903987,0.0030222922
7,7,none,car,637,96,0,0,True,0.903021,0.005233386,0.051345248,0.04040035
7,7,none,car,638,96,0,2,False,0.09070073,0.00071779004,0.86294526,0.045636162
7,7,none,car,639,96,2,2,True,0.00037935394,0.0034005865,0.9957048,0.0005152391
7,7,none,car,640,96,3,2,False,0.0059715314,0.0019800519,0.9629924,0.029056026
7,7,none,car,641,96,2,2,True,0.03430801,0.0016846495,0.86038524,0.10362217
7,7,none,car,642,96,3,2,False,0.005397463,0.005197803,0.91060054,0.07880422
7,7,none,car,643,96,3,3,True,0.02971657,0.01455139,0.4102492,0.5454828
7,7,none,car,644,96,2,2,True,0.00053400476,0.008005418,0.9840984,0.007362301
7,7,none,car,645,96,3,3,True,0.045695715,0.019387573,0.38649073,0.548426
7,7,none,car,646,96,2,2,True,0.031987514,0.016257672,0.93355376,0.018201115
7,7,none,car,647,96,2,2,True,0.0031456482,0.0027303228,0.99041665,0.0037074108
7,7,none,car,648,96,3,2,False,0.104072504,0.01856652,0.8047301,0.07263082
7,7,none,car,649,96,2,2,True,0.038230583,0.0071248305,0.8272298,0.12741484
7,7,none,car,650,96,3,3,True,0.07715244,0.0043945084,0.39392427,0.5245288
7,7,none,car,651,96,2,2,True,0.018919306,0.012844126,0.93248147,0.03575505
7,7,none,car,652,96,3,2,False,0.16140074,0.009674973,0.6616665,0.16725782
7,7,none,car,653,96,3,2,False,0.008360704,0.13018036,0.62416995,0.23728895
7,7,none,car,654,97,0,2,False,0.3955203,0.053538058,0.49442923,0.0565124
7,7,none,car,655,97,1,1,True,0.0118758725,0.9202849,0.023141267,0.0446979
7,7,none,car,656,97,1,1,True,0.07382038,0.6759514,0.23522966,0.014998538
7,7,none,car,657,97,0,0,True,0.62956494,0.08691794,0.24466386,0.038853258
7,7,none,car,658,97,0,0,True,0.8608195,0.009832213,0.101823226,0.027525071
7,7,none,car,659,97,1,1,True,0.0019104931,0.929142,0.034041386,0.03490608
7,7,none,car,660,97,0,2,False,0.14112064,0.031529658,0.80304897,0.02430069
7,7,none,car,661,97,1,1,True,0.00019957319,0.9212849,0.062712826,0.015802737
7,7,none,car,662,97,0,3,False,0.06300827,0.17418274,0.31753403,0.44527495
7,7,none,car,663,97,1,1,True,0.057273958,0.7455418,0.04439773,0.1527865
7,7,none,car,664,97,1,1,True,0.0022606822,0.9569872,0.00357309,0.037179142
7,7,none,car,665,97,0,0,True,0.5045438,0.026374793,0.08732326,0.38175812
7,7,none,car,666,97,1,2,False,0.017499696,0.042326722,0.7615158,0.1786578
7,7,none,car,667,97,0,2,False,0.18625465,0.107085966,0.44673273,0.2599267
7,7,none,car,668,97,0,0,True,0.61619717,0.26263356,0.051387046,0.06978224
7,7,none,car,669,97,3,3,True,0.0533792,0.05492481,0.38077646,0.5109195
7,7,none,car,670,97,2,0,False,0.45119455,0.18230325,0.22029679,0.14620534
7,7,none,car,671,97,3,3,True,0.0008810309,0.02656438,0.03672425,0.9358303
7,7,none,car,672,97,2,1,False,0.0010236185,0.5602231,0.14843933,0.29031393
7,7,none,car,673,97,3,1,False,0.01827059,0.69634175,0.0049908548,0.28039676
7,7,none,car,674,97,2,2,True,0.020058813,0.07441396,0.60133684,0.30419037
7,7,none,car,675,97,3,2,False,0.002500666,0.12024988,0.7865121,0.0907374
7,7,none,car,676,97,2,1,False,0.007840398,0.795205,0.025614876,0.1713397
7,7,none,car,677,97,3,3,True,0.0045703226,0.15780574,0.41620338,0.4214205
7,7,none,car,678,97,2,2,True,0.015243122,0.050964102,0.87329066,0.060502134
7,7,none,car,679,97,3,3,True,0.021461647,0.045723103,0.042440705,0.8903746
7,7,none,car,680,97,2,3,False,0.009186325,0.0067573865,0.004412774,0.9796435
7,7,none,car,681,97,3,3,True,0.016637579,0.005263721,0.23443313,0.7436656
7,7,none,car,682,97,2,1,False,0.001977212,0.66180044,0.21826604,0.11795626
7,7,none,car,683,97,2,1,False,0.00966892,0.81775206,0.038304176,0.13427483
7,7,none,car,684,97,0,2,False,0.03287611,0.2757064,0.45149422,0.23992322
7,7,none,car,685,97,1,1,True,0.2437133,0.44245878,0.3007737,0.013054242
7,7,none,car,686,97,1,1,True,0.0019060959,0.9709735,0.019985272,0.0071352157
7,7,none,car,687,97,0,2,False,0.08505106,0.021873452,0.7110199,0.18205556
7,7,none,car,688,97,1,2,False,0.021786245,0.23840229,0.51053,0.22928143
7,7,none,car,689,97,0,2,False,0.15551247,0.057639863,0.64349735,0.14335029
7,7,none,car,690,97,1,3,False,0.006842804,0.016627366,0.46966985,0.50685996
7,7,none,car,691,97,0,3,False,0.02766948,0.05772323,0.26137406,0.65323323
7,7,none,car,692,97,1,1,True,0.014531151,0.5309966,0.16824333,0.28622887
7,7,none,car,693,97,0,3,False,0.31922537,0.043234013,0.1770492,0.46049142
7,7,none,car,694,97,0,0,True,0.7329589,0.043870594,0.20562008,0.017550342
7,7,none,car,695,97,1,1,True,0.00090820726,0.65545833,0.27248353,0.07114995
7,7,none,car,696,97,0,3,False,0.021254832,0.007815325,0.010662053,0.96026784
7,7,none,car,697,97,1,3,False,0.010667148,0.44495586,0.0436673,0.50070965
7,7,none,car,698,97,1,3,False,0.00065826176,0.08540059,0.0041227145,0.9098185
7,7,none,car,699,97,3,3,True,0.0034546715,0.09973549,0.34021243,0.55659735
7,7,none,car,700,97,2,2,True,0.15654942,0.039181884,0.652782,0.15148671
7,7,none,car,701,97,2,2,True,0.005501348,0.13761438,0.68002814,0.17685615
7,7,none,car,702,97,3,2,False,0.0030748453,0.050992213,0.7080792,0.23785375
7,7,none,car,703,97,3,1,False,0.045906626,0.5666975,0.32022202,0.06717394
7,7,none,car,704,97,2,1,False,0.03867975,0.7905701,0.070249885,0.1005003
7,7,none,car,705,97,2,2,True,0.002890504,0.15699239,0.5615457,0.27857143
7,7,none,car,706,97,3,2,False,0.011731335,0.12439465,0.68229234,0.1815817
7,7,none,car,707,97,2,2,True,0.0074394695,0.06082363,0.8658087,0.065928146
7,7,none,car,708,97,3,3,True,0.0011216174,0.24249613,0.08454128,0.67184097
7,7,none,car,709,97,3,3,True,0.053038646,0.008524078,0.34078345,0.5976538
7,7,none,car,710,97,2,2,True,0.0058659585,0.08765692,0.46292213,0.4435551
7,7,none,car,711,97,3,3,True,0.099981815,0.04305096,0.27413994,0.58282727
7,7,none,car,712,97,2,2,True,0.08619798,0.014725175,0.77535677,0.12372008
7,7,none,car,713,97,3,3,True,0.020967523,0.34966132,0.07293259,0.5564386
7,7,none,car,714,97,1,2,False,0.02914119,0.18926221,0.42417118,0.35742542
7,7,none,car,715,97,0,2,False,0.09093838,0.14031242,0.7392275,0.029521719
7,7,none,car,716,97,1,1,True,0.010605548,0.4920121,0.43311557,0.064266704
7,7,none,car,717,97,0,0,True,0.75859904,0.12492899,0.111271836,0.0052001583
7,7,none,car,718,97,1,2,False,0.077251874,0.15836264,0.7306786,0.03370688
7,7,none,car,719,97,0,0,True,0.5354998,0.040973548,0.29817382,0.12535274
7,7,none,car,720,97,0,0,True,0.7053313,0.027351312,0.12866032,0.138657
7,7,none,car,721,97,1,1,True,0.0076459777,0.41580513,0.2544531,0.32209578
7,7,none,car,722,97,1,3,False,0.0027289689,0.31239572,0.25556773,0.42930764
7,7,none,car,723,97,0,0,True,0.44776765,0.09567338,0.17922533,0.27733365
7,7,none,car,724,97,1,1,True,0.015021455,0.7602742,0.07562261,0.14908178
7,7,none,car,725,97,0,2,False,0.21829149,0.065181516,0.44556653,0.27096045
7,7,none,car,726,97,0,0,True,0.917292,0.006024147,0.0607633,0.015920447
7,7,none,car,727,97,1,2,False,0.02203547,0.06187116,0.64163613,0.27445728
7,7,none,car,728,97,0,2,False,0.34676194,0.010635282,0.475432,0.16717072
7,7,none,car,729,97,3,2,False,0.06578932,0.08850321,0.547076,0.29863143
7,7,none,car,730,97,2,1,False,0.0005003704,0.82155573,0.028544962,0.14939904
7,7,none,car,731,97,2,2,True,0.008546621,0.032864757,0.9321928,0.02639593
7,7,none,car,732,97,3,2,False,0.2979444,0.18476352,0.35228622,0.16500585
7,7,none,car,733,97,2,3,False,0.028345997,0.1849263,0.2640676,0.52266014
7,7,none,car,734,97,3,2,False,0.07481143,0.21821846,0.46130124,0.24566887
7,7,none,car,735,97,2,2,True,0.26798442,0.25027278,0.3792256,0.102517255
7,7,none,car,736,97,3,3,True,0.032747027,0.34983796,0.14627297,0.47114205
7,7,none,car,737,97,3,3,True,0.038065594,0.050418653,0.42190725,0.48960844
7,7,none,car,738,97,2,2,True,0.023631694,0.11161365,0.829392,0.03536256
7,7,none,car,739,97,3,3,True,0.00288768,0.039056525,0.24154302,0.7165128
7,7,none,car,740,97,2,1,False,0.01796602,0.65705067,0.17598149,0.14900187
7,7,none,car,741,97,2,2,True,0.02559702,0.27639124,0.3538223,0.34418944
7,7,none,car,742,97,3,2,False,0.050873503,0.06360811,0.54247785,0.34304053
7,7,none,car,743,97,2,0,False,0.5005985,0.20528877,0.19946751,0.094645254
7,7,none,car,744,98,0,0,True,0.82090014,0.025211925,0.1518573,0.00203065
7,7,none,car,745,98,1,2,False,0.040463872,0.13932295,0.81238407,0.007829145
7,7,none,car,746,98,1,1,True,0.09678869,0.7082681,0.17513785,0.019805316
7,7,none,car,747,98,0,0,True,0.63598716,0.042914685,0.31299785,0.0081004
7,7,none,car,748,98,0,0,True,0.56758255,0.058305264,0.34153643,0.032575734
7,7,none,car,749,98,1,1,True,0.06435013,0.5286815,0.39280173,0.014166634
7,7,none,car,750,98,1,1,True,0.056678023,0.8868156,0.03792226,0.018584123
7,7,none,car,751,98,0,2,False,0.07726633,0.31844902,0.5683886,0.03589605
7,7,none,car,752,98,1,1,True,0.14545865,0.5054481,0.34061286,0.008480403
7,7,none,car,753,98,0,2,False,0.31875357,0.041134167,0.6377868,0.0023254394
7,7,none,car,754,98,1,1,True,0.080927074,0.8937639,0.020718526,0.0045905123
7,7,none,car,755,98,0,0,True,0.6881831,0.029598676,0.27260476,0.009613404
7,7,none,car,756,98,0,2,False,0.05565686,0.13271834,0.8056503,0.005974513
7,7,none,car,757,98,1,2,False,0.09885695,0.16875352,0.5748336,0.15755606
7,7,none,car,758,98,0,2,False,0.16999638,0.0696154,0.7411846,0.01920358
7,7,none,car,759,98,3,3,True,0.03985659,0.005902501,0.017804774,0.9364361
7,7,none,car,760,98,2,2,True,0.090297334,0.029469265,0.78985286,0.090380594
7,7,none,car,761,98,3,3,True,0.025289152,0.018285016,0.10376584,0.85266
7,7,none,car,762,98,2,2,True,0.26652282,0.22376485,0.5034383,0.006273995
7,7,none,car,763,98,2,2,True,0.4302415,0.09032499,0.44757906,0.031854443
7,7,none,car,764,98,3,3,True,0.025045455,0.1470424,0.24121468,0.5866975
7,7,none,car,765,98,2,2,True,0.08298279,0.020479294,0.8647365,0.03180143
7,7,none,car,766,98,3,2,False,0.14484845,0.14871371,0.46816674,0.23827115
7,7,none,car,767,98,2,2,True,0.09988048,0.005292235,0.8202732,0.07455399
7,7,none,car,768,98,3,3,True,0.045880623,0.03321104,0.037380327,0.883528
7,7,none,car,769,98,3,3,True,0.18386099,0.032222375,0.11050097,0.6734157
7,7,none,car,770,98,2,2,True,0.05965115,0.02869272,0.8563305,0.055325586
7,7,none,car,771,98,2,2,True,0.24455155,0.01751192,0.44803435,0.28990215
7,7,none,car,772,98,3,0,False,0.70553243,0.11880291,0.09840565,0.077258974
7,7,none,car,773,98,3,2,False,0.22178543,0.052890345,0.47792497,0.24739927
7,7,none,car,774,98,1,1,True,0.016626868,0.8050097,0.1697681,0.008595344
7,7,none,car,775,98,0,2,False,0.32021764,0.06916762,0.5567077,0.05390708
7,7,none,car,776,98,0,0,True,0.73658705,0.01891065,0.22631873,0.018183578
7,7,none,car,777,98,1,2,False,0.09613068,0.28060862,0.51098603,0.11227467
7,7,none,car,778,98,0,0,True,0.85161227,0.024864335,0.098017655,0.025505813
7,7,none,car,779,98,1,2,False,0.058985066,0.10056155,0.656634,0.18381946
7,7,none,car,780,98,1,3,False,0.027869904,0.3082385,0.27691016,0.38698143
7,7,none,car,781,98,0,0,True,0.815767,0.003591691,0.1247767,0.05586463
7,7,none,car,782,98,0,0,True,0.62254274,0.082215905,0.2574456,0.037795786
7,7,none,car,783,98,1,1,True,0.18590134,0.39225075,0.28513452,0.13671345
7,7,none,car,784,98,0,0,True,0.5370187,0.010375381,0.28812423,0.16448167
7,7,none,car,785,98,1,1,True,0.04501282,0.48865595,0.44409725,0.022233969
7,7,none,car,786,98,1,3,False,0.049113747,0.33269897,0.13881855,0.4793687
7,7,none,car,787,98,0,0,True,0.95702976,0.0054689897,0.0259504,0.011550809
7,7,none,car,788,98,0,2,False,0.053446587,0.022120884,0.8541873,0.07024521
7,7,none,car,789,98,3,3,True,0.123711854,0.08140715,0.198365,0.59651595
7,7,none,car,790,98,2,2,True,0.20440911,0.012910917,0.7463478,0.0363322
7,7,none,car,791,98,3,2,False,0.14508472,0.036840647,0.47338787,0.3446868
7,7,none,car,792,98,2,2,True,0.021253841,0.023884242,0.9532465,0.0016153937
7,7,none,car,793,98,2,2,True,0.4096435,0.04301332,0.5063295,0.041013744
7,7,none,car,794,98,3,3,True,0.07443148,0.054335643,0.15400885,0.71722406
7,7,none,car,795,98,2,2,True,0.16372177,0.037376963,0.7244909,0.074410416
7,7,none,car,796,98,3,3,True,0.04513274,0.010408011,0.040279604,0.90417963
7,7,none,car,797,98,3,2,False,0.06313715,0.005745229,0.47351724,0.45760033
7,7,none,car,798,98,2,2,True,0.037872627,0.049569145,0.53526896,0.37728927
7,7,none,car,799,98,2,2,True,0.04486234,0.038552377,0.89713955,0.019445775
7,7,none,car,800,98,3,2,False,0.28962678,0.24856177,0.4569903,0.0048211617
7,7,none,car,801,98,2,3,False,0.13705507,0.06769976,0.22737776,0.5678674
7,7,none,car,802,98,3,3,True,0.032872517,0.01971613,0.12073078,0.8266806
7,7,none,car,803,98,3,2,False,0.22538722,0.009194658,0.5636079,0.20181027
7,7,none,car,804,98,0,2,False,0.2216294,0.050378233,0.6945478,0.03344462
7,7,none,car,805,98,1,0,False,0.4360325,0.062352348,0.1433912,0.35822394
7,7,none,car,806,98,1,0,False,0.5314542,0.07818603,0.18370931,0.20665048
7,7,none,car,807,98,0,2,False,0.31349713,0.15808117,0.48675057,0.041671086
7,7,none,car,808,98,0,1,False,0.2239831,0.69197226,0.07009972,0.01394487
7,7,none,car,809,98,1,3,False,0.3214868,0.02181464,0.07364021,0.5830584
7,7,none,car,810,98,1,0,False,0.4409815,0.034149252,0.29272547,0.23214377
7,7,none,car,811,98,0,0,True,0.71091664,0.015869638,0.20623957,0.066974156
7,7,none,car,812,98,0,0,True,0.57484806,0.17411187,0.20322004,0.047820095
7,7,none,car,813,98,1,0,False,0.9830993,0.0065164003,0.0057795676,0.004604757
7,7,none,car,814,98,0,2,False,0.19399855,0.1341191,0.41369712,0.25818524
7,7,none,car,815,98,1,0,False,0.5671273,0.1032187,0.16451538,0.16513863
7,7,none,car,816,98,1,0,False,0.56628007,0.04074687,0.20719795,0.18577515
7,7,none,car,817,98,0,2,False,0.042711988,0.06669006,0.8032614,0.08733659
7,7,none,car,818,98,1,2,False,0.31571138,0.32064015,0.33696476,0.02668365
7,7,none,car,819,98,2,0,False,0.5898292,0.03917877,0.30421174,0.0667803
7,7,none,car,820,98,3,1,False,0.0144806,0.9453517,0.034723256,0.0054444307
7,7,none,car,821,98,3,2,False,0.08461756,0.30261257,0.37602082,0.23674898
7,7,none,car,822,98,2,0,False,0.47689962,0.014559181,0.32881173,0.17972946
7,7,none,car,823,98,2,2,True,0.23460594,0.015391485,0.5001901,0.24981245
7,7,none,car,824,98,3,2,False,0.018115232,0.070251435,0.6441779,0.26745537
7,7,none,car,825,98,3,3,True,0.113133736,0.007775239,0.42189422,0.45719677
7,7,none,car,826,98,2,2,True,0.22037706,0.07027107,0.5856104,0.123741426
7,7,none,car,827,98,3,3,True,0.05668162,0.089341804,0.11462883,0.73934776
7,7,none,car,828,98,2,2,True,0.35141593,0.046319775,0.56342155,0.03884275
7,7,none,car,829,98,3,3,True,0.24989498,0.069749564,0.27694258,0.40341288
7,7,none,car,830,98,2,3,False,0.27469286,0.022183824,0.20874174,0.4943816
7,7,none,car,831,98,3,3,True,0.14789115,0.037141208,0.33627546,0.4786922
7,7,none,car,832,98,2,0,False,0.6585318,0.013029049,0.21814664,0.110292554
7,7,none,car,833,98,3,1,False,0.3784273,0.5793281,0.023852333,0.018392235
7,7,none,car,834,99,1,3,False,0.020533927,0.09447038,0.38298652,0.50200915
7,7,none,car,835,99,0,2,False,0.03066386,0.0048120795,0.9484244,0.016099636
7,7,none,car,836,99,0,0,True,0.3797965,0.059349034,0.26124895,0.29960555
7,7,none,car,837,99,1,3,False,0.084135495,0.05370029,0.014076974,0.84808725
7,7,none,car,838,99,0,3,False,0.023945661,0.37553966,0.21224712,0.38826755
7,7,none,car,839,99,1,3,False,0.19090775,0.060153004,0.06734565,0.6815936
7,7,none,car,840,99,1,3,False,0.05845969,0.124242336,0.23510905,0.58218896
7,7,none,car,841,99,0,2,False,0.031697787,0.049146455,0.6456661,0.2734896
7,7,none,car,842,99,0,3,False,0.11309891,0.035271116,0.13308178,0.7185482
7,7,none,car,843,99,1,2,False,0.0067585623,0.0019836575,0.64643514,0.34482262
7,7,none,car,844,99,1,1,True,0.0014604074,0.9849384,0.0110591035,0.0025421425
7,7,none,car,845,99,0,2,False,0.020208403,0.051855758,0.51945794,0.4084779
7,7,none,car,846,99,1,2,False,0.04808258,0.25783187,0.41353336,0.28055218
7,7,none,car,847,99,0,3,False,0.076628745,0.0019939581,0.21169016,0.7096872
7,7,none,car,848,99,1,3,False,0.011855692,0.23443514,0.34557393,0.4081352
7,7,none,car,849,99,3,2,False,0.013934632,0.3235867,0.42023364,0.24224508
7,7,none,car,850,99,2,3,False,0.051190764,0.038358897,0.23413126,0.6763191
7,7,none,car,851,99,3,2,False,0.035390552,0.0370116,0.62854004,0.2990578
7,7,none,car,852,99,2,2,True,0.009170851,0.003699213,0.98330194,0.0038280373
7,7,none,car,853,99,3,2,False,0.034237728,0.028931348,0.7236212,0.21320975
7,7,none,car,854,99,2,2,True,0.09732938,0.021527858,0.8557676,0.02537516
7,7,none,car,855,99,3,2,False,0.015953152,0.30641618,0.58511883,0.09251183
7,7,none,car,856,99,2,2,True,0.052148957,0.011023027,0.4755456,0.46128243
7,7,none,car,857,99,2,2,True,0.08454554,0.22689216,0.35324043,0.33532187
7,7,none,car,858,99,3,2,False,0.2535244,0.023327412,0.490246,0.23290217
7,7,none,car,859,99,3,2,False,0.016500628,0.023945997,0.49436006,0.46519336
7,7,none,car,860,99,2,3,False,0.07713487,0.0908224,0.18614706,0.6458957
7,7,none,car,861,99,2,2,True,0.107512504,0.02627804,0.78658336,0.07962609
7,7,none,car,862,99,3,3,True,0.0048048627,0.014560913,0.25253126,0.7281029
7,7,none,car,863,99,3,3,True,0.051331718,0.036044527,0.26047146,0.6521523
7,7,none,car,864,99,0,0,True,0.57167834,0.0025951413,0.28358206,0.14214443
7,7,none,car,865,99,1,3,False,0.20108731,0.052967437,0.30013582,0.4458094
7,7,none,car,866,99,0,3,False,0.048604157,0.08186322,0.029128859,0.8404038
7,7,none,car,867,99,1,3,False,0.123915195,0.14689511,0.2283245,0.50086516
7,7,none,car,868,99,1,1,True,0.0032519225,0.5195309,0.039458163,0.43775904
7,7,none,car,869,99,0,0,True,0.5374428,0.0032597035,0.14387459,0.31542292
7,7,none,car,870,99,1,2,False,0.118536115,0.22226173,0.49134347,0.16785873
7,7,none,car,871,99,0,0,True,0.51765805,0.0060131038,0.23286498,0.2434639
7,7,none,car,872,99,1,2,False,0.1348237,0.08471612,0.554849,0.22561115
7,7,none,car,873,99,0,3,False,0.02042944,0.00042165868,0.0100208325,0.9691281
7,7,none,car,874,99,1,3,False,0.111593574,0.011737155,0.0330906,0.8435787
7,7,none,car,875,99,0,2,False,0.09189467,0.015400927,0.7215563,0.17114809
7,7,none,car,876,99,1,2,False,0.120476425,0.035349566,0.72617704,0.11799704
7,7,none,car,877,99,0,3,False,0.17759103,0.03949865,0.3469907,0.43591967
7,7,none,car,878,99,0,0,True,0.9618556,0.0007032449,0.021480588,0.015960624
7,7,none,car,879,99,2,3,False,0.008588666,0.0025193118,0.04558268,0.9433093
7,7,none,car,880,99,3,2,False,0.009983964,0.007957049,0.56200415,0.4200548
7,7,none,car,881,99,2,3,False,0.08570281,0.2410025,0.32859793,0.3446968
7,7,none,car,882,99,3,3,True,0.0360511,0.014299415,0.28267714,0.66697234
7,7,none,car,883,99,3,0,False,0.6445128,0.028077329,0.2440612,0.0833487
7,7,none,car,884,99,2,2,True,0.31672734,0.0063973702,0.6499078,0.02696743
7,7,none,car,885,99,3,2,False,0.068348356,0.01566038,0.5589278,0.3570635
7,7,none,car,886,99,2,2,True,0.23072137,0.011083335,0.5607871,0.19740815
7,7,none,car,887,99,2,1,False,0.019761724,0.81985414,0.0038797439,0.15650438
7,7,none,car,888,99,3,3,True,0.35288954,0.013296936,0.03153682,0.6022767
7,7,none,car,889,99,2,3,False,0.18042251,0.004062366,0.029765513,0.7857496
7,7,none,car,890,99,3,3,True,0.018448226,0.012289518,0.3713429,0.5979194
7,7,none,car,891,99,2,2,True,0.021662803,0.0045206095,0.51916605,0.4546505
7,7,none,car,892,99,3,2,False,0.031637512,0.008952484,0.5166192,0.4427908
7,7,none,car,893,99,3,2,False,0.019989617,0.058733676,0.5137351,0.40754163
7,7,none,car,894,99,0,0,True,0.48831505,0.014482163,0.44173858,0.05546426
7,7,none,car,895,99,1,3,False,0.36776084,0.004551317,0.0566758,0.57101196
7,7,none,car,896,99,0,2,False,0.03690613,0.1280332,0.6184261,0.21663457
7,7,none,car,897,99,1,2,False,0.03897355,0.30600023,0.46930414,0.18572201
7,7,none,car,898,99,1,1,True,0.10229005,0.649396,0.07694328,0.17137066
7,7,none,car,899,99,0,2,False,0.01779542,0.0027087536,0.7447997,0.23469609
7,7,none,car,900,99,0,2,False,0.0100287935,0.0050461874,0.9676686,0.017256439
7,7,none,car,901,99,1,2,False,0.008814207,0.27366397,0.38684368,0.33067814
7,7,none,car,902,99,0,2,False,0.01625739,0.08531097,0.8639844,0.034447152
7,7,none,car,903,99,1,3,False,0.32011506,0.10341255,0.09601544,0.48045695
7,7,none,car,904,99,1,2,False,0.018154483,0.053528104,0.5891434,0.33917403
7,7,none,car,905,99,0,2,False,0.013667751,0.010544169,0.84198236,0.13380568
7,7,none,car,906,99,0,3,False,0.09359587,0.0028670654,0.23271975,0.6708173
7,7,none,car,907,99,1,2,False,0.060436573,0.06962796,0.65064645,0.21928905
7,7,none,car,908,99,1,2,False,0.013860496,0.01091356,0.73448586,0.24074006
7,7,none,car,909,99,2,3,False,0.0051506874,0.006048195,0.48589253,0.5029086
7,7,none,car,910,99,3,3,True,0.033253655,0.25350907,0.10253733,0.61069995
7,7,none,car,911,99,2,2,True,0.05610956,0.058918174,0.7128733,0.17209901
7,7,none,car,912,99,3,2,False,0.0061990307,0.035127364,0.84693515,0.11173842
7,7,none,car,913,99,3,2,False,0.028895114,0.015551205,0.75121886,0.20433484
7,7,none,car,914,99,2,3,False,0.019890388,0.0128965145,0.45040482,0.5168083
7,7,none,car,915,99,2,3,False,0.0075312466,0.014903297,0.2877513,0.68981415
7,7,none,car,916,99,3,3,True,0.015479073,0.027749976,0.33320013,0.62357086
7,7,none,car,917,99,3,0,False,0.49670085,0.0024781937,0.40734404,0.09347688
7,7,none,car,918,99,2,2,True,0.4076915,0.0017909039,0.4978929,0.092624664
7,7,none,car,919,99,3,3,True,0.19149637,0.116002806,0.08509606,0.6074047
7,7,none,car,920,99,2,2,True,0.12272153,0.018644786,0.54290456,0.31572914
7,7,none,car,921,99,3,2,False,0.0052180705,0.0311851,0.7686448,0.19495206
7,7,none,car,922,99,2,2,True,0.002696061,0.30941555,0.6443916,0.043496814
7,7,none,car,923,99,3,3,True,0.027583474,0.032387305,0.115235575,0.82479364
7,7,none,car,924,100,0,0,True,0.6869338,0.004757938,0.27927533,0.029032871
7,7,none,car,925,100,1,2,False,0.010470456,0.079738185,0.5236055,0.38618582
7,7,none,car,926,100,1,1,True,0.010562856,0.67576784,0.1399282,0.17374119
7,7,none,car,927,100,0,3,False,0.013315413,0.07794355,0.34704682,0.5616942
7,7,none,car,928,100,0,0,True,0.9159532,0.0007995838,0.029925032,0.053322144
7,7,none,car,929,100,1,2,False,0.0416715,0.03373462,0.5314958,0.39309812
7,7,none,car,930,100,0,0,True,0.9659625,9.753376e-05,0.018357312,0.015582538
7,7,none,car,931,100,1,2,False,0.011148257,0.021582099,0.5051255,0.46214414
7,7,none,car,932,100,1,1,True,0.0014507299,0.9795594,0.016764222,0.0022256025
7,7,none,car,933,100,0,2,False,0.029955244,0.0064036967,0.8179307,0.14571036
7,7,none,car,934,100,1,2,False,0.0041746097,0.3467426,0.46656272,0.18252008
7,7,none,car,935,100,0,2,False,0.04392141,0.00092302484,0.9390123,0.016143337
7,7,none,car,936,100,3,3,True,0.027761573,0.003610663,0.0249249,0.9437029
7,7,none,car,937,100,2,2,True,0.07435453,0.009408216,0.8949674,0.021269798
7,7,none,car,938,100,3,3,True,0.050344296,0.0016489546,0.0788254,0.86918133
7,7,none,car,939,100,2,2,True,0.026969269,0.054456938,0.79507357,0.12350021
7,7,none,car,940,100,3,3,True,0.052042346,0.0013033939,0.44246784,0.5041864
7,7,none,car,941,100,2,2,True,0.03213753,0.0085199475,0.95161045,0.0077320538
7,7,none,car,942,100,3,3,True,0.17010742,0.029885672,0.35775313,0.4422538
7,7,none,car,943,100,2,2,True,0.016514225,0.0007308025,0.9790902,0.0036647313
7,7,none,car,944,100,3,2,False,0.02647904,0.0069753593,0.9285998,0.037945796
7,7,none,car,945,100,2,2,True,0.0074228696,0.015401503,0.97337717,0.0037985973
7,7,none,car,946,100,3,1,False,0.002159269,0.56313384,0.21654159,0.21816537
7,7,none,car,947,100,2,2,True,0.039727926,0.021735786,0.8881831,0.05035315
7,7,none,car,948,100,1,1,True,0.0048577627,0.7814626,0.21157748,0.002102097
7,7,none,car,949,100,0,2,False,0.27477401,0.028803045,0.5899232,0.106499806
7,7,none,car,950,100,0,0,True,0.5090734,0.018715236,0.17235479,0.29985657
7,7,none,car,951,100,1,2,False,0.015953448,0.087630875,0.82910675,0.0673089
7,7,none,car,952,100,1,2,False,0.108100764,0.2884811,0.36267924,0.24073888
7,7,none,car,953,100,0,2,False,0.028327864,0.037490286,0.87108004,0.06310176
7,7,none,car,954,100,0,3,False,0.39310038,0.07001634,0.1253972,0.411486
7,7,none,car,955,100,1,1,True,0.0025162918,0.83451205,0.07892698,0.08404466
7,7,none,car,956,100,1,3,False,0.024551645,0.43604192,0.035331305,0.5040751
7,7,none,car,957,100,0,2,False,0.009487043,0.24481232,0.519715,0.22598565
7,7,none,car,958,100,0,0,True,0.6944996,0.024121655,0.25816384,0.023214852
7,7,none,car,959,100,1,1,True,0.0025154238,0.93356985,0.05040663,0.013508111
7,7,none,car,960,100,3,3,True,0.019777516,0.0041249786,0.10761657,0.868481
7,7,none,car,961,100,2,2,True,0.026764711,0.0014931663,0.8099796,0.16176245
7,7,none,car,962,100,2,2,True,0.030315636,0.0016447266,0.9540493,0.01399034
7,7,none,car,963,100,3,3,True,0.02529524,0.038920034,0.08119827,0.8545865
7,7,none,car,964,100,2,2,True,0.21998098,0.11072909,0.6001181,0.069171816
7,7,none,car,965,100,3,3,True,0.42486084,0.00087543513,0.08430305,0.4899606
7,7,none,car,966,100,2,2,True,0.008901765,0.0367916,0.8835199,0.07078672
7,7,none,car,967,100,3,0,False,0.37502486,0.030636476,0.2267828,0.36755586
7,7,none,car,968,100,2,2,True,0.32893312,0.12435642,0.53581756,0.010892897
7,7,none,car,969,100,3,2,False,0.020506864,0.32423687,0.4271853,0.22807102
7,7,none,car,970,100,2,3,False,0.18417206,0.057357505,0.34150237,0.41696808
7,7,none,car,971,100,3,3,True,0.26103285,0.08177483,0.27059028,0.386602
7,7,none,car,972,100,1,1,True,0.007579684,0.58540493,0.17302199,0.2339934
7,7,none,car,973,100,0,0,True,0.49145058,0.013443124,0.27183548,0.22327086
7,7,none,car,974,100,0,2,False,0.0010396664,0.0011163324,0.8427818,0.15506224
7,7,none,car,975,100,1,2,False,0.04511384,0.0030527082,0.9281941,0.023639336
7,7,none,car,976,100,1,1,True,0.0034731657,0.8706045,0.121041894,0.004880417
7,7,none,car,977,100,0,0,True,0.97220135,8.460311e-05,0.025044352,0.0026697929
7,7,none,car,978,100,0,0,True,0.5121914,0.00805527,0.41596287,0.063790426
7,7,none,car,979,100,1,1,True,0.15763608,0.4598534,0.17755961,0.2049509
7,7,none,car,980,100,1,2,False,0.0071663647,0.19947605,0.60798234,0.1853753
7,7,none,car,981,100,0,0,True,0.62695026,0.008323951,0.35524958,0.00947616
7,7,none,car,982,100,0,3,False,0.21461599,0.046977043,0.3632516,0.3751554
7,7,none,car,983,100,1,2,False,0.029436687,0.2809476,0.51497376,0.17464201
7,7,none,car,984,100,2,2,True,0.033997457,0.04379064,0.7905502,0.13166171
7,7,none,car,985,100,3,2,False,0.0021694975,0.00706506,0.54102683,0.44973862
7,7,none,car,986,100,2,3,False,0.07322473,0.051692538,0.37323123,0.5018515
7,7,none,car,987,100,3,3,True,0.0047386205,0.11073217,0.26569977,0.6188294
7,7,none,car,988,100,3,3,True,0.03116257,0.31959584,0.13546212,0.5137795
7,7,none,car,989,100,2,2,True,0.29265594,0.09198296,0.6099302,0.0054308516
7,7,none,car,990,100,2,2,True,0.04796741,0.07832564,0.6137553,0.25995165
7,7,none,car,991,100,3,2,False,0.010827831,0.020762458,0.66222256,0.30618718
7,7,none,car,992,100,3,3,True,0.0013332125,0.033170797,0.08770162,0.8777944
7,7,none,car,993,100,2,2,True,0.03695722,0.022505805,0.6135532,0.32698378
7,7,none,car,994,100,2,2,True,0.024907306,0.006332954,0.8041768,0.164583
7,7,none,car,995,100,3,3,True,0.00047662502,0.0024068563,0.10340398,0.8937125
7,7,none,car,996,101,0,0,True,0.5198114,0.013269825,0.46026555,0.0066531883
7,7,none,car,997,101,1,1,True,0.0054715816,0.8969146,0.06987088,0.027742991
7,7,none,car,998,101,1,0,False,0.56759506,0.29446355,0.11603063,0.021910693
7,7,none,car,999,101,0,0,True,0.9983742,0.0006920065,0.0007366567,0.0001970417
7,7,none,car,1000,101,1,1,True,0.005980159,0.985422,0.006799726,0.0017980875
7,7,none,car,1001,101,0,0,True,0.99979573,0.00012390637,7.547473e-05,4.82804e-06
7,7,none,car,1002,101,1,1,True,0.0009885603,0.9980398,0.00014390012,0.00082788576
7,7,none,car,1003,101,0,0,True,0.9997526,4.3996428e-05,0.00017583958,2.7675682e-05
7,7,none,car,1004,101,1,1,True,0.0036410876,0.9941373,0.0010114074,0.0012102498
7,7,none,car,1005,101,0,0,True,0.99903226,0.0006318035,0.00033034958,5.5722912e-06
7,7,none,car,1006,101,0,0,True,0.99917066,4.851458e-05,0.00077098154,9.928705e-06
7,7,none,car,1007,101,1,1,True,0.0050892225,0.96773493,0.022279192,0.0048965984
7,7,none,car,1008,101,1,1,True,0.0016374646,0.96745366,0.026429359,0.004479569
7,7,none,car,1009,101,0,0,True,0.976314,9.201319e-05,0.019226342,0.004367558
7,7,none,car,1010,101,0,0,True,0.9948165,0.0002298066,0.004785828,0.00016779851
7,7,none,car,1011,101,2,1,False,0.14646226,0.5423408,0.31078696,0.00040988423
7,7,none,car,1012,101,3,1,False,0.15470281,0.6551809,0.17710707,0.013009264
7,7,none,car,1013,101,2,2,True,0.4213197,0.014190911,0.54241717,0.022072233
7,7,none,car,1014,101,3,0,False,0.49729744,0.1803945,0.11859034,0.20371774
7,7,none,car,1015,101,3,2,False,0.039119016,0.06721278,0.78304553,0.11062266
7,7,none,car,1016,101,2,2,True,0.11938486,0.06302928,0.80781984,0.009766048
7,7,none,car,1017,101,2,2,True,0.016113043,0.08548518,0.89361537,0.004786411
7,7,none,car,1018,101,3,3,True,0.29668707,0.1258659,0.14352673,0.4339203
7,7,none,car,1019,101,2,1,False,0.11933089,0.5605787,0.31890127,0.0011891911
7,7,none,car,1020,101,3,3,True,0.33830506,0.062698096,0.06538459,0.53361225
7,7,none,car,1021,101,3,2,False,0.15086198,0.054527063,0.45184505,0.34276596
7,7,none,car,1022,101,2,1,False,0.32882652,0.6210317,0.04817188,0.0019699724
7,7,none,car,1023,101,2,0,False,0.76438284,0.022197928,0.21316795,0.00025132127
7,7,none,car,1024,101,3,3,True,0.21729816,0.06824548,0.02624981,0.6882066
7,7,none,car,1025,101,2,0,False,0.6498208,0.13691448,0.21094921,0.0023156002
7,7,none,car,1026,101,1,1,True,0.027938519,0.75247705,0.21093339,0.008651084
7,7,none,car,1027,101,0,0,True,0.999335,0.00015771136,0.0004832728,2.398685e-05
7,7,none,car,1028,101,0,0,True,0.9942498,0.0036743868,0.0019762095,9.956549e-05
7,7,none,car,1029,101,1,0,False,0.49106413,0.4531851,0.046764337,0.008986343
7,7,none,car,1030,101,1,1,True,0.0003210782,0.9973193,0.00216393,0.0001956522
7,7,none,car,1031,101,0,0,True,0.99812716,0.0001601966,0.0017061535,6.5534186e-06
7,7,none,car,1032,101,0,0,True,0.99876934,0.0006487576,0.0005315253,5.031782e-05
7,7,none,car,1033,101,1,1,True,0.0015769607,0.98068285,0.017480152,0.00026013836
7,7,none,car,1034,101,1,1,True,0.0112096835,0.98364335,0.0045872927,0.0005596525
7,7,none,car,1035,101,0,0,True,0.99964476,3.4177152e-05,0.00026050408,6.0570193e-05
7,7,none,car,1036,101,1,1,True,0.026431674,0.943421,0.023388015,0.0067593
7,7,none,car,1037,101,0,0,True,0.99982834,0.000107223364,5.9991726e-05,4.3661e-06
7,7,none,car,1038,101,1,1,True,0.044547215,0.9507753,0.0038593714,0.00081814115
7,7,none,car,1039,101,0,0,True,0.9463921,0.007624178,0.027959328,0.018024389
7,7,none,car,1040,101,1,2,False,0.22648342,0.28812197,0.42849275,0.05690184
7,7,none,car,1041,101,2,2,True,0.25584155,0.09770086,0.645423,0.0010345625
7,7,none,car,1042,101,3,2,False,0.29095873,0.086368784,0.5837113,0.038961187
7,7,none,car,1043,101,2,1,False,0.06711303,0.6602094,0.27175042,0.00092719396
7,7,none,car,1044,101,3,0,False,0.5132276,0.09239232,0.01557827,0.37880182
7,7,none,car,1045,101,3,0,False,0.6008178,0.074736625,0.19324784,0.13119772
7,7,none,car,1046,101,2,1,False,0.13165976,0.5679579,0.286276,0.014106379
7,7,none,car,1047,101,2,2,True,0.23651476,0.09161658,0.66839135,0.003477331
7,7,none,car,1048,101,3,0,False,0.5210926,0.38615644,0.015974527,0.07677643
7,7,none,car,1049,101,3,3,True,0.30654353,0.019113021,0.21075526,0.4635882
7,7,none,car,1050,101,2,0,False,0.44225952,0.27105027,0.25895187,0.02773837
7,7,none,car,1051,101,2,2,True,0.015424162,0.012263285,0.9720172,0.00029526133
7,7,none,car,1052,101,3,0,False,0.6424845,0.18383957,0.051284015,0.12239199
7,7,none,car,1053,101,2,0,False,0.7174746,0.014949449,0.25715315,0.010422829
7,7,none,car,1054,101,3,0,False,0.70101815,0.029049253,0.09275211,0.17718053
7,7,none,car,1055,101,2,1,False,0.31085697,0.481211,0.19217516,0.015756896
7,7,none,car,1056,101,0,0,True,0.99831957,0.00015701697,0.0014721528,5.126524e-05
7,7,none,car,1057,101,1,1,True,0.07011472,0.7806116,0.13909996,0.01017375
7,7,none,car,1058,101,0,0,True,0.9986142,0.00029282068,0.0010779002,1.5046954e-05
7,7,none,car,1059,101,1,1,True,0.04100985,0.8553727,0.03932634,0.06429105
7,7,none,car,1060,101,1,1,True,0.015501437,0.87626606,0.019396376,0.08883618
7,7,none,car,1061,101,0,0,True,0.9965179,0.0018486154,0.0009329401,0.00070066354
7,7,none,car,1062,101,1,1,True,0.00091599766,0.9988601,0.00012533483,9.846484e-05
7,7,none,car,1063,101,0,0,True,0.99945813,0.00027185553,0.00025179647,1.827389e-05
7,7,none,car,1064,101,1,1,True,0.0006192022,0.98804677,0.009505527,0.001828426
7,7,none,car,1065,101,0,0,True,0.99713033,0.0002763624,0.0022165582,0.0003768515
7,7,none,car,1066,101,1,1,True,0.01129668,0.9386747,0.027950661,0.022078045
7,7,none,car,1067,101,0,0,True,0.99936265,9.055616e-05,0.0004752627,7.157422e-05
7,7,none,car,1068,101,0,0,True,0.9442303,0.012502769,0.043030687,0.00023630452
7,7,none,car,1069,101,1,1,True,0.0044826106,0.98825794,0.0021167197,0.005142785
7,7,none,car,1070,101,1,1,True,0.0034947393,0.9559223,0.03830981,0.0022731596
7,7,none,car,1071,101,3,3,True,0.085426904,0.046693075,0.13116315,0.7367169
7,7,none,car,1072,101,2,2,True,0.0064290636,0.0076523754,0.98454446,0.0013740753
7,7,none,car,1073,101,3,0,False,0.7059169,0.14369899,0.049682688,0.10070148
7,7,none,car,1074,101,2,2,True,0.18011059,0.023331333,0.7719957,0.024562394
7,7,none,car,1075,101,2,2,True,0.1754782,0.21749881,0.5978951,0.009127847
7,7,none,car,1076,101,3,0,False,0.5830984,0.1600665,0.13992791,0.116907164
7,7,none,car,1077,101,3,0,False,0.6532389,0.031727403,0.07782225,0.23721153
7,7,none,car,1078,101,2,3,False,0.29708782,0.051495276,0.124250606,0.52716625
7,7,none,car,1079,101,2,2,True,0.0126719,0.0019084398,0.98511606,0.00030360525
7,7,none,car,1080,101,3,3,True,0.31353694,0.0448752,0.07169463,0.56989324
7,7,none,car,1081,101,3,3,True,0.0872659,0.07356311,0.3201774,0.5189936
7,7,none,car,1082,101,2,3,False,0.1764361,0.14561422,0.28779918,0.3901505
7,7,none,car,1083,101,3,3,True,0.32584354,0.1505129,0.16103645,0.36260712
7,7,none,car,1084,101,2,2,True,0.12669864,0.21732938,0.46140912,0.1945629
7,7,none,car,1085,101,2,2,True,0.04577165,0.439656,0.5043468,0.010225546
7,7,none,car,1086,102,1,1,True,0.0029126846,0.9780527,0.012730561,0.006304011
7,7,none,car,1087,102,0,0,True,0.7837657,0.028932523,0.16423361,0.023068167
7,7,none,car,1088,102,1,2,False,0.009539931,0.3609936,0.5766072,0.052859258
7,7,none,car,1089,102,0,0,True,0.9828164,0.0028629843,0.009040901,0.0052797203
7,7,none,car,1090,102,1,2,False,0.063122645,0.3342669,0.5851208,0.01748967
7,7,none,car,1091,102,0,0,True,0.6536523,0.024903074,0.24492747,0.076517195
7,7,none,car,1092,102,0,0,True,0.9810035,0.0013745817,0.016024042,0.0015979641
7,7,none,car,1093,102,1,2,False,0.31459656,0.09977175,0.32804134,0.25759032
7,7,none,car,1094,102,0,0,True,0.7337999,0.044947978,0.15888073,0.062371396
7,7,none,car,1095,102,1,2,False,0.08170916,0.11826303,0.7928122,0.007215594
7,7,none,car,1096,102,0,0,True,0.7478112,0.014722534,0.19087912,0.046587076
7,7,none,car,1097,102,1,2,False,0.025940835,0.19144139,0.7609642,0.02165348
7,7,none,car,1098,102,0,0,True,0.45200908,0.07985103,0.21421987,0.25392002
7,7,none,car,1099,102,1,2,False,0.13004449,0.069567986,0.7767493,0.023638174
7,7,none,car,1100,102,1,1,True,0.015547242,0.95849115,0.025071649,0.00088994537
7,7,none,car,1101,102,2,2,True,0.10270471,0.16582504,0.6221331,0.10933716
7,7,none,car,1102,102,3,3,True,0.16075906,0.0774835,0.3098558,0.4519016
7,7,none,car,1103,102,2,2,True,0.11593916,0.19759719,0.5994585,0.08700506
7,7,none,car,1104,102,3,3,True,0.29233712,0.10944589,0.27905008,0.31916687
7,7,none,car,1105,102,2,0,False,0.5404596,0.016683348,0.4198341,0.023022987
7,7,none,car,1106,102,3,2,False,0.084217876,0.08849817,0.5682555,0.25902852
7,7,none,car,1107,102,2,2,True,0.13797961,0.011049589,0.7989904,0.051980317
7,7,none,car,1108,102,3,3,True,0.12100706,0.04800982,0.23272817,0.5982549
7,7,none,car,1109,102,3,3,True,0.23502839,0.031274784,0.13056652,0.60313034
7,7,none,car,1110,102,2,2,True,0.03724228,0.0303696,0.9283158,0.0040723705
7,7,none,car,1111,102,3,2,False,0.017078806,0.09599613,0.73367244,0.1532526
7,7,none,car,1112,102,2,2,True,0.20026582,0.013202077,0.5558608,0.23067126
7,7,none,car,1113,102,2,2,True,0.10850501,0.08886052,0.764142,0.038492493
7,7,none,car,1114,102,3,0,False,0.44576,0.03607781,0.4172066,0.100955635
7,7,none,car,1115,102,2,2,True,0.027738433,0.100031026,0.736149,0.13608156
7,7,none,car,1116,102,1,1,True,0.0039761905,0.9504118,0.044139992,0.001472027
7,7,none,car,1117,102,0,2,False,0.20460926,0.11805209,0.3839783,0.29336035
7,7,none,car,1118,102,1,1,True,0.02313871,0.5393895,0.2644327,0.17303912
7,7,none,car,1119,102,0,0,True,0.59783405,0.029459989,0.29167122,0.081034765
7,7,none,car,1120,102,0,0,True,0.8908861,0.030381555,0.061549056,0.017183188
7,7,none,car,1121,102,1,2,False,0.017919125,0.19810355,0.7571335,0.026843913
7,7,none,car,1122,102,0,2,False,0.1643998,0.1908775,0.50445867,0.14026405
7,7,none,car,1123,102,1,2,False,0.04834085,0.15266,0.72645205,0.0725471
7,7,none,car,1124,102,0,2,False,0.42552197,0.020010252,0.5271175,0.02735034
7,7,none,car,1125,102,1,2,False,0.13442352,0.09663256,0.6300113,0.13893259
7,7,none,car,1126,102,1,1,True,0.0019606422,0.9799963,0.0076404084,0.010402521
7,7,none,car,1127,102,0,2,False,0.12864582,0.0382339,0.52739966,0.30572063
7,7,none,car,1128,102,1,1,True,0.0017144517,0.98474336,0.010753718,0.0027885013
7,7,none,car,1129,102,0,2,False,0.14011812,0.07502917,0.43636486,0.34848782
7,7,none,car,1130,102,1,2,False,0.11075792,0.16749619,0.5625824,0.15916361
7,7,none,car,1131,102,2,2,True,0.0076046702,0.00982898,0.97819215,0.0043742675
7,7,none,car,1132,102,3,2,False,0.021239229,0.07394053,0.6734136,0.23140664
7,7,none,car,1133,102,3,2,False,0.015165263,0.01921722,0.6716965,0.293921
7,7,none,car,1134,102,2,2,True,0.023056172,0.021027861,0.9361167,0.019799285
7,7,none,car,1135,102,2,2,True,0.054612815,0.19627993,0.5779147,0.17119259
7,7,none,car,1136,102,3,2,False,0.012076525,0.01858986,0.90414757,0.065186016
7,7,none,car,1137,102,3,2,False,0.05047528,0.030575605,0.73291546,0.1860336
7,7,none,car,1138,102,2,2,True,0.0044194157,0.0468261,0.93724155,0.011512853
7,7,none,car,1139,102,2,2,True,0.043304004,0.027463797,0.8628645,0.06636774
7,7,none,car,1140,102,3,2,False,0.2098734,0.062739655,0.46914548,0.25824144
7,7,none,car,1141,102,2,2,True,0.008825055,0.033877954,0.55184066,0.40545633
7,7,none,car,1142,102,3,3,True,0.012000458,0.08721643,0.35266688,0.5481162
7,7,none,car,1143,102,3,2,False,0.033501744,0.0041634575,0.7571978,0.20513698
7,7,none,car,1144,102,2,2,True,0.21671572,0.058619272,0.47493142,0.2497336
7,7,none,car,1145,102,2,2,True,0.011907146,0.09361454,0.86708826,0.02739007
7,7,none,car,1146,102,0,2,False,0.13576925,0.014507409,0.81684697,0.032876357
7,7,none,car,1147,102,1,1,True,0.0027502791,0.94814676,0.043064807,0.006038201
7,7,none,car,1148,102,0,2,False,0.019744212,0.0056933477,0.89707947,0.07748296
7,7,none,car,1149,102,1,1,True,0.008587397,0.93488103,0.038180582,0.018351028
7,7,none,car,1150,102,1,2,False,0.027557133,0.09329154,0.86961174,0.00953956
7,7,none,car,1151,102,0,2,False,0.19938947,0.09290085,0.61104923,0.096660405
7,7,none,car,1152,102,0,2,False,0.049582772,0.03564493,0.8916787,0.02309367
7,7,none,car,1153,102,1,2,False,0.04565062,0.3224543,0.39011526,0.24177977
7,7,none,car,1154,102,0,2,False,0.09670454,0.09488229,0.7686864,0.03972683
7,7,none,car,1155,102,1,2,False,0.08441626,0.037674673,0.6988945,0.17901456
7,7,none,car,1156,102,1,1,True,0.007453033,0.5590527,0.1793354,0.2541589
7,7,none,car,1157,102,0,3,False,0.15411894,0.10416679,0.34456712,0.39714712
7,7,none,car,1158,102,1,2,False,0.1742352,0.25579926,0.35198948,0.21797605
7,7,none,car,1159,102,0,0,True,0.4300144,0.020407194,0.39686137,0.15271701
7,7,none,car,1160,102,0,0,True,0.80670863,0.009189024,0.051617876,0.13248438
7,7,none,car,1161,102,2,2,True,0.017338078,0.028890172,0.9470032,0.0067686103
7,7,none,car,1162,102,3,3,True,0.038360056,0.045427307,0.3548708,0.5613418
7,7,none,car,1163,102,3,3,True,0.029264351,0.0342486,0.05985907,0.8766279
7,7,none,car,1164,102,2,2,True,0.11104608,0.21205233,0.54942554,0.127476
7,7,none,car,1165,102,2,2,True,0.009009346,0.019336047,0.69086677,0.2807879
7,7,none,car,1166,102,3,3,True,0.40555584,0.007280643,0.12091274,0.46625075
7,7,none,car,1167,102,2,2,True,0.06807855,0.012566152,0.8508245,0.06853087
7,7,none,car,1168,102,3,3,True,0.18394634,0.030180672,0.37595934,0.4099136
7,7,none,car,1169,102,2,2,True,0.06505239,0.059377242,0.45073003,0.42484033
7,7,none,car,1170,102,3,2,False,0.04720038,0.045596156,0.6826237,0.22457972
7,7,none,car,1171,102,2,2,True,0.032466028,0.30670255,0.3617127,0.29911873
7,7,none,car,1172,102,3,3,True,0.015427178,0.004788272,0.14592054,0.83386403
7,7,none,car,1173,102,2,2,True,0.09232076,0.24967942,0.5864465,0.07155328
7,7,none,car,1174,102,3,2,False,0.078847334,0.024480851,0.4850381,0.4116337
7,7,none,car,1175,102,3,3,True,0.06840169,0.084453695,0.05461041,0.7925342
7,7,none,car,1176,103,0,2,False,0.3008646,0.010108761,0.36800843,0.3210182
7,7,none,car,1177,103,1,2,False,0.0019177496,0.14257665,0.7833363,0.072169326
7,7,none,car,1178,103,1,2,False,0.015159661,0.36501423,0.5183294,0.101496704
7,7,none,car,1179,103,0,1,False,0.023240967,0.5363934,0.15935405,0.28101167
7,7,none,car,1180,103,1,1,True,0.08663162,0.5399371,0.17533551,0.1980958
7,7,none,car,1181,103,0,3,False,0.11378262,0.043131094,0.035632804,0.8074535
7,7,none,car,1182,103,0,0,True,0.95636255,0.00038731203,0.037985787,0.005264392
7,7,none,car,1183,103,1,1,True,0.0043996116,0.60323566,0.38539907,0.0069657033
7,7,none,car,1184,103,0,0,True,0.6289641,0.02183594,0.32266128,0.02653865
7,7,none,car,1185,103,1,2,False,0.041037448,0.12320611,0.8202425,0.01551399
7,7,none,car,1186,103,0,0,True,0.83763695,0.014235576,0.14697951,0.0011479418
7,7,none,car,1187,103,1,0,False,0.41598374,0.1841605,0.30557656,0.09427923
7,7,none,car,1188,103,1,1,True,0.01894259,0.5462087,0.35925707,0.0755916
7,7,none,car,1189,103,0,0,True,0.4991466,0.0128098605,0.4873081,0.00073548045
7,7,none,car,1190,103,1,2,False,0.02409496,0.090959325,0.62133306,0.2636127
7,7,none,car,1191,103,3,2,False,0.0041863797,0.018861774,0.8792939,0.09765795
7,7,none,car,1192,103,2,2,True,0.009480742,0.0018781575,0.98423624,0.004404976
7,7,none,car,1193,103,2,2,True,0.02700807,0.014813181,0.9212993,0.036879342
7,7,none,car,1194,103,3,0,False,0.44399092,0.018611265,0.1346339,0.402764
7,7,none,car,1195,103,2,3,False,0.24212392,0.13958874,0.09028592,0.5280014
7,7,none,car,1196,103,3,2,False,0.33380505,0.020947514,0.5359755,0.109271936
7,7,none,car,1197,103,3,2,False,0.08761583,0.010079121,0.7160803,0.18622477
7,7,none,car,1198,103,2,2,True,0.03558992,0.0050117727,0.95448303,0.0049152304
7,7,none,car,1199,103,2,2,True,0.11197662,0.10648212,0.7777063,0.0038349011
7,7,none,car,1200,103,3,1,False,0.1322821,0.57930446,0.022322498,0.2660909
7,7,none,car,1201,103,3,2,False,0.020749873,0.09605341,0.5300561,0.3531406
7,7,none,car,1202,103,2,2,True,0.0055694473,0.001311915,0.9929007,0.00021786653
7,7,none,car,1203,103,3,0,False,0.6201104,0.07020439,0.20965773,0.10002748
7,7,none,car,1204,103,2,1,False,0.20253241,0.48379648,0.29051214,0.023159008
7,7,none,car,1205,103,2,1,False,0.05530039,0.5102197,0.23111121,0.20336871
7,7,none,car,1206,103,1,2,False,0.0055987095,0.0050971187,0.9876087,0.0016955181
7,7,none,car,1207,103,0,3,False,0.14453869,0.013956906,0.3615667,0.4799378
7,7,none,car,1208,103,1,2,False,0.0024710938,0.3701444,0.6212401,0.006144517
7,7,none,car,1209,103,0,0,True,0.47355857,0.054667868,0.3695715,0.10220198
7,7,none,car,1210,103,0,0,True,0.95089364,0.0018620656,0.019922482,0.02732183
7,7,none,car,1211,103,1,3,False,0.010206262,0.22404486,0.27277896,0.49296987
7,7,none,car,1212,103,1,3,False,0.042795904,0.058702838,0.11556457,0.78293675
7,7,none,car,1213,103,0,0,True,0.7589008,0.0730846,0.15698256,0.011032068
7,7,none,car,1214,103,0,2,False,0.30394432,0.11406013,0.5749441,0.007051479
7,7,none,car,1215,103,1,2,False,0.20295703,0.0074915783,0.74625814,0.0432933
7,7,none,car,1216,103,1,1,True,0.003830833,0.966078,0.023377165,0.006713899
7,7,none,car,1217,103,0,0,True,0.8213149,0.0054688253,0.15327056,0.019945707
7,7,none,car,1218,103,0,2,False,0.2398893,0.004812128,0.7536136,0.0016848893
7,7,none,car,1219,103,1,2,False,0.039440867,0.11853466,0.840662,0.0013625042
7,7,none,car,1220,103,0,2,False,0.40728664,0.0040460476,0.5863919,0.0022754592
7,7,none,car,1221,103,2,2,True,0.004610419,0.00306957,0.983435,0.008884921
7,7,none,car,1222,103,3,2,False,0.002875633,0.0011515192,0.92995375,0.06601901
7,7,none,car,1223,103,2,2,True,0.014047469,0.16773,0.8147936,0.003428942
7,7,none,car,1224,103,3,2,False,0.028065342,0.0069819996,0.83092433,0.13402838
7,7,none,car,1225,103,3,3,True,0.04015509,0.010639745,0.07411829,0.87508684
7,7,none,car,1226,103,2,2,True,0.1447668,0.011512614,0.67673326,0.16698734
7,7,none,car,1227,103,3,2,False,0.09943493,0.043407667,0.47317728,0.38398018
7,7,none,car,1228,103,2,2,True,0.07376604,0.06463223,0.6851051,0.17649668
7,7,none,car,1229,103,3,3,True,0.07574237,0.015349828,0.045119945,0.86378783
7,7,none,car,1230,103,2,2,True,0.036313865,0.014997917,0.8866515,0.062036697
7,7,none,car,1231,103,2,2,True,0.10341197,0.028024025,0.86303014,0.005533873
7,7,none,car,1232,103,3,2,False,0.05879742,0.095173605,0.799878,0.046151027
7,7,none,car,1233,103,3,2,False,0.086492285,0.21600492,0.35240558,0.34509724
7,7,none,car,1234,103,2,2,True,0.05678999,0.035448488,0.87657905,0.03118243
7,7,none,car,1235,103,3,2,False,0.005456881,0.039308924,0.5800306,0.37520358
7,7,none,car,1236,103,1,1,True,0.017271541,0.51029474,0.40732646,0.06510721
7,7,none,car,1237,103,0,2,False,0.19435865,0.0018416418,0.7018518,0.101948
7,7,none,car,1238,103,0,0,True,0.83632815,0.0057704793,0.06506705,0.09283429
7,7,none,car,1239,103,1,2,False,0.0047985245,0.036786377,0.90382785,0.054587185
7,7,none,car,1240,103,1,3,False,0.0040344633,0.3230432,0.032037072,0.64088523
7,7,none,car,1241,103,0,2,False,0.021651257,0.0043086866,0.89756304,0.076476984
7,7,none,car,1242,103,1,1,True,0.0011267903,0.8169693,0.014264776,0.16763914
7,7,none,car,1243,103,0,2,False,0.18325275,0.0028307948,0.806605,0.007311408
7,7,none,car,1244,103,0,2,False,0.33034813,0.016643828,0.3910622,0.26194578
7,7,none,car,1245,103,1,3,False,0.018551122,0.2735791,0.33829817,0.3695716
7,7,none,car,1246,103,0,2,False,0.37571916,0.0063585937,0.6053455,0.01257675
7,7,none,car,1247,103,1,2,False,0.12565136,0.07701377,0.6473304,0.1500045
7,7,none,car,1248,103,1,2,False,0.029241595,0.32209334,0.6187053,0.029959783
7,7,none,car,1249,103,0,0,True,0.95779085,0.0014272782,0.036199506,0.0045822677
7,7,none,car,1250,103,1,3,False,0.13330507,0.30112118,0.051582538,0.51399124
7,7,none,car,1251,103,3,3,True,0.00444882,0.008670015,0.08118467,0.9056965
7,7,none,car,1252,103,2,2,True,0.006027561,0.31600645,0.5989173,0.07904864
7,7,none,car,1253,103,3,3,True,0.08708991,0.11843547,0.28261074,0.5118639
7,7,none,car,1254,103,2,2,True,0.28217888,0.15676911,0.3527509,0.2083011
7,7,none,car,1255,103,2,2,True,0.04033928,0.09292249,0.85144496,0.015293245
7,7,none,car,1256,103,3,0,False,0.36996922,0.09603615,0.27211016,0.26188445
7,7,none,car,1257,103,2,1,False,0.28236422,0.35538432,0.12913062,0.23312084
7,7,none,car,1258,103,3,0,False,0.3799892,0.24428159,0.16396844,0.21176074
7,7,none,car,1259,103,2,2,True,0.0077819857,0.006104738,0.98426867,0.0018446239
7,7,none,car,1260,103,3,2,False,0.04313428,0.20126337,0.49886468,0.25673768
7,7,none,car,1261,103,3,3,True,0.013942846,0.14237648,0.13325451,0.71042615
7,7,none,car,1262,103,2,2,True,0.0072016167,0.08757266,0.8987216,0.006504124
7,7,none,car,1263,103,2,2,True,0.022615768,0.03262509,0.9426774,0.002081763
7,7,none,car,1264,103,3,3,True,0.10997702,0.026847035,0.018034743,0.84514123
7,7,none,car,1265,103,3,3,True,0.0011720193,0.06918386,0.027132887,0.90251124
7,7,none,car,1266,104,0,0,True,0.32999453,0.2387381,0.267376,0.16389135
7,7,none,car,1267,104,1,1,True,0.1763801,0.71830946,0.08650228,0.018808195
7,7,none,car,1268,104,1,2,False,0.044337902,0.048072144,0.883753,0.02383699
7,7,none,car,1269,104,0,2,False,0.21276544,0.26579833,0.30689085,0.21454543
7,7,none,car,1270,104,1,2,False,0.04409377,0.27451614,0.5975048,0.08388528
7,7,none,car,1271,104,0,2,False,0.026084559,0.048094574,0.9084951,0.017325735
7,7,none,car,1272,104,1,0,False,0.5862576,0.16193931,0.19476761,0.057035472
7,7,none,car,1273,104,0,2,False,0.3090065,0.048530847,0.58681244,0.05565026
7,7,none,car,1274,104,0,1,False,0.08683118,0.60241145,0.29959837,0.011158967
7,7,none,car,1275,104,1,2,False,0.046011224,0.42951328,0.50890434,0.015571187
7,7,none,car,1276,104,0,2,False,0.13236974,0.15613368,0.65081805,0.060678504
7,7,none,car,1277,104,1,3,False,0.025858704,0.14547442,0.36841673,0.46025017
7,7,none,car,1278,104,1,2,False,0.1943699,0.062978745,0.71641505,0.02623632
7,7,none,car,1279,104,0,2,False,0.14576425,0.038420748,0.75308657,0.062728465
7,7,none,car,1280,104,1,1,True,0.0017210018,0.9651653,0.0076241638,0.025489569
7,7,none,car,1281,104,2,2,True,0.13860808,0.061913963,0.72574013,0.07373783
7,7,none,car,1282,104,3,2,False,0.04478318,0.09375256,0.684372,0.17709225
7,7,none,car,1283,104,3,3,True,0.12086866,0.027342536,0.15899068,0.6927981
7,7,none,car,1284,104,2,1,False,0.018584806,0.60283786,0.36610326,0.012474082
7,7,none,car,1285,104,3,2,False,0.1589382,0.0899136,0.5630417,0.18810654
7,7,none,car,1286,104,2,1,False,0.04030266,0.8475263,0.08588686,0.026284121
7,7,none,car,1287,104,2,2,True,0.025571637,0.25383148,0.61902696,0.10156993
7,7,none,car,1288,104,3,3,True,0.030096175,0.056224596,0.0338938,0.8797854
7,7,none,car,1289,104,2,1,False,0.017986054,0.72401625,0.2534643,0.0045334357
7,7,none,car,1290,104,3,2,False,0.116559476,0.30546406,0.46123165,0.11674481
7,7,none,car,1291,104,3,3,True,0.102401845,0.019999418,0.16004623,0.71755254
7,7,none,car,1292,104,2,3,False,0.15918164,0.11784435,0.21612121,0.50685275
7,7,none,car,1293,104,3,3,True,0.07870437,0.07230865,0.06347712,0.7855099
7,7,none,car,1294,104,2,2,True,0.012720178,0.1657738,0.75001764,0.07148849
7,7,none,car,1295,104,3,2,False,0.31621075,0.044071667,0.36271778,0.2769998
7,7,none,car,1296,104,0,3,False,0.14580041,0.07776832,0.101860225,0.67457104
7,7,none,car,1297,104,1,2,False,0.075099975,0.42575088,0.42652383,0.072625324
7,7,none,car,1298,104,1,1,True,0.0066944,0.9739906,0.008527659,0.010787484
7,7,none,car,1299,104,0,0,True,0.8710778,0.031940524,0.091455996,0.005525634
7,7,none,car,1300,104,0,0,True,0.93665004,0.007584847,0.036757305,0.019007728
7,7,none,car,1301,104,1,1,True,0.008632665,0.77907705,0.1713387,0.040951554
7,7,none,car,1302,104,0,0,True,0.48547095,0.23254794,0.20686892,0.07511225
7,7,none,car,1303,104,1,1,True,0.15306294,0.56519544,0.23354453,0.048197154
7,7,none,car,1304,104,0,0,True,0.7076711,0.09031178,0.19115725,0.010859885
7,7,none,car,1305,104,1,1,True,0.104693145,0.75666744,0.102977246,0.035662185
7,7,none,car,1306,104,1,1,True,0.00016843101,0.76932716,0.21869148,0.011812897
7,7,none,car,1307,104,0,0,True,0.95781523,0.02253111,0.016748244,0.002905432
7,7,none,car,1308,104,3,3,True,0.0069267293,0.10168961,0.184641,0.7067427
7,7,none,car,1309,104,2,2,True,0.04586267,0.3090677,0.49947768,0.14559197
7,7,none,car,1310,104,3,3,True,0.22041105,0.10974248,0.17248078,0.4973657
7,7,none,car,1311,104,2,0,False,0.4357587,0.07612926,0.2966416,0.19147049
7,7,none,car,1312,104,3,0,False,0.48134002,0.09679708,0.049317293,0.3725456
7,7,none,car,1313,104,2,2,True,0.04891791,0.12296957,0.8240442,0.004068207
7,7,none,car,1314,104,3,3,True,0.04072488,0.17045966,0.1935447,0.5952707
7,7,none,car,1315,104,2,2,True,0.23619823,0.13812353,0.32799208,0.2976861
7,7,none,car,1316,104,3,2,False,0.038388155,0.27783716,0.6018044,0.08197028
7,7,none,car,1317,104,2,2,True,0.15677963,0.16813585,0.65576804,0.019316478
7,7,none,car,1318,104,2,2,True,0.167421,0.15205087,0.6335009,0.047027323
7,7,none,car,1319,104,3,2,False,0.14869452,0.08225425,0.50604385,0.2630074
7,7,none,car,1320,104,3,3,True,0.34864032,0.035756916,0.15341385,0.46218893
7,7,none,car,1321,104,2,2,True,0.043897726,0.3243158,0.5944383,0.037348215
7,7,none,car,1322,104,2,2,True,0.032499388,0.0068659266,0.95622736,0.0044073374
7,7,none,car,1323,104,0,0,True,0.5027349,0.050948944,0.30764544,0.13867077
7,7,none,car,1324,104,1,2,False,0.014008708,0.13107315,0.8332454,0.0216727
7,7,none,car,1325,104,0,2,False,0.17609999,0.02431813,0.7809369,0.018644929
7,7,none,car,1326,104,1,2,False,0.044407405,0.23215191,0.6840746,0.0393662
7,7,none,car,1327,104,0,2,False,0.072280206,0.066756174,0.83219004,0.028773524
7,7,none,car,1328,104,1,3,False,0.007561209,0.21257538,0.2436064,0.53625697
7,7,none,car,1329,104,0,0,True,0.9982242,8.508934e-05,0.001092881,0.00059780746
7,7,none,car,1330,104,1,2,False,0.06624218,0.12366097,0.68555844,0.124538384
7,7,none,car,1331,104,1,1,True,0.06636931,0.8593382,0.052951705,0.021340737
7,7,none,car,1332,104,0,1,False,0.16258313,0.7478234,0.0716961,0.017897414
7,7,none,car,1333,104,0,2,False,0.30479962,0.053472135,0.6046257,0.0371026
7,7,none,car,1334,104,1,0,False,0.31982908,0.18245022,0.3143197,0.18340103
7,7,none,car,1335,104,1,2,False,0.20148617,0.021993622,0.48692328,0.28959695
7,7,none,car,1336,104,0,2,False,0.41969,0.009032066,0.5606224,0.0106555065
7,7,none,car,1337,104,0,2,False,0.35020596,0.031287815,0.5202223,0.0982839
7,7,none,car,1338,104,2,2,True,0.004671249,0.0131604215,0.94902545,0.033142854
7,7,none,car,1339,104,3,2,False,0.07009132,0.29222003,0.59856385,0.039124787
7,7,none,car,1340,104,2,2,True,0.23130654,0.25182372,0.48625794,0.030611785
7,7,none,car,1341,104,3,3,True,0.019247206,0.041538835,0.10336263,0.8358513
7,7,none,car,1342,104,3,3,True,0.04721043,0.1350285,0.08056436,0.73719674
7,7,none,car,1343,104,2,2,True,0.005881075,0.03561791,0.95375377,0.0047473083
7,7,none,car,1344,104,3,3,True,0.014627598,0.004922842,0.036119316,0.9443302
7,7,none,car,1345,104,2,2,True,0.03969141,0.07444682,0.86841273,0.017449139
7,7,none,car,1346,104,3,3,True,0.18941939,0.053802267,0.30685735,0.44992095
7,7,none,car,1347,104,2,2,True,0.060203463,0.07512334,0.85592145,0.008751696
7,7,none,car,1348,104,3,3,True,0.007056306,0.15948321,0.2742206,0.5592399
7,7,none,car,1349,104,2,1,False,0.009968544,0.50994307,0.41893813,0.061150264
7,7,none,car,1350,104,2,2,True,0.025930732,0.22487956,0.66087115,0.08831855
7,7,none,car,1351,104,3,2,False,0.19754454,0.027325159,0.54399896,0.23113137
7,7,none,car,1352,104,3,2,False,0.07113922,0.05449326,0.48520958,0.3891579
7,7,none,car,1353,105,0,0,True,0.9666285,0.0011963146,0.020696353,0.011478822
7,7,none,car,1354,105,1,1,True,0.00096582226,0.97348106,0.023152398,0.0024006763
7,7,none,car,1355,105,1,1,True,0.0005667055,0.9723023,0.021016981,0.0061140116
7,7,none,car,1356,105,0,0,True,0.93188864,0.001960083,0.033248104,0.0329032
7,7,none,car,1357,105,1,1,True,0.00012879456,0.8768063,0.1202222,0.0028426098
7,7,none,car,1358,105,0,0,True,0.9978891,1.6108184e-05,0.0018759437,0.00021885734
7,7,none,car,1359,105,1,1,True,0.00086816127,0.98704535,0.007775319,0.0043112445
7,7,none,car,1360,105,0,0,True,0.9534407,0.0008570546,0.016610447,0.029091675
7,7,none,car,1361,105,0,0,True,0.9645982,0.0010657941,0.029861711,0.00447426
7,7,none,car,1362,105,1,1,True,0.010110089,0.6719147,0.009755559,0.3082196
7,7,none,car,1363,105,1,1,True,0.00021538853,0.9595894,0.019940807,0.02025436
7,7,none,car,1364,105,0,0,True,0.9980202,0.0002614911,0.0009550718,0.00076322287
7,7,none,car,1365,105,1,2,False,0.012662359,0.29124728,0.58977497,0.10631539
7,7,none,car,1366,105,0,0,True,0.9709416,0.00021750639,0.026343675,0.0024972823
7,7,none,car,1367,105,0,0,True,0.84084487,0.010310236,0.13455406,0.014290851
7,7,none,car,1368,105,3,3,True,0.042278413,0.012050154,0.05726143,0.88841003
7,7,none,car,1369,105,2,3,False,0.03790273,0.04927171,0.4423227,0.47050294
7,7,none,car,1370,105,2,2,True,0.009195675,0.037915938,0.574741,0.37814736
7,7,none,car,1371,105,3,3,True,0.005558533,0.014351955,0.35163876,0.62845075
7,7,none,car,1372,105,3,3,True,0.037402745,0.0102233235,0.3843541,0.56801987
7,7,none,car,1373,105,2,2,True,0.01023998,0.016331015,0.6985198,0.27490917
7,7,none,car,1374,105,3,3,True,0.0047264495,0.022372806,0.033712145,0.9391886
7,7,none,car,1375,105,2,2,True,0.005897205,0.017631005,0.9661257,0.010346015
7,7,none,car,1376,105,3,3,True,0.014714613,0.3811666,0.20669445,0.39742437
7,7,none,car,1377,105,2,2,True,0.013786486,0.037583485,0.90566444,0.042965673
7,7,none,car,1378,105,3,2,False,0.036056735,0.02119259,0.87840915,0.064341515
7,7,none,car,1379,105,2,3,False,0.0010537818,0.016561676,0.30347037,0.6789141
7,7,none,car,1380,105,3,3,True,0.0018121628,0.001667061,0.07200602,0.9245148
7,7,none,car,1381,105,2,2,True,0.006371677,0.008540451,0.9703522,0.014735677
7,7,none,car,1382,105,2,2,True,0.0017897893,0.017871268,0.61195123,0.36838767
7,7,none,car,1383,105,1,1,True,0.00011487424,0.96914613,0.029689565,0.0010495374
7,7,none,car,1384,105,0,2,False,0.050569486,0.0013819439,0.80434006,0.14370851
7,7,none,car,1385,105,1,1,True,0.00029430952,0.63599455,0.34349537,0.02021572
7,7,none,car,1386,105,0,3,False,0.104725584,0.00092931313,0.3118119,0.5825332
7,7,none,car,1387,105,0,2,False,0.1956279,0.00046414338,0.7354378,0.06847015
7,7,none,car,1388,105,1,1,True,0.010068945,0.84440345,0.13135295,0.014174682
7,7,none,car,1389,105,1,1,True,0.000289394,0.9231727,0.07605613,0.00048181514
7,7,none,car,1390,105,0,0,True,0.8950191,0.0057140044,0.09427077,0.0049960325
7,7,none,car,1391,105,0,0,True,0.71425813,0.01736587,0.25981155,0.008564396
7,7,none,car,1392,105,1,1,True,0.0017905493,0.74049854,0.2503053,0.0074055996
7,7,none,car,1393,105,0,0,True,0.90973467,0.0026959865,0.06254829,0.025021011
7,7,none,car,1394,105,1,1,True,0.0015827061,0.9622738,0.035248037,0.0008955864
7,7,none,car,1395,105,0,2,False,0.07243489,0.0013230889,0.92217803,0.0040640216
7,7,none,car,1396,105,1,1,True,4.5112527e-05,0.9864211,0.013049681,0.00048405994
7,7,none,car,1397,105,1,1,True,0.0047700615,0.74564004,0.21698858,0.032601334
7,7,none,car,1398,105,3,2,False,0.002148489,0.004397397,0.9706944,0.022759624
7,7,none,car,1399,105,2,2,True,0.0027472526,0.008246503,0.94167376,0.04733247
7,7,none,car,1400,105,3,2,False,0.007848557,0.015162994,0.7810134,0.19597502
7,7,none,car,1401,105,2,2,True,0.0031446074,0.0028967087,0.98719484,0.0067637702
7,7,none,car,1402,105,3,2,False,0.0010803958,0.008124635,0.9531619,0.03763312
7,7,none,car,1403,105,2,2,True,0.0037331753,0.0056416756,0.98028517,0.010339878
7,7,none,car,1404,105,3,2,False,0.005866292,0.0397651,0.86687356,0.08749512
7,7,none,car,1405,105,2,3,False,0.18373826,0.08889669,0.2925078,0.4348573
7,7,none,car,1406,105,3,2,False,0.0052685,0.0017733307,0.63493246,0.3580257
7,7,none,car,1407,105,2,2,True,0.0028094284,0.14998879,0.7569523,0.090249486
7,7,none,car,1408,105,2,2,True,0.014807479,0.14792822,0.50243986,0.33482447
7,7,none,car,1409,105,3,2,False,0.01955196,0.19272283,0.5941432,0.19358201
7,7,none,car,1410,105,3,3,True,0.0058792564,0.042260975,0.14349231,0.80836743
7,7,none,car,1411,105,2,2,True,0.002242169,0.013437244,0.95332456,0.030996067
7,7,none,car,1412,105,2,2,True,0.002785001,0.013786492,0.97489345,0.008535093
7,7,none,car,1413,105,1,3,False,0.0010525077,0.25823563,0.113715746,0.62699616
7,7,none,car,1414,105,0,0,True,0.7436245,0.015911875,0.23621008,0.0042535104
7,7,none,car,1415,105,1,1,True,0.0024679685,0.75862455,0.1830453,0.055862077
7,7,none,car,1416,105,0,2,False,0.18961023,0.097915106,0.6482786,0.06419603
7,7,none,car,1417,105,1,1,True,0.00039216824,0.8387207,0.13334401,0.027543204
7,7,none,car,1418,105,0,2,False,0.1921309,0.005309018,0.7839264,0.018633647
7,7,none,car,1419,105,1,2,False,0.011518722,0.32674077,0.53589773,0.12584281
7,7,none,car,1420,105,0,0,True,0.59426814,0.04294641,0.32157436,0.04121108
7,7,none,car,1421,105,0,2,False,0.12002583,0.045529734,0.7519755,0.08246899
7,7,none,car,1422,105,1,1,True,0.0063710767,0.87705046,0.11338689,0.0031914723
7,7,none,car,1423,105,1,1,True,0.00018373718,0.990449,0.005270627,0.004096597
7,7,none,car,1424,105,0,0,True,0.6998753,0.008002238,0.24871325,0.04340922
7,7,none,car,1425,105,1,1,True,0.00023095221,0.5814431,0.40618017,0.012145798
7,7,none,car,1426,105,0,2,False,0.010591605,0.0009966369,0.97720885,0.011202947
7,7,none,car,1427,105,0,2,False,0.16128479,0.015626447,0.52087945,0.3022093
7,7,none,car,1428,105,2,2,True,0.015038974,0.06629785,0.49091166,0.42775157
7,7,none,car,1429,105,3,2,False,0.016778741,0.02622885,0.57174927,0.38524312
7,7,none,car,1430,105,3,3,True,0.018705375,0.029688632,0.26418987,0.68741614
7,7,none,car,1431,105,2,2,True,0.001377484,0.007429165,0.85223824,0.13895516
7,7,none,car,1432,105,3,2,False,0.022896005,0.03167308,0.6986047,0.24682623
7,7,none,car,1433,105,2,2,True,0.0043417923,0.020056278,0.9411476,0.03445434
7,7,none,car,1434,105,3,2,False,0.021308076,0.12523504,0.596803,0.2566539
7,7,none,car,1435,105,2,2,True,0.016652804,0.040787674,0.90518534,0.037374225
7,7,none,car,1436,105,3,3,True,0.003210635,0.025037318,0.4079912,0.5637608
7,7,none,car,1437,105,2,2,True,0.0011059373,0.012925139,0.9824651,0.0035038188
7,7,none,car,1438,105,2,2,True,0.0035704593,0.05112885,0.83761376,0.1076869
7,7,none,car,1439,105,3,2,False,0.016570363,0.04774331,0.75981987,0.1758664
7,7,none,car,1440,105,2,2,True,0.0029271662,0.014521885,0.90966994,0.07288104
7,7,none,car,1441,105,3,2,False,0.0011393182,0.0054926295,0.91968495,0.073683165
7,7,none,car,1442,105,2,3,False,0.030230908,0.025632769,0.46656168,0.47757468
7,7,none,car,1443,106,0,2,False,0.002100496,0.0014958058,0.862876,0.13352764
7,7,none,car,1444,106,1,2,False,0.009155406,0.056336403,0.8886385,0.04586968
7,7,none,car,1445,106,0,2,False,0.004594164,0.0017781936,0.9738686,0.019758992
7,7,none,car,1446,106,1,2,False,0.044393532,0.020802733,0.6825086,0.2522952
7,7,none,car,1447,106,0,2,False,0.0062280786,0.0013751268,0.9909785,0.001418258
7,7,none,car,1448,106,1,2,False,0.0016573444,0.0030477135,0.9309911,0.064303875
7,7,none,car,1449,106,0,2,False,0.073084354,0.07633253,0.65979886,0.19078428
7,7,none,car,1450,106,1,2,False,0.033535887,0.12652516,0.46276027,0.37717867
7,7,none,car,1451,106,0,0,True,0.38080657,0.28711516,0.19998272,0.13209558
7,7,none,car,1452,106,1,2,False,0.0021899058,0.012293047,0.97730356,0.008213529
7,7,none,car,1453,106,0,2,False,0.013397877,0.29527277,0.43071234,0.26061705
7,7,none,car,1454,106,1,2,False,0.0036427106,0.10440449,0.89039034,0.0015623817
7,7,none,car,1455,106,1,1,True,0.009470225,0.6808692,0.18147603,0.12818454
7,7,none,car,1456,106,0,0,True,0.61536586,0.0050376737,0.34020567,0.03939073
7,7,none,car,1457,106,0,0,True,0.8297264,0.001663221,0.16548616,0.003124184
7,7,none,car,1458,106,3,2,False,0.0070103593,0.0047011273,0.904668,0.083620496
7,7,none,car,1459,106,2,2,True,0.008424553,0.032010447,0.6496424,0.3099226
7,7,none,car,1460,106,3,2,False,0.032606814,0.042471126,0.7766524,0.14826971
7,7,none,car,1461,106,2,2,True,0.04595731,0.21524799,0.70129377,0.037500974
7,7,none,car,1462,106,2,2,True,0.0055315318,0.017092146,0.84195024,0.13542604
7,7,none,car,1463,106,3,2,False,0.028568788,0.3372433,0.38734916,0.24683878
7,7,none,car,1464,106,3,2,False,0.04299145,0.07815078,0.48764557,0.39121222
7,7,none,car,1465,106,2,2,True,0.03647074,0.005851895,0.93487966,0.022797655
7,7,none,car,1466,106,3,1,False,0.038000267,0.6741567,0.19930787,0.08853513
7,7,none,car,1467,106,2,2,True,0.0074841105,0.016559172,0.96679026,0.009166389
7,7,none,car,1468,106,3,2,False,0.04259106,0.019650796,0.8455786,0.09217951
7,7,none,car,1469,106,2,2,True,0.13691363,0.1824051,0.65483904,0.025842154
7,7,none,car,1470,106,3,3,True,0.040822096,0.01601249,0.36268982,0.58047557
7,7,none,car,1471,106,2,2,True,0.29714486,0.02465445,0.34381193,0.33438882
7,7,none,car,1472,106,3,3,True,0.15470059,0.02810199,0.12684773,0.6903497
7,7,none,car,1473,106,1,1,True,0.00036027675,0.9919592,0.004328472,0.0033519962
7,7,none,car,1474,106,0,3,False,0.41073394,0.025457818,0.15088521,0.412923
7,7,none,car,1475,106,1,2,False,0.009106039,0.10961763,0.863763,0.017513346
7,7,none,car,1476,106,0,2,False,0.012748375,0.035482913,0.94666076,0.0051079206
7,7,none,car,1477,106,0,2,False,0.077382945,0.105922215,0.50474584,0.311949
7,7,none,car,1478,106,1,3,False,0.035718195,0.04832246,0.42710283,0.48885652
7,7,none,car,1479,106,1,1,True,0.002345879,0.9510157,0.011340772,0.03529767
7,7,none,car,1480,106,0,2,False,0.057108793,0.03987689,0.8617769,0.041237384
7,7,none,car,1481,106,0,2,False,0.026061688,0.16870196,0.43622705,0.36900923
7,7,none,car,1482,106,1,2,False,0.055995706,0.26422244,0.6726983,0.0070834807
7,7,none,car,1483,106,1,1,True,0.00048104118,0.93894744,0.058778357,0.0017931226
7,7,none,car,1484,106,0,0,True,0.76053524,0.0316758,0.19472367,0.013065208
7,7,none,car,1485,106,0,2,False,0.028008737,0.10227639,0.6920442,0.1776707
7,7,none,car,1486,106,1,1,True,0.0036523105,0.91905457,0.07365961,0.003633508
7,7,none,car,1487,106,0,2,False,0.032468896,0.16351403,0.5768339,0.22718318
7,7,none,car,1488,106,2,2,True,0.0022902307,0.0008264188,0.99594826,0.0009350804
7,7,none,car,1489,106,3,3,True,0.13086618,0.07350576,0.2391994,0.5564287
7,7,none,car,1490,106,2,2,True,0.01759082,0.06242188,0.8648021,0.055185206
7,7,none,car,1491,106,3,2,False,0.021576,0.0007769594,0.8847607,0.09288636
7,7,none,car,1492,106,3,2,False,0.20192678,0.03973324,0.62497795,0.13336205
7,7,none,car,1493,106,2,2,True,0.08706007,0.023369994,0.88343495,0.0061349063
7,7,none,car,1494,106,2,2,True,0.014259847,0.03815749,0.9443183,0.0032644009
7,7,none,car,1495,106,3,2,False,0.44974124,0.018922757,0.48568773,0.045648247
7,7,none,car,1496,106,2,2,True,0.011993961,0.10142776,0.8851649,0.0014133169
7,7,none,car,1497,106,3,2,False,0.039772168,0.0119320145,0.9464483,0.0018475183
7,7,none,car,1498,106,3,2,False,0.03059585,0.07183355,0.823958,0.073612675
7,7,none,car,1499,106,2,2,True,0.09269432,0.016757684,0.86283624,0.027711675
7,7,none,car,1500,106,2,2,True,0.0028560238,0.013237668,0.94275814,0.04114815
7,7,none,car,1501,106,3,3,True,0.010545825,0.011026063,0.38031998,0.5981081
7,7,none,car,1502,106,2,2,True,0.0409163,0.005036932,0.9508731,0.0031736009
7,7,none,car,1503,106,1,1,True,0.0073521673,0.6357167,0.34979078,0.0071404073
7,7,none,car,1504,106,0,2,False,0.12600374,0.13266069,0.63986903,0.101466574
7,7,none,car,1505,106,0,2,False,0.025711441,0.004670704,0.82012194,0.149496
7,7,none,car,1506,106,1,2,False,0.09427834,0.0102555575,0.88901776,0.006448326
7,7,none,car,1507,106,0,0,True,0.58422977,0.028175076,0.3517456,0.03584957
7,7,none,car,1508,106,1,1,True,0.003236112,0.556401,0.21552245,0.22484046
7,7,none,car,1509,106,0,2,False,0.0824588,0.07956114,0.6913868,0.1465932
7,7,none,car,1510,106,1,2,False,0.033493605,0.069646046,0.88197243,0.014887955
7,7,none,car,1511,106,1,1,True,0.0015858457,0.963712,0.026604377,0.008097765
7,7,none,car,1512,106,0,0,True,0.7459564,0.056322858,0.16272405,0.034996808
7,7,none,car,1513,106,0,2,False,0.47098696,0.018057356,0.5083138,0.0026419389
7,7,none,car,1514,106,1,2,False,0.0014356024,0.0047371094,0.9918486,0.00197876
7,7,none,car,1515,106,1,3,False,0.022826936,0.25632352,0.30175868,0.41909087
7,7,none,car,1516,106,0,2,False,0.2597955,0.0009244549,0.719114,0.020166082
7,7,none,car,1517,106,0,0,True,0.47628978,0.12321224,0.27911803,0.12137987
7,7,none,car,1518,106,2,2,True,0.008014983,0.31321448,0.66218776,0.016582763
7,7,none,car,1519,106,3,2,False,0.028114123,0.10017061,0.67458165,0.19713362
7,7,none,car,1520,106,2,2,True,0.061271295,0.11796218,0.6725881,0.14817844
7,7,none,car,1521,106,3,2,False,0.01965645,0.011222327,0.93203056,0.037090622
7,7,none,car,1522,106,2,2,True,0.035933994,0.060244624,0.86172116,0.042100295
7,7,none,car,1523,106,3,2,False,0.063273504,0.013363113,0.8181876,0.10517578
7,7,none,car,1524,106,2,2,True,0.006008643,0.0073925625,0.98164546,0.0049534286
7,7,none,car,1525,106,3,2,False,0.009435136,0.11528036,0.8429623,0.032322217
7,7,none,car,1526,106,2,2,True,0.0002465015,0.00088115607,0.9865108,0.012361551
7,7,none,car,1527,106,3,2,False,0.054297525,0.020374808,0.9197265,0.0056011984
7,7,none,car,1528,106,3,0,False,0.54404444,0.007118019,0.32393083,0.12490676
7,7,none,car,1529,106,2,2,True,0.01114485,0.0030915388,0.8121386,0.17362505
7,7,none,car,1530,106,3,2,False,0.19191317,0.013779526,0.78462815,0.00967912
7,7,none,car,1531,106,2,2,True,0.0017426889,0.0030073973,0.99369276,0.0015571564
7,7,none,car,1532,106,2,2,True,0.036618304,0.0014386231,0.958502,0.0034411573
7,7,none,car,1533,107,1,1,True,0.0022001883,0.94577914,0.013744676,0.038275927
7,7,none,car,1534,107,0,2,False,0.24707358,0.24744652,0.43825525,0.06722463
7,7,none,car,1535,107,0,0,True,0.9224721,0.02880848,0.043496244,0.0052231927
7,7,none,car,1536,107,1,1,True,0.0001949288,0.98899186,0.00023644087,0.010576908
7,7,none,car,1537,107,0,0,True,0.5520144,0.3964984,0.037610136,0.01387704
7,7,none,car,1538,107,1,1,True,0.00087109295,0.98393536,0.0067265844,0.008466936
7,7,none,car,1539,107,0,0,True,0.789276,0.11642,0.07490907,0.019394869
7,7,none,car,1540,107,1,1,True,0.004551905,0.9871967,0.0066476744,0.0016038199
7,7,none,car,1541,107,0,0,True,0.9525891,0.005484728,0.0031614574,0.038764756
7,7,none,car,1542,107,1,1,True,0.014827238,0.9179457,0.01682761,0.050399505
7,7,none,car,1543,107,0,0,True,0.6400665,0.091703266,0.06306695,0.20516334
7,7,none,car,1544,107,1,1,True,0.021611424,0.69860756,0.088066645,0.19171435
7,7,none,car,1545,107,0,0,True,0.907858,0.0038985948,0.011637655,0.07660575
7,7,none,car,1546,107,1,3,False,0.0058671697,0.35656524,0.02065619,0.6169114
7,7,none,car,1547,107,0,0,True,0.9894778,0.0021462257,0.00484916,0.0035268874
7,7,none,car,1548,107,3,1,False,0.038769417,0.7171697,0.06666242,0.17739837
7,7,none,car,1549,107,2,2,True,0.028245235,0.35460344,0.5706711,0.046480257
7,7,none,car,1550,107,3,3,True,0.084594,0.21758766,0.09653328,0.6012851
7,7,none,car,1551,107,2,1,False,0.0112025095,0.8525107,0.04318083,0.0931061
7,7,none,car,1552,107,3,0,False,0.64247066,0.23474789,0.072111085,0.050670408
7,7,none,car,1553,107,2,2,True,0.15647106,0.11019776,0.5568496,0.17648163
7,7,none,car,1554,107,2,3,False,0.330493,0.07976341,0.0069097155,0.5828339
7,7,none,car,1555,107,3,3,True,0.36551413,0.014700916,0.0004467226,0.6193382
7,7,none,car,1556,107,3,0,False,0.7702434,0.06617443,0.13169457,0.03188761
7,7,none,car,1557,107,2,1,False,0.06190428,0.47151065,0.42094043,0.045644645
7,7,none,car,1558,107,2,1,False,0.015422462,0.9603626,0.005517918,0.018697029
7,7,none,car,1559,107,3,0,False,0.5619157,0.3381257,0.012244595,0.08771393
7,7,none,car,1560,107,2,3,False,0.08892545,0.28592193,0.094410434,0.53074217
7,7,none,car,1561,107,3,1,False,0.11504739,0.3821594,0.16352513,0.33926806
7,7,none,car,1562,107,3,3,True,0.35927883,0.04249629,0.08492786,0.513297
7,7,none,car,1563,107,1,1,True,0.05013464,0.7879847,0.0074194563,0.15446115
7,7,none,car,1564,107,0,0,True,0.83058953,0.12873217,0.0153095415,0.02536881
7,7,none,car,1565,107,1,1,True,0.028221548,0.87063885,0.03126504,0.069874495
7,7,none,car,1566,107,0,0,True,0.74080247,0.21408845,0.004705521,0.040403537
7,7,none,car,1567,107,1,1,True,0.0007860898,0.9974758,0.0010727219,0.00066546624
7,7,none,car,1568,107,0,0,True,0.57782245,0.26596528,0.07993725,0.07627498
7,7,none,car,1569,107,0,0,True,0.42764664,0.3395331,0.022149013,0.21067125
7,7,none,car,1570,107,1,2,False,0.22642282,0.11029054,0.52953446,0.13375215
7,7,none,car,1571,107,0,0,True,0.9735734,0.020507134,0.0040430226,0.0018764066
7,7,none,car,1572,107,1,1,True,0.36353323,0.5283952,0.05780246,0.05026916
7,7,none,car,1573,107,0,3,False,0.26676053,0.22168022,0.12710917,0.38445014
7,7,none,car,1574,107,1,2,False,0.020318769,0.04291628,0.7307579,0.20600702
7,7,none,car,1575,107,1,2,False,0.032563284,0.20846097,0.7220761,0.036899667
7,7,none,car,1576,107,0,1,False,0.06416346,0.81689054,0.050427932,0.06851809
7,7,none,car,1577,107,0,3,False,0.23468363,0.09015106,0.06695585,0.6082095
7,7,none,car,1578,107,3,0,False,0.359032,0.08274253,0.24097039,0.31725508
7,7,none,car,1579,107,2,3,False,0.091509305,0.021627631,0.057726685,0.8291364
7,7,none,car,1580,107,3,0,False,0.65927416,0.17937271,0.03060143,0.13075168
7,7,none,car,1581,107,2,1,False,0.069143035,0.38189042,0.17633794,0.37262857
7,7,none,car,1582,107,2,1,False,0.15983246,0.6321245,0.096437834,0.1116052
7,7,none,car,1583,107,3,3,True,0.24543244,0.035205893,0.119843386,0.5995183
7,7,none,car,1584,107,3,0,False,0.9209003,0.023179922,0.023228709,0.032690983
7,7,none,car,1585,107,2,1,False,0.26466715,0.5589417,0.15974857,0.01664252
7,7,none,car,1586,107,2,0,False,0.43220118,0.38449922,0.0038028893,0.17949674
7,7,none,car,1587,107,3,3,True,0.05435752,0.39496952,0.011859477,0.53881353
7,7,none,car,1588,107,2,2,True,0.13828446,0.25633904,0.5500051,0.055371333
7,7,none,car,1589,107,3,1,False,0.02025565,0.60172826,0.13608931,0.24192679
7,7,none,car,1590,107,3,0,False,0.4059196,0.26005763,0.07801478,0.25600794
7,7,none,car,1591,107,2,3,False,0.032624945,0.08098549,0.00875316,0.87763643
7,7,none,car,1592,107,2,3,False,0.05382781,0.15125275,0.047827087,0.7470923
7,7,none,car,1593,107,0,0,True,0.9588837,0.016267616,0.011302808,0.013545943
7,7,none,car,1594,107,1,1,True,0.018064553,0.88528794,0.0078012687,0.08884626
7,7,none,car,1595,107,1,1,True,0.13060844,0.50841665,0.06272383,0.2982511
7,7,none,car,1596,107,0,0,True,0.58002716,0.31396466,0.047566317,0.05844189
7,7,none,car,1597,107,1,1,True,0.07327292,0.8321908,0.06939841,0.02513794
7,7,none,car,1598,107,0,1,False,0.114773594,0.84725213,0.02959773,0.008376529
7,7,none,car,1599,107,1,3,False,0.046103504,0.4278856,0.01062018,0.5153907
7,7,none,car,1600,107,0,1,False,0.057497665,0.77013755,0.07958555,0.092779115
7,7,none,car,1601,107,1,1,True,0.05922688,0.75343055,0.045432184,0.14191039
7,7,none,car,1602,107,0,3,False,0.017782522,0.4188603,0.03770458,0.52565265
7,7,none,car,1603,107,0,0,True,0.8153689,0.11667295,0.006064816,0.06189325
7,7,none,car,1604,107,1,1,True,0.057508547,0.9196591,0.015246273,0.007586077
7,7,none,car,1605,107,0,0,True,0.28780812,0.2794813,0.18442462,0.24828593
7,7,none,car,1606,107,1,2,False,0.048678696,0.31774554,0.44711018,0.18646556
7,7,none,car,1607,107,0,1,False,0.014784112,0.76645964,0.004549517,0.21420677
7,7,none,car,1608,107,3,2,False,0.34176436,0.1746391,0.44993132,0.03366513
7,7,none,car,1609,107,2,3,False,0.014594945,0.28780842,0.060352247,0.63724446
7,7,none,car,1610,107,2,0,False,0.8445791,0.06155643,0.055665854,0.038198553
7,7,none,car,1611,107,3,3,True,0.0539627,0.009839593,0.018449122,0.9177485
7,7,none,car,1612,107,2,1,False,0.4499392,0.5272732,0.014416595,0.008370955
7,7,none,car,1613,107,3,0,False,0.7272306,0.1560883,0.034193654,0.082487464
7,7,none,car,1614,107,3,1,False,0.034801207,0.8750667,0.024172727,0.06595933
7,7,none,car,1615,107,2,1,False,0.11050578,0.48387143,0.22624275,0.17938004
7,7,none,car,1616,107,2,0,False,0.67339283,0.05180722,0.19912866,0.07567133
7,7,none,car,1617,107,3,1,False,0.005815452,0.59813696,0.040963836,0.35508367
7,7,none,car,1618,107,2,2,True,0.1324408,0.22791867,0.44376582,0.19587474
7,7,none,car,1619,107,3,3,True,0.019720854,0.40332377,0.13467193,0.44228345
7,7,none,car,1620,107,2,3,False,0.020025466,0.10136534,0.12231737,0.7562918
7,7,none,car,1621,107,3,1,False,0.0006596818,0.8194421,0.047349136,0.13254908
7,7,none,car,1622,107,3,3,True,0.35519058,0.12879491,0.14453252,0.371482
7,7,none,car,1623,108,0,0,True,0.89335567,0.00034320558,0.007842793,0.09845828
7,7,none,car,1624,108,1,1,True,9.581199e-05,0.97668016,0.0029841491,0.020239877
7,7,none,car,1625,108,0,3,False,0.027118193,0.0025899734,0.00810545,0.96218634
7,7,none,car,1626,108,1,3,False,0.11087027,0.39171878,0.1017538,0.3956571
7,7,none,car,1627,108,0,0,True,0.95867276,0.001895756,0.0051526655,0.03427892
7,7,none,car,1628,108,1,1,True,0.00011803846,0.9879974,0.00026450318,0.011620013
7,7,none,car,1629,108,1,1,True,2.1021488e-05,0.9872556,0.00020173861,0.012521614
7,7,none,car,1630,108,0,0,True,0.7677154,0.0064716246,0.0060014864,0.21981142
7,7,none,car,1631,108,0,0,True,0.9910952,8.3337036e-05,0.0014076707,0.0074139107
7,7,none,car,1632,108,1,1,True,0.0072088097,0.71828705,0.016414136,0.25808996
7,7,none,car,1633,108,0,0,True,0.9772385,0.0017122703,0.01560128,0.0054480075
7,7,none,car,1634,108,1,3,False,0.014840804,0.18967643,0.045794632,0.74968815
7,7,none,car,1635,108,0,3,False,0.026084268,0.027424008,0.1706784,0.77581334
7,7,none,car,1636,108,1,1,True,0.0118842255,0.70088685,0.20477317,0.082455724
7,7,none,car,1637,108,1,1,True,0.00017795627,0.80171263,0.003069147,0.19504027
7,7,none,car,1638,108,2,2,True,0.0060234284,0.30814707,0.5069095,0.17892005
7,7,none,car,1639,108,3,3,True,0.0003769462,0.009630571,0.016711023,0.9732815
7,7,none,car,1640,108,2,3,False,0.010474775,0.05622346,0.23456204,0.6987397
7,7,none,car,1641,108,3,3,True,0.00091197,0.010427536,0.011626053,0.9770345
7,7,none,car,1642,108,3,3,True,0.0016728946,0.009504299,0.008326302,0.98049647
7,7,none,car,1643,108,2,1,False,0.062545255,0.4599368,0.25214782,0.22537014
7,7,none,car,1644,108,2,3,False,0.26415828,0.016889317,0.17601039,0.542942
7,7,none,car,1645,108,3,3,True,0.0034081172,0.009925203,0.009086502,0.9775802
7,7,none,car,1646,108,2,1,False,0.04379973,0.92891645,0.0075758486,0.019707872
7,7,none,car,1647,108,3,3,True,0.014101145,0.021560693,0.013840186,0.95049804
7,7,none,car,1648,108,3,3,True,0.00431271,0.023430767,0.018603275,0.9536533
7,7,none,car,1649,108,2,3,False,0.03696395,0.29378346,0.27545702,0.3937956
7,7,none,car,1650,108,3,3,True,0.031046022,0.0018270079,0.030886324,0.9362407
7,7,none,car,1651,108,2,2,True,0.030759899,0.09830031,0.64233,0.22860979
7,7,none,car,1652,108,3,3,True,0.027273327,0.010845476,0.20341653,0.7584647
7,7,none,car,1653,108,1,2,False,0.00034245057,0.3998008,0.5497812,0.050075505
7,7,none,car,1654,108,0,3,False,0.1841791,0.17294769,0.17349836,0.46937484
7,7,none,car,1655,108,1,1,True,0.021510165,0.4528066,0.34199882,0.18368435
7,7,none,car,1656,108,0,0,True,0.9285309,0.0006056754,0.028723838,0.042139623
7,7,none,car,1657,108,0,0,True,0.5435311,0.01605533,0.005529649,0.4348839
7,7,none,car,1658,108,1,1,True,0.004277793,0.8157991,0.010327749,0.1695953
7,7,none,car,1659,108,1,1,True,0.0063979668,0.91394067,0.057006855,0.022654455
7,7,none,car,1660,108,0,0,True,0.93832797,0.0047101616,0.02992541,0.027036397
7,7,none,car,1661,108,0,0,True,0.88501763,0.0037085523,0.04436161,0.066912234
7,7,none,car,1662,108,1,1,True,0.00011926539,0.9906184,0.0072645172,0.0019979186
7,7,none,car,1663,108,1,1,True,0.00053216575,0.930133,0.006289931,0.06304494
7,7,none,car,1664,108,0,3,False,0.2442334,0.005303446,0.085243784,0.66521937
7,7,none,car,1665,108,1,1,True,0.008137063,0.48289353,0.396293,0.112676375
7,7,none,car,1666,108,0,0,True,0.65566593,0.008040814,0.06849798,0.2677953
7,7,none,car,1667,108,1,1,True,0.13557863,0.64122725,0.029066635,0.19412747
7,7,none,car,1668,108,3,3,True,0.00059336773,0.0012907188,0.0023286385,0.9957873
7,7,none,car,1669,108,2,2,True,0.12472949,0.029181132,0.5664576,0.27963176
7,7,none,car,1670,108,3,3,True,0.014317541,0.001928655,0.021398673,0.96235514
7,7,none,car,1671,108,2,2,True,0.03339197,0.041084826,0.86899906,0.0565242
7,7,none,car,1672,108,2,2,True,0.008314933,0.0548844,0.5436743,0.39312643
7,7,none,car,1673,108,3,3,True,0.003127455,0.033619173,0.013739828,0.9495135
7,7,none,car,1674,108,2,2,True,0.010927484,0.0743151,0.8857521,0.02900535
7,7,none,car,1675,108,3,2,False,0.013986549,0.40367076,0.41315567,0.16918702
7,7,none,car,1676,108,2,1,False,0.015320181,0.60291517,0.3367191,0.04504559
7,7,none,car,1677,108,3,2,False,0.022432486,0.17891209,0.42264214,0.37601328
7,7,none,car,1678,108,2,2,True,0.059911203,0.12015385,0.6038128,0.2161221
7,7,none,car,1679,108,3,3,True,0.034793112,0.02386721,0.30077332,0.64056635
7,7,none,car,1680,108,2,2,True,0.0029257014,0.0041907025,0.72490376,0.2679799
7,7,none,car,1681,108,3,3,True,0.045695152,0.027918052,0.23489274,0.69149405
7,7,none,car,1682,108,3,3,True,0.024566473,0.0052908976,0.23962472,0.7305179
7,7,none,car,1683,108,1,2,False,0.0073658326,0.43832216,0.49949947,0.054812554
7,7,none,car,1684,108,0,2,False,0.22515167,0.040484425,0.54416203,0.19020188
7,7,none,car,1685,108,0,3,False,0.016487679,0.102022484,0.2961372,0.58535266
7,7,none,car,1686,108,1,2,False,0.021588974,0.047193106,0.88830644,0.042911522
7,7,none,car,1687,108,0,3,False,0.0898394,0.17005955,0.030336384,0.70976466
7,7,none,car,1688,108,1,1,True,0.10924137,0.49018434,0.3800144,0.020559875
7,7,none,car,1689,108,1,1,True,0.00052196666,0.95315135,0.037756305,0.0085703395
7,7,none,car,1690,108,0,0,True,0.46022546,0.011624162,0.12607302,0.40207738
7,7,none,car,1691,108,0,2,False,0.24823704,0.14130718,0.329225,0.28123078
7,7,none,car,1692,108,1,1,True,0.003203333,0.9719293,0.018983066,0.0058841803
7,7,none,car,1693,108,0,3,False,0.166713,0.04389792,0.06017818,0.7292109
7,7,none,car,1694,108,1,3,False,0.035856403,0.39549997,0.1476171,0.4210266
7,7,none,car,1695,108,1,1,True,0.0008162348,0.9919184,0.0025149055,0.00475052
7,7,none,car,1696,108,0,0,True,0.5434055,0.018478487,0.25230014,0.18581592
7,7,none,car,1697,108,0,0,True,0.9953744,0.00054796174,0.0010032002,0.003074382
7,7,none,car,1698,108,3,3,True,0.06996035,0.21288241,0.104944095,0.61221313
7,7,none,car,1699,108,2,3,False,0.011871739,0.14000013,0.4066306,0.4414975
7,7,none,car,1700,108,2,2,True,0.047356352,0.0040258523,0.8660292,0.08258864
7,7,none,car,1701,108,3,3,True,0.0015516643,0.0014081094,0.0045425273,0.9924976
7,7,none,car,1702,108,2,3,False,0.16382785,0.099817835,0.15548924,0.580865
7,7,none,car,1703,108,3,2,False,0.014730424,0.012796831,0.8835807,0.08889215
7,7,none,car,1704,108,3,3,True,0.0062646666,0.0007501439,0.034830764,0.9581545
7,7,none,car,1705,108,2,2,True,0.0023094802,0.019704029,0.88552797,0.092458494
7,7,none,car,1706,108,3,3,True,0.045653883,0.013115869,0.28757036,0.6536599
7,7,none,car,1707,108,2,1,False,0.051095556,0.6033613,0.07217231,0.27337086
7,7,none,car,1708,108,2,2,True,0.22843693,0.021758555,0.5596459,0.1901586
7,7,none,car,1709,108,3,3,True,0.004577105,0.02451225,0.0329665,0.9379442
7,7,none,car,1710,108,2,2,True,0.018924624,0.29336575,0.3500152,0.33769444
7,7,none,car,1711,108,3,3,True,0.0043831603,0.36740157,0.046014275,0.582201
7,7,none,car,1712,108,2,3,False,0.32546532,0.11649387,0.22536857,0.33267224
7,7,none,car,1713,109,0,0,True,0.8840921,0.004395232,0.020815225,0.090697445
7,7,none,car,1714,109,1,2,False,0.07027375,0.22389378,0.6576482,0.048184283
7,7,none,car,1715,109,1,1,True,0.00015536841,0.9992107,0.0004119025,0.0002220593
7,7,none,car,1716,109,0,2,False,0.17740925,0.2157317,0.40272,0.20413904
7,7,none,car,1717,109,1,1,True,0.0032457684,0.9937955,0.0011805332,0.001778241
7,7,none,car,1718,109,0,0,True,0.49082664,0.098444626,0.35893524,0.051793505
7,7,none,car,1719,109,1,2,False,0.0370687,0.44998106,0.5005665,0.012383769
7,7,none,car,1720,109,0,0,True,0.6146148,0.007831224,0.37308612,0.0044679013
7,7,none,car,1721,109,1,1,True,0.02225427,0.9102099,0.019535711,0.048000067
7,7,none,car,1722,109,0,2,False,0.020751571,0.017419295,0.95222986,0.009599289
7,7,none,car,1723,109,0,0,True,0.49472877,0.004674352,0.39042503,0.11017191
7,7,none,car,1724,109,1,1,True,0.012288929,0.8048466,0.0615908,0.12127368
7,7,none,car,1725,109,0,0,True,0.9977451,9.2744085e-05,0.001903755,0.00025836576
7,7,none,car,1726,109,1,3,False,0.2772034,0.22668782,0.188909,0.30719975
7,7,none,car,1727,109,1,1,True,0.010394231,0.79893047,0.18427457,0.0064006937
7,7,none,car,1728,109,3,3,True,0.00564728,0.29880896,0.33272856,0.36281523
7,7,none,car,1729,109,2,2,True,0.009877571,0.27563623,0.65805024,0.056435958
7,7,none,car,1730,109,2,2,True,0.15879089,0.25991794,0.4961555,0.085135706
7,7,none,car,1731,109,3,3,True,0.032490842,0.019323522,0.20866284,0.73952276
7,7,none,car,1732,109,3,2,False,0.00484698,0.035819467,0.6312088,0.32812473
7,7,none,car,1733,109,2,2,True,0.33170748,0.03263138,0.5183455,0.1173157
7,7,none,car,1734,109,2,2,True,0.06371054,0.17351775,0.6572508,0.1055209
7,7,none,car,1735,109,3,2,False,0.06545629,0.17839803,0.6420847,0.11406093
7,7,none,car,1736,109,2,3,False,0.040904995,0.026820831,0.17920367,0.7530705
7,7,none,car,1737,109,3,3,True,0.012753462,0.0589561,0.17779979,0.75049067
7,7,none,car,1738,109,2,0,False,0.40383708,0.3174464,0.027330425,0.25138608
7,7,none,car,1739,109,3,2,False,0.16148616,0.16294076,0.5294526,0.14612046
7,7,none,car,1740,109,3,3,True,0.045876786,0.052072518,0.38971782,0.5123329
7,7,none,car,1741,109,2,0,False,0.33780858,0.21088965,0.32167467,0.12962711
7,7,none,car,1742,109,2,1,False,0.0026022056,0.926669,0.018680844,0.05204795
7,7,none,car,1743,109,1,1,True,0.009300607,0.79277694,0.053291794,0.14463075
7,7,none,car,1744,109,0,0,True,0.5345755,0.1576169,0.255296,0.052511543
7,7,none,car,1745,109,1,0,False,0.6021179,0.16684723,0.1695443,0.0614906
7,7,none,car,1746,109,0,2,False,0.11204138,0.053535093,0.5230751,0.31134844
7,7,none,car,1747,109,0,0,True,0.9394519,0.002784418,0.038865976,0.018897811
7,7,none,car,1748,109,1,2,False,0.28560123,0.05114525,0.62001485,0.043238588
7,7,none,car,1749,109,0,2,False,0.081173785,0.01759561,0.5610802,0.3401504
7,7,none,car,1750,109,1,1,True,0.07179107,0.68703884,0.048571307,0.1925988
7,7,none,car,1751,109,1,1,True,0.057729185,0.6592993,0.23570195,0.04726965
7,7,none,car,1752,109,0,2,False,0.035228424,0.0053854445,0.93351066,0.025875458
7,7,none,car,1753,109,1,3,False,0.44026032,0.07033031,0.02505833,0.46435106
7,7,none,car,1754,109,0,3,False,0.041574206,0.2900377,0.0714564,0.5969317
7,7,none,car,1755,109,1,1,True,0.007964257,0.97519934,0.015814578,0.0010218646
7,7,none,car,1756,109,0,1,False,0.061237194,0.5413005,0.16824573,0.22921664
7,7,none,car,1757,109,0,0,True,0.98773265,0.003964015,0.0063581704,0.0019450934
7,7,none,car,1758,109,2,3,False,0.041058253,0.027003039,0.021971349,0.90996736
7,7,none,car,1759,109,3,0,False,0.5314706,0.045015685,0.28504083,0.13847291
7,7,none,car,1760,109,2,3,False,0.043198947,0.17178334,0.2613124,0.52370536
7,7,none,car,1761,109,3,3,True,0.035086405,0.03673184,0.12588342,0.8022983
7,7,none,car,1762,109,3,1,False,0.070163324,0.5648771,0.02030407,0.34465554
7,7,none,car,1763,109,2,3,False,0.029333387,0.016108168,0.46139902,0.4931594
7,7,none,car,1764,109,3,3,True,0.022691682,0.012532586,0.19337708,0.7713986
7,7,none,car,1765,109,2,1,False,0.04751583,0.4275801,0.14085701,0.3840471
7,7,none,car,1766,109,3,3,True,0.01888497,0.109810956,0.14639185,0.7249122
7,7,none,car,1767,109,2,3,False,0.090513796,0.07013402,0.38274038,0.45661178
7,7,none,car,1768,109,2,2,True,0.073244594,0.10580156,0.5198856,0.30106828
7,7,none,car,1769,109,3,3,True,0.13630234,0.016660443,0.018767126,0.82827
7,7,none,car,1770,109,2,3,False,0.048239794,0.38965097,0.09498808,0.46712112
7,7,none,car,1771,109,3,3,True,0.0069783484,0.045345563,0.3493204,0.5983557
7,7,none,car,1772,109,2,2,True,0.12647545,0.09630003,0.50825024,0.2689743
7,7,none,car,1773,109,1,3,False,0.022238836,0.1809732,0.22803034,0.56875765
7,7,none,car,1774,109,0,2,False,0.06484383,0.040319733,0.82334775,0.07148864
7,7,none,car,1775,109,1,2,False,0.41574052,0.10448894,0.45738378,0.022386717
7,7,none,car,1776,109,0,3,False,0.013630294,0.018365238,0.038289893,0.92971456
7,7,none,car,1777,109,0,2,False,0.061084013,0.049301494,0.8572029,0.032411594
7,7,none,car,1778,109,1,1,True,0.027423289,0.4746125,0.08873788,0.4092263
7,7,none,car,1779,109,1,1,True,0.14913395,0.40382457,0.17964277,0.26739874
7,7,none,car,1780,109,0,3,False,0.0127099585,0.022326466,0.2894943,0.6754692
7,7,none,car,1781,109,1,1,True,0.27152362,0.31285965,0.23501965,0.18059704
7,7,none,car,1782,109,0,1,False,0.09742099,0.7387268,0.14180869,0.022043452
7,7,none,car,1783,109,0,0,True,0.7373014,0.09483806,0.040560395,0.12730011
7,7,none,car,1784,109,1,2,False,0.06908408,0.0130079035,0.77632684,0.14158116
7,7,none,car,1785,109,0,0,True,0.8946897,0.0125884805,0.050592143,0.0421296
7,7,none,car,1786,109,1,0,False,0.67212737,0.02579844,0.24762283,0.05445139
7,7,none,car,1787,109,0,2,False,0.015717898,0.086877644,0.83347714,0.06392739
7,7,none,car,1788,109,2,2,True,0.0092484215,0.2041738,0.7633548,0.02322294
7,7,none,car,1789,109,3,3,True,0.13919255,0.042933956,0.33900216,0.47887132
7,7,none,car,1790,109,2,1,False,0.029732598,0.50725704,0.06439912,0.39861122
7,7,none,car,1791,109,3,3,True,0.13183685,0.03393804,0.4169944,0.41723067
7,7,none,car,1792,109,2,3,False,0.053842504,0.03380499,0.43111113,0.48124138
7,7,none,car,1793,109,3,2,False,0.06879509,0.07790031,0.536392,0.31691268
7,7,none,car,1794,109,2,2,True,0.19982931,0.028068682,0.72750765,0.04459436
7,7,none,car,1795,109,3,3,True,0.01986045,0.005970583,0.34607953,0.6280894
7,7,none,car,1796,109,3,3,True,0.03371038,0.2314611,0.029193288,0.70563525
7,7,none,car,1797,109,2,3,False,0.036284924,0.049307235,0.44376704,0.47064072
7,7,none,car,1798,109,3,1,False,0.0123212775,0.7205739,0.011888856,0.25521594
7,7,none,car,1799,109,2,3,False,0.06280489,0.32413533,0.05564282,0.5574169
7,7,none,car,1800,109,2,3,False,0.014953501,0.0045870133,0.42881572,0.5516438
7,7,none,car,1801,109,3,2,False,0.11128402,0.16467519,0.41433078,0.30971
7,7,none,car,1802,109,3,3,True,0.26732484,0.076516695,0.23917764,0.4169809
7,7,none,cz,0,90,0,3,False,0.12656283,0.012449792,0.22042306,0.6405644
7,7,none,cz,1,90,1,1,True,0.18017294,0.6756184,0.083842814,0.060365837
7,7,none,cz,2,90,1,1,True,0.0015934198,0.99269533,0.0011670707,0.004544164
7,7,none,cz,3,90,0,2,False,0.2945964,0.007796281,0.5110457,0.18656154
7,7,none,cz,4,90,1,1,True,0.025223158,0.88879454,0.06666641,0.019315844
7,7,none,cz,5,90,0,0,True,0.74733466,0.005638499,0.09254535,0.15448156
7,7,none,cz,6,90,1,1,True,0.060118414,0.7554243,0.07925994,0.10519725
7,7,none,cz,7,90,0,0,True,0.8705318,0.010906003,0.023534682,0.095027484
7,7,none,cz,8,90,0,3,False,0.36462173,0.051986124,0.11486543,0.4685267
7,7,none,cz,9,90,1,1,True,0.0014690728,0.92633694,0.067271814,0.004922171
7,7,none,cz,10,90,0,2,False,0.18536572,0.15324704,0.4862862,0.17510106
7,7,none,cz,11,90,1,1,True,0.012592204,0.9530396,0.02828143,0.0060867616
7,7,none,cz,12,90,0,0,True,0.54845506,0.009024479,0.19728722,0.24523321
7,7,none,cz,13,90,1,2,False,0.007703845,0.014899887,0.96722424,0.010172064
7,7,none,cz,14,90,1,1,True,0.027759213,0.63739276,0.3242496,0.010598395
7,7,none,cz,15,90,3,2,False,0.012803715,0.04790028,0.7871514,0.15214455
7,7,none,cz,16,90,2,2,True,0.0069115567,0.0050774766,0.6764061,0.3116049
7,7,none,cz,17,90,2,3,False,0.049131233,0.022166222,0.30280238,0.62590015
7,7,none,cz,18,90,3,3,True,0.048634365,0.0164242,0.2936509,0.6412905
7,7,none,cz,19,90,3,2,False,0.0034956308,0.0056491755,0.5075947,0.48326048
7,7,none,cz,20,90,2,2,True,0.016044633,0.049218997,0.8991941,0.035542328
7,7,none,cz,21,90,3,3,True,0.0033791703,0.0073643764,0.29492965,0.6943268
7,7,none,cz,22,90,2,2,True,0.046987273,0.08482128,0.8064779,0.06171359
7,7,none,cz,23,90,2,2,True,0.0073387832,0.0024165404,0.8971305,0.09311416
7,7,none,cz,24,90,3,2,False,0.0827129,0.055141587,0.74276066,0.11938489
7,7,none,cz,25,90,2,2,True,0.006369802,0.01720485,0.90939766,0.06702769
7,7,none,cz,26,90,3,3,True,0.031843733,0.048347432,0.45490065,0.46490818
7,7,none,cz,27,90,3,3,True,0.0114933755,0.011881467,0.47731423,0.49931097
7,7,none,cz,28,90,2,2,True,0.03635376,0.054713584,0.61303174,0.2959009
7,7,none,cz,29,90,2,2,True,0.0017688286,0.082353,0.9077358,0.008142372
7,7,none,cz,30,90,1,1,True,0.019880552,0.9658116,0.013272016,0.0010356883
7,7,none,cz,31,90,0,2,False,0.054660443,0.089210086,0.7638709,0.092258565
7,7,none,cz,32,90,1,1,True,4.4800072e-05,0.9927216,0.002086319,0.005147139
7,7,none,cz,33,90,0,2,False,0.11277498,0.014271466,0.7416717,0.13128181
7,7,none,cz,34,90,1,2,False,0.009264303,0.16641162,0.7195961,0.10472792
7,7,none,cz,35,90,0,2,False,0.017052013,0.059732426,0.8886134,0.034602124
7,7,none,cz,36,90,1,3,False,0.010086337,0.33751,0.11778311,0.5346205
7,7,none,cz,37,90,0,2,False,0.2678932,0.06576498,0.53182846,0.13451338
7,7,none,cz,38,90,1,2,False,0.0011289801,0.24797376,0.6754857,0.07541158
7,7,none,cz,39,90,0,2,False,0.010097278,0.00950521,0.6929977,0.28739983
7,7,none,cz,40,90,1,3,False,0.085121885,0.29285744,0.21518077,0.40683994
7,7,none,cz,41,90,0,2,False,0.0714183,0.0004639395,0.7678206,0.16029721
7,7,none,cz,42,90,1,2,False,0.008592087,0.43524206,0.53046936,0.025696488
7,7,none,cz,43,90,0,2,False,0.008622934,0.06623501,0.7230526,0.20208944
7,7,none,cz,44,90,1,1,True,0.00014917103,0.5495939,0.41951075,0.030746158
7,7,none,cz,45,90,2,2,True,0.011351186,0.0019320862,0.7972772,0.18943955
7,7,none,cz,46,90,3,2,False,0.0014967737,0.000768991,0.9135483,0.084185906
7,7,none,cz,47,90,3,2,False,0.0032563321,0.018264243,0.54233897,0.4361405
7,7,none,cz,48,90,2,3,False,0.01084885,0.0030821392,0.48593155,0.5001375
7,7,none,cz,49,90,3,2,False,0.021569436,0.0777034,0.56755465,0.33317244
7,7,none,cz,50,90,2,2,True,0.0077085756,0.010260801,0.8145459,0.1674846
7,7,none,cz,51,90,3,3,True,0.008387047,0.019267114,0.07705799,0.8952878
7,7,none,cz,52,90,2,2,True,0.010567571,0.023908041,0.62220967,0.34331477
7,7,none,cz,53,90,3,2,False,0.01463767,0.0051052496,0.5609282,0.41932878
7,7,none,cz,54,90,2,2,True,0.011890195,0.0071472907,0.87417495,0.10678762
7,7,none,cz,55,90,2,2,True,0.0027720581,0.03537259,0.81207234,0.14978297
7,7,none,cz,56,90,3,2,False,0.0026518307,0.0016597201,0.8084731,0.1872153
7,7,none,cz,57,90,2,2,True,0.00077142613,0.0017028981,0.9510393,0.046486285
7,7,none,cz,58,90,3,2,False,0.0058291983,0.004669631,0.68043214,0.30906907
7,7,none,cz,59,90,3,3,True,0.0025936158,0.015017101,0.2238227,0.7585666
7,7,none,cz,60,90,1,1,True,0.075594455,0.69376886,0.19252753,0.0381091
7,7,none,cz,61,90,0,2,False,0.39064658,0.048352048,0.3976418,0.16335958
7,7,none,cz,62,90,1,1,True,0.010528355,0.834119,0.15254676,0.0028058977
7,7,none,cz,63,90,0,2,False,0.059341755,0.0061391317,0.81375366,0.12076546
7,7,none,cz,64,90,0,0,True,0.6167997,0.0030843455,0.35579234,0.024323588
7,7,none,cz,65,90,1,1,True,0.005497689,0.79123706,0.19711398,0.0061512324
7,7,none,cz,66,90,1,2,False,0.003391522,0.28305075,0.6786454,0.03491239
7,7,none,cz,67,90,0,3,False,0.12624612,0.0053146295,0.43137175,0.43706757
7,7,none,cz,68,90,0,0,True,0.6305112,0.012574689,0.3057918,0.051122315
7,7,none,cz,69,90,1,3,False,0.03412954,0.06267495,0.30189735,0.60129815
7,7,none,cz,70,90,1,1,True,0.02374967,0.51430374,0.2880542,0.17389232
7,7,none,cz,71,90,0,2,False,0.02906863,0.012393899,0.7669491,0.19158834
7,7,none,cz,72,90,1,2,False,0.0083081545,0.009912088,0.8880014,0.09377838
7,7,none,cz,73,90,0,2,False,0.1634789,0.01407229,0.78132135,0.041127473
7,7,none,cz,74,90,0,2,False,0.1289727,0.0035570427,0.6146248,0.25284547
7,7,none,cz,75,90,2,2,True,0.0008353458,0.00396923,0.8464805,0.148715
7,7,none,cz,76,90,3,2,False,0.23821372,0.021899337,0.61696476,0.12292222
7,7,none,cz,77,90,2,2,True,0.006904107,0.017363012,0.88279366,0.09293927
7,7,none,cz,78,90,3,3,True,0.0061184675,0.004179469,0.39889514,0.5908069
7,7,none,cz,79,90,2,1,False,0.00586183,0.6835195,0.2984268,0.012191914
7,7,none,cz,80,90,3,2,False,0.01600526,0.08410441,0.6967195,0.2031708
7,7,none,cz,81,90,2,2,True,0.0017029028,0.0022716788,0.85963017,0.13639528
7,7,none,cz,82,90,3,2,False,0.010153466,0.023588449,0.66856325,0.29769483
7,7,none,cz,83,90,2,2,True,0.002526749,0.002059817,0.9809498,0.014463595
7,7,none,cz,84,90,3,2,False,0.002801448,0.011893094,0.53832525,0.44698018
7,7,none,cz,85,90,2,2,True,0.03833391,0.03206673,0.8006865,0.12891297
7,7,none,cz,86,90,3,3,True,0.022466714,0.013381991,0.26973554,0.69441575
7,7,none,cz,87,90,3,2,False,0.12714292,0.021408822,0.76295376,0.08849447
7,7,none,cz,88,90,2,2,True,0.0032261002,0.0091505125,0.86552393,0.122099474
7,7,none,cz,89,90,3,1,False,0.13650481,0.4020559,0.17205173,0.2893876
7,7,none,cz,90,91,0,1,False,0.30064827,0.39557755,0.2530094,0.05076476
7,7,none,cz,91,91,1,2,False,0.011946228,0.04268208,0.864513,0.08085863
7,7,none,cz,92,91,0,2,False,0.02274957,0.008749384,0.86167246,0.1068285
7,7,none,cz,93,91,1,3,False,0.005707808,0.40916678,0.13096435,0.4541611
7,7,none,cz,94,91,1,1,True,0.00040974456,0.995191,0.003904819,0.00049445307
7,7,none,cz,95,91,0,0,True,0.6156663,0.027870513,0.30892166,0.04754155
7,7,none,cz,96,91,1,1,True,0.057915054,0.76251507,0.16133599,0.018233972
7,7,none,cz,97,91,0,1,False,0.33663672,0.44524768,0.055416536,0.16269904
7,7,none,cz,98,91,0,0,True,0.835851,0.03494443,0.10573005,0.023474503
7,7,none,cz,99,91,1,1,True,0.02616655,0.4209473,0.21270224,0.34018382
7,7,none,cz,100,91,0,0,True,0.9186027,0.009024182,0.065773554,0.0065995576
7,7,none,cz,101,91,1,2,False,0.001247739,0.09178777,0.8896591,0.017305465
7,7,none,cz,102,91,1,1,True,0.0008701957,0.77021724,0.18554422,0.04336845
7,7,none,cz,103,91,0,0,True,0.5552928,0.04639939,0.37045297,0.027854916
7,7,none,cz,104,91,0,0,True,0.78428006,0.040452693,0.17324409,0.002023198
7,7,none,cz,105,91,2,2,True,0.0013503024,0.10416857,0.7367007,0.15778038
7,7,none,cz,106,91,3,3,True,0.00037368818,0.12699415,0.3244976,0.5481346
7,7,none,cz,107,91,3,3,True,0.0024132647,0.079777226,0.43637982,0.4814297
7,7,none,cz,108,91,2,2,True,0.00020248552,0.014258455,0.9841441,0.0013949779
7,7,none,cz,109,91,2,2,True,0.00047969923,0.004448345,0.9895733,0.0054986672
7,7,none,cz,110,91,3,2,False,0.008347787,0.012272289,0.932392,0.046987917
7,7,none,cz,111,91,3,2,False,0.0023876473,0.06809227,0.5201735,0.40934658
7,7,none,cz,112,91,2,2,True,0.0025357557,0.034604363,0.9338303,0.029029608
7,7,none,cz,113,91,3,2,False,0.012097015,0.015262542,0.944451,0.028189464
7,7,none,cz,114,91,2,2,True,5.1218816e-05,0.0008986152,0.99884146,0.00020870041
7,7,none,cz,115,91,3,2,False,0.00045397182,0.0015764168,0.9940872,0.003882407
7,7,none,cz,116,91,2,2,True,0.0075292853,0.05200963,0.91142166,0.029039357
7,7,none,cz,117,91,2,2,True,0.0014941472,0.017402958,0.9247643,0.05633865
7,7,none,cz,118,91,3,2,False,0.0015389362,0.003019259,0.9926146,0.0028271817
7,7,none,cz,119,91,2,2,True,0.0002056674,0.02782732,0.9711188,0.0008482402
7,7,none,cz,120,91,0,2,False,0.33863586,0.193967,0.44949082,0.017906345
7,7,none,cz,121,91,1,2,False,0.0030238668,0.016513849,0.872486,0.10797638
7,7,none,cz,122,91,1,1,True,0.00171967,0.6177363,0.36292443,0.017619692
7,7,none,cz,123,91,0,3,False,0.0034239194,0.04778766,0.43056086,0.5182276
7,7,none,cz,124,91,0,0,True,0.8745008,0.022397669,0.09506581,0.008035707
7,7,none,cz,125,91,1,2,False,0.0046245526,0.11040583,0.7715258,0.11344381
7,7,none,cz,126,91,1,1,True,0.00013145182,0.52689487,0.4404838,0.032489892
7,7,none,cz,127,91,0,2,False,0.01667788,0.02128287,0.7809929,0.18104629
7,7,none,cz,128,91,0,0,True,0.9577656,0.003496168,0.030183293,0.008555
7,7,none,cz,129,91,1,1,True,0.0014869323,0.7478909,0.17980917,0.070813015
7,7,none,cz,130,91,1,2,False,0.0013636093,0.05860698,0.6427009,0.29732853
7,7,none,cz,131,91,0,2,False,0.4454716,0.016713478,0.5309443,0.00687066
7,7,none,cz,132,91,1,1,True,0.028133905,0.6789925,0.15899095,0.13388269
7,7,none,cz,133,91,0,3,False,0.037362516,0.03663931,0.06339468,0.86260355
7,7,none,cz,134,91,1,0,False,0.6491972,0.019536905,0.19180132,0.13946456
7,7,none,cz,135,91,2,2,True,0.033993334,0.2878803,0.3428742,0.33525217
7,7,none,cz,136,91,3,2,False,0.0019470834,0.010840009,0.96735585,0.019857012
7,7,none,cz,137,91,2,2,True,0.009905813,0.2120271,0.696969,0.08109809
7,7,none,cz,138,91,3,2,False,0.00080238085,0.0068082246,0.95998585,0.032403532
7,7,none,cz,139,91,2,2,True,0.0022166232,0.031506546,0.8742215,0.09205533
7,7,none,cz,140,91,3,3,True,0.00017922906,0.00324229,0.029497959,0.9670805
7,7,none,cz,141,91,2,2,True,0.0027969736,0.06262709,0.93298995,0.0015859692
7,7,none,cz,142,91,3,3,True,0.000744116,0.0052349437,0.08941652,0.9046044
7,7,none,cz,143,91,2,2,True,0.00089082035,0.06113816,0.916197,0.021774078
7,7,none,cz,144,91,3,2,False,0.00056539767,0.10234122,0.7303245,0.1667688
7,7,none,cz,145,91,3,3,True,0.004974992,0.13516825,0.06485186,0.7950049
7,7,none,cz,146,91,2,3,False,0.081840426,0.066286765,0.049532253,0.8023405
7,7,none,cz,147,91,2,3,False,0.0008288545,0.07955781,0.20322005,0.7163933
7,7,none,cz,148,91,3,2,False,0.005559439,0.102408744,0.57403344,0.31799838
7,7,none,cz,149,91,3,3,True,0.0010089616,0.10134777,0.050204884,0.8474384
7,7,none,cz,150,91,1,1,True,3.1083223e-06,0.94222283,0.057340667,0.0004333834
7,7,none,cz,151,91,0,2,False,0.23471865,0.027971227,0.38429615,0.3530139
7,7,none,cz,152,91,1,1,True,0.00047165118,0.5562237,0.32045534,0.122849345
7,7,none,cz,153,91,0,0,True,0.68464375,0.0022984704,0.29999936,0.013058394
7,7,none,cz,154,91,0,2,False,0.012762776,0.0018608236,0.9850847,0.00029166669
7,7,none,cz,155,91,1,2,False,0.001863485,0.00087223505,0.99489945,0.0023648087
7,7,none,cz,156,91,1,2,False,1.5555057e-05,0.04168475,0.95725846,0.0010413033
7,7,none,cz,157,91,0,0,True,0.9640897,0.00091791945,0.034125235,0.0008671169
7,7,none,cz,158,91,0,0,True,0.6627139,0.10893216,0.20680663,0.021547291
7,7,none,cz,159,91,1,2,False,0.01036563,0.17037104,0.49581513,0.32344818
7,7,none,cz,160,91,0,2,False,0.10215869,0.012622843,0.88084507,0.004373443
7,7,none,cz,161,91,1,1,True,0.0016765335,0.7862616,0.17634682,0.035715073
7,7,none,cz,162,91,1,2,False,0.006736299,0.02460895,0.92913777,0.039516956
7,7,none,cz,163,91,0,2,False,0.14123957,0.002419612,0.7881614,0.06817949
7,7,none,cz,164,91,1,2,False,0.0005791746,0.005502788,0.9727437,0.021174345
7,7,none,cz,165,91,2,2,True,0.0013259001,0.0007713861,0.9845941,0.013308554
7,7,none,cz,166,91,3,2,False,0.0006092821,0.0030252493,0.9878572,0.008508231
7,7,none,cz,167,91,3,2,False,7.2262905e-05,0.0062807836,0.9720886,0.021558454
7,7,none,cz,168,91,2,2,True,0.0014000501,0.026105698,0.9427507,0.029743629
7,7,none,cz,169,91,2,2,True,0.00028067874,0.00041069344,0.96908635,0.030222237
7,7,none,cz,170,91,3,2,False,0.0020722493,0.17334667,0.4830542,0.34152687
7,7,none,cz,171,91,3,2,False,0.001056267,0.008738474,0.57612693,0.41407833
7,7,none,cz,172,91,2,2,True,0.000621216,0.008854764,0.9402397,0.05028432
7,7,none,cz,173,91,3,2,False,0.015624701,0.12622613,0.6107033,0.24744591
7,7,none,cz,174,91,2,2,True,0.010824835,0.0038984665,0.9225769,0.06269973
7,7,none,cz,175,91,2,2,True,0.0005232985,0.02520505,0.93570733,0.038564336
7,7,none,cz,176,91,3,2,False,0.00093847135,0.01676662,0.9111278,0.07116705
7,7,none,cz,177,91,3,2,False,0.029384952,0.009735839,0.6622392,0.29864007
7,7,none,cz,178,91,2,2,True,0.0016657583,0.018673621,0.96211207,0.017548544
7,7,none,cz,179,91,3,2,False,0.00025609494,0.0018467928,0.9728857,0.025011424
7,7,none,cz,180,92,1,3,False,0.08230864,0.33659935,0.099148564,0.48194337
7,7,none,cz,181,92,0,3,False,0.05689022,0.16765878,0.18991944,0.5855316
7,7,none,cz,182,92,1,2,False,0.2587756,0.09371009,0.45731446,0.19019984
7,7,none,cz,183,92,0,2,False,0.17338926,0.030862328,0.7689961,0.026752286
7,7,none,cz,184,92,0,2,False,0.11521986,0.12500305,0.43246102,0.32731605
7,7,none,cz,185,92,1,1,True,0.0257674,0.7386101,0.17054129,0.065081224
7,7,none,cz,186,92,0,0,True,0.6687288,0.10629119,0.17685476,0.048125245
7,7,none,cz,187,92,1,1,True,0.013021037,0.9835218,0.003193463,0.0002636321
7,7,none,cz,188,92,1,1,True,0.0015504288,0.9967278,0.00088172767,0.0008399435
7,7,none,cz,189,92,0,2,False,0.12102065,0.030910058,0.72187024,0.12619905
7,7,none,cz,190,92,0,0,True,0.6027333,0.1534515,0.193697,0.050118245
7,7,none,cz,191,92,1,0,False,0.40592414,0.100841925,0.34708378,0.1461502
7,7,none,cz,192,92,0,0,True,0.58352256,0.23646522,0.17481004,0.005202239
7,7,none,cz,193,92,1,3,False,0.011431237,0.19428654,0.17714153,0.6171407
7,7,none,cz,194,92,0,2,False,0.1266724,0.14892112,0.5536854,0.17072104
7,7,none,cz,195,92,1,1,True,0.053887248,0.82737607,0.056433823,0.06230285
7,7,none,cz,196,92,1,1,True,0.004551644,0.98086584,0.011442891,0.003139628
7,7,none,cz,197,92,0,0,True,0.8665666,0.059393745,0.050519105,0.023520572
7,7,none,cz,198,92,1,2,False,0.027252687,0.37974775,0.5096565,0.08334311
7,7,none,cz,199,92,2,0,False,0.31632236,0.108688556,0.28489158,0.29009756
7,7,none,cz,200,92,3,2,False,0.23097591,0.054968327,0.38358226,0.33047345
7,7,none,cz,201,92,2,3,False,0.10826229,0.041077077,0.2298011,0.6208595
7,7,none,cz,202,92,3,3,True,0.09999229,0.13440043,0.281774,0.48383325
7,7,none,cz,203,92,2,2,True,0.060804907,0.20353104,0.68794215,0.047721904
7,7,none,cz,204,92,3,3,True,0.035612796,0.047898468,0.09342463,0.8230641
7,7,none,cz,205,92,2,3,False,0.03292902,0.10116924,0.42752987,0.43837187
7,7,none,cz,206,92,3,1,False,0.10661643,0.45291954,0.09474681,0.3457172
7,7,none,cz,207,92,3,2,False,0.117743626,0.2200037,0.38841403,0.2738387
7,7,none,cz,208,92,2,3,False,0.23323606,0.10688211,0.29535618,0.36452565
7,7,none,cz,209,92,2,2,True,0.0010855222,0.054003544,0.91884214,0.026068779
7,7,none,cz,210,92,3,3,True,0.0121661415,0.31139556,0.011677451,0.6647609
7,7,none,cz,211,92,3,3,True,0.019564629,0.13022566,0.032156706,0.81805307
7,7,none,cz,212,92,2,1,False,0.115953974,0.47966313,0.23959781,0.16478507
7,7,none,cz,213,92,3,3,True,0.13482553,0.38671225,0.07856457,0.39989763
7,7,none,cz,214,92,2,0,False,0.65491325,0.18490094,0.122350685,0.03783523
7,7,none,cz,215,92,2,2,True,0.0031154156,0.041426055,0.554739,0.40071952
7,7,none,cz,216,92,3,3,True,0.011111938,0.34299955,0.2186996,0.42718887
7,7,none,cz,217,92,2,2,True,0.008021726,0.3145647,0.62883866,0.04857495
7,7,none,cz,218,92,0,0,True,0.9607276,0.008994589,0.025658168,0.004619668
7,7,none,cz,219,92,1,1,True,0.21788713,0.7519288,0.012553772,0.01763034
7,7,none,cz,220,92,0,0,True,0.64924514,0.21616809,0.0824743,0.052112445
7,7,none,cz,221,92,1,1,True,0.19208367,0.7257764,0.04009888,0.04204101
7,7,none,cz,222,92,1,1,True,0.054036416,0.8932186,0.04931827,0.0034266354
7,7,none,cz,223,92,0,0,True,0.37144795,0.28570992,0.13398743,0.20885476
7,7,none,cz,224,92,1,1,True,0.0037611427,0.8865782,0.0017986951,0.10786199
7,7,none,cz,225,92,0,1,False,0.1118668,0.6815747,0.19017582,0.016382685
7,7,none,cz,226,92,0,0,True,0.94581276,0.03412836,0.007234928,0.012824082
7,7,none,cz,227,92,1,1,True,0.0057234354,0.95251745,0.015580207,0.026178965
7,7,none,cz,228,92,1,1,True,0.00028951318,0.95298296,0.0056717806,0.04105578
7,7,none,cz,229,92,0,0,True,0.7934847,0.032904916,0.088730164,0.084880225
7,7,none,cz,230,92,1,1,True,0.0017628724,0.9948624,0.0017573279,0.0016174803
7,7,none,cz,231,92,0,3,False,0.027867137,0.12229949,0.0960988,0.7537345
7,7,none,cz,232,92,0,0,True,0.80850583,0.014078407,0.1435792,0.033836488
7,7,none,cz,233,92,1,1,True,0.006567393,0.9762863,0.0055851704,0.011561169
7,7,none,cz,234,92,0,0,True,0.38966316,0.040989283,0.26823983,0.30110767
7,7,none,cz,235,92,1,1,True,0.002981102,0.9579276,0.018596165,0.020495167
7,7,none,cz,236,92,1,1,True,0.005595546,0.9857977,0.0023181774,0.0062886234
7,7,none,cz,237,92,3,3,True,0.032589108,0.1683263,0.084725335,0.7143593
7,7,none,cz,238,92,2,3,False,0.057765268,0.08562376,0.22093149,0.6356795
7,7,none,cz,239,92,3,1,False,0.21333511,0.35376692,0.18552272,0.24737528
7,7,none,cz,240,92,2,2,True,0.013830159,0.13408996,0.776747,0.075332925
7,7,none,cz,241,92,2,2,True,0.020477476,0.09647641,0.8505594,0.03248675
7,7,none,cz,242,92,3,2,False,0.066933624,0.07059258,0.73456186,0.12791193
7,7,none,cz,243,92,2,1,False,0.08293151,0.45327812,0.35223982,0.111550555
7,7,none,cz,244,92,3,2,False,0.09909476,0.41927242,0.43401757,0.047615256
7,7,none,cz,245,92,2,2,True,0.03159433,0.09841625,0.69113827,0.17885114
7,7,none,cz,246,92,3,3,True,0.0024810545,0.06507817,0.08236622,0.8500745
7,7,none,cz,247,92,2,2,True,0.021646181,0.082489364,0.72823536,0.16762908
7,7,none,cz,248,92,3,3,True,0.01788432,0.3354608,0.29212663,0.3545282
7,7,none,cz,249,92,3,3,True,0.0035602206,0.06958878,0.010572742,0.91627824
7,7,none,cz,250,92,2,2,True,0.0025920176,0.03730749,0.81988007,0.14022042
7,7,none,cz,251,92,3,3,True,0.00422055,0.024636442,0.14959495,0.82154804
7,7,none,cz,252,92,2,2,True,0.058263462,0.04740191,0.59889585,0.29543877
7,7,none,cz,253,92,2,2,True,0.056856807,0.039687894,0.8837245,0.019730713
7,7,none,cz,254,92,3,2,False,0.14010616,0.10181164,0.5233642,0.23471801
7,7,none,cz,255,92,2,2,True,0.025607685,0.2676338,0.6823162,0.024442395
7,7,none,cz,256,92,0,0,True,0.87895596,0.06564226,0.0066623585,0.048739485
7,7,none,cz,257,92,1,0,False,0.72245234,0.1973779,0.07146574,0.008703994
7,7,none,cz,258,92,1,1,True,0.009454633,0.95262706,0.011627439,0.026290918
7,7,none,cz,259,92,0,0,True,0.6517293,0.06347711,0.14963001,0.13516365
7,7,none,cz,260,92,0,3,False,0.30809182,0.019983623,0.26039457,0.41152996
7,7,none,cz,261,92,1,1,True,0.012243539,0.93979686,0.041654494,0.0063050278
7,7,none,cz,262,92,1,1,True,0.008872998,0.7219295,0.03758906,0.23160836
7,7,none,cz,263,92,0,0,True,0.44962057,0.2975893,0.22958453,0.02320556
7,7,none,cz,264,92,0,2,False,0.3714461,0.07964404,0.4818698,0.06704003
7,7,none,cz,265,92,1,1,True,0.002489973,0.98756903,0.0019985233,0.007942446
7,7,none,cz,266,92,0,0,True,0.36158758,0.33409855,0.24524024,0.059073567
7,7,none,cz,267,92,1,1,True,0.086555235,0.35615557,0.31483108,0.2424581
7,7,none,cz,268,92,0,0,True,0.51505643,0.34387237,0.05147209,0.089599065
7,7,none,cz,269,92,1,1,True,0.003122222,0.7761734,0.18977138,0.03093304
7,7,none,cz,270,92,1,1,True,0.04076829,0.79728955,0.12858792,0.03335417
7,7,none,cz,271,92,0,0,True,0.686146,0.22386244,0.03222429,0.057767276
7,7,none,cz,272,92,1,1,True,0.025202408,0.6982149,0.24603787,0.0305448
7,7,none,cz,273,92,0,2,False,0.2992135,0.07319164,0.5600512,0.06754363
7,7,none,cz,274,92,1,2,False,0.03206168,0.15671584,0.71526754,0.095954925
7,7,none,cz,275,92,3,2,False,0.05309211,0.3331021,0.546433,0.06737285
7,7,none,cz,276,92,2,1,False,0.07224841,0.3587139,0.34567386,0.22336374
7,7,none,cz,277,92,3,3,True,0.009939723,0.096328765,0.24592775,0.6478038
7,7,none,cz,278,92,2,1,False,0.10438436,0.33070827,0.3140158,0.25089166
7,7,none,cz,279,92,3,3,True,0.07232504,0.007180755,0.19859897,0.7218952
7,7,none,cz,280,92,2,2,True,0.14594212,0.06749365,0.6370468,0.14951742
7,7,none,cz,281,92,3,2,False,0.005325528,0.097549416,0.53698766,0.3601374
7,7,none,cz,282,92,2,2,True,0.048866324,0.18232857,0.71329236,0.055512752
7,7,none,cz,283,92,2,2,True,0.0064390404,0.054613307,0.91564804,0.023299659
7,7,none,cz,284,92,3,1,False,0.11416028,0.34796792,0.25969696,0.27817476
7,7,none,cz,285,92,3,3,True,0.003339386,0.23043048,0.057947204,0.7082829
7,7,none,cz,286,92,2,1,False,0.022330899,0.5634001,0.39392528,0.020343745
7,7,none,cz,287,92,2,1,False,0.015492768,0.8246874,0.0651753,0.09464464
7,7,none,cz,288,92,3,1,False,0.04850549,0.38572782,0.27064028,0.2951264
7,7,none,cz,289,92,3,3,True,0.01404702,0.2203099,0.03535387,0.7302892
7,7,none,cz,290,92,2,3,False,0.062138133,0.2796289,0.31352264,0.34471035
7,7,none,cz,291,92,2,2,True,0.1756892,0.060253628,0.45213187,0.31192535
7,7,none,cz,292,92,3,3,True,0.13224302,0.21603568,0.14719453,0.5045268
7,7,none,cz,293,92,2,1,False,0.026276862,0.6889453,0.14170842,0.14306948
7,7,none,cz,294,93,1,1,True,0.014881466,0.5698411,0.19704327,0.21823424
7,7,none,cz,295,93,0,2,False,0.030823154,0.3708488,0.57658654,0.021741519
7,7,none,cz,296,93,1,1,True,3.4945282e-05,0.9814828,0.011171629,0.007310679
7,7,none,cz,297,93,0,2,False,0.0154811265,0.3374965,0.6078956,0.03912678
7,7,none,cz,298,93,1,2,False,0.00026042137,0.043474197,0.94464463,0.011620767
7,7,none,cz,299,93,0,2,False,0.0017507203,0.03769876,0.8340877,0.12646285
7,7,none,cz,300,93,0,0,True,0.5497875,0.3093307,0.10978639,0.031095352
7,7,none,cz,301,93,1,2,False,0.0015073463,0.2664592,0.50626457,0.22576891
7,7,none,cz,302,93,1,2,False,0.012309257,0.030100077,0.93443084,0.023159778
7,7,none,cz,303,93,0,2,False,0.051410343,0.1186247,0.7747454,0.055219486
7,7,none,cz,304,93,1,2,False,0.00097647967,0.19097507,0.707426,0.100622445
7,7,none,cz,305,93,0,0,True,0.9740103,0.012138012,0.00790637,0.005945329
7,7,none,cz,306,93,1,2,False,0.0001885447,0.33590716,0.48468164,0.17922278
7,7,none,cz,307,93,0,0,True,0.97585005,0.0037705018,0.016195266,0.004184174
7,7,none,cz,308,93,0,2,False,0.32005686,0.0654814,0.57314575,0.04131599
7,7,none,cz,309,93,3,3,True,0.00012251452,0.030196887,0.032680325,0.9370002
7,7,none,cz,310,93,2,2,True,0.00057037,0.25272325,0.6969392,0.04976726
7,7,none,cz,311,93,2,2,True,0.0017402046,0.030225575,0.91136914,0.05666507
7,7,none,cz,312,93,3,3,True,0.002275865,0.049626302,0.07937611,0.8687217
7,7,none,cz,313,93,3,3,True,1.8588189e-05,0.005920219,0.03385143,0.9602098
7,7,none,cz,314,93,2,2,True,0.0014457647,0.067897886,0.90830135,0.02235491
7,7,none,cz,315,93,3,2,False,0.00033204517,0.32121682,0.64051163,0.037939582
7,7,none,cz,316,93,2,2,True,4.291593e-06,0.00012255514,0.9998568,1.6354777e-05
7,7,none,cz,317,93,2,2,True,0.002183518,0.009744941,0.97369295,0.014378532
7,7,none,cz,318,93,3,3,True,0.0018459049,0.19261053,0.12165175,0.68389183
7,7,none,cz,319,93,3,3,True,0.1324892,0.124075085,0.057599798,0.68583584
7,7,none,cz,320,93,2,2,True,0.0010278212,0.019711342,0.9626502,0.016610648
7,7,none,cz,321,93,2,2,True,0.008124061,0.005958279,0.95757437,0.028343262
7,7,none,cz,322,93,3,3,True,0.00032486377,0.010054016,0.012914777,0.97670627
7,7,none,cz,323,93,2,2,True,0.0006339075,0.0026166614,0.9941402,0.0026092702
7,7,none,cz,324,93,0,0,True,0.95262545,0.008774029,0.011771181,0.026829397
7,7,none,cz,325,93,1,3,False,0.0003914997,0.10776623,0.41332522,0.478517
7,7,none,cz,326,93,1,1,True,1.6680592e-06,0.99721956,0.00024230297,0.00253645
7,7,none,cz,327,93,0,2,False,0.013166599,0.01983289,0.94067305,0.026327537
7,7,none,cz,328,93,0,2,False,0.09723761,0.00809503,0.58454055,0.3101268
7,7,none,cz,329,93,1,1,True,0.0015887542,0.76448154,0.1948979,0.03903173
7,7,none,cz,330,93,0,2,False,0.014407336,0.2889729,0.5896647,0.106955
7,7,none,cz,331,93,1,2,False,0.0005208039,0.3372004,0.4825357,0.17974311
7,7,none,cz,332,93,1,2,False,0.00043975172,0.23861927,0.6514667,0.1094743
7,7,none,cz,333,93,0,2,False,0.014294619,0.18903323,0.59227264,0.20439951
7,7,none,cz,334,93,1,2,False,0.0018445905,0.16022083,0.52566147,0.31227314
7,7,none,cz,335,93,0,2,False,0.08996547,0.0051836907,0.8922074,0.012643462
7,7,none,cz,336,93,0,0,True,0.62477773,0.043905094,0.10381064,0.22750655
7,7,none,cz,337,93,1,2,False,0.0009957425,0.1795683,0.7410434,0.07839259
7,7,none,cz,338,93,0,3,False,0.013425959,0.0034215173,0.45266986,0.53048265
7,7,none,cz,339,93,2,2,True,0.019425685,0.029167155,0.9460042,0.005402979
7,7,none,cz,340,93,3,3,True,2.2302289e-05,0.0018585126,0.010357739,0.9877615
7,7,none,cz,341,93,3,3,True,0.00076056604,0.15989868,0.36816433,0.47117645
7,7,none,cz,342,93,2,2,True,0.0004008816,0.014768364,0.96913445,0.015696242
7,7,none,cz,343,93,2,2,True,0.0003868592,0.40601596,0.5790857,0.014511505
7,7,none,cz,344,93,3,3,True,0.00026751825,0.44026074,0.015134098,0.54433763
7,7,none,cz,345,93,3,3,True,7.55086e-05,0.0038471047,0.008710952,0.98736644
7,7,none,cz,346,93,2,2,True,0.0017066757,0.18097506,0.8009353,0.0163829
7,7,none,cz,347,93,3,3,True,0.005092369,0.0034432826,0.09853852,0.89292586
7,7,none,cz,348,93,2,2,True,0.00074104045,0.13470672,0.7996707,0.06488146
7,7,none,cz,349,93,3,2,False,0.0019366222,0.19071278,0.5009869,0.3063637
7,7,none,cz,350,93,2,2,True,0.00020171407,0.011886725,0.9735465,0.014364981
7,7,none,cz,351,93,3,3,True,0.0003759816,0.03121709,0.03019654,0.9382103
7,7,none,cz,352,93,2,2,True,0.0014666772,0.040960696,0.9300071,0.027565606
7,7,none,cz,353,93,2,2,True,0.0050365394,0.09931188,0.6705937,0.22505786
7,7,none,cz,354,93,0,1,False,0.014176837,0.51706344,0.37862855,0.090131134
7,7,none,cz,355,93,1,2,False,0.00019262814,0.086165145,0.8948598,0.018782435
7,7,none,cz,356,93,0,2,False,0.046886582,0.009227039,0.9282769,0.015609525
7,7,none,cz,357,93,1,1,True,0.00014494083,0.99173063,0.002784098,0.005340384
7,7,none,cz,358,93,1,1,True,0.00021435448,0.9237913,0.010385142,0.06560917
7,7,none,cz,359,93,0,1,False,0.2976242,0.32092285,0.2615687,0.1198843
7,7,none,cz,360,93,1,2,False,0.0017619428,0.31259254,0.47099075,0.21465485
7,7,none,cz,361,93,0,1,False,0.0015738333,0.9020388,0.03453073,0.061856646
7,7,none,cz,362,93,1,1,True,0.001609111,0.8603917,0.11306542,0.024933906
7,7,none,cz,363,93,0,2,False,0.20284323,0.022529548,0.46538466,0.30924255
7,7,none,cz,364,93,0,0,True,0.49616775,0.18868689,0.21596219,0.099183194
7,7,none,cz,365,93,1,3,False,0.00026556494,0.14709449,0.4093419,0.4432981
7,7,none,cz,366,93,1,1,True,3.1028318e-05,0.93960136,0.019435193,0.040932413
7,7,none,cz,367,93,0,1,False,0.006834134,0.5746856,0.35128555,0.067194745
7,7,none,cz,368,93,1,1,True,0.0034596603,0.67461073,0.30805793,0.013871609
7,7,none,cz,369,93,2,2,True,0.19561404,0.20230371,0.4256938,0.1763885
7,7,none,cz,370,93,3,2,False,0.0033893732,0.05383177,0.7113516,0.2314273
7,7,none,cz,371,93,3,3,True,0.00061369897,0.029680425,0.06953064,0.9001753
7,7,none,cz,372,93,2,1,False,0.018729487,0.8469035,0.13140042,0.002966527
7,7,none,cz,373,93,3,1,False,0.00020174765,0.7762075,0.010660224,0.21293052
7,7,none,cz,374,93,2,1,False,0.00035861248,0.944856,0.05179451,0.0029909264
7,7,none,cz,375,93,2,2,True,0.001628662,0.014125824,0.95390975,0.030335715
7,7,none,cz,376,93,3,3,True,2.5832274e-05,0.028411176,0.028263764,0.94329923
7,7,none,cz,377,93,3,3,True,1.6711578e-05,0.020708906,0.014189107,0.96508527
7,7,none,cz,378,93,2,2,True,0.00087222963,0.010942929,0.9492506,0.038934223
7,7,none,cz,379,93,2,2,True,0.0021985509,0.05033177,0.84704846,0.10042118
7,7,none,cz,380,93,3,3,True,0.0030066234,0.023680326,0.27614433,0.69716877
7,7,none,cz,381,93,3,2,False,0.00047114925,0.014843239,0.55952364,0.42516196
7,7,none,cz,382,93,2,1,False,9.328142e-06,0.9823741,0.016819002,0.0007976136
7,7,none,cz,383,93,3,2,False,0.00079041376,0.0071789357,0.88522106,0.10680958
7,7,none,cz,384,94,0,0,True,0.9494547,0.010346027,0.038793527,0.0014057484
7,7,none,cz,385,94,1,1,True,0.0007882059,0.81189847,0.18454659,0.0027667084
7,7,none,cz,386,94,1,2,False,0.005386773,0.100999594,0.7933112,0.10030246
7,7,none,cz,387,94,0,0,True,0.9925073,0.0027977175,0.004533952,0.00016101242
7,7,none,cz,388,94,1,2,False,0.0013603469,0.1632278,0.7834926,0.051919278
7,7,none,cz,389,94,0,0,True,0.8049593,0.04989179,0.13118763,0.013961301
7,7,none,cz,390,94,1,2,False,0.012010004,0.020287532,0.95116115,0.016541222
7,7,none,cz,391,94,0,0,True,0.9506535,0.0036272665,0.035630446,0.010088808
7,7,none,cz,392,94,1,2,False,0.006376802,0.07222703,0.89169365,0.02970251
7,7,none,cz,393,94,0,2,False,0.23297487,0.08998661,0.6720198,0.0050186818
7,7,none,cz,394,94,0,0,True,0.8414884,0.00477567,0.12525694,0.028478904
7,7,none,cz,395,94,1,2,False,0.0026235587,0.046563346,0.91458577,0.036227293
7,7,none,cz,396,94,1,1,True,0.015955877,0.66551507,0.17703459,0.14149447
7,7,none,cz,397,94,0,2,False,0.25752926,0.010399124,0.57640857,0.155663
7,7,none,cz,398,94,1,2,False,0.010071656,0.15986289,0.5235248,0.3065407
7,7,none,cz,399,94,2,2,True,0.00081106793,0.024184195,0.97190285,0.0031018734
7,7,none,cz,400,94,3,3,True,0.0013740294,0.030077942,0.23001038,0.7385376
7,7,none,cz,401,94,3,3,True,7.68884e-05,0.006039859,0.0037313083,0.99015194
7,7,none,cz,402,94,2,2,True,0.0003967371,0.0057873824,0.9832651,0.010550816
7,7,none,cz,403,94,3,3,True,0.007491917,0.06606598,0.4034489,0.52299315
7,7,none,cz,404,94,2,2,True,0.01002562,0.17828631,0.77862006,0.033068005
7,7,none,cz,405,94,2,2,True,0.00041476826,0.016612755,0.97725403,0.0057184473
7,7,none,cz,406,94,3,3,True,0.0015572003,0.24623773,0.110595725,0.6416093
7,7,none,cz,407,94,2,2,True,0.01800996,0.028923806,0.8600224,0.09304381
7,7,none,cz,408,94,3,3,True,0.0031572361,0.03228231,0.20031287,0.7642476
7,7,none,cz,409,94,3,3,True,0.0009505601,0.0069215447,0.05354533,0.9385826
7,7,none,cz,410,94,2,2,True,0.0016457273,0.018002667,0.9720776,0.008274025
7,7,none,cz,411,94,3,3,True,0.0045611733,0.019176688,0.22350416,0.752758
7,7,none,cz,412,94,2,2,True,0.08277105,0.038173925,0.6862546,0.19280033
7,7,none,cz,413,94,3,2,False,0.010972918,0.10958269,0.45882457,0.42061982
7,7,none,cz,414,94,1,1,True,0.0006941067,0.97602683,0.021526843,0.0017521932
7,7,none,cz,415,94,0,1,False,0.044095665,0.7378259,0.21787304,0.00020534662
7,7,none,cz,416,94,1,1,True,0.004454748,0.955365,0.038559128,0.0016211631
7,7,none,cz,417,94,0,0,True,0.5897715,0.15590307,0.23947437,0.0148509955
7,7,none,cz,418,94,0,0,True,0.87317425,0.015436764,0.11036876,0.0010202625
7,7,none,cz,419,94,1,1,True,4.7223075e-05,0.6612141,0.33063695,0.008101762
7,7,none,cz,420,94,1,2,False,0.009545669,0.0693575,0.5781553,0.34294152
7,7,none,cz,421,94,0,0,True,0.7356707,0.013271421,0.24543092,0.0056269094
7,7,none,cz,422,94,0,2,False,0.17834221,0.36888382,0.44631746,0.0064565386
7,7,none,cz,423,94,1,2,False,0.047606137,0.042812828,0.8803269,0.029254014
7,7,none,cz,424,94,1,1,True,3.947926e-05,0.9770643,0.021758057,0.0011381977
7,7,none,cz,425,94,0,2,False,0.0054076286,0.22478466,0.6516593,0.11814834
7,7,none,cz,426,94,1,2,False,0.0015139714,0.40056378,0.57298994,0.024932353
7,7,none,cz,427,94,0,2,False,0.48198006,0.0012598743,0.48748755,0.029272504
7,7,none,cz,428,94,1,2,False,0.0025069802,0.030064268,0.93835706,0.029071728
7,7,none,cz,429,94,3,3,True,0.056432594,0.041186325,0.193007,0.70937407
7,7,none,cz,430,94,2,2,True,0.022355711,0.021233527,0.9466485,0.009762298
7,7,none,cz,431,94,3,3,True,0.00032273697,0.066081986,0.26551083,0.6680844
7,7,none,cz,432,94,2,2,True,0.000110919915,0.0047099064,0.990378,0.00480107
7,7,none,cz,433,94,3,3,True,0.0012734905,0.08471299,0.032482285,0.88153124
7,7,none,cz,434,94,2,2,True,0.00204268,0.05507178,0.93328583,0.0095997825
7,7,none,cz,435,94,2,2,True,0.0026241029,0.039894026,0.87336737,0.0841145
7,7,none,cz,436,94,3,3,True,0.002057898,0.041458778,0.47419366,0.4822896
7,7,none,cz,437,94,3,1,False,0.003498831,0.42706844,0.14952216,0.4199106
7,7,none,cz,438,94,2,2,True,0.0017493244,0.020411655,0.97133744,0.0065016737
7,7,none,cz,439,94,3,3,True,0.0069987886,0.06106074,0.15860775,0.7733327
7,7,none,cz,440,94,2,2,True,0.057093717,0.0301543,0.7814911,0.13126087
7,7,none,cz,441,94,3,2,False,0.0029560074,0.0120372595,0.6647727,0.32023406
7,7,none,cz,442,94,2,2,True,0.002285106,0.009938108,0.9699485,0.017828276
7,7,none,cz,443,94,2,3,False,0.02573201,0.07629831,0.08669079,0.81127894
7,7,none,cz,444,94,0,0,True,0.7787389,0.048074037,0.17077379,0.0024133155
7,7,none,cz,445,94,1,2,False,0.015522731,0.023581268,0.9589328,0.0019632694
7,7,none,cz,446,94,1,2,False,0.0003143175,0.15950994,0.83125097,0.008924827
7,7,none,cz,447,94,0,2,False,0.04070174,0.004192172,0.95237756,0.0027284794
7,7,none,cz,448,94,1,2,False,0.00045817206,0.19779378,0.77437454,0.027373515
7,7,none,cz,449,94,0,2,False,0.06627473,0.009200938,0.84817445,0.07634984
7,7,none,cz,450,94,1,2,False,0.01720239,0.2953699,0.60158765,0.08584004
7,7,none,cz,451,94,0,2,False,0.026127873,0.0035767134,0.93911153,0.031183936
7,7,none,cz,452,94,1,2,False,0.008707266,0.102109015,0.5031074,0.38607633
7,7,none,cz,453,94,0,2,False,0.0052602887,0.027244454,0.94469273,0.022802556
7,7,none,cz,454,94,1,2,False,0.0006733208,0.23057696,0.5010703,0.26767945
7,7,none,cz,455,94,0,0,True,0.6192114,0.003739625,0.36665145,0.01039753
7,7,none,cz,456,94,0,2,False,0.08031622,0.10515063,0.79430836,0.020224798
7,7,none,cz,457,94,1,3,False,0.002192325,0.016561681,0.19903004,0.78221595
7,7,none,cz,458,94,0,2,False,0.0044906964,0.005937366,0.8350596,0.1545124
7,7,none,cz,459,94,2,2,True,0.0050779646,0.016065197,0.97166145,0.0071954085
7,7,none,cz,460,94,3,2,False,0.00029077777,0.021802917,0.91761464,0.06029167
7,7,none,cz,461,94,2,2,True,0.009154292,0.030257387,0.94861436,0.011974003
7,7,none,cz,462,94,3,2,False,0.044980858,0.116883725,0.7975957,0.04053966
7,7,none,cz,463,94,2,2,True,0.008203356,0.12649828,0.85449916,0.010799203
7,7,none,cz,464,94,3,3,True,0.0025872253,0.008374651,0.38755113,0.60148704
7,7,none,cz,465,94,3,3,True,0.0019505356,0.10038446,0.27807683,0.6195882
7,7,none,cz,466,94,2,2,True,0.0039285608,0.010468072,0.8761822,0.10942112
7,7,none,cz,467,94,2,2,True,0.0010594259,0.0039885747,0.9453773,0.04957473
7,7,none,cz,468,94,3,3,True,0.00069262215,0.0010398943,0.3724572,0.6258102
7,7,none,cz,469,94,3,3,True,0.0013603652,0.031009734,0.14957082,0.818059
7,7,none,cz,470,94,2,2,True,0.0019750255,0.0123780845,0.8582279,0.12741902
7,7,none,cz,471,94,2,2,True,0.0108517725,0.028070986,0.7678277,0.19324955
7,7,none,cz,472,94,3,3,True,0.002692826,0.08167677,0.37399814,0.5416323
7,7,none,cz,473,94,3,2,False,0.006865191,0.094799295,0.82524306,0.0730925
7,7,none,cz,474,95,0,2,False,0.1264128,0.14531791,0.6934988,0.03477049
7,7,none,cz,475,95,1,1,True,0.004237206,0.40936694,0.24853791,0.3378579
7,7,none,cz,476,95,1,1,True,0.0004327445,0.79312485,0.2036631,0.0027793362
7,7,none,cz,477,95,0,0,True,0.44915918,0.026481904,0.14656977,0.37778917
7,7,none,cz,478,95,0,0,True,0.7584957,0.0061601955,0.22167374,0.013670354
7,7,none,cz,479,95,1,1,True,0.0060380176,0.5628953,0.23256321,0.19850352
7,7,none,cz,480,95,0,2,False,0.17337604,0.04152748,0.693907,0.091189496
7,7,none,cz,481,95,1,1,True,0.0026558165,0.67950857,0.14337294,0.17446268
7,7,none,cz,482,95,0,0,True,0.56040853,0.01998656,0.38471445,0.03489036
7,7,none,cz,483,95,1,3,False,0.001171166,0.04039638,0.4319694,0.5264631
7,7,none,cz,484,95,1,2,False,0.0025786662,0.38369873,0.44347873,0.1702438
7,7,none,cz,485,95,0,0,True,0.6661978,0.00062914746,0.31134394,0.021829117
7,7,none,cz,486,95,0,2,False,0.1731188,0.008587922,0.75325006,0.065043196
7,7,none,cz,487,95,1,2,False,0.0032436172,0.3174174,0.4349079,0.24443111
7,7,none,cz,488,95,1,2,False,6.303857e-05,0.08738978,0.87521476,0.03733236
7,7,none,cz,489,95,2,2,True,0.001280499,0.005023261,0.7866516,0.20704469
7,7,none,cz,490,95,3,2,False,0.0027444882,0.017891292,0.6950078,0.28435642
7,7,none,cz,491,95,2,2,True,0.0005715039,0.052776806,0.92188126,0.024770379
7,7,none,cz,492,95,3,3,True,0.0014182471,0.0027070148,0.106388986,0.8894857
7,7,none,cz,493,95,3,3,True,0.000106817366,0.010884441,0.009750268,0.9792585
7,7,none,cz,494,95,2,2,True,0.03405255,0.038963962,0.5322046,0.39477888
7,7,none,cz,495,95,2,2,True,9.588738e-05,0.0015845074,0.9814951,0.016824437
7,7,none,cz,496,95,3,3,True,0.021389773,0.0013691292,0.036865003,0.9403761
7,7,none,cz,497,95,3,3,True,2.4377845e-05,0.00025106283,0.07364637,0.9260782
7,7,none,cz,498,95,2,2,True,0.0003862734,0.009850211,0.6218553,0.3679082
7,7,none,cz,499,95,3,3,True,0.00019419365,0.057735823,0.11723396,0.824836
7,7,none,cz,500,95,2,2,True,0.00039359034,0.0011438811,0.69752055,0.30094203
7,7,none,cz,501,95,3,3,True,0.00039713923,0.0017678353,0.20489074,0.79294425
7,7,none,cz,502,95,2,2,True,0.00024844604,0.0017018634,0.9366465,0.06140323
7,7,none,cz,503,95,2,2,True,0.0035554196,0.009586564,0.54119694,0.4456611
7,7,none,cz,504,95,1,2,False,0.00016602683,0.21771355,0.4430639,0.33905652
7,7,none,cz,505,95,0,3,False,0.07304383,0.0031724246,0.27249548,0.6512883
7,7,none,cz,506,95,1,3,False,0.0010106202,0.107203774,0.19913557,0.69265
7,7,none,cz,507,95,0,2,False,0.02163798,0.001363514,0.8592374,0.11776121
7,7,none,cz,508,95,0,0,True,0.7527513,0.0044672764,0.16213447,0.08064692
7,7,none,cz,509,95,1,2,False,0.0011657801,0.012739852,0.5224488,0.4636456
7,7,none,cz,510,95,1,2,False,0.0035869242,0.02280921,0.59063363,0.38297018
7,7,none,cz,511,95,0,3,False,0.389966,0.0013068739,0.11558904,0.49313807
7,7,none,cz,512,95,0,2,False,0.0055626244,0.0068745376,0.7160762,0.2714867
7,7,none,cz,513,95,1,2,False,0.0011655655,0.10350086,0.55472046,0.34061316
7,7,none,cz,514,95,0,2,False,0.044286303,0.0004674308,0.7352124,0.2200339
7,7,none,cz,515,95,1,2,False,0.0007051551,0.0604725,0.855722,0.08310028
7,7,none,cz,516,95,0,3,False,0.04356965,0.08366306,0.18335745,0.68940985
7,7,none,cz,517,95,1,2,False,0.00026157653,0.0836602,0.8045964,0.11148175
7,7,none,cz,518,95,0,2,False,0.05104304,0.0008370998,0.8456296,0.102490306
7,7,none,cz,519,95,3,3,True,1.1975995e-05,0.0044468646,0.06956365,0.9259775
7,7,none,cz,520,95,2,2,True,0.0006605273,0.00030785354,0.77208567,0.226946
7,7,none,cz,521,95,3,3,True,6.679425e-06,0.0053806677,0.10752424,0.8870884
7,7,none,cz,522,95,2,2,True,0.0052068722,0.00065478095,0.9070778,0.08706065
7,7,none,cz,523,95,2,2,True,0.000361591,0.0011418987,0.98075324,0.017743293
7,7,none,cz,524,95,3,3,True,0.0011394152,0.039026942,0.29498157,0.66485214
7,7,none,cz,525,95,2,2,True,6.774263e-05,0.0024222927,0.9903287,0.007181289
7,7,none,cz,526,95,3,3,True,7.969659e-05,0.008931625,0.004190426,0.9867982
7,7,none,cz,527,95,2,3,False,0.0027148796,0.005353665,0.33181036,0.66012114
7,7,none,cz,528,95,3,3,True,6.5775957e-06,0.0022879315,0.015608284,0.9820972
7,7,none,cz,529,95,2,2,True,0.055085037,0.04467503,0.8274265,0.072813414
7,7,none,cz,530,95,3,2,False,0.003631873,0.004284658,0.8197822,0.1723013
7,7,none,cz,531,95,2,2,True,0.00057134253,0.004318885,0.60231274,0.39279705
7,7,none,cz,532,95,3,3,True,0.00019654528,0.008605734,0.2786949,0.71250284
7,7,none,cz,533,95,3,2,False,2.0463991e-05,0.0022845732,0.8196683,0.17802674
7,7,none,cz,534,95,0,3,False,0.007853415,0.012472573,0.33768174,0.64199233
7,7,none,cz,535,95,1,3,False,0.011388896,0.0067227874,0.46204832,0.51984
7,7,none,cz,536,95,1,3,False,0.00092058716,0.0007374205,0.022207562,0.97613436
7,7,none,cz,537,95,0,2,False,0.0066166325,0.0015108358,0.87790453,0.11396794
7,7,none,cz,538,95,0,3,False,0.0030052515,0.0022729128,0.24362798,0.7510938
7,7,none,cz,539,95,1,2,False,0.018664597,0.036126513,0.71941656,0.22579235
7,7,none,cz,540,95,1,3,False,0.0027852077,0.024384862,0.09607641,0.87675357
7,7,none,cz,541,95,0,2,False,0.010477064,0.00082411,0.9551574,0.033541344
7,7,none,cz,542,95,0,2,False,0.0010794282,0.008615639,0.9590911,0.03121378
7,7,none,cz,543,95,1,2,False,0.0013507305,0.1765209,0.47854808,0.34358028
7,7,none,cz,544,95,0,2,False,0.0041173114,0.002496076,0.915985,0.077401616
7,7,none,cz,545,95,1,2,False,0.002237751,0.0014559323,0.97994447,0.016361801
7,7,none,cz,546,95,1,2,False,0.007413869,0.03406074,0.850808,0.10771744
7,7,none,cz,547,95,0,2,False,0.00023258444,0.007871131,0.9698439,0.022052277
7,7,none,cz,548,95,0,2,False,0.019462949,0.0064015123,0.97135544,0.0027801015
7,7,none,cz,549,95,2,2,True,0.001068341,0.0028926404,0.9892014,0.006837539
7,7,none,cz,550,95,3,2,False,0.0022309192,0.02965606,0.73371357,0.23439951
7,7,none,cz,551,95,3,3,True,0.0015303936,0.036311645,0.24535523,0.7168028
7,7,none,cz,552,95,2,2,True,0.012967791,0.007147013,0.81793046,0.16195473
7,7,none,cz,553,95,2,3,False,0.0017530868,0.009958679,0.42321187,0.5650764
7,7,none,cz,554,95,3,3,True,0.000553542,0.0046573766,0.11623493,0.87855417
7,7,none,cz,555,95,2,2,True,0.00071316666,0.014892914,0.94094074,0.043453205
7,7,none,cz,556,95,3,3,True,0.00086779665,0.020645808,0.11665424,0.86183214
7,7,none,cz,557,95,2,2,True,0.0050707874,0.014764554,0.82864624,0.15151845
7,7,none,cz,558,95,3,3,True,0.0004262817,0.14591564,0.15307905,0.700579
7,7,none,cz,559,95,2,2,True,0.0004518509,0.0041107,0.8809006,0.11453681
7,7,none,cz,560,95,3,2,False,0.0026522207,0.006547918,0.58220816,0.40859166
7,7,none,cz,561,95,3,2,False,0.00013946347,0.001865524,0.952182,0.045812987
7,7,none,cz,562,95,2,2,True,2.2263821e-05,0.0051237694,0.99222344,0.0026305735
7,7,none,cz,563,95,3,3,True,8.8529145e-05,0.0046572923,0.16325393,0.8320003
7,7,none,cz,564,96,1,1,True,0.07560577,0.6399319,0.269835,0.014627338
7,7,none,cz,565,96,0,0,True,0.6500851,0.06170796,0.28028393,0.007922955
7,7,none,cz,566,96,0,2,False,0.18905097,0.053293932,0.6283497,0.12930538
7,7,none,cz,567,96,1,1,True,0.00075186824,0.5773663,0.24139395,0.18048786
7,7,none,cz,568,96,1,1,True,6.317988e-05,0.9524935,0.038575497,0.008867963
7,7,none,cz,569,96,0,2,False,0.03356149,0.0013009649,0.66248834,0.30264923
7,7,none,cz,570,96,1,1,True,0.0013044649,0.9343156,0.0546419,0.009738038
7,7,none,cz,571,96,0,2,False,0.3204535,0.0010597523,0.5446504,0.13383634
7,7,none,cz,572,96,0,2,False,0.039760478,0.015162846,0.81761783,0.12745887
7,7,none,cz,573,96,1,1,True,0.0001761129,0.9051004,0.086036466,0.008687012
7,7,none,cz,574,96,1,1,True,0.00038010592,0.90154284,0.09436579,0.003711268
7,7,none,cz,575,96,0,2,False,0.14333723,0.0022035576,0.84121543,0.013243791
7,7,none,cz,576,96,0,3,False,0.2337383,0.033123024,0.35553476,0.37760398
7,7,none,cz,577,96,1,1,True,0.0017035856,0.41285658,0.38471517,0.20072466
7,7,none,cz,578,96,1,1,True,0.00046705053,0.7173137,0.13783656,0.14438266
7,7,none,cz,579,96,3,2,False,0.00031675014,0.009849064,0.74809134,0.24174283
7,7,none,cz,580,96,2,2,True,0.0007433794,0.0006730486,0.99367505,0.0049084923
7,7,none,cz,581,96,3,2,False,9.594846e-05,0.012512941,0.96523917,0.022151897
7,7,none,cz,582,96,2,2,True,0.00042286454,0.00056508795,0.9661561,0.032855894
7,7,none,cz,583,96,2,2,True,0.00936108,0.0051843226,0.5883876,0.397067
7,7,none,cz,584,96,3,2,False,0.002816931,0.0020066032,0.8801925,0.11498392
7,7,none,cz,585,96,3,3,True,0.011855406,0.009983015,0.28251037,0.6956512
7,7,none,cz,586,96,2,2,True,0.00083906134,0.00254433,0.9297094,0.06690714
7,7,none,cz,587,96,3,3,True,0.0010422516,0.001201726,0.2674232,0.73033285
7,7,none,cz,588,96,2,2,True,0.0027018292,0.004976607,0.9678096,0.024511965
7,7,none,cz,589,96,2,2,True,0.0025985008,0.032938853,0.95850164,0.0059609637
7,7,none,cz,590,96,3,2,False,0.010857614,0.075906254,0.5768088,0.3364273
7,7,none,cz,591,96,3,3,True,0.002450082,0.0037886037,0.15951578,0.8342455
7,7,none,cz,592,96,2,2,True,0.007328714,0.025009593,0.8251655,0.14249618
7,7,none,cz,593,96,3,3,True,0.0006403921,0.052258216,0.24938323,0.69771814
7,7,none,cz,594,96,0,2,False,0.16777527,0.0025132918,0.8087679,0.020943549
7,7,none,cz,595,96,1,2,False,0.0046513244,0.003574532,0.9897803,0.0019938576
7,7,none,cz,596,96,1,2,False,0.0042285016,0.027654966,0.50962955,0.45848706
7,7,none,cz,597,96,0,0,True,0.79722893,5.6535177e-05,0.14828727,0.05442731
7,7,none,cz,598,96,1,2,False,0.018556267,0.32717067,0.6337994,0.020473717
7,7,none,cz,599,96,0,2,False,0.009889,0.0009969479,0.88291305,0.10620099
7,7,none,cz,600,96,0,2,False,0.05201365,0.00015212054,0.9390924,0.008741857
7,7,none,cz,601,96,1,1,True,0.0022916656,0.6535306,0.2491298,0.095047906
7,7,none,cz,602,96,0,0,True,0.4989248,0.009400172,0.46226513,0.029409934
7,7,none,cz,603,96,1,2,False,0.0006473217,0.17477906,0.8104554,0.01411825
7,7,none,cz,604,96,1,3,False,0.0008581314,0.22643435,0.36562148,0.40708604
7,7,none,cz,605,96,0,2,False,0.080544114,0.00031861092,0.46526143,0.4538759
7,7,none,cz,606,96,1,2,False,0.0005770871,0.026888477,0.6935422,0.27899218
7,7,none,cz,607,96,0,2,False,0.029240659,0.0006914755,0.728928,0.24113984
7,7,none,cz,608,96,0,2,False,0.059595063,0.00032426984,0.77464455,0.1654361
7,7,none,cz,609,96,3,3,True,0.0066191684,0.0048168474,0.16912575,0.8194382
7,7,none,cz,610,96,2,2,True,5.7396694e-05,0.0006496601,0.9971584,0.0021345022
7,7,none,cz,611,96,3,2,False,0.02225241,0.015465748,0.9024947,0.059787173
7,7,none,cz,612,96,2,3,False,0.10345045,0.019391546,0.43429515,0.44286284
7,7,none,cz,613,96,3,3,True,0.0025676503,0.04817734,0.034040786,0.9152142
7,7,none,cz,614,96,2,2,True,0.00045760986,0.00043822755,0.9895131,0.009591118
7,7,none,cz,615,96,2,2,True,0.00064313994,0.0014218484,0.7362615,0.26167357
7,7,none,cz,616,96,3,2,False,0.00085240876,0.00030646083,0.93681145,0.062029637
7,7,none,cz,617,96,2,2,True,0.004740812,0.003120564,0.8985926,0.0935461
7,7,none,cz,618,96,3,2,False,0.08179921,0.016863458,0.6833512,0.21798615
7,7,none,cz,619,96,2,2,True,0.0013598589,0.00046768517,0.74508333,0.25308907
7,7,none,cz,620,96,3,3,True,0.002610739,0.002553099,0.24623983,0.7485963
7,7,none,cz,621,96,2,2,True,0.055497415,0.00041243748,0.93107337,0.013016799
7,7,none,cz,622,96,3,3,True,0.002573401,0.0032040488,0.13015419,0.8640683
7,7,none,cz,623,96,3,3,True,0.0050081504,0.012259332,0.2879439,0.6947886
7,7,none,cz,624,96,1,1,True,0.0003653868,0.7158455,0.2175773,0.06621179
7,7,none,cz,625,96,0,0,True,0.5381527,0.0008890488,0.34444478,0.11651351
7,7,none,cz,626,96,1,2,False,0.0014793419,0.0006424939,0.99456185,0.0033162623
7,7,none,cz,627,96,0,2,False,0.113073796,0.017971484,0.86604637,0.0029083793
7,7,none,cz,628,96,1,2,False,0.0054683387,0.13333823,0.7069474,0.15424602
7,7,none,cz,629,96,0,0,True,0.6820745,0.010796513,0.20302075,0.10410827
7,7,none,cz,630,96,0,2,False,0.23988804,0.00017869778,0.7585225,0.0014107783
7,7,none,cz,631,96,1,3,False,0.008857185,0.06756506,0.3870428,0.536535
7,7,none,cz,632,96,1,1,True,0.0019064959,0.7896014,0.17406794,0.034424283
7,7,none,cz,633,96,0,2,False,0.2462037,0.02268326,0.6191645,0.11194852
7,7,none,cz,634,96,0,0,True,0.92530984,0.0004526613,0.0706918,0.003545629
7,7,none,cz,635,96,1,1,True,0.0009926636,0.53742737,0.40873417,0.052845795
7,7,none,cz,636,96,1,2,False,0.0010246992,0.115754165,0.8571597,0.026061509
7,7,none,cz,637,96,0,0,True,0.8329564,0.02055291,0.1047296,0.04176109
7,7,none,cz,638,96,0,2,False,0.038328998,0.0016670261,0.90359294,0.05641096
7,7,none,cz,639,96,2,2,True,0.00013633021,0.017383793,0.98073316,0.0017466876
7,7,none,cz,640,96,3,2,False,0.00078463845,0.0030109922,0.91017187,0.08603255
7,7,none,cz,641,96,2,2,True,0.006048267,0.001996012,0.9618429,0.030112835
7,7,none,cz,642,96,3,2,False,0.0022704303,0.018171394,0.6049367,0.37462142
7,7,none,cz,643,96,3,3,True,0.008815492,0.018538302,0.44963256,0.52301365
7,7,none,cz,644,96,2,2,True,0.00032596808,0.007865831,0.9798871,0.0119211245
7,7,none,cz,645,96,3,3,True,0.019290393,0.01681136,0.2432895,0.7206088
7,7,none,cz,646,96,2,2,True,0.006412774,0.05930425,0.8877946,0.046488382
7,7,none,cz,647,96,2,2,True,0.00011292079,0.0007418536,0.994142,0.005003216
7,7,none,cz,648,96,3,2,False,0.019017484,0.07065797,0.62722766,0.28309688
7,7,none,cz,649,96,2,3,False,0.009223864,0.0050169616,0.42276487,0.56299436
7,7,none,cz,650,96,3,3,True,0.002713298,0.001074344,0.12000903,0.87620336
7,7,none,cz,651,96,2,2,True,0.0031021042,0.009538497,0.8905279,0.096831515
7,7,none,cz,652,96,3,2,False,0.034283973,0.020601254,0.67790115,0.2672136
7,7,none,cz,653,96,3,2,False,0.0019752234,0.08874814,0.6924367,0.21683997
7,7,none,cz,654,97,0,0,True,0.7807696,0.10110145,0.056580286,0.06154875
7,7,none,cz,655,97,1,1,True,0.004164073,0.93818927,0.016178602,0.0414681
7,7,none,cz,656,97,1,1,True,0.049100112,0.74645483,0.14841378,0.056031194
7,7,none,cz,657,97,0,2,False,0.17322966,0.21579808,0.56446207,0.046510156
7,7,none,cz,658,97,0,0,True,0.6870319,0.019487737,0.24848028,0.045000043
7,7,none,cz,659,97,1,1,True,0.0006127032,0.94986755,0.027084254,0.022435565
7,7,none,cz,660,97,0,2,False,0.07858892,0.07744352,0.81497157,0.028996073
7,7,none,cz,661,97,1,1,True,5.4994518e-05,0.9516876,0.02980615,0.018451227
7,7,none,cz,662,97,0,3,False,0.023647804,0.2556882,0.34189355,0.3787705
7,7,none,cz,663,97,1,1,True,0.03046694,0.8787476,0.017744131,0.07304138
7,7,none,cz,664,97,1,1,True,0.00065157056,0.9506167,0.015712455,0.033019137
7,7,none,cz,665,97,0,3,False,0.21438609,0.029404497,0.049701516,0.7065079
7,7,none,cz,666,97,1,2,False,0.010374968,0.041119494,0.79707646,0.15142904
7,7,none,cz,667,97,0,2,False,0.05729515,0.19195251,0.4306903,0.320062
7,7,none,cz,668,97,0,0,True,0.58911914,0.29448697,0.07558662,0.04080728
7,7,none,cz,669,97,3,3,True,0.04113233,0.15560937,0.18958355,0.61367476
7,7,none,cz,670,97,2,3,False,0.23540018,0.24269184,0.19022721,0.3316808
7,7,none,cz,671,97,3,3,True,0.00041312663,0.036579322,0.04095645,0.92205113
7,7,none,cz,672,97,2,1,False,0.00048867933,0.68095076,0.07775615,0.2408044
7,7,none,cz,673,97,3,1,False,0.010576372,0.6211765,0.0035918995,0.3646553
7,7,none,cz,674,97,2,3,False,0.009710224,0.10588892,0.4159834,0.4684174
7,7,none,cz,675,97,3,2,False,0.0017020192,0.19099744,0.6706079,0.13669258
7,7,none,cz,676,97,2,1,False,0.0014814765,0.9498242,0.007758085,0.04093631
7,7,none,cz,677,97,3,2,False,0.0040563713,0.319772,0.51991916,0.15625238
7,7,none,cz,678,97,2,2,True,0.019422725,0.26416096,0.60832953,0.108086795
7,7,none,cz,679,97,3,3,True,0.012637337,0.02533056,0.022968493,0.9390636
7,7,none,cz,680,97,2,3,False,0.003578338,0.008865006,0.004250888,0.98330575
7,7,none,cz,681,97,3,3,True,0.0055952715,0.008345156,0.040787455,0.94527215
7,7,none,cz,682,97,2,1,False,0.00054314034,0.66430026,0.16685756,0.16829899
7,7,none,cz,683,97,2,1,False,0.0042929035,0.8586049,0.05818862,0.07891359
7,7,none,cz,684,97,0,1,False,0.016348176,0.6217857,0.19493423,0.16693188
7,7,none,cz,685,97,1,1,True,0.1727587,0.6007274,0.19681418,0.029699728
7,7,none,cz,686,97,1,1,True,0.0009814944,0.98363703,0.010123828,0.0052576005
7,7,none,cz,687,97,0,2,False,0.16500254,0.07269115,0.3963858,0.36592045
7,7,none,cz,688,97,1,2,False,0.0038691435,0.32964137,0.5064742,0.1600153
7,7,none,cz,689,97,0,2,False,0.0746595,0.15689652,0.51257104,0.255873
7,7,none,cz,690,97,1,3,False,0.0020274401,0.049419183,0.3602385,0.5883149
7,7,none,cz,691,97,0,3,False,0.009729593,0.055101924,0.038662866,0.89650565
7,7,none,cz,692,97,1,1,True,0.0028559817,0.60587955,0.023957664,0.36730683
7,7,none,cz,693,97,0,3,False,0.03677802,0.051704932,0.10801444,0.80350256
7,7,none,cz,694,97,0,0,True,0.57881117,0.0944322,0.2851375,0.041619223
7,7,none,cz,695,97,1,1,True,0.0013526189,0.6792007,0.13818082,0.18126582
7,7,none,cz,696,97,0,3,False,0.005389052,0.025256062,0.008370688,0.96098423
7,7,none,cz,697,97,1,1,True,0.005206833,0.6851934,0.060039613,0.24956015
7,7,none,cz,698,97,1,3,False,0.0001428789,0.09451715,0.0020388202,0.9033011
7,7,none,cz,699,97,3,3,True,0.0009786385,0.079250894,0.33776826,0.5820023
7,7,none,cz,700,97,2,2,True,0.017529717,0.043207776,0.84890735,0.09035511
7,7,none,cz,701,97,2,2,True,0.006715811,0.29819193,0.3986526,0.2964396
7,7,none,cz,702,97,3,3,True,0.0013432816,0.07610714,0.44180638,0.48074317
7,7,none,cz,703,97,3,1,False,0.002645125,0.71836907,0.19836469,0.08062114
7,7,none,cz,704,97,2,1,False,0.0077253524,0.9263905,0.016522551,0.049361642
7,7,none,cz,705,97,2,3,False,0.0012135591,0.2796535,0.3460413,0.37309167
7,7,none,cz,706,97,3,2,False,0.0019032896,0.21707961,0.42667136,0.35434574
7,7,none,cz,707,97,2,2,True,0.006293385,0.08978752,0.7251753,0.17874376
7,7,none,cz,708,97,3,3,True,0.0006188989,0.3404185,0.054724578,0.60423803
7,7,none,cz,709,97,3,3,True,0.031428833,0.025639774,0.21385805,0.72907335
7,7,none,cz,710,97,2,3,False,0.0013130804,0.08806713,0.35449263,0.55612713
7,7,none,cz,711,97,3,3,True,0.033368457,0.053251535,0.34715804,0.56622195
7,7,none,cz,712,97,2,2,True,0.05659373,0.037186906,0.544601,0.36161828
7,7,none,cz,713,97,3,3,True,0.009114306,0.2970156,0.038074743,0.6557953
7,7,none,cz,714,97,1,3,False,0.017736288,0.22107661,0.23195626,0.52923083
7,7,none,cz,715,97,0,2,False,0.018477766,0.3471688,0.602852,0.03150146
7,7,none,cz,716,97,1,1,True,0.00511011,0.66999453,0.19288453,0.13201082
7,7,none,cz,717,97,0,1,False,0.29202825,0.39577243,0.3055543,0.006645038
7,7,none,cz,718,97,1,2,False,0.017893871,0.13538916,0.7833757,0.063341215
7,7,none,cz,719,97,0,3,False,0.1568495,0.028020538,0.07655009,0.7385798
7,7,none,cz,720,97,0,3,False,0.07730976,0.037983697,0.062007222,0.82269937
7,7,none,cz,721,97,1,1,True,0.003023477,0.49423796,0.35764563,0.14509298
7,7,none,cz,722,97,1,1,True,0.0006767689,0.44186932,0.16168836,0.39576557
7,7,none,cz,723,97,0,3,False,0.24972707,0.14644697,0.1625943,0.44123167
7,7,none,cz,724,97,1,1,True,0.009826445,0.54544526,0.076704115,0.36802417
7,7,none,cz,725,97,0,2,False,0.04468606,0.11221218,0.5800177,0.26308408
7,7,none,cz,726,97,0,0,True,0.6815784,0.009689574,0.17643273,0.13229924
7,7,none,cz,727,97,1,2,False,0.0036734112,0.079695344,0.46303165,0.45359963
7,7,none,cz,728,97,0,2,False,0.17997462,0.04063618,0.41540298,0.36398613
7,7,none,cz,729,97,3,2,False,0.011002157,0.06504788,0.5767429,0.34720704
7,7,none,cz,730,97,2,1,False,0.00019013567,0.7050779,0.010934157,0.2837978
7,7,none,cz,731,97,2,2,True,0.005122268,0.040311605,0.91804343,0.03652271
7,7,none,cz,732,97,3,3,True,0.11205547,0.22633173,0.2819751,0.37963775
7,7,none,cz,733,97,2,3,False,0.015436252,0.26865357,0.13373128,0.58217895
7,7,none,cz,734,97,3,3,True,0.007835151,0.34910104,0.15461132,0.48845255
7,7,none,cz,735,97,2,2,True,0.091012694,0.18268257,0.47618997,0.25011483
7,7,none,cz,736,97,3,3,True,0.011948403,0.30834496,0.17676724,0.5029394
7,7,none,cz,737,97,3,3,True,0.017543208,0.1067585,0.42898834,0.44670996
7,7,none,cz,738,97,2,2,True,0.013994023,0.21776852,0.67648965,0.09174777
7,7,none,cz,739,97,3,3,True,0.0003346056,0.03303447,0.17293252,0.79369843
7,7,none,cz,740,97,2,1,False,0.00709567,0.62555623,0.115176804,0.25217125
7,7,none,cz,741,97,2,1,False,0.006671706,0.47692364,0.13510309,0.38130152
7,7,none,cz,742,97,3,3,True,0.010299081,0.05210721,0.4231914,0.51440233
7,7,none,cz,743,97,2,2,True,0.16958323,0.23852651,0.33954984,0.25234044
7,7,none,cz,744,98,0,0,True,0.6140925,0.03331451,0.3499915,0.002601417
7,7,none,cz,745,98,1,2,False,0.012301744,0.06431633,0.9192035,0.0041784663
7,7,none,cz,746,98,1,1,True,0.04653,0.6019871,0.33032617,0.021156738
7,7,none,cz,747,98,0,2,False,0.21912557,0.089167744,0.68547666,0.0062300726
7,7,none,cz,748,98,0,2,False,0.3857953,0.059461385,0.5278765,0.026866825
7,7,none,cz,749,98,1,2,False,0.038328633,0.3052256,0.6425897,0.013856105
7,7,none,cz,750,98,1,1,True,0.02887068,0.8245724,0.12575045,0.020806419
7,7,none,cz,751,98,0,2,False,0.0376402,0.22080618,0.72913283,0.012420768
7,7,none,cz,752,98,1,2,False,0.11650215,0.4204197,0.45235252,0.010725574
7,7,none,cz,753,98,0,2,False,0.14950237,0.023343747,0.825272,0.0018818263
7,7,none,cz,754,98,1,1,True,0.042033184,0.8834345,0.07097418,0.0035581565
7,7,none,cz,755,98,0,2,False,0.36715946,0.018703444,0.60983014,0.0043069865
7,7,none,cz,756,98,0,2,False,0.047115345,0.16360553,0.78518367,0.00409545
7,7,none,cz,757,98,1,2,False,0.039255377,0.26168284,0.56664246,0.13241938
7,7,none,cz,758,98,0,2,False,0.06397927,0.07830929,0.83604723,0.021664154
7,7,none,cz,759,98,3,3,True,0.058415145,0.013178092,0.12350421,0.80490255
7,7,none,cz,760,98,2,2,True,0.041878164,0.03809481,0.88686943,0.033157658
7,7,none,cz,761,98,3,3,True,0.018247142,0.04663898,0.36647007,0.56864375
7,7,none,cz,762,98,2,2,True,0.08997762,0.28353062,0.62404937,0.0024423946
7,7,none,cz,763,98,2,2,True,0.20351563,0.11884727,0.6605661,0.01707101
7,7,none,cz,764,98,3,2,False,0.015135418,0.12892215,0.56308466,0.2928578
7,7,none,cz,765,98,2,2,True,0.016064446,0.010094149,0.9632033,0.0106381355
7,7,none,cz,766,98,3,2,False,0.07859262,0.08916484,0.7475596,0.084682904
7,7,none,cz,767,98,2,2,True,0.019878156,0.0035357694,0.96059036,0.015995743
7,7,none,cz,768,98,3,3,True,0.06104122,0.112267,0.10620725,0.7204845
7,7,none,cz,769,98,3,2,False,0.100890025,0.03936661,0.4543449,0.40539843
7,7,none,cz,770,98,2,2,True,0.025530092,0.022870187,0.92664903,0.024950607
7,7,none,cz,771,98,2,2,True,0.13665809,0.034882355,0.71909237,0.1093672
7,7,none,cz,772,98,3,0,False,0.56342566,0.16109402,0.2382071,0.03727329
7,7,none,cz,773,98,3,2,False,0.12936567,0.07953778,0.70084774,0.09024876
7,7,none,cz,774,98,1,1,True,0.0064022355,0.7068358,0.28283855,0.00392336
7,7,none,cz,775,98,0,2,False,0.16278027,0.099398755,0.7199573,0.01786376
7,7,none,cz,776,98,0,2,False,0.31119573,0.03734622,0.62996036,0.021497693
7,7,none,cz,777,98,1,1,True,0.03743609,0.48910537,0.41680303,0.056655496
7,7,none,cz,778,98,0,0,True,0.6381263,0.10372117,0.2305398,0.027612722
7,7,none,cz,779,98,1,2,False,0.052785043,0.14953193,0.70863426,0.089048766
7,7,none,cz,780,98,1,1,True,0.016071474,0.3803609,0.3745989,0.22896877
7,7,none,cz,781,98,0,0,True,0.7114796,0.014240801,0.20935458,0.06492502
7,7,none,cz,782,98,0,0,True,0.39137396,0.18895218,0.38769752,0.03197635
7,7,none,cz,783,98,1,2,False,0.10190909,0.38446543,0.416669,0.096956424
7,7,none,cz,784,98,0,2,False,0.33791062,0.020387065,0.5425692,0.09913313
7,7,none,cz,785,98,1,2,False,0.018408246,0.48325086,0.4882008,0.010140125
7,7,none,cz,786,98,1,1,True,0.0332713,0.4358798,0.24931103,0.28153792
7,7,none,cz,787,98,0,0,True,0.89931667,0.01765109,0.07139766,0.011634587
7,7,none,cz,788,98,0,2,False,0.009668663,0.011829788,0.9614955,0.01700601
7,7,none,cz,789,98,3,3,True,0.10917377,0.13262445,0.37753472,0.38066712
7,7,none,cz,790,98,2,2,True,0.066255376,0.010271948,0.9165369,0.006935698
7,7,none,cz,791,98,3,2,False,0.069987595,0.028398184,0.7103532,0.19126107
7,7,none,cz,792,98,2,2,True,0.006331725,0.02781324,0.9649555,0.00089951797
7,7,none,cz,793,98,2,2,True,0.29532743,0.049886204,0.6287794,0.026006961
7,7,none,cz,794,98,3,3,True,0.07563115,0.11447833,0.29407236,0.5158182
7,7,none,cz,795,98,2,2,True,0.08481161,0.057272714,0.8292543,0.028661406
7,7,none,cz,796,98,3,3,True,0.072843514,0.020561436,0.18351871,0.72307634
7,7,none,cz,797,98,3,2,False,0.032959048,0.008131452,0.6996793,0.2592302
7,7,none,cz,798,98,2,2,True,0.036765564,0.086787716,0.7314468,0.14499995
7,7,none,cz,799,98,2,2,True,0.017908245,0.065359935,0.9064096,0.010322258
7,7,none,cz,800,98,3,2,False,0.08965419,0.2588111,0.64762986,0.0039049126
7,7,none,cz,801,98,2,2,True,0.10119985,0.15079848,0.4492895,0.2987122
7,7,none,cz,802,98,3,3,True,0.030883672,0.06100128,0.3149453,0.59316975
7,7,none,cz,803,98,3,2,False,0.24556994,0.032780953,0.6115864,0.11006267
7,7,none,cz,804,98,0,2,False,0.12195325,0.09187632,0.7592197,0.02695068
7,7,none,cz,805,98,1,0,False,0.36440578,0.117511846,0.27018893,0.24789342
7,7,none,cz,806,98,1,0,False,0.38478005,0.24685596,0.26269004,0.105673976
7,7,none,cz,807,98,0,2,False,0.16708402,0.20788038,0.59841895,0.026616642
7,7,none,cz,808,98,0,1,False,0.100563675,0.7945893,0.0944035,0.010443513
7,7,none,cz,809,98,1,3,False,0.23089533,0.06540554,0.1641209,0.53957826
7,7,none,cz,810,98,1,0,False,0.41405913,0.09659424,0.38358048,0.10576619
7,7,none,cz,811,98,0,2,False,0.4192239,0.04409125,0.45642796,0.08025684
7,7,none,cz,812,98,0,1,False,0.3579385,0.4069244,0.19141497,0.043722194
7,7,none,cz,813,98,1,0,False,0.9557921,0.018464502,0.019118924,0.006624425
7,7,none,cz,814,98,0,2,False,0.1861582,0.15929897,0.56831414,0.0862287
7,7,none,cz,815,98,1,0,False,0.4968948,0.21275173,0.22665735,0.06369606
7,7,none,cz,816,98,1,0,False,0.5142666,0.07793001,0.28521487,0.122588515
7,7,none,cz,817,98,0,2,False,0.03625469,0.12877645,0.75534946,0.0796194
7,7,none,cz,818,98,1,2,False,0.13254164,0.3843536,0.46662524,0.01647953
7,7,none,cz,819,98,2,2,True,0.2922162,0.090082705,0.50164837,0.11605272
7,7,none,cz,820,98,3,1,False,0.0074386764,0.9521383,0.03839524,0.0020277626
7,7,none,cz,821,98,3,2,False,0.061780196,0.35023567,0.5066116,0.08137257
7,7,none,cz,822,98,2,2,True,0.25450885,0.030333573,0.5797496,0.13540797
7,7,none,cz,823,98,2,2,True,0.2264632,0.035228003,0.6330004,0.10530846
7,7,none,cz,824,98,3,2,False,0.017349964,0.07872751,0.8446863,0.059236094
7,7,none,cz,825,98,3,2,False,0.064159885,0.013880618,0.67587864,0.24608085
7,7,none,cz,826,98,2,2,True,0.08275902,0.11031469,0.7112223,0.09570401
7,7,none,cz,827,98,3,3,True,0.08437595,0.17242403,0.1946125,0.5485875
7,7,none,cz,828,98,2,2,True,0.18107443,0.13355494,0.66792816,0.017442524
7,7,none,cz,829,98,3,2,False,0.14567797,0.10594578,0.5397458,0.20863043
7,7,none,cz,830,98,2,2,True,0.20689397,0.08639358,0.4127741,0.2939384
7,7,none,cz,831,98,3,2,False,0.08952001,0.06317161,0.4715663,0.3757421
7,7,none,cz,832,98,2,2,True,0.33392158,0.058923006,0.56498075,0.042174704
7,7,none,cz,833,98,3,1,False,0.22291823,0.71811914,0.047669962,0.011292654
7,7,none,cz,834,99,1,2,False,0.035082676,0.15000305,0.4886827,0.32623157
7,7,none,cz,835,99,0,2,False,0.01768383,0.004258682,0.96371585,0.014341683
7,7,none,cz,836,99,0,2,False,0.34717432,0.11611133,0.3558159,0.18089841
7,7,none,cz,837,99,1,3,False,0.08090139,0.1302108,0.0289265,0.7599613
7,7,none,cz,838,99,0,1,False,0.008905153,0.6633782,0.15322033,0.17449637
7,7,none,cz,839,99,1,3,False,0.24983507,0.09532684,0.14107913,0.51375896
7,7,none,cz,840,99,1,2,False,0.019633362,0.14085397,0.57286066,0.26665202
7,7,none,cz,841,99,0,2,False,0.0058523715,0.029801799,0.81438243,0.14996344
7,7,none,cz,842,99,0,3,False,0.06142686,0.09376388,0.37112093,0.47368836
7,7,none,cz,843,99,1,2,False,0.0011777967,0.0025920342,0.54200256,0.4542276
7,7,none,cz,844,99,1,1,True,0.0009780559,0.98019856,0.016647043,0.0021762575
7,7,none,cz,845,99,0,3,False,0.018929146,0.14650314,0.41547838,0.41908932
7,7,none,cz,846,99,1,2,False,0.01705248,0.17996249,0.53063315,0.27235183
7,7,none,cz,847,99,0,3,False,0.050074775,0.004032144,0.256988,0.68890506
7,7,none,cz,848,99,1,2,False,0.0031969456,0.27572778,0.38832712,0.33274817
7,7,none,cz,849,99,3,2,False,0.006214577,0.2217785,0.52112734,0.25087962
7,7,none,cz,850,99,2,3,False,0.013572114,0.027829796,0.14430732,0.8142907
7,7,none,cz,851,99,3,2,False,0.030824509,0.03993568,0.6367666,0.29247323
7,7,none,cz,852,99,2,2,True,0.0064582448,0.0041440395,0.98307437,0.0063232556
7,7,none,cz,853,99,3,2,False,0.020603435,0.03314192,0.7108824,0.23537223
7,7,none,cz,854,99,2,2,True,0.038122613,0.053740226,0.86448526,0.043651946
7,7,none,cz,855,99,3,2,False,0.010500739,0.13109824,0.8078023,0.050598677
7,7,none,cz,856,99,2,2,True,0.028935077,0.010860224,0.5454296,0.41477516
7,7,none,cz,857,99,2,3,False,0.031133426,0.27781314,0.2781669,0.41288656
7,7,none,cz,858,99,3,2,False,0.1332272,0.057175953,0.6230797,0.18651718
7,7,none,cz,859,99,3,3,True,0.0057373336,0.017673025,0.4627839,0.51380575
7,7,none,cz,860,99,2,3,False,0.042862795,0.10070418,0.29714563,0.5592874
7,7,none,cz,861,99,2,2,True,0.009932716,0.01790384,0.93359536,0.038568117
7,7,none,cz,862,99,3,3,True,0.006875801,0.026561325,0.36841264,0.5981502
7,7,none,cz,863,99,3,3,True,0.059049655,0.06758726,0.37908512,0.49427798
7,7,none,cz,864,99,0,2,False,0.33808088,0.0042460198,0.47051698,0.18715622
7,7,none,cz,865,99,1,2,False,0.09858884,0.11998027,0.4731536,0.3082773
7,7,none,cz,866,99,0,3,False,0.018954247,0.11345466,0.09336711,0.7742239
7,7,none,cz,867,99,1,3,False,0.06390378,0.2328359,0.22009416,0.48316616
7,7,none,cz,868,99,1,1,True,0.003504655,0.74007,0.043525986,0.21289939
7,7,none,cz,869,99,0,3,False,0.27671346,0.008375146,0.15826613,0.5566453
7,7,none,cz,870,99,1,2,False,0.08133124,0.22810178,0.5922446,0.09832234
7,7,none,cz,871,99,0,3,False,0.21500735,0.0063449936,0.36749026,0.41115737
7,7,none,cz,872,99,1,2,False,0.024167983,0.16830353,0.55108017,0.25644833
7,7,none,cz,873,99,0,3,False,0.016776755,0.0009825262,0.021732464,0.9605082
7,7,none,cz,874,99,1,3,False,0.06922776,0.02682317,0.029798219,0.8741509
7,7,none,cz,875,99,0,2,False,0.06423734,0.029010458,0.75361264,0.15313955
7,7,none,cz,876,99,1,2,False,0.019739121,0.023819987,0.8780026,0.07843836
7,7,none,cz,877,99,0,3,False,0.10456255,0.11097551,0.3113948,0.47306713
7,7,none,cz,878,99,0,0,True,0.87226033,0.0030597234,0.07775178,0.046928108
7,7,none,cz,879,99,2,3,False,0.016345195,0.012110957,0.14257598,0.82896787
7,7,none,cz,880,99,3,2,False,0.0010681553,0.009211733,0.5715289,0.41819113
7,7,none,cz,881,99,2,3,False,0.022934701,0.3100833,0.2053973,0.46158472
7,7,none,cz,882,99,3,2,False,0.03333727,0.030570948,0.47149706,0.46459475
7,7,none,cz,883,99,3,2,False,0.33742094,0.07302784,0.48622227,0.103328995
7,7,none,cz,884,99,2,2,True,0.27714303,0.00943189,0.69821364,0.015211445
7,7,none,cz,885,99,3,2,False,0.065286905,0.027482774,0.5202915,0.38693884
7,7,none,cz,886,99,2,2,True,0.10616741,0.008940603,0.6595984,0.22529356
7,7,none,cz,887,99,2,1,False,0.005586421,0.93622524,0.0035021764,0.054686066
7,7,none,cz,888,99,3,3,True,0.29939595,0.04226749,0.03628608,0.62205046
7,7,none,cz,889,99,2,3,False,0.08341765,0.009986901,0.019620765,0.88697475
7,7,none,cz,890,99,3,3,True,0.0063077956,0.020123871,0.33370414,0.6398642
7,7,none,cz,891,99,2,3,False,0.0069627212,0.007828955,0.40466154,0.5805468
7,7,none,cz,892,99,3,3,True,0.042227082,0.024852475,0.3239659,0.60895455
7,7,none,cz,893,99,3,3,True,0.009872954,0.03793415,0.46808437,0.4841085
7,7,none,cz,894,99,0,2,False,0.2213633,0.016153906,0.7264677,0.036015067
7,7,none,cz,895,99,1,3,False,0.08139872,0.0065889317,0.09313999,0.8188724
7,7,none,cz,896,99,0,2,False,0.026420861,0.12186069,0.7826652,0.06905326
7,7,none,cz,897,99,1,2,False,0.01204564,0.28098133,0.5976141,0.109358855
7,7,none,cz,898,99,1,1,True,0.012198055,0.5786235,0.11173218,0.2974462
7,7,none,cz,899,99,0,2,False,0.01502215,0.005442427,0.6518138,0.32772163
7,7,none,cz,900,99,0,2,False,0.0026702487,0.013041598,0.92711776,0.057170305
7,7,none,cz,901,99,1,2,False,0.0016074226,0.1378078,0.50686395,0.3537208
7,7,none,cz,902,99,0,2,False,0.006439679,0.07596795,0.86648047,0.05111193
7,7,none,cz,903,99,1,3,False,0.093273655,0.21401435,0.05108191,0.64163
7,7,none,cz,904,99,1,2,False,0.009999293,0.035624497,0.5876275,0.36674878
7,7,none,cz,905,99,0,2,False,0.021198021,0.022119638,0.84597546,0.11070688
7,7,none,cz,906,99,0,3,False,0.093442865,0.0075323354,0.38596064,0.5130642
7,7,none,cz,907,99,1,2,False,0.017602807,0.10362519,0.515214,0.363558
7,7,none,cz,908,99,1,2,False,0.009448928,0.035180166,0.63817775,0.31719315
7,7,none,cz,909,99,2,3,False,0.0036930873,0.010973101,0.44688877,0.538445
7,7,none,cz,910,99,3,1,False,0.012536615,0.47642645,0.079027474,0.4320094
7,7,none,cz,911,99,2,2,True,0.017078241,0.0436475,0.86690354,0.072370686
7,7,none,cz,912,99,3,2,False,0.0016775773,0.07449004,0.8401818,0.083650514
7,7,none,cz,913,99,3,2,False,0.026187021,0.054223467,0.57366407,0.34592542
7,7,none,cz,914,99,2,2,True,0.013206271,0.04320643,0.5377118,0.4058755
7,7,none,cz,915,99,2,3,False,0.003642688,0.04209167,0.2692302,0.6850354
7,7,none,cz,916,99,3,3,True,0.010132575,0.05771757,0.40141478,0.5307351
7,7,none,cz,917,99,3,2,False,0.24972351,0.011155611,0.46769947,0.2714214
7,7,none,cz,918,99,2,2,True,0.08792142,0.004362277,0.8044826,0.10323367
7,7,none,cz,919,99,3,3,True,0.045746595,0.057602137,0.11676151,0.77988976
7,7,none,cz,920,99,2,2,True,0.043445725,0.03392602,0.59542024,0.32720795
7,7,none,cz,921,99,3,2,False,0.0014491647,0.04098776,0.74070895,0.21685413
7,7,none,cz,922,99,2,1,False,0.0021199817,0.4946293,0.45726195,0.045988705
7,7,none,cz,923,99,3,3,True,0.0033222951,0.036012374,0.08907975,0.8715856
7,7,none,cz,924,100,0,2,False,0.30763677,0.0046243602,0.6768306,0.01090833
7,7,none,cz,925,100,1,2,False,0.0021285864,0.037158534,0.82060415,0.14010873
7,7,none,cz,926,100,1,1,True,0.0066521093,0.52979213,0.402771,0.0607848
7,7,none,cz,927,100,0,2,False,0.0056306645,0.044782348,0.8937782,0.055808783
7,7,none,cz,928,100,0,0,True,0.83338606,0.0025181908,0.13115041,0.032945365
7,7,none,cz,929,100,1,2,False,0.021225879,0.06372909,0.6686865,0.24635854
7,7,none,cz,930,100,0,0,True,0.80964124,0.00038957884,0.13618599,0.05378315
7,7,none,cz,931,100,1,2,False,0.008867471,0.057846528,0.69346386,0.23982212
7,7,none,cz,932,100,1,1,True,0.0006140977,0.928939,0.06876481,0.001682116
7,7,none,cz,933,100,0,2,False,0.011767389,0.003582863,0.94089663,0.04375308
7,7,none,cz,934,100,1,2,False,0.00054745463,0.04103358,0.92894775,0.02947129
7,7,none,cz,935,100,0,2,False,0.019540047,0.0026386485,0.9644323,0.013388928
7,7,none,cz,936,100,3,3,True,0.017972969,0.0032060856,0.059503965,0.919317
7,7,none,cz,937,100,2,2,True,0.014493052,0.007954067,0.95236444,0.025188444
7,7,none,cz,938,100,3,3,True,0.055940095,0.0034661395,0.19449559,0.7460981
7,7,none,cz,939,100,2,2,True,0.008825659,0.042930894,0.9134278,0.03481568
7,7,none,cz,940,100,3,2,False,0.03210536,0.0009037268,0.7439553,0.22303557
7,7,none,cz,941,100,2,2,True,0.020798102,0.017764408,0.95271546,0.008722076
7,7,none,cz,942,100,3,2,False,0.0823253,0.027710337,0.5790712,0.31089312
7,7,none,cz,943,100,2,2,True,0.005998171,0.0006316845,0.992416,0.00095415366
7,7,none,cz,944,100,3,2,False,0.008308745,0.0031496044,0.9106367,0.07790489
7,7,none,cz,945,100,2,2,True,0.0017445368,0.009792377,0.9858392,0.0026238982
7,7,none,cz,946,100,3,1,False,0.0009644411,0.41493055,0.34275347,0.24135154
7,7,none,cz,947,100,2,2,True,0.009019819,0.009941578,0.89631486,0.084723674
7,7,none,cz,948,100,1,1,True,0.0011127972,0.8110459,0.18699433,0.000846917
7,7,none,cz,949,100,0,2,False,0.11489919,0.03228995,0.8192103,0.033600524
7,7,none,cz,950,100,0,3,False,0.207594,0.013632761,0.3665371,0.41223618
7,7,none,cz,951,100,1,2,False,0.003912263,0.22409073,0.57592934,0.19606763
7,7,none,cz,952,100,1,1,True,0.029706582,0.5244852,0.22891012,0.21689811
7,7,none,cz,953,100,0,2,False,0.012516274,0.02707895,0.91852444,0.041880354
7,7,none,cz,954,100,0,3,False,0.25651395,0.12576771,0.24154863,0.3761697
7,7,none,cz,955,100,1,1,True,0.001605073,0.7259363,0.23200375,0.040454734
7,7,none,cz,956,100,1,1,True,0.013415163,0.7253269,0.08626002,0.17499793
7,7,none,cz,957,100,0,1,False,0.0059983316,0.4231723,0.40109012,0.16973923
7,7,none,cz,958,100,0,0,True,0.527909,0.058054596,0.37142542,0.042611104
7,7,none,cz,959,100,1,1,True,0.0013092934,0.7967697,0.18007827,0.021842666
7,7,none,cz,960,100,3,3,True,0.009075018,0.0035762005,0.32106692,0.6662818
7,7,none,cz,961,100,2,2,True,0.0032643108,0.0006893754,0.9283982,0.06764813
7,7,none,cz,962,100,2,2,True,0.007835564,0.0024402891,0.97455865,0.015165509
7,7,none,cz,963,100,3,3,True,0.028696975,0.03548676,0.28009763,0.6557186
7,7,none,cz,964,100,2,2,True,0.03996297,0.061598916,0.85723215,0.041205987
7,7,none,cz,965,100,3,3,True,0.33813763,0.0015411548,0.19112924,0.46919206
7,7,none,cz,966,100,2,2,True,0.0026587707,0.020767841,0.95635414,0.020219207
7,7,none,cz,967,100,3,2,False,0.14048754,0.0148544265,0.49303907,0.35161898
7,7,none,cz,968,100,2,2,True,0.09332522,0.080853306,0.81861794,0.00720359
7,7,none,cz,969,100,3,2,False,0.004682197,0.20534162,0.60334325,0.18663287
7,7,none,cz,970,100,2,2,True,0.08769606,0.0144055,0.5305536,0.36734486
7,7,none,cz,971,100,3,2,False,0.06824289,0.044878136,0.7361164,0.15076263
7,7,none,cz,972,100,1,1,True,0.0037854062,0.77938247,0.1608253,0.056006894
7,7,none,cz,973,100,0,2,False,0.18183944,0.011261946,0.6992798,0.10761882
7,7,none,cz,974,100,0,2,False,0.00027056265,0.0007199427,0.9614596,0.037549958
7,7,none,cz,975,100,1,2,False,0.012212377,0.0018976575,0.97479475,0.01109527
7,7,none,cz,976,100,1,1,True,0.0016864819,0.8686214,0.12613425,0.0035577966
7,7,none,cz,977,100,0,0,True,0.95856154,0.00011991403,0.039536756,0.0017817895
7,7,none,cz,978,100,0,2,False,0.067688376,0.004425646,0.91303027,0.014855744
7,7,none,cz,979,100,1,1,True,0.037564367,0.58640945,0.30936745,0.06665868
7,7,none,cz,980,100,1,2,False,0.0016457251,0.14967954,0.6640291,0.18464556
7,7,none,cz,981,100,0,2,False,0.14178416,0.011465707,0.84135044,0.005399632
7,7,none,cz,982,100,0,2,False,0.047351077,0.034968227,0.66224045,0.25544024
7,7,none,cz,983,100,1,2,False,0.0026071987,0.15159115,0.6944617,0.15133995
7,7,none,cz,984,100,2,2,True,0.019454738,0.043946303,0.7489372,0.1876618
7,7,none,cz,985,100,3,2,False,0.0029876034,0.00410577,0.8638457,0.12906092
7,7,none,cz,986,100,2,3,False,0.031246461,0.047050975,0.43743956,0.48426306
7,7,none,cz,987,100,3,2,False,0.0012954042,0.055162087,0.5394765,0.40406603
7,7,none,cz,988,100,3,3,True,0.014047234,0.11904678,0.43222064,0.43468544
7,7,none,cz,989,100,2,2,True,0.046081536,0.06842876,0.8830306,0.0024591398
7,7,none,cz,990,100,2,2,True,0.0113570485,0.028617369,0.87735665,0.082668886
7,7,none,cz,991,100,3,2,False,0.0023734695,0.0068087284,0.9048204,0.08599745
7,7,none,cz,992,100,3,3,True,0.000395709,0.019395133,0.41514748,0.5650616
7,7,none,cz,993,100,2,2,True,0.033364203,0.054199826,0.8490995,0.06333641
7,7,none,cz,994,100,2,2,True,0.0055104215,0.007710301,0.7919638,0.19481546
7,7,none,cz,995,100,3,3,True,0.00054169976,0.0028870876,0.46709505,0.5294762
7,7,none,cz,996,101,0,2,False,0.23386759,0.057878032,0.70036596,0.007888455
7,7,none,cz,997,101,1,1,True,0.0006182478,0.959433,0.03211202,0.007836641
7,7,none,cz,998,101,1,1,True,0.107416406,0.715919,0.16280608,0.013858461
7,7,none,cz,999,101,0,0,True,0.9313345,0.05183864,0.015344051,0.0014827981
7,7,none,cz,1000,101,1,1,True,0.00046465686,0.9926421,0.0061055426,0.0007876666
7,7,none,cz,1001,101,0,0,True,0.9966497,0.0022908428,0.0010169995,4.241812e-05
7,7,none,cz,1002,101,1,1,True,0.00013122865,0.9994343,0.00015148844,0.0002830589
7,7,none,cz,1003,101,0,0,True,0.9955758,0.0015631827,0.0027775906,8.341527e-05
7,7,none,cz,1004,101,1,1,True,0.00011721822,0.9992901,0.00024803102,0.00034462273
7,7,none,cz,1005,101,0,0,True,0.9665532,0.02773401,0.0056929993,1.9778297e-05
7,7,none,cz,1006,101,0,0,True,0.9725811,0.0070651686,0.020139813,0.00021389201
7,7,none,cz,1007,101,1,1,True,0.00056070264,0.9782947,0.019267011,0.0018775841
7,7,none,cz,1008,101,1,1,True,9.0377696e-05,0.9905387,0.008942988,0.00042791918
7,7,none,cz,1009,101,0,0,True,0.7853148,0.0017072143,0.20852594,0.0044520013
7,7,none,cz,1010,101,0,0,True,0.9510832,0.0045979535,0.043763667,0.0005552597
7,7,none,cz,1011,101,2,1,False,0.0124003915,0.8418884,0.14561711,9.411318e-05
7,7,none,cz,1012,101,3,1,False,0.014565018,0.85233736,0.12066376,0.012433924
7,7,none,cz,1013,101,2,2,True,0.13425247,0.06283089,0.7868702,0.016046498
7,7,none,cz,1014,101,3,1,False,0.07081632,0.57026106,0.21236376,0.14655882
7,7,none,cz,1015,101,3,2,False,0.010984946,0.24043378,0.68736666,0.0612146
7,7,none,cz,1016,101,2,2,True,0.034502815,0.3656422,0.5929513,0.006903666
7,7,none,cz,1017,101,2,2,True,0.00089826994,0.23867396,0.7593337,0.0010939828
7,7,none,cz,1018,101,3,1,False,0.06962439,0.53035444,0.16747357,0.23254763
7,7,none,cz,1019,101,2,1,False,0.02678536,0.5229955,0.44844943,0.0017697609
7,7,none,cz,1020,101,3,3,True,0.12994565,0.28694,0.14519745,0.43791687
7,7,none,cz,1021,101,3,2,False,0.05773576,0.16745609,0.47313768,0.30167043
7,7,none,cz,1022,101,2,1,False,0.022138298,0.93867564,0.03844207,0.0007440332
7,7,none,cz,1023,101,2,2,True,0.2540987,0.07001719,0.67494893,0.0009352242
7,7,none,cz,1024,101,3,1,False,0.16366458,0.50234836,0.08115061,0.25283644
7,7,none,cz,1025,101,2,2,True,0.032595348,0.45932278,0.5010796,0.007002265
7,7,none,cz,1026,101,1,1,True,0.001582275,0.93988353,0.057103097,0.0014311768
7,7,none,cz,1027,101,0,0,True,0.98802245,0.004521396,0.0072263964,0.0002297773
7,7,none,cz,1028,101,0,0,True,0.4835748,0.35953122,0.15560608,0.0012879319
7,7,none,cz,1029,101,1,1,True,0.0440298,0.87021434,0.07927255,0.0064832973
7,7,none,cz,1030,101,1,1,True,4.719982e-05,0.99738675,0.0024378516,0.00012817598
7,7,none,cz,1031,101,0,0,True,0.95881605,0.010015682,0.031104561,6.372435e-05
7,7,none,cz,1032,101,0,0,True,0.9607376,0.031036923,0.007962618,0.0002628235
7,7,none,cz,1033,101,1,1,True,4.9213988e-05,0.99182606,0.008046892,7.776732e-05
7,7,none,cz,1034,101,1,1,True,0.0006687835,0.9970431,0.0021762378,0.00011186561
7,7,none,cz,1035,101,0,0,True,0.99071527,0.0019050468,0.006398923,0.0009808174
7,7,none,cz,1036,101,1,1,True,0.003179577,0.9483484,0.03975429,0.008717751
7,7,none,cz,1037,101,0,0,True,0.99170613,0.0062897387,0.0018801647,0.00012397212
7,7,none,cz,1038,101,1,1,True,0.0014908117,0.99706393,0.0014092689,3.5891935e-05
7,7,none,cz,1039,101,0,0,True,0.60522616,0.18193598,0.17903155,0.03380627
7,7,none,cz,1040,101,1,1,True,0.018441549,0.5321138,0.4329925,0.016452227
7,7,none,cz,1041,101,2,2,True,0.02082616,0.23240872,0.74605614,0.0007089706
7,7,none,cz,1042,101,3,2,False,0.025019947,0.32973996,0.6346074,0.0106326565
7,7,none,cz,1043,101,2,1,False,0.0078670615,0.672502,0.31899077,0.00064011663
7,7,none,cz,1044,101,3,1,False,0.20806138,0.49128494,0.02420269,0.27645096
7,7,none,cz,1045,101,3,2,False,0.14181447,0.29177317,0.44508937,0.121322945
7,7,none,cz,1046,101,2,1,False,0.039634936,0.8088635,0.14132443,0.010177118
7,7,none,cz,1047,101,2,2,True,0.10086568,0.29110852,0.6029981,0.0050276997
7,7,none,cz,1048,101,3,1,False,0.056180093,0.7852025,0.022671767,0.13594562
7,7,none,cz,1049,101,3,2,False,0.05028749,0.1427876,0.43333933,0.37358555
7,7,none,cz,1050,101,2,1,False,0.09761848,0.62392724,0.2312598,0.04719447
7,7,none,cz,1051,101,2,2,True,0.0051845824,0.027784174,0.966138,0.0008932456
7,7,none,cz,1052,101,3,1,False,0.15588212,0.68416286,0.12047005,0.03948496
7,7,none,cz,1053,101,2,2,True,0.11078018,0.04808817,0.8360421,0.0050895573
7,7,none,cz,1054,101,3,2,False,0.15055306,0.16842625,0.35240644,0.32861426
7,7,none,cz,1055,101,2,1,False,0.018421398,0.8235154,0.14492083,0.0131422905
7,7,none,cz,1056,101,0,0,True,0.9520255,0.0071483636,0.040279735,0.0005463387
7,7,none,cz,1057,101,1,1,True,0.01089171,0.8801021,0.10636813,0.002638124
7,7,none,cz,1058,101,0,0,True,0.9785752,0.013449521,0.007900573,7.469526e-05
7,7,none,cz,1059,101,1,1,True,0.0018650829,0.9382816,0.040107545,0.019745765
7,7,none,cz,1060,101,1,1,True,0.0019118674,0.9648565,0.020997357,0.012234283
7,7,none,cz,1061,101,0,0,True,0.9657976,0.027982086,0.0029106669,0.0033097577
7,7,none,cz,1062,101,1,1,True,0.00011017753,0.99982834,4.4235883e-05,1.7243592e-05
7,7,none,cz,1063,101,0,0,True,0.9967668,0.002723886,0.00048814985,2.1183605e-05
7,7,none,cz,1064,101,1,1,True,0.00012362823,0.98851585,0.010797727,0.00056276924
7,7,none,cz,1065,101,0,0,True,0.9180697,0.022477414,0.053245027,0.006207765
7,7,none,cz,1066,101,1,1,True,0.0011705027,0.9661679,0.027512657,0.005148813
7,7,none,cz,1067,101,0,0,True,0.986446,0.0036124818,0.009017279,0.00092422357
7,7,none,cz,1068,101,0,0,True,0.4949491,0.3180043,0.18663524,0.00041141355
7,7,none,cz,1069,101,1,1,True,0.0013530261,0.99380505,0.0019073102,0.002934596
7,7,none,cz,1070,101,1,1,True,0.00033307337,0.9624366,0.03683924,0.00039110455
7,7,none,cz,1071,101,3,2,False,0.020207576,0.28851047,0.4202567,0.2710253
7,7,none,cz,1072,101,2,2,True,0.0016858823,0.01697292,0.97969216,0.0016490874
7,7,none,cz,1073,101,3,1,False,0.0956479,0.6367197,0.16413999,0.103492364
7,7,none,cz,1074,101,2,2,True,0.016436448,0.038442537,0.937138,0.007983
7,7,none,cz,1075,101,2,1,False,0.024192426,0.5488354,0.41959617,0.007376019
7,7,none,cz,1076,101,3,1,False,0.07742388,0.7675536,0.06883951,0.08618302
7,7,none,cz,1077,101,3,3,True,0.27697557,0.2213909,0.15823528,0.34339818
7,7,none,cz,1078,101,2,3,False,0.056940813,0.31861642,0.24404326,0.38039947
7,7,none,cz,1079,101,2,2,True,0.0015806117,0.003908375,0.9943552,0.00015587064
7,7,none,cz,1080,101,3,1,False,0.061533935,0.710323,0.12502876,0.10311436
7,7,none,cz,1081,101,3,2,False,0.04497828,0.2521364,0.53184736,0.17103793
7,7,none,cz,1082,101,2,2,True,0.028420046,0.4365961,0.4434382,0.09154556
7,7,none,cz,1083,101,3,1,False,0.052314743,0.4086053,0.17647955,0.3626004
7,7,none,cz,1084,101,2,1,False,0.0032963082,0.6674608,0.30152455,0.027718304
7,7,none,cz,1085,101,2,1,False,0.0033053411,0.6288104,0.36376402,0.004120148
7,7,none,cz,1086,102,1,1,True,0.0023804156,0.9872186,0.008556731,0.0018442315
7,7,none,cz,1087,102,0,0,True,0.5845317,0.0664587,0.32106298,0.027946547
7,7,none,cz,1088,102,1,2,False,0.007882182,0.37493536,0.58694035,0.030242112
7,7,none,cz,1089,102,0,0,True,0.95918304,0.012678041,0.021300698,0.00683824
7,7,none,cz,1090,102,1,2,False,0.021290114,0.33259693,0.6353397,0.010773291
7,7,none,cz,1091,102,0,0,True,0.43710905,0.06146776,0.42551264,0.07591061
7,7,none,cz,1092,102,0,0,True,0.93350464,0.011347296,0.05311895,0.0020291547
7,7,none,cz,1093,102,1,2,False,0.12110779,0.18700463,0.5006638,0.1912238
7,7,none,cz,1094,102,0,0,True,0.5347076,0.11739215,0.27698752,0.070912704
7,7,none,cz,1095,102,1,2,False,0.060170703,0.22675069,0.7042889,0.008789801
7,7,none,cz,1096,102,0,0,True,0.52660793,0.0218467,0.39345154,0.05809389
7,7,none,cz,1097,102,1,2,False,0.0114037255,0.18317999,0.79704237,0.008373809
7,7,none,cz,1098,102,0,0,True,0.34990826,0.12823214,0.33297497,0.18888468
7,7,none,cz,1099,102,1,2,False,0.06416228,0.07746334,0.84354687,0.0148275485
7,7,none,cz,1100,102,1,1,True,0.0070208097,0.9785882,0.014122989,0.00026804197
7,7,none,cz,1101,102,2,2,True,0.061330087,0.13604034,0.7288774,0.073752105
7,7,none,cz,1102,102,3,3,True,0.12818821,0.07042073,0.30543765,0.49595344
7,7,none,cz,1103,102,2,2,True,0.08442898,0.24018249,0.5813479,0.09404067
7,7,none,cz,1104,102,3,2,False,0.21248387,0.14488925,0.3939236,0.24870321
7,7,none,cz,1105,102,2,2,True,0.4058368,0.063229814,0.50777334,0.023160052
7,7,none,cz,1106,102,3,2,False,0.05293445,0.19712213,0.5669406,0.18300283
7,7,none,cz,1107,102,2,2,True,0.078133196,0.023149464,0.8535805,0.045136858
7,7,none,cz,1108,102,3,3,True,0.055081982,0.1332604,0.30813766,0.50351995
7,7,none,cz,1109,102,3,3,True,0.16354823,0.046931952,0.3144198,0.47509995
7,7,none,cz,1110,102,2,2,True,0.02102196,0.048416827,0.9269086,0.0036526627
7,7,none,cz,1111,102,3,2,False,0.014575203,0.14601159,0.73538256,0.10403069
7,7,none,cz,1112,102,2,2,True,0.093026906,0.022285597,0.7446659,0.1400216
7,7,none,cz,1113,102,2,2,True,0.033531208,0.05911109,0.8958122,0.011545527
7,7,none,cz,1114,102,3,2,False,0.36939836,0.09189421,0.46486968,0.073837765
7,7,none,cz,1115,102,2,2,True,0.008188766,0.17881367,0.73072743,0.082270175
7,7,none,cz,1116,102,1,1,True,0.0027739054,0.9374989,0.058001913,0.0017252503
7,7,none,cz,1117,102,0,2,False,0.12843835,0.22800381,0.43555024,0.20800756
7,7,none,cz,1118,102,1,1,True,0.01495186,0.6389296,0.245825,0.10029356
7,7,none,cz,1119,102,0,2,False,0.34562123,0.120372,0.43501544,0.0989913
7,7,none,cz,1120,102,0,0,True,0.72548294,0.063577905,0.19824967,0.012689466
7,7,none,cz,1121,102,1,2,False,0.009682186,0.20236859,0.7743667,0.013582595
7,7,none,cz,1122,102,0,2,False,0.15007935,0.3039027,0.406385,0.13963296
7,7,none,cz,1123,102,1,2,False,0.04092632,0.17123371,0.72307485,0.06476516
7,7,none,cz,1124,102,0,2,False,0.15078616,0.03008867,0.80049866,0.018626502
7,7,none,cz,1125,102,1,2,False,0.07723318,0.1293802,0.6831739,0.11021276
7,7,none,cz,1126,102,1,1,True,0.0012547788,0.9853109,0.007106656,0.00632761
7,7,none,cz,1127,102,0,2,False,0.11031845,0.051560495,0.66247356,0.17564747
7,7,none,cz,1128,102,1,1,True,0.0010450291,0.9843626,0.012160693,0.002431656
7,7,none,cz,1129,102,0,2,False,0.10693532,0.1202239,0.41586217,0.35697863
7,7,none,cz,1130,102,1,2,False,0.1842396,0.255929,0.4678515,0.09197995
7,7,none,cz,1131,102,2,2,True,0.0033664817,0.0075464607,0.98615474,0.002932212
7,7,none,cz,1132,102,3,2,False,0.005769475,0.035286922,0.69243467,0.26650888
7,7,none,cz,1133,102,3,2,False,0.0027647603,0.0031456975,0.91505706,0.0790325
7,7,none,cz,1134,102,2,2,True,0.0072815963,0.01774952,0.9662058,0.008763188
7,7,none,cz,1135,102,2,2,True,0.04351922,0.31781942,0.5418364,0.09682501
7,7,none,cz,1136,102,3,2,False,0.0042120502,0.013547216,0.92867315,0.053567585
7,7,none,cz,1137,102,3,2,False,0.029382452,0.060109045,0.8428597,0.067648806
7,7,none,cz,1138,102,2,2,True,0.00088716956,0.032466047,0.9623282,0.0043185386
7,7,none,cz,1139,102,2,2,True,0.031988237,0.07073275,0.84024215,0.057036832
7,7,none,cz,1140,102,3,2,False,0.14093415,0.05440094,0.63554305,0.16912182
7,7,none,cz,1141,102,2,2,True,0.0046364274,0.021497529,0.7581749,0.21569112
7,7,none,cz,1142,102,3,2,False,0.01215274,0.15329497,0.5471321,0.28742018
7,7,none,cz,1143,102,3,2,False,0.00976064,0.0023567893,0.8831402,0.10474228
7,7,none,cz,1144,102,2,2,True,0.10423013,0.1312091,0.5306508,0.23390995
7,7,none,cz,1145,102,2,2,True,0.0066884644,0.065706946,0.90955395,0.018050617
7,7,none,cz,1146,102,0,2,False,0.06822185,0.010588569,0.90582913,0.015360497
7,7,none,cz,1147,102,1,1,True,0.0023040897,0.95874935,0.03560474,0.0033417651
7,7,none,cz,1148,102,0,2,False,0.01624147,0.014182757,0.9162977,0.053278044
7,7,none,cz,1149,102,1,1,True,0.0020166554,0.9788681,0.0143990675,0.004716194
7,7,none,cz,1150,102,1,2,False,0.010251544,0.11601218,0.8676349,0.0061014974
7,7,none,cz,1151,102,0,2,False,0.09138122,0.14564013,0.65112007,0.11185859
7,7,none,cz,1152,102,0,2,False,0.022595562,0.047589142,0.9163155,0.013499802
7,7,none,cz,1153,102,1,1,True,0.041810326,0.4523031,0.30529228,0.20059425
7,7,none,cz,1154,102,0,2,False,0.059449375,0.21176876,0.701051,0.027730847
7,7,none,cz,1155,102,1,2,False,0.06941659,0.07059174,0.72937214,0.13061956
7,7,none,cz,1156,102,1,1,True,0.0028705029,0.6964552,0.19062704,0.110047296
7,7,none,cz,1157,102,0,2,False,0.07475397,0.21363012,0.4749436,0.23667228
7,7,none,cz,1158,102,1,2,False,0.13303864,0.22731419,0.5169586,0.122688614
7,7,none,cz,1159,102,0,2,False,0.21124293,0.056589127,0.54492277,0.18724515
7,7,none,cz,1160,102,0,0,True,0.70587695,0.049362604,0.0827293,0.16203107
7,7,none,cz,1161,102,2,2,True,0.00891581,0.052996837,0.93478966,0.003297746
7,7,none,cz,1162,102,3,3,True,0.030112743,0.0796337,0.40813482,0.48211876
7,7,none,cz,1163,102,3,3,True,0.031515393,0.094978735,0.12910208,0.7444038
7,7,none,cz,1164,102,2,2,True,0.054401863,0.24642786,0.63761824,0.061552014
7,7,none,cz,1165,102,2,2,True,0.007304011,0.015332922,0.5619365,0.41542655
7,7,none,cz,1166,102,3,0,False,0.3647423,0.023384748,0.27748728,0.3343857
7,7,none,cz,1167,102,2,2,True,0.027634354,0.052125964,0.85274833,0.06749134
7,7,none,cz,1168,102,3,2,False,0.10229922,0.0551842,0.50436586,0.33815074
7,7,none,cz,1169,102,2,2,True,0.041917633,0.13272546,0.59723634,0.22812064
7,7,none,cz,1170,102,3,2,False,0.028091554,0.086486325,0.72850925,0.15691285
7,7,none,cz,1171,102,2,1,False,0.01648542,0.5031151,0.29053196,0.18986754
7,7,none,cz,1172,102,3,3,True,0.010011465,0.008459682,0.21909761,0.7624312
7,7,none,cz,1173,102,2,2,True,0.031128004,0.25220817,0.68329877,0.033365123
7,7,none,cz,1174,102,3,2,False,0.07418934,0.05234513,0.5861256,0.2873399
7,7,none,cz,1175,102,3,3,True,0.03097316,0.22807306,0.12903097,0.61192286
7,7,none,cz,1176,103,0,2,False,0.021012811,0.010849527,0.77435285,0.19378483
7,7,none,cz,1177,103,1,2,False,0.00015442364,0.24209231,0.6317645,0.12598875
7,7,none,cz,1178,103,1,1,True,0.0008159047,0.5052811,0.4657814,0.028121565
7,7,none,cz,1179,103,0,1,False,0.0013936589,0.5314531,0.39194068,0.07521267
7,7,none,cz,1180,103,1,1,True,0.007503783,0.7051647,0.23017818,0.057153374
7,7,none,cz,1181,103,0,3,False,0.023609353,0.0602863,0.30060065,0.6155037
7,7,none,cz,1182,103,0,2,False,0.26789746,0.0011939292,0.72277933,0.008129317
7,7,none,cz,1183,103,1,1,True,0.0002905362,0.58012754,0.40900555,0.010576354
7,7,none,cz,1184,103,0,2,False,0.110662,0.091395795,0.76237833,0.035563905
7,7,none,cz,1185,103,1,2,False,0.0028841416,0.118952446,0.8714048,0.0067585856
7,7,none,cz,1186,103,0,2,False,0.30531678,0.12806772,0.53214365,0.034471907
7,7,none,cz,1187,103,1,2,False,0.01983041,0.14866559,0.7528645,0.07863949
7,7,none,cz,1188,103,1,1,True,0.0016201751,0.5735834,0.38005802,0.044738367
7,7,none,cz,1189,103,0,2,False,0.054408554,0.016496724,0.92734677,0.0017479869
7,7,none,cz,1190,103,1,2,False,0.002609529,0.051009096,0.85067624,0.095705055
7,7,none,cz,1191,103,3,2,False,0.00067363895,0.042661894,0.91758037,0.03908408
7,7,none,cz,1192,103,2,2,True,0.000457967,0.001796344,0.99683374,0.00091190124
7,7,none,cz,1193,103,2,2,True,0.0013038679,0.02820864,0.954677,0.015810505
7,7,none,cz,1194,103,3,3,True,0.05497684,0.030270522,0.4209254,0.4938272
7,7,none,cz,1195,103,2,3,False,0.038317546,0.22507766,0.29280525,0.44379953
7,7,none,cz,1196,103,3,2,False,0.02989998,0.06644703,0.80653304,0.09712005
7,7,none,cz,1197,103,3,2,False,0.0042197527,0.010704969,0.9428944,0.04218089
7,7,none,cz,1198,103,2,2,True,0.002136136,0.0051134494,0.99144495,0.0013053865
7,7,none,cz,1199,103,2,2,True,0.012162489,0.17715953,0.80799663,0.0026813468
7,7,none,cz,1200,103,3,1,False,0.009767045,0.8417624,0.045627624,0.10284294
7,7,none,cz,1201,103,3,2,False,0.0014573886,0.07111053,0.8402613,0.08717078
7,7,none,cz,1202,103,2,2,True,0.0013360858,0.0051089367,0.99339867,0.0001563512
7,7,none,cz,1203,103,3,2,False,0.038168646,0.2478315,0.62721527,0.08678457
7,7,none,cz,1204,103,2,2,True,0.0075109284,0.46467072,0.51606745,0.011750961
7,7,none,cz,1205,103,2,2,True,0.0033942729,0.16199498,0.67118603,0.16342464
7,7,none,cz,1206,103,1,2,False,0.00034123944,0.0028337685,0.9962346,0.00059040764
7,7,none,cz,1207,103,0,2,False,0.017334264,0.008955946,0.8506177,0.12309213
7,7,none,cz,1208,103,1,2,False,0.00043208126,0.35816723,0.63833207,0.0030685894
7,7,none,cz,1209,103,0,2,False,0.008053601,0.05846698,0.8801832,0.05329619
7,7,none,cz,1210,103,0,0,True,0.45258686,0.031164357,0.21791951,0.29832923
7,7,none,cz,1211,103,1,2,False,0.00018332039,0.044240844,0.81213284,0.14344293
7,7,none,cz,1212,103,1,3,False,0.0025989695,0.27695403,0.24887656,0.47157043
7,7,none,cz,1213,103,0,2,False,0.099898115,0.10972149,0.7783451,0.012035268
7,7,none,cz,1214,103,0,2,False,0.016407162,0.26014823,0.71735626,0.00608839
7,7,none,cz,1215,103,1,2,False,0.02656287,0.007310584,0.9473113,0.018815285
7,7,none,cz,1216,103,1,1,True,0.0004648919,0.95693415,0.03884455,0.0037565015
7,7,none,cz,1217,103,0,2,False,0.07462179,0.021404048,0.8216271,0.08234705
7,7,none,cz,1218,103,0,2,False,0.012118028,0.0057375305,0.98142093,0.00072348386
7,7,none,cz,1219,103,1,2,False,0.0025145817,0.19012687,0.80571514,0.0016434189
7,7,none,cz,1220,103,0,2,False,0.07104913,0.004223431,0.9211161,0.003611242
7,7,none,cz,1221,103,2,2,True,0.00037180778,0.0040926444,0.9925788,0.002956646
7,7,none,cz,1222,103,3,2,False,0.0002786252,0.0032362249,0.9194063,0.077078864
7,7,none,cz,1223,103,2,2,True,0.0029092806,0.19350426,0.80258286,0.0010036448
7,7,none,cz,1224,103,3,2,False,0.006433486,0.008871047,0.9483535,0.036341995
7,7,none,cz,1225,103,3,3,True,0.034229904,0.035103973,0.2732359,0.65743023
7,7,none,cz,1226,103,2,2,True,0.050665855,0.03974013,0.8157939,0.09380014
7,7,none,cz,1227,103,3,2,False,0.010100255,0.029390503,0.7991926,0.16131659
7,7,none,cz,1228,103,2,2,True,0.011748431,0.06520786,0.8625383,0.060505453
7,7,none,cz,1229,103,3,3,True,0.029520372,0.11307295,0.14202704,0.7153796
7,7,none,cz,1230,103,2,2,True,0.0025180874,0.016427979,0.9623059,0.018747956
7,7,none,cz,1231,103,2,2,True,0.0057374593,0.0100399535,0.97896147,0.0052611683
7,7,none,cz,1232,103,3,2,False,0.008137293,0.08007143,0.8920618,0.019729396
7,7,none,cz,1233,103,3,2,False,0.020591382,0.3795236,0.51862895,0.08125608
7,7,none,cz,1234,103,2,2,True,0.011099382,0.047443803,0.9125442,0.02891264
7,7,none,cz,1235,103,3,2,False,0.00056294916,0.07393439,0.62935257,0.2961501
7,7,none,cz,1236,103,1,2,False,0.0025511042,0.40379727,0.58305377,0.010597902
7,7,none,cz,1237,103,0,2,False,0.011590753,0.0036541885,0.96222687,0.022528196
7,7,none,cz,1238,103,0,2,False,0.119905554,0.014734547,0.8380885,0.027271383
7,7,none,cz,1239,103,1,2,False,0.0015186713,0.10508143,0.8751694,0.018230548
7,7,none,cz,1240,103,1,1,True,0.0010560505,0.44606897,0.1267783,0.42609668
7,7,none,cz,1241,103,0,2,False,0.0043784296,0.004765796,0.97420067,0.016655058
7,7,none,cz,1242,103,1,1,True,0.00034325206,0.7864731,0.124508865,0.08867481
7,7,none,cz,1243,103,0,2,False,0.015302082,0.0017834039,0.973318,0.009596575
7,7,none,cz,1244,103,0,2,False,0.028376156,0.04908799,0.6346551,0.28788075
7,7,none,cz,1245,103,1,2,False,0.005101838,0.17630935,0.46159697,0.3569919
7,7,none,cz,1246,103,0,2,False,0.055200502,0.0075073238,0.9268708,0.010421301
7,7,none,cz,1247,103,1,2,False,0.002330726,0.03186474,0.9417071,0.024097463
7,7,none,cz,1248,103,1,2,False,0.0025906002,0.39662448,0.58854735,0.012237563
7,7,none,cz,1249,103,0,2,False,0.3111155,0.030050403,0.61129576,0.047538377
7,7,none,cz,1250,103,1,3,False,0.007841443,0.20577848,0.21580236,0.57057774
7,7,none,cz,1251,103,3,3,True,0.0024468908,0.067439,0.3169361,0.61317796
7,7,none,cz,1252,103,2,2,True,0.0007424555,0.20277998,0.7718781,0.024599526
7,7,none,cz,1253,103,3,2,False,0.0037559774,0.2945238,0.5101462,0.19157404
7,7,none,cz,1254,103,2,2,True,0.031654373,0.25589195,0.5553471,0.15710656
7,7,none,cz,1255,103,2,2,True,0.0020952744,0.15709159,0.8285929,0.012220218
7,7,none,cz,1256,103,3,2,False,0.070417,0.2161264,0.58107954,0.13237704
7,7,none,cz,1257,103,2,1,False,0.0095182955,0.5980957,0.32266405,0.06972201
7,7,none,cz,1258,103,3,1,False,0.04142119,0.63843155,0.17504084,0.14510636
7,7,none,cz,1259,103,2,2,True,0.0011698577,0.022421444,0.9750708,0.0013378707
7,7,none,cz,1260,103,3,2,False,0.0024917638,0.40912035,0.5620608,0.026327107
7,7,none,cz,1261,103,3,3,True,0.0023515914,0.3582473,0.22517489,0.41422623
7,7,none,cz,1262,103,2,2,True,0.0007171144,0.16683556,0.83150136,0.00094598334
7,7,none,cz,1263,103,2,2,True,0.0007353825,0.049565863,0.94706595,0.0026328429
7,7,none,cz,1264,103,3,3,True,0.047726613,0.13105662,0.11465876,0.70655805
7,7,none,cz,1265,103,3,3,True,0.0005822786,0.30657873,0.2650319,0.42780712
7,7,none,cz,1266,104,0,2,False,0.087853424,0.21188578,0.5147644,0.18549636
7,7,none,cz,1267,104,1,1,True,0.03384083,0.90556604,0.05525051,0.005342564
7,7,none,cz,1268,104,1,2,False,0.0036279703,0.04170599,0.93930745,0.015358572
7,7,none,cz,1269,104,0,1,False,0.06284882,0.42820373,0.35159048,0.1573569
7,7,none,cz,1270,104,1,1,True,0.0053268983,0.493855,0.44583714,0.054980993
7,7,none,cz,1271,104,0,2,False,0.0043734494,0.03351774,0.9500412,0.012067652
7,7,none,cz,1272,104,1,2,False,0.1320946,0.3892191,0.40959096,0.069095306
7,7,none,cz,1273,104,0,2,False,0.02729275,0.10404939,0.8358461,0.032811746
7,7,none,cz,1274,104,0,1,False,0.0272443,0.55855584,0.40920004,0.004999843
7,7,none,cz,1275,104,1,2,False,0.009677919,0.41967177,0.54542696,0.025223294
7,7,none,cz,1276,104,0,2,False,0.017366271,0.1970156,0.76629937,0.019318767
7,7,none,cz,1277,104,1,2,False,0.010171016,0.4026626,0.411312,0.17585446
7,7,none,cz,1278,104,1,2,False,0.043672707,0.15330575,0.7892653,0.013756329
7,7,none,cz,1279,104,0,2,False,0.05007668,0.04851472,0.8514406,0.04996808
7,7,none,cz,1280,104,1,1,True,0.00021788615,0.94812524,0.009741902,0.04191496
7,7,none,cz,1281,104,2,2,True,0.03646682,0.07105328,0.86419654,0.028283406
7,7,none,cz,1282,104,3,2,False,0.016524434,0.11077082,0.75464934,0.118055396
7,7,none,cz,1283,104,3,3,True,0.03317765,0.043650214,0.34813115,0.575041
7,7,none,cz,1284,104,2,1,False,0.0034476877,0.6755893,0.31735072,0.0036123046
7,7,none,cz,1285,104,3,2,False,0.04092256,0.15506682,0.7402504,0.06376017
7,7,none,cz,1286,104,2,1,False,0.0038500368,0.9496215,0.035248723,0.011279733
7,7,none,cz,1287,104,2,2,True,0.004372967,0.30878964,0.61538976,0.07144771
7,7,none,cz,1288,104,3,3,True,0.028752467,0.2390135,0.17145987,0.5607742
7,7,none,cz,1289,104,2,1,False,0.0033428392,0.7185024,0.27704382,0.0011109745
7,7,none,cz,1290,104,3,2,False,0.019736359,0.36960283,0.56048274,0.050178055
7,7,none,cz,1291,104,3,2,False,0.07246752,0.07123475,0.54082876,0.315469
7,7,none,cz,1292,104,2,2,True,0.04047925,0.19985048,0.42332166,0.3363486
7,7,none,cz,1293,104,3,3,True,0.018424498,0.15221171,0.10874471,0.7206191
7,7,none,cz,1294,104,2,2,True,0.0019730197,0.13001579,0.8481731,0.0198381
7,7,none,cz,1295,104,3,2,False,0.14861518,0.07475139,0.64887315,0.12776028
7,7,none,cz,1296,104,0,3,False,0.07849602,0.1626138,0.3591016,0.39978856
7,7,none,cz,1297,104,1,1,True,0.010847469,0.5117614,0.44791016,0.029480955
7,7,none,cz,1298,104,1,1,True,0.0046260534,0.9795542,0.011286599,0.0045331866
7,7,none,cz,1299,104,0,2,False,0.23189616,0.1470431,0.6120796,0.0089811105
7,7,none,cz,1300,104,0,0,True,0.7198443,0.049698252,0.2126852,0.017772306
7,7,none,cz,1301,104,1,1,True,0.0023857781,0.70202684,0.27449557,0.021091849
7,7,none,cz,1302,104,0,2,False,0.1212976,0.36428067,0.4643996,0.050022144
7,7,none,cz,1303,104,1,2,False,0.01944094,0.42554808,0.47213358,0.082877435
7,7,none,cz,1304,104,0,2,False,0.18820897,0.33271715,0.4620485,0.01702535
7,7,none,cz,1305,104,1,1,True,0.029562589,0.7722489,0.19065864,0.00752978
7,7,none,cz,1306,104,1,1,True,2.1227908e-05,0.8077552,0.1899317,0.0022919066
7,7,none,cz,1307,104,0,0,True,0.5787557,0.23814596,0.17533055,0.007767825
7,7,none,cz,1308,104,3,2,False,0.006496616,0.31390613,0.34849262,0.33110467
7,7,none,cz,1309,104,2,2,True,0.01094283,0.34081507,0.5467862,0.10145599
7,7,none,cz,1310,104,3,3,True,0.021463312,0.08988852,0.38026723,0.50838095
7,7,none,cz,1311,104,2,2,True,0.09871344,0.17225765,0.62598884,0.10304011
7,7,none,cz,1312,104,3,0,False,0.28117615,0.26611838,0.19124608,0.26145947
7,7,none,cz,1313,104,2,2,True,0.009126727,0.14694545,0.840638,0.0032898998
7,7,none,cz,1314,104,3,1,False,0.013212694,0.44668803,0.36228952,0.17780976
7,7,none,cz,1315,104,2,2,True,0.02980689,0.37463132,0.50199515,0.09356666
7,7,none,cz,1316,104,3,2,False,0.0064236945,0.3697986,0.5853266,0.03845114
7,7,none,cz,1317,104,2,2,True,0.03028904,0.40124002,0.5466342,0.021836707
7,7,none,cz,1318,104,2,2,True,0.012733984,0.08920077,0.8782626,0.019802712
7,7,none,cz,1319,104,3,2,False,0.04290508,0.079701744,0.78295785,0.09443536
7,7,none,cz,1320,104,3,3,True,0.047640603,0.07507519,0.35474467,0.52253956
7,7,none,cz,1321,104,2,2,True,0.0059753237,0.18056743,0.80636376,0.0070934193
7,7,none,cz,1322,104,2,2,True,0.008652259,0.017122358,0.972839,0.0013863719
7,7,none,cz,1323,104,0,2,False,0.09374799,0.072883435,0.69239,0.14097857
7,7,none,cz,1324,104,1,2,False,0.00458318,0.29505754,0.65212077,0.048238568
7,7,none,cz,1325,104,0,2,False,0.016100822,0.021370474,0.946052,0.016476702
7,7,none,cz,1326,104,1,2,False,0.009336896,0.3305855,0.6392896,0.020788003
7,7,none,cz,1327,104,0,2,False,0.011773096,0.055133697,0.917786,0.01530721
7,7,none,cz,1328,104,1,2,False,0.0018218259,0.320718,0.52865654,0.14880362
7,7,none,cz,1329,104,0,0,True,0.9837811,0.0010920169,0.01204841,0.0030783908
7,7,none,cz,1330,104,1,2,False,0.016402412,0.18036777,0.7571895,0.04604032
7,7,none,cz,1331,104,1,1,True,0.014115085,0.88172954,0.096603416,0.0075520193
7,7,none,cz,1332,104,0,1,False,0.047109634,0.8468352,0.09272222,0.013332908
7,7,none,cz,1333,104,0,2,False,0.04868651,0.045275472,0.87638885,0.029649163
7,7,none,cz,1334,104,1,2,False,0.046919014,0.3763176,0.47762385,0.09913956
7,7,none,cz,1335,104,1,2,False,0.08070283,0.039148077,0.6404534,0.23969565
7,7,none,cz,1336,104,0,2,False,0.08988905,0.014860325,0.87751794,0.01773268
7,7,none,cz,1337,104,0,2,False,0.0374122,0.113566875,0.7494042,0.09961674
7,7,none,cz,1338,104,2,2,True,0.00056129385,0.016092423,0.97263634,0.010709922
7,7,none,cz,1339,104,3,2,False,0.010493767,0.2451022,0.728041,0.016363008
7,7,none,cz,1340,104,2,2,True,0.030723298,0.27276927,0.677287,0.019220477
7,7,none,cz,1341,104,3,3,True,0.018562503,0.09843935,0.3605375,0.52246064
7,7,none,cz,1342,104,3,3,True,0.008186742,0.20531163,0.17856817,0.6079335
7,7,none,cz,1343,104,2,2,True,0.0015055316,0.113496475,0.8798401,0.0051578847
7,7,none,cz,1344,104,3,3,True,0.009822064,0.015145051,0.21450573,0.76052713
7,7,none,cz,1345,104,2,2,True,0.005468495,0.06857984,0.91076607,0.015185644
7,7,none,cz,1346,104,3,2,False,0.11468947,0.121643834,0.5638358,0.19983092
7,7,none,cz,1347,104,2,2,True,0.0059152525,0.083041705,0.90351933,0.0075236787
7,7,none,cz,1348,104,3,2,False,0.0011725343,0.12167068,0.7464168,0.13074003
7,7,none,cz,1349,104,2,1,False,0.0015324396,0.48836458,0.4818248,0.028278174
7,7,none,cz,1350,104,2,2,True,0.004926725,0.083994776,0.8906645,0.02041394
7,7,none,cz,1351,104,3,2,False,0.03904036,0.02878787,0.80981374,0.12235794
7,7,none,cz,1352,104,3,2,False,0.030428812,0.15236272,0.65756065,0.15964778
7,7,none,cz,1353,105,0,0,True,0.8025632,0.0040014777,0.06536134,0.12807399
7,7,none,cz,1354,105,1,1,True,0.00040577282,0.91956407,0.073620036,0.0064100903
7,7,none,cz,1355,105,1,1,True,0.0007183879,0.91667384,0.07805522,0.0045525176
7,7,none,cz,1356,105,0,0,True,0.7769591,0.0048097847,0.1391161,0.079114996
7,7,none,cz,1357,105,1,1,True,0.00018059165,0.6301985,0.36477074,0.004850147
7,7,none,cz,1358,105,0,0,True,0.9882712,0.00015458268,0.010774371,0.00079986197
7,7,none,cz,1359,105,1,1,True,0.00045021335,0.98624206,0.008540175,0.0047675404
7,7,none,cz,1360,105,0,0,True,0.8413739,0.0026069344,0.08932611,0.06669314
7,7,none,cz,1361,105,0,0,True,0.82881826,0.00558582,0.13452654,0.031069482
7,7,none,cz,1362,105,1,1,True,0.00498572,0.59540176,0.017450126,0.3821624
7,7,none,cz,1363,105,1,1,True,0.0002444959,0.94060427,0.034629323,0.024521986
7,7,none,cz,1364,105,0,0,True,0.9953837,0.0010322627,0.0020092754,0.0015748609
7,7,none,cz,1365,105,1,2,False,0.0042297356,0.35181442,0.5564484,0.087507434
7,7,none,cz,1366,105,0,0,True,0.8121249,0.0014193646,0.17604984,0.010405791
7,7,none,cz,1367,105,0,0,True,0.57078403,0.033529922,0.35766292,0.038023174
7,7,none,cz,1368,105,3,3,True,0.0119588375,0.017668782,0.23336013,0.7370122
7,7,none,cz,1369,105,2,2,True,0.01551099,0.030926377,0.5600209,0.39354172
7,7,none,cz,1370,105,2,2,True,0.00631412,0.061269414,0.5998809,0.33253556
7,7,none,cz,1371,105,3,2,False,0.0026255194,0.011936875,0.6049886,0.38044903
7,7,none,cz,1372,105,3,3,True,0.018383304,0.0131354965,0.42990217,0.538579
7,7,none,cz,1373,105,2,2,True,0.0038264098,0.021393627,0.71998113,0.25479886
7,7,none,cz,1374,105,3,3,True,0.0037816507,0.058250044,0.1468454,0.79112285
7,7,none,cz,1375,105,2,2,True,0.0022131316,0.026986567,0.959583,0.011217305
7,7,none,cz,1376,105,3,1,False,0.005147335,0.4052295,0.36081854,0.22880465
7,7,none,cz,1377,105,2,2,True,0.011651759,0.075888395,0.85099643,0.061463393
7,7,none,cz,1378,105,3,2,False,0.012022983,0.022951502,0.93720853,0.027816875
7,7,none,cz,1379,105,2,2,True,0.0008611179,0.062456425,0.61751914,0.3191633
7,7,none,cz,1380,105,3,3,True,0.0017351279,0.0020273088,0.2261706,0.77006704
7,7,none,cz,1381,105,2,2,True,0.0021998368,0.0075530494,0.9748311,0.015416017
7,7,none,cz,1382,105,2,2,True,0.0013990779,0.048258387,0.5987699,0.3515727
7,7,none,cz,1383,105,1,1,True,6.0086557e-05,0.95096004,0.047155373,0.0018244403
7,7,none,cz,1384,105,0,2,False,0.010033637,0.0018885732,0.7765654,0.21151246
7,7,none,cz,1385,105,1,2,False,0.00014188586,0.46427855,0.5182193,0.017360298
7,7,none,cz,1386,105,0,2,False,0.050548635,0.0012812484,0.6202497,0.32792044
7,7,none,cz,1387,105,0,2,False,0.10587041,0.0018615082,0.65633607,0.23593205
7,7,none,cz,1388,105,1,1,True,0.0046954458,0.76489526,0.21857159,0.011837708
7,7,none,cz,1389,105,1,1,True,0.00023794183,0.88387114,0.115251675,0.000639257
7,7,none,cz,1390,105,0,0,True,0.5635148,0.024784895,0.3751613,0.03653898
7,7,none,cz,1391,105,0,2,False,0.38551933,0.055017497,0.5321277,0.027335467
7,7,none,cz,1392,105,1,1,True,0.0007746695,0.59628934,0.39927408,0.0036618966
7,7,none,cz,1393,105,0,0,True,0.8133616,0.017961144,0.12048357,0.04819373
7,7,none,cz,1394,105,1,1,True,0.0011210956,0.9818018,0.016521635,0.00055547006
7,7,none,cz,1395,105,0,2,False,0.027749987,0.0035732738,0.966886,0.0017906548
7,7,none,cz,1396,105,1,1,True,9.7309254e-05,0.9835196,0.016002357,0.0003807229
7,7,none,cz,1397,105,1,1,True,0.0017289313,0.6230267,0.35287008,0.022374216
7,7,none,cz,1398,105,3,2,False,0.0008795361,0.007973058,0.9441587,0.046988793
7,7,none,cz,1399,105,2,2,True,0.0016243805,0.00964705,0.95260787,0.03612059
7,7,none,cz,1400,105,3,2,False,0.0029754797,0.026056886,0.6431249,0.3278428
7,7,none,cz,1401,105,2,2,True,0.0029195214,0.006367605,0.97981,0.010902882
7,7,none,cz,1402,105,3,2,False,0.00029066426,0.020451762,0.94211394,0.03714359
7,7,none,cz,1403,105,2,2,True,0.0023284515,0.0060339076,0.98130393,0.010333689
7,7,none,cz,1404,105,3,2,False,0.0032337669,0.064693026,0.8458749,0.08619832
7,7,none,cz,1405,105,2,2,True,0.063795924,0.11685099,0.55550313,0.26385003
7,7,none,cz,1406,105,3,2,False,0.0053899954,0.005051379,0.7639535,0.22560507
7,7,none,cz,1407,105,2,2,True,0.0019815534,0.2127503,0.73217994,0.053088218
7,7,none,cz,1408,105,2,2,True,0.008743043,0.2956802,0.55879676,0.13677998
7,7,none,cz,1409,105,3,2,False,0.0064217793,0.23788576,0.601991,0.15370144
7,7,none,cz,1410,105,3,3,True,0.0047572493,0.10003735,0.33276024,0.56244516
7,7,none,cz,1411,105,2,2,True,0.003129032,0.04671533,0.9228075,0.027348073
7,7,none,cz,1412,105,2,2,True,0.0009421074,0.02080003,0.97055805,0.007699788
7,7,none,cz,1413,105,1,3,False,0.001084202,0.35190424,0.14774182,0.49926972
7,7,none,cz,1414,105,0,2,False,0.46741745,0.026724808,0.4945726,0.011285247
7,7,none,cz,1415,105,1,1,True,0.0010482152,0.64034367,0.3086373,0.04997082
7,7,none,cz,1416,105,0,2,False,0.07353792,0.05696972,0.83118314,0.038309097
7,7,none,cz,1417,105,1,1,True,0.00018819583,0.9129887,0.06589646,0.02092663
7,7,none,cz,1418,105,0,2,False,0.0949095,0.014148781,0.8777541,0.013187604
7,7,none,cz,1419,105,1,2,False,0.0064299633,0.3728548,0.58522713,0.03548806
7,7,none,cz,1420,105,0,2,False,0.23275812,0.054326117,0.6693068,0.04360896
7,7,none,cz,1421,105,0,2,False,0.025004506,0.0406751,0.90112936,0.03319105
7,7,none,cz,1422,105,1,1,True,0.012729476,0.7950375,0.18796931,0.0042637167
7,7,none,cz,1423,105,1,1,True,0.00010507316,0.98808265,0.009323106,0.0024892848
7,7,none,cz,1424,105,0,0,True,0.4626966,0.022926167,0.46107596,0.053301334
7,7,none,cz,1425,105,1,1,True,0.00022141877,0.6632221,0.32557118,0.010985298
7,7,none,cz,1426,105,0,2,False,0.0028158384,0.004084044,0.9819324,0.01116785
7,7,none,cz,1427,105,0,2,False,0.07480678,0.030758189,0.5592841,0.33515093
7,7,none,cz,1428,105,2,3,False,0.013700039,0.07282923,0.28889307,0.62457764
7,7,none,cz,1429,105,3,2,False,0.008667899,0.038972314,0.6448981,0.30746165
7,7,none,cz,1430,105,3,3,True,0.016749766,0.0388572,0.46107775,0.48331526
7,7,none,cz,1431,105,2,2,True,0.00029077125,0.0038619195,0.9251709,0.07067636
7,7,none,cz,1432,105,3,2,False,0.011166465,0.047079396,0.7855705,0.1561837
7,7,none,cz,1433,105,2,2,True,0.0029524756,0.040785916,0.9186788,0.037582833
7,7,none,cz,1434,105,3,2,False,0.016627114,0.18499936,0.5034823,0.29489124
7,7,none,cz,1435,105,2,2,True,0.024169255,0.10123921,0.8430398,0.031551752
7,7,none,cz,1436,105,3,2,False,0.0017018121,0.03499927,0.6708862,0.29241267
7,7,none,cz,1437,105,2,2,True,0.0012572184,0.061344825,0.93512565,0.0022723097
7,7,none,cz,1438,105,2,2,True,0.0020480587,0.091978766,0.7528839,0.15308921
7,7,none,cz,1439,105,3,2,False,0.00833902,0.0350465,0.7382575,0.21835689
7,7,none,cz,1440,105,2,2,True,0.001955272,0.05708626,0.8808913,0.060067244
7,7,none,cz,1441,105,3,2,False,0.00023295896,0.0055586905,0.9438246,0.050383747
7,7,none,cz,1442,105,2,2,True,0.012305028,0.037460823,0.6013714,0.3488628
7,7,none,cz,1443,106,0,2,False,0.00032882273,0.00050299056,0.88631445,0.112853736
7,7,none,cz,1444,106,1,2,False,0.00402318,0.043348715,0.7463675,0.20626059
7,7,none,cz,1445,106,0,2,False,0.0002706548,0.0012465222,0.98631394,0.012168803
7,7,none,cz,1446,106,1,2,False,0.013967121,0.014454026,0.67558914,0.29598963
7,7,none,cz,1447,106,0,2,False,0.0020021591,0.004203052,0.9914021,0.002392658
7,7,none,cz,1448,106,1,2,False,0.00062363053,0.0024175153,0.9224369,0.07452201
7,7,none,cz,1449,106,0,2,False,0.01760803,0.046673805,0.7346505,0.2010677
7,7,none,cz,1450,106,1,3,False,0.0035265558,0.0788607,0.29326364,0.62434906
7,7,none,cz,1451,106,0,3,False,0.14101824,0.15597908,0.22394916,0.47905362
7,7,none,cz,1452,106,1,2,False,0.00064051314,0.018358655,0.9692564,0.011744348
7,7,none,cz,1453,106,0,3,False,0.004877376,0.16960166,0.3488309,0.47669002
7,7,none,cz,1454,106,1,2,False,0.0009188042,0.1313805,0.8642517,0.0034490488
7,7,none,cz,1455,106,1,1,True,0.0010027562,0.7534855,0.16980346,0.07570829
7,7,none,cz,1456,106,0,2,False,0.28417498,0.014952667,0.61319387,0.08767848
7,7,none,cz,1457,106,0,2,False,0.4779674,0.01309375,0.47989178,0.029047066
7,7,none,cz,1458,106,3,2,False,0.0007370038,0.0031310471,0.7162386,0.27989328
7,7,none,cz,1459,106,2,3,False,0.0013643305,0.007274504,0.31457168,0.67678946
7,7,none,cz,1460,106,3,2,False,0.008576111,0.039293624,0.6523792,0.29975107
7,7,none,cz,1461,106,2,2,True,0.01435369,0.2761146,0.5941504,0.115381256
7,7,none,cz,1462,106,2,2,True,0.0013818425,0.026000908,0.6327336,0.33988366
7,7,none,cz,1463,106,3,2,False,0.0056098406,0.28214508,0.49344224,0.2188028
7,7,none,cz,1464,106,3,2,False,0.0014479511,0.028229482,0.54198295,0.4283396
7,7,none,cz,1465,106,2,2,True,0.006004453,0.0047713197,0.9246368,0.06458748
7,7,none,cz,1466,106,3,3,True,0.008542624,0.22711867,0.3612091,0.4031296
7,7,none,cz,1467,106,2,2,True,0.005297099,0.023125555,0.94308656,0.028490769
7,7,none,cz,1468,106,3,2,False,0.013734073,0.0145142395,0.6704483,0.30130342
7,7,none,cz,1469,106,2,2,True,0.061652075,0.18626305,0.70083404,0.051250845
7,7,none,cz,1470,106,3,3,True,0.013151422,0.022465626,0.38361767,0.5807653
7,7,none,cz,1471,106,2,3,False,0.05330613,0.02015508,0.44337502,0.4831638
7,7,none,cz,1472,106,3,3,True,0.0054490147,0.011286083,0.051917825,0.93134713
7,7,none,cz,1473,106,1,1,True,9.904268e-05,0.9872508,0.010744105,0.0019059951
7,7,none,cz,1474,106,0,3,False,0.03089203,0.005262361,0.12142888,0.8424167
7,7,none,cz,1475,106,1,2,False,0.0006434738,0.09154764,0.8961094,0.011699574
7,7,none,cz,1476,106,0,2,False,0.004221636,0.033903267,0.93539965,0.026475381
7,7,none,cz,1477,106,0,3,False,0.0056106253,0.069055706,0.26881582,0.6565178
7,7,none,cz,1478,106,1,2,False,0.01277267,0.07518467,0.6036784,0.30836424
7,7,none,cz,1479,106,1,1,True,0.0022360268,0.93445873,0.018212423,0.04509286
7,7,none,cz,1480,106,0,2,False,0.023578385,0.060197085,0.793777,0.122447595
7,7,none,cz,1481,106,0,3,False,0.005018633,0.11835804,0.4028131,0.47381026
7,7,none,cz,1482,106,1,2,False,0.014952162,0.45594516,0.5139407,0.015162002
7,7,none,cz,1483,106,1,1,True,0.00019068609,0.9051627,0.090541996,0.004104636
7,7,none,cz,1484,106,0,2,False,0.35552716,0.0743052,0.4390929,0.13107477
7,7,none,cz,1485,106,0,2,False,0.009654829,0.20522802,0.57247674,0.21264037
7,7,none,cz,1486,106,1,1,True,0.0009838075,0.9176682,0.07291774,0.008430281
7,7,none,cz,1487,106,0,2,False,0.00428898,0.124925494,0.62883985,0.24194568
7,7,none,cz,1488,106,2,2,True,0.0005222529,0.002294812,0.9936186,0.0035643347
7,7,none,cz,1489,106,3,3,True,0.009824508,0.06631498,0.2093621,0.71449834
7,7,none,cz,1490,106,2,2,True,0.0041293884,0.062210504,0.84650475,0.08715539
7,7,none,cz,1491,106,3,2,False,0.0046424484,0.00047867722,0.7721423,0.22273658
7,7,none,cz,1492,106,3,3,True,0.042242944,0.038206175,0.20702508,0.71252584
7,7,none,cz,1493,106,2,2,True,0.03738182,0.038691595,0.9051629,0.0187637
7,7,none,cz,1494,106,2,2,True,0.0066868477,0.08938976,0.8982011,0.005722358
7,7,none,cz,1495,106,3,2,False,0.050068498,0.029579995,0.81179035,0.108561166
7,7,none,cz,1496,106,2,2,True,0.008737246,0.15399118,0.83329415,0.003977443
7,7,none,cz,1497,106,3,2,False,0.0068267407,0.013476654,0.9713297,0.008366951
7,7,none,cz,1498,106,3,2,False,0.0088059325,0.037942916,0.68610275,0.26714838
7,7,none,cz,1499,106,2,2,True,0.01858366,0.017940694,0.7774262,0.18604952
7,7,none,cz,1500,106,2,2,True,0.00076262106,0.017828265,0.8685796,0.11282949
7,7,none,cz,1501,106,3,3,True,0.0005586091,0.00800036,0.1819389,0.8095021
7,7,none,cz,1502,106,2,2,True,0.0061811926,0.0021140785,0.98729974,0.004404962
7,7,none,cz,1503,106,1,2,False,0.0017227414,0.4747827,0.51838255,0.0051119667
7,7,none,cz,1504,106,0,2,False,0.029172145,0.17106435,0.6621949,0.13756867
7,7,none,cz,1505,106,0,2,False,0.011112952,0.0041729165,0.57591087,0.40880325
7,7,none,cz,1506,106,1,2,False,0.031474948,0.008940729,0.91181135,0.047772974
7,7,none,cz,1507,106,0,2,False,0.432364,0.041983332,0.44358006,0.08207268
7,7,none,cz,1508,106,1,1,True,0.0024419986,0.62384975,0.13677718,0.2369311
7,7,none,cz,1509,106,0,2,False,0.024944881,0.06700928,0.61547875,0.2925671
7,7,none,cz,1510,106,1,2,False,0.0024846538,0.1281842,0.8577074,0.011623798
7,7,none,cz,1511,106,1,1,True,0.0012118822,0.93962,0.036597386,0.022570733
7,7,none,cz,1512,106,0,0,True,0.5952705,0.1355084,0.22859891,0.040622193
7,7,none,cz,1513,106,0,2,False,0.2261296,0.03336921,0.7330434,0.007457838
7,7,none,cz,1514,106,1,2,False,0.00035348273,0.0040946645,0.9927785,0.0027733322
7,7,none,cz,1515,106,1,3,False,0.0044697556,0.0928711,0.27794755,0.6247116
7,7,none,cz,1516,106,0,2,False,0.0699739,0.0015297361,0.8117394,0.116757
7,7,none,cz,1517,106,0,2,False,0.08087736,0.28590742,0.3502141,0.28300112
7,7,none,cz,1518,106,2,1,False,0.005991511,0.62201464,0.3412223,0.030771513
7,7,none,cz,1519,106,3,2,False,0.0069445013,0.05167887,0.7143636,0.22701305
7,7,none,cz,1520,106,2,2,True,0.011139932,0.056427438,0.5548008,0.37763184
7,7,none,cz,1521,106,3,2,False,0.0047383984,0.019930035,0.7601141,0.21521755
7,7,none,cz,1522,106,2,2,True,0.010652922,0.07948544,0.80350006,0.106361575
7,7,none,cz,1523,106,3,2,False,0.019956566,0.005859741,0.7436286,0.23055516
7,7,none,cz,1524,106,2,2,True,0.0037698043,0.022297354,0.96291864,0.011014177
7,7,none,cz,1525,106,3,2,False,0.002998572,0.15644707,0.6686331,0.17192128
7,7,none,cz,1526,106,2,2,True,0.00011689212,0.0022884065,0.9859934,0.011601317
7,7,none,cz,1527,106,3,2,False,0.003982476,0.019596417,0.9664234,0.009997756
7,7,none,cz,1528,106,3,3,True,0.16996709,0.012639801,0.33636615,0.48102695
7,7,none,cz,1529,106,2,2,True,0.0146151455,0.0035411434,0.6873792,0.29446456
7,7,none,cz,1530,106,3,2,False,0.020983089,0.0070525724,0.9584174,0.013546924
7,7,none,cz,1531,106,2,2,True,0.00015938276,0.0021754645,0.99571544,0.0019497224
7,7,none,cz,1532,106,2,2,True,0.010047292,0.003481848,0.97696996,0.009500936
7,7,none,cz,1533,107,1,1,True,0.000645063,0.94293904,0.02860671,0.027809162
7,7,none,cz,1534,107,0,2,False,0.058430888,0.18242425,0.6930331,0.06611172
7,7,none,cz,1535,107,0,0,True,0.61952144,0.061016645,0.30603105,0.0134308925
7,7,none,cz,1536,107,1,1,True,0.00026704816,0.9504831,0.006001425,0.043248437
7,7,none,cz,1537,107,0,0,True,0.4920421,0.39760718,0.101391606,0.008959149
7,7,none,cz,1538,107,1,1,True,0.00019767779,0.97271514,0.024173466,0.0029136695
7,7,none,cz,1539,107,0,2,False,0.33003283,0.3002306,0.35769677,0.012039814
7,7,none,cz,1540,107,1,1,True,0.0006112194,0.98388284,0.014134342,0.0013715898
7,7,none,cz,1541,107,0,0,True,0.87737334,0.02153934,0.055034075,0.04605324
7,7,none,cz,1542,107,1,1,True,0.0063531357,0.89887035,0.074773215,0.02000329
7,7,none,cz,1543,107,0,3,False,0.24377018,0.08631856,0.07838737,0.5915238
7,7,none,cz,1544,107,1,1,True,0.011493615,0.5111114,0.4426429,0.034752056
7,7,none,cz,1545,107,0,0,True,0.6642476,0.051395986,0.1972068,0.08714962
7,7,none,cz,1546,107,1,1,True,0.0017845224,0.6689576,0.08532464,0.24393313
7,7,none,cz,1547,107,0,0,True,0.94210154,0.014279391,0.04016412,0.003454858
7,7,none,cz,1548,107,3,1,False,0.007912946,0.8015319,0.13187237,0.05868276
7,7,none,cz,1549,107,2,2,True,0.0059344773,0.45131502,0.5290694,0.013681109
7,7,none,cz,1550,107,3,1,False,0.06898922,0.48814446,0.248571,0.19429533
7,7,none,cz,1551,107,2,1,False,0.0021935517,0.900052,0.07159858,0.026155887
7,7,none,cz,1552,107,3,0,False,0.4154978,0.39714572,0.16713677,0.020219728
7,7,none,cz,1553,107,2,2,True,0.015451076,0.10883772,0.83216214,0.043549
7,7,none,cz,1554,107,2,1,False,0.2990573,0.4574912,0.07368759,0.16976388
7,7,none,cz,1555,107,3,3,True,0.27623084,0.088794224,0.016809098,0.61816585
7,7,none,cz,1556,107,3,0,False,0.47515818,0.09688368,0.41714063,0.010817468
7,7,none,cz,1557,107,2,1,False,0.016053284,0.49770042,0.46593776,0.020308493
7,7,none,cz,1558,107,2,1,False,0.00524741,0.9755553,0.009647958,0.009549407
7,7,none,cz,1559,107,3,1,False,0.36509582,0.54996806,0.057606153,0.02732995
7,7,none,cz,1560,107,2,1,False,0.029737243,0.5928908,0.1986811,0.17869088
7,7,none,cz,1561,107,3,1,False,0.021629939,0.44677067,0.35806242,0.17353691
7,7,none,cz,1562,107,3,3,True,0.13485986,0.1749262,0.22206074,0.46815315
7,7,none,cz,1563,107,1,1,True,0.05914572,0.6249524,0.049864046,0.26603785
7,7,none,cz,1564,107,0,0,True,0.54563296,0.26700634,0.16464981,0.02271096
7,7,none,cz,1565,107,1,1,True,0.008078784,0.84966403,0.12110033,0.021156797
7,7,none,cz,1566,107,0,0,True,0.49441087,0.37702584,0.036045052,0.09251822
7,7,none,cz,1567,107,1,1,True,0.00013527345,0.9974269,0.0022603208,0.000177425
7,7,none,cz,1568,107,0,1,False,0.34401494,0.56509703,0.065079406,0.025808617
7,7,none,cz,1569,107,0,1,False,0.07295329,0.6278402,0.03229095,0.26691553
7,7,none,cz,1570,107,1,2,False,0.04391912,0.031596173,0.8556472,0.06883744
7,7,none,cz,1571,107,0,0,True,0.8152087,0.124289006,0.047476217,0.013026029
7,7,none,cz,1572,107,1,1,True,0.08502514,0.6098775,0.2651909,0.03990643
7,7,none,cz,1573,107,0,1,False,0.14235504,0.4406087,0.33222482,0.0848114
7,7,none,cz,1574,107,1,2,False,0.0014925143,0.015900329,0.90088975,0.08171736
7,7,none,cz,1575,107,1,2,False,0.010234671,0.46794286,0.5010242,0.02079828
7,7,none,cz,1576,107,0,1,False,0.007410629,0.95997435,0.022406813,0.010208183
7,7,none,cz,1577,107,0,3,False,0.057703517,0.30530128,0.12642442,0.51057076
7,7,none,cz,1578,107,3,2,False,0.11298146,0.25798237,0.41696647,0.21206965
7,7,none,cz,1579,107,2,3,False,0.04183962,0.052456897,0.12336491,0.78233856
7,7,none,cz,1580,107,3,1,False,0.22509438,0.49670804,0.15028158,0.12791605
7,7,none,cz,1581,107,2,2,True,0.016534891,0.3059805,0.59131813,0.08616646
7,7,none,cz,1582,107,2,1,False,0.01825717,0.85149115,0.089658976,0.040592715
7,7,none,cz,1583,107,3,3,True,0.10439746,0.039518885,0.41815788,0.43792582
7,7,none,cz,1584,107,3,0,False,0.5594953,0.21591318,0.116577186,0.10801437
7,7,none,cz,1585,107,2,2,True,0.07285931,0.4289169,0.47780198,0.020421734
7,7,none,cz,1586,107,2,1,False,0.09197761,0.7010927,0.021235675,0.18569407
7,7,none,cz,1587,107,3,3,True,0.013670978,0.31847247,0.02126666,0.6465898
7,7,none,cz,1588,107,2,2,True,0.019555327,0.17454976,0.77517533,0.0307196
7,7,none,cz,1589,107,3,1,False,0.0027560848,0.58982116,0.26218674,0.14523605
7,7,none,cz,1590,107,3,1,False,0.029785747,0.57437515,0.15854216,0.23729688
7,7,none,cz,1591,107,2,1,False,0.03519115,0.5401119,0.021976756,0.40272024
7,7,none,cz,1592,107,2,3,False,0.011420041,0.12458703,0.2118336,0.65215933
7,7,none,cz,1593,107,0,0,True,0.66608286,0.1739812,0.1344613,0.025474593
7,7,none,cz,1594,107,1,1,True,0.0052391216,0.96045905,0.009726308,0.024575552
7,7,none,cz,1595,107,1,1,True,0.020401949,0.67246586,0.16647415,0.14065805
7,7,none,cz,1596,107,0,1,False,0.18622988,0.59695727,0.18400957,0.032803323
7,7,none,cz,1597,107,1,1,True,0.0066902814,0.8056748,0.18260829,0.0050265505
7,7,none,cz,1598,107,0,1,False,0.02311032,0.9175529,0.053449817,0.005887012
7,7,none,cz,1599,107,1,1,True,0.028260574,0.53445023,0.04114216,0.39614707
7,7,none,cz,1600,107,0,1,False,0.009785982,0.6441755,0.32523015,0.020808395
7,7,none,cz,1601,107,1,1,True,0.0044795936,0.8405866,0.10272376,0.05220997
7,7,none,cz,1602,107,0,1,False,0.0048087076,0.7317259,0.061754536,0.20171084
7,7,none,cz,1603,107,0,0,True,0.5617276,0.3679931,0.023503846,0.046775475
7,7,none,cz,1604,107,1,1,True,0.095406696,0.88366294,0.01833963,0.0025908013
7,7,none,cz,1605,107,0,2,False,0.04262259,0.30880764,0.5485999,0.09996993
7,7,none,cz,1606,107,1,1,True,0.018288897,0.63490564,0.2794749,0.06733051
7,7,none,cz,1607,107,0,1,False,0.002133809,0.94702154,0.011960244,0.03888449
7,7,none,cz,1608,107,3,2,False,0.06425853,0.26740813,0.6119126,0.056420673
7,7,none,cz,1609,107,2,2,True,0.00806882,0.3152321,0.3798521,0.29684705
7,7,none,cz,1610,107,2,0,False,0.9091889,0.043438558,0.038677376,0.008695051
7,7,none,cz,1611,107,3,3,True,0.020410616,0.05176975,0.17273442,0.75508523
7,7,none,cz,1612,107,2,1,False,0.11451815,0.84285605,0.023906108,0.018719738
7,7,none,cz,1613,107,3,0,False,0.57443553,0.22482145,0.14771019,0.053032823
7,7,none,cz,1614,107,3,1,False,0.008103133,0.9598302,0.021838523,0.010228064
7,7,none,cz,1615,107,2,1,False,0.0058920295,0.67483175,0.27731016,0.041966077
7,7,none,cz,1616,107,2,2,True,0.2648164,0.16592363,0.50995076,0.05930925
7,7,none,cz,1617,107,3,1,False,0.0025567855,0.7056537,0.1732008,0.118588746
7,7,none,cz,1618,107,2,2,True,0.016213505,0.18645084,0.7250268,0.072308876
7,7,none,cz,1619,107,3,1,False,0.0051818616,0.40918764,0.33407152,0.251559
7,7,none,cz,1620,107,2,2,True,0.010373491,0.35875884,0.41983265,0.21103501
7,7,none,cz,1621,107,3,1,False,0.00013390757,0.6803227,0.19894741,0.12059596
7,7,none,cz,1622,107,3,2,False,0.05580407,0.13817234,0.42477766,0.38124594
7,7,none,cz,1623,108,0,3,False,0.4794922,0.0009624676,0.033547875,0.4859974
7,7,none,cz,1624,108,1,1,True,4.2295746e-05,0.95068485,0.01037121,0.03890174
7,7,none,cz,1625,108,0,3,False,0.018960169,0.0029130972,0.026093679,0.95203304
7,7,none,cz,1626,108,1,3,False,0.04329472,0.3278667,0.05294237,0.5758962
7,7,none,cz,1627,108,0,0,True,0.85009074,0.0046463506,0.021771258,0.12349156
7,7,none,cz,1628,108,1,1,True,6.751345e-05,0.9951025,0.0007579373,0.004072025
7,7,none,cz,1629,108,1,1,True,1.2140182e-05,0.9699785,0.00028798415,0.029721286
7,7,none,cz,1630,108,0,0,True,0.5562104,0.011401424,0.022454593,0.4099336
7,7,none,cz,1631,108,0,0,True,0.98059064,0.00021817828,0.0038152367,0.015375939
7,7,none,cz,1632,108,1,3,False,0.0016458003,0.40870938,0.026289975,0.56335485
7,7,none,cz,1633,108,0,0,True,0.92500156,0.0023461222,0.05809731,0.014555064
7,7,none,cz,1634,108,1,3,False,0.006334476,0.055636,0.022549847,0.91547966
7,7,none,cz,1635,108,0,3,False,0.0052472684,0.012179861,0.21824752,0.7643254
7,7,none,cz,1636,108,1,1,True,0.0055003674,0.61208314,0.29153255,0.09088399
7,7,none,cz,1637,108,1,1,True,9.342222e-05,0.75492305,0.005241158,0.23974243
7,7,none,cz,1638,108,2,2,True,0.0012337072,0.24869925,0.5185341,0.23153289
7,7,none,cz,1639,108,3,3,True,0.00023788787,0.005955225,0.011807759,0.98199916
7,7,none,cz,1640,108,2,3,False,0.0020932623,0.021810288,0.104135744,0.8719607
7,7,none,cz,1641,108,3,3,True,0.00027563798,0.008255787,0.014730134,0.97673845
7,7,none,cz,1642,108,3,3,True,0.0005692723,0.009384451,0.02055129,0.969495
7,7,none,cz,1643,108,2,1,False,0.030767115,0.33876508,0.33463845,0.29582936
7,7,none,cz,1644,108,2,3,False,0.05170347,0.017979434,0.17725757,0.7530595
7,7,none,cz,1645,108,3,3,True,0.0005553366,0.0054053976,0.009247805,0.98479146
7,7,none,cz,1646,108,2,1,False,0.008183478,0.9056834,0.009855789,0.07627736
7,7,none,cz,1647,108,3,3,True,0.0018843241,0.025209764,0.008972978,0.96393293
7,7,none,cz,1648,108,3,3,True,0.002632032,0.025424195,0.07963113,0.89231265
7,7,none,cz,1649,108,2,3,False,0.0116139315,0.29828262,0.25950065,0.43060282
7,7,none,cz,1650,108,3,3,True,0.007890102,0.0015948426,0.053894155,0.9366209
7,7,none,cz,1651,108,2,2,True,0.0034577784,0.11773248,0.70759845,0.17121136
7,7,none,cz,1652,108,3,3,True,0.00673402,0.0064856024,0.1438988,0.8428816
7,7,none,cz,1653,108,1,2,False,4.9590824e-05,0.20880894,0.751816,0.03932555
7,7,none,cz,1654,108,0,1,False,0.08401555,0.32235548,0.29705,0.29657888
7,7,none,cz,1655,108,1,2,False,0.006215823,0.1375834,0.5887575,0.2674433
7,7,none,cz,1656,108,0,0,True,0.82628685,0.001254834,0.08038172,0.0920766
7,7,none,cz,1657,108,0,3,False,0.23920216,0.02123321,0.011544391,0.72802025
7,7,none,cz,1658,108,1,1,True,0.0023602766,0.70735717,0.028327366,0.26195514
7,7,none,cz,1659,108,1,1,True,0.0013936011,0.93782884,0.04213193,0.018645627
7,7,none,cz,1660,108,0,0,True,0.4160991,0.007651872,0.23476212,0.3414868
7,7,none,cz,1661,108,0,0,True,0.5849091,0.007630144,0.23944202,0.16801874
7,7,none,cz,1662,108,1,1,True,3.4742992e-05,0.9780186,0.016705122,0.0052416073
7,7,none,cz,1663,108,1,1,True,0.00023864921,0.86484313,0.0473942,0.08752402
7,7,none,cz,1664,108,0,3,False,0.035621226,0.0024260946,0.15282628,0.8091264
7,7,none,cz,1665,108,1,2,False,0.0035372104,0.25087178,0.5001934,0.24539764
7,7,none,cz,1666,108,0,3,False,0.23191023,0.01434156,0.30318522,0.45056295
7,7,none,cz,1667,108,1,1,True,0.07529975,0.5093082,0.20435981,0.21103224
7,7,none,cz,1668,108,3,3,True,0.0001548978,0.00060302427,0.009781276,0.98946077
7,7,none,cz,1669,108,2,2,True,0.06601087,0.019188277,0.56143415,0.3533667
7,7,none,cz,1670,108,3,3,True,0.0038452563,0.0041645546,0.059207525,0.9327827
7,7,none,cz,1671,108,2,2,True,0.014204344,0.059552547,0.8178359,0.108407155
7,7,none,cz,1672,108,2,2,True,0.0018898528,0.09546981,0.5576904,0.34494993
7,7,none,cz,1673,108,3,3,True,0.0008968298,0.019820806,0.014934726,0.9643476
7,7,none,cz,1674,108,2,2,True,0.0026901506,0.043563377,0.90890884,0.04483769
7,7,none,cz,1675,108,3,2,False,0.0037746222,0.41518652,0.45709324,0.12394557
7,7,none,cz,1676,108,2,1,False,0.0037693973,0.43419462,0.4197207,0.14231533
7,7,none,cz,1677,108,3,2,False,0.001641238,0.052514356,0.67248863,0.27335575
7,7,none,cz,1678,108,2,2,True,0.0033314002,0.024305927,0.8447281,0.12763456
7,7,none,cz,1679,108,3,3,True,0.003279662,0.012041396,0.36950406,0.61517483
7,7,none,cz,1680,108,2,2,True,0.00037778454,0.0009317034,0.78597754,0.2127129
7,7,none,cz,1681,108,3,3,True,0.016032502,0.023886023,0.23824611,0.7218353
7,7,none,cz,1682,108,3,3,True,0.0025906397,0.0052533527,0.3016289,0.6905271
7,7,none,cz,1683,108,1,2,False,0.0017214308,0.18933381,0.70497733,0.10396739
7,7,none,cz,1684,108,0,2,False,0.1462942,0.07234479,0.5681915,0.21316947
7,7,none,cz,1685,108,0,2,False,0.004211649,0.07543559,0.57101685,0.34933588
7,7,none,cz,1686,108,1,2,False,0.0018193027,0.028292522,0.9576137,0.012274387
7,7,none,cz,1687,108,0,3,False,0.012399873,0.09667055,0.043290664,0.84763896
7,7,none,cz,1688,108,1,1,True,0.03789035,0.5261106,0.40812156,0.027877524
7,7,none,cz,1689,108,1,1,True,0.00027095433,0.85245264,0.09114051,0.056136005
7,7,none,cz,1690,108,0,3,False,0.1959442,0.018387472,0.20174266,0.58392566
7,7,none,cz,1691,108,0,3,False,0.014907499,0.058014177,0.38929483,0.5377835
7,7,none,cz,1692,108,1,1,True,0.0004990132,0.9331942,0.059116907,0.0071898336
7,7,none,cz,1693,108,0,3,False,0.08407888,0.06547494,0.078862436,0.7715838
7,7,none,cz,1694,108,1,1,True,0.008080203,0.3896253,0.25129214,0.35100234
7,7,none,cz,1695,108,1,1,True,0.0004145117,0.97430384,0.00876822,0.016513404
7,7,none,cz,1696,108,0,2,False,0.18586859,0.028688215,0.53914565,0.24629751
7,7,none,cz,1697,108,0,0,True,0.9801247,0.0015463334,0.0064910697,0.011837824
7,7,none,cz,1698,108,3,3,True,0.007942967,0.11351571,0.20460914,0.6739322
7,7,none,cz,1699,108,2,2,True,0.0026477415,0.12947479,0.5799298,0.28794762
7,7,none,cz,1700,108,2,2,True,0.010507013,0.0058873724,0.8262298,0.15737581
7,7,none,cz,1701,108,3,3,True,0.0005911419,0.00073171814,0.016460849,0.98221624
7,7,none,cz,1702,108,2,3,False,0.03623682,0.0899125,0.22323766,0.650613
7,7,none,cz,1703,108,3,2,False,0.017260224,0.02110024,0.7240354,0.23760414
7,7,none,cz,1704,108,3,3,True,0.002839931,0.00076708745,0.08074468,0.91564834
7,7,none,cz,1705,108,2,2,True,0.00086669583,0.016065344,0.91842353,0.064644404
7,7,none,cz,1706,108,3,2,False,0.01038801,0.010009344,0.6312462,0.3483564
7,7,none,cz,1707,108,2,1,False,0.014406248,0.46199563,0.11707198,0.40652618
7,7,none,cz,1708,108,2,2,True,0.03832837,0.021172883,0.6551998,0.28529894
7,7,none,cz,1709,108,3,3,True,0.0014760145,0.014404944,0.12921245,0.8549066
7,7,none,cz,1710,108,2,3,False,0.004833393,0.36794195,0.056989763,0.5702349
7,7,none,cz,1711,108,3,3,True,0.0013560439,0.23976378,0.070152685,0.6887275
7,7,none,cz,1712,108,2,3,False,0.1587512,0.122547075,0.3534807,0.36522105
7,7,none,cz,1713,109,0,0,True,0.4335578,0.06871586,0.20117918,0.29654714
7,7,none,cz,1714,109,1,2,False,0.02796699,0.18997978,0.74798924,0.03406406
7,7,none,cz,1715,109,1,1,True,0.00014161204,0.99768305,0.0012903751,0.0008848297
7,7,none,cz,1716,109,0,2,False,0.011696554,0.17369764,0.6488302,0.1657756
7,7,none,cz,1717,109,1,1,True,0.0040407465,0.9533561,0.03912924,0.003473952
7,7,none,cz,1718,109,0,2,False,0.083868675,0.1950642,0.6806368,0.0404303
7,7,none,cz,1719,109,1,2,False,0.013004325,0.19130202,0.7800832,0.015610477
7,7,none,cz,1720,109,0,2,False,0.13954547,0.0062372293,0.8469828,0.0072345124
7,7,none,cz,1721,109,1,1,True,0.005711916,0.8305101,0.123287804,0.04049013
7,7,none,cz,1722,109,0,2,False,0.0056867786,0.01045659,0.9741605,0.009696137
7,7,none,cz,1723,109,0,2,False,0.09521487,0.0109720295,0.80815697,0.085656114
7,7,none,cz,1724,109,1,1,True,0.001730865,0.55050474,0.31327274,0.13449165
7,7,none,cz,1725,109,0,0,True,0.94897854,0.0037982296,0.04402851,0.0031946634
7,7,none,cz,1726,109,1,1,True,0.032325532,0.36663055,0.36142305,0.23962083
7,7,none,cz,1727,109,1,1,True,0.0033007364,0.77681804,0.20896891,0.010912254
7,7,none,cz,1728,109,3,1,False,0.002006347,0.48088202,0.25964183,0.25746974
7,7,none,cz,1729,109,2,2,True,0.002693772,0.21795847,0.6916547,0.08769312
7,7,none,cz,1730,109,2,2,True,0.04919971,0.2450724,0.61349094,0.09223693
7,7,none,cz,1731,109,3,3,True,0.008509028,0.02363225,0.41819656,0.5496622
7,7,none,cz,1732,109,3,2,False,0.0019488941,0.04314565,0.69962656,0.25527886
7,7,none,cz,1733,109,2,2,True,0.14096124,0.045219533,0.6704792,0.14334004
7,7,none,cz,1734,109,2,2,True,0.0094386125,0.032369684,0.8892314,0.06896023
7,7,none,cz,1735,109,3,2,False,0.009939943,0.26698047,0.5763943,0.14668521
7,7,none,cz,1736,109,2,3,False,0.008392863,0.03625567,0.14157654,0.8137749
7,7,none,cz,1737,109,3,3,True,0.008551282,0.07086193,0.3718215,0.5487653
7,7,none,cz,1738,109,2,3,False,0.12212432,0.27750233,0.06764774,0.53272563
7,7,none,cz,1739,109,3,2,False,0.11991705,0.21442364,0.4816084,0.1840509
7,7,none,cz,1740,109,3,2,False,0.014687723,0.087630175,0.7335679,0.16411419
7,7,none,cz,1741,109,2,2,True,0.05033477,0.19588822,0.55075204,0.203025
7,7,none,cz,1742,109,2,1,False,0.0021370372,0.8427537,0.04969271,0.10541645
7,7,none,cz,1743,109,1,1,True,0.002877711,0.84275955,0.09289195,0.06147076
7,7,none,cz,1744,109,0,2,False,0.24632294,0.089687906,0.58733803,0.076651074
7,7,none,cz,1745,109,1,2,False,0.20270966,0.15534613,0.55659413,0.085350044
7,7,none,cz,1746,109,0,2,False,0.018540712,0.038561497,0.48474684,0.45815098
7,7,none,cz,1747,109,0,0,True,0.8187222,0.010122971,0.12489789,0.04625691
7,7,none,cz,1748,109,1,2,False,0.2544722,0.060717415,0.6502062,0.034604177
7,7,none,cz,1749,109,0,2,False,0.019198585,0.042483095,0.51223195,0.4260864
7,7,none,cz,1750,109,1,1,True,0.01220256,0.64244866,0.12967914,0.2156696
7,7,none,cz,1751,109,1,1,True,0.0068250014,0.53285307,0.42388895,0.036433008
7,7,none,cz,1752,109,0,2,False,0.0040170867,0.0024916923,0.9777551,0.015736023
7,7,none,cz,1753,109,1,3,False,0.054826047,0.1620802,0.06516573,0.71792805
7,7,none,cz,1754,109,0,3,False,0.0029557664,0.11784304,0.106030054,0.7731711
7,7,none,cz,1755,109,1,1,True,0.0016314945,0.936747,0.057038244,0.0045832326
7,7,none,cz,1756,109,0,1,False,0.018979557,0.4397371,0.16528562,0.3759977
7,7,none,cz,1757,109,0,0,True,0.9044953,0.033134777,0.04132414,0.021045683
7,7,none,cz,1758,109,2,3,False,0.02241974,0.036137488,0.030472316,0.9109705
7,7,none,cz,1759,109,3,2,False,0.087179266,0.13033324,0.47428373,0.3082037
7,7,none,cz,1760,109,2,3,False,0.0074217855,0.16829637,0.19359496,0.63068694
7,7,none,cz,1761,109,3,3,True,0.0073392205,0.03509388,0.2949546,0.6626123
7,7,none,cz,1762,109,3,1,False,0.018178428,0.54539275,0.09370493,0.34272388
7,7,none,cz,1763,109,2,3,False,0.0051052496,0.0221755,0.4561754,0.51654387
7,7,none,cz,1764,109,3,3,True,0.010081218,0.03780043,0.19763212,0.7544862
7,7,none,cz,1765,109,2,3,False,0.008580448,0.2614414,0.35927722,0.37070093
7,7,none,cz,1766,109,3,3,True,0.013703819,0.2451186,0.11808175,0.6230958
7,7,none,cz,1767,109,2,2,True,0.019986013,0.02955393,0.47738174,0.47307834
7,7,none,cz,1768,109,2,2,True,0.022315452,0.23058069,0.49478433,0.2523196
7,7,none,cz,1769,109,3,3,True,0.028692586,0.003887788,0.015739935,0.95167965
7,7,none,cz,1770,109,2,3,False,0.01187615,0.39865312,0.16410473,0.42536604
7,7,none,cz,1771,109,3,2,False,0.0014108395,0.013047554,0.6815998,0.30394185
7,7,none,cz,1772,109,2,2,True,0.025658824,0.089250445,0.61613834,0.2689524
7,7,none,cz,1773,109,1,2,False,0.00164506,0.10033692,0.5326314,0.36538664
7,7,none,cz,1774,109,0,2,False,0.024085479,0.036874976,0.8817872,0.057252403
7,7,none,cz,1775,109,1,2,False,0.15510051,0.33084464,0.4758339,0.038220916
7,7,none,cz,1776,109,0,3,False,0.0014567215,0.007170514,0.023965448,0.9674073
7,7,none,cz,1777,109,0,2,False,0.034644164,0.02963592,0.9006552,0.035064742
7,7,none,cz,1778,109,1,3,False,0.0024467697,0.42544135,0.10318887,0.46892306
7,7,none,cz,1779,109,1,1,True,0.06487124,0.4765404,0.20963758,0.24895081
7,7,none,cz,1780,109,0,2,False,0.00181556,0.025599472,0.85879374,0.113791294
7,7,none,cz,1781,109,1,2,False,0.11005278,0.22555247,0.53192484,0.13246983
7,7,none,cz,1782,109,0,1,False,0.01600527,0.797895,0.179445,0.006654739
7,7,none,cz,1783,109,0,2,False,0.31161618,0.11593586,0.3881779,0.18427008
7,7,none,cz,1784,109,1,2,False,0.03034468,0.013049084,0.81994206,0.13666417
7,7,none,cz,1785,109,0,0,True,0.7782656,0.019381884,0.16048855,0.04186404
7,7,none,cz,1786,109,1,2,False,0.25011343,0.032484576,0.6095034,0.10789863
7,7,none,cz,1787,109,0,2,False,0.003511135,0.10726639,0.793889,0.09533352
7,7,none,cz,1788,109,2,2,True,0.002137867,0.2508324,0.70382994,0.043199737
7,7,none,cz,1789,109,3,3,True,0.02143019,0.01503107,0.35927817,0.6042606
7,7,none,cz,1790,109,2,3,False,0.006191407,0.409383,0.054322686,0.5301029
7,7,none,cz,1791,109,3,3,True,0.025559988,0.04327828,0.44510642,0.48605537
7,7,none,cz,1792,109,2,3,False,0.024854759,0.043527238,0.4012399,0.53037816
7,7,none,cz,1793,109,3,2,False,0.019787528,0.044466663,0.6997705,0.23597533
7,7,none,cz,1794,109,2,2,True,0.03759011,0.010125464,0.9204765,0.031807896
7,7,none,cz,1795,109,3,2,False,0.0076604155,0.0056779403,0.5426084,0.44405332
7,7,none,cz,1796,109,3,3,True,0.0058802194,0.09200662,0.03848751,0.8636257
7,7,none,cz,1797,109,2,3,False,0.008342754,0.043919243,0.4442458,0.50349224
7,7,none,cz,1798,109,3,1,False,0.0037642554,0.4945124,0.025109185,0.4766141
7,7,none,cz,1799,109,2,3,False,0.0025690792,0.09816958,0.045192603,0.85406876
7,7,none,cz,1800,109,2,3,False,0.002528735,0.0016226937,0.2493582,0.74649036
7,7,none,cz,1801,109,3,2,False,0.006204671,0.0792805,0.71350664,0.20100823
7,7,none,cz,1802,109,3,3,True,0.037287258,0.034979504,0.2803637,0.64736956
7,7,none,pz,0,90,0,3,False,0.16110499,0.020686628,0.09479562,0.72341275
7,7,none,pz,1,90,1,1,True,0.076140456,0.75015813,0.07997921,0.09372216
7,7,none,pz,2,90,1,1,True,0.0020501995,0.98682785,0.0009819737,0.010139986
7,7,none,pz,3,90,0,0,True,0.5802998,0.003619056,0.24723408,0.16884707
7,7,none,pz,4,90,1,1,True,0.025454238,0.8319661,0.1132997,0.029279998
7,7,none,pz,5,90,0,0,True,0.7274456,0.010279712,0.056039788,0.20623496
7,7,none,pz,6,90,1,1,True,0.098284855,0.60028106,0.057143692,0.2442904
7,7,none,pz,7,90,0,0,True,0.85604095,0.011498846,0.014798961,0.11766119
7,7,none,pz,8,90,0,0,True,0.44812474,0.085814506,0.079103485,0.38695723
7,7,none,pz,9,90,1,1,True,0.0018585733,0.9296289,0.04367,0.02484246
7,7,none,pz,10,90,0,3,False,0.17590444,0.17109454,0.2655539,0.38744715
7,7,none,pz,11,90,1,1,True,0.011269816,0.98505384,0.0020699021,0.0016065085
7,7,none,pz,12,90,0,0,True,0.49852404,0.0041062743,0.05842618,0.43894348
7,7,none,pz,13,90,1,2,False,0.008979894,0.025849886,0.9339006,0.03126961
7,7,none,pz,14,90,1,1,True,0.043101132,0.7766835,0.16190806,0.018307306
7,7,none,pz,15,90,3,2,False,0.02564478,0.043608416,0.6626475,0.2680993
7,7,none,pz,16,90,2,2,True,0.011251516,0.0025032165,0.7709877,0.21525759
7,7,none,pz,17,90,2,3,False,0.066769324,0.025903264,0.2532135,0.6541139
7,7,none,pz,18,90,3,3,True,0.09162835,0.015492211,0.12199445,0.77088493
7,7,none,pz,19,90,3,3,True,0.017325152,0.02410557,0.34354186,0.6150274
7,7,none,pz,20,90,2,2,True,0.017097566,0.08561305,0.7922046,0.105084755
7,7,none,pz,21,90,3,2,False,0.007918895,0.016607134,0.60053396,0.37493995
7,7,none,pz,22,90,2,2,True,0.10020755,0.16350724,0.6357339,0.10055128
7,7,none,pz,23,90,2,2,True,0.021435307,0.0122604305,0.8045868,0.16171743
7,7,none,pz,24,90,3,2,False,0.12400306,0.05368963,0.509221,0.31308627
7,7,none,pz,25,90,2,2,True,0.008332813,0.009252396,0.9444544,0.037960395
7,7,none,pz,26,90,3,2,False,0.058913004,0.09738932,0.55991435,0.28378332
7,7,none,pz,27,90,3,2,False,0.01624966,0.03325454,0.6536316,0.2968642
7,7,none,pz,28,90,2,2,True,0.08779569,0.2126387,0.39419425,0.30537137
7,7,none,pz,29,90,2,2,True,0.004677161,0.05231622,0.8967855,0.046221063
7,7,none,pz,30,90,1,1,True,0.045065366,0.942838,0.010281553,0.0018150579
7,7,none,pz,31,90,0,2,False,0.12782025,0.09258995,0.52333343,0.25625637
7,7,none,pz,32,90,1,1,True,0.00019526343,0.9910931,0.0046262266,0.0040854076
7,7,none,pz,33,90,0,2,False,0.16555725,0.013214079,0.7298889,0.091339774
7,7,none,pz,34,90,1,2,False,0.015194362,0.32566154,0.4823783,0.1767658
7,7,none,pz,35,90,0,2,False,0.059637,0.07667225,0.7821039,0.08158687
7,7,none,pz,36,90,1,3,False,0.00558906,0.26757655,0.059651047,0.6671834
7,7,none,pz,37,90,0,0,True,0.46903387,0.07689419,0.35531148,0.09876052
7,7,none,pz,38,90,1,2,False,0.0013616398,0.3635815,0.48246205,0.15259485
7,7,none,pz,39,90,0,2,False,0.010667294,0.008469399,0.74201614,0.23884724
7,7,none,pz,40,90,1,3,False,0.10241159,0.36292884,0.1710531,0.36360648
7,7,none,pz,41,90,0,2,False,0.120699964,0.00129016,0.6103739,0.26763597
7,7,none,pz,42,90,1,1,True,0.010506148,0.4864745,0.45554703,0.047472198
7,7,none,pz,43,90,0,2,False,0.0057786475,0.03445481,0.71237785,0.24738874
7,7,none,pz,44,90,1,1,True,0.0006161579,0.6010713,0.3639885,0.03432408
7,7,none,pz,45,90,2,2,True,0.03338902,0.0045150286,0.52052724,0.44156876
7,7,none,pz,46,90,3,2,False,0.0051353844,0.0017252297,0.826522,0.16661745
7,7,none,pz,47,90,3,3,True,0.015080874,0.012194256,0.4571986,0.51552624
7,7,none,pz,48,90,2,3,False,0.013515916,0.005142502,0.17218499,0.8091566
7,7,none,pz,49,90,3,3,True,0.0076292115,0.015754493,0.30508035,0.6715359
7,7,none,pz,50,90,2,2,True,0.019491643,0.028105117,0.74555355,0.20684962
7,7,none,pz,51,90,3,3,True,0.021216663,0.021520782,0.08800221,0.86926043
7,7,none,pz,52,90,2,2,True,0.05818141,0.06564333,0.58883774,0.28733745
7,7,none,pz,53,90,3,3,True,0.012259325,0.0028340204,0.29289553,0.6920111
7,7,none,pz,54,90,2,2,True,0.010468933,0.006266892,0.67875415,0.30451003
7,7,none,pz,55,90,2,2,True,0.0074849334,0.024833582,0.69782495,0.26985654
7,7,none,pz,56,90,3,2,False,0.0094781015,0.004433401,0.8212711,0.16481736
7,7,none,pz,57,90,2,2,True,0.006140699,0.008708155,0.6454981,0.3396531
7,7,none,pz,58,90,3,2,False,0.0059754485,0.002135986,0.6529177,0.33897087
7,7,none,pz,59,90,3,3,True,0.0021061357,0.040577453,0.13888448,0.8184319
7,7,none,pz,60,90,1,1,True,0.0683534,0.812521,0.044194084,0.07493166
7,7,none,pz,61,90,0,0,True,0.5218139,0.022099819,0.23793027,0.2181559
7,7,none,pz,62,90,1,1,True,0.041688148,0.83020645,0.11679534,0.011309989
7,7,none,pz,63,90,0,3,False,0.14373942,0.005247586,0.41754067,0.4334723
7,7,none,pz,64,90,0,2,False,0.40254223,0.0026771377,0.51203364,0.08274701
7,7,none,pz,65,90,1,1,True,0.0048675505,0.85459954,0.10671904,0.033813816
7,7,none,pz,66,90,1,2,False,0.0046061,0.31352857,0.65379006,0.028075349
7,7,none,pz,67,90,0,2,False,0.17205462,0.0044700364,0.4292297,0.3942456
7,7,none,pz,68,90,0,0,True,0.7313959,0.0068644295,0.24717446,0.014565191
7,7,none,pz,69,90,1,3,False,0.029893646,0.09931168,0.13475814,0.7360365
7,7,none,pz,70,90,1,1,True,0.035802923,0.53398895,0.21742173,0.2127864
7,7,none,pz,71,90,0,2,False,0.028486846,0.009478835,0.48726884,0.47476542
7,7,none,pz,72,90,1,2,False,0.033444345,0.03013779,0.56580216,0.37061566
7,7,none,pz,73,90,0,2,False,0.15146269,0.016994203,0.7203633,0.111179784
7,7,none,pz,74,90,0,3,False,0.10262966,0.0028906455,0.36997426,0.52450544
7,7,none,pz,75,90,2,2,True,0.0014409098,0.0059779123,0.52896684,0.46361437
7,7,none,pz,76,90,3,2,False,0.39523336,0.019740216,0.45029604,0.13473043
7,7,none,pz,77,90,2,2,True,0.005888811,0.0049968758,0.92479956,0.06431476
7,7,none,pz,78,90,3,3,True,0.01873161,0.0053019593,0.3079387,0.66802776
7,7,none,pz,79,90,2,1,False,0.007391316,0.76993793,0.17524758,0.047423143
7,7,none,pz,80,90,3,2,False,0.03748087,0.074829,0.6865931,0.20109697
7,7,none,pz,81,90,2,2,True,0.00946894,0.0040063513,0.88983727,0.096687436
7,7,none,pz,82,90,3,2,False,0.018304205,0.06497333,0.7116054,0.20511714
7,7,none,pz,83,90,2,2,True,0.004299419,0.0033800702,0.9745354,0.01778507
7,7,none,pz,84,90,3,2,False,0.004753373,0.0114950705,0.6580822,0.32566938
7,7,none,pz,85,90,2,2,True,0.09203653,0.0225155,0.682933,0.202515
7,7,none,pz,86,90,3,3,True,0.017674664,0.021506712,0.29226196,0.6685567
7,7,none,pz,87,90,3,2,False,0.20378074,0.017455982,0.6902207,0.088542566
7,7,none,pz,88,90,2,2,True,0.012185761,0.08319865,0.59508395,0.30953163
7,7,none,pz,89,90,3,3,True,0.08455936,0.2899984,0.07932949,0.5461127
7,7,none,pz,90,91,0,0,True,0.5136877,0.42422858,0.03672925,0.025354477
7,7,none,pz,91,91,1,1,True,0.039804544,0.34098536,0.31561574,0.30359432
7,7,none,pz,92,91,0,2,False,0.059524283,0.093654156,0.51361364,0.33320794
7,7,none,pz,93,91,1,1,True,0.003619481,0.9365703,0.011496656,0.048313648
7,7,none,pz,94,91,1,1,True,0.0007083075,0.99796593,0.0006106162,0.00071506406
7,7,none,pz,95,91,0,0,True,0.8109967,0.07817691,0.06452869,0.046297755
7,7,none,pz,96,91,1,1,True,0.060949545,0.9253848,0.008415184,0.0052504046
7,7,none,pz,97,91,0,1,False,0.30558777,0.6263103,0.028942704,0.03915927
7,7,none,pz,98,91,0,0,True,0.93229854,0.048826348,0.009646199,0.009228947
7,7,none,pz,99,91,1,1,True,0.008497161,0.8464809,0.013906143,0.1311157
7,7,none,pz,100,91,0,0,True,0.968118,0.0038159888,0.024306936,0.0037590347
7,7,none,pz,101,91,1,2,False,0.0055566123,0.32857272,0.62485886,0.041011848
7,7,none,pz,102,91,1,1,True,0.0011494701,0.9679989,0.018598143,0.012253557
7,7,none,pz,103,91,0,0,True,0.7468295,0.046002366,0.14507076,0.06209739
7,7,none,pz,104,91,0,0,True,0.96106005,0.024863882,0.012518385,0.0015576835
7,7,none,pz,105,91,2,3,False,0.0016556013,0.037457265,0.27293512,0.687952
7,7,none,pz,106,91,3,3,True,0.00013893275,0.010035938,0.025926515,0.9638986
7,7,none,pz,107,91,3,3,True,0.0021097152,0.026187962,0.05546112,0.9162412
7,7,none,pz,108,91,2,2,True,0.0011666748,0.034861095,0.86230516,0.101667136
7,7,none,pz,109,91,2,2,True,0.00087807863,0.01409801,0.732938,0.25208595
7,7,none,pz,110,91,3,2,False,0.011982264,0.012976021,0.74018854,0.23485318
7,7,none,pz,111,91,3,3,True,0.000988832,0.015217509,0.21187542,0.7719182
7,7,none,pz,112,91,2,2,True,0.009952208,0.043561902,0.75535786,0.19112796
7,7,none,pz,113,91,3,2,False,0.020147108,0.02217899,0.75758636,0.20008759
7,7,none,pz,114,91,2,2,True,5.6071713e-05,0.00063356024,0.9983955,0.0009149227
7,7,none,pz,115,91,3,2,False,0.0015735829,0.015480638,0.7418361,0.2411098
7,7,none,pz,116,91,2,2,True,0.015705096,0.023006387,0.81023717,0.15105137
7,7,none,pz,117,91,2,2,True,0.0022223697,0.014841882,0.5931716,0.3897641
7,7,none,pz,118,91,3,2,False,0.00473285,0.013076432,0.9552154,0.026975371
7,7,none,pz,119,91,2,2,True,9.4063675e-05,0.013952373,0.9786991,0.0072544324
7,7,none,pz,120,91,0,0,True,0.5230252,0.40296283,0.05971196,0.014299981
7,7,none,pz,121,91,1,3,False,0.005265012,0.019381931,0.10746779,0.8678853
7,7,none,pz,122,91,1,1,True,0.0038828875,0.7785857,0.111920096,0.105611384
7,7,none,pz,123,91,0,3,False,0.004708508,0.025101388,0.20595297,0.76423717
7,7,none,pz,124,91,0,0,True,0.97739774,0.009845348,0.006517687,0.00623914
7,7,none,pz,125,91,1,2,False,0.0010768366,0.07955933,0.68879795,0.2305659
7,7,none,pz,126,91,1,1,True,0.00031294438,0.78570557,0.14364626,0.070335336
7,7,none,pz,127,91,0,3,False,0.0037394855,0.014571081,0.092746384,0.8889431
7,7,none,pz,128,91,0,0,True,0.9835429,0.0014594736,0.0009122933,0.014085269
7,7,none,pz,129,91,1,1,True,0.0017781875,0.830746,0.08316889,0.08430692
7,7,none,pz,130,91,1,3,False,0.0018367029,0.16074541,0.28868547,0.5487324
7,7,none,pz,131,91,0,0,True,0.8586515,0.007927147,0.119987056,0.01343431
7,7,none,pz,132,91,1,1,True,0.12803467,0.56751776,0.07959945,0.22484818
7,7,none,pz,133,91,0,3,False,0.002276152,0.008982014,0.01055794,0.9781839
7,7,none,pz,134,91,1,0,False,0.53867555,0.0034082974,0.2480542,0.20986195
7,7,none,pz,135,91,2,3,False,0.013995697,0.2368613,0.06164696,0.687496
7,7,none,pz,136,91,3,2,False,0.008252584,0.02496174,0.6076736,0.35911214
7,7,none,pz,137,91,2,2,True,0.03321949,0.10206692,0.6298898,0.23482378
7,7,none,pz,138,91,3,2,False,0.015320826,0.07578935,0.57268757,0.33620232
7,7,none,pz,139,91,2,3,False,0.004405534,0.025002588,0.26473537,0.70585656
7,7,none,pz,140,91,3,3,True,0.00016779291,0.00096065016,0.0032815498,0.99559
7,7,none,pz,141,91,2,2,True,0.002267357,0.0057286113,0.98725396,0.0047500576
7,7,none,pz,142,91,3,3,True,0.0003976764,0.0014423055,0.011425337,0.9867346
7,7,none,pz,143,91,2,2,True,0.00087739545,0.070518106,0.69597167,0.23263282
7,7,none,pz,144,91,3,3,True,0.0001943916,0.03863069,0.31045854,0.6507163
7,7,none,pz,145,91,3,3,True,0.0014782436,0.049090233,0.005487508,0.94394404
7,7,none,pz,146,91,2,3,False,0.051116083,0.020568362,0.022877634,0.90543795
7,7,none,pz,147,91,2,3,False,0.00072307454,0.018522823,0.069406986,0.91134715
7,7,none,pz,148,91,3,3,True,0.006158397,0.013510468,0.14406066,0.8362705
7,7,none,pz,149,91,3,3,True,0.00056255475,0.037942834,0.0041345903,0.95736
7,7,none,pz,150,91,1,1,True,1.8614918e-06,0.9670049,0.028946895,0.004046313
7,7,none,pz,151,91,0,3,False,0.04655322,0.008907539,0.046620883,0.89791834
7,7,none,pz,152,91,1,3,False,0.00023983381,0.22076996,0.32144517,0.45754498
7,7,none,pz,153,91,0,0,True,0.7801677,0.0017180016,0.11973153,0.09838287
7,7,none,pz,154,91,0,2,False,0.031040983,0.0029672924,0.9609876,0.005004139
7,7,none,pz,155,91,1,2,False,0.0031908671,0.0040469617,0.91119885,0.08156335
7,7,none,pz,156,91,1,2,False,0.00010246517,0.07354017,0.9201315,0.0062259086
7,7,none,pz,157,91,0,0,True,0.9909078,0.00074046693,0.0075185867,0.00083322596
7,7,none,pz,158,91,0,0,True,0.76651984,0.16962616,0.022624576,0.041229304
7,7,none,pz,159,91,1,3,False,0.012388416,0.2920976,0.33260596,0.36290798
7,7,none,pz,160,91,0,0,True,0.5031793,0.034237284,0.3801069,0.082476504
7,7,none,pz,161,91,1,1,True,0.001603638,0.8111988,0.13150042,0.055697203
7,7,none,pz,162,91,1,3,False,0.020581376,0.103597075,0.36672264,0.5090989
7,7,none,pz,163,91,0,0,True,0.38305253,0.005159145,0.34445438,0.26733398
7,7,none,pz,164,91,1,2,False,0.0005574381,0.03317595,0.842316,0.12395059
7,7,none,pz,165,91,2,2,True,0.0037663567,0.0013043724,0.9546307,0.04029854
7,7,none,pz,166,91,3,2,False,0.0023656513,0.0036450957,0.7911598,0.20282939
7,7,none,pz,167,91,3,2,False,0.0007089203,0.045069497,0.75266093,0.20156063
7,7,none,pz,168,91,2,2,True,0.0022307935,0.026046902,0.861621,0.110101275
7,7,none,pz,169,91,2,2,True,0.0020466235,0.0004947171,0.85191566,0.14554305
7,7,none,pz,170,91,3,3,True,0.0009536752,0.07609024,0.43643144,0.48652467
7,7,none,pz,171,91,3,3,True,0.0012906843,0.009649778,0.044933893,0.9441256
7,7,none,pz,172,91,2,2,True,0.00053629297,0.011305303,0.5645748,0.42358363
7,7,none,pz,173,91,3,3,True,0.0066964747,0.07056769,0.14484651,0.7778893
7,7,none,pz,174,91,2,2,True,0.0145774875,0.0018792787,0.7745445,0.20899872
7,7,none,pz,175,91,2,2,True,0.0016800865,0.07345131,0.6853521,0.2395165
7,7,none,pz,176,91,3,3,True,0.004381467,0.08359805,0.32941183,0.58260864
7,7,none,pz,177,91,3,3,True,0.018186457,0.0069250287,0.24817987,0.7267086
7,7,none,pz,178,91,2,2,True,0.005551339,0.06781319,0.79018134,0.13645412
7,7,none,pz,179,91,3,2,False,0.0013764848,0.010896589,0.50663626,0.4810906
7,7,none,pz,180,92,1,3,False,0.024737706,0.05216168,0.10744652,0.81565416
7,7,none,pz,181,92,0,3,False,0.019161887,0.033937618,0.19936725,0.74753326
7,7,none,pz,182,92,1,2,False,0.23772287,0.14822765,0.372433,0.24161643
7,7,none,pz,183,92,0,2,False,0.072481364,0.006683585,0.8902889,0.030546173
7,7,none,pz,184,92,0,3,False,0.09479427,0.046043806,0.3850634,0.4740985
7,7,none,pz,185,92,1,1,True,0.019046202,0.6595903,0.24857616,0.07278738
7,7,none,pz,186,92,0,0,True,0.86214775,0.03381972,0.05219066,0.051841862
7,7,none,pz,187,92,1,1,True,0.04952262,0.93657655,0.011216522,0.0026842733
7,7,none,pz,188,92,1,1,True,0.001589192,0.993554,0.0016343071,0.0032224366
7,7,none,pz,189,92,0,2,False,0.032134257,0.022903088,0.7210577,0.22390497
7,7,none,pz,190,92,0,0,True,0.5948267,0.058960862,0.14536737,0.20084509
7,7,none,pz,191,92,1,3,False,0.09971446,0.028813718,0.40755782,0.463914
7,7,none,pz,192,92,0,0,True,0.7481061,0.06548734,0.165434,0.02097259
7,7,none,pz,193,92,1,3,False,0.009651679,0.10489275,0.11030209,0.7751534
7,7,none,pz,194,92,0,3,False,0.11490141,0.09421739,0.38275707,0.4081241
7,7,none,pz,195,92,1,1,True,0.09621381,0.6018401,0.15332252,0.14862363
7,7,none,pz,196,92,1,1,True,0.00862286,0.9595248,0.017623276,0.014229089
7,7,none,pz,197,92,0,0,True,0.8660457,0.029505044,0.04688135,0.05756779
7,7,none,pz,198,92,1,2,False,0.009751675,0.15658818,0.60829455,0.22536565
7,7,none,pz,199,92,2,3,False,0.16523384,0.05170427,0.3375396,0.44552234
7,7,none,pz,200,92,3,3,True,0.13192081,0.027326807,0.14766704,0.6930853
7,7,none,pz,201,92,2,3,False,0.02514003,0.007379548,0.22817774,0.7393027
7,7,none,pz,202,92,3,3,True,0.029960433,0.02612366,0.11933736,0.8245786
7,7,none,pz,203,92,2,1,False,0.12940092,0.5097639,0.15853137,0.20230387
7,7,none,pz,204,92,3,3,True,0.011583096,0.00983362,0.010137069,0.96844614
7,7,none,pz,205,92,2,3,False,0.03719591,0.044989906,0.3174116,0.6004026
7,7,none,pz,206,92,3,3,True,0.1538665,0.22626944,0.10624763,0.51361644
7,7,none,pz,207,92,3,3,True,0.15193354,0.18369839,0.20985286,0.45451516
7,7,none,pz,208,92,2,3,False,0.13138504,0.01571441,0.38429305,0.46860752
7,7,none,pz,209,92,2,2,True,0.0016832798,0.090760455,0.8358823,0.07167403
7,7,none,pz,210,92,3,3,True,0.012128528,0.30493218,0.010135861,0.67280346
7,7,none,pz,211,92,3,3,True,0.0057792556,0.04423945,0.015260119,0.9347211
7,7,none,pz,212,92,2,3,False,0.12973808,0.317214,0.18009701,0.37295085
7,7,none,pz,213,92,3,3,True,0.18563694,0.12689178,0.09275076,0.59472054
7,7,none,pz,214,92,2,0,False,0.67109436,0.1674069,0.10150162,0.05999715
7,7,none,pz,215,92,2,3,False,0.0015999903,0.019865504,0.11252852,0.866006
7,7,none,pz,216,92,3,3,True,0.02043358,0.20846298,0.15843786,0.6126656
7,7,none,pz,217,92,2,2,True,0.007694475,0.18568492,0.66494757,0.14167306
7,7,none,pz,218,92,0,0,True,0.95309985,0.0064039156,0.023842001,0.016654303
7,7,none,pz,219,92,1,1,True,0.30871534,0.63613945,0.025535602,0.029609686
7,7,none,pz,220,92,0,0,True,0.88348585,0.039913442,0.047849953,0.02875086
7,7,none,pz,221,92,1,1,True,0.14528678,0.6564611,0.115099974,0.08315217
7,7,none,pz,222,92,1,1,True,0.016383516,0.92892796,0.045918897,0.008769553
7,7,none,pz,223,92,0,3,False,0.22877082,0.2301946,0.07921784,0.46181667
7,7,none,pz,224,92,1,1,True,0.0029898207,0.791209,0.0021853165,0.20361595
7,7,none,pz,225,92,0,1,False,0.06462768,0.5384462,0.3384244,0.058501784
7,7,none,pz,226,92,0,0,True,0.93057376,0.02082797,0.0057137324,0.042884514
7,7,none,pz,227,92,1,1,True,0.01245425,0.86739093,0.026631067,0.09352375
7,7,none,pz,228,92,1,1,True,0.00051178935,0.81715775,0.008530474,0.17380002
7,7,none,pz,229,92,0,0,True,0.7060124,0.009142327,0.034426175,0.25041914
7,7,none,pz,230,92,1,1,True,0.002197765,0.9906781,0.0023497317,0.0047744284
7,7,none,pz,231,92,0,3,False,0.026328081,0.16073783,0.048031267,0.76490283
7,7,none,pz,232,92,0,0,True,0.8233759,0.007552105,0.08350066,0.08557142
7,7,none,pz,233,92,1,1,True,0.01289986,0.88647395,0.0048092753,0.095816895
7,7,none,pz,234,92,0,3,False,0.13973738,0.007795576,0.13602674,0.7164403
7,7,none,pz,235,92,1,1,True,0.008976033,0.8188378,0.022167716,0.15001841
7,7,none,pz,236,92,1,1,True,0.0036458021,0.9648372,0.0027293547,0.02878759
7,7,none,pz,237,92,3,3,True,0.06076251,0.12369382,0.04514704,0.77039665
7,7,none,pz,238,92,2,3,False,0.034798276,0.04589064,0.08029786,0.8390133
7,7,none,pz,239,92,3,3,True,0.108218156,0.12495178,0.3806915,0.38613862
7,7,none,pz,240,92,2,2,True,0.022877691,0.061160855,0.66640013,0.24956131
7,7,none,pz,241,92,2,2,True,0.05760601,0.23567574,0.5269107,0.17980756
7,7,none,pz,242,92,3,2,False,0.027027205,0.029765159,0.6615303,0.28167728
7,7,none,pz,243,92,2,2,True,0.067817114,0.07740145,0.57285357,0.28192788
7,7,none,pz,244,92,3,2,False,0.123615555,0.30201343,0.42297357,0.15139739
7,7,none,pz,245,92,2,2,True,0.026027061,0.054491367,0.6009284,0.31855315
7,7,none,pz,246,92,3,3,True,0.0026969877,0.05240938,0.11560323,0.82929045
7,7,none,pz,247,92,2,2,True,0.007771358,0.035880815,0.58816963,0.36817825
7,7,none,pz,248,92,3,3,True,0.007203019,0.06875219,0.08583983,0.838205
7,7,none,pz,249,92,3,3,True,0.0015662151,0.024410421,0.00294267,0.9710807
7,7,none,pz,250,92,2,2,True,0.0022370943,0.033360578,0.6963875,0.26801482
7,7,none,pz,251,92,3,3,True,0.0007881611,0.004066763,0.037883848,0.9572612
7,7,none,pz,252,92,2,3,False,0.094474465,0.07287194,0.23695402,0.59569955
7,7,none,pz,253,92,2,2,True,0.061462138,0.024678512,0.8081473,0.10571203
7,7,none,pz,254,92,3,2,False,0.11093957,0.117302194,0.40058166,0.37117657
7,7,none,pz,255,92,2,2,True,0.023775784,0.12717992,0.8156782,0.033366058
7,7,none,pz,256,92,0,0,True,0.804375,0.07097909,0.01965919,0.10498677
7,7,none,pz,257,92,1,0,False,0.7883163,0.08418773,0.06375519,0.0637407
7,7,none,pz,258,92,1,1,True,0.011764689,0.90792257,0.02359766,0.05671512
7,7,none,pz,259,92,0,0,True,0.57068723,0.01880661,0.07363624,0.33686993
7,7,none,pz,260,92,0,3,False,0.110966325,0.0063249017,0.12875742,0.7539513
7,7,none,pz,261,92,1,1,True,0.012569578,0.9439586,0.03187258,0.0115992455
7,7,none,pz,262,92,1,1,True,0.0031467662,0.64501476,0.0063228784,0.34551555
7,7,none,pz,263,92,0,0,True,0.58407706,0.15649596,0.16596626,0.09346069
7,7,none,pz,264,92,0,0,True,0.46979642,0.03688132,0.3285836,0.1647386
7,7,none,pz,265,92,1,1,True,0.013356316,0.94431555,0.01209333,0.030234836
7,7,none,pz,266,92,0,0,True,0.47457132,0.30769917,0.16161375,0.056115735
7,7,none,pz,267,92,1,3,False,0.13161953,0.1628648,0.19667265,0.508843
7,7,none,pz,268,92,0,0,True,0.41939837,0.1693982,0.033340286,0.37786317
7,7,none,pz,269,92,1,1,True,0.00247685,0.6300891,0.054746144,0.31268793
7,7,none,pz,270,92,1,1,True,0.06059408,0.61534697,0.15784483,0.16621405
7,7,none,pz,271,92,0,0,True,0.6036805,0.29139858,0.016693186,0.08822773
7,7,none,pz,272,92,1,1,True,0.05126307,0.59233433,0.26724884,0.089153774
7,7,none,pz,273,92,0,2,False,0.19475037,0.052489296,0.606329,0.14643128
7,7,none,pz,274,92,1,3,False,0.02809741,0.06505691,0.22386406,0.6829816
7,7,none,pz,275,92,3,2,False,0.07408933,0.32289487,0.43189853,0.1711173
7,7,none,pz,276,92,2,3,False,0.02727939,0.09119786,0.22396508,0.65755767
7,7,none,pz,277,92,3,3,True,0.005529176,0.043421526,0.17278363,0.77826566
7,7,none,pz,278,92,2,3,False,0.06884595,0.053936347,0.27153653,0.6056812
7,7,none,pz,279,92,3,3,True,0.015472146,0.0032482063,0.15196733,0.82931226
7,7,none,pz,280,92,2,2,True,0.17458114,0.033840705,0.5584987,0.23307945
7,7,none,pz,281,92,3,3,True,0.0056785643,0.11980327,0.17317586,0.7013423
7,7,none,pz,282,92,2,2,True,0.12603337,0.0734687,0.6835057,0.11699227
7,7,none,pz,283,92,2,2,True,0.02415046,0.23096205,0.70559394,0.039293535
7,7,none,pz,284,92,3,3,True,0.053770717,0.120879896,0.15231578,0.67303365
7,7,none,pz,285,92,3,3,True,0.0026205091,0.14490373,0.05120149,0.80127424
7,7,none,pz,286,92,2,1,False,0.020832384,0.6679923,0.1919689,0.11920638
7,7,none,pz,287,92,2,1,False,0.014531991,0.7840386,0.077318355,0.124111034
7,7,none,pz,288,92,3,3,True,0.043315325,0.11202865,0.15630485,0.68835115
7,7,none,pz,289,92,3,3,True,0.0031969277,0.03285604,0.019490054,0.94445693
7,7,none,pz,290,92,2,3,False,0.03567874,0.111983135,0.178962,0.6733761
7,7,none,pz,291,92,2,3,False,0.15342256,0.02905988,0.40622407,0.4112935
7,7,none,pz,292,92,3,3,True,0.07460879,0.15774049,0.111812115,0.65583867
7,7,none,pz,293,92,2,3,False,0.01412019,0.16236687,0.057804454,0.76570845
7,7,none,pz,294,93,1,3,False,0.009887837,0.27279058,0.16469693,0.55262464
7,7,none,pz,295,93,0,2,False,0.06640146,0.08945776,0.7729725,0.0711682
7,7,none,pz,296,93,1,1,True,0.00019747925,0.8188314,0.053238496,0.12773259
7,7,none,pz,297,93,0,2,False,0.009447358,0.20355615,0.65132016,0.1356763
7,7,none,pz,298,93,1,2,False,0.0013688712,0.07590443,0.8768412,0.045885578
7,7,none,pz,299,93,0,2,False,0.0021095441,0.040065274,0.60632885,0.35149637
7,7,none,pz,300,93,0,0,True,0.8472837,0.06441093,0.07644843,0.011856975
7,7,none,pz,301,93,1,3,False,0.00029466202,0.16203274,0.3579337,0.47973895
7,7,none,pz,302,93,1,2,False,0.005964332,0.018336266,0.94203764,0.033661705
7,7,none,pz,303,93,0,2,False,0.01004788,0.009811939,0.96538,0.014760132
7,7,none,pz,304,93,1,2,False,0.0024994595,0.14173654,0.6404872,0.21527678
7,7,none,pz,305,93,0,0,True,0.96023583,0.011077444,0.011940939,0.016745772
7,7,none,pz,306,93,1,2,False,0.00015842315,0.07255374,0.56965417,0.35763365
7,7,none,pz,307,93,0,0,True,0.9807364,0.0017055672,0.014625867,0.0029322295
7,7,none,pz,308,93,0,2,False,0.32903114,0.034503147,0.5337721,0.10269358
7,7,none,pz,309,93,3,3,True,0.000139058,0.009542113,0.04150438,0.94881445
7,7,none,pz,310,93,2,2,True,0.00028548003,0.07869639,0.8264075,0.09461064
7,7,none,pz,311,93,2,2,True,0.0016732354,0.023568667,0.92443544,0.0503227
7,7,none,pz,312,93,3,3,True,0.0063130613,0.009941548,0.119774364,0.86397105
7,7,none,pz,313,93,3,3,True,1.7074617e-05,0.0025197878,0.017798625,0.97966456
7,7,none,pz,314,93,2,2,True,0.0033422404,0.018534785,0.9389981,0.03912491
7,7,none,pz,315,93,3,2,False,0.0009144931,0.15647307,0.80599326,0.03661919
7,7,none,pz,316,93,2,2,True,6.0117573e-06,6.8443085e-05,0.9998932,3.2263943e-05
7,7,none,pz,317,93,2,2,True,0.0035715709,0.011400532,0.96710926,0.017918587
7,7,none,pz,318,93,3,3,True,0.00095140905,0.024152499,0.07558303,0.8993131
7,7,none,pz,319,93,3,3,True,0.096772626,0.041341063,0.036255315,0.82563096
7,7,none,pz,320,93,2,2,True,0.0011214912,0.0067806435,0.985083,0.007014888
7,7,none,pz,321,93,2,2,True,0.010826369,0.0031588092,0.91969126,0.06632356
7,7,none,pz,322,93,3,3,True,5.0772403e-05,0.0009586946,0.007136497,0.99185395
7,7,none,pz,323,93,2,2,True,0.0024577596,0.00367685,0.9870919,0.006773497
7,7,none,pz,324,93,0,0,True,0.94326264,0.0031247498,0.027388047,0.026224568
7,7,none,pz,325,93,1,3,False,0.0008090616,0.10709849,0.3845432,0.5075492
7,7,none,pz,326,93,1,1,True,1.6312874e-06,0.99587375,0.00063366845,0.0034908815
7,7,none,pz,327,93,0,2,False,0.034913737,0.02044992,0.8073046,0.1373317
7,7,none,pz,328,93,0,2,False,0.120556116,0.0038957486,0.6245733,0.25097477
7,7,none,pz,329,93,1,2,False,0.002105375,0.33392358,0.60263926,0.061331823
7,7,none,pz,330,93,0,2,False,0.014754789,0.101449184,0.71218026,0.17161576
7,7,none,pz,331,93,1,3,False,0.00019366163,0.17266038,0.36566874,0.46147716
7,7,none,pz,332,93,1,2,False,0.0006613964,0.08093898,0.81673634,0.10166335
7,7,none,pz,333,93,0,2,False,0.010421629,0.11067237,0.50493056,0.37397546
7,7,none,pz,334,93,1,3,False,0.0010117977,0.05180449,0.36808965,0.57909405
7,7,none,pz,335,93,0,2,False,0.043590378,0.00073932,0.93788326,0.017787045
7,7,none,pz,336,93,0,3,False,0.39041242,0.01738726,0.17142345,0.42077684
7,7,none,pz,337,93,1,2,False,0.0021450818,0.07504054,0.68848944,0.23432493
7,7,none,pz,338,93,0,3,False,0.025582679,0.0019012581,0.33953756,0.6329785
7,7,none,pz,339,93,2,2,True,0.037785407,0.022006627,0.9288124,0.011395588
7,7,none,pz,340,93,3,3,True,1.659695e-05,0.000249234,0.002114694,0.99761945
7,7,none,pz,341,93,3,3,True,0.0008515902,0.03659773,0.1312136,0.83133703
7,7,none,pz,342,93,2,2,True,0.0005168894,0.053257603,0.8958461,0.050379403
7,7,none,pz,343,93,2,2,True,0.0010409352,0.2180393,0.69246477,0.08845507
7,7,none,pz,344,93,3,3,True,0.00025627104,0.15914293,0.013522378,0.8270784
7,7,none,pz,345,93,3,3,True,3.1028154e-05,0.0004341911,0.002443334,0.9970914
7,7,none,pz,346,93,2,2,True,0.0048080115,0.14621235,0.81325847,0.035721157
7,7,none,pz,347,93,3,3,True,0.0031819444,0.0024130938,0.09678204,0.89762294
7,7,none,pz,348,93,2,2,True,0.00069390895,0.097847454,0.8020586,0.099400066
7,7,none,pz,349,93,3,2,False,0.0014367405,0.06983569,0.6510634,0.27766418
7,7,none,pz,350,93,2,2,True,0.00034248218,0.0119927,0.95893675,0.028728118
7,7,none,pz,351,93,3,3,True,0.00046157377,0.0061072996,0.0224193,0.9710118
7,7,none,pz,352,93,2,2,True,0.0013138934,0.008047571,0.97277933,0.017859211
7,7,none,pz,353,93,2,2,True,0.005230436,0.056211393,0.7069084,0.23164977
7,7,none,pz,354,93,0,2,False,0.021591093,0.19070984,0.5891584,0.19854073
7,7,none,pz,355,93,1,2,False,0.0005790679,0.054529183,0.8916161,0.053275656
7,7,none,pz,356,93,0,2,False,0.06858238,0.015942229,0.8176347,0.09784067
7,7,none,pz,357,93,1,1,True,0.0003057069,0.97201973,0.0039832606,0.023691295
7,7,none,pz,358,93,1,1,True,0.00035743392,0.81552076,0.013133531,0.17098825
7,7,none,pz,359,93,0,2,False,0.2880039,0.10217159,0.3442951,0.2655294
7,7,none,pz,360,93,1,3,False,0.0010031137,0.061716367,0.34500262,0.5922779
7,7,none,pz,361,93,0,1,False,0.003605062,0.6231517,0.04521897,0.32802424
7,7,none,pz,362,93,1,1,True,0.00238769,0.49271953,0.44312525,0.061767597
7,7,none,pz,363,93,0,3,False,0.2501316,0.0060465545,0.31867647,0.4251454
7,7,none,pz,364,93,0,2,False,0.3315927,0.09515721,0.38738927,0.18586083
7,7,none,pz,365,93,1,3,False,0.00018831417,0.03516989,0.31608942,0.64855236
7,7,none,pz,366,93,1,1,True,0.00012392488,0.60236204,0.088939175,0.30857483
7,7,none,pz,367,93,0,2,False,0.0060872803,0.09059905,0.7124358,0.19087781
7,7,none,pz,368,93,1,2,False,0.005439467,0.3280214,0.6250033,0.041535832
7,7,none,pz,369,93,2,2,True,0.14355882,0.13026093,0.4372738,0.2889065
7,7,none,pz,370,93,3,2,False,0.0021472706,0.027650338,0.74520165,0.22500074
7,7,none,pz,371,93,3,3,True,0.00036317794,0.013803795,0.04159722,0.9442358
7,7,none,pz,372,93,2,1,False,0.047280315,0.71828073,0.22690925,0.0075297356
7,7,none,pz,373,93,3,3,True,0.00017301609,0.2738165,0.02087254,0.70513797
7,7,none,pz,374,93,2,1,False,0.00093868986,0.79045236,0.18162097,0.026987892
7,7,none,pz,375,93,2,2,True,0.0028372512,0.0078485655,0.89452535,0.09478886
7,7,none,pz,376,93,3,3,True,7.607796e-06,0.0027716076,0.00387916,0.9933416
7,7,none,pz,377,93,3,3,True,1.9232113e-05,0.006219595,0.012432573,0.9813286
7,7,none,pz,378,93,2,2,True,0.00057987706,0.0025339439,0.97803044,0.018855808
7,7,none,pz,379,93,2,2,True,0.0020390118,0.022475382,0.78972083,0.18576474
7,7,none,pz,380,93,3,3,True,0.0053082933,0.028941208,0.13705863,0.8286919
7,7,none,pz,381,93,3,3,True,0.00046103293,0.00881963,0.4636629,0.5270565
7,7,none,pz,382,93,2,1,False,4.5970537e-05,0.9778389,0.015841404,0.006273792
7,7,none,pz,383,93,3,2,False,0.0033363514,0.010751453,0.763909,0.22200327
7,7,none,pz,384,94,0,0,True,0.9685855,0.0028863787,0.027572067,0.00095607433
7,7,none,pz,385,94,1,2,False,0.00069889246,0.37263876,0.6020066,0.024655776
7,7,none,pz,386,94,1,2,False,0.012625406,0.050136313,0.7011506,0.23608771
7,7,none,pz,387,94,0,0,True,0.99640226,0.0006475611,0.0027655556,0.00018463543
7,7,none,pz,388,94,1,2,False,0.004834461,0.19694437,0.6031696,0.19505155
7,7,none,pz,389,94,0,0,True,0.89708483,0.024586665,0.058438595,0.019889925
7,7,none,pz,390,94,1,2,False,0.008753288,0.019053457,0.92741126,0.04478206
7,7,none,pz,391,94,0,0,True,0.9854936,0.00026527955,0.010661038,0.0035800398
7,7,none,pz,392,94,1,2,False,0.004540385,0.032677863,0.89328796,0.06949376
7,7,none,pz,393,94,0,2,False,0.4546365,0.048957195,0.48155758,0.014848667
7,7,none,pz,394,94,0,0,True,0.87679785,0.0037388992,0.04970438,0.069758944
7,7,none,pz,395,94,1,2,False,0.0027114362,0.01178968,0.9588948,0.026604071
7,7,none,pz,396,94,1,3,False,0.03365173,0.2863647,0.28184378,0.39813983
7,7,none,pz,397,94,0,2,False,0.23847753,0.0009359445,0.6377991,0.12278741
7,7,none,pz,398,94,1,3,False,0.005241616,0.054733265,0.44714344,0.49288166
7,7,none,pz,399,94,2,2,True,0.0030381586,0.013416316,0.96857756,0.014967981
7,7,none,pz,400,94,3,3,True,0.0008831698,0.00759811,0.073328935,0.9181898
7,7,none,pz,401,94,3,3,True,3.9518047e-05,0.0008029705,0.0019907695,0.9971667
7,7,none,pz,402,94,2,2,True,0.00076375046,0.0038182936,0.9690184,0.026399534
7,7,none,pz,403,94,3,3,True,0.0024419578,0.003247797,0.18174356,0.8125667
7,7,none,pz,404,94,2,2,True,0.020364901,0.096300475,0.8035651,0.07976952
7,7,none,pz,405,94,2,2,True,0.00058509235,0.010347151,0.97323644,0.015831316
7,7,none,pz,406,94,3,3,True,0.0005085278,0.084167965,0.020968163,0.89435536
7,7,none,pz,407,94,2,2,True,0.0064910823,0.0128062805,0.6431313,0.33757132
7,7,none,pz,408,94,3,3,True,0.0022913916,0.0043425285,0.06998801,0.92337805
7,7,none,pz,409,94,3,3,True,0.00073483353,0.0017101057,0.025039913,0.9725151
7,7,none,pz,410,94,2,2,True,0.0018547963,0.0044324696,0.97221655,0.021496197
7,7,none,pz,411,94,3,3,True,0.0018851429,0.0033982154,0.3184559,0.6762607
7,7,none,pz,412,94,2,2,True,0.03853815,0.004285433,0.6582886,0.29888785
7,7,none,pz,413,94,3,2,False,0.0024533898,0.023950133,0.5218224,0.4517741
7,7,none,pz,414,94,1,1,True,0.0040357313,0.9097103,0.07791792,0.008336045
7,7,none,pz,415,94,0,2,False,0.21355821,0.30018473,0.48356298,0.0026939842
7,7,none,pz,416,94,1,1,True,0.007697878,0.92854136,0.057335503,0.0064252703
7,7,none,pz,417,94,0,0,True,0.60497785,0.05113345,0.31891125,0.024977475
7,7,none,pz,418,94,0,0,True,0.7681637,0.015869431,0.2118023,0.004164563
7,7,none,pz,419,94,1,1,True,5.4603755e-05,0.71033657,0.28273493,0.006873842
7,7,none,pz,420,94,1,3,False,0.018622592,0.031407088,0.3184535,0.6315168
7,7,none,pz,421,94,0,0,True,0.7595787,0.002602557,0.22989951,0.007919178
7,7,none,pz,422,94,0,2,False,0.3020561,0.14422423,0.5344031,0.01931658
7,7,none,pz,423,94,1,2,False,0.025226703,0.012470694,0.9222504,0.040052183
7,7,none,pz,424,94,1,1,True,0.00011032279,0.9696998,0.025294054,0.0048958524
7,7,none,pz,425,94,0,3,False,0.012473591,0.12487743,0.4221575,0.4404915
7,7,none,pz,426,94,1,2,False,0.0018348427,0.1288038,0.78441584,0.08494555
7,7,none,pz,427,94,0,0,True,0.6068616,0.00083401025,0.3454147,0.04688978
7,7,none,pz,428,94,1,2,False,0.0032218662,0.016050305,0.9198274,0.060900398
7,7,none,pz,429,94,3,3,True,0.019024894,0.0052895523,0.1629275,0.8127581
7,7,none,pz,430,94,2,2,True,0.054759495,0.008164072,0.9268743,0.010202202
7,7,none,pz,431,94,3,3,True,7.2857685e-05,0.012039016,0.12286311,0.86502504
7,7,none,pz,432,94,2,2,True,0.00025037437,0.00066998677,0.9879583,0.011121253
7,7,none,pz,433,94,3,3,True,0.0019388302,0.033491567,0.026343834,0.93822575
7,7,none,pz,434,94,2,2,True,0.0042051263,0.0035386358,0.98656034,0.005695939
7,7,none,pz,435,94,2,2,True,0.0018337554,0.013443289,0.7737175,0.2110054
7,7,none,pz,436,94,3,3,True,0.0012629245,0.005623108,0.30134702,0.6917669
7,7,none,pz,437,94,3,3,True,0.0008579363,0.06365552,0.11508997,0.82039654
7,7,none,pz,438,94,2,2,True,0.0008409715,0.007945402,0.96839964,0.022813894
7,7,none,pz,439,94,3,3,True,0.004174472,0.010937371,0.14097808,0.8439101
7,7,none,pz,440,94,2,3,False,0.059854165,0.010320545,0.43580657,0.49401873
7,7,none,pz,441,94,3,3,True,0.0023890072,0.004893539,0.3006439,0.6920735
7,7,none,pz,442,94,2,2,True,0.0016622745,0.0011008801,0.98572636,0.01151045
7,7,none,pz,443,94,2,3,False,0.01611615,0.030757824,0.23789074,0.7152353
7,7,none,pz,444,94,0,0,True,0.68846774,0.010182975,0.2720564,0.029292896
7,7,none,pz,445,94,1,2,False,0.02300028,0.009986968,0.95285225,0.014160499
7,7,none,pz,446,94,1,2,False,0.00010189259,0.035578765,0.95585877,0.008460605
7,7,none,pz,447,94,0,2,False,0.08037188,0.0077889836,0.8970014,0.014837713
7,7,none,pz,448,94,1,2,False,0.00031411217,0.1063734,0.78827393,0.10503856
7,7,none,pz,449,94,0,2,False,0.08113576,0.005515382,0.59740245,0.31594643
7,7,none,pz,450,94,1,2,False,0.009276723,0.09779056,0.54309165,0.3498411
7,7,none,pz,451,94,0,2,False,0.014046559,0.0049955375,0.7362465,0.24471135
7,7,none,pz,452,94,1,3,False,0.0076299626,0.031554025,0.29976553,0.66105044
7,7,none,pz,453,94,0,2,False,0.011601575,0.009046892,0.9351985,0.04415304
7,7,none,pz,454,94,1,3,False,0.00083003537,0.090835616,0.3656516,0.54268277
7,7,none,pz,455,94,0,0,True,0.7323119,0.0033497142,0.20950548,0.054832943
7,7,none,pz,456,94,0,2,False,0.11540923,0.037091963,0.72952294,0.11797585
7,7,none,pz,457,94,1,3,False,0.0017713754,0.0045035915,0.09944961,0.89427537
7,7,none,pz,458,94,0,3,False,0.002094941,0.0037593895,0.47660607,0.5175396
7,7,none,pz,459,94,2,2,True,0.0033622857,0.002601721,0.9891105,0.0049253814
7,7,none,pz,460,94,3,2,False,0.00038227966,0.002612619,0.8907761,0.10622891
7,7,none,pz,461,94,2,2,True,0.0034306839,0.001620375,0.9900125,0.0049363794
7,7,none,pz,462,94,3,2,False,0.025417732,0.02574558,0.80184937,0.14698727
7,7,none,pz,463,94,2,2,True,0.0029918766,0.014682474,0.9747547,0.007571005
7,7,none,pz,464,94,3,3,True,0.0017780395,0.0039279615,0.41143897,0.58285505
7,7,none,pz,465,94,3,3,True,0.00028865814,0.010747605,0.31045848,0.67850524
7,7,none,pz,466,94,2,2,True,0.0014492865,0.0057834648,0.9441473,0.0486199
7,7,none,pz,467,94,2,2,True,0.0003374758,0.00084089173,0.9892948,0.0095267575
7,7,none,pz,468,94,3,3,True,0.00047462096,0.00093854044,0.43194145,0.5666454
7,7,none,pz,469,94,3,3,True,0.00064016617,0.0118778525,0.084382035,0.9030999
7,7,none,pz,470,94,2,2,True,0.0013794922,0.002586527,0.9053276,0.09070639
7,7,none,pz,471,94,2,2,True,0.0031291984,0.0056386273,0.79920715,0.1920249
7,7,none,pz,472,94,3,3,True,0.00071906374,0.008899943,0.13365376,0.85672724
7,7,none,pz,473,94,3,2,False,0.0015381684,0.011277536,0.9382674,0.048916887
7,7,none,pz,474,95,0,2,False,0.09118082,0.069729745,0.7100658,0.1290236
7,7,none,pz,475,95,1,3,False,0.0012096723,0.2792909,0.02705643,0.69244295
7,7,none,pz,476,95,1,1,True,0.0003364991,0.93050325,0.0377064,0.03145383
7,7,none,pz,477,95,0,3,False,0.46532282,0.0041118907,0.03901024,0.49155498
7,7,none,pz,478,95,0,0,True,0.90976536,0.004721628,0.0540173,0.03149584
7,7,none,pz,479,95,1,1,True,0.0029642605,0.73133814,0.04088002,0.22481753
7,7,none,pz,480,95,0,2,False,0.24794757,0.11520836,0.45191443,0.18492964
7,7,none,pz,481,95,1,1,True,0.00073521654,0.65385216,0.03207897,0.31333366
7,7,none,pz,482,95,0,0,True,0.7068802,0.030478103,0.11645715,0.14618458
7,7,none,pz,483,95,1,3,False,0.0011848706,0.04139727,0.16869748,0.78872037
7,7,none,pz,484,95,1,2,False,0.0009076835,0.44677976,0.48855934,0.0637532
7,7,none,pz,485,95,0,0,True,0.9393701,0.00017388808,0.039653778,0.020802118
7,7,none,pz,486,95,0,0,True,0.38536477,0.024653126,0.38379186,0.20619026
7,7,none,pz,487,95,1,2,False,0.004421531,0.1920238,0.53347945,0.27007523
7,7,none,pz,488,95,1,1,True,9.299987e-06,0.5353131,0.37836695,0.08631056
7,7,none,pz,489,95,2,2,True,0.0006318667,0.004891461,0.60353637,0.39094034
7,7,none,pz,490,95,3,3,True,0.00075735635,0.013985429,0.30103356,0.68422365
7,7,none,pz,491,95,2,2,True,0.00012709109,0.114931785,0.7760563,0.10888493
7,7,none,pz,492,95,3,3,True,0.00015099304,0.00029268337,0.0051044254,0.9944518
7,7,none,pz,493,95,3,3,True,3.4523797e-05,0.0033481184,0.0042373375,0.99238
7,7,none,pz,494,95,2,3,False,0.03739411,0.046780325,0.13730286,0.77852273
7,7,none,pz,495,95,2,2,True,0.0019672138,0.012913011,0.77273375,0.21238603
7,7,none,pz,496,95,3,3,True,0.0013554633,0.0006413765,0.0079186065,0.9900845
7,7,none,pz,497,95,3,3,True,5.714695e-05,0.00060807524,0.11670197,0.88263285
7,7,none,pz,498,95,2,3,False,0.00067811727,0.03161797,0.3021169,0.665587
7,7,none,pz,499,95,3,3,True,5.8050864e-05,0.021827878,0.007314171,0.97079986
7,7,none,pz,500,95,2,3,False,0.00012307435,0.00069241767,0.4635519,0.53563255
7,7,none,pz,501,95,3,3,True,0.0004125123,0.0015805041,0.06556815,0.93243885
7,7,none,pz,502,95,2,2,True,0.00017622997,0.0034412765,0.66525096,0.3311315
7,7,none,pz,503,95,2,3,False,0.0023400977,0.008833765,0.47265804,0.5161681
7,7,none,pz,504,95,1,3,False,0.00023342633,0.21097805,0.08337239,0.7054161
7,7,none,pz,505,95,0,3,False,0.19786075,0.013447184,0.04682468,0.74186736
7,7,none,pz,506,95,1,3,False,0.00018027726,0.08857139,0.029911267,0.8813371
7,7,none,pz,507,95,0,3,False,0.0064372327,0.0005493469,0.14981826,0.84319514
7,7,none,pz,508,95,0,0,True,0.73358816,0.005438675,0.05441207,0.20656113
7,7,none,pz,509,95,1,3,False,0.0014763224,0.008115745,0.23783837,0.7525695
7,7,none,pz,510,95,1,3,False,0.0005046999,0.030494971,0.31903,0.64997035
7,7,none,pz,511,95,0,3,False,0.03205894,0.00066959596,0.020283861,0.9469877
7,7,none,pz,512,95,0,3,False,0.039548717,0.0028706046,0.2050122,0.7525684
7,7,none,pz,513,95,1,3,False,6.8424706e-05,0.049976878,0.13436009,0.81559455
7,7,none,pz,514,95,0,3,False,0.114827365,0.00033717358,0.1207035,0.7641319
7,7,none,pz,515,95,1,2,False,0.0013241416,0.14795858,0.7899056,0.0608116
7,7,none,pz,516,95,0,3,False,0.024774631,0.007221575,0.025924347,0.9420794
7,7,none,pz,517,95,1,3,False,0.000399611,0.2811209,0.18809094,0.53038853
7,7,none,pz,518,95,0,3,False,0.10588317,0.004546986,0.18158783,0.707982
7,7,none,pz,519,95,3,3,True,1.5483674e-05,0.0061474973,0.018214805,0.97562224
7,7,none,pz,520,95,2,3,False,0.0013107182,0.00034794374,0.29063654,0.70770484
7,7,none,pz,521,95,3,3,True,2.803151e-06,0.0031181339,0.017383764,0.9794953
7,7,none,pz,522,95,2,2,True,0.0020263488,0.00015400769,0.83000475,0.1678149
7,7,none,pz,523,95,2,2,True,0.0002931825,0.0012655196,0.9041537,0.094287604
7,7,none,pz,524,95,3,3,True,0.00087376626,0.035091627,0.18731716,0.7767175
7,7,none,pz,525,95,2,2,True,0.00014694102,0.009745804,0.8808188,0.109288506
7,7,none,pz,526,95,3,3,True,6.828586e-05,0.00064369,0.0083556585,0.99093235
7,7,none,pz,527,95,2,2,True,0.0056873164,0.011696795,0.85801995,0.12459599
7,7,none,pz,528,95,3,3,True,4.719144e-06,0.0022089481,0.0020359908,0.9957503
7,7,none,pz,529,95,2,3,False,0.13167226,0.06568654,0.36919472,0.43344647
7,7,none,pz,530,95,3,3,True,0.0029301825,0.0028193726,0.3444046,0.64984584
7,7,none,pz,531,95,2,3,False,0.00013510839,0.0029975704,0.020626394,0.97624093
7,7,none,pz,532,95,3,3,True,0.00116488,0.021193707,0.32445303,0.65318835
7,7,none,pz,533,95,3,2,False,1.7861095e-05,0.054829255,0.72398597,0.22116692
7,7,none,pz,534,95,0,3,False,0.00027591852,0.0047405977,0.14013803,0.85484546
7,7,none,pz,535,95,1,3,False,0.0036369667,0.0044770343,0.10113277,0.8907532
7,7,none,pz,536,95,1,3,False,0.00021623528,0.00054931367,0.007382031,0.99185246
7,7,none,pz,537,95,0,3,False,0.0012888134,0.0030988033,0.43362236,0.56199
7,7,none,pz,538,95,0,3,False,0.0011135436,0.0013815195,0.14283337,0.85467154
7,7,none,pz,539,95,1,3,False,0.0027300306,0.10443964,0.2603888,0.6324415
7,7,none,pz,540,95,1,3,False,0.00026618352,0.008073247,0.0070641334,0.98459643
7,7,none,pz,541,95,0,2,False,0.0037928347,0.0025711397,0.6789949,0.31464112
7,7,none,pz,542,95,0,2,False,0.0016843814,0.0125809675,0.5712963,0.41443837
7,7,none,pz,543,95,1,3,False,0.00018184104,0.14490233,0.15109003,0.7038258
7,7,none,pz,544,95,0,3,False,0.0011067861,0.0085604545,0.34769034,0.6426424
7,7,none,pz,545,95,1,3,False,0.0044121984,0.0016930323,0.47791308,0.51598173
7,7,none,pz,546,95,1,3,False,0.0023051295,0.012660062,0.3191091,0.66592574
7,7,none,pz,547,95,0,2,False,7.989253e-05,0.0016034424,0.97924864,0.019068098
7,7,none,pz,548,95,0,2,False,0.017071357,0.008743332,0.93295074,0.041234612
7,7,none,pz,549,95,2,2,True,5.155747e-05,0.0007598417,0.9878029,0.011385617
7,7,none,pz,550,95,3,2,False,0.0032277608,0.05291036,0.7689652,0.17489678
7,7,none,pz,551,95,3,3,True,0.00034544544,0.01629372,0.11461322,0.86874765
7,7,none,pz,552,95,2,2,True,0.0035363918,0.005606462,0.71265674,0.2782004
7,7,none,pz,553,95,2,3,False,0.0010869914,0.01482018,0.1549291,0.82916373
7,7,none,pz,554,95,3,3,True,0.00023053208,0.0014011931,0.014138835,0.98422945
7,7,none,pz,555,95,2,2,True,0.00088071194,0.09507549,0.57980585,0.324238
7,7,none,pz,556,95,3,3,True,3.2659893e-05,0.009129902,0.044899307,0.94593817
7,7,none,pz,557,95,2,2,True,0.0007694549,0.011072328,0.78200644,0.2061518
7,7,none,pz,558,95,3,3,True,0.00024126748,0.08028652,0.037520684,0.8819516
7,7,none,pz,559,95,2,3,False,0.00029977204,0.0022529298,0.15202102,0.8454263
7,7,none,pz,560,95,3,3,True,0.007012723,0.03584204,0.40959188,0.54755336
7,7,none,pz,561,95,3,2,False,8.554937e-05,0.0058289245,0.91873217,0.0753534
7,7,none,pz,562,95,2,2,True,8.021972e-06,0.0034615498,0.9875823,0.00894808
7,7,none,pz,563,95,3,3,True,5.9072485e-05,0.0074633155,0.11134512,0.88113254
7,7,none,pz,564,96,1,1,True,0.06047056,0.7926631,0.103222705,0.043643624
7,7,none,pz,565,96,0,2,False,0.22262177,0.02319873,0.7411435,0.013035949
7,7,none,pz,566,96,0,0,True,0.47160962,0.06688963,0.26946512,0.19203563
7,7,none,pz,567,96,1,2,False,0.0018904705,0.28255722,0.54842466,0.16712762
7,7,none,pz,568,96,1,1,True,8.981911e-05,0.9374916,0.039082136,0.023336453
7,7,none,pz,569,96,0,2,False,0.15537836,0.0026761133,0.58005583,0.26188973
7,7,none,pz,570,96,1,1,True,0.0005488578,0.883387,0.11130228,0.004761811
7,7,none,pz,571,96,0,0,True,0.57820785,0.00033918823,0.3929123,0.028540608
7,7,none,pz,572,96,0,2,False,0.112622865,0.020659197,0.81233245,0.054385524
7,7,none,pz,573,96,1,1,True,0.00032366312,0.9493508,0.047769234,0.0025562665
7,7,none,pz,574,96,1,1,True,0.0003381831,0.9395366,0.05416541,0.0059599043
7,7,none,pz,575,96,0,2,False,0.07128281,0.0017486764,0.918231,0.00873749
7,7,none,pz,576,96,0,2,False,0.33570856,0.015231225,0.4764323,0.17262794
7,7,none,pz,577,96,1,3,False,0.0039931973,0.22343673,0.2993937,0.47317642
7,7,none,pz,578,96,1,1,True,0.00020297153,0.59791213,0.03601875,0.36586612
7,7,none,pz,579,96,3,2,False,0.0002463417,0.012936719,0.6481408,0.33867615
7,7,none,pz,580,96,2,2,True,0.0007100238,0.0003228948,0.98782396,0.011143052
7,7,none,pz,581,96,3,2,False,0.00026382259,0.0055142944,0.971101,0.023120858
7,7,none,pz,582,96,2,2,True,0.0017033843,0.00076365256,0.8858842,0.11164875
7,7,none,pz,583,96,2,2,True,0.007894602,0.002610292,0.77014893,0.21934615
7,7,none,pz,584,96,3,2,False,0.0047069113,0.0064124647,0.806317,0.18256366
7,7,none,pz,585,96,3,3,True,0.008976721,0.008242437,0.40788782,0.57489306
7,7,none,pz,586,96,2,2,True,0.0005809021,0.0007709262,0.8863416,0.11230665
7,7,none,pz,587,96,3,3,True,0.00032747147,0.0002815275,0.118410096,0.88098097
7,7,none,pz,588,96,2,2,True,0.0016551851,0.01547759,0.7148733,0.26799387
7,7,none,pz,589,96,2,2,True,0.0031063857,0.011368611,0.97114617,0.014378852
7,7,none,pz,590,96,3,2,False,0.013410129,0.05913,0.63813996,0.28931993
7,7,none,pz,591,96,3,3,True,0.0009903794,0.0034779108,0.1420898,0.85344183
7,7,none,pz,592,96,2,2,True,0.0011897071,0.002187725,0.9773817,0.019240823
7,7,none,pz,593,96,3,3,True,0.000793374,0.04339209,0.25627872,0.6995358
7,7,none,pz,594,96,0,2,False,0.31446326,0.002962534,0.65131736,0.031256843
7,7,none,pz,595,96,1,2,False,0.0006159758,0.003455293,0.99109167,0.004837116
7,7,none,pz,596,96,1,3,False,0.008292678,0.027776342,0.47203848,0.49189246
7,7,none,pz,597,96,0,0,True,0.91153026,0.00014253287,0.05954041,0.028786711
7,7,none,pz,598,96,1,2,False,0.06727868,0.26518175,0.6546115,0.0129280565
7,7,none,pz,599,96,0,2,False,0.011635793,0.00069138926,0.9355483,0.052124515
7,7,none,pz,600,96,0,2,False,0.06134845,0.0001798176,0.9308508,0.007620938
7,7,none,pz,601,96,1,1,True,0.0045020212,0.7666381,0.18548065,0.043379314
7,7,none,pz,602,96,0,0,True,0.7961246,0.0116541665,0.17736629,0.014854899
7,7,none,pz,603,96,1,2,False,0.0010292667,0.19989954,0.7707996,0.02827166
7,7,none,pz,604,96,1,3,False,0.0011275015,0.36229336,0.20996459,0.42661455
7,7,none,pz,605,96,0,2,False,0.10594499,0.00041488622,0.61520845,0.27843168
7,7,none,pz,606,96,1,3,False,0.000551075,0.022644142,0.40424526,0.57255954
7,7,none,pz,607,96,0,2,False,0.009137272,0.00018942439,0.9180395,0.07263374
7,7,none,pz,608,96,0,2,False,0.17540723,0.0005346361,0.6010502,0.22300792
7,7,none,pz,609,96,3,3,True,0.004955161,0.0016711527,0.1682995,0.82507414
7,7,none,pz,610,96,2,2,True,0.0001123094,0.00045690816,0.98165613,0.017774682
7,7,none,pz,611,96,3,2,False,0.010815516,0.023982214,0.89115804,0.07404421
7,7,none,pz,612,96,2,3,False,0.23472442,0.024517888,0.3148325,0.4259252
7,7,none,pz,613,96,3,3,True,0.00132016,0.011375901,0.033595636,0.95370823
7,7,none,pz,614,96,2,2,True,0.00049269246,0.001558429,0.94774944,0.050199453
7,7,none,pz,615,96,2,2,True,0.00051524234,0.0024491323,0.90011084,0.09692478
7,7,none,pz,616,96,3,2,False,0.00041087792,0.00033747646,0.9159511,0.08330056
7,7,none,pz,617,96,2,2,True,0.0051045106,0.00071839715,0.96118635,0.032990664
7,7,none,pz,618,96,3,2,False,0.13758983,0.013449083,0.4789477,0.37001336
7,7,none,pz,619,96,2,3,False,0.0018354015,0.001540197,0.4030133,0.5936112
7,7,none,pz,620,96,3,3,True,0.00094139547,0.0007532456,0.103934914,0.89437044
7,7,none,pz,621,96,2,2,True,0.049945608,0.0003183613,0.9179279,0.031808127
7,7,none,pz,622,96,3,3,True,0.008740193,0.004181574,0.05701056,0.9300677
7,7,none,pz,623,96,3,3,True,0.0038519136,0.0014332103,0.41658223,0.5781327
7,7,none,pz,624,96,1,1,True,0.0017326891,0.71596026,0.15286472,0.12944238
7,7,none,pz,625,96,0,2,False,0.31396666,0.0010253398,0.6307434,0.054264627
7,7,none,pz,626,96,1,2,False,0.009045691,0.008113212,0.9612248,0.021616256
7,7,none,pz,627,96,0,2,False,0.12378441,0.014636307,0.85759455,0.0039847116
7,7,none,pz,628,96,1,2,False,0.0023734316,0.10456727,0.82198125,0.071078025
7,7,none,pz,629,96,0,0,True,0.53378636,0.036194026,0.2642785,0.16574113
7,7,none,pz,630,96,0,2,False,0.37646967,0.0002227141,0.6217671,0.0015405527
7,7,none,pz,631,96,1,3,False,0.047965694,0.04335922,0.34976813,0.558907
7,7,none,pz,632,96,1,1,True,0.00056631013,0.94782645,0.03528127,0.016325954
7,7,none,pz,633,96,0,2,False,0.07114187,0.0030256512,0.8751857,0.050646763
7,7,none,pz,634,96,0,0,True,0.9341684,0.00017072678,0.06321729,0.0024435786
7,7,none,pz,635,96,1,2,False,0.0006325546,0.44969493,0.51331866,0.036353894
7,7,none,pz,636,96,1,2,False,0.0023361535,0.09931467,0.8760522,0.022297027
7,7,none,pz,637,96,0,3,False,0.2555845,0.044853132,0.31800467,0.38155773
7,7,none,pz,638,96,0,2,False,0.03556985,0.0023656508,0.587151,0.37491354
7,7,none,pz,639,96,2,2,True,0.00016767601,0.010643622,0.9876182,0.0015704335
7,7,none,pz,640,96,3,2,False,0.0038947524,0.0092468895,0.8732502,0.113608204
7,7,none,pz,641,96,2,2,True,0.034886785,0.0061220457,0.72102046,0.23797071
7,7,none,pz,642,96,3,2,False,0.0011629404,0.0043337564,0.6249126,0.3695907
7,7,none,pz,643,96,3,3,True,0.003724042,0.01027163,0.14230861,0.84369576
7,7,none,pz,644,96,2,2,True,5.8836322e-05,0.008174857,0.9663463,0.025419977
7,7,none,pz,645,96,3,3,True,0.022301503,0.013600944,0.16920784,0.79488975
7,7,none,pz,646,96,2,2,True,0.003107004,0.038870234,0.8977551,0.06026762
7,7,none,pz,647,96,2,2,True,0.0009550727,0.0141557995,0.973228,0.011661206
7,7,none,pz,648,96,3,2,False,0.022020042,0.062187508,0.6375685,0.278224
7,7,none,pz,649,96,2,2,True,0.005136355,0.006674626,0.72674423,0.2614448
7,7,none,pz,650,96,3,3,True,0.0031816703,0.0028091026,0.17260583,0.8214033
7,7,none,pz,651,96,2,2,True,0.0020062546,0.016600702,0.8203841,0.16100891
7,7,none,pz,652,96,3,2,False,0.07799606,0.01753881,0.6103184,0.29414678
7,7,none,pz,653,96,3,3,True,0.001110923,0.040904615,0.27515504,0.68282944
7,7,none,pz,654,97,0,2,False,0.17311227,0.084946945,0.55707324,0.18486758
7,7,none,pz,655,97,1,1,True,0.006075237,0.5793227,0.12265949,0.29194254
7,7,none,pz,656,97,1,1,True,0.1589879,0.4468481,0.3565333,0.03763075
7,7,none,pz,657,97,0,2,False,0.3239452,0.11928464,0.43776637,0.11900381
7,7,none,pz,658,97,0,0,True,0.7798356,0.019482186,0.1770475,0.023634676
7,7,none,pz,659,97,1,1,True,0.0023342622,0.8203418,0.11693488,0.06038908
7,7,none,pz,660,97,0,2,False,0.06497436,0.0089936,0.89983875,0.026193306
7,7,none,pz,661,97,1,1,True,0.00038990533,0.8801666,0.060447514,0.058996074
7,7,none,pz,662,97,0,2,False,0.03794115,0.15337683,0.48804232,0.32063973
7,7,none,pz,663,97,1,1,True,0.107678205,0.6703673,0.09569449,0.12626001
7,7,none,pz,664,97,1,1,True,0.0034333777,0.9662805,0.0021056454,0.0281804
7,7,none,pz,665,97,0,0,True,0.54317904,0.011632729,0.02878299,0.4164052
7,7,none,pz,666,97,1,2,False,0.014310462,0.031388007,0.69122624,0.2630753
7,7,none,pz,667,97,0,2,False,0.050867464,0.08358625,0.4988211,0.36672518
7,7,none,pz,668,97,0,0,True,0.57909346,0.30784664,0.06471523,0.048344664
7,7,none,pz,669,97,3,3,True,0.033721145,0.023552567,0.11258208,0.8301442
7,7,none,pz,670,97,2,3,False,0.17674957,0.0999507,0.33427614,0.3890236
7,7,none,pz,671,97,3,3,True,0.00023943726,0.018571338,0.044401016,0.93678826
7,7,none,pz,672,97,2,1,False,0.0011110139,0.49472928,0.08573938,0.4184203
7,7,none,pz,673,97,3,3,True,0.010814732,0.3219897,0.009319966,0.65787566
7,7,none,pz,674,97,2,3,False,0.0106820455,0.030190531,0.21074802,0.7483794
7,7,none,pz,675,97,3,2,False,0.0027131338,0.06884109,0.78532296,0.14312284
7,7,none,pz,676,97,2,1,False,0.0031172761,0.75534666,0.041896816,0.19963928
7,7,none,pz,677,97,3,2,False,0.006005558,0.10532517,0.4909817,0.39768752
7,7,none,pz,678,97,2,2,True,0.017195296,0.06104674,0.68592334,0.23583469
7,7,none,pz,679,97,3,3,True,0.008860707,0.011383121,0.07873893,0.9010172
7,7,none,pz,680,97,2,3,False,0.002067626,0.0016670264,0.0018957579,0.99436957
7,7,none,pz,681,97,3,3,True,0.01022423,0.0073118666,0.12848741,0.85397655
7,7,none,pz,682,97,2,1,False,0.0012770456,0.590996,0.12834413,0.27938288
7,7,none,pz,683,97,2,1,False,0.007900927,0.46321306,0.36692044,0.16196556
7,7,none,pz,684,97,0,2,False,0.012147568,0.1374155,0.44862503,0.40181187
7,7,none,pz,685,97,1,1,True,0.20300022,0.3942813,0.29639587,0.10632261
7,7,none,pz,686,97,1,1,True,0.0022135733,0.9314721,0.021558573,0.044755742
7,7,none,pz,687,97,0,3,False,0.23198523,0.017809276,0.33447674,0.41572875
7,7,none,pz,688,97,1,2,False,0.01574069,0.13764572,0.6124616,0.23415193
7,7,none,pz,689,97,0,2,False,0.025604667,0.027295321,0.51572263,0.43137738
7,7,none,pz,690,97,1,3,False,0.0048921932,0.046587627,0.22139765,0.72712255
7,7,none,pz,691,97,0,3,False,0.017161833,0.022052154,0.08791907,0.872867
7,7,none,pz,692,97,1,3,False,0.007971801,0.36559916,0.08390986,0.54251915
7,7,none,pz,693,97,0,3,False,0.07872334,0.0138009535,0.21102244,0.6964533
7,7,none,pz,694,97,0,0,True,0.58352387,0.02541481,0.34261525,0.048446026
7,7,none,pz,695,97,1,1,True,0.0015008948,0.694551,0.09722181,0.20672631
7,7,none,pz,696,97,0,3,False,0.008108707,0.0071515217,0.005210522,0.9795292
7,7,none,pz,697,97,1,3,False,0.0046900595,0.14675663,0.07040845,0.7781448
7,7,none,pz,698,97,1,3,False,0.00022511718,0.05064145,0.0025645928,0.9465689
7,7,none,pz,699,97,3,3,True,0.00054235756,0.031700876,0.1816705,0.78608626
7,7,none,pz,700,97,2,2,True,0.02799656,0.012626018,0.7305736,0.22880389
7,7,none,pz,701,97,2,2,True,0.0059267087,0.071551554,0.47838706,0.44413468
7,7,none,pz,702,97,3,3,True,0.0005544089,0.024099905,0.26128724,0.71405846
7,7,none,pz,703,97,3,2,False,0.012946941,0.32067713,0.42286247,0.24351344
7,7,none,pz,704,97,2,1,False,0.024505248,0.7186143,0.051187366,0.20569314
7,7,none,pz,705,97,2,3,False,0.0023528852,0.092725925,0.32530493,0.57961625
7,7,none,pz,706,97,3,2,False,0.0041446756,0.041838173,0.6273446,0.32667252
7,7,none,pz,707,97,2,2,True,0.0013629762,0.021496896,0.82962376,0.1475164
7,7,none,pz,708,97,3,3,True,0.0010491405,0.124260604,0.084250234,0.79044
7,7,none,pz,709,97,3,3,True,0.032222897,0.0048135486,0.10101232,0.8619513
7,7,none,pz,710,97,2,2,True,0.007825431,0.04343687,0.5210337,0.42770398
7,7,none,pz,711,97,3,3,True,0.026204305,0.015737081,0.38681585,0.5712428
7,7,none,pz,712,97,2,3,False,0.051267106,0.0073788,0.37373602,0.56761813
7,7,none,pz,713,97,3,3,True,0.016363416,0.20278637,0.14077455,0.6400757
7,7,none,pz,714,97,1,3,False,0.0061366754,0.04992899,0.15957701,0.78435737
7,7,none,pz,715,97,0,2,False,0.018384106,0.10901312,0.8166398,0.055962924
7,7,none,pz,716,97,1,2,False,0.00552879,0.31425148,0.35477617,0.32544357
7,7,none,pz,717,97,0,0,True,0.47200277,0.16729622,0.35221338,0.008487668
7,7,none,pz,718,97,1,2,False,0.04824784,0.06286421,0.8246448,0.064243115
7,7,none,pz,719,97,0,3,False,0.28849104,0.014814037,0.06958399,0.62711096
7,7,none,pz,720,97,0,3,False,0.32425258,0.05594623,0.12075374,0.4990475
7,7,none,pz,721,97,1,3,False,0.010910046,0.30251783,0.31287864,0.37369353
7,7,none,pz,722,97,1,3,False,0.002193239,0.12488082,0.1411675,0.7317584
7,7,none,pz,723,97,0,3,False,0.37915355,0.12247092,0.06026454,0.438111
7,7,none,pz,724,97,1,3,False,0.012453645,0.43135837,0.10276438,0.45342356
7,7,none,pz,725,97,0,2,False,0.04920263,0.114274874,0.6003707,0.23615178
7,7,none,pz,726,97,0,0,True,0.56379575,0.021410435,0.2367001,0.1780937
7,7,none,pz,727,97,1,2,False,0.0040813345,0.014880912,0.6870271,0.29401067
7,7,none,pz,728,97,0,2,False,0.16045476,0.008681488,0.5597696,0.27109414
7,7,none,pz,729,97,3,3,True,0.014462183,0.017563712,0.21965851,0.7483156
7,7,none,pz,730,97,2,1,False,0.00092350435,0.5885373,0.046803266,0.3637359
7,7,none,pz,731,97,2,2,True,0.0075362823,0.019886006,0.8274698,0.1451079
7,7,none,pz,732,97,3,3,True,0.05063388,0.0589875,0.28839418,0.60198444
7,7,none,pz,733,97,2,3,False,0.0026267872,0.018129118,0.064618066,0.91462606
7,7,none,pz,734,97,3,3,True,0.01738106,0.07602932,0.2768229,0.6297667
7,7,none,pz,735,97,2,2,True,0.06272815,0.04795601,0.5836895,0.3056263
7,7,none,pz,736,97,3,3,True,0.008412734,0.05887679,0.12744331,0.80526716
7,7,none,pz,737,97,3,3,True,0.007616632,0.01864413,0.22179992,0.7519393
7,7,none,pz,738,97,2,2,True,0.012800257,0.09889455,0.74961,0.13869518
7,7,none,pz,739,97,3,3,True,0.0017703315,0.03225659,0.1203312,0.84564185
7,7,none,pz,740,97,2,3,False,0.004813827,0.20827301,0.11710166,0.6698115
7,7,none,pz,741,97,2,3,False,0.0071482286,0.057533253,0.14619887,0.78911966
7,7,none,pz,742,97,3,3,True,0.019036464,0.043451507,0.44775182,0.48976022
7,7,none,pz,743,97,2,3,False,0.2961668,0.13360403,0.2056524,0.36457676
7,7,none,pz,744,98,0,0,True,0.83549017,0.016333262,0.14534447,0.0028321075
7,7,none,pz,745,98,1,2,False,0.08096222,0.13146979,0.76730245,0.020265518
7,7,none,pz,746,98,1,1,True,0.15487587,0.58707356,0.21504971,0.04300087
7,7,none,pz,747,98,0,2,False,0.44180158,0.017969297,0.5169682,0.023260938
7,7,none,pz,748,98,0,0,True,0.69609314,0.015754871,0.2222466,0.06590536
7,7,none,pz,749,98,1,2,False,0.08054676,0.42487612,0.46933964,0.02523748
7,7,none,pz,750,98,1,1,True,0.06697162,0.7033221,0.15691176,0.072794534
7,7,none,pz,751,98,0,2,False,0.15454333,0.2470414,0.54021364,0.058201663
7,7,none,pz,752,98,1,2,False,0.16594885,0.23294435,0.5760978,0.025009
7,7,none,pz,753,98,0,0,True,0.52790296,0.042504266,0.42153138,0.008061394
7,7,none,pz,754,98,1,1,True,0.27600488,0.6177731,0.07000555,0.036216516
7,7,none,pz,755,98,0,0,True,0.76244235,0.019836495,0.20391269,0.013808468
7,7,none,pz,756,98,0,2,False,0.10539931,0.06535587,0.814389,0.014855868
7,7,none,pz,757,98,1,2,False,0.049235944,0.09271917,0.5276734,0.3303715
7,7,none,pz,758,98,0,2,False,0.1905934,0.038537268,0.7424351,0.028434224
7,7,none,pz,759,98,3,3,True,0.02072268,0.0035107592,0.012417912,0.9633487
7,7,none,pz,760,98,2,2,True,0.18766564,0.022047551,0.6193814,0.17090538
7,7,none,pz,761,98,3,3,True,0.01836558,0.009515126,0.09132803,0.88079125
7,7,none,pz,762,98,2,2,True,0.3016923,0.14125876,0.52399445,0.033054512
7,7,none,pz,763,98,2,2,True,0.34106398,0.060251735,0.5595249,0.039159443
7,7,none,pz,764,98,3,3,True,0.03693668,0.13662976,0.30234385,0.52408975
7,7,none,pz,765,98,2,2,True,0.07707327,0.026020998,0.85356116,0.043344554
7,7,none,pz,766,98,3,2,False,0.16674852,0.11594756,0.38643646,0.33086738
7,7,none,pz,767,98,2,2,True,0.26222566,0.006650955,0.49196145,0.2391619
7,7,none,pz,768,98,3,3,True,0.03538821,0.020177303,0.025339868,0.9190946
7,7,none,pz,769,98,3,0,False,0.37485474,0.02186777,0.23894799,0.36432952
7,7,none,pz,770,98,2,2,True,0.08287203,0.015394659,0.8167853,0.084948
7,7,none,pz,771,98,2,2,True,0.14819947,0.016561199,0.5138816,0.32135773
7,7,none,pz,772,98,3,0,False,0.7327317,0.05320888,0.13288781,0.08117162
7,7,none,pz,773,98,3,2,False,0.1381831,0.020157523,0.53191084,0.3097486
7,7,none,pz,774,98,1,1,True,0.03802178,0.6649426,0.2628931,0.03414252
7,7,none,pz,775,98,0,2,False,0.30516154,0.028161421,0.61899245,0.047684662
7,7,none,pz,776,98,0,0,True,0.78844994,0.008798496,0.1797389,0.02301274
7,7,none,pz,777,98,1,2,False,0.16048363,0.24253196,0.34366786,0.2533166
7,7,none,pz,778,98,0,0,True,0.8931816,0.019207504,0.06722175,0.0203891
7,7,none,pz,779,98,1,3,False,0.08498809,0.04521865,0.37889588,0.49089742
7,7,none,pz,780,98,1,3,False,0.01351015,0.094900034,0.37519038,0.51639944
7,7,none,pz,781,98,0,0,True,0.78311193,0.0028294732,0.1067735,0.10728508
7,7,none,pz,782,98,0,0,True,0.61738706,0.04951365,0.24626762,0.08683169
7,7,none,pz,783,98,1,2,False,0.20793253,0.23530054,0.4023906,0.15437637
7,7,none,pz,784,98,0,2,False,0.37043917,0.008627806,0.3812767,0.23965637
7,7,none,pz,785,98,1,2,False,0.054815553,0.26133817,0.6182756,0.06557073
7,7,none,pz,786,98,1,3,False,0.024287174,0.16242462,0.26676863,0.5465196
7,7,none,pz,787,98,0,0,True,0.94711405,0.002734439,0.032891493,0.017259967
7,7,none,pz,788,98,0,2,False,0.020535626,0.009196705,0.9018554,0.068412304
7,7,none,pz,789,98,3,3,True,0.053168345,0.024080569,0.1968516,0.7258995
7,7,none,pz,790,98,2,2,True,0.2143558,0.006347579,0.6714618,0.1078348
7,7,none,pz,791,98,3,2,False,0.18409725,0.01955991,0.41582486,0.38051796
7,7,none,pz,792,98,2,2,True,0.032295458,0.042975716,0.9051685,0.019560402
7,7,none,pz,793,98,2,2,True,0.4044698,0.017608775,0.49530435,0.08261713
7,7,none,pz,794,98,3,3,True,0.108524494,0.04266765,0.1262561,0.72255176
7,7,none,pz,795,98,2,2,True,0.1438091,0.0208847,0.7680412,0.06726498
7,7,none,pz,796,98,3,3,True,0.04797116,0.010710557,0.05158185,0.8897365
7,7,none,pz,797,98,3,2,False,0.05772403,0.0015004047,0.54675287,0.39402273
7,7,none,pz,798,98,2,2,True,0.03129698,0.024649806,0.48202816,0.46202505
7,7,none,pz,799,98,2,2,True,0.032224193,0.016718615,0.9313417,0.019715426
7,7,none,pz,800,98,3,2,False,0.34408298,0.24085246,0.4005218,0.014542749
7,7,none,pz,801,98,2,3,False,0.082448944,0.022108106,0.22735092,0.6680921
7,7,none,pz,802,98,3,3,True,0.034071755,0.00757027,0.21183474,0.7465232
7,7,none,pz,803,98,3,2,False,0.10294437,0.0033444697,0.6859354,0.20777586
7,7,none,pz,804,98,0,2,False,0.29670218,0.031158084,0.60624343,0.06589631
7,7,none,pz,805,98,1,0,False,0.51665705,0.04783091,0.11348883,0.3220232
7,7,none,pz,806,98,1,3,False,0.28680384,0.03626794,0.29476103,0.3821672
7,7,none,pz,807,98,0,2,False,0.24323076,0.080983855,0.62990516,0.04588025
7,7,none,pz,808,98,0,1,False,0.16474137,0.71832246,0.103780776,0.013155425
7,7,none,pz,809,98,1,3,False,0.11116973,0.015708178,0.032554865,0.84056723
7,7,none,pz,810,98,1,0,False,0.4601845,0.05362286,0.2163657,0.26982695
7,7,none,pz,811,98,0,0,True,0.4991337,0.013528172,0.3676036,0.11973453
7,7,none,pz,812,98,0,0,True,0.57804084,0.17493598,0.121339165,0.12568395
7,7,none,pz,813,98,1,0,False,0.97695655,0.0073777535,0.006917393,0.008748341
7,7,none,pz,814,98,0,2,False,0.18770054,0.07801808,0.43865532,0.2956261
7,7,none,pz,815,98,1,0,False,0.5818047,0.056335263,0.07478796,0.28707206
7,7,none,pz,816,98,1,0,False,0.6085218,0.040622916,0.22229789,0.12855737
7,7,none,pz,817,98,0,2,False,0.04498152,0.021088727,0.8632573,0.07067245
7,7,none,pz,818,98,1,0,False,0.37381867,0.21404774,0.37307575,0.039057855
7,7,none,pz,819,98,2,0,False,0.3575248,0.088087365,0.33293694,0.2214509
7,7,none,pz,820,98,3,1,False,0.023410687,0.87276983,0.09163731,0.01218221
7,7,none,pz,821,98,3,2,False,0.082784355,0.09528386,0.52864,0.2932919
7,7,none,pz,822,98,2,0,False,0.4730431,0.005723295,0.27318725,0.24804628
7,7,none,pz,823,98,2,2,True,0.15754624,0.0098883575,0.5317417,0.3008237
7,7,none,pz,824,98,3,2,False,0.016055474,0.04196202,0.6049824,0.3370002
7,7,none,pz,825,98,3,3,True,0.110401645,0.004533989,0.31649598,0.5685684
7,7,none,pz,826,98,2,2,True,0.31394243,0.029037094,0.49132898,0.16569154
7,7,none,pz,827,98,3,3,True,0.047904786,0.047723524,0.124412924,0.7799588
7,7,none,pz,828,98,2,2,True,0.31943673,0.055093333,0.5356484,0.08982155
7,7,none,pz,829,98,3,3,True,0.09565436,0.03466727,0.09687029,0.77280813
7,7,none,pz,830,98,2,2,True,0.15161185,0.026784273,0.42689005,0.39471385
7,7,none,pz,831,98,3,3,True,0.079568595,0.024882905,0.1677952,0.72775334
7,7,none,pz,832,98,2,0,False,0.62846446,0.01329243,0.20102511,0.15721801
7,7,none,pz,833,98,3,0,False,0.601704,0.28932056,0.027398176,0.0815773
7,7,none,pz,834,99,1,3,False,0.02680978,0.09854522,0.23392384,0.6407212
7,7,none,pz,835,99,0,2,False,0.0071664755,0.003369813,0.9746806,0.014783048
7,7,none,pz,836,99,0,0,True,0.42183977,0.08487569,0.13050833,0.36277622
7,7,none,pz,837,99,1,3,False,0.092780724,0.13657764,0.0061803665,0.7644613
7,7,none,pz,838,99,0,1,False,0.02832526,0.42805532,0.2996218,0.24399763
7,7,none,pz,839,99,1,3,False,0.056543548,0.031936724,0.02093716,0.89058256
7,7,none,pz,840,99,1,3,False,0.01971937,0.10061495,0.111084156,0.76858157
7,7,none,pz,841,99,0,3,False,0.0072686947,0.02236195,0.38411152,0.5862579
7,7,none,pz,842,99,0,3,False,0.08982983,0.054777145,0.1766205,0.67877257
7,7,none,pz,843,99,1,3,False,0.0062195486,0.005671827,0.4625589,0.52554977
7,7,none,pz,844,99,1,1,True,0.0012042242,0.983987,0.01161114,0.0031977717
7,7,none,pz,845,99,0,3,False,0.012375628,0.094309054,0.3579652,0.5353501
7,7,none,pz,846,99,1,3,False,0.028748114,0.20001765,0.2977956,0.47343868
7,7,none,pz,847,99,0,3,False,0.041603386,0.0033497561,0.12680753,0.8282393
7,7,none,pz,848,99,1,3,False,0.0108448025,0.26904505,0.22041774,0.49969238
7,7,none,pz,849,99,3,3,True,0.011185369,0.24448161,0.3160165,0.4283166
7,7,none,pz,850,99,2,3,False,0.023714239,0.012498676,0.24049288,0.72329414
7,7,none,pz,851,99,3,2,False,0.01870257,0.03255884,0.7892838,0.15945476
7,7,none,pz,852,99,2,2,True,0.007920646,0.0049516433,0.9746669,0.012460871
7,7,none,pz,853,99,3,2,False,0.03249723,0.04456502,0.6032459,0.31969184
7,7,none,pz,854,99,2,2,True,0.1263284,0.044431433,0.7732065,0.056033727
7,7,none,pz,855,99,3,2,False,0.017141376,0.13993251,0.6275731,0.21535307
7,7,none,pz,856,99,2,3,False,0.02359769,0.006491668,0.4452799,0.5246307
7,7,none,pz,857,99,2,3,False,0.060808636,0.23221539,0.2486231,0.4583529
7,7,none,pz,858,99,3,2,False,0.1879805,0.044283662,0.38678977,0.38094613
7,7,none,pz,859,99,3,3,True,0.012078773,0.022384943,0.42132956,0.54420674
7,7,none,pz,860,99,2,3,False,0.029698603,0.05117698,0.29228634,0.6268381
7,7,none,pz,861,99,2,2,True,0.08627272,0.1013421,0.52100307,0.2913821
7,7,none,pz,862,99,3,2,False,0.006686046,0.06087865,0.5476545,0.38478076
7,7,none,pz,863,99,3,3,True,0.047197863,0.053925116,0.18469088,0.7141862
7,7,none,pz,864,99,0,0,True,0.67317367,0.0012729138,0.11524312,0.21031031
7,7,none,pz,865,99,1,3,False,0.12648371,0.0657311,0.26999146,0.53779376
7,7,none,pz,866,99,0,3,False,0.020466486,0.061560974,0.030321147,0.88765144
7,7,none,pz,867,99,1,3,False,0.121854626,0.28504792,0.14234386,0.45075357
7,7,none,pz,868,99,1,1,True,0.003665043,0.5976232,0.025603244,0.37310842
7,7,none,pz,869,99,0,0,True,0.52098644,0.005765358,0.13751411,0.3357341
7,7,none,pz,870,99,1,3,False,0.13053264,0.19934222,0.1500218,0.52010334
7,7,none,pz,871,99,0,0,True,0.41886958,0.0037138532,0.16145,0.41596657
7,7,none,pz,872,99,1,2,False,0.12559377,0.24201262,0.44730273,0.18509085
7,7,none,pz,873,99,0,3,False,0.017913043,0.0010122344,0.008021574,0.9730531
7,7,none,pz,874,99,1,3,False,0.012909718,0.028726475,0.029174218,0.92918956
7,7,none,pz,875,99,0,2,False,0.1150395,0.03230545,0.5361456,0.31650943
7,7,none,pz,876,99,1,2,False,0.05070925,0.045416046,0.64908487,0.2547898
7,7,none,pz,877,99,0,3,False,0.10119752,0.056477547,0.23713207,0.6051929
7,7,none,pz,878,99,0,0,True,0.95827097,0.0018371132,0.015449367,0.024442542
7,7,none,pz,879,99,2,3,False,0.007846491,0.007975223,0.029086353,0.95509195
7,7,none,pz,880,99,3,2,False,0.007419293,0.031232636,0.53261137,0.42873675
7,7,none,pz,881,99,2,3,False,0.020606192,0.26720792,0.099201605,0.61298424
7,7,none,pz,882,99,3,3,True,0.039561756,0.055472396,0.3957846,0.5091812
7,7,none,pz,883,99,3,0,False,0.49854696,0.07471777,0.12731113,0.29942414
7,7,none,pz,884,99,2,2,True,0.4006852,0.005780946,0.5308564,0.06267755
7,7,none,pz,885,99,3,3,True,0.055893857,0.033545762,0.22268409,0.68787634
7,7,none,pz,886,99,2,3,False,0.05542129,0.004168348,0.46369708,0.47671333
7,7,none,pz,887,99,2,1,False,0.0047686645,0.89931816,0.005099818,0.090813346
7,7,none,pz,888,99,3,0,False,0.5822477,0.02720107,0.02836749,0.36218378
7,7,none,pz,889,99,2,3,False,0.14228655,0.009612476,0.023933215,0.8241677
7,7,none,pz,890,99,3,3,True,0.010036879,0.021027701,0.26288605,0.7060494
7,7,none,pz,891,99,2,3,False,0.010455951,0.0030606538,0.34610602,0.64037734
7,7,none,pz,892,99,3,3,True,0.020715734,0.015987977,0.24791297,0.71538335
7,7,none,pz,893,99,3,3,True,0.0134010175,0.11037375,0.39936277,0.4768625
7,7,none,pz,894,99,0,0,True,0.5327864,0.03183152,0.30500436,0.1303778
7,7,none,pz,895,99,1,3,False,0.1629261,0.0063477894,0.04373019,0.78699595
7,7,none,pz,896,99,0,2,False,0.017414253,0.16657262,0.57384896,0.24216412
7,7,none,pz,897,99,1,2,False,0.018820109,0.22095999,0.5235524,0.23666748
7,7,none,pz,898,99,1,1,True,0.0088514825,0.7762512,0.05054245,0.1643549
7,7,none,pz,899,99,0,3,False,0.0096005155,0.00499079,0.42200354,0.56340516
7,7,none,pz,900,99,0,2,False,0.01265125,0.025928186,0.84174174,0.119678825
7,7,none,pz,901,99,1,1,True,0.0076027997,0.50522935,0.25812906,0.22903877
7,7,none,pz,902,99,0,2,False,0.0074055092,0.23876233,0.6087997,0.14503248
7,7,none,pz,903,99,1,3,False,0.20816068,0.30507955,0.061993394,0.4247663
7,7,none,pz,904,99,1,3,False,0.004895784,0.050642524,0.20493437,0.73952734
7,7,none,pz,905,99,0,2,False,0.010359697,0.01714591,0.63252896,0.33996543
7,7,none,pz,906,99,0,3,False,0.18920168,0.008862087,0.27462712,0.5273091
7,7,none,pz,907,99,1,2,False,0.016793845,0.10154297,0.7328017,0.14886148
7,7,none,pz,908,99,1,2,False,0.005565661,0.029958207,0.807624,0.15685222
7,7,none,pz,909,99,2,2,True,0.0030261737,0.004704656,0.52172935,0.4705398
7,7,none,pz,910,99,3,3,True,0.025306193,0.24367504,0.10920769,0.62181103
7,7,none,pz,911,99,2,2,True,0.06754305,0.08998795,0.6162438,0.22622524
7,7,none,pz,912,99,3,2,False,0.0066189957,0.071573704,0.6200071,0.30180016
7,7,none,pz,913,99,3,2,False,0.04105774,0.026636338,0.58883244,0.34347343
7,7,none,pz,914,99,2,3,False,0.004797499,0.013496469,0.35855895,0.6231471
7,7,none,pz,915,99,2,3,False,0.004774027,0.018950166,0.249631,0.7266448
7,7,none,pz,916,99,3,3,True,0.0076760985,0.030543568,0.14955221,0.8122281
7,7,none,pz,917,99,3,3,True,0.26324514,0.0023040054,0.28628597,0.4481649
7,7,none,pz,918,99,2,3,False,0.13031557,0.0026983288,0.40282273,0.4641634
7,7,none,pz,919,99,3,3,True,0.044968493,0.1728879,0.03921529,0.7429283
7,7,none,pz,920,99,2,3,False,0.056016583,0.025266012,0.41067004,0.5080474
7,7,none,pz,921,99,3,2,False,0.0027207176,0.035070658,0.526564,0.43564463
7,7,none,pz,922,99,2,2,True,0.0017126768,0.41696715,0.52501166,0.056308538
7,7,none,pz,923,99,3,3,True,0.0029385444,0.026724868,0.025935523,0.944401
7,7,none,pz,924,100,0,2,False,0.37822917,0.013836523,0.5575101,0.050424192
7,7,none,pz,925,100,1,3,False,0.0025354356,0.06500239,0.38244882,0.55001336
7,7,none,pz,926,100,1,1,True,0.005789714,0.78485024,0.08989427,0.11946579
7,7,none,pz,927,100,0,3,False,0.0018608907,0.03145884,0.4227007,0.5439796
7,7,none,pz,928,100,0,0,True,0.75573677,0.0026302706,0.05822011,0.18341282
7,7,none,pz,929,100,1,2,False,0.008470248,0.048732013,0.5190923,0.4237054
7,7,none,pz,930,100,0,0,True,0.8359028,0.00033883163,0.06350475,0.100253634
7,7,none,pz,931,100,1,3,False,0.0013264171,0.0059277355,0.16909888,0.82364696
7,7,none,pz,932,100,1,1,True,0.0004132559,0.9765419,0.02041467,0.0026301972
7,7,none,pz,933,100,0,2,False,0.010593767,0.0016471514,0.846022,0.14173701
7,7,none,pz,934,100,1,2,False,0.0013305779,0.067413226,0.5937547,0.33750153
7,7,none,pz,935,100,0,2,False,0.022692466,0.0028073771,0.9009223,0.07357788
7,7,none,pz,936,100,3,3,True,0.012211711,0.0031957177,0.033132426,0.9514601
7,7,none,pz,937,100,2,2,True,0.04283025,0.013266977,0.82706136,0.1168414
7,7,none,pz,938,100,3,3,True,0.013099908,0.0028808215,0.05164418,0.93237513
7,7,none,pz,939,100,2,2,True,0.013427699,0.068086475,0.7741,0.14438587
7,7,none,pz,940,100,3,3,True,0.037596304,0.0020580376,0.31119496,0.64915067
7,7,none,pz,941,100,2,2,True,0.020275665,0.023699349,0.9479587,0.0080662705
7,7,none,pz,942,100,3,2,False,0.06888166,0.027195824,0.47545767,0.42846483
7,7,none,pz,943,100,2,2,True,0.011626855,0.0021285207,0.97900236,0.007242376
7,7,none,pz,944,100,3,2,False,0.008006403,0.0070336983,0.92141455,0.06354537
7,7,none,pz,945,100,2,2,True,0.00887851,0.015486318,0.9625426,0.013092531
7,7,none,pz,946,100,3,1,False,0.0011511944,0.4704416,0.28844622,0.23996103
7,7,none,pz,947,100,2,3,False,0.0052782213,0.0102286935,0.37658343,0.6079097
7,7,none,pz,948,100,1,1,True,0.003290847,0.8889194,0.10131066,0.006479107
7,7,none,pz,949,100,0,2,False,0.197103,0.06696679,0.5326894,0.20324078
7,7,none,pz,950,100,0,3,False,0.16187401,0.014407949,0.23325078,0.5904673
7,7,none,pz,951,100,1,3,False,0.003791595,0.0569653,0.2820529,0.65719014
7,7,none,pz,952,100,1,1,True,0.058439746,0.51884276,0.2099883,0.21272916
7,7,none,pz,953,100,0,2,False,0.010805903,0.024955356,0.8406999,0.123538814
7,7,none,pz,954,100,0,3,False,0.3501818,0.11862934,0.15464877,0.37654015
7,7,none,pz,955,100,1,1,True,0.0010101061,0.76922506,0.06352629,0.1662386
7,7,none,pz,956,100,1,3,False,0.007654867,0.2935577,0.04554868,0.6532387
7,7,none,pz,957,100,0,3,False,0.0028749548,0.13952406,0.38261527,0.47498578
7,7,none,pz,958,100,0,0,True,0.85829026,0.016346985,0.10304697,0.022315802
7,7,none,pz,959,100,1,1,True,0.0012783284,0.9191913,0.05177074,0.027759636
7,7,none,pz,960,100,3,3,True,0.0031456964,0.0011670816,0.04813551,0.9475517
7,7,none,pz,961,100,2,2,True,0.0092672715,0.0010985966,0.64395744,0.34567663
7,7,none,pz,962,100,2,2,True,0.01429913,0.005495717,0.93485343,0.045351665
7,7,none,pz,963,100,3,3,True,0.0056532705,0.012114085,0.0861736,0.89605904
7,7,none,pz,964,100,2,2,True,0.101486534,0.053566746,0.7547061,0.09024058
7,7,none,pz,965,100,3,3,True,0.23470193,0.0016490864,0.07112065,0.6925283
7,7,none,pz,966,100,2,2,True,0.011484093,0.07640966,0.6269906,0.28511557
7,7,none,pz,967,100,3,3,True,0.12087806,0.032032397,0.094834544,0.752255
7,7,none,pz,968,100,2,2,True,0.16627829,0.3274279,0.47096837,0.03532544
7,7,none,pz,969,100,3,3,True,0.0066587813,0.15207234,0.18765755,0.65361136
7,7,none,pz,970,100,2,3,False,0.13405995,0.024049785,0.095403865,0.74648637
7,7,none,pz,971,100,3,3,True,0.06726704,0.048941463,0.16211268,0.7216788
7,7,none,pz,972,100,1,1,True,0.0021580441,0.61029726,0.11409596,0.27344865
7,7,none,pz,973,100,0,2,False,0.16476789,0.0059029637,0.52381873,0.30551043
7,7,none,pz,974,100,0,3,False,0.00023170064,0.00018768306,0.4345648,0.56501585
7,7,none,pz,975,100,1,2,False,0.058950923,0.00404818,0.76211977,0.17488118
7,7,none,pz,976,100,1,1,True,0.0025812539,0.8472757,0.13444501,0.015698155
7,7,none,pz,977,100,0,0,True,0.86206746,0.00019091066,0.12614678,0.011594788
7,7,none,pz,978,100,0,2,False,0.15446265,0.018161025,0.65470266,0.17267357
7,7,none,pz,979,100,1,1,True,0.061818816,0.45591286,0.2518293,0.23043896
7,7,none,pz,980,100,1,3,False,0.004573092,0.11582645,0.4263654,0.45323512
7,7,none,pz,981,100,0,2,False,0.24960658,0.013813288,0.6997661,0.036814056
7,7,none,pz,982,100,0,3,False,0.018889908,0.019818174,0.29317448,0.6681175
7,7,none,pz,983,100,1,2,False,0.005990951,0.2817784,0.5043318,0.2078988
7,7,none,pz,984,100,2,2,True,0.011325235,0.03128638,0.6858374,0.27155095
7,7,none,pz,985,100,3,3,True,0.00091006624,0.007653494,0.4191477,0.5722887
7,7,none,pz,986,100,2,3,False,0.017980047,0.015406351,0.29155177,0.6750618
7,7,none,pz,987,100,3,3,True,0.0025144953,0.038195487,0.1403406,0.81894946
7,7,none,pz,988,100,3,3,True,0.009092615,0.21242261,0.14631319,0.6321716
7,7,none,pz,989,100,2,0,False,0.44047073,0.20767598,0.32039848,0.031454783
7,7,none,pz,990,100,2,2,True,0.0106257405,0.047076285,0.6433777,0.29892024
7,7,none,pz,991,100,3,3,True,0.0038933791,0.014880484,0.4485821,0.532644
7,7,none,pz,992,100,3,3,True,0.000121252255,0.004882513,0.071988344,0.9230079
7,7,none,pz,993,100,2,3,False,0.033854697,0.0459346,0.44816065,0.47205004
7,7,none,pz,994,100,2,3,False,0.00202516,0.0046255947,0.3427313,0.650618
7,7,none,pz,995,100,3,3,True,8.536004e-05,0.0012039263,0.06353207,0.9351787
7,7,none,pz,996,101,0,2,False,0.09802499,0.023341674,0.86328715,0.015346244
7,7,none,pz,997,101,1,1,True,0.0022823869,0.9081238,0.07193968,0.017654205
7,7,none,pz,998,101,1,1,True,0.104798175,0.51124525,0.32451755,0.059439026
7,7,none,pz,999,101,0,0,True,0.99320894,0.0045340946,0.0016141186,0.000642766
7,7,none,pz,1000,101,1,1,True,0.0015439164,0.9856149,0.0101492265,0.0026919756
7,7,none,pz,1001,101,0,0,True,0.9985322,0.0008978596,0.0005343954,3.5545843e-05
7,7,none,pz,1002,101,1,1,True,0.0006517427,0.9973442,0.00053778954,0.001466249
7,7,none,pz,1003,101,0,0,True,0.99319446,0.0009875147,0.0056490353,0.00016889762
7,7,none,pz,1004,101,1,1,True,0.0031683655,0.9901186,0.004629665,0.002083402
7,7,none,pz,1005,101,0,0,True,0.9920548,0.00658852,0.0012998371,5.6863384e-05
7,7,none,pz,1006,101,0,0,True,0.9598907,0.0066924985,0.03279813,0.0006186197
7,7,none,pz,1007,101,1,1,True,0.0011636884,0.878672,0.11681648,0.0033477386
7,7,none,pz,1008,101,1,1,True,0.0004244069,0.9939276,0.004228144,0.0014198229
7,7,none,pz,1009,101,0,0,True,0.6813628,0.0005328823,0.28648266,0.03162165
7,7,none,pz,1010,101,0,0,True,0.9725151,0.0017796741,0.024518935,0.0011862379
7,7,none,pz,1011,101,2,1,False,0.019358752,0.6961232,0.28279248,0.0017255448
7,7,none,pz,1012,101,3,1,False,0.028208114,0.49206737,0.46115202,0.018572463
7,7,none,pz,1013,101,2,2,True,0.29481414,0.054782543,0.6220626,0.02834066
7,7,none,pz,1014,101,3,2,False,0.27280283,0.07159436,0.40111473,0.2544881
7,7,none,pz,1015,101,3,2,False,0.02819446,0.11992672,0.75678396,0.09509488
7,7,none,pz,1016,101,2,2,True,0.020711185,0.030474778,0.9369642,0.011849862
7,7,none,pz,1017,101,2,2,True,0.0051458464,0.056287486,0.93326527,0.005301467
7,7,none,pz,1018,101,3,3,True,0.12572336,0.36574188,0.10307791,0.4054569
7,7,none,pz,1019,101,2,2,True,0.03654365,0.2749414,0.67717695,0.011338006
7,7,none,pz,1020,101,3,3,True,0.34507143,0.073781356,0.097198136,0.4839491
7,7,none,pz,1021,101,3,2,False,0.08492507,0.0907537,0.57677215,0.24754909
7,7,none,pz,1022,101,2,1,False,0.09677704,0.8513375,0.04468953,0.0071959407
7,7,none,pz,1023,101,2,2,True,0.45272425,0.057771243,0.48843133,0.0010730496
7,7,none,pz,1024,101,3,3,True,0.10013679,0.06760025,0.06499028,0.7672727
7,7,none,pz,1025,101,2,2,True,0.14570242,0.28771374,0.5584988,0.0080850655
7,7,none,pz,1026,101,1,1,True,0.011530681,0.8704819,0.11272675,0.005260741
7,7,none,pz,1027,101,0,0,True,0.9948939,0.0027441685,0.0020712006,0.00029064674
7,7,none,pz,1028,101,0,0,True,0.8689537,0.05746408,0.072053924,0.0015283459
7,7,none,pz,1029,101,1,1,True,0.16095799,0.7341283,0.07041013,0.03450362
7,7,none,pz,1030,101,1,1,True,0.00050638604,0.9925613,0.0064313705,0.0005008618
7,7,none,pz,1031,101,0,0,True,0.9757524,0.0011760211,0.023024265,4.7348192e-05
7,7,none,pz,1032,101,0,0,True,0.9905877,0.008012337,0.0012344351,0.00016539302
7,7,none,pz,1033,101,1,1,True,0.00041842271,0.9618355,0.037049912,0.00069621654
7,7,none,pz,1034,101,1,1,True,0.0036744287,0.9939022,0.0015438772,0.0008796021
7,7,none,pz,1035,101,0,0,True,0.99888355,0.00016357074,0.00080066366,0.0001522006
7,7,none,pz,1036,101,1,1,True,0.00754193,0.9331364,0.04338977,0.015931815
7,7,none,pz,1037,101,0,0,True,0.97600967,0.008003674,0.015377207,0.000609424
7,7,none,pz,1038,101,1,1,True,0.029320851,0.92792076,0.0393326,0.0034257746
7,7,none,pz,1039,101,0,0,True,0.648588,0.11627426,0.13549462,0.099643104
7,7,none,pz,1040,101,1,2,False,0.041150317,0.277817,0.61941755,0.06161516
7,7,none,pz,1041,101,2,2,True,0.04522649,0.08883326,0.86234033,0.003599936
7,7,none,pz,1042,101,3,2,False,0.07677296,0.0798512,0.74286544,0.100510396
7,7,none,pz,1043,101,2,2,True,0.04970441,0.40908584,0.5381752,0.0030345006
7,7,none,pz,1044,101,3,3,True,0.29724005,0.13794254,0.048376378,0.51644105
7,7,none,pz,1045,101,3,2,False,0.20282651,0.06624169,0.6128893,0.11804258
7,7,none,pz,1046,101,2,2,True,0.04662861,0.17255694,0.72517383,0.055640653
7,7,none,pz,1047,101,2,2,True,0.0960234,0.077064365,0.8228678,0.0040445086
7,7,none,pz,1048,101,3,3,True,0.10577889,0.30325145,0.10260838,0.48836133
7,7,none,pz,1049,101,3,3,True,0.062236443,0.04498841,0.17213827,0.72063684
7,7,none,pz,1050,101,2,2,True,0.18416347,0.16126913,0.61147195,0.043095417
7,7,none,pz,1051,101,2,2,True,0.00883555,0.011598672,0.97945076,0.00011499879
7,7,none,pz,1052,101,3,2,False,0.13300452,0.11973769,0.46581292,0.28144488
7,7,none,pz,1053,101,2,2,True,0.3483027,0.041382033,0.5912739,0.01904143
7,7,none,pz,1054,101,3,3,True,0.24998437,0.11139438,0.18116014,0.45746115
7,7,none,pz,1055,101,2,1,False,0.09285762,0.4812457,0.40466902,0.021227622
7,7,none,pz,1056,101,0,0,True,0.9064086,0.002071664,0.09051513,0.001004613
7,7,none,pz,1057,101,1,1,True,0.008257218,0.5284327,0.44307432,0.020235771
7,7,none,pz,1058,101,0,0,True,0.99078804,0.0052858726,0.00380394,0.00012222574
7,7,none,pz,1059,101,1,1,True,0.019188132,0.8040837,0.07497415,0.10175406
7,7,none,pz,1060,101,1,1,True,0.023468157,0.77734315,0.120940514,0.07824819
7,7,none,pz,1061,101,0,0,True,0.982369,0.00739696,0.0061614183,0.0040726815
7,7,none,pz,1062,101,1,1,True,0.00039964984,0.99923384,0.00026012643,0.00010642632
7,7,none,pz,1063,101,0,0,True,0.9982716,0.0007149523,0.0009662725,4.717237e-05
7,7,none,pz,1064,101,1,1,True,0.0011275131,0.93893915,0.053066794,0.006866547
7,7,none,pz,1065,101,0,0,True,0.9792086,0.0023994967,0.015238537,0.0031533828
7,7,none,pz,1066,101,1,1,True,0.004990528,0.81090486,0.13160838,0.052496236
7,7,none,pz,1067,101,0,0,True,0.98617667,0.00058662216,0.01215627,0.001080407
7,7,none,pz,1068,101,0,0,True,0.91674507,0.020185113,0.06289712,0.000172623
7,7,none,pz,1069,101,1,1,True,0.0015097222,0.9695235,0.007526248,0.021440595
7,7,none,pz,1070,101,1,1,True,0.0064111156,0.90824264,0.081941366,0.0034047568
7,7,none,pz,1071,101,3,2,False,0.03156184,0.12530069,0.47230974,0.37082773
7,7,none,pz,1072,101,2,2,True,0.00163642,0.00689712,0.9881016,0.0033648033
7,7,none,pz,1073,101,3,1,False,0.11942447,0.37246457,0.3476006,0.16051033
7,7,none,pz,1074,101,2,2,True,0.11923899,0.03472508,0.83671355,0.009322399
7,7,none,pz,1075,101,2,2,True,0.007757373,0.13621879,0.84694123,0.009082692
7,7,none,pz,1076,101,3,3,True,0.21415812,0.25677246,0.25756267,0.2715068
7,7,none,pz,1077,101,3,0,False,0.46349522,0.09191083,0.10263941,0.3419546
7,7,none,pz,1078,101,2,3,False,0.02409082,0.056524966,0.19666098,0.72272325
7,7,none,pz,1079,101,2,2,True,0.0034954206,0.000737909,0.9955277,0.00023899305
7,7,none,pz,1080,101,3,3,True,0.0739756,0.032853503,0.4463154,0.4468555
7,7,none,pz,1081,101,3,3,True,0.028007973,0.04907663,0.3148287,0.6080867
7,7,none,pz,1082,101,2,2,True,0.025840111,0.19292706,0.5218167,0.2594162
7,7,none,pz,1083,101,3,3,True,0.04771571,0.04736707,0.29004854,0.61486864
7,7,none,pz,1084,101,2,2,True,0.015975408,0.13804054,0.70035964,0.14562446
7,7,none,pz,1085,101,2,2,True,0.011517046,0.28248307,0.6793221,0.026677718
7,7,none,pz,1086,102,1,1,True,0.0024355808,0.9800193,0.012906205,0.004638977
7,7,none,pz,1087,102,0,0,True,0.70810366,0.036789056,0.2385814,0.016525904
7,7,none,pz,1088,102,1,2,False,0.012108918,0.43798333,0.5252155,0.024692211
7,7,none,pz,1089,102,0,0,True,0.9644591,0.005399017,0.019920157,0.010221741
7,7,none,pz,1090,102,1,2,False,0.02027387,0.2632589,0.71104544,0.005421695
7,7,none,pz,1091,102,0,2,False,0.36947253,0.024909917,0.5303241,0.07529343
7,7,none,pz,1092,102,0,0,True,0.9721621,0.004851765,0.021307811,0.0016783483
7,7,none,pz,1093,102,1,2,False,0.11037084,0.060735367,0.6841654,0.14472839
7,7,none,pz,1094,102,0,0,True,0.5344374,0.056908134,0.33717358,0.0714809
7,7,none,pz,1095,102,1,2,False,0.038980562,0.0933628,0.8583144,0.009342267
7,7,none,pz,1096,102,0,0,True,0.44962135,0.011349548,0.44941306,0.08961602
7,7,none,pz,1097,102,1,2,False,0.010703649,0.15108998,0.8283466,0.009859728
7,7,none,pz,1098,102,0,0,True,0.43008843,0.11262169,0.26409164,0.1931982
7,7,none,pz,1099,102,1,2,False,0.0889285,0.057340134,0.8423777,0.011353574
7,7,none,pz,1100,102,1,1,True,0.009983095,0.96199787,0.027552135,0.00046702957
7,7,none,pz,1101,102,2,2,True,0.087446444,0.16908462,0.70881903,0.03464997
7,7,none,pz,1102,102,3,2,False,0.15199257,0.06594637,0.5142595,0.26780155
7,7,none,pz,1103,102,2,2,True,0.0831724,0.22590408,0.60989696,0.081026584
7,7,none,pz,1104,102,3,2,False,0.17297758,0.1284611,0.47840393,0.22015738
7,7,none,pz,1105,102,2,2,True,0.37817717,0.02945937,0.5795819,0.012781514
7,7,none,pz,1106,102,3,2,False,0.046854414,0.09126723,0.6984449,0.1634335
7,7,none,pz,1107,102,2,2,True,0.05654979,0.019278727,0.89452684,0.029644659
7,7,none,pz,1108,102,3,2,False,0.09901963,0.11963434,0.40030628,0.3810397
7,7,none,pz,1109,102,3,2,False,0.22173911,0.06546761,0.44090444,0.27188882
7,7,none,pz,1110,102,2,2,True,0.010460632,0.017548503,0.9704147,0.001576176
7,7,none,pz,1111,102,3,2,False,0.0076038823,0.10180429,0.8331615,0.057430316
7,7,none,pz,1112,102,2,2,True,0.1196275,0.02464261,0.7735286,0.08220124
7,7,none,pz,1113,102,2,2,True,0.025356002,0.047658924,0.9205271,0.0064579733
7,7,none,pz,1114,102,3,2,False,0.3081145,0.048576556,0.57210565,0.0712033
7,7,none,pz,1115,102,2,2,True,0.0071521536,0.09647143,0.8249542,0.07142217
7,7,none,pz,1116,102,1,1,True,0.0013094549,0.92938566,0.068583205,0.00072167197
7,7,none,pz,1117,102,0,2,False,0.13428847,0.18976596,0.5469316,0.12901393
7,7,none,pz,1118,102,1,1,True,0.009068402,0.51011837,0.3866711,0.094142094
7,7,none,pz,1119,102,0,0,True,0.44613835,0.0689049,0.39664677,0.088310055
7,7,none,pz,1120,102,0,0,True,0.7537622,0.04844983,0.18476287,0.013025146
7,7,none,pz,1121,102,1,2,False,0.0145502975,0.19033961,0.7843477,0.010762418
7,7,none,pz,1122,102,0,2,False,0.10720516,0.19957918,0.6575116,0.03570399
7,7,none,pz,1123,102,1,2,False,0.032179937,0.15085082,0.78205836,0.034910943
7,7,none,pz,1124,102,0,2,False,0.2517708,0.033185378,0.6992713,0.015772516
7,7,none,pz,1125,102,1,2,False,0.06110015,0.070776366,0.7946669,0.07345651
7,7,none,pz,1126,102,1,1,True,0.0011168878,0.9844039,0.010530156,0.0039490024
7,7,none,pz,1127,102,0,2,False,0.07073589,0.03670929,0.7209388,0.17161603
7,7,none,pz,1128,102,1,1,True,0.0008309062,0.98365986,0.013363688,0.0021454913
7,7,none,pz,1129,102,0,2,False,0.095871106,0.07853803,0.66099495,0.16459592
7,7,none,pz,1130,102,1,2,False,0.06332409,0.13481227,0.71539545,0.0864682
7,7,none,pz,1131,102,2,2,True,0.008143795,0.020452298,0.9668092,0.0045946497
7,7,none,pz,1132,102,3,2,False,0.009187933,0.11731539,0.80816,0.065336674
7,7,none,pz,1133,102,3,2,False,0.011031131,0.024944425,0.7672228,0.19680165
7,7,none,pz,1134,102,2,2,True,0.01563742,0.027997486,0.9473899,0.008975187
7,7,none,pz,1135,102,2,2,True,0.03908327,0.32042477,0.51878816,0.12170385
7,7,none,pz,1136,102,3,2,False,0.006679385,0.019377572,0.9355986,0.038344335
7,7,none,pz,1137,102,3,2,False,0.04808966,0.08297946,0.7515185,0.117412426
7,7,none,pz,1138,102,2,2,True,0.0013080908,0.051378503,0.9423556,0.0049577467
7,7,none,pz,1139,102,2,2,True,0.051324416,0.07854727,0.81945664,0.05067164
7,7,none,pz,1140,102,3,2,False,0.14587481,0.06561004,0.62406474,0.16445038
7,7,none,pz,1141,102,2,2,True,0.0048982794,0.03215914,0.63349646,0.32944617
7,7,none,pz,1142,102,3,2,False,0.011699964,0.16190815,0.49360758,0.33278438
7,7,none,pz,1143,102,3,2,False,0.024057206,0.0077434764,0.85190684,0.11629248
7,7,none,pz,1144,102,2,2,True,0.14290819,0.10229287,0.60714257,0.14765641
7,7,none,pz,1145,102,2,2,True,0.008587151,0.15408213,0.8254647,0.011865946
7,7,none,pz,1146,102,0,2,False,0.1334771,0.025535854,0.82459563,0.016391465
7,7,none,pz,1147,102,1,1,True,0.0012409393,0.9658751,0.03098683,0.0018971085
7,7,none,pz,1148,102,0,2,False,0.02010141,0.0077980687,0.9431877,0.028912729
7,7,none,pz,1149,102,1,1,True,0.0043196557,0.9542089,0.03403444,0.007437008
7,7,none,pz,1150,102,1,2,False,0.025300765,0.100254156,0.8692559,0.005189119
7,7,none,pz,1151,102,0,2,False,0.050255463,0.0679482,0.83710015,0.04469617
7,7,none,pz,1152,102,0,2,False,0.036418237,0.027513226,0.9297467,0.0063218274
7,7,none,pz,1153,102,1,2,False,0.023173653,0.33728245,0.5047374,0.1348065
7,7,none,pz,1154,102,0,2,False,0.10756456,0.16380994,0.6957386,0.032886937
7,7,none,pz,1155,102,1,2,False,0.04205893,0.03374972,0.8328509,0.09134045
7,7,none,pz,1156,102,1,1,True,0.0056454176,0.75284547,0.18191051,0.05959864
7,7,none,pz,1157,102,0,2,False,0.11123603,0.22408599,0.42889184,0.23578611
7,7,none,pz,1158,102,1,2,False,0.14527713,0.2549379,0.503748,0.09603697
7,7,none,pz,1159,102,0,2,False,0.2663405,0.05075926,0.57272565,0.11017468
7,7,none,pz,1160,102,0,0,True,0.8070198,0.022422748,0.087004736,0.08355268
7,7,none,pz,1161,102,2,2,True,0.007607487,0.039149962,0.9505578,0.0026847853
7,7,none,pz,1162,102,3,2,False,0.039639585,0.08462574,0.549853,0.3258817
7,7,none,pz,1163,102,3,3,True,0.031836487,0.0658923,0.13831851,0.76395273
7,7,none,pz,1164,102,2,2,True,0.06482176,0.27995017,0.57430327,0.08092478
7,7,none,pz,1165,102,2,2,True,0.0051619364,0.021200545,0.84428906,0.12934846
7,7,none,pz,1166,102,3,0,False,0.5699916,0.012562211,0.17271443,0.24473177
7,7,none,pz,1167,102,2,2,True,0.042667825,0.016487626,0.9124265,0.0284181
7,7,none,pz,1168,102,3,2,False,0.08240709,0.038051352,0.55655736,0.32298416
7,7,none,pz,1169,102,2,2,True,0.040627144,0.0926491,0.67850876,0.18821502
7,7,none,pz,1170,102,3,2,False,0.03932482,0.058383387,0.8103247,0.09196703
7,7,none,pz,1171,102,2,2,True,0.016611097,0.34179845,0.5212761,0.120314315
7,7,none,pz,1172,102,3,3,True,0.016012646,0.009256743,0.23723304,0.73749757
7,7,none,pz,1173,102,2,2,True,0.039418913,0.2908029,0.6432802,0.026498033
7,7,none,pz,1174,102,3,2,False,0.057340138,0.035827372,0.605719,0.30111355
7,7,none,pz,1175,102,3,3,True,0.04477222,0.14266874,0.13237983,0.6801792
7,7,none,pz,1176,103,0,2,False,0.17596908,0.011509232,0.40757424,0.40494743
7,7,none,pz,1177,103,1,2,False,0.00156828,0.33565786,0.46756256,0.1952113
7,7,none,pz,1178,103,1,2,False,0.017609404,0.39781442,0.43277654,0.1517997
7,7,none,pz,1179,103,0,1,False,0.029541677,0.44901338,0.41679385,0.104651116
7,7,none,pz,1180,103,1,1,True,0.03271104,0.6740585,0.10466898,0.18856153
7,7,none,pz,1181,103,0,3,False,0.06274498,0.06606844,0.15798439,0.7132021
7,7,none,pz,1182,103,0,0,True,0.70127577,0.0024105182,0.22059499,0.07571873
7,7,none,pz,1183,103,1,1,True,0.007273094,0.49844578,0.44920057,0.045080535
7,7,none,pz,1184,103,0,0,True,0.49066558,0.037428584,0.37711996,0.094785884
7,7,none,pz,1185,103,1,2,False,0.045026667,0.10227426,0.7105267,0.14217237
7,7,none,pz,1186,103,0,0,True,0.69595134,0.0769947,0.21458109,0.0124728605
7,7,none,pz,1187,103,1,0,False,0.37074664,0.14777684,0.23526016,0.24621639
7,7,none,pz,1188,103,1,1,True,0.013485336,0.51190513,0.15711415,0.3174954
7,7,none,pz,1189,103,0,2,False,0.3125594,0.03304539,0.6465215,0.007873705
7,7,none,pz,1190,103,1,3,False,0.007969609,0.040515773,0.46198928,0.48952535
7,7,none,pz,1191,103,3,2,False,0.0023271511,0.045002937,0.79450285,0.15816703
7,7,none,pz,1192,103,2,2,True,0.016195748,0.0026726115,0.96595395,0.015177664
7,7,none,pz,1193,103,2,2,True,0.023451926,0.029630776,0.84424317,0.102674074
7,7,none,pz,1194,103,3,3,True,0.37689057,0.018786723,0.18645199,0.4178707
7,7,none,pz,1195,103,2,3,False,0.07277575,0.08648541,0.06477052,0.77596825
7,7,none,pz,1196,103,3,3,True,0.24232808,0.029196484,0.32680273,0.4016727
7,7,none,pz,1197,103,3,2,False,0.07963081,0.013269731,0.62070686,0.2863926
7,7,none,pz,1198,103,2,2,True,0.10864158,0.10066852,0.7092638,0.0814261
7,7,none,pz,1199,103,2,2,True,0.20938475,0.17220584,0.58248836,0.03592108
7,7,none,pz,1200,103,3,3,True,0.018852683,0.18728945,0.011543469,0.7823144
7,7,none,pz,1201,103,3,3,True,0.002030121,0.031866763,0.35972437,0.60637873
7,7,none,pz,1202,103,2,2,True,0.048017498,0.012050925,0.93568146,0.004250131
7,7,none,pz,1203,103,3,3,True,0.1789455,0.15665807,0.2630077,0.4013887
7,7,none,pz,1204,103,2,1,False,0.052358728,0.5023808,0.29641265,0.14884782
7,7,none,pz,1205,103,2,3,False,0.01279624,0.2543632,0.20593889,0.52690166
7,7,none,pz,1206,103,1,2,False,0.0073212343,0.0074612303,0.98141426,0.003803237
7,7,none,pz,1207,103,0,3,False,0.15038529,0.003411294,0.23808467,0.6081188
7,7,none,pz,1208,103,1,2,False,0.004181223,0.40754116,0.54511386,0.043163836
7,7,none,pz,1209,103,0,3,False,0.15572916,0.060848273,0.3845139,0.3989087
7,7,none,pz,1210,103,0,0,True,0.7655087,0.005786061,0.047425743,0.1812795
7,7,none,pz,1211,103,1,3,False,0.0017145905,0.122642644,0.21127987,0.6643629
7,7,none,pz,1212,103,1,3,False,0.010961921,0.0634653,0.10225987,0.8233129
7,7,none,pz,1213,103,0,0,True,0.6720658,0.051939208,0.23972346,0.036271513
7,7,none,pz,1214,103,0,2,False,0.04855894,0.06346178,0.87816954,0.0098097855
7,7,none,pz,1215,103,1,2,False,0.08498505,0.002520404,0.66441184,0.24808273
7,7,none,pz,1216,103,1,1,True,0.0040007643,0.9728727,0.013687356,0.009439293
7,7,none,pz,1217,103,0,3,False,0.2346004,0.018829241,0.09902921,0.64754117
7,7,none,pz,1218,103,0,2,False,0.15245552,0.009377091,0.8203898,0.017777521
7,7,none,pz,1219,103,1,2,False,0.028263064,0.1378987,0.82510376,0.008734455
7,7,none,pz,1220,103,0,0,True,0.5210341,0.0036101548,0.47096312,0.0043925922
7,7,none,pz,1221,103,2,2,True,0.0025928144,0.006335005,0.9718916,0.019180628
7,7,none,pz,1222,103,3,2,False,0.002463618,0.009279574,0.53084236,0.45741448
7,7,none,pz,1223,103,2,1,False,0.019648386,0.49525514,0.46902633,0.016070224
7,7,none,pz,1224,103,3,2,False,0.015750058,0.009018009,0.67181987,0.30341208
7,7,none,pz,1225,103,3,3,True,0.018114759,0.010980914,0.05077312,0.9201312
7,7,none,pz,1226,103,2,3,False,0.22974002,0.01589858,0.24161315,0.51274824
7,7,none,pz,1227,103,3,3,True,0.016481724,0.045517072,0.18281314,0.75518805
7,7,none,pz,1228,103,2,3,False,0.024895428,0.011746667,0.42359787,0.5397601
7,7,none,pz,1229,103,3,3,True,0.0128423385,0.009465076,0.053805284,0.92388725
7,7,none,pz,1230,103,2,2,True,0.023799302,0.029448142,0.5185343,0.42821828
7,7,none,pz,1231,103,2,2,True,0.07798499,0.02999466,0.8644874,0.027532985
7,7,none,pz,1232,103,3,2,False,0.029409848,0.09178528,0.8097986,0.06900628
7,7,none,pz,1233,103,3,2,False,0.10309218,0.33954084,0.34546524,0.2119017
7,7,none,pz,1234,103,2,2,True,0.053090673,0.025551667,0.8924249,0.02893274
7,7,none,pz,1235,103,3,3,True,0.002308699,0.043449,0.29939276,0.6548495
7,7,none,pz,1236,103,1,1,True,0.010355404,0.6929965,0.17413184,0.12251631
7,7,none,pz,1237,103,0,2,False,0.036028676,0.004172044,0.89370537,0.066093974
7,7,none,pz,1238,103,0,2,False,0.3411882,0.02143835,0.40766606,0.22970745
7,7,none,pz,1239,103,1,2,False,0.005000119,0.062492,0.5631748,0.36933315
7,7,none,pz,1240,103,1,3,False,0.0012321037,0.13088515,0.01947167,0.848411
7,7,none,pz,1241,103,0,2,False,0.006910435,0.0029603026,0.53631514,0.45381412
7,7,none,pz,1242,103,1,1,True,0.0015391135,0.63168436,0.014019174,0.3527573
7,7,none,pz,1243,103,0,2,False,0.15538336,0.010020016,0.57906604,0.2555306
7,7,none,pz,1244,103,0,3,False,0.12599237,0.023609933,0.13458194,0.7158158
7,7,none,pz,1245,103,1,3,False,0.0029781482,0.08583878,0.10811906,0.803064
7,7,none,pz,1246,103,0,2,False,0.24433778,0.0069257556,0.6772425,0.07149396
7,7,none,pz,1247,103,1,3,False,0.052446708,0.08269512,0.38904735,0.47581074
7,7,none,pz,1248,103,1,2,False,0.026334906,0.44378728,0.48271585,0.047162008
7,7,none,pz,1249,103,0,0,True,0.87345487,0.0076071187,0.097877495,0.021060558
7,7,none,pz,1250,103,1,3,False,0.05106734,0.14628507,0.026713679,0.775934
7,7,none,pz,1251,103,3,3,True,0.0037429614,0.017627677,0.039002355,0.93962693
7,7,none,pz,1252,103,2,1,False,0.010981296,0.34868702,0.3234193,0.3169123
7,7,none,pz,1253,103,3,3,True,0.014668409,0.049536414,0.11283972,0.8229554
7,7,none,pz,1254,103,2,3,False,0.083005674,0.13516378,0.15954201,0.6222885
7,7,none,pz,1255,103,2,2,True,0.033423554,0.081434086,0.83125085,0.05389153
7,7,none,pz,1256,103,3,3,True,0.36257243,0.16411062,0.05869908,0.4146179
7,7,none,pz,1257,103,2,3,False,0.09242803,0.3245434,0.12398571,0.4590429
7,7,none,pz,1258,103,3,3,True,0.20046066,0.16049463,0.08247034,0.55657434
7,7,none,pz,1259,103,2,2,True,0.015048275,0.01730943,0.9568378,0.010804642
7,7,none,pz,1260,103,3,3,True,0.062681705,0.15133986,0.3262409,0.4597375
7,7,none,pz,1261,103,3,3,True,0.009589187,0.13761573,0.08890411,0.763891
7,7,none,pz,1262,103,2,2,True,0.010289591,0.12656136,0.8461836,0.016965453
7,7,none,pz,1263,103,2,2,True,0.014592743,0.029514715,0.89675426,0.059138276
7,7,none,pz,1264,103,3,3,True,0.045310102,0.014002857,0.0016965625,0.93899053
7,7,none,pz,1265,103,3,3,True,0.00088754226,0.09454844,0.015387011,0.889177
7,7,none,pz,1266,104,0,1,False,0.19341439,0.28685468,0.2398809,0.27985004
7,7,none,pz,1267,104,1,1,True,0.07499486,0.82625335,0.09124113,0.007510651
7,7,none,pz,1268,104,1,2,False,0.019304385,0.054506153,0.88477564,0.041413818
7,7,none,pz,1269,104,0,1,False,0.10275459,0.4776464,0.16682023,0.25277883
7,7,none,pz,1270,104,1,2,False,0.03038103,0.3345973,0.5153466,0.11967514
7,7,none,pz,1271,104,0,2,False,0.01283606,0.026333118,0.9277312,0.03309963
7,7,none,pz,1272,104,1,2,False,0.2769078,0.1612979,0.3893061,0.17248829
7,7,none,pz,1273,104,0,2,False,0.10922542,0.05535294,0.6839512,0.15147044
7,7,none,pz,1274,104,0,1,False,0.090512775,0.5140525,0.37805516,0.017379569
7,7,none,pz,1275,104,1,2,False,0.017890057,0.37523404,0.57873636,0.028139545
7,7,none,pz,1276,104,0,2,False,0.03712226,0.11777725,0.8174147,0.027685784
7,7,none,pz,1277,104,1,2,False,0.023010908,0.24465013,0.49761426,0.23472476
7,7,none,pz,1278,104,1,2,False,0.12785295,0.0838309,0.72759426,0.06072191
7,7,none,pz,1279,104,0,2,False,0.0729307,0.024983024,0.8410084,0.06107789
7,7,none,pz,1280,104,1,1,True,0.0022004058,0.93549144,0.025119158,0.037188973
7,7,none,pz,1281,104,2,2,True,0.08973919,0.16625986,0.5779132,0.16608772
7,7,none,pz,1282,104,3,2,False,0.018744184,0.099701904,0.7155852,0.16596878
7,7,none,pz,1283,104,3,3,True,0.044831783,0.009108911,0.1299013,0.816158
7,7,none,pz,1284,104,2,1,False,0.0131528,0.6684814,0.30988598,0.008479846
7,7,none,pz,1285,104,3,2,False,0.09757427,0.05521025,0.48121172,0.3660037
7,7,none,pz,1286,104,2,1,False,0.025754709,0.7769114,0.15138918,0.045944735
7,7,none,pz,1287,104,2,2,True,0.0059292256,0.15881062,0.6917201,0.14354008
7,7,none,pz,1288,104,3,3,True,0.03427215,0.072239906,0.09993052,0.7935574
7,7,none,pz,1289,104,2,1,False,0.008755302,0.5176875,0.4619039,0.011653224
7,7,none,pz,1290,104,3,2,False,0.058857307,0.243202,0.40152586,0.29641488
7,7,none,pz,1291,104,3,3,True,0.025335569,0.009085358,0.23337169,0.73220736
7,7,none,pz,1292,104,2,3,False,0.052589037,0.10283669,0.2680079,0.5765664
7,7,none,pz,1293,104,3,3,True,0.03465592,0.045104083,0.095818214,0.8244218
7,7,none,pz,1294,104,2,2,True,0.0050939843,0.090362936,0.82729083,0.07725234
7,7,none,pz,1295,104,3,3,True,0.12851487,0.026903206,0.29324287,0.55133903
7,7,none,pz,1296,104,0,3,False,0.0818259,0.038150582,0.24825357,0.6317699
7,7,none,pz,1297,104,1,2,False,0.031540472,0.3387936,0.44421375,0.18545213
7,7,none,pz,1298,104,1,1,True,0.0071765915,0.95429206,0.012456549,0.026074812
7,7,none,pz,1299,104,0,0,True,0.8113873,0.038790382,0.12980422,0.020018103
7,7,none,pz,1300,104,0,0,True,0.8544078,0.01051917,0.0955407,0.03953238
7,7,none,pz,1301,104,1,1,True,0.00373876,0.66133946,0.29002666,0.044895172
7,7,none,pz,1302,104,0,2,False,0.21341574,0.18261445,0.4107246,0.19324525
7,7,none,pz,1303,104,1,2,False,0.08532228,0.35677567,0.3598545,0.19804755
7,7,none,pz,1304,104,0,2,False,0.36244714,0.16907416,0.42124864,0.047230076
7,7,none,pz,1305,104,1,1,True,0.052675538,0.57600665,0.3059638,0.065353975
7,7,none,pz,1306,104,1,2,False,0.00013240977,0.4439225,0.50824094,0.04770417
7,7,none,pz,1307,104,0,0,True,0.8858866,0.05412426,0.050859448,0.009129679
7,7,none,pz,1308,104,3,3,True,0.0074353353,0.14536686,0.19597848,0.65121937
7,7,none,pz,1309,104,2,2,True,0.033487123,0.35729122,0.41563433,0.19358729
7,7,none,pz,1310,104,3,3,True,0.06985162,0.032084797,0.23639151,0.6616721
7,7,none,pz,1311,104,2,2,True,0.17224172,0.06932277,0.6570397,0.1013958
7,7,none,pz,1312,104,3,3,True,0.17928475,0.04251165,0.06834737,0.7098562
7,7,none,pz,1313,104,2,2,True,0.03562082,0.13056402,0.8169343,0.016880963
7,7,none,pz,1314,104,3,3,True,0.009474006,0.07338602,0.32522574,0.5919143
7,7,none,pz,1315,104,2,3,False,0.061647598,0.11007769,0.32535908,0.5029156
7,7,none,pz,1316,104,3,1,False,0.018968869,0.47567075,0.39418235,0.111177996
7,7,none,pz,1317,104,2,2,True,0.038017333,0.180385,0.73789823,0.043699432
7,7,none,pz,1318,104,2,2,True,0.05078651,0.08569597,0.7339984,0.1295191
7,7,none,pz,1319,104,3,3,True,0.08088081,0.06429663,0.3383721,0.5164504
7,7,none,pz,1320,104,3,3,True,0.08014344,0.021902481,0.07225606,0.825698
7,7,none,pz,1321,104,2,2,True,0.031055862,0.25931638,0.60379267,0.105835095
7,7,none,pz,1322,104,2,2,True,0.045325257,0.0064033493,0.94190854,0.006362871
7,7,none,pz,1323,104,0,2,False,0.29114887,0.03232802,0.49395683,0.18256624
7,7,none,pz,1324,104,1,2,False,0.013120694,0.2577065,0.6706138,0.058558915
7,7,none,pz,1325,104,0,2,False,0.11189984,0.04121287,0.74162,0.10526723
7,7,none,pz,1326,104,1,2,False,0.016005931,0.17935635,0.6924167,0.112221025
7,7,none,pz,1327,104,0,2,False,0.018808374,0.03818556,0.89972246,0.0432836
7,7,none,pz,1328,104,1,3,False,0.0021872793,0.107326664,0.3561137,0.5343724
7,7,none,pz,1329,104,0,0,True,0.9816939,0.00031895976,0.0108503355,0.007136817
7,7,none,pz,1330,104,1,2,False,0.025481602,0.06771099,0.6415506,0.26525676
7,7,none,pz,1331,104,1,1,True,0.024306668,0.7714006,0.1539734,0.050319348
7,7,none,pz,1332,104,0,1,False,0.09482216,0.7237263,0.13856183,0.042889766
7,7,none,pz,1333,104,0,2,False,0.10750825,0.06240754,0.78982764,0.04025658
7,7,none,pz,1334,104,1,3,False,0.21247067,0.18798906,0.26526186,0.33427843
7,7,none,pz,1335,104,1,3,False,0.07546612,0.014197881,0.35013098,0.560205
7,7,none,pz,1336,104,0,2,False,0.28850877,0.011631571,0.6319758,0.0678838
7,7,none,pz,1337,104,0,2,False,0.17275397,0.07451345,0.50394905,0.24878353
7,7,none,pz,1338,104,2,2,True,0.0016763003,0.0061724302,0.97542155,0.016729705
7,7,none,pz,1339,104,3,2,False,0.03231629,0.150253,0.7003878,0.11704296
7,7,none,pz,1340,104,2,2,True,0.059969876,0.16749287,0.6641853,0.10835195
7,7,none,pz,1341,104,3,3,True,0.0033405174,0.007854533,0.07052998,0.91827494
7,7,none,pz,1342,104,3,3,True,0.0051291194,0.024863595,0.025580319,0.94442695
7,7,none,pz,1343,104,2,2,True,0.0057109087,0.07835161,0.8967076,0.019229941
7,7,none,pz,1344,104,3,3,True,0.0045606205,0.002517102,0.021998063,0.97092414
7,7,none,pz,1345,104,2,2,True,0.017724449,0.046706837,0.90962636,0.025942305
7,7,none,pz,1346,104,3,3,True,0.052688193,0.06047754,0.29681066,0.5900236
7,7,none,pz,1347,104,2,2,True,0.02306523,0.09844463,0.82179046,0.05669967
7,7,none,pz,1348,104,3,3,True,0.0054644183,0.13725086,0.28330636,0.57397836
7,7,none,pz,1349,104,2,2,True,0.004260824,0.23601666,0.6650511,0.09467142
7,7,none,pz,1350,104,2,2,True,0.00963716,0.066297345,0.82467765,0.0993878
7,7,none,pz,1351,104,3,2,False,0.12453421,0.012562386,0.5772532,0.28565016
7,7,none,pz,1352,104,3,2,False,0.026346903,0.04740961,0.49660936,0.4296341
7,7,none,pz,1353,105,0,0,True,0.81044394,0.0009918839,0.08834989,0.10021428
7,7,none,pz,1354,105,1,1,True,0.0008587043,0.9488874,0.041028775,0.009225073
7,7,none,pz,1355,105,1,1,True,0.00059921574,0.9301553,0.048254825,0.020990776
7,7,none,pz,1356,105,0,0,True,0.8064542,0.0034693002,0.090357974,0.09971862
7,7,none,pz,1357,105,1,1,True,0.00012484119,0.7746268,0.19713204,0.028116332
7,7,none,pz,1358,105,0,0,True,0.9912124,6.363147e-05,0.0071581015,0.0015657523
7,7,none,pz,1359,105,1,1,True,0.0006293079,0.9586594,0.01604908,0.024662191
7,7,none,pz,1360,105,0,0,True,0.8909639,0.0011595014,0.019004539,0.08887201
7,7,none,pz,1361,105,0,0,True,0.8577325,0.0052680783,0.09009176,0.046907693
7,7,none,pz,1362,105,1,3,False,0.009032616,0.43999574,0.019847332,0.5311243
7,7,none,pz,1363,105,1,1,True,0.00031334182,0.9109059,0.02239825,0.06638253
7,7,none,pz,1364,105,0,0,True,0.9955413,0.00028171204,0.001613472,0.0025635085
7,7,none,pz,1365,105,1,2,False,0.0020165818,0.2447157,0.4014738,0.35179392
7,7,none,pz,1366,105,0,0,True,0.8786823,0.0003876292,0.11122987,0.0097001195
7,7,none,pz,1367,105,0,0,True,0.6389677,0.02116061,0.2721282,0.067743555
7,7,none,pz,1368,105,3,3,True,0.0034170349,0.0056956476,0.05721394,0.9336734
7,7,none,pz,1369,105,2,3,False,0.010462156,0.021849189,0.36018476,0.6075039
7,7,none,pz,1370,105,2,2,True,0.0077332775,0.032576267,0.49287474,0.46681565
7,7,none,pz,1371,105,3,3,True,0.0018704575,0.0054912716,0.1757853,0.816853
7,7,none,pz,1372,105,3,3,True,0.008175569,0.0029412434,0.2143197,0.7745635
7,7,none,pz,1373,105,2,3,False,0.007949849,0.016885629,0.37883598,0.59632856
7,7,none,pz,1374,105,3,3,True,0.0004019401,0.0046997434,0.010067851,0.9848305
7,7,none,pz,1375,105,2,2,True,0.003338583,0.022673918,0.92345035,0.050537147
7,7,none,pz,1376,105,3,3,True,0.0030114653,0.215128,0.20044903,0.5814115
7,7,none,pz,1377,105,2,2,True,0.023531178,0.03235169,0.59909743,0.34501967
7,7,none,pz,1378,105,3,2,False,0.008010168,0.0061926865,0.90053916,0.08525794
7,7,none,pz,1379,105,2,3,False,0.00081754074,0.016318958,0.37313017,0.60973334
7,7,none,pz,1380,105,3,3,True,0.0016914308,0.0010923552,0.15445627,0.8427599
7,7,none,pz,1381,105,2,2,True,0.0038220529,0.012561663,0.8923074,0.091308855
7,7,none,pz,1382,105,2,3,False,0.0006032679,0.008206826,0.32211006,0.66907984
7,7,none,pz,1383,105,1,1,True,9.821045e-05,0.94965065,0.04870518,0.0015459951
7,7,none,pz,1384,105,0,2,False,0.0145564,0.0012643242,0.59338415,0.39079514
7,7,none,pz,1385,105,1,2,False,0.00019893066,0.43337837,0.5104438,0.055978887
7,7,none,pz,1386,105,0,3,False,0.04449762,0.0004942248,0.11971255,0.8352956
7,7,none,pz,1387,105,0,2,False,0.12224796,0.0011953913,0.7253995,0.15115717
7,7,none,pz,1388,105,1,1,True,0.004445558,0.6205366,0.30550453,0.069513224
7,7,none,pz,1389,105,1,1,True,0.0002382833,0.8102939,0.18714902,0.0023187338
7,7,none,pz,1390,105,0,0,True,0.8394793,0.009071916,0.13023527,0.021213481
7,7,none,pz,1391,105,0,2,False,0.323794,0.028742312,0.5988225,0.048641134
7,7,none,pz,1392,105,1,1,True,0.001494875,0.6953628,0.28609478,0.017047472
7,7,none,pz,1393,105,0,0,True,0.8563138,0.0031642257,0.08627891,0.054243073
7,7,none,pz,1394,105,1,1,True,0.002767394,0.9481915,0.043938812,0.005102201
7,7,none,pz,1395,105,0,2,False,0.111742005,0.0040811715,0.8682664,0.015910469
7,7,none,pz,1396,105,1,1,True,8.807377e-05,0.98327094,0.01403761,0.0026034808
7,7,none,pz,1397,105,1,1,True,0.0035312704,0.61394256,0.23626849,0.14625761
7,7,none,pz,1398,105,3,2,False,0.0022943032,0.011440231,0.8729226,0.11334293
7,7,none,pz,1399,105,2,2,True,0.0024410312,0.006173638,0.8018242,0.18956113
7,7,none,pz,1400,105,3,3,True,0.0033256938,0.012550038,0.39720514,0.5869191
7,7,none,pz,1401,105,2,2,True,0.004696432,0.0034175855,0.96809477,0.023791172
7,7,none,pz,1402,105,3,2,False,0.0002822772,0.004620958,0.8262191,0.16887766
7,7,none,pz,1403,105,2,2,True,0.0027744526,0.004823858,0.9685574,0.023844333
7,7,none,pz,1404,105,3,2,False,0.0017088741,0.023616444,0.7242318,0.25044292
7,7,none,pz,1405,105,2,3,False,0.042400103,0.04087339,0.24905738,0.6676691
7,7,none,pz,1406,105,3,3,True,0.004171383,0.0019672543,0.3285401,0.6653213
7,7,none,pz,1407,105,2,2,True,0.001712073,0.09479232,0.735892,0.16760357
7,7,none,pz,1408,105,2,3,False,0.009650773,0.102874994,0.39638633,0.49108794
7,7,none,pz,1409,105,3,2,False,0.0061315265,0.06734266,0.646029,0.28049687
7,7,none,pz,1410,105,3,3,True,0.0020191933,0.024171934,0.20342788,0.77038103
7,7,none,pz,1411,105,2,2,True,0.0015192518,0.010066418,0.9287293,0.05968502
7,7,none,pz,1412,105,2,2,True,0.0016822397,0.013279436,0.96276456,0.022273695
7,7,none,pz,1413,105,1,3,False,0.0007506706,0.10811389,0.06730389,0.82383156
7,7,none,pz,1414,105,0,2,False,0.24306244,0.010808815,0.7354125,0.010716301
7,7,none,pz,1415,105,1,1,True,0.0019002464,0.69037455,0.18138781,0.12633736
7,7,none,pz,1416,105,0,2,False,0.03525026,0.029591171,0.7815669,0.15359168
7,7,none,pz,1417,105,1,1,True,0.00025093998,0.83735216,0.09237718,0.070019744
7,7,none,pz,1418,105,0,2,False,0.17539465,0.008922791,0.76144314,0.054239467
7,7,none,pz,1419,105,1,2,False,0.010311389,0.2774352,0.3656739,0.3465795
7,7,none,pz,1420,105,0,0,True,0.45822775,0.044283003,0.39064124,0.10684794
7,7,none,pz,1421,105,0,2,False,0.051828984,0.03442986,0.84064513,0.07309599
7,7,none,pz,1422,105,1,1,True,0.0125806695,0.78613037,0.19167605,0.009612874
7,7,none,pz,1423,105,1,1,True,0.0002061247,0.9544633,0.018844998,0.026485613
7,7,none,pz,1424,105,0,2,False,0.38068315,0.013237039,0.4242738,0.18180607
7,7,none,pz,1425,105,1,1,True,0.00021957833,0.5443302,0.42018968,0.035260543
7,7,none,pz,1426,105,0,2,False,0.011635416,0.0034311537,0.9251102,0.059823208
7,7,none,pz,1427,105,0,3,False,0.057845663,0.0132671185,0.3242771,0.6046101
7,7,none,pz,1428,105,2,3,False,0.005593996,0.02498516,0.37736037,0.5920604
7,7,none,pz,1429,105,3,3,True,0.002450646,0.009664944,0.4284699,0.5594145
7,7,none,pz,1430,105,3,3,True,0.005059797,0.015451455,0.11111905,0.86836976
7,7,none,pz,1431,105,2,2,True,0.0003500453,0.0036516038,0.9234687,0.0725296
7,7,none,pz,1432,105,3,2,False,0.016481558,0.034390986,0.6730635,0.27606392
7,7,none,pz,1433,105,2,2,True,0.0036509573,0.027557421,0.89668363,0.072108
7,7,none,pz,1434,105,3,3,True,0.018185632,0.05706645,0.38229638,0.54245156
7,7,none,pz,1435,105,2,2,True,0.023515105,0.029828824,0.8799404,0.066715725
7,7,none,pz,1436,105,3,2,False,0.0012509611,0.01152146,0.5961381,0.3910895
7,7,none,pz,1437,105,2,2,True,0.00062052166,0.010358147,0.9687958,0.020225525
7,7,none,pz,1438,105,2,2,True,0.0029171286,0.029022345,0.8126329,0.15542763
7,7,none,pz,1439,105,3,2,False,0.009963196,0.032121316,0.5867003,0.37121513
7,7,none,pz,1440,105,2,2,True,0.0014651371,0.012846758,0.8547395,0.13094865
7,7,none,pz,1441,105,3,2,False,0.00040530937,0.0046542305,0.7847285,0.21021196
7,7,none,pz,1442,105,2,3,False,0.009303806,0.006690258,0.40409216,0.57991374
7,7,none,pz,1443,106,0,2,False,0.0012982411,0.0021162769,0.9206911,0.075894415
7,7,none,pz,1444,106,1,2,False,0.0132980775,0.12755811,0.5290382,0.3301056
7,7,none,pz,1445,106,0,2,False,0.0018050813,0.002028538,0.96934736,0.026818987
7,7,none,pz,1446,106,1,3,False,0.011654019,0.031208297,0.4143767,0.542761
7,7,none,pz,1447,106,0,2,False,0.0039808364,0.0037238803,0.98622733,0.006067996
7,7,none,pz,1448,106,1,2,False,0.0006646064,0.0045448174,0.83502436,0.15976615
7,7,none,pz,1449,106,0,2,False,0.013670777,0.052475426,0.7279057,0.2059481
7,7,none,pz,1450,106,1,2,False,0.009254062,0.10597194,0.48332232,0.40145174
7,7,none,pz,1451,106,0,3,False,0.09814586,0.21747507,0.17483316,0.5095459
7,7,none,pz,1452,106,1,2,False,0.00028798103,0.0090842005,0.97146297,0.019164827
7,7,none,pz,1453,106,0,3,False,0.0023684902,0.16104822,0.20174146,0.6348418
7,7,none,pz,1454,106,1,2,False,0.0045681456,0.16972417,0.8184095,0.0072982134
7,7,none,pz,1455,106,1,1,True,0.008065841,0.74743813,0.12436042,0.12013564
7,7,none,pz,1456,106,0,0,True,0.64131707,0.0142076425,0.17022006,0.17425525
7,7,none,pz,1457,106,0,0,True,0.92345,0.008639821,0.053313803,0.014596344
7,7,none,pz,1458,106,3,2,False,0.0020038902,0.005813901,0.5835356,0.40864655
7,7,none,pz,1459,106,2,3,False,0.0031683648,0.040488258,0.37495965,0.5813837
7,7,none,pz,1460,106,3,3,True,0.003954954,0.009584905,0.25016218,0.73629797
7,7,none,pz,1461,106,2,3,False,0.022431431,0.22284396,0.30284742,0.4518772
7,7,none,pz,1462,106,2,3,False,0.0015992826,0.016162852,0.20967035,0.7725676
7,7,none,pz,1463,106,3,3,True,0.018574718,0.25078836,0.18026915,0.5503678
7,7,none,pz,1464,106,3,3,True,0.0021226339,0.0336065,0.06777329,0.89649755
7,7,none,pz,1465,106,2,2,True,0.04046322,0.01804037,0.88102186,0.06047461
7,7,none,pz,1466,106,3,3,True,0.010995256,0.21697013,0.1695185,0.6025161
7,7,none,pz,1467,106,2,2,True,0.004440066,0.01583383,0.95276415,0.026961971
7,7,none,pz,1468,106,3,3,True,0.023120742,0.022370305,0.3006428,0.65386623
7,7,none,pz,1469,106,2,2,True,0.059775714,0.26745215,0.59771615,0.075055994
7,7,none,pz,1470,106,3,3,True,0.0143337175,0.011579896,0.24717258,0.72691375
7,7,none,pz,1471,106,2,3,False,0.09318183,0.025421988,0.16759697,0.7137992
7,7,none,pz,1472,106,3,3,True,0.013421851,0.01183076,0.059078526,0.91566885
7,7,none,pz,1473,106,1,1,True,8.324165e-05,0.99185914,0.0029895504,0.0050680973
7,7,none,pz,1474,106,0,3,False,0.150651,0.02264607,0.16430369,0.66239923
7,7,none,pz,1475,106,1,2,False,0.0030412963,0.028984653,0.9305417,0.037432376
7,7,none,pz,1476,106,0,2,False,0.019545197,0.106821604,0.8261413,0.047491908
7,7,none,pz,1477,106,0,3,False,0.0065514785,0.04892785,0.18780267,0.756718
7,7,none,pz,1478,106,1,3,False,0.004945646,0.0143497875,0.12435998,0.85634464
7,7,none,pz,1479,106,1,1,True,0.0009496922,0.9312903,0.0063118003,0.061448198
7,7,none,pz,1480,106,0,2,False,0.019905599,0.086142614,0.8541385,0.039813228
7,7,none,pz,1481,106,0,3,False,0.0057747723,0.060048174,0.2758894,0.65828764
7,7,none,pz,1482,106,1,2,False,0.031805146,0.27649486,0.679355,0.012344937
7,7,none,pz,1483,106,1,1,True,0.0003391566,0.95710117,0.02467965,0.01787998
7,7,none,pz,1484,106,0,0,True,0.55464095,0.043421753,0.36307183,0.03886539
7,7,none,pz,1485,106,0,3,False,0.020115614,0.2550935,0.29652673,0.4282641
7,7,none,pz,1486,106,1,1,True,0.0013898333,0.84836197,0.13353297,0.016715173
7,7,none,pz,1487,106,0,3,False,0.007655581,0.15269615,0.34638822,0.4932601
7,7,none,pz,1488,106,2,2,True,0.009146353,0.0036822145,0.96550417,0.021667212
7,7,none,pz,1489,106,3,3,True,0.006455366,0.029858235,0.016844774,0.94684166
7,7,none,pz,1490,106,2,2,True,0.0071325013,0.049593404,0.79092485,0.15234931
7,7,none,pz,1491,106,3,3,True,0.004666432,0.0013162063,0.42610523,0.5679121
7,7,none,pz,1492,106,3,3,True,0.09536181,0.07931624,0.3729766,0.4523453
7,7,none,pz,1493,106,2,2,True,0.036189605,0.021151505,0.92076635,0.021892486
7,7,none,pz,1494,106,2,2,True,0.007843468,0.097304225,0.8691854,0.025666974
7,7,none,pz,1495,106,3,2,False,0.22437434,0.069765866,0.49662793,0.20923187
7,7,none,pz,1496,106,2,2,True,0.008182859,0.29190335,0.69206434,0.007849524
7,7,none,pz,1497,106,3,2,False,0.01689005,0.04603973,0.91914517,0.017925
7,7,none,pz,1498,106,3,2,False,0.01201019,0.10705224,0.6318378,0.24909973
7,7,none,pz,1499,106,2,2,True,0.011497433,0.009538152,0.8528724,0.12609205
7,7,none,pz,1500,106,2,2,True,0.0018083616,0.014863127,0.70471823,0.27861026
7,7,none,pz,1501,106,3,3,True,0.0012847529,0.01132834,0.16474812,0.82263875
7,7,none,pz,1502,106,2,2,True,0.047359772,0.012040402,0.93132806,0.009271774
7,7,none,pz,1503,106,1,1,True,0.003805061,0.7142745,0.24729936,0.03462097
7,7,none,pz,1504,106,0,2,False,0.050049927,0.33724794,0.36617965,0.24652246
7,7,none,pz,1505,106,0,2,False,0.01271556,0.006578005,0.58041066,0.4002957
7,7,none,pz,1506,106,1,2,False,0.051053863,0.008345576,0.92696667,0.0136338575
7,7,none,pz,1507,106,0,0,True,0.49804744,0.07529641,0.16269276,0.26396337
7,7,none,pz,1508,106,1,1,True,0.0016836217,0.589113,0.09736466,0.31183872
7,7,none,pz,1509,106,0,3,False,0.018550826,0.06075228,0.21286003,0.70783687
7,7,none,pz,1510,106,1,2,False,0.008118311,0.054316714,0.8754738,0.06209121
7,7,none,pz,1511,106,1,1,True,0.0018687998,0.8648102,0.043551046,0.089769974
7,7,none,pz,1512,106,0,0,True,0.46885777,0.0915447,0.1276609,0.31193656
7,7,none,pz,1513,106,0,0,True,0.59667414,0.065374844,0.31568047,0.02227054
7,7,none,pz,1514,106,1,2,False,0.001659459,0.009675045,0.97542894,0.013236577
7,7,none,pz,1515,106,1,3,False,0.005224834,0.047338326,0.13046049,0.81697637
7,7,none,pz,1516,106,0,2,False,0.12437506,0.0022495252,0.74323,0.1301454
7,7,none,pz,1517,106,0,3,False,0.09891047,0.1997007,0.31567562,0.3857132
7,7,none,pz,1518,106,2,2,True,0.0034712225,0.15032683,0.7901155,0.056086548
7,7,none,pz,1519,106,3,3,True,0.0060007633,0.08126594,0.35355693,0.5591764
7,7,none,pz,1520,106,2,2,True,0.01694119,0.12543872,0.5545734,0.30304673
7,7,none,pz,1521,106,3,2,False,0.010607879,0.048008878,0.75154656,0.18983671
7,7,none,pz,1522,106,2,2,True,0.013157851,0.16045225,0.49046803,0.3359218
7,7,none,pz,1523,106,3,3,True,0.025739271,0.013170678,0.46559173,0.4954983
7,7,none,pz,1524,106,2,2,True,0.006665014,0.024215676,0.88090694,0.088212416
7,7,none,pz,1525,106,3,2,False,0.008373374,0.15979914,0.45579767,0.37602976
7,7,none,pz,1526,106,2,2,True,0.00025440654,0.004287869,0.85706496,0.13839282
7,7,none,pz,1527,106,3,2,False,0.08094461,0.11618432,0.704564,0.09830707
7,7,none,pz,1528,106,3,3,True,0.21549842,0.023947584,0.15285581,0.60769814
7,7,none,pz,1529,106,2,2,True,0.007473173,0.0029184278,0.6581271,0.3314813
7,7,none,pz,1530,106,3,2,False,0.032737866,0.01046632,0.927003,0.029792774
7,7,none,pz,1531,106,2,2,True,0.001087981,0.00453204,0.94900924,0.045370694
7,7,none,pz,1532,106,2,2,True,0.026782779,0.008830508,0.89829224,0.066094406
7,7,none,pz,1533,107,1,1,True,0.0008910763,0.89025456,0.0090085035,0.09984589
7,7,none,pz,1534,107,0,0,True,0.28901935,0.2776652,0.28665012,0.14666533
7,7,none,pz,1535,107,0,0,True,0.70008403,0.06953591,0.19630855,0.034071572
7,7,none,pz,1536,107,1,1,True,0.00012459449,0.9787623,0.00034868618,0.020764364
7,7,none,pz,1537,107,0,1,False,0.37422833,0.54423386,0.056236148,0.025301646
7,7,none,pz,1538,107,1,1,True,0.00018283138,0.9724912,0.004523405,0.022802623
7,7,none,pz,1539,107,0,0,True,0.50692207,0.19897568,0.22348386,0.070618376
7,7,none,pz,1540,107,1,1,True,0.0007815664,0.99187803,0.0019975821,0.0053428942
7,7,none,pz,1541,107,0,0,True,0.75563484,0.01456916,0.010594333,0.2192016
7,7,none,pz,1542,107,1,1,True,0.004078565,0.9529592,0.008965102,0.033997238
7,7,none,pz,1543,107,0,3,False,0.2937019,0.08608841,0.06182875,0.5583809
7,7,none,pz,1544,107,1,1,True,0.011724316,0.9035991,0.044875465,0.039801117
7,7,none,pz,1545,107,0,0,True,0.8528937,0.01970527,0.02366462,0.10373627
7,7,none,pz,1546,107,1,1,True,0.0032630134,0.73167825,0.02023644,0.24482228
7,7,none,pz,1547,107,0,0,True,0.92653733,0.01640935,0.014952106,0.042101197
7,7,none,pz,1548,107,3,1,False,0.011202346,0.52824867,0.033161853,0.42738712
7,7,none,pz,1549,107,2,2,True,0.024536014,0.37194863,0.46804768,0.13546763
7,7,none,pz,1550,107,3,3,True,0.054798946,0.22982919,0.06035494,0.65501696
7,7,none,pz,1551,107,2,1,False,0.00465275,0.96643716,0.01003103,0.018878978
7,7,none,pz,1552,107,3,1,False,0.3821893,0.4719178,0.04519468,0.10069822
7,7,none,pz,1553,107,2,3,False,0.14002526,0.11732052,0.33899164,0.40366256
7,7,none,pz,1554,107,2,3,False,0.32593483,0.21824703,0.0058795265,0.44993868
7,7,none,pz,1555,107,3,3,True,0.0839202,0.011725611,0.00018716471,0.90416706
7,7,none,pz,1556,107,3,0,False,0.61628217,0.13091852,0.20444445,0.048354853
7,7,none,pz,1557,107,2,1,False,0.033069238,0.69876146,0.21076618,0.05740312
7,7,none,pz,1558,107,2,1,False,0.007647876,0.9079048,0.0028983033,0.08154901
7,7,none,pz,1559,107,3,1,False,0.30734187,0.55251974,0.023105854,0.117032506
7,7,none,pz,1560,107,2,1,False,0.09930107,0.37286627,0.1768638,0.35096884
7,7,none,pz,1561,107,3,3,True,0.05806103,0.36592567,0.17167605,0.40433726
7,7,none,pz,1562,107,3,3,True,0.17103007,0.046030123,0.03459366,0.74834615
7,7,none,pz,1563,107,1,1,True,0.01566666,0.896307,0.0033648876,0.08466144
7,7,none,pz,1564,107,0,0,True,0.5300566,0.3337876,0.06612114,0.07003466
7,7,none,pz,1565,107,1,1,True,0.016440796,0.84894216,0.04674326,0.08787374
7,7,none,pz,1566,107,0,1,False,0.41580144,0.5441616,0.004487621,0.03554934
7,7,none,pz,1567,107,1,1,True,0.00013932929,0.9991204,0.00011798589,0.00062221265
7,7,none,pz,1568,107,0,1,False,0.35191008,0.46592972,0.010768051,0.17139216
7,7,none,pz,1569,107,0,0,True,0.44792524,0.2887624,0.03229648,0.23101582
7,7,none,pz,1570,107,1,2,False,0.109677434,0.032946676,0.69436795,0.16300792
7,7,none,pz,1571,107,0,0,True,0.9736231,0.018007133,0.0046989825,0.0036707653
7,7,none,pz,1572,107,1,1,True,0.20180592,0.59861434,0.114307895,0.08527189
7,7,none,pz,1573,107,0,3,False,0.07456578,0.1931729,0.22344163,0.50881964
7,7,none,pz,1574,107,1,2,False,0.013045915,0.025786353,0.8479253,0.11324246
7,7,none,pz,1575,107,1,2,False,0.015798265,0.22481687,0.71683955,0.04254531
7,7,none,pz,1576,107,0,1,False,0.035540078,0.81057876,0.03265895,0.12122219
7,7,none,pz,1577,107,0,3,False,0.18354674,0.2054626,0.13281655,0.4781741
7,7,none,pz,1578,107,3,3,True,0.08483181,0.0315723,0.12268893,0.76090693
7,7,none,pz,1579,107,2,3,False,0.016729528,0.0076228837,0.011951273,0.9636963
7,7,none,pz,1580,107,3,0,False,0.4655778,0.23061655,0.021256559,0.28254908
7,7,none,pz,1581,107,2,3,False,0.01223767,0.111099765,0.1300157,0.7466469
7,7,none,pz,1582,107,2,1,False,0.026842114,0.93637854,0.009115584,0.02766367
7,7,none,pz,1583,107,3,3,True,0.16047044,0.056305584,0.10341197,0.679812
7,7,none,pz,1584,107,3,0,False,0.6959119,0.0844855,0.045088403,0.17451423
7,7,none,pz,1585,107,2,1,False,0.157028,0.6571311,0.15408207,0.03175885
7,7,none,pz,1586,107,2,1,False,0.14582609,0.6662201,0.002293513,0.18566029
7,7,none,pz,1587,107,3,3,True,0.007856339,0.3008154,0.0022314931,0.68909675
7,7,none,pz,1588,107,2,2,True,0.06301346,0.21396613,0.5900148,0.13300554
7,7,none,pz,1589,107,3,3,True,0.0050299433,0.34212154,0.049286105,0.6035624
7,7,none,pz,1590,107,3,3,True,0.27089676,0.19846657,0.10294189,0.42769474
7,7,none,pz,1591,107,2,3,False,0.0283764,0.1939905,0.005209715,0.77242345
7,7,none,pz,1592,107,2,3,False,0.021206569,0.08354465,0.020099262,0.87514955
7,7,none,pz,1593,107,0,0,True,0.9091138,0.052910466,0.013120854,0.024854867
7,7,none,pz,1594,107,1,1,True,0.01976424,0.7779229,0.02643489,0.17587799
7,7,none,pz,1595,107,1,1,True,0.018078705,0.75077075,0.00611024,0.22504024
7,7,none,pz,1596,107,0,0,True,0.4793033,0.37117988,0.046068013,0.10344885
7,7,none,pz,1597,107,1,1,True,0.027926458,0.79538083,0.1252007,0.051491983
7,7,none,pz,1598,107,0,1,False,0.0740858,0.82147306,0.070540614,0.03390057
7,7,none,pz,1599,107,1,1,True,0.01616294,0.49025035,0.008825865,0.48476085
7,7,none,pz,1600,107,0,1,False,0.023959203,0.532911,0.23396373,0.20916608
7,7,none,pz,1601,107,1,1,True,0.024371823,0.51016974,0.101735584,0.3637228
7,7,none,pz,1602,107,0,3,False,0.01950163,0.24207518,0.020600913,0.71782225
7,7,none,pz,1603,107,0,0,True,0.46192795,0.34941313,0.006928417,0.18173052
7,7,none,pz,1604,107,1,1,True,0.009378601,0.9835473,0.0029582165,0.004116043
7,7,none,pz,1605,107,0,3,False,0.17055735,0.2986675,0.13094091,0.39983428
7,7,none,pz,1606,107,1,1,True,0.079706125,0.45645642,0.2671112,0.19672628
7,7,none,pz,1607,107,0,1,False,0.003949708,0.86192673,0.0031043107,0.1310193
7,7,none,pz,1608,107,3,2,False,0.21802182,0.26512864,0.4086652,0.10818424
7,7,none,pz,1609,107,2,3,False,0.0034947756,0.3595236,0.032377526,0.60460407
7,7,none,pz,1610,107,2,0,False,0.7242512,0.0464894,0.09146688,0.13779251
7,7,none,pz,1611,107,3,3,True,0.0632441,0.056819703,0.019654289,0.8602819
7,7,none,pz,1612,107,2,1,False,0.20114423,0.79382205,0.0017585249,0.003275178
7,7,none,pz,1613,107,3,1,False,0.35577402,0.40981737,0.05696832,0.17744032
7,7,none,pz,1614,107,3,1,False,0.038151722,0.7852665,0.04626304,0.13031863
7,7,none,pz,1615,107,2,1,False,0.02516621,0.5075809,0.2037018,0.26355112
7,7,none,pz,1616,107,2,0,False,0.6261999,0.13082124,0.08825192,0.15472688
7,7,none,pz,1617,107,3,3,True,0.0039364495,0.19288105,0.02827615,0.7749064
7,7,none,pz,1618,107,2,3,False,0.016331293,0.07769891,0.44573283,0.46023694
7,7,none,pz,1619,107,3,3,True,0.01664015,0.24266036,0.18776807,0.5529314
7,7,none,pz,1620,107,2,3,False,0.013984737,0.09696434,0.094084576,0.79496634
7,7,none,pz,1621,107,3,1,False,0.0006332726,0.7495457,0.044471003,0.20535013
7,7,none,pz,1622,107,3,3,True,0.13678172,0.08613979,0.16783956,0.6092389
7,7,none,pz,1623,108,0,0,True,0.7965745,0.0023820507,0.029001461,0.172042
7,7,none,pz,1624,108,1,1,True,0.000120850695,0.97163707,0.0021779966,0.026064148
7,7,none,pz,1625,108,0,3,False,0.007500438,0.0021600497,0.0043962616,0.9859432
7,7,none,pz,1626,108,1,3,False,0.059052978,0.1849138,0.017908594,0.73812467
7,7,none,pz,1627,108,0,0,True,0.91551584,0.0024148696,0.0028401793,0.07922908
7,7,none,pz,1628,108,1,1,True,0.00015456721,0.98499596,0.00022136595,0.014628145
7,7,none,pz,1629,108,1,1,True,6.928714e-06,0.96886885,6.23482e-05,0.031061813
7,7,none,pz,1630,108,0,0,True,0.8905129,0.006386899,0.0026729985,0.100427285
7,7,none,pz,1631,108,0,0,True,0.9829606,0.00028486553,0.0012344122,0.015520156
7,7,none,pz,1632,108,1,1,True,0.0027148535,0.7562308,0.0046785665,0.23637578
7,7,none,pz,1633,108,0,0,True,0.96565384,0.0017160114,0.024433337,0.008196715
7,7,none,pz,1634,108,1,3,False,0.015069271,0.28632757,0.09006686,0.6085363
7,7,none,pz,1635,108,0,3,False,0.009603604,0.040825885,0.084731184,0.8648394
7,7,none,pz,1636,108,1,1,True,0.0066383113,0.8449536,0.08892208,0.05948609
7,7,none,pz,1637,108,1,1,True,0.00020057935,0.8486993,0.0012413785,0.14985876
7,7,none,pz,1638,108,2,2,True,0.0020655545,0.33183053,0.38640332,0.2797006
7,7,none,pz,1639,108,3,3,True,0.00020499888,0.008361324,0.024200393,0.96723324
7,7,none,pz,1640,108,2,3,False,0.0033142106,0.055287763,0.22863117,0.7127668
7,7,none,pz,1641,108,3,3,True,0.0006406687,0.023226397,0.007633159,0.9684997
7,7,none,pz,1642,108,3,3,True,0.00062612933,0.0071163164,0.008947151,0.9833104
7,7,none,pz,1643,108,2,3,False,0.024181904,0.43387508,0.08922478,0.4527183
7,7,none,pz,1644,108,2,3,False,0.18939005,0.021927822,0.2714201,0.51726204
7,7,none,pz,1645,108,3,3,True,0.002003647,0.023110868,0.015786523,0.959099
7,7,none,pz,1646,108,2,1,False,0.025186189,0.9103846,0.02476828,0.039660953
7,7,none,pz,1647,108,3,3,True,0.0023669333,0.03739204,0.01000865,0.9502324
7,7,none,pz,1648,108,3,3,True,0.0017098438,0.01609657,0.021119764,0.9610738
7,7,none,pz,1649,108,2,1,False,0.014205899,0.4083949,0.21693097,0.36046827
7,7,none,pz,1650,108,3,3,True,0.0080253845,0.0021513868,0.07169556,0.9181277
7,7,none,pz,1651,108,2,2,True,0.006204474,0.20267154,0.6194199,0.17170405
7,7,none,pz,1652,108,3,3,True,0.00551093,0.0024347233,0.12355709,0.86849725
7,7,none,pz,1653,108,1,2,False,0.0001289693,0.3914911,0.49201813,0.11636183
7,7,none,pz,1654,108,0,2,False,0.047805276,0.119553335,0.51281244,0.319829
7,7,none,pz,1655,108,1,3,False,0.011143027,0.15288797,0.41021562,0.42575344
7,7,none,pz,1656,108,0,0,True,0.8201137,0.0005530762,0.075602785,0.10373042
7,7,none,pz,1657,108,0,3,False,0.41852567,0.017488036,0.0057880096,0.5581983
7,7,none,pz,1658,108,1,1,True,0.0012473786,0.846464,0.029422242,0.122866295
7,7,none,pz,1659,108,1,1,True,0.0018096782,0.9683993,0.016317358,0.013473566
7,7,none,pz,1660,108,0,0,True,0.76477545,0.009008799,0.074282505,0.15193318
7,7,none,pz,1661,108,0,0,True,0.7078291,0.004463894,0.07100324,0.21670382
7,7,none,pz,1662,108,1,1,True,2.1946227e-05,0.98803407,0.008528574,0.0034155021
7,7,none,pz,1663,108,1,1,True,0.00018787371,0.8760953,0.018813388,0.10490343
7,7,none,pz,1664,108,0,3,False,0.17046611,0.0071321293,0.13036755,0.69203424
7,7,none,pz,1665,108,1,1,True,0.001891286,0.5285963,0.2127828,0.25672966
7,7,none,pz,1666,108,0,0,True,0.5692491,0.010306073,0.10269632,0.31774855
7,7,none,pz,1667,108,1,1,True,0.0650453,0.59231055,0.09692186,0.2457223
7,7,none,pz,1668,108,3,3,True,0.0002116857,0.0007196758,0.0040227477,0.9950459
7,7,none,pz,1669,108,2,3,False,0.08587033,0.017070161,0.2961225,0.600937
7,7,none,pz,1670,108,3,3,True,0.004713595,0.0024850143,0.033451498,0.9593499
7,7,none,pz,1671,108,2,2,True,0.006205298,0.041368615,0.85030913,0.10211694
7,7,none,pz,1672,108,2,2,True,0.0023612182,0.04452147,0.5144591,0.43865824
7,7,none,pz,1673,108,3,3,True,0.0008630806,0.029014295,0.015863428,0.95425916
7,7,none,pz,1674,108,2,2,True,0.01298113,0.13826598,0.7241322,0.12462066
7,7,none,pz,1675,108,3,1,False,0.008164809,0.6303748,0.228662,0.13279833
7,7,none,pz,1676,108,2,1,False,0.008053352,0.63954717,0.23446596,0.11793356
7,7,none,pz,1677,108,3,2,False,0.004302599,0.10851,0.7552521,0.13193525
7,7,none,pz,1678,108,2,2,True,0.027428264,0.11123578,0.62506545,0.23627053
7,7,none,pz,1679,108,3,3,True,0.0024497607,0.019255277,0.11417376,0.8641212
7,7,none,pz,1680,108,2,3,False,0.0006390995,0.0017343243,0.4124849,0.58514166
7,7,none,pz,1681,108,3,3,True,0.007028282,0.014498385,0.038697984,0.9397754
7,7,none,pz,1682,108,3,3,True,0.007828382,0.011589741,0.22694997,0.7536319
7,7,none,pz,1683,108,1,2,False,0.002033261,0.40453592,0.48614997,0.107280836
7,7,none,pz,1684,108,0,2,False,0.15263599,0.024609001,0.52323663,0.29951838
7,7,none,pz,1685,108,0,3,False,0.00342044,0.021826278,0.36374524,0.61100805
7,7,none,pz,1686,108,1,2,False,0.003787521,0.013878709,0.90518284,0.07715095
7,7,none,pz,1687,108,0,3,False,0.019316874,0.12997106,0.04956213,0.80114996
7,7,none,pz,1688,108,1,2,False,0.04337078,0.39590737,0.5344014,0.026320422
7,7,none,pz,1689,108,1,1,True,0.00013958754,0.9765752,0.014164619,0.009120616
7,7,none,pz,1690,108,0,3,False,0.19998689,0.012932546,0.09339426,0.69368625
7,7,none,pz,1691,108,0,3,False,0.016091915,0.06491309,0.3314954,0.58749956
7,7,none,pz,1692,108,1,1,True,0.0013302412,0.9701408,0.019735968,0.00879302
7,7,none,pz,1693,108,0,3,False,0.022770096,0.042669334,0.08227737,0.85228324
7,7,none,pz,1694,108,1,3,False,0.00995651,0.35498232,0.07449469,0.5605665
7,7,none,pz,1695,108,1,1,True,0.00023004478,0.9958116,0.0018013546,0.0021570642
7,7,none,pz,1696,108,0,2,False,0.28429395,0.010492877,0.37647346,0.32873976
7,7,none,pz,1697,108,0,0,True,0.9656714,0.002255205,0.0028976079,0.029175708
7,7,none,pz,1698,108,3,3,True,0.0025950677,0.037664607,0.056500874,0.9032395
7,7,none,pz,1699,108,2,3,False,0.001186092,0.04349118,0.43875238,0.5165703
7,7,none,pz,1700,108,2,2,True,0.006911363,0.0080788415,0.62162095,0.3633888
7,7,none,pz,1701,108,3,3,True,0.00027142416,0.00084054185,0.0039919494,0.9948961
7,7,none,pz,1702,108,2,3,False,0.0049977577,0.013711733,0.07427653,0.907014
7,7,none,pz,1703,108,3,2,False,0.0123477215,0.025699843,0.59775823,0.3641942
7,7,none,pz,1704,108,3,3,True,0.0006948912,0.0006186009,0.06982742,0.92885906
7,7,none,pz,1705,108,2,2,True,0.0002840141,0.017293684,0.87422496,0.10819742
7,7,none,pz,1706,108,3,3,True,0.024188936,0.013471092,0.31227893,0.650061
7,7,none,pz,1707,108,2,3,False,0.012114267,0.22143765,0.2320841,0.534364
7,7,none,pz,1708,108,2,3,False,0.023051472,0.016665913,0.45462507,0.50565755
7,7,none,pz,1709,108,3,3,True,0.001338288,0.011075099,0.04990422,0.9376824
7,7,none,pz,1710,108,2,3,False,0.00403035,0.45462716,0.04859057,0.492752
7,7,none,pz,1711,108,3,3,True,0.0008059679,0.06097403,0.010939958,0.92728
7,7,none,pz,1712,108,2,3,False,0.16730213,0.1255081,0.20997573,0.49721408
7,7,none,pz,1713,109,0,0,True,0.76488465,0.0027333836,0.031904917,0.20047712
7,7,none,pz,1714,109,1,2,False,0.08346021,0.17594832,0.70411146,0.036480032
7,7,none,pz,1715,109,1,1,True,0.000494052,0.9981139,0.00052680454,0.0008652808
7,7,none,pz,1716,109,0,2,False,0.03352295,0.06826365,0.8023245,0.095888875
7,7,none,pz,1717,109,1,1,True,0.010570643,0.95621115,0.019879283,0.013338877
7,7,none,pz,1718,109,0,2,False,0.18264703,0.043353163,0.72590077,0.048099037
7,7,none,pz,1719,109,1,2,False,0.057322565,0.39773983,0.51815754,0.026780035
7,7,none,pz,1720,109,0,0,True,0.63176775,0.0082422085,0.3544899,0.0055002426
7,7,none,pz,1721,109,1,1,True,0.04057425,0.7771886,0.029040724,0.1531964
7,7,none,pz,1722,109,0,2,False,0.009263889,0.03084716,0.91892457,0.040964283
7,7,none,pz,1723,109,0,0,True,0.66786724,0.003327456,0.22256905,0.106236294
7,7,none,pz,1724,109,1,1,True,0.014398826,0.429788,0.25503537,0.30077785
7,7,none,pz,1725,109,0,0,True,0.9910121,0.00014413035,0.0078682555,0.0009755901
7,7,none,pz,1726,109,1,3,False,0.1324191,0.14927357,0.1678826,0.55042475
7,7,none,pz,1727,109,1,1,True,0.022710076,0.5020671,0.4309445,0.04427833
7,7,none,pz,1728,109,3,2,False,0.0062914165,0.24229617,0.3942185,0.35719386
7,7,none,pz,1729,109,2,2,True,0.00971643,0.113705255,0.7087832,0.1677951
7,7,none,pz,1730,109,2,2,True,0.23491298,0.23889296,0.34349477,0.18269925
7,7,none,pz,1731,109,3,3,True,0.052826744,0.008927141,0.23928508,0.6989611
7,7,none,pz,1732,109,3,2,False,0.003978637,0.014242315,0.6570671,0.32471198
7,7,none,pz,1733,109,2,2,True,0.31267637,0.05898065,0.35310292,0.27524
7,7,none,pz,1734,109,2,2,True,0.050914053,0.02252454,0.89209837,0.034463048
7,7,none,pz,1735,109,3,2,False,0.054441694,0.10069872,0.6412992,0.20356043
7,7,none,pz,1736,109,2,2,True,0.035754528,0.021619987,0.47515297,0.4674725
7,7,none,pz,1737,109,3,3,True,0.017863503,0.07361342,0.0705921,0.837931
7,7,none,pz,1738,109,2,3,False,0.3173483,0.29319873,0.052159306,0.33729365
7,7,none,pz,1739,109,3,2,False,0.098590896,0.1465353,0.4813665,0.2735074
7,7,none,pz,1740,109,3,2,False,0.025408734,0.023243198,0.48956934,0.4617787
7,7,none,pz,1741,109,2,3,False,0.110914804,0.078548156,0.3404496,0.4700875
7,7,none,pz,1742,109,2,1,False,0.011679106,0.87524045,0.029257754,0.083822764
7,7,none,pz,1743,109,1,1,True,0.019753164,0.74985516,0.117208056,0.113183595
7,7,none,pz,1744,109,0,2,False,0.35483477,0.12621866,0.37810585,0.14084071
7,7,none,pz,1745,109,1,0,False,0.5813173,0.08185848,0.25760907,0.07921518
7,7,none,pz,1746,109,0,2,False,0.051441345,0.035730813,0.4735797,0.43924814
7,7,none,pz,1747,109,0,0,True,0.7611075,0.0031449893,0.09521159,0.14053594
7,7,none,pz,1748,109,1,2,False,0.10948383,0.032818716,0.8332128,0.02448466
7,7,none,pz,1749,109,0,2,False,0.08893479,0.052584007,0.56884116,0.28964
7,7,none,pz,1750,109,1,1,True,0.12418391,0.4632004,0.11680487,0.29581085
7,7,none,pz,1751,109,1,1,True,0.17551284,0.4994193,0.27826697,0.04680092
7,7,none,pz,1752,109,0,2,False,0.07447226,0.013238208,0.8660693,0.04622017
7,7,none,pz,1753,109,1,3,False,0.35342547,0.045083605,0.0086026685,0.5928883
7,7,none,pz,1754,109,0,3,False,0.07759013,0.32769993,0.10487414,0.48983577
7,7,none,pz,1755,109,1,1,True,0.007423137,0.9461757,0.043248016,0.0031531982
7,7,none,pz,1756,109,0,1,False,0.102565676,0.4326864,0.23086406,0.23388386
7,7,none,pz,1757,109,0,0,True,0.9820868,0.0076135336,0.0038785923,0.0064211604
7,7,none,pz,1758,109,2,3,False,0.06413419,0.021525908,0.053466633,0.8608732
7,7,none,pz,1759,109,3,3,True,0.33110285,0.044882715,0.21066543,0.41334903
7,7,none,pz,1760,109,2,3,False,0.01734626,0.028962228,0.31382576,0.63986576
7,7,none,pz,1761,109,3,3,True,0.08357028,0.030540338,0.15203439,0.73385495
7,7,none,pz,1762,109,3,3,True,0.091750175,0.32505634,0.1382222,0.4449712
7,7,none,pz,1763,109,2,2,True,0.011021635,0.011896442,0.49616042,0.48092145
7,7,none,pz,1764,109,3,3,True,0.020682862,0.006642832,0.06671385,0.9059605
7,7,none,pz,1765,109,2,3,False,0.022978837,0.118594356,0.2449309,0.6134959
7,7,none,pz,1766,109,3,3,True,0.042538106,0.14550413,0.10316771,0.70879
7,7,none,pz,1767,109,2,2,True,0.11038803,0.022577804,0.5859536,0.2810806
7,7,none,pz,1768,109,2,3,False,0.02887171,0.08268396,0.37866586,0.50977844
7,7,none,pz,1769,109,3,3,True,0.09999583,0.006110972,0.006569932,0.8873233
7,7,none,pz,1770,109,2,3,False,0.08900527,0.28301886,0.10843135,0.51954454
7,7,none,pz,1771,109,3,3,True,0.0014430758,0.0065464308,0.19879997,0.79321057
7,7,none,pz,1772,109,2,0,False,0.34390852,0.08246497,0.3218945,0.25173205
7,7,none,pz,1773,109,1,3,False,0.03144693,0.26146215,0.29313982,0.4139511
7,7,none,pz,1774,109,0,2,False,0.08331906,0.021798912,0.8445085,0.050373495
7,7,none,pz,1775,109,1,0,False,0.6167822,0.057346087,0.31396183,0.011909929
7,7,none,pz,1776,109,0,3,False,0.0059249266,0.0064032795,0.03546157,0.9522102
7,7,none,pz,1777,109,0,2,False,0.11650776,0.03978554,0.7590445,0.084662184
7,7,none,pz,1778,109,1,1,True,0.06969093,0.4773621,0.089894295,0.36305267
7,7,none,pz,1779,109,1,3,False,0.24765131,0.27522925,0.07729246,0.399827
7,7,none,pz,1780,109,0,2,False,0.006780264,0.0059654964,0.67018527,0.31706893
7,7,none,pz,1781,109,1,2,False,0.24482161,0.24722254,0.3983831,0.109572776
7,7,none,pz,1782,109,0,1,False,0.10063865,0.68695384,0.19109479,0.021312675
7,7,none,pz,1783,109,0,0,True,0.82226616,0.049597364,0.06332749,0.06480905
7,7,none,pz,1784,109,1,2,False,0.12976444,0.014384702,0.46617928,0.38967162
7,7,none,pz,1785,109,0,0,True,0.8992692,0.008417671,0.06315661,0.0291565
7,7,none,pz,1786,109,1,0,False,0.51879364,0.013843524,0.3187897,0.14857312
7,7,none,pz,1787,109,0,2,False,0.021577774,0.037448015,0.9091645,0.031809654
7,7,none,pz,1788,109,2,2,True,0.013242062,0.2364524,0.7104405,0.039865024
7,7,none,pz,1789,109,3,3,True,0.06535045,0.008675833,0.34484467,0.5811291
7,7,none,pz,1790,109,2,3,False,0.045416817,0.25537458,0.055952765,0.64325583
7,7,none,pz,1791,109,3,3,True,0.06347569,0.012262809,0.18098685,0.7432746
7,7,none,pz,1792,109,2,3,False,0.03275938,0.009702517,0.22755596,0.72998214
7,7,none,pz,1793,109,3,3,True,0.041271195,0.013988504,0.2811179,0.66362244
7,7,none,pz,1794,109,2,2,True,0.42931736,0.015183167,0.51997125,0.035528198
7,7,none,pz,1795,109,3,2,False,0.04570988,0.020811515,0.54214543,0.39133322
7,7,none,pz,1796,109,3,3,True,0.011169317,0.05563465,0.03563784,0.8975582
7,7,none,pz,1797,109,2,2,True,0.025531337,0.02230168,0.6590901,0.29307684
7,7,none,pz,1798,109,3,1,False,0.00923525,0.50647604,0.024937022,0.45935166
7,7,none,pz,1799,109,2,3,False,0.04229464,0.13017496,0.069876894,0.75765353
7,7,none,pz,1800,109,2,2,True,0.013432023,0.0022076282,0.62891585,0.35544443
7,7,none,pz,1801,109,3,2,False,0.01763652,0.0330957,0.64529747,0.3039703
7,7,none,pz,1802,109,3,3,True,0.1674184,0.02302973,0.1917478,0.61780405
7,7,none,fcz,0,90,0,3,False,0.22386484,0.011302217,0.17982845,0.5850045
7,7,none,fcz,1,90,1,1,True,0.12126579,0.79456776,0.06351528,0.020651229
7,7,none,fcz,2,90,1,1,True,0.0026592214,0.9832587,0.0020522021,0.012029887
7,7,none,fcz,3,90,0,0,True,0.46435982,0.013757535,0.3678005,0.15408212
7,7,none,fcz,4,90,1,1,True,0.031640008,0.87777686,0.075029776,0.015553312
7,7,none,fcz,5,90,0,0,True,0.81624866,0.0035828508,0.116377406,0.063791096
7,7,none,fcz,6,90,1,1,True,0.09506818,0.7086398,0.14223072,0.0540613
7,7,none,fcz,7,90,0,0,True,0.96128464,0.003402376,0.02137438,0.013938557
7,7,none,fcz,8,90,0,0,True,0.52989507,0.14685047,0.07742426,0.2458302
7,7,none,fcz,9,90,1,1,True,0.00273499,0.91611975,0.0771976,0.003947708
7,7,none,fcz,10,90,0,2,False,0.25823763,0.18012208,0.5118661,0.049774222
7,7,none,fcz,11,90,1,1,True,0.0025818138,0.99263036,0.0032983632,0.001489441
7,7,none,fcz,12,90,0,0,True,0.65543795,0.016183347,0.20478672,0.12359205
7,7,none,fcz,13,90,1,2,False,0.012258776,0.0102574155,0.9739662,0.0035176487
7,7,none,fcz,14,90,1,1,True,0.026941858,0.68286806,0.28628746,0.003902615
7,7,none,fcz,15,90,3,2,False,0.109106645,0.13624273,0.663078,0.091572635
7,7,none,fcz,16,90,2,2,True,0.014400747,0.008517304,0.74152577,0.23555626
7,7,none,fcz,17,90,2,2,True,0.04884852,0.026701218,0.4796892,0.44476107
7,7,none,fcz,18,90,3,3,True,0.08920828,0.01468537,0.3103522,0.5857541
7,7,none,fcz,19,90,3,2,False,0.007184835,0.008322278,0.73397225,0.25052056
7,7,none,fcz,20,90,2,2,True,0.047931273,0.038858328,0.90389836,0.009312043
7,7,none,fcz,21,90,3,3,True,0.0063903006,0.011309285,0.26756328,0.7147371
7,7,none,fcz,22,90,2,2,True,0.10866037,0.07307215,0.79417497,0.024092492
7,7,none,fcz,23,90,2,2,True,0.012183633,0.0032470236,0.89003545,0.094533935
7,7,none,fcz,24,90,3,2,False,0.07095431,0.05179136,0.73377395,0.14348039
7,7,none,fcz,25,90,2,2,True,0.0089634275,0.023349842,0.9193,0.04838672
7,7,none,fcz,26,90,3,2,False,0.07653366,0.03286948,0.6435319,0.2470649
7,7,none,fcz,27,90,3,2,False,0.030865524,0.01353023,0.6714956,0.28410864
7,7,none,fcz,28,90,2,2,True,0.063652195,0.09090353,0.50590855,0.3395357
7,7,none,fcz,29,90,2,2,True,0.0046239053,0.047667418,0.9425491,0.0051595857
7,7,none,fcz,30,90,1,1,True,0.034716625,0.9430668,0.021395642,0.0008209775
7,7,none,fcz,31,90,0,2,False,0.19508508,0.063047536,0.6964085,0.045458853
7,7,none,fcz,32,90,1,1,True,8.6206535e-05,0.99474597,0.0010646291,0.004103211
7,7,none,fcz,33,90,0,2,False,0.15166691,0.024622569,0.7216613,0.1020492
7,7,none,fcz,34,90,1,2,False,0.0147230625,0.3636115,0.55321115,0.06845427
7,7,none,fcz,35,90,0,2,False,0.025415236,0.042665415,0.90299815,0.028921174
7,7,none,fcz,36,90,1,1,True,0.02269737,0.47047564,0.100880414,0.4059466
7,7,none,fcz,37,90,0,0,True,0.5248157,0.06926141,0.35027283,0.055650126
7,7,none,fcz,38,90,1,2,False,0.0033533091,0.37109283,0.6144376,0.011116312
7,7,none,fcz,39,90,0,2,False,0.037735976,0.011761551,0.8481027,0.102399856
7,7,none,fcz,40,90,1,1,True,0.14551951,0.57473177,0.1717932,0.10795554
7,7,none,fcz,41,90,0,2,False,0.19135296,0.0010809618,0.6815042,0.12606187
7,7,none,fcz,42,90,1,1,True,0.008261108,0.6251818,0.35861745,0.007939692
7,7,none,fcz,43,90,0,2,False,0.03480931,0.055741422,0.770519,0.13893028
7,7,none,fcz,44,90,1,1,True,0.00036138846,0.70227796,0.28876483,0.008595779
7,7,none,fcz,45,90,2,2,True,0.037782922,0.005046121,0.8465505,0.110620484
7,7,none,fcz,46,90,3,2,False,0.0040143128,0.0014826232,0.9481909,0.04631216
7,7,none,fcz,47,90,3,2,False,0.011540242,0.012915562,0.61407566,0.36146852
7,7,none,fcz,48,90,2,2,True,0.022654321,0.007854744,0.72634953,0.24314141
7,7,none,fcz,49,90,3,2,False,0.028612662,0.08666617,0.6856258,0.19909549
7,7,none,fcz,50,90,2,2,True,0.015281233,0.007661292,0.88376164,0.093295835
7,7,none,fcz,51,90,3,3,True,0.004592236,0.012518769,0.060363714,0.9225253
7,7,none,fcz,52,90,2,2,True,0.010885316,0.025806116,0.76986206,0.19344652
7,7,none,fcz,53,90,3,2,False,0.046829477,0.010706762,0.76063997,0.18182388
7,7,none,fcz,54,90,2,2,True,0.06091387,0.019266188,0.8040719,0.11574807
7,7,none,fcz,55,90,2,2,True,0.0053769015,0.05301289,0.81098413,0.13062604
7,7,none,fcz,56,90,3,2,False,0.0030900154,0.0009356956,0.932749,0.06322531
7,7,none,fcz,57,90,2,2,True,0.002442422,0.002654194,0.9564075,0.038495906
7,7,none,fcz,58,90,3,2,False,0.01664663,0.004603464,0.7300979,0.24865206
7,7,none,fcz,59,90,3,3,True,0.01259006,0.079378314,0.30094734,0.6070843
7,7,none,fcz,60,90,1,1,True,0.059771597,0.6596013,0.26514518,0.0154818725
7,7,none,fcz,61,90,0,2,False,0.3504697,0.045021858,0.47697213,0.1275363
7,7,none,fcz,62,90,1,1,True,0.012726431,0.874195,0.11155177,0.0015268106
7,7,none,fcz,63,90,0,2,False,0.066109516,0.006933863,0.8546432,0.07231335
7,7,none,fcz,64,90,0,0,True,0.67525953,0.0019958604,0.3102983,0.01244634
7,7,none,fcz,65,90,1,1,True,0.0049679982,0.79530543,0.19348119,0.0062453914
7,7,none,fcz,66,90,1,2,False,0.008499979,0.4293328,0.549427,0.012740236
7,7,none,fcz,67,90,0,3,False,0.32488084,0.009520247,0.33208063,0.33351827
7,7,none,fcz,68,90,0,0,True,0.74292314,0.007605668,0.22316146,0.026309771
7,7,none,fcz,69,90,1,3,False,0.049577713,0.08505365,0.35712236,0.5082463
7,7,none,fcz,70,90,1,1,True,0.03317834,0.7168733,0.12927344,0.1206749
7,7,none,fcz,71,90,0,2,False,0.10053753,0.02253926,0.80065835,0.07626495
7,7,none,fcz,72,90,1,2,False,0.015359547,0.011704032,0.93093324,0.04200313
7,7,none,fcz,73,90,0,2,False,0.21891204,0.011699592,0.76208353,0.007304843
7,7,none,fcz,74,90,0,2,False,0.21686727,0.0074346536,0.6927332,0.08296478
7,7,none,fcz,75,90,2,2,True,0.0017559427,0.0066802306,0.8048961,0.18666768
7,7,none,fcz,76,90,3,2,False,0.29830277,0.022761079,0.6079188,0.07101738
7,7,none,fcz,77,90,2,2,True,0.008823949,0.022478806,0.9104086,0.058288667
7,7,none,fcz,78,90,3,2,False,0.018102478,0.00860641,0.48871943,0.48457167
7,7,none,fcz,79,90,2,1,False,0.004924089,0.5027634,0.48705468,0.005257844
7,7,none,fcz,80,90,3,2,False,0.027856832,0.071227655,0.70820177,0.19271377
7,7,none,fcz,81,90,2,2,True,0.0010134449,0.0022278964,0.89902383,0.09773484
7,7,none,fcz,82,90,3,2,False,0.015919132,0.03031757,0.749104,0.2046593
7,7,none,fcz,83,90,2,2,True,0.0045035044,0.0010896532,0.9830776,0.011329335
7,7,none,fcz,84,90,3,2,False,0.0054708202,0.013601647,0.5984012,0.38252634
7,7,none,fcz,85,90,2,2,True,0.09585659,0.097746365,0.6855268,0.120870285
7,7,none,fcz,86,90,3,3,True,0.06739328,0.026167532,0.40616643,0.50027275
7,7,none,fcz,87,90,3,2,False,0.13950853,0.030756067,0.76410025,0.06563516
7,7,none,fcz,88,90,2,2,True,0.012509348,0.014710397,0.9150198,0.057760436
7,7,none,fcz,89,90,3,1,False,0.1835629,0.49633908,0.1158431,0.20425491
7,7,none,fcz,90,91,0,1,False,0.33252305,0.43104008,0.2046768,0.031760115
7,7,none,fcz,91,91,1,2,False,0.056784585,0.10045638,0.73281974,0.10993929
7,7,none,fcz,92,91,0,2,False,0.04078794,0.01854897,0.81260675,0.1280563
7,7,none,fcz,93,91,1,1,True,0.0065860143,0.4568064,0.092384696,0.44422287
7,7,none,fcz,94,91,1,1,True,0.00024372991,0.9980996,0.001474762,0.00018188854
7,7,none,fcz,95,91,0,0,True,0.7547202,0.031244209,0.19578491,0.01825073
7,7,none,fcz,96,91,1,1,True,0.07203197,0.8572536,0.06215646,0.008557915
7,7,none,fcz,97,91,0,1,False,0.3730538,0.48295218,0.02849642,0.115497604
7,7,none,fcz,98,91,0,0,True,0.8575095,0.056383435,0.07061357,0.015493498
7,7,none,fcz,99,91,1,1,True,0.05123208,0.35229975,0.31867298,0.27779514
7,7,none,fcz,100,91,0,0,True,0.9548909,0.012500758,0.023193887,0.00941432
7,7,none,fcz,101,91,1,2,False,0.0006795339,0.10355665,0.8756404,0.020123493
7,7,none,fcz,102,91,1,1,True,0.0009585671,0.88509107,0.085992046,0.027958378
7,7,none,fcz,103,91,0,0,True,0.7101814,0.03887832,0.23999219,0.010948129
7,7,none,fcz,104,91,0,0,True,0.70283765,0.080666944,0.21484485,0.0016504956
7,7,none,fcz,105,91,2,2,True,0.0024881,0.31040868,0.5171995,0.16990373
7,7,none,fcz,106,91,3,3,True,0.00040260697,0.31828412,0.25968704,0.42162624
7,7,none,fcz,107,91,3,3,True,0.0027587651,0.15961224,0.29244292,0.54518604
7,7,none,fcz,108,91,2,2,True,0.00030302667,0.055665072,0.9422849,0.0017470106
7,7,none,fcz,109,91,2,2,True,0.0007725281,0.012487857,0.97659373,0.010145975
7,7,none,fcz,110,91,3,2,False,0.013585988,0.057544444,0.83989906,0.08897052
7,7,none,fcz,111,91,3,3,True,0.0018009021,0.17442602,0.37607068,0.4477024
7,7,none,fcz,112,91,2,2,True,0.003342464,0.09462349,0.87835157,0.023682421
7,7,none,fcz,113,91,3,2,False,0.010095802,0.03184223,0.9283232,0.029738724
7,7,none,fcz,114,91,2,2,True,6.6088316e-05,0.0023674846,0.9973578,0.00020867061
7,7,none,fcz,115,91,3,2,False,0.00056457845,0.004401542,0.99217063,0.0028632258
7,7,none,fcz,116,91,2,2,True,0.007086189,0.09948171,0.86020386,0.033228252
7,7,none,fcz,117,91,2,2,True,0.0014510079,0.03615719,0.88664895,0.07574289
7,7,none,fcz,118,91,3,2,False,0.0013378182,0.0067394176,0.9878307,0.004092141
7,7,none,fcz,119,91,2,2,True,0.00022149876,0.055045277,0.94385177,0.0008814861
7,7,none,fcz,120,91,0,1,False,0.3548273,0.37298566,0.25625592,0.015931174
7,7,none,fcz,121,91,1,2,False,0.0025920817,0.03396603,0.8415391,0.12190274
7,7,none,fcz,122,91,1,1,True,0.0014706013,0.7974484,0.18294394,0.018137036
7,7,none,fcz,123,91,0,3,False,0.0022988662,0.081286706,0.33670586,0.5797085
7,7,none,fcz,124,91,0,0,True,0.88723946,0.031191636,0.07118905,0.01037993
7,7,none,fcz,125,91,1,2,False,0.0058573987,0.2524369,0.54605585,0.1956498
7,7,none,fcz,126,91,1,1,True,8.666639e-05,0.68015563,0.28975716,0.030000452
7,7,none,fcz,127,91,0,2,False,0.016059441,0.04262379,0.706537,0.23477978
7,7,none,fcz,128,91,0,0,True,0.9603504,0.004326983,0.02740695,0.007915648
7,7,none,fcz,129,91,1,1,True,0.0007805335,0.7843694,0.117289186,0.097560875
7,7,none,fcz,130,91,1,2,False,0.0010870402,0.12723918,0.5607749,0.31089887
7,7,none,fcz,131,91,0,2,False,0.46238226,0.039033372,0.4885856,0.009998805
7,7,none,fcz,132,91,1,1,True,0.013797882,0.7891731,0.10016973,0.096859254
7,7,none,fcz,133,91,0,3,False,0.035834115,0.068607055,0.091856435,0.8037024
7,7,none,fcz,134,91,1,0,False,0.6427337,0.05546508,0.15589868,0.14590257
7,7,none,fcz,135,91,2,1,False,0.036323305,0.55840105,0.16144498,0.24383071
7,7,none,fcz,136,91,3,2,False,0.0018112129,0.020020293,0.9533092,0.024859272
7,7,none,fcz,137,91,2,2,True,0.011715633,0.39195547,0.4933109,0.10301795
7,7,none,fcz,138,91,3,2,False,0.0010054032,0.015586885,0.9205064,0.06290131
7,7,none,fcz,139,91,2,2,True,0.0018339693,0.067115456,0.8403265,0.09072409
7,7,none,fcz,140,91,3,3,True,0.00020675949,0.0046261414,0.032677174,0.96248996
7,7,none,fcz,141,91,2,2,True,0.0023077286,0.16669266,0.82865584,0.00234385
7,7,none,fcz,142,91,3,3,True,0.00065745856,0.007113909,0.07288339,0.91934526
7,7,none,fcz,143,91,2,2,True,0.0010121627,0.09753197,0.8748439,0.026612006
7,7,none,fcz,144,91,3,2,False,0.00038205853,0.15074418,0.5568866,0.29198712
7,7,none,fcz,145,91,3,3,True,0.005574499,0.18251379,0.07121562,0.74069613
7,7,none,fcz,146,91,2,3,False,0.096194096,0.09279044,0.047074135,0.7639413
7,7,none,fcz,147,91,2,3,False,0.000626088,0.10654258,0.1540467,0.7387846
7,7,none,fcz,148,91,3,2,False,0.004089275,0.17147043,0.55143154,0.27300873
7,7,none,fcz,149,91,3,3,True,0.0006153305,0.12049177,0.029275414,0.8496175
7,7,none,fcz,150,91,1,1,True,2.2290697e-06,0.95960844,0.040156335,0.00023306199
7,7,none,fcz,151,91,0,3,False,0.20301428,0.05431948,0.28375447,0.45891178
7,7,none,fcz,152,91,1,1,True,0.00048251354,0.6003438,0.2627573,0.13641635
7,7,none,fcz,153,91,0,0,True,0.7017395,0.0030019376,0.2852233,0.010035268
7,7,none,fcz,154,91,0,2,False,0.01372824,0.003976808,0.9819902,0.000304739
7,7,none,fcz,155,91,1,2,False,0.0013959,0.0015080832,0.9935086,0.003587415
7,7,none,fcz,156,91,1,2,False,2.0358839e-05,0.05803366,0.9404251,0.0015208175
7,7,none,fcz,157,91,0,0,True,0.95739096,0.0020171213,0.03889418,0.0016976454
7,7,none,fcz,158,91,0,0,True,0.6171947,0.18741499,0.17075263,0.024637682
7,7,none,fcz,159,91,1,3,False,0.013801687,0.2690568,0.33370137,0.38344017
7,7,none,fcz,160,91,0,2,False,0.11757468,0.023386048,0.852976,0.006063215
7,7,none,fcz,161,91,1,1,True,0.0010835385,0.8683106,0.10610618,0.024499679
7,7,none,fcz,162,91,1,2,False,0.00982941,0.05433631,0.8865782,0.04925604
7,7,none,fcz,163,91,0,2,False,0.16139482,0.004209298,0.7587157,0.07568024
7,7,none,fcz,164,91,1,2,False,0.0004865605,0.012164198,0.9605409,0.026808333
7,7,none,fcz,165,91,2,2,True,0.0013958769,0.001935702,0.98086,0.015808437
7,7,none,fcz,166,91,3,2,False,0.0009909864,0.0076913657,0.97949255,0.011825085
7,7,none,fcz,167,91,3,2,False,7.736972e-05,0.009420054,0.9642732,0.02622936
7,7,none,fcz,168,91,2,2,True,0.0013643433,0.042990323,0.9252279,0.030417474
7,7,none,fcz,169,91,2,2,True,0.00025382175,0.0006855168,0.96164376,0.037416924
7,7,none,fcz,170,91,3,3,True,0.0023654434,0.19761498,0.39369404,0.40632555
7,7,none,fcz,171,91,3,2,False,0.0007301263,0.010590829,0.59168047,0.39699852
7,7,none,fcz,172,91,2,2,True,0.0007506189,0.019959847,0.9350842,0.04420529
7,7,none,fcz,173,91,3,2,False,0.013595092,0.1431575,0.47266334,0.3705841
7,7,none,fcz,174,91,2,2,True,0.010850887,0.006526402,0.9293779,0.053244803
7,7,none,fcz,175,91,2,2,True,0.00065465894,0.03585842,0.9005997,0.06288721
7,7,none,fcz,176,91,3,2,False,0.0010531052,0.028224312,0.8802965,0.09042602
7,7,none,fcz,177,91,3,2,False,0.032867882,0.013490257,0.50863194,0.44500992
7,7,none,fcz,178,91,2,2,True,0.0017050987,0.03923144,0.94175136,0.01731214
7,7,none,fcz,179,91,3,2,False,0.00023089015,0.0019890068,0.96444136,0.033338726
7,7,none,fcz,180,92,1,1,True,0.08028424,0.5899729,0.081866585,0.24787627
7,7,none,fcz,181,92,0,3,False,0.120749384,0.24513274,0.13242516,0.5016927
7,7,none,fcz,182,92,1,2,False,0.26381883,0.1425875,0.46494395,0.1286497
7,7,none,fcz,183,92,0,2,False,0.08155732,0.031716373,0.8831374,0.00358891
7,7,none,fcz,184,92,0,2,False,0.15360887,0.23790805,0.5357989,0.072684154
7,7,none,fcz,185,92,1,1,True,0.016763764,0.9047023,0.0688911,0.0096428525
7,7,none,fcz,186,92,0,0,True,0.66628814,0.1340464,0.18727122,0.012394193
7,7,none,fcz,187,92,1,1,True,0.013256509,0.9847874,0.0018897847,6.637856e-05
7,7,none,fcz,188,92,1,1,True,0.0010341072,0.99789006,0.00080183055,0.00027402106
7,7,none,fcz,189,92,0,2,False,0.1139738,0.051872987,0.7593715,0.07478171
7,7,none,fcz,190,92,0,0,True,0.6914735,0.18107744,0.091541216,0.035907857
7,7,none,fcz,191,92,1,0,False,0.4648344,0.2579278,0.15629794,0.120939806
7,7,none,fcz,192,92,0,0,True,0.70054114,0.19802663,0.09887778,0.0025544136
7,7,none,fcz,193,92,1,1,True,0.025439654,0.37383962,0.26637644,0.33434433
7,7,none,fcz,194,92,0,2,False,0.14380108,0.34222507,0.43708476,0.07688904
7,7,none,fcz,195,92,1,1,True,0.06646189,0.87745833,0.039534897,0.016544892
7,7,none,fcz,196,92,1,1,True,0.0021777372,0.9941255,0.0030305514,0.0006662455
7,7,none,fcz,197,92,0,0,True,0.88654554,0.077805325,0.026260104,0.00938911
7,7,none,fcz,198,92,1,1,True,0.017569123,0.6096075,0.35756627,0.015257135
7,7,none,fcz,199,92,2,0,False,0.4467682,0.16773622,0.3072101,0.07828554
7,7,none,fcz,200,92,3,0,False,0.41766322,0.11093375,0.34476545,0.1266376
7,7,none,fcz,201,92,2,3,False,0.22008035,0.06262762,0.35324854,0.36404344
7,7,none,fcz,202,92,3,2,False,0.1298043,0.2467454,0.47286516,0.15058516
7,7,none,fcz,203,92,2,2,True,0.06115888,0.24251264,0.680974,0.015354526
7,7,none,fcz,204,92,3,3,True,0.060181115,0.14552195,0.22795126,0.5663457
7,7,none,fcz,205,92,2,2,True,0.058602642,0.28651616,0.48065245,0.1742288
7,7,none,fcz,206,92,3,1,False,0.086763486,0.6771294,0.06460166,0.17150542
7,7,none,fcz,207,92,3,1,False,0.17506483,0.3770953,0.36394906,0.08389078
7,7,none,fcz,208,92,2,0,False,0.4258146,0.13759828,0.24549691,0.19109023
7,7,none,fcz,209,92,2,2,True,0.0014733522,0.05454461,0.9391663,0.004815775
7,7,none,fcz,210,92,3,1,False,0.013969046,0.57555646,0.01164595,0.39882848
7,7,none,fcz,211,92,3,1,False,0.045486495,0.44918874,0.059598316,0.44572645
7,7,none,fcz,212,92,2,1,False,0.10136118,0.6866823,0.1503475,0.061609175
7,7,none,fcz,213,92,3,1,False,0.14277977,0.65885305,0.06462191,0.13374527
7,7,none,fcz,214,92,2,0,False,0.5446138,0.34043944,0.100464515,0.014482246
7,7,none,fcz,215,92,2,2,True,0.0040608845,0.083263,0.77178997,0.14088613
7,7,none,fcz,216,92,3,1,False,0.015378668,0.56400484,0.23110385,0.18951264
7,7,none,fcz,217,92,2,2,True,0.005700104,0.44005844,0.5363083,0.01793318
7,7,none,fcz,218,92,0,0,True,0.97554094,0.0063442853,0.016660975,0.0014537539
7,7,none,fcz,219,92,1,1,True,0.14523827,0.8309706,0.020002354,0.0037887755
7,7,none,fcz,220,92,0,0,True,0.60507816,0.30837992,0.064285256,0.022256644
7,7,none,fcz,221,92,1,1,True,0.105455026,0.8582466,0.02614236,0.010155968
7,7,none,fcz,222,92,1,1,True,0.04216895,0.92640966,0.030631814,0.0007896399
7,7,none,fcz,223,92,0,0,True,0.4498246,0.35053268,0.14886239,0.050780248
7,7,none,fcz,224,92,1,1,True,0.008476685,0.9657926,0.0016965347,0.024034174
7,7,none,fcz,225,92,0,1,False,0.05743881,0.7475126,0.19126567,0.0037828984
7,7,none,fcz,226,92,0,0,True,0.9327296,0.059003547,0.004706031,0.0035609072
7,7,none,fcz,227,92,1,1,True,0.002386619,0.9839516,0.0069927895,0.0066689244
7,7,none,fcz,228,92,1,1,True,0.000225136,0.9892659,0.0036771076,0.0068317503
7,7,none,fcz,229,92,0,0,True,0.724793,0.059478022,0.16000551,0.05572343
7,7,none,fcz,230,92,1,1,True,0.0015243316,0.9961267,0.0016249679,0.00072405185
7,7,none,fcz,231,92,0,1,False,0.06603145,0.40837097,0.26871684,0.2568807
7,7,none,fcz,232,92,0,0,True,0.8322566,0.019993605,0.12000014,0.027749639
7,7,none,fcz,233,92,1,1,True,0.0049013207,0.9899104,0.0029532656,0.0022350394
7,7,none,fcz,234,92,0,0,True,0.45484608,0.04443387,0.36198875,0.13873135
7,7,none,fcz,235,92,1,1,True,0.0020397734,0.9720187,0.020374196,0.0055674394
7,7,none,fcz,236,92,1,1,True,0.0038766083,0.99287134,0.0012524159,0.001999719
7,7,none,fcz,237,92,3,3,True,0.05594856,0.27733037,0.06432248,0.6023985
7,7,none,fcz,238,92,2,2,True,0.15544245,0.16311477,0.34585604,0.3355867
7,7,none,fcz,239,92,3,1,False,0.22201332,0.5417947,0.15088978,0.08530221
7,7,none,fcz,240,92,2,2,True,0.024857286,0.31175917,0.61215615,0.051227324
7,7,none,fcz,241,92,2,2,True,0.036192246,0.1579918,0.7814544,0.024361605
7,7,none,fcz,242,92,3,2,False,0.05512938,0.16172431,0.7470092,0.036137145
7,7,none,fcz,243,92,2,1,False,0.07113731,0.51412636,0.3674945,0.04724192
7,7,none,fcz,244,92,3,1,False,0.096878916,0.65416193,0.23408578,0.014873356
7,7,none,fcz,245,92,2,2,True,0.037883893,0.15842941,0.76398355,0.039703116
7,7,none,fcz,246,92,3,3,True,0.009898583,0.2120802,0.20427127,0.57374996
7,7,none,fcz,247,92,2,2,True,0.0215907,0.116070874,0.79493153,0.06740688
7,7,none,fcz,248,92,3,1,False,0.011286836,0.67073494,0.19290249,0.12507568
7,7,none,fcz,249,92,3,3,True,0.010843692,0.23532149,0.032492444,0.7213424
7,7,none,fcz,250,92,2,2,True,0.005793432,0.057368815,0.9004471,0.03639075
7,7,none,fcz,251,92,3,3,True,0.004087466,0.027040435,0.2045381,0.76433396
7,7,none,fcz,252,92,2,2,True,0.04526655,0.065873325,0.84430605,0.044554017
7,7,none,fcz,253,92,2,2,True,0.05160293,0.06442757,0.87039506,0.013574474
7,7,none,fcz,254,92,3,0,False,0.35159218,0.19678687,0.3442067,0.10741427
7,7,none,fcz,255,92,2,1,False,0.02844201,0.5385027,0.41364887,0.019406462
7,7,none,fcz,256,92,0,0,True,0.86655,0.10022871,0.00672645,0.026494827
7,7,none,fcz,257,92,1,0,False,0.73511297,0.18965504,0.07159027,0.0036417113
7,7,none,fcz,258,92,1,1,True,0.0051946496,0.97283596,0.0076094447,0.014359865
7,7,none,fcz,259,92,0,0,True,0.80002576,0.06728642,0.070952795,0.061735034
7,7,none,fcz,260,92,0,3,False,0.32079735,0.026962165,0.27295634,0.37928414
7,7,none,fcz,261,92,1,1,True,0.0077989264,0.9473176,0.040412575,0.0044709374
7,7,none,fcz,262,92,1,1,True,0.009895126,0.8787288,0.0397783,0.07159768
7,7,none,fcz,263,92,0,0,True,0.39749742,0.37731048,0.21294929,0.012242818
7,7,none,fcz,264,92,0,0,True,0.48350257,0.08303689,0.4094206,0.024039993
7,7,none,fcz,265,92,1,1,True,0.0022659318,0.99482745,0.0012258439,0.0016806783
7,7,none,fcz,266,92,0,0,True,0.5479661,0.34287813,0.09404295,0.015112823
7,7,none,fcz,267,92,1,1,True,0.13133946,0.41366768,0.337937,0.11705589
7,7,none,fcz,268,92,0,0,True,0.6083737,0.33931214,0.031057993,0.02125606
7,7,none,fcz,269,92,1,1,True,0.0029250418,0.8945,0.0941944,0.008380434
7,7,none,fcz,270,92,1,1,True,0.038699213,0.83248085,0.116272114,0.012547879
7,7,none,fcz,271,92,0,0,True,0.6224135,0.33426163,0.025503725,0.017821115
7,7,none,fcz,272,92,1,1,True,0.018800624,0.83624905,0.13721007,0.007740363
7,7,none,fcz,273,92,0,2,False,0.38425162,0.06733981,0.5066362,0.04177239
7,7,none,fcz,274,92,1,2,False,0.028056836,0.4341424,0.5234061,0.014394687
7,7,none,fcz,275,92,3,1,False,0.06423379,0.46976948,0.4194547,0.04654199
7,7,none,fcz,276,92,2,1,False,0.08060941,0.47849125,0.32413772,0.116761565
7,7,none,fcz,277,92,3,2,False,0.022384299,0.22141509,0.40121177,0.35498875
7,7,none,fcz,278,92,2,1,False,0.0858717,0.5756294,0.27041033,0.06808864
7,7,none,fcz,279,92,3,2,False,0.071270585,0.0075450568,0.497413,0.42377135
7,7,none,fcz,280,92,2,2,True,0.17253506,0.10669179,0.64281315,0.07796
7,7,none,fcz,281,92,3,2,False,0.0140246805,0.19070064,0.5941355,0.20113915
7,7,none,fcz,282,92,2,2,True,0.05368567,0.32730138,0.59534484,0.023668164
7,7,none,fcz,283,92,2,2,True,0.007984918,0.11311464,0.8652664,0.013634038
7,7,none,fcz,284,92,3,1,False,0.075827554,0.46939734,0.34533268,0.10944243
7,7,none,fcz,285,92,3,3,True,0.0038435422,0.44052294,0.064957835,0.49067572
7,7,none,fcz,286,92,2,1,False,0.024519986,0.6366498,0.3345063,0.004323893
7,7,none,fcz,287,92,2,1,False,0.028037809,0.8618748,0.07783225,0.032255165
7,7,none,fcz,288,92,3,1,False,0.10157343,0.5614134,0.21328121,0.12373197
7,7,none,fcz,289,92,3,3,True,0.021829128,0.43244126,0.0654814,0.4802482
7,7,none,fcz,290,92,2,2,True,0.070509754,0.36022642,0.37066817,0.1985957
7,7,none,fcz,291,92,2,2,True,0.25024426,0.1129049,0.46729755,0.16955322
7,7,none,fcz,292,92,3,3,True,0.19401774,0.257925,0.13226229,0.41579497
7,7,none,fcz,293,92,2,1,False,0.029400857,0.7715809,0.17300695,0.02601138
7,7,none,fcz,294,93,1,1,True,0.014040849,0.5571152,0.27752426,0.15131971
7,7,none,fcz,295,93,0,2,False,0.024850197,0.38440037,0.5608844,0.029865062
7,7,none,fcz,296,93,1,1,True,1.740652e-05,0.97438645,0.018718256,0.0068778447
7,7,none,fcz,297,93,0,2,False,0.027527463,0.4060032,0.52546066,0.041008726
7,7,none,fcz,298,93,1,2,False,0.00033489784,0.057926517,0.93077594,0.010962718
7,7,none,fcz,299,93,0,2,False,0.0027003086,0.039938092,0.82149684,0.13586484
7,7,none,fcz,300,93,0,0,True,0.43606675,0.4229452,0.12031058,0.020677468
7,7,none,fcz,301,93,1,2,False,0.000864701,0.32669935,0.50658035,0.16585557
7,7,none,fcz,302,93,1,2,False,0.03061568,0.034572326,0.8844657,0.0503463
7,7,none,fcz,303,93,0,2,False,0.039262615,0.17735852,0.7498576,0.03352136
7,7,none,fcz,304,93,1,2,False,0.004282537,0.4494215,0.47056004,0.075735934
7,7,none,fcz,305,93,0,0,True,0.9707883,0.011884056,0.01075789,0.006569784
7,7,none,fcz,306,93,1,1,True,0.00030103722,0.5774224,0.32121137,0.10106523
7,7,none,fcz,307,93,0,0,True,0.9658661,0.0038259972,0.021286236,0.009021675
7,7,none,fcz,308,93,0,0,True,0.46470878,0.190798,0.29484963,0.049643513
7,7,none,fcz,309,93,3,3,True,0.00013890368,0.075772144,0.040306665,0.8837823
7,7,none,fcz,310,93,2,2,True,0.00036003662,0.17810449,0.779753,0.0417825
7,7,none,fcz,311,93,2,2,True,0.0009756098,0.048691906,0.93129313,0.019039351
7,7,none,fcz,312,93,3,3,True,0.0041399915,0.04401139,0.04955794,0.90229064
7,7,none,fcz,313,93,3,3,True,5.0107912e-05,0.029032411,0.059875384,0.9110421
7,7,none,fcz,314,93,2,2,True,0.0013466469,0.058923736,0.91458535,0.025144296
7,7,none,fcz,315,93,3,2,False,0.00056892383,0.38978004,0.5729268,0.036724184
7,7,none,fcz,316,93,2,2,True,2.5528152e-06,0.00034618864,0.99962735,2.3808032e-05
7,7,none,fcz,317,93,2,2,True,0.0036365213,0.019633133,0.9467878,0.029942516
7,7,none,fcz,318,93,3,3,True,0.0024191632,0.27143568,0.12902935,0.5971158
7,7,none,fcz,319,93,3,3,True,0.096370846,0.119332865,0.050275564,0.73402077
7,7,none,fcz,320,93,2,2,True,0.00093497674,0.06026746,0.92506593,0.01373159
7,7,none,fcz,321,93,2,2,True,0.0033437463,0.009271877,0.95143616,0.0359482
7,7,none,fcz,322,93,3,3,True,0.0011850381,0.021478932,0.025181377,0.95215464
7,7,none,fcz,323,93,2,2,True,0.0011121576,0.0030971675,0.99339503,0.0023956941
7,7,none,fcz,324,93,0,0,True,0.96050733,0.010971628,0.012300848,0.01622015
7,7,none,fcz,325,93,1,2,False,0.0005778721,0.15043294,0.4916459,0.3573433
7,7,none,fcz,326,93,1,1,True,1.5452905e-06,0.99819916,0.0003713939,0.0014279013
7,7,none,fcz,327,93,0,2,False,0.021136899,0.012787573,0.9460284,0.020047054
7,7,none,fcz,328,93,0,2,False,0.19429363,0.016233888,0.5140123,0.27546015
7,7,none,fcz,329,93,1,1,True,0.001149053,0.72906595,0.23919691,0.030588094
7,7,none,fcz,330,93,0,1,False,0.017585086,0.507308,0.36164808,0.11345884
7,7,none,fcz,331,93,1,1,True,0.0009041139,0.47681937,0.46704558,0.055230875
7,7,none,fcz,332,93,1,2,False,0.00034339097,0.15083429,0.8148551,0.033967208
7,7,none,fcz,333,93,0,2,False,0.01968044,0.28090194,0.4816953,0.21772237
7,7,none,fcz,334,93,1,2,False,0.0015956424,0.19879667,0.6044507,0.19515702
7,7,none,fcz,335,93,0,2,False,0.13733335,0.011516205,0.83279765,0.018352877
7,7,none,fcz,336,93,0,0,True,0.59473693,0.031822972,0.15893644,0.21450363
7,7,none,fcz,337,93,1,2,False,0.00040683628,0.17538165,0.77059126,0.053620283
7,7,none,fcz,338,93,0,3,False,0.024417732,0.002656115,0.362652,0.6102741
7,7,none,fcz,339,93,2,2,True,0.015926043,0.037562225,0.943523,0.0029887413
7,7,none,fcz,340,93,3,3,True,7.191438e-05,0.0025626586,0.022844449,0.9745209
7,7,none,fcz,341,93,3,2,False,0.0006350095,0.18423527,0.44616827,0.3689614
7,7,none,fcz,342,93,2,2,True,0.0010286336,0.03471052,0.93269587,0.031564984
7,7,none,fcz,343,93,2,1,False,0.0008068668,0.523387,0.45499948,0.02080671
7,7,none,fcz,344,93,3,1,False,0.00036625031,0.61129314,0.018104179,0.37023643
7,7,none,fcz,345,93,3,3,True,9.129802e-05,0.0040165293,0.009413831,0.9864783
7,7,none,fcz,346,93,2,2,True,0.002038528,0.37245035,0.6137169,0.0117942635
7,7,none,fcz,347,93,3,3,True,0.005552862,0.01199933,0.106859885,0.87558794
7,7,none,fcz,348,93,2,2,True,0.00044809544,0.2941023,0.6670064,0.038443286
7,7,none,fcz,349,93,3,2,False,0.0028730275,0.20101702,0.57062423,0.2254857
7,7,none,fcz,350,93,2,2,True,0.00018448004,0.024896365,0.96496737,0.00995172
7,7,none,fcz,351,93,3,3,True,0.0005264106,0.024107942,0.02923198,0.9461336
7,7,none,fcz,352,93,2,2,True,0.0017856477,0.0359962,0.94377476,0.018443389
7,7,none,fcz,353,93,2,2,True,0.010602164,0.123240955,0.7558224,0.11033444
7,7,none,fcz,354,93,0,1,False,0.025494657,0.6391487,0.28229764,0.05305901
7,7,none,fcz,355,93,1,2,False,0.00036305437,0.06149697,0.9153572,0.022782711
7,7,none,fcz,356,93,0,2,False,0.065107666,0.01651452,0.8990145,0.019363292
7,7,none,fcz,357,93,1,1,True,0.00010868281,0.99359304,0.0031761122,0.0031220845
7,7,none,fcz,358,93,1,1,True,0.00022821718,0.9314565,0.012938221,0.055377092
7,7,none,fcz,359,93,0,0,True,0.37297633,0.32935062,0.2257423,0.071930714
7,7,none,fcz,360,93,1,2,False,0.001412186,0.2750304,0.4948971,0.2286603
7,7,none,fcz,361,93,0,1,False,0.0024077448,0.9305431,0.021952452,0.045096707
7,7,none,fcz,362,93,1,1,True,0.0022875927,0.8663269,0.11204049,0.019345049
7,7,none,fcz,363,93,0,2,False,0.3679803,0.0366689,0.43034118,0.16500959
7,7,none,fcz,364,93,0,0,True,0.49752393,0.17134823,0.2273734,0.10375444
7,7,none,fcz,365,93,1,3,False,0.00027832802,0.08475956,0.33384094,0.5811212
7,7,none,fcz,366,93,1,1,True,5.5125118e-05,0.9262145,0.020733183,0.05299724
7,7,none,fcz,367,93,0,1,False,0.004554427,0.70351905,0.222779,0.06914755
7,7,none,fcz,368,93,1,1,True,0.0053569223,0.6069242,0.37316442,0.014554467
7,7,none,fcz,369,93,2,2,True,0.1542861,0.23851979,0.4166374,0.1905567
7,7,none,fcz,370,93,3,2,False,0.0038335326,0.098039076,0.66968936,0.22843802
7,7,none,fcz,371,93,3,3,True,0.000805083,0.03075229,0.092120804,0.8763218
7,7,none,fcz,372,93,2,1,False,0.017905794,0.88985264,0.088538356,0.0037032154
7,7,none,fcz,373,93,3,1,False,0.0001271888,0.8823431,0.01167802,0.10585174
7,7,none,fcz,374,93,2,1,False,0.00055876124,0.9352928,0.058986537,0.0051619415
7,7,none,fcz,375,93,2,2,True,0.003801498,0.022526924,0.9299262,0.043745358
7,7,none,fcz,376,93,3,3,True,5.1659288e-05,0.04257942,0.035991836,0.9213771
7,7,none,fcz,377,93,3,3,True,2.905596e-05,0.06418815,0.023612188,0.9121706
7,7,none,fcz,378,93,2,2,True,0.0009718372,0.0117055,0.9605758,0.026746787
7,7,none,fcz,379,93,2,2,True,0.004043881,0.10139022,0.82746905,0.06709692
7,7,none,fcz,380,93,3,3,True,0.008705677,0.07982007,0.23778147,0.67369276
7,7,none,fcz,381,93,3,2,False,0.0018129116,0.034187853,0.5183853,0.44561392
7,7,none,fcz,382,93,2,1,False,1.479835e-05,0.9758775,0.023174308,0.00093339954
7,7,none,fcz,383,93,3,2,False,0.0015634708,0.020932617,0.8244631,0.15304086
7,7,none,fcz,384,94,0,0,True,0.9407281,0.005900508,0.05175633,0.0016150048
7,7,none,fcz,385,94,1,1,True,0.0010485444,0.5737881,0.41893944,0.006224014
7,7,none,fcz,386,94,1,2,False,0.0060926415,0.05653752,0.82719976,0.11017001
7,7,none,fcz,387,94,0,0,True,0.9927684,0.0012611544,0.0054642837,0.000506171
7,7,none,fcz,388,94,1,2,False,0.001108139,0.13076542,0.60531604,0.26281032
7,7,none,fcz,389,94,0,0,True,0.7424595,0.021672975,0.21810915,0.017758356
7,7,none,fcz,390,94,1,2,False,0.0071459417,0.0074065523,0.9712759,0.014171679
7,7,none,fcz,391,94,0,0,True,0.93223494,0.0013507389,0.051483538,0.014930759
7,7,none,fcz,392,94,1,2,False,0.0067201154,0.04770231,0.8956545,0.04992307
7,7,none,fcz,393,94,0,2,False,0.24995872,0.08330484,0.66245073,0.004285753
7,7,none,fcz,394,94,0,0,True,0.81068933,0.0018375089,0.13007835,0.057394776
7,7,none,fcz,395,94,1,2,False,0.0025731784,0.015108452,0.9368075,0.04551084
7,7,none,fcz,396,94,1,1,True,0.020175872,0.5691529,0.22459045,0.18608075
7,7,none,fcz,397,94,0,2,False,0.21508047,0.0033512868,0.6047631,0.17680521
7,7,none,fcz,398,94,1,2,False,0.021205584,0.1256003,0.7254587,0.12773547
7,7,none,fcz,399,94,2,2,True,0.00072955096,0.0067722634,0.9898885,0.0026096755
7,7,none,fcz,400,94,3,3,True,0.00087541,0.005457721,0.15163915,0.8420277
7,7,none,fcz,401,94,3,3,True,4.4591296e-05,0.0010145559,0.005569539,0.99337125
7,7,none,fcz,402,94,2,2,True,0.0012349517,0.0033534856,0.9831744,0.012237167
7,7,none,fcz,403,94,3,3,True,0.00784416,0.024305798,0.3266054,0.6412446
7,7,none,fcz,404,94,2,2,True,0.0032980673,0.062991254,0.909893,0.02381768
7,7,none,fcz,405,94,2,2,True,0.0002501009,0.0051609124,0.98448205,0.010107018
7,7,none,fcz,406,94,3,3,True,0.0005886398,0.052148644,0.09340984,0.8538529
7,7,none,fcz,407,94,2,2,True,0.0127836205,0.017045138,0.8664883,0.103683
7,7,none,fcz,408,94,3,3,True,0.0020017317,0.00888924,0.19414407,0.79496497
7,7,none,fcz,409,94,3,3,True,0.0017711633,0.003871769,0.09527454,0.89908254
7,7,none,fcz,410,94,2,2,True,0.0012574497,0.00675785,0.9867705,0.0052141813
7,7,none,fcz,411,94,3,3,True,0.0009839531,0.0063253357,0.056630652,0.9360601
7,7,none,fcz,412,94,2,2,True,0.075754024,0.015488773,0.7626983,0.14605896
7,7,none,fcz,413,94,3,2,False,0.013009037,0.06349388,0.53922206,0.38427502
7,7,none,fcz,414,94,1,1,True,0.0026576587,0.91887015,0.074958846,0.003513436
7,7,none,fcz,415,94,0,2,False,0.13408616,0.25256652,0.61234176,0.0010055738
7,7,none,fcz,416,94,1,1,True,0.004828378,0.9141862,0.07866924,0.0023162637
7,7,none,fcz,417,94,0,0,True,0.5506126,0.029972468,0.4048958,0.014519029
7,7,none,fcz,418,94,0,0,True,0.83798885,0.0066492064,0.15419343,0.0011685042
7,7,none,fcz,419,94,1,1,True,8.195574e-05,0.69972754,0.2950328,0.005157657
7,7,none,fcz,420,94,1,2,False,0.007907197,0.030855246,0.58589184,0.37534574
7,7,none,fcz,421,94,0,0,True,0.7401292,0.016004706,0.23428273,0.009583424
7,7,none,fcz,422,94,0,2,False,0.15820144,0.2013235,0.63009655,0.010378495
7,7,none,fcz,423,94,1,2,False,0.034694176,0.012777966,0.9356302,0.016897725
7,7,none,fcz,424,94,1,1,True,0.00014602931,0.91546977,0.07913721,0.0052470174
7,7,none,fcz,425,94,0,2,False,0.0061213817,0.12916636,0.8377948,0.026917454
7,7,none,fcz,426,94,1,2,False,0.0010063382,0.13078678,0.84434617,0.023860708
7,7,none,fcz,427,94,0,2,False,0.36169556,0.001054398,0.613401,0.023849132
7,7,none,fcz,428,94,1,2,False,0.0016339864,0.009641178,0.97120696,0.017517908
7,7,none,fcz,429,94,3,3,True,0.1867317,0.035950005,0.3185587,0.45875958
7,7,none,fcz,430,94,2,2,True,0.030002525,0.018833783,0.9260712,0.025092421
7,7,none,fcz,431,94,3,3,True,0.0002328601,0.020162849,0.33874226,0.64086205
7,7,none,fcz,432,94,2,2,True,0.00016897821,0.004265497,0.9895782,0.0059872563
7,7,none,fcz,433,94,3,3,True,0.0016576123,0.047598265,0.035898253,0.9148459
7,7,none,fcz,434,94,2,2,True,0.0024854369,0.031380106,0.9566513,0.009483116
7,7,none,fcz,435,94,2,2,True,0.002714208,0.033615116,0.69875956,0.26491106
7,7,none,fcz,436,94,3,3,True,0.0012604208,0.010107705,0.45708376,0.53154814
7,7,none,fcz,437,94,3,3,True,0.0047205477,0.25646007,0.23580183,0.50301754
7,7,none,fcz,438,94,2,2,True,0.00078977185,0.01617428,0.9710952,0.011940767
7,7,none,fcz,439,94,3,3,True,0.0062838234,0.08904917,0.16609655,0.73857045
7,7,none,fcz,440,94,2,2,True,0.038529526,0.022360131,0.9068279,0.032282427
7,7,none,fcz,441,94,3,2,False,0.0017400014,0.007380038,0.8490161,0.14186391
7,7,none,fcz,442,94,2,2,True,0.0122100515,0.03152919,0.94631016,0.009950598
7,7,none,fcz,443,94,2,3,False,0.029748382,0.07613236,0.12355201,0.7705673
7,7,none,fcz,444,94,0,0,True,0.74701494,0.0323872,0.2187528,0.0018450202
7,7,none,fcz,445,94,1,2,False,0.021343177,0.026277874,0.9465684,0.0058104107
7,7,none,fcz,446,94,1,2,False,0.0005027345,0.115934536,0.8747505,0.008812216
7,7,none,fcz,447,94,0,2,False,0.06720114,0.0030184682,0.91939694,0.010383504
7,7,none,fcz,448,94,1,2,False,0.00022151237,0.12130696,0.8246506,0.05382096
7,7,none,fcz,449,94,0,2,False,0.05125684,0.0073102075,0.90447134,0.036961634
7,7,none,fcz,450,94,1,2,False,0.017065855,0.23800763,0.6784996,0.066426896
7,7,none,fcz,451,94,0,2,False,0.03760978,0.002452814,0.9200567,0.039880715
7,7,none,fcz,452,94,1,2,False,0.012420908,0.12382133,0.7156787,0.14807907
7,7,none,fcz,453,94,0,2,False,0.0038427257,0.019040368,0.9639665,0.013150426
7,7,none,fcz,454,94,1,2,False,0.0005735516,0.12514347,0.693098,0.18118496
7,7,none,fcz,455,94,0,0,True,0.5015383,0.0029701588,0.4771183,0.018373188
7,7,none,fcz,456,94,0,2,False,0.03169996,0.048850898,0.9145492,0.004900016
7,7,none,fcz,457,94,1,3,False,0.001423403,0.007767887,0.28434587,0.70646286
7,7,none,fcz,458,94,0,2,False,0.006132961,0.004802659,0.8909162,0.0981481
7,7,none,fcz,459,94,2,2,True,0.0042071776,0.0097639775,0.97717756,0.008851322
7,7,none,fcz,460,94,3,2,False,0.00029825652,0.0066435374,0.9426959,0.0503623
7,7,none,fcz,461,94,2,2,True,0.0055547147,0.01598534,0.9677133,0.010746643
7,7,none,fcz,462,94,3,2,False,0.02981465,0.05009044,0.868191,0.051903963
7,7,none,fcz,463,94,2,2,True,0.0024696407,0.09936416,0.89147305,0.006693068
7,7,none,fcz,464,94,3,3,True,0.003120376,0.008844159,0.4209949,0.5670406
7,7,none,fcz,465,94,3,2,False,0.0006684657,0.09475345,0.5122041,0.39237395
7,7,none,fcz,466,94,2,2,True,0.006600047,0.021117834,0.9054586,0.066823475
7,7,none,fcz,467,94,2,2,True,0.0015191478,0.00804752,0.9515697,0.038863678
7,7,none,fcz,468,94,3,2,False,0.0016608733,0.0022845534,0.7530049,0.24304962
7,7,none,fcz,469,94,3,3,True,0.0014842475,0.047833808,0.25166038,0.6990216
7,7,none,fcz,470,94,2,2,True,0.0014074652,0.0093869325,0.87461007,0.114595495
7,7,none,fcz,471,94,2,2,True,0.010283935,0.016787069,0.5675679,0.40536115
7,7,none,fcz,472,94,3,2,False,0.0034276892,0.05305634,0.54997355,0.3935424
7,7,none,fcz,473,94,3,2,False,0.0024602544,0.023654092,0.9473944,0.026491245
7,7,none,fcz,474,95,0,2,False,0.21450244,0.017872239,0.7126117,0.055013616
7,7,none,fcz,475,95,1,3,False,0.008077464,0.39704058,0.15892676,0.4359552
7,7,none,fcz,476,95,1,1,True,0.00036385897,0.9378277,0.05798128,0.0038271758
7,7,none,fcz,477,95,0,0,True,0.69851327,0.02276818,0.103614256,0.17510429
7,7,none,fcz,478,95,0,0,True,0.92787194,0.001822186,0.03872781,0.031578146
7,7,none,fcz,479,95,1,1,True,0.0069270683,0.50690806,0.3902626,0.09590225
7,7,none,fcz,480,95,0,2,False,0.12158972,0.02525518,0.7270704,0.12608472
7,7,none,fcz,481,95,1,3,False,0.0022880433,0.4094966,0.16320273,0.42501268
7,7,none,fcz,482,95,0,2,False,0.41441432,0.016707914,0.52789295,0.040984794
7,7,none,fcz,483,95,1,2,False,0.0037968815,0.028698156,0.6529439,0.31456104
7,7,none,fcz,484,95,1,2,False,0.0008608732,0.17063683,0.72665143,0.10185083
7,7,none,fcz,485,95,0,0,True,0.8121069,0.00019027003,0.17513864,0.012564178
7,7,none,fcz,486,95,0,2,False,0.24546799,0.006336119,0.64491206,0.103283875
7,7,none,fcz,487,95,1,3,False,0.006005227,0.05463353,0.24957268,0.6897886
7,7,none,fcz,488,95,1,2,False,3.1973283e-05,0.024269996,0.9382776,0.037420418
7,7,none,fcz,489,95,2,2,True,0.0018723621,0.0028811763,0.90232366,0.092922814
7,7,none,fcz,490,95,3,2,False,0.0017148345,0.004521748,0.75237626,0.24138711
7,7,none,fcz,491,95,2,2,True,0.00046127453,0.019472992,0.94211566,0.037950136
7,7,none,fcz,492,95,3,3,True,0.0010467757,0.0003884832,0.03851129,0.96005344
7,7,none,fcz,493,95,3,3,True,6.6347835e-05,0.0017969824,0.011922167,0.98621446
7,7,none,fcz,494,95,2,2,True,0.030921072,0.009550078,0.5374794,0.42204946
7,7,none,fcz,495,95,2,2,True,0.0002662382,0.0017347356,0.8513592,0.14663987
7,7,none,fcz,496,95,3,3,True,0.029282376,0.0016041547,0.036369834,0.9327436
7,7,none,fcz,497,95,3,3,True,0.000111834095,0.0019286774,0.29076418,0.70719534
7,7,none,fcz,498,95,2,2,True,0.00069409795,0.03252027,0.66061765,0.30616805
7,7,none,fcz,499,95,3,3,True,0.00073600415,0.0092371,0.08727951,0.90274745
7,7,none,fcz,500,95,2,2,True,0.000469758,0.0010347166,0.54417354,0.45432195
7,7,none,fcz,501,95,3,3,True,0.0010289856,0.0028733364,0.17453997,0.8215577
7,7,none,fcz,502,95,2,2,True,0.000619412,0.0015126736,0.92949253,0.06837538
7,7,none,fcz,503,95,2,2,True,0.006505863,0.009006352,0.77547514,0.2090126
7,7,none,fcz,504,95,1,2,False,0.0002219595,0.06646937,0.6076827,0.32562593
7,7,none,fcz,505,95,0,3,False,0.24830876,0.0041841813,0.08754635,0.6599607
7,7,none,fcz,506,95,1,3,False,0.0021680223,0.072922334,0.10781732,0.8170923
7,7,none,fcz,507,95,0,2,False,0.03180234,0.00032346402,0.8629003,0.10497385
7,7,none,fcz,508,95,0,0,True,0.81099445,0.0013464917,0.11865335,0.069005646
7,7,none,fcz,509,95,1,3,False,0.00087167625,0.010987661,0.22365989,0.76448077
7,7,none,fcz,510,95,1,2,False,9.175407e-05,0.0024591421,0.7670758,0.23037334
7,7,none,fcz,511,95,0,0,True,0.50749224,0.0013391593,0.02667822,0.46449038
7,7,none,fcz,512,95,0,2,False,0.05465491,0.0029911606,0.65824276,0.2841112
7,7,none,fcz,513,95,1,2,False,0.00042857407,0.03433715,0.84034103,0.12489324
7,7,none,fcz,514,95,0,2,False,0.12999624,0.00021850978,0.64775753,0.22202766
7,7,none,fcz,515,95,1,2,False,0.0031332222,0.24226137,0.59754646,0.157059
7,7,none,fcz,516,95,0,2,False,0.18578216,0.036816817,0.40437216,0.37302893
7,7,none,fcz,517,95,1,2,False,0.0006721748,0.07770104,0.70813745,0.2134894
7,7,none,fcz,518,95,0,2,False,0.05592676,0.0018506362,0.7346311,0.20759144
7,7,none,fcz,519,95,3,3,True,7.506406e-05,0.019257171,0.073538564,0.90712917
7,7,none,fcz,520,95,2,2,True,0.0019381358,0.00026585918,0.5581382,0.4396578
7,7,none,fcz,521,95,3,3,True,2.367895e-05,0.0020679017,0.05733488,0.9405736
7,7,none,fcz,522,95,2,2,True,0.026825776,0.00069860637,0.83384943,0.13862614
7,7,none,fcz,523,95,2,2,True,0.00042871982,0.0022736234,0.907025,0.09027261
7,7,none,fcz,524,95,3,2,False,0.0029099986,0.03671984,0.56133544,0.3990347
7,7,none,fcz,525,95,2,2,True,7.355504e-05,0.004138371,0.9886404,0.0071477094
7,7,none,fcz,526,95,3,3,True,0.0011690042,0.037288725,0.009614265,0.9519281
7,7,none,fcz,527,95,2,2,True,0.0055792,0.01192754,0.49666157,0.48583168
7,7,none,fcz,528,95,3,3,True,2.5397578e-05,0.0017157677,0.01343421,0.9848246
7,7,none,fcz,529,95,2,2,True,0.07400111,0.026943324,0.8422576,0.056798004
7,7,none,fcz,530,95,3,2,False,0.008836921,0.0021923827,0.74131227,0.24765849
7,7,none,fcz,531,95,2,3,False,0.0008628183,0.0026610277,0.10465742,0.8918187
7,7,none,fcz,532,95,3,3,True,0.00066908053,0.026539898,0.35809603,0.61469495
7,7,none,fcz,533,95,3,2,False,0.00014291027,0.005588678,0.8296545,0.16461386
7,7,none,fcz,534,95,0,2,False,0.003108459,0.015496067,0.7804436,0.20095189
7,7,none,fcz,535,95,1,2,False,0.019394604,0.013449318,0.5299596,0.43719643
7,7,none,fcz,536,95,1,3,False,0.0018665105,0.0018928144,0.034639895,0.9616008
7,7,none,fcz,537,95,0,2,False,0.014939654,0.0062354165,0.83410066,0.14472425
7,7,none,fcz,538,95,0,3,False,0.019406244,0.0017393323,0.3325247,0.64632976
7,7,none,fcz,539,95,1,2,False,0.035350725,0.11233517,0.54894334,0.30337077
7,7,none,fcz,540,95,1,3,False,0.008212506,0.06524926,0.05371183,0.8728264
7,7,none,fcz,541,95,0,2,False,0.022143008,0.0018875193,0.9324253,0.04354417
7,7,none,fcz,542,95,0,2,False,0.0015742276,0.011589873,0.9562431,0.030592792
7,7,none,fcz,543,95,1,1,True,0.0011605164,0.42253497,0.29063505,0.28566945
7,7,none,fcz,544,95,0,2,False,0.0064385124,0.0075733163,0.8396419,0.14634624
7,7,none,fcz,545,95,1,2,False,0.015062815,0.0037999284,0.9520241,0.029113213
7,7,none,fcz,546,95,1,2,False,0.0076624444,0.022829292,0.8693132,0.1001951
7,7,none,fcz,547,95,0,2,False,0.0005472271,0.015208938,0.9806434,0.0036004877
7,7,none,fcz,548,95,0,2,False,0.058207113,0.008289214,0.92666614,0.0068375953
7,7,none,fcz,549,95,2,2,True,0.00015538809,0.0008140465,0.96313876,0.03589194
7,7,none,fcz,550,95,3,2,False,0.006651152,0.026496753,0.766079,0.20077318
7,7,none,fcz,551,95,3,3,True,0.0013951904,0.018140098,0.120454,0.8600107
7,7,none,fcz,552,95,2,2,True,0.0077823815,0.010030059,0.89382327,0.0883643
7,7,none,fcz,553,95,2,2,True,0.0013743242,0.004251285,0.63229895,0.36207548
7,7,none,fcz,554,95,3,3,True,0.001441617,0.009722295,0.07145433,0.9173817
7,7,none,fcz,555,95,2,2,True,0.0017260703,0.018209998,0.8360805,0.14398344
7,7,none,fcz,556,95,3,3,True,0.00046028095,0.017913125,0.03069628,0.9509303
7,7,none,fcz,557,95,2,2,True,0.0014070537,0.0015258492,0.9780577,0.019009385
7,7,none,fcz,558,95,3,3,True,0.00093161035,0.12988006,0.16315594,0.7060324
7,7,none,fcz,559,95,2,2,True,0.0005761525,0.0012315848,0.80113363,0.1970586
7,7,none,fcz,560,95,3,2,False,0.002740288,0.004533541,0.7132507,0.27947545
7,7,none,fcz,561,95,3,2,False,0.00040927,0.006375297,0.95378405,0.03943139
7,7,none,fcz,562,95,2,2,True,0.00018675873,0.018407958,0.9673785,0.014026765
7,7,none,fcz,563,95,3,2,False,0.0004406175,0.01431812,0.53165656,0.4535847
7,7,none,fcz,564,96,1,1,True,0.036984492,0.84263676,0.11084834,0.009530448
7,7,none,fcz,565,96,0,0,True,0.7961476,0.08515174,0.11397557,0.0047252146
7,7,none,fcz,566,96,0,2,False,0.35040522,0.06284997,0.45414487,0.13259996
7,7,none,fcz,567,96,1,1,True,0.0007057962,0.6816345,0.18437453,0.13328518
7,7,none,fcz,568,96,1,1,True,0.00014801462,0.9757332,0.017354045,0.006764593
7,7,none,fcz,569,96,0,2,False,0.026526852,0.0015534067,0.86335987,0.10855993
7,7,none,fcz,570,96,1,1,True,0.0011925654,0.95006603,0.043884207,0.0048571266
7,7,none,fcz,571,96,0,0,True,0.61022276,0.0010515882,0.3660214,0.022704203
7,7,none,fcz,572,96,0,2,False,0.08826764,0.038203247,0.74866265,0.124866456
7,7,none,fcz,573,96,1,1,True,0.00013186756,0.92562133,0.07007636,0.004170479
7,7,none,fcz,574,96,1,1,True,0.00025098358,0.92679286,0.07187371,0.0010824429
7,7,none,fcz,575,96,0,2,False,0.21985239,0.0033607313,0.76283085,0.013956047
7,7,none,fcz,576,96,0,0,True,0.35594195,0.047453243,0.26573235,0.33087245
7,7,none,fcz,577,96,1,2,False,0.00071504206,0.19919972,0.67293274,0.12715255
7,7,none,fcz,578,96,1,1,True,0.00094890536,0.8264587,0.0798769,0.09271547
7,7,none,fcz,579,96,3,2,False,0.0006313307,0.015813058,0.6487777,0.3347778
7,7,none,fcz,580,96,2,2,True,0.00058653136,0.00039548264,0.9972669,0.001751125
7,7,none,fcz,581,96,3,2,False,0.00037866156,0.020963421,0.9570614,0.02159646
7,7,none,fcz,582,96,2,2,True,0.000688801,0.0009218065,0.9532649,0.04512452
7,7,none,fcz,583,96,2,2,True,0.009531191,0.008351565,0.826738,0.15537918
7,7,none,fcz,584,96,3,2,False,0.0014849235,0.0012206835,0.8941309,0.10316344
7,7,none,fcz,585,96,3,3,True,0.013209653,0.0105570005,0.2872272,0.68900615
7,7,none,fcz,586,96,2,2,True,0.0008802588,0.006016762,0.84309363,0.15000932
7,7,none,fcz,587,96,3,3,True,0.0011920137,0.003673449,0.49099848,0.5041361
7,7,none,fcz,588,96,2,2,True,0.0022885338,0.003878214,0.9860911,0.0077421684
7,7,none,fcz,589,96,2,2,True,0.006460514,0.0792842,0.8954438,0.01881146
7,7,none,fcz,590,96,3,2,False,0.017286036,0.06675059,0.5653573,0.35060602
7,7,none,fcz,591,96,3,3,True,0.0045732544,0.009489134,0.40486363,0.581074
7,7,none,fcz,592,96,2,2,True,0.014243015,0.042970352,0.8144544,0.12833227
7,7,none,fcz,593,96,3,3,True,0.0023890145,0.07492714,0.3583891,0.56429476
7,7,none,fcz,594,96,0,2,False,0.10868732,0.006579744,0.8769124,0.007820525
7,7,none,fcz,595,96,1,2,False,0.0029086415,0.005381475,0.9907719,0.0009379947
7,7,none,fcz,596,96,1,2,False,0.0072425953,0.032952297,0.6762801,0.28352508
7,7,none,fcz,597,96,0,0,True,0.8777981,7.715345e-05,0.09978023,0.022344595
7,7,none,fcz,598,96,1,2,False,0.02316382,0.22395888,0.72492886,0.027948432
7,7,none,fcz,599,96,0,2,False,0.02545997,0.003752665,0.8928714,0.07791597
7,7,none,fcz,600,96,0,2,False,0.049548928,8.9408284e-05,0.94595236,0.004409325
7,7,none,fcz,601,96,1,1,True,0.0020309463,0.72020924,0.1961428,0.08161708
7,7,none,fcz,602,96,0,2,False,0.18992439,0.0108624725,0.7753323,0.023880867
7,7,none,fcz,603,96,1,2,False,0.002854824,0.16270493,0.82856643,0.0058738464
7,7,none,fcz,604,96,1,3,False,0.0011557195,0.31243518,0.32745856,0.35895056
7,7,none,fcz,605,96,0,2,False,0.263741,0.00058500166,0.66390103,0.07177294
7,7,none,fcz,606,96,1,2,False,0.0010882798,0.08647925,0.77054375,0.14188874
7,7,none,fcz,607,96,0,3,False,0.17788535,0.0023039228,0.3813901,0.43842062
7,7,none,fcz,608,96,0,2,False,0.08396738,0.00033784893,0.7200292,0.19566555
7,7,none,fcz,609,96,3,3,True,0.009285451,0.00521186,0.074508995,0.91099364
7,7,none,fcz,610,96,2,2,True,8.7665394e-05,0.00028662637,0.9992274,0.0003982798
7,7,none,fcz,611,96,3,2,False,0.04634214,0.034482725,0.8572471,0.061928064
7,7,none,fcz,612,96,2,2,True,0.34709844,0.03486142,0.41239092,0.2056492
7,7,none,fcz,613,96,3,3,True,0.013879768,0.13151513,0.04703734,0.8075678
7,7,none,fcz,614,96,2,2,True,0.00078125205,0.000564384,0.9904026,0.008251757
7,7,none,fcz,615,96,2,2,True,0.0018460917,0.002214727,0.8318619,0.16407722
7,7,none,fcz,616,96,3,2,False,0.0012731939,0.00036741825,0.919434,0.07892538
7,7,none,fcz,617,96,2,2,True,0.008060711,0.0063298275,0.56440794,0.42120147
7,7,none,fcz,618,96,3,2,False,0.07787421,0.015142196,0.78188723,0.12509634
7,7,none,fcz,619,96,2,2,True,0.0039266483,0.0009630167,0.8523784,0.14273195
7,7,none,fcz,620,96,3,3,True,0.005521877,0.003611561,0.21546812,0.7753985
7,7,none,fcz,621,96,2,2,True,0.0822909,0.00050854514,0.91266215,0.004538392
7,7,none,fcz,622,96,3,3,True,0.0029000393,0.010386746,0.20826377,0.7784495
7,7,none,fcz,623,96,3,3,True,0.0059982804,0.024951363,0.4460386,0.52301174
7,7,none,fcz,624,96,1,1,True,0.00045233782,0.83473605,0.1139585,0.05085308
7,7,none,fcz,625,96,0,2,False,0.3755366,0.0011113272,0.59367895,0.029673062
7,7,none,fcz,626,96,1,2,False,0.0017824396,0.0011760618,0.9957463,0.0012951525
7,7,none,fcz,627,96,0,2,False,0.13864681,0.023830656,0.8329584,0.0045641917
7,7,none,fcz,628,96,1,2,False,0.0026749081,0.119184405,0.80677474,0.07136589
7,7,none,fcz,629,96,0,0,True,0.9011146,0.012093566,0.053499673,0.033292215
7,7,none,fcz,630,96,0,2,False,0.47679114,0.0002016524,0.522134,0.000873212
7,7,none,fcz,631,96,1,2,False,0.00939099,0.036976416,0.7550005,0.19863214
7,7,none,fcz,632,96,1,1,True,0.0050962293,0.58990467,0.3705913,0.034407794
7,7,none,fcz,633,96,0,2,False,0.22082292,0.012143871,0.505019,0.26201424
7,7,none,fcz,634,96,0,0,True,0.9338545,0.0001938238,0.06319682,0.0027547998
7,7,none,fcz,635,96,1,2,False,0.001483917,0.4862228,0.5007156,0.011577613
7,7,none,fcz,636,96,1,2,False,0.0013711989,0.056131944,0.936835,0.005661847
7,7,none,fcz,637,96,0,0,True,0.8854624,0.010002143,0.070507854,0.034027662
7,7,none,fcz,638,96,0,2,False,0.03394746,0.0007834202,0.93177354,0.033495527
7,7,none,fcz,639,96,2,2,True,0.0001727841,0.013053255,0.9847986,0.0019753305
7,7,none,fcz,640,96,3,2,False,0.001476008,0.0050971955,0.8953514,0.0980754
7,7,none,fcz,641,96,2,2,True,0.006897666,0.005475467,0.9226815,0.064945355
7,7,none,fcz,642,96,3,2,False,0.0032522946,0.052382503,0.8293791,0.11498612
7,7,none,fcz,643,96,3,3,True,0.008525793,0.016129907,0.43700808,0.5383362
7,7,none,fcz,644,96,2,2,True,0.00155205,0.037434813,0.94401366,0.016999416
7,7,none,fcz,645,96,3,3,True,0.031913172,0.031399786,0.44648564,0.49020147
7,7,none,fcz,646,96,2,2,True,0.016472599,0.13509184,0.80522835,0.043207277
7,7,none,fcz,647,96,2,2,True,0.00022520142,0.0019772805,0.9938784,0.0039190757
7,7,none,fcz,648,96,3,2,False,0.051461168,0.077549174,0.5773103,0.2936793
7,7,none,fcz,649,96,2,2,True,0.006459351,0.0046271016,0.7685534,0.22036023
7,7,none,fcz,650,96,3,3,True,0.018589115,0.011009291,0.2599083,0.7104933
7,7,none,fcz,651,96,2,2,True,0.007955464,0.026608396,0.9022002,0.06323591
7,7,none,fcz,652,96,3,2,False,0.07040858,0.026496788,0.72967213,0.17342247
7,7,none,fcz,653,96,3,2,False,0.0039702174,0.14125119,0.70693713,0.1478415
7,7,none,fcz,654,97,0,0,True,0.5552551,0.10598337,0.30191654,0.03684499
7,7,none,fcz,655,97,1,1,True,0.0061402684,0.9586502,0.010161436,0.025048096
7,7,none,fcz,656,97,1,1,True,0.05277284,0.7979229,0.09275007,0.05655415
7,7,none,fcz,657,97,0,2,False,0.1522944,0.16399297,0.6339179,0.04979472
7,7,none,fcz,658,97,0,0,True,0.7167327,0.023326082,0.19719179,0.06274945
7,7,none,fcz,659,97,1,1,True,0.0012070762,0.9549579,0.033623077,0.010211992
7,7,none,fcz,660,97,0,2,False,0.18523525,0.1287538,0.6374469,0.04856403
7,7,none,fcz,661,97,1,1,True,0.00011888944,0.92547506,0.06702475,0.0073812017
7,7,none,fcz,662,97,0,1,False,0.020944383,0.40494186,0.30385804,0.27025574
7,7,none,fcz,663,97,1,1,True,0.020531321,0.78975296,0.020820646,0.1688951
7,7,none,fcz,664,97,1,1,True,0.0007242241,0.94892275,0.014788794,0.035564248
7,7,none,fcz,665,97,0,3,False,0.2129054,0.0870665,0.050523713,0.6495044
7,7,none,fcz,666,97,1,2,False,0.0070603937,0.025578149,0.9278731,0.039488353
7,7,none,fcz,667,97,0,2,False,0.10153327,0.16352883,0.5062097,0.2287282
7,7,none,fcz,668,97,0,0,True,0.58875763,0.32950708,0.061768398,0.019966912
7,7,none,fcz,669,97,3,3,True,0.042938244,0.07430603,0.34925956,0.5334962
7,7,none,fcz,670,97,2,0,False,0.31838143,0.25539124,0.2414823,0.18474498
7,7,none,fcz,671,97,3,3,True,0.0010195067,0.055820003,0.05189953,0.891261
7,7,none,fcz,672,97,2,1,False,0.0003656818,0.65713996,0.10912657,0.2333678
7,7,none,fcz,673,97,3,1,False,0.01743074,0.7734952,0.0029388005,0.20613529
7,7,none,fcz,674,97,2,2,True,0.019298555,0.15415585,0.4190878,0.4074578
7,7,none,fcz,675,97,3,2,False,0.0013535229,0.18454193,0.69751185,0.116592675
7,7,none,fcz,676,97,2,1,False,0.0025626696,0.88197577,0.019320853,0.096140735
7,7,none,fcz,677,97,3,2,False,0.0040476266,0.38977233,0.42870677,0.17747322
7,7,none,fcz,678,97,2,2,True,0.009649999,0.091065295,0.8430826,0.056202076
7,7,none,fcz,679,97,3,3,True,0.049239192,0.028414184,0.04643506,0.8759116
7,7,none,fcz,680,97,2,3,False,0.007805045,0.007650941,0.006373987,0.97817004
7,7,none,fcz,681,97,3,3,True,0.01404023,0.008223803,0.067566246,0.91016966
7,7,none,fcz,682,97,2,1,False,0.00045915032,0.8556953,0.11611646,0.027729161
7,7,none,fcz,683,97,2,1,False,0.0049875635,0.8387688,0.089259714,0.06698398
7,7,none,fcz,684,97,0,1,False,0.055364423,0.5004312,0.26540628,0.17879811
7,7,none,fcz,685,97,1,2,False,0.32868835,0.26951706,0.38184482,0.019949678
7,7,none,fcz,686,97,1,1,True,0.002776338,0.96419495,0.026964812,0.006063988
7,7,none,fcz,687,97,0,2,False,0.06892912,0.033968516,0.5501196,0.34698284
7,7,none,fcz,688,97,1,2,False,0.004113204,0.11571412,0.74112695,0.13904566
7,7,none,fcz,689,97,0,2,False,0.26628202,0.0953496,0.39428988,0.24407852
7,7,none,fcz,690,97,1,2,False,0.0020946218,0.016416075,0.55358887,0.42790043
7,7,none,fcz,691,97,0,3,False,0.016679587,0.05632441,0.0877113,0.8392847
7,7,none,fcz,692,97,1,1,True,0.008983228,0.7757769,0.044944685,0.17029515
7,7,none,fcz,693,97,0,3,False,0.07003195,0.040670767,0.1453459,0.7439514
7,7,none,fcz,694,97,0,0,True,0.6509506,0.050230972,0.27799055,0.020827817
7,7,none,fcz,695,97,1,1,True,0.001144774,0.6655002,0.25016013,0.08319492
7,7,none,fcz,696,97,0,3,False,0.0045917993,0.008633139,0.004600067,0.98217493
7,7,none,fcz,697,97,1,1,True,0.0056257453,0.6441438,0.08901894,0.26121148
7,7,none,fcz,698,97,1,3,False,0.0005416145,0.17245348,0.006373786,0.82063115
7,7,none,fcz,699,97,3,3,True,0.00196588,0.06254401,0.38842404,0.54706603
7,7,none,fcz,700,97,2,2,True,0.063037604,0.07900664,0.7859,0.07205577
7,7,none,fcz,701,97,2,2,True,0.007991168,0.15520358,0.5189566,0.31784862
7,7,none,fcz,702,97,3,2,False,0.0032382046,0.070623375,0.5954011,0.33073732
7,7,none,fcz,703,97,3,1,False,0.008606227,0.57328385,0.33393228,0.08417766
7,7,none,fcz,704,97,2,1,False,0.028157527,0.8763872,0.03509438,0.06036088
7,7,none,fcz,705,97,2,2,True,0.0015611048,0.12090408,0.5680585,0.3094764
7,7,none,fcz,706,97,3,2,False,0.006377244,0.1886968,0.52165735,0.28326866
7,7,none,fcz,707,97,2,2,True,0.015242795,0.10616197,0.7171405,0.16145478
7,7,none,fcz,708,97,3,3,True,0.0006201302,0.32604626,0.0680194,0.60531425
7,7,none,fcz,709,97,3,3,True,0.020539572,0.012384704,0.41152704,0.55554867
7,7,none,fcz,710,97,2,3,False,0.0014200539,0.047705337,0.37101445,0.57986015
7,7,none,fcz,711,97,3,3,True,0.047607306,0.017907042,0.20760143,0.7268843
7,7,none,fcz,712,97,2,2,True,0.03552749,0.011481297,0.76887673,0.18411447
7,7,none,fcz,713,97,3,3,True,0.015354822,0.35855064,0.058427155,0.56766737
7,7,none,fcz,714,97,1,3,False,0.03687402,0.24168484,0.33228472,0.38915637
7,7,none,fcz,715,97,0,2,False,0.07053131,0.2131791,0.636733,0.07955656
7,7,none,fcz,716,97,1,1,True,0.011278165,0.46697238,0.39252183,0.12922768
7,7,none,fcz,717,97,0,0,True,0.43610096,0.24521855,0.30727187,0.011408604
7,7,none,fcz,718,97,1,2,False,0.04776586,0.1370216,0.7195851,0.095627464
7,7,none,fcz,719,97,0,0,True,0.41987586,0.04457177,0.2582331,0.27731928
7,7,none,fcz,720,97,0,3,False,0.14381656,0.046721708,0.10668985,0.7027719
7,7,none,fcz,721,97,1,1,True,0.0066810907,0.3452936,0.30953458,0.33849075
7,7,none,fcz,722,97,1,1,True,0.0012123707,0.43823677,0.2039195,0.35663134
7,7,none,fcz,723,97,0,3,False,0.26962432,0.06965888,0.16637994,0.49433687
7,7,none,fcz,724,97,1,1,True,0.010671271,0.55984294,0.14066112,0.28882468
7,7,none,fcz,725,97,0,2,False,0.17787038,0.15939364,0.5070623,0.15567362
7,7,none,fcz,726,97,0,0,True,0.79476756,0.007787378,0.1348387,0.062606335
7,7,none,fcz,727,97,1,2,False,0.00700176,0.12622966,0.62502646,0.24174212
7,7,none,fcz,728,97,0,3,False,0.2199826,0.028236683,0.3277121,0.4240686
7,7,none,fcz,729,97,3,2,False,0.027128058,0.15384687,0.46264333,0.35638174
7,7,none,fcz,730,97,2,1,False,0.00040073422,0.8239634,0.027173916,0.14846192
7,7,none,fcz,731,97,2,2,True,0.0051962994,0.0317729,0.9366931,0.026337728
7,7,none,fcz,732,97,3,3,True,0.24377176,0.22235234,0.19917879,0.33469713
7,7,none,fcz,733,97,2,1,False,0.018564621,0.4689894,0.097292334,0.4151537
7,7,none,fcz,734,97,3,1,False,0.012873685,0.33905557,0.31257728,0.3354935
7,7,none,fcz,735,97,2,2,True,0.17330498,0.17682041,0.4208663,0.22900833
7,7,none,fcz,736,97,3,3,True,0.017376237,0.32798877,0.11573321,0.53890175
7,7,none,fcz,737,97,3,2,False,0.018362327,0.027252521,0.4832217,0.47116348
7,7,none,fcz,738,97,2,2,True,0.0148053365,0.12519835,0.8200848,0.0399115
7,7,none,fcz,739,97,3,3,True,0.00037421408,0.028013185,0.3366212,0.6349914
7,7,none,fcz,740,97,2,1,False,0.019297805,0.7494577,0.118529156,0.1127153
7,7,none,fcz,741,97,2,3,False,0.014738439,0.30008385,0.29535863,0.38981906
7,7,none,fcz,742,97,3,2,False,0.012028205,0.0744254,0.5392565,0.37428987
7,7,none,fcz,743,97,2,0,False,0.3431514,0.31453398,0.23015177,0.112162866
7,7,none,fcz,744,98,0,0,True,0.6343294,0.039061084,0.32305756,0.0035519553
7,7,none,fcz,745,98,1,2,False,0.014482975,0.06763834,0.9134917,0.004387004
7,7,none,fcz,746,98,1,1,True,0.05404706,0.708762,0.21986261,0.017328342
7,7,none,fcz,747,98,0,2,False,0.26682827,0.13579538,0.59074265,0.0066336496
7,7,none,fcz,748,98,0,2,False,0.35309342,0.09063188,0.53446436,0.02181039
7,7,none,fcz,749,98,1,2,False,0.03851622,0.44137424,0.5055598,0.014549675
7,7,none,fcz,750,98,1,1,True,0.019872436,0.90429837,0.06219299,0.013636259
7,7,none,fcz,751,98,0,2,False,0.033114936,0.28243265,0.6677638,0.016688602
7,7,none,fcz,752,98,1,1,True,0.09027197,0.5630968,0.3371163,0.0095148645
7,7,none,fcz,753,98,0,2,False,0.20328763,0.032451157,0.76246846,0.0017927684
7,7,none,fcz,754,98,1,1,True,0.029840877,0.9209917,0.046754386,0.0024129269
7,7,none,fcz,755,98,0,2,False,0.41003102,0.025097402,0.55802625,0.0068453983
7,7,none,fcz,756,98,0,2,False,0.042951945,0.16165875,0.7927645,0.0026248721
7,7,none,fcz,757,98,1,2,False,0.046792753,0.31546023,0.5511966,0.08655045
7,7,none,fcz,758,98,0,2,False,0.061656736,0.1154572,0.7825067,0.040379375
7,7,none,fcz,759,98,3,3,True,0.050717384,0.012270518,0.10225708,0.834755
7,7,none,fcz,760,98,2,2,True,0.04632679,0.050649103,0.87729573,0.025728388
7,7,none,fcz,761,98,3,3,True,0.017081331,0.055438947,0.3373,0.59017974
7,7,none,fcz,762,98,2,2,True,0.11892962,0.3115136,0.5672197,0.0023371105
7,7,none,fcz,763,98,2,2,True,0.220544,0.12269228,0.63224477,0.024518967
7,7,none,fcz,764,98,3,2,False,0.023829635,0.18476222,0.59601057,0.1953976
7,7,none,fcz,765,98,2,2,True,0.02147427,0.009859284,0.9577903,0.010876172
7,7,none,fcz,766,98,3,2,False,0.07089295,0.09822452,0.7215637,0.10931874
7,7,none,fcz,767,98,2,2,True,0.02065945,0.005068928,0.9585172,0.015754402
7,7,none,fcz,768,98,3,3,True,0.07461217,0.13378644,0.091273166,0.7003282
7,7,none,fcz,769,98,3,3,True,0.09852181,0.04510658,0.36684373,0.48952785
7,7,none,fcz,770,98,2,2,True,0.028702967,0.029754033,0.91292346,0.02861955
7,7,none,fcz,771,98,2,2,True,0.11647588,0.02529498,0.77275574,0.08547345
7,7,none,fcz,772,98,3,0,False,0.5410275,0.2019215,0.22525132,0.031799678
7,7,none,fcz,773,98,3,2,False,0.15537557,0.09307504,0.6637365,0.08781281
7,7,none,fcz,774,98,1,1,True,0.0073122145,0.77964014,0.20938353,0.0036641532
7,7,none,fcz,775,98,0,2,False,0.1722189,0.12951444,0.6785834,0.019683233
7,7,none,fcz,776,98,0,2,False,0.3555692,0.040835418,0.5836986,0.01989682
7,7,none,fcz,777,98,1,1,True,0.03980787,0.5503339,0.35577345,0.05408473
7,7,none,fcz,778,98,0,0,True,0.66749245,0.11622542,0.18604524,0.03023687
7,7,none,fcz,779,98,1,2,False,0.045323495,0.17960575,0.694617,0.080453694
7,7,none,fcz,780,98,1,1,True,0.020505507,0.41492966,0.3822621,0.18230274
7,7,none,fcz,781,98,0,0,True,0.7024222,0.02433989,0.19215797,0.08107988
7,7,none,fcz,782,98,0,0,True,0.44420165,0.20021296,0.32873908,0.026846254
7,7,none,fcz,783,98,1,1,True,0.07887378,0.4703719,0.34157202,0.10918226
7,7,none,fcz,784,98,0,2,False,0.39351708,0.022266382,0.5175838,0.066632755
7,7,none,fcz,785,98,1,1,True,0.016844215,0.60133964,0.37237543,0.009440761
7,7,none,fcz,786,98,1,1,True,0.04283374,0.40298715,0.25983295,0.29434618
7,7,none,fcz,787,98,0,0,True,0.90591156,0.018553147,0.063016295,0.012519027
7,7,none,fcz,788,98,0,2,False,0.01707452,0.020863255,0.93286777,0.02919446
7,7,none,fcz,789,98,3,3,True,0.09282107,0.20572865,0.3437339,0.35771635
7,7,none,fcz,790,98,2,2,True,0.11827335,0.021551386,0.8506805,0.009494701
7,7,none,fcz,791,98,3,2,False,0.07286354,0.032930803,0.6585364,0.2356693
7,7,none,fcz,792,98,2,2,True,0.006054315,0.033950336,0.9588142,0.0011811405
7,7,none,fcz,793,98,2,2,True,0.33558342,0.08857801,0.55219644,0.023642123
7,7,none,fcz,794,98,3,3,True,0.06584198,0.13814078,0.23488107,0.5611361
7,7,none,fcz,795,98,2,2,True,0.09305479,0.079628855,0.79609936,0.031216977
7,7,none,fcz,796,98,3,3,True,0.051894866,0.01730717,0.10670125,0.8240967
7,7,none,fcz,797,98,3,2,False,0.046006143,0.01798023,0.6452845,0.29072914
7,7,none,fcz,798,98,2,2,True,0.043615546,0.12777422,0.64148617,0.18712406
7,7,none,fcz,799,98,2,2,True,0.027853731,0.119183436,0.83991873,0.013044067
7,7,none,fcz,800,98,3,2,False,0.12548807,0.28821775,0.5824529,0.0038413026
7,7,none,fcz,801,98,2,2,True,0.10500497,0.21096745,0.35941592,0.3246116
7,7,none,fcz,802,98,3,3,True,0.04093483,0.08069841,0.19163403,0.68673277
7,7,none,fcz,803,98,3,2,False,0.21046123,0.04501521,0.6237613,0.12076231
7,7,none,fcz,804,98,0,2,False,0.112202525,0.15493216,0.7074005,0.025464853
7,7,none,fcz,805,98,1,0,False,0.35949337,0.13478643,0.22676784,0.27895236
7,7,none,fcz,806,98,1,0,False,0.37636906,0.3065275,0.23551022,0.08159325
7,7,none,fcz,807,98,0,2,False,0.15854305,0.26457784,0.5525552,0.024323884
7,7,none,fcz,808,98,0,1,False,0.1361841,0.78689843,0.06838354,0.008533933
7,7,none,fcz,809,98,1,3,False,0.23488465,0.07878675,0.1791225,0.5072061
7,7,none,fcz,810,98,1,2,False,0.36349922,0.11773808,0.4075675,0.111195184
7,7,none,fcz,811,98,0,2,False,0.43190607,0.03808203,0.43399093,0.09602106
7,7,none,fcz,812,98,0,1,False,0.245344,0.60134536,0.13067277,0.022637868
7,7,none,fcz,813,98,1,0,False,0.9545466,0.025479747,0.014989954,0.004983685
7,7,none,fcz,814,98,0,2,False,0.20598193,0.17623441,0.53620434,0.08157933
7,7,none,fcz,815,98,1,0,False,0.5063915,0.2737563,0.1737371,0.046115123
7,7,none,fcz,816,98,1,0,False,0.48807475,0.059143323,0.30459678,0.14818521
7,7,none,fcz,817,98,0,2,False,0.04180543,0.13865304,0.74023175,0.07930976
7,7,none,fcz,818,98,1,1,True,0.107842,0.48306176,0.38636783,0.022728384
7,7,none,fcz,819,98,2,2,True,0.3316985,0.092107944,0.45139354,0.124800056
7,7,none,fcz,820,98,3,1,False,0.009045288,0.96161973,0.027652612,0.0016823896
7,7,none,fcz,821,98,3,1,False,0.06109708,0.4753667,0.3655405,0.09799568
7,7,none,fcz,822,98,2,2,True,0.19931132,0.03802752,0.665651,0.097010165
7,7,none,fcz,823,98,2,2,True,0.2455437,0.058650825,0.6237731,0.072032414
7,7,none,fcz,824,98,3,2,False,0.0150121525,0.110864416,0.7709574,0.103166014
7,7,none,fcz,825,98,3,2,False,0.052850585,0.012423597,0.7424053,0.19232059
7,7,none,fcz,826,98,2,2,True,0.08357995,0.11516456,0.721562,0.07969345
7,7,none,fcz,827,98,3,3,True,0.11125658,0.19680472,0.15396132,0.53797746
7,7,none,fcz,828,98,2,2,True,0.17165196,0.115980595,0.6976758,0.014691668
7,7,none,fcz,829,98,3,2,False,0.227042,0.10178715,0.5176845,0.15348628
7,7,none,fcz,830,98,2,2,True,0.18928461,0.09425247,0.42703626,0.2894267
7,7,none,fcz,831,98,3,2,False,0.09029505,0.074953236,0.54510915,0.2896426
7,7,none,fcz,832,98,2,2,True,0.3675335,0.07323051,0.51839215,0.04084386
7,7,none,fcz,833,98,3,1,False,0.17494594,0.767415,0.046746276,0.010892809
7,7,none,fcz,834,99,1,2,False,0.06627747,0.30096778,0.4361888,0.19656597
7,7,none,fcz,835,99,0,2,False,0.1054691,0.017272336,0.86076856,0.016489994
7,7,none,fcz,836,99,0,0,True,0.42973757,0.16679628,0.19748852,0.20597765
7,7,none,fcz,837,99,1,3,False,0.08268525,0.18675359,0.018432094,0.7121291
7,7,none,fcz,838,99,0,1,False,0.015839072,0.7127621,0.15830584,0.113092996
7,7,none,fcz,839,99,1,0,False,0.4324197,0.138799,0.07759094,0.35119033
7,7,none,fcz,840,99,1,2,False,0.034119923,0.19711153,0.5509931,0.21777545
7,7,none,fcz,841,99,0,2,False,0.03672729,0.13611402,0.59152627,0.2356324
7,7,none,fcz,842,99,0,3,False,0.1255164,0.1521516,0.2956383,0.42669368
7,7,none,fcz,843,99,1,2,False,0.003019088,0.0023605733,0.6824535,0.3121668
7,7,none,fcz,844,99,1,1,True,0.0005848341,0.98811114,0.010250653,0.0010534048
7,7,none,fcz,845,99,0,2,False,0.048837647,0.20688589,0.42907104,0.3152054
7,7,none,fcz,846,99,1,2,False,0.034344275,0.2641745,0.50444007,0.19704115
7,7,none,fcz,847,99,0,3,False,0.08114831,0.004309041,0.24009301,0.6744497
7,7,none,fcz,848,99,1,1,True,0.007254321,0.44613075,0.29422763,0.2523873
7,7,none,fcz,849,99,3,2,False,0.014944133,0.40301293,0.4443229,0.13771997
7,7,none,fcz,850,99,2,3,False,0.06067746,0.14123164,0.16882804,0.6292629
7,7,none,fcz,851,99,3,2,False,0.06637453,0.14304797,0.5698887,0.22068875
7,7,none,fcz,852,99,2,2,True,0.023356577,0.007898281,0.96164644,0.0070986655
7,7,none,fcz,853,99,3,2,False,0.062310476,0.07718079,0.5288595,0.33164924
7,7,none,fcz,854,99,2,2,True,0.12188953,0.11184071,0.73105145,0.035218302
7,7,none,fcz,855,99,3,2,False,0.041710824,0.30513826,0.6203692,0.03278169
7,7,none,fcz,856,99,2,2,True,0.06906955,0.03246638,0.6159977,0.2824664
7,7,none,fcz,857,99,2,1,False,0.053248245,0.4991945,0.19114244,0.25641474
7,7,none,fcz,858,99,3,2,False,0.27148798,0.12088711,0.52172476,0.08590017
7,7,none,fcz,859,99,3,3,True,0.0130065475,0.036894396,0.29342914,0.65667
7,7,none,fcz,860,99,2,3,False,0.102892965,0.2820276,0.1498215,0.46525794
7,7,none,fcz,861,99,2,2,True,0.025042184,0.027819954,0.9294444,0.017693458
7,7,none,fcz,862,99,3,3,True,0.010075844,0.028723117,0.22235091,0.7388501
7,7,none,fcz,863,99,3,3,True,0.10073149,0.097915195,0.33468032,0.46667296
7,7,none,fcz,864,99,0,0,True,0.65281326,0.0050354027,0.27349168,0.06865958
7,7,none,fcz,865,99,1,2,False,0.19017695,0.120715536,0.41733405,0.2717735
7,7,none,fcz,866,99,0,3,False,0.068356514,0.19462092,0.064874165,0.67214835
7,7,none,fcz,867,99,1,3,False,0.15735944,0.32086724,0.13502304,0.3867503
7,7,none,fcz,868,99,1,1,True,0.0048384047,0.7086248,0.021854473,0.26468244
7,7,none,fcz,869,99,0,0,True,0.5531783,0.011669409,0.19304153,0.24211082
7,7,none,fcz,870,99,1,2,False,0.12886754,0.28683093,0.5312087,0.053092837
7,7,none,fcz,871,99,0,0,True,0.39951453,0.013708767,0.315788,0.27098867
7,7,none,fcz,872,99,1,1,True,0.06444898,0.3538926,0.31352216,0.2681363
7,7,none,fcz,873,99,0,3,False,0.08720636,0.0032965038,0.024709351,0.88478774
7,7,none,fcz,874,99,1,3,False,0.2659283,0.043992788,0.023755085,0.66632384
7,7,none,fcz,875,99,0,2,False,0.060434733,0.02674377,0.8099371,0.102884404
7,7,none,fcz,876,99,1,2,False,0.056528497,0.033684935,0.8609168,0.048869804
7,7,none,fcz,877,99,0,3,False,0.21844804,0.16183448,0.26894677,0.3507707
7,7,none,fcz,878,99,0,0,True,0.92649746,0.0022119905,0.041987263,0.029303325
7,7,none,fcz,879,99,2,3,False,0.052566644,0.017762639,0.22657944,0.7030912
7,7,none,fcz,880,99,3,2,False,0.0027232363,0.016338622,0.5047091,0.47622904
7,7,none,fcz,881,99,2,1,False,0.06685544,0.49243665,0.16242033,0.2782876
7,7,none,fcz,882,99,3,2,False,0.071462944,0.085635126,0.4828643,0.3600376
7,7,none,fcz,883,99,3,0,False,0.48935336,0.055653084,0.4134779,0.04151563
7,7,none,fcz,884,99,2,2,True,0.48045105,0.018410055,0.48911762,0.012021263
7,7,none,fcz,885,99,3,2,False,0.10313548,0.019600146,0.7011017,0.17616262
7,7,none,fcz,886,99,2,2,True,0.29487607,0.025523936,0.6083357,0.07126434
7,7,none,fcz,887,99,2,1,False,0.010142147,0.96129245,0.001603564,0.02696193
7,7,none,fcz,888,99,3,0,False,0.49378225,0.062303122,0.037865505,0.40604913
7,7,none,fcz,889,99,2,3,False,0.13761583,0.0114216255,0.024755213,0.82620734
7,7,none,fcz,890,99,3,3,True,0.023644762,0.045516167,0.4085486,0.5222905
7,7,none,fcz,891,99,2,3,False,0.026255071,0.01819983,0.40912023,0.5464249
7,7,none,fcz,892,99,3,2,False,0.13055532,0.050500277,0.46810257,0.3508418
7,7,none,fcz,893,99,3,2,False,0.033309903,0.07580459,0.4617648,0.42912078
7,7,none,fcz,894,99,0,0,True,0.46646988,0.046365928,0.465664,0.021500157
7,7,none,fcz,895,99,1,3,False,0.27157107,0.025120603,0.1032412,0.6000671
7,7,none,fcz,896,99,0,2,False,0.06258816,0.17274639,0.7421564,0.022509027
7,7,none,fcz,897,99,1,2,False,0.0235121,0.4435025,0.4942358,0.03874964
7,7,none,fcz,898,99,1,1,True,0.027890032,0.7795364,0.035955206,0.15661831
7,7,none,fcz,899,99,0,2,False,0.11508006,0.018277863,0.7039922,0.16264991
7,7,none,fcz,900,99,0,2,False,0.009922071,0.023946378,0.9281035,0.038028043
7,7,none,fcz,901,99,1,1,True,0.003439663,0.4739498,0.2363791,0.28623137
7,7,none,fcz,902,99,0,1,False,0.04928754,0.5270294,0.38789386,0.03578914
7,7,none,fcz,903,99,1,3,False,0.09928904,0.22696531,0.07402749,0.5997182
7,7,none,fcz,904,99,1,2,False,0.03450964,0.13207242,0.57205224,0.26136577
7,7,none,fcz,905,99,0,2,False,0.06573607,0.116307415,0.69390935,0.12404712
7,7,none,fcz,906,99,0,3,False,0.3116708,0.024814146,0.24622703,0.41728804
7,7,none,fcz,907,99,1,2,False,0.08295081,0.25506863,0.42023793,0.24174269
7,7,none,fcz,908,99,1,2,False,0.03374184,0.11450111,0.5115913,0.34016567
7,7,none,fcz,909,99,2,3,False,0.008872152,0.026952991,0.36540732,0.5987675
7,7,none,fcz,910,99,3,1,False,0.04481544,0.6164457,0.098400004,0.24033883
7,7,none,fcz,911,99,2,2,True,0.029587237,0.042778637,0.8833973,0.044236757
7,7,none,fcz,912,99,3,2,False,0.0034253756,0.101644024,0.84921366,0.04571698
7,7,none,fcz,913,99,3,2,False,0.03271801,0.0795187,0.6774204,0.21034285
7,7,none,fcz,914,99,2,2,True,0.029523285,0.06493882,0.5434067,0.36213112
7,7,none,fcz,915,99,2,3,False,0.007975741,0.095327795,0.39450032,0.50219613
7,7,none,fcz,916,99,3,3,True,0.02738006,0.07965962,0.41957033,0.47339004
7,7,none,fcz,917,99,3,2,False,0.25549203,0.009167479,0.6101625,0.12517796
7,7,none,fcz,918,99,2,2,True,0.17431761,0.0063599343,0.7579679,0.061354496
7,7,none,fcz,919,99,3,3,True,0.26162082,0.13880421,0.13024719,0.46932778
7,7,none,fcz,920,99,2,2,True,0.116586216,0.044529077,0.6025957,0.23628907
7,7,none,fcz,921,99,3,2,False,0.007552226,0.16471569,0.6642586,0.1634735
7,7,none,fcz,922,99,2,1,False,0.009738605,0.6071987,0.35349748,0.029565278
7,7,none,fcz,923,99,3,3,True,0.03112225,0.08519227,0.19798955,0.68569595
7,7,none,fcz,924,100,0,2,False,0.22726095,0.006922495,0.7598895,0.005926994
7,7,none,fcz,925,100,1,2,False,0.0015416634,0.034439065,0.7724728,0.1915465
7,7,none,fcz,926,100,1,1,True,0.006039783,0.6569348,0.28403467,0.05299076
7,7,none,fcz,927,100,0,2,False,0.008769389,0.058912862,0.82465214,0.107665665
7,7,none,fcz,928,100,0,0,True,0.8116994,0.0027907982,0.13296883,0.052540928
7,7,none,fcz,929,100,1,2,False,0.035908364,0.07475249,0.6907386,0.19860055
7,7,none,fcz,930,100,0,0,True,0.8327981,0.00058288645,0.14263904,0.023980027
7,7,none,fcz,931,100,1,2,False,0.018871939,0.06379857,0.7684321,0.14889735
7,7,none,fcz,932,100,1,1,True,0.0006184868,0.92333555,0.075240314,0.00080557837
7,7,none,fcz,933,100,0,2,False,0.032746024,0.0058468734,0.8896006,0.07180648
7,7,none,fcz,934,100,1,2,False,0.0013405766,0.18395567,0.78650844,0.02819531
7,7,none,fcz,935,100,0,2,False,0.050571363,0.0032697085,0.9325604,0.013598518
7,7,none,fcz,936,100,3,3,True,0.05959218,0.005714479,0.1298871,0.80480623
7,7,none,fcz,937,100,2,2,True,0.032033637,0.016882557,0.9312464,0.019837348
7,7,none,fcz,938,100,3,3,True,0.08893502,0.010929191,0.25658017,0.6435556
7,7,none,fcz,939,100,2,2,True,0.009072425,0.021356218,0.95043075,0.019140556
7,7,none,fcz,940,100,3,2,False,0.068679735,0.0019532198,0.7579864,0.1713806
7,7,none,fcz,941,100,2,2,True,0.034113854,0.02172196,0.93996125,0.0042029447
7,7,none,fcz,942,100,3,2,False,0.0689533,0.04931583,0.6343062,0.24742474
7,7,none,fcz,943,100,2,2,True,0.009792682,0.0009707255,0.9876013,0.0016352405
7,7,none,fcz,944,100,3,2,False,0.0063326345,0.0022543117,0.9497309,0.041682195
7,7,none,fcz,945,100,2,2,True,0.0015359578,0.006323596,0.99102,0.0011204112
7,7,none,fcz,946,100,3,1,False,0.0014882716,0.59426355,0.26625487,0.13799329
7,7,none,fcz,947,100,2,2,True,0.05223306,0.05165184,0.8724949,0.023620214
7,7,none,fcz,948,100,1,1,True,0.004542061,0.7663805,0.2277145,0.0013629429
7,7,none,fcz,949,100,0,2,False,0.23291546,0.040190667,0.688973,0.03792088
7,7,none,fcz,950,100,0,0,True,0.43364212,0.03767943,0.3503248,0.1783537
7,7,none,fcz,951,100,1,2,False,0.007385167,0.29560944,0.60709727,0.089908145
7,7,none,fcz,952,100,1,1,True,0.034014378,0.56352174,0.35046047,0.052003425
7,7,none,fcz,953,100,0,2,False,0.026685622,0.06381292,0.8918476,0.017653827
7,7,none,fcz,954,100,0,0,True,0.396532,0.1544638,0.27642137,0.17258285
7,7,none,fcz,955,100,1,1,True,0.0022300053,0.77631724,0.18745032,0.034002397
7,7,none,fcz,956,100,1,1,True,0.033224113,0.73692197,0.08624042,0.14361355
7,7,none,fcz,957,100,0,1,False,0.01000016,0.52949554,0.3243989,0.13610545
7,7,none,fcz,958,100,0,2,False,0.39049214,0.14374039,0.41821122,0.047556285
7,7,none,fcz,959,100,1,1,True,0.0010557361,0.8593816,0.12736043,0.012202132
7,7,none,fcz,960,100,3,2,False,0.014273584,0.0077272165,0.51105577,0.46694344
7,7,none,fcz,961,100,2,2,True,0.00569942,0.00089309865,0.96214056,0.03126696
7,7,none,fcz,962,100,2,2,True,0.010855417,0.0031358302,0.97521985,0.010789007
7,7,none,fcz,963,100,3,3,True,0.051348973,0.07330162,0.42047334,0.45487607
7,7,none,fcz,964,100,2,2,True,0.031737234,0.049692146,0.8900101,0.028560452
7,7,none,fcz,965,100,3,0,False,0.5603054,0.002018944,0.15558554,0.28209007
7,7,none,fcz,966,100,2,2,True,0.0043179947,0.016417552,0.9633762,0.015888205
7,7,none,fcz,967,100,3,2,False,0.17376569,0.022305416,0.48619917,0.3177297
7,7,none,fcz,968,100,2,2,True,0.15870146,0.07831724,0.7585846,0.00439659
7,7,none,fcz,969,100,3,2,False,0.007247389,0.2628209,0.49132565,0.2386061
7,7,none,fcz,970,100,2,2,True,0.13306752,0.01392272,0.5528402,0.3001695
7,7,none,fcz,971,100,3,2,False,0.059270564,0.04114563,0.8147034,0.08488042
7,7,none,fcz,972,100,1,1,True,0.004545088,0.7577658,0.18878254,0.048906516
7,7,none,fcz,973,100,0,2,False,0.4241191,0.02518484,0.44920608,0.101490006
7,7,none,fcz,974,100,0,2,False,0.00043286945,0.0007104249,0.9628596,0.03599711
7,7,none,fcz,975,100,1,2,False,0.0053807986,0.00133508,0.9850758,0.008208413
7,7,none,fcz,976,100,1,1,True,0.0028282139,0.8707351,0.12407145,0.002365169
7,7,none,fcz,977,100,0,0,True,0.9269131,0.0002653105,0.06652264,0.0062989434
7,7,none,fcz,978,100,0,2,False,0.13505226,0.0071443263,0.84387517,0.013928236
7,7,none,fcz,979,100,1,1,True,0.04483697,0.5951041,0.23001711,0.13004185
7,7,none,fcz,980,100,1,2,False,0.0031369077,0.28451008,0.59428674,0.11806633
7,7,none,fcz,981,100,0,2,False,0.34839508,0.020073423,0.62183,0.009701546
7,7,none,fcz,982,100,0,2,False,0.13833483,0.062040925,0.63790053,0.16172376
7,7,none,fcz,983,100,1,2,False,0.0036357003,0.23501156,0.68599623,0.075356536
7,7,none,fcz,984,100,2,2,True,0.024466434,0.02963664,0.8486298,0.09726706
7,7,none,fcz,985,100,3,2,False,0.0026684767,0.007091336,0.8962281,0.094012104
7,7,none,fcz,986,100,2,2,True,0.029139401,0.043787092,0.47202626,0.45504725
7,7,none,fcz,987,100,3,3,True,0.0018537841,0.09744215,0.36762625,0.53307784
7,7,none,fcz,988,100,3,3,True,0.007988923,0.08704618,0.29019764,0.6147673
7,7,none,fcz,989,100,2,2,True,0.07545438,0.098338455,0.824093,0.0021141884
7,7,none,fcz,990,100,2,2,True,0.054309797,0.03415541,0.8508824,0.060652427
7,7,none,fcz,991,100,3,2,False,0.0065347757,0.0096524535,0.8618697,0.121943094
7,7,none,fcz,992,100,3,3,True,0.0007302298,0.02428928,0.41649237,0.55848813
7,7,none,fcz,993,100,2,2,True,0.024890302,0.05463363,0.8734757,0.047000367
7,7,none,fcz,994,100,2,2,True,0.0047812974,0.003423556,0.9317061,0.060089123
7,7,none,fcz,995,100,3,2,False,0.0021911296,0.007760005,0.5122151,0.4778338
7,7,none,fcz,996,101,0,2,False,0.43092617,0.026335211,0.5356976,0.007041055
7,7,none,fcz,997,101,1,1,True,0.0015159554,0.9337304,0.056911226,0.007842399
7,7,none,fcz,998,101,1,1,True,0.11571112,0.67850095,0.18956521,0.016222687
7,7,none,fcz,999,101,0,0,True,0.9888909,0.00478769,0.0054238546,0.0008975991
7,7,none,fcz,1000,101,1,1,True,0.0012315112,0.98755884,0.009055704,0.0021539298
7,7,none,fcz,1001,101,0,0,True,0.99757713,0.0009878268,0.0013957313,3.9235183e-05
7,7,none,fcz,1002,101,1,1,True,0.00023341988,0.99908984,0.00027703648,0.00039969495
7,7,none,fcz,1003,101,0,0,True,0.9988201,0.00058562163,0.000568552,2.5673064e-05
7,7,none,fcz,1004,101,1,1,True,0.0005114338,0.99794644,0.0007810979,0.00076104864
7,7,none,fcz,1005,101,0,0,True,0.9792467,0.016730024,0.003983809,3.9485567e-05
7,7,none,fcz,1006,101,0,0,True,0.97873026,0.004068473,0.016862797,0.00033851483
7,7,none,fcz,1007,101,1,1,True,0.00085593504,0.9602108,0.037637454,0.0012957852
7,7,none,fcz,1008,101,1,1,True,0.00048390243,0.98823625,0.010392869,0.0008870095
7,7,none,fcz,1009,101,0,0,True,0.9545417,0.00049229054,0.04337684,0.0015892135
7,7,none,fcz,1010,101,0,0,True,0.986317,0.0006746664,0.01224487,0.00076360174
7,7,none,fcz,1011,101,2,1,False,0.01414872,0.6937098,0.29205728,8.422282e-05
7,7,none,fcz,1012,101,3,1,False,0.039847054,0.72313917,0.22578616,0.011227693
7,7,none,fcz,1013,101,2,2,True,0.20533697,0.032477085,0.7231176,0.039068367
7,7,none,fcz,1014,101,3,2,False,0.3165217,0.22806054,0.38955602,0.065861754
7,7,none,fcz,1015,101,3,2,False,0.00799533,0.07198982,0.84704614,0.07296873
7,7,none,fcz,1016,101,2,2,True,0.04370627,0.17931634,0.74320894,0.03376845
7,7,none,fcz,1017,101,2,2,True,0.0021092636,0.128649,0.8658098,0.0034319188
7,7,none,fcz,1018,101,3,1,False,0.25675708,0.286001,0.24555679,0.2116851
7,7,none,fcz,1019,101,2,1,False,0.039053857,0.5919746,0.367784,0.0011875156
7,7,none,fcz,1020,101,3,3,True,0.2551095,0.122259624,0.13027464,0.49235624
7,7,none,fcz,1021,101,3,2,False,0.021588545,0.03200264,0.85745955,0.08894929
7,7,none,fcz,1022,101,2,1,False,0.08562381,0.7800952,0.1318156,0.002465407
7,7,none,fcz,1023,101,2,2,True,0.42733362,0.090970404,0.47911417,0.0025818518
7,7,none,fcz,1024,101,3,3,True,0.12984475,0.15717474,0.05391436,0.65906614
7,7,none,fcz,1025,101,2,2,True,0.08781318,0.2909011,0.6158817,0.0054040477
7,7,none,fcz,1026,101,1,1,True,0.011060786,0.9279998,0.057219222,0.0037202013
7,7,none,fcz,1027,101,0,0,True,0.9950412,0.0010379845,0.0038459802,7.483779e-05
7,7,none,fcz,1028,101,0,0,True,0.9075268,0.055088174,0.036972176,0.0004128514
7,7,none,fcz,1029,101,1,1,True,0.092022724,0.81280684,0.08880334,0.006367066
7,7,none,fcz,1030,101,1,1,True,6.728343e-05,0.9937145,0.005835587,0.00038264348
7,7,none,fcz,1031,101,0,0,True,0.99185467,0.0013705179,0.006688133,8.661312e-05
7,7,none,fcz,1032,101,0,0,True,0.9874849,0.0067008217,0.0055951383,0.00021916372
7,7,none,fcz,1033,101,1,1,True,0.0006885714,0.9911733,0.00798426,0.00015388675
7,7,none,fcz,1034,101,1,1,True,0.0031912902,0.9937371,0.0029555536,0.0001161207
7,7,none,fcz,1035,101,0,0,True,0.99847394,0.00025257742,0.0007739064,0.00049960316
7,7,none,fcz,1036,101,1,1,True,0.0028835582,0.9722172,0.01970086,0.005198509
7,7,none,fcz,1037,101,0,0,True,0.997459,0.0016335789,0.00087157695,3.5862624e-05
7,7,none,fcz,1038,101,1,1,True,0.0068576178,0.98790866,0.005113917,0.00011979166
7,7,none,fcz,1039,101,0,0,True,0.76462865,0.081515335,0.13177891,0.022077069
7,7,none,fcz,1040,101,1,2,False,0.025632394,0.26343456,0.64075977,0.0701733
7,7,none,fcz,1041,101,2,2,True,0.0964525,0.07460206,0.82780683,0.0011386405
7,7,none,fcz,1042,101,3,2,False,0.07421285,0.16861735,0.7459493,0.0112205325
7,7,none,fcz,1043,101,2,1,False,0.023639757,0.5385026,0.43669933,0.0011583975
7,7,none,fcz,1044,101,3,0,False,0.4434981,0.2062957,0.02755245,0.32265374
7,7,none,fcz,1045,101,3,0,False,0.605682,0.07811749,0.26340497,0.05279552
7,7,none,fcz,1046,101,2,1,False,0.07266385,0.5705857,0.35099328,0.0057571167
7,7,none,fcz,1047,101,2,0,False,0.40490997,0.210238,0.37959543,0.005256616
7,7,none,fcz,1048,101,3,1,False,0.25237784,0.6031926,0.06496547,0.07946398
7,7,none,fcz,1049,101,3,2,False,0.07789149,0.03838439,0.6258095,0.25791457
7,7,none,fcz,1050,101,2,1,False,0.22070569,0.4629699,0.29676,0.019564427
7,7,none,fcz,1051,101,2,2,True,0.0028950698,0.007644749,0.9892022,0.00025784574
7,7,none,fcz,1052,101,3,1,False,0.29695398,0.38835433,0.23738433,0.07730737
7,7,none,fcz,1053,101,2,2,True,0.27442136,0.06404243,0.65862805,0.002908175
7,7,none,fcz,1054,101,3,2,False,0.10033294,0.030079786,0.6260246,0.24356268
7,7,none,fcz,1055,101,2,1,False,0.025957337,0.7602402,0.18896735,0.024835197
7,7,none,fcz,1056,101,0,0,True,0.9825781,0.0022441628,0.015003173,0.00017465134
7,7,none,fcz,1057,101,1,1,True,0.019171348,0.8062581,0.17330259,0.0012679803
7,7,none,fcz,1058,101,0,0,True,0.9769182,0.0019492614,0.020951182,0.00018130057
7,7,none,fcz,1059,101,1,1,True,0.041440528,0.72274023,0.18089253,0.05492669
7,7,none,fcz,1060,101,1,1,True,0.004205535,0.9140442,0.0302714,0.05147887
7,7,none,fcz,1061,101,0,0,True,0.97712404,0.01669891,0.0044811447,0.0016958483
7,7,none,fcz,1062,101,1,1,True,0.0007034442,0.99913305,0.00013267325,3.0886436e-05
7,7,none,fcz,1063,101,0,0,True,0.9982936,0.0011670766,0.0005124516,2.6911377e-05
7,7,none,fcz,1064,101,1,1,True,0.00042267996,0.9871552,0.011690482,0.0007315709
7,7,none,fcz,1065,101,0,0,True,0.946807,0.005598919,0.045083884,0.002510227
7,7,none,fcz,1066,101,1,1,True,0.004117785,0.9189725,0.0653572,0.011552496
7,7,none,fcz,1067,101,0,0,True,0.99084526,0.0006672758,0.0077173617,0.0007701149
7,7,none,fcz,1068,101,0,0,True,0.8508107,0.079644315,0.06931758,0.00022735479
7,7,none,fcz,1069,101,1,1,True,0.0039257365,0.9838675,0.0054423283,0.006764518
7,7,none,fcz,1070,101,1,1,True,0.0005314911,0.96051127,0.03840391,0.0005533156
7,7,none,fcz,1071,101,3,3,True,0.048819833,0.16447917,0.23245977,0.55424124
7,7,none,fcz,1072,101,2,2,True,0.004142689,0.015503692,0.97781736,0.0025362214
7,7,none,fcz,1073,101,3,1,False,0.18287416,0.3896823,0.29172865,0.13571493
7,7,none,fcz,1074,101,2,2,True,0.018658457,0.019768365,0.9532285,0.008344694
7,7,none,fcz,1075,101,2,2,True,0.02961617,0.3200052,0.6385522,0.01182648
7,7,none,fcz,1076,101,3,1,False,0.27440274,0.3797136,0.19269755,0.15318617
7,7,none,fcz,1077,101,3,3,True,0.2678834,0.14141835,0.15961957,0.43107867
7,7,none,fcz,1078,101,2,2,True,0.07241891,0.15362816,0.5916834,0.18226957
7,7,none,fcz,1079,101,2,2,True,0.0027715152,0.003997894,0.9930769,0.00015366396
7,7,none,fcz,1080,101,3,1,False,0.11806556,0.4207351,0.18546118,0.27573812
7,7,none,fcz,1081,101,3,3,True,0.19974712,0.16642109,0.308145,0.32568684
7,7,none,fcz,1082,101,2,2,True,0.07166908,0.3039617,0.53711444,0.08725475
7,7,none,fcz,1083,101,3,1,False,0.08753726,0.5789704,0.13834926,0.19514312
7,7,none,fcz,1084,101,2,2,True,0.011720547,0.21599361,0.5953392,0.17694668
7,7,none,fcz,1085,101,2,1,False,0.0027205355,0.5610485,0.42930368,0.00692727
7,7,none,fcz,1086,102,1,1,True,0.0032036991,0.9819104,0.011663594,0.00322228
7,7,none,fcz,1087,102,0,0,True,0.775997,0.050643697,0.14491442,0.028444858
7,7,none,fcz,1088,102,1,1,True,0.00969127,0.4523817,0.4463072,0.09161991
7,7,none,fcz,1089,102,0,0,True,0.96974206,0.011105069,0.013213139,0.0059398143
7,7,none,fcz,1090,102,1,2,False,0.049507678,0.43376538,0.4932217,0.023505181
7,7,none,fcz,1091,102,0,0,True,0.6835253,0.047064204,0.1861917,0.08321875
7,7,none,fcz,1092,102,0,0,True,0.9782165,0.0039980086,0.015582805,0.0022025686
7,7,none,fcz,1093,102,1,3,False,0.23435657,0.18021028,0.28451398,0.30091915
7,7,none,fcz,1094,102,0,0,True,0.72044253,0.08493489,0.13571523,0.058907323
7,7,none,fcz,1095,102,1,2,False,0.09982884,0.2273872,0.6580798,0.014704141
7,7,none,fcz,1096,102,0,0,True,0.7792993,0.022578608,0.14179114,0.05633085
7,7,none,fcz,1097,102,1,2,False,0.022913134,0.2082155,0.74203116,0.02684022
7,7,none,fcz,1098,102,0,3,False,0.32366747,0.113519125,0.23620027,0.3266131
7,7,none,fcz,1099,102,1,2,False,0.10052656,0.13582742,0.7318572,0.031788774
7,7,none,fcz,1100,102,1,1,True,0.008939204,0.98518836,0.0056219734,0.0002503794
7,7,none,fcz,1101,102,2,2,True,0.07659329,0.29331684,0.47189143,0.1581984
7,7,none,fcz,1102,102,3,3,True,0.19428523,0.095678344,0.2865159,0.42352054
7,7,none,fcz,1103,102,2,2,True,0.10387234,0.34353182,0.41695574,0.13564004
7,7,none,fcz,1104,102,3,0,False,0.31927475,0.1954938,0.22811066,0.25712082
7,7,none,fcz,1105,102,2,2,True,0.43355235,0.077822745,0.4438851,0.04473983
7,7,none,fcz,1106,102,3,3,True,0.07069267,0.107984625,0.4026229,0.41869986
7,7,none,fcz,1107,102,2,2,True,0.13700707,0.026493074,0.7175774,0.11892247
7,7,none,fcz,1108,102,3,3,True,0.07853733,0.11144447,0.13528158,0.6747366
7,7,none,fcz,1109,102,3,3,True,0.2612332,0.038171712,0.12657568,0.5740194
7,7,none,fcz,1110,102,2,2,True,0.072278716,0.1003178,0.81363595,0.013767594
7,7,none,fcz,1111,102,3,2,False,0.02471227,0.23651998,0.5241894,0.21457836
7,7,none,fcz,1112,102,2,2,True,0.15932518,0.020983003,0.511056,0.30863583
7,7,none,fcz,1113,102,2,2,True,0.08665106,0.12352592,0.73643035,0.05339268
7,7,none,fcz,1114,102,3,0,False,0.57260555,0.089130685,0.26212227,0.07614144
7,7,none,fcz,1115,102,2,2,True,0.024080206,0.2863536,0.5411628,0.14840344
7,7,none,fcz,1116,102,1,1,True,0.002654801,0.97034293,0.025101881,0.0019002478
7,7,none,fcz,1117,102,0,3,False,0.18099624,0.2555501,0.28050148,0.28295216
7,7,none,fcz,1118,102,1,1,True,0.013994766,0.6902923,0.16718656,0.12852639
7,7,none,fcz,1119,102,0,0,True,0.5796382,0.0741817,0.2500492,0.096130975
7,7,none,fcz,1120,102,0,0,True,0.8159662,0.07327991,0.08177183,0.028982095
7,7,none,fcz,1121,102,1,2,False,0.023221975,0.30042124,0.65162045,0.024736313
7,7,none,fcz,1122,102,0,1,False,0.17468743,0.3581615,0.2710768,0.19607426
7,7,none,fcz,1123,102,1,2,False,0.057018176,0.30264026,0.57316387,0.067177705
7,7,none,fcz,1124,102,0,2,False,0.42340645,0.029234933,0.4955846,0.051774066
7,7,none,fcz,1125,102,1,2,False,0.110618964,0.25294104,0.49882013,0.13761996
7,7,none,fcz,1126,102,1,1,True,0.0011670449,0.9925143,0.0018079425,0.004510585
7,7,none,fcz,1127,102,0,2,False,0.19689874,0.094293326,0.47223017,0.2365778
7,7,none,fcz,1128,102,1,1,True,0.0015513105,0.9889309,0.0075908857,0.0019269123
7,7,none,fcz,1129,102,0,3,False,0.15692604,0.13902768,0.27976403,0.4242823
7,7,none,fcz,1130,102,1,1,True,0.26810402,0.32673472,0.27312842,0.13203289
7,7,none,fcz,1131,102,2,2,True,0.006695054,0.02116286,0.9678413,0.004300789
7,7,none,fcz,1132,102,3,2,False,0.012491542,0.114541896,0.64466006,0.22830653
7,7,none,fcz,1133,102,3,2,False,0.011092974,0.016896755,0.6881996,0.28381068
7,7,none,fcz,1134,102,2,2,True,0.01381567,0.025352208,0.9428399,0.01799223
7,7,none,fcz,1135,102,2,1,False,0.073762916,0.43741524,0.37049794,0.118323945
7,7,none,fcz,1136,102,3,2,False,0.009322513,0.029623026,0.87246454,0.08858994
7,7,none,fcz,1137,102,3,2,False,0.0705174,0.11706106,0.58162355,0.23079795
7,7,none,fcz,1138,102,2,2,True,0.0020184575,0.058639504,0.93134755,0.00799443
7,7,none,fcz,1139,102,2,2,True,0.057733525,0.11111533,0.76638234,0.06476874
7,7,none,fcz,1140,102,3,2,False,0.11593479,0.08712967,0.55335915,0.24357642
7,7,none,fcz,1141,102,2,2,True,0.009425294,0.042664494,0.5527452,0.39516503
7,7,none,fcz,1142,102,3,3,True,0.009121466,0.16835183,0.318704,0.5038227
7,7,none,fcz,1143,102,3,2,False,0.021385742,0.0030570854,0.7053215,0.2702357
7,7,none,fcz,1144,102,2,2,True,0.15944678,0.12486512,0.39207077,0.32361737
7,7,none,fcz,1145,102,2,2,True,0.009000927,0.10894503,0.8497869,0.032267217
7,7,none,fcz,1146,102,0,2,False,0.1524149,0.032648135,0.7809572,0.03397977
7,7,none,fcz,1147,102,1,1,True,0.002961602,0.9750471,0.01882202,0.0031692928
7,7,none,fcz,1148,102,0,2,False,0.039515793,0.037340023,0.80497307,0.118171155
7,7,none,fcz,1149,102,1,1,True,0.0033717596,0.97507066,0.014095063,0.0074624806
7,7,none,fcz,1150,102,1,2,False,0.02092704,0.14470424,0.8233115,0.011057249
7,7,none,fcz,1151,102,0,2,False,0.14718997,0.20624094,0.449108,0.19746107
7,7,none,fcz,1152,102,0,2,False,0.06562576,0.100237206,0.78919864,0.044938367
7,7,none,fcz,1153,102,1,1,True,0.04669343,0.5612176,0.16558383,0.22650512
7,7,none,fcz,1154,102,0,2,False,0.116699725,0.33599907,0.49867234,0.04862886
7,7,none,fcz,1155,102,1,2,False,0.077551916,0.090653725,0.69787616,0.13391824
7,7,none,fcz,1156,102,1,1,True,0.0039744754,0.71157175,0.11565202,0.16880172
7,7,none,fcz,1157,102,0,3,False,0.15996036,0.19931324,0.25906676,0.3816597
7,7,none,fcz,1158,102,1,1,True,0.19048949,0.3263311,0.2200531,0.2631263
7,7,none,fcz,1159,102,0,2,False,0.31673992,0.0673583,0.34663716,0.26926464
7,7,none,fcz,1160,102,0,0,True,0.7752076,0.03418019,0.039483953,0.1511283
7,7,none,fcz,1161,102,2,2,True,0.022258032,0.12696722,0.8409134,0.009861341
7,7,none,fcz,1162,102,3,3,True,0.05750818,0.098157465,0.30480906,0.5395253
7,7,none,fcz,1163,102,3,3,True,0.014814189,0.059897806,0.03896842,0.8863196
7,7,none,fcz,1164,102,2,2,True,0.09238517,0.31524807,0.5006444,0.09172238
7,7,none,fcz,1165,102,2,2,True,0.016804757,0.03419938,0.52713114,0.4218647
7,7,none,fcz,1166,102,3,3,True,0.28362596,0.041432083,0.17171587,0.5032261
7,7,none,fcz,1167,102,2,2,True,0.069121584,0.0633168,0.7513905,0.116171055
7,7,none,fcz,1168,102,3,3,True,0.18104507,0.05396933,0.308953,0.45603266
7,7,none,fcz,1169,102,2,2,True,0.0768163,0.17258139,0.4352724,0.3153299
7,7,none,fcz,1170,102,3,2,False,0.06795779,0.14001167,0.5406266,0.25140393
7,7,none,fcz,1171,102,2,1,False,0.029601304,0.5243423,0.22357273,0.22248368
7,7,none,fcz,1172,102,3,3,True,0.01102691,0.009446326,0.17320767,0.80631906
7,7,none,fcz,1173,102,2,1,False,0.08193789,0.5242682,0.28699774,0.10679616
7,7,none,fcz,1174,102,3,2,False,0.09187726,0.06742961,0.5053605,0.33533266
7,7,none,fcz,1175,102,3,3,True,0.0400615,0.18755253,0.060406644,0.7119793
7,7,none,fcz,1176,103,0,2,False,0.052728057,0.009750076,0.80430233,0.13321953
7,7,none,fcz,1177,103,1,2,False,0.00086169416,0.26628053,0.6370672,0.095790535
7,7,none,fcz,1178,103,1,1,True,0.0015950821,0.5531186,0.43200687,0.013279482
7,7,none,fcz,1179,103,0,2,False,0.00627464,0.34674716,0.57953066,0.06744759
7,7,none,fcz,1180,103,1,1,True,0.026575517,0.851346,0.08740941,0.034669068
7,7,none,fcz,1181,103,0,2,False,0.086119354,0.22174576,0.39399755,0.2981373
7,7,none,fcz,1182,103,0,0,True,0.72452116,0.0015317486,0.26928234,0.0046647447
7,7,none,fcz,1183,103,1,2,False,0.0011179708,0.4020204,0.5952497,0.001611938
7,7,none,fcz,1184,103,0,2,False,0.26958892,0.064458415,0.62769204,0.03826072
7,7,none,fcz,1185,103,1,2,False,0.028020259,0.3854842,0.5802025,0.0062930016
7,7,none,fcz,1186,103,0,0,True,0.44636354,0.15090916,0.395748,0.0069793304
7,7,none,fcz,1187,103,1,2,False,0.07814722,0.20617792,0.6452756,0.07039927
7,7,none,fcz,1188,103,1,1,True,0.007089475,0.49275824,0.4122263,0.087926
7,7,none,fcz,1189,103,0,2,False,0.11167537,0.03237985,0.8554638,0.0004808894
7,7,none,fcz,1190,103,1,2,False,0.0092426045,0.12784731,0.6945966,0.16831356
7,7,none,fcz,1191,103,3,2,False,0.0012025771,0.049596213,0.9273643,0.021836875
7,7,none,fcz,1192,103,2,2,True,0.0015489414,0.002059907,0.9956031,0.00078808906
7,7,none,fcz,1193,103,2,2,True,0.0075972117,0.050430827,0.915954,0.026018007
7,7,none,fcz,1194,103,3,3,True,0.21292678,0.050222848,0.28231037,0.45454007
7,7,none,fcz,1195,103,2,3,False,0.0519094,0.24856299,0.20568296,0.49384463
7,7,none,fcz,1196,103,3,2,False,0.022950366,0.042925425,0.9068026,0.027321558
7,7,none,fcz,1197,103,3,2,False,0.018108416,0.023364102,0.93675363,0.021773849
7,7,none,fcz,1198,103,2,2,True,0.0015167324,0.005171525,0.9927221,0.00058971794
7,7,none,fcz,1199,103,2,2,True,0.0095037315,0.075699806,0.91433066,0.00046587983
7,7,none,fcz,1200,103,3,1,False,0.019858692,0.9386437,0.013488564,0.028009001
7,7,none,fcz,1201,103,3,2,False,0.00819573,0.30851302,0.51692,0.1663713
7,7,none,fcz,1202,103,2,2,True,0.00328603,0.0030852382,0.9935361,9.263105e-05
7,7,none,fcz,1203,103,3,1,False,0.09326106,0.46574026,0.4060021,0.034996647
7,7,none,fcz,1204,103,2,1,False,0.016049787,0.56652826,0.41170844,0.005713545
7,7,none,fcz,1205,103,2,2,True,0.008339059,0.38087752,0.57101256,0.03977083
7,7,none,fcz,1206,103,1,2,False,0.0013287698,0.0047865165,0.9936493,0.00023537481
7,7,none,fcz,1207,103,0,2,False,0.124866396,0.07209831,0.6539397,0.14909554
7,7,none,fcz,1208,103,1,2,False,0.001121406,0.36930442,0.62808067,0.0014934585
7,7,none,fcz,1209,103,0,2,False,0.055360563,0.08658377,0.8427259,0.015329851
7,7,none,fcz,1210,103,0,0,True,0.60564935,0.018803451,0.23253427,0.1430129
7,7,none,fcz,1211,103,1,2,False,0.001380784,0.23073879,0.6991166,0.06876393
7,7,none,fcz,1212,103,1,3,False,0.010737371,0.33935696,0.19518262,0.45472306
7,7,none,fcz,1213,103,0,2,False,0.24147953,0.12983099,0.6234669,0.00522254
7,7,none,fcz,1214,103,0,2,False,0.05187589,0.28580573,0.65915066,0.0031676546
7,7,none,fcz,1215,103,1,2,False,0.057264265,0.0065167984,0.92820907,0.008009785
7,7,none,fcz,1216,103,1,1,True,0.00072606263,0.9750811,0.022814984,0.0013778668
7,7,none,fcz,1217,103,0,2,False,0.30317587,0.039503768,0.6398831,0.017437197
7,7,none,fcz,1218,103,0,2,False,0.08126272,0.004328265,0.91339207,0.0010169523
7,7,none,fcz,1219,103,1,2,False,0.0065113604,0.19198711,0.8010069,0.00049459626
7,7,none,fcz,1220,103,0,2,False,0.12688942,0.012322668,0.85766417,0.0031238296
7,7,none,fcz,1221,103,2,2,True,0.00070886844,0.0044032764,0.9910982,0.003789613
7,7,none,fcz,1222,103,3,2,False,0.0009351711,0.003437526,0.9468522,0.048774995
7,7,none,fcz,1223,103,2,2,True,0.0053021717,0.17353521,0.82055336,0.0006093387
7,7,none,fcz,1224,103,3,2,False,0.01192605,0.00880383,0.9532391,0.026031
7,7,none,fcz,1225,103,3,3,True,0.030133327,0.028919538,0.44881612,0.49213105
7,7,none,fcz,1226,103,2,2,True,0.032612395,0.049323212,0.8716358,0.046428576
7,7,none,fcz,1227,103,3,2,False,0.043775957,0.13088974,0.714129,0.11120533
7,7,none,fcz,1228,103,2,2,True,0.011618244,0.18847391,0.7711747,0.02873312
7,7,none,fcz,1229,103,3,1,False,0.13287443,0.38742867,0.1514213,0.32827562
7,7,none,fcz,1230,103,2,2,True,0.019523876,0.026910039,0.92600715,0.02755894
7,7,none,fcz,1231,103,2,2,True,0.028797656,0.022004256,0.94459647,0.0046016024
7,7,none,fcz,1232,103,3,2,False,0.01750384,0.14351684,0.81241286,0.02656644
7,7,none,fcz,1233,103,3,1,False,0.062367592,0.45631015,0.40011954,0.08120267
7,7,none,fcz,1234,103,2,2,True,0.0618276,0.16755655,0.7463396,0.02427623
7,7,none,fcz,1235,103,3,2,False,0.0021005021,0.15516932,0.5500045,0.29272565
7,7,none,fcz,1236,103,1,2,False,0.010200076,0.29827976,0.6849062,0.0066139083
7,7,none,fcz,1237,103,0,2,False,0.028618926,0.0023212812,0.92785835,0.0412014
7,7,none,fcz,1238,103,0,2,False,0.38731822,0.024397796,0.48636287,0.1019211
7,7,none,fcz,1239,103,1,2,False,0.0031287463,0.09771691,0.88930804,0.009846388
7,7,none,fcz,1240,103,1,1,True,0.002551043,0.55880105,0.1109485,0.32769942
7,7,none,fcz,1241,103,0,2,False,0.012467434,0.026063235,0.95120215,0.010267159
7,7,none,fcz,1242,103,1,1,True,0.0008396171,0.8651677,0.08929772,0.044694968
7,7,none,fcz,1243,103,0,2,False,0.06054593,0.005506134,0.92448586,0.009462117
7,7,none,fcz,1244,103,0,2,False,0.08121227,0.042601988,0.7344737,0.14171195
7,7,none,fcz,1245,103,1,2,False,0.010411205,0.24762048,0.69721836,0.04474992
7,7,none,fcz,1246,103,0,2,False,0.09280902,0.018785749,0.8793942,0.009011065
7,7,none,fcz,1247,103,1,2,False,0.010038804,0.13630211,0.83360523,0.020053774
7,7,none,fcz,1248,103,1,1,True,0.010305035,0.6472778,0.33818772,0.004229446
7,7,none,fcz,1249,103,0,0,True,0.76332337,0.036363315,0.18578577,0.014527505
7,7,none,fcz,1250,103,1,1,True,0.032721054,0.66533333,0.20386474,0.098080866
7,7,none,fcz,1251,103,3,3,True,0.012262055,0.17198385,0.25757584,0.5581783
7,7,none,fcz,1252,103,2,1,False,0.0021739788,0.5579591,0.42942736,0.010439547
7,7,none,fcz,1253,103,3,1,False,0.022796962,0.4664238,0.34016562,0.17061365
7,7,none,fcz,1254,103,2,2,True,0.07122334,0.3394029,0.46652943,0.122844234
7,7,none,fcz,1255,103,2,2,True,0.0057945917,0.2432848,0.74894893,0.0019716334
7,7,none,fcz,1256,103,3,2,False,0.101617195,0.30939403,0.5326248,0.05636393
7,7,none,fcz,1257,103,2,1,False,0.029208334,0.8272408,0.11178638,0.0317645
7,7,none,fcz,1258,103,3,1,False,0.06447131,0.7986597,0.090449,0.04641999
7,7,none,fcz,1259,103,2,2,True,0.0032450098,0.013286104,0.9824675,0.001001383
7,7,none,fcz,1260,103,3,2,False,0.017219871,0.43421778,0.496391,0.052171398
7,7,none,fcz,1261,103,3,1,False,0.010445439,0.48650658,0.2683116,0.23473637
7,7,none,fcz,1262,103,2,2,True,0.0024218676,0.13484745,0.8620399,0.00069077616
7,7,none,fcz,1263,103,2,2,True,0.002193069,0.05074701,0.9460647,0.0009953353
7,7,none,fcz,1264,103,3,3,True,0.14852452,0.17904428,0.06819667,0.6042346
7,7,none,fcz,1265,103,3,1,False,0.0012653996,0.41547883,0.17371166,0.40954408
7,7,none,fcz,1266,104,0,2,False,0.16224033,0.33151585,0.3931207,0.11312309
7,7,none,fcz,1267,104,1,1,True,0.041339565,0.89436436,0.059575815,0.00472021
7,7,none,fcz,1268,104,1,2,False,0.009230499,0.026761293,0.9508992,0.0131089995
7,7,none,fcz,1269,104,0,1,False,0.13685232,0.43370906,0.22175951,0.20767914
7,7,none,fcz,1270,104,1,1,True,0.015040311,0.5163429,0.3204318,0.148185
7,7,none,fcz,1271,104,0,2,False,0.0053797304,0.058467366,0.9255967,0.0105562145
7,7,none,fcz,1272,104,1,2,False,0.20145427,0.25394526,0.4764876,0.068112954
7,7,none,fcz,1273,104,0,2,False,0.053125482,0.0967115,0.78089213,0.06927088
7,7,none,fcz,1274,104,0,2,False,0.02924181,0.37121814,0.59382117,0.0057188757
7,7,none,fcz,1275,104,1,2,False,0.013613122,0.3456664,0.60359067,0.037129883
7,7,none,fcz,1276,104,0,2,False,0.029757066,0.14849953,0.8034764,0.018267073
7,7,none,fcz,1277,104,1,2,False,0.009355077,0.24724682,0.41761836,0.3257798
7,7,none,fcz,1278,104,1,2,False,0.084742494,0.15379933,0.73250705,0.028951176
7,7,none,fcz,1279,104,0,2,False,0.12414005,0.053242058,0.7489339,0.07368407
7,7,none,fcz,1280,104,1,1,True,0.000500451,0.95364213,0.013642885,0.032214534
7,7,none,fcz,1281,104,2,2,True,0.056199983,0.04058652,0.8562819,0.046931632
7,7,none,fcz,1282,104,3,2,False,0.031474475,0.14285327,0.5439742,0.28169805
7,7,none,fcz,1283,104,3,3,True,0.0471295,0.05231783,0.19661713,0.7039355
7,7,none,fcz,1284,104,2,1,False,0.004654534,0.75011665,0.2420781,0.0031507036
7,7,none,fcz,1285,104,3,2,False,0.08135053,0.09114438,0.7906307,0.03687442
7,7,none,fcz,1286,104,2,1,False,0.0048517627,0.85516816,0.114112176,0.025867887
7,7,none,fcz,1287,104,2,2,True,0.00556683,0.21770601,0.6764792,0.10024794
7,7,none,fcz,1288,104,3,3,True,0.032870013,0.19451354,0.08843896,0.68417746
7,7,none,fcz,1289,104,2,1,False,0.006482674,0.77200323,0.21948008,0.0020339487
7,7,none,fcz,1290,104,3,2,False,0.029418236,0.29107407,0.6039884,0.07551932
7,7,none,fcz,1291,104,3,3,True,0.039460503,0.027605696,0.3968361,0.5360977
7,7,none,fcz,1292,104,2,3,False,0.07631238,0.12193853,0.36860198,0.43314713
7,7,none,fcz,1293,104,3,3,True,0.010871894,0.07775819,0.028039746,0.8833302
7,7,none,fcz,1294,104,2,2,True,0.001824767,0.2057035,0.76966435,0.022807436
7,7,none,fcz,1295,104,3,2,False,0.20291784,0.057515237,0.58631516,0.15325177
7,7,none,fcz,1296,104,0,3,False,0.14818445,0.11334783,0.295654,0.4428137
7,7,none,fcz,1297,104,1,2,False,0.010037244,0.34630108,0.5991924,0.044469208
7,7,none,fcz,1298,104,1,1,True,0.0022146865,0.9833392,0.009474129,0.00497206
7,7,none,fcz,1299,104,0,0,True,0.5077039,0.08795337,0.38566113,0.018681606
7,7,none,fcz,1300,104,0,0,True,0.8149603,0.025665393,0.14474794,0.014626343
7,7,none,fcz,1301,104,1,1,True,0.0026398485,0.7688911,0.19084603,0.037622966
7,7,none,fcz,1302,104,0,1,False,0.21192186,0.47162426,0.26377082,0.052683063
7,7,none,fcz,1303,104,1,2,False,0.024356788,0.32370853,0.58230054,0.06963406
7,7,none,fcz,1304,104,0,2,False,0.2832796,0.20997643,0.4943022,0.012441797
7,7,none,fcz,1305,104,1,1,True,0.057408776,0.70240474,0.20372216,0.036464367
7,7,none,fcz,1306,104,1,1,True,5.2714528e-05,0.8409118,0.1557575,0.0032780347
7,7,none,fcz,1307,104,0,0,True,0.779231,0.10910903,0.1054656,0.0061943643
7,7,none,fcz,1308,104,3,2,False,0.0039183893,0.14526556,0.58308434,0.26773167
7,7,none,fcz,1309,104,2,2,True,0.014796521,0.39622995,0.47074008,0.118233435
7,7,none,fcz,1310,104,3,3,True,0.033231482,0.08399545,0.41574907,0.46702397
7,7,none,fcz,1311,104,2,2,True,0.16885974,0.13777746,0.50417495,0.18918785
7,7,none,fcz,1312,104,3,3,True,0.1917773,0.15255031,0.09681976,0.5588526
7,7,none,fcz,1313,104,2,2,True,0.0076333103,0.06287255,0.9249683,0.004525782
7,7,none,fcz,1314,104,3,2,False,0.018371835,0.2738255,0.56284845,0.14495422
7,7,none,fcz,1315,104,2,2,True,0.071812585,0.26746815,0.5532973,0.107421964
7,7,none,fcz,1316,104,3,2,False,0.010888695,0.16225675,0.7963233,0.030531269
7,7,none,fcz,1317,104,2,2,True,0.041358426,0.24208823,0.69950503,0.01704834
7,7,none,fcz,1318,104,2,2,True,0.011967883,0.059487194,0.9145435,0.014001459
7,7,none,fcz,1319,104,3,2,False,0.040126693,0.07093043,0.7960584,0.09288448
7,7,none,fcz,1320,104,3,3,True,0.06730917,0.069527455,0.41277134,0.450392
7,7,none,fcz,1321,104,2,2,True,0.0055079684,0.14714693,0.84621525,0.0011298186
7,7,none,fcz,1322,104,2,2,True,0.0128946435,0.012697376,0.97303075,0.0013772451
7,7,none,fcz,1323,104,0,2,False,0.16887617,0.12694995,0.61106896,0.093104884
7,7,none,fcz,1324,104,1,2,False,0.008962877,0.27100277,0.665271,0.054763366
7,7,none,fcz,1325,104,0,2,False,0.028451035,0.015448672,0.9444565,0.011643722
7,7,none,fcz,1326,104,1,2,False,0.013560987,0.32999012,0.6303941,0.026054762
7,7,none,fcz,1327,104,0,2,False,0.024155444,0.07028433,0.8701705,0.035389744
7,7,none,fcz,1328,104,1,2,False,0.0018930491,0.33051956,0.5018327,0.1657547
7,7,none,fcz,1329,104,0,0,True,0.9916614,0.00054793345,0.0050390093,0.0027515441
7,7,none,fcz,1330,104,1,2,False,0.018000642,0.18890083,0.750805,0.04229354
7,7,none,fcz,1331,104,1,1,True,0.022837643,0.88130426,0.08477994,0.0110781295
7,7,none,fcz,1332,104,0,1,False,0.06381661,0.833471,0.08740554,0.015306809
7,7,none,fcz,1333,104,0,2,False,0.05797235,0.074904315,0.82663965,0.040483683
7,7,none,fcz,1334,104,1,2,False,0.05893184,0.2294361,0.6398823,0.07174972
7,7,none,fcz,1335,104,1,2,False,0.078419946,0.028491398,0.5552989,0.33778977
7,7,none,fcz,1336,104,0,2,False,0.21740887,0.021281365,0.73350555,0.027804246
7,7,none,fcz,1337,104,0,2,False,0.057866216,0.08510801,0.79368633,0.06333949
7,7,none,fcz,1338,104,2,2,True,0.0015348115,0.019716598,0.9673149,0.011433702
7,7,none,fcz,1339,104,3,2,False,0.009561038,0.21537161,0.762062,0.013005397
7,7,none,fcz,1340,104,2,2,True,0.04069693,0.15559773,0.79208785,0.011617455
7,7,none,fcz,1341,104,3,3,True,0.023434443,0.06328615,0.38426176,0.5290176
7,7,none,fcz,1342,104,3,3,True,0.01639277,0.2981624,0.18807942,0.49736547
7,7,none,fcz,1343,104,2,2,True,0.001367526,0.04499089,0.9507153,0.002926311
7,7,none,fcz,1344,104,3,3,True,0.008763899,0.009934143,0.15634434,0.8249576
7,7,none,fcz,1345,104,2,2,True,0.008519267,0.09518569,0.88155246,0.014742569
7,7,none,fcz,1346,104,3,2,False,0.1455933,0.07052555,0.66516864,0.11871251
7,7,none,fcz,1347,104,2,2,True,0.0076094177,0.07000759,0.9196331,0.0027498968
7,7,none,fcz,1348,104,3,2,False,0.0015745223,0.14258881,0.57095134,0.2848853
7,7,none,fcz,1349,104,2,1,False,0.002141185,0.49297023,0.46012032,0.04476834
7,7,none,fcz,1350,104,2,2,True,0.010942257,0.12641971,0.8217865,0.040851533
7,7,none,fcz,1351,104,3,2,False,0.07718773,0.08351683,0.6410418,0.19825359
7,7,none,fcz,1352,104,3,2,False,0.03766795,0.13315538,0.58158803,0.24758857
7,7,none,fcz,1353,105,0,0,True,0.85070455,0.0028796215,0.040905852,0.105510086
7,7,none,fcz,1354,105,1,1,True,0.001169086,0.8987443,0.09253679,0.007549803
7,7,none,fcz,1355,105,1,1,True,0.0017939713,0.9087583,0.07866825,0.010779562
7,7,none,fcz,1356,105,0,0,True,0.79689413,0.0016604216,0.11331406,0.08813137
7,7,none,fcz,1357,105,1,1,True,0.0004003239,0.6653226,0.32932964,0.0049475376
7,7,none,fcz,1358,105,0,0,True,0.99737984,3.102414e-05,0.0023132379,0.00027588298
7,7,none,fcz,1359,105,1,1,True,0.0010435879,0.9844663,0.008576847,0.005913336
7,7,none,fcz,1360,105,0,0,True,0.894727,0.0012054016,0.059854817,0.04421287
7,7,none,fcz,1361,105,0,0,True,0.8891741,0.002547803,0.09584751,0.012430669
7,7,none,fcz,1362,105,1,1,True,0.0056536878,0.54591155,0.0076569673,0.4407778
7,7,none,fcz,1363,105,1,1,True,0.00034284298,0.9365534,0.03234963,0.030754033
7,7,none,fcz,1364,105,0,0,True,0.99674857,0.0006359621,0.0012856213,0.0013298625
7,7,none,fcz,1365,105,1,2,False,0.00861991,0.28451926,0.6299155,0.076945335
7,7,none,fcz,1366,105,0,0,True,0.9567933,0.000444362,0.036944136,0.005818157
7,7,none,fcz,1367,105,0,0,True,0.54313093,0.024891311,0.37568372,0.05629404
7,7,none,fcz,1368,105,3,3,True,0.024262602,0.013474994,0.17454278,0.7877196
7,7,none,fcz,1369,105,2,2,True,0.019729577,0.027740844,0.48177266,0.47075698
7,7,none,fcz,1370,105,2,2,True,0.007875851,0.030802155,0.5525193,0.40880263
7,7,none,fcz,1371,105,3,2,False,0.002622604,0.008012346,0.55894566,0.43041945
7,7,none,fcz,1372,105,3,3,True,0.020192508,0.010249714,0.4127274,0.5568304
7,7,none,fcz,1373,105,2,2,True,0.008256539,0.016146578,0.7261089,0.24948792
7,7,none,fcz,1374,105,3,3,True,0.007699171,0.052455116,0.1206935,0.8191522
7,7,none,fcz,1375,105,2,2,True,0.0048190877,0.019725917,0.96557796,0.009877032
7,7,none,fcz,1376,105,3,1,False,0.0076154927,0.51066315,0.2701306,0.21159075
7,7,none,fcz,1377,105,2,2,True,0.010024106,0.07192887,0.857907,0.06013996
7,7,none,fcz,1378,105,3,2,False,0.028852927,0.021525914,0.9108146,0.038806636
7,7,none,fcz,1379,105,2,2,True,0.001206218,0.042749137,0.58373004,0.3723146
7,7,none,fcz,1380,105,3,3,True,0.0015542975,0.002805199,0.16501802,0.8306225
7,7,none,fcz,1381,105,2,2,True,0.005136992,0.0096306335,0.96865505,0.0165774
7,7,none,fcz,1382,105,2,2,True,0.0012150789,0.028557759,0.5023583,0.4678689
7,7,none,fcz,1383,105,1,1,True,0.00012346068,0.9244715,0.07176855,0.0036365471
7,7,none,fcz,1384,105,0,2,False,0.014554333,0.0016065524,0.745393,0.23844613
7,7,none,fcz,1385,105,1,1,True,0.00028694884,0.503887,0.47093588,0.024890175
7,7,none,fcz,1386,105,0,2,False,0.093536586,0.0012195392,0.48616004,0.41908383
7,7,none,fcz,1387,105,0,2,False,0.073443055,0.0008296636,0.8823486,0.043378644
7,7,none,fcz,1388,105,1,1,True,0.0060817953,0.8850982,0.099203154,0.009616808
7,7,none,fcz,1389,105,1,1,True,0.00040144502,0.9481461,0.050920334,0.0005320565
7,7,none,fcz,1390,105,0,0,True,0.7734781,0.017835572,0.1926218,0.016064534
7,7,none,fcz,1391,105,0,0,True,0.6164891,0.017535504,0.35192057,0.01405479
7,7,none,fcz,1392,105,1,1,True,0.0015424619,0.55224,0.4416093,0.004608219
7,7,none,fcz,1393,105,0,0,True,0.85276324,0.0062898663,0.07932099,0.061625943
7,7,none,fcz,1394,105,1,1,True,0.0023587195,0.9754233,0.0214083,0.00080967246
7,7,none,fcz,1395,105,0,2,False,0.028525986,0.002986331,0.9667302,0.0017574314
7,7,none,fcz,1396,105,1,1,True,0.000106527725,0.98331314,0.016289463,0.0002908014
7,7,none,fcz,1397,105,1,1,True,0.0032987727,0.82681364,0.15793152,0.011956071
7,7,none,fcz,1398,105,3,2,False,0.00096551783,0.0033453193,0.944632,0.05105719
7,7,none,fcz,1399,105,2,2,True,0.0016756185,0.011169213,0.9549327,0.032222588
7,7,none,fcz,1400,105,3,2,False,0.0041026073,0.025606744,0.7286513,0.24163942
7,7,none,fcz,1401,105,2,2,True,0.0058255545,0.010637622,0.966085,0.017451823
7,7,none,fcz,1402,105,3,2,False,0.00055240124,0.017059797,0.9633438,0.019043947
7,7,none,fcz,1403,105,2,2,True,0.0024864504,0.0065183714,0.9766766,0.014318539
7,7,none,fcz,1404,105,3,2,False,0.006317996,0.0604493,0.8239993,0.10923339
7,7,none,fcz,1405,105,2,2,True,0.08283506,0.11229588,0.5054673,0.2994018
7,7,none,fcz,1406,105,3,2,False,0.005150902,0.00321132,0.80547315,0.18616465
7,7,none,fcz,1407,105,2,2,True,0.0040809587,0.30148616,0.6110794,0.08335354
7,7,none,fcz,1408,105,2,2,True,0.012629309,0.34948438,0.46122336,0.17666288
7,7,none,fcz,1409,105,3,2,False,0.010982216,0.24234785,0.53944147,0.2072285
7,7,none,fcz,1410,105,3,3,True,0.0041875755,0.10977991,0.24267155,0.64336103
7,7,none,fcz,1411,105,2,2,True,0.003749502,0.03597935,0.92766917,0.032602005
7,7,none,fcz,1412,105,2,2,True,0.0017947815,0.017169565,0.96664643,0.014389198
7,7,none,fcz,1413,105,1,3,False,0.0014207267,0.32454827,0.18423985,0.48979115
7,7,none,fcz,1414,105,0,0,True,0.69002336,0.021105759,0.27829242,0.01057833
7,7,none,fcz,1415,105,1,1,True,0.0010894116,0.61747664,0.33727992,0.04415404
7,7,none,fcz,1416,105,0,2,False,0.27635887,0.096056625,0.558006,0.0695785
7,7,none,fcz,1417,105,1,1,True,0.0004739573,0.9043858,0.06689305,0.028247144
7,7,none,fcz,1418,105,0,2,False,0.24004783,0.013174922,0.7090805,0.03769674
7,7,none,fcz,1419,105,1,2,False,0.010216996,0.42089552,0.5350212,0.033866268
7,7,none,fcz,1420,105,0,2,False,0.4578994,0.030325644,0.47094902,0.04082598
7,7,none,fcz,1421,105,0,2,False,0.05583986,0.06741263,0.8208268,0.055920687
7,7,none,fcz,1422,105,1,1,True,0.024553861,0.7745999,0.19398919,0.006857004
7,7,none,fcz,1423,105,1,1,True,0.00023581504,0.9877352,0.0089203715,0.0031084912
7,7,none,fcz,1424,105,0,0,True,0.54146165,0.015561078,0.3971119,0.04586534
7,7,none,fcz,1425,105,1,1,True,0.00025945695,0.62523705,0.36146522,0.0130382525
7,7,none,fcz,1426,105,0,2,False,0.006413425,0.0022492197,0.9828908,0.008446682
7,7,none,fcz,1427,105,0,2,False,0.093161665,0.025682885,0.6493796,0.23177576
7,7,none,fcz,1428,105,2,3,False,0.011468908,0.040487148,0.3051985,0.64284545
7,7,none,fcz,1429,105,3,3,True,0.011221464,0.027452737,0.47491688,0.48640892
7,7,none,fcz,1430,105,3,3,True,0.016096637,0.027670482,0.40429476,0.5519381
7,7,none,fcz,1431,105,2,2,True,0.0003102319,0.0030484397,0.92279845,0.07384285
7,7,none,fcz,1432,105,3,2,False,0.012964674,0.04100445,0.70670223,0.23932858
7,7,none,fcz,1433,105,2,2,True,0.003764202,0.035465408,0.9086026,0.052167736
7,7,none,fcz,1434,105,3,2,False,0.020124177,0.22503917,0.50116146,0.25367522
7,7,none,fcz,1435,105,2,2,True,0.019940522,0.08283695,0.8621463,0.035076134
7,7,none,fcz,1436,105,3,3,True,0.0025535964,0.027659694,0.46088699,0.50889975
7,7,none,fcz,1437,105,2,2,True,0.0013202038,0.035081167,0.9625415,0.0010571555
7,7,none,fcz,1438,105,2,2,True,0.0039853295,0.090058416,0.71128964,0.19466656
7,7,none,fcz,1439,105,3,2,False,0.01195285,0.06452808,0.655663,0.2678561
7,7,none,fcz,1440,105,2,2,True,0.0024980926,0.046534415,0.89306957,0.057897918
7,7,none,fcz,1441,105,3,2,False,0.0004907997,0.004866252,0.9519744,0.042668626
7,7,none,fcz,1442,105,2,2,True,0.021118326,0.04583762,0.52766275,0.4053813
7,7,none,fcz,1443,106,0,2,False,0.00025170296,0.0011917151,0.9528791,0.04567746
7,7,none,fcz,1444,106,1,2,False,0.0014145799,0.049032398,0.8592657,0.090287305
7,7,none,fcz,1445,106,0,2,False,0.0016499492,0.0019200946,0.98347706,0.012952811
7,7,none,fcz,1446,106,1,2,False,0.019429097,0.013854775,0.77077234,0.19594386
7,7,none,fcz,1447,106,0,2,False,0.008842583,0.00486081,0.98375535,0.0025411288
7,7,none,fcz,1448,106,1,2,False,0.0007172367,0.002448879,0.96370405,0.033129774
7,7,none,fcz,1449,106,0,2,False,0.09222061,0.05360446,0.6511514,0.20302348
7,7,none,fcz,1450,106,1,2,False,0.0039319065,0.16585463,0.4277231,0.40249044
7,7,none,fcz,1451,106,0,1,False,0.25827917,0.33173445,0.24997818,0.16000819
7,7,none,fcz,1452,106,1,2,False,0.0021322772,0.011647514,0.9657847,0.020435592
7,7,none,fcz,1453,106,0,2,False,0.006346577,0.30273986,0.3667499,0.32416368
7,7,none,fcz,1454,106,1,2,False,0.0020425362,0.21256655,0.7802241,0.0051667667
7,7,none,fcz,1455,106,1,1,True,0.0033461454,0.6337219,0.2722944,0.0906375
7,7,none,fcz,1456,106,0,2,False,0.42028067,0.012699259,0.539329,0.027691096
7,7,none,fcz,1457,106,0,2,False,0.44185844,0.0037890095,0.54929924,0.005053288
7,7,none,fcz,1458,106,3,2,False,0.001181238,0.0024370446,0.91800576,0.078376055
7,7,none,fcz,1459,106,2,2,True,0.00096376985,0.012598654,0.625159,0.36127856
7,7,none,fcz,1460,106,3,2,False,0.04453314,0.048406508,0.63224024,0.2748201
7,7,none,fcz,1461,106,2,2,True,0.04896788,0.29372123,0.62503153,0.032279316
7,7,none,fcz,1462,106,2,2,True,0.007290383,0.07488166,0.75193024,0.16589776
7,7,none,fcz,1463,106,3,1,False,0.006562094,0.4015318,0.39602587,0.19588032
7,7,none,fcz,1464,106,3,2,False,0.00914105,0.06598226,0.5588625,0.36601415
7,7,none,fcz,1465,106,2,2,True,0.0082242675,0.0104111135,0.9581244,0.023240222
7,7,none,fcz,1466,106,3,2,False,0.015881479,0.38808572,0.4771599,0.1188729
7,7,none,fcz,1467,106,2,2,True,0.0048530144,0.025144426,0.9622247,0.00777771
7,7,none,fcz,1468,106,3,2,False,0.043573916,0.046310246,0.6633779,0.24673788
7,7,none,fcz,1469,106,2,2,True,0.0392242,0.14668001,0.79297334,0.021122478
7,7,none,fcz,1470,106,3,3,True,0.0173292,0.016918937,0.45758924,0.5081627
7,7,none,fcz,1471,106,2,2,True,0.08819377,0.033883497,0.54795057,0.32997218
7,7,none,fcz,1472,106,3,3,True,0.01949457,0.01948068,0.224364,0.7366608
7,7,none,fcz,1473,106,1,1,True,0.00015181562,0.9807107,0.008994255,0.01014317
7,7,none,fcz,1474,106,0,2,False,0.099707745,0.0262923,0.5606303,0.31336963
7,7,none,fcz,1475,106,1,2,False,0.0029988366,0.11198512,0.8700774,0.014938691
7,7,none,fcz,1476,106,0,2,False,0.006125348,0.027950589,0.96013045,0.005793514
7,7,none,fcz,1477,106,0,3,False,0.010284711,0.04471214,0.44071788,0.5042853
7,7,none,fcz,1478,106,1,2,False,0.026832676,0.0752306,0.5844247,0.31351206
7,7,none,fcz,1479,106,1,1,True,0.0051903985,0.9067276,0.023359563,0.06472245
7,7,none,fcz,1480,106,0,2,False,0.03425201,0.019207874,0.87880033,0.06773987
7,7,none,fcz,1481,106,0,2,False,0.005455536,0.24046166,0.44331416,0.31076863
7,7,none,fcz,1482,106,1,2,False,0.013825385,0.39917123,0.56598514,0.021018269
7,7,none,fcz,1483,106,1,1,True,0.00042072154,0.84248227,0.15483536,0.0022616433
7,7,none,fcz,1484,106,0,0,True,0.5057993,0.13069357,0.31900883,0.044498324
7,7,none,fcz,1485,106,0,2,False,0.006293384,0.03366202,0.8520285,0.10801613
7,7,none,fcz,1486,106,1,1,True,0.001435714,0.94242364,0.05083822,0.005302477
7,7,none,fcz,1487,106,0,2,False,0.00959803,0.15569046,0.55230325,0.28240827
7,7,none,fcz,1488,106,2,2,True,0.0010295142,0.0016026763,0.9945728,0.0027949894
7,7,none,fcz,1489,106,3,3,True,0.006498796,0.024651064,0.35820147,0.6106487
7,7,none,fcz,1490,106,2,2,True,0.008808977,0.057869464,0.8932522,0.040069368
7,7,none,fcz,1491,106,3,2,False,0.013718823,0.00056951644,0.855401,0.13031058
7,7,none,fcz,1492,106,3,3,True,0.10708134,0.04320269,0.32568356,0.5240324
7,7,none,fcz,1493,106,2,2,True,0.01903556,0.011376531,0.9618826,0.0077052456
7,7,none,fcz,1494,106,2,2,True,0.028870847,0.077985354,0.8893719,0.0037719726
7,7,none,fcz,1495,106,3,2,False,0.16020876,0.052482616,0.7524877,0.03482096
7,7,none,fcz,1496,106,2,2,True,0.010986963,0.091383964,0.8921574,0.005471621
7,7,none,fcz,1497,106,3,2,False,0.011078304,0.025662154,0.95877934,0.0044801217
7,7,none,fcz,1498,106,3,2,False,0.059270617,0.057823073,0.7449752,0.13793115
7,7,none,fcz,1499,106,2,2,True,0.035431765,0.10101759,0.76825756,0.095293134
7,7,none,fcz,1500,106,2,2,True,0.0012337685,0.03605302,0.8839014,0.07881176
7,7,none,fcz,1501,106,3,3,True,0.0030734765,0.010641775,0.40889055,0.5773942
7,7,none,fcz,1502,106,2,2,True,0.013744663,0.0045567323,0.9782129,0.0034857006
7,7,none,fcz,1503,106,1,1,True,0.0021195125,0.6493,0.34190634,0.006674211
7,7,none,fcz,1504,106,0,2,False,0.030754542,0.079113506,0.83149993,0.058632042
7,7,none,fcz,1505,106,0,2,False,0.021802131,0.010393599,0.82916546,0.13863884
7,7,none,fcz,1506,106,1,2,False,0.04344732,0.013036087,0.9135352,0.029981477
7,7,none,fcz,1507,106,0,2,False,0.37862688,0.026708324,0.5566994,0.037965342
7,7,none,fcz,1508,106,1,1,True,0.0046835067,0.6113113,0.22847503,0.1555301
7,7,none,fcz,1509,106,0,2,False,0.024788963,0.16046216,0.6506987,0.16405024
7,7,none,fcz,1510,106,1,2,False,0.014015636,0.1255605,0.84095234,0.019471524
7,7,none,fcz,1511,106,1,1,True,0.002102877,0.98496026,0.009372045,0.0035647354
7,7,none,fcz,1512,106,0,0,True,0.8727603,0.043350317,0.07135297,0.012536467
7,7,none,fcz,1513,106,0,2,False,0.41235945,0.030488662,0.5544744,0.0026774914
7,7,none,fcz,1514,106,1,2,False,0.0020902872,0.01061549,0.98397,0.003324186
7,7,none,fcz,1515,106,1,2,False,0.01121228,0.097465105,0.4471745,0.4441481
7,7,none,fcz,1516,106,0,2,False,0.14684944,0.001064485,0.8229576,0.02912855
7,7,none,fcz,1517,106,0,2,False,0.110279836,0.17084593,0.40300077,0.3158734
7,7,none,fcz,1518,106,2,1,False,0.0112583,0.76222825,0.21593103,0.010582386
7,7,none,fcz,1519,106,3,2,False,0.010874149,0.072652966,0.749806,0.1666669
7,7,none,fcz,1520,106,2,2,True,0.022030413,0.06825901,0.5318798,0.3778308
7,7,none,fcz,1521,106,3,2,False,0.03604506,0.033210155,0.8174699,0.113274865
7,7,none,fcz,1522,106,2,2,True,0.014132936,0.042307626,0.876006,0.06755347
7,7,none,fcz,1523,106,3,2,False,0.025446309,0.00708183,0.8077706,0.15970126
7,7,none,fcz,1524,106,2,2,True,0.0020642402,0.0031715601,0.9911718,0.0035924641
7,7,none,fcz,1525,106,3,2,False,0.011481403,0.29507202,0.58718616,0.10626044
7,7,none,fcz,1526,106,2,2,True,0.0002446396,0.0024602555,0.975769,0.02152614
7,7,none,fcz,1527,106,3,2,False,0.0063957744,0.014266554,0.97604126,0.0032964346
7,7,none,fcz,1528,106,3,2,False,0.17118178,0.016499335,0.44587627,0.3664426
7,7,none,fcz,1529,106,2,2,True,0.011277588,0.0033172527,0.90237015,0.08303503
7,7,none,fcz,1530,106,3,2,False,0.0439835,0.014941633,0.92587733,0.0151974745
7,7,none,fcz,1531,106,2,2,True,0.0006487474,0.006335629,0.99120903,0.0018065603
7,7,none,fcz,1532,106,2,2,True,0.01996825,0.004357651,0.97048116,0.005192996
7,7,none,fcz,1533,107,1,1,True,0.00046884024,0.9687854,0.018595807,0.012149895
7,7,none,fcz,1534,107,0,2,False,0.050025858,0.44921044,0.47578174,0.024981985
7,7,none,fcz,1535,107,0,0,True,0.7808783,0.12505627,0.09004536,0.004019962
7,7,none,fcz,1536,107,1,1,True,9.2135364e-05,0.98279554,0.0016161489,0.015496205
7,7,none,fcz,1537,107,0,1,False,0.43427554,0.50701684,0.05105947,0.007648166
7,7,none,fcz,1538,107,1,1,True,0.00032635685,0.97731584,0.020228691,0.0021291096
7,7,none,fcz,1539,107,0,2,False,0.22910109,0.3586707,0.40050712,0.01172106
7,7,none,fcz,1540,107,1,1,True,0.0007896058,0.9809543,0.017367495,0.00088856585
7,7,none,fcz,1541,107,0,0,True,0.86468333,0.06455135,0.034269415,0.036495868
7,7,none,fcz,1542,107,1,1,True,0.005923267,0.9562956,0.015894778,0.021886285
7,7,none,fcz,1543,107,0,0,True,0.5715658,0.10184542,0.07189067,0.25469816
7,7,none,fcz,1544,107,1,1,True,0.009592234,0.55637157,0.3851612,0.04887507
7,7,none,fcz,1545,107,0,0,True,0.6910284,0.043707415,0.1764278,0.08883631
7,7,none,fcz,1546,107,1,1,True,0.0036841347,0.6434695,0.13847984,0.21436654
7,7,none,fcz,1547,107,0,0,True,0.9594343,0.01464084,0.021857923,0.0040670196
7,7,none,fcz,1548,107,3,1,False,0.021684024,0.72775793,0.17524606,0.075312026
7,7,none,fcz,1549,107,2,2,True,0.010506531,0.4775745,0.49794194,0.013976991
7,7,none,fcz,1550,107,3,1,False,0.044231474,0.39423555,0.18655443,0.3749785
7,7,none,fcz,1551,107,2,1,False,0.008091178,0.6949393,0.2087223,0.08824724
7,7,none,fcz,1552,107,3,1,False,0.36919656,0.42361417,0.176155,0.031034298
7,7,none,fcz,1553,107,2,2,True,0.03236186,0.22223583,0.6408159,0.104586355
7,7,none,fcz,1554,107,2,1,False,0.38451704,0.43908122,0.042305473,0.13409628
7,7,none,fcz,1555,107,3,3,True,0.34809574,0.04943028,0.010918215,0.5915557
7,7,none,fcz,1556,107,3,2,False,0.28057206,0.18970275,0.51447725,0.015247928
7,7,none,fcz,1557,107,2,1,False,0.025551459,0.6553109,0.28080517,0.03833249
7,7,none,fcz,1558,107,2,1,False,0.003454899,0.9883487,0.0029468026,0.0052496484
7,7,none,fcz,1559,107,3,1,False,0.13407072,0.7913925,0.05545363,0.01908311
7,7,none,fcz,1560,107,2,1,False,0.021093914,0.67874247,0.12639225,0.17377141
7,7,none,fcz,1561,107,3,1,False,0.03499246,0.63653815,0.169307,0.1591623
7,7,none,fcz,1562,107,3,3,True,0.19452614,0.1944599,0.21725903,0.39375493
7,7,none,fcz,1563,107,1,1,True,0.05113761,0.66960675,0.053021852,0.22623381
7,7,none,fcz,1564,107,0,0,True,0.52801543,0.3400913,0.10723207,0.024661219
7,7,none,fcz,1565,107,1,1,True,0.011892133,0.8978405,0.07966821,0.010599176
7,7,none,fcz,1566,107,0,0,True,0.4688452,0.45170155,0.036279324,0.04317402
7,7,none,fcz,1567,107,1,1,True,0.00015050296,0.99734867,0.0023497932,0.00015099377
7,7,none,fcz,1568,107,0,2,False,0.19616035,0.23061185,0.50444853,0.06877924
7,7,none,fcz,1569,107,0,1,False,0.10274348,0.7519021,0.032148357,0.113206
7,7,none,fcz,1570,107,1,2,False,0.0528619,0.09659625,0.79680395,0.053737916
7,7,none,fcz,1571,107,0,0,True,0.8413528,0.11211997,0.03962189,0.006905365
7,7,none,fcz,1572,107,1,1,True,0.13304992,0.6412229,0.1971456,0.028581604
7,7,none,fcz,1573,107,0,1,False,0.122655965,0.5539675,0.25331682,0.07005976
7,7,none,fcz,1574,107,1,2,False,0.0063005923,0.042356513,0.90874887,0.04259405
7,7,none,fcz,1575,107,1,2,False,0.007160559,0.45593607,0.5275617,0.009341642
7,7,none,fcz,1576,107,0,1,False,0.014561599,0.92358434,0.04632906,0.0155250635
7,7,none,fcz,1577,107,0,3,False,0.10827417,0.3828446,0.06008818,0.44879314
7,7,none,fcz,1578,107,3,1,False,0.09802305,0.39181828,0.2828015,0.22735718
7,7,none,fcz,1579,107,2,3,False,0.03688729,0.075047076,0.08559708,0.80246854
7,7,none,fcz,1580,107,3,1,False,0.18629088,0.67035025,0.06646584,0.076893054
7,7,none,fcz,1581,107,2,1,False,0.015160422,0.6591708,0.25011465,0.07555408
7,7,none,fcz,1582,107,2,1,False,0.012995096,0.91064996,0.05157011,0.02478478
7,7,none,fcz,1583,107,3,3,True,0.11581029,0.08552118,0.239262,0.5594065
7,7,none,fcz,1584,107,3,0,False,0.7414148,0.17402558,0.06109439,0.023465218
7,7,none,fcz,1585,107,2,1,False,0.104200445,0.54144746,0.3437632,0.010588866
7,7,none,fcz,1586,107,2,1,False,0.09146898,0.77679634,0.01121061,0.120524034
7,7,none,fcz,1587,107,3,1,False,0.009734267,0.6353193,0.019909007,0.3350374
7,7,none,fcz,1588,107,2,2,True,0.04570256,0.46013132,0.46775213,0.02641401
7,7,none,fcz,1589,107,3,1,False,0.0033815159,0.7359838,0.12729663,0.13333799
7,7,none,fcz,1590,107,3,1,False,0.06706412,0.54555506,0.24300732,0.1443735
7,7,none,fcz,1591,107,2,1,False,0.038969167,0.6233313,0.054268178,0.28343132
7,7,none,fcz,1592,107,2,2,True,0.022325788,0.34767652,0.38832772,0.24166998
7,7,none,fcz,1593,107,0,0,True,0.60324043,0.28290004,0.0809532,0.032906365
7,7,none,fcz,1594,107,1,1,True,0.004389414,0.9609963,0.009229889,0.02538436
7,7,none,fcz,1595,107,1,1,True,0.013435233,0.84771734,0.09210414,0.04674322
7,7,none,fcz,1596,107,0,1,False,0.2175277,0.66264504,0.10017135,0.01965584
7,7,none,fcz,1597,107,1,1,True,0.004732174,0.9328273,0.059322953,0.003117576
7,7,none,fcz,1598,107,0,1,False,0.021871243,0.92776877,0.046843287,0.0035167378
7,7,none,fcz,1599,107,1,1,True,0.047633536,0.76064116,0.026464239,0.165261
7,7,none,fcz,1600,107,0,1,False,0.0068340343,0.79404515,0.177685,0.021435875
7,7,none,fcz,1601,107,1,1,True,0.007815365,0.8350548,0.08970341,0.067426406
7,7,none,fcz,1602,107,0,1,False,0.0049644625,0.85843784,0.036115654,0.1004821
7,7,none,fcz,1603,107,0,0,True,0.55009294,0.4094658,0.01340631,0.027034992
7,7,none,fcz,1604,107,1,1,True,0.08774312,0.88511115,0.024426216,0.0027195292
7,7,none,fcz,1605,107,0,1,False,0.06797651,0.49050927,0.31256294,0.1289513
7,7,none,fcz,1606,107,1,1,True,0.03222769,0.561677,0.3592227,0.046872657
7,7,none,fcz,1607,107,0,1,False,0.0014104787,0.9541161,0.007315811,0.037157588
7,7,none,fcz,1608,107,3,2,False,0.0699256,0.41251764,0.4651759,0.052380793
7,7,none,fcz,1609,107,2,3,False,0.009574763,0.27880323,0.22984579,0.48177618
7,7,none,fcz,1610,107,2,0,False,0.8506206,0.09143612,0.04011893,0.01782435
7,7,none,fcz,1611,107,3,3,True,0.018764403,0.08677582,0.10351165,0.79094815
7,7,none,fcz,1612,107,2,1,False,0.13406694,0.81992143,0.021286052,0.024725553
7,7,none,fcz,1613,107,3,0,False,0.6266806,0.21663943,0.106538944,0.050140947
7,7,none,fcz,1614,107,3,1,False,0.005923933,0.96863717,0.012671431,0.012767465
7,7,none,fcz,1615,107,2,1,False,0.010942708,0.7424082,0.21437585,0.032273214
7,7,none,fcz,1616,107,2,2,True,0.24893497,0.19054486,0.50355613,0.056964014
7,7,none,fcz,1617,107,3,1,False,0.0026294687,0.72990805,0.14115886,0.12630361
7,7,none,fcz,1618,107,2,1,False,0.017686231,0.47736472,0.44601667,0.058932357
7,7,none,fcz,1619,107,3,1,False,0.0045185597,0.50390106,0.29430044,0.19727999
7,7,none,fcz,1620,107,2,1,False,0.0120493155,0.43870613,0.38114387,0.16810063
7,7,none,fcz,1621,107,3,1,False,0.00013661977,0.79444367,0.13014424,0.07527533
7,7,none,fcz,1622,107,3,2,False,0.065465465,0.2659551,0.40889776,0.2596817
7,7,none,fcz,1623,108,0,0,True,0.5844502,0.00052307075,0.025146713,0.3898799
7,7,none,fcz,1624,108,1,1,True,4.861034e-05,0.96434915,0.008031281,0.027570987
7,7,none,fcz,1625,108,0,3,False,0.011846598,0.0020367352,0.022306329,0.9638103
7,7,none,fcz,1626,108,1,3,False,0.029857136,0.19553936,0.07434879,0.7002547
7,7,none,fcz,1627,108,0,0,True,0.8472069,0.005794245,0.033535812,0.11346306
7,7,none,fcz,1628,108,1,1,True,5.598039e-05,0.9924631,0.0005146352,0.0069662244
7,7,none,fcz,1629,108,1,1,True,2.327143e-05,0.97054607,0.0007017103,0.028728962
7,7,none,fcz,1630,108,0,3,False,0.38508818,0.009204819,0.024378764,0.5813283
7,7,none,fcz,1631,108,0,0,True,0.97555894,0.00019298866,0.0046644397,0.01958375
7,7,none,fcz,1632,108,1,1,True,0.006117473,0.5052572,0.022452693,0.4661727
7,7,none,fcz,1633,108,0,0,True,0.776138,0.0033486974,0.18360846,0.036904875
7,7,none,fcz,1634,108,1,3,False,0.008364032,0.060972907,0.027809585,0.9028534
7,7,none,fcz,1635,108,0,3,False,0.006465163,0.0056518647,0.45547763,0.5324054
7,7,none,fcz,1636,108,1,1,True,0.0056921705,0.5310002,0.2902711,0.17303652
7,7,none,fcz,1637,108,1,1,True,0.0001390979,0.7498327,0.009417174,0.24061097
7,7,none,fcz,1638,108,2,2,True,0.0027462589,0.21087149,0.5513308,0.2350515
7,7,none,fcz,1639,108,3,3,True,0.00044264767,0.014712221,0.011412115,0.9734331
7,7,none,fcz,1640,108,2,3,False,0.0052684695,0.043425027,0.11298,0.8383265
7,7,none,fcz,1641,108,3,3,True,0.00037286943,0.014469064,0.034173686,0.9509844
7,7,none,fcz,1642,108,3,3,True,0.00073796813,0.017308531,0.025563108,0.9563904
7,7,none,fcz,1643,108,2,1,False,0.057475965,0.47479102,0.3365339,0.13119918
7,7,none,fcz,1644,108,2,3,False,0.10086887,0.020873569,0.10947554,0.768782
7,7,none,fcz,1645,108,3,3,True,0.0007778583,0.0056099556,0.0067874645,0.9868247
7,7,none,fcz,1646,108,2,1,False,0.008565851,0.9613937,0.005023485,0.025017008
7,7,none,fcz,1647,108,3,3,True,0.0041767578,0.045889158,0.007041224,0.9428928
7,7,none,fcz,1648,108,3,3,True,0.005335969,0.022743374,0.073536135,0.8983845
7,7,none,fcz,1649,108,2,1,False,0.012489979,0.43603373,0.14515753,0.40631878
7,7,none,fcz,1650,108,3,3,True,0.04480202,0.002248935,0.044122532,0.90882653
7,7,none,fcz,1651,108,2,2,True,0.008663919,0.12970826,0.7124466,0.14918126
7,7,none,fcz,1652,108,3,3,True,0.0046193628,0.007886374,0.107483976,0.88001025
7,7,none,fcz,1653,108,1,2,False,0.00010514793,0.28531414,0.6810656,0.03351514
7,7,none,fcz,1654,108,0,1,False,0.1614283,0.4869214,0.11218055,0.23946966
7,7,none,fcz,1655,108,1,2,False,0.01435327,0.2873365,0.4593228,0.2389874
7,7,none,fcz,1656,108,0,0,True,0.7602676,0.0015893546,0.09665926,0.14148374
7,7,none,fcz,1657,108,0,3,False,0.3954501,0.029332435,0.011962737,0.5632547
7,7,none,fcz,1658,108,1,1,True,0.0040910747,0.8451308,0.021527318,0.12925076
7,7,none,fcz,1659,108,1,1,True,0.004697183,0.8954696,0.065588064,0.034245197
7,7,none,fcz,1660,108,0,0,True,0.7169144,0.006042721,0.09568075,0.18136208
7,7,none,fcz,1661,108,0,0,True,0.6131031,0.014181704,0.22656043,0.14615478
7,7,none,fcz,1662,108,1,1,True,6.48427e-05,0.9764671,0.020112738,0.0033553846
7,7,none,fcz,1663,108,1,1,True,0.00019494539,0.94042355,0.01268725,0.046694178
7,7,none,fcz,1664,108,0,3,False,0.059123036,0.004823482,0.17996792,0.7560855
7,7,none,fcz,1665,108,1,2,False,0.009477695,0.36291087,0.5173077,0.11030373
7,7,none,fcz,1666,108,0,3,False,0.3344581,0.023111416,0.1767087,0.4657218
7,7,none,fcz,1667,108,1,1,True,0.1098341,0.52568173,0.08266755,0.28181663
7,7,none,fcz,1668,108,3,3,True,0.00047662968,0.003970297,0.003447219,0.99210584
7,7,none,fcz,1669,108,2,3,False,0.05862886,0.044542518,0.42273828,0.47409037
7,7,none,fcz,1670,108,3,3,True,0.008474324,0.0066717495,0.043482814,0.94137114
7,7,none,fcz,1671,108,2,2,True,0.024012625,0.15141384,0.7170285,0.107545026
7,7,none,fcz,1672,108,2,2,True,0.0036341825,0.12648611,0.55764085,0.3122389
7,7,none,fcz,1673,108,3,3,True,0.0009635291,0.03217927,0.031044727,0.9358125
7,7,none,fcz,1674,108,2,2,True,0.0054018204,0.15949011,0.79629683,0.038811274
7,7,none,fcz,1675,108,3,1,False,0.0051114433,0.48990718,0.39658177,0.108399674
7,7,none,fcz,1676,108,2,2,True,0.0045798128,0.43338934,0.46846348,0.09356744
7,7,none,fcz,1677,108,3,2,False,0.004702314,0.06071027,0.5109235,0.4236639
7,7,none,fcz,1678,108,2,2,True,0.006874831,0.040398862,0.82886136,0.123864956
7,7,none,fcz,1679,108,3,3,True,0.0096660415,0.017256843,0.4460735,0.52700365
7,7,none,fcz,1680,108,2,2,True,0.0020901945,0.0036544052,0.8013865,0.19286896
7,7,none,fcz,1681,108,3,3,True,0.014984347,0.020635098,0.23023815,0.7341424
7,7,none,fcz,1682,108,3,3,True,0.004891544,0.005931771,0.3271447,0.66203207
7,7,none,fcz,1683,108,1,2,False,0.0058172583,0.36602923,0.4671747,0.16097887
7,7,none,fcz,1684,108,0,2,False,0.23097117,0.1613786,0.43207026,0.17557995
7,7,none,fcz,1685,108,0,3,False,0.006164407,0.35374886,0.19379991,0.44628677
7,7,none,fcz,1686,108,1,2,False,0.0138613675,0.047992084,0.90342575,0.034720812
7,7,none,fcz,1687,108,0,3,False,0.051596843,0.22642158,0.048526872,0.6734547
7,7,none,fcz,1688,108,1,1,True,0.046497434,0.8000153,0.1395424,0.013944878
7,7,none,fcz,1689,108,1,1,True,0.00011059419,0.9649474,0.021372052,0.013570083
7,7,none,fcz,1690,108,0,3,False,0.2946036,0.027816469,0.18127017,0.4963098
7,7,none,fcz,1691,108,0,2,False,0.052646425,0.11590713,0.6288474,0.20259902
7,7,none,fcz,1692,108,1,1,True,0.0007306414,0.93413717,0.06066329,0.0044688825
7,7,none,fcz,1693,108,0,3,False,0.1982232,0.044211704,0.06955757,0.68800753
7,7,none,fcz,1694,108,1,3,False,0.01088844,0.26858807,0.3178213,0.40270215
7,7,none,fcz,1695,108,1,1,True,0.00042053725,0.9876423,0.00368115,0.00825596
7,7,none,fcz,1696,108,0,0,True,0.37829626,0.03698206,0.3267253,0.2579964
7,7,none,fcz,1697,108,0,0,True,0.9935829,0.00083003374,0.0026649325,0.0029221366
7,7,none,fcz,1698,108,3,3,True,0.017792469,0.26787424,0.2802868,0.43404654
7,7,none,fcz,1699,108,2,3,False,0.0055102794,0.21259815,0.38522863,0.39666298
7,7,none,fcz,1700,108,2,2,True,0.018644383,0.007872294,0.8984039,0.07507946
7,7,none,fcz,1701,108,3,3,True,0.00040044214,0.0010935386,0.017184412,0.98132163
7,7,none,fcz,1702,108,2,3,False,0.13384375,0.2510829,0.16489068,0.4501827
7,7,none,fcz,1703,108,3,2,False,0.0359542,0.058574222,0.6904784,0.2149932
7,7,none,fcz,1704,108,3,3,True,0.00983916,0.0009779731,0.06200207,0.9271808
7,7,none,fcz,1705,108,2,2,True,0.0040991833,0.07203254,0.8338817,0.08998655
7,7,none,fcz,1706,108,3,2,False,0.016676549,0.0100102145,0.6000922,0.37322104
7,7,none,fcz,1707,108,2,1,False,0.036558382,0.7472908,0.041017305,0.17513354
7,7,none,fcz,1708,108,2,2,True,0.113113694,0.047731027,0.5728365,0.2663188
7,7,none,fcz,1709,108,3,3,True,0.0011150325,0.02322879,0.096233204,0.87942296
7,7,none,fcz,1710,108,2,3,False,0.014269131,0.43934846,0.104441926,0.44194055
7,7,none,fcz,1711,108,3,3,True,0.0019259977,0.45369434,0.084468246,0.45991138
7,7,none,fcz,1712,108,2,3,False,0.13500918,0.11387652,0.3280735,0.42304075
7,7,none,fcz,1713,109,0,0,True,0.7338979,0.019440943,0.08986163,0.15679957
7,7,none,fcz,1714,109,1,2,False,0.025866222,0.16961707,0.771901,0.032615744
7,7,none,fcz,1715,109,1,1,True,0.00022796934,0.99646217,0.0019864421,0.0013233756
7,7,none,fcz,1716,109,0,2,False,0.059486583,0.08602918,0.58500254,0.26948175
7,7,none,fcz,1717,109,1,1,True,0.0050614784,0.9767362,0.015591759,0.0026105593
7,7,none,fcz,1718,109,0,2,False,0.16796349,0.15059087,0.53957564,0.14186992
7,7,none,fcz,1719,109,1,2,False,0.017413814,0.20597085,0.74465984,0.031955507
7,7,none,fcz,1720,109,0,2,False,0.23245959,0.0015814322,0.7632275,0.0027314145
7,7,none,fcz,1721,109,1,1,True,0.01840753,0.72962505,0.10323688,0.14873053
7,7,none,fcz,1722,109,0,2,False,0.013865381,0.014998157,0.9600528,0.011083685
7,7,none,fcz,1723,109,0,2,False,0.2650821,0.0030645763,0.6635982,0.06825516
7,7,none,fcz,1724,109,1,1,True,0.0015955295,0.6916138,0.2513988,0.055391874
7,7,none,fcz,1725,109,0,0,True,0.97797936,0.00050252816,0.019963799,0.0015544097
7,7,none,fcz,1726,109,1,2,False,0.033212963,0.12601428,0.47889858,0.3618741
7,7,none,fcz,1727,109,1,1,True,0.018418524,0.6468445,0.32563666,0.009100329
7,7,none,fcz,1728,109,3,3,True,0.003916645,0.17910266,0.36523557,0.45174518
7,7,none,fcz,1729,109,2,2,True,0.0052697496,0.13431321,0.7981451,0.062271915
7,7,none,fcz,1730,109,2,2,True,0.04579485,0.17818941,0.7197052,0.056310527
7,7,none,fcz,1731,109,3,3,True,0.013215271,0.011036234,0.24744903,0.7282995
7,7,none,fcz,1732,109,3,2,False,0.0013492219,0.017833063,0.87719315,0.103624605
7,7,none,fcz,1733,109,2,2,True,0.1453651,0.04144934,0.7561162,0.057069376
7,7,none,fcz,1734,109,2,2,True,0.024192572,0.060566925,0.824448,0.09079254
7,7,none,fcz,1735,109,3,2,False,0.037463475,0.12032265,0.6163264,0.22588746
7,7,none,fcz,1736,109,2,3,False,0.016974054,0.028408265,0.30568415,0.64893353
7,7,none,fcz,1737,109,3,2,False,0.032268655,0.13831311,0.51772887,0.31168938
7,7,none,fcz,1738,109,2,0,False,0.49929467,0.27187443,0.05682697,0.17200388
7,7,none,fcz,1739,109,3,2,False,0.07309154,0.19899048,0.684068,0.04385001
7,7,none,fcz,1740,109,3,2,False,0.052103978,0.06665347,0.78108686,0.100155696
7,7,none,fcz,1741,109,2,2,True,0.11252622,0.12835895,0.63021845,0.12889636
7,7,none,fcz,1742,109,2,1,False,0.0118877515,0.7042962,0.17615055,0.107665576
7,7,none,fcz,1743,109,1,1,True,0.00420002,0.7869273,0.1665072,0.04236548
7,7,none,fcz,1744,109,0,2,False,0.22612688,0.13721421,0.54124945,0.09540944
7,7,none,fcz,1745,109,1,2,False,0.2701582,0.17370644,0.48905244,0.06708288
7,7,none,fcz,1746,109,0,2,False,0.018632406,0.010660859,0.63836515,0.33234164
7,7,none,fcz,1747,109,0,0,True,0.76743704,0.004309425,0.18513441,0.043119118
7,7,none,fcz,1748,109,1,2,False,0.17566106,0.036034115,0.71049833,0.077806436
7,7,none,fcz,1749,109,0,3,False,0.028256904,0.013848125,0.2926961,0.6651989
7,7,none,fcz,1750,109,1,1,True,0.0374829,0.5379364,0.26194775,0.16263294
7,7,none,fcz,1751,109,1,1,True,0.019904,0.6442571,0.3005405,0.035298303
7,7,none,fcz,1752,109,0,2,False,0.010669241,0.002914543,0.9667021,0.01971413
7,7,none,fcz,1753,109,1,3,False,0.13750821,0.11525133,0.042872675,0.7043678
7,7,none,fcz,1754,109,0,3,False,0.007874556,0.16681549,0.1752583,0.65005165
7,7,none,fcz,1755,109,1,1,True,0.0049839867,0.9223331,0.06851659,0.004166374
7,7,none,fcz,1756,109,0,1,False,0.061966058,0.4392663,0.10099442,0.39777324
7,7,none,fcz,1757,109,0,0,True,0.9365674,0.0098716635,0.043251436,0.010309367
7,7,none,fcz,1758,109,2,3,False,0.034104496,0.029241106,0.018383043,0.91827136
7,7,none,fcz,1759,109,3,2,False,0.1488128,0.026490074,0.47814292,0.34655416
7,7,none,fcz,1760,109,2,3,False,0.021385416,0.19626762,0.27980167,0.5025453
7,7,none,fcz,1761,109,3,3,True,0.020389112,0.092513144,0.294903,0.59219474
7,7,none,fcz,1762,109,3,3,True,0.032011226,0.40504396,0.07543665,0.48750812
7,7,none,fcz,1763,109,2,3,False,0.00874044,0.012174916,0.41787517,0.5612095
7,7,none,fcz,1764,109,3,3,True,0.009778543,0.03287664,0.46299225,0.4943526
7,7,none,fcz,1765,109,2,1,False,0.0165254,0.36985242,0.25528556,0.35833663
7,7,none,fcz,1766,109,3,3,True,0.015113479,0.104656145,0.11789298,0.7623374
7,7,none,fcz,1767,109,2,3,False,0.06738325,0.03447869,0.42627695,0.47186115
7,7,none,fcz,1768,109,2,2,True,0.0585829,0.3040256,0.45435357,0.18303794
7,7,none,fcz,1769,109,3,3,True,0.06102305,0.0030927085,0.013934945,0.92194927
7,7,none,fcz,1770,109,2,3,False,0.016531099,0.3172093,0.07441643,0.5918432
7,7,none,fcz,1771,109,3,2,False,0.0020723657,0.011262007,0.5984295,0.38823617
7,7,none,fcz,1772,109,2,2,True,0.018196585,0.083412595,0.571956,0.32643488
7,7,none,fcz,1773,109,1,3,False,0.012512223,0.121274956,0.21150552,0.6547073
7,7,none,fcz,1774,109,0,2,False,0.031077404,0.028548002,0.8890502,0.051324457
7,7,none,fcz,1775,109,1,2,False,0.25612208,0.118537396,0.5857491,0.039591417
7,7,none,fcz,1776,109,0,3,False,0.010493288,0.017441185,0.05856036,0.91350514
7,7,none,fcz,1777,109,0,2,False,0.015109181,0.019946827,0.9265811,0.038363
7,7,none,fcz,1778,109,1,1,True,0.0068578534,0.5009357,0.091727614,0.40047884
7,7,none,fcz,1779,109,1,1,True,0.13663132,0.42672744,0.18028578,0.25635546
7,7,none,fcz,1780,109,0,2,False,0.006438454,0.020840589,0.5937874,0.37893352
7,7,none,fcz,1781,109,1,2,False,0.13665457,0.20077531,0.4567,0.20587006
7,7,none,fcz,1782,109,0,1,False,0.060019813,0.6061441,0.3084084,0.025427692
7,7,none,fcz,1783,109,0,0,True,0.57571065,0.11441702,0.13228908,0.1775832
7,7,none,fcz,1784,109,1,2,False,0.048935313,0.017191999,0.75850403,0.17536865
7,7,none,fcz,1785,109,0,0,True,0.80238265,0.00851159,0.10104067,0.08806511
7,7,none,fcz,1786,109,1,2,False,0.36877528,0.0390704,0.5300831,0.06207121
7,7,none,fcz,1787,109,0,2,False,0.029970592,0.23476994,0.6463334,0.08892601
7,7,none,fcz,1788,109,2,2,True,0.007329204,0.18848439,0.78811026,0.016076183
7,7,none,fcz,1789,109,3,3,True,0.04604647,0.025720878,0.4210537,0.50717896
7,7,none,fcz,1790,109,2,3,False,0.019337114,0.38423666,0.09129897,0.50512725
7,7,none,fcz,1791,109,3,2,False,0.039867252,0.048473325,0.60542446,0.30623493
7,7,none,fcz,1792,109,2,2,True,0.026435183,0.023822606,0.51381165,0.4359306
7,7,none,fcz,1793,109,3,3,True,0.047839954,0.021706304,0.37316385,0.55728996
7,7,none,fcz,1794,109,2,2,True,0.056689084,0.017629532,0.90417856,0.021502856
7,7,none,fcz,1795,109,3,3,True,0.024158841,0.0031633151,0.39923593,0.5734419
7,7,none,fcz,1796,109,3,3,True,0.009361324,0.091617785,0.051999737,0.84702116
7,7,none,fcz,1797,109,2,2,True,0.032094646,0.015307517,0.64271146,0.3098865
7,7,none,fcz,1798,109,3,3,True,0.0050579286,0.299011,0.032307353,0.6636237
7,7,none,fcz,1799,109,2,3,False,0.019684227,0.119540945,0.15456457,0.70621026
7,7,none,fcz,1800,109,2,3,False,0.006373386,0.0052822214,0.2962051,0.6921393
7,7,none,fcz,1801,109,3,2,False,0.012167217,0.033121753,0.6556926,0.29901844
7,7,none,fcz,1802,109,3,2,False,0.040634315,0.0119790565,0.78089654,0.16649015
7,7,none,random_linear,0,90,0,0,True,0.7019961,0.011978424,0.050454423,0.23557106
7,7,none,random_linear,1,90,1,1,True,0.15627289,0.77087927,0.04484416,0.028003775
7,7,none,random_linear,2,90,1,1,True,0.0036843573,0.9833934,0.0017585895,0.011163701
7,7,none,random_linear,3,90,0,0,True,0.63334656,0.0022826158,0.22301018,0.14136064
7,7,none,random_linear,4,90,1,1,True,0.03035581,0.8814876,0.07531916,0.012837384
7,7,none,random_linear,5,90,0,0,True,0.8133295,0.0019513095,0.094153896,0.09056522
7,7,none,random_linear,6,90,1,1,True,0.22288133,0.6568175,0.06826842,0.052032832
7,7,none,random_linear,7,90,0,0,True,0.9728582,0.0011883039,0.0043497435,0.021603834
7,7,none,random_linear,8,90,0,0,True,0.7933288,0.051276233,0.014336136,0.14105885
7,7,none,random_linear,9,90,1,1,True,0.004697237,0.9062175,0.083492585,0.0055927397
7,7,none,random_linear,10,90,0,0,True,0.53671575,0.12379479,0.25847277,0.081016645
7,7,none,random_linear,11,90,1,1,True,0.00596738,0.9881181,0.0034333367,0.00248117
7,7,none,random_linear,12,90,0,0,True,0.6613769,0.003508431,0.109551124,0.22556359
7,7,none,random_linear,13,90,1,2,False,0.031489182,0.031449884,0.92480356,0.012257346
7,7,none,random_linear,14,90,1,1,True,0.06442647,0.82476354,0.10831367,0.0024963517
7,7,none,random_linear,15,90,3,2,False,0.3848803,0.02330528,0.53463715,0.05717725
7,7,none,random_linear,16,90,2,2,True,0.032703947,0.0032257573,0.7751189,0.18895136
7,7,none,random_linear,17,90,2,3,False,0.14149855,0.015692357,0.31659693,0.5262122
7,7,none,random_linear,18,90,3,3,True,0.21276721,0.009729907,0.1669858,0.6105171
7,7,none,random_linear,19,90,3,3,True,0.028251147,0.02671388,0.43640748,0.5086275
7,7,none,random_linear,20,90,2,2,True,0.15500906,0.04570323,0.7910147,0.008272976
7,7,none,random_linear,21,90,3,3,True,0.015004349,0.012681765,0.2777497,0.69456416
7,7,none,random_linear,22,90,2,2,True,0.07477874,0.079989344,0.82211673,0.023115177
7,7,none,random_linear,23,90,2,2,True,0.03673721,0.007506061,0.7833364,0.17242031
7,7,none,random_linear,24,90,3,2,False,0.28589052,0.06739631,0.42697054,0.21974272
7,7,none,random_linear,25,90,2,2,True,0.039744012,0.052422367,0.85618633,0.051647294
7,7,none,random_linear,26,90,3,2,False,0.23138411,0.10254036,0.51130456,0.15477096
7,7,none,random_linear,27,90,3,2,False,0.045559973,0.020642024,0.76463974,0.16915825
7,7,none,random_linear,28,90,2,2,True,0.115965344,0.12059808,0.4763773,0.28705925
7,7,none,random_linear,29,90,2,2,True,0.01581747,0.029870069,0.9481433,0.006169186
7,7,none,random_linear,30,90,1,1,True,0.08658999,0.9036835,0.009023886,0.00070257386
7,7,none,random_linear,31,90,0,2,False,0.2779872,0.10506195,0.56584936,0.05110151
7,7,none,random_linear,32,90,1,1,True,0.0001087554,0.9976255,0.00082913873,0.0014366799
7,7,none,random_linear,33,90,0,2,False,0.4530791,0.017348047,0.48030183,0.049271043
7,7,none,random_linear,34,90,1,2,False,0.036697466,0.35022864,0.36119294,0.25188097
7,7,none,random_linear,35,90,0,2,False,0.09091577,0.036224585,0.8351754,0.037684187
7,7,none,random_linear,36,90,1,3,False,0.033834342,0.35998496,0.068585426,0.5375953
7,7,none,random_linear,37,90,0,0,True,0.66444194,0.055405896,0.26748997,0.012662177
7,7,none,random_linear,38,90,1,2,False,0.0068966914,0.4096679,0.5675978,0.015837608
7,7,none,random_linear,39,90,0,2,False,0.11305097,0.010625024,0.69406277,0.18226114
7,7,none,random_linear,40,90,1,1,True,0.21476129,0.4932098,0.14514327,0.14688565
7,7,none,random_linear,41,90,0,0,True,0.4423908,0.001815872,0.43127,0.124523334
7,7,none,random_linear,42,90,1,1,True,0.021026045,0.6326131,0.3346175,0.011743393
7,7,none,random_linear,43,90,0,2,False,0.06128207,0.051352985,0.74859303,0.13877182
7,7,none,random_linear,44,90,1,1,True,0.00051263854,0.67448694,0.311123,0.013877326
7,7,none,random_linear,45,90,2,2,True,0.061365914,0.0017320258,0.892643,0.04425899
7,7,none,random_linear,46,90,3,2,False,0.007841165,0.0014579571,0.94200563,0.04869526
7,7,none,random_linear,47,90,3,2,False,0.05719809,0.015232486,0.6712454,0.25632402
7,7,none,random_linear,48,90,2,2,True,0.13513456,0.01686627,0.51209295,0.3359062
7,7,none,random_linear,49,90,3,3,True,0.05038857,0.03997691,0.40136185,0.50827265
7,7,none,random_linear,50,90,2,2,True,0.036468513,0.0064234626,0.8909616,0.066146456
7,7,none,random_linear,51,90,3,3,True,0.020643609,0.009975218,0.03294552,0.93643564
7,7,none,random_linear,52,90,2,2,True,0.05716288,0.02705116,0.7821763,0.13360971
7,7,none,random_linear,53,90,3,2,False,0.09499005,0.007207106,0.4822579,0.41554493
7,7,none,random_linear,54,90,2,2,True,0.096312314,0.020982109,0.7460284,0.13667715
7,7,none,random_linear,55,90,2,2,True,0.031758007,0.04224618,0.6411929,0.28480282
7,7,none,random_linear,56,90,3,2,False,0.016300702,0.0022719256,0.82918733,0.15224007
7,7,none,random_linear,57,90,2,2,True,0.0026734802,0.0042188438,0.89798737,0.09512033
7,7,none,random_linear,58,90,3,2,False,0.026385736,0.007145347,0.6520093,0.3144596
7,7,none,random_linear,59,90,3,3,True,0.028885525,0.15675202,0.24170594,0.5726565
7,7,none,random_linear,60,90,1,1,True,0.0877412,0.70735705,0.18688095,0.018020848
7,7,none,random_linear,61,90,0,0,True,0.8118705,0.010427605,0.11926376,0.05843817
7,7,none,random_linear,62,90,1,1,True,0.025689323,0.91789824,0.05486705,0.0015454039
7,7,none,random_linear,63,90,0,2,False,0.3211163,0.0056001036,0.5473548,0.12592882
7,7,none,random_linear,64,90,0,0,True,0.8597045,0.00074612076,0.13598019,0.003569207
7,7,none,random_linear,65,90,1,1,True,0.010668317,0.8426241,0.14381114,0.0028962924
7,7,none,random_linear,66,90,1,2,False,0.012778361,0.4476404,0.52704114,0.012540156
7,7,none,random_linear,67,90,0,0,True,0.5947261,0.0039820974,0.1849024,0.21638942
7,7,none,random_linear,68,90,0,0,True,0.8650719,0.0039545507,0.11924268,0.011730928
7,7,none,random_linear,69,90,1,3,False,0.050212797,0.08532763,0.36025602,0.50420356
7,7,none,random_linear,70,90,1,1,True,0.058370076,0.5665802,0.20932552,0.16572425
7,7,none,random_linear,71,90,0,2,False,0.26723784,0.012964386,0.64363796,0.07615983
7,7,none,random_linear,72,90,1,2,False,0.021956356,0.013026351,0.91537666,0.04964062
7,7,none,random_linear,73,90,0,0,True,0.60493946,0.0074382746,0.3699452,0.017677011
7,7,none,random_linear,74,90,0,0,True,0.41622993,0.006489621,0.41046637,0.16681416
7,7,none,random_linear,75,90,2,2,True,0.0107875485,0.006011227,0.68466717,0.29853404
7,7,none,random_linear,76,90,3,0,False,0.7217081,0.00693909,0.23763473,0.033718057
7,7,none,random_linear,77,90,2,2,True,0.025892321,0.014921556,0.9099509,0.049235236
7,7,none,random_linear,78,90,3,3,True,0.04150255,0.005495911,0.3118801,0.6411214
7,7,none,random_linear,79,90,2,1,False,0.015441762,0.6265658,0.34196377,0.016028631
7,7,none,random_linear,80,90,3,2,False,0.08345908,0.068341926,0.63914263,0.20905636
7,7,none,random_linear,81,90,2,2,True,0.012372317,0.0050193416,0.90345836,0.079149924
7,7,none,random_linear,82,90,3,2,False,0.05256244,0.026802313,0.7876226,0.13301264
7,7,none,random_linear,83,90,2,2,True,0.011750536,0.0014082267,0.96986836,0.016972829
7,7,none,random_linear,84,90,3,2,False,0.037999444,0.025774267,0.5949416,0.3412846
7,7,none,random_linear,85,90,2,2,True,0.22615957,0.12165027,0.5711144,0.08107568
7,7,none,random_linear,86,90,3,3,True,0.1444196,0.020846937,0.3498006,0.48493284
7,7,none,random_linear,87,90,3,2,False,0.27429375,0.020212408,0.6495013,0.05599252
7,7,none,random_linear,88,90,2,2,True,0.02265255,0.014891632,0.9089822,0.05347356
7,7,none,random_linear,89,90,3,3,True,0.18612984,0.13722211,0.15762004,0.51902807
7,7,none,random_linear,90,91,0,0,True,0.6166876,0.25091755,0.11163613,0.020758793
7,7,none,random_linear,91,91,1,2,False,0.20121758,0.12624942,0.4260715,0.24646154
7,7,none,random_linear,92,91,0,2,False,0.15747249,0.026797256,0.57423925,0.24149102
7,7,none,random_linear,93,91,1,1,True,0.04094387,0.6737567,0.16238658,0.1229128
7,7,none,random_linear,94,91,1,1,True,0.00076981774,0.9969891,0.0011940217,0.0010471862
7,7,none,random_linear,95,91,0,0,True,0.9047988,0.023924425,0.059972662,0.011304141
7,7,none,random_linear,96,91,1,1,True,0.0656314,0.9039496,0.024501294,0.005917697
7,7,none,random_linear,97,91,0,0,True,0.5387316,0.31933516,0.04896095,0.09297228
7,7,none,random_linear,98,91,0,0,True,0.97706157,0.005613984,0.0090516005,0.008272838
7,7,none,random_linear,99,91,1,1,True,0.18498468,0.3333043,0.17222384,0.3094872
7,7,none,random_linear,100,91,0,0,True,0.98842466,0.0026838304,0.006114198,0.0027773723
7,7,none,random_linear,101,91,1,2,False,0.0075465823,0.1671038,0.80584556,0.019504027
7,7,none,random_linear,102,91,1,1,True,0.0048040976,0.85719603,0.08104447,0.05695544
7,7,none,random_linear,103,91,0,0,True,0.84565,0.009330172,0.13422716,0.010792618
7,7,none,random_linear,104,91,0,0,True,0.94765717,0.012322739,0.036823552,0.0031966122
7,7,none,random_linear,105,91,2,3,False,0.010957404,0.120401114,0.32778642,0.54085505
7,7,none,random_linear,106,91,3,3,True,0.0013559974,0.06393414,0.29708523,0.6376246
7,7,none,random_linear,107,91,3,3,True,0.0039303256,0.01704241,0.18424182,0.7947855
7,7,none,random_linear,108,91,2,2,True,0.0023821155,0.017704835,0.9757001,0.0042129667
7,7,none,random_linear,109,91,2,2,True,0.0010058474,0.0038102455,0.9885972,0.006586783
7,7,none,random_linear,110,91,3,2,False,0.011672055,0.01918752,0.72195786,0.24718256
7,7,none,random_linear,111,91,3,3,True,0.006493152,0.037597675,0.3447799,0.6111292
7,7,none,random_linear,112,91,2,2,True,0.01023046,0.019304574,0.90948397,0.060980964
7,7,none,random_linear,113,91,3,2,False,0.07092386,0.026689587,0.8634835,0.03890319
7,7,none,random_linear,114,91,2,2,True,0.00040981275,0.0006431986,0.9985726,0.0003744356
7,7,none,random_linear,115,91,3,2,False,0.0014074662,0.0014689786,0.990599,0.00652462
7,7,none,random_linear,116,91,2,2,True,0.025290933,0.029042535,0.9104083,0.035258163
7,7,none,random_linear,117,91,2,2,True,0.013165808,0.03590352,0.77505344,0.17587721
7,7,none,random_linear,118,91,3,2,False,0.005181171,0.0024422104,0.98873645,0.0036402
7,7,none,random_linear,119,91,2,2,True,0.0006940668,0.0048223203,0.992823,0.0016606238
7,7,none,random_linear,120,91,0,0,True,0.6829161,0.12205282,0.18455698,0.010474161
7,7,none,random_linear,121,91,1,2,False,0.012616442,0.015301825,0.6836961,0.28838566
7,7,none,random_linear,122,91,1,2,False,0.008754869,0.43016866,0.5296992,0.031377263
7,7,none,random_linear,123,91,0,2,False,0.0058326055,0.040384024,0.47786105,0.47592235
7,7,none,random_linear,124,91,0,0,True,0.9848601,0.00424996,0.0065809446,0.0043090167
7,7,none,random_linear,125,91,1,2,False,0.012830897,0.19328539,0.6714829,0.12240078
7,7,none,random_linear,126,91,1,2,False,0.0004037667,0.36846215,0.6005797,0.030554354
7,7,none,random_linear,127,91,0,2,False,0.11000602,0.037307594,0.5053443,0.34734207
7,7,none,random_linear,128,91,0,0,True,0.9933675,0.0004970497,0.002972246,0.0031633524
7,7,none,random_linear,129,91,1,1,True,0.014619102,0.6779686,0.18102692,0.12638532
7,7,none,random_linear,130,91,1,2,False,0.016331598,0.13314441,0.42944172,0.42108235
7,7,none,random_linear,131,91,0,0,True,0.84524953,0.005635781,0.14771967,0.00139506
7,7,none,random_linear,132,91,1,1,True,0.11724759,0.63656294,0.112007216,0.13418226
7,7,none,random_linear,133,91,0,3,False,0.055526953,0.030180769,0.17207941,0.74221283
7,7,none,random_linear,134,91,1,0,False,0.7549794,0.008832547,0.14197984,0.09420824
7,7,none,random_linear,135,91,2,3,False,0.026811473,0.23086122,0.26047167,0.48185566
7,7,none,random_linear,136,91,3,2,False,0.0041658687,0.0060348865,0.94182235,0.047976855
7,7,none,random_linear,137,91,2,2,True,0.041606646,0.04981927,0.71931577,0.18925837
7,7,none,random_linear,138,91,3,2,False,0.00443233,0.010179893,0.94143367,0.043954033
7,7,none,random_linear,139,91,2,2,True,0.010800256,0.018179411,0.9188176,0.052202743
7,7,none,random_linear,140,91,3,3,True,0.00043840776,0.002169769,0.024290191,0.9731016
7,7,none,random_linear,141,91,2,2,True,0.0024661575,0.030045755,0.9667371,0.00075093214
7,7,none,random_linear,142,91,3,3,True,0.0014703104,0.002090708,0.0432366,0.95320237
7,7,none,random_linear,143,91,2,2,True,0.0017736598,0.060497742,0.9288458,0.008882799
7,7,none,random_linear,144,91,3,2,False,0.0020072716,0.02632864,0.82884306,0.14282106
7,7,none,random_linear,145,91,3,3,True,0.042798728,0.069336906,0.03299513,0.85486925
7,7,none,random_linear,146,91,2,3,False,0.371246,0.039237548,0.05540203,0.53411436
7,7,none,random_linear,147,91,2,3,False,0.0020947638,0.021082645,0.40387425,0.57294834
7,7,none,random_linear,148,91,3,3,True,0.03267044,0.031326044,0.3838793,0.55212426
7,7,none,random_linear,149,91,3,3,True,0.0021380393,0.05091273,0.015465943,0.9314833
7,7,none,random_linear,150,91,1,1,True,1.2828234e-05,0.84409654,0.15525554,0.00063515746
7,7,none,random_linear,151,91,0,0,True,0.53495604,0.0118390955,0.19998795,0.2532169
7,7,none,random_linear,152,91,1,2,False,0.002836505,0.29045358,0.5859379,0.120771945
7,7,none,random_linear,153,91,0,0,True,0.8203434,0.0003523654,0.17626949,0.0030347945
7,7,none,random_linear,154,91,0,2,False,0.054040223,0.00034253468,0.9454324,0.00018479586
7,7,none,random_linear,155,91,1,2,False,0.0076724724,0.0006365444,0.98753357,0.004157426
7,7,none,random_linear,156,91,1,2,False,5.3500073e-05,0.07520022,0.9231352,0.0016111289
7,7,none,random_linear,157,91,0,0,True,0.9838188,0.0008213339,0.014814941,0.00054486934
7,7,none,random_linear,158,91,0,0,True,0.814466,0.044013176,0.13431981,0.0072010187
7,7,none,random_linear,159,91,1,2,False,0.024531916,0.15392068,0.7125659,0.10898146
7,7,none,random_linear,160,91,0,2,False,0.49300578,0.008287066,0.49460083,0.004106305
7,7,none,random_linear,161,91,1,1,True,0.009745697,0.8447206,0.0997052,0.045828525
7,7,none,random_linear,162,91,1,2,False,0.039731536,0.018270146,0.92932636,0.01267193
7,7,none,random_linear,163,91,0,0,True,0.54083174,0.0005392832,0.44318315,0.015445746
7,7,none,random_linear,164,91,1,2,False,0.001071238,0.005984481,0.96255213,0.030392164
7,7,none,random_linear,165,91,2,2,True,0.0060066483,0.001271302,0.9867452,0.0059768213
7,7,none,random_linear,166,91,3,2,False,0.0041226246,0.0024579428,0.9370491,0.056370307
7,7,none,random_linear,167,91,3,2,False,0.0008005225,0.017772589,0.9124212,0.06900571
7,7,none,random_linear,168,91,2,2,True,0.0067303823,0.01402333,0.9615555,0.01769091
7,7,none,random_linear,169,91,2,2,True,0.00085302733,0.0003231523,0.9667777,0.032046083
7,7,none,random_linear,170,91,3,2,False,0.018714903,0.1119191,0.64417666,0.22518933
7,7,none,random_linear,171,91,3,3,True,0.014945903,0.0047484683,0.2922792,0.6880264
7,7,none,random_linear,172,91,2,2,True,0.0031757765,0.003940637,0.9760685,0.0168151
7,7,none,random_linear,173,91,3,2,False,0.095662825,0.087919846,0.6001156,0.21630165
7,7,none,random_linear,174,91,2,2,True,0.01370727,0.0011709591,0.9620816,0.023040136
7,7,none,random_linear,175,91,2,2,True,0.0021728845,0.025581187,0.9594959,0.012750051
7,7,none,random_linear,176,91,3,2,False,0.0049147257,0.020027285,0.7611424,0.21391554
7,7,none,random_linear,177,91,3,2,False,0.06635144,0.010230081,0.5686686,0.35474986
7,7,none,random_linear,178,91,2,2,True,0.0045662164,0.03355067,0.9464859,0.015397185
7,7,none,random_linear,179,91,3,2,False,0.0021201877,0.0033524511,0.94641566,0.048111785
7,7,none,random_linear,180,92,1,3,False,0.079399005,0.19115914,0.06328924,0.6661526
7,7,none,random_linear,181,92,0,3,False,0.10905496,0.0631805,0.12969318,0.69807136
7,7,none,random_linear,182,92,1,0,False,0.67574626,0.08595358,0.17419295,0.064107195
7,7,none,random_linear,183,92,0,2,False,0.27903017,0.018094083,0.6893912,0.013484584
7,7,none,random_linear,184,92,0,0,True,0.37058234,0.11327647,0.24144016,0.27470106
7,7,none,random_linear,185,92,1,1,True,0.061295576,0.7365001,0.17808257,0.024121687
7,7,none,random_linear,186,92,0,0,True,0.8326086,0.029107852,0.095185325,0.04309828
7,7,none,random_linear,187,92,1,1,True,0.042719934,0.95464945,0.0020351126,0.00059546274
7,7,none,random_linear,188,92,1,1,True,0.0037498057,0.9947023,0.0007712875,0.0007766336
7,7,none,random_linear,189,92,0,2,False,0.24922267,0.0527983,0.6116015,0.08637756
7,7,none,random_linear,190,92,0,0,True,0.8914514,0.04729652,0.038861025,0.022391068
7,7,none,random_linear,191,92,1,3,False,0.26745012,0.058232803,0.2176303,0.4566867
7,7,none,random_linear,192,92,0,0,True,0.89034027,0.06999241,0.037846263,0.0018211288
7,7,none,random_linear,193,92,1,3,False,0.025385907,0.11271905,0.05127059,0.8106245
7,7,none,random_linear,194,92,0,2,False,0.3352335,0.12807225,0.40078643,0.13590789
7,7,none,random_linear,195,92,1,1,True,0.11654979,0.7306156,0.073394366,0.079440154
7,7,none,random_linear,196,92,1,1,True,0.004174941,0.9904659,0.0030713559,0.0022879047
7,7,none,random_linear,197,92,0,0,True,0.95218307,0.02908494,0.012743366,0.005988788
7,7,none,random_linear,198,92,1,1,True,0.035415176,0.5426795,0.3871392,0.034766186
7,7,none,random_linear,199,92,2,0,False,0.5955759,0.0469768,0.20271032,0.1547369
7,7,none,random_linear,200,92,3,3,True,0.32512558,0.031075863,0.1826702,0.4611283
7,7,none,random_linear,201,92,2,3,False,0.18194394,0.014363262,0.24248846,0.5612044
7,7,none,random_linear,202,92,3,3,True,0.20665446,0.048778363,0.22623958,0.5183276
7,7,none,random_linear,203,92,2,2,True,0.27769232,0.2883884,0.39009485,0.043824483
7,7,none,random_linear,204,92,3,3,True,0.083158515,0.06413359,0.04543512,0.8072728
7,7,none,random_linear,205,92,2,2,True,0.11789094,0.17248203,0.39341387,0.3162131
7,7,none,random_linear,206,92,3,3,True,0.30016464,0.23532306,0.06696724,0.39754504
7,7,none,random_linear,207,92,3,0,False,0.35064793,0.24351196,0.1629052,0.24293493
7,7,none,random_linear,208,92,2,0,False,0.4498547,0.040759433,0.1827883,0.32659754
7,7,none,random_linear,209,92,2,2,True,0.007117419,0.20207068,0.78298926,0.007822615
7,7,none,random_linear,210,92,3,3,True,0.02826571,0.37488204,0.0059634913,0.59088874
7,7,none,random_linear,211,92,3,3,True,0.079301514,0.20997772,0.039964553,0.6707563
7,7,none,random_linear,212,92,2,1,False,0.29679626,0.40266427,0.13790902,0.16263042
7,7,none,random_linear,213,92,3,0,False,0.47125116,0.14290391,0.059140965,0.326704
7,7,none,random_linear,214,92,2,0,False,0.8551615,0.079502456,0.04947895,0.015857153
7,7,none,random_linear,215,92,2,3,False,0.016325796,0.07339767,0.32897812,0.5812984
7,7,none,random_linear,216,92,3,1,False,0.04023432,0.37058812,0.3430745,0.24610312
7,7,none,random_linear,217,92,2,2,True,0.017417636,0.13771634,0.78841263,0.05645338
7,7,none,random_linear,218,92,0,0,True,0.98880553,0.0019559967,0.006833639,0.0024048088
7,7,none,random_linear,219,92,1,1,True,0.4657231,0.5073625,0.013156787,0.013757665
7,7,none,random_linear,220,92,0,0,True,0.934198,0.0318062,0.020481106,0.013514572
7,7,none,random_linear,221,92,1,1,True,0.13622124,0.7595469,0.033274505,0.07095746
7,7,none,random_linear,222,92,1,1,True,0.075279325,0.893545,0.0260209,0.0051548914
7,7,none,random_linear,223,92,0,0,True,0.72401994,0.09926756,0.082273364,0.09443914
7,7,none,random_linear,224,92,1,1,True,0.0039071767,0.9006025,0.00069662085,0.09479368
7,7,none,random_linear,225,92,0,1,False,0.17869952,0.6835914,0.12836727,0.009341822
7,7,none,random_linear,226,92,0,0,True,0.983352,0.013068414,0.00089997967,0.0026795885
7,7,none,random_linear,227,92,1,1,True,0.008372806,0.9227927,0.012139953,0.056694515
7,7,none,random_linear,228,92,1,1,True,0.00018881663,0.9675611,0.00210664,0.030143432
7,7,none,random_linear,229,92,0,0,True,0.8798679,0.0041409456,0.02560942,0.09038159
7,7,none,random_linear,230,92,1,1,True,0.0057202373,0.9893153,0.0020550988,0.0029093497
7,7,none,random_linear,231,92,0,3,False,0.2858352,0.17748912,0.1880524,0.34862328
7,7,none,random_linear,232,92,0,0,True,0.9733285,0.0019259216,0.011398066,0.013347488
7,7,none,random_linear,233,92,1,1,True,0.011487148,0.98091036,0.002771332,0.004831178
7,7,none,random_linear,234,92,0,0,True,0.50136244,0.005691595,0.19918063,0.2937653
7,7,none,random_linear,235,92,1,1,True,0.007996925,0.93680876,0.033519603,0.02167467
7,7,none,random_linear,236,92,1,1,True,0.008633592,0.9656352,0.0013494499,0.02438183
7,7,none,random_linear,237,92,3,3,True,0.085400224,0.08785973,0.01905061,0.8076894
7,7,none,random_linear,238,92,2,3,False,0.17581308,0.055043474,0.08126108,0.68788236
7,7,none,random_linear,239,92,3,0,False,0.37667203,0.21454665,0.19269264,0.21608862
7,7,none,random_linear,240,92,2,2,True,0.04707448,0.12578346,0.6999531,0.12718895
7,7,none,random_linear,241,92,2,2,True,0.1261604,0.16945241,0.646209,0.058178164
7,7,none,random_linear,242,92,3,2,False,0.17608076,0.056862164,0.5827402,0.1843169
7,7,none,random_linear,243,92,2,1,False,0.27606466,0.3579526,0.21396089,0.15202184
7,7,none,random_linear,244,92,3,1,False,0.345491,0.37351486,0.21067391,0.07032021
7,7,none,random_linear,245,92,2,2,True,0.1762289,0.27278146,0.42346516,0.12752442
7,7,none,random_linear,246,92,3,3,True,0.005226782,0.04351886,0.051500123,0.8997543
7,7,none,random_linear,247,92,2,2,True,0.031327326,0.120869644,0.4891638,0.3586393
7,7,none,random_linear,248,92,3,3,True,0.025922751,0.20438969,0.174163,0.59552455
7,7,none,random_linear,249,92,3,3,True,0.008744361,0.09028772,0.010484995,0.8904829
7,7,none,random_linear,250,92,2,2,True,0.03168233,0.06751416,0.870618,0.030185571
7,7,none,random_linear,251,92,3,3,True,0.008461886,0.015743745,0.07233885,0.9034555
7,7,none,random_linear,252,92,2,2,True,0.2855772,0.075580314,0.37575975,0.26308277
7,7,none,random_linear,253,92,2,2,True,0.104176484,0.042237118,0.7987349,0.05485146
7,7,none,random_linear,254,92,3,3,True,0.19402634,0.068680264,0.3342738,0.4030196
7,7,none,random_linear,255,92,2,2,True,0.092561565,0.33764014,0.55215544,0.017642824
7,7,none,random_linear,256,92,0,0,True,0.9368935,0.02239033,0.0022656643,0.038450554
7,7,none,random_linear,257,92,1,0,False,0.84528345,0.10644344,0.037381798,0.010891276
7,7,none,random_linear,258,92,1,1,True,0.01816506,0.92496496,0.009319301,0.04755067
7,7,none,random_linear,259,92,0,0,True,0.8860886,0.01677314,0.017902974,0.079235315
7,7,none,random_linear,260,92,0,0,True,0.6664864,0.0070737926,0.046482675,0.27995718
7,7,none,random_linear,261,92,1,1,True,0.028290894,0.92255324,0.043624625,0.005531232
7,7,none,random_linear,262,92,1,1,True,0.010744203,0.6983913,0.020633081,0.27023137
7,7,none,random_linear,263,92,0,0,True,0.79840815,0.060255747,0.110474676,0.030861339
7,7,none,random_linear,264,92,0,0,True,0.86401576,0.018578148,0.09299519,0.024410935
7,7,none,random_linear,265,92,1,1,True,0.004864265,0.9875327,0.00093103305,0.0066719474
7,7,none,random_linear,266,92,0,0,True,0.818266,0.12591034,0.04075142,0.015072254
7,7,none,random_linear,267,92,1,0,False,0.29739323,0.25345817,0.17781493,0.2713337
7,7,none,random_linear,268,92,0,0,True,0.8366854,0.10674259,0.017916454,0.03865563
7,7,none,random_linear,269,92,1,1,True,0.015094383,0.7883015,0.11062269,0.085981436
7,7,none,random_linear,270,92,1,1,True,0.075068325,0.74370384,0.109915465,0.07131237
7,7,none,random_linear,271,92,0,0,True,0.83861333,0.11633744,0.011815729,0.03323351
7,7,none,random_linear,272,92,1,1,True,0.11611327,0.6887328,0.16132382,0.033830095
7,7,none,random_linear,273,92,0,0,True,0.665622,0.041715458,0.2593758,0.033286702
7,7,none,random_linear,274,92,1,2,False,0.14291038,0.19337681,0.49783084,0.16588202
7,7,none,random_linear,275,92,3,1,False,0.18575478,0.3443775,0.3072047,0.16266309
7,7,none,random_linear,276,92,2,3,False,0.121594064,0.23679209,0.31021115,0.33140266
7,7,none,random_linear,277,92,3,3,True,0.016600018,0.071462184,0.20603013,0.7059077
7,7,none,random_linear,278,92,2,3,False,0.15728757,0.21945646,0.20615414,0.4171018
7,7,none,random_linear,279,92,3,3,True,0.055832904,0.004395689,0.13792323,0.8018481
7,7,none,random_linear,280,92,2,2,True,0.24887942,0.09164742,0.51986617,0.13960697
7,7,none,random_linear,281,92,3,3,True,0.018824056,0.16552974,0.29802507,0.5176211
7,7,none,random_linear,282,92,2,2,True,0.10510611,0.21509129,0.6397997,0.04000287
7,7,none,random_linear,283,92,2,2,True,0.025948023,0.105804056,0.84954745,0.018700473
7,7,none,random_linear,284,92,3,3,True,0.21539463,0.15812868,0.2331778,0.39329883
7,7,none,random_linear,285,92,3,3,True,0.005071441,0.36187333,0.02552259,0.6075327
7,7,none,random_linear,286,92,2,2,True,0.04254154,0.41445327,0.49488515,0.048120044
7,7,none,random_linear,287,92,2,1,False,0.03621301,0.88837606,0.04275986,0.032651074
7,7,none,random_linear,288,92,3,1,False,0.17583269,0.3054864,0.23725982,0.28142112
7,7,none,random_linear,289,92,3,3,True,0.016676776,0.06690582,0.021906778,0.8945106
7,7,none,random_linear,290,92,2,3,False,0.11452264,0.27516985,0.143088,0.4672196
7,7,none,random_linear,291,92,2,0,False,0.4179271,0.039268862,0.2099139,0.33289012
7,7,none,random_linear,292,92,3,3,True,0.10939794,0.052464478,0.05445413,0.7836835
7,7,none,random_linear,293,92,2,1,False,0.11589318,0.48797974,0.19954237,0.19658464
7,7,none,random_linear,294,93,1,1,True,0.030994475,0.42360738,0.18532553,0.36007258
7,7,none,random_linear,295,93,0,2,False,0.03267346,0.12526004,0.79916567,0.04290078
7,7,none,random_linear,296,93,1,1,True,0.0001231719,0.95062685,0.01920415,0.03004586
7,7,none,random_linear,297,93,0,2,False,0.04124814,0.26372758,0.5912657,0.10375859
7,7,none,random_linear,298,93,1,2,False,0.0008929483,0.05098519,0.9153379,0.032783963
7,7,none,random_linear,299,93,0,2,False,0.0039908937,0.02621696,0.7815132,0.18827891
7,7,none,random_linear,300,93,0,0,True,0.8575875,0.05538115,0.068073384,0.018957993
7,7,none,random_linear,301,93,1,1,True,0.002102044,0.41786602,0.2160984,0.36393356
7,7,none,random_linear,302,93,1,2,False,0.113227434,0.022000302,0.8299398,0.03483244
7,7,none,random_linear,303,93,0,2,False,0.06825126,0.024158163,0.8684085,0.039182037
7,7,none,random_linear,304,93,1,2,False,0.004981607,0.20987755,0.69078916,0.09435166
7,7,none,random_linear,305,93,0,0,True,0.9732064,0.004083661,0.012831483,0.009878422
7,7,none,random_linear,306,93,1,2,False,0.0009803592,0.3221092,0.50954723,0.16736318
7,7,none,random_linear,307,93,0,0,True,0.9898169,0.000877757,0.0063295397,0.002975846
7,7,none,random_linear,308,93,0,0,True,0.48891237,0.022977883,0.2994114,0.18869835
7,7,none,random_linear,309,93,3,3,True,7.065509e-05,0.009364253,0.010779258,0.97978586
7,7,none,random_linear,310,93,2,2,True,0.00059684215,0.088770665,0.81605697,0.09457547
7,7,none,random_linear,311,93,2,2,True,0.0014541685,0.009117153,0.9466517,0.042777065
7,7,none,random_linear,312,93,3,3,True,0.0017126183,0.0047401264,0.028635,0.9649123
7,7,none,random_linear,313,93,3,3,True,3.2534073e-05,0.0032618728,0.015947523,0.9807581
7,7,none,random_linear,314,93,2,2,True,0.008953633,0.022568801,0.9116312,0.056846324
7,7,none,random_linear,315,93,3,2,False,0.00072747003,0.211389,0.7254274,0.062456194
7,7,none,random_linear,316,93,2,2,True,1.00722455e-05,0.0001312949,0.9998435,1.5105802e-05
7,7,none,random_linear,317,93,2,2,True,0.011747777,0.0074042887,0.933871,0.046976995
7,7,none,random_linear,318,93,3,3,True,0.0034715906,0.043291193,0.057279963,0.8959573
7,7,none,random_linear,319,93,3,3,True,0.16476169,0.042441215,0.03301443,0.7597826
7,7,none,random_linear,320,93,2,2,True,0.0019825934,0.014413114,0.97463995,0.008964284
7,7,none,random_linear,321,93,2,2,True,0.018818961,0.004755696,0.94111615,0.035309166
7,7,none,random_linear,322,93,3,3,True,0.000277065,0.0032629273,0.006149794,0.99031025
7,7,none,random_linear,323,93,2,2,True,0.0029635332,0.0041925153,0.98890686,0.0039370675
7,7,none,random_linear,324,93,0,0,True,0.9710706,0.0013601973,0.012939101,0.014630085
7,7,none,random_linear,325,93,1,3,False,0.0011801936,0.07053902,0.3221369,0.6061439
7,7,none,random_linear,326,93,1,1,True,7.7015443e-07,0.99691546,0.00039301312,0.0026908105
7,7,none,random_linear,327,93,0,2,False,0.09297654,0.013744215,0.7878659,0.10541338
7,7,none,random_linear,328,93,0,3,False,0.1848816,0.0035580432,0.2940981,0.5174623
7,7,none,random_linear,329,93,1,2,False,0.0033026058,0.4574974,0.47100794,0.06819206
7,7,none,random_linear,330,93,0,2,False,0.064862736,0.1312458,0.49235508,0.31153634
7,7,none,random_linear,331,93,1,2,False,0.00070806534,0.22922218,0.41164577,0.35842398
7,7,none,random_linear,332,93,1,2,False,0.000662,0.10483829,0.79889274,0.09560691
7,7,none,random_linear,333,93,0,2,False,0.014782814,0.041453283,0.63103276,0.31273118
7,7,none,random_linear,334,93,1,3,False,0.002603101,0.0833795,0.3245793,0.58943814
7,7,none,random_linear,335,93,0,2,False,0.18540369,0.0016066452,0.7792314,0.03375819
7,7,none,random_linear,336,93,0,0,True,0.5989571,0.004027607,0.091741644,0.30527368
7,7,none,random_linear,337,93,1,2,False,0.0007707919,0.028240282,0.8792599,0.091729075
7,7,none,random_linear,338,93,0,3,False,0.019470746,0.0005977364,0.22885415,0.75107735
7,7,none,random_linear,339,93,2,2,True,0.07251312,0.028783053,0.883148,0.01555578
7,7,none,random_linear,340,93,3,3,True,2.6342901e-05,0.0001705602,0.0022853885,0.9975177
7,7,none,random_linear,341,93,3,3,True,0.0013566571,0.068232045,0.17021054,0.7602008
7,7,none,random_linear,342,93,2,2,True,0.0014598409,0.025563113,0.92653644,0.046440702
7,7,none,random_linear,343,93,2,2,True,0.00097132806,0.22614029,0.73374647,0.039141886
7,7,none,random_linear,344,93,3,3,True,0.00029021018,0.1964856,0.01224892,0.79097533
7,7,none,random_linear,345,93,3,3,True,9.313131e-05,0.00060347683,0.0016736176,0.99762976
7,7,none,random_linear,346,93,2,2,True,0.0034055992,0.10649939,0.87453485,0.01556022
7,7,none,random_linear,347,93,3,3,True,0.009280351,0.0040705213,0.07914574,0.90750337
7,7,none,random_linear,348,93,2,2,True,0.0015384057,0.21954358,0.72464126,0.054276753
7,7,none,random_linear,349,93,3,2,False,0.0017969193,0.06384496,0.67637664,0.2579815
7,7,none,random_linear,350,93,2,2,True,0.00023080061,0.0030753433,0.98238087,0.01431311
7,7,none,random_linear,351,93,3,3,True,0.0002755098,0.0045254766,0.0154841915,0.9797148
7,7,none,random_linear,352,93,2,2,True,0.002948944,0.010059697,0.9688692,0.018122138
7,7,none,random_linear,353,93,2,2,True,0.011813398,0.07241645,0.472878,0.44289222
7,7,none,random_linear,354,93,0,2,False,0.06687645,0.36216217,0.39061737,0.18034406
7,7,none,random_linear,355,93,1,2,False,0.000557604,0.049158163,0.9198981,0.030386167
7,7,none,random_linear,356,93,0,2,False,0.09200633,0.005190744,0.870348,0.03245494
7,7,none,random_linear,357,93,1,1,True,0.00029033312,0.98228604,0.0037928224,0.013630877
7,7,none,random_linear,358,93,1,1,True,0.00073521375,0.9234465,0.010025417,0.06579289
7,7,none,random_linear,359,93,0,0,True,0.42410403,0.06996502,0.17934102,0.32658994
7,7,none,random_linear,360,93,1,2,False,0.001034318,0.028686382,0.54760504,0.42267433
7,7,none,random_linear,361,93,0,1,False,0.0046473686,0.8623072,0.03334204,0.09970333
7,7,none,random_linear,362,93,1,1,True,0.0054640193,0.6341844,0.28297618,0.07737533
7,7,none,random_linear,363,93,0,0,True,0.46679756,0.0044598877,0.26790422,0.26083833
7,7,none,random_linear,364,93,0,0,True,0.39446065,0.04351951,0.35849378,0.203526
7,7,none,random_linear,365,93,1,3,False,0.0013160723,0.05184736,0.3246505,0.6221861
7,7,none,random_linear,366,93,1,1,True,0.00014658018,0.719146,0.029402765,0.25130457
7,7,none,random_linear,367,93,0,2,False,0.017024547,0.26396587,0.551394,0.16761556
7,7,none,random_linear,368,93,1,2,False,0.015956223,0.3284222,0.619573,0.03604857
7,7,none,random_linear,369,93,2,3,False,0.1517106,0.036778364,0.3920711,0.4194399
7,7,none,random_linear,370,93,3,2,False,0.0039420757,0.020407941,0.815749,0.15990102
7,7,none,random_linear,371,93,3,3,True,0.0010746068,0.0074445647,0.06524251,0.9262383
7,7,none,random_linear,372,93,2,1,False,0.0608038,0.6849675,0.24846308,0.0057656453
7,7,none,random_linear,373,93,3,1,False,0.00020573054,0.49573883,0.02654392,0.4775115
7,7,none,random_linear,374,93,2,1,False,0.0015760269,0.6304138,0.35424834,0.0137618845
7,7,none,random_linear,375,93,2,2,True,0.012710827,0.012766936,0.858813,0.11570916
7,7,none,random_linear,376,93,3,3,True,2.7112117e-05,0.0034947407,0.0040596533,0.9924185
7,7,none,random_linear,377,93,3,3,True,8.045439e-06,0.0017935126,0.008850541,0.98934793
7,7,none,random_linear,378,93,2,2,True,0.0009529169,0.0014991423,0.971865,0.025682954
7,7,none,random_linear,379,93,2,2,True,0.0012028543,0.013230541,0.9253842,0.06018237
7,7,none,random_linear,380,93,3,3,True,0.013188685,0.013806001,0.13514335,0.83786196
7,7,none,random_linear,381,93,3,3,True,0.0010488151,0.0034690124,0.34751204,0.6479702
7,7,none,random_linear,382,93,2,1,False,3.9885253e-05,0.97852576,0.02009962,0.0013347395
7,7,none,random_linear,383,93,3,2,False,0.003139273,0.0057809437,0.91347826,0.077601425
7,7,none,random_linear,384,94,0,0,True,0.9918677,0.0011198735,0.0068502496,0.00016219959
7,7,none,random_linear,385,94,1,1,True,0.0024694607,0.55363035,0.43636277,0.007537418
7,7,none,random_linear,386,94,1,2,False,0.037890155,0.06256811,0.7912374,0.10830434
7,7,none,random_linear,387,94,0,0,True,0.9990773,0.00015272888,0.0007397746,3.0192185e-05
7,7,none,random_linear,388,94,1,2,False,0.021161843,0.21612827,0.6242753,0.13843454
7,7,none,random_linear,389,94,0,0,True,0.98548454,0.004027112,0.008694328,0.0017940316
7,7,none,random_linear,390,94,1,2,False,0.03224649,0.0111386,0.9507405,0.0058743255
7,7,none,random_linear,391,94,0,0,True,0.99660504,0.00016408108,0.0026699838,0.00056081783
7,7,none,random_linear,392,94,1,2,False,0.08827281,0.12932886,0.7069102,0.07548811
7,7,none,random_linear,393,94,0,0,True,0.61300564,0.02603669,0.36022422,0.0007334307
7,7,none,random_linear,394,94,0,0,True,0.9798203,0.0006344481,0.013738146,0.005807075
7,7,none,random_linear,395,94,1,2,False,0.022340389,0.031207362,0.9193899,0.027062343
7,7,none,random_linear,396,94,1,1,True,0.10280894,0.57644665,0.21536547,0.10537886
7,7,none,random_linear,397,94,0,0,True,0.77385664,0.0012315948,0.16887887,0.05603301
7,7,none,random_linear,398,94,1,2,False,0.047614418,0.20856425,0.5495067,0.19431461
7,7,none,random_linear,399,94,2,2,True,0.0064239483,0.014356517,0.97697985,0.0022396275
7,7,none,random_linear,400,94,3,3,True,0.007265827,0.020993985,0.16461954,0.8071206
7,7,none,random_linear,401,94,3,3,True,0.00066493504,0.004554087,0.0035555267,0.9912254
7,7,none,random_linear,402,94,2,2,True,0.002604022,0.0042168545,0.9846592,0.008519947
7,7,none,random_linear,403,94,3,3,True,0.022480967,0.011576388,0.19062509,0.77531755
7,7,none,random_linear,404,94,2,2,True,0.051015258,0.10591279,0.8218868,0.021185163
7,7,none,random_linear,405,94,2,2,True,0.0023898233,0.008467186,0.98617226,0.0029707346
7,7,none,random_linear,406,94,3,3,True,0.009040633,0.07645037,0.055563174,0.8589458
7,7,none,random_linear,407,94,2,2,True,0.04058417,0.015941856,0.90714103,0.036332976
7,7,none,random_linear,408,94,3,3,True,0.0072583533,0.014110463,0.1119072,0.86672395
7,7,none,random_linear,409,94,3,3,True,0.0037525236,0.00128954,0.038492307,0.9564656
7,7,none,random_linear,410,94,2,2,True,0.0035086914,0.006317928,0.98758125,0.0025921825
7,7,none,random_linear,411,94,3,3,True,0.0128563335,0.006406114,0.22489718,0.75584036
7,7,none,random_linear,412,94,2,2,True,0.31019145,0.019697756,0.592364,0.07774674
7,7,none,random_linear,413,94,3,2,False,0.05130151,0.031435873,0.6427509,0.27451167
7,7,none,random_linear,414,94,1,1,True,0.0072917542,0.93470615,0.04930336,0.008698641
7,7,none,random_linear,415,94,0,0,True,0.43399906,0.282527,0.2804018,0.0030721212
7,7,none,random_linear,416,94,1,1,True,0.026672814,0.9100444,0.062233437,0.0010493437
7,7,none,random_linear,417,94,0,0,True,0.9100555,0.012524527,0.07073213,0.00668784
7,7,none,random_linear,418,94,0,0,True,0.9466462,0.0017765035,0.0513371,0.00024027552
7,7,none,random_linear,419,94,1,1,True,0.00010767508,0.8159274,0.17347282,0.010492066
7,7,none,random_linear,420,94,1,2,False,0.041562885,0.03159088,0.52468985,0.4021564
7,7,none,random_linear,421,94,0,0,True,0.8494167,0.0009695814,0.1475805,0.0020332583
7,7,none,random_linear,422,94,0,0,True,0.73848605,0.08524767,0.1744753,0.0017909684
7,7,none,random_linear,423,94,1,2,False,0.15673773,0.0087511055,0.8117192,0.022792006
7,7,none,random_linear,424,94,1,1,True,0.00023378115,0.9538162,0.043633144,0.002316885
7,7,none,random_linear,425,94,0,2,False,0.055334188,0.19813035,0.730147,0.016388452
7,7,none,random_linear,426,94,1,2,False,0.0025590681,0.11633748,0.86820376,0.012899724
7,7,none,random_linear,427,94,0,0,True,0.9342821,0.00011627459,0.056647457,0.008954065
7,7,none,random_linear,428,94,1,2,False,0.011482936,0.0049790777,0.9696027,0.01393522
7,7,none,random_linear,429,94,3,3,True,0.09288217,0.00948052,0.14691286,0.7507244
7,7,none,random_linear,430,94,2,2,True,0.15971239,0.014251591,0.8080219,0.01801407
7,7,none,random_linear,431,94,3,3,True,0.00079052406,0.027377598,0.13314068,0.83869123
7,7,none,random_linear,432,94,2,2,True,0.00054923,0.0015814378,0.9947724,0.003097052
7,7,none,random_linear,433,94,3,3,True,0.005629194,0.055039488,0.021750111,0.9175812
7,7,none,random_linear,434,94,2,2,True,0.009061874,0.015668739,0.9713075,0.003961878
7,7,none,random_linear,435,94,2,2,True,0.004609838,0.03153786,0.8401271,0.12372515
7,7,none,random_linear,436,94,3,2,False,0.012078589,0.03218348,0.56040317,0.39533475
7,7,none,random_linear,437,94,3,3,True,0.008213592,0.25422686,0.06319212,0.6743675
7,7,none,random_linear,438,94,2,2,True,0.007208446,0.02740374,0.9515635,0.013824333
7,7,none,random_linear,439,94,3,3,True,0.02274527,0.0532687,0.25690842,0.6670776
7,7,none,random_linear,440,94,2,2,True,0.15047844,0.044213932,0.79101753,0.01429011
7,7,none,random_linear,441,94,3,2,False,0.012434249,0.0049080555,0.86258173,0.12007599
7,7,none,random_linear,442,94,2,2,True,0.0059594177,0.0037122034,0.9890386,0.001289781
7,7,none,random_linear,443,94,2,3,False,0.07718065,0.08869623,0.18812378,0.6459994
7,7,none,random_linear,444,94,0,0,True,0.9692526,0.007091555,0.02288495,0.00077091274
7,7,none,random_linear,445,94,1,2,False,0.0702198,0.039676372,0.88864356,0.001460223
7,7,none,random_linear,446,94,1,2,False,0.0016669995,0.10261882,0.89035237,0.0053617666
7,7,none,random_linear,447,94,0,2,False,0.2752312,0.0044813645,0.7180541,0.002233316
7,7,none,random_linear,448,94,1,2,False,0.00085258624,0.30701184,0.6425402,0.04959532
7,7,none,random_linear,449,94,0,2,False,0.44858328,0.0032210182,0.5155279,0.032667834
7,7,none,random_linear,450,94,1,2,False,0.062297147,0.2619006,0.63169986,0.044102386
7,7,none,random_linear,451,94,0,2,False,0.067611575,0.0031159252,0.9097732,0.01949936
7,7,none,random_linear,452,94,1,2,False,0.025848055,0.24720965,0.47788778,0.24905455
7,7,none,random_linear,453,94,0,2,False,0.041138608,0.025112227,0.9297568,0.003992447
7,7,none,random_linear,454,94,1,2,False,0.004503296,0.35138237,0.54962105,0.09449325
7,7,none,random_linear,455,94,0,0,True,0.94640476,0.00044395373,0.05077606,0.0023752537
7,7,none,random_linear,456,94,0,2,False,0.3377497,0.08639665,0.5693813,0.0064723333
7,7,none,random_linear,457,94,1,3,False,0.0069746287,0.017261192,0.15371715,0.822047
7,7,none,random_linear,458,94,0,2,False,0.033357516,0.013115487,0.82175386,0.13177307
7,7,none,random_linear,459,94,2,2,True,0.0070029525,0.0038399298,0.9843523,0.00480482
7,7,none,random_linear,460,94,3,2,False,0.0009567033,0.008036326,0.9321893,0.058817636
7,7,none,random_linear,461,94,2,2,True,0.0025469952,0.008963961,0.9865042,0.0019848053
7,7,none,random_linear,462,94,3,2,False,0.09274721,0.02848002,0.85557723,0.023195475
7,7,none,random_linear,463,94,2,2,True,0.01727988,0.16871439,0.810807,0.0031988102
7,7,none,random_linear,464,94,3,3,True,0.013703737,0.022996694,0.44469282,0.5186068
7,7,none,random_linear,465,94,3,3,True,0.0022268144,0.14908533,0.2671927,0.5814951
7,7,none,random_linear,466,94,2,2,True,0.008464579,0.023215264,0.9411984,0.027121684
7,7,none,random_linear,467,94,2,2,True,0.0010698508,0.0016878067,0.98514974,0.012092612
7,7,none,random_linear,468,94,3,3,True,0.010680003,0.0030422476,0.40951085,0.5767669
7,7,none,random_linear,469,94,3,3,True,0.0022690862,0.06260338,0.0834768,0.8516507
7,7,none,random_linear,470,94,2,2,True,0.0017261632,0.011589603,0.9381958,0.048488412
7,7,none,random_linear,471,94,2,2,True,0.041387938,0.014500103,0.7851619,0.15895003
7,7,none,random_linear,472,94,3,2,False,0.00897471,0.06265083,0.5365547,0.39181975
7,7,none,random_linear,473,94,3,2,False,0.009156177,0.08431102,0.8728748,0.033657987
7,7,none,random_linear,474,95,0,0,True,0.691409,0.038066093,0.23635747,0.034167413
7,7,none,random_linear,475,95,1,1,True,0.033435896,0.67660093,0.029023414,0.2609397
7,7,none,random_linear,476,95,1,1,True,0.0007757911,0.9703972,0.023401363,0.005425763
7,7,none,random_linear,477,95,0,0,True,0.97304475,0.00039063126,0.0015565648,0.025008049
7,7,none,random_linear,478,95,0,0,True,0.9969138,0.00025674,0.0016184739,0.0012109746
7,7,none,random_linear,479,95,1,1,True,0.004392248,0.8575495,0.03936418,0.09869416
7,7,none,random_linear,480,95,0,0,True,0.848037,0.03702939,0.086336404,0.02859728
7,7,none,random_linear,481,95,1,1,True,0.0047786515,0.7336587,0.013174521,0.24838813
7,7,none,random_linear,482,95,0,0,True,0.9261454,0.004326448,0.05304243,0.016485788
7,7,none,random_linear,483,95,1,3,False,0.003459003,0.074845545,0.20780768,0.71388775
7,7,none,random_linear,484,95,1,1,True,0.0038487804,0.7863285,0.13498396,0.074838795
7,7,none,random_linear,485,95,0,0,True,0.98436457,1.2250981e-05,0.0059004775,0.009722744
7,7,none,random_linear,486,95,0,0,True,0.88296074,0.0033365865,0.07423781,0.039464884
7,7,none,random_linear,487,95,1,3,False,0.012450763,0.25432894,0.18284215,0.55037814
7,7,none,random_linear,488,95,1,1,True,5.3991855e-05,0.7531232,0.17008872,0.07673411
7,7,none,random_linear,489,95,2,3,False,0.0068865083,0.011894781,0.29278126,0.68843746
7,7,none,random_linear,490,95,3,3,True,0.014507655,0.015451477,0.08018043,0.8898605
7,7,none,random_linear,491,95,2,2,True,0.0016268138,0.30832034,0.5851183,0.104934596
7,7,none,random_linear,492,95,3,3,True,0.002171096,0.0007064789,0.0071621644,0.9899602
7,7,none,random_linear,493,95,3,3,True,0.00037227623,0.011917636,0.001980357,0.9857297
7,7,none,random_linear,494,95,2,3,False,0.1936879,0.06897404,0.23674206,0.500596
7,7,none,random_linear,495,95,2,2,True,0.0030143224,0.019682536,0.8357538,0.1415494
7,7,none,random_linear,496,95,3,3,True,0.034664713,0.0020533686,0.0045528505,0.9587291
7,7,none,random_linear,497,95,3,3,True,0.00039652936,0.0007643967,0.07836751,0.92047155
7,7,none,random_linear,498,95,2,2,True,0.0032656225,0.055581562,0.5683332,0.37281963
7,7,none,random_linear,499,95,3,3,True,0.0010890391,0.026656013,0.015480765,0.95677423
7,7,none,random_linear,500,95,2,3,False,0.0010508919,0.00086660846,0.2347156,0.7633669
7,7,none,random_linear,501,95,3,3,True,0.0026831366,0.0009107812,0.025272869,0.97113323
7,7,none,random_linear,502,95,2,2,True,0.00084945234,0.005823001,0.601824,0.3915035
7,7,none,random_linear,503,95,2,3,False,0.033659697,0.024177758,0.26386496,0.6782976
7,7,none,random_linear,504,95,1,1,True,0.0016408892,0.5773934,0.07140523,0.34956053
7,7,none,random_linear,505,95,0,3,False,0.4620655,0.0043265303,0.020387584,0.5132203
7,7,none,random_linear,506,95,1,3,False,0.0010840693,0.26162302,0.014326593,0.72296625
7,7,none,random_linear,507,95,0,3,False,0.076937474,0.0017070593,0.22367463,0.69768083
7,7,none,random_linear,508,95,0,0,True,0.93886924,0.0005918339,0.008540744,0.051998146
7,7,none,random_linear,509,95,1,3,False,0.008962522,0.012728004,0.17659259,0.80171686
7,7,none,random_linear,510,95,1,3,False,0.0015707597,0.0114944065,0.35041657,0.63651824
7,7,none,random_linear,511,95,0,0,True,0.8257526,0.00029716207,0.0033637024,0.17058645
7,7,none,random_linear,512,95,0,3,False,0.12440119,0.0027704767,0.3663946,0.5064337
7,7,none,random_linear,513,95,1,3,False,0.00062865904,0.12771913,0.17865553,0.6929966
7,7,none,random_linear,514,95,0,0,True,0.45699447,0.00029274364,0.16833434,0.37437835
7,7,none,random_linear,515,95,1,2,False,0.0010899017,0.13262719,0.7490431,0.117239766
7,7,none,random_linear,516,95,0,3,False,0.4552166,0.036868453,0.019524982,0.48839
7,7,none,random_linear,517,95,1,1,True,0.0013761213,0.4599538,0.22055723,0.31811282
7,7,none,random_linear,518,95,0,3,False,0.108120605,0.0008615986,0.16804387,0.7229739
7,7,none,random_linear,519,95,3,3,True,9.05462e-05,0.005516108,0.003472754,0.99092066
7,7,none,random_linear,520,95,2,3,False,0.019402124,0.0004257342,0.3271328,0.65303934
7,7,none,random_linear,521,95,3,3,True,0.00015534264,0.017979734,0.021781636,0.9600833
7,7,none,random_linear,522,95,2,2,True,0.043708526,0.0006395715,0.6447341,0.3109178
7,7,none,random_linear,523,95,2,2,True,0.0028266257,0.0035394775,0.93581027,0.05782358
7,7,none,random_linear,524,95,3,3,True,0.0060712523,0.026568804,0.09169488,0.87566507
7,7,none,random_linear,525,95,2,2,True,0.0016167493,0.017225996,0.88776034,0.09339701
7,7,none,random_linear,526,95,3,3,True,7.236319e-05,0.00076059735,0.00062448194,0.99854255
7,7,none,random_linear,527,95,2,2,True,0.025753539,0.019494923,0.5250311,0.4297204
7,7,none,random_linear,528,95,3,3,True,0.00015290917,0.0032100987,0.0034941274,0.99314284
7,7,none,random_linear,529,95,2,0,False,0.37005246,0.023003668,0.32652676,0.28041717
7,7,none,random_linear,530,95,3,3,True,0.02808327,0.004067263,0.15037267,0.8174768
7,7,none,random_linear,531,95,2,3,False,0.00096739765,0.003720233,0.10422627,0.8910861
7,7,none,random_linear,532,95,3,3,True,0.0022506043,0.011809998,0.27829272,0.70764667
7,7,none,random_linear,533,95,3,2,False,0.00024312088,0.03661664,0.60016805,0.36297226
7,7,none,random_linear,534,95,0,3,False,0.01380737,0.056837406,0.24416149,0.6851937
7,7,none,random_linear,535,95,1,3,False,0.06301562,0.013723013,0.17464912,0.7486122
7,7,none,random_linear,536,95,1,3,False,0.0022095158,0.0007378322,0.012286402,0.98476624
7,7,none,random_linear,537,95,0,3,False,0.022922594,0.008191054,0.42975718,0.53912914
7,7,none,random_linear,538,95,0,3,False,0.013600776,0.0013343438,0.07636931,0.9086956
7,7,none,random_linear,539,95,1,3,False,0.09025111,0.17976153,0.27054822,0.4594391
7,7,none,random_linear,540,95,1,3,False,0.0035269829,0.020178385,0.021386012,0.95490867
7,7,none,random_linear,541,95,0,2,False,0.07127607,0.0024511982,0.72929704,0.1969756
7,7,none,random_linear,542,95,0,2,False,0.018105611,0.07173044,0.5831708,0.32699314
7,7,none,random_linear,543,95,1,1,True,0.0031197607,0.6218784,0.07329435,0.3017075
7,7,none,random_linear,544,95,0,2,False,0.008822382,0.01618781,0.50846106,0.46652877
7,7,none,random_linear,545,95,1,2,False,0.06721851,0.0048210737,0.8205187,0.10744173
7,7,none,random_linear,546,95,1,2,False,0.021496547,0.06308571,0.48602918,0.42938855
7,7,none,random_linear,547,95,0,2,False,0.0006419112,0.0062610526,0.98904103,0.004056029
7,7,none,random_linear,548,95,0,2,False,0.18983595,0.007873702,0.7833579,0.018932365
7,7,none,random_linear,549,95,2,2,True,0.0002868221,0.0016459731,0.96865225,0.029414998
7,7,none,random_linear,550,95,3,2,False,0.051440697,0.15109453,0.49885577,0.29860905
7,7,none,random_linear,551,95,3,3,True,0.0049293577,0.04116686,0.18053718,0.7733666
7,7,none,random_linear,552,95,2,2,True,0.084673576,0.014498126,0.6429562,0.25787207
7,7,none,random_linear,553,95,2,3,False,0.00755983,0.0128604,0.3482424,0.63133734
7,7,none,random_linear,554,95,3,3,True,0.0016736365,0.0056589646,0.014215711,0.9784517
7,7,none,random_linear,555,95,2,2,True,0.0034824726,0.13392663,0.44779631,0.4147946
7,7,none,random_linear,556,95,3,3,True,0.0006458815,0.04307718,0.02204404,0.9342329
7,7,none,random_linear,557,95,2,2,True,0.009724955,0.01337209,0.8308595,0.14604342
7,7,none,random_linear,558,95,3,3,True,0.007872835,0.17054114,0.037844,0.783742
7,7,none,random_linear,559,95,2,3,False,0.004794454,0.004266528,0.46148935,0.52944964
7,7,none,random_linear,560,95,3,3,True,0.018817825,0.015798235,0.17741701,0.78796697
7,7,none,random_linear,561,95,3,2,False,0.0016966199,0.011243212,0.872995,0.11406512
7,7,none,random_linear,562,95,2,2,True,0.00036900712,0.018263407,0.91907954,0.062288065
7,7,none,random_linear,563,95,3,3,True,0.0005113771,0.0069443802,0.10769336,0.8848509
7,7,none,random_linear,564,96,1,1,True,0.09267508,0.8162896,0.08310624,0.007929145
7,7,none,random_linear,565,96,0,0,True,0.8086371,0.019408138,0.17028672,0.0016680269
7,7,none,random_linear,566,96,0,0,True,0.8854069,0.026660388,0.076061174,0.011871556
7,7,none,random_linear,567,96,1,1,True,0.0046356157,0.590819,0.3756912,0.028854113
7,7,none,random_linear,568,96,1,1,True,0.0001730469,0.9797789,0.015117211,0.0049307924
7,7,none,random_linear,569,96,0,2,False,0.24392535,0.0016904437,0.7045881,0.04979601
7,7,none,random_linear,570,96,1,1,True,0.0015374452,0.97132665,0.026315335,0.0008204495
7,7,none,random_linear,571,96,0,0,True,0.93366176,0.0001707789,0.063196965,0.0029705046
7,7,none,random_linear,572,96,0,2,False,0.4320496,0.013733038,0.5297639,0.02445347
7,7,none,random_linear,573,96,1,1,True,0.00045118507,0.9653472,0.03248562,0.0017160751
7,7,none,random_linear,574,96,1,1,True,0.002043935,0.8113866,0.18576623,0.00080333394
7,7,none,random_linear,575,96,0,2,False,0.41621512,0.0015960536,0.579779,0.0024098058
7,7,none,random_linear,576,96,0,0,True,0.76071215,0.01576546,0.18216883,0.041353542
7,7,none,random_linear,577,96,1,2,False,0.0032248332,0.21269795,0.72575986,0.058317386
7,7,none,random_linear,578,96,1,1,True,0.0013150377,0.8728444,0.07188458,0.053956088
7,7,none,random_linear,579,96,3,3,True,0.0017378802,0.019810228,0.40423858,0.5742133
7,7,none,random_linear,580,96,2,2,True,0.0020495753,0.00014580104,0.99648947,0.0013151402
7,7,none,random_linear,581,96,3,2,False,0.0032819558,0.015789267,0.93715966,0.043769103
7,7,none,random_linear,582,96,2,2,True,0.0030274442,0.0016233736,0.9522853,0.04306383
7,7,none,random_linear,583,96,2,2,True,0.07628672,0.006047872,0.6936506,0.22401483
7,7,none,random_linear,584,96,3,2,False,0.009164687,0.00096867234,0.95775825,0.032108337
7,7,none,random_linear,585,96,3,2,False,0.05606848,0.013325611,0.536266,0.39433986
7,7,none,random_linear,586,96,2,2,True,0.002985052,0.0032642593,0.9386907,0.05505996
7,7,none,random_linear,587,96,3,3,True,0.0028772922,0.0011820501,0.32868007,0.6672606
7,7,none,random_linear,588,96,2,2,True,0.0015203956,0.0017004984,0.99035853,0.0064206263
7,7,none,random_linear,589,96,2,2,True,0.012054674,0.043322448,0.93957675,0.005046069
7,7,none,random_linear,590,96,3,2,False,0.19000605,0.16490725,0.49634162,0.14874506
7,7,none,random_linear,591,96,3,3,True,0.01874206,0.008685585,0.28627706,0.6862953
7,7,none,random_linear,592,96,2,2,True,0.010912309,0.009123909,0.9416371,0.038326696
7,7,none,random_linear,593,96,3,2,False,0.029090233,0.11071198,0.61016864,0.25002918
7,7,none,random_linear,594,96,0,0,True,0.66736084,0.0013395812,0.32808918,0.0032104715
7,7,none,random_linear,595,96,1,2,False,0.005276793,0.0062068407,0.9871726,0.0013437426
7,7,none,random_linear,596,96,1,2,False,0.04617922,0.08885418,0.5959898,0.2689768
7,7,none,random_linear,597,96,0,0,True,0.9822062,1.7157749e-05,0.014292432,0.0034840202
7,7,none,random_linear,598,96,1,2,False,0.13865794,0.20263192,0.65250885,0.006201322
7,7,none,random_linear,599,96,0,2,False,0.062354196,0.0015686007,0.80756205,0.12851511
7,7,none,random_linear,600,96,0,2,False,0.3629947,6.1432314e-05,0.63539386,0.0015500588
7,7,none,random_linear,601,96,1,1,True,0.0064204265,0.8135888,0.1649921,0.014998719
7,7,none,random_linear,602,96,0,0,True,0.70345736,0.00542942,0.28755516,0.0035580806
7,7,none,random_linear,603,96,1,2,False,0.0035307414,0.11007287,0.88337386,0.0030225054
7,7,none,random_linear,604,96,1,2,False,0.0039925273,0.27808058,0.4534329,0.2644941
7,7,none,random_linear,605,96,0,2,False,0.30814698,0.00034344243,0.6417602,0.049749427
7,7,none,random_linear,606,96,1,2,False,0.0029354664,0.05790742,0.70148265,0.23767452
7,7,none,random_linear,607,96,0,2,False,0.10610626,0.00026734048,0.84828544,0.045340963
7,7,none,random_linear,608,96,0,2,False,0.4090432,0.00036381616,0.43468645,0.15590653
7,7,none,random_linear,609,96,3,3,True,0.07796513,0.005156736,0.2518207,0.66505736
7,7,none,random_linear,610,96,2,2,True,0.00014162855,0.00023300682,0.99926597,0.00035940547
7,7,none,random_linear,611,96,3,2,False,0.05389813,0.012109141,0.915785,0.01820766
7,7,none,random_linear,612,96,2,0,False,0.8651276,0.007300144,0.065501116,0.06207105
7,7,none,random_linear,613,96,3,3,True,0.039255813,0.07615361,0.15214741,0.73244315
7,7,none,random_linear,614,96,2,2,True,0.0010462657,0.00063968863,0.996872,0.0014420521
7,7,none,random_linear,615,96,2,2,True,0.0018483836,0.0007772984,0.97250336,0.024870893
7,7,none,random_linear,616,96,3,2,False,0.0022206234,0.00023716778,0.978251,0.019291224
7,7,none,random_linear,617,96,2,2,True,0.018057484,0.0014337932,0.9220934,0.058415398
7,7,none,random_linear,618,96,3,2,False,0.28813434,0.0047720983,0.6213979,0.08569576
7,7,none,random_linear,619,96,2,2,True,0.010392202,0.00068543776,0.87971556,0.10920673
7,7,none,random_linear,620,96,3,3,True,0.018556656,0.0023865267,0.47675157,0.5023052
7,7,none,random_linear,621,96,2,0,False,0.52175456,0.00028345358,0.47010043,0.007861514
7,7,none,random_linear,622,96,3,3,True,0.086635046,0.017014548,0.20424238,0.69210804
7,7,none,random_linear,623,96,3,2,False,0.018151172,0.007827671,0.6883439,0.28567728
7,7,none,random_linear,624,96,1,1,True,0.0031784542,0.79397994,0.18434021,0.01850135
7,7,none,random_linear,625,96,0,0,True,0.5671988,0.000529621,0.41624734,0.01602425
7,7,none,random_linear,626,96,1,2,False,0.020492299,0.0031054479,0.9722673,0.004134872
7,7,none,random_linear,627,96,0,0,True,0.5592166,0.025113752,0.41287553,0.0027941
7,7,none,random_linear,628,96,1,2,False,0.009357971,0.184825,0.7823715,0.023445435
7,7,none,random_linear,629,96,0,0,True,0.9391585,0.0060156714,0.033270817,0.021555115
7,7,none,random_linear,630,96,0,0,True,0.65388215,0.00014702753,0.3455371,0.00043367603
7,7,none,random_linear,631,96,1,2,False,0.1407026,0.13196717,0.62319297,0.10413724
7,7,none,random_linear,632,96,1,1,True,0.0066943653,0.8130831,0.17371905,0.0065034423
7,7,none,random_linear,633,96,0,0,True,0.5990269,0.009800729,0.34982044,0.04135196
7,7,none,random_linear,634,96,0,0,True,0.97607917,3.8238388e-05,0.023383878,0.0004986782
7,7,none,random_linear,635,96,1,2,False,0.003617872,0.39473367,0.59248763,0.009160783
7,7,none,random_linear,636,96,1,2,False,0.004290138,0.116919234,0.8760436,0.0027469439
7,7,none,random_linear,637,96,0,0,True,0.9267469,0.0044496767,0.037994687,0.030808838
7,7,none,random_linear,638,96,0,2,False,0.11365808,0.0009061107,0.83790314,0.047532663
7,7,none,random_linear,639,96,2,2,True,0.0005119579,0.0044553145,0.9945385,0.00049421744
7,7,none,random_linear,640,96,3,2,False,0.00692987,0.0023631724,0.96341646,0.027290491
7,7,none,random_linear,641,96,2,2,True,0.03831896,0.002239348,0.851566,0.107875735
7,7,none,random_linear,642,96,3,2,False,0.006096812,0.006323104,0.9093996,0.0781805
7,7,none,random_linear,643,96,3,3,True,0.040699214,0.018698825,0.42708188,0.5135201
7,7,none,random_linear,644,96,2,2,True,0.00065829826,0.011225296,0.9807976,0.0073187063
7,7,none,random_linear,645,96,3,3,True,0.058467526,0.019496484,0.38928616,0.5327498
7,7,none,random_linear,646,96,2,2,True,0.039753363,0.02332299,0.9176563,0.019267399
7,7,none,random_linear,647,96,2,2,True,0.0038595274,0.003658484,0.9883868,0.004095097
7,7,none,random_linear,648,96,3,2,False,0.1328826,0.020400807,0.77266943,0.07404708
7,7,none,random_linear,649,96,2,2,True,0.047258914,0.008856716,0.8248929,0.118991464
7,7,none,random_linear,650,96,3,3,True,0.117883764,0.0060055377,0.35171252,0.52439815
7,7,none,random_linear,651,96,2,2,True,0.02660546,0.017316522,0.91708905,0.03898894
7,7,none,random_linear,652,96,3,2,False,0.19487782,0.013988595,0.6166958,0.17443782
7,7,none,random_linear,653,96,3,2,False,0.009645635,0.14282398,0.5800137,0.26751667
7,7,none,random_linear,654,97,0,2,False,0.3859031,0.05029335,0.5203349,0.04346864
7,7,none,random_linear,655,97,1,1,True,0.013302911,0.9450232,0.016796982,0.02487688
7,7,none,random_linear,656,97,1,1,True,0.07173769,0.6988259,0.21802387,0.011412567
7,7,none,random_linear,657,97,0,0,True,0.6866748,0.08620996,0.19857109,0.02854414
7,7,none,random_linear,658,97,0,0,True,0.85242647,0.009429482,0.116998106,0.021145878
7,7,none,random_linear,659,97,1,1,True,0.001985166,0.94693965,0.028960539,0.022114605
7,7,none,random_linear,660,97,0,2,False,0.21438496,0.044577595,0.7212443,0.01979313
7,7,none,random_linear,661,97,1,1,True,0.0002269057,0.9414561,0.050098885,0.008218016
7,7,none,random_linear,662,97,0,3,False,0.07721189,0.21241668,0.34320834,0.36716312
7,7,none,random_linear,663,97,1,1,True,0.04995989,0.7921058,0.04234843,0.11558595
7,7,none,random_linear,664,97,1,1,True,0.0022478492,0.9694969,0.0027550298,0.025500106
7,7,none,random_linear,665,97,0,0,True,0.5273066,0.03141788,0.08452282,0.3567527
7,7,none,random_linear,666,97,1,2,False,0.019574072,0.051752806,0.78058714,0.14808598
7,7,none,random_linear,667,97,0,2,False,0.24004313,0.10250321,0.42426637,0.23318726
7,7,none,random_linear,668,97,0,0,True,0.62265044,0.25414106,0.056503993,0.06670456
7,7,none,random_linear,669,97,3,3,True,0.072503455,0.059142,0.4062384,0.46211615
7,7,none,random_linear,670,97,2,0,False,0.50651765,0.21999624,0.1684835,0.1050026
7,7,none,random_linear,671,97,3,3,True,0.0014746251,0.034598757,0.04924303,0.9146836
7,7,none,random_linear,672,97,2,1,False,0.0012314284,0.59873223,0.15430236,0.24573402
7,7,none,random_linear,673,97,3,1,False,0.026910525,0.7323683,0.0049377354,0.23578347
7,7,none,random_linear,674,97,2,2,True,0.02495762,0.08949802,0.61735046,0.26819393
7,7,none,random_linear,675,97,3,2,False,0.0032408168,0.14129648,0.7750479,0.080414824
7,7,none,random_linear,676,97,2,1,False,0.008214892,0.8563123,0.021897016,0.11357579
7,7,none,random_linear,677,97,3,2,False,0.005392025,0.20770493,0.4246343,0.36226872
7,7,none,random_linear,678,97,2,2,True,0.017001014,0.047336694,0.8945643,0.041097995
7,7,none,random_linear,679,97,3,3,True,0.041909806,0.06676694,0.055765677,0.8355576
7,7,none,random_linear,680,97,2,3,False,0.013416981,0.009618215,0.0049078795,0.9720569
7,7,none,random_linear,681,97,3,3,True,0.027999023,0.0078155175,0.3254608,0.6387247
7,7,none,random_linear,682,97,2,1,False,0.0028541507,0.67375183,0.23800258,0.08539142
7,7,none,random_linear,683,97,2,1,False,0.0113018835,0.86324984,0.032915417,0.09253282
7,7,none,random_linear,684,97,0,2,False,0.043177236,0.3309727,0.43792567,0.1879244
7,7,none,random_linear,685,97,1,1,True,0.27369565,0.397581,0.31922582,0.009497527
7,7,none,random_linear,686,97,1,1,True,0.0020976784,0.97080076,0.021719178,0.0053823055
7,7,none,random_linear,687,97,0,2,False,0.10839871,0.02027411,0.71722496,0.15410219
7,7,none,random_linear,688,97,1,2,False,0.028807553,0.23563637,0.54077435,0.19478172
7,7,none,random_linear,689,97,0,2,False,0.24954228,0.05921855,0.58590955,0.10532958
7,7,none,random_linear,690,97,1,2,False,0.008774302,0.013906953,0.4895483,0.48777044
7,7,none,random_linear,691,97,0,3,False,0.03602636,0.07268739,0.29288143,0.59840477
7,7,none,random_linear,692,97,1,1,True,0.017762793,0.5685642,0.1826734,0.23099963
7,7,none,random_linear,693,97,0,3,False,0.3592452,0.04371538,0.17721565,0.41982368
7,7,none,random_linear,694,97,0,0,True,0.7851129,0.03316743,0.1695593,0.012160415
7,7,none,random_linear,695,97,1,1,True,0.0010526858,0.66760224,0.27247792,0.058867138
7,7,none,random_linear,696,97,0,3,False,0.0270897,0.009322511,0.011901457,0.9516864
7,7,none,random_linear,697,97,1,1,True,0.013980907,0.48293427,0.04313705,0.4599477
7,7,none,random_linear,698,97,1,3,False,0.0010804873,0.12551278,0.0050978134,0.86830896
7,7,none,random_linear,699,97,3,3,True,0.0048671,0.12057126,0.3747833,0.49977824
7,7,none,random_linear,700,97,2,2,True,0.20085946,0.0493185,0.6453162,0.104505874
7,7,none,random_linear,701,97,2,2,True,0.0070130643,0.1315094,0.70054203,0.16093542
7,7,none,random_linear,702,97,3,2,False,0.003880452,0.054935317,0.73160094,0.20958328
7,7,none,random_linear,703,97,3,1,False,0.057319257,0.5693303,0.3222082,0.051142227
7,7,none,random_linear,704,97,2,1,False,0.048511174,0.81821096,0.06289597,0.070381895
7,7,none,random_linear,705,97,2,2,True,0.0034015107,0.18491216,0.60848457,0.20320177
7,7,none,random_linear,706,97,3,2,False,0.015542391,0.12922998,0.7082276,0.147
7,7,none,random_linear,707,97,2,2,True,0.011272916,0.0660526,0.869738,0.0529365
7,7,none,random_linear,708,97,3,3,True,0.0015676074,0.2787965,0.1110765,0.6085594
7,7,none,random_linear,709,97,3,3,True,0.068528615,0.012391819,0.39803225,0.5210473
7,7,none,random_linear,710,97,2,2,True,0.009072977,0.09477973,0.4991392,0.39700815
7,7,none,random_linear,711,97,3,3,True,0.13275388,0.052213512,0.27890632,0.53612626
7,7,none,random_linear,712,97,2,2,True,0.08622713,0.011953376,0.8056166,0.0962028
7,7,none,random_linear,713,97,3,1,False,0.031805743,0.45683554,0.07888629,0.43247244
7,7,none,random_linear,714,97,1,2,False,0.040617127,0.20255446,0.4803859,0.27644244
7,7,none,random_linear,715,97,0,2,False,0.108909436,0.14218408,0.7276834,0.021223083
7,7,none,random_linear,716,97,1,1,True,0.01058042,0.53059137,0.40678993,0.052038267
7,7,none,random_linear,717,97,0,0,True,0.766956,0.11388526,0.114241794,0.00491689
7,7,none,random_linear,718,97,1,2,False,0.117422506,0.16018096,0.688276,0.03412055
7,7,none,random_linear,719,97,0,0,True,0.63553625,0.040630482,0.24465422,0.07917905
7,7,none,random_linear,720,97,0,0,True,0.7871777,0.021770809,0.10494271,0.08610884
7,7,none,random_linear,721,97,1,1,True,0.01069919,0.44026756,0.25883123,0.29020202
7,7,none,random_linear,722,97,1,3,False,0.0031181187,0.34748495,0.2869267,0.36247024
7,7,none,random_linear,723,97,0,0,True,0.5359389,0.09691101,0.15143865,0.21571137
7,7,none,random_linear,724,97,1,1,True,0.017662803,0.78926224,0.080052994,0.11302189
7,7,none,random_linear,725,97,0,2,False,0.25906023,0.073374376,0.44796428,0.21960114
7,7,none,random_linear,726,97,0,0,True,0.9352276,0.00452773,0.050903797,0.00934095
7,7,none,random_linear,727,97,1,2,False,0.024913233,0.0720707,0.6636424,0.23937362
7,7,none,random_linear,728,97,0,2,False,0.41274762,0.012008691,0.43940303,0.13584068
7,7,none,random_linear,729,97,3,2,False,0.0715741,0.094327964,0.5664716,0.26762637
7,7,none,random_linear,730,97,2,1,False,0.00050862425,0.8544747,0.030156134,0.114860594
7,7,none,random_linear,731,97,2,2,True,0.0101229055,0.030470483,0.94084626,0.018560234
7,7,none,random_linear,732,97,3,0,False,0.3633638,0.15772063,0.35028195,0.12863371
7,7,none,random_linear,733,97,2,3,False,0.04386839,0.24607362,0.28503567,0.42502233
7,7,none,random_linear,734,97,3,2,False,0.08212293,0.25384533,0.45550925,0.20852248
7,7,none,random_linear,735,97,2,2,True,0.31625518,0.25334018,0.3476978,0.08270685
7,7,none,random_linear,736,97,3,3,True,0.04259194,0.39527082,0.1586062,0.40353104
7,7,none,random_linear,737,97,3,2,False,0.049694378,0.05985785,0.4511012,0.43934655
7,7,none,random_linear,738,97,2,2,True,0.030063728,0.1267012,0.8142011,0.029033946
7,7,none,random_linear,739,97,3,3,True,0.0035992395,0.04944674,0.24977262,0.6971814
7,7,none,random_linear,740,97,2,1,False,0.022422796,0.69641745,0.17219847,0.108961225
7,7,none,random_linear,741,97,2,2,True,0.036398906,0.3522919,0.35300955,0.25829962
7,7,none,random_linear,742,97,3,2,False,0.058456626,0.07079826,0.5776716,0.29307353
7,7,none,random_linear,743,97,2,0,False,0.5167721,0.20761661,0.19528972,0.0803216
7,7,none,random_linear,744,98,0,0,True,0.84403855,0.024098333,0.1300773,0.0017858907
7,7,none,random_linear,745,98,1,2,False,0.04607092,0.16039056,0.78593475,0.007603714
7,7,none,random_linear,746,98,1,1,True,0.097525604,0.7257191,0.15890671,0.017848687
7,7,none,random_linear,747,98,0,0,True,0.66030693,0.04689433,0.28598645,0.006812286
7,7,none,random_linear,748,98,0,0,True,0.58930236,0.06000447,0.32200631,0.02868688
7,7,none,random_linear,749,98,1,1,True,0.068088226,0.5736292,0.34474728,0.013535298
7,7,none,random_linear,750,98,1,1,True,0.057299074,0.8949831,0.03200076,0.015716957
7,7,none,random_linear,751,98,0,2,False,0.0867425,0.36036587,0.5196692,0.03322248
7,7,none,random_linear,752,98,1,1,True,0.1592679,0.53566444,0.2975088,0.0075588315
7,7,none,random_linear,753,98,0,2,False,0.3559051,0.044077616,0.5977978,0.0022194905
7,7,none,random_linear,754,98,1,1,True,0.083362415,0.8935988,0.019050654,0.0039880793
7,7,none,random_linear,755,98,0,0,True,0.69866365,0.030415438,0.2625273,0.008393595
7,7,none,random_linear,756,98,0,2,False,0.06329995,0.1478806,0.78294516,0.005874373
7,7,none,random_linear,757,98,1,2,False,0.108882986,0.19634771,0.5505028,0.14426653
7,7,none,random_linear,758,98,0,2,False,0.19834152,0.08718536,0.6947293,0.019743754
7,7,none,random_linear,759,98,3,3,True,0.043468624,0.006628338,0.017375475,0.9325276
7,7,none,random_linear,760,98,2,2,True,0.10468742,0.033602163,0.77705365,0.084656775
7,7,none,random_linear,761,98,3,3,True,0.030194886,0.0211192,0.10775851,0.84092736
7,7,none,random_linear,762,98,2,2,True,0.29212594,0.2535081,0.44866875,0.0056971423
7,7,none,random_linear,763,98,2,0,False,0.47888875,0.09654091,0.3942189,0.03035136
7,7,none,random_linear,764,98,3,3,True,0.028863052,0.15686096,0.24679567,0.56748027
7,7,none,random_linear,765,98,2,2,True,0.10253079,0.02194806,0.8432606,0.03226053
7,7,none,random_linear,766,98,3,2,False,0.1692718,0.16719097,0.45455706,0.20898016
7,7,none,random_linear,767,98,2,2,True,0.101506256,0.0058664586,0.82574344,0.06688379
7,7,none,random_linear,768,98,3,3,True,0.057966825,0.039476518,0.036793057,0.8657636
7,7,none,random_linear,769,98,3,3,True,0.20825283,0.03386993,0.11437134,0.64350593
7,7,none,random_linear,770,98,2,2,True,0.07499902,0.035892762,0.83021414,0.058894068
7,7,none,random_linear,771,98,2,2,True,0.28875688,0.01995095,0.4144697,0.27682248
7,7,none,random_linear,772,98,3,0,False,0.73648906,0.11602083,0.080415525,0.067074515
7,7,none,random_linear,773,98,3,2,False,0.2662505,0.06220495,0.43322313,0.23832141
7,7,none,random_linear,774,98,1,1,True,0.018390154,0.8160653,0.15832585,0.0072186836
7,7,none,random_linear,775,98,0,2,False,0.3457493,0.07749738,0.526121,0.05063231
7,7,none,random_linear,776,98,0,0,True,0.76485014,0.018252779,0.20137598,0.015521061
7,7,none,random_linear,777,98,1,2,False,0.09852316,0.2982551,0.5006939,0.10252788
7,7,none,random_linear,778,98,0,0,True,0.8747642,0.023853706,0.0816854,0.019696748
7,7,none,random_linear,779,98,1,2,False,0.06367389,0.1133272,0.65355307,0.1694458
7,7,none,random_linear,780,98,1,3,False,0.03472821,0.3456804,0.2684946,0.3510968
7,7,none,random_linear,781,98,0,0,True,0.8332814,0.0035507963,0.11334463,0.04982308
7,7,none,random_linear,782,98,0,0,True,0.64209586,0.07869251,0.24616626,0.033045366
7,7,none,random_linear,783,98,1,1,True,0.19782251,0.40767002,0.2672676,0.1272398
7,7,none,random_linear,784,98,0,0,True,0.56641096,0.011053481,0.26534873,0.15718691
7,7,none,random_linear,785,98,1,1,True,0.04774337,0.503154,0.42866093,0.020441694
7,7,none,random_linear,786,98,1,3,False,0.058688227,0.33977196,0.13908978,0.46245
7,7,none,random_linear,787,98,0,0,True,0.96467376,0.0052801715,0.020740554,0.009305532
7,7,none,random_linear,788,98,0,2,False,0.062453877,0.024589902,0.844221,0.06873519
7,7,none,random_linear,789,98,3,3,True,0.14167902,0.09945917,0.17466797,0.5841939
7,7,none,random_linear,790,98,2,2,True,0.23024897,0.014806565,0.7206133,0.03433118
7,7,none,random_linear,791,98,3,2,False,0.16559537,0.042191815,0.4715569,0.3206559
7,7,none,random_linear,792,98,2,2,True,0.02380941,0.026277764,0.94835234,0.0015604752
7,7,none,random_linear,793,98,2,2,True,0.44093508,0.049477745,0.47170866,0.037878536
7,7,none,random_linear,794,98,3,3,True,0.08643153,0.061952803,0.16149555,0.69012016
7,7,none,random_linear,795,98,2,2,True,0.18118082,0.041730896,0.7056311,0.071457244
7,7,none,random_linear,796,98,3,3,True,0.049295116,0.010126912,0.038466968,0.90211093
7,7,none,random_linear,797,98,3,3,True,0.07544956,0.0072138947,0.43933398,0.47800264
7,7,none,random_linear,798,98,2,2,True,0.045630265,0.053997427,0.5225846,0.3777877
7,7,none,random_linear,799,98,2,2,True,0.0599461,0.04920555,0.870869,0.01997937
7,7,none,random_linear,800,98,3,2,False,0.3126403,0.2429864,0.43966967,0.0047036456
7,7,none,random_linear,801,98,2,3,False,0.1596217,0.08203607,0.21517159,0.54317063
7,7,none,random_linear,802,98,3,3,True,0.040280372,0.023884067,0.11571932,0.8201162
7,7,none,random_linear,803,98,3,2,False,0.2797709,0.011451308,0.5109277,0.19785014
7,7,none,random_linear,804,98,0,2,False,0.24704504,0.05699835,0.66370785,0.0322488
7,7,none,random_linear,805,98,1,0,False,0.45668986,0.062410306,0.13688946,0.3440104
7,7,none,random_linear,806,98,1,0,False,0.5791522,0.08113928,0.16944376,0.17026472
7,7,none,random_linear,807,98,0,2,False,0.33022976,0.15194342,0.48027703,0.037549835
7,7,none,random_linear,808,98,0,1,False,0.24517128,0.6813097,0.061392255,0.0121266935
7,7,none,random_linear,809,98,1,3,False,0.35135543,0.025312098,0.07466387,0.5486686
7,7,none,random_linear,810,98,1,0,False,0.50515914,0.03802033,0.25133914,0.20548144
7,7,none,random_linear,811,98,0,0,True,0.72807395,0.015373607,0.19352871,0.0630237
7,7,none,random_linear,812,98,0,0,True,0.58084434,0.19157298,0.18143263,0.04615005
7,7,none,random_linear,813,98,1,0,False,0.986201,0.005811831,0.004519446,0.0034677691
7,7,none,random_linear,814,98,0,2,False,0.21767534,0.13917388,0.39269793,0.25045282
7,7,none,random_linear,815,98,1,0,False,0.61600256,0.10717597,0.15068153,0.12614
7,7,none,random_linear,816,98,1,0,False,0.6530397,0.03952279,0.16309036,0.14434713
7,7,none,random_linear,817,98,0,2,False,0.04917332,0.073082566,0.79199386,0.08575029
7,7,none,random_linear,818,98,1,1,True,0.3420305,0.3475165,0.28481588,0.025637113
7,7,none,random_linear,819,98,2,0,False,0.5994475,0.039150625,0.29959208,0.061809786
7,7,none,random_linear,820,98,3,1,False,0.015743358,0.9471989,0.031994164,0.005063467
7,7,none,random_linear,821,98,3,2,False,0.09199116,0.31429312,0.36567232,0.2280434
7,7,none,random_linear,822,98,2,0,False,0.5054165,0.015852734,0.32407835,0.1546524
7,7,none,random_linear,823,98,2,2,True,0.27111742,0.016669236,0.47432756,0.23788576
7,7,none,random_linear,824,98,3,2,False,0.022285637,0.08100104,0.6506715,0.2460418
7,7,none,random_linear,825,98,3,3,True,0.11786164,0.008261602,0.40700307,0.46687365
7,7,none,random_linear,826,98,2,2,True,0.25207415,0.07679646,0.55287105,0.118258335
7,7,none,random_linear,827,98,3,3,True,0.06693479,0.098675296,0.10877005,0.72561985
7,7,none,random_linear,828,98,2,2,True,0.36451873,0.050304912,0.54757774,0.037598677
7,7,none,random_linear,829,98,3,3,True,0.30850592,0.07389357,0.2642457,0.35335487
7,7,none,random_linear,830,98,2,3,False,0.33298782,0.028469652,0.20797151,0.43057108
7,7,none,random_linear,831,98,3,3,True,0.16124877,0.039364588,0.3602271,0.4391595
7,7,none,random_linear,832,98,2,0,False,0.67361826,0.014143482,0.21388745,0.09835078
7,7,none,random_linear,833,98,3,1,False,0.39853093,0.56068665,0.02362171,0.01716067
7,7,none,random_linear,834,99,1,3,False,0.020792892,0.09266212,0.4400775,0.4464675
7,7,none,random_linear,835,99,0,2,False,0.041332487,0.0052340426,0.9389114,0.014522104
7,7,none,random_linear,836,99,0,0,True,0.43991137,0.05413261,0.24377298,0.262183
7,7,none,random_linear,837,99,1,3,False,0.0884194,0.055429496,0.014498348,0.84165275
7,7,none,random_linear,838,99,0,3,False,0.03216996,0.33997548,0.22041826,0.40743628
7,7,none,random_linear,839,99,1,3,False,0.22096395,0.06277416,0.07937779,0.6368841
7,7,none,random_linear,840,99,1,3,False,0.07302734,0.12804207,0.24192053,0.55701005
7,7,none,random_linear,841,99,0,2,False,0.03378557,0.036420796,0.6859035,0.24389015
7,7,none,random_linear,842,99,0,3,False,0.12597819,0.036965903,0.15633647,0.68071944
7,7,none,random_linear,843,99,1,2,False,0.007770766,0.0021963366,0.6553565,0.33467636
7,7,none,random_linear,844,99,1,1,True,0.0014020267,0.98795414,0.008676945,0.0019669614
7,7,none,random_linear,845,99,0,2,False,0.02592159,0.053965706,0.4962729,0.42383978
7,7,none,random_linear,846,99,1,2,False,0.057863265,0.29026747,0.3962158,0.2556535
7,7,none,random_linear,847,99,0,3,False,0.07708332,0.0020726824,0.22156106,0.69928294
7,7,none,random_linear,848,99,1,3,False,0.013799469,0.2505254,0.31779715,0.41787797
7,7,none,random_linear,849,99,3,2,False,0.01920417,0.34186047,0.40998754,0.22894785
7,7,none,random_linear,850,99,2,3,False,0.06228757,0.038461376,0.22265117,0.67659986
7,7,none,random_linear,851,99,3,2,False,0.050507773,0.04540706,0.62960356,0.2744816
7,7,none,random_linear,852,99,2,2,True,0.011149618,0.003928264,0.9811188,0.0038032904
7,7,none,random_linear,853,99,3,2,False,0.043194346,0.030795483,0.6804326,0.24557757
7,7,none,random_linear,854,99,2,2,True,0.11803407,0.023607982,0.8351434,0.023214517
7,7,none,random_linear,855,99,3,2,False,0.019171845,0.2644469,0.64638954,0.06999174
7,7,none,random_linear,856,99,2,2,True,0.058447618,0.00964376,0.53817797,0.39373064
7,7,none,random_linear,857,99,2,2,True,0.103384264,0.21535152,0.38312835,0.29813585
7,7,none,random_linear,858,99,3,2,False,0.30335274,0.021753443,0.45211887,0.22277497
7,7,none,random_linear,859,99,3,2,False,0.019008597,0.023653496,0.5167519,0.44058606
7,7,none,random_linear,860,99,2,3,False,0.091498956,0.08746056,0.19207422,0.6289662
7,7,none,random_linear,861,99,2,2,True,0.13391088,0.028557483,0.7649455,0.07258609
7,7,none,random_linear,862,99,3,3,True,0.006295089,0.01595552,0.252764,0.72498536
7,7,none,random_linear,863,99,3,3,True,0.055685975,0.034989197,0.24072792,0.66859686
7,7,none,random_linear,864,99,0,0,True,0.6105769,0.0022422937,0.28142712,0.10575368
7,7,none,random_linear,865,99,1,3,False,0.2510647,0.05010277,0.29523346,0.40359905
7,7,none,random_linear,866,99,0,3,False,0.063216604,0.08736682,0.035588652,0.81382793
7,7,none,random_linear,867,99,1,3,False,0.14076175,0.13149068,0.23187816,0.49586943
7,7,none,random_linear,868,99,1,1,True,0.004520966,0.5789765,0.043815374,0.37268713
7,7,none,random_linear,869,99,0,0,True,0.56746924,0.0028360814,0.14611621,0.28357852
7,7,none,random_linear,870,99,1,2,False,0.113022104,0.1998728,0.5391156,0.14798951
7,7,none,random_linear,871,99,0,0,True,0.53818834,0.0046736114,0.2234088,0.23372926
7,7,none,random_linear,872,99,1,2,False,0.13768943,0.08435261,0.5686155,0.20934244
7,7,none,random_linear,873,99,0,3,False,0.029283185,0.0005368346,0.011789283,0.9583907
7,7,none,random_linear,874,99,1,3,False,0.16880351,0.01339724,0.035736024,0.78206325
7,7,none,random_linear,875,99,0,2,False,0.11048661,0.014400712,0.7230272,0.15208542
7,7,none,random_linear,876,99,1,2,False,0.1518371,0.04220892,0.6948418,0.11111216
7,7,none,random_linear,877,99,0,3,False,0.21669252,0.039890755,0.31348738,0.42992932
7,7,none,random_linear,878,99,0,0,True,0.96591485,0.00062907214,0.018752517,0.014703559
7,7,none,random_linear,879,99,2,3,False,0.0098628355,0.0026025171,0.051316522,0.93621814
7,7,none,random_linear,880,99,3,2,False,0.012735856,0.008743609,0.5759503,0.40257028
7,7,none,random_linear,881,99,2,2,True,0.10833721,0.22258916,0.3528384,0.3162352
7,7,none,random_linear,882,99,3,3,True,0.053459093,0.017011086,0.31930372,0.61022604
7,7,none,random_linear,883,99,3,0,False,0.66558987,0.022775766,0.24549118,0.06614325
7,7,none,random_linear,884,99,2,2,True,0.32009715,0.0054314267,0.6497611,0.024710365
7,7,none,random_linear,885,99,3,2,False,0.09597715,0.01579174,0.5542159,0.33401513
7,7,none,random_linear,886,99,2,2,True,0.27649128,0.010919838,0.5427603,0.16982861
7,7,none,random_linear,887,99,2,1,False,0.025562078,0.8441353,0.0035579926,0.12674458
7,7,none,random_linear,888,99,3,3,True,0.46413058,0.015421366,0.027802821,0.4926452
7,7,none,random_linear,889,99,2,3,False,0.20574808,0.004702938,0.035388056,0.75416094
7,7,none,random_linear,890,99,3,3,True,0.021407228,0.013811598,0.38584784,0.5789333
7,7,none,random_linear,891,99,2,2,True,0.024558943,0.0050591286,0.5187887,0.45159328
7,7,none,random_linear,892,99,3,2,False,0.04156245,0.010202863,0.50192606,0.4463086
7,7,none,random_linear,893,99,3,2,False,0.029956643,0.068923704,0.52134347,0.37977624
7,7,none,random_linear,894,99,0,0,True,0.5588334,0.0136012705,0.38718227,0.04038302
7,7,none,random_linear,895,99,1,3,False,0.4336485,0.0045630084,0.048610322,0.5131782
7,7,none,random_linear,896,99,0,2,False,0.05017765,0.13550527,0.6517083,0.16260879
7,7,none,random_linear,897,99,1,2,False,0.04801867,0.33437014,0.48105934,0.13655192
7,7,none,random_linear,898,99,1,1,True,0.13988468,0.6484435,0.07069896,0.14097285
7,7,none,random_linear,899,99,0,2,False,0.024139687,0.0032653734,0.77093476,0.2016602
7,7,none,random_linear,900,99,0,2,False,0.011223865,0.0065791435,0.9666354,0.015561572
7,7,none,random_linear,901,99,1,2,False,0.007924447,0.30582502,0.3722436,0.31400695
7,7,none,random_linear,902,99,0,2,False,0.013515873,0.086629316,0.86587256,0.033982188
7,7,none,random_linear,903,99,1,3,False,0.38945863,0.118722886,0.09367658,0.39814195
7,7,none,random_linear,904,99,1,2,False,0.018714737,0.052728552,0.6516405,0.27691627
7,7,none,random_linear,905,99,0,2,False,0.017393928,0.011648271,0.84933,0.121627875
7,7,none,random_linear,906,99,0,3,False,0.11038235,0.0035203677,0.28158394,0.60451335
7,7,none,random_linear,907,99,1,2,False,0.06601118,0.07194481,0.66282976,0.19921425
7,7,none,random_linear,908,99,1,2,False,0.01499845,0.01308763,0.75122124,0.22069272
7,7,none,random_linear,909,99,2,3,False,0.006995543,0.008373595,0.46877572,0.51585513
7,7,none,random_linear,910,99,3,3,True,0.043229725,0.2948186,0.10420984,0.5577418
7,7,none,random_linear,911,99,2,2,True,0.06860724,0.06961406,0.7119496,0.14982913
7,7,none,random_linear,912,99,3,2,False,0.008242146,0.042705815,0.8450375,0.104014456
7,7,none,random_linear,913,99,3,2,False,0.038258206,0.018039782,0.753613,0.19008896
7,7,none,random_linear,914,99,2,3,False,0.02441713,0.015966788,0.44553342,0.5140826
7,7,none,random_linear,915,99,2,3,False,0.011790613,0.01855849,0.32536978,0.64428115
7,7,none,random_linear,916,99,3,3,True,0.021417135,0.032849178,0.38524115,0.5604925
7,7,none,random_linear,917,99,3,0,False,0.56897086,0.0025031758,0.3579404,0.07058549
7,7,none,random_linear,918,99,2,0,False,0.47483864,0.0019123089,0.4397177,0.083531305
7,7,none,random_linear,919,99,3,3,True,0.2333377,0.13628897,0.08627558,0.5440978
7,7,none,random_linear,920,99,2,2,True,0.14394858,0.020234287,0.556921,0.27889618
7,7,none,random_linear,921,99,3,2,False,0.0065562758,0.038136266,0.7833459,0.17196153
7,7,none,random_linear,922,99,2,2,True,0.0035955927,0.37695205,0.5803029,0.03914951
7,7,none,random_linear,923,99,3,3,True,0.042878713,0.04260246,0.14044894,0.7740699
7,7,none,random_linear,924,100,0,0,True,0.6586113,0.005073928,0.3124398,0.02387501
7,7,none,random_linear,925,100,1,2,False,0.009670187,0.07241543,0.5488177,0.36909673
7,7,none,random_linear,926,100,1,1,True,0.010260828,0.67202276,0.16297834,0.15473813
7,7,none,random_linear,927,100,0,3,False,0.016067838,0.088896304,0.38415134,0.5108845
7,7,none,random_linear,928,100,0,0,True,0.93355334,0.0008259181,0.025075473,0.040545307
7,7,none,random_linear,929,100,1,2,False,0.04921393,0.041500505,0.5220196,0.38726598
7,7,none,random_linear,930,100,0,0,True,0.9724319,8.2991246e-05,0.015507145,0.011977941
7,7,none,random_linear,931,100,1,3,False,0.014947903,0.0272083,0.47141612,0.4864277
7,7,none,random_linear,932,100,1,1,True,0.0015552525,0.9792962,0.016962217,0.0021863848
7,7,none,random_linear,933,100,0,2,False,0.02865539,0.0067024264,0.8317149,0.13292722
7,7,none,random_linear,934,100,1,2,False,0.004415492,0.37488714,0.47948965,0.14120775
7,7,none,random_linear,935,100,0,2,False,0.061097115,0.0013817619,0.9215627,0.015958436
7,7,none,random_linear,936,100,3,3,True,0.034395404,0.004622383,0.025704933,0.93527734
7,7,none,random_linear,937,100,2,2,True,0.08242388,0.01026145,0.8900479,0.017266747
7,7,none,random_linear,938,100,3,3,True,0.05472493,0.0018490463,0.081581935,0.8618441
7,7,none,random_linear,939,100,2,2,True,0.029818695,0.05953786,0.80275154,0.1078919
7,7,none,random_linear,940,100,3,2,False,0.06081254,0.0016155139,0.5094528,0.42811912
7,7,none,random_linear,941,100,2,2,True,0.039737638,0.008891707,0.9441481,0.0072225127
7,7,none,random_linear,942,100,3,2,False,0.16080207,0.029783161,0.41006193,0.39935288
7,7,none,random_linear,943,100,2,2,True,0.017448917,0.0009503817,0.9784712,0.0031295146
7,7,none,random_linear,944,100,3,2,False,0.027066125,0.0074213245,0.93562293,0.02988957
7,7,none,random_linear,945,100,2,2,True,0.00940296,0.017802745,0.96967906,0.003115303
7,7,none,random_linear,946,100,3,1,False,0.0029983113,0.6318363,0.20017734,0.1649881
7,7,none,random_linear,947,100,2,2,True,0.049144827,0.023509845,0.8903246,0.03702074
7,7,none,random_linear,948,100,1,1,True,0.005077175,0.7754518,0.21779245,0.0016786834
7,7,none,random_linear,949,100,0,2,False,0.37234557,0.0299482,0.50867647,0.089029744
7,7,none,random_linear,950,100,0,0,True,0.5997983,0.016875498,0.12921393,0.2541123
7,7,none,random_linear,951,100,1,2,False,0.01972506,0.12522914,0.79004145,0.065004334
7,7,none,random_linear,952,100,1,2,False,0.12349758,0.31191316,0.37746468,0.1871246
7,7,none,random_linear,953,100,0,2,False,0.033660874,0.045388132,0.85496664,0.06598435
7,7,none,random_linear,954,100,0,3,False,0.3782111,0.07705195,0.13604523,0.4086917
7,7,none,random_linear,955,100,1,1,True,0.0022094948,0.85790634,0.06513664,0.07474757
7,7,none,random_linear,956,100,1,1,True,0.027469609,0.49912047,0.036681045,0.43672892
7,7,none,random_linear,957,100,0,2,False,0.0115080215,0.31468114,0.47778404,0.1960268
7,7,none,random_linear,958,100,0,0,True,0.79576683,0.023190862,0.16303214,0.018010179
7,7,none,random_linear,959,100,1,1,True,0.0019138766,0.9416874,0.04591707,0.010481629
7,7,none,random_linear,960,100,3,3,True,0.024391329,0.0057414696,0.124135554,0.8457317
7,7,none,random_linear,961,100,2,2,True,0.028239056,0.0014754564,0.8410266,0.12925883
7,7,none,random_linear,962,100,2,2,True,0.03062936,0.0019005,0.95545614,0.0120140165
7,7,none,random_linear,963,100,3,3,True,0.031687215,0.049357634,0.089320675,0.8296344
7,7,none,random_linear,964,100,2,2,True,0.24005623,0.11742671,0.5831817,0.05933543
7,7,none,random_linear,965,100,3,0,False,0.4660024,0.0008141775,0.08935525,0.44382823
7,7,none,random_linear,966,100,2,2,True,0.009327465,0.0417688,0.8864379,0.06246588
7,7,none,random_linear,967,100,3,0,False,0.41915712,0.034993935,0.23518051,0.3106684
7,7,none,random_linear,968,100,2,2,True,0.36417177,0.1408199,0.4854017,0.009606669
7,7,none,random_linear,969,100,3,1,False,0.023676999,0.3870607,0.37844446,0.21081783
7,7,none,random_linear,970,100,2,3,False,0.19989492,0.06150705,0.36909747,0.36950058
7,7,none,random_linear,971,100,3,3,True,0.2474127,0.08677282,0.27069837,0.39511606
7,7,none,random_linear,972,100,1,1,True,0.0076845298,0.60715425,0.1743264,0.21083482
7,7,none,random_linear,973,100,0,0,True,0.5215898,0.015476119,0.25958863,0.20334537
7,7,none,random_linear,974,100,0,2,False,0.0010134295,0.0010448103,0.8763629,0.12157877
7,7,none,random_linear,975,100,1,2,False,0.046666343,0.0038695857,0.9262855,0.023178669
7,7,none,random_linear,976,100,1,1,True,0.0032684035,0.8846641,0.10798215,0.004085339
7,7,none,random_linear,977,100,0,0,True,0.96653974,8.7467764e-05,0.03086833,0.0025044836
7,7,none,random_linear,978,100,0,0,True,0.5608266,0.008831817,0.37402257,0.056318995
7,7,none,random_linear,979,100,1,1,True,0.16427842,0.48827788,0.16124526,0.18619849
7,7,none,random_linear,980,100,1,2,False,0.007556058,0.21563573,0.6105367,0.16627158
7,7,none,random_linear,981,100,0,0,True,0.66900533,0.008152574,0.31516403,0.0076780287
7,7,none,random_linear,982,100,0,2,False,0.3004024,0.04842988,0.32659099,0.3245767
7,7,none,random_linear,983,100,1,2,False,0.027837895,0.2966367,0.53290105,0.14262435
7,7,none,random_linear,984,100,2,2,True,0.03461877,0.04599272,0.81162935,0.107759155
7,7,none,random_linear,985,100,3,2,False,0.0018987865,0.006880167,0.5777312,0.41348982
7,7,none,random_linear,986,100,2,3,False,0.076833755,0.054512665,0.35927525,0.5093783
7,7,none,random_linear,987,100,3,3,True,0.00664038,0.12368534,0.24013868,0.62953556
7,7,none,random_linear,988,100,3,3,True,0.038282823,0.37360483,0.13778087,0.4503315
7,7,none,random_linear,989,100,2,2,True,0.36450145,0.09131266,0.54022795,0.003957946
7,7,none,random_linear,990,100,2,2,True,0.066918604,0.0948979,0.62009054,0.21809292
7,7,none,random_linear,991,100,3,2,False,0.013035706,0.02334594,0.67768174,0.28593662
7,7,none,random_linear,992,100,3,3,True,0.0015557818,0.032966018,0.08013602,0.8853421
7,7,none,random_linear,993,100,2,2,True,0.037566654,0.021977125,0.62354267,0.31691355
7,7,none,random_linear,994,100,2,2,True,0.031814527,0.00767087,0.78864396,0.17187063
7,7,none,random_linear,995,100,3,3,True,0.00059907296,0.002909159,0.10914499,0.88734674
7,7,none,random_linear,996,101,0,0,True,0.58760846,0.015005765,0.39195588,0.005429909
7,7,none,random_linear,997,101,1,1,True,0.0042634946,0.92716366,0.051002536,0.017570235
7,7,none,random_linear,998,101,1,0,False,0.49379948,0.3460069,0.14315467,0.017038973
7,7,none,random_linear,999,101,0,0,True,0.9985813,0.000634068,0.00060647697,0.00017809239
7,7,none,random_linear,1000,101,1,1,True,0.0042243064,0.98940945,0.004981049,0.0013853338
7,7,none,random_linear,1001,101,0,0,True,0.9997876,0.0001509526,5.688268e-05,4.5186966e-06
7,7,none,random_linear,1002,101,1,1,True,0.0009174922,0.99838626,0.000100589226,0.00059565273
7,7,none,random_linear,1003,101,0,0,True,0.99978656,5.8235542e-05,0.00013643673,1.869416e-05
7,7,none,random_linear,1004,101,1,1,True,0.0044510015,0.99338865,0.0011252044,0.0010351267
7,7,none,random_linear,1005,101,0,0,True,0.99903345,0.0007122825,0.00024938598,4.9246555e-06
7,7,none,random_linear,1006,101,0,0,True,0.99917644,4.8490943e-05,0.0007663059,8.683938e-06
7,7,none,random_linear,1007,101,1,1,True,0.004212466,0.97608113,0.017243814,0.0024625778
7,7,none,random_linear,1008,101,1,1,True,0.0014356821,0.9677202,0.027896572,0.0029476199
7,7,none,random_linear,1009,101,0,0,True,0.9762833,0.00013134646,0.019422555,0.004162697
7,7,none,random_linear,1010,101,0,0,True,0.99563605,0.0002740158,0.0039427243,0.00014716215
7,7,none,random_linear,1011,101,2,1,False,0.12222593,0.61718196,0.26030073,0.00029145088
7,7,none,random_linear,1012,101,3,1,False,0.14912137,0.68636775,0.15436675,0.010144166
7,7,none,random_linear,1013,101,2,2,True,0.44116282,0.017710337,0.52269953,0.01842731
7,7,none,random_linear,1014,101,3,0,False,0.52057415,0.19836809,0.10693428,0.17412354
7,7,none,random_linear,1015,101,3,2,False,0.034994587,0.061552107,0.8147662,0.08868714
7,7,none,random_linear,1016,101,2,2,True,0.13129847,0.06361478,0.7971551,0.007931636
7,7,none,random_linear,1017,101,2,2,True,0.014384777,0.09180704,0.8896021,0.004206152
7,7,none,random_linear,1018,101,3,3,True,0.3128855,0.13782285,0.13236885,0.4169228
7,7,none,random_linear,1019,101,2,1,False,0.09572622,0.59818524,0.30503353,0.0010550221
7,7,none,random_linear,1020,101,3,3,True,0.34895405,0.09135448,0.06535451,0.49433687
7,7,none,random_linear,1021,101,3,2,False,0.14138018,0.055826437,0.4811329,0.32166046
7,7,none,random_linear,1022,101,2,1,False,0.27959684,0.67061347,0.047752775,0.0020368912
7,7,none,random_linear,1023,101,2,0,False,0.76705706,0.025759509,0.20696534,0.00021813692
7,7,none,random_linear,1024,101,3,3,True,0.22887824,0.087079115,0.028485838,0.6555568
7,7,none,random_linear,1025,101,2,0,False,0.62356055,0.18439136,0.1899232,0.0021248856
7,7,none,random_linear,1026,101,1,1,True,0.024791002,0.8048339,0.16373664,0.0066385274
7,7,none,random_linear,1027,101,0,0,True,0.99924797,0.00017344256,0.0005538224,2.4817185e-05
7,7,none,random_linear,1028,101,0,0,True,0.994541,0.0035625221,0.001815626,8.083185e-05
7,7,none,random_linear,1029,101,1,1,True,0.43605512,0.5068447,0.047664694,0.009435481
7,7,none,random_linear,1030,101,1,1,True,0.00031969193,0.99729735,0.0022387463,0.00014425375
7,7,none,random_linear,1031,101,0,0,True,0.9979317,0.00019710959,0.0018640269,7.1857444e-06
7,7,none,random_linear,1032,101,0,0,True,0.9987863,0.0006751391,0.000489015,4.959835e-05
7,7,none,random_linear,1033,101,1,1,True,0.0013554557,0.98195595,0.01649677,0.00019184004
7,7,none,random_linear,1034,101,1,1,True,0.010122414,0.98513097,0.004313107,0.00043347912
7,7,none,random_linear,1035,101,0,0,True,0.9996674,3.6021534e-05,0.00023161709,6.4984975e-05
7,7,none,random_linear,1036,101,1,1,True,0.020988518,0.95581305,0.018399665,0.0047987606
7,7,none,random_linear,1037,101,0,0,True,0.9998092,0.00012364845,6.3898195e-05,3.372985e-06
7,7,none,random_linear,1038,101,1,1,True,0.033711288,0.96259356,0.0031393035,0.0005558881
7,7,none,random_linear,1039,101,0,0,True,0.94845355,0.009517036,0.025388317,0.016641036
7,7,none,random_linear,1040,101,1,2,False,0.25675035,0.32020688,0.37693352,0.04610931
7,7,none,random_linear,1041,101,2,2,True,0.26755667,0.11895385,0.61261195,0.0008775532
7,7,none,random_linear,1042,101,3,2,False,0.32337222,0.09482615,0.54693025,0.03487136
7,7,none,random_linear,1043,101,2,1,False,0.06649689,0.6990138,0.23370877,0.0007804926
7,7,none,random_linear,1044,101,3,0,False,0.5181622,0.10283425,0.016698884,0.36230463
7,7,none,random_linear,1045,101,3,0,False,0.6229933,0.07769231,0.16847672,0.13083774
7,7,none,random_linear,1046,101,2,1,False,0.09627376,0.6288472,0.26225275,0.012626354
7,7,none,random_linear,1047,101,2,2,True,0.2375707,0.10737361,0.6515931,0.0034626625
7,7,none,random_linear,1048,101,3,0,False,0.4736251,0.44057766,0.015406016,0.070391245
7,7,none,random_linear,1049,101,3,3,True,0.3247854,0.025125038,0.21671483,0.43337476
7,7,none,random_linear,1050,101,2,0,False,0.37299037,0.35911727,0.24011049,0.02778185
7,7,none,random_linear,1051,101,2,2,True,0.014421324,0.013173637,0.9720934,0.00031160752
7,7,none,random_linear,1052,101,3,0,False,0.6134764,0.21060984,0.051196218,0.124717556
7,7,none,random_linear,1053,101,2,0,False,0.66255295,0.020695068,0.30627742,0.01047458
7,7,none,random_linear,1054,101,3,0,False,0.7382836,0.02898083,0.07504133,0.15769435
7,7,none,random_linear,1055,101,2,1,False,0.30678448,0.45201537,0.22005881,0.021141311
7,7,none,random_linear,1056,101,0,0,True,0.9985049,0.00015638834,0.0013028827,3.5882087e-05
7,7,none,random_linear,1057,101,1,1,True,0.06174367,0.8189751,0.11245031,0.006830906
7,7,none,random_linear,1058,101,0,0,True,0.9986665,0.00035327175,0.0009650538,1.5257723e-05
7,7,none,random_linear,1059,101,1,1,True,0.042474996,0.8751399,0.03468933,0.04769571
7,7,none,random_linear,1060,101,1,1,True,0.011719281,0.9137171,0.013718859,0.060844757
7,7,none,random_linear,1061,101,0,0,True,0.9968444,0.0018200992,0.00078910246,0.0005465677
7,7,none,random_linear,1062,101,1,1,True,0.00077138055,0.9990736,8.709861e-05,6.788243e-05
7,7,none,random_linear,1063,101,0,0,True,0.9994649,0.00031031785,0.00020817248,1.652096e-05
7,7,none,random_linear,1064,101,1,1,True,0.0006139415,0.98972857,0.008129867,0.0015275825
7,7,none,random_linear,1065,101,0,0,True,0.9973801,0.0002776017,0.0020296338,0.00031261853
7,7,none,random_linear,1066,101,1,1,True,0.009565524,0.94098,0.03128347,0.018171018
7,7,none,random_linear,1067,101,0,0,True,0.99946946,9.47241e-05,0.00038243833,5.3407e-05
7,7,none,random_linear,1068,101,0,0,True,0.94454426,0.014241145,0.04099483,0.00021983711
7,7,none,random_linear,1069,101,1,1,True,0.004672882,0.9893638,0.0020203672,0.0039429683
7,7,none,random_linear,1070,101,1,1,True,0.0028123572,0.96176517,0.033553727,0.0018686891
7,7,none,random_linear,1071,101,3,3,True,0.09637251,0.048728034,0.14802912,0.7068704
7,7,none,random_linear,1072,101,2,2,True,0.006844966,0.01013589,0.9813663,0.0016528715
7,7,none,random_linear,1073,101,3,0,False,0.6569173,0.16671684,0.059943475,0.11642241
7,7,none,random_linear,1074,101,2,2,True,0.15897496,0.024690753,0.79336023,0.022973968
7,7,none,random_linear,1075,101,2,2,True,0.16926381,0.23880997,0.58176196,0.010164267
7,7,none,random_linear,1076,101,3,0,False,0.5552357,0.16883142,0.15003464,0.12589827
7,7,none,random_linear,1077,101,3,0,False,0.63398486,0.033541664,0.07910994,0.2533635
7,7,none,random_linear,1078,101,2,3,False,0.28499022,0.054426204,0.108247325,0.5523363
7,7,none,random_linear,1079,101,2,2,True,0.011001987,0.002346042,0.98637134,0.00028068703
7,7,none,random_linear,1080,101,3,3,True,0.2635591,0.048874144,0.061378002,0.6261888
7,7,none,random_linear,1081,101,3,3,True,0.06803283,0.07002347,0.32537866,0.536565
7,7,none,random_linear,1082,101,2,3,False,0.16000672,0.1570893,0.29260758,0.3902964
7,7,none,random_linear,1083,101,3,3,True,0.30825442,0.16237931,0.16672961,0.36263666
7,7,none,random_linear,1084,101,2,2,True,0.06390524,0.31765953,0.46245345,0.15598167
7,7,none,random_linear,1085,101,2,1,False,0.03462974,0.5157267,0.4390322,0.010611336
7,7,none,random_linear,1086,102,1,1,True,0.0030169948,0.9778611,0.01306403,0.0060578943
7,7,none,random_linear,1087,102,0,0,True,0.80332285,0.029174173,0.14746429,0.020038713
7,7,none,random_linear,1088,102,1,2,False,0.011141323,0.38434985,0.5535934,0.05091541
7,7,none,random_linear,1089,102,0,0,True,0.9852564,0.0026399563,0.0076183076,0.004485422
7,7,none,random_linear,1090,102,1,2,False,0.06651308,0.33512384,0.58269113,0.015671892
7,7,none,random_linear,1091,102,0,0,True,0.6696223,0.025957821,0.2298269,0.074593045
7,7,none,random_linear,1092,102,0,0,True,0.9833761,0.0012129399,0.013981517,0.0014294274
7,7,none,random_linear,1093,102,1,0,False,0.34678972,0.104210176,0.30095133,0.24804881
7,7,none,random_linear,1094,102,0,0,True,0.7602869,0.043113768,0.14197832,0.05462091
7,7,none,random_linear,1095,102,1,2,False,0.08570724,0.12279528,0.78445715,0.0070403493
7,7,none,random_linear,1096,102,0,0,True,0.7812399,0.01422793,0.16396615,0.040566057
7,7,none,random_linear,1097,102,1,2,False,0.0283365,0.19451366,0.75802153,0.019128371
7,7,none,random_linear,1098,102,0,0,True,0.4739453,0.086149804,0.20946088,0.23044394
7,7,none,random_linear,1099,102,1,2,False,0.153964,0.07358383,0.7480065,0.024445718
7,7,none,random_linear,1100,102,1,1,True,0.016790299,0.9583882,0.023970231,0.0008512529
7,7,none,random_linear,1101,102,2,2,True,0.110616095,0.16429313,0.6246784,0.100412406
7,7,none,random_linear,1102,102,3,3,True,0.17832586,0.083832785,0.3182324,0.4196089
7,7,none,random_linear,1103,102,2,2,True,0.1241554,0.20078911,0.5969893,0.078066215
7,7,none,random_linear,1104,102,3,0,False,0.32109442,0.106144115,0.27333972,0.29942176
7,7,none,random_linear,1105,102,2,0,False,0.56136787,0.017705744,0.40028486,0.020641498
7,7,none,random_linear,1106,102,3,2,False,0.09155258,0.09097209,0.55260104,0.2648743
7,7,none,random_linear,1107,102,2,2,True,0.15394098,0.011614456,0.78391224,0.05053231
7,7,none,random_linear,1108,102,3,3,True,0.13021843,0.049878158,0.24160971,0.5782937
7,7,none,random_linear,1109,102,3,3,True,0.2538436,0.031231072,0.12919667,0.58572865
7,7,none,random_linear,1110,102,2,2,True,0.04071944,0.030237984,0.9251744,0.003868156
7,7,none,random_linear,1111,102,3,2,False,0.018823596,0.10054584,0.7373295,0.14330108
7,7,none,random_linear,1112,102,2,2,True,0.23216106,0.012611441,0.5346266,0.2206009
7,7,none,random_linear,1113,102,2,2,True,0.12992395,0.09041904,0.74239993,0.03725707
7,7,none,random_linear,1114,102,3,0,False,0.48656684,0.038853,0.38691512,0.08766509
7,7,none,random_linear,1115,102,2,2,True,0.031501353,0.11136878,0.7337473,0.123382516
7,7,none,random_linear,1116,102,1,1,True,0.004178882,0.95373017,0.04093838,0.001152538
7,7,none,random_linear,1117,102,0,2,False,0.23009843,0.12746762,0.37908736,0.2633466
7,7,none,random_linear,1118,102,1,1,True,0.026902556,0.5592769,0.25465035,0.1591702
7,7,none,random_linear,1119,102,0,0,True,0.62726086,0.028577918,0.26847616,0.07568506
7,7,none,random_linear,1120,102,0,0,True,0.9038597,0.030232979,0.05174622,0.014161203
7,7,none,random_linear,1121,102,1,2,False,0.019739455,0.21200249,0.7414325,0.02682557
7,7,none,random_linear,1122,102,0,2,False,0.18545683,0.1955404,0.4885411,0.13046168
7,7,none,random_linear,1123,102,1,2,False,0.053331148,0.15857492,0.7211327,0.06696118
7,7,none,random_linear,1124,102,0,2,False,0.46901357,0.020464193,0.48602575,0.024496533
7,7,none,random_linear,1125,102,1,2,False,0.16131327,0.107555754,0.59908086,0.13205013
7,7,none,random_linear,1126,102,1,1,True,0.0020839956,0.9817722,0.006776369,0.009367487
7,7,none,random_linear,1127,102,0,2,False,0.13927017,0.039471716,0.5284089,0.2928492
7,7,none,random_linear,1128,102,1,1,True,0.00169028,0.9862881,0.009595349,0.0024263053
7,7,none,random_linear,1129,102,0,2,False,0.1620619,0.07937793,0.4233338,0.33522642
7,7,none,random_linear,1130,102,1,2,False,0.12641107,0.18083027,0.5419372,0.1508215
7,7,none,random_linear,1131,102,2,2,True,0.008443232,0.011597974,0.9751796,0.004779212
7,7,none,random_linear,1132,102,3,2,False,0.022679403,0.085416034,0.6477024,0.24420217
7,7,none,random_linear,1133,102,3,2,False,0.018461103,0.024719197,0.6466628,0.31015697
7,7,none,random_linear,1134,102,2,2,True,0.027128533,0.02329056,0.9278532,0.021727623
7,7,none,random_linear,1135,102,2,2,True,0.05918724,0.23088251,0.54736435,0.16256593
7,7,none,random_linear,1136,102,3,2,False,0.013452494,0.022005456,0.89578587,0.06875617
7,7,none,random_linear,1137,102,3,2,False,0.058382068,0.036773734,0.70360494,0.20123926
7,7,none,random_linear,1138,102,2,2,True,0.005392304,0.05515682,0.92766917,0.011781696
7,7,none,random_linear,1139,102,2,2,True,0.050043467,0.032531995,0.85168296,0.06574157
7,7,none,random_linear,1140,102,3,2,False,0.22399598,0.06988023,0.45522985,0.25089395
7,7,none,random_linear,1141,102,2,2,True,0.010415869,0.037557002,0.5368612,0.41516593
7,7,none,random_linear,1142,102,3,3,True,0.014986106,0.10396206,0.32403263,0.5570192
7,7,none,random_linear,1143,102,3,2,False,0.041940622,0.0051668636,0.7292351,0.22365746
7,7,none,random_linear,1144,102,2,2,True,0.23966417,0.06268799,0.45964447,0.2380034
7,7,none,random_linear,1145,102,2,2,True,0.013281589,0.10381288,0.85614175,0.026763756
7,7,none,random_linear,1146,102,0,2,False,0.15989652,0.017241487,0.7879637,0.03489828
7,7,none,random_linear,1147,102,1,1,True,0.0028973317,0.95155823,0.04060694,0.0049374965
7,7,none,random_linear,1148,102,0,2,False,0.022109779,0.0063972813,0.89425707,0.07723587
7,7,none,random_linear,1149,102,1,1,True,0.009408598,0.9394768,0.035768256,0.015346288
7,7,none,random_linear,1150,102,1,2,False,0.031055331,0.099968754,0.85961694,0.009358939
7,7,none,random_linear,1151,102,0,2,False,0.22011964,0.10080173,0.5855246,0.09355405
7,7,none,random_linear,1152,102,0,2,False,0.059436128,0.03730017,0.8811711,0.022092551
7,7,none,random_linear,1153,102,1,2,False,0.050241057,0.34430754,0.37753713,0.22791424
7,7,none,random_linear,1154,102,0,2,False,0.1098957,0.10309814,0.74627787,0.040728312
7,7,none,random_linear,1155,102,1,2,False,0.088665396,0.039477903,0.70661557,0.16524115
7,7,none,random_linear,1156,102,1,1,True,0.008150535,0.5696278,0.17870422,0.24351735
7,7,none,random_linear,1157,102,0,3,False,0.17155668,0.1053962,0.33979666,0.38325042
7,7,none,random_linear,1158,102,1,2,False,0.19244738,0.26122805,0.3343207,0.21200395
7,7,none,random_linear,1159,102,0,0,True,0.4667278,0.01981603,0.37004542,0.14341079
7,7,none,random_linear,1160,102,0,0,True,0.83163446,0.008383137,0.04858522,0.11139716
7,7,none,random_linear,1161,102,2,2,True,0.018285517,0.031074766,0.94425803,0.006381707
7,7,none,random_linear,1162,102,3,3,True,0.04360319,0.048457872,0.36728343,0.5406555
7,7,none,random_linear,1163,102,3,3,True,0.034036588,0.036775652,0.059955936,0.8692318
7,7,none,random_linear,1164,102,2,2,True,0.13322212,0.22063567,0.5216851,0.12445708
7,7,none,random_linear,1165,102,2,2,True,0.009988099,0.021618132,0.70321923,0.2651746
7,7,none,random_linear,1166,102,3,3,True,0.43643093,0.007883326,0.11570642,0.43997937
7,7,none,random_linear,1167,102,2,2,True,0.078947216,0.012525517,0.8460516,0.062475663
7,7,none,random_linear,1168,102,3,3,True,0.21637583,0.031024257,0.36719832,0.38540155
7,7,none,random_linear,1169,102,2,2,True,0.0763084,0.062166244,0.44722664,0.4142987
7,7,none,random_linear,1170,102,3,2,False,0.05396353,0.049979404,0.68283355,0.2132235
7,7,none,random_linear,1171,102,2,2,True,0.034634106,0.32328445,0.35458234,0.28749913
7,7,none,random_linear,1172,102,3,3,True,0.019564489,0.0058214413,0.1642776,0.8103365
7,7,none,random_linear,1173,102,2,2,True,0.10402723,0.27519062,0.5553971,0.06538509
7,7,none,random_linear,1174,102,3,2,False,0.090174645,0.027388748,0.48192564,0.40051094
7,7,none,random_linear,1175,102,3,3,True,0.07533569,0.08634639,0.052947637,0.78537035
7,7,none,random_linear,1176,103,0,0,True,0.3644676,0.011479687,0.33493125,0.28912148
7,7,none,random_linear,1177,103,1,2,False,0.002883697,0.20853624,0.7271078,0.06147224
7,7,none,random_linear,1178,103,1,2,False,0.016356269,0.3935449,0.495925,0.094173774
7,7,none,random_linear,1179,103,0,1,False,0.027608307,0.58185154,0.1603243,0.23021592
7,7,none,random_linear,1180,103,1,1,True,0.09552036,0.5846944,0.15234423,0.16744106
7,7,none,random_linear,1181,103,0,3,False,0.15361047,0.06854352,0.040652446,0.7371935
7,7,none,random_linear,1182,103,0,0,True,0.97034,0.00034327534,0.02574701,0.0035696335
7,7,none,random_linear,1183,103,1,1,True,0.004344881,0.6688395,0.3230932,0.0037223396
7,7,none,random_linear,1184,103,0,0,True,0.68783385,0.026194848,0.26204476,0.023926595
7,7,none,random_linear,1185,103,1,2,False,0.058299124,0.1610859,0.76997817,0.010636841
7,7,none,random_linear,1186,103,0,0,True,0.84295195,0.014892471,0.14153199,0.00062348763
7,7,none,random_linear,1187,103,1,0,False,0.50197685,0.20259403,0.23332338,0.06210577
7,7,none,random_linear,1188,103,1,1,True,0.018345313,0.64633787,0.29263496,0.042681813
7,7,none,random_linear,1189,103,0,0,True,0.5463923,0.015761213,0.4372541,0.0005923895
7,7,none,random_linear,1190,103,1,2,False,0.028377611,0.13780177,0.5525711,0.28124943
7,7,none,random_linear,1191,103,3,2,False,0.006410224,0.029257242,0.8840645,0.08026802
7,7,none,random_linear,1192,103,2,2,True,0.010633692,0.0025532385,0.98327905,0.0035340698
7,7,none,random_linear,1193,103,2,2,True,0.035315946,0.022613578,0.90754557,0.0345249
7,7,none,random_linear,1194,103,3,0,False,0.54794323,0.021209499,0.113569565,0.31727773
7,7,none,random_linear,1195,103,2,3,False,0.30372602,0.17877269,0.08578473,0.4317166
7,7,none,random_linear,1196,103,3,2,False,0.34966654,0.024229988,0.5350497,0.09105376
7,7,none,random_linear,1197,103,3,2,False,0.1270511,0.015054956,0.70056266,0.15733132
7,7,none,random_linear,1198,103,2,2,True,0.042756476,0.0051014554,0.94874954,0.0033925222
7,7,none,random_linear,1199,103,2,2,True,0.14534996,0.13044296,0.72096306,0.003243995
7,7,none,random_linear,1200,103,3,1,False,0.13872577,0.65276974,0.018156197,0.19034831
7,7,none,random_linear,1201,103,3,2,False,0.030815318,0.13942225,0.47674063,0.35302177
7,7,none,random_linear,1202,103,2,2,True,0.006363165,0.0017347028,0.9917067,0.00019541936
7,7,none,random_linear,1203,103,3,0,False,0.6233053,0.08387266,0.21205565,0.080766454
7,7,none,random_linear,1204,103,2,1,False,0.22404379,0.5578848,0.20234916,0.015722161
7,7,none,random_linear,1205,103,2,1,False,0.061582666,0.59866077,0.19351844,0.14623822
7,7,none,random_linear,1206,103,1,2,False,0.008844351,0.007848082,0.9817469,0.0015605928
7,7,none,random_linear,1207,103,0,3,False,0.18725798,0.018494932,0.3393278,0.45491928
7,7,none,random_linear,1208,103,1,2,False,0.0034363575,0.44751135,0.5444819,0.0045704586
7,7,none,random_linear,1209,103,0,0,True,0.58513737,0.056833167,0.2807395,0.077289954
7,7,none,random_linear,1210,103,0,0,True,0.9652727,0.0017962959,0.013427741,0.019503256
7,7,none,random_linear,1211,103,1,3,False,0.013059577,0.2990541,0.2572175,0.43066883
7,7,none,random_linear,1212,103,1,3,False,0.054585103,0.076919466,0.1141846,0.75431085
7,7,none,random_linear,1213,103,0,0,True,0.7886381,0.06711727,0.13565986,0.008584735
7,7,none,random_linear,1214,103,0,2,False,0.36010417,0.14111072,0.4930919,0.0056931307
7,7,none,random_linear,1215,103,1,2,False,0.24829552,0.008324549,0.70882636,0.03455354
7,7,none,random_linear,1216,103,1,1,True,0.004140969,0.97346896,0.017694246,0.0046957773
7,7,none,random_linear,1217,103,0,0,True,0.87079793,0.0048248325,0.111070305,0.013306986
7,7,none,random_linear,1218,103,0,2,False,0.29972336,0.00581813,0.69298625,0.0014722438
7,7,none,random_linear,1219,103,1,2,False,0.047286496,0.1561884,0.79531735,0.0012077586
7,7,none,random_linear,1220,103,0,2,False,0.47729483,0.005118718,0.515763,0.0018234997
7,7,none,random_linear,1221,103,2,2,True,0.0068619996,0.004139474,0.97936743,0.00963113
7,7,none,random_linear,1222,103,3,2,False,0.0038687098,0.0013394714,0.939787,0.055004865
7,7,none,random_linear,1223,103,2,2,True,0.01940237,0.18892787,0.78856623,0.0031035426
7,7,none,random_linear,1224,103,3,2,False,0.039781064,0.008061481,0.82331276,0.1288447
7,7,none,random_linear,1225,103,3,3,True,0.052457638,0.013095956,0.08145916,0.8529873
7,7,none,random_linear,1226,103,2,2,True,0.17339352,0.013702802,0.65453416,0.15836954
7,7,none,random_linear,1227,103,3,2,False,0.118800275,0.051882576,0.44701612,0.38230094
7,7,none,random_linear,1228,103,2,2,True,0.09998438,0.10029765,0.6240382,0.17567976
7,7,none,random_linear,1229,103,3,3,True,0.102913626,0.021091413,0.039089013,0.83690596
7,7,none,random_linear,1230,103,2,2,True,0.05731813,0.02172349,0.8407679,0.08019049
7,7,none,random_linear,1231,103,2,2,True,0.14583471,0.04096666,0.8077552,0.005443408
7,7,none,random_linear,1232,103,3,2,False,0.07305846,0.12268194,0.76530236,0.038957186
7,7,none,random_linear,1233,103,3,2,False,0.098062254,0.27419567,0.3346176,0.29312447
7,7,none,random_linear,1234,103,2,2,True,0.08613866,0.042751595,0.8383874,0.032722313
7,7,none,random_linear,1235,103,3,2,False,0.008917972,0.05176227,0.60429215,0.33502755
7,7,none,random_linear,1236,103,1,1,True,0.0207493,0.6079306,0.31835872,0.052961376
7,7,none,random_linear,1237,103,0,2,False,0.25279188,0.0022183647,0.6494427,0.09554711
7,7,none,random_linear,1238,103,0,0,True,0.869063,0.0054892506,0.04940512,0.0760426
7,7,none,random_linear,1239,103,1,2,False,0.008325199,0.058303647,0.88254994,0.050821226
7,7,none,random_linear,1240,103,1,3,False,0.0048124404,0.37402007,0.031425558,0.5897419
7,7,none,random_linear,1241,103,0,2,False,0.034909096,0.006421283,0.88746184,0.071207695
7,7,none,random_linear,1242,103,1,1,True,0.0012787652,0.86997384,0.012195549,0.11655184
7,7,none,random_linear,1243,103,0,2,False,0.2692307,0.003633297,0.7211995,0.0059366073
7,7,none,random_linear,1244,103,0,0,True,0.3682218,0.018074535,0.35075963,0.26294404
7,7,none,random_linear,1245,103,1,3,False,0.027212631,0.31554973,0.31283838,0.3443993
7,7,none,random_linear,1246,103,0,2,False,0.46184203,0.008101424,0.51948154,0.010575061
7,7,none,random_linear,1247,103,1,2,False,0.1560556,0.08892921,0.61272156,0.14229362
7,7,none,random_linear,1248,103,1,2,False,0.037353776,0.3719373,0.5639902,0.026718764
7,7,none,random_linear,1249,103,0,0,True,0.9712682,0.0013408401,0.024277592,0.0031132728
7,7,none,random_linear,1250,103,1,3,False,0.17248307,0.336206,0.049059074,0.4422519
7,7,none,random_linear,1251,103,3,3,True,0.0072554243,0.013327159,0.07481644,0.904601
7,7,none,random_linear,1252,103,2,2,True,0.006582191,0.40695447,0.52832174,0.058141604
7,7,none,random_linear,1253,103,3,3,True,0.107630484,0.15206826,0.2690948,0.4712065
7,7,none,random_linear,1254,103,2,0,False,0.3601763,0.18693101,0.29892573,0.15396705
7,7,none,random_linear,1255,103,2,2,True,0.052481506,0.12594123,0.8088008,0.012776411
7,7,none,random_linear,1256,103,3,0,False,0.42648757,0.12554835,0.22703743,0.2209266
7,7,none,random_linear,1257,103,2,1,False,0.32418352,0.40412626,0.09565423,0.17603597
7,7,none,random_linear,1258,103,3,0,False,0.41262925,0.3151961,0.11590978,0.1562649
7,7,none,random_linear,1259,103,2,2,True,0.012028324,0.010183734,0.9761377,0.0016503299
7,7,none,random_linear,1260,103,3,2,False,0.060348347,0.2854454,0.46777472,0.18643147
7,7,none,random_linear,1261,103,3,3,True,0.022409989,0.23783034,0.14333174,0.5964279
7,7,none,random_linear,1262,103,2,2,True,0.008236791,0.11035271,0.8764633,0.004947235
7,7,none,random_linear,1263,103,2,2,True,0.03319058,0.044072147,0.9209755,0.0017618359
7,7,none,random_linear,1264,103,3,3,True,0.16779967,0.03889854,0.017713694,0.7755881
7,7,none,random_linear,1265,103,3,3,True,0.0019333267,0.11340018,0.028279528,0.85638696
7,7,none,random_linear,1266,104,0,0,True,0.33970934,0.252761,0.24416324,0.16336642
7,7,none,random_linear,1267,104,1,1,True,0.17488723,0.73143584,0.07710025,0.016576607
7,7,none,random_linear,1268,104,1,2,False,0.05301915,0.057717368,0.86954975,0.019713748
7,7,none,random_linear,1269,104,0,2,False,0.2417493,0.26172933,0.31040737,0.18611397
7,7,none,random_linear,1270,104,1,2,False,0.046930075,0.37529123,0.5052428,0.0725359
7,7,none,random_linear,1271,104,0,2,False,0.031048484,0.05783669,0.8959247,0.015190166
7,7,none,random_linear,1272,104,1,0,False,0.6162049,0.16646786,0.16961057,0.047716644
7,7,none,random_linear,1273,104,0,2,False,0.37323204,0.055728804,0.52254975,0.04848939
7,7,none,random_linear,1274,104,0,1,False,0.090268925,0.6251865,0.2743876,0.010156875
7,7,none,random_linear,1275,104,1,2,False,0.052289754,0.42373008,0.51092666,0.01305354
7,7,none,random_linear,1276,104,0,2,False,0.15353374,0.18776174,0.60753816,0.051166333
7,7,none,random_linear,1277,104,1,3,False,0.02950426,0.17043984,0.35396662,0.44608924
7,7,none,random_linear,1278,104,1,2,False,0.19174455,0.07054676,0.7119314,0.025777305
7,7,none,random_linear,1279,104,0,2,False,0.16186754,0.03884591,0.7421219,0.05716463
7,7,none,random_linear,1280,104,1,1,True,0.001981001,0.9695453,0.007010912,0.021462727
7,7,none,random_linear,1281,104,2,2,True,0.17182897,0.075794,0.6785056,0.073871434
7,7,none,random_linear,1282,104,3,2,False,0.049217515,0.09685322,0.6731538,0.18077551
7,7,none,random_linear,1283,104,3,3,True,0.13549732,0.030560257,0.15139116,0.6825513
7,7,none,random_linear,1284,104,2,1,False,0.01864137,0.6367688,0.3331884,0.01140137
7,7,none,random_linear,1285,104,3,2,False,0.17152514,0.10868505,0.54994375,0.16984606
7,7,none,random_linear,1286,104,2,1,False,0.042246196,0.87103546,0.065471224,0.021247126
7,7,none,random_linear,1287,104,2,2,True,0.028684815,0.25924802,0.6139788,0.09808835
7,7,none,random_linear,1288,104,3,3,True,0.04104435,0.077220425,0.033508312,0.8482269
7,7,none,random_linear,1289,104,2,1,False,0.020392118,0.7720936,0.20405576,0.0034585579
7,7,none,random_linear,1290,104,3,2,False,0.12509857,0.3169743,0.4548144,0.10311274
7,7,none,random_linear,1291,104,3,3,True,0.1180769,0.023071408,0.16242187,0.69642985
7,7,none,random_linear,1292,104,2,3,False,0.19841324,0.14291315,0.2122391,0.44643456
7,7,none,random_linear,1293,104,3,3,True,0.09878977,0.09731888,0.06275977,0.7411316
7,7,none,random_linear,1294,104,2,2,True,0.015846372,0.1712362,0.7533813,0.059536044
7,7,none,random_linear,1295,104,3,0,False,0.3567928,0.04741008,0.34233218,0.25346488
7,7,none,random_linear,1296,104,0,3,False,0.16860767,0.09019774,0.112160034,0.6290346
7,7,none,random_linear,1297,104,1,1,True,0.08442334,0.46047089,0.38670322,0.06840248
7,7,none,random_linear,1298,104,1,1,True,0.007122653,0.9777224,0.0071942583,0.007960607
7,7,none,random_linear,1299,104,0,0,True,0.88803613,0.03213197,0.07481062,0.005021277
7,7,none,random_linear,1300,104,0,0,True,0.9505465,0.0069899955,0.02774956,0.014713902
7,7,none,random_linear,1301,104,1,1,True,0.009505577,0.8174456,0.14226909,0.030779703
7,7,none,random_linear,1302,104,0,0,True,0.5016124,0.26173788,0.1727568,0.06389288
7,7,none,random_linear,1303,104,1,1,True,0.14868893,0.5906844,0.21989956,0.040727098
7,7,none,random_linear,1304,104,0,0,True,0.74112266,0.0903652,0.1594398,0.00907237
7,7,none,random_linear,1305,104,1,1,True,0.1135996,0.76872396,0.08922947,0.028446974
7,7,none,random_linear,1306,104,1,1,True,0.00016700082,0.82693094,0.16516279,0.00773938
7,7,none,random_linear,1307,104,0,0,True,0.9555033,0.02678128,0.015084046,0.0026313618
7,7,none,random_linear,1308,104,3,3,True,0.009824444,0.12236074,0.19845478,0.66936
7,7,none,random_linear,1309,104,2,2,True,0.049405057,0.35344982,0.4625524,0.13459274
7,7,none,random_linear,1310,104,3,3,True,0.25092536,0.122241646,0.1688899,0.45794314
7,7,none,random_linear,1311,104,2,0,False,0.47532496,0.07118959,0.27202255,0.18146285
7,7,none,random_linear,1312,104,3,0,False,0.5336706,0.09964585,0.0470104,0.31967315
7,7,none,random_linear,1313,104,2,2,True,0.056318626,0.14704429,0.7925385,0.004098544
7,7,none,random_linear,1314,104,3,3,True,0.050159708,0.20153402,0.2020016,0.5463047
7,7,none,random_linear,1315,104,2,2,True,0.262153,0.15327862,0.3204827,0.26408565
7,7,none,random_linear,1316,104,3,2,False,0.043062717,0.2655084,0.6118081,0.07962072
7,7,none,random_linear,1317,104,2,2,True,0.18076183,0.18518174,0.6176682,0.01638824
7,7,none,random_linear,1318,104,2,2,True,0.18646325,0.18648915,0.5911184,0.03592919
7,7,none,random_linear,1319,104,3,2,False,0.18672398,0.09361957,0.4832888,0.23636766
7,7,none,random_linear,1320,104,3,0,False,0.42534947,0.03403938,0.1387643,0.4018468
7,7,none,random_linear,1321,104,2,2,True,0.05508751,0.4006801,0.51333445,0.030897977
7,7,none,random_linear,1322,104,2,2,True,0.036456723,0.00822552,0.95131034,0.004007441
7,7,none,random_linear,1323,104,0,0,True,0.55114937,0.05464419,0.28489766,0.10930875
7,7,none,random_linear,1324,104,1,2,False,0.01708304,0.15336443,0.810248,0.019304441
7,7,none,random_linear,1325,104,0,2,False,0.20021567,0.025539884,0.7567211,0.017523415
7,7,none,random_linear,1326,104,1,2,False,0.053323533,0.24552733,0.6666392,0.034509923
7,7,none,random_linear,1327,104,0,2,False,0.09342234,0.08456658,0.79172534,0.030285753
7,7,none,random_linear,1328,104,1,3,False,0.009982253,0.24633802,0.2967918,0.4468879
7,7,none,random_linear,1329,104,0,0,True,0.9982028,8.373897e-05,0.0011122855,0.00060117745
7,7,none,random_linear,1330,104,1,2,False,0.08167542,0.13795024,0.6725931,0.10778122
7,7,none,random_linear,1331,104,1,1,True,0.06471077,0.8724787,0.04577073,0.017039722
7,7,none,random_linear,1332,104,0,1,False,0.16064069,0.7602326,0.06381195,0.015314707
7,7,none,random_linear,1333,104,0,2,False,0.3350275,0.056066055,0.5730694,0.035837054
7,7,none,random_linear,1334,104,1,0,False,0.31892383,0.19666235,0.30698013,0.1774337
7,7,none,random_linear,1335,104,1,2,False,0.22186434,0.0249503,0.49784714,0.25533816
7,7,none,random_linear,1336,104,0,0,True,0.50101167,0.009615738,0.4800541,0.009318527
7,7,none,random_linear,1337,104,0,2,False,0.40540162,0.033717588,0.47604436,0.0848364
7,7,none,random_linear,1338,104,2,2,True,0.0046021673,0.012719109,0.953554,0.029124673
7,7,none,random_linear,1339,104,3,2,False,0.071910985,0.29162103,0.60453314,0.031934846
7,7,none,random_linear,1340,104,2,2,True,0.25832158,0.25616544,0.4562842,0.029228775
7,7,none,random_linear,1341,104,3,3,True,0.022254582,0.049834345,0.10681638,0.8210947
7,7,none,random_linear,1342,104,3,3,True,0.05138541,0.14355727,0.07920583,0.72585154
7,7,none,random_linear,1343,104,2,2,True,0.006384523,0.03936041,0.94995135,0.004303709
7,7,none,random_linear,1344,104,3,3,True,0.017276634,0.00563496,0.038599417,0.938489
7,7,none,random_linear,1345,104,2,2,True,0.041414753,0.084152415,0.8575626,0.01687024
7,7,none,random_linear,1346,104,3,3,True,0.24775967,0.059678912,0.30099362,0.39156777
7,7,none,random_linear,1347,104,2,2,True,0.05931441,0.074681334,0.85952276,0.0064815427
7,7,none,random_linear,1348,104,3,3,True,0.0080765085,0.18531536,0.2829806,0.5236276
7,7,none,random_linear,1349,104,2,1,False,0.009936018,0.5424494,0.39365375,0.053960823
7,7,none,random_linear,1350,104,2,2,True,0.03368966,0.26277587,0.61615753,0.087376915
7,7,none,random_linear,1351,104,3,2,False,0.22120611,0.03183622,0.5314651,0.21549255
7,7,none,random_linear,1352,104,3,2,False,0.08876367,0.059421346,0.47260833,0.3792067
7,7,none,random_linear,1353,105,0,0,True,0.9728457,0.0011388,0.014662021,0.011353474
7,7,none,random_linear,1354,105,1,1,True,0.0010729198,0.97254544,0.024088526,0.0022931022
7,7,none,random_linear,1355,105,1,1,True,0.0006664473,0.97218823,0.020645699,0.006499647
7,7,none,random_linear,1356,105,0,0,True,0.9421732,0.0016751575,0.02856207,0.027589547
7,7,none,random_linear,1357,105,1,1,True,0.0001546834,0.88301027,0.11417912,0.0026560451
7,7,none,random_linear,1358,105,0,0,True,0.99847144,1.326273e-05,0.0013403062,0.00017502805
7,7,none,random_linear,1359,105,1,1,True,0.0010574897,0.9872685,0.007371641,0.0043024486
7,7,none,random_linear,1360,105,0,0,True,0.95986944,0.00074455194,0.014130395,0.025255676
7,7,none,random_linear,1361,105,0,0,True,0.967535,0.00094682875,0.028034532,0.0034835644
7,7,none,random_linear,1362,105,1,1,True,0.011228136,0.66871625,0.00953181,0.3105238
7,7,none,random_linear,1363,105,1,1,True,0.0002348779,0.95907086,0.019934468,0.020759843
7,7,none,random_linear,1364,105,0,0,True,0.9983571,0.00022980821,0.0007333968,0.0006797029
7,7,none,random_linear,1365,105,1,2,False,0.015482095,0.30177525,0.5786417,0.10410092
7,7,none,random_linear,1366,105,0,0,True,0.97253406,0.00021017012,0.02474014,0.00251573
7,7,none,random_linear,1367,105,0,0,True,0.8594001,0.010404292,0.116056316,0.014139273
7,7,none,random_linear,1368,105,3,3,True,0.053280555,0.012535465,0.060054146,0.87412983
7,7,none,random_linear,1369,105,2,3,False,0.0465587,0.05064057,0.43473968,0.468061
7,7,none,random_linear,1370,105,2,2,True,0.011089053,0.039777644,0.59587693,0.35325631
7,7,none,random_linear,1371,105,3,3,True,0.0059518926,0.014581118,0.34886795,0.630599
7,7,none,random_linear,1372,105,3,3,True,0.044628914,0.01121717,0.38751176,0.5566422
7,7,none,random_linear,1373,105,2,2,True,0.012071888,0.015566281,0.722462,0.24989982
7,7,none,random_linear,1374,105,3,3,True,0.0061630555,0.024173789,0.037612353,0.93205076
7,7,none,random_linear,1375,105,2,2,True,0.0069849524,0.017517986,0.9656146,0.009882467
7,7,none,random_linear,1376,105,3,1,False,0.01662602,0.39668998,0.20076996,0.385914
7,7,none,random_linear,1377,105,2,2,True,0.012898579,0.040080972,0.90477306,0.04224738
7,7,none,random_linear,1378,105,3,2,False,0.039006624,0.020038381,0.8806014,0.060353566
7,7,none,random_linear,1379,105,2,3,False,0.001088555,0.017230555,0.29976067,0.68192023
7,7,none,random_linear,1380,105,3,3,True,0.0021189365,0.0019646848,0.07441098,0.9215054
7,7,none,random_linear,1381,105,2,2,True,0.0064021884,0.007757923,0.97255874,0.013281117
7,7,none,random_linear,1382,105,2,2,True,0.0021506674,0.019036166,0.6193099,0.3595033
7,7,none,random_linear,1383,105,1,1,True,0.00012660334,0.97067654,0.028134653,0.0010622261
7,7,none,random_linear,1384,105,0,2,False,0.05513327,0.0015464283,0.78201944,0.16130093
7,7,none,random_linear,1385,105,1,1,True,0.00030021367,0.6194146,0.36108366,0.019201439
7,7,none,random_linear,1386,105,0,3,False,0.11953642,0.0010637264,0.32200715,0.5573927
7,7,none,random_linear,1387,105,0,2,False,0.19419795,0.00042709053,0.74143386,0.06394116
7,7,none,random_linear,1388,105,1,1,True,0.01037125,0.85433626,0.12247272,0.012819792
7,7,none,random_linear,1389,105,1,1,True,0.0003124361,0.9264415,0.07276148,0.00048464388
7,7,none,random_linear,1390,105,0,0,True,0.9043711,0.005209897,0.085577734,0.0048412485
7,7,none,random_linear,1391,105,0,0,True,0.7527312,0.015678445,0.22405596,0.007534371
7,7,none,random_linear,1392,105,1,1,True,0.0018031438,0.731724,0.25888273,0.0075900494
7,7,none,random_linear,1393,105,0,0,True,0.92027926,0.0023825662,0.05423598,0.02310221
7,7,none,random_linear,1394,105,1,1,True,0.0015220182,0.96968496,0.028042689,0.0007503831
7,7,none,random_linear,1395,105,0,2,False,0.07430117,0.0012663534,0.92057735,0.0038551735
7,7,none,random_linear,1396,105,1,1,True,4.722464e-05,0.9848978,0.014582792,0.00047218226
7,7,none,random_linear,1397,105,1,1,True,0.0048069856,0.76212543,0.20182987,0.031237658
7,7,none,random_linear,1398,105,3,2,False,0.002165565,0.0040611383,0.97227883,0.021494433
7,7,none,random_linear,1399,105,2,2,True,0.002921889,0.00889206,0.9453542,0.042831883
7,7,none,random_linear,1400,105,3,2,False,0.008961352,0.016264942,0.77951115,0.19526257
7,7,none,random_linear,1401,105,2,2,True,0.0034595472,0.0031269353,0.9862563,0.0071572405
7,7,none,random_linear,1402,105,3,2,False,0.0012128544,0.008241768,0.95520574,0.035339717
7,7,none,random_linear,1403,105,2,2,True,0.004855595,0.006857446,0.9763109,0.011976096
7,7,none,random_linear,1404,105,3,2,False,0.006572037,0.041368797,0.86627215,0.085787095
7,7,none,random_linear,1405,105,2,3,False,0.20533988,0.08970758,0.29374337,0.41120914
7,7,none,random_linear,1406,105,3,2,False,0.0060931486,0.0018555062,0.6334522,0.3585991
7,7,none,random_linear,1407,105,2,2,True,0.003097769,0.17092758,0.7375604,0.08841422
7,7,none,random_linear,1408,105,2,2,True,0.016344186,0.16526036,0.4840861,0.33430934
7,7,none,random_linear,1409,105,3,2,False,0.02081533,0.1918355,0.5935524,0.19379672
7,7,none,random_linear,1410,105,3,3,True,0.0067345244,0.042783692,0.14729582,0.803186
7,7,none,random_linear,1411,105,2,2,True,0.0030114027,0.015901254,0.945187,0.035900407
7,7,none,random_linear,1412,105,2,2,True,0.0034055896,0.014598833,0.97337997,0.008615633
7,7,none,random_linear,1413,105,1,3,False,0.0012024402,0.27128413,0.107305184,0.62020826
7,7,none,random_linear,1414,105,0,0,True,0.8072044,0.014500297,0.17490357,0.003391724
7,7,none,random_linear,1415,105,1,1,True,0.002794458,0.7551192,0.17750674,0.06457955
7,7,none,random_linear,1416,105,0,2,False,0.23148243,0.100134626,0.60158205,0.06680086
7,7,none,random_linear,1417,105,1,1,True,0.00040368695,0.84212816,0.1323597,0.025108527
7,7,none,random_linear,1418,105,0,2,False,0.21360493,0.0053691166,0.7612744,0.019751627
7,7,none,random_linear,1419,105,1,2,False,0.014035,0.36914322,0.49315807,0.12366371
7,7,none,random_linear,1420,105,0,0,True,0.63823503,0.039215025,0.28522334,0.037326578
7,7,none,random_linear,1421,105,0,2,False,0.13655494,0.043248016,0.732249,0.08794804
7,7,none,random_linear,1422,105,1,1,True,0.007207321,0.8812772,0.10818413,0.0033313315
7,7,none,random_linear,1423,105,1,1,True,0.00019184692,0.9909643,0.0049903593,0.003853444
7,7,none,random_linear,1424,105,0,0,True,0.745419,0.007804616,0.20719343,0.039582938
7,7,none,random_linear,1425,105,1,1,True,0.0002758268,0.58039796,0.40793487,0.011391249
7,7,none,random_linear,1426,105,0,2,False,0.012000803,0.0010548118,0.9765628,0.0103816055
7,7,none,random_linear,1427,105,0,2,False,0.19180797,0.01608165,0.4922566,0.29985368
7,7,none,random_linear,1428,105,2,2,True,0.015473408,0.07201391,0.47477174,0.4377409
7,7,none,random_linear,1429,105,3,2,False,0.019696996,0.025551228,0.5682669,0.3864849
7,7,none,random_linear,1430,105,3,3,True,0.020618768,0.032221176,0.24958885,0.6975712
7,7,none,random_linear,1431,105,2,2,True,0.0014272004,0.0075115394,0.848255,0.14280634
7,7,none,random_linear,1432,105,3,2,False,0.025692446,0.032151625,0.67853034,0.26362562
7,7,none,random_linear,1433,105,2,2,True,0.004602304,0.020786375,0.9407612,0.033850074
7,7,none,random_linear,1434,105,3,2,False,0.023112817,0.13213366,0.59082174,0.2539318
7,7,none,random_linear,1435,105,2,2,True,0.022021832,0.0485817,0.89188516,0.03751134
7,7,none,random_linear,1436,105,3,3,True,0.0035130652,0.024981635,0.4118051,0.55970025
7,7,none,random_linear,1437,105,2,2,True,0.0014774351,0.01611013,0.97879213,0.0036202294
7,7,none,random_linear,1438,105,2,2,True,0.004213,0.05887905,0.8240478,0.11286015
7,7,none,random_linear,1439,105,3,2,False,0.018032093,0.048984263,0.75606054,0.17692313
7,7,none,random_linear,1440,105,2,2,True,0.003712695,0.015496578,0.9111545,0.069636144
7,7,none,random_linear,1441,105,3,2,False,0.0013234528,0.0058686235,0.92050266,0.07230526
7,7,none,random_linear,1442,105,2,2,True,0.03552359,0.02835655,0.47319368,0.4629262
7,7,none,random_linear,1443,106,0,2,False,0.002226533,0.0020242753,0.8517361,0.14401302
7,7,none,random_linear,1444,106,1,2,False,0.011757625,0.060047474,0.87932867,0.04886631
7,7,none,random_linear,1445,106,0,2,False,0.0051720575,0.0023448102,0.9720386,0.020444466
7,7,none,random_linear,1446,106,1,2,False,0.059911944,0.026772946,0.66094345,0.2523717
7,7,none,random_linear,1447,106,0,2,False,0.007686823,0.0014218962,0.98956466,0.0013266474
7,7,none,random_linear,1448,106,1,2,False,0.0020405275,0.0029712855,0.9404285,0.054559696
7,7,none,random_linear,1449,106,0,2,False,0.07706447,0.07858933,0.6599955,0.18435071
7,7,none,random_linear,1450,106,1,2,False,0.03356539,0.121229135,0.48543108,0.35977435
7,7,none,random_linear,1451,106,0,0,True,0.40404424,0.27472857,0.20603734,0.11518983
7,7,none,random_linear,1452,106,1,2,False,0.003175563,0.014735545,0.97310036,0.008988513
7,7,none,random_linear,1453,106,0,2,False,0.016875234,0.297927,0.43981102,0.24538672
7,7,none,random_linear,1454,106,1,2,False,0.0038007377,0.09990469,0.89498454,0.0013100813
7,7,none,random_linear,1455,106,1,1,True,0.010805737,0.6962997,0.17592925,0.116965346
7,7,none,random_linear,1456,106,0,0,True,0.5928223,0.004704437,0.36465842,0.03781481
7,7,none,random_linear,1457,106,0,0,True,0.8507082,0.0017332685,0.1442276,0.0033310333
7,7,none,random_linear,1458,106,3,2,False,0.0075401063,0.004984133,0.90392876,0.083547056
7,7,none,random_linear,1459,106,2,2,True,0.010003218,0.033687033,0.65122986,0.3050799
7,7,none,random_linear,1460,106,3,2,False,0.040812984,0.04958785,0.77127737,0.1383218
7,7,none,random_linear,1461,106,2,2,True,0.052371763,0.20196036,0.7155621,0.030105766
7,7,none,random_linear,1462,106,2,2,True,0.006956264,0.021587973,0.82989025,0.14156552
7,7,none,random_linear,1463,106,3,2,False,0.035749298,0.3203628,0.40841207,0.23547584
7,7,none,random_linear,1464,106,3,2,False,0.05925103,0.09390709,0.47072327,0.37611854
7,7,none,random_linear,1465,106,2,2,True,0.041979615,0.0071411165,0.9286487,0.022230592
7,7,none,random_linear,1466,106,3,1,False,0.04149858,0.7019399,0.17062864,0.0859329
7,7,none,random_linear,1467,106,2,2,True,0.007956235,0.017416973,0.9656282,0.008998627
7,7,none,random_linear,1468,106,3,2,False,0.04956927,0.019251302,0.8443503,0.08682925
7,7,none,random_linear,1469,106,2,2,True,0.14531015,0.21537519,0.6134782,0.025836494
7,7,none,random_linear,1470,106,3,3,True,0.047599804,0.017586727,0.3604293,0.5743842
7,7,none,random_linear,1471,106,2,3,False,0.30563962,0.0256665,0.3279093,0.34078458
7,7,none,random_linear,1472,106,3,3,True,0.19447924,0.031427454,0.12998538,0.64410794
7,7,none,random_linear,1473,106,1,1,True,0.00027109572,0.9938192,0.0034551602,0.002454642
7,7,none,random_linear,1474,106,0,0,True,0.44963104,0.027886925,0.13546713,0.3870149
7,7,none,random_linear,1475,106,1,2,False,0.014710428,0.14591785,0.82142645,0.017945273
7,7,none,random_linear,1476,106,0,2,False,0.013242225,0.03933433,0.9423234,0.0051000575
7,7,none,random_linear,1477,106,0,2,False,0.08737625,0.10562247,0.51981175,0.28718954
7,7,none,random_linear,1478,106,1,3,False,0.047730766,0.06029044,0.41292357,0.4790552
7,7,none,random_linear,1479,106,1,1,True,0.0021229878,0.9625327,0.009253567,0.026090762
7,7,none,random_linear,1480,106,0,2,False,0.069356866,0.054251578,0.83236736,0.04402425
7,7,none,random_linear,1481,106,0,2,False,0.02684094,0.2153864,0.41729856,0.3404741
7,7,none,random_linear,1482,106,1,2,False,0.057340845,0.3017914,0.63391674,0.0069510574
7,7,none,random_linear,1483,106,1,1,True,0.00046777033,0.9491629,0.04890143,0.0014678555
7,7,none,random_linear,1484,106,0,0,True,0.79744977,0.03431371,0.1571556,0.011080853
7,7,none,random_linear,1485,106,0,2,False,0.0331506,0.14154422,0.6479102,0.17739499
7,7,none,random_linear,1486,106,1,1,True,0.0036471342,0.9292329,0.06403549,0.0030845033
7,7,none,random_linear,1487,106,0,2,False,0.030699454,0.17894337,0.56043524,0.22992197
7,7,none,random_linear,1488,106,2,2,True,0.003066274,0.0009641171,0.99507207,0.00089747657
7,7,none,random_linear,1489,106,3,3,True,0.1412356,0.075122476,0.24045065,0.5431913
7,7,none,random_linear,1490,106,2,2,True,0.027394705,0.09450006,0.8200491,0.05805611
7,7,none,random_linear,1491,106,3,2,False,0.025852283,0.00084558077,0.88392574,0.08937641
7,7,none,random_linear,1492,106,3,2,False,0.22661988,0.044044904,0.6072991,0.12203614
7,7,none,random_linear,1493,106,2,2,True,0.0972198,0.024690501,0.8722951,0.00579459
7,7,none,random_linear,1494,106,2,2,True,0.016348155,0.044603057,0.9360573,0.0029913995
7,7,none,random_linear,1495,106,3,0,False,0.50170016,0.019029582,0.43558174,0.043688532
7,7,none,random_linear,1496,106,2,2,True,0.015678143,0.10568689,0.8773791,0.001255793
7,7,none,random_linear,1497,106,3,2,False,0.04363109,0.014039009,0.9405124,0.0018175348
7,7,none,random_linear,1498,106,3,2,False,0.044775642,0.075486444,0.8164863,0.063251555
7,7,none,random_linear,1499,106,2,2,True,0.11583535,0.02179621,0.8367031,0.025665278
7,7,none,random_linear,1500,106,2,2,True,0.00292129,0.013994578,0.9471247,0.035959467
7,7,none,random_linear,1501,106,3,3,True,0.011312513,0.014087318,0.36408973,0.6105104
7,7,none,random_linear,1502,106,2,2,True,0.04378438,0.0052683586,0.9480886,0.0028587559
7,7,none,random_linear,1503,106,1,1,True,0.009319701,0.64444536,0.33986348,0.006371406
7,7,none,random_linear,1504,106,0,2,False,0.14696623,0.15331659,0.6047826,0.0949346
7,7,none,random_linear,1505,106,0,2,False,0.03158015,0.005421648,0.8290585,0.13393968
7,7,none,random_linear,1506,106,1,2,False,0.112940274,0.010545243,0.87035984,0.006154612
7,7,none,random_linear,1507,106,0,0,True,0.6216888,0.029188665,0.31845954,0.030663019
7,7,none,random_linear,1508,106,1,1,True,0.003494681,0.5907745,0.20608278,0.19964798
7,7,none,random_linear,1509,106,0,2,False,0.1103407,0.08277606,0.67343795,0.13344528
7,7,none,random_linear,1510,106,1,2,False,0.03904874,0.07029612,0.8777137,0.012941506
7,7,none,random_linear,1511,106,1,1,True,0.0014284139,0.97357595,0.018848687,0.006146887
7,7,none,random_linear,1512,106,0,0,True,0.7842255,0.055866767,0.13039415,0.029513523
7,7,none,random_linear,1513,106,0,0,True,0.5042544,0.017773015,0.47572336,0.00224918
7,7,none,random_linear,1514,106,1,2,False,0.001689991,0.004909083,0.99152863,0.0018722889
7,7,none,random_linear,1515,106,1,3,False,0.024714364,0.25956672,0.2971362,0.41858274
7,7,none,random_linear,1516,106,0,2,False,0.29624522,0.0008706014,0.68289506,0.019989079
7,7,none,random_linear,1517,106,0,0,True,0.4729134,0.12162321,0.28766993,0.117793456
7,7,none,random_linear,1518,106,2,2,True,0.01017493,0.36163467,0.61459464,0.013595769
7,7,none,random_linear,1519,106,3,2,False,0.03767043,0.11309584,0.6678972,0.18133648
7,7,none,random_linear,1520,106,2,2,True,0.06259598,0.14029679,0.65677804,0.1403292
7,7,none,random_linear,1521,106,3,2,False,0.027077675,0.014258651,0.9162572,0.04240648
7,7,none,random_linear,1522,106,2,2,True,0.057828512,0.07121356,0.83715475,0.033803247
7,7,none,random_linear,1523,106,3,2,False,0.09014963,0.015828721,0.78345907,0.11056263
7,7,none,random_linear,1524,106,2,2,True,0.00929674,0.009013676,0.97661245,0.005077075
7,7,none,random_linear,1525,106,3,2,False,0.0099555515,0.115021475,0.8418515,0.0331715
7,7,none,random_linear,1526,106,2,2,True,0.0003095756,0.0009578164,0.9855634,0.013169209
7,7,none,random_linear,1527,106,3,2,False,0.0626224,0.020665621,0.9118707,0.0048412043
7,7,none,random_linear,1528,106,3,0,False,0.56168115,0.007263538,0.31577256,0.115282744
7,7,none,random_linear,1529,106,2,2,True,0.013749836,0.00373541,0.8482524,0.13426228
7,7,none,random_linear,1530,106,3,2,False,0.2424928,0.0145222405,0.73423135,0.008753581
7,7,none,random_linear,1531,106,2,2,True,0.0022924258,0.003524325,0.99269617,0.0014871203
7,7,none,random_linear,1532,106,2,2,True,0.05551388,0.0016090827,0.93974257,0.0031344965
7,7,none,random_linear,1533,107,1,1,True,0.0019234093,0.9620377,0.00891608,0.027122822
7,7,none,random_linear,1534,107,0,2,False,0.2700419,0.28251478,0.3846409,0.062802404
7,7,none,random_linear,1535,107,0,0,True,0.92898273,0.028735526,0.03741937,0.004862322
7,7,none,random_linear,1536,107,1,1,True,0.00021630249,0.98984337,0.00019892676,0.009741381
7,7,none,random_linear,1537,107,0,0,True,0.55711716,0.40470982,0.028206684,0.009966366
7,7,none,random_linear,1538,107,1,1,True,0.00083996943,0.9864152,0.005928642,0.0068161865
7,7,none,random_linear,1539,107,0,0,True,0.82403034,0.1102196,0.053534158,0.012215926
7,7,none,random_linear,1540,107,1,1,True,0.0046959487,0.9870632,0.0070017227,0.0012389835
7,7,none,random_linear,1541,107,0,0,True,0.9576381,0.004126009,0.0030401254,0.03519562
7,7,none,random_linear,1542,107,1,1,True,0.014187303,0.931313,0.014058577,0.0404411
7,7,none,random_linear,1543,107,0,0,True,0.69607425,0.0884274,0.061316956,0.15418136
7,7,none,random_linear,1544,107,1,1,True,0.024730593,0.7106081,0.09131488,0.17334646
7,7,none,random_linear,1545,107,0,0,True,0.9075692,0.004015695,0.011803735,0.07661129
7,7,none,random_linear,1546,107,1,3,False,0.0062101437,0.40246823,0.022353683,0.56896794
7,7,none,random_linear,1547,107,0,0,True,0.9929709,0.0017907983,0.0030847006,0.0021535072
7,7,none,random_linear,1548,107,3,1,False,0.041517526,0.7417757,0.063186735,0.15352006
7,7,none,random_linear,1549,107,2,2,True,0.031273395,0.36857447,0.5599826,0.040169507
7,7,none,random_linear,1550,107,3,3,True,0.10310237,0.2627655,0.09880999,0.5353221
7,7,none,random_linear,1551,107,2,1,False,0.010933958,0.870688,0.04027404,0.0781039
7,7,none,random_linear,1552,107,3,0,False,0.6901376,0.22269419,0.050602276,0.036565833
7,7,none,random_linear,1553,107,2,2,True,0.22921222,0.13162293,0.46234137,0.17682354
7,7,none,random_linear,1554,107,2,3,False,0.37552992,0.0744544,0.0059257755,0.5440899
7,7,none,random_linear,1555,107,3,3,True,0.40293658,0.016658736,0.0004071014,0.57999754
7,7,none,random_linear,1556,107,3,0,False,0.7777921,0.068239056,0.1260365,0.027932366
7,7,none,random_linear,1557,107,2,1,False,0.06715671,0.49578172,0.39973754,0.037324004
7,7,none,random_linear,1558,107,2,1,False,0.01622078,0.96733856,0.0047187065,0.011721988
7,7,none,random_linear,1559,107,3,0,False,0.5886454,0.33161607,0.01033495,0.06940365
7,7,none,random_linear,1560,107,2,3,False,0.1139132,0.32994777,0.09210586,0.46403307
7,7,none,random_linear,1561,107,3,1,False,0.12512028,0.43061945,0.13783008,0.30643025
7,7,none,random_linear,1562,107,3,3,True,0.4320841,0.04962053,0.08285437,0.435441
7,7,none,random_linear,1563,107,1,1,True,0.060897276,0.8155355,0.00701976,0.11654754
7,7,none,random_linear,1564,107,0,0,True,0.85040593,0.11806362,0.012154585,0.019375859
7,7,none,random_linear,1565,107,1,1,True,0.031527206,0.8815001,0.031074354,0.055898365
7,7,none,random_linear,1566,107,0,0,True,0.73197156,0.23418906,0.0041557234,0.029683653
7,7,none,random_linear,1567,107,1,1,True,0.00072572107,0.9980427,0.00076965557,0.00046180983
7,7,none,random_linear,1568,107,0,0,True,0.60429096,0.2531592,0.07269983,0.06984998
7,7,none,random_linear,1569,107,0,0,True,0.43363467,0.35607886,0.0197257,0.19056079
7,7,none,random_linear,1570,107,1,2,False,0.26373923,0.11649145,0.49982518,0.11994407
7,7,none,random_linear,1571,107,0,0,True,0.9748932,0.02016997,0.0034745722,0.0014623
7,7,none,random_linear,1572,107,1,1,True,0.35771903,0.5544864,0.04485897,0.042935524
7,7,none,random_linear,1573,107,0,3,False,0.31632647,0.2409378,0.106239066,0.33649668
7,7,none,random_linear,1574,107,1,2,False,0.024945434,0.049666934,0.72942376,0.1959639
7,7,none,random_linear,1575,107,1,2,False,0.037879035,0.22249836,0.70376885,0.03585377
7,7,none,random_linear,1576,107,0,1,False,0.06219494,0.8487654,0.038141776,0.050897807
7,7,none,random_linear,1577,107,0,3,False,0.30299163,0.104454175,0.04685849,0.5456957
7,7,none,random_linear,1578,107,3,0,False,0.4097169,0.0843034,0.21699134,0.28898835
7,7,none,random_linear,1579,107,2,3,False,0.115948565,0.026336685,0.06079343,0.7969213
7,7,none,random_linear,1580,107,3,0,False,0.68577963,0.18919137,0.024366794,0.100662164
7,7,none,random_linear,1581,107,2,1,False,0.06787948,0.4316452,0.16486861,0.3356067
7,7,none,random_linear,1582,107,2,1,False,0.16321662,0.66591364,0.0694558,0.10141386
7,7,none,random_linear,1583,107,3,3,True,0.29422942,0.043289356,0.10959583,0.5528855
7,7,none,random_linear,1584,107,3,0,False,0.9267724,0.023267226,0.019929212,0.03003123
7,7,none,random_linear,1585,107,2,1,False,0.30503723,0.5513633,0.13135098,0.012248538
7,7,none,random_linear,1586,107,2,0,False,0.49559906,0.34996,0.003335256,0.15110569
7,7,none,random_linear,1587,107,3,1,False,0.07607221,0.47290003,0.010999501,0.44002834
7,7,none,random_linear,1588,107,2,2,True,0.1702346,0.3232374,0.4533679,0.05316016
7,7,none,random_linear,1589,107,3,1,False,0.022326745,0.62481403,0.13726223,0.21559691
7,7,none,random_linear,1590,107,3,0,False,0.43040562,0.2691632,0.073157504,0.22727373
7,7,none,random_linear,1591,107,2,3,False,0.046472557,0.09132944,0.0082298275,0.8539682
7,7,none,random_linear,1592,107,2,3,False,0.075132556,0.1783458,0.046590135,0.6999315
7,7,none,random_linear,1593,107,0,0,True,0.9650254,0.014356289,0.009259947,0.011358396
7,7,none,random_linear,1594,107,1,1,True,0.019695712,0.9019985,0.0066344417,0.071671374
7,7,none,random_linear,1595,107,1,1,True,0.15769503,0.5544541,0.062217873,0.22563297
7,7,none,random_linear,1596,107,0,0,True,0.62760794,0.29021093,0.03872606,0.043454938
7,7,none,random_linear,1597,107,1,1,True,0.0727452,0.8527194,0.053257085,0.021278298
7,7,none,random_linear,1598,107,0,1,False,0.12390595,0.84391487,0.025525771,0.0066534723
7,7,none,random_linear,1599,107,1,1,True,0.049621526,0.5060171,0.009425012,0.43493637
7,7,none,random_linear,1600,107,0,1,False,0.068213336,0.77382004,0.070100635,0.08786596
7,7,none,random_linear,1601,107,1,1,True,0.06184945,0.77634615,0.040729817,0.12107462
7,7,none,random_linear,1602,107,0,1,False,0.018849265,0.47602242,0.035956584,0.46917167
7,7,none,random_linear,1603,107,0,0,True,0.845293,0.1019325,0.0048754155,0.047899064
7,7,none,random_linear,1604,107,1,1,True,0.082470156,0.8908782,0.01778255,0.008869146
7,7,none,random_linear,1605,107,0,0,True,0.3123131,0.28428796,0.17965415,0.22374478
7,7,none,random_linear,1606,107,1,2,False,0.053343467,0.322698,0.4474663,0.1764922
7,7,none,random_linear,1607,107,0,1,False,0.015649742,0.78898424,0.003960457,0.19140553
7,7,none,random_linear,1608,107,3,0,False,0.40480548,0.1761064,0.3841912,0.034896977
7,7,none,random_linear,1609,107,2,3,False,0.019834168,0.3602491,0.06117744,0.5587393
7,7,none,random_linear,1610,107,2,0,False,0.8703822,0.057669733,0.04440167,0.02754641
7,7,none,random_linear,1611,107,3,3,True,0.06655019,0.010273508,0.017499026,0.9056773
7,7,none,random_linear,1612,107,2,1,False,0.43897295,0.53762984,0.013626652,0.009770498
7,7,none,random_linear,1613,107,3,0,False,0.75610185,0.14943215,0.028665831,0.06580029
7,7,none,random_linear,1614,107,3,1,False,0.035339035,0.86262923,0.026046736,0.075984955
7,7,none,random_linear,1615,107,2,1,False,0.13012134,0.47645512,0.21983348,0.17359012
7,7,none,random_linear,1616,107,2,0,False,0.7104249,0.04378944,0.18315412,0.062631525
7,7,none,random_linear,1617,107,3,1,False,0.0066493703,0.64082116,0.04191826,0.31061122
7,7,none,random_linear,1618,107,2,2,True,0.15992829,0.26125768,0.40353197,0.17528202
7,7,none,random_linear,1619,107,3,1,False,0.021280391,0.4336063,0.13358565,0.41152772
7,7,none,random_linear,1620,107,2,3,False,0.023452764,0.11634272,0.11164909,0.74855536
7,7,none,random_linear,1621,107,3,1,False,0.00071881333,0.8491857,0.041725807,0.108369626
7,7,none,random_linear,1622,107,3,0,False,0.4179262,0.13460773,0.12829871,0.31916738
7,7,none,random_linear,1623,108,0,0,True,0.89110845,0.00029562818,0.006755629,0.10184035
7,7,none,random_linear,1624,108,1,1,True,0.00011076746,0.9766641,0.00301419,0.020210931
7,7,none,random_linear,1625,108,0,3,False,0.023151387,0.0028176536,0.010329004,0.9637019
7,7,none,random_linear,1626,108,1,1,True,0.10861146,0.39327458,0.112000614,0.3861134
7,7,none,random_linear,1627,108,0,0,True,0.9616238,0.0018823864,0.0061868518,0.030306991
7,7,none,random_linear,1628,108,1,1,True,0.00013933772,0.9881777,0.00031043144,0.011372489
7,7,none,random_linear,1629,108,1,1,True,2.7529242e-05,0.9862645,0.00024842613,0.013459473
7,7,none,random_linear,1630,108,0,0,True,0.8029149,0.0050705867,0.005632205,0.18638223
7,7,none,random_linear,1631,108,0,0,True,0.9889769,9.118721e-05,0.0016160669,0.009315895
7,7,none,random_linear,1632,108,1,1,True,0.008232947,0.6971232,0.017425098,0.27721873
7,7,none,random_linear,1633,108,0,0,True,0.974939,0.0019463274,0.017507704,0.0056070564
7,7,none,random_linear,1634,108,1,3,False,0.021905176,0.18664677,0.05237878,0.7390693
7,7,none,random_linear,1635,108,0,3,False,0.034589503,0.025791498,0.19349867,0.7461203
7,7,none,random_linear,1636,108,1,1,True,0.01231255,0.69002366,0.22034708,0.077316664
7,7,none,random_linear,1637,108,1,1,True,0.00025060293,0.7840819,0.0039760773,0.21169145
7,7,none,random_linear,1638,108,2,2,True,0.0068533937,0.3365742,0.50362337,0.15294904
7,7,none,random_linear,1639,108,3,3,True,0.00046794492,0.012052562,0.01855079,0.96892875
7,7,none,random_linear,1640,108,2,3,False,0.012237254,0.06273197,0.2361027,0.6889281
7,7,none,random_linear,1641,108,3,3,True,0.0011329806,0.012582006,0.011883741,0.9744013
7,7,none,random_linear,1642,108,3,3,True,0.002300232,0.012584863,0.008947657,0.9761672
7,7,none,random_linear,1643,108,2,1,False,0.0688775,0.49307773,0.23649617,0.20154856
7,7,none,random_linear,1644,108,2,3,False,0.29198438,0.016478708,0.15408845,0.53744847
7,7,none,random_linear,1645,108,3,3,True,0.0045557814,0.011486381,0.009840557,0.9741173
7,7,none,random_linear,1646,108,2,1,False,0.04823509,0.9255486,0.006799656,0.019416712
7,7,none,random_linear,1647,108,3,3,True,0.015989764,0.023135507,0.012091199,0.9487835
7,7,none,random_linear,1648,108,3,3,True,0.004912982,0.021258859,0.017797003,0.9560311
7,7,none,random_linear,1649,108,2,3,False,0.041940898,0.3217678,0.24453074,0.3917605
7,7,none,random_linear,1650,108,3,3,True,0.041912995,0.0019607432,0.031801946,0.9243243
7,7,none,random_linear,1651,108,2,2,True,0.03456117,0.096018374,0.6368087,0.2326117
7,7,none,random_linear,1652,108,3,3,True,0.028657,0.011078963,0.16792008,0.792344
7,7,none,random_linear,1653,108,1,2,False,0.0003839138,0.4412983,0.51276606,0.04555177
7,7,none,random_linear,1654,108,0,3,False,0.2271288,0.18432859,0.14750773,0.44103488
7,7,none,random_linear,1655,108,1,1,True,0.025298884,0.4976443,0.3050338,0.17202303
7,7,none,random_linear,1656,108,0,0,True,0.9406698,0.000603735,0.02329765,0.035428885
7,7,none,random_linear,1657,108,0,0,True,0.5882052,0.015070925,0.0048007267,0.39192313
7,7,none,random_linear,1658,108,1,1,True,0.004670123,0.83601725,0.009112928,0.15019968
7,7,none,random_linear,1659,108,1,1,True,0.007999255,0.902923,0.0647379,0.024339812
7,7,none,random_linear,1660,108,0,0,True,0.94684017,0.0041714697,0.025972573,0.023015924
7,7,none,random_linear,1661,108,0,0,True,0.89277065,0.0033675449,0.039287437,0.064574316
7,7,none,random_linear,1662,108,1,1,True,0.00013117139,0.9905379,0.007516204,0.0018146773
7,7,none,random_linear,1663,108,1,1,True,0.0006228357,0.9250297,0.0064797527,0.06786772
7,7,none,random_linear,1664,108,0,3,False,0.26181674,0.0053171054,0.08182402,0.6510421
7,7,none,random_linear,1665,108,1,1,True,0.0109693585,0.46668708,0.39291728,0.12942627
7,7,none,random_linear,1666,108,0,0,True,0.66236293,0.0077135465,0.060266312,0.26965714
7,7,none,random_linear,1667,108,1,1,True,0.12348449,0.6819151,0.021137057,0.17346337
7,7,none,random_linear,1668,108,3,3,True,0.0007118748,0.0016368445,0.0023297567,0.9953216
7,7,none,random_linear,1669,108,2,2,True,0.14517315,0.031677175,0.5416612,0.2814885
7,7,none,random_linear,1670,108,3,3,True,0.019818623,0.0023010666,0.022240862,0.9556395
7,7,none,random_linear,1671,108,2,2,True,0.042756733,0.053878028,0.8431282,0.060237084
7,7,none,random_linear,1672,108,2,2,True,0.0102673825,0.06283545,0.53238726,0.3945099
7,7,none,random_linear,1673,108,3,3,True,0.003908682,0.036652807,0.014350958,0.9450875
7,7,none,random_linear,1674,108,2,2,True,0.0148877455,0.08650279,0.86893725,0.029672282
7,7,none,random_linear,1675,108,3,2,False,0.015033287,0.4046343,0.4104258,0.16990647
7,7,none,random_linear,1676,108,2,1,False,0.018732594,0.58212763,0.35343677,0.045702986
7,7,none,random_linear,1677,108,3,2,False,0.022481805,0.17367704,0.42071146,0.38312963
7,7,none,random_linear,1678,108,2,2,True,0.059746508,0.11185691,0.61986536,0.20853122
7,7,none,random_linear,1679,108,3,3,True,0.04228135,0.023048883,0.32162085,0.613049
7,7,none,random_linear,1680,108,2,2,True,0.003385934,0.0044784998,0.712154,0.27998155
7,7,none,random_linear,1681,108,3,3,True,0.053041257,0.025936838,0.24673153,0.67429036
7,7,none,random_linear,1682,108,3,3,True,0.0300669,0.005419721,0.23310529,0.7314081
7,7,none,random_linear,1683,108,1,1,True,0.008044093,0.4913843,0.45160708,0.048964497
7,7,none,random_linear,1684,108,0,2,False,0.33290482,0.04765772,0.46597797,0.15345949
7,7,none,random_linear,1685,108,0,3,False,0.024133544,0.1304633,0.26684347,0.5785597
7,7,none,random_linear,1686,108,1,2,False,0.033560015,0.07136035,0.84979296,0.04528669
7,7,none,random_linear,1687,108,0,3,False,0.11351171,0.1970253,0.027781403,0.66168153
7,7,none,random_linear,1688,108,1,1,True,0.13155909,0.56189257,0.2911184,0.01542996
7,7,none,random_linear,1689,108,1,1,True,0.0006362851,0.95948595,0.032376558,0.007501247
7,7,none,random_linear,1690,108,0,0,True,0.55565363,0.011676928,0.106995486,0.32567397
7,7,none,random_linear,1691,108,0,2,False,0.28333166,0.15706773,0.29795066,0.26164994
7,7,none,random_linear,1692,108,1,1,True,0.0039266525,0.97311527,0.018008804,0.0049493695
7,7,none,random_linear,1693,108,0,3,False,0.19386347,0.04044747,0.0475543,0.7181348
7,7,none,random_linear,1694,108,1,3,False,0.040669516,0.34658432,0.16032875,0.45241737
7,7,none,random_linear,1695,108,1,1,True,0.0010186167,0.99089324,0.0026927886,0.005395401
7,7,none,random_linear,1696,108,0,0,True,0.5316267,0.017943615,0.23656252,0.21386722
7,7,none,random_linear,1697,108,0,0,True,0.99540967,0.00054414966,0.0010586514,0.0029873953
7,7,none,random_linear,1698,108,3,3,True,0.08510411,0.24830109,0.09447113,0.5721236
7,7,none,random_linear,1699,108,2,3,False,0.016915044,0.16278051,0.38003215,0.44027236
7,7,none,random_linear,1700,108,2,2,True,0.059886355,0.0042562108,0.84431016,0.09154732
7,7,none,random_linear,1701,108,3,3,True,0.0016532755,0.0013279085,0.0046020686,0.99241674
7,7,none,random_linear,1702,108,2,3,False,0.20912698,0.10053804,0.1368475,0.55348754
7,7,none,random_linear,1703,108,3,2,False,0.017561214,0.013549922,0.8807728,0.088116094
7,7,none,random_linear,1704,108,3,3,True,0.0075860773,0.0006862353,0.028614065,0.9631136
7,7,none,random_linear,1705,108,2,2,True,0.0031605547,0.024892604,0.8781982,0.09374858
7,7,none,random_linear,1706,108,3,3,True,0.046586994,0.013376146,0.2824337,0.65760314
7,7,none,random_linear,1707,108,2,1,False,0.061824344,0.62723655,0.06491224,0.24602681
7,7,none,random_linear,1708,108,2,2,True,0.28903136,0.023164252,0.5015964,0.18620798
7,7,none,random_linear,1709,108,3,3,True,0.005167742,0.027165068,0.03446398,0.93320316
7,7,none,random_linear,1710,108,2,2,True,0.02172654,0.27303222,0.37993762,0.32530364
7,7,none,random_linear,1711,108,3,3,True,0.004602808,0.35336885,0.051899444,0.5901289
7,7,none,random_linear,1712,108,2,3,False,0.3203953,0.11058744,0.23373823,0.33527905
7,7,none,random_linear,1713,109,0,0,True,0.92465895,0.0032518008,0.01655971,0.05552939
7,7,none,random_linear,1714,109,1,2,False,0.08020679,0.17713828,0.71620226,0.02645266
7,7,none,random_linear,1715,109,1,1,True,0.00022375581,0.9988997,0.00065142807,0.00022505442
7,7,none,random_linear,1716,109,0,2,False,0.24707513,0.20434444,0.4071118,0.14146863
7,7,none,random_linear,1717,109,1,1,True,0.004293156,0.9932929,0.0011912684,0.0012226261
7,7,none,random_linear,1718,109,0,0,True,0.5740238,0.061474532,0.33695668,0.027544972
7,7,none,random_linear,1719,109,1,2,False,0.04993838,0.4682273,0.47305042,0.008783968
7,7,none,random_linear,1720,109,0,0,True,0.66868013,0.0044415975,0.32471207,0.002166159
7,7,none,random_linear,1721,109,1,1,True,0.022988293,0.91127527,0.02721008,0.038526367
7,7,none,random_linear,1722,109,0,2,False,0.014657647,0.0132919,0.96676606,0.005284294
7,7,none,random_linear,1723,109,0,0,True,0.606148,0.0029149968,0.3451685,0.04576849
7,7,none,random_linear,1724,109,1,1,True,0.014469585,0.84108233,0.056092788,0.08835531
7,7,none,random_linear,1725,109,0,0,True,0.99849355,5.5009423e-05,0.0013212565,0.00013016837
7,7,none,random_linear,1726,109,1,0,False,0.28855395,0.22984986,0.20886153,0.27273464
7,7,none,random_linear,1727,109,1,1,True,0.011420611,0.7740624,0.21042222,0.0040947623
7,7,none,random_linear,1728,109,3,2,False,0.00650262,0.30045184,0.3890116,0.30403394
7,7,none,random_linear,1729,109,2,2,True,0.0108078,0.27336785,0.6662911,0.049533263
7,7,none,random_linear,1730,109,2,2,True,0.14573503,0.22005087,0.5789509,0.05526324
7,7,none,random_linear,1731,109,3,3,True,0.054009274,0.015804712,0.18152793,0.74865806
7,7,none,random_linear,1732,109,3,2,False,0.0048908545,0.039683834,0.7259783,0.22944708
7,7,none,random_linear,1733,109,2,2,True,0.3613528,0.015613771,0.54248154,0.080551885
7,7,none,random_linear,1734,109,2,2,True,0.085552074,0.1278657,0.7064414,0.08014084
7,7,none,random_linear,1735,109,3,2,False,0.052176673,0.16307315,0.711303,0.07344722
7,7,none,random_linear,1736,109,2,3,False,0.06360041,0.027602263,0.26466992,0.64412737
7,7,none,random_linear,1737,109,3,3,True,0.017807962,0.056465205,0.21120454,0.7145223
7,7,none,random_linear,1738,109,2,0,False,0.47929376,0.24289742,0.031399343,0.24640945
7,7,none,random_linear,1739,109,3,2,False,0.20694458,0.13961308,0.5263526,0.12708975
7,7,none,random_linear,1740,109,3,2,False,0.045927748,0.040319312,0.5227524,0.3910006
7,7,none,random_linear,1741,109,2,0,False,0.3918865,0.20248023,0.31162632,0.094007015
7,7,none,random_linear,1742,109,2,1,False,0.0063145454,0.90561926,0.04857984,0.039486416
7,7,none,random_linear,1743,109,1,1,True,0.013364833,0.7796858,0.07968132,0.12726803
7,7,none,random_linear,1744,109,0,0,True,0.5057158,0.1377538,0.31353176,0.04299863
7,7,none,random_linear,1745,109,1,0,False,0.585241,0.1571708,0.18876465,0.068823546
7,7,none,random_linear,1746,109,0,2,False,0.13525738,0.05484276,0.61275214,0.1971477
7,7,none,random_linear,1747,109,0,0,True,0.9449506,0.0027107273,0.037176717,0.015161926
7,7,none,random_linear,1748,109,1,2,False,0.25766137,0.03671337,0.67012584,0.0354994
7,7,none,random_linear,1749,109,0,2,False,0.093862906,0.017198678,0.60735303,0.2815854
7,7,none,random_linear,1750,109,1,1,True,0.08145072,0.65692985,0.089006856,0.17261255
7,7,none,random_linear,1751,109,1,1,True,0.06858148,0.5731597,0.3034756,0.054783233
7,7,none,random_linear,1752,109,0,2,False,0.035943545,0.0026573248,0.94090664,0.020492552
7,7,none,random_linear,1753,109,1,0,False,0.5618432,0.07127444,0.031077323,0.3358051
7,7,none,random_linear,1754,109,0,3,False,0.07892176,0.29424793,0.10466699,0.52216333
7,7,none,random_linear,1755,109,1,1,True,0.009564818,0.97142655,0.018244078,0.00076458754
7,7,none,random_linear,1756,109,0,1,False,0.08266449,0.53996015,0.20732996,0.17004539
7,7,none,random_linear,1757,109,0,0,True,0.98758996,0.0038906434,0.006553797,0.0019655796
7,7,none,random_linear,1758,109,2,3,False,0.07179957,0.030001545,0.024804186,0.87339467
7,7,none,random_linear,1759,109,3,0,False,0.5435819,0.055595923,0.28928915,0.11153302
7,7,none,random_linear,1760,109,2,3,False,0.04035004,0.18457252,0.28987104,0.48520645
7,7,none,random_linear,1761,109,3,3,True,0.059685796,0.030212993,0.1942117,0.71588945
7,7,none,random_linear,1762,109,3,1,False,0.05944724,0.54050314,0.02036561,0.37968397
7,7,none,random_linear,1763,109,2,2,True,0.039020002,0.0162862,0.49812937,0.44656444
7,7,none,random_linear,1764,109,3,3,True,0.02286614,0.007504675,0.26776367,0.7018655
7,7,none,random_linear,1765,109,2,1,False,0.07264791,0.36847934,0.2008088,0.358064
7,7,none,random_linear,1766,109,3,3,True,0.019335315,0.10317299,0.18123156,0.6962601
7,7,none,random_linear,1767,109,2,2,True,0.08514152,0.03471917,0.51330525,0.36683407
7,7,none,random_linear,1768,109,2,2,True,0.08951437,0.12127451,0.57650375,0.21270739
7,7,none,random_linear,1769,109,3,3,True,0.14055929,0.012823382,0.02022673,0.82639056
7,7,none,random_linear,1770,109,2,1,False,0.077398166,0.43033254,0.12372089,0.36854833
7,7,none,random_linear,1771,109,3,3,True,0.009191908,0.038088195,0.44213235,0.5105875
7,7,none,random_linear,1772,109,2,2,True,0.14070688,0.06571576,0.60491234,0.18866503
7,7,none,random_linear,1773,109,1,3,False,0.033562418,0.18315831,0.2900166,0.49326265
7,7,none,random_linear,1774,109,0,2,False,0.053679924,0.028574228,0.87854147,0.03920438
7,7,none,random_linear,1775,109,1,2,False,0.41751692,0.05031535,0.52331847,0.008849306
7,7,none,random_linear,1776,109,0,3,False,0.021411337,0.013422085,0.042915463,0.9222511
7,7,none,random_linear,1777,109,0,2,False,0.076097384,0.03506615,0.86891836,0.019918127
7,7,none,random_linear,1778,109,1,3,False,0.035097122,0.37686467,0.11628022,0.47175798
7,7,none,random_linear,1779,109,1,1,True,0.16092274,0.40303165,0.1598684,0.2761772
7,7,none,random_linear,1780,109,0,2,False,0.014091993,0.014307646,0.4858864,0.48571393
7,7,none,random_linear,1781,109,1,0,False,0.42138934,0.23958725,0.21678212,0.122241266
7,7,none,random_linear,1782,109,0,1,False,0.13213554,0.66191584,0.17955725,0.026391387
7,7,none,random_linear,1783,109,0,0,True,0.77945834,0.08265595,0.04352438,0.09436124
7,7,none,random_linear,1784,109,1,2,False,0.046766046,0.008077211,0.8472767,0.09788003
7,7,none,random_linear,1785,109,0,0,True,0.9321722,0.00713966,0.036815908,0.023872254
7,7,none,random_linear,1786,109,1,0,False,0.7453856,0.021877006,0.19801128,0.03472617
7,7,none,random_linear,1787,109,0,2,False,0.020563792,0.07398918,0.8572833,0.048163727
7,7,none,random_linear,1788,109,2,2,True,0.010954668,0.1568007,0.81884474,0.013399934
7,7,none,random_linear,1789,109,3,3,True,0.16006984,0.042986684,0.37920025,0.4177432
7,7,none,random_linear,1790,109,2,1,False,0.06682679,0.4348517,0.09479719,0.40352425
7,7,none,random_linear,1791,109,3,2,False,0.14676055,0.022477666,0.5598437,0.2709181
7,7,none,random_linear,1792,109,2,2,True,0.064054176,0.026738895,0.47708178,0.43212515
7,7,none,random_linear,1793,109,3,2,False,0.07605017,0.08838651,0.48058048,0.35498288
7,7,none,random_linear,1794,109,2,2,True,0.18828414,0.022982545,0.76325077,0.02548263
7,7,none,random_linear,1795,109,3,3,True,0.023799647,0.0045073866,0.46869218,0.5030008
7,7,none,random_linear,1796,109,3,3,True,0.031276964,0.17667846,0.027281838,0.76476276
7,7,none,random_linear,1797,109,2,2,True,0.034912407,0.04470214,0.4725164,0.44786903
7,7,none,random_linear,1798,109,3,1,False,0.01482771,0.64960593,0.01657101,0.31899536
7,7,none,random_linear,1799,109,2,3,False,0.07734457,0.23798765,0.07330861,0.6113591
7,7,none,random_linear,1800,109,2,2,True,0.021268552,0.0031584234,0.608762,0.36681107
7,7,none,random_linear,1801,109,3,2,False,0.13422361,0.13730669,0.49687952,0.23159021
7,7,none,random_linear,1802,109,3,3,True,0.24298756,0.06280694,0.3293686,0.36483693
