probe_seed,reference_seed,defense,test_view,trial_index,subject_id,y_true,y_pred,correct,prob_left_fist,prob_right_fist,prob_both_fists,prob_both_feet
21,7,none,car,0,90,0,0,True,0.95622236,0.007494052,0.0038101461,0.032473456
21,7,none,car,1,90,1,1,True,0.060639743,0.9290892,0.006721999,0.0035490226
21,7,none,car,2,90,1,1,True,0.0011496771,0.9982326,5.6281126e-05,0.00056138134
21,7,none,car,3,90,0,0,True,0.9599199,0.002781558,0.022881925,0.014416524
21,7,none,car,4,90,1,1,True,0.018898286,0.97451687,0.005511783,0.0010730573
21,7,none,car,5,90,0,0,True,0.94756114,0.0012922316,0.033361938,0.017784635
21,7,none,car,6,90,1,1,True,0.18709873,0.8005333,0.0052359593,0.0071319994
21,7,none,car,7,90,0,0,True,0.9909769,0.0032030244,0.000646383,0.005173587
21,7,none,car,8,90,0,0,True,0.87225914,0.08547981,0.0029321192,0.039328996
21,7,none,car,9,90,1,1,True,0.0023414097,0.99013317,0.0070677754,0.0004575707
21,7,none,car,10,90,0,0,True,0.7612523,0.21214247,0.0216129,0.004992331
21,7,none,car,11,90,1,1,True,0.002041571,0.99783784,8.85826e-05,3.1978023e-05
21,7,none,car,12,90,0,0,True,0.90388757,0.0048744613,0.029888688,0.061349276
21,7,none,car,13,90,1,2,False,0.19504698,0.2955691,0.50576186,0.0036220602
21,7,none,car,14,90,1,1,True,0.06116543,0.90808326,0.030440506,0.00031089084
21,7,none,car,15,90,3,0,False,0.8161855,0.071492605,0.09596982,0.016352069
21,7,none,car,16,90,2,2,True,0.22176534,0.020267079,0.54914105,0.20882659
21,7,none,car,17,90,2,0,False,0.39468747,0.064149685,0.24668847,0.2944744
21,7,none,car,18,90,3,0,False,0.5566137,0.040758763,0.0835533,0.3190742
21,7,none,car,19,90,3,2,False,0.14592391,0.12269604,0.37760025,0.35377976
21,7,none,car,20,90,2,0,False,0.44033325,0.1789944,0.3782979,0.0023743946
21,7,none,car,21,90,3,3,True,0.11586638,0.10196804,0.31162882,0.4705367
21,7,none,car,22,90,2,2,True,0.32605794,0.31366977,0.34167498,0.018597301
21,7,none,car,23,90,2,2,True,0.07021834,0.05328901,0.8312754,0.045217235
21,7,none,car,24,90,3,0,False,0.7550999,0.1383796,0.08424595,0.02227455
21,7,none,car,25,90,2,2,True,0.08549768,0.0809332,0.82235765,0.011211475
21,7,none,car,26,90,3,0,False,0.47319725,0.23070519,0.25134158,0.044756006
21,7,none,car,27,90,3,2,False,0.18592262,0.11110394,0.41907385,0.28389955
21,7,none,car,28,90,2,1,False,0.23020685,0.5245416,0.19034503,0.054906517
21,7,none,car,29,90,2,2,True,0.08550939,0.1471964,0.7613981,0.005896121
21,7,none,car,30,90,1,1,True,0.07350387,0.924776,0.0016343951,8.568788e-05
21,7,none,car,31,90,0,0,True,0.82268107,0.05804035,0.10825489,0.01102368
21,7,none,car,32,90,1,1,True,8.598946e-05,0.99959415,4.7343143e-05,0.000272527
21,7,none,car,33,90,0,0,True,0.9247663,0.014286123,0.05391006,0.007037498
21,7,none,car,34,90,1,1,True,0.03947509,0.83974075,0.08565655,0.035127588
21,7,none,car,35,90,0,2,False,0.37790388,0.050765596,0.5378142,0.033516355
21,7,none,car,36,90,1,1,True,0.055103507,0.7668112,0.020843403,0.1572419
21,7,none,car,37,90,0,0,True,0.8949052,0.065960295,0.036690664,0.0024437527
21,7,none,car,38,90,1,1,True,0.016032284,0.706423,0.2752003,0.0023443538
21,7,none,car,39,90,0,0,True,0.6762162,0.021151287,0.2592168,0.04341576
21,7,none,car,40,90,1,1,True,0.32270622,0.62531805,0.02613628,0.02583949
21,7,none,car,41,90,0,0,True,0.7736604,0.0011819868,0.104769275,0.12038835
21,7,none,car,42,90,1,1,True,0.022513943,0.89598256,0.080085404,0.0014180667
21,7,none,car,43,90,0,2,False,0.26847634,0.19605957,0.46291497,0.07254926
21,7,none,car,44,90,1,1,True,0.00025590588,0.9776389,0.020966586,0.0011385808
21,7,none,car,45,90,2,2,True,0.339148,0.014864502,0.5970917,0.048895765
21,7,none,car,46,90,3,2,False,0.050994545,0.0080204075,0.8851684,0.055816595
21,7,none,car,47,90,3,2,False,0.27416536,0.13061821,0.32166055,0.27355585
21,7,none,car,48,90,2,0,False,0.63403785,0.01851086,0.16126242,0.18618886
21,7,none,car,49,90,3,3,True,0.32177496,0.14754322,0.20475942,0.3259224
21,7,none,car,50,90,2,2,True,0.24833229,0.026707668,0.66705865,0.057901356
21,7,none,car,51,90,3,3,True,0.14130293,0.056012344,0.057767436,0.74491733
21,7,none,car,52,90,2,2,True,0.36771843,0.19837774,0.3689467,0.0649572
21,7,none,car,53,90,3,0,False,0.46850273,0.008596889,0.30854172,0.21435866
21,7,none,car,54,90,2,0,False,0.52934736,0.018625636,0.40869007,0.043336928
21,7,none,car,55,90,2,2,True,0.1846963,0.21960033,0.38719827,0.20850508
21,7,none,car,56,90,3,2,False,0.097336344,0.013362843,0.7969322,0.09236855
21,7,none,car,57,90,2,2,True,0.02970219,0.021700582,0.87980497,0.06879229
21,7,none,car,58,90,3,2,False,0.21996926,0.03257793,0.4243674,0.32308537
21,7,none,car,59,90,3,3,True,0.17810363,0.24947007,0.15084916,0.42157707
21,7,none,car,60,90,1,1,True,0.06646259,0.90476495,0.025760164,0.0030122395
21,7,none,car,61,90,0,0,True,0.9692244,0.0133750215,0.013974271,0.0034263146
21,7,none,car,62,90,1,1,True,0.03073626,0.95982516,0.009340686,9.790192e-05
21,7,none,car,63,90,0,0,True,0.8758756,0.010873773,0.08873684,0.024513904
21,7,none,car,64,90,0,0,True,0.97786486,0.0004694221,0.020836584,0.0008290515
21,7,none,car,65,90,1,1,True,0.019139085,0.9632208,0.017447215,0.00019287418
21,7,none,car,66,90,1,1,True,0.03234041,0.7344344,0.23033637,0.0028887643
21,7,none,car,67,90,0,0,True,0.96470004,0.0022778886,0.014185216,0.018836897
21,7,none,car,68,90,0,0,True,0.98836493,0.0020547837,0.009239907,0.00034033967
21,7,none,car,69,90,1,3,False,0.25539428,0.22927515,0.23399445,0.28133616
21,7,none,car,70,90,1,1,True,0.07755701,0.8882751,0.021814283,0.012353489
21,7,none,car,71,90,0,0,True,0.8154569,0.00946794,0.14849165,0.02658348
21,7,none,car,72,90,1,2,False,0.21929291,0.113766626,0.597464,0.06947642
21,7,none,car,73,90,0,0,True,0.8259746,0.006310954,0.16182686,0.005887547
21,7,none,car,74,90,0,0,True,0.89724594,0.005456971,0.07095021,0.02634681
21,7,none,car,75,90,2,2,True,0.05547044,0.010529516,0.6277285,0.30627155
21,7,none,car,76,90,3,0,False,0.9692174,0.0033046873,0.02509721,0.0023807029
21,7,none,car,77,90,2,2,True,0.2412594,0.03674769,0.7003548,0.02163814
21,7,none,car,78,90,3,3,True,0.17240761,0.024343902,0.32194906,0.48129943
21,7,none,car,79,90,2,1,False,0.028941236,0.7729227,0.18923655,0.0088995565
21,7,none,car,80,90,3,2,False,0.3095241,0.14472798,0.439749,0.105998844
21,7,none,car,81,90,2,2,True,0.10479933,0.0135943545,0.6956676,0.18593873
21,7,none,car,82,90,3,2,False,0.2612199,0.072485924,0.5677008,0.098593354
21,7,none,car,83,90,2,2,True,0.018746212,0.0021047727,0.97318643,0.0059626345
21,7,none,car,84,90,3,2,False,0.28666613,0.060316253,0.49720842,0.15580925
21,7,none,car,85,90,2,0,False,0.6970267,0.105063215,0.12753126,0.07037881
21,7,none,car,86,90,3,0,False,0.68863267,0.059631728,0.12069834,0.13103724
21,7,none,car,87,90,3,0,False,0.6072351,0.040485486,0.30616406,0.046115387
21,7,none,car,88,90,2,2,True,0.06735473,0.04281341,0.8233911,0.06644072
21,7,none,car,89,90,3,0,False,0.5371546,0.25528488,0.10811383,0.09944671
21,7,none,car,90,91,0,0,True,0.8970389,0.0674405,0.028229633,0.007290983
21,7,none,car,91,91,1,0,False,0.58188325,0.09269464,0.1266172,0.19880493
21,7,none,car,92,91,0,3,False,0.15442033,0.05816501,0.24718659,0.5402281
21,7,none,car,93,91,1,1,True,0.02313779,0.8856663,0.034482162,0.056713726
21,7,none,car,94,91,1,1,True,0.0008470892,0.99777824,0.0005356207,0.0008390924
21,7,none,car,95,91,0,0,True,0.9816711,0.0045255143,0.0071452144,0.006658072
21,7,none,car,96,91,1,1,True,0.091015756,0.89259994,0.014466333,0.0019180198
21,7,none,car,97,91,0,0,True,0.714541,0.1082982,0.06131747,0.11584337
21,7,none,car,98,91,0,0,True,0.99800307,0.00059325574,0.0005997291,0.00080389495
21,7,none,car,99,91,1,1,True,0.14199443,0.44096085,0.08276164,0.33428302
21,7,none,car,100,91,0,0,True,0.99743384,0.0005674165,0.0014172952,0.0005814793
21,7,none,car,101,91,1,2,False,0.009810961,0.19518383,0.7634153,0.031589918
21,7,none,car,102,91,1,1,True,0.008375152,0.93579376,0.017845081,0.03798606
21,7,none,car,103,91,0,0,True,0.96975124,0.00059461815,0.02634093,0.0033132073
21,7,none,car,104,91,0,0,True,0.9977603,0.0004129792,0.0015133301,0.00031344537
21,7,none,car,105,91,2,3,False,0.014584964,0.31820002,0.20077738,0.46643767
21,7,none,car,106,91,3,3,True,0.004470388,0.06077846,0.25033352,0.68441767
21,7,none,car,107,91,3,3,True,0.011824512,0.036180835,0.06060256,0.8913922
21,7,none,car,108,91,2,2,True,0.021425508,0.018539893,0.9438386,0.016195994
21,7,none,car,109,91,2,2,True,0.0013432461,0.0036487125,0.9898962,0.0051117972
21,7,none,car,110,91,3,2,False,0.09421343,0.033283163,0.6734081,0.19909535
21,7,none,car,111,91,3,3,True,0.0054493877,0.014459785,0.05835143,0.92173934
21,7,none,car,112,91,2,2,True,0.04446829,0.03929232,0.7378754,0.17836396
21,7,none,car,113,91,3,2,False,0.097238965,0.005719185,0.854786,0.042255852
21,7,none,car,114,91,2,2,True,0.00049177656,0.00079065765,0.99817145,0.0005460181
21,7,none,car,115,91,3,2,False,0.0035774542,0.0026459876,0.98516756,0.00860902
21,7,none,car,116,91,2,2,True,0.082346976,0.07071584,0.790162,0.056775212
21,7,none,car,117,91,2,2,True,0.018099362,0.026872044,0.7994726,0.15555614
21,7,none,car,118,91,3,2,False,0.019569471,0.009673591,0.9514597,0.019297326
21,7,none,car,119,91,2,2,True,0.00028325175,0.0061018206,0.9901192,0.0034957733
21,7,none,car,120,91,0,0,True,0.8855354,0.046869855,0.06219267,0.0054021096
21,7,none,car,121,91,1,2,False,0.045699507,0.01391805,0.68668145,0.253701
21,7,none,car,122,91,1,1,True,0.026936105,0.6880475,0.2422116,0.042804845
21,7,none,car,123,91,0,3,False,0.009692802,0.10173278,0.4033483,0.4852261
21,7,none,car,124,91,0,0,True,0.9883012,0.0048507135,0.002524056,0.004324037
21,7,none,car,125,91,1,2,False,0.047642596,0.105036594,0.5065609,0.34075987
21,7,none,car,126,91,1,1,True,0.0007223425,0.55226165,0.42078066,0.026235303
21,7,none,car,127,91,0,3,False,0.17057106,0.008026657,0.2818639,0.5395384
21,7,none,car,128,91,0,0,True,0.99927455,1.534455e-05,0.00023325472,0.00047687266
21,7,none,car,129,91,1,1,True,0.042727657,0.53080994,0.19648011,0.22998227
21,7,none,car,130,91,1,3,False,0.018569738,0.07523754,0.18659209,0.7196007
21,7,none,car,131,91,0,0,True,0.9804073,0.00047608005,0.018757002,0.00035966063
21,7,none,car,132,91,1,1,True,0.15835549,0.68844503,0.030972088,0.12222731
21,7,none,car,133,91,0,3,False,0.039131686,0.017081467,0.03242207,0.9113648
21,7,none,car,134,91,1,0,False,0.9189389,0.00017051189,0.04059586,0.040294684
21,7,none,car,135,91,2,1,False,0.078359455,0.46051475,0.18766262,0.2734631
21,7,none,car,136,91,3,2,False,0.025748117,0.019240532,0.87317294,0.08183845
21,7,none,car,137,91,2,2,True,0.19725886,0.077800214,0.55672467,0.16821632
21,7,none,car,138,91,3,2,False,0.018909017,0.0107928775,0.89849603,0.07180207
21,7,none,car,139,91,2,2,True,0.04912632,0.01230429,0.8473569,0.0912125
21,7,none,car,140,91,3,3,True,0.00023118484,0.0034605856,0.0135963475,0.98271185
21,7,none,car,141,91,2,2,True,0.005006627,0.0114515545,0.98313373,0.00040802875
21,7,none,car,142,91,3,3,True,0.0053255693,0.0028502075,0.042748395,0.9490758
21,7,none,car,143,91,2,2,True,0.00866349,0.10113556,0.8491858,0.041015193
21,7,none,car,144,91,3,2,False,0.001623883,0.024097448,0.79012,0.18415865
21,7,none,car,145,91,3,3,True,0.0731315,0.055570617,0.013673954,0.8576239
21,7,none,car,146,91,2,0,False,0.5250437,0.0047502145,0.07283129,0.3973748
21,7,none,car,147,91,2,3,False,0.0034077766,0.026530402,0.22228281,0.747779
21,7,none,car,148,91,3,3,True,0.06567668,0.011728622,0.24380736,0.6787873
21,7,none,car,149,91,3,3,True,0.011436448,0.072808795,0.014908595,0.9008461
21,7,none,car,150,91,1,1,True,1.16882475e-05,0.92064524,0.07881898,0.000524125
21,7,none,car,151,91,0,0,True,0.464432,0.009873195,0.15878206,0.36691275
21,7,none,car,152,91,1,3,False,0.014692846,0.23253071,0.28547212,0.46730432
21,7,none,car,153,91,0,0,True,0.9746153,5.748974e-05,0.021858992,0.0034682737
21,7,none,car,154,91,0,2,False,0.036425993,0.00055846357,0.9625944,0.0004211048
21,7,none,car,155,91,1,2,False,0.0232159,0.00021866217,0.96733063,0.009234916
21,7,none,car,156,91,1,2,False,9.923025e-05,0.061339732,0.9342397,0.0043213284
21,7,none,car,157,91,0,0,True,0.9989072,8.73881e-05,0.0007501777,0.00025521833
21,7,none,car,158,91,0,0,True,0.96622676,0.0075071906,0.022338653,0.00392742
21,7,none,car,159,91,1,3,False,0.047079682,0.08111001,0.40048793,0.47132245
21,7,none,car,160,91,0,0,True,0.9674521,0.0011151326,0.029641336,0.0017913643
21,7,none,car,161,91,1,1,True,0.017236672,0.8113898,0.057754952,0.11361866
21,7,none,car,162,91,1,2,False,0.108328275,0.1626355,0.63039166,0.09864458
21,7,none,car,163,91,0,0,True,0.77513176,0.000517,0.14974813,0.074603096
21,7,none,car,164,91,1,2,False,0.004056707,0.0043597138,0.9665827,0.025000859
21,7,none,car,165,91,2,2,True,0.016033404,0.0023123731,0.93843514,0.04321905
21,7,none,car,166,91,3,2,False,0.018921621,0.0027552098,0.8981532,0.080169946
21,7,none,car,167,91,3,2,False,0.00043722754,0.015922118,0.8907665,0.09287414
21,7,none,car,168,91,2,2,True,0.006347297,0.010008749,0.927718,0.05592593
21,7,none,car,169,91,2,2,True,0.0010681538,0.00013295905,0.95735866,0.041440327
21,7,none,car,170,91,3,2,False,0.030577715,0.04724475,0.7735454,0.14863215
21,7,none,car,171,91,3,3,True,0.003540817,0.0041385884,0.12935574,0.86296487
21,7,none,car,172,91,2,2,True,0.004966621,0.013794425,0.8823824,0.098856606
21,7,none,car,173,91,3,3,True,0.05989713,0.15810204,0.31288603,0.4691148
21,7,none,car,174,91,2,2,True,0.0246413,0.0011399525,0.891112,0.08310678
21,7,none,car,175,91,2,2,True,0.0025820446,0.009663073,0.9717414,0.01601344
21,7,none,car,176,91,3,2,False,0.009058517,0.015722828,0.7744282,0.20079042
21,7,none,car,177,91,3,2,False,0.17488809,0.0029690133,0.54325426,0.27888864
21,7,none,car,178,91,2,2,True,0.006668567,0.07269271,0.89759946,0.023039293
21,7,none,car,179,91,3,2,False,0.0054102973,0.0058087297,0.8983812,0.09039985
21,7,none,car,180,92,1,3,False,0.0995418,0.38210246,0.041756365,0.4765994
21,7,none,car,181,92,0,3,False,0.2270531,0.216148,0.12985362,0.42694527
21,7,none,car,182,92,1,0,False,0.7252793,0.13218562,0.11247406,0.03006109
21,7,none,car,183,92,0,2,False,0.25927383,0.024309479,0.7116205,0.004796233
21,7,none,car,184,92,0,0,True,0.40797943,0.09792793,0.25362852,0.2404641
21,7,none,car,185,92,1,1,True,0.08861586,0.86490107,0.038415287,0.008067805
21,7,none,car,186,92,0,0,True,0.9368005,0.015397682,0.03716431,0.010637467
21,7,none,car,187,92,1,1,True,0.103118524,0.8942784,0.0021905475,0.00041245457
21,7,none,car,188,92,1,1,True,0.0037057078,0.9959929,0.00017221623,0.00012922718
21,7,none,car,189,92,0,0,True,0.52318305,0.05808376,0.39140072,0.027332481
21,7,none,car,190,92,0,0,True,0.9414684,0.03685428,0.015044937,0.0066324137
21,7,none,car,191,92,1,0,False,0.45971233,0.06140569,0.24540305,0.23347896
21,7,none,car,192,92,0,0,True,0.96415627,0.021533774,0.013802158,0.0005078147
21,7,none,car,193,92,1,3,False,0.0353563,0.25131375,0.04060209,0.6727278
21,7,none,car,194,92,0,2,False,0.27879414,0.09300608,0.5947632,0.033436567
21,7,none,car,195,92,1,1,True,0.09130589,0.87288505,0.023280423,0.012528501
21,7,none,car,196,92,1,1,True,0.004061117,0.99406475,0.001495795,0.00037826542
21,7,none,car,197,92,0,0,True,0.98786026,0.008531743,0.0028791488,0.0007287932
21,7,none,car,198,92,1,1,True,0.05031221,0.7596662,0.1820099,0.008011647
21,7,none,car,199,92,2,0,False,0.69404954,0.09131665,0.11013979,0.10449404
21,7,none,car,200,92,3,0,False,0.4992671,0.06351124,0.22437103,0.21285059
21,7,none,car,201,92,2,0,False,0.4227457,0.039391667,0.2828735,0.2549891
21,7,none,car,202,92,3,0,False,0.3861449,0.043956798,0.26761356,0.30228475
21,7,none,car,203,92,2,1,False,0.32788786,0.3356285,0.3257399,0.010743748
21,7,none,car,204,92,3,3,True,0.17086071,0.16580738,0.12432017,0.5390117
21,7,none,car,205,92,2,2,True,0.13189968,0.21182556,0.56604636,0.090228364
21,7,none,car,206,92,3,0,False,0.5276905,0.25152144,0.055326853,0.16546126
21,7,none,car,207,92,3,0,False,0.5035819,0.31518322,0.089705355,0.09152956
21,7,none,car,208,92,2,0,False,0.70885056,0.031386033,0.14987811,0.10988522
21,7,none,car,209,92,2,2,True,0.00889994,0.211173,0.7766858,0.0032412698
21,7,none,car,210,92,3,1,False,0.098195896,0.58068305,0.007576893,0.3135441
21,7,none,car,211,92,3,3,True,0.16780673,0.24230798,0.026409889,0.56347543
21,7,none,car,212,92,2,1,False,0.27812517,0.55442935,0.06582734,0.101618126
21,7,none,car,213,92,3,0,False,0.61476684,0.22817488,0.085174985,0.07188321
21,7,none,car,214,92,2,0,False,0.92914736,0.025967633,0.0415871,0.0032979671
21,7,none,car,215,92,2,2,True,0.072136424,0.13631633,0.4640734,0.32747385
21,7,none,car,216,92,3,1,False,0.049954504,0.5245981,0.30130827,0.12413911
21,7,none,car,217,92,2,2,True,0.03123271,0.19011465,0.7527828,0.02586986
21,7,none,car,218,92,0,0,True,0.9975805,0.00045932064,0.0017319082,0.00022823783
21,7,none,car,219,92,1,0,False,0.52840227,0.45659137,0.011103093,0.0039032525
21,7,none,car,220,92,0,0,True,0.96764874,0.021608232,0.008815618,0.0019274214
21,7,none,car,221,92,1,1,True,0.13077143,0.833085,0.017433675,0.01870993
21,7,none,car,222,92,1,1,True,0.070857875,0.9187532,0.009521845,0.0008670242
21,7,none,car,223,92,0,0,True,0.8647916,0.076743744,0.04095607,0.017508581
21,7,none,car,224,92,1,1,True,0.0028377995,0.9774484,0.00018482034,0.019529015
21,7,none,car,225,92,0,1,False,0.26233536,0.6967032,0.037750203,0.0032112084
21,7,none,car,226,92,0,0,True,0.98068327,0.017393406,0.0009318191,0.0009914397
21,7,none,car,227,92,1,1,True,0.010406564,0.9602674,0.01305951,0.016266437
21,7,none,car,228,92,1,1,True,0.0002863861,0.991901,0.0014686462,0.006344011
21,7,none,car,229,92,0,0,True,0.96752053,0.0023135168,0.011222459,0.018943517
21,7,none,car,230,92,1,1,True,0.004071481,0.99448544,0.0007587413,0.0006844146
21,7,none,car,231,92,0,0,True,0.43841624,0.3126801,0.14414643,0.104757264
21,7,none,car,232,92,0,0,True,0.994913,0.0006412675,0.0023817015,0.0020640441
21,7,none,car,233,92,1,1,True,0.0095829945,0.9875218,0.0010871419,0.0018079409
21,7,none,car,234,92,0,0,True,0.7795296,0.0019626445,0.15191147,0.06659632
21,7,none,car,235,92,1,1,True,0.0117580015,0.96033865,0.02437272,0.0035306097
21,7,none,car,236,92,1,1,True,0.005777005,0.9920323,0.00024207529,0.0019486547
21,7,none,car,237,92,3,3,True,0.25541914,0.20268299,0.014731471,0.5271664
21,7,none,car,238,92,2,0,False,0.53782713,0.105057634,0.054653425,0.30246186
21,7,none,car,239,92,3,0,False,0.5242992,0.31267872,0.10314773,0.059874382
21,7,none,car,240,92,2,2,True,0.13996644,0.16737786,0.6430578,0.049597822
21,7,none,car,241,92,2,2,True,0.28541076,0.21161349,0.48990792,0.013067774
21,7,none,car,242,92,3,2,False,0.2055882,0.11992705,0.5863812,0.08810355
21,7,none,car,243,92,2,0,False,0.3847461,0.3835663,0.19015858,0.041529026
21,7,none,car,244,92,3,1,False,0.4023497,0.4345603,0.14462836,0.018461669
21,7,none,car,245,92,2,0,False,0.4142348,0.3187141,0.23785448,0.029196624
21,7,none,car,246,92,3,3,True,0.011030906,0.19855778,0.048920434,0.7414909
21,7,none,car,247,92,2,2,True,0.044367176,0.24946107,0.5967799,0.109391935
21,7,none,car,248,92,3,1,False,0.03266077,0.3960476,0.20096359,0.37032807
21,7,none,car,249,92,3,3,True,0.035291348,0.26845503,0.016876861,0.67937684
21,7,none,car,250,92,2,2,True,0.02482885,0.046281803,0.922106,0.0067832572
21,7,none,car,251,92,3,3,True,0.04612023,0.025153741,0.06945069,0.8592753
21,7,none,car,252,92,2,0,False,0.3977467,0.067446396,0.36721852,0.16758841
21,7,none,car,253,92,2,2,True,0.24195501,0.119834825,0.6171594,0.021050654
21,7,none,car,254,92,3,2,False,0.36935714,0.07401173,0.4409524,0.11567872
21,7,none,car,255,92,2,2,True,0.119505964,0.24094296,0.63177335,0.0077776616
21,7,none,car,256,92,0,0,True,0.984712,0.00831165,0.000504309,0.00647198
21,7,none,car,257,92,1,0,False,0.89415985,0.09244154,0.011618453,0.0017801911
21,7,none,car,258,92,1,1,True,0.022394152,0.9618722,0.0064514745,0.009282197
21,7,none,car,259,92,0,0,True,0.97087324,0.009534018,0.008617471,0.010975335
21,7,none,car,260,92,0,0,True,0.86613923,0.01832928,0.034851268,0.080680266
21,7,none,car,261,92,1,1,True,0.037270226,0.94003195,0.021744594,0.00095324614
21,7,none,car,262,92,1,1,True,0.007575256,0.91616,0.008408611,0.067856126
21,7,none,car,263,92,0,0,True,0.901422,0.026797095,0.06623124,0.0055497033
21,7,none,car,264,92,0,0,True,0.9457591,0.007847889,0.04113007,0.0052629975
21,7,none,car,265,92,1,1,True,0.001728308,0.99763966,0.00018894262,0.00044312354
21,7,none,car,266,92,0,0,True,0.9248758,0.06324606,0.010713808,0.0011642807
21,7,none,car,267,92,1,0,False,0.4868217,0.2720192,0.14866412,0.09249494
21,7,none,car,268,92,0,0,True,0.8314277,0.14739218,0.011944947,0.009235239
21,7,none,car,269,92,1,1,True,0.014748636,0.8677315,0.096044265,0.021475626
21,7,none,car,270,92,1,1,True,0.08806681,0.8621732,0.037371274,0.0123886345
21,7,none,car,271,92,0,0,True,0.9427453,0.04775855,0.0056970147,0.0037990878
21,7,none,car,272,92,1,1,True,0.11327274,0.811262,0.07143726,0.004028109
21,7,none,car,273,92,0,0,True,0.7655754,0.0440731,0.18006614,0.010285395
21,7,none,car,274,92,1,2,False,0.17929597,0.15478417,0.57678026,0.08913954
21,7,none,car,275,92,3,1,False,0.2921313,0.53416544,0.08656452,0.08713874
21,7,none,car,276,92,2,1,False,0.3486706,0.35713238,0.20239736,0.091799684
21,7,none,car,277,92,3,3,True,0.048259653,0.25839686,0.19871731,0.4946262
21,7,none,car,278,92,2,1,False,0.2422405,0.44671118,0.13249606,0.17855224
21,7,none,car,279,92,3,3,True,0.22182384,0.0036975697,0.26309884,0.5113798
21,7,none,car,280,92,2,2,True,0.26020983,0.10100765,0.5965632,0.042219352
21,7,none,car,281,92,3,2,False,0.018645361,0.35417315,0.43817472,0.1890068
21,7,none,car,282,92,2,2,True,0.11971403,0.4197441,0.4483103,0.012231539
21,7,none,car,283,92,2,2,True,0.04923915,0.19954343,0.745162,0.0060553947
21,7,none,car,284,92,3,0,False,0.48717767,0.18319623,0.21651408,0.11311202
21,7,none,car,285,92,3,3,True,0.009868224,0.4458379,0.026608037,0.5176859
21,7,none,car,286,92,2,2,True,0.07205773,0.30200234,0.5988915,0.027048392
21,7,none,car,287,92,2,1,False,0.03718259,0.9367229,0.020887487,0.005207113
21,7,none,car,288,92,3,1,False,0.31516117,0.36870798,0.23318534,0.08294543
21,7,none,car,289,92,3,3,True,0.016183073,0.2833038,0.043457635,0.6570555
21,7,none,car,290,92,2,1,False,0.14115836,0.5872083,0.071780436,0.199853
21,7,none,car,291,92,2,0,False,0.77725863,0.033507165,0.13061272,0.058621533
21,7,none,car,292,92,3,3,True,0.33085093,0.10783008,0.06804192,0.49327713
21,7,none,car,293,92,2,1,False,0.102504075,0.67522335,0.17501998,0.047252633
21,7,none,car,294,93,1,1,True,0.09780247,0.6765948,0.099044465,0.12655824
21,7,none,car,295,93,0,2,False,0.16920505,0.202967,0.5979408,0.02988709
21,7,none,car,296,93,1,1,True,0.00024572696,0.9849006,0.008262809,0.00659085
21,7,none,car,297,93,0,0,True,0.4125696,0.26669228,0.26399562,0.0567425
21,7,none,car,298,93,1,2,False,0.003827074,0.078747585,0.90034384,0.017081445
21,7,none,car,299,93,0,2,False,0.043082286,0.0575602,0.70049095,0.19886655
21,7,none,car,300,93,0,0,True,0.9947568,0.0032652903,0.001492962,0.00048483966
21,7,none,car,301,93,1,1,True,0.017741516,0.6939815,0.13716081,0.1511162
21,7,none,car,302,93,1,0,False,0.6911079,0.0076252115,0.2933385,0.007928342
21,7,none,car,303,93,0,0,True,0.5685026,0.04960354,0.33312103,0.04877291
21,7,none,car,304,93,1,2,False,0.032640576,0.42702654,0.439294,0.10103891
21,7,none,car,305,93,0,0,True,0.99690276,0.0010345024,0.00067670917,0.0013860653
21,7,none,car,306,93,1,1,True,0.0028039545,0.50436497,0.27384207,0.21898904
21,7,none,car,307,93,0,0,True,0.99947447,7.719738e-05,0.0002429852,0.0002054194
21,7,none,car,308,93,0,0,True,0.699896,0.026251607,0.16680834,0.107044056
21,7,none,car,309,93,3,3,True,0.00044711443,0.02427216,0.0048597227,0.97042096
21,7,none,car,310,93,2,1,False,0.01084942,0.5533038,0.3514551,0.08439171
21,7,none,car,311,93,2,2,True,0.008603942,0.03936852,0.8603228,0.09170482
21,7,none,car,312,93,3,3,True,0.009965056,0.010356626,0.009926916,0.9697515
21,7,none,car,313,93,3,3,True,0.00019615078,0.009688403,0.007015111,0.9831003
21,7,none,car,314,93,2,2,True,0.12768008,0.08207773,0.7113908,0.07885141
21,7,none,car,315,93,3,1,False,0.0037203813,0.6371637,0.33172423,0.02739163
21,7,none,car,316,93,2,2,True,8.5651554e-05,0.00037125606,0.9995259,1.711067e-05
21,7,none,car,317,93,2,2,True,0.083660044,0.013245016,0.8696058,0.033489093
21,7,none,car,318,93,3,3,True,0.04841452,0.11156674,0.033718873,0.8062998
21,7,none,car,319,93,3,0,False,0.6022397,0.04886438,0.009201649,0.3396942
21,7,none,car,320,93,2,2,True,0.023576913,0.10335981,0.86449313,0.008570226
21,7,none,car,321,93,2,2,True,0.42931882,0.011089723,0.5045737,0.055017736
21,7,none,car,322,93,3,3,True,0.00046394227,0.0026191564,0.0026398923,0.99427706
21,7,none,car,323,93,2,2,True,0.040409856,0.018862726,0.9285016,0.012225846
21,7,none,car,324,93,0,0,True,0.997929,0.00023631261,0.0010604566,0.0007743206
21,7,none,car,325,93,1,3,False,0.011038046,0.289249,0.25699514,0.44271785
21,7,none,car,326,93,1,1,True,7.6797915e-07,0.999158,2.6547737e-05,0.0008146599
21,7,none,car,327,93,0,0,True,0.47776312,0.018654807,0.43592528,0.06765676
21,7,none,car,328,93,0,0,True,0.8200855,0.001985044,0.03858361,0.13934581
21,7,none,car,329,93,1,1,True,0.01727766,0.8205253,0.12966175,0.03253539
21,7,none,car,330,93,0,2,False,0.19930932,0.07187294,0.38605407,0.34276366
21,7,none,car,331,93,1,1,True,0.0019182118,0.5614105,0.13586968,0.30080155
21,7,none,car,332,93,1,2,False,0.0031865377,0.19317584,0.7240519,0.079585694
21,7,none,car,333,93,0,2,False,0.22394122,0.05867389,0.44247475,0.27491012
21,7,none,car,334,93,1,3,False,0.0063885297,0.20798095,0.27159396,0.5140366
21,7,none,car,335,93,0,0,True,0.75585073,0.0017345655,0.23741673,0.004997953
21,7,none,car,336,93,0,0,True,0.97489035,0.00086484523,0.005739086,0.01850569
21,7,none,car,337,93,1,2,False,0.0025418731,0.03507962,0.8754192,0.086959355
21,7,none,car,338,93,0,3,False,0.16098373,0.0012242723,0.273579,0.564213
21,7,none,car,339,93,2,2,True,0.42361605,0.05003996,0.50432116,0.022022864
21,7,none,car,340,93,3,3,True,9.1492744e-05,0.00016884082,0.0009160345,0.9988236
21,7,none,car,341,93,3,3,True,0.004944373,0.044583865,0.05634792,0.8941238
21,7,none,car,342,93,2,2,True,0.027316602,0.18102175,0.69624287,0.095418796
21,7,none,car,343,93,2,1,False,0.0027628285,0.6762495,0.29696527,0.024022346
21,7,none,car,344,93,3,3,True,0.00056336017,0.43737757,0.0026379256,0.5594211
21,7,none,car,345,93,3,3,True,0.00029447553,0.0039227246,0.000560492,0.9952223
21,7,none,car,346,93,2,2,True,0.021017637,0.2639931,0.70235837,0.012630899
21,7,none,car,347,93,3,3,True,0.05182369,0.011066453,0.041539717,0.89557016
21,7,none,car,348,93,2,1,False,0.008115603,0.5878562,0.31895226,0.08507597
21,7,none,car,349,93,3,1,False,0.009917833,0.41123256,0.34961605,0.22923362
21,7,none,car,350,93,2,2,True,0.0047633,0.019043598,0.9474174,0.0287757
21,7,none,car,351,93,3,3,True,0.0009859755,0.008155652,0.009197129,0.9816612
21,7,none,car,352,93,2,2,True,0.0455339,0.033418085,0.8918011,0.029246937
21,7,none,car,353,93,2,3,False,0.03511685,0.122576594,0.31585455,0.526452
21,7,none,car,354,93,0,1,False,0.22036123,0.49060813,0.20718136,0.08184925
21,7,none,car,355,93,1,2,False,0.0033995619,0.213128,0.76360047,0.019871945
21,7,none,car,356,93,0,0,True,0.54596746,0.00727342,0.4369141,0.009845011
21,7,none,car,357,93,1,1,True,0.00055654073,0.9945241,0.0009692053,0.0039501623
21,7,none,car,358,93,1,1,True,0.0011471431,0.94317746,0.005274488,0.050400876
21,7,none,car,359,93,0,0,True,0.7916636,0.075441726,0.03457686,0.09831781
21,7,none,car,360,93,1,2,False,0.0036795787,0.09670133,0.4632631,0.436356
21,7,none,car,361,93,0,1,False,0.028686136,0.92753375,0.01104325,0.03273688
21,7,none,car,362,93,1,1,True,0.020853518,0.8601938,0.059443805,0.05950896
21,7,none,car,363,93,0,0,True,0.89576745,0.0015795537,0.032465026,0.0701879
21,7,none,car,364,93,0,0,True,0.91981614,0.024727277,0.021310775,0.03414579
21,7,none,car,365,93,1,3,False,0.009529635,0.082526475,0.14231862,0.76562524
21,7,none,car,366,93,1,1,True,0.00029541305,0.9540494,0.005520461,0.040134806
21,7,none,car,367,93,0,1,False,0.09390238,0.5838301,0.20126662,0.12100085
21,7,none,car,368,93,1,1,True,0.060249314,0.70899254,0.20269318,0.02806498
21,7,none,car,369,93,2,0,False,0.72637135,0.029447554,0.15456916,0.08961195
21,7,none,car,370,93,3,2,False,0.04614053,0.045982614,0.75055283,0.15732402
21,7,none,car,371,93,3,3,True,0.0074318326,0.018084412,0.030050207,0.94443357
21,7,none,car,372,93,2,1,False,0.1930385,0.69581586,0.107124716,0.00402086
21,7,none,car,373,93,3,1,False,0.00069133245,0.77588886,0.0024843423,0.22093548
21,7,none,car,374,93,2,1,False,0.0014862593,0.9146782,0.081604585,0.0022308948
21,7,none,car,375,93,2,2,True,0.06218377,0.022451146,0.866761,0.048604023
21,7,none,car,376,93,3,3,True,0.00032016117,0.016006716,0.004907659,0.9787654
21,7,none,car,377,93,3,3,True,3.7180795e-05,0.007930262,0.0051632784,0.9868693
21,7,none,car,378,93,2,2,True,0.006389004,0.004298351,0.9604231,0.028889643
21,7,none,car,379,93,2,2,True,0.021318858,0.055081643,0.7922617,0.13133785
21,7,none,car,380,93,3,3,True,0.0832289,0.02926077,0.07953961,0.8079707
21,7,none,car,381,93,3,3,True,0.007672641,0.006607107,0.29940626,0.686314
21,7,none,car,382,93,2,1,False,7.183719e-05,0.9948206,0.004860303,0.00024728832
21,7,none,car,383,93,3,2,False,0.02742472,0.030947741,0.86780363,0.07382398
21,7,none,car,384,94,0,0,True,0.9980179,0.00048275857,0.001460179,3.912747e-05
21,7,none,car,385,94,1,1,True,0.0015827988,0.90281165,0.09494546,0.00066004094
21,7,none,car,386,94,1,2,False,0.103338495,0.15158434,0.6927142,0.052362967
21,7,none,car,387,94,0,0,True,0.9998292,5.2890067e-05,0.00011324967,4.6854852e-06
21,7,none,car,388,94,1,1,True,0.021366486,0.6214907,0.33580408,0.02133877
21,7,none,car,389,94,0,0,True,0.9958331,0.0021355478,0.0018906594,0.00014073394
21,7,none,car,390,94,1,2,False,0.039028868,0.012615728,0.9468535,0.0015018662
21,7,none,car,391,94,0,0,True,0.9990213,3.04323e-05,0.0008421878,0.00010594256
21,7,none,car,392,94,1,2,False,0.09227953,0.2094408,0.6686045,0.029675182
21,7,none,car,393,94,0,0,True,0.9159779,0.013359211,0.07059518,6.764555e-05
21,7,none,car,394,94,0,0,True,0.9975649,0.00017263484,0.0015145495,0.00074788823
21,7,none,car,395,94,1,2,False,0.054862075,0.060542766,0.874331,0.010264248
21,7,none,car,396,94,1,1,True,0.22463635,0.6370438,0.10292358,0.035396345
21,7,none,car,397,94,0,0,True,0.8879139,0.0005174517,0.103895396,0.0076732254
21,7,none,car,398,94,1,2,False,0.11120807,0.3858788,0.42772156,0.07519158
21,7,none,car,399,94,2,2,True,0.017424928,0.014212016,0.966589,0.0017741707
21,7,none,car,400,94,3,3,True,0.036689404,0.07826717,0.24956517,0.63547826
21,7,none,car,401,94,3,3,True,0.003203585,0.012127359,0.004488782,0.98018026
21,7,none,car,402,94,2,2,True,0.007877597,0.0048907395,0.98441654,0.0028151923
21,7,none,car,403,94,3,3,True,0.06855488,0.008638817,0.17972462,0.7430817
21,7,none,car,404,94,2,2,True,0.028097842,0.052458234,0.9120238,0.0074201827
21,7,none,car,405,94,2,2,True,0.002151429,0.0074730935,0.98940533,0.00097011897
21,7,none,car,406,94,3,3,True,0.019795775,0.20494454,0.09727884,0.67798084
21,7,none,car,407,94,2,2,True,0.062156904,0.004002769,0.92252344,0.011316869
21,7,none,car,408,94,3,3,True,0.015389634,0.040495537,0.094273545,0.84984124
21,7,none,car,409,94,3,3,True,0.022545205,0.0037696643,0.0698966,0.9037885
21,7,none,car,410,94,2,2,True,0.011536281,0.006109992,0.9815144,0.00083932275
21,7,none,car,411,94,3,3,True,0.085219726,0.015448367,0.19961646,0.69971544
21,7,none,car,412,94,2,2,True,0.46722373,0.033235855,0.46939942,0.030141039
21,7,none,car,413,94,3,2,False,0.2046152,0.09888699,0.60715777,0.08934004
21,7,none,car,414,94,1,1,True,0.012407787,0.9692693,0.016719257,0.0016036294
21,7,none,car,415,94,0,0,True,0.4793686,0.3701485,0.1471441,0.003338868
21,7,none,car,416,94,1,1,True,0.017807554,0.9684862,0.013584955,0.00012136628
21,7,none,car,417,94,0,0,True,0.94833946,0.014214446,0.034507975,0.0029380706
21,7,none,car,418,94,0,0,True,0.98645675,0.00092303025,0.012595062,2.5153598e-05
21,7,none,car,419,94,1,1,True,0.0001308073,0.9547387,0.043929998,0.0012004875
21,7,none,car,420,94,1,2,False,0.11780942,0.08068203,0.6347049,0.1668037
21,7,none,car,421,94,0,0,True,0.9581286,0.00038411963,0.041237984,0.0002493334
21,7,none,car,422,94,0,0,True,0.94411284,0.029489405,0.02632601,7.166441e-05
21,7,none,car,423,94,1,2,False,0.18678103,0.012376921,0.7901689,0.010673228
21,7,none,car,424,94,1,1,True,7.2146286e-05,0.99122953,0.0086157415,8.244088e-05
21,7,none,car,425,94,0,1,False,0.11855937,0.46852776,0.40955296,0.003359836
21,7,none,car,426,94,1,2,False,0.012280529,0.34743524,0.6337187,0.0065655163
21,7,none,car,427,94,0,0,True,0.988111,2.8659599e-05,0.010438433,0.0014219306
21,7,none,car,428,94,1,2,False,0.053926267,0.00815667,0.93143183,0.0064851874
21,7,none,car,429,94,3,3,True,0.16986358,0.012741261,0.12212262,0.69527256
21,7,none,car,430,94,2,2,True,0.25776017,0.007764408,0.7300274,0.004448079
21,7,none,car,431,94,3,3,True,0.0018739733,0.1572409,0.18525407,0.65563107
21,7,none,car,432,94,2,2,True,0.0007221313,0.0016702507,0.99669856,0.0009090942
21,7,none,car,433,94,3,3,True,0.016667131,0.11833264,0.016640013,0.84836024
21,7,none,car,434,94,2,2,True,0.017793024,0.03842152,0.9418833,0.0019021892
21,7,none,car,435,94,2,2,True,0.020625943,0.05086769,0.84999305,0.078513235
21,7,none,car,436,94,3,2,False,0.037718546,0.041112512,0.6074211,0.31374788
21,7,none,car,437,94,3,1,False,0.014311033,0.52676153,0.024994351,0.4339331
21,7,none,car,438,94,2,2,True,0.019866405,0.042406376,0.9340059,0.0037213003
21,7,none,car,439,94,3,3,True,0.061120566,0.22450703,0.29920137,0.4151711
21,7,none,car,440,94,2,2,True,0.19207442,0.03641419,0.76695305,0.0045583653
21,7,none,car,441,94,3,2,False,0.026440209,0.008902647,0.902489,0.06216819
21,7,none,car,442,94,2,2,True,0.003713295,0.0032776576,0.99275136,0.00025761014
21,7,none,car,443,94,2,3,False,0.16829754,0.27797055,0.19320145,0.36053044
21,7,none,car,444,94,0,0,True,0.99515283,0.001782685,0.0029777624,8.6718e-05
21,7,none,car,445,94,1,2,False,0.19477169,0.07937393,0.7250271,0.00082733115
21,7,none,car,446,94,1,2,False,0.002247315,0.19300167,0.8031582,0.0015928434
21,7,none,car,447,94,0,0,True,0.7008721,0.0023153387,0.29606038,0.00075212994
21,7,none,car,448,94,1,1,True,0.0016592669,0.55387133,0.42826626,0.016203225
21,7,none,car,449,94,0,0,True,0.87303376,0.0022320915,0.12002385,0.0047102384
21,7,none,car,450,94,1,2,False,0.2354939,0.20068601,0.5503112,0.013508931
21,7,none,car,451,94,0,2,False,0.15440847,0.004887217,0.8361087,0.004595693
21,7,none,car,452,94,1,1,True,0.14115492,0.41914484,0.31706867,0.12263159
21,7,none,car,453,94,0,2,False,0.27243134,0.02941648,0.6916195,0.006532756
21,7,none,car,454,94,1,2,False,0.031612992,0.4413609,0.504011,0.023015128
21,7,none,car,455,94,0,0,True,0.98081446,0.00019308049,0.018492062,0.0005003897
21,7,none,car,456,94,0,0,True,0.48798475,0.074730635,0.4355692,0.0017154381
21,7,none,car,457,94,1,3,False,0.02171279,0.051815268,0.33394083,0.5925311
21,7,none,car,458,94,0,2,False,0.14470065,0.059043225,0.710896,0.08536005
21,7,none,car,459,94,2,2,True,0.020815345,0.013169671,0.9614645,0.0045504244
21,7,none,car,460,94,3,2,False,0.00106282,0.01595771,0.960684,0.02229546
21,7,none,car,461,94,2,2,True,0.006700048,0.011910036,0.9808466,0.00054331083
21,7,none,car,462,94,3,2,False,0.18182394,0.016748441,0.79579633,0.005631219
21,7,none,car,463,94,2,2,True,0.026259085,0.37537226,0.5976015,0.0007672033
21,7,none,car,464,94,3,3,True,0.04117078,0.034740902,0.45204985,0.47203854
21,7,none,car,465,94,3,3,True,0.019428719,0.23124325,0.15892993,0.59039813
21,7,none,car,466,94,2,2,True,0.010741568,0.007039767,0.9769058,0.0053128186
21,7,none,car,467,94,2,2,True,0.0015280856,0.0017866656,0.99506444,0.0016208866
21,7,none,car,468,94,3,2,False,0.033232164,0.0032368794,0.812216,0.15131496
21,7,none,car,469,94,3,3,True,0.003994286,0.16627288,0.04579511,0.78393775
21,7,none,car,470,94,2,2,True,0.0033634878,0.028401239,0.94216716,0.026068108
21,7,none,car,471,94,2,2,True,0.11392687,0.046712533,0.6328007,0.20655988
21,7,none,car,472,94,3,2,False,0.018561771,0.113511875,0.7065475,0.16137893
21,7,none,car,473,94,3,2,False,0.051001206,0.17166707,0.76123524,0.01609647
21,7,none,car,474,95,0,0,True,0.8431879,0.13232714,0.019644845,0.004840174
21,7,none,car,475,95,1,1,True,0.014548446,0.8710648,0.003673916,0.11071279
21,7,none,car,476,95,1,1,True,9.417176e-05,0.9991891,0.00055870455,0.000157993
21,7,none,car,477,95,0,0,True,0.9904879,0.0021274767,0.00034880862,0.0070358445
21,7,none,car,478,95,0,0,True,0.998738,0.00079990056,0.00025597576,0.00020604904
21,7,none,car,479,95,1,1,True,0.0019638517,0.9862365,0.0010979658,0.010701673
21,7,none,car,480,95,0,0,True,0.8610291,0.1219881,0.01425041,0.0027323496
21,7,none,car,481,95,1,1,True,0.0006699279,0.9790637,0.00049046014,0.019775951
21,7,none,car,482,95,0,0,True,0.97111803,0.02197812,0.0036103574,0.0032934826
21,7,none,car,483,95,1,3,False,0.0043668794,0.45173678,0.064092465,0.47980395
21,7,none,car,484,95,1,1,True,0.000939468,0.9844757,0.006913973,0.0076708817
21,7,none,car,485,95,0,0,True,0.99546534,3.0352563e-05,0.0010934381,0.0034108362
21,7,none,car,486,95,0,0,True,0.97614664,0.009700879,0.008406981,0.005745506
21,7,none,car,487,95,1,1,True,0.011621493,0.69684124,0.03772263,0.2538147
21,7,none,car,488,95,1,1,True,4.682556e-06,0.9913167,0.0046526236,0.0040259724
21,7,none,car,489,95,2,3,False,0.0072161285,0.057035424,0.07328607,0.86246234
21,7,none,car,490,95,3,3,True,0.014923201,0.11663462,0.021978004,0.84646416
21,7,none,car,491,95,2,1,False,0.0007536878,0.83338374,0.13136104,0.03450158
21,7,none,car,492,95,3,3,True,0.0016192098,0.0014430688,0.0010272774,0.9959104
21,7,none,car,493,95,3,3,True,0.0007366181,0.11674479,0.00072000705,0.88179857
21,7,none,car,494,95,2,3,False,0.21926263,0.12122168,0.022795701,0.63672
21,7,none,car,495,95,2,2,True,0.025629798,0.21932644,0.5352802,0.21976353
21,7,none,car,496,95,3,3,True,0.032564234,0.016257249,0.0014254239,0.9497531
21,7,none,car,497,95,3,3,True,0.00083071383,0.009151597,0.019792385,0.97022533
21,7,none,car,498,95,2,3,False,0.0036353564,0.3155706,0.09698265,0.58381134
21,7,none,car,499,95,3,3,True,0.00072985725,0.20739828,0.002820453,0.78905135
21,7,none,car,500,95,2,3,False,0.0006372345,0.0033054769,0.049205218,0.94685215
21,7,none,car,501,95,3,3,True,0.0031692833,0.0051440825,0.004134788,0.98755187
21,7,none,car,502,95,2,3,False,0.0016132754,0.019082688,0.31350002,0.6658041
21,7,none,car,503,95,2,3,False,0.075812526,0.18655373,0.054719817,0.68291396
21,7,none,car,504,95,1,1,True,0.00035014574,0.9452039,0.0044262614,0.050019663
21,7,none,car,505,95,0,3,False,0.44293112,0.019995948,0.0034592545,0.5336137
21,7,none,car,506,95,1,1,True,0.0003852401,0.7061692,0.0005798317,0.2928657
21,7,none,car,507,95,0,3,False,0.20147538,0.004640958,0.059657898,0.73422575
21,7,none,car,508,95,0,0,True,0.92863685,0.005340611,0.0015102003,0.06451229
21,7,none,car,509,95,1,3,False,0.015230817,0.1283395,0.02882088,0.8276088
21,7,none,car,510,95,1,3,False,0.0028198329,0.20658477,0.093563974,0.6970314
21,7,none,car,511,95,0,0,True,0.9140541,0.00043847444,0.00063226843,0.08487514
21,7,none,car,512,95,0,3,False,0.20957224,0.015090311,0.20380598,0.5715315
21,7,none,car,513,95,1,3,False,0.000695173,0.4369863,0.022521932,0.53979665
21,7,none,car,514,95,0,0,True,0.7191634,0.0017443585,0.04695589,0.23213632
21,7,none,car,515,95,1,1,True,0.0004648957,0.86360914,0.08921756,0.046708357
21,7,none,car,516,95,0,3,False,0.20209163,0.25576276,0.0020902357,0.54005533
21,7,none,car,517,95,1,1,True,0.00030469126,0.9087492,0.031580217,0.059365846
21,7,none,car,518,95,0,3,False,0.18512294,0.0042506238,0.05011463,0.7605118
21,7,none,car,519,95,3,3,True,7.511987e-05,0.045344256,0.0014451934,0.95313543
21,7,none,car,520,95,2,3,False,0.015950916,0.00061427156,0.092706256,0.89072853
21,7,none,car,521,95,3,3,True,0.00014073863,0.22280727,0.0055626407,0.7714894
21,7,none,car,522,95,2,2,True,0.1267286,0.0051126867,0.47875112,0.38940763
21,7,none,car,523,95,2,2,True,0.0068800994,0.01780517,0.87416244,0.10115232
21,7,none,car,524,95,3,3,True,0.0022186416,0.27568007,0.018258931,0.70384234
21,7,none,car,525,95,2,2,True,0.009813296,0.2407085,0.608214,0.14126413
21,7,none,car,526,95,3,3,True,0.00016875465,0.034425348,0.0007717848,0.9646341
21,7,none,car,527,95,2,3,False,0.07013415,0.14809465,0.29482982,0.48694143
21,7,none,car,528,95,3,3,True,0.00021770089,0.019335084,0.0017223061,0.9787249
21,7,none,car,529,95,2,0,False,0.63168114,0.06772094,0.108154036,0.19244383
21,7,none,car,530,95,3,3,True,0.012521846,0.021479879,0.020953737,0.94504446
21,7,none,car,531,95,2,3,False,0.0004813648,0.0078070667,0.015453417,0.9762581
21,7,none,car,532,95,3,3,True,0.003405833,0.12134275,0.059994344,0.8152571
21,7,none,car,533,95,3,3,True,0.00029013527,0.22851017,0.331555,0.43964463
21,7,none,car,534,95,0,1,False,0.015369382,0.54601675,0.054937292,0.38367656
21,7,none,car,535,95,1,3,False,0.19671312,0.06500817,0.027849019,0.7104297
21,7,none,car,536,95,1,3,False,0.006348466,0.0061254855,0.0017156354,0.98581046
21,7,none,car,537,95,0,3,False,0.097810216,0.12587325,0.101488285,0.6748283
21,7,none,car,538,95,0,3,False,0.054469846,0.019409737,0.015669221,0.91045123
21,7,none,car,539,95,1,1,True,0.03579848,0.7727572,0.025466803,0.16597757
21,7,none,car,540,95,1,3,False,0.0012990013,0.018103069,0.0004366206,0.98016137
21,7,none,car,541,95,0,0,True,0.41450664,0.03238002,0.40438256,0.14873083
21,7,none,car,542,95,0,1,False,0.043933745,0.7717215,0.0723591,0.11198563
21,7,none,car,543,95,1,1,True,0.0011790623,0.98513085,0.0012307084,0.012459392
21,7,none,car,544,95,0,3,False,0.015789114,0.0947811,0.1445109,0.74491894
21,7,none,car,545,95,1,2,False,0.34448934,0.06016742,0.45632505,0.13901818
21,7,none,car,546,95,1,1,True,0.052028492,0.4804156,0.06700091,0.400555
21,7,none,car,547,95,0,2,False,0.0022884684,0.10314012,0.8896391,0.004932278
21,7,none,car,548,95,0,0,True,0.60946923,0.050875492,0.31757408,0.02208114
21,7,none,car,549,95,2,2,True,0.0010055123,0.02483734,0.9095668,0.06459041
21,7,none,car,550,95,3,1,False,0.078474574,0.5387448,0.12948501,0.25329563
21,7,none,car,551,95,3,3,True,0.00647405,0.13588227,0.01163848,0.84600514
21,7,none,car,552,95,2,2,True,0.31255853,0.120897435,0.31530926,0.25123477
21,7,none,car,553,95,2,3,False,0.014211515,0.060073875,0.093252614,0.832462
21,7,none,car,554,95,3,3,True,0.003156487,0.021978341,0.002085704,0.97277945
21,7,none,car,555,95,2,1,False,0.008158117,0.63660157,0.057773218,0.2974671
21,7,none,car,556,95,3,3,True,0.000786471,0.32505384,0.004668491,0.6694912
21,7,none,car,557,95,2,1,False,0.034639914,0.4131375,0.25951394,0.29270867
21,7,none,car,558,95,3,1,False,0.0037277443,0.7362937,0.001975979,0.2580026
21,7,none,car,559,95,2,3,False,0.0134475315,0.035367116,0.080727525,0.8704578
21,7,none,car,560,95,3,3,True,0.036551565,0.09752238,0.068593726,0.7973323
21,7,none,car,561,95,3,2,False,0.0048280642,0.23163097,0.53614706,0.227394
21,7,none,car,562,95,2,2,True,0.0013733702,0.3766155,0.44976395,0.17224717
21,7,none,car,563,95,3,3,True,0.00042358058,0.01990734,0.013944473,0.9657246
21,7,none,car,564,96,1,1,True,0.056016266,0.9335281,0.0061265863,0.0043289927
21,7,none,car,565,96,0,0,True,0.95351726,0.006292949,0.039808083,0.0003817904
21,7,none,car,566,96,0,0,True,0.9818989,0.010560989,0.006371266,0.0011689224
21,7,none,car,567,96,1,1,True,0.007735228,0.7015548,0.27356392,0.017146138
21,7,none,car,568,96,1,1,True,0.0009457178,0.9834937,0.010805743,0.0047549796
21,7,none,car,569,96,0,0,True,0.7737655,0.00083871663,0.18270148,0.04269422
21,7,none,car,570,96,1,1,True,0.0010488173,0.99555475,0.0032204348,0.00017602179
21,7,none,car,571,96,0,0,True,0.9954733,3.543868e-05,0.0039036716,0.0005874841
21,7,none,car,572,96,0,0,True,0.8530214,0.0045047174,0.13378851,0.008685468
21,7,none,car,573,96,1,1,True,0.00080732495,0.99549544,0.0034363347,0.0002608353
21,7,none,car,574,96,1,1,True,0.0032683602,0.9821248,0.014375025,0.00023185286
21,7,none,car,575,96,0,0,True,0.8875008,0.0004196723,0.11121334,0.00086619845
21,7,none,car,576,96,0,0,True,0.9512494,0.010536869,0.017699592,0.020514112
21,7,none,car,577,96,1,1,True,0.0196493,0.46362656,0.44197607,0.07474801
21,7,none,car,578,96,1,1,True,0.0018812632,0.9182717,0.03997673,0.039870217
21,7,none,car,579,96,3,3,True,0.0069708405,0.024812533,0.29291752,0.6752991
21,7,none,car,580,96,2,2,True,0.008029471,9.780326e-05,0.9914725,0.00040024988
21,7,none,car,581,96,3,2,False,0.04579055,0.035680607,0.8162478,0.10228106
21,7,none,car,582,96,2,2,True,0.010363711,0.0021835095,0.9582842,0.029168598
21,7,none,car,583,96,2,2,True,0.16557178,0.004887791,0.42469755,0.4048429
21,7,none,car,584,96,3,2,False,0.032536224,0.0014146105,0.92391413,0.04213505
21,7,none,car,585,96,3,0,False,0.36998597,0.07359833,0.33442464,0.22199112
21,7,none,car,586,96,2,2,True,0.016812898,0.0024317582,0.9369719,0.04378356
21,7,none,car,587,96,3,3,True,0.013348225,0.0009935971,0.059874896,0.92578334
21,7,none,car,588,96,2,2,True,0.05534389,0.12176074,0.80538476,0.017510677
21,7,none,car,589,96,2,2,True,0.044991463,0.0417662,0.91179174,0.0014506147
21,7,none,car,590,96,3,0,False,0.44737008,0.3202835,0.08795941,0.14438702
21,7,none,car,591,96,3,3,True,0.043316737,0.021992046,0.07266681,0.8620244
21,7,none,car,592,96,2,2,True,0.048414752,0.011051622,0.8969307,0.043602854
21,7,none,car,593,96,3,2,False,0.09902915,0.23929061,0.3337627,0.3279175
21,7,none,car,594,96,0,0,True,0.9808528,0.00036514972,0.018349303,0.00043269657
21,7,none,car,595,96,1,2,False,0.05325779,0.017462421,0.9274312,0.0018485421
21,7,none,car,596,96,1,0,False,0.32939714,0.17048784,0.3225399,0.17757513
21,7,none,car,597,96,0,0,True,0.9880796,8.634487e-05,0.0057885926,0.006045518
21,7,none,car,598,96,1,0,False,0.5284491,0.35978082,0.108918585,0.002851438
21,7,none,car,599,96,0,0,True,0.40974194,0.0025045716,0.3482391,0.23951444
21,7,none,car,600,96,0,0,True,0.84972554,0.00013631277,0.1486562,0.001481867
21,7,none,car,601,96,1,1,True,0.024285333,0.95454365,0.01938742,0.0017835977
21,7,none,car,602,96,0,0,True,0.9099068,0.0070067546,0.08073713,0.0023492977
21,7,none,car,603,96,1,2,False,0.05000256,0.3970724,0.5501438,0.0027812805
21,7,none,car,604,96,1,1,True,0.005790734,0.746959,0.084698424,0.1625518
21,7,none,car,605,96,0,0,True,0.8787621,0.00010529368,0.104415916,0.016716592
21,7,none,car,606,96,1,2,False,0.016035488,0.09873063,0.45421892,0.43101498
21,7,none,car,607,96,0,2,False,0.27776727,0.0003236764,0.6769755,0.044933576
21,7,none,car,608,96,0,0,True,0.7459771,0.0005602399,0.15826873,0.095193945
21,7,none,car,609,96,3,3,True,0.35250932,0.008452759,0.09359039,0.5454475
21,7,none,car,610,96,2,2,True,0.00047934355,0.0013454694,0.99746084,0.00071432337
21,7,none,car,611,96,3,2,False,0.38015848,0.06405832,0.5384333,0.017349893
21,7,none,car,612,96,2,0,False,0.9330805,0.006123202,0.033048056,0.027748244
21,7,none,car,613,96,3,3,True,0.17245755,0.19366321,0.049496997,0.58438224
21,7,none,car,614,96,2,2,True,0.008991135,0.0010159323,0.98674405,0.0032489283
21,7,none,car,615,96,2,2,True,0.005108632,0.0011196493,0.9606392,0.033132534
21,7,none,car,616,96,3,2,False,0.013944704,0.0016167361,0.91663426,0.06780432
21,7,none,car,617,96,2,2,True,0.08585744,0.004878876,0.82341987,0.08584383
21,7,none,car,618,96,3,0,False,0.9045325,0.009853886,0.0433959,0.042217743
21,7,none,car,619,96,2,2,True,0.08660352,0.0033230733,0.6879615,0.2221119
21,7,none,car,620,96,3,3,True,0.1573515,0.016649157,0.22041701,0.60558236
21,7,none,car,621,96,2,0,False,0.8399849,0.00200601,0.1440556,0.013953529
21,7,none,car,622,96,3,3,True,0.40497127,0.008468625,0.032251492,0.55430865
21,7,none,car,623,96,3,3,True,0.12116151,0.01608525,0.27200493,0.5907483
21,7,none,car,624,96,1,1,True,0.008641101,0.9243284,0.053637117,0.013393463
21,7,none,car,625,96,0,0,True,0.78155863,0.00058105955,0.20057964,0.017280659
21,7,none,car,626,96,1,2,False,0.35425386,0.021772914,0.5998448,0.024128387
21,7,none,car,627,96,0,0,True,0.8264794,0.08082278,0.08970228,0.0029955443
21,7,none,car,628,96,1,2,False,0.03242182,0.20257404,0.72188425,0.043119878
21,7,none,car,629,96,0,0,True,0.9825231,0.00218543,0.01137526,0.0039161947
21,7,none,car,630,96,0,0,True,0.9436878,3.3981083e-05,0.05622267,5.5587752e-05
21,7,none,car,631,96,1,0,False,0.7738846,0.10689687,0.09292444,0.026294118
21,7,none,car,632,96,1,1,True,0.0032467686,0.98568416,0.0102048665,0.000864186
21,7,none,car,633,96,0,0,True,0.9209209,0.012785061,0.060304977,0.005989033
21,7,none,car,634,96,0,0,True,0.9954508,1.0798637e-05,0.0044485144,8.9969726e-05
21,7,none,car,635,96,1,1,True,0.0040989644,0.88680965,0.10737163,0.0017197917
21,7,none,car,636,96,1,1,True,0.016192477,0.5213597,0.4614888,0.0009590483
21,7,none,car,637,96,0,0,True,0.99391526,0.0034305118,0.0020529258,0.0006012746
21,7,none,car,638,96,0,0,True,0.6985386,0.00615206,0.1217527,0.17355667
21,7,none,car,639,96,2,2,True,0.0038199592,0.010828358,0.9845977,0.00075406197
21,7,none,car,640,96,3,2,False,0.027699962,0.006118853,0.93546796,0.03071325
21,7,none,car,641,96,2,2,True,0.1309233,0.003506166,0.6814255,0.18414502
21,7,none,car,642,96,3,2,False,0.018313019,0.015435189,0.88573843,0.08051331
21,7,none,car,643,96,3,0,False,0.4807406,0.041017417,0.061361533,0.4168804
21,7,none,car,644,96,2,2,True,0.008907595,0.040009625,0.9391989,0.01188389
21,7,none,car,645,96,3,0,False,0.58524877,0.075418,0.141216,0.19811724
21,7,none,car,646,96,2,2,True,0.23447295,0.074753985,0.6818216,0.00895151
21,7,none,car,647,96,2,2,True,0.021488462,0.0059785894,0.968478,0.0040548854
21,7,none,car,648,96,3,2,False,0.36756486,0.053756893,0.5190444,0.059633806
21,7,none,car,649,96,2,2,True,0.1522581,0.057407856,0.6487577,0.14157633
21,7,none,car,650,96,3,0,False,0.3974707,0.014131238,0.23043828,0.35795978
21,7,none,car,651,96,2,2,True,0.19975707,0.06975969,0.69782984,0.032653455
21,7,none,car,652,96,3,0,False,0.6577837,0.012036681,0.24762131,0.08255832
21,7,none,car,653,96,3,1,False,0.043212593,0.64211446,0.18680368,0.12786916
21,7,none,car,654,97,0,0,True,0.6511669,0.06859419,0.23459765,0.045641247
21,7,none,car,655,97,1,1,True,0.06576299,0.8839208,0.020186024,0.030130196
21,7,none,car,656,97,1,1,True,0.24617423,0.70052,0.03726317,0.016042631
21,7,none,car,657,97,0,0,True,0.895712,0.048057616,0.050512917,0.0057175197
21,7,none,car,658,97,0,0,True,0.9902677,0.00086098444,0.007532434,0.0013389271
21,7,none,car,659,97,1,1,True,0.005744395,0.93785316,0.01799339,0.038409095
21,7,none,car,660,97,0,2,False,0.4520497,0.05075159,0.48908415,0.00811453
21,7,none,car,661,97,1,1,True,0.00025360778,0.9645587,0.020731043,0.01445665
21,7,none,car,662,97,0,3,False,0.14428501,0.20547524,0.30737433,0.34286538
21,7,none,car,663,97,1,1,True,0.15361042,0.75593936,0.02211878,0.06833139
21,7,none,car,664,97,1,1,True,0.0027102528,0.99398935,0.0005486177,0.002751777
21,7,none,car,665,97,0,0,True,0.8865951,0.0036054566,0.019176144,0.09062336
21,7,none,car,666,97,1,2,False,0.10223132,0.11485925,0.6831298,0.099779695
21,7,none,car,667,97,0,0,True,0.38522646,0.1855547,0.15625672,0.27296212
21,7,none,car,668,97,0,0,True,0.8594397,0.11287482,0.012236273,0.015449198
21,7,none,car,669,97,3,0,False,0.41174966,0.06496456,0.30063695,0.22264883
21,7,none,car,670,97,2,0,False,0.85448444,0.08918974,0.03601024,0.020315537
21,7,none,car,671,97,3,3,True,0.0035825856,0.036116052,0.025572412,0.9347289
21,7,none,car,672,97,2,1,False,0.0034183837,0.7424062,0.1204964,0.13367903
21,7,none,car,673,97,3,3,True,0.090169646,0.31680745,0.0026380375,0.5903849
21,7,none,car,674,97,2,2,True,0.09431192,0.20849994,0.5223547,0.17483345
21,7,none,car,675,97,3,2,False,0.016416563,0.18182833,0.75345194,0.048303146
21,7,none,car,676,97,2,1,False,0.040148295,0.8527153,0.015066757,0.09206958
21,7,none,car,677,97,3,2,False,0.015284132,0.35066846,0.46699673,0.16705072
21,7,none,car,678,97,2,2,True,0.12379335,0.079738505,0.7625169,0.033951245
21,7,none,car,679,97,3,3,True,0.13791397,0.031801775,0.042530753,0.78775346
21,7,none,car,680,97,2,3,False,0.01590928,0.006998327,0.0011790318,0.9759134
21,7,none,car,681,97,3,3,True,0.107084945,0.010338058,0.13743322,0.7451438
21,7,none,car,682,97,2,1,False,0.0088485945,0.78573817,0.108494066,0.09691925
21,7,none,car,683,97,2,1,False,0.024560185,0.8675414,0.019739112,0.088159375
21,7,none,car,684,97,0,2,False,0.25723064,0.22387792,0.3742497,0.1446418
21,7,none,car,685,97,1,0,False,0.71280015,0.1717678,0.112329036,0.0031029996
21,7,none,car,686,97,1,1,True,0.00515997,0.97759664,0.0135026155,0.003740778
21,7,none,car,687,97,0,0,True,0.4679772,0.014137351,0.3731848,0.14470066
21,7,none,car,688,97,1,1,True,0.22566801,0.39930612,0.25242418,0.12260174
21,7,none,car,689,97,0,2,False,0.38248578,0.035756905,0.5362432,0.045514144
21,7,none,car,690,97,1,2,False,0.036323935,0.01473967,0.5554722,0.39346424
21,7,none,car,691,97,0,3,False,0.18967777,0.17747876,0.1026539,0.5301896
21,7,none,car,692,97,1,1,True,0.09041058,0.5346213,0.099414445,0.2755537
21,7,none,car,693,97,0,0,True,0.6787855,0.009543928,0.07809075,0.23357978
21,7,none,car,694,97,0,0,True,0.95176345,0.004945139,0.03966113,0.003630352
21,7,none,car,695,97,1,1,True,0.0023818344,0.49933985,0.4111003,0.08717797
21,7,none,car,696,97,0,3,False,0.17657693,0.00814211,0.016701713,0.7985793
21,7,none,car,697,97,1,1,True,0.06196529,0.7870972,0.01973511,0.13120247
21,7,none,car,698,97,1,3,False,0.0038815595,0.20920698,0.003976062,0.7829354
21,7,none,car,699,97,3,3,True,0.006053388,0.07964271,0.33133468,0.58296925
21,7,none,car,700,97,2,0,False,0.6096953,0.021098366,0.33422828,0.034978013
21,7,none,car,701,97,2,2,True,0.036699392,0.23279825,0.601459,0.12904331
21,7,none,car,702,97,3,2,False,0.012787275,0.0707217,0.77359664,0.14289436
21,7,none,car,703,97,3,1,False,0.26212522,0.4466093,0.24621962,0.045045786
21,7,none,car,704,97,2,1,False,0.15003443,0.6972051,0.055752527,0.09700799
21,7,none,car,705,97,2,2,True,0.010963009,0.29087967,0.5314704,0.1666869
21,7,none,car,706,97,3,2,False,0.14460586,0.08031058,0.6270744,0.1480091
21,7,none,car,707,97,2,2,True,0.016735641,0.03979934,0.831546,0.11191899
21,7,none,car,708,97,3,3,True,0.0050884634,0.19220608,0.1654769,0.63722855
21,7,none,car,709,97,3,3,True,0.2355075,0.015202547,0.20013659,0.5491534
21,7,none,car,710,97,2,2,True,0.025539102,0.04025511,0.5694461,0.36475968
21,7,none,car,711,97,3,3,True,0.28907776,0.07195465,0.1695852,0.46938246
21,7,none,car,712,97,2,0,False,0.50021493,0.0054280395,0.40763655,0.08672047
21,7,none,car,713,97,3,3,True,0.16777937,0.34605157,0.067167625,0.41900143
21,7,none,car,714,97,1,1,True,0.05700073,0.3890222,0.23670037,0.3172767
21,7,none,car,715,97,0,1,False,0.21066715,0.47151902,0.2773268,0.040486973
21,7,none,car,716,97,1,1,True,0.041878585,0.7385731,0.16340633,0.056141984
21,7,none,car,717,97,0,0,True,0.96125233,0.028752165,0.00945892,0.00053653703
21,7,none,car,718,97,1,2,False,0.0999474,0.15885805,0.6843528,0.05684169
21,7,none,car,719,97,0,0,True,0.80614936,0.016028846,0.11491692,0.06290491
21,7,none,car,720,97,0,0,True,0.9621174,0.0022243904,0.021084845,0.0145733785
21,7,none,car,721,97,1,1,True,0.032140575,0.62693864,0.16906224,0.17185861
21,7,none,car,722,97,1,1,True,0.009139,0.49151972,0.19638075,0.30296052
21,7,none,car,723,97,0,0,True,0.88704085,0.027125578,0.03543343,0.05040018
21,7,none,car,724,97,1,1,True,0.040578473,0.8541746,0.03158577,0.073661156
21,7,none,car,725,97,0,0,True,0.716131,0.044992354,0.12003346,0.11884317
21,7,none,car,726,97,0,0,True,0.981356,0.0015255557,0.00987334,0.0072450694
21,7,none,car,727,97,1,2,False,0.11035808,0.08528739,0.57350355,0.23085098
21,7,none,car,728,97,0,0,True,0.9410411,0.0019438177,0.033992458,0.023022523
21,7,none,car,729,97,3,3,True,0.34383217,0.038999528,0.2595994,0.35756892
21,7,none,car,730,97,2,1,False,0.001993681,0.79949576,0.047871828,0.15063876
21,7,none,car,731,97,2,2,True,0.03406366,0.062107384,0.867513,0.036315985
21,7,none,car,732,97,3,0,False,0.63238746,0.16352923,0.13487354,0.06920976
21,7,none,car,733,97,2,2,True,0.15614776,0.12029769,0.4019094,0.32164517
21,7,none,car,734,97,3,0,False,0.47932157,0.21885327,0.21011378,0.091711275
21,7,none,car,735,97,2,0,False,0.57390976,0.23351085,0.14049153,0.05208785
21,7,none,car,736,97,3,3,True,0.06699149,0.1443488,0.1682925,0.6203672
21,7,none,car,737,97,3,3,True,0.13154563,0.09903863,0.30004647,0.46936926
21,7,none,car,738,97,2,2,True,0.08865897,0.104579456,0.70809245,0.0986691
21,7,none,car,739,97,3,3,True,0.021535313,0.053625114,0.29160047,0.6332391
21,7,none,car,740,97,2,1,False,0.18524428,0.43047434,0.20910828,0.17517307
21,7,none,car,741,97,2,2,True,0.07499263,0.29398835,0.3256784,0.3053406
21,7,none,car,742,97,3,3,True,0.26093373,0.06583564,0.3212636,0.35196704
21,7,none,car,743,97,2,0,False,0.7193092,0.107427165,0.13417399,0.03908963
21,7,none,car,744,98,0,0,True,0.90006024,0.015722662,0.08357152,0.00064557587
21,7,none,car,745,98,1,2,False,0.041146997,0.24242318,0.7083197,0.00811017
21,7,none,car,746,98,1,1,True,0.09927471,0.80275214,0.08912389,0.008849267
21,7,none,car,747,98,0,0,True,0.7583909,0.069439374,0.16786504,0.004304728
21,7,none,car,748,98,0,0,True,0.5888458,0.05327386,0.30717292,0.05070738
21,7,none,car,749,98,1,1,True,0.04890086,0.71383613,0.23015225,0.0071108053
21,7,none,car,750,98,1,1,True,0.02771913,0.9464482,0.021494506,0.0043381792
21,7,none,car,751,98,0,2,False,0.11875045,0.36903566,0.4891692,0.023044726
21,7,none,car,752,98,1,1,True,0.09168915,0.7823403,0.1206878,0.005282716
21,7,none,car,753,98,0,2,False,0.3573978,0.11026851,0.5302796,0.0020541581
21,7,none,car,754,98,1,1,True,0.057884216,0.9303078,0.010247347,0.0015605917
21,7,none,car,755,98,0,0,True,0.81696445,0.047728736,0.1308585,0.004448291
21,7,none,car,756,98,0,2,False,0.0971057,0.37188154,0.5277561,0.0032566662
21,7,none,car,757,98,1,2,False,0.103385076,0.28609866,0.48209366,0.1284226
21,7,none,car,758,98,0,2,False,0.18397516,0.14186797,0.6507858,0.02337108
21,7,none,car,759,98,3,3,True,0.044535648,0.007365038,0.011654904,0.9364444
21,7,none,car,760,98,2,2,True,0.09371932,0.045977667,0.7815033,0.07879967
21,7,none,car,761,98,3,3,True,0.027564567,0.030310126,0.11439492,0.8277304
21,7,none,car,762,98,2,0,False,0.4002061,0.29330215,0.301607,0.0048847715
21,7,none,car,763,98,2,0,False,0.6125116,0.07846105,0.2883983,0.020629095
21,7,none,car,764,98,3,2,False,0.019449582,0.33097532,0.34404522,0.3055299
21,7,none,car,765,98,2,2,True,0.06288218,0.020954594,0.90462875,0.011534423
21,7,none,car,766,98,3,2,False,0.1172332,0.23936746,0.4828312,0.16056816
21,7,none,car,767,98,2,2,True,0.1403492,0.005864805,0.80452156,0.0492645
21,7,none,car,768,98,3,3,True,0.045448303,0.050048526,0.032035172,0.872468
21,7,none,car,769,98,3,3,True,0.25322938,0.050207876,0.16283,0.5337328
21,7,none,car,770,98,2,2,True,0.055961993,0.019614484,0.8903499,0.034073595
21,7,none,car,771,98,2,2,True,0.32647708,0.019676851,0.46266827,0.19117783
21,7,none,car,772,98,3,0,False,0.7180895,0.09638372,0.09418644,0.09134042
21,7,none,car,773,98,3,2,False,0.16265495,0.08368888,0.60685676,0.14679936
21,7,none,car,774,98,1,1,True,0.013882917,0.88503224,0.09561562,0.0054692
21,7,none,car,775,98,0,0,True,0.46417046,0.10191507,0.40631545,0.027599137
21,7,none,car,776,98,0,0,True,0.75320077,0.023201056,0.21224633,0.011351829
21,7,none,car,777,98,1,2,False,0.098578945,0.33188903,0.4640817,0.105450295
21,7,none,car,778,98,0,0,True,0.9335929,0.011500945,0.047467057,0.0074391067
21,7,none,car,779,98,1,2,False,0.061513536,0.14718002,0.72118074,0.070125714
21,7,none,car,780,98,1,1,True,0.05337883,0.37710407,0.35340476,0.2161123
21,7,none,car,781,98,0,0,True,0.8823705,0.0034402984,0.09595885,0.018230334
21,7,none,car,782,98,0,0,True,0.68359256,0.13859445,0.1621586,0.015654365
21,7,none,car,783,98,1,1,True,0.13879983,0.5457462,0.26025638,0.055197548
21,7,none,car,784,98,0,0,True,0.65219545,0.012277481,0.2583721,0.07715495
21,7,none,car,785,98,1,1,True,0.034915198,0.6317782,0.32368883,0.009617782
21,7,none,car,786,98,1,1,True,0.049084336,0.56404597,0.13178143,0.25508833
21,7,none,car,787,98,0,0,True,0.9810106,0.0034325952,0.012044998,0.0035117753
21,7,none,car,788,98,0,2,False,0.076496825,0.025480714,0.87142,0.026602421
21,7,none,car,789,98,3,3,True,0.17720662,0.13607052,0.18961993,0.49710295
21,7,none,car,790,98,2,2,True,0.33109212,0.021870619,0.62062013,0.026417136
21,7,none,car,791,98,3,2,False,0.22478831,0.07829805,0.4684016,0.22851208
21,7,none,car,792,98,2,2,True,0.03453723,0.04492572,0.91924834,0.0012887378
21,7,none,car,793,98,2,0,False,0.48584858,0.11566236,0.370111,0.02837799
21,7,none,car,794,98,3,3,True,0.1315861,0.11676568,0.11248368,0.6391645
21,7,none,car,795,98,2,2,True,0.24001311,0.081069134,0.6400464,0.0388714
21,7,none,car,796,98,3,3,True,0.11939835,0.025294414,0.04166343,0.8136439
21,7,none,car,797,98,3,2,False,0.10771082,0.007548074,0.52203596,0.36270514
21,7,none,car,798,98,2,2,True,0.04455844,0.041135494,0.7190932,0.19521284
21,7,none,car,799,98,2,2,True,0.06297831,0.044047542,0.8836397,0.009334395
21,7,none,car,800,98,3,2,False,0.2946943,0.3207558,0.38097116,0.00357871
21,7,none,car,801,98,2,3,False,0.19640006,0.08665237,0.28478518,0.43216234
21,7,none,car,802,98,3,3,True,0.044286393,0.0265534,0.1415356,0.78762466
21,7,none,car,803,98,3,2,False,0.20183034,0.010662955,0.62204564,0.16546105
21,7,none,car,804,98,0,2,False,0.31537315,0.054939203,0.6080329,0.021654781
21,7,none,car,805,98,1,0,False,0.4567583,0.07268104,0.12278848,0.34777212
21,7,none,car,806,98,1,0,False,0.42778307,0.1558219,0.22715074,0.18924432
21,7,none,car,807,98,0,0,True,0.41319162,0.25508606,0.30483863,0.026883699
21,7,none,car,808,98,0,1,False,0.18125163,0.7611071,0.051031508,0.0066097192
21,7,none,car,809,98,1,3,False,0.3238851,0.040957954,0.056641262,0.57851565
21,7,none,car,810,98,1,0,False,0.3746779,0.0727942,0.3208499,0.23167793
21,7,none,car,811,98,0,0,True,0.81062925,0.016498942,0.13697459,0.035897173
21,7,none,car,812,98,0,0,True,0.51082623,0.24223147,0.21890354,0.028038738
21,7,none,car,813,98,1,0,False,0.9866192,0.007998567,0.0029817647,0.00240047
21,7,none,car,814,98,0,2,False,0.20215657,0.23365785,0.45063475,0.11355088
21,7,none,car,815,98,1,0,False,0.72617245,0.08610646,0.13012762,0.05759347
21,7,none,car,816,98,1,0,False,0.6123578,0.049666703,0.20331217,0.13466333
21,7,none,car,817,98,0,2,False,0.08703021,0.098684415,0.7780591,0.036226183
21,7,none,car,818,98,1,2,False,0.20851098,0.37434924,0.39306554,0.024074174
21,7,none,car,819,98,2,0,False,0.7301253,0.034807365,0.20180069,0.033266667
21,7,none,car,820,98,3,1,False,0.005506591,0.9748327,0.018134441,0.0015262616
21,7,none,car,821,98,3,1,False,0.12323472,0.42715037,0.30005252,0.14956239
21,7,none,car,822,98,2,0,False,0.7307642,0.010285102,0.18474829,0.07420246
21,7,none,car,823,98,2,2,True,0.3737331,0.016299387,0.38834918,0.22161837
21,7,none,car,824,98,3,2,False,0.01490436,0.11496939,0.74119073,0.12893549
21,7,none,car,825,98,3,2,False,0.10597322,0.014142268,0.5030938,0.37679073
21,7,none,car,826,98,2,2,True,0.35918358,0.084325716,0.47965458,0.07683611
21,7,none,car,827,98,3,3,True,0.13984565,0.27680537,0.16976386,0.41358507
21,7,none,car,828,98,2,0,False,0.47297335,0.06506084,0.45398682,0.00797907
21,7,none,car,829,98,3,0,False,0.33383977,0.09295616,0.3030463,0.27015775
21,7,none,car,830,98,2,0,False,0.59154654,0.021153077,0.18539388,0.20190652
21,7,none,car,831,98,3,3,True,0.13520263,0.07789666,0.36722124,0.41967952
21,7,none,car,832,98,2,0,False,0.81779337,0.010930721,0.12343571,0.047840144
21,7,none,car,833,98,3,1,False,0.24778612,0.7288398,0.014404621,0.008969418
21,7,none,car,834,99,1,1,True,0.06626764,0.4272757,0.31679568,0.18966104
21,7,none,car,835,99,0,2,False,0.08956766,0.0056442115,0.90048784,0.004300307
21,7,none,car,836,99,0,0,True,0.7226946,0.05742667,0.102868,0.11701073
21,7,none,car,837,99,1,3,False,0.079063736,0.11914876,0.009601168,0.7921864
21,7,none,car,838,99,0,1,False,0.09787067,0.4522183,0.19285652,0.25705454
21,7,none,car,839,99,1,3,False,0.42651755,0.065991655,0.05110064,0.45639026
21,7,none,car,840,99,1,2,False,0.17154707,0.17862779,0.3265574,0.32326767
21,7,none,car,841,99,0,2,False,0.16512874,0.10555415,0.502521,0.22679614
21,7,none,car,842,99,0,3,False,0.2275672,0.06165017,0.11945988,0.5913227
21,7,none,car,843,99,1,2,False,0.035447095,0.0038380371,0.7475642,0.21315071
21,7,none,car,844,99,1,1,True,0.0010914343,0.99318826,0.005309349,0.00041099938
21,7,none,car,845,99,0,2,False,0.061761077,0.09729948,0.68197596,0.15896341
21,7,none,car,846,99,1,1,True,0.039917998,0.45918724,0.4330892,0.06780558
21,7,none,car,847,99,0,0,True,0.42089638,0.0051918924,0.31068844,0.26322335
21,7,none,car,848,99,1,1,True,0.024906673,0.64128256,0.18535382,0.14845689
21,7,none,car,849,99,3,1,False,0.05717876,0.46039364,0.33905008,0.14337756
21,7,none,car,850,99,2,3,False,0.13578215,0.0706665,0.2330011,0.5605502
21,7,none,car,851,99,3,2,False,0.08361997,0.060976807,0.72420245,0.13120078
21,7,none,car,852,99,2,2,True,0.039312113,0.0055084378,0.95208955,0.00308988
21,7,none,car,853,99,3,2,False,0.21340278,0.046962697,0.62166554,0.11796902
21,7,none,car,854,99,2,2,True,0.06979228,0.013812595,0.91201705,0.0043780636
21,7,none,car,855,99,3,2,False,0.05355295,0.26753107,0.66315913,0.01575689
21,7,none,car,856,99,2,2,True,0.23062363,0.019845381,0.46401224,0.2855188
21,7,none,car,857,99,2,0,False,0.2944822,0.27980936,0.245872,0.17983638
21,7,none,car,858,99,3,0,False,0.83950114,0.0138413375,0.07826957,0.068387896
21,7,none,car,859,99,3,2,False,0.100134514,0.06239899,0.45327058,0.38419586
21,7,none,car,860,99,2,3,False,0.2675081,0.1386786,0.16770789,0.42610538
21,7,none,car,861,99,2,2,True,0.2849481,0.015339252,0.6808148,0.018897792
21,7,none,car,862,99,3,3,True,0.021422438,0.010418512,0.22459765,0.7435614
21,7,none,car,863,99,3,3,True,0.1109014,0.07576935,0.22700934,0.5863199
21,7,none,car,864,99,0,0,True,0.9002768,0.001523187,0.07415443,0.024045588
21,7,none,car,865,99,1,0,False,0.44781756,0.0729753,0.32679403,0.15241314
21,7,none,car,866,99,0,3,False,0.3402256,0.13869952,0.027464194,0.4936107
21,7,none,car,867,99,1,0,False,0.3545511,0.3496457,0.16163713,0.13416602
21,7,none,car,868,99,1,1,True,0.0043166494,0.8630669,0.023990145,0.10862632
21,7,none,car,869,99,0,0,True,0.843745,0.0041242694,0.06845743,0.08367329
21,7,none,car,870,99,1,2,False,0.36567777,0.2095689,0.407963,0.01679038
21,7,none,car,871,99,0,0,True,0.76313233,0.002202689,0.16364999,0.071014896
21,7,none,car,872,99,1,0,False,0.4281479,0.1234728,0.33721057,0.11116868
21,7,none,car,873,99,0,3,False,0.36784196,0.0015214954,0.022325613,0.60831094
21,7,none,car,874,99,1,3,False,0.30718064,0.012536055,0.10516417,0.57511914
21,7,none,car,875,99,0,2,False,0.2095235,0.02754234,0.6826547,0.08027954
21,7,none,car,876,99,1,2,False,0.4235277,0.024842195,0.5266609,0.024969187
21,7,none,car,877,99,0,0,True,0.5967964,0.06065473,0.16979426,0.17275465
21,7,none,car,878,99,0,0,True,0.98968494,0.00051547267,0.006401865,0.0033978042
21,7,none,car,879,99,2,3,False,0.040774096,0.011187005,0.06638533,0.88165355
21,7,none,car,880,99,3,2,False,0.013978174,0.0103462115,0.8415395,0.13413604
21,7,none,car,881,99,2,1,False,0.26831666,0.4038393,0.086502105,0.24134201
21,7,none,car,882,99,3,3,True,0.117714286,0.033933897,0.4107132,0.43763867
21,7,none,car,883,99,3,0,False,0.7040143,0.021943457,0.25855035,0.015491854
21,7,none,car,884,99,2,0,False,0.6030351,0.0074131303,0.38477653,0.0047752755
21,7,none,car,885,99,3,2,False,0.28649616,0.0215635,0.49723023,0.19471012
21,7,none,car,886,99,2,0,False,0.46389318,0.0073760506,0.42401254,0.10471826
21,7,none,car,887,99,2,1,False,0.1349751,0.7462485,0.0043051434,0.11447134
21,7,none,car,888,99,3,0,False,0.59984106,0.011202528,0.013984698,0.3749717
21,7,none,car,889,99,2,3,False,0.35980293,0.009316386,0.019260524,0.6116202
21,7,none,car,890,99,3,2,False,0.030505335,0.0507542,0.5661055,0.352635
21,7,none,car,891,99,2,2,True,0.039407104,0.006830745,0.65106493,0.30269727
21,7,none,car,892,99,3,2,False,0.034276772,0.011956984,0.6274057,0.32636052
21,7,none,car,893,99,3,2,False,0.04814165,0.10643435,0.6374908,0.20793314
21,7,none,car,894,99,0,0,True,0.570984,0.0032393127,0.40556931,0.020207431
21,7,none,car,895,99,1,0,False,0.8663445,0.002971289,0.01992999,0.110754244
21,7,none,car,896,99,0,2,False,0.15491231,0.30902547,0.39767757,0.13838467
21,7,none,car,897,99,1,1,True,0.22609642,0.38114008,0.32778975,0.06497381
21,7,none,car,898,99,1,1,True,0.06340995,0.77542543,0.08601881,0.07514584
21,7,none,car,899,99,0,2,False,0.13748966,0.005414774,0.6854404,0.17165513
21,7,none,car,900,99,0,2,False,0.062473904,0.007943863,0.91618216,0.013400105
21,7,none,car,901,99,1,1,True,0.013517317,0.38120955,0.2922942,0.31297886
21,7,none,car,902,99,0,2,False,0.019327791,0.019130265,0.95209485,0.009447103
21,7,none,car,903,99,1,0,False,0.7076904,0.08524683,0.024629869,0.18243286
21,7,none,car,904,99,1,2,False,0.10049789,0.091442026,0.45745212,0.3506079
21,7,none,car,905,99,0,2,False,0.034600526,0.013343312,0.8526438,0.099412374
21,7,none,car,906,99,0,0,True,0.44806793,0.0026181196,0.14052694,0.40878698
21,7,none,car,907,99,1,2,False,0.13047223,0.053488366,0.69147336,0.124566026
21,7,none,car,908,99,1,2,False,0.034264874,0.009911034,0.83664083,0.11918325
21,7,none,car,909,99,2,2,True,0.015305269,0.013967108,0.6255431,0.34518448
21,7,none,car,910,99,3,3,True,0.042626876,0.426746,0.066200495,0.46442655
21,7,none,car,911,99,2,2,True,0.05414171,0.057471707,0.8559385,0.03244811
21,7,none,car,912,99,3,2,False,0.021208726,0.03353422,0.9041552,0.041101947
21,7,none,car,913,99,3,2,False,0.09756222,0.021866655,0.73520696,0.1453641
21,7,none,car,914,99,2,3,False,0.0771755,0.01835894,0.4418488,0.4626168
21,7,none,car,915,99,2,3,False,0.022400007,0.038835257,0.2305027,0.7082621
21,7,none,car,916,99,3,3,True,0.041853804,0.040177416,0.37369153,0.54427725
21,7,none,car,917,99,3,0,False,0.84088457,0.0012013799,0.12551625,0.03239779
21,7,none,car,918,99,2,0,False,0.84753525,0.002553414,0.1252314,0.024679856
21,7,none,car,919,99,3,0,False,0.34835336,0.2397487,0.11667121,0.2952268
21,7,none,car,920,99,2,2,True,0.09026577,0.03322298,0.797374,0.07913725
21,7,none,car,921,99,3,2,False,0.018210245,0.031547774,0.8955071,0.054734893
21,7,none,car,922,99,2,2,True,0.011028348,0.3351605,0.63775957,0.016051648
21,7,none,car,923,99,3,3,True,0.03394457,0.03134469,0.065628834,0.8690819
21,7,none,car,924,100,0,0,True,0.9454886,0.009166899,0.04121893,0.0041255215
21,7,none,car,925,100,1,3,False,0.04256781,0.435518,0.084554136,0.43736008
21,7,none,car,926,100,1,1,True,0.014351588,0.8747866,0.02394159,0.08692012
21,7,none,car,927,100,0,1,False,0.07294192,0.50994104,0.13799684,0.27912012
21,7,none,car,928,100,0,0,True,0.9959422,0.0003602266,0.0009133123,0.0027842536
21,7,none,car,929,100,1,3,False,0.19242115,0.1836738,0.21298145,0.41092363
21,7,none,car,930,100,0,0,True,0.99840987,2.1572983e-05,0.0005944204,0.0009742209
21,7,none,car,931,100,1,3,False,0.06063625,0.095941186,0.3772322,0.46619037
21,7,none,car,932,100,1,1,True,0.0005760828,0.997218,0.001988061,0.00021774866
21,7,none,car,933,100,0,2,False,0.28790963,0.052396428,0.43774912,0.22194487
21,7,none,car,934,100,1,1,True,0.011819356,0.76016384,0.18491662,0.043100093
21,7,none,car,935,100,0,2,False,0.40473142,0.0028552124,0.57487833,0.017535064
21,7,none,car,936,100,3,3,True,0.13138892,0.013030272,0.0037482062,0.85183257
21,7,none,car,937,100,2,2,True,0.47038224,0.019850554,0.4926093,0.017157879
21,7,none,car,938,100,3,3,True,0.20524473,0.009057713,0.016730838,0.76896673
21,7,none,car,939,100,2,2,True,0.12814829,0.27524012,0.46805087,0.12856068
21,7,none,car,940,100,3,0,False,0.48538724,0.0043468024,0.24121216,0.26905373
21,7,none,car,941,100,2,2,True,0.21581642,0.03960742,0.7381656,0.0064105364
21,7,none,car,942,100,3,0,False,0.5968464,0.15311086,0.06528637,0.18475638
21,7,none,car,943,100,2,2,True,0.08661053,0.005281558,0.90580004,0.002307895
21,7,none,car,944,100,3,2,False,0.30780217,0.027630998,0.6491629,0.015403991
21,7,none,car,945,100,2,2,True,0.06774581,0.12309176,0.80578834,0.0033741584
21,7,none,car,946,100,3,1,False,0.0031958036,0.8406398,0.06595864,0.09020578
21,7,none,car,947,100,2,2,True,0.24170035,0.012655009,0.7233978,0.022246802
21,7,none,car,948,100,1,1,True,0.003289268,0.9643811,0.031856786,0.00047297907
21,7,none,car,949,100,0,0,True,0.6409484,0.028840847,0.30426326,0.02594752
21,7,none,car,950,100,0,0,True,0.8913385,0.013398989,0.03135941,0.06390316
21,7,none,car,951,100,1,1,True,0.10238221,0.4835358,0.36864278,0.04543922
21,7,none,car,952,100,1,1,True,0.21250457,0.55344087,0.08203907,0.15201549
21,7,none,car,953,100,0,2,False,0.15388434,0.10340557,0.70012367,0.042586472
21,7,none,car,954,100,0,0,True,0.80584306,0.05249362,0.020146891,0.1215164
21,7,none,car,955,100,1,1,True,0.0015762743,0.98353624,0.0058148345,0.009072684
21,7,none,car,956,100,1,1,True,0.046443496,0.5926855,0.0095886905,0.35128224
21,7,none,car,957,100,0,1,False,0.029953295,0.57893234,0.29489478,0.09621961
21,7,none,car,958,100,0,0,True,0.9533909,0.010966577,0.031459667,0.004182913
21,7,none,car,959,100,1,1,True,0.0019994543,0.9912169,0.0052708737,0.0015128
21,7,none,car,960,100,3,3,True,0.19468537,0.011735999,0.083901264,0.7096774
21,7,none,car,961,100,2,2,True,0.08031334,0.005094377,0.8065689,0.10802339
21,7,none,car,962,100,2,2,True,0.26989543,0.010989069,0.6986068,0.020508753
21,7,none,car,963,100,3,3,True,0.10526935,0.25349864,0.02558873,0.6156433
21,7,none,car,964,100,2,0,False,0.5348074,0.3492477,0.10449289,0.0114520565
21,7,none,car,965,100,3,0,False,0.8955508,0.00147873,0.009411616,0.09355891
21,7,none,car,966,100,2,2,True,0.03545503,0.3045832,0.60217416,0.05778767
21,7,none,car,967,100,3,0,False,0.8362181,0.03145164,0.041661553,0.09066876
21,7,none,car,968,100,2,0,False,0.71841395,0.18418035,0.09274823,0.0046574133
21,7,none,car,969,100,3,1,False,0.11102002,0.68378115,0.111395754,0.09380311
21,7,none,car,970,100,2,0,False,0.5927438,0.16128105,0.09168812,0.15428704
21,7,none,car,971,100,3,0,False,0.46289024,0.28683075,0.061463952,0.18881501
21,7,none,car,972,100,1,1,True,0.0037719056,0.9706961,0.0040891534,0.021442898
21,7,none,car,973,100,0,0,True,0.93666637,0.020894624,0.01883643,0.023602512
21,7,none,car,974,100,0,2,False,0.008066959,0.02443292,0.7125975,0.25490263
21,7,none,car,975,100,1,2,False,0.35424253,0.014598997,0.60680646,0.024351945
21,7,none,car,976,100,1,1,True,0.0007630064,0.991343,0.0075758295,0.0003181544
21,7,none,car,977,100,0,0,True,0.99918836,3.421802e-05,0.0006761214,0.000101313795
21,7,none,car,978,100,0,0,True,0.8357009,0.0065261777,0.14054914,0.017223647
21,7,none,car,979,100,1,1,True,0.14694618,0.78113455,0.008561838,0.063357316
21,7,none,car,980,100,1,1,True,0.012083922,0.4808555,0.4436712,0.06338944
21,7,none,car,981,100,0,0,True,0.8546116,0.007037754,0.13710389,0.0012468455
21,7,none,car,982,100,0,0,True,0.7308989,0.049889047,0.13235253,0.08685951
21,7,none,car,983,100,1,1,True,0.07584702,0.770693,0.117403105,0.03605688
21,7,none,car,984,100,2,2,True,0.34127232,0.07420608,0.49171242,0.092809096
21,7,none,car,985,100,3,3,True,0.014706295,0.030488925,0.3589055,0.5958993
21,7,none,car,986,100,2,3,False,0.3044428,0.19519694,0.16186976,0.33849052
21,7,none,car,987,100,3,3,True,0.0138619505,0.419038,0.078317836,0.48878226
21,7,none,car,988,100,3,1,False,0.0475957,0.8328397,0.015212833,0.10435177
21,7,none,car,989,100,2,0,False,0.7555763,0.08821557,0.15498959,0.0012185443
21,7,none,car,990,100,2,2,True,0.111158915,0.24073641,0.54431814,0.10378653
21,7,none,car,991,100,3,2,False,0.050108932,0.095246084,0.6615988,0.19304614
21,7,none,car,992,100,3,3,True,0.004732746,0.29864284,0.047404673,0.64921975
21,7,none,car,993,100,2,2,True,0.22601937,0.19501841,0.3569927,0.22196953
21,7,none,car,994,100,2,2,True,0.13603106,0.064810924,0.53680986,0.26234818
21,7,none,car,995,100,3,3,True,0.0016003636,0.014187905,0.04587809,0.93833363
21,7,none,car,996,101,0,0,True,0.6693247,0.048955113,0.26632246,0.015397778
21,7,none,car,997,101,1,1,True,0.00083788607,0.98629004,0.0065885554,0.00628357
21,7,none,car,998,101,1,1,True,0.46996918,0.4908355,0.01285238,0.026342966
21,7,none,car,999,101,0,0,True,0.9994535,0.00046366098,2.9767381e-05,5.301611e-05
21,7,none,car,1000,101,1,1,True,0.0032968093,0.99604034,0.00023518344,0.0004275155
21,7,none,car,1001,101,0,0,True,0.9999435,4.3444896e-05,1.1113799e-05,1.9871707e-06
21,7,none,car,1002,101,1,1,True,0.00053714943,0.99887353,1.6578273e-05,0.0005726955
21,7,none,car,1003,101,0,0,True,0.9999584,2.352003e-05,1.2706765e-05,5.3818912e-06
21,7,none,car,1004,101,1,1,True,0.0015066391,0.99799204,7.5286196e-05,0.00042604888
21,7,none,car,1005,101,0,0,True,0.99956936,0.00040032543,2.7785929e-05,2.4558078e-06
21,7,none,car,1006,101,0,0,True,0.99989974,2.7997168e-05,6.909872e-05,3.0600254e-06
21,7,none,car,1007,101,1,1,True,0.0013674711,0.99674976,0.0008296007,0.0010530847
21,7,none,car,1008,101,1,1,True,0.0018356141,0.9909978,0.0044530467,0.002713594
21,7,none,car,1009,101,0,0,True,0.99826545,2.0765188e-05,0.0011510538,0.00056275434
21,7,none,car,1010,101,0,0,True,0.9990307,0.00023950393,0.00064393174,8.590428e-05
21,7,none,car,1011,101,2,1,False,0.2555513,0.64503366,0.09888224,0.00053281116
21,7,none,car,1012,101,3,1,False,0.1624058,0.7648985,0.057431024,0.015264719
21,7,none,car,1013,101,2,0,False,0.756644,0.010624503,0.2081737,0.024557775
21,7,none,car,1014,101,3,0,False,0.46095306,0.17191115,0.015439387,0.35169646
21,7,none,car,1015,101,3,2,False,0.11775344,0.12517819,0.5855023,0.17156605
21,7,none,car,1016,101,2,2,True,0.33746403,0.1357984,0.5098321,0.016905552
21,7,none,car,1017,101,2,2,True,0.041716352,0.29582837,0.6569304,0.0055249357
21,7,none,car,1018,101,3,3,True,0.26028293,0.28009292,0.035952415,0.4236717
21,7,none,car,1019,101,2,1,False,0.27280235,0.58147955,0.14248449,0.003233575
21,7,none,car,1020,101,3,0,False,0.45191056,0.15608905,0.019946855,0.3720536
21,7,none,car,1021,101,3,3,True,0.1124848,0.1576372,0.1836153,0.54626274
21,7,none,car,1022,101,2,1,False,0.30107188,0.6946646,0.003051178,0.0012123284
21,7,none,car,1023,101,2,0,False,0.9655903,0.011644948,0.022667289,9.750045e-05
21,7,none,car,1024,101,3,3,True,0.13530152,0.048006672,0.004492377,0.81219935
21,7,none,car,1025,101,2,0,False,0.85233223,0.06355005,0.08242879,0.0016888678
21,7,none,car,1026,101,1,1,True,0.018196581,0.9442157,0.0338305,0.0037572223
21,7,none,car,1027,101,0,0,True,0.99970895,0.00014143376,0.00013748267,1.2043671e-05
21,7,none,car,1028,101,0,0,True,0.9980782,0.0014706778,0.00039722753,5.3722764e-05
21,7,none,car,1029,101,1,0,False,0.5470491,0.43291438,0.010875661,0.009160815
21,7,none,car,1030,101,1,1,True,0.00019705626,0.9992995,0.00039438848,0.000109037246
21,7,none,car,1031,101,0,0,True,0.99946326,5.166582e-05,0.00048228,2.720636e-06
21,7,none,car,1032,101,0,0,True,0.9997583,0.00018617476,3.770931e-05,1.7892295e-05
21,7,none,car,1033,101,1,1,True,0.0015785551,0.99698955,0.0013496543,8.2258804e-05
21,7,none,car,1034,101,1,1,True,0.031946033,0.9671984,0.00058653136,0.00026911008
21,7,none,car,1035,101,0,0,True,0.9998623,1.7539369e-05,6.720834e-05,5.294653e-05
21,7,none,car,1036,101,1,1,True,0.024865778,0.97128737,0.0021896346,0.0016572091
21,7,none,car,1037,101,0,0,True,0.9999312,5.926159e-05,7.75559e-06,1.7381624e-06
21,7,none,car,1038,101,1,1,True,0.0063779918,0.993159,0.00027976316,0.00018323882
21,7,none,car,1039,101,0,0,True,0.9840179,0.0031226631,0.003536341,0.009323151
21,7,none,car,1040,101,1,0,False,0.43112358,0.374142,0.15563813,0.039096292
21,7,none,car,1041,101,2,0,False,0.6233905,0.06903282,0.30650884,0.0010679008
21,7,none,car,1042,101,3,0,False,0.6755306,0.05561471,0.19267632,0.07617839
21,7,none,car,1043,101,2,1,False,0.06780122,0.8796601,0.05119262,0.0013459561
21,7,none,car,1044,101,3,3,True,0.40599006,0.059754174,0.0017097105,0.53254604
21,7,none,car,1045,101,3,0,False,0.7922781,0.042000666,0.031931333,0.13378991
21,7,none,car,1046,101,2,1,False,0.1263078,0.67598224,0.18342456,0.014285353
21,7,none,car,1047,101,2,0,False,0.65154994,0.053638272,0.29266512,0.00214661
21,7,none,car,1048,101,3,0,False,0.700981,0.24284162,0.0017038418,0.054473475
21,7,none,car,1049,101,3,0,False,0.6525222,0.010362283,0.013809376,0.32330614
21,7,none,car,1050,101,2,0,False,0.6768482,0.24744383,0.046477545,0.02923041
21,7,none,car,1051,101,2,2,True,0.09580737,0.05717678,0.8460216,0.0009942304
21,7,none,car,1052,101,3,0,False,0.67537177,0.16775273,0.0047160015,0.15215947
21,7,none,car,1053,101,2,0,False,0.9485103,0.0070174336,0.039615605,0.004856645
21,7,none,car,1054,101,3,0,False,0.90664494,0.0061714645,0.011719979,0.07546364
21,7,none,car,1055,101,2,1,False,0.35258162,0.5719662,0.056157976,0.019294243
21,7,none,car,1056,101,0,0,True,0.99987245,3.1961343e-05,9.016792e-05,5.505595e-06
21,7,none,car,1057,101,1,1,True,0.07078862,0.9023272,0.02251413,0.0043700547
21,7,none,car,1058,101,0,0,True,0.9997501,0.000116405834,0.00012838599,5.0679523e-06
21,7,none,car,1059,101,1,1,True,0.113549314,0.83914846,0.0044288575,0.042873375
21,7,none,car,1060,101,1,1,True,0.020722486,0.89890224,0.0034785082,0.076896794
21,7,none,car,1061,101,0,0,True,0.99816906,0.0006974948,0.0005404239,0.0005929647
21,7,none,car,1062,101,1,1,True,0.00031362975,0.999642,1.1288747e-05,3.2963715e-05
21,7,none,car,1063,101,0,0,True,0.99986625,9.790599e-05,3.27076e-05,3.2223327e-06
21,7,none,car,1064,101,1,1,True,0.00081952673,0.9954815,0.0021363795,0.0015625741
21,7,none,car,1065,101,0,0,True,0.9995472,0.00015922375,0.00016442336,0.00012911845
21,7,none,car,1066,101,1,1,True,0.004428219,0.99035513,0.0017384571,0.0034783157
21,7,none,car,1067,101,0,0,True,0.9999286,2.0426132e-05,2.2084314e-05,2.8992654e-05
21,7,none,car,1068,101,0,0,True,0.9732982,0.014775061,0.011696096,0.00023064994
21,7,none,car,1069,101,1,1,True,0.0030407389,0.9948435,0.00023439241,0.0018813559
21,7,none,car,1070,101,1,1,True,0.0029720636,0.9867843,0.009574462,0.0006691763
21,7,none,car,1071,101,3,3,True,0.061513793,0.026449116,0.0060121887,0.9060249
21,7,none,car,1072,101,2,2,True,0.042484477,0.017487187,0.93635815,0.003670179
21,7,none,car,1073,101,3,0,False,0.8678617,0.05456245,0.014124419,0.06345138
21,7,none,car,1074,101,2,0,False,0.61674,0.025132937,0.32526594,0.032861147
21,7,none,car,1075,101,2,0,False,0.48453057,0.28889394,0.214952,0.011623539
21,7,none,car,1076,101,3,0,False,0.75827813,0.12611055,0.008684155,0.10692715
21,7,none,car,1077,101,3,0,False,0.856928,0.012506271,0.004948053,0.12561771
21,7,none,car,1078,101,2,3,False,0.30694836,0.048086606,0.021096162,0.6238689
21,7,none,car,1079,101,2,2,True,0.03994323,0.0023419168,0.9566158,0.001099126
21,7,none,car,1080,101,3,3,True,0.2814628,0.029715987,0.025221901,0.6635993
21,7,none,car,1081,101,3,3,True,0.17019519,0.05426705,0.09116551,0.68437225
21,7,none,car,1082,101,2,0,False,0.38101733,0.17738213,0.07153852,0.370062
21,7,none,car,1083,101,3,3,True,0.337759,0.17903128,0.02292143,0.46028826
21,7,none,car,1084,101,2,1,False,0.14010054,0.42233378,0.22371385,0.2138519
21,7,none,car,1085,101,2,1,False,0.13352248,0.5335377,0.30783418,0.025105663
21,7,none,car,1086,102,1,1,True,0.00078965665,0.9908393,0.0070327152,0.0013383833
21,7,none,car,1087,102,0,0,True,0.87345576,0.032435358,0.08365191,0.010456967
21,7,none,car,1088,102,1,1,True,0.003636734,0.6766022,0.311648,0.008113076
21,7,none,car,1089,102,0,0,True,0.9914464,0.002749864,0.0037805464,0.002023132
21,7,none,car,1090,102,1,1,True,0.049109537,0.52332246,0.4230992,0.004468797
21,7,none,car,1091,102,0,0,True,0.72561705,0.034021556,0.21404606,0.026315326
21,7,none,car,1092,102,0,0,True,0.98557043,0.0013368566,0.0127416095,0.00035106018
21,7,none,car,1093,102,1,0,False,0.4399537,0.16639468,0.31164667,0.082004935
21,7,none,car,1094,102,0,0,True,0.81768537,0.029104711,0.1311607,0.022049187
21,7,none,car,1095,102,1,2,False,0.05306227,0.20174703,0.74261284,0.0025778895
21,7,none,car,1096,102,0,0,True,0.84870285,0.011911023,0.11638206,0.023004048
21,7,none,car,1097,102,1,2,False,0.017399553,0.3119128,0.6657999,0.004887762
21,7,none,car,1098,102,0,0,True,0.6076117,0.13714471,0.17373529,0.081508234
21,7,none,car,1099,102,1,2,False,0.12220316,0.101978354,0.7691517,0.0066667506
21,7,none,car,1100,102,1,1,True,0.0046271333,0.98860186,0.0066503882,0.00012055914
21,7,none,car,1101,102,2,2,True,0.11142594,0.3244944,0.5269064,0.037173286
21,7,none,car,1102,102,3,3,True,0.15648334,0.1773345,0.32142454,0.34475762
21,7,none,car,1103,102,2,2,True,0.13848253,0.32064697,0.5121858,0.028684732
21,7,none,car,1104,102,3,1,False,0.28320944,0.2876587,0.28349316,0.1456387
21,7,none,car,1105,102,2,0,False,0.58815813,0.021483539,0.38417473,0.006183627
21,7,none,car,1106,102,3,2,False,0.13717736,0.18588653,0.46309775,0.21383843
21,7,none,car,1107,102,2,2,True,0.14289597,0.020177208,0.8205207,0.016406102
21,7,none,car,1108,102,3,3,True,0.23547272,0.079166934,0.31494534,0.370415
21,7,none,car,1109,102,3,3,True,0.33067247,0.04753709,0.11667931,0.5051111
21,7,none,car,1110,102,2,2,True,0.061937094,0.0334979,0.90254635,0.0020185984
21,7,none,car,1111,102,3,2,False,0.016332833,0.12481881,0.79224044,0.066607885
21,7,none,car,1112,102,2,2,True,0.22640057,0.014849727,0.681272,0.07747781
21,7,none,car,1113,102,2,2,True,0.06384669,0.07624585,0.85026044,0.009647078
21,7,none,car,1114,102,3,0,False,0.6124763,0.04456497,0.2812478,0.061710928
21,7,none,car,1115,102,2,2,True,0.032126732,0.10404616,0.7844859,0.07934126
21,7,none,car,1116,102,1,1,True,0.0014923366,0.9826695,0.0155456485,0.00029267452
21,7,none,car,1117,102,0,0,True,0.3742836,0.21950406,0.25737226,0.1488401
21,7,none,car,1118,102,1,1,True,0.027496254,0.61324155,0.2643794,0.09488272
21,7,none,car,1119,102,0,0,True,0.74173194,0.02285477,0.21094014,0.02447311
21,7,none,car,1120,102,0,0,True,0.9314323,0.026846401,0.03835798,0.0033633984
21,7,none,car,1121,102,1,2,False,0.023904596,0.13898554,0.8291212,0.007988666
21,7,none,car,1122,102,0,2,False,0.24493153,0.2963051,0.38522214,0.07354124
21,7,none,car,1123,102,1,2,False,0.1151127,0.20764837,0.64690846,0.030330466
21,7,none,car,1124,102,0,2,False,0.48465627,0.016909903,0.49207297,0.0063607837
21,7,none,car,1125,102,1,2,False,0.16943751,0.1090502,0.6550771,0.06643523
21,7,none,car,1126,102,1,1,True,0.0012505037,0.99369425,0.0032707485,0.0017843901
21,7,none,car,1127,102,0,2,False,0.23353566,0.07973862,0.5546872,0.13203849
21,7,none,car,1128,102,1,1,True,0.00061444443,0.99601066,0.0031609095,0.00021397788
21,7,none,car,1129,102,0,2,False,0.26276165,0.15560243,0.42284876,0.15878712
21,7,none,car,1130,102,1,2,False,0.17616832,0.32938194,0.41217455,0.082275115
21,7,none,car,1131,102,2,2,True,0.01630229,0.0467219,0.934222,0.0027538068
21,7,none,car,1132,102,3,2,False,0.03266456,0.2735224,0.5058372,0.18797581
21,7,none,car,1133,102,3,2,False,0.03353044,0.07061712,0.565426,0.33042642
21,7,none,car,1134,102,2,2,True,0.027408564,0.04468965,0.9218121,0.0060896566
21,7,none,car,1135,102,2,1,False,0.07005616,0.54097974,0.3236933,0.06527073
21,7,none,car,1136,102,3,2,False,0.04937347,0.04811891,0.85165524,0.05085233
21,7,none,car,1137,102,3,2,False,0.08464415,0.1265016,0.6384883,0.15036598
21,7,none,car,1138,102,2,2,True,0.0057494636,0.09784872,0.8909943,0.005407468
21,7,none,car,1139,102,2,2,True,0.059517775,0.055754777,0.8618056,0.022921884
21,7,none,car,1140,102,3,0,False,0.38645265,0.1145428,0.32498088,0.17402369
21,7,none,car,1141,102,2,2,True,0.01312909,0.089877635,0.6138636,0.28312966
21,7,none,car,1142,102,3,3,True,0.024869023,0.22541066,0.27861744,0.47110283
21,7,none,car,1143,102,3,2,False,0.054562643,0.0073425556,0.7856372,0.1524576
21,7,none,car,1144,102,2,2,True,0.29957432,0.118344896,0.4615923,0.120488435
21,7,none,car,1145,102,2,2,True,0.015621154,0.19495757,0.77515656,0.014264675
21,7,none,car,1146,102,0,2,False,0.22438537,0.030007266,0.7174563,0.028151067
21,7,none,car,1147,102,1,1,True,0.0013389221,0.983878,0.013674,0.001109033
21,7,none,car,1148,102,0,2,False,0.032048322,0.012437407,0.9230709,0.032443296
21,7,none,car,1149,102,1,1,True,0.006408409,0.9631426,0.024051076,0.0063978173
21,7,none,car,1150,102,1,2,False,0.0234162,0.091927074,0.880215,0.004441775
21,7,none,car,1151,102,0,2,False,0.26792973,0.11735743,0.584498,0.030214883
21,7,none,car,1152,102,0,2,False,0.074438974,0.043479532,0.8765383,0.00554325
21,7,none,car,1153,102,1,1,True,0.039986514,0.686863,0.21323435,0.059916098
21,7,none,car,1154,102,0,2,False,0.19348957,0.1507836,0.6392046,0.016522272
21,7,none,car,1155,102,1,2,False,0.17594816,0.097851954,0.59452504,0.13167489
21,7,none,car,1156,102,1,1,True,0.004231048,0.84454674,0.0924209,0.058801323
21,7,none,car,1157,102,0,2,False,0.1809959,0.24982075,0.30915445,0.26002893
21,7,none,car,1158,102,1,2,False,0.25810003,0.3244177,0.36166713,0.055815123
21,7,none,car,1159,102,0,0,True,0.54997194,0.030945584,0.3689602,0.05012231
21,7,none,car,1160,102,0,0,True,0.9216195,0.008128595,0.031637352,0.03861454
21,7,none,car,1161,102,2,2,True,0.0133720115,0.03319311,0.95117164,0.0022632263
21,7,none,car,1162,102,3,3,True,0.07324559,0.07918489,0.26359946,0.58397007
21,7,none,car,1163,102,3,3,True,0.05750741,0.10574126,0.08215523,0.7545961
21,7,none,car,1164,102,2,2,True,0.166992,0.27853763,0.47846708,0.076003335
21,7,none,car,1165,102,2,2,True,0.005660804,0.02097811,0.8600553,0.11330578
21,7,none,car,1166,102,3,0,False,0.63877714,0.00900553,0.12076195,0.23145545
21,7,none,car,1167,102,2,2,True,0.16168584,0.016674237,0.8018853,0.019754613
21,7,none,car,1168,102,3,2,False,0.25758484,0.06849534,0.36748242,0.30643734
21,7,none,car,1169,102,2,2,True,0.086979486,0.120965876,0.55750823,0.23454645
21,7,none,car,1170,102,3,2,False,0.061346017,0.051453207,0.78356403,0.10363673
21,7,none,car,1171,102,2,1,False,0.023873268,0.65854585,0.26227587,0.05530498
21,7,none,car,1172,102,3,3,True,0.034830272,0.012515523,0.2469287,0.7057255
21,7,none,car,1173,102,2,2,True,0.09262808,0.2744986,0.600036,0.03283727
21,7,none,car,1174,102,3,2,False,0.11695758,0.0378899,0.6977475,0.14740504
21,7,none,car,1175,102,3,3,True,0.11536336,0.25383192,0.09452974,0.53627497
21,7,none,car,1176,103,0,0,True,0.71573883,0.0061870767,0.063035585,0.21503846
21,7,none,car,1177,103,1,1,True,0.0077138846,0.6795467,0.27570584,0.037033547
21,7,none,car,1178,103,1,1,True,0.025449326,0.5880254,0.34949756,0.03702774
21,7,none,car,1179,103,0,1,False,0.018836336,0.82359326,0.031097889,0.1264725
21,7,none,car,1180,103,1,1,True,0.17688243,0.725645,0.027852112,0.06962049
21,7,none,car,1181,103,0,3,False,0.37529793,0.058763236,0.01491686,0.551022
21,7,none,car,1182,103,0,0,True,0.99675745,8.082108e-05,0.002572086,0.00058977434
21,7,none,car,1183,103,1,1,True,0.013831416,0.9448354,0.03916908,0.0021640318
21,7,none,car,1184,103,0,0,True,0.88432276,0.01690675,0.0931162,0.005654249
21,7,none,car,1185,103,1,1,True,0.22855963,0.46035394,0.29615802,0.014928493
21,7,none,car,1186,103,0,0,True,0.8916694,0.012013115,0.09520291,0.001114658
21,7,none,car,1187,103,1,0,False,0.7792796,0.05679403,0.13259979,0.031326685
21,7,none,car,1188,103,1,1,True,0.029750664,0.7165446,0.20637627,0.047328424
21,7,none,car,1189,103,0,0,True,0.63821626,0.027780194,0.3333322,0.0006713657
21,7,none,car,1190,103,1,1,True,0.0922497,0.32520354,0.32017666,0.2623701
21,7,none,car,1191,103,3,2,False,0.010694515,0.046522204,0.7051074,0.2376759
21,7,none,car,1192,103,2,2,True,0.075731725,0.0029866719,0.9140253,0.0072562983
21,7,none,car,1193,103,2,2,True,0.124010034,0.018054238,0.80893755,0.048998233
21,7,none,car,1194,103,3,0,False,0.75906515,0.014638048,0.02897159,0.19732513
21,7,none,car,1195,103,2,0,False,0.40083262,0.15643844,0.043387987,0.399341
21,7,none,car,1196,103,3,0,False,0.6939169,0.055755686,0.15243605,0.09789139
21,7,none,car,1197,103,3,2,False,0.34919918,0.009406806,0.53160423,0.109789856
21,7,none,car,1198,103,2,2,True,0.06352791,0.0045309076,0.9306103,0.0013309676
21,7,none,car,1199,103,2,2,True,0.37678558,0.0835113,0.53803104,0.0016720757
21,7,none,car,1200,103,3,0,False,0.5067358,0.2383044,0.007658078,0.2473017
21,7,none,car,1201,103,3,2,False,0.17088857,0.19238739,0.4589705,0.1777536
21,7,none,car,1202,103,2,2,True,0.024418771,0.0026587339,0.97267103,0.0002513905
21,7,none,car,1203,103,3,0,False,0.6985906,0.051779747,0.20027648,0.04935323
21,7,none,car,1204,103,2,1,False,0.28460187,0.47759324,0.22546689,0.012338006
21,7,none,car,1205,103,2,1,False,0.14085324,0.6881107,0.123183645,0.047852453
21,7,none,car,1206,103,1,2,False,0.09377854,0.03245233,0.872038,0.001731096
21,7,none,car,1207,103,0,3,False,0.33537993,0.02091022,0.18494187,0.458768
21,7,none,car,1208,103,1,1,True,0.0062817745,0.59103894,0.39859587,0.0040834085
21,7,none,car,1209,103,0,0,True,0.87669575,0.019555295,0.056069266,0.047679678
21,7,none,car,1210,103,0,0,True,0.9868391,0.000753124,0.004136707,0.008271011
21,7,none,car,1211,103,1,1,True,0.029530957,0.5602367,0.088453546,0.32177877
21,7,none,car,1212,103,1,3,False,0.047138292,0.07298356,0.017081156,0.862797
21,7,none,car,1213,103,0,0,True,0.9200373,0.05158521,0.023261666,0.0051157214
21,7,none,car,1214,103,0,0,True,0.7282371,0.07696345,0.1930841,0.0017153563
21,7,none,car,1215,103,1,0,False,0.8492928,0.0053794337,0.13193123,0.013396448
21,7,none,car,1216,103,1,1,True,0.0073983055,0.977496,0.012210942,0.002894757
21,7,none,car,1217,103,0,0,True,0.96948224,0.0038382083,0.021923693,0.004755889
21,7,none,car,1218,103,0,0,True,0.61899424,0.0028893664,0.37737826,0.00073812815
21,7,none,car,1219,103,1,2,False,0.1633893,0.14700265,0.688942,0.0006660914
21,7,none,car,1220,103,0,0,True,0.7954953,0.0038214494,0.20001367,0.0006696429
21,7,none,car,1221,103,2,2,True,0.049397074,0.017326832,0.9212723,0.012003778
21,7,none,car,1222,103,3,2,False,0.0044266926,0.001120513,0.9607432,0.03370954
21,7,none,car,1223,103,2,2,True,0.036536742,0.2490743,0.7132086,0.0011803488
21,7,none,car,1224,103,3,2,False,0.19839612,0.021721134,0.593782,0.18610074
21,7,none,car,1225,103,3,3,True,0.10657816,0.010747092,0.01232122,0.8703535
21,7,none,car,1226,103,2,2,True,0.3178072,0.026359117,0.46938634,0.18644734
21,7,none,car,1227,103,3,0,False,0.37693343,0.062282316,0.29307222,0.267712
21,7,none,car,1228,103,2,0,False,0.40466884,0.079873145,0.3470532,0.16840482
21,7,none,car,1229,103,3,3,True,0.13692218,0.009595324,0.0136178415,0.8398647
21,7,none,car,1230,103,2,2,True,0.21735983,0.013633917,0.68331915,0.08568715
21,7,none,car,1231,103,2,2,True,0.17882995,0.038594656,0.77977383,0.0028016304
21,7,none,car,1232,103,3,2,False,0.16090658,0.08284199,0.7112862,0.04496514
21,7,none,car,1233,103,3,0,False,0.3495287,0.23688343,0.17214954,0.24143831
21,7,none,car,1234,103,2,2,True,0.28298575,0.06592114,0.6312557,0.019837338
21,7,none,car,1235,103,3,2,False,0.026938431,0.058982268,0.7108166,0.20326261
21,7,none,car,1236,103,1,1,True,0.04823542,0.83332443,0.07574561,0.042694543
21,7,none,car,1237,103,0,0,True,0.687549,0.0023091144,0.260072,0.050069895
21,7,none,car,1238,103,0,0,True,0.9597871,0.005441799,0.011336672,0.023434456
21,7,none,car,1239,103,1,2,False,0.03314071,0.1233496,0.7650033,0.07850635
21,7,none,car,1240,103,1,1,True,0.01515155,0.66341716,0.037461504,0.2839698
21,7,none,car,1241,103,0,2,False,0.22640483,0.005170749,0.6684208,0.10000367
21,7,none,car,1242,103,1,1,True,0.0024431269,0.88733524,0.0041847983,0.10603683
21,7,none,car,1243,103,0,0,True,0.7951067,0.00070542615,0.20324281,0.00094506337
21,7,none,car,1244,103,0,0,True,0.7937713,0.011039377,0.10907013,0.08611911
21,7,none,car,1245,103,1,1,True,0.04113418,0.5323335,0.12754197,0.29899034
21,7,none,car,1246,103,0,0,True,0.84617746,0.0038267213,0.14271083,0.00728504
21,7,none,car,1247,103,1,0,False,0.58610934,0.08468708,0.22253524,0.10666837
21,7,none,car,1248,103,1,1,True,0.113609165,0.52911794,0.34414363,0.013129289
21,7,none,car,1249,103,0,0,True,0.9882244,0.000920053,0.009820823,0.0010347024
21,7,none,car,1250,103,1,1,True,0.32947665,0.38131285,0.020775914,0.26843458
21,7,none,car,1251,103,3,3,True,0.012551921,0.012342747,0.020504998,0.9546004
21,7,none,car,1252,103,2,1,False,0.018574549,0.597619,0.32575437,0.058052015
21,7,none,car,1253,103,3,3,True,0.28261778,0.21838434,0.07899909,0.41999874
21,7,none,car,1254,103,2,0,False,0.6147436,0.072461545,0.12849893,0.18429592
21,7,none,car,1255,103,2,2,True,0.12703666,0.10662959,0.74615246,0.020181315
21,7,none,car,1256,103,3,0,False,0.3484793,0.15851817,0.18924914,0.30375332
21,7,none,car,1257,103,2,1,False,0.2557811,0.56577486,0.04057196,0.13787204
21,7,none,car,1258,103,3,0,False,0.54899645,0.36179745,0.020643273,0.068562865
21,7,none,car,1259,103,2,2,True,0.022584183,0.004704524,0.9710552,0.0016560208
21,7,none,car,1260,103,3,2,False,0.12381654,0.17062102,0.48881984,0.21674262
21,7,none,car,1261,103,3,3,True,0.038379192,0.21640196,0.13538985,0.60982895
21,7,none,car,1262,103,2,2,True,0.013342788,0.115676716,0.86625105,0.004729484
21,7,none,car,1263,103,2,2,True,0.09705543,0.010590232,0.89164674,0.00070757495
21,7,none,car,1264,103,3,3,True,0.13644849,0.027614737,0.0070941593,0.8288426
21,7,none,car,1265,103,3,3,True,0.0019907006,0.08543858,0.025003497,0.8875672
21,7,none,car,1266,104,0,0,True,0.5566022,0.39202628,0.0288555,0.022516048
21,7,none,car,1267,104,1,1,True,0.11055748,0.87919503,0.008609228,0.0016382189
21,7,none,car,1268,104,1,2,False,0.22418883,0.26357132,0.49052298,0.021716896
21,7,none,car,1269,104,0,1,False,0.29450232,0.5455926,0.06687907,0.09302599
21,7,none,car,1270,104,1,1,True,0.17118904,0.57681483,0.20726433,0.0447318
21,7,none,car,1271,104,0,2,False,0.15215695,0.2029836,0.6265047,0.018354729
21,7,none,car,1272,104,1,1,True,0.42401782,0.52328706,0.039009035,0.013686129
21,7,none,car,1273,104,0,0,True,0.6564834,0.06756234,0.25348803,0.02246624
21,7,none,car,1274,104,0,1,False,0.093667164,0.8485798,0.05602834,0.0017246637
21,7,none,car,1275,104,1,1,True,0.08367784,0.80235654,0.111435354,0.0025302295
21,7,none,car,1276,104,0,1,False,0.24829589,0.57599324,0.16339025,0.012320589
21,7,none,car,1277,104,1,1,True,0.03784415,0.36259744,0.32151446,0.27804396
21,7,none,car,1278,104,1,0,False,0.42409366,0.1488743,0.41166753,0.015364564
21,7,none,car,1279,104,0,0,True,0.60203755,0.11107671,0.26195687,0.024928818
21,7,none,car,1280,104,1,1,True,0.0009459634,0.9928229,0.00062105834,0.0056100585
21,7,none,car,1281,104,2,2,True,0.2607214,0.18009858,0.51784456,0.04133546
21,7,none,car,1282,104,3,2,False,0.09808212,0.22573076,0.51388335,0.16230384
21,7,none,car,1283,104,3,3,True,0.3797463,0.049692128,0.051072054,0.5194895
21,7,none,car,1284,104,2,1,False,0.031492073,0.74632376,0.21789078,0.0042933365
21,7,none,car,1285,104,3,0,False,0.39224818,0.19255327,0.27890936,0.13628925
21,7,none,car,1286,104,2,1,False,0.03767288,0.9407399,0.015751814,0.005835424
21,7,none,car,1287,104,2,1,False,0.12954448,0.44138598,0.35756135,0.07150814
21,7,none,car,1288,104,3,3,True,0.065972246,0.10733059,0.01217059,0.81452656
21,7,none,car,1289,104,2,1,False,0.019035121,0.8954254,0.08477141,0.00076816475
21,7,none,car,1290,104,3,1,False,0.13405442,0.5384004,0.2148841,0.11266101
21,7,none,car,1291,104,3,3,True,0.1795518,0.06988853,0.06793752,0.6826222
21,7,none,car,1292,104,2,3,False,0.17241012,0.08435272,0.09261929,0.65061784
21,7,none,car,1293,104,3,3,True,0.30368072,0.19573829,0.023404928,0.47717616
21,7,none,car,1294,104,2,2,True,0.05023755,0.25457364,0.6164956,0.078693226
21,7,none,car,1295,104,3,0,False,0.63645464,0.14615448,0.11026515,0.107125774
21,7,none,car,1296,104,0,0,True,0.44604397,0.1789215,0.039192095,0.3358424
21,7,none,car,1297,104,1,1,True,0.16287066,0.6938722,0.11355946,0.02969758
21,7,none,car,1298,104,1,1,True,0.0060269805,0.98969716,0.0014990692,0.0027768165
21,7,none,car,1299,104,0,0,True,0.9646399,0.016509205,0.016593099,0.0022577827
21,7,none,car,1300,104,0,0,True,0.98262596,0.0050618215,0.0043240422,0.007988196
21,7,none,car,1301,104,1,1,True,0.0058060735,0.9576091,0.027967157,0.008617614
21,7,none,car,1302,104,0,0,True,0.6114049,0.31392765,0.048888557,0.025778852
21,7,none,car,1303,104,1,1,True,0.3834454,0.5147629,0.08497348,0.01681821
21,7,none,car,1304,104,0,0,True,0.8257373,0.109794885,0.060092855,0.00437501
21,7,none,car,1305,104,1,1,True,0.3140266,0.62833333,0.04117115,0.01646899
21,7,none,car,1306,104,1,1,True,0.00011303842,0.95445514,0.0437966,0.0016352534
21,7,none,car,1307,104,0,0,True,0.97916174,0.018003605,0.0024287559,0.00040601497
21,7,none,car,1308,104,3,3,True,0.009441259,0.18236673,0.04411078,0.76408124
21,7,none,car,1309,104,2,1,False,0.08751146,0.57689905,0.2555325,0.08005694
21,7,none,car,1310,104,3,0,False,0.44752106,0.20721883,0.059453458,0.28580666
21,7,none,car,1311,104,2,0,False,0.79129267,0.04991251,0.11218815,0.0466067
21,7,none,car,1312,104,3,0,False,0.6554119,0.15816215,0.011437369,0.17498855
21,7,none,car,1313,104,2,2,True,0.12682219,0.3351312,0.5333834,0.0046632173
21,7,none,car,1314,104,3,3,True,0.05506304,0.28191262,0.075625375,0.587399
21,7,none,car,1315,104,2,0,False,0.49676433,0.25663418,0.09279067,0.15381081
21,7,none,car,1316,104,3,1,False,0.091687895,0.5249245,0.3445537,0.038833853
21,7,none,car,1317,104,2,2,True,0.3588658,0.26155958,0.36408946,0.015485171
21,7,none,car,1318,104,2,2,True,0.3423793,0.13396621,0.49844554,0.025208909
21,7,none,car,1319,104,3,2,False,0.31495547,0.13254263,0.3699311,0.18257082
21,7,none,car,1320,104,3,0,False,0.6580451,0.053701468,0.04243799,0.24581538
21,7,none,car,1321,104,2,1,False,0.12117316,0.5205558,0.33763963,0.020631365
21,7,none,car,1322,104,2,2,True,0.110147685,0.008728532,0.87879694,0.002326862
21,7,none,car,1323,104,0,0,True,0.80121696,0.07899403,0.08724151,0.032547552
21,7,none,car,1324,104,1,2,False,0.024943076,0.40532008,0.555199,0.014537785
21,7,none,car,1325,104,0,2,False,0.33462372,0.039502926,0.61561257,0.01026078
21,7,none,car,1326,104,1,2,False,0.13910002,0.40657607,0.4415048,0.0128191225
21,7,none,car,1327,104,0,2,False,0.20763539,0.1417712,0.6401431,0.010450363
21,7,none,car,1328,104,1,1,True,0.014216603,0.49643132,0.1301638,0.35918823
21,7,none,car,1329,104,0,0,True,0.99978405,3.3475855e-05,0.00011400525,6.842739e-05
21,7,none,car,1330,104,1,2,False,0.14335358,0.24802181,0.534438,0.07418662
21,7,none,car,1331,104,1,1,True,0.09349028,0.88553536,0.013615507,0.007358838
21,7,none,car,1332,104,0,1,False,0.15095596,0.8353716,0.010869954,0.0028023503
21,7,none,car,1333,104,0,0,True,0.58800274,0.10522113,0.29014844,0.016627671
21,7,none,car,1334,104,1,0,False,0.532906,0.33209416,0.0729525,0.062047303
21,7,none,car,1335,104,1,0,False,0.3868051,0.064525664,0.3280656,0.2206036
21,7,none,car,1336,104,0,0,True,0.7113711,0.011153683,0.27339217,0.0040830094
21,7,none,car,1337,104,0,2,False,0.43531808,0.022433335,0.5023571,0.039891437
21,7,none,car,1338,104,2,2,True,0.004558534,0.01898147,0.95972395,0.016736062
21,7,none,car,1339,104,3,1,False,0.16970037,0.5018149,0.3077957,0.020688983
21,7,none,car,1340,104,2,0,False,0.4658402,0.31206456,0.21531902,0.006776335
21,7,none,car,1341,104,3,3,True,0.08891085,0.13112177,0.06810685,0.71186054
21,7,none,car,1342,104,3,3,True,0.11124993,0.33920205,0.032461684,0.5170863
21,7,none,car,1343,104,2,2,True,0.02772139,0.06781369,0.90124595,0.003219003
21,7,none,car,1344,104,3,3,True,0.025990203,0.023863943,0.026281487,0.92386436
21,7,none,car,1345,104,2,2,True,0.07043699,0.16335386,0.7464116,0.019797545
21,7,none,car,1346,104,3,0,False,0.4170809,0.10352854,0.16725004,0.3121405
21,7,none,car,1347,104,2,2,True,0.34219784,0.13352536,0.5165432,0.0077335676
21,7,none,car,1348,104,3,1,False,0.014626082,0.41707942,0.20023037,0.36806414
21,7,none,car,1349,104,2,1,False,0.010047714,0.84771293,0.11669341,0.025545945
21,7,none,car,1350,104,2,2,True,0.08618115,0.35571313,0.48688084,0.07122495
21,7,none,car,1351,104,3,0,False,0.42982954,0.08234612,0.2406047,0.24721965
21,7,none,car,1352,104,3,2,False,0.122820795,0.15390082,0.4346292,0.28864914
21,7,none,car,1353,105,0,0,True,0.9859715,0.00050134066,0.010933194,0.0025940137
21,7,none,car,1354,105,1,1,True,0.00054038904,0.9817229,0.0155619355,0.0021748145
21,7,none,car,1355,105,1,1,True,0.00033533177,0.9843157,0.0120608695,0.003288092
21,7,none,car,1356,105,0,0,True,0.9684826,0.001418972,0.016535318,0.013563066
21,7,none,car,1357,105,1,1,True,0.00019642456,0.91309774,0.08478109,0.0019246846
21,7,none,car,1358,105,0,0,True,0.9992231,3.337315e-06,0.0007019522,7.164386e-05
21,7,none,car,1359,105,1,1,True,0.0007005176,0.9853343,0.008832306,0.00513284
21,7,none,car,1360,105,0,0,True,0.98182535,0.00043519252,0.00434349,0.013396005
21,7,none,car,1361,105,0,0,True,0.9838965,0.00030265446,0.014310885,0.00149002
21,7,none,car,1362,105,1,1,True,0.01515709,0.7014247,0.005684922,0.27773333
21,7,none,car,1363,105,1,1,True,8.1802595e-05,0.9833008,0.007047975,0.009569321
21,7,none,car,1364,105,0,0,True,0.9989355,0.00013075226,0.0005251955,0.00040856245
21,7,none,car,1365,105,1,2,False,0.018526863,0.22910644,0.6734856,0.07888112
21,7,none,car,1366,105,0,0,True,0.963449,8.8133405e-05,0.033250134,0.0032127094
21,7,none,car,1367,105,0,0,True,0.9027783,0.008532551,0.07605533,0.012633873
21,7,none,car,1368,105,3,3,True,0.016049732,0.009896925,0.014694208,0.9593591
21,7,none,car,1369,105,2,2,True,0.03716687,0.039120786,0.6003521,0.32336023
21,7,none,car,1370,105,2,3,False,0.0070541073,0.023591544,0.42011872,0.54923564
21,7,none,car,1371,105,3,3,True,0.0029863904,0.012243404,0.2672353,0.7175349
21,7,none,car,1372,105,3,3,True,0.095513806,0.009023223,0.44445387,0.45100912
21,7,none,car,1373,105,2,2,True,0.013783565,0.015266717,0.74299735,0.22795235
21,7,none,car,1374,105,3,3,True,0.0035282357,0.014007095,0.029470187,0.95299447
21,7,none,car,1375,105,2,2,True,0.0069543207,0.014263659,0.9698821,0.008899985
21,7,none,car,1376,105,3,3,True,0.030428769,0.2437508,0.3328113,0.3930092
21,7,none,car,1377,105,2,2,True,0.012794696,0.033312358,0.9295495,0.024343446
21,7,none,car,1378,105,3,2,False,0.03383981,0.0070303828,0.9488385,0.010291306
21,7,none,car,1379,105,2,3,False,0.0010831992,0.015060613,0.27839938,0.7054568
21,7,none,car,1380,105,3,3,True,0.0030178532,0.0010818697,0.057974327,0.93792593
21,7,none,car,1381,105,2,2,True,0.0063341074,0.004252991,0.9816621,0.0077507584
21,7,none,car,1382,105,2,2,True,0.0027761671,0.014115249,0.6562182,0.32689047
21,7,none,car,1383,105,1,1,True,5.2524112e-05,0.9883801,0.011132942,0.00043445837
21,7,none,car,1384,105,0,2,False,0.050339267,0.00086477096,0.8881643,0.060631648
21,7,none,car,1385,105,1,1,True,0.00016983722,0.8336081,0.15962556,0.0065965834
21,7,none,car,1386,105,0,3,False,0.14823276,0.0006173234,0.2642661,0.58688384
21,7,none,car,1387,105,0,2,False,0.21720733,0.00020232121,0.7521982,0.030392105
21,7,none,car,1388,105,1,1,True,0.010068335,0.9202545,0.06488003,0.004797124
21,7,none,car,1389,105,1,1,True,0.00036573262,0.9379741,0.061524734,0.00013538678
21,7,none,car,1390,105,0,0,True,0.97132486,0.0022776076,0.025422804,0.00097470474
21,7,none,car,1391,105,0,0,True,0.87416273,0.013174361,0.10994481,0.0027181178
21,7,none,car,1392,105,1,1,True,0.00083776185,0.7715296,0.22440872,0.0032238343
21,7,none,car,1393,105,0,0,True,0.9381754,0.001536868,0.0453912,0.014896484
21,7,none,car,1394,105,1,1,True,0.0016465303,0.97130674,0.026688717,0.00035799856
21,7,none,car,1395,105,0,2,False,0.0957041,0.0007332483,0.9020894,0.0014732287
21,7,none,car,1396,105,1,1,True,3.2099262e-05,0.9809616,0.018900411,0.000105944804
21,7,none,car,1397,105,1,1,True,0.004762003,0.68300617,0.28940797,0.022823911
21,7,none,car,1398,105,3,2,False,0.004187612,0.003841684,0.9626095,0.029361095
21,7,none,car,1399,105,2,2,True,0.0028813388,0.0063329064,0.9645292,0.026256528
21,7,none,car,1400,105,3,2,False,0.01057103,0.012185145,0.776849,0.2003948
21,7,none,car,1401,105,2,2,True,0.0028317908,0.0025377416,0.98993975,0.004690615
21,7,none,car,1402,105,3,2,False,0.0021690172,0.007674931,0.9492726,0.04088343
21,7,none,car,1403,105,2,2,True,0.0019190579,0.0026163892,0.9889163,0.006548173
21,7,none,car,1404,105,3,2,False,0.006348563,0.021281399,0.9279699,0.044400197
21,7,none,car,1405,105,2,3,False,0.23748638,0.05202558,0.23436368,0.47612435
21,7,none,car,1406,105,3,2,False,0.005148828,0.001005562,0.8172285,0.17661709
21,7,none,car,1407,105,2,2,True,0.0020955768,0.073833145,0.8898625,0.034208886
21,7,none,car,1408,105,2,2,True,0.015936645,0.14703171,0.5241089,0.31292275
21,7,none,car,1409,105,3,2,False,0.053081438,0.28199068,0.42760867,0.23731917
21,7,none,car,1410,105,3,3,True,0.012434498,0.03535866,0.13304251,0.81916434
21,7,none,car,1411,105,2,2,True,0.0020039936,0.0108377645,0.9646914,0.022466904
21,7,none,car,1412,105,2,2,True,0.0032522301,0.018099716,0.97454154,0.0041065705
21,7,none,car,1413,105,1,3,False,0.0010559148,0.45237732,0.082892135,0.4636746
21,7,none,car,1414,105,0,0,True,0.87361604,0.006287942,0.11910339,0.0009926322
21,7,none,car,1415,105,1,1,True,0.0012319596,0.81162417,0.16149943,0.025644382
21,7,none,car,1416,105,0,2,False,0.18975453,0.02358174,0.7499487,0.03671503
21,7,none,car,1417,105,1,1,True,0.00035187724,0.7602539,0.21948867,0.019905515
21,7,none,car,1418,105,0,2,False,0.08253944,0.0009356511,0.907523,0.009001853
21,7,none,car,1419,105,1,2,False,0.010055813,0.16514707,0.71564454,0.10915257
21,7,none,car,1420,105,0,0,True,0.58080333,0.015084641,0.37846968,0.02564233
21,7,none,car,1421,105,0,2,False,0.21910635,0.028421074,0.66195256,0.090520024
21,7,none,car,1422,105,1,1,True,0.008112385,0.80420995,0.18468267,0.0029949676
21,7,none,car,1423,105,1,1,True,0.00014968039,0.99058086,0.005049279,0.004220146
21,7,none,car,1424,105,0,0,True,0.8288316,0.0027047535,0.14504492,0.023418702
21,7,none,car,1425,105,1,2,False,0.00036522365,0.3059711,0.6849146,0.008749107
21,7,none,car,1426,105,0,2,False,0.0061839023,0.00019097535,0.99112153,0.0025036617
21,7,none,car,1427,105,0,2,False,0.18632877,0.004615428,0.6206563,0.1883994
21,7,none,car,1428,105,2,2,True,0.010398112,0.05952602,0.5253332,0.40474263
21,7,none,car,1429,105,3,2,False,0.012623217,0.013035637,0.6465848,0.3277563
21,7,none,car,1430,105,3,3,True,0.020211762,0.019841848,0.46183425,0.49811214
21,7,none,car,1431,105,2,2,True,0.0023978208,0.004984289,0.8905231,0.10209485
21,7,none,car,1432,105,3,2,False,0.021449031,0.032078642,0.69691586,0.24955647
21,7,none,car,1433,105,2,2,True,0.005308987,0.012365616,0.9649658,0.01735962
21,7,none,car,1434,105,3,2,False,0.01588858,0.03641475,0.8508,0.09689668
21,7,none,car,1435,105,2,2,True,0.019375,0.01281919,0.93682253,0.030983211
21,7,none,car,1436,105,3,2,False,0.0020232822,0.034874637,0.6043312,0.3587709
21,7,none,car,1437,105,2,2,True,0.00034751673,0.0018471312,0.9968142,0.000991135
21,7,none,car,1438,105,2,2,True,0.0038514752,0.032224223,0.88124543,0.08267883
21,7,none,car,1439,105,3,2,False,0.011607034,0.026039818,0.81141204,0.15094106
21,7,none,car,1440,105,2,2,True,0.0049010515,0.007924745,0.89885795,0.08831631
21,7,none,car,1441,105,3,2,False,0.001041535,0.0014350468,0.9693383,0.028185196
21,7,none,car,1442,105,2,2,True,0.031638954,0.008810014,0.62271845,0.33683255
21,7,none,car,1443,106,0,2,False,0.006279102,0.0031657186,0.8959282,0.094627045
21,7,none,car,1444,106,1,2,False,0.014290383,0.16045101,0.8055723,0.019686311
21,7,none,car,1445,106,0,2,False,0.011514639,0.007298862,0.9600004,0.021186065
21,7,none,car,1446,106,1,2,False,0.031443477,0.021148104,0.8416665,0.10574192
21,7,none,car,1447,106,0,2,False,0.009276278,0.002466528,0.9877985,0.0004586989
21,7,none,car,1448,106,1,2,False,0.0030235457,0.003000325,0.9329471,0.061028976
21,7,none,car,1449,106,0,2,False,0.09560716,0.17800418,0.47927356,0.24711508
21,7,none,car,1450,106,1,3,False,0.044014167,0.36723423,0.1313407,0.45741093
21,7,none,car,1451,106,0,1,False,0.32111448,0.5078869,0.13056077,0.04043792
21,7,none,car,1452,106,1,2,False,0.007912237,0.03238742,0.95368004,0.006020282
21,7,none,car,1453,106,0,1,False,0.013914126,0.5845777,0.29221284,0.10929531
21,7,none,car,1454,106,1,2,False,0.00283449,0.11500557,0.88165325,0.0005066558
21,7,none,car,1455,106,1,1,True,0.014916123,0.8242252,0.07842897,0.082429715
21,7,none,car,1456,106,0,0,True,0.8031954,0.0069037676,0.16898198,0.020918861
21,7,none,car,1457,106,0,0,True,0.94747144,0.0008992865,0.05131729,0.0003119381
21,7,none,car,1458,106,3,2,False,0.01350462,0.011245706,0.916216,0.059033625
21,7,none,car,1459,106,2,2,True,0.012325879,0.11916407,0.522169,0.34634107
21,7,none,car,1460,106,3,2,False,0.079824135,0.094465606,0.7315644,0.094145924
21,7,none,car,1461,106,2,1,False,0.121197805,0.51548934,0.33910143,0.024211416
21,7,none,car,1462,106,2,2,True,0.0060068257,0.029363792,0.9253083,0.039321057
21,7,none,car,1463,106,3,1,False,0.02677378,0.67879665,0.20667183,0.08775784
21,7,none,car,1464,106,3,3,True,0.036124356,0.1890055,0.2284714,0.54639876
21,7,none,car,1465,106,2,2,True,0.12847815,0.01864168,0.82213473,0.03074552
21,7,none,car,1466,106,3,1,False,0.015890427,0.91510177,0.05545666,0.013551226
21,7,none,car,1467,106,2,2,True,0.02010369,0.04177666,0.9345442,0.0035754784
21,7,none,car,1468,106,3,2,False,0.08855326,0.033298448,0.838374,0.039774273
21,7,none,car,1469,106,2,1,False,0.13225183,0.48061126,0.3590447,0.02809216
21,7,none,car,1470,106,3,3,True,0.091099106,0.07449885,0.3677063,0.4666957
21,7,none,car,1471,106,2,0,False,0.64937395,0.04851567,0.08520342,0.21690698
21,7,none,car,1472,106,3,3,True,0.30819127,0.052404556,0.22316483,0.41623935
21,7,none,car,1473,106,1,1,True,0.00013558532,0.99880576,0.00060330547,0.00045535763
21,7,none,car,1474,106,0,0,True,0.46130708,0.009003428,0.074430615,0.45525885
21,7,none,car,1475,106,1,2,False,0.011251036,0.11570527,0.8646624,0.008381274
21,7,none,car,1476,106,0,2,False,0.036613945,0.16195288,0.79866713,0.0027660301
21,7,none,car,1477,106,0,3,False,0.28675243,0.18493329,0.19274472,0.33556956
21,7,none,car,1478,106,1,2,False,0.026383298,0.15057178,0.43013287,0.3929121
21,7,none,car,1479,106,1,1,True,0.00047925714,0.99646014,0.0007628842,0.0022976806
21,7,none,car,1480,106,0,2,False,0.14677267,0.08762987,0.74842834,0.01716906
21,7,none,car,1481,106,0,3,False,0.09053889,0.24643923,0.25652742,0.40649444
21,7,none,car,1482,106,1,2,False,0.13467714,0.3963697,0.46669483,0.0022583108
21,7,none,car,1483,106,1,1,True,0.00095081644,0.9780473,0.020412847,0.00058900623
21,7,none,car,1484,106,0,0,True,0.88798136,0.041704927,0.064378396,0.0059353276
21,7,none,car,1485,106,0,2,False,0.05567764,0.25981674,0.56297326,0.12153237
21,7,none,car,1486,106,1,1,True,0.0045362557,0.97707796,0.017888784,0.00049704505
21,7,none,car,1487,106,0,2,False,0.030628715,0.35281673,0.5528408,0.063713714
21,7,none,car,1488,106,2,2,True,0.008936854,0.0041586636,0.9856145,0.0012900195
21,7,none,car,1489,106,3,3,True,0.29863212,0.07351847,0.15722997,0.47061938
21,7,none,car,1490,106,2,2,True,0.052336916,0.32032192,0.56632036,0.061020877
21,7,none,car,1491,106,3,2,False,0.0407367,0.0011002126,0.8858758,0.07228719
21,7,none,car,1492,106,3,0,False,0.46167606,0.06293304,0.37952882,0.095862076
21,7,none,car,1493,106,2,2,True,0.29180983,0.062704735,0.63368684,0.011798604
21,7,none,car,1494,106,2,2,True,0.037088167,0.16559403,0.79061615,0.006701667
21,7,none,car,1495,106,3,0,False,0.7938304,0.024120012,0.16616575,0.015883887
21,7,none,car,1496,106,2,2,True,0.035726696,0.17455421,0.7890148,0.00070434524
21,7,none,car,1497,106,3,2,False,0.097295634,0.01555244,0.88624346,0.00090851076
21,7,none,car,1498,106,3,2,False,0.06308125,0.11255338,0.79554635,0.028819002
21,7,none,car,1499,106,2,2,True,0.1549459,0.09632096,0.7193618,0.02937135
21,7,none,car,1500,106,2,2,True,0.0038200251,0.054489214,0.86565644,0.076034404
21,7,none,car,1501,106,3,3,True,0.017592749,0.030466147,0.18380256,0.7681386
21,7,none,car,1502,106,2,2,True,0.13302639,0.016199466,0.8489324,0.0018417547
21,7,none,car,1503,106,1,1,True,0.014733735,0.84982455,0.13314869,0.0022929707
21,7,none,car,1504,106,0,2,False,0.2203228,0.30808708,0.42074278,0.050847262
21,7,none,car,1505,106,0,2,False,0.04123327,0.0047795014,0.84325856,0.11072871
21,7,none,car,1506,106,1,2,False,0.3502528,0.017232208,0.6253362,0.007178747
21,7,none,car,1507,106,0,0,True,0.66656584,0.06455524,0.23580039,0.033078484
21,7,none,car,1508,106,1,1,True,0.0035280965,0.8249569,0.06593864,0.10557632
21,7,none,car,1509,106,0,0,True,0.42805538,0.10697219,0.40765926,0.057313252
21,7,none,car,1510,106,1,2,False,0.09116193,0.043170255,0.86081964,0.0048481445
21,7,none,car,1511,106,1,1,True,0.0019644636,0.9587911,0.03512947,0.0041149976
21,7,none,car,1512,106,0,0,True,0.8992669,0.028145159,0.060894385,0.011693532
21,7,none,car,1513,106,0,0,True,0.8770755,0.0066615557,0.11528624,0.0009767511
21,7,none,car,1514,106,1,2,False,0.014177236,0.010616153,0.9735851,0.0016215233
21,7,none,car,1515,106,1,1,True,0.04595204,0.3981138,0.27614546,0.27978873
21,7,none,car,1516,106,0,0,True,0.65596765,0.0009129255,0.32485723,0.018262122
21,7,none,car,1517,106,0,0,True,0.71453536,0.105158135,0.10434227,0.075964205
21,7,none,car,1518,106,2,2,True,0.041345682,0.3732212,0.56916964,0.016263418
21,7,none,car,1519,106,3,2,False,0.16992274,0.29043746,0.3526934,0.18694645
21,7,none,car,1520,106,2,2,True,0.15122612,0.23407714,0.43243316,0.1822636
21,7,none,car,1521,106,3,2,False,0.04354817,0.02631515,0.8937764,0.036360305
21,7,none,car,1522,106,2,2,True,0.17990589,0.12622601,0.6725485,0.02131966
21,7,none,car,1523,106,3,2,False,0.25788838,0.05684916,0.6145228,0.07073967
21,7,none,car,1524,106,2,2,True,0.03468908,0.025799658,0.92998874,0.009522444
21,7,none,car,1525,106,3,2,False,0.044048306,0.37941033,0.55499643,0.021544946
21,7,none,car,1526,106,2,2,True,0.0010112069,0.0029992643,0.98086447,0.015125001
21,7,none,car,1527,106,3,2,False,0.14536265,0.025121076,0.8266794,0.0028368488
21,7,none,car,1528,106,3,0,False,0.8603799,0.009971267,0.09724543,0.032403406
21,7,none,car,1529,106,2,2,True,0.09178499,0.011385914,0.6059646,0.29086444
21,7,none,car,1530,106,3,2,False,0.35729325,0.033149444,0.60496074,0.004596517
21,7,none,car,1531,106,2,2,True,0.0041035297,0.0072824536,0.9868239,0.0017901384
21,7,none,car,1532,106,2,2,True,0.48270217,0.0021244911,0.51262975,0.0025436154
21,7,none,car,1533,107,1,1,True,0.0024301533,0.98387617,0.0031133932,0.010580258
21,7,none,car,1534,107,0,0,True,0.3840448,0.33559978,0.19967638,0.0806791
21,7,none,car,1535,107,0,0,True,0.9670833,0.019769847,0.011979319,0.0011676342
21,7,none,car,1536,107,1,1,True,0.00030087272,0.99243236,0.00013863204,0.0071281805
21,7,none,car,1537,107,0,0,True,0.7448891,0.24447487,0.0055244174,0.0051115216
21,7,none,car,1538,107,1,1,True,0.0018964632,0.99066204,0.0036223016,0.0038192673
21,7,none,car,1539,107,0,0,True,0.94086456,0.043149695,0.011150354,0.0048354845
21,7,none,car,1540,107,1,1,True,0.0156733,0.9809435,0.0025393497,0.00084398175
21,7,none,car,1541,107,0,0,True,0.9941678,0.0011050127,0.00033286904,0.00439423
21,7,none,car,1542,107,1,1,True,0.0335157,0.93589556,0.008920895,0.0216677
21,7,none,car,1543,107,0,0,True,0.9302948,0.026502792,0.01580301,0.02739936
21,7,none,car,1544,107,1,1,True,0.045010466,0.63247246,0.066924885,0.2555922
21,7,none,car,1545,107,0,0,True,0.9874072,0.0003891853,0.0011365056,0.011067155
21,7,none,car,1546,107,1,1,True,0.007953181,0.72250366,0.016386513,0.25315666
21,7,none,car,1547,107,0,0,True,0.99848795,0.00045303867,0.0005194844,0.00053959014
21,7,none,car,1548,107,3,1,False,0.10651852,0.6804865,0.04025949,0.17273548
21,7,none,car,1549,107,2,1,False,0.03869227,0.6642783,0.23413333,0.06289603
21,7,none,car,1550,107,3,3,True,0.21854441,0.2950485,0.055045128,0.43136194
21,7,none,car,1551,107,2,1,False,0.044538897,0.8607438,0.020607399,0.07410981
21,7,none,car,1552,107,3,0,False,0.93194103,0.048890583,0.009785239,0.00938312
21,7,none,car,1553,107,2,2,True,0.24401543,0.06726356,0.5695142,0.11920682
21,7,none,car,1554,107,2,0,False,0.8720218,0.04254696,0.0014981758,0.08393312
21,7,none,car,1555,107,3,0,False,0.5543825,0.009013494,0.00012686502,0.43647715
21,7,none,car,1556,107,3,0,False,0.93801445,0.0074722692,0.051656272,0.0028569682
21,7,none,car,1557,107,2,1,False,0.20744765,0.4101338,0.31061488,0.07180361
21,7,none,car,1558,107,2,1,False,0.044770144,0.93978655,0.008346463,0.007096838
21,7,none,car,1559,107,3,0,False,0.83193856,0.14292659,0.0017810102,0.02335391
21,7,none,car,1560,107,2,3,False,0.28145033,0.27697077,0.06657602,0.37500286
21,7,none,car,1561,107,3,1,False,0.10419452,0.5976351,0.030530041,0.26764032
21,7,none,car,1562,107,3,0,False,0.5045615,0.019171817,0.052826323,0.4234404
21,7,none,car,1563,107,1,1,True,0.08090977,0.7458852,0.0050075334,0.16819751
21,7,none,car,1564,107,0,0,True,0.97460765,0.021082137,0.0011827302,0.0031274722
21,7,none,car,1565,107,1,1,True,0.04991605,0.9118056,0.016400069,0.021878319
21,7,none,car,1566,107,0,0,True,0.94953704,0.03715415,0.00049920025,0.012809628
21,7,none,car,1567,107,1,1,True,0.0006352388,0.9988859,0.00021686668,0.0002619769
21,7,none,car,1568,107,0,0,True,0.80099136,0.15447621,0.016173951,0.028358474
21,7,none,car,1569,107,0,0,True,0.5368113,0.1181674,0.006724349,0.3382969
21,7,none,car,1570,107,1,0,False,0.4192886,0.12820959,0.21830505,0.23419683
21,7,none,car,1571,107,0,0,True,0.99554056,0.0031847984,0.0011727342,0.00010188107
21,7,none,car,1572,107,1,0,False,0.70592886,0.22624582,0.036921296,0.030903962
21,7,none,car,1573,107,0,0,True,0.5452331,0.22644068,0.07946592,0.14886028
21,7,none,car,1574,107,1,2,False,0.05833067,0.104376756,0.5586356,0.27865705
21,7,none,car,1575,107,1,2,False,0.09135933,0.115783155,0.7743714,0.018486185
21,7,none,car,1576,107,0,1,False,0.10324525,0.8483436,0.023842297,0.02456879
21,7,none,car,1577,107,0,0,True,0.84447587,0.022723585,0.009281801,0.12351865
21,7,none,car,1578,107,3,0,False,0.6332568,0.13329211,0.078325294,0.15512583
21,7,none,car,1579,107,2,3,False,0.29205322,0.02602348,0.045624483,0.63629884
21,7,none,car,1580,107,3,0,False,0.9278435,0.032149356,0.011026402,0.028980805
21,7,none,car,1581,107,2,3,False,0.30514228,0.21565235,0.17057142,0.30863392
21,7,none,car,1582,107,2,0,False,0.58259386,0.26395378,0.05484263,0.09860968
21,7,none,car,1583,107,3,0,False,0.6347986,0.008865575,0.041688196,0.31464764
21,7,none,car,1584,107,3,0,False,0.957706,0.012810364,0.007226589,0.02225705
21,7,none,car,1585,107,2,0,False,0.72015476,0.137545,0.13654213,0.0057581617
21,7,none,car,1586,107,2,0,False,0.6156169,0.2481391,0.0015512876,0.13469265
21,7,none,car,1587,107,3,3,True,0.12915835,0.42295125,0.014732309,0.43315813
21,7,none,car,1588,107,2,2,True,0.2373113,0.22068325,0.51668364,0.025321797
21,7,none,car,1589,107,3,1,False,0.06056989,0.55306834,0.17227904,0.2140827
21,7,none,car,1590,107,3,0,False,0.48696014,0.36191398,0.018847894,0.13227801
21,7,none,car,1591,107,2,3,False,0.08901237,0.19137804,0.005736248,0.7138733
21,7,none,car,1592,107,2,3,False,0.20104624,0.1514379,0.036155894,0.61136
21,7,none,car,1593,107,0,0,True,0.98885566,0.0041445848,0.0015019383,0.0054978556
21,7,none,car,1594,107,1,1,True,0.035040595,0.9043849,0.0011839066,0.05939066
21,7,none,car,1595,107,1,1,True,0.22709993,0.5876039,0.040629018,0.14466716
21,7,none,car,1596,107,0,0,True,0.861779,0.11121222,0.008844279,0.018164616
21,7,none,car,1597,107,1,1,True,0.10161491,0.7863106,0.09229503,0.019779423
21,7,none,car,1598,107,0,1,False,0.46037295,0.5102404,0.022712652,0.006674049
21,7,none,car,1599,107,1,3,False,0.09170179,0.25414348,0.0043500606,0.64980465
21,7,none,car,1600,107,0,1,False,0.15664396,0.7537171,0.054569595,0.035069373
21,7,none,car,1601,107,1,1,True,0.06844969,0.8826805,0.011804943,0.03706484
21,7,none,car,1602,107,0,3,False,0.01597027,0.24767064,0.019369297,0.7169898
21,7,none,car,1603,107,0,0,True,0.9651286,0.028516503,0.0005983185,0.005756619
21,7,none,car,1604,107,1,1,True,0.17801276,0.81515336,0.005537819,0.0012960011
21,7,none,car,1605,107,0,0,True,0.43914792,0.21631302,0.08129666,0.26324236
21,7,none,car,1606,107,1,2,False,0.11760419,0.35430098,0.36670256,0.16139227
21,7,none,car,1607,107,0,1,False,0.019945249,0.9093185,0.0022656734,0.06847061
21,7,none,car,1608,107,3,0,False,0.6988709,0.061289266,0.23028399,0.009555858
21,7,none,car,1609,107,2,3,False,0.08002351,0.3238,0.05625536,0.53992116
21,7,none,car,1610,107,2,0,False,0.74536085,0.12272567,0.069918275,0.061995137
21,7,none,car,1611,107,3,3,True,0.14371069,0.029700307,0.021442244,0.80514675
21,7,none,car,1612,107,2,0,False,0.6681871,0.32932067,0.0010321451,0.0014600568
21,7,none,car,1613,107,3,0,False,0.9255237,0.057897057,0.0062384284,0.010340784
21,7,none,car,1614,107,3,1,False,0.063592196,0.8806832,0.016881613,0.03884303
21,7,none,car,1615,107,2,1,False,0.2368823,0.41076124,0.19526155,0.1570949
21,7,none,car,1616,107,2,0,False,0.7261685,0.034122568,0.17753008,0.06217886
21,7,none,car,1617,107,3,1,False,0.011548816,0.77350456,0.024904585,0.19004205
21,7,none,car,1618,107,2,0,False,0.47232446,0.1401812,0.28927055,0.098223776
21,7,none,car,1619,107,3,3,True,0.039653566,0.34700105,0.09426792,0.5190775
21,7,none,car,1620,107,2,3,False,0.06019257,0.1921977,0.07030697,0.6773028
21,7,none,car,1621,107,3,1,False,0.0023588436,0.8727818,0.03899594,0.085863374
21,7,none,car,1622,107,3,0,False,0.4172002,0.25004727,0.13320747,0.19954501
21,7,none,car,1623,108,0,0,True,0.9777519,0.00032007252,0.0012634493,0.020664496
21,7,none,car,1624,108,1,1,True,3.6985584e-05,0.9990615,0.00019342244,0.0007080515
21,7,none,car,1625,108,0,3,False,0.3498037,0.011516306,0.003148794,0.63553125
21,7,none,car,1626,108,1,1,True,0.3027229,0.5467211,0.007240401,0.1433156
21,7,none,car,1627,108,0,0,True,0.99692386,0.00047847777,0.0003620746,0.0022355039
21,7,none,car,1628,108,1,1,True,0.00019714328,0.9986803,2.3205721e-05,0.0010993684
21,7,none,car,1629,108,1,1,True,9.670026e-05,0.9946226,5.7602552e-05,0.0052230717
21,7,none,car,1630,108,0,0,True,0.9774137,0.001488285,0.0007091504,0.020388879
21,7,none,car,1631,108,0,0,True,0.9998387,1.4816159e-05,2.048799e-05,0.00012592581
21,7,none,car,1632,108,1,1,True,0.0069738417,0.941576,0.0012559962,0.05019411
21,7,none,car,1633,108,0,0,True,0.99902856,0.00028937805,0.0004824855,0.00019960428
21,7,none,car,1634,108,1,1,True,0.06814661,0.644845,0.010000225,0.2770082
21,7,none,car,1635,108,0,0,True,0.3965079,0.26002103,0.1844403,0.15903072
21,7,none,car,1636,108,1,1,True,0.03131657,0.9356649,0.02074913,0.012269366
21,7,none,car,1637,108,1,1,True,0.00034017832,0.9583846,0.0002761315,0.040999062
21,7,none,car,1638,108,2,1,False,0.020449,0.6679522,0.25891784,0.052680917
21,7,none,car,1639,108,3,3,True,0.0011891436,0.0338197,0.015780902,0.9492103
21,7,none,car,1640,108,2,3,False,0.03800655,0.16679189,0.14566134,0.64954025
21,7,none,car,1641,108,3,3,True,0.002935303,0.07048031,0.015454393,0.91113
21,7,none,car,1642,108,3,3,True,0.0045008343,0.020045578,0.005030023,0.9704235
21,7,none,car,1643,108,2,1,False,0.11565728,0.5332142,0.31686252,0.034265954
21,7,none,car,1644,108,2,3,False,0.30334085,0.014433046,0.14808868,0.53413737
21,7,none,car,1645,108,3,3,True,0.015396964,0.049305532,0.005736129,0.9295614
21,7,none,car,1646,108,2,1,False,0.100657776,0.89350957,0.0011482976,0.0046842694
21,7,none,car,1647,108,3,3,True,0.10620709,0.10198363,0.010475176,0.78133416
21,7,none,car,1648,108,3,3,True,0.019155068,0.10234867,0.024043405,0.85445285
21,7,none,car,1649,108,2,1,False,0.05995792,0.6975885,0.1421637,0.100289874
21,7,none,car,1650,108,3,3,True,0.0632662,0.005640772,0.008731535,0.92236143
21,7,none,car,1651,108,2,2,True,0.097348765,0.23158573,0.49128535,0.17978016
21,7,none,car,1652,108,3,3,True,0.16935056,0.023556598,0.12759414,0.67949873
21,7,none,car,1653,108,1,1,True,0.00049793394,0.6872672,0.29757273,0.014662098
21,7,none,car,1654,108,0,1,False,0.13014236,0.57046956,0.07227281,0.22711527
21,7,none,car,1655,108,1,1,True,0.020664707,0.5838582,0.3164192,0.0790579
21,7,none,car,1656,108,0,0,True,0.96019495,0.0006083499,0.0028203763,0.03637629
21,7,none,car,1657,108,0,0,True,0.855184,0.012615389,0.00090867886,0.13129194
21,7,none,car,1658,108,1,1,True,0.005241106,0.9230731,0.005003464,0.06668229
21,7,none,car,1659,108,1,1,True,0.0049511525,0.9825775,0.0044739256,0.007997437
21,7,none,car,1660,108,0,0,True,0.99623114,0.001963374,0.0011240744,0.0006814776
21,7,none,car,1661,108,0,0,True,0.99544746,0.00081400736,0.0019213816,0.0018171293
21,7,none,car,1662,108,1,1,True,0.00033088034,0.99725914,0.0020357377,0.00037419546
21,7,none,car,1663,108,1,1,True,0.00076156814,0.9878578,0.0021202357,0.009260487
21,7,none,car,1664,108,0,0,True,0.92296124,0.0029682505,0.011253993,0.06281651
21,7,none,car,1665,108,1,1,True,0.017232593,0.637139,0.3290433,0.016585082
21,7,none,car,1666,108,0,0,True,0.9649727,0.0025215198,0.00629057,0.026215145
21,7,none,car,1667,108,1,1,True,0.43827525,0.50323546,0.004070906,0.054418407
21,7,none,car,1668,108,3,3,True,0.0020276941,0.0066643795,0.0037363535,0.9875716
21,7,none,car,1669,108,2,3,False,0.21083449,0.22396033,0.23437382,0.33083132
21,7,none,car,1670,108,3,3,True,0.03700634,0.011624338,0.009632656,0.9417367
21,7,none,car,1671,108,2,2,True,0.025600241,0.042895604,0.91165185,0.019852296
21,7,none,car,1672,108,2,2,True,0.057905424,0.18943638,0.39473966,0.35791847
21,7,none,car,1673,108,3,3,True,0.0056118434,0.07113122,0.011449487,0.9118074
21,7,none,car,1674,108,2,2,True,0.015191458,0.104577914,0.8689167,0.0113139665
21,7,none,car,1675,108,3,1,False,0.042835623,0.6348518,0.24130021,0.081012376
21,7,none,car,1676,108,2,1,False,0.014537641,0.9524776,0.030040786,0.0029439689
21,7,none,car,1677,108,3,1,False,0.067262694,0.6705581,0.09796409,0.16421515
21,7,none,car,1678,108,2,1,False,0.20394067,0.3953577,0.28938797,0.11131364
21,7,none,car,1679,108,3,0,False,0.48977616,0.122433335,0.16423175,0.22355878
21,7,none,car,1680,108,2,2,True,0.017509706,0.0019655079,0.8856877,0.0948371
21,7,none,car,1681,108,3,0,False,0.49218082,0.07554892,0.17945999,0.25281024
21,7,none,car,1682,108,3,3,True,0.21378143,0.010480421,0.15921246,0.6165257
21,7,none,car,1683,108,1,1,True,0.006342221,0.8723305,0.057597287,0.06373004
21,7,none,car,1684,108,0,0,True,0.50474423,0.04451091,0.389375,0.061369848
21,7,none,car,1685,108,0,2,False,0.054208156,0.12045499,0.4646733,0.36066353
21,7,none,car,1686,108,1,2,False,0.061087426,0.2500509,0.6726006,0.01626101
21,7,none,car,1687,108,0,3,False,0.14729016,0.24764197,0.0179611,0.5871068
21,7,none,car,1688,108,1,1,True,0.23783964,0.38368037,0.37466955,0.0038104919
21,7,none,car,1689,108,1,1,True,0.0004186185,0.9773755,0.021038223,0.0011675947
21,7,none,car,1690,108,0,0,True,0.76578724,0.006854454,0.084187046,0.14317128
21,7,none,car,1691,108,0,0,True,0.47424838,0.18863785,0.13916683,0.19794689
21,7,none,car,1692,108,1,1,True,0.0023143205,0.9955759,0.0014803552,0.0006295474
21,7,none,car,1693,108,0,0,True,0.66615653,0.04904768,0.027325807,0.25746995
21,7,none,car,1694,108,1,1,True,0.29202873,0.5600177,0.051335104,0.096618444
21,7,none,car,1695,108,1,1,True,0.0006790607,0.99898654,0.00013796586,0.00019632126
21,7,none,car,1696,108,0,0,True,0.9325328,0.009602347,0.03385596,0.02400886
21,7,none,car,1697,108,0,0,True,0.9996774,9.1036934e-05,5.3029456e-05,0.00017848422
21,7,none,car,1698,108,3,3,True,0.17097369,0.26462564,0.028120806,0.53627986
21,7,none,car,1699,108,2,3,False,0.024007421,0.116475366,0.38275486,0.4767624
21,7,none,car,1700,108,2,2,True,0.055318538,0.02348047,0.75986254,0.16133839
21,7,none,car,1701,108,3,3,True,0.005048676,0.0030344042,0.0022313744,0.98968554
21,7,none,car,1702,108,2,0,False,0.40886468,0.11194484,0.104572386,0.3746181
21,7,none,car,1703,108,3,2,False,0.08720034,0.04143547,0.8161549,0.05520935
21,7,none,car,1704,108,3,3,True,0.005423176,0.0030241571,0.022782575,0.96877
21,7,none,car,1705,108,2,2,True,0.008556395,0.014125701,0.95229405,0.025023792
21,7,none,car,1706,108,3,3,True,0.06629207,0.07195046,0.10765753,0.75409997
21,7,none,car,1707,108,2,1,False,0.05608918,0.7519439,0.027259924,0.164707
21,7,none,car,1708,108,2,2,True,0.24896033,0.024516476,0.6308052,0.09571805
21,7,none,car,1709,108,3,3,True,0.036627002,0.033074934,0.021422576,0.90887547
21,7,none,car,1710,108,2,1,False,0.052607678,0.7334894,0.14025944,0.073643476
21,7,none,car,1711,108,3,1,False,0.024471972,0.77979773,0.0077226115,0.18800774
21,7,none,car,1712,108,2,0,False,0.8699263,0.09965016,0.013042536,0.01738103
21,7,none,car,1713,109,0,0,True,0.97117585,0.0011351136,0.0022095763,0.025479456
21,7,none,car,1714,109,1,1,True,0.2462551,0.3869952,0.3153247,0.051425062
21,7,none,car,1715,109,1,1,True,8.435583e-05,0.99972135,0.00013472904,5.9431146e-05
21,7,none,car,1716,109,0,0,True,0.3647047,0.20317437,0.29409835,0.13802253
21,7,none,car,1717,109,1,1,True,0.017977519,0.9808641,0.0005700707,0.000588329
21,7,none,car,1718,109,0,0,True,0.8611139,0.037535895,0.09164665,0.0097035775
21,7,none,car,1719,109,1,1,True,0.10293832,0.5222489,0.37023148,0.0045812866
21,7,none,car,1720,109,0,0,True,0.9050964,0.0065394733,0.08666058,0.0017035361
21,7,none,car,1721,109,1,1,True,0.045957386,0.92064774,0.0076749544,0.025719963
21,7,none,car,1722,109,0,2,False,0.062712,0.03227134,0.88305014,0.021966582
21,7,none,car,1723,109,0,0,True,0.84923834,0.0015069956,0.106071435,0.043183148
21,7,none,car,1724,109,1,1,True,0.016391348,0.89953226,0.030305987,0.05377038
21,7,none,car,1725,109,0,0,True,0.99965,8.759402e-06,0.0003073737,3.383164e-05
21,7,none,car,1726,109,1,0,False,0.47381422,0.24037991,0.0653273,0.22047861
21,7,none,car,1727,109,1,1,True,0.04472156,0.91361755,0.03395937,0.0077015506
21,7,none,car,1728,109,3,1,False,0.007564472,0.5743436,0.0986954,0.3193966
21,7,none,car,1729,109,2,2,True,0.023922278,0.33540133,0.53319985,0.107476585
21,7,none,car,1730,109,2,2,True,0.26868662,0.30808458,0.34452277,0.07870599
21,7,none,car,1731,109,3,3,True,0.09237026,0.015510693,0.12496977,0.7671492
21,7,none,car,1732,109,3,3,True,0.014070699,0.05094852,0.3023335,0.6326473
21,7,none,car,1733,109,2,2,True,0.3470619,0.072354704,0.36403492,0.21654849
21,7,none,car,1734,109,2,2,True,0.10913057,0.24875231,0.56781113,0.07430605
21,7,none,car,1735,109,3,2,False,0.21426798,0.20365313,0.4511515,0.13092735
21,7,none,car,1736,109,2,3,False,0.11320472,0.021984302,0.08500091,0.7798101
21,7,none,car,1737,109,3,3,True,0.030835316,0.06608388,0.12325563,0.7798252
21,7,none,car,1738,109,2,0,False,0.6386879,0.25598726,0.0064543677,0.098870516
21,7,none,car,1739,109,3,0,False,0.4686284,0.11235155,0.39422584,0.024794165
21,7,none,car,1740,109,3,3,True,0.031331643,0.050293796,0.25190085,0.6664736
21,7,none,car,1741,109,2,0,False,0.60689306,0.20290859,0.10043543,0.08976296
21,7,none,car,1742,109,2,1,False,0.004320916,0.93761176,0.00820648,0.04986087
21,7,none,car,1743,109,1,1,True,0.0051097167,0.88546234,0.036555387,0.0728726
21,7,none,car,1744,109,0,0,True,0.64670676,0.086072795,0.2073972,0.059823222
21,7,none,car,1745,109,1,0,False,0.8993968,0.061879292,0.017518133,0.021205854
21,7,none,car,1746,109,0,3,False,0.3194651,0.04147157,0.29351643,0.3455469
21,7,none,car,1747,109,0,0,True,0.9925162,0.0003506919,0.0025263932,0.004606702
21,7,none,car,1748,109,1,2,False,0.3105809,0.013242416,0.6662056,0.009971169
21,7,none,car,1749,109,0,3,False,0.27334768,0.018895771,0.29011565,0.41764092
21,7,none,car,1750,109,1,1,True,0.08650305,0.73922914,0.021187805,0.15307999
21,7,none,car,1751,109,1,1,True,0.039124053,0.67537045,0.25440508,0.031100485
21,7,none,car,1752,109,0,2,False,0.092366345,0.0044690943,0.8863326,0.016831864
21,7,none,car,1753,109,1,0,False,0.569169,0.0999988,0.004371648,0.32646057
21,7,none,car,1754,109,0,1,False,0.21395676,0.5043112,0.01642129,0.26531073
21,7,none,car,1755,109,1,1,True,0.0146532105,0.9712815,0.013419077,0.0006461755
21,7,none,car,1756,109,0,1,False,0.1497904,0.7139628,0.06577258,0.07047416
21,7,none,car,1757,109,0,0,True,0.9988444,0.0005684048,0.00023184944,0.0003552564
21,7,none,car,1758,109,2,3,False,0.08602013,0.021108806,0.01322164,0.87964946
21,7,none,car,1759,109,3,0,False,0.8890038,0.014818234,0.050390895,0.045787096
21,7,none,car,1760,109,2,3,False,0.06978676,0.15624885,0.15212628,0.6218381
21,7,none,car,1761,109,3,3,True,0.096089065,0.03596611,0.09122908,0.77671576
21,7,none,car,1762,109,3,1,False,0.03936055,0.8223581,0.0023148612,0.13596661
21,7,none,car,1763,109,2,3,False,0.124781676,0.028067268,0.28843763,0.55871344
21,7,none,car,1764,109,3,3,True,0.021929488,0.008968276,0.14542928,0.82367295
21,7,none,car,1765,109,2,1,False,0.115845084,0.5664409,0.09173614,0.22597794
21,7,none,car,1766,109,3,3,True,0.038507607,0.24405439,0.095575705,0.6218623
21,7,none,car,1767,109,2,3,False,0.30621982,0.045725364,0.17686379,0.47119102
21,7,none,car,1768,109,2,2,True,0.103767164,0.14951968,0.41311583,0.33359727
21,7,none,car,1769,109,3,3,True,0.17428611,0.014851367,0.009519383,0.80134314
21,7,none,car,1770,109,2,1,False,0.08216045,0.56242085,0.0817577,0.27366102
21,7,none,car,1771,109,3,3,True,0.009998043,0.08002259,0.0794758,0.8305036
21,7,none,car,1772,109,2,0,False,0.39003238,0.13197878,0.23305193,0.2449369
21,7,none,car,1773,109,1,3,False,0.022554785,0.4070749,0.1577311,0.41263917
21,7,none,car,1774,109,0,2,False,0.14032947,0.027620722,0.7634836,0.068566166
21,7,none,car,1775,109,1,0,False,0.5126781,0.08827436,0.39073762,0.008309944
21,7,none,car,1776,109,0,3,False,0.035006795,0.015442159,0.014521355,0.93502975
21,7,none,car,1777,109,0,2,False,0.061120845,0.013318871,0.8972611,0.028299212
21,7,none,car,1778,109,1,1,True,0.036694888,0.6167558,0.06046265,0.28608665
21,7,none,car,1779,109,1,0,False,0.33277613,0.27608022,0.11004578,0.28109786
21,7,none,car,1780,109,0,3,False,0.026941627,0.02541476,0.14007811,0.80756545
21,7,none,car,1781,109,1,0,False,0.6603641,0.19183026,0.046613764,0.10119187
21,7,none,car,1782,109,0,1,False,0.18404974,0.69660157,0.092332006,0.027016615
21,7,none,car,1783,109,0,0,True,0.8131105,0.060668707,0.018239085,0.10798171
21,7,none,car,1784,109,1,2,False,0.29654434,0.026495902,0.48024553,0.19671427
21,7,none,car,1785,109,0,0,True,0.9386823,0.0041075414,0.025279934,0.03193027
21,7,none,car,1786,109,1,0,False,0.7855804,0.020045407,0.15405004,0.04032415
21,7,none,car,1787,109,0,2,False,0.097079545,0.14235851,0.59447366,0.16608831
21,7,none,car,1788,109,2,1,False,0.009221128,0.54459846,0.43357748,0.01260292
21,7,none,car,1789,109,3,3,True,0.25828013,0.07200909,0.21733533,0.45237535
21,7,none,car,1790,109,2,1,False,0.060841605,0.4821234,0.021600822,0.4354341
21,7,none,car,1791,109,3,3,True,0.35945332,0.04175938,0.17997597,0.41881132
21,7,none,car,1792,109,2,3,False,0.12425198,0.044377714,0.25810736,0.57326293
21,7,none,car,1793,109,3,2,False,0.08625103,0.13523841,0.43475738,0.34375322
21,7,none,car,1794,109,2,2,True,0.44200608,0.011782768,0.5190583,0.027152868
21,7,none,car,1795,109,3,3,True,0.046074808,0.010238133,0.20361646,0.74007064
21,7,none,car,1796,109,3,1,False,0.054296173,0.5119108,0.00915292,0.42464006
21,7,none,car,1797,109,2,3,False,0.062422223,0.06199771,0.4311304,0.44444966
21,7,none,car,1798,109,3,1,False,0.00606229,0.92342764,0.0048649246,0.065645136
21,7,none,car,1799,109,2,3,False,0.057727523,0.28171968,0.024499558,0.6360533
21,7,none,car,1800,109,2,2,True,0.025577664,0.009214016,0.681768,0.28344026
21,7,none,car,1801,109,3,2,False,0.18269332,0.11415707,0.5343492,0.16880041
21,7,none,car,1802,109,3,0,False,0.545384,0.09512893,0.108320154,0.25116694
21,7,none,cz,0,90,0,0,True,0.7913714,0.010171507,0.011375502,0.18708158
21,7,none,cz,1,90,1,1,True,0.17735586,0.8094542,0.0044493666,0.0087406
21,7,none,cz,2,90,1,1,True,0.0012349484,0.99779534,2.4586618e-05,0.00094510266
21,7,none,cz,3,90,0,0,True,0.92662424,0.0064944457,0.028323425,0.038557958
21,7,none,cz,4,90,1,1,True,0.01239916,0.981662,0.0041962303,0.0017425382
21,7,none,cz,5,90,0,0,True,0.9245522,0.0020413166,0.036393665,0.037012916
21,7,none,cz,6,90,1,1,True,0.12924887,0.8536947,0.0017782465,0.01527828
21,7,none,cz,7,90,0,0,True,0.9751383,0.014028164,0.0013256284,0.009507803
21,7,none,cz,8,90,0,0,True,0.7290492,0.079493485,0.005803796,0.18565351
21,7,none,cz,9,90,1,1,True,0.00056099094,0.9962663,0.002861243,0.00031143136
21,7,none,cz,10,90,0,0,True,0.6473866,0.3066277,0.031826198,0.014159419
21,7,none,cz,11,90,1,1,True,0.0086024515,0.99068016,0.00026578602,0.00045162276
21,7,none,cz,12,90,0,0,True,0.77877575,0.007979555,0.026588129,0.18665656
21,7,none,cz,13,90,1,2,False,0.09456209,0.23479994,0.656579,0.01405895
21,7,none,cz,14,90,1,1,True,0.067191064,0.8968056,0.033534177,0.00246919
21,7,none,cz,15,90,3,0,False,0.43005377,0.29907945,0.20088749,0.06997929
21,7,none,cz,16,90,2,3,False,0.13608642,0.032283206,0.40045798,0.43117243
21,7,none,cz,17,90,2,3,False,0.1900267,0.058459867,0.12255772,0.6289557
21,7,none,cz,18,90,3,3,True,0.1911879,0.035695266,0.06781164,0.7053052
21,7,none,cz,19,90,3,3,True,0.07138483,0.07083445,0.31413713,0.5436436
21,7,none,cz,20,90,2,2,True,0.17356288,0.31196678,0.5054779,0.008992428
21,7,none,cz,21,90,3,3,True,0.0734797,0.066386886,0.24880016,0.6113333
21,7,none,cz,22,90,2,0,False,0.39088315,0.37343413,0.18752408,0.04815863
21,7,none,cz,23,90,2,2,True,0.044425916,0.039097145,0.7778442,0.13863276
21,7,none,cz,24,90,3,0,False,0.68207777,0.21240476,0.067796156,0.03772136
21,7,none,cz,25,90,2,2,True,0.10805664,0.08319551,0.7859167,0.02283115
21,7,none,cz,26,90,3,0,False,0.40366766,0.17540866,0.23685805,0.18406564
21,7,none,cz,27,90,3,3,True,0.12977654,0.06880746,0.15021378,0.6512022
21,7,none,cz,28,90,2,1,False,0.13851452,0.6086616,0.17350158,0.07932226
21,7,none,cz,29,90,2,2,True,0.021930715,0.28219113,0.6815764,0.01430173
21,7,none,cz,30,90,1,1,True,0.0647566,0.9335603,0.0014370915,0.0002459383
21,7,none,cz,31,90,0,0,True,0.81475323,0.08030152,0.06517443,0.03977077
21,7,none,cz,32,90,1,1,True,3.847816e-05,0.9991009,2.9590818e-05,0.0008310395
21,7,none,cz,33,90,0,0,True,0.7883315,0.03581292,0.14781311,0.02804247
21,7,none,cz,34,90,1,1,True,0.025486408,0.80518544,0.09534576,0.07398238
21,7,none,cz,35,90,0,2,False,0.27022424,0.14607471,0.47258267,0.11111843
21,7,none,cz,36,90,1,1,True,0.027444148,0.6803417,0.015998665,0.2762155
21,7,none,cz,37,90,0,0,True,0.85018915,0.09502935,0.03384345,0.020938057
21,7,none,cz,38,90,1,1,True,0.018689817,0.8235025,0.15261456,0.0051931404
21,7,none,cz,39,90,0,2,False,0.39106897,0.032848064,0.39235422,0.18372868
21,7,none,cz,40,90,1,1,True,0.33207422,0.5357974,0.034396153,0.09773211
21,7,none,cz,41,90,0,0,True,0.5259717,0.0005404949,0.12149561,0.35199225
21,7,none,cz,42,90,1,1,True,0.0141874645,0.9043344,0.078557104,0.0029210148
21,7,none,cz,43,90,0,2,False,0.08600019,0.2587048,0.46614772,0.18914722
21,7,none,cz,44,90,1,1,True,0.00010633701,0.9828923,0.015039189,0.001962117
21,7,none,cz,45,90,2,2,True,0.21810438,0.024223972,0.5585407,0.19913095
21,7,none,cz,46,90,3,2,False,0.028012905,0.008199836,0.9037178,0.060069352
21,7,none,cz,47,90,3,3,True,0.049342867,0.15940815,0.17118832,0.6200606
21,7,none,cz,48,90,2,3,False,0.29664233,0.008972435,0.17373182,0.5206534
21,7,none,cz,49,90,3,3,True,0.17385514,0.12546434,0.13794805,0.56273246
21,7,none,cz,50,90,2,2,True,0.16369253,0.043398656,0.6961716,0.09673716
21,7,none,cz,51,90,3,3,True,0.08819952,0.057995714,0.03672146,0.8170833
21,7,none,cz,52,90,2,2,True,0.19127081,0.23709877,0.35080463,0.22082582
21,7,none,cz,53,90,3,3,True,0.18497221,0.010408546,0.27938324,0.525236
21,7,none,cz,54,90,2,2,True,0.3620294,0.019272387,0.44666147,0.17203675
21,7,none,cz,55,90,2,2,True,0.040057547,0.21421687,0.5831197,0.16260588
21,7,none,cz,56,90,3,2,False,0.051533513,0.011294884,0.6441185,0.2930531
21,7,none,cz,57,90,2,2,True,0.020045765,0.024408959,0.74445814,0.21108711
21,7,none,cz,58,90,3,3,True,0.2205509,0.023330376,0.21864305,0.5374757
21,7,none,cz,59,90,3,3,True,0.041302543,0.02499306,0.04312905,0.89057535
21,7,none,cz,60,90,1,1,True,0.09398545,0.89079297,0.012899835,0.0023218074
21,7,none,cz,61,90,0,0,True,0.8764903,0.035171665,0.03938343,0.048954632
21,7,none,cz,62,90,1,1,True,0.043816093,0.9464563,0.009539409,0.00018820088
21,7,none,cz,63,90,0,0,True,0.84793633,0.015821712,0.099008396,0.037233558
21,7,none,cz,64,90,0,0,True,0.9829433,0.00030238574,0.014680842,0.0020734267
21,7,none,cz,65,90,1,1,True,0.027750595,0.95967287,0.01203821,0.00053841464
21,7,none,cz,66,90,1,1,True,0.03584669,0.6800429,0.27457199,0.00953841
21,7,none,cz,67,90,0,0,True,0.9110695,0.0037316796,0.035370335,0.049828433
21,7,none,cz,68,90,0,0,True,0.9722039,0.0064933053,0.017491434,0.003811359
21,7,none,cz,69,90,1,3,False,0.2129147,0.11458052,0.10618128,0.5663235
21,7,none,cz,70,90,1,1,True,0.055862922,0.906844,0.008304369,0.028988723
21,7,none,cz,71,90,0,0,True,0.71712136,0.020788616,0.20080464,0.061285432
21,7,none,cz,72,90,1,2,False,0.12268967,0.0781216,0.74938655,0.049802218
21,7,none,cz,73,90,0,0,True,0.7307966,0.024584774,0.23235486,0.012263764
21,7,none,cz,74,90,0,0,True,0.8777658,0.0049819355,0.06535592,0.051896393
21,7,none,cz,75,90,2,2,True,0.019713802,0.024994785,0.6084783,0.34681308
21,7,none,cz,76,90,3,0,False,0.93692845,0.009911095,0.038957123,0.01420334
21,7,none,cz,77,90,2,2,True,0.12533335,0.06396911,0.7098389,0.100858584
21,7,none,cz,78,90,3,3,True,0.07296205,0.017614938,0.32825416,0.58116883
21,7,none,cz,79,90,2,1,False,0.015156649,0.84250444,0.1319631,0.010375729
21,7,none,cz,80,90,3,2,False,0.19644354,0.23167321,0.41869897,0.15318428
21,7,none,cz,81,90,2,2,True,0.04316289,0.00924843,0.57176226,0.37582648
21,7,none,cz,82,90,3,2,False,0.17900535,0.09746314,0.5060529,0.21747866
21,7,none,cz,83,90,2,2,True,0.071693815,0.009890847,0.89496994,0.0234454
21,7,none,cz,84,90,3,3,True,0.082509965,0.056417312,0.41538113,0.44569162
21,7,none,cz,85,90,2,0,False,0.7548017,0.04793588,0.09818865,0.099073745
21,7,none,cz,86,90,3,0,False,0.5652406,0.07119507,0.06940472,0.29415962
21,7,none,cz,87,90,3,0,False,0.57488155,0.054392792,0.2977243,0.07300134
21,7,none,cz,88,90,2,2,True,0.04239444,0.048733093,0.6348107,0.2740618
21,7,none,cz,89,90,3,0,False,0.570395,0.2907672,0.036594268,0.102243505
21,7,none,cz,90,91,0,0,True,0.8765914,0.0701047,0.04570672,0.007597184
21,7,none,cz,91,91,1,2,False,0.32584056,0.093606696,0.3264151,0.25413767
21,7,none,cz,92,91,0,2,False,0.11563266,0.029227974,0.47108987,0.38404945
21,7,none,cz,93,91,1,1,True,0.03586629,0.62195385,0.07456166,0.26761818
21,7,none,cz,94,91,1,1,True,0.0024601875,0.99496883,0.0019713594,0.00059954467
21,7,none,cz,95,91,0,0,True,0.9911159,0.001594435,0.003690755,0.0035989103
21,7,none,cz,96,91,1,1,True,0.117818736,0.8529461,0.024428938,0.0048062205
21,7,none,cz,97,91,0,0,True,0.78791916,0.08497886,0.050784677,0.07631729
21,7,none,cz,98,91,0,0,True,0.99743384,0.000568057,0.0008263872,0.00117175
21,7,none,cz,99,91,1,1,True,0.0839472,0.6847907,0.06907008,0.162192
21,7,none,cz,100,91,0,0,True,0.9983317,0.00032406958,0.0010136282,0.00033062266
21,7,none,cz,101,91,1,2,False,0.008825636,0.25930893,0.63107497,0.10079043
21,7,none,cz,102,91,1,1,True,0.00865509,0.90069705,0.03571852,0.054929316
21,7,none,cz,103,91,0,0,True,0.98487085,0.00058496615,0.012831436,0.0017127959
21,7,none,cz,104,91,0,0,True,0.99711466,0.0009297991,0.001861376,9.409589e-05
21,7,none,cz,105,91,2,3,False,0.013055261,0.31094745,0.09025674,0.5857405
21,7,none,cz,106,91,3,3,True,0.0018972025,0.04619825,0.049236793,0.90266776
21,7,none,cz,107,91,3,3,True,0.007231926,0.0222129,0.012983899,0.95757127
21,7,none,cz,108,91,2,2,True,0.0074884286,0.0076914886,0.97436994,0.010450109
21,7,none,cz,109,91,2,2,True,0.0034625914,0.0055874735,0.976308,0.014641965
21,7,none,cz,110,91,3,2,False,0.27502686,0.022638021,0.41652447,0.28581065
21,7,none,cz,111,91,3,3,True,0.008467025,0.02402742,0.04250699,0.92499864
21,7,none,cz,112,91,2,2,True,0.10764989,0.093464784,0.4640629,0.33482242
21,7,none,cz,113,91,3,2,False,0.18572989,0.0065938747,0.67931634,0.12835984
21,7,none,cz,114,91,2,2,True,0.0010929618,0.0023816517,0.9955295,0.0009959724
21,7,none,cz,115,91,3,2,False,0.0129078105,0.0055369,0.9460715,0.03548384
21,7,none,cz,116,91,2,2,True,0.19045314,0.13837416,0.52827644,0.14289632
21,7,none,cz,117,91,2,3,False,0.02922017,0.04458702,0.45721683,0.46897593
21,7,none,cz,118,91,3,2,False,0.06437188,0.028895803,0.835842,0.07089039
21,7,none,cz,119,91,2,2,True,0.00277553,0.053782206,0.9300254,0.013416858
21,7,none,cz,120,91,0,0,True,0.8600861,0.053890996,0.07967148,0.0063514127
21,7,none,cz,121,91,1,2,False,0.07672813,0.018577572,0.7153122,0.18938215
21,7,none,cz,122,91,1,1,True,0.0316315,0.7821733,0.12017073,0.06602455
21,7,none,cz,123,91,0,3,False,0.016720872,0.09822217,0.17126097,0.71379596
21,7,none,cz,124,91,0,0,True,0.98994654,0.0045626196,0.0028943885,0.0025965194
21,7,none,cz,125,91,1,3,False,0.06587935,0.073195845,0.33345756,0.52746725
21,7,none,cz,126,91,1,1,True,0.00038261552,0.6075384,0.32335752,0.06872138
21,7,none,cz,127,91,0,3,False,0.18685882,0.008979948,0.32589626,0.47826505
21,7,none,cz,128,91,0,0,True,0.99912304,3.6069312e-05,0.0002745481,0.0005663597
21,7,none,cz,129,91,1,1,True,0.011752022,0.78980273,0.046821628,0.15162364
21,7,none,cz,130,91,1,3,False,0.0062952098,0.101961605,0.17685685,0.71488637
21,7,none,cz,131,91,0,0,True,0.9828529,0.00079153635,0.01575186,0.00060377805
21,7,none,cz,132,91,1,1,True,0.10210453,0.7270313,0.02235644,0.14850776
21,7,none,cz,133,91,0,3,False,0.09939436,0.027348466,0.007302887,0.8659543
21,7,none,cz,134,91,1,0,False,0.92878145,0.0001628424,0.027738947,0.04331676
21,7,none,cz,135,91,2,3,False,0.12723805,0.24097182,0.073851734,0.5579384
21,7,none,cz,136,91,3,2,False,0.06330537,0.033337995,0.68058026,0.22277641
21,7,none,cz,137,91,2,3,False,0.19812182,0.1980208,0.28588122,0.3179762
21,7,none,cz,138,91,3,2,False,0.013135475,0.008854848,0.86248416,0.11552556
21,7,none,cz,139,91,2,2,True,0.03409625,0.030451288,0.5743082,0.3611442
21,7,none,cz,140,91,3,3,True,0.00016757211,0.0040805996,0.006540473,0.9892113
21,7,none,cz,141,91,2,2,True,0.022736324,0.021167627,0.95349264,0.0026033844
21,7,none,cz,142,91,3,3,True,0.0051591964,0.0042024725,0.036823843,0.9538145
21,7,none,cz,143,91,2,2,True,0.010742192,0.25615087,0.6624751,0.0706318
21,7,none,cz,144,91,3,2,False,0.0028858634,0.08562706,0.6067578,0.3047292
21,7,none,cz,145,91,3,3,True,0.01702111,0.101992816,0.009420848,0.8715652
21,7,none,cz,146,91,2,3,False,0.3946143,0.008797193,0.02679995,0.5697885
21,7,none,cz,147,91,2,3,False,0.002355623,0.04771218,0.092788294,0.8571439
21,7,none,cz,148,91,3,3,True,0.04214934,0.016555905,0.10605477,0.83523995
21,7,none,cz,149,91,3,3,True,0.010214814,0.09741177,0.012755762,0.8796177
21,7,none,cz,150,91,1,1,True,6.5983686e-06,0.98360944,0.016064527,0.00031935025
21,7,none,cz,151,91,0,3,False,0.4296158,0.0142137045,0.06404901,0.49212146
21,7,none,cz,152,91,1,3,False,0.009123471,0.31087,0.049533796,0.63047266
21,7,none,cz,153,91,0,0,True,0.97127604,0.0001819814,0.021322597,0.007219294
21,7,none,cz,154,91,0,2,False,0.06165384,0.0047594327,0.93297917,0.00060757867
21,7,none,cz,155,91,1,2,False,0.032371663,0.0003182444,0.9547833,0.012526815
21,7,none,cz,156,91,1,2,False,0.00033272553,0.14361046,0.840331,0.01572585
21,7,none,cz,157,91,0,0,True,0.9994567,8.91062e-05,0.00032935062,0.00012491267
21,7,none,cz,158,91,0,0,True,0.97279334,0.007603877,0.009261392,0.010341337
21,7,none,cz,159,91,1,3,False,0.06971694,0.07890384,0.1211475,0.7302317
21,7,none,cz,160,91,0,0,True,0.9457174,0.0039505563,0.047040857,0.0032912074
21,7,none,cz,161,91,1,1,True,0.012522302,0.8305594,0.039285515,0.11763278
21,7,none,cz,162,91,1,2,False,0.117884144,0.17552045,0.5552016,0.15139379
21,7,none,cz,163,91,0,0,True,0.5691668,0.0011893543,0.12873273,0.30091107
21,7,none,cz,164,91,1,2,False,0.009932721,0.0086376835,0.9412259,0.040203802
21,7,none,cz,165,91,2,2,True,0.026444953,0.0028192839,0.7393929,0.23134284
21,7,none,cz,166,91,3,2,False,0.02676486,0.005662577,0.851828,0.115744516
21,7,none,cz,167,91,3,2,False,0.00015153791,0.006035648,0.9195396,0.07427326
21,7,none,cz,168,91,2,2,True,0.007550541,0.027524045,0.8012223,0.16370304
21,7,none,cz,169,91,2,2,True,0.0019536961,0.0002766854,0.78814495,0.20962474
21,7,none,cz,170,91,3,3,True,0.010126238,0.082084246,0.28722924,0.6205602
21,7,none,cz,171,91,3,3,True,0.0028194943,0.0075532347,0.12395138,0.86567587
21,7,none,cz,172,91,2,2,True,0.005432731,0.034269884,0.74871165,0.21158575
21,7,none,cz,173,91,3,3,True,0.021806972,0.16917332,0.12679382,0.6822258
21,7,none,cz,174,91,2,2,True,0.08606635,0.0029445386,0.5340237,0.37696546
21,7,none,cz,175,91,2,2,True,0.0016369389,0.0117023,0.9303885,0.056272175
21,7,none,cz,176,91,3,2,False,0.013497858,0.012573218,0.7301621,0.2437668
21,7,none,cz,177,91,3,3,True,0.3759368,0.0046613724,0.23262344,0.38677838
21,7,none,cz,178,91,2,2,True,0.017103707,0.09579222,0.80581605,0.08128792
21,7,none,cz,179,91,3,2,False,0.0063452045,0.015560074,0.7066511,0.2714436
21,7,none,cz,180,92,1,3,False,0.11993824,0.18627152,0.039393023,0.6543972
21,7,none,cz,181,92,0,3,False,0.11801274,0.2623287,0.10479534,0.51486325
21,7,none,cz,182,92,1,0,False,0.5873568,0.081852786,0.22231062,0.108479746
21,7,none,cz,183,92,0,2,False,0.2615638,0.01306236,0.716152,0.009221778
21,7,none,cz,184,92,0,0,True,0.36968994,0.076596506,0.25882977,0.29488376
21,7,none,cz,185,92,1,1,True,0.0919424,0.86461294,0.021553846,0.021890774
21,7,none,cz,186,92,0,0,True,0.9100758,0.04803375,0.034038134,0.0078524025
21,7,none,cz,187,92,1,1,True,0.13210098,0.86600673,0.0016629507,0.0002293688
21,7,none,cz,188,92,1,1,True,0.0044360636,0.99516654,8.2984414e-05,0.00031436217
21,7,none,cz,189,92,0,2,False,0.45951223,0.01624282,0.48395142,0.040293492
21,7,none,cz,190,92,0,0,True,0.8753546,0.06930658,0.038175993,0.017162846
21,7,none,cz,191,92,1,0,False,0.58363026,0.049785662,0.11239036,0.2541937
21,7,none,cz,192,92,0,0,True,0.9489189,0.032752518,0.017244194,0.0010843718
21,7,none,cz,193,92,1,3,False,0.054762263,0.31771377,0.103712596,0.5238114
21,7,none,cz,194,92,0,0,True,0.52191406,0.08183112,0.34504768,0.05120716
21,7,none,cz,195,92,1,1,True,0.14869991,0.80658877,0.021659153,0.023052191
21,7,none,cz,196,92,1,1,True,0.017698431,0.97696835,0.0040706447,0.0012625818
21,7,none,cz,197,92,0,0,True,0.9952838,0.0024457676,0.0013614888,0.00090889697
21,7,none,cz,198,92,1,1,True,0.13183025,0.70719206,0.13992427,0.021053439
21,7,none,cz,199,92,2,0,False,0.5892427,0.11963576,0.12204217,0.16907938
21,7,none,cz,200,92,3,0,False,0.4105325,0.060410403,0.22846201,0.30059505
21,7,none,cz,201,92,2,3,False,0.35320902,0.042477787,0.1913019,0.41301128
21,7,none,cz,202,92,3,3,True,0.31942573,0.039061025,0.2176901,0.42382312
21,7,none,cz,203,92,2,2,True,0.24934864,0.22942786,0.49999553,0.021227958
21,7,none,cz,204,92,3,3,True,0.16828787,0.077844396,0.12812293,0.62574476
21,7,none,cz,205,92,2,2,True,0.13785279,0.17725216,0.46123016,0.22366486
21,7,none,cz,206,92,3,0,False,0.3734807,0.23334093,0.02741193,0.3657664
21,7,none,cz,207,92,3,0,False,0.5112258,0.24227607,0.08646576,0.16003236
21,7,none,cz,208,92,2,0,False,0.48229071,0.07202169,0.33698648,0.10870111
21,7,none,cz,209,92,2,2,True,0.007832307,0.09244918,0.8828451,0.016873349
21,7,none,cz,210,92,3,3,True,0.115814716,0.41623858,0.0065471726,0.4613995
21,7,none,cz,211,92,3,3,True,0.21908405,0.11374174,0.026481215,0.640693
21,7,none,cz,212,92,2,1,False,0.2461125,0.5236091,0.07986474,0.15041363
21,7,none,cz,213,92,3,0,False,0.42658943,0.33927777,0.07212177,0.16201101
21,7,none,cz,214,92,2,0,False,0.9219639,0.023888769,0.051173057,0.0029742813
21,7,none,cz,215,92,2,3,False,0.025314642,0.08973476,0.18265828,0.7022923
21,7,none,cz,216,92,3,1,False,0.06636347,0.5004784,0.13105445,0.30210373
21,7,none,cz,217,92,2,2,True,0.046434697,0.24601632,0.6686411,0.038907908
21,7,none,cz,218,92,0,0,True,0.99507576,0.0006757834,0.0034174705,0.00083092897
21,7,none,cz,219,92,1,1,True,0.3993627,0.5802124,0.00988312,0.010541782
21,7,none,cz,220,92,0,0,True,0.9306255,0.04455655,0.018430214,0.006387725
21,7,none,cz,221,92,1,1,True,0.3083762,0.653762,0.0231395,0.014722197
21,7,none,cz,222,92,1,1,True,0.117123246,0.86841947,0.012989287,0.0014679601
21,7,none,cz,223,92,0,0,True,0.88265336,0.05395276,0.037033174,0.02636065
21,7,none,cz,224,92,1,1,True,0.004592346,0.96861726,0.00027035797,0.026520016
21,7,none,cz,225,92,0,0,True,0.5107904,0.45635307,0.027418718,0.0054378537
21,7,none,cz,226,92,0,0,True,0.9700427,0.026545364,0.0013766187,0.002035223
21,7,none,cz,227,92,1,1,True,0.023011563,0.9307107,0.019396735,0.026881019
21,7,none,cz,228,92,1,1,True,0.0008560012,0.976405,0.003617332,0.01912161
21,7,none,cz,229,92,0,0,True,0.9629408,0.0039723013,0.011398638,0.021688275
21,7,none,cz,230,92,1,1,True,0.0032183197,0.99488705,0.00085609715,0.0010385959
21,7,none,cz,231,92,0,3,False,0.27006137,0.14360496,0.17492251,0.4114111
21,7,none,cz,232,92,0,0,True,0.9899621,0.0018274285,0.0037092504,0.0045012715
21,7,none,cz,233,92,1,1,True,0.02849294,0.9658532,0.0011793979,0.0044745114
21,7,none,cz,234,92,0,0,True,0.70269924,0.0046080975,0.20777333,0.08491936
21,7,none,cz,235,92,1,1,True,0.00902538,0.9594686,0.025168175,0.0063377335
21,7,none,cz,236,92,1,1,True,0.01840056,0.9781692,0.00032185996,0.0031084
21,7,none,cz,237,92,3,3,True,0.17222573,0.13356553,0.023801534,0.6704072
21,7,none,cz,238,92,2,3,False,0.27028576,0.09662065,0.065637805,0.5674558
21,7,none,cz,239,92,3,0,False,0.5640213,0.26245913,0.08179845,0.09172109
21,7,none,cz,240,92,2,2,True,0.10352832,0.11658987,0.7153395,0.06454238
21,7,none,cz,241,92,2,2,True,0.24074319,0.13032281,0.6118765,0.017057518
21,7,none,cz,242,92,3,2,False,0.14342548,0.09910528,0.6631118,0.09435743
21,7,none,cz,243,92,2,0,False,0.38511163,0.2692971,0.25274748,0.092843704
21,7,none,cz,244,92,3,0,False,0.44074893,0.34171608,0.18853952,0.028995529
21,7,none,cz,245,92,2,0,False,0.5122642,0.13343193,0.28638166,0.06792221
21,7,none,cz,246,92,3,3,True,0.006239812,0.13134684,0.032088287,0.83032507
21,7,none,cz,247,92,2,2,True,0.1009207,0.13288184,0.5803125,0.18588503
21,7,none,cz,248,92,3,3,True,0.040925406,0.34485915,0.141157,0.4730585
21,7,none,cz,249,92,3,3,True,0.022309607,0.07352015,0.006869426,0.89730084
21,7,none,cz,250,92,2,2,True,0.033415705,0.043687668,0.8994663,0.023430325
21,7,none,cz,251,92,3,3,True,0.025162734,0.004965978,0.04897488,0.9208965
21,7,none,cz,252,92,2,3,False,0.3121051,0.028085977,0.28612083,0.37368807
21,7,none,cz,253,92,2,0,False,0.47613373,0.064929746,0.44503906,0.013897511
21,7,none,cz,254,92,3,0,False,0.47337347,0.060831998,0.35774788,0.10804658
21,7,none,cz,255,92,2,2,True,0.14860521,0.14121255,0.6945466,0.015635684
21,7,none,cz,256,92,0,0,True,0.9678159,0.016583236,0.0003385488,0.015262444
21,7,none,cz,257,92,1,0,False,0.8961422,0.082123905,0.019019626,0.002714254
21,7,none,cz,258,92,1,1,True,0.066055425,0.9096673,0.008053584,0.016223742
21,7,none,cz,259,92,0,0,True,0.92931604,0.016909549,0.02245663,0.03131777
21,7,none,cz,260,92,0,0,True,0.88411504,0.014797416,0.03998689,0.0611007
21,7,none,cz,261,92,1,1,True,0.09281308,0.886588,0.015873522,0.0047255335
21,7,none,cz,262,92,1,1,True,0.025106736,0.84368336,0.011015854,0.12019408
21,7,none,cz,263,92,0,0,True,0.95321536,0.017589815,0.025541516,0.0036532967
21,7,none,cz,264,92,0,0,True,0.90493107,0.021614755,0.052269883,0.021184275
21,7,none,cz,265,92,1,1,True,0.004316783,0.99439573,0.0003199978,0.0009675302
21,7,none,cz,266,92,0,0,True,0.91506684,0.060811277,0.017629191,0.0064927074
21,7,none,cz,267,92,1,0,False,0.41632482,0.29135168,0.1672417,0.1250818
21,7,none,cz,268,92,0,0,True,0.9431289,0.044099525,0.004613751,0.008157734
21,7,none,cz,269,92,1,1,True,0.016756628,0.70942664,0.25361073,0.020206017
21,7,none,cz,270,92,1,1,True,0.14257714,0.8115484,0.027706346,0.018168133
21,7,none,cz,271,92,0,0,True,0.9476779,0.037709765,0.008538969,0.006073356
21,7,none,cz,272,92,1,1,True,0.15458389,0.7397177,0.095297426,0.010401005
21,7,none,cz,273,92,0,0,True,0.5311735,0.03786688,0.39501575,0.035943825
21,7,none,cz,274,92,1,2,False,0.3084187,0.087174945,0.5197775,0.084628835
21,7,none,cz,275,92,3,1,False,0.30316067,0.46990812,0.14153914,0.085392065
21,7,none,cz,276,92,2,0,False,0.41776857,0.32634363,0.12828514,0.12760267
21,7,none,cz,277,92,3,3,True,0.05498687,0.2494491,0.23050809,0.4650559
21,7,none,cz,278,92,2,0,False,0.3852231,0.27307877,0.21241924,0.12927894
21,7,none,cz,279,92,3,3,True,0.2143554,0.0020288762,0.14949149,0.6341243
21,7,none,cz,280,92,2,0,False,0.45905375,0.0785296,0.37185332,0.09056333
21,7,none,cz,281,92,3,2,False,0.01513141,0.18973175,0.44064787,0.3544889
21,7,none,cz,282,92,2,2,True,0.18513839,0.37005115,0.42736062,0.01744984
21,7,none,cz,283,92,2,2,True,0.03530319,0.16311473,0.78367907,0.01790305
21,7,none,cz,284,92,3,0,False,0.56627184,0.15553246,0.21874356,0.059452165
21,7,none,cz,285,92,3,3,True,0.017472092,0.42284995,0.056519352,0.50315857
21,7,none,cz,286,92,2,1,False,0.18372372,0.4041683,0.36064196,0.05146598
21,7,none,cz,287,92,2,1,False,0.07424228,0.8787848,0.019952048,0.027020888
21,7,none,cz,288,92,3,0,False,0.361598,0.24636932,0.19266,0.19937266
21,7,none,cz,289,92,3,3,True,0.029968202,0.30491456,0.020568613,0.6445486
21,7,none,cz,290,92,2,3,False,0.20551218,0.31101328,0.1070961,0.37637836
21,7,none,cz,291,92,2,0,False,0.7029052,0.02756262,0.1534574,0.11607479
21,7,none,cz,292,92,3,0,False,0.53582793,0.11308796,0.045250595,0.30583346
21,7,none,cz,293,92,2,1,False,0.08439598,0.69763696,0.11154351,0.10642356
21,7,none,cz,294,93,1,1,True,0.03092189,0.6098188,0.13217625,0.227083
21,7,none,cz,295,93,0,1,False,0.06264543,0.4792741,0.4339613,0.024119178
21,7,none,cz,296,93,1,1,True,0.0001280655,0.98655486,0.007933565,0.005383487
21,7,none,cz,297,93,0,2,False,0.28107786,0.29794392,0.32823974,0.09273846
21,7,none,cz,298,93,1,2,False,0.0017078688,0.12541503,0.854649,0.01822818
21,7,none,cz,299,93,0,2,False,0.017365532,0.07038865,0.5460002,0.3662457
21,7,none,cz,300,93,0,0,True,0.967905,0.024461623,0.0051127947,0.0025206895
21,7,none,cz,301,93,1,1,True,0.011472546,0.5235408,0.24842744,0.2165592
21,7,none,cz,302,93,1,2,False,0.15407121,0.017229274,0.8020918,0.026607808
21,7,none,cz,303,93,0,2,False,0.28431723,0.12224612,0.47621435,0.11722229
21,7,none,cz,304,93,1,1,True,0.01719462,0.41572744,0.33782506,0.2292529
21,7,none,cz,305,93,0,0,True,0.99691653,0.0014784768,0.00037702106,0.0012279561
21,7,none,cz,306,93,1,1,True,0.0009527421,0.5722104,0.22521085,0.20162603
21,7,none,cz,307,93,0,0,True,0.99929845,6.288159e-05,0.0003181581,0.0003205024
21,7,none,cz,308,93,0,0,True,0.6680263,0.053310726,0.2493571,0.02930579
21,7,none,cz,309,93,3,3,True,0.00054192846,0.039777517,0.007862796,0.95181775
21,7,none,cz,310,93,2,1,False,0.0022549068,0.56205595,0.3724338,0.063255295
21,7,none,cz,311,93,2,2,True,0.0055841883,0.07594651,0.76952744,0.14894183
21,7,none,cz,312,93,3,3,True,0.010010114,0.027080406,0.027908597,0.93500084
21,7,none,cz,313,93,3,3,True,6.722013e-05,0.006516834,0.0042322753,0.98918366
21,7,none,cz,314,93,2,2,True,0.036163565,0.18381944,0.71029776,0.06971924
21,7,none,cz,315,93,3,1,False,0.0021566693,0.58507484,0.3464944,0.066274025
21,7,none,cz,316,93,2,2,True,4.2596523e-05,0.00017995945,0.9997615,1.5936128e-05
21,7,none,cz,317,93,2,2,True,0.022786763,0.0101390565,0.9478983,0.019175876
21,7,none,cz,318,93,3,3,True,0.01996388,0.1639657,0.033516176,0.78255427
21,7,none,cz,319,93,3,0,False,0.607136,0.060185682,0.0048576025,0.32782063
21,7,none,cz,320,93,2,2,True,0.018156225,0.0877499,0.8450965,0.048997335
21,7,none,cz,321,93,2,2,True,0.21920726,0.011541401,0.6911402,0.07811124
21,7,none,cz,322,93,3,3,True,0.0007987229,0.005256563,0.0061195404,0.9878251
21,7,none,cz,323,93,2,2,True,0.019195713,0.0054597203,0.9624218,0.012922831
21,7,none,cz,324,93,0,0,True,0.9955758,0.0006031474,0.0009917261,0.0028293708
21,7,none,cz,325,93,1,3,False,0.0027558391,0.18730536,0.3363997,0.47353917
21,7,none,cz,326,93,1,1,True,1.4036539e-06,0.9989525,1.9880557e-05,0.0010261534
21,7,none,cz,327,93,0,2,False,0.21059595,0.031859335,0.6968354,0.060709342
21,7,none,cz,328,93,0,0,True,0.6424916,0.005233537,0.10655677,0.2457181
21,7,none,cz,329,93,1,1,True,0.01807824,0.87735885,0.062069662,0.042493172
21,7,none,cz,330,93,0,2,False,0.09161022,0.17051464,0.54008347,0.19779173
21,7,none,cz,331,93,1,1,True,0.0038216219,0.5303444,0.16584487,0.29998907
21,7,none,cz,332,93,1,2,False,0.0015715793,0.25901848,0.66195375,0.07745624
21,7,none,cz,333,93,0,2,False,0.17487198,0.08519222,0.4390395,0.30089626
21,7,none,cz,334,93,1,2,False,0.009535294,0.25207984,0.37553596,0.36284885
21,7,none,cz,335,93,0,0,True,0.6028022,0.0034215138,0.38475433,0.009021937
21,7,none,cz,336,93,0,0,True,0.9529648,0.006338026,0.007812545,0.03288468
21,7,none,cz,337,93,1,2,False,0.0024780817,0.0434249,0.9256882,0.028408814
21,7,none,cz,338,93,0,3,False,0.11582493,0.0020252129,0.32016665,0.5619832
21,7,none,cz,339,93,2,2,True,0.27091748,0.04844485,0.66612595,0.014511698
21,7,none,cz,340,93,3,3,True,3.6308727e-05,0.0003847815,0.0013234696,0.99825543
21,7,none,cz,341,93,3,3,True,0.004322045,0.08626822,0.23527244,0.67413723
21,7,none,cz,342,93,2,2,True,0.022515863,0.1340763,0.68626773,0.15714006
21,7,none,cz,343,93,2,1,False,0.0012752502,0.6296559,0.34858388,0.020485003
21,7,none,cz,344,93,3,1,False,0.0004789762,0.5252241,0.0034677798,0.47082916
21,7,none,cz,345,93,3,3,True,0.00012641623,0.0046153506,0.0011559551,0.9941023
21,7,none,cz,346,93,2,2,True,0.0062301806,0.28760052,0.6856252,0.020544114
21,7,none,cz,347,93,3,3,True,0.033946957,0.0055867527,0.01957662,0.94088966
21,7,none,cz,348,93,2,2,True,0.012027169,0.32434386,0.3696842,0.2939448
21,7,none,cz,349,93,3,1,False,0.0047439765,0.4769689,0.18437317,0.33391395
21,7,none,cz,350,93,2,2,True,0.0043110484,0.02933312,0.9321843,0.03417145
21,7,none,cz,351,93,3,3,True,0.0010534069,0.01123582,0.012142349,0.9755685
21,7,none,cz,352,93,2,2,True,0.06532686,0.06996844,0.8163921,0.048312534
21,7,none,cz,353,93,2,2,True,0.036692306,0.10425677,0.53894234,0.32010856
21,7,none,cz,354,93,0,1,False,0.06823709,0.54592335,0.3039755,0.081864096
21,7,none,cz,355,93,1,2,False,0.0009718994,0.2134688,0.74690056,0.038658775
21,7,none,cz,356,93,0,0,True,0.71128404,0.008563316,0.26806757,0.012085101
21,7,none,cz,357,93,1,1,True,0.00034074983,0.9948232,0.0009616145,0.0038744458
21,7,none,cz,358,93,1,1,True,0.000829755,0.893505,0.009410242,0.096255034
21,7,none,cz,359,93,0,0,True,0.7181062,0.1509579,0.021436164,0.10949973
21,7,none,cz,360,93,1,2,False,0.0069191037,0.28889945,0.37096354,0.33321792
21,7,none,cz,361,93,0,1,False,0.023164595,0.88844734,0.0148662105,0.07352183
21,7,none,cz,362,93,1,1,True,0.013121306,0.93350506,0.028043214,0.025330415
21,7,none,cz,363,93,0,0,True,0.72771114,0.004466064,0.08158327,0.1862395
21,7,none,cz,364,93,0,0,True,0.9559522,0.018388046,0.007963177,0.017696515
21,7,none,cz,365,93,1,3,False,0.0013792044,0.087305166,0.12969558,0.78162
21,7,none,cz,366,93,1,1,True,0.00011636223,0.96153384,0.007038731,0.031311084
21,7,none,cz,367,93,0,1,False,0.05898979,0.46525556,0.3513845,0.124370195
21,7,none,cz,368,93,1,1,True,0.011134038,0.8271061,0.14777257,0.01398723
21,7,none,cz,369,93,2,0,False,0.65941405,0.06570089,0.21465826,0.06022682
21,7,none,cz,370,93,3,2,False,0.03661049,0.07804102,0.6583745,0.22697398
21,7,none,cz,371,93,3,3,True,0.0041418206,0.026648225,0.03467431,0.9345357
21,7,none,cz,372,93,2,1,False,0.1641037,0.7838592,0.045845963,0.0061910865
21,7,none,cz,373,93,3,1,False,0.00061482756,0.7919763,0.0015071058,0.20590188
21,7,none,cz,374,93,2,1,False,0.0010886256,0.96463317,0.031538006,0.002740155
21,7,none,cz,375,93,2,2,True,0.024613276,0.01665199,0.8714958,0.087238975
21,7,none,cz,376,93,3,3,True,0.00015320654,0.019995607,0.007077571,0.9727736
21,7,none,cz,377,93,3,3,True,4.1011026e-05,0.015179074,0.0035419792,0.98123795
21,7,none,cz,378,93,2,2,True,0.0034871663,0.009243849,0.92741185,0.059857197
21,7,none,cz,379,93,2,2,True,0.023727221,0.07071568,0.6680066,0.23755045
21,7,none,cz,380,93,3,3,True,0.025184575,0.023189625,0.0861746,0.86545116
21,7,none,cz,381,93,3,3,True,0.0061168657,0.013434209,0.21558723,0.76486164
21,7,none,cz,382,93,2,1,False,6.6836605e-05,0.99577916,0.0033322403,0.00082177436
21,7,none,cz,383,93,3,2,False,0.015465659,0.01073573,0.7904421,0.18335645
21,7,none,cz,384,94,0,0,True,0.99507976,0.0013500405,0.0033662806,0.00020392917
21,7,none,cz,385,94,1,1,True,0.0015759495,0.94813603,0.049639914,0.0006481218
21,7,none,cz,386,94,1,2,False,0.06032509,0.26869252,0.5235422,0.14744017
21,7,none,cz,387,94,0,0,True,0.99966216,0.00018059745,0.00014225728,1.499621e-05
21,7,none,cz,388,94,1,1,True,0.006144838,0.53339195,0.42729688,0.03316634
21,7,none,cz,389,94,0,0,True,0.9917788,0.0035909878,0.0032868609,0.001343274
21,7,none,cz,390,94,1,2,False,0.025709337,0.006540819,0.96430504,0.0034448768
21,7,none,cz,391,94,0,0,True,0.9986082,8.877603e-05,0.0008248553,0.000478236
21,7,none,cz,392,94,1,2,False,0.0422163,0.11346369,0.77001643,0.074303605
21,7,none,cz,393,94,0,0,True,0.8241572,0.056405995,0.11885247,0.0005843856
21,7,none,cz,394,94,0,0,True,0.9959013,0.00015422642,0.002270097,0.0016744201
21,7,none,cz,395,94,1,2,False,0.054108605,0.14510468,0.7648383,0.03594845
21,7,none,cz,396,94,1,1,True,0.06671806,0.7895964,0.06833524,0.07535037
21,7,none,cz,397,94,0,0,True,0.6967422,0.002257284,0.21650001,0.08450052
21,7,none,cz,398,94,1,2,False,0.057817414,0.2394636,0.4433639,0.2593551
21,7,none,cz,399,94,2,2,True,0.0051739723,0.031431496,0.9567263,0.0066682124
21,7,none,cz,400,94,3,3,True,0.028557274,0.07544903,0.27028286,0.62571084
21,7,none,cz,401,94,3,3,True,0.0005990426,0.012869873,0.0034517245,0.9830793
21,7,none,cz,402,94,2,2,True,0.0060399855,0.0077980016,0.9807386,0.005423518
21,7,none,cz,403,94,3,3,True,0.041431356,0.02389341,0.110919364,0.82375586
21,7,none,cz,404,94,2,2,True,0.024833055,0.11227464,0.8355389,0.027353399
21,7,none,cz,405,94,2,2,True,0.0010006181,0.015402987,0.97864074,0.0049556065
21,7,none,cz,406,94,3,3,True,0.008024695,0.21317391,0.061838906,0.7169625
21,7,none,cz,407,94,2,2,True,0.10180602,0.011668475,0.8200706,0.06645496
21,7,none,cz,408,94,3,3,True,0.01564468,0.030418636,0.10846467,0.84547204
21,7,none,cz,409,94,3,3,True,0.00539568,0.005891925,0.021798734,0.96691364
21,7,none,cz,410,94,2,2,True,0.028691057,0.020682415,0.94477797,0.005848518
21,7,none,cz,411,94,3,3,True,0.036364153,0.018502904,0.117720656,0.8274123
21,7,none,cz,412,94,2,0,False,0.5878004,0.06486825,0.21326925,0.13406213
21,7,none,cz,413,94,3,2,False,0.09381686,0.22012584,0.5908074,0.09524991
21,7,none,cz,414,94,1,1,True,0.002828007,0.9847416,0.011237673,0.0011927391
21,7,none,cz,415,94,0,1,False,0.21192357,0.75070447,0.03690777,0.0004642008
21,7,none,cz,416,94,1,1,True,0.015217358,0.97500247,0.00915923,0.00062104285
21,7,none,cz,417,94,0,0,True,0.8373753,0.08381595,0.07114893,0.007659845
21,7,none,cz,418,94,0,0,True,0.9781228,0.002602308,0.019187128,8.783493e-05
21,7,none,cz,419,94,1,1,True,0.00045149119,0.8830269,0.11131921,0.0052023586
21,7,none,cz,420,94,1,2,False,0.09842942,0.12077098,0.46999943,0.31080016
21,7,none,cz,421,94,0,0,True,0.9728017,0.0011518075,0.025609924,0.00043660146
21,7,none,cz,422,94,0,0,True,0.78096783,0.16266589,0.056059614,0.00030662355
21,7,none,cz,423,94,1,2,False,0.35195026,0.026157472,0.5944628,0.02742944
21,7,none,cz,424,94,1,1,True,3.132058e-05,0.9955558,0.004321013,9.187667e-05
21,7,none,cz,425,94,0,1,False,0.086485595,0.44875616,0.44104394,0.023714285
21,7,none,cz,426,94,1,1,True,0.0143936025,0.6020621,0.3591273,0.024416978
21,7,none,cz,427,94,0,0,True,0.9562857,0.00019079247,0.035076406,0.008447018
21,7,none,cz,428,94,1,2,False,0.0148449065,0.019591726,0.95078546,0.014777923
21,7,none,cz,429,94,3,3,True,0.13266717,0.016764982,0.14884149,0.7017264
21,7,none,cz,430,94,2,2,True,0.15445791,0.0049530417,0.8337723,0.006816755
21,7,none,cz,431,94,3,3,True,0.0014521938,0.16222632,0.118212864,0.71810865
21,7,none,cz,432,94,2,2,True,0.00035564063,0.0042893114,0.99121124,0.004143778
21,7,none,cz,433,94,3,3,True,0.002003706,0.037925307,0.011910097,0.9481609
21,7,none,cz,434,94,2,2,True,0.0046986295,0.028592436,0.9556972,0.011011705
21,7,none,cz,435,94,2,2,True,0.019510195,0.038645715,0.8600892,0.08175499
21,7,none,cz,436,94,3,3,True,0.009885147,0.04545393,0.44071606,0.5039448
21,7,none,cz,437,94,3,3,True,0.007581837,0.2724315,0.01474305,0.70524365
21,7,none,cz,438,94,2,2,True,0.027539251,0.060895734,0.90160376,0.009961168
21,7,none,cz,439,94,3,3,True,0.054350186,0.101478085,0.113957785,0.7302139
21,7,none,cz,440,94,2,0,False,0.50723505,0.031485286,0.407094,0.054185618
21,7,none,cz,441,94,3,2,False,0.035984498,0.02568253,0.64563704,0.29269594
21,7,none,cz,442,94,2,2,True,0.009035319,0.0112705575,0.9776444,0.0020497579
21,7,none,cz,443,94,2,3,False,0.20891033,0.11072354,0.13387153,0.5464946
21,7,none,cz,444,94,0,0,True,0.9885554,0.006583204,0.004565977,0.00029538065
21,7,none,cz,445,94,1,2,False,0.16436353,0.036993388,0.7965742,0.0020688584
21,7,none,cz,446,94,1,2,False,0.0014389635,0.17982025,0.8139714,0.004769323
21,7,none,cz,447,94,0,0,True,0.6019117,0.0019802137,0.39204895,0.0040591317
21,7,none,cz,448,94,1,1,True,0.0019788025,0.66557956,0.30295327,0.029488305
21,7,none,cz,449,94,0,0,True,0.56248504,0.006374206,0.40099195,0.030148817
21,7,none,cz,450,94,1,0,False,0.4809707,0.1377523,0.31749186,0.0637851
21,7,none,cz,451,94,0,2,False,0.23904395,0.006679798,0.73374814,0.020528061
21,7,none,cz,452,94,1,3,False,0.10956667,0.23890765,0.2554705,0.3960552
21,7,none,cz,453,94,0,2,False,0.29525617,0.040683307,0.59813803,0.06592253
21,7,none,cz,454,94,1,2,False,0.029869385,0.15788724,0.72600543,0.086238
21,7,none,cz,455,94,0,0,True,0.988351,0.00023489285,0.010545934,0.0008682632
21,7,none,cz,456,94,0,0,True,0.5095937,0.10350015,0.38155377,0.0053523732
21,7,none,cz,457,94,1,3,False,0.014315295,0.017558534,0.4127324,0.5553938
21,7,none,cz,458,94,0,2,False,0.09867735,0.021540694,0.70006436,0.17971759
21,7,none,cz,459,94,2,2,True,0.015278451,0.026302362,0.9510984,0.0073207812
21,7,none,cz,460,94,3,2,False,0.0009351027,0.02727249,0.912489,0.059303474
21,7,none,cz,461,94,2,2,True,0.048259337,0.021954345,0.9237652,0.0060211057
21,7,none,cz,462,94,3,0,False,0.49531907,0.037118476,0.44291535,0.024647135
21,7,none,cz,463,94,2,2,True,0.09001431,0.44448134,0.45657998,0.008924469
21,7,none,cz,464,94,3,3,True,0.019738467,0.022021333,0.10534725,0.85289294
21,7,none,cz,465,94,3,3,True,0.021370355,0.07826797,0.12554455,0.7748171
21,7,none,cz,466,94,2,2,True,0.019946568,0.0022919707,0.947397,0.03036453
21,7,none,cz,467,94,2,2,True,0.0024349892,0.0028279168,0.9853622,0.009374934
21,7,none,cz,468,94,3,3,True,0.017521834,0.000636982,0.4417185,0.5401227
21,7,none,cz,469,94,3,3,True,0.0046801595,0.03969608,0.026892884,0.92873096
21,7,none,cz,470,94,2,2,True,0.015621429,0.01863232,0.81860036,0.14714593
21,7,none,cz,471,94,2,3,False,0.075125,0.04415227,0.39690372,0.483819
21,7,none,cz,472,94,3,2,False,0.036075756,0.1423017,0.523901,0.29772156
21,7,none,cz,473,94,3,2,False,0.14010364,0.22351648,0.48279625,0.1535836
21,7,none,cz,474,95,0,1,False,0.34295413,0.55388826,0.06870503,0.034452595
21,7,none,cz,475,95,1,1,True,0.011926664,0.7634576,0.015720213,0.20889552
21,7,none,cz,476,95,1,1,True,0.00015727033,0.9896032,0.007560093,0.0026794611
21,7,none,cz,477,95,0,0,True,0.779403,0.014162361,0.045733716,0.1607009
21,7,none,cz,478,95,0,0,True,0.9649304,0.008603837,0.019676045,0.0067897607
21,7,none,cz,479,95,1,1,True,0.0041896245,0.92510927,0.023964593,0.04673642
21,7,none,cz,480,95,0,0,True,0.65796185,0.17130753,0.13382755,0.036902998
21,7,none,cz,481,95,1,1,True,0.00029231297,0.89463514,0.007344376,0.09772814
21,7,none,cz,482,95,0,0,True,0.92603385,0.022574946,0.03127621,0.02011504
21,7,none,cz,483,95,1,3,False,0.0005481701,0.067330755,0.08793914,0.84418195
21,7,none,cz,484,95,1,1,True,0.0008738847,0.8688693,0.07266899,0.057587814
21,7,none,cz,485,95,0,0,True,0.974708,0.00019962434,0.014940269,0.01015209
21,7,none,cz,486,95,0,0,True,0.8863509,0.019914012,0.05667909,0.037055936
21,7,none,cz,487,95,1,1,True,0.004624373,0.7045778,0.117450945,0.17334694
21,7,none,cz,488,95,1,1,True,0.000144082,0.5782988,0.37120464,0.050352503
21,7,none,cz,489,95,2,3,False,0.0049005775,0.023267874,0.21379033,0.7580412
21,7,none,cz,490,95,3,3,True,0.0114209205,0.093113996,0.17385988,0.7216052
21,7,none,cz,491,95,2,2,True,0.0017996695,0.24897237,0.6807695,0.06845843
21,7,none,cz,492,95,3,3,True,0.0005482001,0.00050892006,0.0013499883,0.99759287
21,7,none,cz,493,95,3,3,True,4.7951133e-05,0.009395165,0.00087769516,0.9896792
21,7,none,cz,494,95,2,3,False,0.023524188,0.028231496,0.08090447,0.8673399
21,7,none,cz,495,95,2,2,True,0.0014237465,0.011944634,0.74226207,0.24436955
21,7,none,cz,496,95,3,3,True,0.01392089,0.0070209936,0.008845669,0.9702124
21,7,none,cz,497,95,3,3,True,3.0115403e-05,0.00029182681,0.014190673,0.98548746
21,7,none,cz,498,95,2,3,False,0.00059795484,0.068504475,0.18223575,0.7486619
21,7,none,cz,499,95,3,3,True,6.249672e-05,0.020264383,0.0020770556,0.97759604
21,7,none,cz,500,95,2,3,False,0.00056321255,0.0020594269,0.09670596,0.9006714
21,7,none,cz,501,95,3,3,True,0.0014511843,0.009167627,0.012632474,0.9767487
21,7,none,cz,502,95,2,2,True,0.00047809145,0.0058503216,0.6354784,0.3581932
21,7,none,cz,503,95,2,3,False,0.0030766411,0.047015358,0.10195237,0.84795564
21,7,none,cz,504,95,1,1,True,0.00011818613,0.6384603,0.10500875,0.2564128
21,7,none,cz,505,95,0,3,False,0.10388698,0.008823373,0.04377009,0.84351957
21,7,none,cz,506,95,1,3,False,0.0017742311,0.17059086,0.014301266,0.8133337
21,7,none,cz,507,95,0,3,False,0.08333427,0.004213825,0.14300066,0.7694512
21,7,none,cz,508,95,0,0,True,0.827844,0.008836885,0.009555885,0.1537632
21,7,none,cz,509,95,1,3,False,0.0023844754,0.09002242,0.062061775,0.84553134
21,7,none,cz,510,95,1,3,False,0.0033409663,0.08793523,0.080784276,0.8279395
21,7,none,cz,511,95,0,3,False,0.4454551,0.00024029393,0.019221772,0.5350828
21,7,none,cz,512,95,0,3,False,0.014698891,0.03152571,0.08293057,0.87084484
21,7,none,cz,513,95,1,3,False,0.0009337946,0.29681736,0.1344831,0.5677658
21,7,none,cz,514,95,0,3,False,0.33052242,0.0017766843,0.05386962,0.6138312
21,7,none,cz,515,95,1,1,True,0.0012024161,0.54940873,0.31277293,0.13661587
21,7,none,cz,516,95,0,3,False,0.072209716,0.11131335,0.06363264,0.7528443
21,7,none,cz,517,95,1,2,False,0.00037577274,0.3135035,0.6270616,0.059059083
21,7,none,cz,518,95,0,0,True,0.4493237,0.004634469,0.16447152,0.38157025
21,7,none,cz,519,95,3,3,True,4.6246137e-06,0.008805892,0.0013561323,0.98983335
21,7,none,cz,520,95,2,3,False,0.0012251877,0.0006706753,0.13244413,0.86566
21,7,none,cz,521,95,3,3,True,1.6841326e-05,0.01919888,0.05265064,0.9281336
21,7,none,cz,522,95,2,2,True,0.02427385,0.0021501293,0.7235722,0.25000378
21,7,none,cz,523,95,2,2,True,0.00077530346,0.0019419811,0.9420611,0.05522162
21,7,none,cz,524,95,3,3,True,0.0011586316,0.2735896,0.074978836,0.6502729
21,7,none,cz,525,95,2,2,True,0.0011709704,0.016794248,0.93181294,0.05022187
21,7,none,cz,526,95,3,3,True,0.0002600619,0.08386509,0.005232387,0.91064245
21,7,none,cz,527,95,2,3,False,0.007621622,0.009098319,0.1848539,0.7984261
21,7,none,cz,528,95,3,3,True,1.9292422e-05,0.0047630523,0.0036159584,0.99160165
21,7,none,cz,529,95,2,2,True,0.26204395,0.1185825,0.4495192,0.16985434
21,7,none,cz,530,95,3,3,True,0.001661648,0.0038255737,0.0729595,0.92155325
21,7,none,cz,531,95,2,3,False,0.0002551771,0.010193455,0.026999153,0.96255225
21,7,none,cz,532,95,3,3,True,0.00026710605,0.04218557,0.03394349,0.92360383
21,7,none,cz,533,95,3,2,False,4.9345625e-05,0.035466604,0.49408588,0.4703981
21,7,none,cz,534,95,0,3,False,0.010988127,0.034156878,0.021376237,0.9334788
21,7,none,cz,535,95,1,3,False,0.027954051,0.008460323,0.028779462,0.9348061
21,7,none,cz,536,95,1,3,False,0.00085489627,0.00038048803,0.00043932255,0.9983253
21,7,none,cz,537,95,0,3,False,0.11072152,0.014280026,0.1466251,0.72837335
21,7,none,cz,538,95,0,3,False,0.014086431,0.009796926,0.115778044,0.8603386
21,7,none,cz,539,95,1,1,True,0.07949219,0.3760678,0.24156626,0.30287376
21,7,none,cz,540,95,1,3,False,0.0007417319,0.0048705433,0.00025623402,0.9941315
21,7,none,cz,541,95,0,2,False,0.06852262,0.0059996773,0.87343013,0.052047558
21,7,none,cz,542,95,0,2,False,0.031985678,0.21643545,0.6062562,0.14532273
21,7,none,cz,543,95,1,1,True,0.0043788487,0.54038495,0.02346257,0.43177357
21,7,none,cz,544,95,0,2,False,0.02212248,0.014668892,0.53744644,0.42576215
21,7,none,cz,545,95,1,2,False,0.06945178,0.01484652,0.68246686,0.23323481
21,7,none,cz,546,95,1,3,False,0.04968009,0.23829257,0.32318175,0.3888456
21,7,none,cz,547,95,0,2,False,0.0017500324,0.06446153,0.8267526,0.107035786
21,7,none,cz,548,95,0,2,False,0.042732846,0.0056898897,0.9470478,0.004529422
21,7,none,cz,549,95,2,2,True,0.0018083904,0.015419923,0.86055887,0.12221283
21,7,none,cz,550,95,3,3,True,0.0075609833,0.101844266,0.23104672,0.65954804
21,7,none,cz,551,95,3,3,True,0.006127298,0.110511735,0.0416364,0.8417246
21,7,none,cz,552,95,2,2,True,0.046508018,0.02991068,0.7257508,0.19783057
21,7,none,cz,553,95,2,3,False,0.0011727316,0.0303299,0.16996057,0.7985368
21,7,none,cz,554,95,3,3,True,0.00040714472,0.004863608,0.0028762112,0.99185306
21,7,none,cz,555,95,2,2,True,0.011575468,0.13656944,0.63357174,0.21828341
21,7,none,cz,556,95,3,3,True,0.00093210954,0.01853868,0.008151708,0.9723775
21,7,none,cz,557,95,2,2,True,0.010351127,0.07246506,0.58417314,0.3330106
21,7,none,cz,558,95,3,1,False,0.00039951887,0.6195195,0.027856104,0.35222486
21,7,none,cz,559,95,2,2,True,0.004004639,0.0323907,0.50736797,0.45623672
21,7,none,cz,560,95,3,3,True,0.0069115874,0.02914979,0.24216732,0.7217713
21,7,none,cz,561,95,3,3,True,0.0013286066,0.071441606,0.4102323,0.51699746
21,7,none,cz,562,95,2,2,True,0.00036954673,0.10436252,0.8740659,0.021202046
21,7,none,cz,563,95,3,3,True,2.1651615e-05,0.0033787445,0.010083101,0.9865165
21,7,none,cz,564,96,1,1,True,0.048739534,0.9338232,0.010984249,0.0064529767
21,7,none,cz,565,96,0,0,True,0.96716666,0.006766776,0.025314754,0.0007517259
21,7,none,cz,566,96,0,0,True,0.94774765,0.009913761,0.019685304,0.022653224
21,7,none,cz,567,96,1,1,True,0.005345637,0.7163377,0.19404049,0.08427611
21,7,none,cz,568,96,1,1,True,0.0006499332,0.9580512,0.032564364,0.008734463
21,7,none,cz,569,96,0,0,True,0.40236494,0.00097182917,0.24525608,0.35140714
21,7,none,cz,570,96,1,1,True,0.0009927906,0.990207,0.0067768074,0.0020235265
21,7,none,cz,571,96,0,0,True,0.9770945,9.766379e-05,0.012859657,0.009948363
21,7,none,cz,572,96,0,0,True,0.5838624,0.025919292,0.33203644,0.0581818
21,7,none,cz,573,96,1,1,True,0.00083833316,0.9867416,0.010380876,0.0020392565
21,7,none,cz,574,96,1,1,True,0.0054896907,0.97986484,0.013841408,0.0008040723
21,7,none,cz,575,96,0,0,True,0.69393855,0.00077563303,0.3018319,0.0034539266
21,7,none,cz,576,96,0,0,True,0.8030482,0.022625498,0.016682366,0.15764399
21,7,none,cz,577,96,1,1,True,0.017688839,0.65105945,0.2524692,0.07878246
21,7,none,cz,578,96,1,1,True,0.0009383823,0.81576955,0.05293895,0.13035317
21,7,none,cz,579,96,3,3,True,0.0019146611,0.009243897,0.11476084,0.87408066
21,7,none,cz,580,96,2,2,True,0.006319301,0.00011629514,0.99301815,0.0005463358
21,7,none,cz,581,96,3,2,False,0.002586719,0.03348514,0.87657773,0.08735036
21,7,none,cz,582,96,2,2,True,0.0025587305,0.0006335449,0.97902167,0.017786061
21,7,none,cz,583,96,2,3,False,0.052736945,0.005592055,0.4496908,0.49198028
21,7,none,cz,584,96,3,2,False,0.025962474,0.0012360786,0.826778,0.1460235
21,7,none,cz,585,96,3,3,True,0.24305487,0.0386445,0.22386186,0.4944388
21,7,none,cz,586,96,2,2,True,0.006489336,0.0010257177,0.9417818,0.050703093
21,7,none,cz,587,96,3,3,True,0.017174244,0.0006035218,0.05922421,0.92299795
21,7,none,cz,588,96,2,2,True,0.0698534,0.21770486,0.6154293,0.09701247
21,7,none,cz,589,96,2,2,True,0.040853187,0.034386337,0.92186517,0.0028952428
21,7,none,cz,590,96,3,3,True,0.23061469,0.116363294,0.18224917,0.47077277
21,7,none,cz,591,96,3,3,True,0.010888014,0.007823931,0.032301635,0.9489864
21,7,none,cz,592,96,2,2,True,0.123849496,0.05291951,0.5507453,0.2724857
21,7,none,cz,593,96,3,3,True,0.025947612,0.22539552,0.1850336,0.56362325
21,7,none,cz,594,96,0,0,True,0.95281816,0.0011248573,0.043636646,0.0024203667
21,7,none,cz,595,96,1,2,False,0.14588377,0.018278046,0.8311965,0.0046417485
21,7,none,cz,596,96,1,3,False,0.08854195,0.14650472,0.30446136,0.46049196
21,7,none,cz,597,96,0,0,True,0.96098983,0.00011130699,0.021986147,0.01691264
21,7,none,cz,598,96,1,1,True,0.3846375,0.5245884,0.063381836,0.027392182
21,7,none,cz,599,96,0,3,False,0.26988837,0.0037476348,0.25163245,0.4747316
21,7,none,cz,600,96,0,0,True,0.7344416,0.00058627396,0.25231546,0.012656743
21,7,none,cz,601,96,1,1,True,0.012278134,0.9568721,0.019064303,0.011785452
21,7,none,cz,602,96,0,0,True,0.8553891,0.016989784,0.10396876,0.023652323
21,7,none,cz,603,96,1,1,True,0.02904713,0.5894993,0.36795592,0.0134976255
21,7,none,cz,604,96,1,1,True,0.0041952934,0.5629391,0.16932927,0.2635363
21,7,none,cz,605,96,0,0,True,0.86827016,5.8028538e-05,0.056149073,0.075522706
21,7,none,cz,606,96,1,3,False,0.02178136,0.07156319,0.33060533,0.5760501
21,7,none,cz,607,96,0,2,False,0.18030035,0.00047286312,0.57211727,0.24710955
21,7,none,cz,608,96,0,0,True,0.65591186,0.00023392896,0.13267015,0.2111841
21,7,none,cz,609,96,3,3,True,0.079632185,0.004186538,0.022836285,0.893345
21,7,none,cz,610,96,2,2,True,0.0014427457,0.004375143,0.9921934,0.0019887753
21,7,none,cz,611,96,3,2,False,0.26811826,0.09704886,0.6218496,0.012983332
21,7,none,cz,612,96,2,0,False,0.5954654,0.01830578,0.094140686,0.29208815
21,7,none,cz,613,96,3,3,True,0.032221008,0.13191566,0.01273234,0.823131
21,7,none,cz,614,96,2,2,True,0.0035918895,0.00037398396,0.99368155,0.0023525015
21,7,none,cz,615,96,2,2,True,0.002221931,0.0014048829,0.879688,0.11668515
21,7,none,cz,616,96,3,2,False,0.01740623,0.0030025588,0.85774904,0.12184216
21,7,none,cz,617,96,2,2,True,0.07826178,0.008016746,0.7171305,0.19659103
21,7,none,cz,618,96,3,0,False,0.74998856,0.028364044,0.05740993,0.16423745
21,7,none,cz,619,96,2,2,True,0.02957286,0.0015345435,0.518593,0.4502996
21,7,none,cz,620,96,3,3,True,0.10017713,0.010397753,0.06588216,0.823543
21,7,none,cz,621,96,2,0,False,0.7430736,0.0071677254,0.22021897,0.02953974
21,7,none,cz,622,96,3,3,True,0.025907662,0.005177984,0.022878367,0.946036
21,7,none,cz,623,96,3,3,True,0.087371975,0.015758244,0.1338099,0.76305985
21,7,none,cz,624,96,1,1,True,0.005902084,0.83288634,0.08016377,0.08104781
21,7,none,cz,625,96,0,0,True,0.7680707,0.00050952623,0.15317221,0.07824757
21,7,none,cz,626,96,1,2,False,0.18934979,0.011850269,0.7760709,0.022729093
21,7,none,cz,627,96,0,0,True,0.7601637,0.06925223,0.16602895,0.004555094
21,7,none,cz,628,96,1,2,False,0.048709333,0.21210197,0.63581014,0.1033786
21,7,none,cz,629,96,0,0,True,0.97273964,0.0011329373,0.009905371,0.016222047
21,7,none,cz,630,96,0,0,True,0.9383219,5.2701533e-05,0.061408993,0.00021642583
21,7,none,cz,631,96,1,0,False,0.55472505,0.1196419,0.04034496,0.28528807
21,7,none,cz,632,96,1,1,True,0.005769116,0.98194814,0.008678352,0.0036043187
21,7,none,cz,633,96,0,0,True,0.9108684,0.030395119,0.03958219,0.019154219
21,7,none,cz,634,96,0,0,True,0.9972669,3.6444544e-05,0.0025139186,0.00018266744
21,7,none,cz,635,96,1,1,True,0.007798049,0.9518764,0.034600105,0.0057254126
21,7,none,cz,636,96,1,1,True,0.016366996,0.64200747,0.33300644,0.008619124
21,7,none,cz,637,96,0,0,True,0.99375796,0.0049032406,0.000856661,0.0004821621
21,7,none,cz,638,96,0,0,True,0.77153,0.015159277,0.07545306,0.13785772
21,7,none,cz,639,96,2,2,True,0.0014157431,0.027467402,0.97000813,0.0011087279
21,7,none,cz,640,96,3,2,False,0.008931257,0.011204956,0.8404932,0.13937058
21,7,none,cz,641,96,2,2,True,0.034159437,0.0012625586,0.91308296,0.051495142
21,7,none,cz,642,96,3,2,False,0.005847516,0.01779731,0.69986606,0.27648917
21,7,none,cz,643,96,3,3,True,0.15899241,0.015852477,0.041741557,0.7834136
21,7,none,cz,644,96,2,2,True,0.0065729306,0.029060254,0.9547966,0.009570274
21,7,none,cz,645,96,3,0,False,0.43498138,0.048716273,0.15966028,0.35664204
21,7,none,cz,646,96,2,2,True,0.10776861,0.1486348,0.73034155,0.013255113
21,7,none,cz,647,96,2,2,True,0.0034760716,0.0035149443,0.9891025,0.00390649
21,7,none,cz,648,96,3,2,False,0.1534019,0.09707976,0.62403864,0.1254797
21,7,none,cz,649,96,2,3,False,0.0718962,0.029607926,0.33752766,0.56096816
21,7,none,cz,650,96,3,3,True,0.06504589,0.0034122039,0.13631801,0.7952239
21,7,none,cz,651,96,2,2,True,0.08969219,0.045491766,0.78462976,0.08018627
21,7,none,cz,652,96,3,0,False,0.5160356,0.023794498,0.26704025,0.19312963
21,7,none,cz,653,96,3,1,False,0.04693232,0.66549087,0.18034059,0.107236244
21,7,none,cz,654,97,0,0,True,0.94069624,0.012059372,0.0098000495,0.037444387
21,7,none,cz,655,97,1,1,True,0.043294802,0.86127937,0.016523965,0.078901775
21,7,none,cz,656,97,1,1,True,0.23451695,0.69183016,0.04062406,0.03302881
21,7,none,cz,657,97,0,0,True,0.56399125,0.24088925,0.17570062,0.019418938
21,7,none,cz,658,97,0,0,True,0.9566651,0.002444364,0.037489716,0.003400733
21,7,none,cz,659,97,1,1,True,0.0016959301,0.9675453,0.010680654,0.020078143
21,7,none,cz,660,97,0,2,False,0.30912396,0.09988755,0.5671004,0.023888081
21,7,none,cz,661,97,1,1,True,0.00013484474,0.97016823,0.009806171,0.019890685
21,7,none,cz,662,97,0,3,False,0.08083701,0.21245882,0.14326197,0.56344223
21,7,none,cz,663,97,1,1,True,0.06912997,0.841927,0.0073561114,0.0815869
21,7,none,cz,664,97,1,1,True,0.0026305635,0.98914486,0.0015170921,0.006707489
21,7,none,cz,665,97,0,0,True,0.7222777,0.0072809076,0.027627913,0.24281357
21,7,none,cz,666,97,1,2,False,0.06310084,0.06314385,0.71051556,0.16323978
21,7,none,cz,667,97,0,3,False,0.10975821,0.28183818,0.07184003,0.5365636
21,7,none,cz,668,97,0,0,True,0.8054995,0.1500345,0.021918429,0.02254756
21,7,none,cz,669,97,3,3,True,0.3288974,0.13472427,0.11226359,0.42411473
21,7,none,cz,670,97,2,0,False,0.7533812,0.14580935,0.031863987,0.06894544
21,7,none,cz,671,97,3,3,True,0.0012830367,0.03863095,0.009471875,0.95061415
21,7,none,cz,672,97,2,1,False,0.0024094896,0.8353564,0.051651116,0.11058303
21,7,none,cz,673,97,3,3,True,0.12412913,0.37835246,0.0018954063,0.49562302
21,7,none,cz,674,97,2,3,False,0.050492533,0.24266173,0.33017588,0.37666985
21,7,none,cz,675,97,3,2,False,0.020179467,0.17635323,0.67211145,0.13135593
21,7,none,cz,676,97,2,1,False,0.013953536,0.90265214,0.002594204,0.08080011
21,7,none,cz,677,97,3,1,False,0.01802282,0.5398899,0.30004033,0.14204699
21,7,none,cz,678,97,2,2,True,0.13291104,0.31638315,0.5098504,0.040855378
21,7,none,cz,679,97,3,3,True,0.05113908,0.00740402,0.009070363,0.9323865
21,7,none,cz,680,97,2,3,False,0.00547629,0.0033158949,0.0002178574,0.9909899
21,7,none,cz,681,97,3,3,True,0.027836772,0.007056164,0.020913992,0.94419307
21,7,none,cz,682,97,2,1,False,0.0027763136,0.6835664,0.17924596,0.1344114
21,7,none,cz,683,97,2,1,False,0.0110579515,0.8822813,0.026604122,0.08005666
21,7,none,cz,684,97,0,1,False,0.23923194,0.42355886,0.14765579,0.18955342
21,7,none,cz,685,97,1,0,False,0.83100426,0.122634925,0.04356205,0.0027987808
21,7,none,cz,686,97,1,1,True,0.007027007,0.98225135,0.0057674083,0.0049542645
21,7,none,cz,687,97,0,0,True,0.5019921,0.047148738,0.19827898,0.25258023
21,7,none,cz,688,97,1,1,True,0.10071255,0.3717803,0.17121911,0.35628802
21,7,none,cz,689,97,0,0,True,0.46784246,0.06315539,0.28642166,0.18258052
21,7,none,cz,690,97,1,2,False,0.02284191,0.033382945,0.48315206,0.46062306
21,7,none,cz,691,97,0,3,False,0.08464537,0.06472422,0.029424667,0.8212058
21,7,none,cz,692,97,1,1,True,0.040027816,0.6198079,0.019029425,0.3211348
21,7,none,cz,693,97,0,3,False,0.24814479,0.0080695655,0.023220798,0.7205648
21,7,none,cz,694,97,0,0,True,0.9305097,0.009070917,0.055773683,0.0046456913
21,7,none,cz,695,97,1,1,True,0.004465574,0.46911624,0.20911822,0.31729993
21,7,none,cz,696,97,0,3,False,0.0498014,0.005851035,0.008460896,0.9358867
21,7,none,cz,697,97,1,1,True,0.03616598,0.82847184,0.012525057,0.12283713
21,7,none,cz,698,97,1,3,False,0.00046800342,0.07378367,0.0007953444,0.92495304
21,7,none,cz,699,97,3,3,True,0.0043030456,0.062166363,0.27688763,0.6566429
21,7,none,cz,700,97,2,2,True,0.3240137,0.0615339,0.4891231,0.12532918
21,7,none,cz,701,97,2,1,False,0.048045866,0.4155854,0.31217775,0.22419094
21,7,none,cz,702,97,3,3,True,0.008198906,0.07896737,0.3022066,0.6106272
21,7,none,cz,703,97,3,1,False,0.052558962,0.6818105,0.20440042,0.061230086
21,7,none,cz,704,97,2,1,False,0.032570522,0.8948406,0.01130222,0.0612866
21,7,none,cz,705,97,2,3,False,0.003153976,0.35582143,0.2568243,0.3842003
21,7,none,cz,706,97,3,2,False,0.0575108,0.2344897,0.37639317,0.33160636
21,7,none,cz,707,97,2,2,True,0.011202782,0.06855206,0.5598624,0.36038277
21,7,none,cz,708,97,3,3,True,0.001713455,0.2947755,0.054200806,0.64931023
21,7,none,cz,709,97,3,3,True,0.06784406,0.030035455,0.0441686,0.8579519
21,7,none,cz,710,97,2,3,False,0.00791543,0.051189143,0.4680998,0.4727957
21,7,none,cz,711,97,3,3,True,0.11953874,0.08813949,0.24045856,0.5518632
21,7,none,cz,712,97,2,0,False,0.41267654,0.010947723,0.3037286,0.27264714
21,7,none,cz,713,97,3,3,True,0.09004356,0.37015584,0.027317803,0.51248276
21,7,none,cz,714,97,1,1,True,0.02877142,0.36595044,0.25508767,0.35019052
21,7,none,cz,715,97,0,1,False,0.045746066,0.6930199,0.23311412,0.028119903
21,7,none,cz,716,97,1,1,True,0.047946922,0.7797164,0.09380558,0.0785311
21,7,none,cz,717,97,0,0,True,0.8754513,0.09869651,0.02469952,0.0011525975
21,7,none,cz,718,97,1,2,False,0.059672955,0.18168633,0.6837857,0.07485505
21,7,none,cz,719,97,0,0,True,0.5819626,0.03231976,0.020963494,0.3647541
21,7,none,cz,720,97,0,0,True,0.77925134,0.004074499,0.02282053,0.19385363
21,7,none,cz,721,97,1,1,True,0.017835999,0.75216854,0.15349184,0.076503605
21,7,none,cz,722,97,1,1,True,0.0033720913,0.6642655,0.06892072,0.26344168
21,7,none,cz,723,97,0,0,True,0.8167754,0.042795945,0.03625668,0.10417198
21,7,none,cz,724,97,1,1,True,0.023838386,0.80444163,0.025485208,0.1462348
21,7,none,cz,725,97,0,0,True,0.53276813,0.08050143,0.17621101,0.2105195
21,7,none,cz,726,97,0,0,True,0.9177347,0.0037687896,0.011662168,0.06683431
21,7,none,cz,727,97,1,2,False,0.027709452,0.07971086,0.4859023,0.4066773
21,7,none,cz,728,97,0,0,True,0.8307765,0.010410975,0.031573765,0.12723872
21,7,none,cz,729,97,3,3,True,0.16225468,0.054764412,0.20429501,0.5786859
21,7,none,cz,730,97,2,1,False,0.001525541,0.7158408,0.034376748,0.24825689
21,7,none,cz,731,97,2,2,True,0.021850832,0.044150528,0.89106053,0.04293804
21,7,none,cz,732,97,3,0,False,0.28609315,0.23852828,0.23997243,0.23540615
21,7,none,cz,733,97,2,3,False,0.20449345,0.163308,0.20370233,0.42849618
21,7,none,cz,734,97,3,1,False,0.29425177,0.38982102,0.09428375,0.22164343
21,7,none,cz,735,97,2,0,False,0.3447209,0.24298096,0.17125663,0.24104147
21,7,none,cz,736,97,3,3,True,0.039325844,0.1671509,0.10829137,0.68523186
21,7,none,cz,737,97,3,3,True,0.045743488,0.11462571,0.16802561,0.67160517
21,7,none,cz,738,97,2,2,True,0.07909476,0.22633322,0.42342845,0.2711436
21,7,none,cz,739,97,3,3,True,0.0056447163,0.050044104,0.10672593,0.8375853
21,7,none,cz,740,97,2,3,False,0.17265013,0.2598514,0.23037563,0.3371228
21,7,none,cz,741,97,2,1,False,0.03805584,0.41507724,0.28543186,0.2614351
21,7,none,cz,742,97,3,3,True,0.084005296,0.045120656,0.12745887,0.74341524
21,7,none,cz,743,97,2,0,False,0.61696655,0.14916515,0.15633725,0.077531055
21,7,none,cz,744,98,0,0,True,0.7809071,0.019022943,0.19849077,0.0015792451
21,7,none,cz,745,98,1,2,False,0.017851323,0.087773815,0.88189536,0.01247944
21,7,none,cz,746,98,1,1,True,0.10294079,0.6941923,0.17480269,0.028064212
21,7,none,cz,747,98,0,0,True,0.507369,0.08936103,0.39412102,0.009148986
21,7,none,cz,748,98,0,0,True,0.4702337,0.046198633,0.4069938,0.07657389
21,7,none,cz,749,98,1,2,False,0.058496572,0.45979184,0.46416068,0.017550852
21,7,none,cz,750,98,1,1,True,0.027084434,0.88168097,0.06956082,0.021673815
21,7,none,cz,751,98,0,2,False,0.10734404,0.2536997,0.59561056,0.04334572
21,7,none,cz,752,98,1,1,True,0.10815626,0.6389768,0.23985331,0.013013603
21,7,none,cz,753,98,0,2,False,0.24384108,0.056121424,0.69437915,0.0056583327
21,7,none,cz,754,98,1,1,True,0.06647585,0.895459,0.032887243,0.005177887
21,7,none,cz,755,98,0,0,True,0.7867351,0.023894498,0.18427463,0.005095729
21,7,none,cz,756,98,0,2,False,0.09803851,0.38890803,0.50884736,0.0042060995
21,7,none,cz,757,98,1,2,False,0.059315726,0.3013137,0.42223808,0.21713255
21,7,none,cz,758,98,0,2,False,0.20118976,0.14178088,0.5837284,0.07330098
21,7,none,cz,759,98,3,3,True,0.026864633,0.005237589,0.029269982,0.93862784
21,7,none,cz,760,98,2,2,True,0.07629333,0.0589822,0.78603685,0.078687645
21,7,none,cz,761,98,3,3,True,0.016745862,0.031773303,0.15889354,0.79258734
21,7,none,cz,762,98,2,1,False,0.19435088,0.4190212,0.379493,0.0071349647
21,7,none,cz,763,98,2,0,False,0.52377945,0.09447972,0.34626442,0.035476416
21,7,none,cz,764,98,3,2,False,0.019654639,0.14615381,0.510834,0.32335758
21,7,none,cz,765,98,2,2,True,0.033900186,0.011190017,0.93914056,0.01576923
21,7,none,cz,766,98,3,2,False,0.08491052,0.10252819,0.6679065,0.1446548
21,7,none,cz,767,98,2,2,True,0.034926027,0.0036974587,0.9332557,0.028120782
21,7,none,cz,768,98,3,3,True,0.06348981,0.05900003,0.045050293,0.83245987
21,7,none,cz,769,98,3,3,True,0.15091531,0.030021586,0.2674766,0.5515865
21,7,none,cz,770,98,2,2,True,0.032918528,0.015500076,0.9210357,0.030545725
21,7,none,cz,771,98,2,2,True,0.24100217,0.028461602,0.5747481,0.1557881
21,7,none,cz,772,98,3,0,False,0.6437248,0.07676057,0.16044821,0.11906642
21,7,none,cz,773,98,3,2,False,0.13206808,0.077379,0.6862945,0.10425841
21,7,none,cz,774,98,1,1,True,0.009609968,0.8388114,0.14378749,0.0077912495
21,7,none,cz,775,98,0,2,False,0.38060087,0.094323054,0.5017056,0.02337049
21,7,none,cz,776,98,0,2,False,0.40986428,0.032560147,0.5314224,0.026153184
21,7,none,cz,777,98,1,2,False,0.0810983,0.38923025,0.40133938,0.12833205
21,7,none,cz,778,98,0,0,True,0.86427647,0.032325324,0.08917438,0.014223861
21,7,none,cz,779,98,1,2,False,0.063008,0.15624212,0.71097744,0.06977246
21,7,none,cz,780,98,1,2,False,0.026935961,0.2990753,0.41343215,0.26055658
21,7,none,cz,781,98,0,0,True,0.8632737,0.006928037,0.09754732,0.032251026
21,7,none,cz,782,98,0,0,True,0.5856659,0.18811123,0.19427796,0.0319449
21,7,none,cz,783,98,1,1,True,0.12515508,0.43577763,0.33151752,0.107549824
21,7,none,cz,784,98,0,0,True,0.5654599,0.020666175,0.3200639,0.09381005
21,7,none,cz,785,98,1,1,True,0.026227633,0.60618967,0.35656556,0.0110171735
21,7,none,cz,786,98,1,1,True,0.057431754,0.49210766,0.18429601,0.26616463
21,7,none,cz,787,98,0,0,True,0.9697168,0.0063365437,0.018135203,0.0058114044
21,7,none,cz,788,98,0,2,False,0.02610326,0.015378348,0.9399843,0.018534057
21,7,none,cz,789,98,3,3,True,0.22378649,0.07102583,0.23097934,0.4742083
21,7,none,cz,790,98,2,2,True,0.2169203,0.013756088,0.7465103,0.022813268
21,7,none,cz,791,98,3,2,False,0.13888238,0.04422429,0.51506275,0.3018306
21,7,none,cz,792,98,2,2,True,0.018069971,0.026292272,0.9546843,0.0009533514
21,7,none,cz,793,98,2,0,False,0.5227451,0.088506795,0.35258263,0.03616554
21,7,none,cz,794,98,3,3,True,0.15137076,0.1061535,0.08920308,0.6532726
21,7,none,cz,795,98,2,2,True,0.19788967,0.10187937,0.6655068,0.03472408
21,7,none,cz,796,98,3,3,True,0.08851331,0.012151986,0.04663928,0.85269547
21,7,none,cz,797,98,3,3,True,0.059470937,0.004732046,0.4268656,0.5089314
21,7,none,cz,798,98,2,2,True,0.061223026,0.038735386,0.74139625,0.15864532
21,7,none,cz,799,98,2,2,True,0.02633145,0.047555935,0.9150922,0.011020458
21,7,none,cz,800,98,3,2,False,0.2118634,0.23572242,0.54628056,0.0061335973
21,7,none,cz,801,98,2,3,False,0.13566689,0.092144914,0.313573,0.45861512
21,7,none,cz,802,98,3,3,True,0.033624444,0.024846548,0.12945303,0.8120759
21,7,none,cz,803,98,3,2,False,0.33333373,0.01759468,0.4703545,0.17871703
21,7,none,cz,804,98,0,2,False,0.3395005,0.07327961,0.5423384,0.044881586
21,7,none,cz,805,98,1,3,False,0.35266724,0.07226635,0.109702446,0.46536395
21,7,none,cz,806,98,1,0,False,0.32956842,0.23653568,0.2610648,0.17283107
21,7,none,cz,807,98,0,0,True,0.36359295,0.24349485,0.36123705,0.031675078
21,7,none,cz,808,98,0,1,False,0.14123078,0.75930214,0.08388484,0.015582186
21,7,none,cz,809,98,1,3,False,0.24566117,0.07741486,0.0657061,0.6112179
21,7,none,cz,810,98,1,0,False,0.44495794,0.097952805,0.2610998,0.19598943
21,7,none,cz,811,98,0,0,True,0.56809276,0.037154607,0.28309685,0.111655764
21,7,none,cz,812,98,0,0,True,0.39012268,0.33855975,0.2112275,0.060090035
21,7,none,cz,813,98,1,0,False,0.98026454,0.009216315,0.004992285,0.005526828
21,7,none,cz,814,98,0,2,False,0.23392893,0.20726019,0.4287284,0.13008244
21,7,none,cz,815,98,1,0,False,0.7492731,0.11420408,0.090235524,0.04628733
21,7,none,cz,816,98,1,0,False,0.6130715,0.04570951,0.1950917,0.14612731
21,7,none,cz,817,98,0,2,False,0.06944595,0.12984875,0.7410937,0.05961159
21,7,none,cz,818,98,1,2,False,0.2305589,0.2852006,0.44245225,0.041788228
21,7,none,cz,819,98,2,0,False,0.6231565,0.069067776,0.2532507,0.05452504
21,7,none,cz,820,98,3,1,False,0.0054857535,0.9759699,0.016885567,0.0016587761
21,7,none,cz,821,98,3,1,False,0.10497763,0.41990167,0.33033407,0.14478666
21,7,none,cz,822,98,2,0,False,0.68434745,0.008219307,0.19764777,0.109785385
21,7,none,cz,823,98,2,2,True,0.41640723,0.025320807,0.42306238,0.13520953
21,7,none,cz,824,98,3,2,False,0.034552004,0.10646444,0.7445544,0.11442917
21,7,none,cz,825,98,3,2,False,0.104628,0.014337586,0.5771981,0.30383635
21,7,none,cz,826,98,2,2,True,0.18026668,0.12863831,0.5533244,0.13777065
21,7,none,cz,827,98,3,3,True,0.19207075,0.25451395,0.1446131,0.40880212
21,7,none,cz,828,98,2,2,True,0.32750413,0.122218914,0.5365953,0.013681705
21,7,none,cz,829,98,3,2,False,0.2448077,0.061710574,0.42804265,0.26543906
21,7,none,cz,830,98,2,0,False,0.60167634,0.031625107,0.1771729,0.18952565
21,7,none,cz,831,98,3,3,True,0.09290759,0.060375743,0.34426442,0.50245225
21,7,none,cz,832,98,2,0,False,0.65336,0.035755392,0.27716577,0.03371878
21,7,none,cz,833,98,3,1,False,0.23986645,0.7221402,0.022953315,0.015040061
21,7,none,cz,834,99,1,1,True,0.11239825,0.3520333,0.2216228,0.3139457
21,7,none,cz,835,99,0,2,False,0.11879181,0.0066991993,0.85878444,0.015724625
21,7,none,cz,836,99,0,0,True,0.84013116,0.038487874,0.040534716,0.08084626
21,7,none,cz,837,99,1,3,False,0.07945147,0.056693405,0.005273989,0.8585811
21,7,none,cz,838,99,0,1,False,0.056312893,0.5083293,0.19357693,0.24178092
21,7,none,cz,839,99,1,0,False,0.60474783,0.036795363,0.032747418,0.3257094
21,7,none,cz,840,99,1,2,False,0.08033411,0.07626789,0.51591307,0.32748494
21,7,none,cz,841,99,0,2,False,0.094776385,0.03394839,0.6048903,0.26638496
21,7,none,cz,842,99,0,3,False,0.13183868,0.059090342,0.09604396,0.713027
21,7,none,cz,843,99,1,3,False,0.009916488,0.0013914469,0.40798286,0.5807092
21,7,none,cz,844,99,1,1,True,0.002756492,0.9885571,0.0067020073,0.0019844482
21,7,none,cz,845,99,0,3,False,0.14099784,0.14255767,0.33261856,0.38382587
21,7,none,cz,846,99,1,2,False,0.026461875,0.30134442,0.51976764,0.15242603
21,7,none,cz,847,99,0,0,True,0.5569255,0.0045405584,0.20109627,0.23743773
21,7,none,cz,848,99,1,1,True,0.028695634,0.44035572,0.24387196,0.2870767
21,7,none,cz,849,99,3,1,False,0.102764435,0.3638431,0.28464594,0.24874654
21,7,none,cz,850,99,2,3,False,0.06715667,0.026617527,0.072613105,0.8336127
21,7,none,cz,851,99,3,2,False,0.17247613,0.033829182,0.58621967,0.207475
21,7,none,cz,852,99,2,2,True,0.09500822,0.007605374,0.8853009,0.012085553
21,7,none,cz,853,99,3,2,False,0.22149158,0.035125367,0.4159058,0.32747728
21,7,none,cz,854,99,2,2,True,0.087226145,0.018159991,0.8745838,0.02003009
21,7,none,cz,855,99,3,2,False,0.1442318,0.33474386,0.46336555,0.057658717
21,7,none,cz,856,99,2,3,False,0.17235805,0.011206609,0.29891935,0.51751596
21,7,none,cz,857,99,2,3,False,0.14703722,0.23180091,0.10633877,0.5148231
21,7,none,cz,858,99,3,0,False,0.79558396,0.014178125,0.08282202,0.1074159
21,7,none,cz,859,99,3,3,True,0.10935157,0.030604813,0.24223165,0.6178119
21,7,none,cz,860,99,2,3,False,0.24056904,0.08052874,0.07621197,0.6026903
21,7,none,cz,861,99,2,2,True,0.2371596,0.016405331,0.69151807,0.054917
21,7,none,cz,862,99,3,3,True,0.024110476,0.012697206,0.14665037,0.8165419
21,7,none,cz,863,99,3,3,True,0.24418607,0.107829,0.11711113,0.5308738
21,7,none,cz,864,99,0,0,True,0.8799943,0.0013910657,0.06035452,0.05826018
21,7,none,cz,865,99,1,0,False,0.48796222,0.06736447,0.23341522,0.21125811
21,7,none,cz,866,99,0,3,False,0.27701715,0.08001794,0.014887698,0.6280772
21,7,none,cz,867,99,1,0,False,0.36733297,0.31502736,0.0849194,0.23272027
21,7,none,cz,868,99,1,1,True,0.0072800713,0.80359036,0.015661871,0.1734677
21,7,none,cz,869,99,0,0,True,0.649225,0.0072153197,0.07149471,0.272065
21,7,none,cz,870,99,1,0,False,0.6487465,0.17758605,0.1535973,0.020070154
21,7,none,cz,871,99,0,0,True,0.6545278,0.001704384,0.1285513,0.21521652
21,7,none,cz,872,99,1,0,False,0.33078453,0.26979688,0.21368346,0.18573515
21,7,none,cz,873,99,0,3,False,0.45005715,0.0006902075,0.0134846,0.53576803
21,7,none,cz,874,99,1,3,False,0.40223977,0.011330996,0.050304122,0.5361251
21,7,none,cz,875,99,0,0,True,0.36691743,0.026356893,0.3668961,0.23982967
21,7,none,cz,876,99,1,2,False,0.20610769,0.02048814,0.6911233,0.08228089
21,7,none,cz,877,99,0,0,True,0.6082696,0.07263677,0.082267374,0.2368263
21,7,none,cz,878,99,0,0,True,0.9871128,0.0006561387,0.0061202673,0.006110729
21,7,none,cz,879,99,2,3,False,0.09341726,0.023635093,0.07744464,0.805503
21,7,none,cz,880,99,3,2,False,0.004009186,0.007188756,0.60106945,0.38773263
21,7,none,cz,881,99,2,3,False,0.09027844,0.3137773,0.04838926,0.547555
21,7,none,cz,882,99,3,3,True,0.34067312,0.015124781,0.14997649,0.49422562
21,7,none,cz,883,99,3,0,False,0.80769914,0.035649084,0.13088655,0.025765141
21,7,none,cz,884,99,2,0,False,0.7790821,0.0087049175,0.20463163,0.00758136
21,7,none,cz,885,99,3,0,False,0.38463494,0.033620745,0.26514286,0.31660149
21,7,none,cz,886,99,2,0,False,0.44433314,0.0029239135,0.27473158,0.27801135
21,7,none,cz,887,99,2,1,False,0.10005048,0.788642,0.0035805025,0.10772705
21,7,none,cz,888,99,3,0,False,0.64751774,0.011038435,0.018047111,0.32339668
21,7,none,cz,889,99,2,3,False,0.28813547,0.009177475,0.011260225,0.6914269
21,7,none,cz,890,99,3,3,True,0.044598322,0.04039864,0.3071165,0.60788655
21,7,none,cz,891,99,2,3,False,0.027968148,0.0052397666,0.24865615,0.71813595
21,7,none,cz,892,99,3,3,True,0.14040412,0.019893747,0.3792126,0.46048957
21,7,none,cz,893,99,3,2,False,0.06834299,0.0317799,0.5870673,0.31280982
21,7,none,cz,894,99,0,0,True,0.71359605,0.0069189398,0.2573411,0.02214385
21,7,none,cz,895,99,1,0,False,0.7731189,0.0028025517,0.021086909,0.20299158
21,7,none,cz,896,99,0,0,True,0.5372122,0.15135208,0.20085374,0.110582024
21,7,none,cz,897,99,1,1,True,0.24878474,0.36506295,0.2008594,0.18529288
21,7,none,cz,898,99,1,1,True,0.03627521,0.8116581,0.039856736,0.11221002
21,7,none,cz,899,99,0,3,False,0.24918202,0.011556789,0.33321345,0.40604773
21,7,none,cz,900,99,0,2,False,0.0971451,0.029265134,0.7110045,0.16258524
21,7,none,cz,901,99,1,3,False,0.0051781735,0.17750591,0.23325236,0.58406353
21,7,none,cz,902,99,0,2,False,0.045639962,0.087044135,0.7950765,0.072239414
21,7,none,cz,903,99,1,3,False,0.32446286,0.083368644,0.008785596,0.58338284
21,7,none,cz,904,99,1,3,False,0.19703585,0.043962613,0.29447776,0.46452376
21,7,none,cz,905,99,0,2,False,0.19061692,0.03458298,0.5670758,0.20772427
21,7,none,cz,906,99,0,0,True,0.58822787,0.0026391367,0.12958059,0.27955243
21,7,none,cz,907,99,1,3,False,0.10058956,0.047002103,0.38519225,0.46721604
21,7,none,cz,908,99,1,2,False,0.048336443,0.016350774,0.7545021,0.18081065
21,7,none,cz,909,99,2,3,False,0.025597041,0.015948292,0.34848133,0.6099733
21,7,none,cz,910,99,3,1,False,0.04683174,0.65957767,0.03434094,0.25924972
21,7,none,cz,911,99,2,2,True,0.04508864,0.047715474,0.84457046,0.06262546
21,7,none,cz,912,99,3,2,False,0.007918679,0.034405082,0.92346567,0.034210544
21,7,none,cz,913,99,3,2,False,0.2488226,0.05241037,0.44189027,0.25687677
21,7,none,cz,914,99,2,3,False,0.100335844,0.022029242,0.4184486,0.45918635
21,7,none,cz,915,99,2,3,False,0.010713847,0.02275567,0.12035696,0.8461735
21,7,none,cz,916,99,3,3,True,0.071324684,0.08360356,0.39230484,0.4527669
21,7,none,cz,917,99,3,0,False,0.7098677,0.0019244167,0.16411091,0.12409697
21,7,none,cz,918,99,2,0,False,0.689258,0.0057724426,0.23009023,0.07487943
21,7,none,cz,919,99,3,3,True,0.2258141,0.12367927,0.12042832,0.5300783
21,7,none,cz,920,99,2,2,True,0.18415844,0.052760508,0.54964316,0.2134379
21,7,none,cz,921,99,3,2,False,0.031667337,0.079776965,0.6596853,0.2288704
21,7,none,cz,922,99,2,1,False,0.031226885,0.47371754,0.448696,0.046359636
21,7,none,cz,923,99,3,3,True,0.017436046,0.016150786,0.021914102,0.9444991
21,7,none,cz,924,100,0,0,True,0.89293677,0.008757393,0.094918065,0.0033877902
21,7,none,cz,925,100,1,3,False,0.02475245,0.260489,0.12744074,0.5873178
21,7,none,cz,926,100,1,1,True,0.01598625,0.8622293,0.06850554,0.053278837
21,7,none,cz,927,100,0,1,False,0.08470015,0.42289796,0.36547548,0.12692642
21,7,none,cz,928,100,0,0,True,0.9926553,0.00066642923,0.0029600805,0.003718171
21,7,none,cz,929,100,1,2,False,0.11966658,0.1933657,0.4157605,0.27120727
21,7,none,cz,930,100,0,0,True,0.9963476,2.5218913e-05,0.0008722513,0.0027549663
21,7,none,cz,931,100,1,2,False,0.08689062,0.13637295,0.5087543,0.26798207
21,7,none,cz,932,100,1,1,True,0.0010468015,0.98360044,0.014709456,0.0006433109
21,7,none,cz,933,100,0,2,False,0.09848578,0.025099127,0.72173357,0.1546816
21,7,none,cz,934,100,1,2,False,0.01150878,0.3993261,0.4888077,0.10035735
21,7,none,cz,935,100,0,2,False,0.45460108,0.0057250997,0.51841974,0.0212541
21,7,none,cz,936,100,3,3,True,0.06347565,0.0037927015,0.0040972624,0.9286344
21,7,none,cz,937,100,2,2,True,0.25292903,0.03151237,0.60631716,0.10924145
21,7,none,cz,938,100,3,3,True,0.10877659,0.004222523,0.008767894,0.87823296
21,7,none,cz,939,100,2,2,True,0.15991619,0.2659113,0.44335476,0.13081779
21,7,none,cz,940,100,3,0,False,0.44055665,0.0019450499,0.20225823,0.35524005
21,7,none,cz,941,100,2,2,True,0.2967499,0.09433099,0.5933402,0.0155788325
21,7,none,cz,942,100,3,0,False,0.48473763,0.12108289,0.09869325,0.29548615
21,7,none,cz,943,100,2,2,True,0.07231389,0.0035763115,0.9217028,0.002407085
21,7,none,cz,944,100,3,2,False,0.15512903,0.007484304,0.77761537,0.059771232
21,7,none,cz,945,100,2,2,True,0.0757579,0.067326225,0.8536469,0.0032689706
21,7,none,cz,946,100,3,1,False,0.003509614,0.63876224,0.07603847,0.28168973
21,7,none,cz,947,100,2,2,True,0.1307056,0.005268659,0.8321119,0.031913858
21,7,none,cz,948,100,1,1,True,0.0018670203,0.94894445,0.048692577,0.00049601495
21,7,none,cz,949,100,0,2,False,0.46879467,0.027604599,0.47741857,0.026182285
21,7,none,cz,950,100,0,0,True,0.70901006,0.008418232,0.07473998,0.20783176
21,7,none,cz,951,100,1,1,True,0.0784251,0.44331187,0.32408637,0.15417662
21,7,none,cz,952,100,1,1,True,0.23941928,0.44360694,0.054419946,0.26255387
21,7,none,cz,953,100,0,2,False,0.13804232,0.096962355,0.73041844,0.03457687
21,7,none,cz,954,100,0,0,True,0.69663113,0.06268434,0.020287864,0.22039662
21,7,none,cz,955,100,1,1,True,0.002430495,0.9659773,0.022722386,0.008869693
21,7,none,cz,956,100,1,1,True,0.05915482,0.72124165,0.022836993,0.19676654
21,7,none,cz,957,100,0,1,False,0.017606633,0.64076453,0.24507813,0.096550725
21,7,none,cz,958,100,0,0,True,0.96381056,0.010165786,0.021721642,0.0043019773
21,7,none,cz,959,100,1,1,True,0.0046920995,0.97834706,0.011475642,0.0054852087
21,7,none,cz,960,100,3,3,True,0.12077292,0.012237994,0.17990814,0.687081
21,7,none,cz,961,100,2,2,True,0.031552415,0.001974802,0.90807205,0.05840074
21,7,none,cz,962,100,2,2,True,0.0611044,0.0090486985,0.91171813,0.018128831
21,7,none,cz,963,100,3,3,True,0.13803297,0.057315703,0.045278113,0.75937325
21,7,none,cz,964,100,2,1,False,0.32306108,0.3638459,0.29955176,0.01354124
21,7,none,cz,965,100,3,0,False,0.84163624,0.0014508915,0.0131957065,0.14371715
21,7,none,cz,966,100,2,2,True,0.020642955,0.15107803,0.7908644,0.037414603
21,7,none,cz,967,100,3,0,False,0.75601405,0.021899663,0.05113535,0.17095098
21,7,none,cz,968,100,2,0,False,0.46851403,0.16803034,0.35326916,0.010186433
21,7,none,cz,969,100,3,1,False,0.0625037,0.5747387,0.18038633,0.18237126
21,7,none,cz,970,100,2,0,False,0.54134196,0.022832584,0.13625516,0.29957026
21,7,none,cz,971,100,3,3,True,0.26596284,0.17703417,0.15559387,0.40140906
21,7,none,cz,972,100,1,1,True,0.004790099,0.9700631,0.0074481834,0.017698633
21,7,none,cz,973,100,0,0,True,0.91236377,0.02473854,0.025433155,0.037464514
21,7,none,cz,974,100,0,2,False,0.0034596762,0.006960851,0.73916316,0.25041634
21,7,none,cz,975,100,1,2,False,0.17255108,0.0065496964,0.79000735,0.030891877
21,7,none,cz,976,100,1,1,True,0.0011220057,0.97465384,0.022937968,0.0012862063
21,7,none,cz,977,100,0,0,True,0.9991924,2.8778768e-05,0.0006962503,8.2524806e-05
21,7,none,cz,978,100,0,0,True,0.6565256,0.0059892028,0.31775928,0.019725828
21,7,none,cz,979,100,1,1,True,0.053506948,0.85108054,0.0059265024,0.089486025
21,7,none,cz,980,100,1,2,False,0.0061754053,0.31252003,0.61764187,0.06366271
21,7,none,cz,981,100,0,0,True,0.5202232,0.019075342,0.45611593,0.0045855446
21,7,none,cz,982,100,0,2,False,0.38832226,0.06994577,0.40018597,0.14154595
21,7,none,cz,983,100,1,1,True,0.03152237,0.69985086,0.10459602,0.16403075
21,7,none,cz,984,100,2,2,True,0.1936987,0.047915407,0.6517747,0.106611155
21,7,none,cz,985,100,3,3,True,0.021113621,0.011445332,0.41905546,0.54838556
21,7,none,cz,986,100,2,3,False,0.12641318,0.062317736,0.13423038,0.6770387
21,7,none,cz,987,100,3,3,True,0.011489499,0.3266216,0.1481841,0.51370484
21,7,none,cz,988,100,3,1,False,0.06545131,0.49984866,0.07821218,0.3564879
21,7,none,cz,989,100,2,0,False,0.5294358,0.07249683,0.39573154,0.0023357598
21,7,none,cz,990,100,2,2,True,0.041019123,0.05027174,0.8258937,0.08281545
21,7,none,cz,991,100,3,2,False,0.02802958,0.096530326,0.62244356,0.2529965
21,7,none,cz,992,100,3,3,True,0.0024863777,0.0767626,0.11342249,0.80732846
21,7,none,cz,993,100,2,2,True,0.27274406,0.22690837,0.33874413,0.16160347
21,7,none,cz,994,100,2,2,True,0.039329026,0.04737873,0.56045353,0.35283872
21,7,none,cz,995,100,3,3,True,0.0018699819,0.007285829,0.12719196,0.8636523
21,7,none,cz,996,101,0,2,False,0.4398809,0.09131488,0.4474866,0.021317657
21,7,none,cz,997,101,1,1,True,0.00071821315,0.97953165,0.009788256,0.009961799
21,7,none,cz,998,101,1,1,True,0.16536711,0.797516,0.017518403,0.019598432
21,7,none,cz,999,101,0,0,True,0.9961914,0.0034682301,0.000102704755,0.00023764682
21,7,none,cz,1000,101,1,1,True,0.00073625,0.9985713,0.00020610288,0.00048637827
21,7,none,cz,1001,101,0,0,True,0.9998547,0.00011474655,2.3125089e-05,7.354632e-06
21,7,none,cz,1002,101,1,1,True,0.00044492577,0.99886775,5.7900206e-06,0.0006814288
21,7,none,cz,1003,101,0,0,True,0.999818,0.00013458102,3.1142215e-05,1.6313485e-05
21,7,none,cz,1004,101,1,1,True,0.00032939782,0.9988595,3.6709e-05,0.0007744272
21,7,none,cz,1005,101,0,0,True,0.99778783,0.0021196965,8.18922e-05,1.0626193e-05
21,7,none,cz,1006,101,0,0,True,0.99827623,0.0010338486,0.0006552142,3.4644436e-05
21,7,none,cz,1007,101,1,1,True,0.0005815621,0.99715877,0.00091575267,0.0013439489
21,7,none,cz,1008,101,1,1,True,0.0006657413,0.9936138,0.004214353,0.0015060266
21,7,none,cz,1009,101,0,0,True,0.99511933,8.620296e-05,0.0038018033,0.0009927027
21,7,none,cz,1010,101,0,0,True,0.9986212,0.00040892503,0.0008376967,0.00013212672
21,7,none,cz,1011,101,2,1,False,0.043221347,0.87131935,0.084400564,0.0010586848
21,7,none,cz,1012,101,3,1,False,0.10598276,0.7925134,0.053921077,0.04758276
21,7,none,cz,1013,101,2,0,False,0.67244405,0.023193855,0.26174927,0.042612836
21,7,none,cz,1014,101,3,3,True,0.15620244,0.11502638,0.012025731,0.71674544
21,7,none,cz,1015,101,3,3,True,0.11568611,0.27191588,0.21314065,0.39925736
21,7,none,cz,1016,101,2,0,False,0.44186336,0.22002761,0.26880762,0.06930141
21,7,none,cz,1017,101,2,2,True,0.007897133,0.421031,0.5619872,0.009084678
21,7,none,cz,1018,101,3,3,True,0.09646288,0.22101183,0.023549112,0.65897614
21,7,none,cz,1019,101,2,1,False,0.27958167,0.4704338,0.23463942,0.015345082
21,7,none,cz,1020,101,3,3,True,0.22486256,0.13085867,0.019495517,0.6247833
21,7,none,cz,1021,101,3,3,True,0.03875078,0.0672115,0.13684125,0.7571964
21,7,none,cz,1022,101,2,1,False,0.10070874,0.8923687,0.0042249984,0.0026975044
21,7,none,cz,1023,101,2,0,False,0.92685014,0.010836233,0.061238974,0.0010746989
21,7,none,cz,1024,101,3,3,True,0.07772473,0.036306392,0.0028026877,0.88316613
21,7,none,cz,1025,101,2,0,False,0.4435026,0.20174131,0.29170963,0.06304647
21,7,none,cz,1026,101,1,1,True,0.007657992,0.96670705,0.019146033,0.0064889565
21,7,none,cz,1027,101,0,0,True,0.9991417,0.00039983582,0.00037650918,8.198314e-05
21,7,none,cz,1028,101,0,0,True,0.9634912,0.029251534,0.0061946525,0.0010625484
21,7,none,cz,1029,101,1,1,True,0.21256135,0.75964,0.0083782235,0.019420417
21,7,none,cz,1030,101,1,1,True,0.00012307144,0.99876106,0.00078150263,0.00033428424
21,7,none,cz,1031,101,0,0,True,0.99784315,0.00038015717,0.001758458,1.8258492e-05
21,7,none,cz,1032,101,0,0,True,0.9984285,0.0014019922,9.064839e-05,7.884154e-05
21,7,none,cz,1033,101,1,1,True,0.00015387626,0.9991991,0.0006096543,3.7439957e-05
21,7,none,cz,1034,101,1,1,True,0.0076482035,0.99173063,0.0002504807,0.00037062517
21,7,none,cz,1035,101,0,0,True,0.99932957,0.00010658278,0.000112602625,0.00045120803
21,7,none,cz,1036,101,1,1,True,0.020572,0.9567803,0.0053763487,0.017271372
21,7,none,cz,1037,101,0,0,True,0.9995468,0.00040459682,2.887548e-05,1.9621053e-05
21,7,none,cz,1038,101,1,1,True,0.0022416841,0.9975458,0.000110156354,0.000102335056
21,7,none,cz,1039,101,0,0,True,0.92764544,0.021094713,0.010631551,0.040628314
21,7,none,cz,1040,101,1,1,True,0.18011576,0.53653324,0.23116924,0.052181736
21,7,none,cz,1041,101,2,2,True,0.33347103,0.22810222,0.4363301,0.0020965696
21,7,none,cz,1042,101,3,0,False,0.27951697,0.24584916,0.2501309,0.22450301
21,7,none,cz,1043,101,2,1,False,0.028990645,0.9218838,0.04728118,0.0018444444
21,7,none,cz,1044,101,3,3,True,0.1928784,0.14737956,0.0011881217,0.65855396
21,7,none,cz,1045,101,3,0,False,0.48907372,0.06180425,0.05968368,0.38943845
21,7,none,cz,1046,101,2,1,False,0.2514763,0.6133427,0.06921901,0.06596203
21,7,none,cz,1047,101,2,0,False,0.6269959,0.11342164,0.25162885,0.00795357
21,7,none,cz,1048,101,3,3,True,0.24077113,0.33358857,0.0026039234,0.42303637
21,7,none,cz,1049,101,3,3,True,0.2872219,0.033881012,0.033134285,0.6457628
21,7,none,cz,1050,101,2,0,False,0.4905163,0.37745872,0.021946631,0.110078365
21,7,none,cz,1051,101,2,2,True,0.035541493,0.047222298,0.9150433,0.0021929832
21,7,none,cz,1052,101,3,1,False,0.3362545,0.38689387,0.009820289,0.2670314
21,7,none,cz,1053,101,2,0,False,0.8839802,0.014507895,0.07877297,0.022738962
21,7,none,cz,1054,101,3,0,False,0.527031,0.026611038,0.044928074,0.40142983
21,7,none,cz,1055,101,2,1,False,0.16432075,0.71146315,0.033510614,0.090705454
21,7,none,cz,1056,101,0,0,True,0.99937254,0.00020923576,0.0003509169,6.7274086e-05
21,7,none,cz,1057,101,1,1,True,0.051459532,0.91089,0.032623712,0.005026815
21,7,none,cz,1058,101,0,0,True,0.99942565,0.00038614808,0.00017557685,1.2672723e-05
21,7,none,cz,1059,101,1,1,True,0.019267939,0.92141354,0.0065698274,0.05274868
21,7,none,cz,1060,101,1,1,True,0.016157571,0.8914626,0.006900491,0.085479274
21,7,none,cz,1061,101,0,0,True,0.99395615,0.0021159204,0.00042706428,0.0035009233
21,7,none,cz,1062,101,1,1,True,0.0002989435,0.9996675,6.888469e-06,2.654712e-05
21,7,none,cz,1063,101,0,0,True,0.99983156,0.00014951346,1.3490955e-05,5.428019e-06
21,7,none,cz,1064,101,1,1,True,0.0010173459,0.9881396,0.006847813,0.003995208
21,7,none,cz,1065,101,0,0,True,0.9938181,0.0019377107,0.0007623218,0.0034818323
21,7,none,cz,1066,101,1,1,True,0.0019785538,0.99027807,0.0021021133,0.0056412932
21,7,none,cz,1067,101,0,0,True,0.9991973,0.00013451106,0.00012361299,0.00054462487
21,7,none,cz,1068,101,0,0,True,0.9436613,0.048372548,0.0075660213,0.0004001093
21,7,none,cz,1069,101,1,1,True,0.0027814193,0.99161184,0.00028866561,0.0053180414
21,7,none,cz,1070,101,1,1,True,0.003601005,0.9794262,0.014858035,0.0021147826
21,7,none,cz,1071,101,3,3,True,0.015030546,0.029994793,0.0038218393,0.95115286
21,7,none,cz,1072,101,2,2,True,0.021505255,0.011624224,0.9570598,0.00981075
21,7,none,cz,1073,101,3,0,False,0.39024946,0.28894603,0.06168351,0.259121
21,7,none,cz,1074,101,2,2,True,0.25581056,0.06394065,0.5686943,0.11155454
21,7,none,cz,1075,101,2,1,False,0.32190332,0.49747863,0.13855581,0.04206227
21,7,none,cz,1076,101,3,1,False,0.2597789,0.5629942,0.015503536,0.16172335
21,7,none,cz,1077,101,3,0,False,0.51127297,0.041120112,0.011955137,0.43565175
21,7,none,cz,1078,101,2,3,False,0.07135743,0.13146834,0.013285537,0.78388864
21,7,none,cz,1079,101,2,2,True,0.014115322,0.0071870675,0.97615653,0.0025410538
21,7,none,cz,1080,101,3,3,True,0.19892173,0.19732378,0.0448183,0.55893624
21,7,none,cz,1081,101,3,3,True,0.06428071,0.046328668,0.084163174,0.8052274
21,7,none,cz,1082,101,2,1,False,0.13826591,0.41179806,0.09981692,0.35011908
21,7,none,cz,1083,101,3,3,True,0.1729703,0.16843031,0.010784545,0.64781487
21,7,none,cz,1084,101,2,1,False,0.004749717,0.76641756,0.124283955,0.10454872
21,7,none,cz,1085,101,2,1,False,0.042659376,0.55194587,0.3217949,0.08359977
21,7,none,cz,1086,102,1,1,True,0.001183044,0.9918646,0.0059544514,0.0009978907
21,7,none,cz,1087,102,0,0,True,0.7962642,0.053838313,0.12826155,0.021635948
21,7,none,cz,1088,102,1,1,True,0.006280608,0.48629054,0.48563445,0.021794422
21,7,none,cz,1089,102,0,0,True,0.98078704,0.0064373715,0.007687303,0.005088365
21,7,none,cz,1090,102,1,1,True,0.030406022,0.49356505,0.47025385,0.0057750447
21,7,none,cz,1091,102,0,0,True,0.7095431,0.057368476,0.19616733,0.036921076
21,7,none,cz,1092,102,0,0,True,0.980232,0.0040704156,0.015162133,0.00053537404
21,7,none,cz,1093,102,1,2,False,0.28907168,0.18479899,0.36437592,0.16175337
21,7,none,cz,1094,102,0,0,True,0.8025523,0.044841558,0.11294395,0.039662216
21,7,none,cz,1095,102,1,2,False,0.057754673,0.2832166,0.652939,0.0060897092
21,7,none,cz,1096,102,0,0,True,0.7289773,0.018633304,0.19225754,0.0601318
21,7,none,cz,1097,102,1,2,False,0.021825893,0.24316688,0.7286882,0.006319093
21,7,none,cz,1098,102,0,0,True,0.53839546,0.16984639,0.18100493,0.11075322
21,7,none,cz,1099,102,1,2,False,0.11814884,0.08040724,0.7918311,0.0096128965
21,7,none,cz,1100,102,1,1,True,0.0036441623,0.99275136,0.0035342944,7.019141e-05
21,7,none,cz,1101,102,2,2,True,0.115950815,0.24750626,0.5645194,0.07202352
21,7,none,cz,1102,102,3,3,True,0.10379814,0.12795044,0.18531844,0.58293295
21,7,none,cz,1103,102,2,2,True,0.16832966,0.37885398,0.39471343,0.058102943
21,7,none,cz,1104,102,3,2,False,0.21253921,0.25015628,0.301543,0.23576148
21,7,none,cz,1105,102,2,0,False,0.5961103,0.045298822,0.3507628,0.007828051
21,7,none,cz,1106,102,3,2,False,0.100786954,0.26215652,0.34326822,0.29378828
21,7,none,cz,1107,102,2,2,True,0.12707095,0.026642764,0.8066063,0.03968002
21,7,none,cz,1108,102,3,3,True,0.1321797,0.11221931,0.27031735,0.48528364
21,7,none,cz,1109,102,3,3,True,0.2642236,0.04828476,0.17506947,0.51242214
21,7,none,cz,1110,102,2,2,True,0.07048707,0.04365478,0.88241345,0.0034447587
21,7,none,cz,1111,102,3,2,False,0.018224912,0.10657753,0.76607877,0.109118804
21,7,none,cz,1112,102,2,2,True,0.21132156,0.016495138,0.64627814,0.12590514
21,7,none,cz,1113,102,2,2,True,0.04171302,0.053162623,0.8960292,0.009095218
21,7,none,cz,1114,102,3,0,False,0.555062,0.07362788,0.2795938,0.091716334
21,7,none,cz,1115,102,2,2,True,0.018816233,0.16503374,0.7261807,0.089969434
21,7,none,cz,1116,102,1,1,True,0.0017399802,0.96874094,0.028767018,0.00075203774
21,7,none,cz,1117,102,0,1,False,0.29767597,0.30068138,0.20641541,0.1952272
21,7,none,cz,1118,102,1,1,True,0.036423557,0.5870405,0.26462644,0.1119095
21,7,none,cz,1119,102,0,0,True,0.549798,0.063352674,0.31152642,0.07532293
21,7,none,cz,1120,102,0,0,True,0.90147036,0.02770779,0.06617658,0.0046452996
21,7,none,cz,1121,102,1,2,False,0.023477627,0.15293105,0.8158184,0.0077729383
21,7,none,cz,1122,102,0,1,False,0.3021323,0.35973528,0.2240281,0.1141043
21,7,none,cz,1123,102,1,2,False,0.11718611,0.18190843,0.6558518,0.045053616
21,7,none,cz,1124,102,0,2,False,0.32922402,0.01883415,0.63810575,0.013836033
21,7,none,cz,1125,102,1,2,False,0.18081415,0.1142956,0.64278126,0.062108938
21,7,none,cz,1126,102,1,1,True,0.0010935789,0.9934315,0.0030335821,0.0024413057
21,7,none,cz,1127,102,0,2,False,0.28361297,0.0627735,0.47879204,0.17482147
21,7,none,cz,1128,102,1,1,True,0.00058679853,0.9950572,0.004063621,0.00029234137
21,7,none,cz,1129,102,0,3,False,0.2397023,0.16411068,0.28702727,0.30915976
21,7,none,cz,1130,102,1,2,False,0.28140357,0.2967302,0.3129797,0.10888654
21,7,none,cz,1131,102,2,2,True,0.008527691,0.041591823,0.9462539,0.0036265368
21,7,none,cz,1132,102,3,2,False,0.007950504,0.096208334,0.6449885,0.25085264
21,7,none,cz,1133,102,3,2,False,0.008580724,0.018539604,0.602478,0.3704016
21,7,none,cz,1134,102,2,2,True,0.0136187235,0.031617805,0.9474238,0.007339645
21,7,none,cz,1135,102,2,1,False,0.063749194,0.5798046,0.2736411,0.08280511
21,7,none,cz,1136,102,3,2,False,0.020660866,0.02046061,0.86145175,0.09742676
21,7,none,cz,1137,102,3,2,False,0.08621688,0.1498982,0.6112701,0.15261479
21,7,none,cz,1138,102,2,2,True,0.0013709413,0.044270754,0.9518072,0.0025511035
21,7,none,cz,1139,102,2,2,True,0.045833535,0.057029277,0.8640905,0.03304673
21,7,none,cz,1140,102,3,2,False,0.29127735,0.07779283,0.3748729,0.2560569
21,7,none,cz,1141,102,2,2,True,0.0054956344,0.041930567,0.47932887,0.473245
21,7,none,cz,1142,102,3,3,True,0.015290087,0.16087195,0.33659273,0.48724523
21,7,none,cz,1143,102,3,2,False,0.02628701,0.0020781464,0.79649365,0.17514119
21,7,none,cz,1144,102,2,2,True,0.20489594,0.1974142,0.3258422,0.27184772
21,7,none,cz,1145,102,2,2,True,0.011046154,0.11221442,0.8458855,0.030853782
21,7,none,cz,1146,102,0,2,False,0.20757999,0.018118484,0.73733664,0.036964893
21,7,none,cz,1147,102,1,1,True,0.0014208445,0.9852173,0.012295383,0.0010663734
21,7,none,cz,1148,102,0,2,False,0.049075525,0.02333043,0.8632511,0.06434298
21,7,none,cz,1149,102,1,1,True,0.0016982751,0.98648816,0.0094835935,0.0023299477
21,7,none,cz,1150,102,1,2,False,0.023780605,0.16021292,0.8082649,0.0077415146
21,7,none,cz,1151,102,0,2,False,0.20122597,0.11208878,0.6023214,0.08436384
21,7,none,cz,1152,102,0,2,False,0.073597565,0.06273075,0.8493772,0.014294464
21,7,none,cz,1153,102,1,1,True,0.056321923,0.64547175,0.2030974,0.095108874
21,7,none,cz,1154,102,0,2,False,0.12345744,0.18779662,0.6713358,0.017410098
21,7,none,cz,1155,102,1,2,False,0.15661326,0.103880495,0.57366705,0.1658392
21,7,none,cz,1156,102,1,1,True,0.0024492305,0.8667823,0.06847067,0.06229791
21,7,none,cz,1157,102,0,1,False,0.09481364,0.38153076,0.23021123,0.29344442
21,7,none,cz,1158,102,1,2,False,0.23882118,0.2518666,0.42221773,0.08709449
21,7,none,cz,1159,102,0,0,True,0.422372,0.062373903,0.40486306,0.11039104
21,7,none,cz,1160,102,0,0,True,0.8916986,0.01342848,0.027615467,0.06725741
21,7,none,cz,1161,102,2,2,True,0.0058317273,0.028669043,0.96287674,0.0026224444
21,7,none,cz,1162,102,3,3,True,0.06300209,0.081061244,0.1793186,0.6766181
21,7,none,cz,1163,102,3,3,True,0.039012276,0.09669978,0.094881475,0.7694065
21,7,none,cz,1164,102,2,2,True,0.123182654,0.2954926,0.5157193,0.06560544
21,7,none,cz,1165,102,2,2,True,0.003983807,0.012757555,0.6539096,0.32934898
21,7,none,cz,1166,102,3,0,False,0.61433107,0.0070970557,0.11859641,0.25997546
21,7,none,cz,1167,102,2,2,True,0.16252792,0.05914375,0.7253683,0.0529601
21,7,none,cz,1168,102,3,3,True,0.17457864,0.087341204,0.28472713,0.453353
21,7,none,cz,1169,102,2,2,True,0.08609226,0.17628665,0.51558894,0.22203219
21,7,none,cz,1170,102,3,2,False,0.056931704,0.06338958,0.77559143,0.104087174
21,7,none,cz,1171,102,2,1,False,0.015770115,0.7211651,0.16060816,0.10245663
21,7,none,cz,1172,102,3,3,True,0.014239723,0.008171393,0.12849957,0.8490894
21,7,none,cz,1173,102,2,2,True,0.100172736,0.24742277,0.6028037,0.04960082
21,7,none,cz,1174,102,3,2,False,0.15352777,0.050529763,0.60602266,0.18991986
21,7,none,cz,1175,102,3,3,True,0.067622945,0.23279607,0.08140798,0.618173
21,7,none,cz,1176,103,0,3,False,0.2234836,0.0028960675,0.11445129,0.659169
21,7,none,cz,1177,103,1,1,True,0.0022903434,0.47725707,0.31303483,0.20741777
21,7,none,cz,1178,103,1,1,True,0.005180759,0.52285594,0.4352652,0.036698107
21,7,none,cz,1179,103,0,1,False,0.011095897,0.726928,0.042788565,0.21918754
21,7,none,cz,1180,103,1,1,True,0.067850664,0.76535124,0.071089685,0.095708415
21,7,none,cz,1181,103,0,3,False,0.2551961,0.016329378,0.036275353,0.6921992
21,7,none,cz,1182,103,0,0,True,0.9858965,5.7215533e-05,0.010965207,0.003081034
21,7,none,cz,1183,103,1,1,True,0.0031599032,0.9146676,0.07126545,0.010907089
21,7,none,cz,1184,103,0,0,True,0.64331466,0.033249106,0.26993057,0.05350564
21,7,none,cz,1185,103,1,1,True,0.07894922,0.46334857,0.41674438,0.040957864
21,7,none,cz,1186,103,0,0,True,0.6919307,0.01724429,0.280114,0.010711069
21,7,none,cz,1187,103,1,0,False,0.5886208,0.019817337,0.32728395,0.06427798
21,7,none,cz,1188,103,1,1,True,0.015336808,0.51892287,0.30630556,0.15943474
21,7,none,cz,1189,103,0,2,False,0.41732052,0.013172563,0.56787694,0.0016299849
21,7,none,cz,1190,103,1,2,False,0.034197632,0.13637866,0.55506915,0.27435455
21,7,none,cz,1191,103,3,2,False,0.002329689,0.023315372,0.7144073,0.25994763
21,7,none,cz,1192,103,2,2,True,0.028011447,0.0020124295,0.95617485,0.013801276
21,7,none,cz,1193,103,2,2,True,0.04042457,0.03245782,0.8388134,0.088304214
21,7,none,cz,1194,103,3,0,False,0.5786249,0.010959478,0.07401452,0.33640105
21,7,none,cz,1195,103,2,3,False,0.16210815,0.09628857,0.058122415,0.68348086
21,7,none,cz,1196,103,3,0,False,0.40379596,0.09201207,0.18631504,0.3178769
21,7,none,cz,1197,103,3,2,False,0.05345703,0.008234446,0.8609322,0.07737634
21,7,none,cz,1198,103,2,2,True,0.011875512,0.0028387094,0.9838524,0.0014333824
21,7,none,cz,1199,103,2,2,True,0.18040493,0.09006179,0.7263844,0.003148877
21,7,none,cz,1200,103,3,0,False,0.38066626,0.28916842,0.011515544,0.31864977
21,7,none,cz,1201,103,3,2,False,0.018111719,0.06719791,0.80886847,0.10582184
21,7,none,cz,1202,103,2,2,True,0.008907643,0.0040448247,0.9868024,0.00024520798
21,7,none,cz,1203,103,3,0,False,0.45397,0.13070767,0.26592267,0.14939964
21,7,none,cz,1204,103,2,1,False,0.07183458,0.49111065,0.41375625,0.023298433
21,7,none,cz,1205,103,2,1,False,0.04456113,0.44226918,0.24117163,0.27199802
21,7,none,cz,1206,103,1,2,False,0.028019007,0.012449692,0.957464,0.0020673224
21,7,none,cz,1207,103,0,2,False,0.1894373,0.007560958,0.42782187,0.37517986
21,7,none,cz,1208,103,1,2,False,0.0076362765,0.32636932,0.65277004,0.013224399
21,7,none,cz,1209,103,0,0,True,0.40108696,0.041576188,0.35438764,0.20294918
21,7,none,cz,1210,103,0,0,True,0.8679883,0.0028138661,0.03636177,0.09283605
21,7,none,cz,1211,103,1,3,False,0.0030356967,0.11922513,0.3347557,0.5429835
21,7,none,cz,1212,103,1,3,False,0.010627651,0.13601497,0.03414326,0.8192141
21,7,none,cz,1213,103,0,0,True,0.83282983,0.064700946,0.08270995,0.019759202
21,7,none,cz,1214,103,0,2,False,0.26688725,0.21428712,0.5125747,0.00625097
21,7,none,cz,1215,103,1,0,False,0.7134808,0.008419001,0.23077242,0.047327816
21,7,none,cz,1216,103,1,1,True,0.005657697,0.9519531,0.034732684,0.007656445
21,7,none,cz,1217,103,0,0,True,0.5464638,0.01636155,0.28475443,0.15242031
21,7,none,cz,1218,103,0,2,False,0.30736926,0.0050075958,0.68593633,0.0016868222
21,7,none,cz,1219,103,1,2,False,0.058121204,0.087580204,0.8529112,0.0013874996
21,7,none,cz,1220,103,0,0,True,0.805945,0.002337388,0.18822575,0.003491947
21,7,none,cz,1221,103,2,2,True,0.009424843,0.0065029273,0.97797453,0.006097669
21,7,none,cz,1222,103,3,2,False,0.003718068,0.00091450074,0.8908462,0.104521215
21,7,none,cz,1223,103,2,2,True,0.026395423,0.08831615,0.8844482,0.00084020843
21,7,none,cz,1224,103,3,2,False,0.063940935,0.0063958573,0.82887274,0.100790456
21,7,none,cz,1225,103,3,3,True,0.18617533,0.012194914,0.024922404,0.77670735
21,7,none,cz,1226,103,2,2,True,0.3514305,0.04422045,0.39177558,0.21257338
21,7,none,cz,1227,103,3,0,False,0.42581162,0.026662387,0.3768085,0.1707175
21,7,none,cz,1228,103,2,2,True,0.24289317,0.08839547,0.48914826,0.17956309
21,7,none,cz,1229,103,3,3,True,0.11996927,0.010898153,0.027750218,0.8413823
21,7,none,cz,1230,103,2,2,True,0.07911603,0.018709129,0.850247,0.051927764
21,7,none,cz,1231,103,2,2,True,0.040792573,0.005662774,0.9491832,0.0043614134
21,7,none,cz,1232,103,3,2,False,0.25436357,0.03247121,0.6656995,0.047465835
21,7,none,cz,1233,103,3,2,False,0.22743161,0.26642916,0.43051395,0.07562523
21,7,none,cz,1234,103,2,2,True,0.17170778,0.050341923,0.7155293,0.062421005
21,7,none,cz,1235,103,3,2,False,0.010029702,0.02697644,0.7996479,0.163346
21,7,none,cz,1236,103,1,1,True,0.045821946,0.6540459,0.24324818,0.056884
21,7,none,cz,1237,103,0,2,False,0.35206184,0.005105317,0.52291787,0.119914904
21,7,none,cz,1238,103,0,0,True,0.8262737,0.012115866,0.12977238,0.031838078
21,7,none,cz,1239,103,1,2,False,0.049837604,0.1104729,0.73674875,0.102940746
21,7,none,cz,1240,103,1,3,False,0.010486812,0.4065158,0.103585415,0.479412
21,7,none,cz,1241,103,0,2,False,0.08225527,0.0014194644,0.820947,0.09537826
21,7,none,cz,1242,103,1,1,True,0.0034248524,0.66594976,0.041688956,0.28893647
21,7,none,cz,1243,103,0,2,False,0.3830061,0.0008354044,0.61429054,0.0018679193
21,7,none,cz,1244,103,0,0,True,0.37234828,0.04213479,0.32625896,0.25925797
21,7,none,cz,1245,103,1,3,False,0.04432213,0.14775145,0.19030625,0.61762017
21,7,none,cz,1246,103,0,0,True,0.70780766,0.0028948311,0.2748552,0.014442378
21,7,none,cz,1247,103,1,2,False,0.23432586,0.14294669,0.5027317,0.11999576
21,7,none,cz,1248,103,1,2,False,0.032251578,0.40814525,0.5344168,0.025186418
21,7,none,cz,1249,103,0,0,True,0.9355822,0.0030813424,0.058036856,0.0032995946
21,7,none,cz,1250,103,1,3,False,0.17057787,0.24083225,0.052850973,0.5357389
21,7,none,cz,1251,103,3,3,True,0.0076973187,0.012842386,0.03770457,0.9417557
21,7,none,cz,1252,103,2,2,True,0.010936099,0.26640478,0.6722142,0.05044498
21,7,none,cz,1253,103,3,3,True,0.033630103,0.37205958,0.121146984,0.4731634
21,7,none,cz,1254,103,2,0,False,0.41641837,0.049223036,0.28419554,0.25016302
21,7,none,cz,1255,103,2,2,True,0.056900192,0.18682545,0.7130525,0.043221824
21,7,none,cz,1256,103,3,0,False,0.30101794,0.1999578,0.25219038,0.24683392
21,7,none,cz,1257,103,2,1,False,0.16059905,0.60090214,0.060521524,0.17797726
21,7,none,cz,1258,103,3,1,False,0.24709153,0.5995603,0.03161325,0.12173494
21,7,none,cz,1259,103,2,2,True,0.023649631,0.008260176,0.96475154,0.003338613
21,7,none,cz,1260,103,3,2,False,0.031766318,0.18643987,0.6338758,0.14791803
21,7,none,cz,1261,103,3,3,True,0.020193322,0.12658255,0.087043874,0.7661803
21,7,none,cz,1262,103,2,2,True,0.0066483854,0.1286434,0.862404,0.0023041815
21,7,none,cz,1263,103,2,2,True,0.030184979,0.023721047,0.94291675,0.00317719
21,7,none,cz,1264,103,3,3,True,0.08487863,0.013504282,0.017473213,0.8841438
21,7,none,cz,1265,103,3,3,True,0.0023092902,0.07353954,0.052076183,0.872075
21,7,none,cz,1266,104,0,1,False,0.35197306,0.4501359,0.09931088,0.098580256
21,7,none,cz,1267,104,1,1,True,0.048710134,0.94233495,0.006491314,0.002463623
21,7,none,cz,1268,104,1,2,False,0.09996883,0.180283,0.6520174,0.06773071
21,7,none,cz,1269,104,0,1,False,0.17609714,0.419781,0.034097347,0.37002453
21,7,none,cz,1270,104,1,1,True,0.039478723,0.6809884,0.19968408,0.07984885
21,7,none,cz,1271,104,0,2,False,0.08886193,0.0706889,0.7959216,0.044527564
21,7,none,cz,1272,104,1,1,True,0.14964193,0.70373243,0.07714492,0.06948077
21,7,none,cz,1273,104,0,2,False,0.29263926,0.13828184,0.5127372,0.056341663
21,7,none,cz,1274,104,0,1,False,0.07296161,0.8046274,0.11941009,0.0030008275
21,7,none,cz,1275,104,1,1,True,0.09050909,0.6278202,0.2553615,0.026309237
21,7,none,cz,1276,104,0,1,False,0.06309465,0.5448901,0.37085795,0.021157242
21,7,none,cz,1277,104,1,1,True,0.021069532,0.48462373,0.21722667,0.27708006
21,7,none,cz,1278,104,1,2,False,0.30704513,0.31031215,0.34502515,0.037617594
21,7,none,cz,1279,104,0,2,False,0.35306618,0.13756284,0.44110867,0.068262376
21,7,none,cz,1280,104,1,1,True,0.00047105044,0.9725707,0.0013048616,0.025653329
21,7,none,cz,1281,104,2,2,True,0.18163405,0.16625097,0.590816,0.0612989
21,7,none,cz,1282,104,3,2,False,0.05081595,0.15910324,0.58769435,0.2023865
21,7,none,cz,1283,104,3,3,True,0.23333937,0.029977076,0.06507908,0.67160445
21,7,none,cz,1284,104,2,1,False,0.023067432,0.7307219,0.24134177,0.004868855
21,7,none,cz,1285,104,3,2,False,0.1894781,0.13950275,0.59305656,0.07796258
21,7,none,cz,1286,104,2,1,False,0.012547144,0.9627503,0.0120408535,0.012661789
21,7,none,cz,1287,104,2,1,False,0.055797532,0.53232753,0.27368385,0.13819112
21,7,none,cz,1288,104,3,3,True,0.06309056,0.09457906,0.012390748,0.8299396
21,7,none,cz,1289,104,2,1,False,0.014908885,0.84519374,0.13887616,0.0010211089
21,7,none,cz,1290,104,3,1,False,0.056257073,0.4451828,0.41503415,0.083525866
21,7,none,cz,1291,104,3,3,True,0.15140723,0.116577655,0.18321538,0.54879975
21,7,none,cz,1292,104,2,3,False,0.10394262,0.07192023,0.15183595,0.67230123
21,7,none,cz,1293,104,3,3,True,0.11765182,0.19992907,0.036144134,0.646275
21,7,none,cz,1294,104,2,2,True,0.021917678,0.22782755,0.6377691,0.11248568
21,7,none,cz,1295,104,3,0,False,0.4482672,0.13414149,0.19793144,0.2196599
21,7,none,cz,1296,104,0,3,False,0.25848234,0.16701356,0.10202982,0.47247422
21,7,none,cz,1297,104,1,1,True,0.06515154,0.758981,0.15440767,0.021459747
21,7,none,cz,1298,104,1,1,True,0.005403604,0.99067456,0.0017539244,0.0021679972
21,7,none,cz,1299,104,0,0,True,0.77798307,0.04438387,0.16935925,0.008273889
21,7,none,cz,1300,104,0,0,True,0.963078,0.012419029,0.011143499,0.013359516
21,7,none,cz,1301,104,1,1,True,0.0064421995,0.90119636,0.06511118,0.027250234
21,7,none,cz,1302,104,0,1,False,0.4081697,0.4409471,0.097076654,0.05380656
21,7,none,cz,1303,104,1,1,True,0.22042371,0.37080064,0.32664558,0.08213004
21,7,none,cz,1304,104,0,0,True,0.53045446,0.23524241,0.21767357,0.016629556
21,7,none,cz,1305,104,1,1,True,0.33459282,0.6182784,0.03705765,0.010071109
21,7,none,cz,1306,104,1,1,True,3.774938e-05,0.9454368,0.0529246,0.0016008151
21,7,none,cz,1307,104,0,0,True,0.91541195,0.07240715,0.010821064,0.0013597925
21,7,none,cz,1308,104,3,3,True,0.012531507,0.26065397,0.12706389,0.59975064
21,7,none,cz,1309,104,2,1,False,0.051161002,0.42064884,0.34669605,0.18149415
21,7,none,cz,1310,104,3,3,True,0.11125989,0.101728566,0.050050702,0.7369608
21,7,none,cz,1311,104,2,0,False,0.51849544,0.099273786,0.2643823,0.11784844
21,7,none,cz,1312,104,3,0,False,0.5573843,0.17706561,0.019493815,0.24605627
21,7,none,cz,1313,104,2,2,True,0.0640114,0.29106823,0.633913,0.011007375
21,7,none,cz,1314,104,3,3,True,0.03939682,0.26674196,0.17829593,0.51556534
21,7,none,cz,1315,104,2,1,False,0.16168506,0.5009967,0.1981321,0.13918611
21,7,none,cz,1316,104,3,2,False,0.045850962,0.41740412,0.47068888,0.06605603
21,7,none,cz,1317,104,2,2,True,0.18364371,0.37457392,0.38764334,0.054139055
21,7,none,cz,1318,104,2,2,True,0.18740244,0.15376648,0.60174364,0.057087377
21,7,none,cz,1319,104,3,2,False,0.23482656,0.066441685,0.5463878,0.15234394
21,7,none,cz,1320,104,3,3,True,0.15653624,0.06072912,0.086414054,0.69632065
21,7,none,cz,1321,104,2,2,True,0.058925234,0.40455627,0.51783323,0.018685274
21,7,none,cz,1322,104,2,2,True,0.06743805,0.016968798,0.91393787,0.0016552337
21,7,none,cz,1323,104,0,0,True,0.49218377,0.1076946,0.3170402,0.08308136
21,7,none,cz,1324,104,1,2,False,0.016266309,0.4205599,0.49610907,0.06706478
21,7,none,cz,1325,104,0,2,False,0.15689331,0.026878739,0.7892378,0.026990227
21,7,none,cz,1326,104,1,2,False,0.07532648,0.29246235,0.60783744,0.02437377
21,7,none,cz,1327,104,0,2,False,0.10272842,0.06271837,0.81842977,0.016123401
21,7,none,cz,1328,104,1,3,False,0.0047096377,0.3197403,0.16475916,0.51079094
21,7,none,cz,1329,104,0,0,True,0.9989942,8.162538e-05,0.0005133417,0.00041079943
21,7,none,cz,1330,104,1,2,False,0.18704064,0.26345485,0.39528248,0.15422201
21,7,none,cz,1331,104,1,1,True,0.040972985,0.92028564,0.028998628,0.009742663
21,7,none,cz,1332,104,0,1,False,0.26218608,0.69277257,0.027033396,0.01800788
21,7,none,cz,1333,104,0,2,False,0.3989977,0.05861445,0.51023805,0.03214981
21,7,none,cz,1334,104,1,1,True,0.17522137,0.49847734,0.17327578,0.15302551
21,7,none,cz,1335,104,1,0,False,0.39225885,0.04115957,0.21179609,0.35478556
21,7,none,cz,1336,104,0,0,True,0.50551385,0.013694938,0.4681722,0.01261897
21,7,none,cz,1337,104,0,2,False,0.20867002,0.052471504,0.6069365,0.13192202
21,7,none,cz,1338,104,2,2,True,0.0010261219,0.010667477,0.9790741,0.00923228
21,7,none,cz,1339,104,3,1,False,0.103340104,0.4563995,0.4200792,0.020181248
21,7,none,cz,1340,104,2,2,True,0.22762491,0.37100446,0.38092783,0.020442823
21,7,none,cz,1341,104,3,3,True,0.07458031,0.07359364,0.11434193,0.73748416
21,7,none,cz,1342,104,3,3,True,0.029404456,0.19209121,0.04409084,0.73441356
21,7,none,cz,1343,104,2,2,True,0.016516617,0.08379681,0.8966291,0.0030575278
21,7,none,cz,1344,104,3,3,True,0.021611065,0.02399429,0.043452136,0.9109425
21,7,none,cz,1345,104,2,2,True,0.037816588,0.11939981,0.78377056,0.059013084
21,7,none,cz,1346,104,3,0,False,0.35295135,0.12065753,0.26901788,0.25737324
21,7,none,cz,1347,104,2,2,True,0.20950645,0.11489412,0.6518562,0.023743257
21,7,none,cz,1348,104,3,2,False,0.0045939884,0.19651847,0.5491708,0.24971671
21,7,none,cz,1349,104,2,1,False,0.0036817929,0.8062225,0.15974583,0.030349907
21,7,none,cz,1350,104,2,2,True,0.11230553,0.17698506,0.59815705,0.112552345
21,7,none,cz,1351,104,3,3,True,0.24990438,0.09329985,0.29154032,0.36525545
21,7,none,cz,1352,104,3,2,False,0.102118835,0.13521728,0.57808566,0.18457825
21,7,none,cz,1353,105,0,0,True,0.95490617,0.00028828077,0.01596436,0.028841255
21,7,none,cz,1354,105,1,1,True,0.00065705477,0.8630874,0.12566403,0.010591512
21,7,none,cz,1355,105,1,1,True,0.0028729364,0.8835413,0.095374554,0.018211165
21,7,none,cz,1356,105,0,0,True,0.9142096,0.00095708977,0.027205821,0.05762749
21,7,none,cz,1357,105,1,1,True,0.0007111529,0.68131,0.3008387,0.01714017
21,7,none,cz,1358,105,0,0,True,0.99780446,1.069269e-05,0.0017973544,0.0003875608
21,7,none,cz,1359,105,1,1,True,0.0011717855,0.96962154,0.006930986,0.022275668
21,7,none,cz,1360,105,0,0,True,0.9672958,0.00036984985,0.0068703517,0.025464052
21,7,none,cz,1361,105,0,0,True,0.98487526,0.00021048693,0.008398803,0.006515416
21,7,none,cz,1362,105,1,1,True,0.017845776,0.48740044,0.008752273,0.48600146
21,7,none,cz,1363,105,1,1,True,0.0001710525,0.925854,0.020863544,0.053111397
21,7,none,cz,1364,105,0,0,True,0.9977431,0.00022457741,0.0007750954,0.0012571595
21,7,none,cz,1365,105,1,2,False,0.012253639,0.1856536,0.7375654,0.06452736
21,7,none,cz,1366,105,0,0,True,0.9266042,0.00011760744,0.05676535,0.016512865
21,7,none,cz,1367,105,0,0,True,0.8242154,0.011075491,0.108273625,0.05643553
21,7,none,cz,1368,105,3,3,True,0.008069296,0.0019301536,0.00875263,0.9812479
21,7,none,cz,1369,105,2,2,True,0.02466553,0.015343424,0.6379556,0.3220354
21,7,none,cz,1370,105,2,3,False,0.0031413205,0.010679388,0.17606685,0.8101124
21,7,none,cz,1371,105,3,3,True,0.0037967155,0.0063096094,0.2632657,0.72662795
21,7,none,cz,1372,105,3,3,True,0.10496739,0.0061378134,0.38525894,0.5036358
21,7,none,cz,1373,105,2,2,True,0.009339465,0.008800272,0.55761635,0.4242438
21,7,none,cz,1374,105,3,3,True,0.004363079,0.012994085,0.09076608,0.8918767
21,7,none,cz,1375,105,2,2,True,0.011490922,0.013776837,0.9481084,0.026623921
21,7,none,cz,1376,105,3,2,False,0.02767122,0.15319835,0.48305702,0.33607337
21,7,none,cz,1377,105,2,2,True,0.024890412,0.046047382,0.80325174,0.12581052
21,7,none,cz,1378,105,3,2,False,0.08193086,0.011984252,0.84109575,0.06498914
21,7,none,cz,1379,105,2,3,False,0.0011398055,0.015964843,0.3477555,0.6351398
21,7,none,cz,1380,105,3,3,True,0.0034958986,0.00066250184,0.05496144,0.9408802
21,7,none,cz,1381,105,2,2,True,0.006617926,0.003260506,0.9683926,0.02172896
21,7,none,cz,1382,105,2,3,False,0.0020373184,0.016257852,0.34152457,0.64018023
21,7,none,cz,1383,105,1,1,True,0.00010024298,0.9640807,0.0334048,0.002414299
21,7,none,cz,1384,105,0,2,False,0.051218435,0.0005035571,0.7685409,0.17973714
21,7,none,cz,1385,105,1,1,True,0.0003342178,0.53910786,0.43556368,0.024994252
21,7,none,cz,1386,105,0,3,False,0.18197478,0.00037500967,0.16091757,0.6567327
21,7,none,cz,1387,105,0,2,False,0.23399922,0.00035041934,0.5547801,0.2108703
21,7,none,cz,1388,105,1,1,True,0.015938843,0.7780728,0.18780689,0.018181406
21,7,none,cz,1389,105,1,1,True,0.00054423127,0.913859,0.08526685,0.00032992408
21,7,none,cz,1390,105,0,0,True,0.9457405,0.0025679576,0.046350125,0.0053414623
21,7,none,cz,1391,105,0,0,True,0.79868907,0.023892751,0.16697438,0.010443826
21,7,none,cz,1392,105,1,2,False,0.0020720882,0.43887395,0.5572386,0.0018154437
21,7,none,cz,1393,105,0,0,True,0.91061735,0.002792127,0.05946016,0.027130341
21,7,none,cz,1394,105,1,1,True,0.0050055534,0.9546332,0.03968276,0.0006784511
21,7,none,cz,1395,105,0,2,False,0.1485968,0.0009077119,0.8472841,0.0032114496
21,7,none,cz,1396,105,1,1,True,0.00021260881,0.9712753,0.02787869,0.00063333346
21,7,none,cz,1397,105,1,1,True,0.007262735,0.65591735,0.27886164,0.05795822
21,7,none,cz,1398,105,3,2,False,0.0035532007,0.003759883,0.8889779,0.10370897
21,7,none,cz,1399,105,2,2,True,0.003425047,0.0048931935,0.94695246,0.0447293
21,7,none,cz,1400,105,3,3,True,0.021432173,0.012060732,0.44854712,0.51795995
21,7,none,cz,1401,105,2,2,True,0.0031077699,0.0013483787,0.99135965,0.0041841236
21,7,none,cz,1402,105,3,2,False,0.0014908414,0.0057054656,0.9036683,0.08913541
21,7,none,cz,1403,105,2,2,True,0.0022670273,0.0020525053,0.9808864,0.014794028
21,7,none,cz,1404,105,3,2,False,0.016671104,0.028193936,0.76563597,0.18949898
21,7,none,cz,1405,105,2,3,False,0.16501753,0.027474482,0.23189482,0.57561314
21,7,none,cz,1406,105,3,2,False,0.0048578805,0.0012050759,0.867622,0.12631495
21,7,none,cz,1407,105,2,2,True,0.0018921554,0.043492902,0.89250773,0.062107217
21,7,none,cz,1408,105,2,2,True,0.017680706,0.18111643,0.49821907,0.30298385
21,7,none,cz,1409,105,3,2,False,0.03593223,0.15484665,0.4683633,0.34085777
21,7,none,cz,1410,105,3,3,True,0.011095994,0.039014135,0.18607768,0.7638121
21,7,none,cz,1411,105,2,2,True,0.0019566186,0.016443312,0.9513384,0.03026162
21,7,none,cz,1412,105,2,2,True,0.0021536853,0.012326151,0.9802853,0.005234905
21,7,none,cz,1413,105,1,3,False,0.0004610277,0.18363167,0.0630392,0.75286806
21,7,none,cz,1414,105,0,0,True,0.7908168,0.0055294004,0.19520599,0.008447881
21,7,none,cz,1415,105,1,1,True,0.0016409045,0.64263684,0.27496698,0.08075531
21,7,none,cz,1416,105,0,2,False,0.16811724,0.010430695,0.7740328,0.04741928
21,7,none,cz,1417,105,1,1,True,0.00052698277,0.71407884,0.21910098,0.06629313
21,7,none,cz,1418,105,0,2,False,0.098658845,0.0026011616,0.86228067,0.03645939
21,7,none,cz,1419,105,1,2,False,0.016823832,0.14617735,0.76786625,0.06913253
21,7,none,cz,1420,105,0,0,True,0.52299845,0.016864646,0.40731132,0.05282558
21,7,none,cz,1421,105,0,2,False,0.14113215,0.021136228,0.78870803,0.049023602
21,7,none,cz,1422,105,1,1,True,0.027927635,0.66807747,0.2903258,0.013669075
21,7,none,cz,1423,105,1,1,True,0.0005931044,0.97933424,0.009446871,0.010625794
21,7,none,cz,1424,105,0,0,True,0.8529507,0.0018111246,0.10957869,0.035659466
21,7,none,cz,1425,105,1,2,False,0.0006641597,0.2844965,0.69317544,0.021663891
21,7,none,cz,1426,105,0,2,False,0.005404215,0.00034076095,0.98739517,0.0068598012
21,7,none,cz,1427,105,0,3,False,0.08533237,0.0033953225,0.43524924,0.47602308
21,7,none,cz,1428,105,2,3,False,0.007521956,0.04761788,0.28896582,0.65589434
21,7,none,cz,1429,105,3,3,True,0.013882004,0.011863925,0.46380472,0.5104494
21,7,none,cz,1430,105,3,3,True,0.026125493,0.012422475,0.32186735,0.63958466
21,7,none,cz,1431,105,2,2,True,0.0013461986,0.001740001,0.92835516,0.068558656
21,7,none,cz,1432,105,3,3,True,0.022977551,0.030216563,0.45165607,0.4951498
21,7,none,cz,1433,105,2,2,True,0.0073734843,0.022076318,0.9529821,0.01756809
21,7,none,cz,1434,105,3,2,False,0.021225253,0.029676206,0.75162345,0.19747502
21,7,none,cz,1435,105,2,2,True,0.036180172,0.017145049,0.90196586,0.044708878
21,7,none,cz,1436,105,3,2,False,0.0028253447,0.028638616,0.6554555,0.3130805
21,7,none,cz,1437,105,2,2,True,0.0014131155,0.0038447685,0.99302775,0.0017143928
21,7,none,cz,1438,105,2,2,True,0.0021668214,0.018484311,0.8658053,0.113543466
21,7,none,cz,1439,105,3,2,False,0.018409647,0.020052858,0.79112524,0.17041218
21,7,none,cz,1440,105,2,2,True,0.0025243089,0.009819434,0.9217571,0.06589925
21,7,none,cz,1441,105,3,2,False,0.0005430032,0.00067085645,0.9766594,0.022126652
21,7,none,cz,1442,105,2,2,True,0.03890082,0.0041137887,0.56491363,0.3920717
21,7,none,cz,1443,106,0,2,False,0.0019390695,0.0010352519,0.8650675,0.13195817
21,7,none,cz,1444,106,1,2,False,0.0080330325,0.077784315,0.7427481,0.17143461
21,7,none,cz,1445,106,0,2,False,0.00058726675,0.0015810912,0.9853791,0.012452568
21,7,none,cz,1446,106,1,2,False,0.02155712,0.012785652,0.61509997,0.35055724
21,7,none,cz,1447,106,0,2,False,0.0013830755,0.0032530401,0.9943037,0.0010602927
21,7,none,cz,1448,106,1,2,False,0.0034053042,0.0023594266,0.8946488,0.09958644
21,7,none,cz,1449,106,0,2,False,0.014210171,0.06305903,0.46255076,0.46017998
21,7,none,cz,1450,106,1,3,False,0.008526802,0.112134,0.1036636,0.77567565
21,7,none,cz,1451,106,0,2,False,0.11569038,0.24546675,0.38371792,0.25512496
21,7,none,cz,1452,106,1,2,False,0.0027952367,0.03826908,0.9274261,0.031509586
21,7,none,cz,1453,106,0,3,False,0.0043558166,0.16476959,0.14604315,0.68483144
21,7,none,cz,1454,106,1,2,False,0.0010598517,0.18653263,0.8115877,0.00081987615
21,7,none,cz,1455,106,1,1,True,0.0031126137,0.73633945,0.12375384,0.1367941
21,7,none,cz,1456,106,0,0,True,0.60803574,0.015260882,0.26620314,0.11050021
21,7,none,cz,1457,106,0,0,True,0.88604933,0.0022905993,0.10593965,0.005720486
21,7,none,cz,1458,106,3,2,False,0.0021668891,0.006756264,0.64772236,0.34335455
21,7,none,cz,1459,106,2,3,False,0.0018799396,0.017042808,0.25890738,0.7221699
21,7,none,cz,1460,106,3,2,False,0.032544844,0.058522925,0.5371808,0.37175146
21,7,none,cz,1461,106,2,1,False,0.05890618,0.58206666,0.2698168,0.0892104
21,7,none,cz,1462,106,2,2,True,0.001080875,0.024716986,0.8315858,0.14261636
21,7,none,cz,1463,106,3,1,False,0.009915897,0.39789844,0.30465528,0.28753036
21,7,none,cz,1464,106,3,3,True,0.0024013577,0.047138784,0.3282246,0.62223524
21,7,none,cz,1465,106,2,2,True,0.019904898,0.018541083,0.83737254,0.124181464
21,7,none,cz,1466,106,3,1,False,0.01456802,0.50525576,0.20441993,0.27575633
21,7,none,cz,1467,106,2,2,True,0.007065533,0.013949908,0.971152,0.007832521
21,7,none,cz,1468,106,3,2,False,0.038283557,0.018605731,0.6876253,0.25548548
21,7,none,cz,1469,106,2,2,True,0.05847717,0.248849,0.55840755,0.13426624
21,7,none,cz,1470,106,3,3,True,0.0423352,0.051814698,0.14809684,0.75775325
21,7,none,cz,1471,106,2,3,False,0.14778279,0.028674362,0.06287309,0.7606697
21,7,none,cz,1472,106,3,3,True,0.021718813,0.018242978,0.077560805,0.8824774
21,7,none,cz,1473,106,1,1,True,3.4826422e-05,0.9984168,0.0011232677,0.00042503545
21,7,none,cz,1474,106,0,3,False,0.044762466,0.002433999,0.047420707,0.9053828
21,7,none,cz,1475,106,1,2,False,0.0019825932,0.050978832,0.9355954,0.011443149
21,7,none,cz,1476,106,0,2,False,0.017827181,0.07114904,0.8970642,0.013959653
21,7,none,cz,1477,106,0,3,False,0.041530132,0.09936754,0.06829883,0.7908035
21,7,none,cz,1478,106,1,2,False,0.0103467675,0.17337273,0.53412503,0.2821555
21,7,none,cz,1479,106,1,1,True,0.0012893319,0.98789084,0.0012382439,0.009581661
21,7,none,cz,1480,106,0,2,False,0.09710413,0.10706821,0.69212943,0.10369827
21,7,none,cz,1481,106,0,3,False,0.0072045648,0.13262802,0.11337656,0.7467909
21,7,none,cz,1482,106,1,1,True,0.043072816,0.5094762,0.43842795,0.009023125
21,7,none,cz,1483,106,1,1,True,0.00027539642,0.974258,0.024388148,0.0010784469
21,7,none,cz,1484,106,0,0,True,0.6061439,0.035606474,0.2987545,0.059495125
21,7,none,cz,1485,106,0,1,False,0.027881654,0.4156658,0.34193596,0.21451657
21,7,none,cz,1486,106,1,1,True,0.0023886,0.95341307,0.039016504,0.0051817438
21,7,none,cz,1487,106,0,2,False,0.0071047265,0.28739792,0.47560886,0.22988851
21,7,none,cz,1488,106,2,2,True,0.0027127925,0.004520237,0.9900968,0.0026701833
21,7,none,cz,1489,106,3,3,True,0.012541585,0.016545145,0.02756609,0.94334716
21,7,none,cz,1490,106,2,2,True,0.010526069,0.32867348,0.4417735,0.21902701
21,7,none,cz,1491,106,3,2,False,0.0075692846,0.00043831993,0.7225004,0.269492
21,7,none,cz,1492,106,3,3,True,0.108287625,0.04492741,0.29263124,0.5541537
21,7,none,cz,1493,106,2,2,True,0.07135209,0.03468423,0.8650533,0.028910404
21,7,none,cz,1494,106,2,2,True,0.019360822,0.18011318,0.78161603,0.018909976
21,7,none,cz,1495,106,3,2,False,0.27891052,0.035997562,0.49161595,0.19347596
21,7,none,cz,1496,106,2,2,True,0.024757523,0.08707984,0.8849456,0.0032170766
21,7,none,cz,1497,106,3,2,False,0.06128721,0.018110374,0.9138006,0.0068018334
21,7,none,cz,1498,106,3,2,False,0.012827345,0.054628864,0.6952449,0.23729888
21,7,none,cz,1499,106,2,2,True,0.04828387,0.095381565,0.70215243,0.15418206
21,7,none,cz,1500,106,2,2,True,0.0013479054,0.02640393,0.71718675,0.25506136
21,7,none,cz,1501,106,3,3,True,0.0006645997,0.005485597,0.045979626,0.94787014
21,7,none,cz,1502,106,2,2,True,0.031977993,0.009657187,0.9553161,0.0030486411
21,7,none,cz,1503,106,1,1,True,0.0053191395,0.6147623,0.3726638,0.007254711
21,7,none,cz,1504,106,0,2,False,0.079595454,0.19570407,0.6448105,0.07989
21,7,none,cz,1505,106,0,2,False,0.022250518,0.004618087,0.48781607,0.4853154
21,7,none,cz,1506,106,1,2,False,0.050584048,0.00675078,0.9223809,0.020284263
21,7,none,cz,1507,106,0,0,True,0.5479999,0.064269625,0.29614303,0.09158744
21,7,none,cz,1508,106,1,1,True,0.0033677074,0.569327,0.025817834,0.4014874
21,7,none,cz,1509,106,0,3,False,0.20448126,0.06333921,0.31573954,0.41643998
21,7,none,cz,1510,106,1,2,False,0.014867698,0.049712576,0.93095195,0.0044677192
21,7,none,cz,1511,106,1,1,True,0.0032172154,0.9434682,0.042669393,0.010645164
21,7,none,cz,1512,106,0,0,True,0.81814814,0.03763503,0.09618161,0.048035227
21,7,none,cz,1513,106,0,0,True,0.7926942,0.0097325,0.19364342,0.003929952
21,7,none,cz,1514,106,1,2,False,0.010535696,0.006891597,0.97112525,0.011447563
21,7,none,cz,1515,106,1,3,False,0.008530547,0.052704982,0.05512197,0.8836425
21,7,none,cz,1516,106,0,2,False,0.3260425,0.0015028494,0.42020148,0.25225323
21,7,none,cz,1517,106,0,3,False,0.20248339,0.14114368,0.119041845,0.53733104
21,7,none,cz,1518,106,2,2,True,0.01969014,0.37377828,0.5610075,0.04552406
21,7,none,cz,1519,106,3,3,True,0.085399024,0.1480204,0.3184264,0.44815418
21,7,none,cz,1520,106,2,3,False,0.04596711,0.06826506,0.34952974,0.5362381
21,7,none,cz,1521,106,3,2,False,0.0096171675,0.026249085,0.78162354,0.18251018
21,7,none,cz,1522,106,2,2,True,0.054555587,0.12929602,0.6582549,0.15789343
21,7,none,cz,1523,106,3,3,True,0.21126363,0.014993192,0.37267408,0.40106913
21,7,none,cz,1524,106,2,2,True,0.010756369,0.046869688,0.9188021,0.023571901
21,7,none,cz,1525,106,3,2,False,0.019285092,0.36586404,0.44223142,0.17261952
21,7,none,cz,1526,106,2,2,True,0.00042824884,0.004061465,0.97165316,0.023857217
21,7,none,cz,1527,106,3,2,False,0.044417117,0.014781602,0.93301874,0.007782574
21,7,none,cz,1528,106,3,0,False,0.5732982,0.009529935,0.08699395,0.33017787
21,7,none,cz,1529,106,2,3,False,0.06616373,0.005265273,0.41197494,0.516596
21,7,none,cz,1530,106,3,2,False,0.12865333,0.024654051,0.8360749,0.010617716
21,7,none,cz,1531,106,2,2,True,0.0011976702,0.0051588784,0.98624086,0.0074026217
21,7,none,cz,1532,106,2,2,True,0.23458481,0.0056922403,0.7412034,0.018519519
21,7,none,cz,1533,107,1,1,True,0.0010911728,0.9851643,0.002954529,0.010789942
21,7,none,cz,1534,107,0,2,False,0.1657636,0.1802164,0.35435987,0.29966018
21,7,none,cz,1535,107,0,0,True,0.94208497,0.025188303,0.022926146,0.009800609
21,7,none,cz,1536,107,1,1,True,0.001269418,0.88652515,0.0022091214,0.10999632
21,7,none,cz,1537,107,0,0,True,0.8326065,0.15643775,0.0054307724,0.0055249054
21,7,none,cz,1538,107,1,1,True,0.0010212723,0.9849748,0.0077555506,0.0062482823
21,7,none,cz,1539,107,0,0,True,0.87279505,0.09327649,0.026950214,0.00697824
21,7,none,cz,1540,107,1,1,True,0.009862582,0.98658377,0.002301327,0.0012524083
21,7,none,cz,1541,107,0,0,True,0.9877351,0.0014437928,0.0010804113,0.0097405845
21,7,none,cz,1542,107,1,1,True,0.06571665,0.8742188,0.024622343,0.035442214
21,7,none,cz,1543,107,0,0,True,0.7783264,0.016662428,0.012989969,0.19202115
21,7,none,cz,1544,107,1,1,True,0.06559654,0.49376073,0.10598765,0.33465502
21,7,none,cz,1545,107,0,0,True,0.962284,0.0013161369,0.012227484,0.024172312
21,7,none,cz,1546,107,1,1,True,0.004113193,0.74560547,0.0098388055,0.24044256
21,7,none,cz,1547,107,0,0,True,0.99670666,0.0006654359,0.0021017254,0.00052610977
21,7,none,cz,1548,107,3,1,False,0.067296095,0.5317815,0.05413876,0.3467837
21,7,none,cz,1549,107,2,1,False,0.016344061,0.7186595,0.20313956,0.061856873
21,7,none,cz,1550,107,3,3,True,0.2026581,0.28970996,0.1026667,0.40496525
21,7,none,cz,1551,107,2,1,False,0.010411349,0.93389904,0.021398013,0.034291722
21,7,none,cz,1552,107,3,0,False,0.9621443,0.01901385,0.013133887,0.005707979
21,7,none,cz,1553,107,2,2,True,0.13658427,0.045795143,0.6430853,0.17453527
21,7,none,cz,1554,107,2,0,False,0.89336574,0.0685792,0.0016112012,0.036443915
21,7,none,cz,1555,107,3,3,True,0.35779247,0.010584022,0.0004622058,0.6311613
21,7,none,cz,1556,107,3,0,False,0.94657004,0.008336532,0.04278768,0.0023057524
21,7,none,cz,1557,107,2,2,True,0.103530206,0.37957558,0.44173056,0.07516367
21,7,none,cz,1558,107,2,1,False,0.027868612,0.9547272,0.010618093,0.0067860787
21,7,none,cz,1559,107,3,0,False,0.80709606,0.16482665,0.0039375406,0.024139747
21,7,none,cz,1560,107,2,3,False,0.19795704,0.2366741,0.049450975,0.5159179
21,7,none,cz,1561,107,3,3,True,0.09515451,0.25717214,0.12456933,0.523104
21,7,none,cz,1562,107,3,3,True,0.2895898,0.02603465,0.06044085,0.62393475
21,7,none,cz,1563,107,1,1,True,0.19200419,0.45877394,0.020818606,0.32840326
21,7,none,cz,1564,107,0,0,True,0.97504824,0.01699475,0.0023006003,0.0056563187
21,7,none,cz,1565,107,1,1,True,0.031891808,0.9343343,0.016095629,0.0176783
21,7,none,cz,1566,107,0,0,True,0.8852202,0.047834035,0.0023598624,0.06458587
21,7,none,cz,1567,107,1,1,True,0.0005004359,0.9990318,0.00029354775,0.00017421841
21,7,none,cz,1568,107,0,0,True,0.5019656,0.4057394,0.021042066,0.07125297
21,7,none,cz,1569,107,0,3,False,0.26939124,0.14098732,0.009007943,0.58061343
21,7,none,cz,1570,107,1,3,False,0.15923874,0.016911587,0.38102266,0.44282708
21,7,none,cz,1571,107,0,0,True,0.99328965,0.0036826201,0.0024848823,0.0005427673
21,7,none,cz,1572,107,1,0,False,0.60963786,0.20917243,0.13067207,0.050517615
21,7,none,cz,1573,107,0,0,True,0.32336688,0.24304368,0.14783372,0.28575575
21,7,none,cz,1574,107,1,2,False,0.015707027,0.029454412,0.72292477,0.23191378
21,7,none,cz,1575,107,1,2,False,0.04138787,0.121903546,0.8301909,0.0065177497
21,7,none,cz,1576,107,0,1,False,0.21594587,0.7246631,0.01698587,0.04240516
21,7,none,cz,1577,107,0,0,True,0.6565321,0.05051645,0.026874466,0.26607695
21,7,none,cz,1578,107,3,0,False,0.44595695,0.2680022,0.10080047,0.18524046
21,7,none,cz,1579,107,2,3,False,0.2581263,0.02789498,0.051423036,0.6625557
21,7,none,cz,1580,107,3,0,False,0.8594388,0.045810163,0.012494514,0.08225652
21,7,none,cz,1581,107,2,1,False,0.094978005,0.3333162,0.27687755,0.29482824
21,7,none,cz,1582,107,2,1,False,0.24796332,0.5091739,0.07189353,0.17096925
21,7,none,cz,1583,107,3,0,False,0.69056654,0.006849893,0.031998046,0.27058548
21,7,none,cz,1584,107,3,0,False,0.941946,0.02111813,0.014842835,0.0220929
21,7,none,cz,1585,107,2,0,False,0.5974989,0.1240831,0.26503357,0.013384399
21,7,none,cz,1586,107,2,0,False,0.42377797,0.31567872,0.006063847,0.2544794
21,7,none,cz,1587,107,3,3,True,0.11909575,0.27237216,0.019792052,0.58874005
21,7,none,cz,1588,107,2,2,True,0.10441382,0.07943395,0.76698285,0.04916938
21,7,none,cz,1589,107,3,3,True,0.023278598,0.18443121,0.1267136,0.6655766
21,7,none,cz,1590,107,3,1,False,0.15130639,0.5071323,0.040029604,0.30153173
21,7,none,cz,1591,107,2,3,False,0.08069342,0.14130168,0.0013873213,0.7766176
21,7,none,cz,1592,107,2,3,False,0.069320746,0.08597493,0.07438049,0.7703239
21,7,none,cz,1593,107,0,0,True,0.9741029,0.010782552,0.0059193457,0.009195281
21,7,none,cz,1594,107,1,1,True,0.025058923,0.8679542,0.0015512885,0.105435565
21,7,none,cz,1595,107,1,1,True,0.21383093,0.62711984,0.04367866,0.115370534
21,7,none,cz,1596,107,0,0,True,0.87416464,0.08495245,0.013843625,0.027039299
21,7,none,cz,1597,107,1,1,True,0.04189717,0.8441488,0.101377144,0.012576899
21,7,none,cz,1598,107,0,0,True,0.51001894,0.42504779,0.048353422,0.016579796
21,7,none,cz,1599,107,1,3,False,0.06066009,0.25026327,0.008672223,0.6804044
21,7,none,cz,1600,107,0,1,False,0.05793121,0.73028785,0.1733661,0.038414802
21,7,none,cz,1601,107,1,1,True,0.017822811,0.90923643,0.03814154,0.034799226
21,7,none,cz,1602,107,0,3,False,0.012367019,0.29658705,0.009882554,0.6811634
21,7,none,cz,1603,107,0,0,True,0.96702284,0.028457126,0.0007478943,0.0037720744
21,7,none,cz,1604,107,1,1,True,0.29846218,0.6952499,0.005626569,0.0006613171
21,7,none,cz,1605,107,0,3,False,0.16081305,0.17966948,0.14769216,0.5118253
21,7,none,cz,1606,107,1,2,False,0.0780548,0.224696,0.4972482,0.20000099
21,7,none,cz,1607,107,0,1,False,0.006354376,0.9672954,0.002899754,0.02345051
21,7,none,cz,1608,107,3,0,False,0.6204838,0.09771912,0.24796791,0.033829167
21,7,none,cz,1609,107,2,3,False,0.066696964,0.1739256,0.075407594,0.68396986
21,7,none,cz,1610,107,2,0,False,0.9478685,0.026264032,0.00937976,0.016487585
21,7,none,cz,1611,107,3,3,True,0.02635893,0.026710926,0.021771006,0.9251591
21,7,none,cz,1612,107,2,1,False,0.317447,0.6755512,0.0029437114,0.004058124
21,7,none,cz,1613,107,3,0,False,0.86314285,0.092953235,0.019498754,0.024405183
21,7,none,cz,1614,107,3,1,False,0.09439292,0.81260467,0.025318546,0.06768384
21,7,none,cz,1615,107,2,1,False,0.06538432,0.53100395,0.33795366,0.06565804
21,7,none,cz,1616,107,2,0,False,0.48960778,0.076665565,0.3060236,0.127703
21,7,none,cz,1617,107,3,1,False,0.015596573,0.5339625,0.059543762,0.3908972
21,7,none,cz,1618,107,2,2,True,0.2539972,0.098271325,0.43159193,0.21613953
21,7,none,cz,1619,107,3,3,True,0.062863655,0.18853004,0.1686977,0.5799086
21,7,none,cz,1620,107,2,3,False,0.030159194,0.12833552,0.103563316,0.737942
21,7,none,cz,1621,107,3,3,True,0.0026636422,0.41371685,0.08206922,0.50155026
21,7,none,cz,1622,107,3,3,True,0.29308343,0.12158105,0.13943997,0.44589555
21,7,none,cz,1623,108,0,0,True,0.90453094,0.00038132502,0.0027991987,0.09228856
21,7,none,cz,1624,108,1,1,True,3.3219647e-05,0.99486756,0.00040499648,0.004694239
21,7,none,cz,1625,108,0,3,False,0.36636212,0.0030647933,0.0029033616,0.6276697
21,7,none,cz,1626,108,1,1,True,0.28873587,0.37002277,0.0037240954,0.33751723
21,7,none,cz,1627,108,0,0,True,0.9922305,0.0005528372,0.00045479264,0.0067619076
21,7,none,cz,1628,108,1,1,True,0.00027447523,0.99866164,3.0498322e-05,0.00103332
21,7,none,cz,1629,108,1,1,True,0.00012896159,0.98234266,7.0192e-05,0.017458297
21,7,none,cz,1630,108,0,0,True,0.9205143,0.0014057043,0.00092827284,0.07715181
21,7,none,cz,1631,108,0,0,True,0.99973434,8.090796e-06,1.3272403e-05,0.00024426205
21,7,none,cz,1632,108,1,1,True,0.007912229,0.6215153,0.0017684877,0.36880404
21,7,none,cz,1633,108,0,0,True,0.99820673,0.00023483027,0.00064802676,0.00091047207
21,7,none,cz,1634,108,1,3,False,0.15233107,0.20246151,0.008771518,0.63643587
21,7,none,cz,1635,108,0,3,False,0.3094746,0.12853774,0.17997438,0.3820133
21,7,none,cz,1636,108,1,1,True,0.056182493,0.841596,0.057920072,0.044301435
21,7,none,cz,1637,108,1,1,True,0.0001441567,0.9352569,0.00023248755,0.06436654
21,7,none,cz,1638,108,2,1,False,0.012515001,0.45512307,0.39896214,0.13339987
21,7,none,cz,1639,108,3,3,True,0.00040587614,0.009010658,0.006140523,0.984443
21,7,none,cz,1640,108,2,3,False,0.009771035,0.014556681,0.016069494,0.95960283
21,7,none,cz,1641,108,3,3,True,0.00078417495,0.012819899,0.006425829,0.97997016
21,7,none,cz,1642,108,3,3,True,0.0022833939,0.0073888293,0.0048291693,0.98549867
21,7,none,cz,1643,108,2,1,False,0.17849146,0.3655843,0.35219476,0.103729464
21,7,none,cz,1644,108,2,3,False,0.17893301,0.008324576,0.098535605,0.7142069
21,7,none,cz,1645,108,3,3,True,0.0039044952,0.0056167385,0.0024731418,0.9880056
21,7,none,cz,1646,108,2,1,False,0.047994595,0.92469496,0.0030325856,0.024277903
21,7,none,cz,1647,108,3,3,True,0.04923208,0.043277744,0.007706569,0.8997836
21,7,none,cz,1648,108,3,3,True,0.007157521,0.03872613,0.044788852,0.9093275
21,7,none,cz,1649,108,2,1,False,0.11452791,0.4041769,0.14873071,0.3325645
21,7,none,cz,1650,108,3,3,True,0.060548402,0.0026164067,0.004916176,0.931919
21,7,none,cz,1651,108,2,2,True,0.032434892,0.21486194,0.4927102,0.2599929
21,7,none,cz,1652,108,3,3,True,0.084900886,0.012038543,0.09796073,0.80509984
21,7,none,cz,1653,108,1,2,False,0.00043142485,0.39351946,0.58319235,0.022856813
21,7,none,cz,1654,108,0,1,False,0.20188558,0.5514375,0.06615445,0.18052253
21,7,none,cz,1655,108,1,2,False,0.02919031,0.24123968,0.58413976,0.14543019
21,7,none,cz,1656,108,0,0,True,0.94994545,0.00028549109,0.0014911374,0.048277896
21,7,none,cz,1657,108,0,0,True,0.72112346,0.008561209,0.0007674031,0.2695479
21,7,none,cz,1658,108,1,1,True,0.004227265,0.77753085,0.0062227747,0.21201906
21,7,none,cz,1659,108,1,1,True,0.002220983,0.9856948,0.0040377653,0.008046434
21,7,none,cz,1660,108,0,0,True,0.9784918,0.0027213767,0.0051573855,0.013629549
21,7,none,cz,1661,108,0,0,True,0.9941963,0.00031786074,0.0014262602,0.0040595457
21,7,none,cz,1662,108,1,1,True,0.00019822789,0.99217844,0.0044486434,0.0031746633
21,7,none,cz,1663,108,1,1,True,0.0015030759,0.95513135,0.007007433,0.036358133
21,7,none,cz,1664,108,0,0,True,0.6482398,0.0020388707,0.017714404,0.332007
21,7,none,cz,1665,108,1,2,False,0.013584927,0.27333713,0.63651407,0.076563895
21,7,none,cz,1666,108,0,0,True,0.8922115,0.0037780337,0.015830496,0.08818004
21,7,none,cz,1667,108,1,0,False,0.509025,0.27796003,0.012438177,0.20057684
21,7,none,cz,1668,108,3,3,True,0.0009301047,0.0012805063,0.0035436994,0.9942457
21,7,none,cz,1669,108,2,3,False,0.22370645,0.10881961,0.15274836,0.51472557
21,7,none,cz,1670,108,3,3,True,0.037073787,0.0113507975,0.012962703,0.9386127
21,7,none,cz,1671,108,2,2,True,0.028148869,0.051374674,0.8872825,0.033193983
21,7,none,cz,1672,108,2,3,False,0.02382699,0.18759651,0.2550838,0.53349274
21,7,none,cz,1673,108,3,3,True,0.0028763828,0.019846857,0.0069269408,0.9703498
21,7,none,cz,1674,108,2,2,True,0.0051500066,0.03523167,0.94009155,0.0195268
21,7,none,cz,1675,108,3,1,False,0.038686667,0.49867174,0.29700762,0.165634
21,7,none,cz,1676,108,2,1,False,0.019311555,0.8970807,0.062004466,0.021603351
21,7,none,cz,1677,108,3,3,True,0.022179464,0.15565878,0.1291047,0.69305706
21,7,none,cz,1678,108,2,2,True,0.06037944,0.109180816,0.63192356,0.19851622
21,7,none,cz,1679,108,3,3,True,0.25250295,0.091516495,0.20398863,0.451992
21,7,none,cz,1680,108,2,2,True,0.010702453,0.00067334896,0.78807473,0.20054942
21,7,none,cz,1681,108,3,0,False,0.4570924,0.02333936,0.07570565,0.4438626
21,7,none,cz,1682,108,3,3,True,0.078054994,0.014202933,0.29288906,0.614853
21,7,none,cz,1683,108,1,1,True,0.0076033035,0.5063424,0.19239333,0.29366103
21,7,none,cz,1684,108,0,0,True,0.62881094,0.03879581,0.27641565,0.055977568
21,7,none,cz,1685,108,0,2,False,0.07240472,0.092503704,0.46813828,0.36695328
21,7,none,cz,1686,108,1,2,False,0.032247446,0.18213294,0.7527134,0.032906324
21,7,none,cz,1687,108,0,3,False,0.07032145,0.14804767,0.018207118,0.7634237
21,7,none,cz,1688,108,1,1,True,0.2241041,0.39512652,0.37251696,0.008252424
21,7,none,cz,1689,108,1,1,True,0.00034281105,0.9559592,0.03804273,0.0056551755
21,7,none,cz,1690,108,0,0,True,0.66182643,0.007279182,0.049591716,0.2813026
21,7,none,cz,1691,108,0,3,False,0.15314014,0.116551496,0.094486214,0.6358221
21,7,none,cz,1692,108,1,1,True,0.0012288259,0.9935998,0.0031692258,0.0020021445
21,7,none,cz,1693,108,0,0,True,0.55196184,0.080639094,0.0145301325,0.3528689
21,7,none,cz,1694,108,1,1,True,0.23713997,0.52921414,0.049115207,0.1845307
21,7,none,cz,1695,108,1,1,True,0.0013159936,0.997273,0.00020772628,0.0012032505
21,7,none,cz,1696,108,0,0,True,0.7821042,0.02671945,0.083733015,0.107443325
21,7,none,cz,1697,108,0,0,True,0.99953914,0.00010433733,4.0792784e-05,0.00031572537
21,7,none,cz,1698,108,3,3,True,0.14475168,0.15354112,0.08542779,0.6162794
21,7,none,cz,1699,108,2,2,True,0.024954382,0.19772562,0.46206388,0.3152561
21,7,none,cz,1700,108,2,2,True,0.050533485,0.02717116,0.70936304,0.21293238
21,7,none,cz,1701,108,3,3,True,0.003923285,0.0013886373,0.0013138913,0.99337417
21,7,none,cz,1702,108,2,3,False,0.39016256,0.093385935,0.07688039,0.43957114
21,7,none,cz,1703,108,3,2,False,0.28471765,0.034993626,0.42749253,0.2527962
21,7,none,cz,1704,108,3,3,True,0.0048875655,0.0011532967,0.014201851,0.97975725
21,7,none,cz,1705,108,2,2,True,0.015651656,0.011292382,0.92771214,0.04534381
21,7,none,cz,1706,108,3,3,True,0.043540455,0.050899692,0.13510484,0.770455
21,7,none,cz,1707,108,2,1,False,0.050875474,0.6274107,0.036651403,0.2850624
21,7,none,cz,1708,108,2,2,True,0.18395333,0.015826967,0.5845833,0.21563643
21,7,none,cz,1709,108,3,3,True,0.01424291,0.010035853,0.020283585,0.95543766
21,7,none,cz,1710,108,2,1,False,0.028619945,0.7635949,0.070029184,0.13775595
21,7,none,cz,1711,108,3,1,False,0.017734425,0.567167,0.009384105,0.40571454
21,7,none,cz,1712,108,2,0,False,0.81118757,0.14122306,0.0133970715,0.034192335
21,7,none,cz,1713,109,0,0,True,0.68495387,0.03373503,0.01923406,0.26207706
21,7,none,cz,1714,109,1,2,False,0.14391877,0.3643216,0.45704025,0.034719512
21,7,none,cz,1715,109,1,1,True,0.00022984963,0.9989724,0.0004153154,0.00038234342
21,7,none,cz,1716,109,0,2,False,0.03967443,0.23441672,0.48698664,0.23892218
21,7,none,cz,1717,109,1,1,True,0.018342387,0.953684,0.025832664,0.0021409597
21,7,none,cz,1718,109,0,0,True,0.5390496,0.14315152,0.28653127,0.031267542
21,7,none,cz,1719,109,1,2,False,0.06994968,0.37366617,0.5277988,0.028585382
21,7,none,cz,1720,109,0,2,False,0.4325085,0.009471269,0.54680437,0.011215925
21,7,none,cz,1721,109,1,1,True,0.024471812,0.88448566,0.047867753,0.043174684
21,7,none,cz,1722,109,0,2,False,0.01829525,0.026280882,0.92517793,0.030245928
21,7,none,cz,1723,109,0,0,True,0.47704673,0.00930874,0.3091211,0.20452343
21,7,none,cz,1724,109,1,1,True,0.0031962423,0.866914,0.03056507,0.09932471
21,7,none,cz,1725,109,0,0,True,0.9959174,0.00015765132,0.0035716686,0.00035327222
21,7,none,cz,1726,109,1,3,False,0.09761893,0.28655908,0.14081442,0.47500762
21,7,none,cz,1727,109,1,1,True,0.018681446,0.75880146,0.15140922,0.0711078
21,7,none,cz,1728,109,3,1,False,0.0024672733,0.7329815,0.055104177,0.209447
21,7,none,cz,1729,109,2,2,True,0.007907534,0.21369864,0.42910096,0.34929284
21,7,none,cz,1730,109,2,2,True,0.093653984,0.3434834,0.41355008,0.14931263
21,7,none,cz,1731,109,3,3,True,0.015351566,0.010170069,0.22061852,0.7538599
21,7,none,cz,1732,109,3,2,False,0.003193784,0.019337123,0.5036207,0.47384843
21,7,none,cz,1733,109,2,3,False,0.0745312,0.09114867,0.3918292,0.442491
21,7,none,cz,1734,109,2,2,True,0.027495265,0.026828196,0.90242064,0.043255873
21,7,none,cz,1735,109,3,2,False,0.03785399,0.1621911,0.46497568,0.33497924
21,7,none,cz,1736,109,2,3,False,0.014449786,0.013870228,0.041632853,0.9300471
21,7,none,cz,1737,109,3,3,True,0.010241391,0.027639655,0.0915803,0.87053865
21,7,none,cz,1738,109,2,0,False,0.36353537,0.24598588,0.036432914,0.35404584
21,7,none,cz,1739,109,3,2,False,0.2206534,0.08903373,0.64181465,0.048498254
21,7,none,cz,1740,109,3,2,False,0.025840122,0.0643198,0.4958652,0.41397488
21,7,none,cz,1741,109,2,3,False,0.13231991,0.21941839,0.24162751,0.40663415
21,7,none,cz,1742,109,2,1,False,0.00476641,0.771499,0.033548854,0.19018571
21,7,none,cz,1743,109,1,1,True,0.0018305317,0.8387303,0.11042867,0.049010564
21,7,none,cz,1744,109,0,2,False,0.280872,0.07416336,0.5067452,0.13821946
21,7,none,cz,1745,109,1,0,False,0.7646253,0.11073254,0.05205489,0.07258718
21,7,none,cz,1746,109,0,3,False,0.03638656,0.02022356,0.4079253,0.5354646
21,7,none,cz,1747,109,0,0,True,0.96406496,0.0013696128,0.011174393,0.023391059
21,7,none,cz,1748,109,1,2,False,0.3339543,0.021892948,0.61711186,0.027040873
21,7,none,cz,1749,109,0,3,False,0.04547108,0.03667546,0.24605137,0.67180216
21,7,none,cz,1750,109,1,1,True,0.02358128,0.6864569,0.05478042,0.23518135
21,7,none,cz,1751,109,1,2,False,0.003607975,0.44647917,0.51715267,0.03276026
21,7,none,cz,1752,109,0,2,False,0.010028297,0.0015203448,0.9817345,0.0067169685
21,7,none,cz,1753,109,1,3,False,0.18947928,0.25586376,0.01123302,0.54342395
21,7,none,cz,1754,109,0,3,False,0.029522771,0.25713977,0.038121067,0.6752164
21,7,none,cz,1755,109,1,1,True,0.0044554835,0.96750057,0.022369238,0.005674701
21,7,none,cz,1756,109,0,1,False,0.08627072,0.6270247,0.093744874,0.19295974
21,7,none,cz,1757,109,0,0,True,0.99295515,0.003959198,0.00040697548,0.0026787077
21,7,none,cz,1758,109,2,3,False,0.017648717,0.011074165,0.0079892725,0.96328783
21,7,none,cz,1759,109,3,0,False,0.5022174,0.04787425,0.14104763,0.30886075
21,7,none,cz,1760,109,2,3,False,0.020768706,0.08150204,0.108346425,0.78938276
21,7,none,cz,1761,109,3,3,True,0.010919844,0.028350402,0.21592683,0.7448029
21,7,none,cz,1762,109,3,1,False,0.025155786,0.5251473,0.014016409,0.43568042
21,7,none,cz,1763,109,2,3,False,0.014578758,0.016172156,0.18135013,0.78789896
21,7,none,cz,1764,109,3,3,True,0.012178234,0.02601916,0.11415032,0.8476523
21,7,none,cz,1765,109,2,1,False,0.054182876,0.49354473,0.14695238,0.30532
21,7,none,cz,1766,109,3,3,True,0.009877319,0.19665729,0.039802883,0.75366247
21,7,none,cz,1767,109,2,3,False,0.07447952,0.014395093,0.33397245,0.5771529
21,7,none,cz,1768,109,2,2,True,0.029994082,0.25304624,0.49271646,0.22424316
21,7,none,cz,1769,109,3,3,True,0.049717348,0.0015877243,0.0038629533,0.9448319
21,7,none,cz,1770,109,2,1,False,0.022116426,0.45942798,0.10910788,0.4093477
21,7,none,cz,1771,109,3,3,True,0.018730784,0.037532564,0.16517897,0.7785577
21,7,none,cz,1772,109,2,3,False,0.11574376,0.07620054,0.2810448,0.5270109
21,7,none,cz,1773,109,1,2,False,0.0032013499,0.23575322,0.53574115,0.22530428
21,7,none,cz,1774,109,0,2,False,0.09628877,0.04888504,0.7292778,0.12554844
21,7,none,cz,1775,109,1,2,False,0.28668302,0.24927008,0.42807394,0.035972953
21,7,none,cz,1776,109,0,3,False,0.008738532,0.007111924,0.0068085613,0.97734106
21,7,none,cz,1777,109,0,2,False,0.03521675,0.009277338,0.906702,0.048803892
21,7,none,cz,1778,109,1,1,True,0.0046808585,0.4686326,0.061349936,0.46533662
21,7,none,cz,1779,109,1,3,False,0.17572492,0.3106273,0.13908492,0.37456286
21,7,none,cz,1780,109,0,2,False,0.008401296,0.026539426,0.68961024,0.27544907
21,7,none,cz,1781,109,1,0,False,0.431118,0.13884243,0.1075323,0.32250732
21,7,none,cz,1782,109,0,1,False,0.068534054,0.72123784,0.18834955,0.021878568
21,7,none,cz,1783,109,0,0,True,0.5919104,0.06426981,0.1374135,0.2064063
21,7,none,cz,1784,109,1,2,False,0.14497277,0.022075674,0.70622855,0.126723
21,7,none,cz,1785,109,0,0,True,0.7747994,0.0060489965,0.08132775,0.13782391
21,7,none,cz,1786,109,1,2,False,0.33569044,0.01802533,0.40337312,0.24291112
21,7,none,cz,1787,109,0,2,False,0.015567305,0.06785286,0.60174954,0.31483027
21,7,none,cz,1788,109,2,2,True,0.0025410575,0.45414606,0.51779145,0.0255214
21,7,none,cz,1789,109,3,3,True,0.110462405,0.02313359,0.2652677,0.60113627
21,7,none,cz,1790,109,2,3,False,0.012679174,0.444221,0.021642506,0.5214573
21,7,none,cz,1791,109,3,3,True,0.050231077,0.049936235,0.31146836,0.5883643
21,7,none,cz,1792,109,2,2,True,0.10703334,0.027567115,0.45591262,0.40948692
21,7,none,cz,1793,109,3,3,True,0.028713766,0.05020959,0.36364597,0.5574307
21,7,none,cz,1794,109,2,2,True,0.0993036,0.003783639,0.8424148,0.05449801
21,7,none,cz,1795,109,3,3,True,0.007884787,0.0046473416,0.18838127,0.7990866
21,7,none,cz,1796,109,3,3,True,0.0337153,0.27125573,0.019153034,0.67587596
21,7,none,cz,1797,109,2,3,False,0.015994683,0.03066121,0.39970315,0.55364096
21,7,none,cz,1798,109,3,1,False,0.0033261045,0.73903435,0.0034214663,0.25421813
21,7,none,cz,1799,109,2,3,False,0.0029153517,0.10190471,0.020672377,0.87450755
21,7,none,cz,1800,109,2,3,False,0.002176887,0.001912341,0.33209306,0.66381776
21,7,none,cz,1801,109,3,2,False,0.016225073,0.040720396,0.7219188,0.22113575
21,7,none,cz,1802,109,3,3,True,0.19879353,0.05611352,0.20280662,0.54228634
21,7,none,pz,0,90,0,0,True,0.9025627,0.014037423,0.0107995765,0.072600245
21,7,none,pz,1,90,1,1,True,0.079175614,0.90993196,0.0042619677,0.0066304435
21,7,none,pz,2,90,1,1,True,0.0009033657,0.99864775,2.917221e-05,0.000419719
21,7,none,pz,3,90,0,0,True,0.9834229,0.0018190834,0.00797344,0.006784462
21,7,none,pz,4,90,1,1,True,0.023059243,0.969758,0.0057373955,0.0014454194
21,7,none,pz,5,90,0,0,True,0.94890076,0.0031174782,0.029678108,0.018303543
21,7,none,pz,6,90,1,1,True,0.19456011,0.7933094,0.0020236073,0.010106945
21,7,none,pz,7,90,0,0,True,0.99225885,0.0040644696,0.00029137084,0.003385334
21,7,none,pz,8,90,0,0,True,0.88520527,0.05305913,0.0030765107,0.058659144
21,7,none,pz,9,90,1,1,True,0.0012252544,0.99585944,0.0025166627,0.00039859719
21,7,none,pz,10,90,0,0,True,0.6329689,0.33847442,0.017515667,0.011040964
21,7,none,pz,11,90,1,1,True,0.0074888305,0.9924453,3.855873e-05,2.7303673e-05
21,7,none,pz,12,90,0,0,True,0.8649041,0.005694369,0.016146027,0.11325547
21,7,none,pz,13,90,1,2,False,0.15868379,0.19186544,0.63905483,0.010395904
21,7,none,pz,14,90,1,1,True,0.05810481,0.92193246,0.018767584,0.0011952248
21,7,none,pz,15,90,3,0,False,0.5141789,0.15774454,0.30232528,0.025751349
21,7,none,pz,16,90,2,2,True,0.31047228,0.009628734,0.46587807,0.21402091
21,7,none,pz,17,90,2,0,False,0.4521705,0.11220325,0.11852017,0.31710607
21,7,none,pz,18,90,3,0,False,0.5165986,0.07588936,0.05911951,0.34839258
21,7,none,pz,19,90,3,3,True,0.21762836,0.23470436,0.20402788,0.3436394
21,7,none,pz,20,90,2,2,True,0.123204514,0.35322386,0.51570755,0.007864089
21,7,none,pz,21,90,3,2,False,0.13379566,0.18054147,0.43363193,0.25203103
21,7,none,pz,22,90,2,0,False,0.44351682,0.36689904,0.1607367,0.028847491
21,7,none,pz,23,90,2,2,True,0.1468212,0.1294432,0.65149546,0.07224014
21,7,none,pz,24,90,3,0,False,0.7161276,0.1806919,0.058930084,0.044250418
21,7,none,pz,25,90,2,2,True,0.14874184,0.050131418,0.7812327,0.01989402
21,7,none,pz,26,90,3,0,False,0.45801285,0.22779001,0.2728863,0.041310802
21,7,none,pz,27,90,3,3,True,0.15973267,0.27957892,0.24234615,0.31834224
21,7,none,pz,28,90,2,1,False,0.16057552,0.7412574,0.08138273,0.016784353
21,7,none,pz,29,90,2,2,True,0.07380516,0.281655,0.6251785,0.019361338
21,7,none,pz,30,90,1,1,True,0.09842878,0.89965296,0.0017268853,0.00019134257
21,7,none,pz,31,90,0,0,True,0.8247734,0.08219396,0.058032095,0.03500054
21,7,none,pz,32,90,1,1,True,9.7226635e-05,0.9996667,5.853669e-05,0.0001776214
21,7,none,pz,33,90,0,0,True,0.8680998,0.022578185,0.10341663,0.005905386
21,7,none,pz,34,90,1,1,True,0.030008279,0.9062641,0.04512847,0.018599203
21,7,none,pz,35,90,0,0,True,0.46229932,0.11377315,0.39981124,0.024116311
21,7,none,pz,36,90,1,1,True,0.021578949,0.81596327,0.0061198897,0.15633793
21,7,none,pz,37,90,0,0,True,0.84115326,0.10803094,0.0433821,0.0074336897
21,7,none,pz,38,90,1,1,True,0.022020144,0.82745117,0.14785838,0.0026703074
21,7,none,pz,39,90,0,2,False,0.3142241,0.047873482,0.5420727,0.09582976
21,7,none,pz,40,90,1,1,True,0.28190866,0.67303747,0.014076117,0.030977752
21,7,none,pz,41,90,0,0,True,0.66901356,0.0012309115,0.11377569,0.21597984
21,7,none,pz,42,90,1,1,True,0.021063749,0.9341574,0.043742944,0.0010358492
21,7,none,pz,43,90,0,2,False,0.1026594,0.19075155,0.65219647,0.05439259
21,7,none,pz,44,90,1,1,True,0.00017932584,0.9805166,0.018250722,0.0010533867
21,7,none,pz,45,90,2,2,True,0.33205545,0.03641533,0.51468307,0.116846204
21,7,none,pz,46,90,3,2,False,0.04656784,0.009055219,0.9091241,0.035252925
21,7,none,pz,47,90,3,2,False,0.1742955,0.21259007,0.34585214,0.26726228
21,7,none,pz,48,90,2,0,False,0.540183,0.02860405,0.16906877,0.26214415
21,7,none,pz,49,90,3,3,True,0.21574566,0.09419902,0.13201883,0.5580365
21,7,none,pz,50,90,2,2,True,0.28766853,0.045672417,0.63687444,0.029784666
21,7,none,pz,51,90,3,3,True,0.26910892,0.08354746,0.13914138,0.50820225
21,7,none,pz,52,90,2,0,False,0.36885136,0.2986278,0.28010234,0.052418463
21,7,none,pz,53,90,3,3,True,0.32351726,0.0059285536,0.24064781,0.4299064
21,7,none,pz,54,90,2,2,True,0.29171562,0.039482955,0.52240723,0.14639422
21,7,none,pz,55,90,2,2,True,0.11916816,0.12863415,0.5881731,0.16402459
21,7,none,pz,56,90,3,2,False,0.06572313,0.023759702,0.82668936,0.08382784
21,7,none,pz,57,90,2,2,True,0.04584649,0.038241036,0.6939009,0.22201161
21,7,none,pz,58,90,3,2,False,0.23429896,0.023562297,0.3957414,0.34639728
21,7,none,pz,59,90,3,3,True,0.14710052,0.20691966,0.108621605,0.5373582
21,7,none,pz,60,90,1,1,True,0.122463495,0.8688065,0.007512439,0.0012175739
21,7,none,pz,61,90,0,0,True,0.9613039,0.012920776,0.012912579,0.012862765
21,7,none,pz,62,90,1,1,True,0.08693141,0.90384537,0.009088526,0.00013466716
21,7,none,pz,63,90,0,0,True,0.8206543,0.030471511,0.10355921,0.045315105
21,7,none,pz,64,90,0,0,True,0.98049414,0.0012123564,0.017220782,0.0010727174
21,7,none,pz,65,90,1,1,True,0.036772735,0.9464433,0.015820011,0.0009640104
21,7,none,pz,66,90,1,1,True,0.036571153,0.68758994,0.268919,0.006919895
21,7,none,pz,67,90,0,0,True,0.93894374,0.00299618,0.027352627,0.030707443
21,7,none,pz,68,90,0,0,True,0.98833317,0.0024228706,0.009074113,0.00016988498
21,7,none,pz,69,90,1,0,False,0.37067986,0.18131292,0.08582154,0.36218572
21,7,none,pz,70,90,1,1,True,0.12333962,0.85320395,0.016564166,0.006892219
21,7,none,pz,71,90,0,0,True,0.8452682,0.012335203,0.110591546,0.031805098
21,7,none,pz,72,90,1,2,False,0.32719713,0.1296185,0.49889234,0.044291995
21,7,none,pz,73,90,0,0,True,0.8612678,0.019089477,0.1141507,0.0054920744
21,7,none,pz,74,90,0,0,True,0.87301224,0.004965628,0.07738157,0.0446405
21,7,none,pz,75,90,2,2,True,0.026925273,0.023216788,0.55552495,0.39433298
21,7,none,pz,76,90,3,0,False,0.95916855,0.007089144,0.03115321,0.0025890707
21,7,none,pz,77,90,2,2,True,0.262859,0.032730807,0.66911983,0.035290398
21,7,none,pz,78,90,3,0,False,0.43703204,0.03454172,0.26733345,0.2610928
21,7,none,pz,79,90,2,1,False,0.0273042,0.80525756,0.15794872,0.009489537
21,7,none,pz,80,90,3,2,False,0.30745634,0.16133966,0.4655982,0.065605775
21,7,none,pz,81,90,2,2,True,0.095648,0.015002149,0.7445214,0.1448285
21,7,none,pz,82,90,3,2,False,0.29992223,0.13489872,0.5302582,0.03492085
21,7,none,pz,83,90,2,2,True,0.13846913,0.010178548,0.8433125,0.008039794
21,7,none,pz,84,90,3,2,False,0.29945555,0.053053975,0.47632873,0.17116173
21,7,none,pz,85,90,2,0,False,0.8591255,0.03419836,0.06759879,0.03907737
21,7,none,pz,86,90,3,0,False,0.6959056,0.084363274,0.100173645,0.11955747
21,7,none,pz,87,90,3,0,False,0.67840314,0.028986745,0.26067033,0.0319397
21,7,none,pz,88,90,2,2,True,0.14585426,0.18640417,0.53499585,0.13274568
21,7,none,pz,89,90,3,0,False,0.6287787,0.29203278,0.029521726,0.049666744
21,7,none,pz,90,91,0,0,True,0.9719169,0.024996798,0.0023722854,0.00071403134
21,7,none,pz,91,91,1,0,False,0.44994542,0.18287729,0.14445432,0.22272295
21,7,none,pz,92,91,0,2,False,0.23046182,0.16005965,0.3057151,0.30376336
21,7,none,pz,93,91,1,1,True,0.014670145,0.9786694,0.002914388,0.003746087
21,7,none,pz,94,91,1,1,True,0.0022168963,0.99703467,0.0004342205,0.00031422387
21,7,none,pz,95,91,0,0,True,0.9934847,0.003159908,0.0024670651,0.0008883116
21,7,none,pz,96,91,1,1,True,0.17929772,0.8180989,0.0021588067,0.0004445108
21,7,none,pz,97,91,0,0,True,0.84586185,0.12319036,0.021559265,0.00938865
21,7,none,pz,98,91,0,0,True,0.998367,0.0012892509,0.00012625752,0.00021741944
21,7,none,pz,99,91,1,1,True,0.05246893,0.8958866,0.013919434,0.03772513
21,7,none,pz,100,91,0,0,True,0.9992561,0.00026461756,0.000322134,0.00015724973
21,7,none,pz,101,91,1,2,False,0.039224308,0.37852135,0.5295608,0.052693557
21,7,none,pz,102,91,1,1,True,0.0053407145,0.98825383,0.002424383,0.0039809765
21,7,none,pz,103,91,0,0,True,0.9970181,0.00035596808,0.0022062685,0.00041969254
21,7,none,pz,104,91,0,0,True,0.9995623,0.00024255764,0.00016220768,3.2837375e-05
21,7,none,pz,105,91,2,3,False,0.027992217,0.26077095,0.10052489,0.61071193
21,7,none,pz,106,91,3,3,True,0.002771419,0.037055604,0.051930036,0.90824294
21,7,none,pz,107,91,3,3,True,0.012945375,0.04876487,0.024334187,0.91395557
21,7,none,pz,108,91,2,2,True,0.016230157,0.024185011,0.93510103,0.024483776
21,7,none,pz,109,91,2,2,True,0.0020444873,0.019232862,0.9559871,0.022735523
21,7,none,pz,110,91,3,2,False,0.16434501,0.02399208,0.5573217,0.25434119
21,7,none,pz,111,91,3,3,True,0.0034609665,0.009040619,0.061365556,0.9261329
21,7,none,pz,112,91,2,2,True,0.06848816,0.06500075,0.49525598,0.3712551
21,7,none,pz,113,91,3,2,False,0.047576167,0.006715474,0.8954073,0.05030105
21,7,none,pz,114,91,2,2,True,0.00019341047,0.0007964195,0.99867487,0.00033539245
21,7,none,pz,115,91,3,2,False,0.014924417,0.017753534,0.9195987,0.047723364
21,7,none,pz,116,91,2,2,True,0.15966971,0.062201362,0.6430315,0.13509753
21,7,none,pz,117,91,2,3,False,0.03212914,0.03885789,0.44040892,0.48860413
21,7,none,pz,118,91,3,2,False,0.030479558,0.048009858,0.8674025,0.054108113
21,7,none,pz,119,91,2,2,True,0.00039108028,0.018260917,0.9770735,0.0042744773
21,7,none,pz,120,91,0,0,True,0.9495701,0.04215069,0.007579204,0.00069987867
21,7,none,pz,121,91,1,3,False,0.12099895,0.029929353,0.29819828,0.5508734
21,7,none,pz,122,91,1,1,True,0.054658607,0.86259156,0.052414495,0.030335328
21,7,none,pz,123,91,0,3,False,0.03839064,0.12786452,0.3366403,0.49710447
21,7,none,pz,124,91,0,0,True,0.9957973,0.0030598866,0.00045331282,0.00068945053
21,7,none,pz,125,91,1,2,False,0.025877476,0.08379773,0.54650116,0.34382364
21,7,none,pz,126,91,1,1,True,0.0009658646,0.8336098,0.14603281,0.019391539
21,7,none,pz,127,91,0,3,False,0.21991119,0.012381052,0.22248961,0.54521817
21,7,none,pz,128,91,0,0,True,0.99962234,1.09552275e-05,1.7746072e-05,0.0003488946
21,7,none,pz,129,91,1,1,True,0.01311343,0.8651939,0.022512073,0.09918055
21,7,none,pz,130,91,1,3,False,0.015942689,0.2758705,0.238,0.47018683
21,7,none,pz,131,91,0,0,True,0.9912922,0.0005392698,0.007987841,0.00018076034
21,7,none,pz,132,91,1,1,True,0.305039,0.65640885,0.010703798,0.027848383
21,7,none,pz,133,91,0,3,False,0.09536742,0.059015345,0.011508299,0.83410895
21,7,none,pz,134,91,1,0,False,0.9794718,2.7103553e-05,0.010169249,0.010331791
21,7,none,pz,135,91,2,1,False,0.063907504,0.4768639,0.07662376,0.3826048
21,7,none,pz,136,91,3,2,False,0.062117454,0.044924658,0.76732856,0.12562929
21,7,none,pz,137,91,2,2,True,0.33516997,0.14898495,0.4174581,0.09838694
21,7,none,pz,138,91,3,2,False,0.23607373,0.06465942,0.43122783,0.26803896
21,7,none,pz,139,91,2,3,False,0.09571432,0.028427813,0.42627665,0.44958127
21,7,none,pz,140,91,3,3,True,0.0004878958,0.0019612173,0.008738336,0.98881257
21,7,none,pz,141,91,2,2,True,0.017446265,0.0042580427,0.97703207,0.0012635567
21,7,none,pz,142,91,3,3,True,0.010565942,0.0034414069,0.034894843,0.9510977
21,7,none,pz,143,91,2,2,True,0.0072870837,0.08059056,0.8730177,0.03910465
21,7,none,pz,144,91,3,2,False,0.0015737588,0.04520879,0.67196846,0.28124908
21,7,none,pz,145,91,3,3,True,0.01934711,0.109869,0.007106282,0.8636776
21,7,none,pz,146,91,2,3,False,0.4164051,0.012714639,0.035092838,0.5357874
21,7,none,pz,147,91,2,3,False,0.0017107656,0.03594816,0.14215022,0.8201908
21,7,none,pz,148,91,3,3,True,0.09744863,0.02149813,0.15601584,0.72503746
21,7,none,pz,149,91,3,3,True,0.013882131,0.08130717,0.007909301,0.8969014
21,7,none,pz,150,91,1,1,True,5.976564e-06,0.9769835,0.022560513,0.00045003425
21,7,none,pz,151,91,0,3,False,0.2367375,0.013044671,0.06259024,0.68762755
21,7,none,pz,152,91,1,3,False,0.003952666,0.26771438,0.08802506,0.64030784
21,7,none,pz,153,91,0,0,True,0.983039,0.00013413579,0.0118761035,0.0049507297
21,7,none,pz,154,91,0,2,False,0.039950915,0.00096330786,0.95876575,0.00032007415
21,7,none,pz,155,91,1,2,False,0.0976791,0.00054334936,0.8839806,0.017797021
21,7,none,pz,156,91,1,2,False,0.00079050305,0.17260101,0.8188225,0.0077860006
21,7,none,pz,157,91,0,0,True,0.9995796,0.00012765481,0.000212607,8.02494e-05
21,7,none,pz,158,91,0,0,True,0.98161745,0.008983853,0.0066204187,0.0027784016
21,7,none,pz,159,91,1,3,False,0.0671083,0.28334185,0.28426364,0.36528617
21,7,none,pz,160,91,0,0,True,0.9629122,0.0024002953,0.03297443,0.0017129304
21,7,none,pz,161,91,1,1,True,0.00434588,0.92085505,0.038397375,0.036401726
21,7,none,pz,162,91,1,2,False,0.11487798,0.34218925,0.34658736,0.19634545
21,7,none,pz,163,91,0,0,True,0.8490541,0.0010141177,0.078024745,0.071907036
21,7,none,pz,164,91,1,2,False,0.0019665188,0.0138343815,0.9668761,0.017323093
21,7,none,pz,165,91,2,2,True,0.019208413,0.0031053682,0.88499403,0.0926922
21,7,none,pz,166,91,3,2,False,0.031413425,0.0066750664,0.7438168,0.21809472
21,7,none,pz,167,91,3,2,False,0.0002900388,0.01572857,0.9095943,0.074387155
21,7,none,pz,168,91,2,2,True,0.009925815,0.018656362,0.8960671,0.075350806
21,7,none,pz,169,91,2,2,True,0.01601714,0.0004075639,0.87235886,0.11121642
21,7,none,pz,170,91,3,3,True,0.008753465,0.06894168,0.4422876,0.48001733
21,7,none,pz,171,91,3,3,True,0.007071393,0.018957384,0.10459955,0.86937165
21,7,none,pz,172,91,2,2,True,0.004542671,0.05232114,0.5176559,0.42548034
21,7,none,pz,173,91,3,3,True,0.018975299,0.15659982,0.09359644,0.7308284
21,7,none,pz,174,91,2,2,True,0.055616006,0.003174809,0.7729991,0.16821
21,7,none,pz,175,91,2,2,True,0.0019933956,0.0126297455,0.95773476,0.027642101
21,7,none,pz,176,91,3,2,False,0.009145571,0.06379266,0.715377,0.21168478
21,7,none,pz,177,91,3,3,True,0.32959142,0.0038034467,0.32614705,0.34045807
21,7,none,pz,178,91,2,2,True,0.00810625,0.09795456,0.8443529,0.049586345
21,7,none,pz,179,91,3,2,False,0.0072853244,0.026007239,0.5367417,0.4299657
21,7,none,pz,180,92,1,3,False,0.12271979,0.332011,0.11293915,0.43233004
21,7,none,pz,181,92,0,3,False,0.250773,0.14678504,0.13634083,0.46610117
21,7,none,pz,182,92,1,0,False,0.6300678,0.15494037,0.17790842,0.037083372
21,7,none,pz,183,92,0,2,False,0.21005186,0.0036421265,0.78436947,0.0019365187
21,7,none,pz,184,92,0,2,False,0.2906808,0.08150753,0.3512512,0.27656052
21,7,none,pz,185,92,1,1,True,0.06828682,0.89035934,0.03069877,0.010655103
21,7,none,pz,186,92,0,0,True,0.9569523,0.017211733,0.018670525,0.0071655386
21,7,none,pz,187,92,1,1,True,0.18787044,0.8095721,0.0023353002,0.0002221529
21,7,none,pz,188,92,1,1,True,0.004222524,0.99546754,0.0001207141,0.00018925418
21,7,none,pz,189,92,0,2,False,0.3407157,0.064535305,0.53888255,0.05586639
21,7,none,pz,190,92,0,0,True,0.9522157,0.0236293,0.014753592,0.009401316
21,7,none,pz,191,92,1,0,False,0.42866737,0.04996464,0.30388144,0.21748655
21,7,none,pz,192,92,0,0,True,0.98284334,0.009568162,0.0072652726,0.00032322342
21,7,none,pz,193,92,1,3,False,0.06860998,0.33863944,0.07639816,0.5163524
21,7,none,pz,194,92,0,0,True,0.52446944,0.090140395,0.3437571,0.04163311
21,7,none,pz,195,92,1,1,True,0.23706415,0.6945221,0.047551565,0.020862231
21,7,none,pz,196,92,1,1,True,0.022285214,0.97299814,0.0035800112,0.001136638
21,7,none,pz,197,92,0,0,True,0.99388087,0.002873037,0.0021861342,0.0010599468
21,7,none,pz,198,92,1,1,True,0.092763215,0.74069625,0.13833657,0.028203983
21,7,none,pz,199,92,2,0,False,0.60319763,0.09756816,0.1829247,0.11630953
21,7,none,pz,200,92,3,0,False,0.46857774,0.040455427,0.19072953,0.30023727
21,7,none,pz,201,92,2,3,False,0.20402853,0.01822048,0.30124995,0.47650102
21,7,none,pz,202,92,3,3,True,0.22332187,0.020564087,0.1796671,0.57644695
21,7,none,pz,203,92,2,0,False,0.43468556,0.36189958,0.18435162,0.019063227
21,7,none,pz,204,92,3,3,True,0.23647611,0.10177869,0.08619011,0.5755551
21,7,none,pz,205,92,2,2,True,0.1572627,0.13028507,0.61494046,0.097511835
21,7,none,pz,206,92,3,0,False,0.5755596,0.13745454,0.06649334,0.22049254
21,7,none,pz,207,92,3,0,False,0.58560294,0.18593703,0.10835424,0.12010578
21,7,none,pz,208,92,2,0,False,0.6396924,0.03507563,0.23130989,0.09392204
21,7,none,pz,209,92,2,2,True,0.011762082,0.12578371,0.8500612,0.012392947
21,7,none,pz,210,92,3,1,False,0.11707058,0.5683771,0.012323103,0.30222926
21,7,none,pz,211,92,3,3,True,0.23634523,0.09756497,0.008504336,0.65758544
21,7,none,pz,212,92,2,1,False,0.39184073,0.47643867,0.06895855,0.062762134
21,7,none,pz,213,92,3,0,False,0.6375774,0.21396905,0.039979283,0.108474165
21,7,none,pz,214,92,2,0,False,0.947521,0.022315862,0.027792197,0.0023710502
21,7,none,pz,215,92,2,3,False,0.110253766,0.253056,0.15763548,0.47905475
21,7,none,pz,216,92,3,1,False,0.10727904,0.50468737,0.09245431,0.29557934
21,7,none,pz,217,92,2,2,True,0.050691247,0.25860417,0.66401947,0.026685221
21,7,none,pz,218,92,0,0,True,0.99570966,0.00059627736,0.0028692642,0.000824847
21,7,none,pz,219,92,1,1,True,0.48113823,0.5050009,0.011168197,0.0026926522
21,7,none,pz,220,92,0,0,True,0.96839887,0.022526609,0.007006118,0.0020685107
21,7,none,pz,221,92,1,1,True,0.30997655,0.63653696,0.038979646,0.0145067675
21,7,none,pz,222,92,1,1,True,0.0454998,0.93801206,0.015734922,0.00075322983
21,7,none,pz,223,92,0,0,True,0.75377434,0.17188329,0.0364008,0.037941534
21,7,none,pz,224,92,1,1,True,0.00374427,0.98804015,0.00018715672,0.008028505
21,7,none,pz,225,92,0,1,False,0.2160853,0.7078204,0.07141809,0.0046761637
21,7,none,pz,226,92,0,0,True,0.9861881,0.011542331,0.0008280937,0.001441385
21,7,none,pz,227,92,1,1,True,0.019674893,0.9555603,0.014037216,0.010727475
21,7,none,pz,228,92,1,1,True,0.002494986,0.9774481,0.0034048597,0.016652102
21,7,none,pz,229,92,0,0,True,0.9556536,0.003966088,0.0035156966,0.036864668
21,7,none,pz,230,92,1,1,True,0.0039976453,0.99428385,0.0008965519,0.00082203245
21,7,none,pz,231,92,0,0,True,0.47438878,0.38070428,0.053193152,0.0917138
21,7,none,pz,232,92,0,0,True,0.9942919,0.0011119872,0.0028074,0.001788733
21,7,none,pz,233,92,1,1,True,0.024449678,0.97014344,0.00084340054,0.004563463
21,7,none,pz,234,92,0,0,True,0.7526537,0.0029397127,0.15130168,0.09310489
21,7,none,pz,235,92,1,1,True,0.020294596,0.9555503,0.017875906,0.0062792418
21,7,none,pz,236,92,1,1,True,0.008060943,0.99003005,0.00019572911,0.0017133018
21,7,none,pz,237,92,3,3,True,0.36154366,0.1765259,0.020593068,0.4413374
21,7,none,pz,238,92,2,3,False,0.27523628,0.2848181,0.069187805,0.3707579
21,7,none,pz,239,92,3,0,False,0.37830296,0.32119876,0.20924191,0.091256335
21,7,none,pz,240,92,2,2,True,0.10120039,0.15386397,0.6609421,0.083993636
21,7,none,pz,241,92,2,2,True,0.29114163,0.23317994,0.46315926,0.012519168
21,7,none,pz,242,92,3,2,False,0.19396457,0.12510066,0.56152135,0.119413435
21,7,none,pz,243,92,2,2,True,0.29724544,0.22139308,0.40775484,0.07360671
21,7,none,pz,244,92,3,0,False,0.51450294,0.31620824,0.15025151,0.019037306
21,7,none,pz,245,92,2,0,False,0.66168505,0.10401076,0.1428903,0.09141381
21,7,none,pz,246,92,3,3,True,0.015046331,0.18461496,0.094176844,0.7061619
21,7,none,pz,247,92,2,2,True,0.032197487,0.14047028,0.6905084,0.13682379
21,7,none,pz,248,92,3,3,True,0.03223724,0.14282054,0.066413455,0.7585288
21,7,none,pz,249,92,3,3,True,0.038310114,0.13769816,0.010324827,0.8136669
21,7,none,pz,250,92,2,2,True,0.026002973,0.07756698,0.857362,0.039068103
21,7,none,pz,251,92,3,3,True,0.03703243,0.00810499,0.11277792,0.84208465
21,7,none,pz,252,92,2,0,False,0.52045923,0.12474506,0.21028765,0.14450803
21,7,none,pz,253,92,2,2,True,0.422698,0.076343566,0.48662946,0.014328993
21,7,none,pz,254,92,3,0,False,0.47726718,0.06457695,0.41008806,0.048067816
21,7,none,pz,255,92,2,2,True,0.2622519,0.184687,0.54067236,0.012388768
21,7,none,pz,256,92,0,0,True,0.96376324,0.021921398,0.0009779618,0.013337453
21,7,none,pz,257,92,1,0,False,0.9462119,0.0404967,0.010618586,0.0026728401
21,7,none,pz,258,92,1,1,True,0.11890722,0.86941427,0.0074555674,0.0042228657
21,7,none,pz,259,92,0,0,True,0.9827377,0.0060768435,0.0047649858,0.006420382
21,7,none,pz,260,92,0,0,True,0.865057,0.020273913,0.04202571,0.07264329
21,7,none,pz,261,92,1,1,True,0.09243565,0.8936783,0.012392947,0.0014931202
21,7,none,pz,262,92,1,1,True,0.009820443,0.94919217,0.0029111526,0.038076323
21,7,none,pz,263,92,0,0,True,0.93942106,0.022045415,0.033308264,0.0052251806
21,7,none,pz,264,92,0,0,True,0.9690155,0.008138385,0.017660249,0.0051858732
21,7,none,pz,265,92,1,1,True,0.012312781,0.9857222,0.0007745139,0.0011905583
21,7,none,pz,266,92,0,0,True,0.94655305,0.04211133,0.010371294,0.00096433744
21,7,none,pz,267,92,1,0,False,0.4859114,0.22163673,0.14946137,0.14299046
21,7,none,pz,268,92,0,0,True,0.87001735,0.118361816,0.0036706747,0.007950163
21,7,none,pz,269,92,1,1,True,0.047433715,0.8675295,0.052793086,0.03224365
21,7,none,pz,270,92,1,1,True,0.19327588,0.7287689,0.05852418,0.019431036
21,7,none,pz,271,92,0,0,True,0.8877579,0.105884075,0.0035668048,0.0027912569
21,7,none,pz,272,92,1,1,True,0.1570694,0.78664845,0.047048945,0.009233217
21,7,none,pz,273,92,0,0,True,0.61908334,0.057700224,0.3063737,0.016842727
21,7,none,pz,274,92,1,3,False,0.2780383,0.12583838,0.19200477,0.4041185
21,7,none,pz,275,92,3,1,False,0.25503737,0.50381905,0.13926706,0.10187656
21,7,none,pz,276,92,2,1,False,0.21986233,0.37220547,0.1771684,0.2307638
21,7,none,pz,277,92,3,1,False,0.078802764,0.4866357,0.21394171,0.22061981
21,7,none,pz,278,92,2,0,False,0.34645727,0.22759081,0.18557818,0.24037366
21,7,none,pz,279,92,3,3,True,0.20817298,0.002915017,0.14253429,0.64637774
21,7,none,pz,280,92,2,0,False,0.6278019,0.04823298,0.29187208,0.03209305
21,7,none,pz,281,92,3,2,False,0.023804689,0.31970978,0.37787503,0.27861053
21,7,none,pz,282,92,2,2,True,0.24756102,0.32888427,0.39354578,0.03000897
21,7,none,pz,283,92,2,2,True,0.13209303,0.23882152,0.6240357,0.005049659
21,7,none,pz,284,92,3,0,False,0.49895364,0.14693998,0.24669075,0.107415594
21,7,none,pz,285,92,3,3,True,0.01707404,0.4055858,0.0701026,0.5072376
21,7,none,pz,286,92,2,2,True,0.14331414,0.2927888,0.5408331,0.023063974
21,7,none,pz,287,92,2,1,False,0.07073675,0.90218645,0.017759042,0.009317841
21,7,none,pz,288,92,3,1,False,0.24946608,0.3164279,0.1539601,0.28014594
21,7,none,pz,289,92,3,3,True,0.014455841,0.23053144,0.04084583,0.7141669
21,7,none,pz,290,92,2,1,False,0.11385915,0.5269104,0.14669658,0.21253377
21,7,none,pz,291,92,2,0,False,0.896118,0.018344834,0.053774357,0.031762734
21,7,none,pz,292,92,3,0,False,0.5994844,0.11566491,0.0321072,0.25274354
21,7,none,pz,293,92,2,1,False,0.24391046,0.5041584,0.17275941,0.07917173
21,7,none,pz,294,93,1,1,True,0.10742643,0.54430544,0.12274987,0.22551821
21,7,none,pz,295,93,0,2,False,0.33593637,0.121342726,0.45525026,0.08747066
21,7,none,pz,296,93,1,1,True,0.0006186386,0.93014157,0.033330955,0.03590885
21,7,none,pz,297,93,0,2,False,0.156368,0.2351229,0.49725804,0.111251086
21,7,none,pz,298,93,1,2,False,0.002279604,0.03624323,0.9506557,0.010821445
21,7,none,pz,299,93,0,3,False,0.032812163,0.060178176,0.41209295,0.49491668
21,7,none,pz,300,93,0,0,True,0.9915733,0.0048040315,0.0030436083,0.00057901756
21,7,none,pz,301,93,1,1,True,0.003532995,0.37308252,0.29372346,0.32966107
21,7,none,pz,302,93,1,2,False,0.073002756,0.008431282,0.8903001,0.028265793
21,7,none,pz,303,93,0,2,False,0.08361598,0.014601247,0.8636478,0.038134884
21,7,none,pz,304,93,1,2,False,0.041233655,0.19615076,0.47302467,0.2895909
21,7,none,pz,305,93,0,0,True,0.9963767,0.0018886614,0.00046081035,0.0012737872
21,7,none,pz,306,93,1,2,False,0.0017944169,0.2857247,0.45734423,0.25513664
21,7,none,pz,307,93,0,0,True,0.99941325,6.378402e-05,0.000250387,0.00027255956
21,7,none,pz,308,93,0,0,True,0.60694337,0.04226228,0.28495583,0.06583853
21,7,none,pz,309,93,3,3,True,0.0005465684,0.01055371,0.0063211992,0.9825785
21,7,none,pz,310,93,2,2,True,0.0050038933,0.39973116,0.51783186,0.07743312
21,7,none,pz,311,93,2,2,True,0.0047509205,0.044598076,0.8678486,0.08280249
21,7,none,pz,312,93,3,3,True,0.04160987,0.013932859,0.02733638,0.91712093
21,7,none,pz,313,93,3,3,True,8.848146e-05,0.006194543,0.0040634903,0.9896535
21,7,none,pz,314,93,2,2,True,0.0795654,0.066603966,0.804508,0.04932269
21,7,none,pz,315,93,3,2,False,0.009834758,0.4034143,0.5407761,0.0459748
21,7,none,pz,316,93,2,2,True,8.206401e-05,0.00015198809,0.99972683,3.9141123e-05
21,7,none,pz,317,93,2,2,True,0.033286385,0.02614786,0.91440094,0.026164802
21,7,none,pz,318,93,3,3,True,0.010220487,0.10703109,0.07812117,0.8046273
21,7,none,pz,319,93,3,3,True,0.4526881,0.03595677,0.007444213,0.5039109
21,7,none,pz,320,93,2,2,True,0.0066446373,0.020180995,0.9684076,0.004766803
21,7,none,pz,321,93,2,2,True,0.26406342,0.007849155,0.6562589,0.07182853
21,7,none,pz,322,93,3,3,True,0.00011231771,0.0005676814,0.0023849346,0.996935
21,7,none,pz,323,93,2,2,True,0.034307204,0.00829296,0.9477459,0.00965392
21,7,none,pz,324,93,0,0,True,0.99586934,0.00047638526,0.0014974446,0.0021567089
21,7,none,pz,325,93,1,3,False,0.0078084837,0.26023906,0.29711667,0.4348358
21,7,none,pz,326,93,1,1,True,3.024684e-06,0.998765,9.1781876e-05,0.0011402022
21,7,none,pz,327,93,0,2,False,0.3184829,0.03333178,0.52407,0.12411528
21,7,none,pz,328,93,0,0,True,0.8649462,0.003161846,0.048753284,0.08313865
21,7,none,pz,329,93,1,1,True,0.019422913,0.80455816,0.13224196,0.04377695
21,7,none,pz,330,93,0,2,False,0.11601679,0.08378,0.65786433,0.14233886
21,7,none,pz,331,93,1,3,False,0.0014404766,0.2899892,0.121644445,0.5869258
21,7,none,pz,332,93,1,2,False,0.0054237675,0.11270002,0.7943658,0.0875104
21,7,none,pz,333,93,0,3,False,0.10355725,0.09470124,0.31956053,0.482181
21,7,none,pz,334,93,1,2,False,0.007708476,0.17099227,0.48395103,0.33734822
21,7,none,pz,335,93,0,2,False,0.47768804,0.0015595558,0.50734776,0.013404612
21,7,none,pz,336,93,0,0,True,0.9495606,0.0032720105,0.010215013,0.036952447
21,7,none,pz,337,93,1,2,False,0.0043507013,0.031246083,0.92475855,0.039644662
21,7,none,pz,338,93,0,3,False,0.18252346,0.0014833483,0.37659428,0.43939897
21,7,none,pz,339,93,2,2,True,0.19984095,0.03957286,0.7511229,0.009463316
21,7,none,pz,340,93,3,3,True,8.108312e-05,0.00026549923,0.0015269701,0.99812645
21,7,none,pz,341,93,3,3,True,0.0041428674,0.02948626,0.13116257,0.8352083
21,7,none,pz,342,93,2,2,True,0.017058594,0.1783845,0.74510324,0.059453636
21,7,none,pz,343,93,2,2,True,0.0021895175,0.38964984,0.5926427,0.015517939
21,7,none,pz,344,93,3,3,True,0.0007325817,0.37107214,0.002551914,0.62564343
21,7,none,pz,345,93,3,3,True,0.00012678713,0.0014020512,0.00066172215,0.99780947
21,7,none,pz,346,93,2,2,True,0.024864744,0.29589817,0.64537716,0.03385993
21,7,none,pz,347,93,3,3,True,0.0353537,0.005621277,0.020175973,0.9388491
21,7,none,pz,348,93,2,1,False,0.0044513843,0.53841156,0.3289836,0.12815341
21,7,none,pz,349,93,3,2,False,0.013918167,0.35377976,0.36676574,0.26553637
21,7,none,pz,350,93,2,2,True,0.0063495394,0.02577738,0.95043397,0.017439064
21,7,none,pz,351,93,3,3,True,0.0024977236,0.011677198,0.019735578,0.9660895
21,7,none,pz,352,93,2,2,True,0.039613344,0.02896075,0.9055072,0.02591866
21,7,none,pz,353,93,2,2,True,0.046232242,0.034174114,0.6406651,0.27892855
21,7,none,pz,354,93,0,2,False,0.13572097,0.23164491,0.56823653,0.06439758
21,7,none,pz,355,93,1,2,False,0.001717492,0.148784,0.825223,0.024275519
21,7,none,pz,356,93,0,0,True,0.61480504,0.021613497,0.3486269,0.014954489
21,7,none,pz,357,93,1,1,True,0.00054147275,0.99137664,0.0010129868,0.0070689223
21,7,none,pz,358,93,1,1,True,0.0014628496,0.9349938,0.010713521,0.052829906
21,7,none,pz,359,93,0,0,True,0.79787236,0.066474006,0.047047134,0.08860648
21,7,none,pz,360,93,1,3,False,0.0051678033,0.09656286,0.36138687,0.53688246
21,7,none,pz,361,93,0,1,False,0.028156687,0.8809452,0.012871182,0.07802689
21,7,none,pz,362,93,1,1,True,0.013291397,0.84192413,0.103107296,0.041677214
21,7,none,pz,363,93,0,0,True,0.77478486,0.0020970474,0.06552152,0.15759653
21,7,none,pz,364,93,0,0,True,0.958163,0.020676853,0.0076244245,0.013535731
21,7,none,pz,365,93,1,3,False,0.0029015518,0.05986308,0.13821392,0.7990214
21,7,none,pz,366,93,1,1,True,0.00054923404,0.8764629,0.017027538,0.10596027
21,7,none,pz,367,93,0,2,False,0.07221556,0.25589007,0.40029532,0.2715991
21,7,none,pz,368,93,1,1,True,0.018528087,0.7485336,0.20742483,0.025513396
21,7,none,pz,369,93,2,0,False,0.57787675,0.11608972,0.17089377,0.13513982
21,7,none,pz,370,93,3,2,False,0.020870732,0.0379568,0.7931528,0.14801957
21,7,none,pz,371,93,3,3,True,0.0028553794,0.027410172,0.019157717,0.9505768
21,7,none,pz,372,93,2,1,False,0.19508478,0.7399382,0.06154032,0.0034366536
21,7,none,pz,373,93,3,1,False,0.0013547472,0.5651021,0.0046216245,0.42892158
21,7,none,pz,374,93,2,1,False,0.0031582864,0.9364265,0.048394497,0.012020698
21,7,none,pz,375,93,2,2,True,0.027249064,0.011926394,0.9157182,0.045106307
21,7,none,pz,376,93,3,3,True,0.0001766453,0.0073887645,0.002594382,0.98984027
21,7,none,pz,377,93,3,3,True,0.00012469714,0.015244498,0.0071197418,0.97751105
21,7,none,pz,378,93,2,2,True,0.010570233,0.008284731,0.9351294,0.046015665
21,7,none,pz,379,93,2,2,True,0.022561619,0.036018685,0.71010923,0.23131047
21,7,none,pz,380,93,3,3,True,0.07202746,0.057746056,0.11168872,0.7585377
21,7,none,pz,381,93,3,3,True,0.011099554,0.013187001,0.33287427,0.64283913
21,7,none,pz,382,93,2,1,False,0.00016259693,0.9912459,0.007006318,0.0015851669
21,7,none,pz,383,93,3,2,False,0.046315487,0.024038907,0.74357927,0.1860663
21,7,none,pz,384,94,0,0,True,0.999052,0.00019960363,0.0007179363,3.0494506e-05
21,7,none,pz,385,94,1,1,True,0.0026194672,0.61583674,0.38062644,0.00091736607
21,7,none,pz,386,94,1,2,False,0.06827797,0.10261243,0.7820213,0.047088325
21,7,none,pz,387,94,0,0,True,0.999894,3.372501e-05,6.457641e-05,7.6256724e-06
21,7,none,pz,388,94,1,1,True,0.008801549,0.83159035,0.13758206,0.022026
21,7,none,pz,389,94,0,0,True,0.9901779,0.007400461,0.0019543031,0.00046727678
21,7,none,pz,390,94,1,2,False,0.041787956,0.009644878,0.94627225,0.002294946
21,7,none,pz,391,94,0,0,True,0.9991272,1.3114422e-05,0.00071029627,0.00014932564
21,7,none,pz,392,94,1,2,False,0.015719928,0.09503771,0.8741569,0.015085411
21,7,none,pz,393,94,0,0,True,0.95737445,0.0082948655,0.034247685,8.295425e-05
21,7,none,pz,394,94,0,0,True,0.9977245,0.00014541108,0.0012009331,0.00092909316
21,7,none,pz,395,94,1,2,False,0.061788164,0.048349027,0.88597614,0.0038866813
21,7,none,pz,396,94,1,0,False,0.42294374,0.39458424,0.104878955,0.07759308
21,7,none,pz,397,94,0,0,True,0.88625205,0.00019112197,0.10411992,0.009436911
21,7,none,pz,398,94,1,2,False,0.10174706,0.19617149,0.542085,0.15999645
21,7,none,pz,399,94,2,2,True,0.00984145,0.0052280603,0.98328096,0.0016494573
21,7,none,pz,400,94,3,3,True,0.044014305,0.054885324,0.40181822,0.4992821
21,7,none,pz,401,94,3,3,True,0.00055425084,0.0024225034,0.0032462839,0.9937769
21,7,none,pz,402,94,2,2,True,0.005892629,0.0068408605,0.9837654,0.0035011228
21,7,none,pz,403,94,3,3,True,0.028100576,0.003856291,0.16059229,0.80745083
21,7,none,pz,404,94,2,2,True,0.037693735,0.098696195,0.85231906,0.011291005
21,7,none,pz,405,94,2,2,True,0.0017034173,0.0099102855,0.98706985,0.0013164551
21,7,none,pz,406,94,3,3,True,0.0070463456,0.26243532,0.085999765,0.6445186
21,7,none,pz,407,94,2,2,True,0.05692074,0.010833392,0.8779978,0.05424799
21,7,none,pz,408,94,3,3,True,0.014650634,0.019973515,0.08526033,0.8801155
21,7,none,pz,409,94,3,3,True,0.015266744,0.002582463,0.03279255,0.9493582
21,7,none,pz,410,94,2,2,True,0.020088956,0.005306713,0.97305566,0.0015487117
21,7,none,pz,411,94,3,3,True,0.05885056,0.014440492,0.23966345,0.68704545
21,7,none,pz,412,94,2,2,True,0.3603146,0.038786203,0.5178156,0.08308355
21,7,none,pz,413,94,3,2,False,0.04489062,0.118514776,0.72066045,0.115934186
21,7,none,pz,414,94,1,1,True,0.014595394,0.9697233,0.014686205,0.0009951077
21,7,none,pz,415,94,0,0,True,0.58527803,0.24542302,0.1680668,0.0012321612
21,7,none,pz,416,94,1,1,True,0.017507937,0.97846633,0.003854243,0.0001716371
21,7,none,pz,417,94,0,0,True,0.91369766,0.02013862,0.06306741,0.0030962962
21,7,none,pz,418,94,0,0,True,0.97099775,0.0022415821,0.026699204,6.145711e-05
21,7,none,pz,419,94,1,1,True,0.0005039902,0.8917388,0.1072133,0.0005439571
21,7,none,pz,420,94,1,3,False,0.17816754,0.12988687,0.3314261,0.36051947
21,7,none,pz,421,94,0,0,True,0.99165404,0.00022876411,0.008036788,8.038842e-05
21,7,none,pz,422,94,0,0,True,0.7226307,0.19542131,0.08179178,0.00015630764
21,7,none,pz,423,94,1,2,False,0.14129396,0.01495522,0.8310925,0.012658327
21,7,none,pz,424,94,1,1,True,3.3659646e-05,0.9973653,0.0025776965,2.3472754e-05
21,7,none,pz,425,94,0,1,False,0.053638376,0.52090853,0.41253287,0.012920155
21,7,none,pz,426,94,1,1,True,0.049005132,0.5939766,0.3398064,0.017211823
21,7,none,pz,427,94,0,0,True,0.9753234,0.00013089184,0.017925862,0.006619844
21,7,none,pz,428,94,1,2,False,0.039671335,0.026483852,0.923154,0.010690783
21,7,none,pz,429,94,3,3,True,0.0802777,0.012245798,0.13714895,0.7703275
21,7,none,pz,430,94,2,2,True,0.28612685,0.00474901,0.7067257,0.0023983708
21,7,none,pz,431,94,3,3,True,0.00096434075,0.078365475,0.10553154,0.81513864
21,7,none,pz,432,94,2,2,True,0.0019021862,0.0017622396,0.9944522,0.0018833987
21,7,none,pz,433,94,3,3,True,0.041447464,0.15906823,0.016931495,0.78255284
21,7,none,pz,434,94,2,2,True,0.05804334,0.015942931,0.9245736,0.0014400608
21,7,none,pz,435,94,2,2,True,0.033292055,0.09772326,0.79903674,0.06994798
21,7,none,pz,436,94,3,2,False,0.043311335,0.021980882,0.5341676,0.40054026
21,7,none,pz,437,94,3,3,True,0.004452816,0.4248681,0.02481349,0.5458656
21,7,none,pz,438,94,2,2,True,0.004294896,0.009908287,0.983496,0.0023008494
21,7,none,pz,439,94,3,3,True,0.10089954,0.22190078,0.19594973,0.48125
21,7,none,pz,440,94,2,2,True,0.4007868,0.019084584,0.5569278,0.023200855
21,7,none,pz,441,94,3,2,False,0.031677376,0.032620985,0.7433997,0.19230197
21,7,none,pz,442,94,2,2,True,0.00717853,0.0031367047,0.9892074,0.0004774053
21,7,none,pz,443,94,2,3,False,0.30566773,0.2001526,0.18718544,0.3069942
21,7,none,pz,444,94,0,0,True,0.9882062,0.002699572,0.008751024,0.0003432132
21,7,none,pz,445,94,1,2,False,0.15214352,0.043236163,0.8026245,0.0019957672
21,7,none,pz,446,94,1,2,False,0.0017390496,0.29592705,0.69902235,0.0033114916
21,7,none,pz,447,94,0,0,True,0.9103168,0.0010737294,0.088055626,0.0005538707
21,7,none,pz,448,94,1,2,False,0.0013353197,0.38449955,0.5872556,0.026909526
21,7,none,pz,449,94,0,0,True,0.7966664,0.007350316,0.17170678,0.024276517
21,7,none,pz,450,94,1,0,False,0.52380735,0.050770286,0.38088438,0.044537954
21,7,none,pz,451,94,0,2,False,0.09584685,0.004577969,0.8941203,0.0054549775
21,7,none,pz,452,94,1,1,True,0.13245535,0.5024141,0.24043,0.12470061
21,7,none,pz,453,94,0,2,False,0.291995,0.010429836,0.6789686,0.018606618
21,7,none,pz,454,94,1,2,False,0.03207799,0.19161126,0.73063236,0.04567841
21,7,none,pz,455,94,0,0,True,0.98552376,0.0011776914,0.011707843,0.0015907595
21,7,none,pz,456,94,0,0,True,0.5223627,0.086763136,0.38630223,0.00457188
21,7,none,pz,457,94,1,3,False,0.028968576,0.026391085,0.32079834,0.623842
21,7,none,pz,458,94,0,2,False,0.16147508,0.065004885,0.47569093,0.2978291
21,7,none,pz,459,94,2,2,True,0.041301094,0.008650675,0.9472238,0.0028244418
21,7,none,pz,460,94,3,2,False,0.0017621601,0.002433587,0.9855634,0.010240833
21,7,none,pz,461,94,2,2,True,0.04206021,0.006070114,0.95116335,0.0007064553
21,7,none,pz,462,94,3,2,False,0.281001,0.022017412,0.6793126,0.017668977
21,7,none,pz,463,94,2,2,True,0.051541552,0.3320636,0.6152846,0.0011102443
21,7,none,pz,464,94,3,3,True,0.051183548,0.035613146,0.3160771,0.5971262
21,7,none,pz,465,94,3,3,True,0.02465676,0.12388002,0.21103029,0.6404329
21,7,none,pz,466,94,2,2,True,0.016741147,0.0062227314,0.9694492,0.0075868955
21,7,none,pz,467,94,2,2,True,0.0009273064,0.0004930064,0.9982443,0.00033545413
21,7,none,pz,468,94,3,2,False,0.013741481,0.0011632701,0.773323,0.21177223
21,7,none,pz,469,94,3,3,True,0.011644586,0.23860332,0.073542915,0.6762092
21,7,none,pz,470,94,2,2,True,0.01255105,0.00719606,0.96253896,0.017713923
21,7,none,pz,471,94,2,2,True,0.10282952,0.051324185,0.606183,0.23966332
21,7,none,pz,472,94,3,2,False,0.06481283,0.100519836,0.634847,0.1998203
21,7,none,pz,473,94,3,2,False,0.16247319,0.07032849,0.749493,0.01770535
21,7,none,pz,474,95,0,0,True,0.5547512,0.25826332,0.11305357,0.07393191
21,7,none,pz,475,95,1,1,True,0.0076101753,0.74613166,0.00630457,0.2399536
21,7,none,pz,476,95,1,1,True,0.00023902304,0.9957048,0.0030283898,0.0010276465
21,7,none,pz,477,95,0,0,True,0.9087093,0.0055718906,0.0065773185,0.07914158
21,7,none,pz,478,95,0,0,True,0.99281776,0.0031106258,0.002963709,0.0011078677
21,7,none,pz,479,95,1,1,True,0.006699275,0.9755526,0.0031289672,0.014619215
21,7,none,pz,480,95,0,0,True,0.79231244,0.16227579,0.01877254,0.026639227
21,7,none,pz,481,95,1,1,True,0.0004003432,0.89237463,0.002902863,0.1043222
21,7,none,pz,482,95,0,0,True,0.818628,0.048326418,0.10679224,0.026253326
21,7,none,pz,483,95,1,3,False,0.002339174,0.1851184,0.122663714,0.6898787
21,7,none,pz,484,95,1,1,True,0.0008065371,0.9743036,0.017910112,0.0069797914
21,7,none,pz,485,95,0,0,True,0.9915804,8.3559025e-05,0.004520494,0.0038154654
21,7,none,pz,486,95,0,0,True,0.8934147,0.029188143,0.024042403,0.0533549
21,7,none,pz,487,95,1,1,True,0.024267018,0.6896978,0.16978495,0.11625021
21,7,none,pz,488,95,1,1,True,1.0928474e-05,0.86522907,0.10165233,0.03310769
21,7,none,pz,489,95,2,3,False,0.004605688,0.029451052,0.35913083,0.6068124
21,7,none,pz,490,95,3,3,True,0.00503721,0.081621334,0.06698172,0.8463597
21,7,none,pz,491,95,2,2,True,0.0006548797,0.47184485,0.5044026,0.023097701
21,7,none,pz,492,95,3,3,True,0.0011931056,0.0011923282,0.0021291866,0.99548537
21,7,none,pz,493,95,3,3,True,0.00025468564,0.046563864,0.0015787444,0.9516027
21,7,none,pz,494,95,2,3,False,0.1919275,0.062565535,0.026302354,0.7192046
21,7,none,pz,495,95,2,2,True,0.034700327,0.061972912,0.5883442,0.3149826
21,7,none,pz,496,95,3,3,True,0.0044903727,0.003382667,0.0017876729,0.99033934
21,7,none,pz,497,95,3,3,True,0.00029215592,0.0043550627,0.01425971,0.9810931
21,7,none,pz,498,95,2,3,False,0.0027702372,0.33923927,0.099652186,0.55833834
21,7,none,pz,499,95,3,3,True,0.00012161354,0.17124744,0.0012134418,0.82741743
21,7,none,pz,500,95,2,3,False,0.0004186868,0.0019330878,0.10415188,0.89349633
21,7,none,pz,501,95,3,3,True,0.0015340236,0.0076914486,0.0068984763,0.98387605
21,7,none,pz,502,95,2,3,False,0.0015086894,0.008616814,0.19674766,0.7931269
21,7,none,pz,503,95,2,3,False,0.04711549,0.10625822,0.13731015,0.70931613
21,7,none,pz,504,95,1,1,True,0.00035297306,0.7823056,0.01287658,0.20446481
21,7,none,pz,505,95,0,3,False,0.33233258,0.023501169,0.0068284348,0.6373378
21,7,none,pz,506,95,1,1,True,0.00069698755,0.5329868,0.0027770041,0.46353918
21,7,none,pz,507,95,0,3,False,0.064565115,0.0018345083,0.07763417,0.85596627
21,7,none,pz,508,95,0,0,True,0.84799856,0.010892255,0.0014478747,0.13966128
21,7,none,pz,509,95,1,3,False,0.011884942,0.08255917,0.115330614,0.79022527
21,7,none,pz,510,95,1,3,False,0.002722778,0.16908509,0.106936194,0.72125596
21,7,none,pz,511,95,0,3,False,0.19166604,0.0017811931,0.0039824643,0.80257034
21,7,none,pz,512,95,0,3,False,0.3075518,0.014356121,0.065058805,0.61303324
21,7,none,pz,513,95,1,3,False,0.0001691538,0.1834203,0.033063903,0.7833466
21,7,none,pz,514,95,0,3,False,0.45002916,0.0018198603,0.028010705,0.5201403
21,7,none,pz,515,95,1,1,True,0.0015456661,0.7824599,0.18536437,0.030630073
21,7,none,pz,516,95,0,3,False,0.08421589,0.07355813,0.003711296,0.8385147
21,7,none,pz,517,95,1,1,True,0.0018627936,0.53005457,0.03430849,0.43377414
21,7,none,pz,518,95,0,3,False,0.2602306,0.017208425,0.08504005,0.63752085
21,7,none,pz,519,95,3,3,True,0.0001139709,0.120458536,0.0051919236,0.8742355
21,7,none,pz,520,95,2,3,False,0.0031468414,0.0003902939,0.09837925,0.89808357
21,7,none,pz,521,95,3,3,True,5.164719e-06,0.034300268,0.0031337559,0.96256083
21,7,none,pz,522,95,2,3,False,0.058278266,0.0014543178,0.42211396,0.5181534
21,7,none,pz,523,95,2,2,True,0.0013768611,0.004980577,0.8736865,0.11995607
21,7,none,pz,524,95,3,3,True,0.0031643268,0.17777751,0.058662076,0.7603961
21,7,none,pz,525,95,2,2,True,0.0059631984,0.13091005,0.7925695,0.0705572
21,7,none,pz,526,95,3,3,True,0.00065659056,0.02530464,0.012771115,0.96126765
21,7,none,pz,527,95,2,2,True,0.09345268,0.14547323,0.5648738,0.19620027
21,7,none,pz,528,95,3,3,True,3.6740417e-05,0.010394665,0.0019694443,0.98759913
21,7,none,pz,529,95,2,0,False,0.55917287,0.09591142,0.18642586,0.15848991
21,7,none,pz,530,95,3,3,True,0.009038038,0.009739787,0.03863135,0.94259083
21,7,none,pz,531,95,2,3,False,0.00035220725,0.012128118,0.007772547,0.9797472
21,7,none,pz,532,95,3,3,True,0.0030908762,0.1589861,0.037811242,0.8001118
21,7,none,pz,533,95,3,3,True,5.984981e-05,0.3011125,0.2606596,0.43816805
21,7,none,pz,534,95,0,3,False,0.0027897388,0.07734611,0.026647827,0.8932163
21,7,none,pz,535,95,1,3,False,0.030061763,0.02051921,0.03919352,0.9102255
21,7,none,pz,536,95,1,3,False,0.0038383715,0.015186968,0.0019303472,0.97904426
21,7,none,pz,537,95,0,3,False,0.056353983,0.06600172,0.13003086,0.74761343
21,7,none,pz,538,95,0,3,False,0.007922333,0.004684258,0.01693196,0.9704615
21,7,none,pz,539,95,1,1,True,0.0127666695,0.5695794,0.09222202,0.3254319
21,7,none,pz,540,95,1,3,False,0.00092375436,0.02502849,0.00029503292,0.97375274
21,7,none,pz,541,95,0,2,False,0.056557123,0.01630395,0.80689293,0.12024603
21,7,none,pz,542,95,0,1,False,0.023489906,0.47042984,0.25300288,0.25307742
21,7,none,pz,543,95,1,1,True,0.0022983926,0.8442226,0.01902767,0.13445134
21,7,none,pz,544,95,0,3,False,0.007107447,0.055856716,0.06717313,0.86986274
21,7,none,pz,545,95,1,3,False,0.038971204,0.012644923,0.40249524,0.5458886
21,7,none,pz,546,95,1,3,False,0.02705277,0.23626995,0.20220436,0.53447294
21,7,none,pz,547,95,0,2,False,0.0006377374,0.056407128,0.9321069,0.010848201
21,7,none,pz,548,95,0,2,False,0.32098246,0.04036838,0.60851604,0.030133124
21,7,none,pz,549,95,2,2,True,0.0021324186,0.025117328,0.88740563,0.08534456
21,7,none,pz,550,95,3,1,False,0.06355697,0.42775464,0.18893039,0.319758
21,7,none,pz,551,95,3,3,True,0.004265952,0.05426064,0.005086685,0.9363867
21,7,none,pz,552,95,2,2,True,0.10413593,0.05738604,0.50103694,0.33744106
21,7,none,pz,553,95,2,3,False,0.0023557912,0.03685863,0.04746101,0.91332453
21,7,none,pz,554,95,3,3,True,0.002477197,0.0057379203,0.0011909968,0.9905939
21,7,none,pz,555,95,2,1,False,0.010209251,0.64612854,0.17941509,0.16424716
21,7,none,pz,556,95,3,3,True,0.00027520888,0.18870597,0.035700426,0.77531844
21,7,none,pz,557,95,2,3,False,0.0064059957,0.31457412,0.21185724,0.4671626
21,7,none,pz,558,95,3,1,False,0.0004552893,0.53341043,0.004511557,0.46162277
21,7,none,pz,559,95,2,3,False,0.004635824,0.025178686,0.088785276,0.88140017
21,7,none,pz,560,95,3,3,True,0.033474267,0.10177911,0.036077086,0.8286695
21,7,none,pz,561,95,3,2,False,0.00093229924,0.04251275,0.8290693,0.1274857
21,7,none,pz,562,95,2,2,True,0.00048165434,0.19124143,0.7218972,0.08637969
21,7,none,pz,563,95,3,3,True,0.00023232246,0.026400594,0.02523471,0.9481324
21,7,none,pz,564,96,1,1,True,0.09425625,0.88115484,0.018627746,0.005961191
21,7,none,pz,565,96,0,0,True,0.7678262,0.008734471,0.22257724,0.0008621687
21,7,none,pz,566,96,0,0,True,0.9857342,0.0075115734,0.0040816497,0.0026724762
21,7,none,pz,567,96,1,1,True,0.025385356,0.6732493,0.28176692,0.019598398
21,7,none,pz,568,96,1,1,True,0.0007168875,0.9876423,0.007350051,0.004290726
21,7,none,pz,569,96,0,0,True,0.78581005,0.0008535733,0.1518143,0.061522048
21,7,none,pz,570,96,1,1,True,0.0014814297,0.986217,0.012038718,0.0002628946
21,7,none,pz,571,96,0,0,True,0.99453765,2.6685084e-05,0.0052239536,0.00021171384
21,7,none,pz,572,96,0,0,True,0.918141,0.014024286,0.06507067,0.0027640853
21,7,none,pz,573,96,1,1,True,0.0009090973,0.9924697,0.0063459896,0.00027516723
21,7,none,pz,574,96,1,1,True,0.0035943687,0.989388,0.0066056796,0.00041202718
21,7,none,pz,575,96,0,0,True,0.6646326,0.00054679444,0.3341037,0.00071699487
21,7,none,pz,576,96,0,0,True,0.96919715,0.008127434,0.01222678,0.010448563
21,7,none,pz,577,96,1,1,True,0.048377026,0.6150038,0.27435604,0.06226305
21,7,none,pz,578,96,1,1,True,0.00051032257,0.8712973,0.019074315,0.10911816
21,7,none,pz,579,96,3,3,True,0.0048108455,0.030738039,0.25279242,0.71165866
21,7,none,pz,580,96,2,2,True,0.007365527,7.8679164e-05,0.99185586,0.00070002506
21,7,none,pz,581,96,3,2,False,0.006434566,0.0112071615,0.94248843,0.03986988
21,7,none,pz,582,96,2,2,True,0.01369779,0.00095260993,0.975155,0.010194559
21,7,none,pz,583,96,2,2,True,0.075096264,0.003013613,0.69257164,0.22931845
21,7,none,pz,584,96,3,2,False,0.061785232,0.0027224408,0.8059006,0.12959167
21,7,none,pz,585,96,3,3,True,0.19222045,0.050232198,0.28706178,0.47048563
21,7,none,pz,586,96,2,2,True,0.008374611,0.0007097777,0.95934296,0.03157264
21,7,none,pz,587,96,3,3,True,0.013044854,0.0012464158,0.11170329,0.87400544
21,7,none,pz,588,96,2,2,True,0.055075906,0.2565364,0.46570498,0.22268273
21,7,none,pz,589,96,2,2,True,0.1537434,0.035804957,0.8030082,0.007443497
21,7,none,pz,590,96,3,0,False,0.3314592,0.23332065,0.21125777,0.22396241
21,7,none,pz,591,96,3,3,True,0.024366496,0.033270612,0.23910286,0.70326
21,7,none,pz,592,96,2,2,True,0.06451487,0.0064384853,0.8648782,0.06416852
21,7,none,pz,593,96,3,3,True,0.02263443,0.34442905,0.20172803,0.43120846
21,7,none,pz,594,96,0,0,True,0.9844254,0.00026013094,0.014865953,0.00044837335
21,7,none,pz,595,96,1,2,False,0.027623398,0.02899683,0.9382837,0.0050961375
21,7,none,pz,596,96,1,2,False,0.19769542,0.17130728,0.4605104,0.1704868
21,7,none,pz,597,96,0,0,True,0.9848371,0.00011741563,0.00952762,0.0055178874
21,7,none,pz,598,96,1,0,False,0.6873636,0.24368711,0.06568011,0.0032691467
21,7,none,pz,599,96,0,0,True,0.56553537,0.00430172,0.374256,0.055906825
21,7,none,pz,600,96,0,0,True,0.61315256,0.0005543359,0.38203955,0.004253501
21,7,none,pz,601,96,1,1,True,0.024314407,0.96098906,0.011169824,0.0035266501
21,7,none,pz,602,96,0,0,True,0.9798162,0.005404893,0.012716188,0.00206271
21,7,none,pz,603,96,1,1,True,0.046010647,0.759886,0.18871017,0.005393218
21,7,none,pz,604,96,1,1,True,0.0016385474,0.8763361,0.047833785,0.07419155
21,7,none,pz,605,96,0,0,True,0.94709694,5.2856085e-05,0.042370327,0.010479903
21,7,none,pz,606,96,1,2,False,0.020963512,0.096252576,0.48407882,0.39870504
21,7,none,pz,607,96,0,2,False,0.17637163,0.00038789687,0.782003,0.0412374
21,7,none,pz,608,96,0,0,True,0.79792476,0.00037075745,0.11960608,0.08209839
21,7,none,pz,609,96,3,3,True,0.22758274,0.0037888654,0.033664662,0.7349637
21,7,none,pz,610,96,2,2,True,0.00084433437,0.0033039267,0.99344313,0.0024085704
21,7,none,pz,611,96,3,2,False,0.21087265,0.08038964,0.70114183,0.0075958963
21,7,none,pz,612,96,2,0,False,0.92730266,0.008179266,0.025828684,0.03868927
21,7,none,pz,613,96,3,3,True,0.0944983,0.09227999,0.043035675,0.77018607
21,7,none,pz,614,96,2,2,True,0.005670761,0.0006350733,0.9900029,0.0036913406
21,7,none,pz,615,96,2,2,True,0.006586266,0.0026596978,0.962061,0.028693153
21,7,none,pz,616,96,3,2,False,0.020547016,0.0031142144,0.86749554,0.10884324
21,7,none,pz,617,96,2,2,True,0.10347695,0.0026913085,0.82784694,0.065984845
21,7,none,pz,618,96,3,0,False,0.93045723,0.011599135,0.021936333,0.036007196
21,7,none,pz,619,96,2,2,True,0.02952128,0.0060579996,0.72027546,0.24414527
21,7,none,pz,620,96,3,3,True,0.05119181,0.007764168,0.091350585,0.8496935
21,7,none,pz,621,96,2,0,False,0.6272242,0.0019990338,0.35521278,0.015564042
21,7,none,pz,622,96,3,3,True,0.2254622,0.0043270653,0.03923237,0.7309783
21,7,none,pz,623,96,3,3,True,0.11345228,0.009263311,0.2817968,0.5954876
21,7,none,pz,624,96,1,1,True,0.009527047,0.89344054,0.033197396,0.06383505
21,7,none,pz,625,96,0,0,True,0.7739725,0.00070609263,0.21632075,0.009000621
21,7,none,pz,626,96,1,2,False,0.22582884,0.029653488,0.73775506,0.006762593
21,7,none,pz,627,96,0,0,True,0.7183777,0.054698754,0.22450407,0.0024194373
21,7,none,pz,628,96,1,2,False,0.031960163,0.16406834,0.7769035,0.027067998
21,7,none,pz,629,96,0,0,True,0.9785044,0.004088921,0.013676358,0.0037302233
21,7,none,pz,630,96,0,0,True,0.98506606,3.37987e-05,0.014873796,2.6308928e-05
21,7,none,pz,631,96,1,0,False,0.9213967,0.023033712,0.03206601,0.02350368
21,7,none,pz,632,96,1,1,True,0.0030422127,0.9909759,0.00544438,0.00053748454
21,7,none,pz,633,96,0,0,True,0.9239687,0.002798945,0.06811625,0.0051161656
21,7,none,pz,634,96,0,0,True,0.996507,1.4961358e-05,0.003408962,6.9028574e-05
21,7,none,pz,635,96,1,1,True,0.0031113639,0.8994397,0.09531425,0.0021346833
21,7,none,pz,636,96,1,2,False,0.02958421,0.23901549,0.7294576,0.0019426255
21,7,none,pz,637,96,0,0,True,0.9801987,0.0115310885,0.006077677,0.0021925976
21,7,none,pz,638,96,0,0,True,0.53498644,0.014023918,0.08028962,0.3707
21,7,none,pz,639,96,2,2,True,0.0029606014,0.03125289,0.9654988,0.0002876957
21,7,none,pz,640,96,3,2,False,0.024346504,0.027777232,0.88816047,0.059715834
21,7,none,pz,641,96,2,2,True,0.17128065,0.0047843657,0.7155513,0.1083837
21,7,none,pz,642,96,3,2,False,0.0051749498,0.01219604,0.8196847,0.16294432
21,7,none,pz,643,96,3,3,True,0.14346994,0.020164926,0.025800698,0.81056446
21,7,none,pz,644,96,2,2,True,0.002959323,0.03340971,0.9554772,0.008153746
21,7,none,pz,645,96,3,0,False,0.7942332,0.044658918,0.07271719,0.0883907
21,7,none,pz,646,96,2,2,True,0.078423895,0.19479488,0.71811587,0.008665336
21,7,none,pz,647,96,2,2,True,0.013725628,0.030018428,0.9542874,0.001968471
21,7,none,pz,648,96,3,2,False,0.38717797,0.11197227,0.45401347,0.046836313
21,7,none,pz,649,96,2,2,True,0.12701382,0.027922388,0.6599193,0.18514444
21,7,none,pz,650,96,3,3,True,0.1018791,0.007830292,0.22901137,0.6612792
21,7,none,pz,651,96,2,2,True,0.10360647,0.06513741,0.7916898,0.039566327
21,7,none,pz,652,96,3,0,False,0.85942686,0.010087399,0.09965868,0.030827109
21,7,none,pz,653,96,3,1,False,0.05019974,0.645182,0.19289038,0.111727886
21,7,none,pz,654,97,0,0,True,0.5002844,0.1153726,0.28509855,0.09924443
21,7,none,pz,655,97,1,1,True,0.08889901,0.64842963,0.052484717,0.21018668
21,7,none,pz,656,97,1,0,False,0.64973265,0.3031403,0.033067513,0.014059531
21,7,none,pz,657,97,0,0,True,0.79849476,0.060557712,0.11770348,0.023244005
21,7,none,pz,658,97,0,0,True,0.9916073,0.0015224181,0.00620658,0.0006636927
21,7,none,pz,659,97,1,1,True,0.014234956,0.91865104,0.031828005,0.03528586
21,7,none,pz,660,97,0,0,True,0.6434598,0.017592402,0.33154207,0.0074056895
21,7,none,pz,661,97,1,1,True,0.00042941168,0.96132684,0.022784455,0.015459251
21,7,none,pz,662,97,0,3,False,0.26972675,0.14402469,0.2511329,0.33511564
21,7,none,pz,663,97,1,1,True,0.38960886,0.5626826,0.021521237,0.02618723
21,7,none,pz,664,97,1,1,True,0.00948219,0.9890182,0.00027284914,0.0012267748
21,7,none,pz,665,97,0,0,True,0.96051854,0.0011098457,0.0023423217,0.036029372
21,7,none,pz,666,97,1,2,False,0.13594578,0.07202549,0.70171344,0.09031527
21,7,none,pz,667,97,0,3,False,0.24846148,0.14745256,0.1911138,0.41297212
21,7,none,pz,668,97,0,0,True,0.92598814,0.062469967,0.004268025,0.0072738645
21,7,none,pz,669,97,3,0,False,0.6598836,0.023716433,0.07629541,0.24010451
21,7,none,pz,670,97,2,0,False,0.8905529,0.039606363,0.025780411,0.044060405
21,7,none,pz,671,97,3,3,True,0.0024932066,0.01757037,0.025354015,0.95458245
21,7,none,pz,672,97,2,1,False,0.009004633,0.7556882,0.07008788,0.1652193
21,7,none,pz,673,97,3,3,True,0.33992803,0.252273,0.004388837,0.4034101
21,7,none,pz,674,97,2,2,True,0.098669134,0.094707236,0.4373139,0.36930978
21,7,none,pz,675,97,3,2,False,0.039218713,0.16492952,0.6980292,0.0978225
21,7,none,pz,676,97,2,1,False,0.04180646,0.81206995,0.01920447,0.12691915
21,7,none,pz,677,97,3,2,False,0.0225683,0.22238901,0.65331745,0.10172529
21,7,none,pz,678,97,2,2,True,0.44694868,0.06610509,0.4668216,0.020124618
21,7,none,pz,679,97,3,3,True,0.15049991,0.006746833,0.024555473,0.8181978
21,7,none,pz,680,97,2,3,False,0.005864481,0.0004734748,0.00021240168,0.9934496
21,7,none,pz,681,97,3,3,True,0.07459606,0.005935049,0.032147966,0.88732094
21,7,none,pz,682,97,2,1,False,0.008247955,0.65878254,0.14835756,0.18461198
21,7,none,pz,683,97,2,1,False,0.07472556,0.6783704,0.10410819,0.14279583
21,7,none,pz,684,97,0,2,False,0.35471588,0.13385528,0.36791974,0.1435091
21,7,none,pz,685,97,1,0,False,0.80934364,0.10132351,0.08644707,0.0028858227
21,7,none,pz,686,97,1,1,True,0.019467313,0.9473759,0.023522403,0.0096344
21,7,none,pz,687,97,0,0,True,0.5806496,0.008118292,0.17333157,0.23790053
21,7,none,pz,688,97,1,0,False,0.4117409,0.2021184,0.21544997,0.17069079
21,7,none,pz,689,97,0,0,True,0.38852203,0.042973213,0.34235397,0.22615075
21,7,none,pz,690,97,1,3,False,0.09918483,0.016161831,0.43238834,0.45226496
21,7,none,pz,691,97,0,3,False,0.32822442,0.06838621,0.111132436,0.4922569
21,7,none,pz,692,97,1,1,True,0.16310786,0.45790514,0.051624656,0.32736227
21,7,none,pz,693,97,0,0,True,0.6437133,0.0041174097,0.07664823,0.27552116
21,7,none,pz,694,97,0,0,True,0.9652263,0.002004948,0.02984277,0.0029259599
21,7,none,pz,695,97,1,1,True,0.01035032,0.41831622,0.30906492,0.26226854
21,7,none,pz,696,97,0,3,False,0.14925784,0.0054123932,0.0071873483,0.83814245
21,7,none,pz,697,97,1,3,False,0.19179678,0.33605477,0.02097114,0.4511773
21,7,none,pz,698,97,1,3,False,0.0035831567,0.1363163,0.0033181917,0.85678226
21,7,none,pz,699,97,3,3,True,0.0054330328,0.050536938,0.20200646,0.7420235
21,7,none,pz,700,97,2,2,True,0.4180405,0.017355366,0.49669328,0.06791089
21,7,none,pz,701,97,2,2,True,0.06572896,0.104511656,0.7296647,0.10009468
21,7,none,pz,702,97,3,3,True,0.013802255,0.07021911,0.31970993,0.5962687
21,7,none,pz,703,97,3,0,False,0.4074321,0.16760015,0.31656936,0.10839841
21,7,none,pz,704,97,2,1,False,0.25104916,0.65868396,0.03024181,0.06002512
21,7,none,pz,705,97,2,3,False,0.017074775,0.18378499,0.34248608,0.45665416
21,7,none,pz,706,97,3,2,False,0.19812575,0.07772383,0.40552363,0.3186268
21,7,none,pz,707,97,2,2,True,0.018222073,0.0291299,0.71859586,0.23405215
21,7,none,pz,708,97,3,3,True,0.012720007,0.15603791,0.06565784,0.7655843
21,7,none,pz,709,97,3,0,False,0.5510939,0.0110084675,0.044024926,0.39387274
21,7,none,pz,710,97,2,2,True,0.07061117,0.025337772,0.5705892,0.33346182
21,7,none,pz,711,97,3,3,True,0.32349434,0.02747115,0.25355747,0.39547706
21,7,none,pz,712,97,2,0,False,0.5861365,0.0019315287,0.14061296,0.27131903
21,7,none,pz,713,97,3,3,True,0.30945837,0.22152263,0.07264493,0.3963741
21,7,none,pz,714,97,1,2,False,0.04335456,0.15372552,0.41837952,0.38454047
21,7,none,pz,715,97,0,2,False,0.10993688,0.26748967,0.579395,0.04317845
21,7,none,pz,716,97,1,1,True,0.176561,0.55245787,0.1574893,0.11349187
21,7,none,pz,717,97,0,0,True,0.9603401,0.020502739,0.018729419,0.00042776394
21,7,none,pz,718,97,1,2,False,0.18186752,0.15090567,0.6151445,0.052082364
21,7,none,pz,719,97,0,0,True,0.84887135,0.006539332,0.029992202,0.11459715
21,7,none,pz,720,97,0,0,True,0.95665824,0.0014926736,0.015998978,0.025850073
21,7,none,pz,721,97,1,1,True,0.07563182,0.54978734,0.17660576,0.19797502
21,7,none,pz,722,97,1,1,True,0.024863346,0.43007255,0.14140554,0.40365857
21,7,none,pz,723,97,0,0,True,0.90898716,0.033905618,0.013109765,0.04399738
21,7,none,pz,724,97,1,1,True,0.1268482,0.6347176,0.10487112,0.13356312
21,7,none,pz,725,97,0,0,True,0.6695602,0.05850238,0.104930595,0.16700675
21,7,none,pz,726,97,0,0,True,0.9644588,0.005216961,0.012128934,0.01819533
21,7,none,pz,727,97,1,2,False,0.091751486,0.018828953,0.7930908,0.09632882
21,7,none,pz,728,97,0,0,True,0.9457303,0.0022629108,0.034034222,0.017972516
21,7,none,pz,729,97,3,3,True,0.24668781,0.020900996,0.18517414,0.5472371
21,7,none,pz,730,97,2,1,False,0.0027511725,0.7640865,0.04080055,0.19236186
21,7,none,pz,731,97,2,2,True,0.042294256,0.018344047,0.896845,0.04251674
21,7,none,pz,732,97,3,0,False,0.50025094,0.12336918,0.26778495,0.10859488
21,7,none,pz,733,97,2,3,False,0.19240141,0.043345068,0.27665752,0.48759604
21,7,none,pz,734,97,3,0,False,0.5656905,0.1639642,0.15190227,0.118443035
21,7,none,pz,735,97,2,0,False,0.59584075,0.08967641,0.1969302,0.11755266
21,7,none,pz,736,97,3,3,True,0.040523574,0.058260217,0.06860288,0.83261335
21,7,none,pz,737,97,3,3,True,0.07380535,0.043019373,0.100700825,0.78247446
21,7,none,pz,738,97,2,2,True,0.09788167,0.0996442,0.68262565,0.119848445
21,7,none,pz,739,97,3,3,True,0.031113261,0.08100705,0.1367758,0.75110394
21,7,none,pz,740,97,2,1,False,0.22690228,0.29399267,0.21627651,0.2628286
21,7,none,pz,741,97,2,2,True,0.1091903,0.120972425,0.55074286,0.21909444
21,7,none,pz,742,97,3,3,True,0.31878367,0.05146982,0.25042462,0.3793219
21,7,none,pz,743,97,2,0,False,0.81138706,0.052813154,0.10369928,0.03210051
21,7,none,pz,744,98,0,0,True,0.91451377,0.011325074,0.07321293,0.000948203
21,7,none,pz,745,98,1,2,False,0.077737965,0.23100218,0.66867805,0.022581792
21,7,none,pz,746,98,1,1,True,0.16357423,0.67916864,0.13074468,0.02651246
21,7,none,pz,747,98,0,0,True,0.7699866,0.042978816,0.17726494,0.009769617
21,7,none,pz,748,98,0,0,True,0.7882448,0.01859321,0.14159694,0.0515651
21,7,none,pz,749,98,1,1,True,0.036910143,0.6959109,0.25420013,0.012978878
21,7,none,pz,750,98,1,1,True,0.03477722,0.910866,0.038945355,0.015411426
21,7,none,pz,751,98,0,1,False,0.22530213,0.4167223,0.2573388,0.10063684
21,7,none,pz,752,98,1,1,True,0.1701684,0.46647507,0.3498576,0.013498836
21,7,none,pz,753,98,0,0,True,0.5367539,0.07746771,0.38115096,0.004627417
21,7,none,pz,754,98,1,1,True,0.24715269,0.7239424,0.022321282,0.0065836576
21,7,none,pz,755,98,0,0,True,0.8649801,0.037178904,0.09055396,0.007287023
21,7,none,pz,756,98,0,2,False,0.24188223,0.32809982,0.423436,0.0065819197
21,7,none,pz,757,98,1,2,False,0.065409444,0.21595336,0.4154024,0.30323473
21,7,none,pz,758,98,0,2,False,0.30444694,0.0981753,0.53992224,0.0574555
21,7,none,pz,759,98,3,3,True,0.0152892675,0.0031987783,0.006170242,0.97534174
21,7,none,pz,760,98,2,2,True,0.24611813,0.059985783,0.5825341,0.11136202
21,7,none,pz,761,98,3,3,True,0.01128831,0.010726216,0.045656003,0.9323294
21,7,none,pz,762,98,2,0,False,0.44954112,0.17382196,0.36023378,0.016403113
21,7,none,pz,763,98,2,0,False,0.6212181,0.057406154,0.297882,0.023493763
21,7,none,pz,764,98,3,2,False,0.028670233,0.29755786,0.33763546,0.3361365
21,7,none,pz,765,98,2,2,True,0.08377233,0.028819928,0.870969,0.016438756
21,7,none,pz,766,98,3,2,False,0.1275481,0.16778119,0.4670255,0.23764527
21,7,none,pz,767,98,2,2,True,0.2513893,0.009258145,0.648411,0.090941615
21,7,none,pz,768,98,3,3,True,0.028134752,0.0350825,0.023326313,0.9134564
21,7,none,pz,769,98,3,3,True,0.37719566,0.03222399,0.19890395,0.39167637
21,7,none,pz,770,98,2,2,True,0.058425047,0.015440782,0.8855074,0.040626794
21,7,none,pz,771,98,2,2,True,0.21182284,0.028054036,0.5471517,0.21297148
21,7,none,pz,772,98,3,0,False,0.7389166,0.05781874,0.09796995,0.10529463
21,7,none,pz,773,98,3,2,False,0.12877595,0.053032458,0.6141745,0.20401716
21,7,none,pz,774,98,1,1,True,0.02886187,0.8620685,0.101550914,0.007518664
21,7,none,pz,775,98,0,0,True,0.49600247,0.04893309,0.4323686,0.022695826
21,7,none,pz,776,98,0,0,True,0.77786374,0.0129554905,0.19196317,0.017217562
21,7,none,pz,777,98,1,1,True,0.15887356,0.35572734,0.2692191,0.21617994
21,7,none,pz,778,98,0,0,True,0.95656693,0.012850127,0.022410858,0.008172077
21,7,none,pz,779,98,1,2,False,0.075769715,0.104726985,0.687723,0.13178034
21,7,none,pz,780,98,1,3,False,0.025141291,0.18997553,0.36986455,0.4150186
21,7,none,pz,781,98,0,0,True,0.89830583,0.0023262256,0.07202553,0.027342401
21,7,none,pz,782,98,0,0,True,0.7663698,0.112945564,0.09666123,0.024023414
21,7,none,pz,783,98,1,1,True,0.17356426,0.48917815,0.2461193,0.09113824
21,7,none,pz,784,98,0,0,True,0.6031474,0.01574063,0.255277,0.12583493
21,7,none,pz,785,98,1,1,True,0.046422526,0.5369545,0.39512387,0.021499062
21,7,none,pz,786,98,1,1,True,0.036506247,0.4305731,0.1705528,0.3623679
21,7,none,pz,787,98,0,0,True,0.95800936,0.0043577203,0.030154366,0.0074786185
21,7,none,pz,788,98,0,2,False,0.07529131,0.020653032,0.8762785,0.027777227
21,7,none,pz,789,98,3,3,True,0.08818093,0.040585224,0.14717712,0.72405666
21,7,none,pz,790,98,2,2,True,0.41523612,0.02166475,0.49097285,0.072126314
21,7,none,pz,791,98,3,2,False,0.27229008,0.040250275,0.36071083,0.32674882
21,7,none,pz,792,98,2,2,True,0.0308554,0.049931444,0.9145277,0.004685488
21,7,none,pz,793,98,2,0,False,0.65804505,0.06470694,0.24359992,0.033648107
21,7,none,pz,794,98,3,3,True,0.13264452,0.08107884,0.07938833,0.7068883
21,7,none,pz,795,98,2,2,True,0.3071744,0.06631629,0.5955958,0.0309135
21,7,none,pz,796,98,3,3,True,0.07454319,0.012401798,0.022236079,0.8908189
21,7,none,pz,797,98,3,2,False,0.07482859,0.0029560595,0.5467595,0.37545583
21,7,none,pz,798,98,2,2,True,0.03529217,0.024986545,0.67881554,0.26090577
21,7,none,pz,799,98,2,2,True,0.087939315,0.06834415,0.824741,0.0189755
21,7,none,pz,800,98,3,0,False,0.3413001,0.3166996,0.3340449,0.007955345
21,7,none,pz,801,98,2,3,False,0.13032767,0.0622802,0.24433346,0.5630587
21,7,none,pz,802,98,3,3,True,0.048567094,0.019470887,0.18712316,0.7448389
21,7,none,pz,803,98,3,2,False,0.11592891,0.005626642,0.7044303,0.1740142
21,7,none,pz,804,98,0,2,False,0.3470678,0.04086441,0.5830879,0.028979799
21,7,none,pz,805,98,1,0,False,0.4875062,0.057167463,0.0551969,0.40012944
21,7,none,pz,806,98,1,0,False,0.38494617,0.13640004,0.24785545,0.23079842
21,7,none,pz,807,98,0,2,False,0.28742573,0.31275755,0.38007662,0.019740123
21,7,none,pz,808,98,0,1,False,0.18704447,0.7508612,0.051026184,0.011068076
21,7,none,pz,809,98,1,3,False,0.21130921,0.07998407,0.04606777,0.66263896
21,7,none,pz,810,98,1,0,False,0.41650608,0.12806757,0.22863205,0.22679427
21,7,none,pz,811,98,0,0,True,0.74633735,0.017803423,0.18561697,0.0502423
21,7,none,pz,812,98,0,0,True,0.45271388,0.36196256,0.15072821,0.034595314
21,7,none,pz,813,98,1,0,False,0.98326313,0.009419644,0.0032057164,0.0041115545
21,7,none,pz,814,98,0,2,False,0.31844425,0.17518435,0.36528665,0.14108467
21,7,none,pz,815,98,1,0,False,0.7597083,0.07890341,0.06358898,0.09779933
21,7,none,pz,816,98,1,0,False,0.5898217,0.04677002,0.17477472,0.1886336
21,7,none,pz,817,98,0,2,False,0.10862688,0.047310166,0.81794506,0.026117899
21,7,none,pz,818,98,1,2,False,0.27523634,0.2857699,0.39328852,0.04570518
21,7,none,pz,819,98,2,0,False,0.6020983,0.068657726,0.2376815,0.09156254
21,7,none,pz,820,98,3,1,False,0.007152667,0.9649354,0.026171766,0.0017402053
21,7,none,pz,821,98,3,3,True,0.14008044,0.2415644,0.2989413,0.3194138
21,7,none,pz,822,98,2,0,False,0.777156,0.004460019,0.12510455,0.09327947
21,7,none,pz,823,98,2,2,True,0.32441008,0.030934913,0.4761118,0.16854319
21,7,none,pz,824,98,3,2,False,0.014700387,0.13303201,0.6205446,0.23172292
21,7,none,pz,825,98,3,3,True,0.12525392,0.011036735,0.37556246,0.48814693
21,7,none,pz,826,98,2,0,False,0.43317544,0.050663285,0.393691,0.12247025
21,7,none,pz,827,98,3,3,True,0.18616602,0.3098591,0.10278563,0.4011893
21,7,none,pz,828,98,2,0,False,0.46162885,0.060013387,0.4607015,0.017656308
21,7,none,pz,829,98,3,3,True,0.24286178,0.10089684,0.21280767,0.4434337
21,7,none,pz,830,98,2,0,False,0.46723983,0.048027337,0.25655273,0.22818008
21,7,none,pz,831,98,3,3,True,0.07092769,0.065620534,0.172328,0.6911238
21,7,none,pz,832,98,2,0,False,0.7730267,0.014274182,0.16005291,0.052646253
21,7,none,pz,833,98,3,0,False,0.48281598,0.46596637,0.014761647,0.03645595
21,7,none,pz,834,99,1,3,False,0.13032374,0.3020977,0.24342518,0.3241534
21,7,none,pz,835,99,0,2,False,0.044127602,0.010091144,0.93939906,0.006382277
21,7,none,pz,836,99,0,0,True,0.7340161,0.03341762,0.04621482,0.1863514
21,7,none,pz,837,99,1,3,False,0.09595315,0.10094648,0.0057867663,0.7973136
21,7,none,pz,838,99,0,1,False,0.17518827,0.44231427,0.29108018,0.09141731
21,7,none,pz,839,99,1,3,False,0.39648736,0.024377648,0.027272278,0.5518628
21,7,none,pz,840,99,1,3,False,0.16527976,0.17003801,0.22431606,0.44036615
21,7,none,pz,841,99,0,2,False,0.05504917,0.05826102,0.46492958,0.4217602
21,7,none,pz,842,99,0,3,False,0.24510095,0.0549738,0.10387788,0.59604734
21,7,none,pz,843,99,1,2,False,0.021707948,0.004932194,0.81644815,0.15691176
21,7,none,pz,844,99,1,1,True,0.0012331223,0.9930634,0.0051059006,0.00059754227
21,7,none,pz,845,99,0,2,False,0.0765483,0.0660333,0.52448136,0.33293712
21,7,none,pz,846,99,1,1,True,0.04973046,0.5045588,0.3242832,0.12142756
21,7,none,pz,847,99,0,3,False,0.3170855,0.0041827736,0.31537694,0.36335477
21,7,none,pz,848,99,1,1,True,0.045492265,0.5990041,0.2011367,0.15436696
21,7,none,pz,849,99,3,1,False,0.09513938,0.4206549,0.24829902,0.23590668
21,7,none,pz,850,99,2,3,False,0.09800484,0.039678853,0.2119342,0.6503821
21,7,none,pz,851,99,3,2,False,0.16101263,0.044704147,0.69378674,0.10049654
21,7,none,pz,852,99,2,2,True,0.054247722,0.0061261277,0.9336105,0.006015621
21,7,none,pz,853,99,3,2,False,0.24388406,0.04099983,0.5599693,0.15514676
21,7,none,pz,854,99,2,2,True,0.17314135,0.017205823,0.8032266,0.0064261984
21,7,none,pz,855,99,3,2,False,0.095317565,0.18493965,0.6889148,0.030828003
21,7,none,pz,856,99,2,2,True,0.13211446,0.01444,0.49143434,0.3620112
21,7,none,pz,857,99,2,1,False,0.19331032,0.32291275,0.26935107,0.21442588
21,7,none,pz,858,99,3,0,False,0.84036237,0.016137172,0.069734275,0.07376624
21,7,none,pz,859,99,3,3,True,0.15994753,0.04219585,0.39798427,0.3998724
21,7,none,pz,860,99,2,3,False,0.16904977,0.12332338,0.228198,0.47942886
21,7,none,pz,861,99,2,2,True,0.44670644,0.018538298,0.50834215,0.026413066
21,7,none,pz,862,99,3,2,False,0.037390612,0.043447204,0.55412674,0.3650354
21,7,none,pz,863,99,3,3,True,0.17869559,0.10705581,0.1846417,0.5296069
21,7,none,pz,864,99,0,0,True,0.95761645,0.00040457354,0.0246324,0.017346626
21,7,none,pz,865,99,1,0,False,0.39863104,0.062074848,0.33135757,0.20793657
21,7,none,pz,866,99,0,3,False,0.38347998,0.09852836,0.014770388,0.5032213
21,7,none,pz,867,99,1,0,False,0.50809723,0.3078319,0.09573021,0.088340595
21,7,none,pz,868,99,1,1,True,0.0052481056,0.89611155,0.013976796,0.08466359
21,7,none,pz,869,99,0,0,True,0.78849536,0.006764803,0.12133597,0.08340399
21,7,none,pz,870,99,1,0,False,0.73787624,0.12030641,0.119783245,0.02203401
21,7,none,pz,871,99,0,0,True,0.7857207,0.0010287199,0.09473398,0.11851653
21,7,none,pz,872,99,1,0,False,0.38579744,0.16700126,0.27784178,0.16935961
21,7,none,pz,873,99,0,3,False,0.3366233,0.0013644357,0.010244965,0.6517673
21,7,none,pz,874,99,1,3,False,0.23751815,0.04123853,0.29471967,0.42652363
21,7,none,pz,875,99,0,2,False,0.29347533,0.033696715,0.5610017,0.11182624
21,7,none,pz,876,99,1,2,False,0.26623958,0.027406828,0.6762144,0.030139215
21,7,none,pz,877,99,0,0,True,0.6829569,0.060821313,0.1129708,0.14325108
21,7,none,pz,878,99,0,0,True,0.9923689,0.0005724104,0.004776316,0.0022824036
21,7,none,pz,879,99,2,3,False,0.08763183,0.024474563,0.059838235,0.8280553
21,7,none,pz,880,99,3,2,False,0.024591822,0.022294112,0.8551092,0.098004825
21,7,none,pz,881,99,2,1,False,0.19082358,0.4460397,0.06477701,0.29835978
21,7,none,pz,882,99,3,2,False,0.16680314,0.03781254,0.5401262,0.2552581
21,7,none,pz,883,99,3,0,False,0.72057796,0.023816915,0.2444375,0.011167668
21,7,none,pz,884,99,2,0,False,0.767384,0.0064831595,0.21844399,0.007688923
21,7,none,pz,885,99,3,3,True,0.28286296,0.040385388,0.29385316,0.3828985
21,7,none,pz,886,99,2,2,True,0.24004708,0.0031226734,0.6026121,0.15421824
21,7,none,pz,887,99,2,1,False,0.085344024,0.8626355,0.009846673,0.04217384
21,7,none,pz,888,99,3,0,False,0.81104785,0.02250323,0.011309822,0.15513906
21,7,none,pz,889,99,2,0,False,0.59239614,0.013440937,0.019238403,0.37492454
21,7,none,pz,890,99,3,2,False,0.062219582,0.092576414,0.48462355,0.36058044
21,7,none,pz,891,99,2,2,True,0.067927405,0.0034772325,0.6050916,0.32350382
21,7,none,pz,892,99,3,2,False,0.07912611,0.022436498,0.57042783,0.32800955
21,7,none,pz,893,99,3,2,False,0.061825614,0.14432706,0.6651313,0.12871611
21,7,none,pz,894,99,0,0,True,0.7132205,0.0030445713,0.2697686,0.013966409
21,7,none,pz,895,99,1,0,False,0.8593295,0.0034456998,0.027038535,0.11018624
21,7,none,pz,896,99,0,2,False,0.16244088,0.30368668,0.40996838,0.123904094
21,7,none,pz,897,99,1,2,False,0.33087963,0.2419412,0.3736831,0.053496055
21,7,none,pz,898,99,1,1,True,0.0762946,0.7982408,0.09419169,0.031272955
21,7,none,pz,899,99,0,2,False,0.076917574,0.008625968,0.7132327,0.20122379
21,7,none,pz,900,99,0,2,False,0.05483631,0.007058944,0.92558014,0.012524526
21,7,none,pz,901,99,1,1,True,0.016794166,0.50999373,0.27000964,0.2032025
21,7,none,pz,902,99,0,2,False,0.026311161,0.056836635,0.88200265,0.034849547
21,7,none,pz,903,99,1,0,False,0.744569,0.15320759,0.016327474,0.085895866
21,7,none,pz,904,99,1,3,False,0.15560554,0.14364529,0.3463161,0.35443312
21,7,none,pz,905,99,0,2,False,0.05768266,0.014824852,0.7390034,0.18848917
21,7,none,pz,906,99,0,0,True,0.7246385,0.0034442984,0.13098769,0.14092952
21,7,none,pz,907,99,1,2,False,0.08236397,0.05858136,0.80541366,0.053640984
21,7,none,pz,908,99,1,2,False,0.029202834,0.0076075494,0.90608764,0.057102043
21,7,none,pz,909,99,2,2,True,0.018352287,0.008834492,0.6513672,0.32144603
21,7,none,pz,910,99,3,1,False,0.1275639,0.39969033,0.10075021,0.3719956
21,7,none,pz,911,99,2,2,True,0.17729965,0.098297104,0.69018596,0.034217257
21,7,none,pz,912,99,3,2,False,0.022474004,0.036937505,0.8439744,0.09661413
21,7,none,pz,913,99,3,2,False,0.25191906,0.034106717,0.5410688,0.17290546
21,7,none,pz,914,99,2,2,True,0.0546145,0.021555625,0.49552834,0.4283015
21,7,none,pz,915,99,2,3,False,0.021035548,0.039877377,0.23586231,0.7032248
21,7,none,pz,916,99,3,3,True,0.05388843,0.045747954,0.29621208,0.60415155
21,7,none,pz,917,99,3,0,False,0.7673363,0.0008802669,0.1692117,0.062571734
21,7,none,pz,918,99,2,0,False,0.82841456,0.005722324,0.10555257,0.060310498
21,7,none,pz,919,99,3,1,False,0.21580109,0.35514703,0.099410824,0.32964107
21,7,none,pz,920,99,2,2,True,0.21716762,0.058283012,0.56640124,0.15814811
21,7,none,pz,921,99,3,2,False,0.036024056,0.06693899,0.80088055,0.09615639
21,7,none,pz,922,99,2,2,True,0.014190993,0.45438486,0.5090678,0.022356354
21,7,none,pz,923,99,3,3,True,0.027865859,0.022401908,0.04682669,0.9029055
21,7,none,pz,924,100,0,0,True,0.9083138,0.01924858,0.068516895,0.003920663
21,7,none,pz,925,100,1,1,True,0.020605832,0.4395077,0.10079926,0.4390872
21,7,none,pz,926,100,1,1,True,0.011529746,0.95537347,0.0113047585,0.021792103
21,7,none,pz,927,100,0,1,False,0.023660708,0.55755484,0.23737738,0.18140708
21,7,none,pz,928,100,0,0,True,0.99256235,0.00057907216,0.0008053307,0.0060532135
21,7,none,pz,929,100,1,1,True,0.10200686,0.36638567,0.17217068,0.35943678
21,7,none,pz,930,100,0,0,True,0.99755967,3.51508e-05,0.000540594,0.0018645043
21,7,none,pz,931,100,1,3,False,0.02165654,0.058757074,0.18868172,0.73090464
21,7,none,pz,932,100,1,1,True,0.0006209956,0.9975399,0.0017236993,0.00011549768
21,7,none,pz,933,100,0,2,False,0.21998924,0.025261242,0.45916373,0.2955858
21,7,none,pz,934,100,1,1,True,0.021761062,0.55817944,0.22475998,0.19529954
21,7,none,pz,935,100,0,2,False,0.3903204,0.01857824,0.5710177,0.02008372
21,7,none,pz,936,100,3,3,True,0.12285102,0.013293554,0.01117005,0.8526854
21,7,none,pz,937,100,2,2,True,0.406188,0.01176462,0.50960654,0.07244074
21,7,none,pz,938,100,3,3,True,0.15913202,0.024221668,0.009574917,0.8070714
21,7,none,pz,939,100,2,1,False,0.21443094,0.40993294,0.3047115,0.07092456
21,7,none,pz,940,100,3,0,False,0.74800277,0.0040135263,0.0778613,0.17012246
21,7,none,pz,941,100,2,2,True,0.2592702,0.11897896,0.61815876,0.0035920814
21,7,none,pz,942,100,3,0,False,0.49861673,0.15541925,0.070521824,0.2754423
21,7,none,pz,943,100,2,2,True,0.0763946,0.016160691,0.90505254,0.0023921954
21,7,none,pz,944,100,3,2,False,0.40283695,0.023002377,0.56430393,0.0098568
21,7,none,pz,945,100,2,2,True,0.13845351,0.06863207,0.7895678,0.003346582
21,7,none,pz,946,100,3,1,False,0.0044984883,0.8767521,0.08336577,0.03538362
21,7,none,pz,947,100,2,2,True,0.116459265,0.008753198,0.8312676,0.043519992
21,7,none,pz,948,100,1,1,True,0.0033132047,0.9847829,0.011563251,0.00034062323
21,7,none,pz,949,100,0,0,True,0.71374786,0.06713127,0.1997652,0.019355666
21,7,none,pz,950,100,0,0,True,0.8551674,0.022691084,0.03212297,0.09001861
21,7,none,pz,951,100,1,1,True,0.14983453,0.5500091,0.17287293,0.12728344
21,7,none,pz,952,100,1,1,True,0.2480339,0.7006681,0.019774202,0.031523734
21,7,none,pz,953,100,0,2,False,0.13620505,0.20434478,0.5955516,0.06389856
21,7,none,pz,954,100,0,0,True,0.8980775,0.041474346,0.015157182,0.045290917
21,7,none,pz,955,100,1,1,True,0.0007865128,0.9917231,0.0029419935,0.004548351
21,7,none,pz,956,100,1,1,True,0.15813507,0.6072386,0.011293407,0.22333296
21,7,none,pz,957,100,0,1,False,0.03774981,0.63531536,0.24098055,0.08595425
21,7,none,pz,958,100,0,0,True,0.9956227,0.0021481577,0.0019103198,0.0003188868
21,7,none,pz,959,100,1,1,True,0.00408145,0.9893896,0.004396415,0.0021325117
21,7,none,pz,960,100,3,3,True,0.27370188,0.0135979,0.08783181,0.6248684
21,7,none,pz,961,100,2,2,True,0.062182434,0.0027567379,0.86783457,0.067226246
21,7,none,pz,962,100,2,2,True,0.23872423,0.043855373,0.6843111,0.03310924
21,7,none,pz,963,100,3,3,True,0.1232489,0.09830004,0.03846804,0.7399831
21,7,none,pz,964,100,2,0,False,0.5942604,0.2973998,0.09770624,0.01063359
21,7,none,pz,965,100,3,0,False,0.9282329,0.0019176462,0.0024061296,0.067443326
21,7,none,pz,966,100,2,2,True,0.05444824,0.38364914,0.47555938,0.08634322
21,7,none,pz,967,100,3,0,False,0.7786652,0.0561703,0.027858904,0.13730563
21,7,none,pz,968,100,2,1,False,0.3516139,0.5376625,0.10330037,0.0074231955
21,7,none,pz,969,100,3,1,False,0.093513496,0.6982618,0.06512857,0.14309607
21,7,none,pz,970,100,2,0,False,0.72865736,0.025172528,0.0247454,0.22142477
21,7,none,pz,971,100,3,3,True,0.29009515,0.15173835,0.062640645,0.49552593
21,7,none,pz,972,100,1,1,True,0.0011828307,0.99160624,0.0017520273,0.0054590115
21,7,none,pz,973,100,0,0,True,0.86699826,0.025320468,0.049253177,0.05842812
21,7,none,pz,974,100,0,3,False,0.0048868577,0.004663037,0.23937082,0.7510793
21,7,none,pz,975,100,1,2,False,0.29881206,0.012870078,0.6318986,0.056419313
21,7,none,pz,976,100,1,1,True,0.0012558463,0.992058,0.0064445934,0.00024164976
21,7,none,pz,977,100,0,0,True,0.998971,7.053133e-05,0.0008805665,7.798705e-05
21,7,none,pz,978,100,0,0,True,0.8462859,0.015954792,0.12042357,0.017335767
21,7,none,pz,979,100,1,1,True,0.10500949,0.8131972,0.00852594,0.073267385
21,7,none,pz,980,100,1,1,True,0.036796995,0.45225567,0.41682678,0.094120555
21,7,none,pz,981,100,0,0,True,0.66693103,0.01302591,0.31595746,0.0040855976
21,7,none,pz,982,100,0,0,True,0.51124173,0.06646951,0.28516692,0.13712187
21,7,none,pz,983,100,1,1,True,0.09757415,0.6957482,0.13491915,0.07175848
21,7,none,pz,984,100,2,2,True,0.27971044,0.050058383,0.57975507,0.09047615
21,7,none,pz,985,100,3,3,True,0.013179441,0.04057118,0.36353895,0.5827104
21,7,none,pz,986,100,2,3,False,0.17969403,0.1840702,0.26804343,0.36819237
21,7,none,pz,987,100,3,3,True,0.015207005,0.21301466,0.06616177,0.70561653
21,7,none,pz,988,100,3,1,False,0.032915194,0.6178177,0.034489192,0.3147779
21,7,none,pz,989,100,2,0,False,0.87123686,0.09632875,0.03163082,0.00080352725
21,7,none,pz,990,100,2,2,True,0.12380769,0.13073176,0.6868218,0.05863881
21,7,none,pz,991,100,3,2,False,0.055555105,0.15201212,0.5829655,0.2094672
21,7,none,pz,992,100,3,3,True,0.00400232,0.14959434,0.08205559,0.76434773
21,7,none,pz,993,100,2,1,False,0.23125644,0.31017795,0.23810403,0.22046152
21,7,none,pz,994,100,2,2,True,0.031233385,0.03349494,0.63733006,0.29794163
21,7,none,pz,995,100,3,3,True,0.00063616363,0.009186871,0.051290404,0.9388866
21,7,none,pz,996,101,0,2,False,0.3338026,0.031035483,0.62055624,0.014605589
21,7,none,pz,997,101,1,1,True,0.00065020024,0.9837442,0.010886806,0.00471894
21,7,none,pz,998,101,1,1,True,0.20714727,0.586746,0.031229101,0.17487766
21,7,none,pz,999,101,0,0,True,0.9981957,0.0014403698,6.0282917e-05,0.0003035006
21,7,none,pz,1000,101,1,1,True,0.0026248805,0.99459594,0.0012881703,0.0014909543
21,7,none,pz,1001,101,0,0,True,0.99986887,8.448075e-05,4.0710034e-05,5.8858536e-06
21,7,none,pz,1002,101,1,1,True,0.0018129463,0.99522346,2.952499e-05,0.0029340785
21,7,none,pz,1003,101,0,0,True,0.9998072,0.00010903065,6.334684e-05,2.0542675e-05
21,7,none,pz,1004,101,1,1,True,0.0038971247,0.99440247,0.00053606316,0.0011644965
21,7,none,pz,1005,101,0,0,True,0.99626595,0.00343956,0.000226278,6.833568e-05
21,7,none,pz,1006,101,0,0,True,0.9981981,0.00055337336,0.0011834782,6.5124674e-05
21,7,none,pz,1007,101,1,1,True,0.000752982,0.9952786,0.001905099,0.0020633952
21,7,none,pz,1008,101,1,1,True,0.0011450787,0.9956756,0.0024120535,0.0007671831
21,7,none,pz,1009,101,0,0,True,0.98351145,0.000105564075,0.013007038,0.003376081
21,7,none,pz,1010,101,0,0,True,0.99842453,0.0002795801,0.0011652294,0.0001306648
21,7,none,pz,1011,101,2,1,False,0.029458731,0.9004629,0.06892994,0.0011484732
21,7,none,pz,1012,101,3,1,False,0.17100827,0.54114753,0.21964416,0.06819997
21,7,none,pz,1013,101,2,0,False,0.5830986,0.021581784,0.3182656,0.07705406
21,7,none,pz,1014,101,3,0,False,0.6251052,0.04248844,0.054065786,0.27834055
21,7,none,pz,1015,101,3,3,True,0.11791601,0.1096113,0.29508913,0.47738352
21,7,none,pz,1016,101,2,2,True,0.2108186,0.031119993,0.7349944,0.023066929
21,7,none,pz,1017,101,2,2,True,0.046114247,0.089288846,0.85303915,0.0115577215
21,7,none,pz,1018,101,3,3,True,0.20137832,0.22421612,0.06900573,0.5053999
21,7,none,pz,1019,101,2,0,False,0.36137876,0.28178695,0.34157625,0.0152580375
21,7,none,pz,1020,101,3,0,False,0.47242415,0.071475424,0.01802383,0.43807656
21,7,none,pz,1021,101,3,3,True,0.07692773,0.14802048,0.32006454,0.4549873
21,7,none,pz,1022,101,2,1,False,0.43273667,0.5558104,0.0067638145,0.0046891226
21,7,none,pz,1023,101,2,0,False,0.94824106,0.01804047,0.03342333,0.00029519806
21,7,none,pz,1024,101,3,3,True,0.050470844,0.011404795,0.006305157,0.9318192
21,7,none,pz,1025,101,2,0,False,0.48580045,0.18667004,0.31562063,0.011908752
21,7,none,pz,1026,101,1,1,True,0.07855838,0.8868884,0.021180065,0.013373174
21,7,none,pz,1027,101,0,0,True,0.99842143,0.0011206223,0.00039876738,5.9241112e-05
21,7,none,pz,1028,101,0,0,True,0.990633,0.0041841003,0.0045293774,0.0006534749
21,7,none,pz,1029,101,1,0,False,0.51808083,0.4229307,0.032674514,0.026313903
21,7,none,pz,1030,101,1,1,True,0.00051634666,0.9974031,0.0016427272,0.0004377722
21,7,none,pz,1031,101,0,0,True,0.99828655,0.00015460879,0.0015418913,1.6938326e-05
21,7,none,pz,1032,101,0,0,True,0.99853563,0.0012260991,0.00014697565,9.126492e-05
21,7,none,pz,1033,101,1,1,True,0.0005583674,0.99574655,0.003376297,0.0003187993
21,7,none,pz,1034,101,1,1,True,0.036626164,0.96180123,0.000965455,0.0006071736
21,7,none,pz,1035,101,0,0,True,0.99990106,1.3080746e-05,5.6038032e-05,2.9806086e-05
21,7,none,pz,1036,101,1,1,True,0.019293074,0.9685621,0.005363734,0.0067810095
21,7,none,pz,1037,101,0,0,True,0.99822956,0.0014058747,0.0002854652,7.909413e-05
21,7,none,pz,1038,101,1,1,True,0.043133307,0.9519637,0.002886165,0.0020168596
21,7,none,pz,1039,101,0,0,True,0.9212635,0.018966844,0.01383339,0.045936327
21,7,none,pz,1040,101,1,0,False,0.41366646,0.24376845,0.28120747,0.061357543
21,7,none,pz,1041,101,2,2,True,0.39335078,0.08259363,0.5214376,0.0026180323
21,7,none,pz,1042,101,3,0,False,0.57455105,0.043413147,0.21422368,0.16781215
21,7,none,pz,1043,101,2,1,False,0.13389128,0.45026064,0.40829527,0.007552735
21,7,none,pz,1044,101,3,0,False,0.45237234,0.095552534,0.002376872,0.4496983
21,7,none,pz,1045,101,3,0,False,0.65533125,0.03719111,0.14944004,0.15803768
21,7,none,pz,1046,101,2,2,True,0.14260575,0.19229814,0.6282382,0.036857966
21,7,none,pz,1047,101,2,0,False,0.6120163,0.04397898,0.3370731,0.006931605
21,7,none,pz,1048,101,3,0,False,0.48411548,0.1114948,0.007065643,0.39732406
21,7,none,pz,1049,101,3,0,False,0.54163665,0.01854974,0.042004406,0.3978093
21,7,none,pz,1050,101,2,0,False,0.72216654,0.16644986,0.063966036,0.04741756
21,7,none,pz,1051,101,2,2,True,0.04515294,0.023473144,0.93112826,0.000245597
21,7,none,pz,1052,101,3,3,True,0.45693323,0.044520713,0.017589528,0.48095652
21,7,none,pz,1053,101,2,0,False,0.88046366,0.00831256,0.10704532,0.0041784523
21,7,none,pz,1054,101,3,0,False,0.5377685,0.021456093,0.03429501,0.40648034
21,7,none,pz,1055,101,2,1,False,0.29442722,0.5862914,0.092532836,0.026748601
21,7,none,pz,1056,101,0,0,True,0.9977586,0.0002266888,0.001884752,0.00012984179
21,7,none,pz,1057,101,1,1,True,0.018055148,0.78132147,0.19134074,0.0092825545
21,7,none,pz,1058,101,0,0,True,0.9993456,0.00038969147,0.00025536417,9.340629e-06
21,7,none,pz,1059,101,1,1,True,0.14511847,0.7057307,0.0043383725,0.14481246
21,7,none,pz,1060,101,1,1,True,0.049094975,0.8329094,0.05739242,0.060603134
21,7,none,pz,1061,101,0,0,True,0.9976514,0.00078374794,0.0010353487,0.0005294503
21,7,none,pz,1062,101,1,1,True,0.0006445466,0.9992478,5.4726373e-05,5.3034077e-05
21,7,none,pz,1063,101,0,0,True,0.99986243,8.968967e-05,4.3155593e-05,4.7326976e-06
21,7,none,pz,1064,101,1,1,True,0.0022706264,0.987358,0.0063164234,0.004055054
21,7,none,pz,1065,101,0,0,True,0.9978441,0.000721543,0.00076486816,0.00066943833
21,7,none,pz,1066,101,1,1,True,0.021136042,0.91772306,0.048058804,0.013082118
21,7,none,pz,1067,101,0,0,True,0.999724,7.4680815e-05,0.0001015937,9.9740784e-05
21,7,none,pz,1068,101,0,0,True,0.98902357,0.00828551,0.0026196968,7.132152e-05
21,7,none,pz,1069,101,1,1,True,0.005412712,0.97694004,0.00097239506,0.016674737
21,7,none,pz,1070,101,1,1,True,0.012397248,0.96544945,0.020880524,0.001272821
21,7,none,pz,1071,101,3,3,True,0.042815235,0.025956929,0.006350607,0.9248772
21,7,none,pz,1072,101,2,2,True,0.017016448,0.0073792897,0.9684448,0.0071595004
21,7,none,pz,1073,101,3,0,False,0.47556564,0.17846406,0.14901398,0.19695634
21,7,none,pz,1074,101,2,0,False,0.79298985,0.01352764,0.16605836,0.027424159
21,7,none,pz,1075,101,2,1,False,0.1822873,0.41167262,0.30588195,0.10015812
21,7,none,pz,1076,101,3,0,False,0.65189207,0.16002224,0.013493811,0.17459185
21,7,none,pz,1077,101,3,0,False,0.785062,0.02605416,0.008268382,0.18061543
21,7,none,pz,1078,101,2,3,False,0.05641072,0.031288777,0.100328445,0.8119721
21,7,none,pz,1079,101,2,2,True,0.014353089,0.0010494627,0.983993,0.00060450897
21,7,none,pz,1080,101,3,3,True,0.14746933,0.025683645,0.13976818,0.68707883
21,7,none,pz,1081,101,3,3,True,0.06349021,0.02653896,0.07479764,0.8351732
21,7,none,pz,1082,101,2,3,False,0.086876616,0.13650778,0.17195143,0.60466415
21,7,none,pz,1083,101,3,3,True,0.08002763,0.03593154,0.03111048,0.8529304
21,7,none,pz,1084,101,2,2,True,0.021504516,0.24810474,0.40106943,0.32932124
21,7,none,pz,1085,101,2,1,False,0.105736345,0.391599,0.37371957,0.1289451
21,7,none,pz,1086,102,1,1,True,0.0009825334,0.99050456,0.007201244,0.001311604
21,7,none,pz,1087,102,0,0,True,0.86537796,0.03402877,0.09379416,0.006799156
21,7,none,pz,1088,102,1,1,True,0.007447661,0.74646986,0.23999058,0.006091928
21,7,none,pz,1089,102,0,0,True,0.98663306,0.003985985,0.0059236465,0.0034573274
21,7,none,pz,1090,102,1,2,False,0.028788421,0.43569478,0.5334371,0.0020797183
21,7,none,pz,1091,102,0,0,True,0.68234396,0.036314033,0.25178233,0.029559648
21,7,none,pz,1092,102,0,0,True,0.9916598,0.0017499945,0.0063707023,0.00021956537
21,7,none,pz,1093,102,1,0,False,0.41013798,0.11771145,0.38086852,0.091282
21,7,none,pz,1094,102,0,0,True,0.8136341,0.029948344,0.12996891,0.026448684
21,7,none,pz,1095,102,1,2,False,0.047495283,0.1931956,0.7556366,0.0036726196
21,7,none,pz,1096,102,0,0,True,0.7641494,0.011458705,0.16322844,0.06116343
21,7,none,pz,1097,102,1,2,False,0.021983318,0.2720907,0.7002497,0.0056762993
21,7,none,pz,1098,102,0,0,True,0.4409328,0.18995301,0.24341832,0.12569591
21,7,none,pz,1099,102,1,2,False,0.11034106,0.05782409,0.8277192,0.004115567
21,7,none,pz,1100,102,1,1,True,0.0038294673,0.9902131,0.0058954842,6.191703e-05
21,7,none,pz,1101,102,2,2,True,0.11619078,0.30152765,0.56182253,0.020459017
21,7,none,pz,1102,102,3,2,False,0.13606554,0.12213088,0.3782092,0.36359438
21,7,none,pz,1103,102,2,1,False,0.17746118,0.39906105,0.38545886,0.03801899
21,7,none,pz,1104,102,3,2,False,0.20779026,0.2660067,0.36503592,0.1611671
21,7,none,pz,1105,102,2,0,False,0.5562536,0.023906495,0.41655865,0.0032812515
21,7,none,pz,1106,102,3,2,False,0.11236563,0.17638668,0.51521134,0.19603638
21,7,none,pz,1107,102,2,2,True,0.15044118,0.032087386,0.80281836,0.014653078
21,7,none,pz,1108,102,3,3,True,0.22202367,0.114877336,0.32914573,0.33395326
21,7,none,pz,1109,102,3,0,False,0.44152856,0.086996734,0.19160956,0.27986512
21,7,none,pz,1110,102,2,2,True,0.034217328,0.026137989,0.93816215,0.0014825078
21,7,none,pz,1111,102,3,2,False,0.0115603665,0.10456332,0.8521049,0.0317714
21,7,none,pz,1112,102,2,2,True,0.24813484,0.02400354,0.6690094,0.058852196
21,7,none,pz,1113,102,2,2,True,0.051232085,0.05228507,0.8918327,0.004650081
21,7,none,pz,1114,102,3,0,False,0.5234704,0.05645007,0.37349483,0.04658467
21,7,none,pz,1115,102,2,2,True,0.020098105,0.09331283,0.8350493,0.05153979
21,7,none,pz,1116,102,1,1,True,0.0009804863,0.96748936,0.031355027,0.00017514756
21,7,none,pz,1117,102,0,0,True,0.35725158,0.26698795,0.27873167,0.097028784
21,7,none,pz,1118,102,1,1,True,0.016559474,0.64087415,0.29347837,0.04908805
21,7,none,pz,1119,102,0,0,True,0.71751887,0.03529425,0.21848488,0.028701963
21,7,none,pz,1120,102,0,0,True,0.88709056,0.032284644,0.07647905,0.004145709
21,7,none,pz,1121,102,1,2,False,0.03428177,0.15975036,0.8010823,0.0048855036
21,7,none,pz,1122,102,0,1,False,0.2337415,0.4026182,0.32906225,0.034577984
21,7,none,pz,1123,102,1,2,False,0.087309465,0.21332102,0.6814637,0.017905807
21,7,none,pz,1124,102,0,0,True,0.5064614,0.020718144,0.46714568,0.0056748297
21,7,none,pz,1125,102,1,2,False,0.15817559,0.098770216,0.69506425,0.047989897
21,7,none,pz,1126,102,1,1,True,0.0013483461,0.9931952,0.0038689128,0.0015876472
21,7,none,pz,1127,102,0,2,False,0.22611056,0.10426753,0.524031,0.14559095
21,7,none,pz,1128,102,1,1,True,0.00058844476,0.99543697,0.003756082,0.0002184774
21,7,none,pz,1129,102,0,2,False,0.25018054,0.1393376,0.45650128,0.15398064
21,7,none,pz,1130,102,1,2,False,0.12551142,0.2333087,0.55204296,0.08913688
21,7,none,pz,1131,102,2,2,True,0.010602948,0.055317704,0.9313065,0.0027728193
21,7,none,pz,1132,102,3,2,False,0.019040922,0.31358778,0.5554068,0.1119645
21,7,none,pz,1133,102,3,2,False,0.017755011,0.04325851,0.6120437,0.32694283
21,7,none,pz,1134,102,2,2,True,0.021329723,0.02950289,0.945912,0.0032553284
21,7,none,pz,1135,102,2,1,False,0.053326145,0.5926305,0.2799281,0.07411528
21,7,none,pz,1136,102,3,2,False,0.03924832,0.052938264,0.84743786,0.06037551
21,7,none,pz,1137,102,3,2,False,0.107212536,0.21462071,0.5489175,0.12924929
21,7,none,pz,1138,102,2,2,True,0.0023012904,0.093317986,0.9023413,0.0020393953
21,7,none,pz,1139,102,2,2,True,0.072209224,0.104450025,0.7960431,0.027297754
21,7,none,pz,1140,102,3,0,False,0.39204013,0.13431942,0.29428723,0.17935324
21,7,none,pz,1141,102,2,2,True,0.0074566114,0.08478415,0.5058406,0.4019186
21,7,none,pz,1142,102,3,3,True,0.019173251,0.29086807,0.32024124,0.36971742
21,7,none,pz,1143,102,3,2,False,0.049967617,0.006509934,0.79879713,0.14472525
21,7,none,pz,1144,102,2,2,True,0.290137,0.17151146,0.43343687,0.10491456
21,7,none,pz,1145,102,2,2,True,0.0143543,0.24630108,0.7313327,0.008011872
21,7,none,pz,1146,102,0,2,False,0.27357924,0.03600599,0.66625,0.02416472
21,7,none,pz,1147,102,1,1,True,0.0011912916,0.9891667,0.00911572,0.00052625476
21,7,none,pz,1148,102,0,2,False,0.043069664,0.014087245,0.9192983,0.023544792
21,7,none,pz,1149,102,1,1,True,0.0033372813,0.9800821,0.014597541,0.001983007
21,7,none,pz,1150,102,1,2,False,0.04214268,0.14374322,0.8104664,0.003647681
21,7,none,pz,1151,102,0,2,False,0.16756275,0.098473676,0.6834757,0.050487928
21,7,none,pz,1152,102,0,2,False,0.12009713,0.034232676,0.8417057,0.003964486
21,7,none,pz,1153,102,1,1,True,0.040663112,0.6913619,0.21660525,0.05136968
21,7,none,pz,1154,102,0,2,False,0.24340905,0.18000458,0.559083,0.017503425
21,7,none,pz,1155,102,1,2,False,0.1097473,0.099006645,0.7216828,0.0695634
21,7,none,pz,1156,102,1,1,True,0.0057022963,0.86422163,0.0858325,0.044243526
21,7,none,pz,1157,102,0,1,False,0.17074335,0.32616127,0.26118237,0.24191298
21,7,none,pz,1158,102,1,0,False,0.35402077,0.25863436,0.33336583,0.053979017
21,7,none,pz,1159,102,0,0,True,0.5335634,0.05700536,0.36517692,0.044254355
21,7,none,pz,1160,102,0,0,True,0.9525668,0.007252975,0.022782834,0.017397348
21,7,none,pz,1161,102,2,2,True,0.0068288334,0.04092059,0.9507417,0.0015088341
21,7,none,pz,1162,102,3,3,True,0.10244263,0.09173276,0.31414822,0.49167633
21,7,none,pz,1163,102,3,3,True,0.05291009,0.0763709,0.12713468,0.7435843
21,7,none,pz,1164,102,2,2,True,0.15495493,0.37949288,0.40470582,0.06084636
21,7,none,pz,1165,102,2,2,True,0.0047045224,0.023154806,0.8584253,0.1137153
21,7,none,pz,1166,102,3,0,False,0.774152,0.007811469,0.10205595,0.11598056
21,7,none,pz,1167,102,2,2,True,0.2612432,0.023216542,0.6984246,0.017115679
21,7,none,pz,1168,102,3,3,True,0.17550473,0.07213086,0.33959663,0.41276774
21,7,none,pz,1169,102,2,2,True,0.09066628,0.16350889,0.573529,0.17229585
21,7,none,pz,1170,102,3,2,False,0.09969801,0.06408972,0.7657148,0.070497476
21,7,none,pz,1171,102,2,1,False,0.024282262,0.7142722,0.21792825,0.04351719
21,7,none,pz,1172,102,3,3,True,0.036319267,0.014652635,0.2566367,0.69239134
21,7,none,pz,1173,102,2,2,True,0.07540725,0.30521157,0.59821963,0.02116154
21,7,none,pz,1174,102,3,2,False,0.111553505,0.04172263,0.70800745,0.13871647
21,7,none,pz,1175,102,3,3,True,0.13512166,0.26472414,0.09311001,0.50704414
21,7,none,pz,1176,103,0,0,True,0.74934214,0.0036818539,0.02650195,0.22047399
21,7,none,pz,1177,103,1,1,True,0.012243457,0.7660785,0.14403258,0.077645525
21,7,none,pz,1178,103,1,1,True,0.061731543,0.7643788,0.15432827,0.019561453
21,7,none,pz,1179,103,0,1,False,0.20072305,0.66391695,0.052560486,0.08279951
21,7,none,pz,1180,103,1,1,True,0.09688536,0.8431868,0.012611986,0.047315862
21,7,none,pz,1181,103,0,3,False,0.26670107,0.04737973,0.016793335,0.6691259
21,7,none,pz,1182,103,0,0,True,0.99594134,0.00014321189,0.0025063248,0.0014091377
21,7,none,pz,1183,103,1,1,True,0.025612567,0.93519586,0.03340909,0.0057824343
21,7,none,pz,1184,103,0,0,True,0.87814,0.012214647,0.09959835,0.010047044
21,7,none,pz,1185,103,1,0,False,0.544225,0.28078723,0.1438061,0.031181697
21,7,none,pz,1186,103,0,0,True,0.9801026,0.007228649,0.011985087,0.0006837798
21,7,none,pz,1187,103,1,0,False,0.9211767,0.01368513,0.053150173,0.011988004
21,7,none,pz,1188,103,1,1,True,0.07877515,0.5038761,0.21301556,0.20433319
21,7,none,pz,1189,103,0,0,True,0.7573483,0.037462518,0.20433852,0.0008506707
21,7,none,pz,1190,103,1,1,True,0.11099123,0.3042417,0.30018392,0.2845831
21,7,none,pz,1191,103,3,2,False,0.0052571185,0.040315714,0.8083984,0.14602879
21,7,none,pz,1192,103,2,2,True,0.24037205,0.002624272,0.7113891,0.045614604
21,7,none,pz,1193,103,2,2,True,0.21019498,0.027482487,0.69084406,0.071478486
21,7,none,pz,1194,103,3,0,False,0.89530975,0.004607905,0.012106657,0.0879757
21,7,none,pz,1195,103,2,3,False,0.25450957,0.21392618,0.025828026,0.50573623
21,7,none,pz,1196,103,3,0,False,0.910956,0.027468367,0.024121149,0.0374544
21,7,none,pz,1197,103,3,2,False,0.4458553,0.0044060233,0.47405076,0.07568791
21,7,none,pz,1198,103,2,2,True,0.094087176,0.041977935,0.86072063,0.0032143735
21,7,none,pz,1199,103,2,2,True,0.41956872,0.082749665,0.49564716,0.002034386
21,7,none,pz,1200,103,3,0,False,0.5139805,0.18271041,0.0017719918,0.3015372
21,7,none,pz,1201,103,3,2,False,0.15250768,0.10970174,0.5445748,0.19321579
21,7,none,pz,1202,103,2,2,True,0.25341552,0.006436285,0.73954946,0.00059868087
21,7,none,pz,1203,103,3,0,False,0.7161468,0.10915403,0.12283571,0.051863465
21,7,none,pz,1204,103,2,1,False,0.109487966,0.5913229,0.25498837,0.04420076
21,7,none,pz,1205,103,2,1,False,0.11035611,0.48758763,0.13365182,0.2684045
21,7,none,pz,1206,103,1,2,False,0.22625995,0.033820484,0.7375858,0.0023337384
21,7,none,pz,1207,103,0,0,True,0.70797676,0.005923561,0.100419685,0.18567993
21,7,none,pz,1208,103,1,1,True,0.019242998,0.49205,0.4687897,0.019917352
21,7,none,pz,1209,103,0,0,True,0.9058507,0.010446482,0.021640845,0.06206197
21,7,none,pz,1210,103,0,0,True,0.97414726,0.0013414306,0.0077438396,0.016767565
21,7,none,pz,1211,103,1,3,False,0.042681973,0.36152032,0.04964605,0.54615164
21,7,none,pz,1212,103,1,3,False,0.030542588,0.15796278,0.029547438,0.78194726
21,7,none,pz,1213,103,0,0,True,0.94002247,0.031127922,0.026513759,0.0023359186
21,7,none,pz,1214,103,0,0,True,0.59550375,0.14242537,0.25751045,0.0045604147
21,7,none,pz,1215,103,1,0,False,0.9097044,0.0011648752,0.04070789,0.048422813
21,7,none,pz,1216,103,1,1,True,0.011721319,0.9808451,0.0062549887,0.0011786264
21,7,none,pz,1217,103,0,0,True,0.8557926,0.05549797,0.030822415,0.057887033
21,7,none,pz,1218,103,0,0,True,0.82939696,0.0030393929,0.16681388,0.0007497683
21,7,none,pz,1219,103,1,2,False,0.3543978,0.026211457,0.61891913,0.0004716314
21,7,none,pz,1220,103,0,0,True,0.92045987,0.0010415956,0.078309014,0.00018950041
21,7,none,pz,1221,103,2,2,True,0.011947463,0.012579108,0.9594048,0.016068645
21,7,none,pz,1222,103,3,2,False,0.007706036,0.0023557353,0.88860273,0.10133553
21,7,none,pz,1223,103,2,2,True,0.0675909,0.19898628,0.7319255,0.0014973265
21,7,none,pz,1224,103,3,2,False,0.16697335,0.021062583,0.6697391,0.14222492
21,7,none,pz,1225,103,3,3,True,0.2720475,0.015893439,0.02353369,0.6885254
21,7,none,pz,1226,103,2,0,False,0.41589686,0.023836868,0.40413082,0.1561354
21,7,none,pz,1227,103,3,0,False,0.47969458,0.08245443,0.22050476,0.21734624
21,7,none,pz,1228,103,2,0,False,0.3745596,0.06586793,0.28957152,0.2700009
21,7,none,pz,1229,103,3,3,True,0.35617375,0.022936678,0.014945605,0.6059439
21,7,none,pz,1230,103,2,0,False,0.49575114,0.022356886,0.39500892,0.086883
21,7,none,pz,1231,103,2,2,True,0.20791216,0.050010372,0.7407206,0.001356815
21,7,none,pz,1232,103,3,2,False,0.25149158,0.06296786,0.6128459,0.07269463
21,7,none,pz,1233,103,3,0,False,0.49659824,0.2300433,0.11884297,0.15451548
21,7,none,pz,1234,103,2,0,False,0.68104464,0.06721909,0.24135159,0.0103847
21,7,none,pz,1235,103,3,2,False,0.07343222,0.08212513,0.6458622,0.19858037
21,7,none,pz,1236,103,1,1,True,0.10413949,0.7294516,0.05919762,0.1072113
21,7,none,pz,1237,103,0,0,True,0.52243733,0.0048281536,0.37427562,0.09845886
21,7,none,pz,1238,103,0,0,True,0.8530527,0.01442371,0.061178908,0.07134477
21,7,none,pz,1239,103,1,2,False,0.108862154,0.117139034,0.6235487,0.15045013
21,7,none,pz,1240,103,1,3,False,0.011553104,0.40725064,0.024471374,0.5567249
21,7,none,pz,1241,103,0,2,False,0.10211354,0.00830304,0.65721244,0.23237096
21,7,none,pz,1242,103,1,1,True,0.0069089406,0.88361853,0.00934653,0.100125924
21,7,none,pz,1243,103,0,0,True,0.81592095,0.0015015913,0.17546523,0.0071122367
21,7,none,pz,1244,103,0,0,True,0.7601395,0.026540807,0.07415354,0.1391661
21,7,none,pz,1245,103,1,3,False,0.02220683,0.2591326,0.06494252,0.65371805
21,7,none,pz,1246,103,0,0,True,0.928189,0.0014405103,0.061255403,0.0091150785
21,7,none,pz,1247,103,1,0,False,0.47638476,0.13252382,0.3013158,0.0897756
21,7,none,pz,1248,103,1,1,True,0.1464832,0.50530803,0.34305328,0.005155545
21,7,none,pz,1249,103,0,0,True,0.9894705,0.0007067673,0.009230503,0.0005922436
21,7,none,pz,1250,103,1,0,False,0.43375674,0.37896895,0.009172385,0.1781019
21,7,none,pz,1251,103,3,3,True,0.011323217,0.009654008,0.0052128956,0.9738099
21,7,none,pz,1252,103,2,1,False,0.05773091,0.66617393,0.17400813,0.10208711
21,7,none,pz,1253,103,3,3,True,0.24309607,0.124860354,0.033580095,0.59846354
21,7,none,pz,1254,103,2,3,False,0.34901285,0.103060395,0.14690052,0.40102622
21,7,none,pz,1255,103,2,0,False,0.44657198,0.16321014,0.34936294,0.04085495
21,7,none,pz,1256,103,3,0,False,0.6312673,0.11990438,0.09967726,0.14915098
21,7,none,pz,1257,103,2,1,False,0.35239506,0.52994317,0.017309753,0.100352034
21,7,none,pz,1258,103,3,0,False,0.7204418,0.15710898,0.009592708,0.11285642
21,7,none,pz,1259,103,2,2,True,0.20467608,0.016076908,0.7709963,0.008250727
21,7,none,pz,1260,103,3,2,False,0.20828885,0.08888644,0.4588914,0.24393329
21,7,none,pz,1261,103,3,3,True,0.09922523,0.18960391,0.035274852,0.67589605
21,7,none,pz,1262,103,2,2,True,0.05894408,0.15723023,0.7773101,0.0065156617
21,7,none,pz,1263,103,2,2,True,0.39564106,0.031963337,0.5637164,0.0086791655
21,7,none,pz,1264,103,3,3,True,0.0705248,0.012893803,0.0014541396,0.9151272
21,7,none,pz,1265,103,3,3,True,0.003314402,0.14074545,0.025060644,0.8308795
21,7,none,pz,1266,104,0,1,False,0.40985113,0.5294554,0.037445743,0.023247728
21,7,none,pz,1267,104,1,1,True,0.0751207,0.9159892,0.0083226245,0.00056745735
21,7,none,pz,1268,104,1,2,False,0.16183992,0.13977912,0.678172,0.020209027
21,7,none,pz,1269,104,0,1,False,0.26782537,0.5869646,0.021489687,0.123720266
21,7,none,pz,1270,104,1,1,True,0.1718768,0.6252242,0.16032699,0.042572
21,7,none,pz,1271,104,0,2,False,0.079748355,0.12979107,0.77013844,0.020322202
21,7,none,pz,1272,104,1,1,True,0.33458042,0.5452032,0.08045093,0.03976548
21,7,none,pz,1273,104,0,0,True,0.59495026,0.04538714,0.32180297,0.037859667
21,7,none,pz,1274,104,0,1,False,0.14868233,0.77900034,0.06948479,0.0028325133
21,7,none,pz,1275,104,1,1,True,0.092578575,0.7257756,0.17687058,0.0047752266
21,7,none,pz,1276,104,0,1,False,0.20417455,0.46449223,0.31905884,0.012274353
21,7,none,pz,1277,104,1,1,True,0.023382012,0.55238944,0.35236642,0.07186218
21,7,none,pz,1278,104,1,0,False,0.5276029,0.09837015,0.33044875,0.043578185
21,7,none,pz,1279,104,0,0,True,0.6493346,0.09522917,0.23367904,0.021757206
21,7,none,pz,1280,104,1,1,True,0.0022044827,0.9912792,0.002109052,0.0044072615
21,7,none,pz,1281,104,2,1,False,0.27652615,0.37896955,0.2819889,0.06251534
21,7,none,pz,1282,104,3,2,False,0.067664616,0.25712112,0.4444062,0.230808
21,7,none,pz,1283,104,3,3,True,0.45392072,0.023511158,0.02435103,0.4982171
21,7,none,pz,1284,104,2,1,False,0.029755728,0.82631004,0.14218101,0.001753162
21,7,none,pz,1285,104,3,0,False,0.37983868,0.12583895,0.33916095,0.15516144
21,7,none,pz,1286,104,2,1,False,0.040512264,0.93010515,0.017770931,0.01161161
21,7,none,pz,1287,104,2,1,False,0.091393284,0.57472926,0.24550048,0.088376954
21,7,none,pz,1288,104,3,3,True,0.21242182,0.10786638,0.02691354,0.6527983
21,7,none,pz,1289,104,2,1,False,0.025283258,0.8561813,0.11655586,0.0019794975
21,7,none,pz,1290,104,3,2,False,0.11798622,0.33955958,0.3433641,0.19909006
21,7,none,pz,1291,104,3,3,True,0.10991879,0.045639347,0.08009463,0.7643472
21,7,none,pz,1292,104,2,3,False,0.24668077,0.11288903,0.13773566,0.50269455
21,7,none,pz,1293,104,3,3,True,0.26013026,0.2462304,0.02451895,0.46912038
21,7,none,pz,1294,104,2,2,True,0.057881616,0.3225361,0.4759907,0.14359155
21,7,none,pz,1295,104,3,0,False,0.7126685,0.087439954,0.109735794,0.09015579
21,7,none,pz,1296,104,0,0,True,0.5050301,0.104108796,0.04552335,0.3453378
21,7,none,pz,1297,104,1,1,True,0.14918788,0.61469674,0.18308583,0.053029574
21,7,none,pz,1298,104,1,1,True,0.009633545,0.98536366,0.0019868016,0.003016065
21,7,none,pz,1299,104,0,0,True,0.96815085,0.014655087,0.014961353,0.002232637
21,7,none,pz,1300,104,0,0,True,0.9817075,0.0046666223,0.0073937066,0.0062321187
21,7,none,pz,1301,104,1,1,True,0.0045195287,0.95358413,0.035123307,0.006773089
21,7,none,pz,1302,104,0,1,False,0.39342993,0.4315872,0.12395935,0.051023494
21,7,none,pz,1303,104,1,1,True,0.395107,0.44084188,0.11048571,0.053565476
21,7,none,pz,1304,104,0,0,True,0.62996036,0.18205869,0.17939502,0.008585953
21,7,none,pz,1305,104,1,1,True,0.33256844,0.60842174,0.041218117,0.017791674
21,7,none,pz,1306,104,1,1,True,0.000228693,0.9211272,0.07162458,0.0070195254
21,7,none,pz,1307,104,0,0,True,0.977687,0.019502992,0.0025230162,0.0002869917
21,7,none,pz,1308,104,3,3,True,0.016625416,0.23978242,0.091846116,0.6517461
21,7,none,pz,1309,104,2,1,False,0.12271647,0.53388923,0.24281743,0.10057685
21,7,none,pz,1310,104,3,0,False,0.5074645,0.069932744,0.041244376,0.38135836
21,7,none,pz,1311,104,2,0,False,0.7369455,0.053870328,0.1362052,0.07297895
21,7,none,pz,1312,104,3,0,False,0.6600066,0.07903048,0.007293271,0.25366965
21,7,none,pz,1313,104,2,1,False,0.16294563,0.42076415,0.40807548,0.008214794
21,7,none,pz,1314,104,3,3,True,0.0325266,0.2526019,0.15913723,0.5557343
21,7,none,pz,1315,104,2,0,False,0.27990204,0.26966697,0.18053162,0.2698994
21,7,none,pz,1316,104,3,1,False,0.10785602,0.6418014,0.22386822,0.026474336
21,7,none,pz,1317,104,2,2,True,0.22251666,0.25439265,0.49648067,0.026610011
21,7,none,pz,1318,104,2,2,True,0.365776,0.08820699,0.4862222,0.059794832
21,7,none,pz,1319,104,3,2,False,0.25090587,0.14340049,0.35609537,0.24959825
21,7,none,pz,1320,104,3,3,True,0.3130233,0.04099584,0.0197421,0.6262387
21,7,none,pz,1321,104,2,1,False,0.11052641,0.6028116,0.2708544,0.015807534
21,7,none,pz,1322,104,2,2,True,0.1936785,0.008891613,0.79518104,0.002248865
21,7,none,pz,1323,104,0,0,True,0.8382934,0.041340258,0.0946435,0.025722865
21,7,none,pz,1324,104,1,1,True,0.033035237,0.5721976,0.37742978,0.01733731
21,7,none,pz,1325,104,0,2,False,0.4127316,0.06674382,0.48806718,0.032457385
21,7,none,pz,1326,104,1,2,False,0.07047973,0.20173506,0.7078619,0.019923374
21,7,none,pz,1327,104,0,2,False,0.123267226,0.1362968,0.7227139,0.017722113
21,7,none,pz,1328,104,1,3,False,0.009222645,0.36054665,0.22113395,0.4090967
21,7,none,pz,1329,104,0,0,True,0.9993599,4.672528e-05,0.0002870039,0.00030636223
21,7,none,pz,1330,104,1,2,False,0.10251641,0.16996557,0.54911,0.17840801
21,7,none,pz,1331,104,1,1,True,0.0642375,0.89545554,0.020524267,0.01978256
21,7,none,pz,1332,104,0,1,False,0.18779962,0.7890867,0.013184919,0.009928703
21,7,none,pz,1333,104,0,0,True,0.5557348,0.084846504,0.34191906,0.017499635
21,7,none,pz,1334,104,1,0,False,0.4856107,0.29361233,0.06375302,0.15702388
21,7,none,pz,1335,104,1,0,False,0.4411628,0.0525041,0.14978914,0.35654402
21,7,none,pz,1336,104,0,0,True,0.7748007,0.013764339,0.20014867,0.011286219
21,7,none,pz,1337,104,0,0,True,0.60536945,0.047631487,0.24489549,0.10210357
21,7,none,pz,1338,104,2,2,True,0.0023170323,0.00523527,0.985756,0.006691719
21,7,none,pz,1339,104,3,2,False,0.15873091,0.356234,0.45537975,0.029655306
21,7,none,pz,1340,104,2,2,True,0.25275669,0.3488561,0.38189813,0.016489072
21,7,none,pz,1341,104,3,3,True,0.065221064,0.048895277,0.057149958,0.8287337
21,7,none,pz,1342,104,3,3,True,0.04942783,0.16629192,0.021042641,0.7632376
21,7,none,pz,1343,104,2,2,True,0.0365784,0.1292473,0.8263708,0.0078036003
21,7,none,pz,1344,104,3,3,True,0.02085469,0.014082377,0.027739855,0.93732315
21,7,none,pz,1345,104,2,2,True,0.17508833,0.19856745,0.58617735,0.040166855
21,7,none,pz,1346,104,3,3,True,0.25971794,0.13326985,0.1839081,0.42310408
21,7,none,pz,1347,104,2,2,True,0.36121413,0.20566815,0.41413277,0.01898491
21,7,none,pz,1348,104,3,1,False,0.020912575,0.39774275,0.22636802,0.35497665
21,7,none,pz,1349,104,2,1,False,0.012360249,0.83202446,0.1269001,0.028715165
21,7,none,pz,1350,104,2,2,True,0.096535586,0.2245223,0.63374084,0.045201328
21,7,none,pz,1351,104,3,0,False,0.5405382,0.050362922,0.20397656,0.20512234
21,7,none,pz,1352,104,3,2,False,0.103760645,0.11218542,0.4470579,0.33699602
21,7,none,pz,1353,105,0,0,True,0.9497784,0.00043376684,0.030371433,0.019416379
21,7,none,pz,1354,105,1,1,True,0.00076856,0.9744071,0.021635473,0.0031890487
21,7,none,pz,1355,105,1,1,True,0.0013968591,0.9566803,0.02922992,0.012692973
21,7,none,pz,1356,105,0,0,True,0.9694239,0.0006847473,0.015730342,0.014160968
21,7,none,pz,1357,105,1,1,True,0.00014654222,0.9261732,0.06640481,0.0072754733
21,7,none,pz,1358,105,0,0,True,0.9987255,9.1028205e-06,0.0010056249,0.0002597319
21,7,none,pz,1359,105,1,1,True,0.0004283417,0.97972643,0.002777088,0.017068068
21,7,none,pz,1360,105,0,0,True,0.97752416,0.0005103809,0.0027054537,0.019259976
21,7,none,pz,1361,105,0,0,True,0.9897748,0.0006125193,0.0066899825,0.0029227093
21,7,none,pz,1362,105,1,1,True,0.012500047,0.7544689,0.004915269,0.22811566
21,7,none,pz,1363,105,1,1,True,0.00014235049,0.9805997,0.0043795886,0.014878378
21,7,none,pz,1364,105,0,0,True,0.9984535,0.00021791324,0.00049979624,0.000828726
21,7,none,pz,1365,105,1,2,False,0.01457946,0.38817456,0.4645552,0.13269074
21,7,none,pz,1366,105,0,0,True,0.96757406,8.088177e-05,0.028512843,0.0038321484
21,7,none,pz,1367,105,0,0,True,0.8429366,0.014891816,0.10993931,0.032232374
21,7,none,pz,1368,105,3,3,True,0.00575255,0.0060664136,0.0073788683,0.9808022
21,7,none,pz,1369,105,2,3,False,0.021206962,0.03563671,0.3974808,0.5456756
21,7,none,pz,1370,105,2,3,False,0.015778074,0.05877453,0.38347337,0.541974
21,7,none,pz,1371,105,3,3,True,0.0025713646,0.0072808103,0.12746613,0.8626817
21,7,none,pz,1372,105,3,3,True,0.07962641,0.0056290035,0.3082648,0.6064798
21,7,none,pz,1373,105,2,2,True,0.028305616,0.022401487,0.6908226,0.25847027
21,7,none,pz,1374,105,3,3,True,0.0014934471,0.008263085,0.0121073555,0.9781361
21,7,none,pz,1375,105,2,2,True,0.010445984,0.026300238,0.9297588,0.033495083
21,7,none,pz,1376,105,3,3,True,0.020147378,0.25629315,0.22812998,0.4954295
21,7,none,pz,1377,105,2,2,True,0.053197462,0.08687254,0.7808672,0.07906277
21,7,none,pz,1378,105,3,2,False,0.1257401,0.013008194,0.811557,0.04969466
21,7,none,pz,1379,105,2,3,False,0.0014449119,0.035233825,0.3503042,0.6130171
21,7,none,pz,1380,105,3,3,True,0.005863808,0.0013593079,0.046433695,0.9463431
21,7,none,pz,1381,105,2,2,True,0.012595307,0.008869097,0.9531986,0.02533703
21,7,none,pz,1382,105,2,3,False,0.0014229701,0.011426752,0.21819618,0.7689541
21,7,none,pz,1383,105,1,1,True,6.422305e-05,0.9862389,0.013286661,0.0004102218
21,7,none,pz,1384,105,0,2,False,0.21116805,0.0020927668,0.52827704,0.25846213
21,7,none,pz,1385,105,1,1,True,0.00027406367,0.8215656,0.16617982,0.011980534
21,7,none,pz,1386,105,0,3,False,0.13831155,0.0005725363,0.08677146,0.77434444
21,7,none,pz,1387,105,0,2,False,0.29062253,0.00036923954,0.65814376,0.050864536
21,7,none,pz,1388,105,1,1,True,0.015745327,0.90260494,0.06849787,0.013151775
21,7,none,pz,1389,105,1,1,True,0.00042802695,0.94960356,0.04980186,0.0001665673
21,7,none,pz,1390,105,0,0,True,0.979757,0.0023920329,0.01674779,0.0011032047
21,7,none,pz,1391,105,0,0,True,0.7865563,0.026085788,0.17377722,0.013580704
21,7,none,pz,1392,105,1,1,True,0.0014408985,0.749201,0.24679244,0.0025656598
21,7,none,pz,1393,105,0,0,True,0.96414,0.0010510023,0.02209397,0.012715085
21,7,none,pz,1394,105,1,1,True,0.0039415816,0.9829631,0.012372398,0.00072295824
21,7,none,pz,1395,105,0,2,False,0.2756911,0.002058816,0.719988,0.0022621378
21,7,none,pz,1396,105,1,1,True,0.00018564862,0.9904199,0.009027487,0.00036690908
21,7,none,pz,1397,105,1,1,True,0.015507823,0.7693119,0.1379676,0.077212624
21,7,none,pz,1398,105,3,2,False,0.007822043,0.012436595,0.84860694,0.1311344
21,7,none,pz,1399,105,2,2,True,0.004516898,0.008446713,0.9510254,0.036010955
21,7,none,pz,1400,105,3,3,True,0.026733436,0.021953003,0.3178597,0.6334539
21,7,none,pz,1401,105,2,2,True,0.0065470072,0.0030121175,0.98652446,0.0039163544
21,7,none,pz,1402,105,3,2,False,0.0015509919,0.011112886,0.86850524,0.11883088
21,7,none,pz,1403,105,2,2,True,0.0021916036,0.0021721553,0.9862315,0.009404706
21,7,none,pz,1404,105,3,2,False,0.009145816,0.028168974,0.86989546,0.09278979
21,7,none,pz,1405,105,2,3,False,0.14985648,0.039727267,0.14300151,0.6674147
21,7,none,pz,1406,105,3,2,False,0.007665419,0.0019261913,0.64586496,0.34454334
21,7,none,pz,1407,105,2,2,True,0.002633403,0.07602767,0.8377634,0.0835755
21,7,none,pz,1408,105,2,2,True,0.03712559,0.26514387,0.48013166,0.21759886
21,7,none,pz,1409,105,3,2,False,0.1025359,0.33865768,0.3544319,0.20437455
21,7,none,pz,1410,105,3,3,True,0.01013623,0.042707242,0.083388194,0.86376834
21,7,none,pz,1411,105,2,2,True,0.002050476,0.012657399,0.95944226,0.025849907
21,7,none,pz,1412,105,2,2,True,0.0026568947,0.013435818,0.98019916,0.00370822
21,7,none,pz,1413,105,1,1,True,0.0015841057,0.46494102,0.073960915,0.45951396
21,7,none,pz,1414,105,0,0,True,0.7609616,0.00830263,0.2277101,0.0030256333
21,7,none,pz,1415,105,1,1,True,0.0009073985,0.89701146,0.0697362,0.032344926
21,7,none,pz,1416,105,0,2,False,0.13288517,0.032187898,0.7670649,0.067862004
21,7,none,pz,1417,105,1,1,True,0.00052866904,0.7723157,0.18489945,0.04225621
21,7,none,pz,1418,105,0,2,False,0.34485886,0.0034166002,0.6159184,0.035806157
21,7,none,pz,1419,105,1,2,False,0.030411666,0.28537843,0.52837956,0.15583035
21,7,none,pz,1420,105,0,0,True,0.8034534,0.016803926,0.15820606,0.021536577
21,7,none,pz,1421,105,0,2,False,0.19378035,0.053984825,0.6850731,0.06716175
21,7,none,pz,1422,105,1,1,True,0.011815007,0.9041084,0.08096248,0.0031141653
21,7,none,pz,1423,105,1,1,True,0.00026970508,0.9868052,0.003907238,0.009017773
21,7,none,pz,1424,105,0,0,True,0.81883186,0.0039779516,0.14289437,0.03429585
21,7,none,pz,1425,105,1,2,False,0.00039443004,0.43719155,0.54744875,0.014965271
21,7,none,pz,1426,105,0,2,False,0.015966835,0.00074541476,0.97590363,0.007384179
21,7,none,pz,1427,105,0,2,False,0.10925045,0.008753462,0.6173478,0.2646483
21,7,none,pz,1428,105,2,2,True,0.006303996,0.03493459,0.612624,0.34613746
21,7,none,pz,1429,105,3,3,True,0.005807189,0.013321544,0.42284712,0.55802417
21,7,none,pz,1430,105,3,3,True,0.026282704,0.030080251,0.21932185,0.7243152
21,7,none,pz,1431,105,2,2,True,0.0017455757,0.011178089,0.9419087,0.04516758
21,7,none,pz,1432,105,3,2,False,0.050542068,0.07510747,0.56792253,0.3064279
21,7,none,pz,1433,105,2,2,True,0.01574878,0.027706968,0.9196198,0.036924377
21,7,none,pz,1434,105,3,2,False,0.04113748,0.058874924,0.74501055,0.1549771
21,7,none,pz,1435,105,2,2,True,0.071359016,0.040800527,0.8330609,0.054779477
21,7,none,pz,1436,105,3,2,False,0.0024114733,0.03284201,0.58656645,0.37818006
21,7,none,pz,1437,105,2,2,True,0.0014050604,0.003884235,0.9900281,0.004682559
21,7,none,pz,1438,105,2,2,True,0.0056408807,0.03709116,0.8785843,0.07868367
21,7,none,pz,1439,105,3,2,False,0.038299616,0.042691577,0.5574254,0.3615834
21,7,none,pz,1440,105,2,2,True,0.002079995,0.008676091,0.87654585,0.11269802
21,7,none,pz,1441,105,3,2,False,0.0008657698,0.002201727,0.9498367,0.047095787
21,7,none,pz,1442,105,2,2,True,0.06458659,0.0072216922,0.53064996,0.39754176
21,7,none,pz,1443,106,0,2,False,0.0111691365,0.0020716672,0.93226457,0.05449459
21,7,none,pz,1444,106,1,2,False,0.049139503,0.23210742,0.47184348,0.24690956
21,7,none,pz,1445,106,0,2,False,0.012874599,0.005957751,0.95489943,0.026268186
21,7,none,pz,1446,106,1,2,False,0.034230724,0.035132315,0.59281796,0.33781898
21,7,none,pz,1447,106,0,2,False,0.0150340535,0.007461172,0.9765453,0.0009595307
21,7,none,pz,1448,106,1,2,False,0.006700277,0.0050703883,0.9048217,0.08340764
21,7,none,pz,1449,106,0,3,False,0.03895388,0.10121593,0.41328037,0.4465498
21,7,none,pz,1450,106,1,1,True,0.027879467,0.380224,0.23706344,0.35483304
21,7,none,pz,1451,106,0,1,False,0.2190164,0.5456332,0.120320305,0.115030035
21,7,none,pz,1452,106,1,2,False,0.003749193,0.05867502,0.8780667,0.059509013
21,7,none,pz,1453,106,0,1,False,0.011424008,0.57537174,0.100853406,0.3123508
21,7,none,pz,1454,106,1,2,False,0.008068083,0.19002323,0.8000885,0.0018201681
21,7,none,pz,1455,106,1,1,True,0.052606568,0.8671475,0.036270466,0.04397553
21,7,none,pz,1456,106,0,0,True,0.87643856,0.011556681,0.068912625,0.043092128
21,7,none,pz,1457,106,0,0,True,0.9826182,0.0018878956,0.0147606265,0.00073326763
21,7,none,pz,1458,106,3,2,False,0.015590586,0.017176095,0.8332558,0.13397746
21,7,none,pz,1459,106,2,3,False,0.0077210297,0.13152632,0.23045133,0.63030136
21,7,none,pz,1460,106,3,3,True,0.1606476,0.074590124,0.28408015,0.48068208
21,7,none,pz,1461,106,2,1,False,0.11904992,0.71311975,0.11653748,0.051292837
21,7,none,pz,1462,106,2,2,True,0.008261177,0.13388193,0.67607665,0.18178016
21,7,none,pz,1463,106,3,1,False,0.0747703,0.7353438,0.06926835,0.120617494
21,7,none,pz,1464,106,3,3,True,0.0052333204,0.05799647,0.022769278,0.9140009
21,7,none,pz,1465,106,2,2,True,0.13746381,0.032898683,0.8068869,0.022750577
21,7,none,pz,1466,106,3,1,False,0.0355194,0.7313922,0.06028216,0.17280625
21,7,none,pz,1467,106,2,2,True,0.034658346,0.023278983,0.93608713,0.005975522
21,7,none,pz,1468,106,3,2,False,0.11083203,0.032713596,0.5689026,0.2875518
21,7,none,pz,1469,106,2,1,False,0.096431255,0.6333049,0.23131666,0.03894713
21,7,none,pz,1470,106,3,3,True,0.15915315,0.045779623,0.12556699,0.6695003
21,7,none,pz,1471,106,2,0,False,0.4486245,0.09937812,0.073013164,0.37898424
21,7,none,pz,1472,106,3,3,True,0.13506924,0.028103381,0.09191329,0.7449141
21,7,none,pz,1473,106,1,1,True,6.53536e-05,0.9994282,0.00019694073,0.00030944234
21,7,none,pz,1474,106,0,3,False,0.3542027,0.0059505,0.05117601,0.5886708
21,7,none,pz,1475,106,1,2,False,0.048181005,0.07026262,0.85952896,0.022027439
21,7,none,pz,1476,106,0,2,False,0.06803884,0.31621918,0.6057503,0.009991653
21,7,none,pz,1477,106,0,3,False,0.082932845,0.13935307,0.051919524,0.72579455
21,7,none,pz,1478,106,1,3,False,0.026330695,0.052515972,0.15434584,0.7668075
21,7,none,pz,1479,106,1,1,True,0.0017225908,0.98673356,0.0019642364,0.009579655
21,7,none,pz,1480,106,0,2,False,0.16263278,0.3227628,0.48212385,0.032480706
21,7,none,pz,1481,106,0,3,False,0.02451645,0.1403171,0.08527535,0.74989116
21,7,none,pz,1482,106,1,1,True,0.18779233,0.53489906,0.27509815,0.0022104897
21,7,none,pz,1483,106,1,1,True,0.00070710387,0.9915554,0.006661998,0.0010755407
21,7,none,pz,1484,106,0,0,True,0.9312057,0.025347244,0.03965451,0.0037925818
21,7,none,pz,1485,106,0,1,False,0.14576413,0.42300633,0.1529417,0.27828786
21,7,none,pz,1486,106,1,1,True,0.007918354,0.97598505,0.014959994,0.0011367458
21,7,none,pz,1487,106,0,1,False,0.029786356,0.40241122,0.29943874,0.2683637
21,7,none,pz,1488,106,2,2,True,0.030936662,0.00948826,0.95532703,0.0042480724
21,7,none,pz,1489,106,3,3,True,0.14082277,0.059101157,0.027840452,0.77223563
21,7,none,pz,1490,106,2,2,True,0.05034723,0.27644923,0.5325171,0.14068647
21,7,none,pz,1491,106,3,2,False,0.026010795,0.0019947474,0.81143856,0.16055591
21,7,none,pz,1492,106,3,0,False,0.43091807,0.18039542,0.21164256,0.17704393
21,7,none,pz,1493,106,2,2,True,0.37184387,0.09015504,0.524383,0.013618061
21,7,none,pz,1494,106,2,2,True,0.027218955,0.35011455,0.61379725,0.008869225
21,7,none,pz,1495,106,3,0,False,0.84367645,0.0463253,0.06705816,0.042940054
21,7,none,pz,1496,106,2,1,False,0.038740914,0.5199128,0.43972778,0.0016185213
21,7,none,pz,1497,106,3,2,False,0.11163091,0.050462082,0.8361889,0.0017180984
21,7,none,pz,1498,106,3,2,False,0.07640215,0.0929971,0.8050021,0.025598725
21,7,none,pz,1499,106,2,2,True,0.1202645,0.032168727,0.7948961,0.05267062
21,7,none,pz,1500,106,2,2,True,0.011573987,0.06525956,0.5396728,0.3834937
21,7,none,pz,1501,106,3,3,True,0.0028533605,0.0154279405,0.065358505,0.9163602
21,7,none,pz,1502,106,2,2,True,0.40217742,0.019741837,0.5715435,0.0065372116
21,7,none,pz,1503,106,1,1,True,0.021648213,0.8169756,0.15481262,0.006563537
21,7,none,pz,1504,106,0,1,False,0.1384892,0.4639574,0.34031445,0.057238977
21,7,none,pz,1505,106,0,2,False,0.09528618,0.014990717,0.5821547,0.3075685
21,7,none,pz,1506,106,1,2,False,0.40410563,0.016832968,0.57395166,0.005109704
21,7,none,pz,1507,106,0,0,True,0.85029256,0.07881023,0.03222547,0.03867176
21,7,none,pz,1508,106,1,1,True,0.0067750667,0.81297934,0.03200252,0.148243
21,7,none,pz,1509,106,0,0,True,0.36268547,0.17186145,0.20756674,0.25788638
21,7,none,pz,1510,106,1,2,False,0.13289602,0.075526826,0.7797323,0.011844888
21,7,none,pz,1511,106,1,1,True,0.010772991,0.9599817,0.016892102,0.0123532275
21,7,none,pz,1512,106,0,0,True,0.9383874,0.02409423,0.018104784,0.019413544
21,7,none,pz,1513,106,0,0,True,0.9806877,0.010204522,0.008891784,0.00021601492
21,7,none,pz,1514,106,1,2,False,0.043567583,0.008635902,0.94376105,0.0040354016
21,7,none,pz,1515,106,1,3,False,0.037085425,0.10529657,0.051543538,0.8060745
21,7,none,pz,1516,106,0,0,True,0.7832913,0.002057676,0.1679171,0.04673396
21,7,none,pz,1517,106,0,0,True,0.522899,0.13936846,0.07806932,0.25966325
21,7,none,pz,1518,106,2,2,True,0.03210108,0.3165558,0.6004339,0.05090929
21,7,none,pz,1519,106,3,1,False,0.09841976,0.41011167,0.36199734,0.12947123
21,7,none,pz,1520,106,2,1,False,0.17943189,0.3196387,0.22873607,0.27219343
21,7,none,pz,1521,106,3,2,False,0.07626144,0.12556691,0.634155,0.1640167
21,7,none,pz,1522,106,2,1,False,0.10778655,0.4087147,0.4019164,0.08158229
21,7,none,pz,1523,106,3,0,False,0.5390358,0.0613138,0.26737523,0.1322752
21,7,none,pz,1524,106,2,2,True,0.037200563,0.08721233,0.803428,0.072159
21,7,none,pz,1525,106,3,2,False,0.067601286,0.3773814,0.42993546,0.12508187
21,7,none,pz,1526,106,2,2,True,0.0010801795,0.012174872,0.92528754,0.061457314
21,7,none,pz,1527,106,3,2,False,0.33950523,0.12351142,0.5268668,0.010116488
21,7,none,pz,1528,106,3,0,False,0.7953251,0.023471221,0.04052815,0.14067562
21,7,none,pz,1529,106,2,2,True,0.09472035,0.00293341,0.6108445,0.29150173
21,7,none,pz,1530,106,3,2,False,0.42728058,0.04546501,0.51761866,0.009635729
21,7,none,pz,1531,106,2,2,True,0.006299031,0.01520571,0.9628285,0.015666794
21,7,none,pz,1532,106,2,2,True,0.4814802,0.009792809,0.4987824,0.009944583
21,7,none,pz,1533,107,1,1,True,0.001570095,0.98700094,0.0037210926,0.0077078533
21,7,none,pz,1534,107,0,0,True,0.6718655,0.17612822,0.079456486,0.07254975
21,7,none,pz,1535,107,0,0,True,0.9101266,0.028646626,0.05586643,0.0053603402
21,7,none,pz,1536,107,1,1,True,0.0004563885,0.9784062,0.0001869845,0.0209505
21,7,none,pz,1537,107,0,0,True,0.7030475,0.28246248,0.011194993,0.003295092
21,7,none,pz,1538,107,1,1,True,0.0014060104,0.9886423,0.0021953438,0.007756382
21,7,none,pz,1539,107,0,0,True,0.91720074,0.043522593,0.030398145,0.008878562
21,7,none,pz,1540,107,1,1,True,0.0065998547,0.99019647,0.0020181318,0.0011854541
21,7,none,pz,1541,107,0,0,True,0.98744047,0.0012394736,0.0008039583,0.010516096
21,7,none,pz,1542,107,1,1,True,0.017526647,0.96690774,0.0062527726,0.009312867
21,7,none,pz,1543,107,0,0,True,0.903589,0.017099325,0.020842085,0.058469508
21,7,none,pz,1544,107,1,1,True,0.10741906,0.7521099,0.031814158,0.10865699
21,7,none,pz,1545,107,0,0,True,0.9903706,0.0005721118,0.0018760505,0.007181353
21,7,none,pz,1546,107,1,1,True,0.0046844888,0.9340572,0.011023687,0.050234523
21,7,none,pz,1547,107,0,0,True,0.99477214,0.0012167263,0.0026816423,0.0013296226
21,7,none,pz,1548,107,3,1,False,0.091391355,0.50323755,0.027047839,0.37832326
21,7,none,pz,1549,107,2,1,False,0.06257988,0.68914753,0.17802489,0.07024763
21,7,none,pz,1550,107,3,3,True,0.10818051,0.3190735,0.06517738,0.5075686
21,7,none,pz,1551,107,2,1,False,0.022833101,0.95086044,0.011699458,0.014606977
21,7,none,pz,1552,107,3,0,False,0.889322,0.06855403,0.016787237,0.025336768
21,7,none,pz,1553,107,2,2,True,0.27435562,0.09226187,0.35325474,0.28012776
21,7,none,pz,1554,107,2,0,False,0.90481484,0.06311019,0.0012478563,0.030827163
21,7,none,pz,1555,107,3,0,False,0.54776406,0.011555463,0.0001399373,0.4405405
21,7,none,pz,1556,107,3,0,False,0.91325295,0.0076380633,0.07802792,0.0010810125
21,7,none,pz,1557,107,2,1,False,0.18142919,0.44626722,0.3047193,0.06758428
21,7,none,pz,1558,107,2,1,False,0.058384057,0.90615416,0.009471555,0.025990214
21,7,none,pz,1559,107,3,0,False,0.7595364,0.1991327,0.004689328,0.036641542
21,7,none,pz,1560,107,2,3,False,0.3064179,0.122416414,0.0752083,0.49595731
21,7,none,pz,1561,107,3,1,False,0.124720946,0.42696884,0.04228929,0.40602097
21,7,none,pz,1562,107,3,3,True,0.34725118,0.020957999,0.03685056,0.5949403
21,7,none,pz,1563,107,1,1,True,0.07463501,0.791328,0.0073081674,0.12672885
21,7,none,pz,1564,107,0,0,True,0.9298253,0.061520763,0.004035752,0.0046181805
21,7,none,pz,1565,107,1,1,True,0.07555638,0.88208777,0.02865761,0.013698265
21,7,none,pz,1566,107,0,0,True,0.85783374,0.1331645,0.0007539494,0.008247688
21,7,none,pz,1567,107,1,1,True,0.00018194353,0.9996933,2.9272738e-05,9.547994e-05
21,7,none,pz,1568,107,0,0,True,0.54221725,0.36046088,0.015703524,0.08161843
21,7,none,pz,1569,107,0,0,True,0.7168111,0.08740756,0.007105812,0.18867554
21,7,none,pz,1570,107,1,2,False,0.22564378,0.029281784,0.51570946,0.22936502
21,7,none,pz,1571,107,0,0,True,0.99820554,0.0010900865,0.0006248049,7.954335e-05
21,7,none,pz,1572,107,1,0,False,0.8195001,0.09597754,0.06240662,0.02211567
21,7,none,pz,1573,107,0,1,False,0.27389157,0.30486295,0.15760624,0.2636393
21,7,none,pz,1574,107,1,2,False,0.101391435,0.03865996,0.6867549,0.1731937
21,7,none,pz,1575,107,1,2,False,0.09444266,0.13252796,0.76302886,0.0100005595
21,7,none,pz,1576,107,0,1,False,0.16791795,0.78489673,0.018466445,0.028718844
21,7,none,pz,1577,107,0,0,True,0.9245709,0.016494555,0.008542129,0.05039228
21,7,none,pz,1578,107,3,0,False,0.5829625,0.07064201,0.12465149,0.22174397
21,7,none,pz,1579,107,2,3,False,0.3424508,0.030521234,0.027906654,0.59912133
21,7,none,pz,1580,107,3,0,False,0.92916095,0.017574176,0.0047246413,0.04854027
21,7,none,pz,1581,107,2,3,False,0.076751575,0.10796976,0.12597437,0.68930423
21,7,none,pz,1582,107,2,1,False,0.24186976,0.70284027,0.022958567,0.032331403
21,7,none,pz,1583,107,3,0,False,0.6616419,0.021854559,0.03558177,0.28092185
21,7,none,pz,1584,107,3,0,False,0.95481724,0.016072309,0.012677925,0.016432581
21,7,none,pz,1585,107,2,0,False,0.7663906,0.119552754,0.11143292,0.0026236975
21,7,none,pz,1586,107,2,1,False,0.39064476,0.47789115,0.001322655,0.13014144
21,7,none,pz,1587,107,3,1,False,0.0530789,0.4871084,0.00695791,0.45285475
21,7,none,pz,1588,107,2,2,True,0.17771833,0.20168754,0.56845605,0.05213812
21,7,none,pz,1589,107,3,1,False,0.032932095,0.57782394,0.06030565,0.3289384
21,7,none,pz,1590,107,3,0,False,0.6396311,0.1656693,0.029316898,0.16538271
21,7,none,pz,1591,107,2,3,False,0.060904253,0.1742086,0.0056991545,0.759188
21,7,none,pz,1592,107,2,3,False,0.1362527,0.07372451,0.03780761,0.7522152
21,7,none,pz,1593,107,0,0,True,0.9862785,0.009452984,0.0015841514,0.0026843317
21,7,none,pz,1594,107,1,1,True,0.12294208,0.7763223,0.005294628,0.09544098
21,7,none,pz,1595,107,1,1,True,0.21740109,0.7250491,0.009806555,0.047743313
21,7,none,pz,1596,107,0,0,True,0.91193277,0.060276292,0.0076396745,0.020151248
21,7,none,pz,1597,107,1,1,True,0.08504076,0.74421483,0.15153344,0.019210966
21,7,none,pz,1598,107,0,0,True,0.59331053,0.3473434,0.045840606,0.013505492
21,7,none,pz,1599,107,1,3,False,0.075170636,0.371575,0.009843854,0.54341054
21,7,none,pz,1600,107,0,1,False,0.18433964,0.5630985,0.12014279,0.13241908
21,7,none,pz,1601,107,1,1,True,0.090760484,0.7888839,0.034244195,0.08611145
21,7,none,pz,1602,107,0,3,False,0.049594473,0.13518676,0.023154335,0.7920644
21,7,none,pz,1603,107,0,0,True,0.94315284,0.04666628,0.0010271767,0.00915366
21,7,none,pz,1604,107,1,1,True,0.08154226,0.91476226,0.0032398417,0.00045561165
21,7,none,pz,1605,107,0,0,True,0.47542393,0.23881753,0.06693316,0.21882534
21,7,none,pz,1606,107,1,1,True,0.2751243,0.3938966,0.2374725,0.0935066
21,7,none,pz,1607,107,0,1,False,0.011590843,0.9654367,0.0015714371,0.021401014
21,7,none,pz,1608,107,3,0,False,0.7539324,0.10561145,0.12485631,0.01559984
21,7,none,pz,1609,107,2,3,False,0.06766511,0.4396677,0.03622784,0.45643944
21,7,none,pz,1610,107,2,0,False,0.8595804,0.0304518,0.04537025,0.06459757
21,7,none,pz,1611,107,3,3,True,0.14348933,0.09741126,0.017201051,0.7418983
21,7,none,pz,1612,107,2,1,False,0.26529637,0.7305228,0.0023455257,0.0018352445
21,7,none,pz,1613,107,3,0,False,0.7556491,0.20624484,0.020642284,0.017463762
21,7,none,pz,1614,107,3,1,False,0.07621441,0.8309153,0.023318065,0.06955235
21,7,none,pz,1615,107,2,2,True,0.12727095,0.31591088,0.37751558,0.17930254
21,7,none,pz,1616,107,2,0,False,0.7889739,0.04843278,0.07389369,0.088699654
21,7,none,pz,1617,107,3,3,True,0.017103031,0.26364768,0.02107486,0.6981745
21,7,none,pz,1618,107,2,2,True,0.12841468,0.052935723,0.62094134,0.1977083
21,7,none,pz,1619,107,3,1,False,0.06037551,0.4187909,0.16605031,0.35478324
21,7,none,pz,1620,107,2,3,False,0.06169626,0.19321303,0.080841795,0.6642489
21,7,none,pz,1621,107,3,1,False,0.008474214,0.68032384,0.069957264,0.24124463
21,7,none,pz,1622,107,3,3,True,0.30501682,0.1766926,0.17051059,0.34778
21,7,none,pz,1623,108,0,0,True,0.97244656,0.000487908,0.0021781728,0.024887249
21,7,none,pz,1624,108,1,1,True,9.739237e-05,0.99818134,0.00039076444,0.001330633
21,7,none,pz,1625,108,0,3,False,0.11721166,0.0041981502,0.0017025151,0.8768876
21,7,none,pz,1626,108,1,1,True,0.3262503,0.40960032,0.0038762172,0.2602732
21,7,none,pz,1627,108,0,0,True,0.99503446,0.00045600827,0.00016356367,0.004346024
21,7,none,pz,1628,108,1,1,True,0.0004516663,0.9982545,9.603098e-06,0.001284317
21,7,none,pz,1629,108,1,1,True,4.8373153e-05,0.9890765,5.08929e-05,0.01082424
21,7,none,pz,1630,108,0,0,True,0.9903977,0.0008653115,0.0002014003,0.00853564
21,7,none,pz,1631,108,0,0,True,0.99979585,1.6336588e-05,1.07046135e-05,0.00017709883
21,7,none,pz,1632,108,1,1,True,0.0071268054,0.94724464,0.000652074,0.04497645
21,7,none,pz,1633,108,0,0,True,0.9988533,0.00027965245,0.00055996055,0.00030693196
21,7,none,pz,1634,108,1,1,True,0.09818943,0.71693116,0.015308772,0.1695706
21,7,none,pz,1635,108,0,0,True,0.3804923,0.3268105,0.06402806,0.22866921
21,7,none,pz,1636,108,1,1,True,0.016836697,0.9546233,0.01206632,0.016473668
21,7,none,pz,1637,108,1,1,True,0.00028387026,0.9659444,0.00013466456,0.033637173
21,7,none,pz,1638,108,2,1,False,0.012687695,0.64044166,0.2915291,0.05534156
21,7,none,pz,1639,108,3,3,True,0.00095834164,0.020281198,0.01567966,0.96308076
21,7,none,pz,1640,108,2,3,False,0.02570288,0.094871074,0.086567596,0.7928584
21,7,none,pz,1641,108,3,3,True,0.0029358093,0.10534043,0.014798868,0.8769249
21,7,none,pz,1642,108,3,3,True,0.0027185527,0.01293507,0.005629436,0.9787169
21,7,none,pz,1643,108,2,1,False,0.08827767,0.6161206,0.26126108,0.03434069
21,7,none,pz,1644,108,2,0,False,0.7033854,0.0137574095,0.06711147,0.21574566
21,7,none,pz,1645,108,3,3,True,0.012239976,0.034195032,0.004965127,0.9485999
21,7,none,pz,1646,108,2,1,False,0.089740045,0.90475655,0.0023701794,0.0031331994
21,7,none,pz,1647,108,3,3,True,0.049782123,0.17283559,0.009704997,0.7676773
21,7,none,pz,1648,108,3,3,True,0.007129294,0.042629886,0.028702928,0.9215379
21,7,none,pz,1649,108,2,1,False,0.06972833,0.7544152,0.10044496,0.07541152
21,7,none,pz,1650,108,3,3,True,0.10965233,0.010557027,0.013255471,0.8665352
21,7,none,pz,1651,108,2,2,True,0.044371203,0.3244231,0.54228514,0.08892053
21,7,none,pz,1652,108,3,3,True,0.13085634,0.019147644,0.1969495,0.65304655
21,7,none,pz,1653,108,1,1,True,0.00017654068,0.54782003,0.44604975,0.005953722
21,7,none,pz,1654,108,0,1,False,0.11386658,0.6698576,0.12153841,0.094737396
21,7,none,pz,1655,108,1,1,True,0.042605016,0.46563995,0.39783058,0.09392446
21,7,none,pz,1656,108,0,0,True,0.9443077,0.000331885,0.002874515,0.052486002
21,7,none,pz,1657,108,0,0,True,0.88369423,0.009020272,0.00035157846,0.10693404
21,7,none,pz,1658,108,1,1,True,0.0017917869,0.971068,0.008535551,0.018604677
21,7,none,pz,1659,108,1,1,True,0.0023730337,0.9931832,0.0028675834,0.0015762004
21,7,none,pz,1660,108,0,0,True,0.9928524,0.0030147568,0.0019950161,0.0021378265
21,7,none,pz,1661,108,0,0,True,0.9968412,0.00039681714,0.0006322735,0.002129742
21,7,none,pz,1662,108,1,1,True,6.7809626e-05,0.9986248,0.0010755083,0.00023188182
21,7,none,pz,1663,108,1,1,True,0.0008498737,0.9838154,0.0032162054,0.012118568
21,7,none,pz,1664,108,0,0,True,0.966569,0.0029245433,0.008371432,0.022135044
21,7,none,pz,1665,108,1,1,True,0.007850142,0.7214434,0.22797972,0.042726688
21,7,none,pz,1666,108,0,0,True,0.968519,0.0031394544,0.005677427,0.022664139
21,7,none,pz,1667,108,1,0,False,0.5349825,0.3964683,0.0061667366,0.062382508
21,7,none,pz,1668,108,3,3,True,0.002556631,0.0033797952,0.0069244877,0.98713905
21,7,none,pz,1669,108,2,3,False,0.18957315,0.14651787,0.2307481,0.43316087
21,7,none,pz,1670,108,3,3,True,0.054373324,0.014420672,0.023274153,0.9079319
21,7,none,pz,1671,108,2,2,True,0.035767905,0.08591424,0.8508518,0.027466074
21,7,none,pz,1672,108,2,3,False,0.06988927,0.17626776,0.32637343,0.42746952
21,7,none,pz,1673,108,3,3,True,0.008704743,0.09143714,0.017955476,0.8819027
21,7,none,pz,1674,108,2,2,True,0.015727999,0.1305458,0.8302808,0.023445379
21,7,none,pz,1675,108,3,1,False,0.036218982,0.7772597,0.14395836,0.04256291
21,7,none,pz,1676,108,2,1,False,0.012915984,0.9582545,0.025830947,0.0029986661
21,7,none,pz,1677,108,3,1,False,0.034090266,0.5505181,0.1828927,0.23249896
21,7,none,pz,1678,108,2,1,False,0.10659456,0.43660554,0.36767244,0.089127526
21,7,none,pz,1679,108,3,3,True,0.18909377,0.23328923,0.1769574,0.4006596
21,7,none,pz,1680,108,2,3,False,0.01523954,0.0030333714,0.40565413,0.57607293
21,7,none,pz,1681,108,3,0,False,0.50299126,0.034579683,0.04675218,0.4156768
21,7,none,pz,1682,108,3,3,True,0.2534722,0.06138,0.18481788,0.5003299
21,7,none,pz,1683,108,1,1,True,0.0027031703,0.85815656,0.06752022,0.07162005
21,7,none,pz,1684,108,0,0,True,0.7481827,0.04964997,0.15492901,0.047238346
21,7,none,pz,1685,108,0,2,False,0.093683064,0.099539936,0.4102921,0.3964849
21,7,none,pz,1686,108,1,2,False,0.050424725,0.2889072,0.64451903,0.016149094
21,7,none,pz,1687,108,0,3,False,0.1154274,0.3686307,0.021142066,0.4947999
21,7,none,pz,1688,108,1,1,True,0.25860602,0.38424107,0.3520538,0.00509911
21,7,none,pz,1689,108,1,1,True,9.239434e-05,0.99547464,0.00398389,0.00044907376
21,7,none,pz,1690,108,0,0,True,0.8551407,0.00771687,0.027519636,0.10962276
21,7,none,pz,1691,108,0,3,False,0.20621227,0.30037996,0.13904755,0.35436022
21,7,none,pz,1692,108,1,1,True,0.0015642612,0.9961144,0.0019060064,0.00041533768
21,7,none,pz,1693,108,0,0,True,0.45994574,0.076254666,0.023639698,0.44015992
21,7,none,pz,1694,108,1,1,True,0.25343323,0.59683704,0.03105254,0.11867715
21,7,none,pz,1695,108,1,1,True,0.0001834901,0.9997577,2.6549718e-05,3.2227712e-05
21,7,none,pz,1696,108,0,0,True,0.9312705,0.011948441,0.025711851,0.03106921
21,7,none,pz,1697,108,0,0,True,0.99943644,0.00020163249,2.7884988e-05,0.00033403974
21,7,none,pz,1698,108,3,3,True,0.07758245,0.1691525,0.025461193,0.7278039
21,7,none,pz,1699,108,2,2,True,0.021106597,0.091235764,0.4702706,0.4173871
21,7,none,pz,1700,108,2,2,True,0.03380256,0.023044903,0.7969033,0.14624925
21,7,none,pz,1701,108,3,3,True,0.0032679166,0.004601652,0.0014020547,0.9907284
21,7,none,pz,1702,108,2,3,False,0.23449567,0.12434544,0.11246867,0.5286902
21,7,none,pz,1703,108,3,2,False,0.32176518,0.07135205,0.48595467,0.12092814
21,7,none,pz,1704,108,3,3,True,0.0039903563,0.0026265595,0.03290561,0.96047753
21,7,none,pz,1705,108,2,2,True,0.006856458,0.024846127,0.94053644,0.027760938
21,7,none,pz,1706,108,3,3,True,0.0832258,0.1262407,0.14160284,0.6489306
21,7,none,pz,1707,108,2,1,False,0.04115369,0.7299727,0.053221636,0.17565192
21,7,none,pz,1708,108,2,2,True,0.15830916,0.044014063,0.5720327,0.22564405
21,7,none,pz,1709,108,3,3,True,0.011706245,0.016966186,0.011274981,0.96005255
21,7,none,pz,1710,108,2,1,False,0.014968111,0.9158427,0.019430777,0.04975836
21,7,none,pz,1711,108,3,1,False,0.025261775,0.656854,0.009425933,0.3084583
21,7,none,pz,1712,108,2,0,False,0.8469997,0.12081677,0.012400586,0.019782998
21,7,none,pz,1713,109,0,0,True,0.9337712,0.0010355375,0.0056527834,0.059540484
21,7,none,pz,1714,109,1,0,False,0.46292743,0.30749825,0.20478947,0.024784792
21,7,none,pz,1715,109,1,1,True,0.0005660045,0.9990293,0.00022232768,0.0001823417
21,7,none,pz,1716,109,0,2,False,0.14969675,0.08802468,0.64619523,0.1160833
21,7,none,pz,1717,109,1,1,True,0.061736822,0.91988695,0.01550859,0.0028675573
21,7,none,pz,1718,109,0,0,True,0.72145283,0.019884335,0.23275448,0.025908316
21,7,none,pz,1719,109,1,1,True,0.23018715,0.43230566,0.32757324,0.009933949
21,7,none,pz,1720,109,0,0,True,0.8736124,0.004980853,0.12016424,0.0012425176
21,7,none,pz,1721,109,1,1,True,0.1378688,0.7973807,0.008546116,0.0562044
21,7,none,pz,1722,109,0,2,False,0.03008499,0.031866856,0.8818904,0.056157667
21,7,none,pz,1723,109,0,0,True,0.93012434,0.0007193803,0.03670518,0.03245114
21,7,none,pz,1724,109,1,1,True,0.053547177,0.60181105,0.07528988,0.26935187
21,7,none,pz,1725,109,0,0,True,0.99966216,9.131017e-06,0.00029971893,2.8979486e-05
21,7,none,pz,1726,109,1,0,False,0.5409761,0.22036311,0.028816491,0.20984432
21,7,none,pz,1727,109,1,1,True,0.1528246,0.67097104,0.16192876,0.014275692
21,7,none,pz,1728,109,3,1,False,0.025269039,0.5356014,0.15636006,0.28276947
21,7,none,pz,1729,109,2,2,True,0.06509408,0.19500431,0.4091969,0.33070472
21,7,none,pz,1730,109,2,0,False,0.33889616,0.3081872,0.21104345,0.14187323
21,7,none,pz,1731,109,3,3,True,0.14543645,0.002868996,0.13932745,0.7123671
21,7,none,pz,1732,109,3,3,True,0.019905513,0.02319006,0.43326083,0.5236436
21,7,none,pz,1733,109,2,0,False,0.33059412,0.15298714,0.28016648,0.23625219
21,7,none,pz,1734,109,2,2,True,0.120662026,0.017292257,0.84673595,0.015309767
21,7,none,pz,1735,109,3,0,False,0.32554162,0.130771,0.30125567,0.24243169
21,7,none,pz,1736,109,2,3,False,0.24947844,0.026382638,0.1500758,0.5740631
21,7,none,pz,1737,109,3,3,True,0.028669065,0.14117764,0.082714275,0.74743897
21,7,none,pz,1738,109,2,0,False,0.5378878,0.21946076,0.013847897,0.22880356
21,7,none,pz,1739,109,3,2,False,0.36155415,0.21157308,0.37538135,0.051491484
21,7,none,pz,1740,109,3,2,False,0.052290816,0.027566984,0.6704031,0.24973908
21,7,none,pz,1741,109,2,0,False,0.44077882,0.06250264,0.082847305,0.41387135
21,7,none,pz,1742,109,2,1,False,0.012823276,0.91825616,0.013291496,0.055629086
21,7,none,pz,1743,109,1,1,True,0.014392211,0.80733496,0.14211178,0.03616104
21,7,none,pz,1744,109,0,0,True,0.59863,0.106175214,0.24524583,0.04994896
21,7,none,pz,1745,109,1,0,False,0.9630746,0.013407817,0.012940373,0.010577234
21,7,none,pz,1746,109,0,3,False,0.29083407,0.02161498,0.24329752,0.4442534
21,7,none,pz,1747,109,0,0,True,0.97759706,0.00032571063,0.004565141,0.017512029
21,7,none,pz,1748,109,1,2,False,0.3449014,0.015149011,0.6330783,0.006871383
21,7,none,pz,1749,109,0,0,True,0.5237325,0.06516613,0.18685599,0.22424541
21,7,none,pz,1750,109,1,0,False,0.4211717,0.30196804,0.02641514,0.25044507
21,7,none,pz,1751,109,1,2,False,0.06129682,0.41414732,0.5001955,0.02436033
21,7,none,pz,1752,109,0,2,False,0.2002186,0.0061006905,0.77243245,0.021248285
21,7,none,pz,1753,109,1,0,False,0.6917754,0.054063495,0.0016668922,0.25249428
21,7,none,pz,1754,109,0,1,False,0.29164577,0.34969264,0.02583326,0.33282828
21,7,none,pz,1755,109,1,1,True,0.016608126,0.9662366,0.015887542,0.0012677849
21,7,none,pz,1756,109,0,1,False,0.24292815,0.5829009,0.042039253,0.13213168
21,7,none,pz,1757,109,0,0,True,0.9975624,0.00092079636,0.00014160786,0.0013751225
21,7,none,pz,1758,109,2,3,False,0.10095059,0.011647806,0.0086624,0.87873924
21,7,none,pz,1759,109,3,0,False,0.8201025,0.012826039,0.03790753,0.1291639
21,7,none,pz,1760,109,2,3,False,0.081068575,0.043440893,0.15228847,0.72320205
21,7,none,pz,1761,109,3,3,True,0.32384852,0.047215626,0.055407487,0.57352835
21,7,none,pz,1762,109,3,1,False,0.15148897,0.44844016,0.012658119,0.38741267
21,7,none,pz,1763,109,2,3,False,0.06296331,0.029102312,0.17213619,0.7357982
21,7,none,pz,1764,109,3,3,True,0.03031318,0.014178766,0.060711678,0.89479643
21,7,none,pz,1765,109,2,3,False,0.22862045,0.23378465,0.07731246,0.46028244
21,7,none,pz,1766,109,3,3,True,0.11862538,0.26730642,0.03890907,0.5751591
21,7,none,pz,1767,109,2,0,False,0.49979344,0.013745145,0.24963723,0.2368241
21,7,none,pz,1768,109,2,2,True,0.08363929,0.09773186,0.5787528,0.23987605
21,7,none,pz,1769,109,3,3,True,0.17820714,0.003876652,0.0031654253,0.8147508
21,7,none,pz,1770,109,2,1,False,0.1656338,0.40779468,0.09876786,0.3278036
21,7,none,pz,1771,109,3,3,True,0.005232353,0.015227737,0.076714374,0.90282553
21,7,none,pz,1772,109,2,0,False,0.7380171,0.043162674,0.108039975,0.110780254
21,7,none,pz,1773,109,1,1,True,0.043126345,0.47937062,0.1063611,0.3711419
21,7,none,pz,1774,109,0,2,False,0.36335903,0.015804783,0.5833376,0.03749853
21,7,none,pz,1775,109,1,0,False,0.668268,0.028002849,0.30012774,0.003601451
21,7,none,pz,1776,109,0,3,False,0.065252736,0.007961537,0.014395693,0.91239005
21,7,none,pz,1777,109,0,2,False,0.15651092,0.012549144,0.75596386,0.07497615
21,7,none,pz,1778,109,1,1,True,0.09575776,0.62524986,0.028568573,0.25042382
21,7,none,pz,1779,109,1,0,False,0.6170566,0.09623824,0.052482456,0.23422262
21,7,none,pz,1780,109,0,3,False,0.03343175,0.0050101206,0.21155132,0.75000674
21,7,none,pz,1781,109,1,0,False,0.8275585,0.07278784,0.032946065,0.0667076
21,7,none,pz,1782,109,0,0,True,0.46887338,0.42533463,0.09201896,0.013772997
21,7,none,pz,1783,109,0,0,True,0.90530974,0.02511379,0.016856598,0.05271986
21,7,none,pz,1784,109,1,0,False,0.5535418,0.012863623,0.21523847,0.21835616
21,7,none,pz,1785,109,0,0,True,0.96030974,0.00156213,0.018501535,0.019626519
21,7,none,pz,1786,109,1,0,False,0.5960068,0.007230034,0.2919535,0.10480965
21,7,none,pz,1787,109,0,2,False,0.19588351,0.030796032,0.7127051,0.060615357
21,7,none,pz,1788,109,2,1,False,0.019385146,0.5749526,0.38475052,0.020911708
21,7,none,pz,1789,109,3,0,False,0.39306042,0.009259714,0.25338563,0.34429425
21,7,none,pz,1790,109,2,3,False,0.15843561,0.27844176,0.022585653,0.54053694
21,7,none,pz,1791,109,3,3,True,0.25614464,0.013897119,0.078944944,0.65101326
21,7,none,pz,1792,109,2,3,False,0.15254337,0.00953918,0.1828335,0.65508395
21,7,none,pz,1793,109,3,3,True,0.11441536,0.01663232,0.17269096,0.6962614
21,7,none,pz,1794,109,2,0,False,0.8699656,0.002686485,0.12011418,0.0072337114
21,7,none,pz,1795,109,3,3,True,0.14983658,0.035355087,0.24414003,0.5706683
21,7,none,pz,1796,109,3,3,True,0.0788497,0.14992025,0.026570633,0.74465936
21,7,none,pz,1797,109,2,2,True,0.08702215,0.028234063,0.63671243,0.24803136
21,7,none,pz,1798,109,3,1,False,0.031054182,0.790643,0.009558818,0.16874406
21,7,none,pz,1799,109,2,3,False,0.11922461,0.13498694,0.028519528,0.71726894
21,7,none,pz,1800,109,2,2,True,0.021199599,0.0029212753,0.6132721,0.36260703
21,7,none,pz,1801,109,3,2,False,0.09061715,0.019076277,0.70901716,0.18128945
21,7,none,pz,1802,109,3,0,False,0.58744055,0.026062058,0.09609399,0.29040346
21,7,none,fcz,0,90,0,0,True,0.90547925,0.0056297113,0.005328238,0.08356282
21,7,none,fcz,1,90,1,1,True,0.13355334,0.8602646,0.0037107258,0.002471254
21,7,none,fcz,2,90,1,1,True,0.003136237,0.9958318,4.4366017e-05,0.0009875437
21,7,none,fcz,3,90,0,0,True,0.97344923,0.0036555731,0.012601333,0.010293809
21,7,none,fcz,4,90,1,1,True,0.027649509,0.9682063,0.0028411807,0.0013030334
21,7,none,fcz,5,90,0,0,True,0.9618805,0.0008447431,0.0239964,0.01327835
21,7,none,fcz,6,90,1,1,True,0.28246313,0.70812833,0.002548869,0.006859711
21,7,none,fcz,7,90,0,0,True,0.99602216,0.0019564377,0.0006756917,0.0013457177
21,7,none,fcz,8,90,0,0,True,0.815098,0.12560579,0.0036366766,0.055659518
21,7,none,fcz,9,90,1,1,True,0.0022611145,0.9907981,0.006478102,0.00046269718
21,7,none,fcz,10,90,0,0,True,0.8119989,0.16866289,0.017346472,0.0019916913
21,7,none,fcz,11,90,1,1,True,0.003254766,0.9966468,6.593523e-05,3.2392443e-05
21,7,none,fcz,12,90,0,0,True,0.9435014,0.0066590984,0.016865494,0.032973915
21,7,none,fcz,13,90,1,2,False,0.17514345,0.2293814,0.58868194,0.006793231
21,7,none,fcz,14,90,1,1,True,0.096154034,0.8552712,0.04783677,0.0007379669
21,7,none,fcz,15,90,3,0,False,0.7086513,0.23342125,0.044937544,0.012989915
21,7,none,fcz,16,90,2,2,True,0.21307851,0.044501923,0.52601755,0.216402
21,7,none,fcz,17,90,2,0,False,0.35708532,0.07922875,0.214544,0.34914193
21,7,none,fcz,18,90,3,3,True,0.3775353,0.047633074,0.050988916,0.5238427
21,7,none,fcz,19,90,3,2,False,0.15209846,0.045002356,0.54255736,0.26034188
21,7,none,fcz,20,90,2,0,False,0.40493616,0.24097928,0.3512932,0.0027912878
21,7,none,fcz,21,90,3,3,True,0.16305992,0.0916035,0.32309917,0.42223734
21,7,none,fcz,22,90,2,0,False,0.61972,0.25779656,0.11208136,0.010402098
21,7,none,fcz,23,90,2,2,True,0.079737894,0.0462869,0.83444226,0.039532945
21,7,none,fcz,24,90,3,0,False,0.70177305,0.17295805,0.09773454,0.02753443
21,7,none,fcz,25,90,2,2,True,0.14699614,0.053042255,0.793219,0.006742644
21,7,none,fcz,26,90,3,0,False,0.54329807,0.12523577,0.27212292,0.059343226
21,7,none,fcz,27,90,3,0,False,0.42447135,0.061475355,0.16133553,0.35271776
21,7,none,fcz,28,90,2,1,False,0.3317139,0.46177354,0.16480795,0.041704614
21,7,none,fcz,29,90,2,2,True,0.06993476,0.18941325,0.73290557,0.00774638
21,7,none,fcz,30,90,1,1,True,0.14647639,0.8510109,0.0023928187,0.00011976469
21,7,none,fcz,31,90,0,0,True,0.91575503,0.024071708,0.055262126,0.004911025
21,7,none,fcz,32,90,1,1,True,0.00013175151,0.99937123,2.8872222e-05,0.00046814885
21,7,none,fcz,33,90,0,0,True,0.88646674,0.02163109,0.07739181,0.014510411
21,7,none,fcz,34,90,1,1,True,0.03414083,0.9007371,0.05147917,0.013642931
21,7,none,fcz,35,90,0,0,True,0.47522888,0.088123545,0.38066638,0.0559812
21,7,none,fcz,36,90,1,1,True,0.052547477,0.82764,0.012529252,0.10728333
21,7,none,fcz,37,90,0,0,True,0.95777726,0.030081552,0.010475912,0.0016652198
21,7,none,fcz,38,90,1,1,True,0.02858796,0.8113881,0.15851454,0.0015093815
21,7,none,fcz,39,90,0,0,True,0.75247663,0.012506221,0.2096077,0.02540949
21,7,none,fcz,40,90,1,1,True,0.32544568,0.6426815,0.019225888,0.012646995
21,7,none,fcz,41,90,0,0,True,0.8386644,0.00076527835,0.07762729,0.08294294
21,7,none,fcz,42,90,1,1,True,0.016496938,0.91309726,0.06945898,0.0009468697
21,7,none,fcz,43,90,0,0,True,0.38573256,0.14235069,0.37691897,0.09499787
21,7,none,fcz,44,90,1,1,True,0.00041862513,0.9874796,0.011696717,0.00040505157
21,7,none,fcz,45,90,2,0,False,0.5290873,0.021379465,0.3829243,0.066608906
21,7,none,fcz,46,90,3,2,False,0.1099471,0.016193602,0.8371347,0.036724597
21,7,none,fcz,47,90,3,3,True,0.2605299,0.08525109,0.18236782,0.47185117
21,7,none,fcz,48,90,2,0,False,0.4526123,0.015227229,0.22689408,0.30526632
21,7,none,fcz,49,90,3,0,False,0.31504157,0.2930264,0.1308056,0.26112643
21,7,none,fcz,50,90,2,2,True,0.31833294,0.035007432,0.5922253,0.054434296
21,7,none,fcz,51,90,3,3,True,0.11366719,0.05624015,0.04184341,0.7882492
21,7,none,fcz,52,90,2,2,True,0.24736094,0.20754546,0.4544208,0.09067278
21,7,none,fcz,53,90,3,2,False,0.3787606,0.012295838,0.4881876,0.12075591
21,7,none,fcz,54,90,2,0,False,0.63917243,0.021894075,0.27772588,0.061207622
21,7,none,fcz,55,90,2,2,True,0.11802925,0.2183199,0.55736357,0.106287256
21,7,none,fcz,56,90,3,2,False,0.08402078,0.0065925415,0.8049667,0.10441994
21,7,none,fcz,57,90,2,2,True,0.09545789,0.019031806,0.81516534,0.07034496
21,7,none,fcz,58,90,3,0,False,0.42618454,0.008078183,0.28578123,0.27995604
21,7,none,fcz,59,90,3,3,True,0.21113704,0.094968855,0.11280225,0.5810918
21,7,none,fcz,60,90,1,1,True,0.10223596,0.87553483,0.020699637,0.0015295694
21,7,none,fcz,61,90,0,0,True,0.9675217,0.014093913,0.011330547,0.007053788
21,7,none,fcz,62,90,1,1,True,0.089794464,0.89499295,0.01499483,0.00021775962
21,7,none,fcz,63,90,0,0,True,0.9157295,0.0115325125,0.058039818,0.014698218
21,7,none,fcz,64,90,0,0,True,0.98254645,0.0001863134,0.016050877,0.0012164116
21,7,none,fcz,65,90,1,1,True,0.028170962,0.9615642,0.009869205,0.00039564498
21,7,none,fcz,66,90,1,1,True,0.10463443,0.64672637,0.24577923,0.0028600546
21,7,none,fcz,67,90,0,0,True,0.9732293,0.0028508375,0.013802267,0.010117551
21,7,none,fcz,68,90,0,0,True,0.99316376,0.0010582895,0.0053654118,0.00041248565
21,7,none,fcz,69,90,1,3,False,0.32416493,0.16684057,0.12951212,0.37948245
21,7,none,fcz,70,90,1,1,True,0.0790337,0.9075874,0.0035932236,0.0097857155
21,7,none,fcz,71,90,0,0,True,0.82056844,0.012848022,0.15001611,0.016567454
21,7,none,fcz,72,90,1,2,False,0.1776871,0.08347045,0.7059818,0.032860585
21,7,none,fcz,73,90,0,0,True,0.83332783,0.010934306,0.154043,0.001694853
21,7,none,fcz,74,90,0,0,True,0.9295723,0.005347694,0.054613855,0.010466187
21,7,none,fcz,75,90,2,2,True,0.054138154,0.02360424,0.6121917,0.31006593
21,7,none,fcz,76,90,3,0,False,0.95737433,0.008620901,0.029179288,0.0048254346
21,7,none,fcz,77,90,2,2,True,0.14740828,0.04255718,0.7867547,0.023279792
21,7,none,fcz,78,90,3,2,False,0.14986978,0.025231762,0.42670918,0.3981893
21,7,none,fcz,79,90,2,1,False,0.020960813,0.808803,0.16666327,0.003572878
21,7,none,fcz,80,90,3,0,False,0.35005143,0.19785304,0.346623,0.105472535
21,7,none,fcz,81,90,2,2,True,0.035062082,0.0073127435,0.7588222,0.19880301
21,7,none,fcz,82,90,3,2,False,0.23459889,0.104089476,0.5410682,0.12024342
21,7,none,fcz,83,90,2,2,True,0.051045377,0.0031194065,0.9392057,0.006629514
21,7,none,fcz,84,90,3,2,False,0.17000984,0.049520474,0.58046144,0.20000829
21,7,none,fcz,85,90,2,0,False,0.85382634,0.04388496,0.058176354,0.044112258
21,7,none,fcz,86,90,3,0,False,0.76615655,0.06340735,0.060586642,0.10984949
21,7,none,fcz,87,90,3,0,False,0.68976426,0.051822226,0.2241062,0.034307297
21,7,none,fcz,88,90,2,2,True,0.08920367,0.045035318,0.7723259,0.09343522
21,7,none,fcz,89,90,3,0,False,0.5963143,0.32865423,0.024728224,0.05030326
21,7,none,fcz,90,91,0,0,True,0.8353074,0.109918155,0.04700091,0.0077733975
21,7,none,fcz,91,91,1,0,False,0.6185514,0.1000468,0.18294336,0.098458454
21,7,none,fcz,92,91,0,2,False,0.17063315,0.054544628,0.47487774,0.29994452
21,7,none,fcz,93,91,1,1,True,0.026457798,0.80521095,0.06764688,0.10068431
21,7,none,fcz,94,91,1,1,True,0.0011161682,0.9979868,0.00075856707,0.00013845818
21,7,none,fcz,95,91,0,0,True,0.9950244,0.0017418878,0.0022795142,0.0009541057
21,7,none,fcz,96,91,1,1,True,0.14723238,0.83987874,0.01084521,0.0020437022
21,7,none,fcz,97,91,0,0,True,0.8068355,0.11941842,0.027399069,0.046347115
21,7,none,fcz,98,91,0,0,True,0.9980148,0.0008273398,0.00073559664,0.00042223255
21,7,none,fcz,99,91,1,1,True,0.13225554,0.6367307,0.10984279,0.121171005
21,7,none,fcz,100,91,0,0,True,0.99867505,0.0005292521,0.0005469165,0.00024872227
21,7,none,fcz,101,91,1,2,False,0.0053322655,0.24577656,0.7159084,0.032982767
21,7,none,fcz,102,91,1,1,True,0.010558149,0.9517504,0.01626611,0.021425389
21,7,none,fcz,103,91,0,0,True,0.9712849,0.0011630168,0.026550325,0.0010016123
21,7,none,fcz,104,91,0,0,True,0.9929899,0.0027459955,0.0041828025,8.119841e-05
21,7,none,fcz,105,91,2,1,False,0.01171749,0.6348251,0.06768084,0.28577656
21,7,none,fcz,106,91,3,3,True,0.0020709704,0.12636521,0.07048738,0.8010764
21,7,none,fcz,107,91,3,3,True,0.00749877,0.053850587,0.016586995,0.92206365
21,7,none,fcz,108,91,2,2,True,0.006057393,0.020075403,0.9647524,0.0091148345
21,7,none,fcz,109,91,2,2,True,0.0034686637,0.010702573,0.9678324,0.017996348
21,7,none,fcz,110,91,3,2,False,0.24294403,0.0810103,0.42003587,0.25600976
21,7,none,fcz,111,91,3,3,True,0.007597724,0.06843587,0.052685294,0.8712811
21,7,none,fcz,112,91,2,2,True,0.121291794,0.19722883,0.51697135,0.16450806
21,7,none,fcz,113,91,3,2,False,0.10203592,0.0077096494,0.786948,0.10330639
21,7,none,fcz,114,91,2,2,True,0.001051446,0.005227092,0.99304515,0.00067631726
21,7,none,fcz,115,91,3,2,False,0.0069072517,0.01063361,0.9666647,0.015794355
21,7,none,fcz,116,91,2,2,True,0.10951912,0.1715693,0.60563856,0.11327306
21,7,none,fcz,117,91,2,2,True,0.020602586,0.08700196,0.52002054,0.37237495
21,7,none,fcz,118,91,3,2,False,0.040245086,0.04718601,0.83249545,0.080073416
21,7,none,fcz,119,91,2,2,True,0.0020763716,0.080916114,0.9046499,0.012357623
21,7,none,fcz,120,91,0,0,True,0.8313728,0.09981698,0.06294759,0.005862606
21,7,none,fcz,121,91,1,2,False,0.051490214,0.031989194,0.7328551,0.18366553
21,7,none,fcz,122,91,1,1,True,0.021647548,0.86655235,0.070334874,0.041465227
21,7,none,fcz,123,91,0,3,False,0.012217585,0.16560358,0.1829794,0.63919944
21,7,none,fcz,124,91,0,0,True,0.9851413,0.0072959685,0.0033641513,0.004198638
21,7,none,fcz,125,91,1,3,False,0.060698256,0.100152515,0.23712966,0.60201955
21,7,none,fcz,126,91,1,1,True,0.00021103947,0.7391049,0.20750678,0.053177256
21,7,none,fcz,127,91,0,3,False,0.13753158,0.018907672,0.30385646,0.53970426
21,7,none,fcz,128,91,0,0,True,0.9991966,5.1643416e-05,0.0003223982,0.0004293044
21,7,none,fcz,129,91,1,1,True,0.006011767,0.7805392,0.042831913,0.17061707
21,7,none,fcz,130,91,1,3,False,0.004579624,0.19281207,0.16658178,0.63602656
21,7,none,fcz,131,91,0,0,True,0.9763876,0.0017244722,0.021059211,0.00082863396
21,7,none,fcz,132,91,1,1,True,0.0441171,0.85049677,0.019251212,0.086134925
21,7,none,fcz,133,91,0,3,False,0.0901084,0.048945498,0.013203959,0.8477422
21,7,none,fcz,134,91,1,0,False,0.9223043,0.00049111317,0.033733588,0.043471046
21,7,none,fcz,135,91,2,1,False,0.13797387,0.48588875,0.05159861,0.3245388
21,7,none,fcz,136,91,3,2,False,0.04158697,0.052238993,0.6808954,0.22527865
21,7,none,fcz,137,91,2,2,True,0.1506573,0.29737434,0.32437584,0.22759259
21,7,none,fcz,138,91,3,2,False,0.009363022,0.01323864,0.8428469,0.13455144
21,7,none,fcz,139,91,2,2,True,0.021812888,0.06740317,0.5577558,0.35302812
21,7,none,fcz,140,91,3,3,True,0.00020356209,0.0067538177,0.01053654,0.98250604
21,7,none,fcz,141,91,2,2,True,0.012549305,0.039410647,0.94557405,0.002466009
21,7,none,fcz,142,91,3,3,True,0.0037431384,0.004746606,0.035997607,0.95551264
21,7,none,fcz,143,91,2,2,True,0.0074491245,0.4154879,0.517256,0.059807003
21,7,none,fcz,144,91,3,2,False,0.0015142211,0.102371536,0.45547816,0.44063607
21,7,none,fcz,145,91,3,3,True,0.021357073,0.1413314,0.015390039,0.82192147
21,7,none,fcz,146,91,2,3,False,0.4659159,0.011677692,0.03079882,0.49160752
21,7,none,fcz,147,91,2,3,False,0.0018808834,0.05522736,0.07408446,0.86880726
21,7,none,fcz,148,91,3,3,True,0.039219484,0.032662984,0.17585707,0.75226045
21,7,none,fcz,149,91,3,3,True,0.00632786,0.1579968,0.010781455,0.8248939
21,7,none,fcz,150,91,1,1,True,3.865113e-06,0.9868788,0.012998461,0.00011885505
21,7,none,fcz,151,91,0,3,False,0.2857387,0.024378072,0.052839085,0.6370442
21,7,none,fcz,152,91,1,3,False,0.0075327875,0.40064496,0.06521314,0.5266091
21,7,none,fcz,153,91,0,0,True,0.9654759,0.0002351304,0.028386293,0.00590264
21,7,none,fcz,154,91,0,2,False,0.048143182,0.00651349,0.94481945,0.00052388344
21,7,none,fcz,155,91,1,2,False,0.02717262,0.0007124505,0.9411885,0.030926406
21,7,none,fcz,156,91,1,2,False,0.00028483357,0.13796008,0.8508562,0.010898948
21,7,none,fcz,157,91,0,0,True,0.99880624,0.00023492785,0.00060285087,0.0003559572
21,7,none,fcz,158,91,0,0,True,0.9626711,0.013667531,0.012937647,0.010723762
21,7,none,fcz,159,91,1,3,False,0.07283462,0.09836656,0.11106907,0.7177297
21,7,none,fcz,160,91,0,0,True,0.9418055,0.006407796,0.047770187,0.0040165554
21,7,none,fcz,161,91,1,1,True,0.0066483477,0.8961137,0.030540794,0.06669718
21,7,none,fcz,162,91,1,2,False,0.12602688,0.25064358,0.50748223,0.11584729
21,7,none,fcz,163,91,0,0,True,0.5266397,0.0017569261,0.13621505,0.33538827
21,7,none,fcz,164,91,1,2,False,0.008187028,0.01877486,0.9218127,0.05122547
21,7,none,fcz,165,91,2,2,True,0.022601672,0.0044005187,0.8110908,0.16190697
21,7,none,fcz,166,91,3,2,False,0.02318121,0.010704386,0.8842295,0.08188489
21,7,none,fcz,167,91,3,2,False,0.00013090154,0.008284527,0.9332337,0.05835088
21,7,none,fcz,168,91,2,2,True,0.0071287355,0.045974065,0.8462944,0.10060278
21,7,none,fcz,169,91,2,2,True,0.0012064954,0.0003948901,0.79799986,0.20039871
21,7,none,fcz,170,91,3,3,True,0.008635441,0.08493145,0.31156287,0.59487027
21,7,none,fcz,171,91,3,3,True,0.0022390427,0.00978721,0.17644769,0.811526
21,7,none,fcz,172,91,2,2,True,0.0033429922,0.05067277,0.84497285,0.1010115
21,7,none,fcz,173,91,3,3,True,0.014429208,0.2092697,0.122139655,0.65416145
21,7,none,fcz,174,91,2,2,True,0.08949625,0.0042807045,0.63472664,0.27149636
21,7,none,fcz,175,91,2,2,True,0.0016024254,0.011047512,0.9411167,0.046233293
21,7,none,fcz,176,91,3,2,False,0.008335369,0.014375016,0.7580246,0.21926509
21,7,none,fcz,177,91,3,3,True,0.317424,0.0073975464,0.20638363,0.46879482
21,7,none,fcz,178,91,2,2,True,0.013782944,0.1749211,0.7530556,0.05824044
21,7,none,fcz,179,91,3,2,False,0.0035163767,0.014137685,0.6585827,0.32376325
21,7,none,fcz,180,92,1,3,False,0.17156504,0.23848793,0.045650378,0.5442966
21,7,none,fcz,181,92,0,1,False,0.19822314,0.373327,0.13149941,0.2969505
21,7,none,fcz,182,92,1,0,False,0.6817994,0.08078102,0.19435553,0.04306407
21,7,none,fcz,183,92,0,2,False,0.17226739,0.01831782,0.80706656,0.002348227
21,7,none,fcz,184,92,0,0,True,0.47211048,0.08531692,0.37655753,0.06601509
21,7,none,fcz,185,92,1,1,True,0.047502767,0.937761,0.012482409,0.0022537792
21,7,none,fcz,186,92,0,0,True,0.943256,0.033280216,0.021547236,0.0019165437
21,7,none,fcz,187,92,1,1,True,0.12823379,0.8703441,0.0013608695,6.131992e-05
21,7,none,fcz,188,92,1,1,True,0.0043897894,0.9953264,0.00016244515,0.00012134735
21,7,none,fcz,189,92,0,2,False,0.4261468,0.022472193,0.5347112,0.016669806
21,7,none,fcz,190,92,0,0,True,0.9104308,0.058687318,0.023276089,0.0076058884
21,7,none,fcz,191,92,1,0,False,0.7076624,0.13031164,0.07237814,0.089647844
21,7,none,fcz,192,92,0,0,True,0.9554933,0.025026977,0.01904861,0.00043106903
21,7,none,fcz,193,92,1,1,True,0.06945955,0.6111975,0.14643697,0.17290601
21,7,none,fcz,194,92,0,0,True,0.44379658,0.110062234,0.42867586,0.017465306
21,7,none,fcz,195,92,1,1,True,0.11267579,0.8743352,0.009720849,0.0032681895
21,7,none,fcz,196,92,1,1,True,0.011907565,0.9850381,0.0027847327,0.00026963837
21,7,none,fcz,197,92,0,0,True,0.9950956,0.0031962167,0.0014625102,0.00024570432
21,7,none,fcz,198,92,1,1,True,0.03672421,0.7599804,0.1998144,0.0034810232
21,7,none,fcz,199,92,2,0,False,0.70273626,0.14984715,0.101318866,0.046097714
21,7,none,fcz,200,92,3,0,False,0.62262964,0.08883986,0.20700572,0.08152482
21,7,none,fcz,201,92,2,0,False,0.55500615,0.0551065,0.24858062,0.14130674
21,7,none,fcz,202,92,3,0,False,0.5359099,0.09200366,0.27326357,0.09882289
21,7,none,fcz,203,92,2,2,True,0.3237198,0.22549406,0.4452253,0.005560912
21,7,none,fcz,204,92,3,3,True,0.21332078,0.26110038,0.22375624,0.3018226
21,7,none,fcz,205,92,2,2,True,0.17236166,0.38556892,0.39435443,0.047714908
21,7,none,fcz,206,92,3,0,False,0.4203635,0.38554263,0.03744111,0.1566528
21,7,none,fcz,207,92,3,0,False,0.5840448,0.32250714,0.058808345,0.034639742
21,7,none,fcz,208,92,2,0,False,0.6930258,0.054573916,0.22456096,0.027839324
21,7,none,fcz,209,92,2,2,True,0.009467826,0.1106466,0.87800395,0.0018815773
21,7,none,fcz,210,92,3,1,False,0.10163614,0.77225894,0.0054117534,0.12069315
21,7,none,fcz,211,92,3,0,False,0.3713722,0.31181544,0.06334272,0.25346965
21,7,none,fcz,212,92,2,1,False,0.23395084,0.6750317,0.0488808,0.042136606
21,7,none,fcz,213,92,3,0,False,0.5259504,0.37405625,0.06579629,0.034197073
21,7,none,fcz,214,92,2,0,False,0.9170323,0.045805033,0.03615089,0.0010118104
21,7,none,fcz,215,92,2,2,True,0.04033854,0.16314118,0.53508765,0.2614326
21,7,none,fcz,216,92,3,1,False,0.042396437,0.7480319,0.1402497,0.0693219
21,7,none,fcz,217,92,2,2,True,0.032875754,0.3773148,0.5822281,0.007581334
21,7,none,fcz,218,92,0,0,True,0.9971078,0.00060003647,0.002111483,0.00018063001
21,7,none,fcz,219,92,1,1,True,0.42187756,0.5596972,0.016249182,0.0021760103
21,7,none,fcz,220,92,0,0,True,0.91143894,0.06452834,0.022593996,0.0014387835
21,7,none,fcz,221,92,1,1,True,0.17095256,0.80457705,0.01845798,0.006012387
21,7,none,fcz,222,92,1,1,True,0.091918156,0.90225047,0.0055945497,0.00023679135
21,7,none,fcz,223,92,0,0,True,0.9171618,0.04787644,0.031790067,0.0031716796
21,7,none,fcz,224,92,1,1,True,0.008533741,0.98511654,0.0005245408,0.005825103
21,7,none,fcz,225,92,0,1,False,0.42291832,0.54178584,0.033823717,0.001472143
21,7,none,fcz,226,92,0,0,True,0.9484466,0.048735946,0.0021129628,0.00070452085
21,7,none,fcz,227,92,1,1,True,0.008849396,0.96623325,0.019681731,0.005235733
21,7,none,fcz,228,92,1,1,True,0.0002871568,0.9959031,0.0023859392,0.0014238388
21,7,none,fcz,229,92,0,0,True,0.96710825,0.0067974576,0.01824989,0.007844353
21,7,none,fcz,230,92,1,1,True,0.0025419188,0.99645656,0.0006293842,0.00037210915
21,7,none,fcz,231,92,0,2,False,0.2729009,0.26965338,0.3776529,0.07979279
21,7,none,fcz,232,92,0,0,True,0.98862445,0.0023875274,0.0054647652,0.0035233297
21,7,none,fcz,233,92,1,1,True,0.017216753,0.9807786,0.00096124044,0.0010434708
21,7,none,fcz,234,92,0,0,True,0.68008095,0.0050941636,0.28216377,0.032661118
21,7,none,fcz,235,92,1,1,True,0.0044448,0.97207934,0.02216417,0.0013116463
21,7,none,fcz,236,92,1,1,True,0.009373974,0.98957694,0.0003374447,0.0007115989
21,7,none,fcz,237,92,3,3,True,0.2784103,0.25976893,0.02703884,0.43478185
21,7,none,fcz,238,92,2,0,False,0.5570947,0.16353007,0.100597665,0.17877759
21,7,none,fcz,239,92,3,0,False,0.5654654,0.3548002,0.050561808,0.029172609
21,7,none,fcz,240,92,2,2,True,0.14655004,0.23941223,0.5957619,0.018275866
21,7,none,fcz,241,92,2,2,True,0.2296806,0.20913753,0.55202377,0.009158114
21,7,none,fcz,242,92,3,2,False,0.10317668,0.14902365,0.72927016,0.018529471
21,7,none,fcz,243,92,2,0,False,0.41998887,0.2793204,0.2605733,0.040117428
21,7,none,fcz,244,92,3,1,False,0.42373022,0.46178973,0.10594861,0.008531429
21,7,none,fcz,245,92,2,2,True,0.19242221,0.14808156,0.6504934,0.00900279
21,7,none,fcz,246,92,3,1,False,0.038048625,0.44695568,0.15233232,0.3626634
21,7,none,fcz,247,92,2,2,True,0.1403536,0.1743756,0.6308843,0.054386508
21,7,none,fcz,248,92,3,1,False,0.026811492,0.6789715,0.10166898,0.19254799
21,7,none,fcz,249,92,3,3,True,0.098675214,0.31843188,0.028897073,0.55399585
21,7,none,fcz,250,92,2,2,True,0.035310227,0.08487994,0.87473464,0.0050752577
21,7,none,fcz,251,92,3,3,True,0.04846223,0.017719049,0.10080054,0.8330182
21,7,none,fcz,252,92,2,2,True,0.2815251,0.03432169,0.62774134,0.056411892
21,7,none,fcz,253,92,2,2,True,0.41198745,0.09751415,0.48297983,0.0075186044
21,7,none,fcz,254,92,3,0,False,0.6439441,0.0756507,0.25833452,0.022070708
21,7,none,fcz,255,92,2,2,True,0.095563106,0.1571476,0.73820996,0.00907934
21,7,none,fcz,256,92,0,0,True,0.98271054,0.014619229,0.00030628173,0.0023639544
21,7,none,fcz,257,92,1,0,False,0.87793756,0.10266655,0.018905306,0.00049059367
21,7,none,fcz,258,92,1,1,True,0.019523244,0.9698648,0.004963539,0.005648376
21,7,none,fcz,259,92,0,0,True,0.9580829,0.016094675,0.016655702,0.009166701
21,7,none,fcz,260,92,0,0,True,0.8727891,0.016491942,0.06637266,0.0443464
21,7,none,fcz,261,92,1,1,True,0.036322474,0.9412289,0.020972239,0.0014763424
21,7,none,fcz,262,92,1,1,True,0.0155622205,0.9359978,0.0105222,0.037917726
21,7,none,fcz,263,92,0,0,True,0.925867,0.033816453,0.038753636,0.0015628148
21,7,none,fcz,264,92,0,0,True,0.9096036,0.021623652,0.063108616,0.0056641516
21,7,none,fcz,265,92,1,1,True,0.0026172493,0.99708194,0.00020333893,9.7503544e-05
21,7,none,fcz,266,92,0,0,True,0.88696724,0.0956187,0.015900195,0.001513874
21,7,none,fcz,267,92,1,0,False,0.4885503,0.25894082,0.21410939,0.038399428
21,7,none,fcz,268,92,0,0,True,0.94036406,0.05170067,0.004932465,0.0030026846
21,7,none,fcz,269,92,1,1,True,0.007305273,0.85492533,0.13411838,0.0036510467
21,7,none,fcz,270,92,1,1,True,0.108748,0.86261904,0.02328876,0.0053441892
21,7,none,fcz,271,92,0,0,True,0.92894906,0.059224226,0.009679465,0.0021472804
21,7,none,fcz,272,92,1,1,True,0.105330974,0.81955445,0.07374811,0.00136638
21,7,none,fcz,273,92,0,0,True,0.57988256,0.032131948,0.3784555,0.009530038
21,7,none,fcz,274,92,1,2,False,0.27333158,0.19742161,0.5096013,0.019645499
21,7,none,fcz,275,92,3,1,False,0.31081262,0.5655161,0.09526356,0.028407773
21,7,none,fcz,276,92,2,0,False,0.4548607,0.34421024,0.14719558,0.053733498
21,7,none,fcz,277,92,3,1,False,0.06750133,0.4557997,0.2255917,0.25110725
21,7,none,fcz,278,92,2,1,False,0.3251424,0.42009553,0.22933212,0.025429953
21,7,none,fcz,279,92,3,2,False,0.21333228,0.0030946129,0.64776886,0.13580422
21,7,none,fcz,280,92,2,0,False,0.52242804,0.11467694,0.3366426,0.02625245
21,7,none,fcz,281,92,3,2,False,0.02130201,0.30361438,0.57536197,0.09972166
21,7,none,fcz,282,92,2,2,True,0.1413575,0.421286,0.43194774,0.0054086903
21,7,none,fcz,283,92,2,2,True,0.051333856,0.3206079,0.6240271,0.0040311525
21,7,none,fcz,284,92,3,0,False,0.4858812,0.29465905,0.20000704,0.01945276
21,7,none,fcz,285,92,3,1,False,0.01336003,0.72208464,0.058669325,0.20588602
21,7,none,fcz,286,92,2,1,False,0.13752419,0.5428355,0.30917978,0.0104606245
21,7,none,fcz,287,92,2,1,False,0.07428837,0.8928519,0.028450156,0.0044095316
21,7,none,fcz,288,92,3,0,False,0.4544233,0.34022242,0.15647154,0.048882708
21,7,none,fcz,289,92,3,1,False,0.037370097,0.62146086,0.040426135,0.30074298
21,7,none,fcz,290,92,2,1,False,0.28361383,0.41548672,0.13584639,0.16505302
21,7,none,fcz,291,92,2,0,False,0.7543802,0.04355249,0.1676798,0.0343875
21,7,none,fcz,292,92,3,0,False,0.60804063,0.12135849,0.08616363,0.18443723
21,7,none,fcz,293,92,2,1,False,0.07922076,0.79993933,0.10391593,0.01692393
21,7,none,fcz,294,93,1,1,True,0.056856997,0.7900048,0.09455308,0.05858517
21,7,none,fcz,295,93,0,1,False,0.11945866,0.5712089,0.28737023,0.021962246
21,7,none,fcz,296,93,1,1,True,0.0001034391,0.9889658,0.008286532,0.002644253
21,7,none,fcz,297,93,0,1,False,0.26600623,0.3548774,0.33221295,0.046903353
21,7,none,fcz,298,93,1,2,False,0.005158145,0.23535231,0.7465556,0.012933944
21,7,none,fcz,299,93,0,2,False,0.026927082,0.063460946,0.6694948,0.24011713
21,7,none,fcz,300,93,0,0,True,0.960841,0.033793848,0.0043094875,0.0010555545
21,7,none,fcz,301,93,1,1,True,0.011374593,0.7367528,0.16683981,0.08503287
21,7,none,fcz,302,93,1,2,False,0.4820522,0.013278762,0.48727643,0.01739262
21,7,none,fcz,303,93,0,2,False,0.297922,0.17967151,0.48377383,0.03863269
21,7,none,fcz,304,93,1,1,True,0.048724677,0.658344,0.22446992,0.06846147
21,7,none,fcz,305,93,0,0,True,0.997306,0.0013397022,0.00047783655,0.00087642606
21,7,none,fcz,306,93,1,1,True,0.001177402,0.7258134,0.20448284,0.068526335
21,7,none,fcz,307,93,0,0,True,0.9993274,0.00010076407,0.0003749388,0.00019686359
21,7,none,fcz,308,93,0,0,True,0.84981406,0.049940098,0.08444658,0.015799327
21,7,none,fcz,309,93,3,3,True,0.0012373091,0.059512958,0.0061188885,0.9331308
21,7,none,fcz,310,93,2,1,False,0.00528956,0.60767967,0.34783998,0.039190758
21,7,none,fcz,311,93,2,2,True,0.010498967,0.09463834,0.85649306,0.0383696
21,7,none,fcz,312,93,3,3,True,0.02827492,0.036116034,0.007809378,0.9277997
21,7,none,fcz,313,93,3,3,True,0.00044602138,0.055620812,0.01603066,0.9279025
21,7,none,fcz,314,93,2,2,True,0.048280556,0.17792526,0.73677623,0.03701799
21,7,none,fcz,315,93,3,1,False,0.0056186,0.7105127,0.25266445,0.031204252
21,7,none,fcz,316,93,2,2,True,5.233211e-05,0.00066064403,0.99927384,1.3260484e-05
21,7,none,fcz,317,93,2,2,True,0.039999772,0.028992295,0.9198653,0.011142626
21,7,none,fcz,318,93,3,3,True,0.015433264,0.2231972,0.048253153,0.7131164
21,7,none,fcz,319,93,3,0,False,0.68834406,0.06629244,0.007785386,0.2375781
21,7,none,fcz,320,93,2,2,True,0.025066959,0.24233127,0.7113381,0.021263707
21,7,none,fcz,321,93,2,2,True,0.27943665,0.016713893,0.6500798,0.053769656
21,7,none,fcz,322,93,3,3,True,0.002688879,0.012552408,0.013004169,0.97175455
21,7,none,fcz,323,93,2,2,True,0.05833982,0.016675994,0.9138235,0.011160754
21,7,none,fcz,324,93,0,0,True,0.9971443,0.0006810326,0.0008248854,0.0013498168
21,7,none,fcz,325,93,1,3,False,0.0048202523,0.2987031,0.30130014,0.39517644
21,7,none,fcz,326,93,1,1,True,1.933949e-06,0.9993519,3.89951e-05,0.0006072652
21,7,none,fcz,327,93,0,0,True,0.5402554,0.01476428,0.43116006,0.013820239
21,7,none,fcz,328,93,0,0,True,0.86247927,0.004771419,0.05967096,0.073078305
21,7,none,fcz,329,93,1,1,True,0.03006429,0.8495389,0.092693835,0.027702989
21,7,none,fcz,330,93,0,2,False,0.15451278,0.2768029,0.37324923,0.19543517
21,7,none,fcz,331,93,1,1,True,0.0050126137,0.74594986,0.1652917,0.08374587
21,7,none,fcz,332,93,1,2,False,0.0038971417,0.31501034,0.64776504,0.033327427
21,7,none,fcz,333,93,0,3,False,0.2600747,0.16081525,0.2714053,0.30770472
21,7,none,fcz,334,93,1,1,True,0.014202405,0.36128268,0.35770997,0.266805
21,7,none,fcz,335,93,0,0,True,0.8022973,0.0038770686,0.19120944,0.0026161866
21,7,none,fcz,336,93,0,0,True,0.97516835,0.0032809158,0.0050084945,0.016542288
21,7,none,fcz,337,93,1,2,False,0.0035107264,0.07637583,0.88535327,0.03476018
21,7,none,fcz,338,93,0,3,False,0.40167993,0.0014451231,0.1928266,0.4040483
21,7,none,fcz,339,93,2,2,True,0.4161723,0.050555896,0.5239349,0.009336872
21,7,none,fcz,340,93,3,3,True,0.000205423,0.0009423706,0.002842794,0.99600935
21,7,none,fcz,341,93,3,3,True,0.006580346,0.18269332,0.21508086,0.5956455
21,7,none,fcz,342,93,2,2,True,0.04844763,0.23019916,0.60008234,0.121270895
21,7,none,fcz,343,93,2,1,False,0.003516997,0.79466254,0.18161844,0.02020206
21,7,none,fcz,344,93,3,1,False,0.0011630234,0.6444266,0.0037608321,0.35064963
21,7,none,fcz,345,93,3,3,True,0.00030362807,0.006732023,0.0017587047,0.99120563
21,7,none,fcz,346,93,2,1,False,0.016991962,0.4911887,0.48215666,0.009662601
21,7,none,fcz,347,93,3,3,True,0.050165344,0.020250194,0.031230774,0.89835376
21,7,none,fcz,348,93,2,1,False,0.011065227,0.5167087,0.3624993,0.1097268
21,7,none,fcz,349,93,3,1,False,0.00958695,0.46158335,0.33332014,0.19550954
21,7,none,fcz,350,93,2,2,True,0.007846807,0.060478717,0.90378845,0.027886044
21,7,none,fcz,351,93,3,3,True,0.002108978,0.014217295,0.013754652,0.9699191
21,7,none,fcz,352,93,2,2,True,0.06649753,0.052736506,0.85362536,0.027140645
21,7,none,fcz,353,93,2,2,True,0.08518026,0.18591811,0.5559385,0.17296317
21,7,none,fcz,354,93,0,1,False,0.22014654,0.54618055,0.19163895,0.042033993
21,7,none,fcz,355,93,1,2,False,0.0037010454,0.16013154,0.79708564,0.039081823
21,7,none,fcz,356,93,0,0,True,0.803417,0.006899523,0.18468991,0.0049936036
21,7,none,fcz,357,93,1,1,True,0.0005224456,0.9978816,0.0005575235,0.0010384311
21,7,none,fcz,358,93,1,1,True,0.0012120567,0.9486965,0.008912812,0.04117866
21,7,none,fcz,359,93,0,0,True,0.89068913,0.07412938,0.0075939493,0.02758746
21,7,none,fcz,360,93,1,2,False,0.011420366,0.2506371,0.47355857,0.26438388
21,7,none,fcz,361,93,0,1,False,0.042757932,0.9099819,0.0058459863,0.04141416
21,7,none,fcz,362,93,1,1,True,0.026957257,0.93213695,0.022226963,0.01867883
21,7,none,fcz,363,93,0,0,True,0.9295959,0.0024171153,0.02737068,0.040616367
21,7,none,fcz,364,93,0,0,True,0.9691644,0.012664798,0.009734633,0.008436204
21,7,none,fcz,365,93,1,3,False,0.0024803057,0.076451264,0.13267283,0.7883956
21,7,none,fcz,366,93,1,1,True,0.00027643677,0.96180135,0.01157408,0.026348254
21,7,none,fcz,367,93,0,1,False,0.069272876,0.62329704,0.2096985,0.09773156
21,7,none,fcz,368,93,1,1,True,0.035203215,0.7564143,0.19667067,0.01171182
21,7,none,fcz,369,93,2,0,False,0.6758295,0.08409116,0.19658569,0.043493688
21,7,none,fcz,370,93,3,2,False,0.057998747,0.10104591,0.64349306,0.19746225
21,7,none,fcz,371,93,3,3,True,0.011772083,0.04282282,0.050771184,0.8946339
21,7,none,fcz,372,93,2,1,False,0.20997187,0.757959,0.029279016,0.002790064
21,7,none,fcz,373,93,3,1,False,0.0006083989,0.9021548,0.0012613924,0.0959754
21,7,none,fcz,374,93,2,1,False,0.00100061,0.9695235,0.027780311,0.0016955221
21,7,none,fcz,375,93,2,2,True,0.066552415,0.024157872,0.8587082,0.050581448
21,7,none,fcz,376,93,3,3,True,0.0002680712,0.029195685,0.010434254,0.960102
21,7,none,fcz,377,93,3,3,True,0.00012953671,0.061054837,0.0067873136,0.9320283
21,7,none,fcz,378,93,2,2,True,0.0076865084,0.013947535,0.91389865,0.06446732
21,7,none,fcz,379,93,2,2,True,0.058747247,0.0831177,0.6852644,0.17287064
21,7,none,fcz,380,93,3,3,True,0.045467388,0.035777576,0.09939736,0.81935763
21,7,none,fcz,381,93,3,3,True,0.01656755,0.022317775,0.3057003,0.6554144
21,7,none,fcz,382,93,2,1,False,0.0001652755,0.991093,0.007946374,0.00079531886
21,7,none,fcz,383,93,3,2,False,0.02201829,0.020827737,0.8574005,0.09975352
21,7,none,fcz,384,94,0,0,True,0.99595106,0.0016169279,0.0023419072,9.006234e-05
21,7,none,fcz,385,94,1,1,True,0.0009155254,0.9569627,0.04185963,0.00026212362
21,7,none,fcz,386,94,1,2,False,0.035889838,0.39124024,0.5177487,0.055121157
21,7,none,fcz,387,94,0,0,True,0.9997868,7.721127e-05,0.00012764522,8.39432e-06
21,7,none,fcz,388,94,1,1,True,0.0076909326,0.49549252,0.4531848,0.04363177
21,7,none,fcz,389,94,0,0,True,0.9939778,0.0026282873,0.0028902546,0.0005036574
21,7,none,fcz,390,94,1,2,False,0.026006797,0.008615721,0.9629937,0.002383797
21,7,none,fcz,391,94,0,0,True,0.9971859,7.409261e-05,0.0023815555,0.00035851935
21,7,none,fcz,392,94,1,2,False,0.103854306,0.119480476,0.71055645,0.06610875
21,7,none,fcz,393,94,0,0,True,0.7236656,0.11483082,0.16117732,0.00032628226
21,7,none,fcz,394,94,0,0,True,0.9912445,0.00040824522,0.005474454,0.0028726887
21,7,none,fcz,395,94,1,2,False,0.06135516,0.095028475,0.7808427,0.062773705
21,7,none,fcz,396,94,1,1,True,0.047353387,0.78004223,0.11439469,0.058209736
21,7,none,fcz,397,94,0,0,True,0.72473985,0.0022301842,0.2429335,0.030096393
21,7,none,fcz,398,94,1,2,False,0.06645321,0.33454436,0.5435102,0.055492185
21,7,none,fcz,399,94,2,2,True,0.011320818,0.025115678,0.9587073,0.0048562675
21,7,none,fcz,400,94,3,3,True,0.025981454,0.03402751,0.40758482,0.5324062
21,7,none,fcz,401,94,3,3,True,0.0011939722,0.010790349,0.006917658,0.98109806
21,7,none,fcz,402,94,2,2,True,0.020395176,0.008305462,0.9610261,0.010273385
21,7,none,fcz,403,94,3,3,True,0.07885219,0.022967277,0.15843607,0.7397444
21,7,none,fcz,404,94,2,2,True,0.023409164,0.09483409,0.858829,0.022927787
21,7,none,fcz,405,94,2,2,True,0.0011321423,0.011457461,0.98467165,0.0027387314
21,7,none,fcz,406,94,3,3,True,0.0054277643,0.19313297,0.06221502,0.73922426
21,7,none,fcz,407,94,2,2,True,0.14164399,0.017970059,0.7820842,0.05830173
21,7,none,fcz,408,94,3,3,True,0.027841577,0.02475651,0.15899158,0.78841037
21,7,none,fcz,409,94,3,3,True,0.014470749,0.012324596,0.061147127,0.9120575
21,7,none,fcz,410,94,2,2,True,0.017314866,0.01508907,0.96378,0.0038161392
21,7,none,fcz,411,94,3,3,True,0.033273667,0.017007288,0.23414013,0.7155789
21,7,none,fcz,412,94,2,0,False,0.564368,0.043314252,0.33367044,0.058647275
21,7,none,fcz,413,94,3,2,False,0.12075007,0.20060478,0.621319,0.057326116
21,7,none,fcz,414,94,1,1,True,0.0083044795,0.980247,0.010894692,0.0005537389
21,7,none,fcz,415,94,0,1,False,0.39746445,0.42311224,0.17863804,0.0007852178
21,7,none,fcz,416,94,1,1,True,0.00863132,0.98481816,0.006248066,0.00030237454
21,7,none,fcz,417,94,0,0,True,0.8783744,0.042669814,0.07015267,0.00880314
21,7,none,fcz,418,94,0,0,True,0.9817987,0.003085486,0.01506672,4.905995e-05
21,7,none,fcz,419,94,1,1,True,0.00022526963,0.9641728,0.03508342,0.0005184612
21,7,none,fcz,420,94,1,2,False,0.067994304,0.0965104,0.7270094,0.10848594
21,7,none,fcz,421,94,0,0,True,0.9516815,0.004568944,0.043146964,0.00060259324
21,7,none,fcz,422,94,0,0,True,0.7912786,0.12888002,0.07965666,0.00018465029
21,7,none,fcz,423,94,1,2,False,0.23029524,0.026491052,0.73388827,0.009325422
21,7,none,fcz,424,94,1,1,True,4.7609865e-05,0.99388313,0.0059639094,0.00010529782
21,7,none,fcz,425,94,0,2,False,0.073840186,0.4129621,0.5080392,0.00515858
21,7,none,fcz,426,94,1,2,False,0.0093106115,0.40989453,0.5652662,0.015528692
21,7,none,fcz,427,94,0,0,True,0.95031905,0.0002509324,0.04642018,0.003009853
21,7,none,fcz,428,94,1,2,False,0.008351557,0.013344312,0.96777534,0.010528797
21,7,none,fcz,429,94,3,0,False,0.5644855,0.020163557,0.21166201,0.20368895
21,7,none,fcz,430,94,2,2,True,0.32024282,0.011323886,0.66548556,0.0029477451
21,7,none,fcz,431,94,3,3,True,0.0019253318,0.14314596,0.31247386,0.54245484
21,7,none,fcz,432,94,2,2,True,0.0006843727,0.0074172043,0.98894125,0.0029571794
21,7,none,fcz,433,94,3,3,True,0.006636925,0.105582416,0.044105787,0.8436749
21,7,none,fcz,434,94,2,2,True,0.0075925775,0.03328807,0.9555299,0.0035893868
21,7,none,fcz,435,94,2,2,True,0.015479753,0.03124081,0.80852675,0.14475274
21,7,none,fcz,436,94,3,2,False,0.0078460295,0.028883208,0.5019439,0.4613269
21,7,none,fcz,437,94,3,3,True,0.017262822,0.42989072,0.099789284,0.4530572
21,7,none,fcz,438,94,2,2,True,0.019123713,0.14106302,0.8305087,0.009304521
21,7,none,fcz,439,94,3,3,True,0.067710154,0.3388106,0.19671027,0.39676902
21,7,none,fcz,440,94,2,0,False,0.48976701,0.06757737,0.41889498,0.023760606
21,7,none,fcz,441,94,3,2,False,0.02001435,0.034717243,0.7480775,0.19719093
21,7,none,fcz,442,94,2,2,True,0.031382684,0.037956934,0.93012816,0.0005322754
21,7,none,fcz,443,94,2,3,False,0.15206964,0.2140042,0.2302704,0.40365574
21,7,none,fcz,444,94,0,0,True,0.99347323,0.00392298,0.0022947695,0.00030900017
21,7,none,fcz,445,94,1,2,False,0.18392941,0.05163955,0.7621063,0.0023246896
21,7,none,fcz,446,94,1,2,False,0.0016974664,0.31789026,0.6776908,0.0027214403
21,7,none,fcz,447,94,0,0,True,0.7067558,0.006149361,0.27601117,0.011083611
21,7,none,fcz,448,94,1,1,True,0.0013190788,0.59610593,0.3768884,0.025686536
21,7,none,fcz,449,94,0,0,True,0.68007576,0.008003123,0.30357885,0.008342246
21,7,none,fcz,450,94,1,2,False,0.22056234,0.23359863,0.52034473,0.025494272
21,7,none,fcz,451,94,0,2,False,0.34869736,0.012825542,0.6177356,0.020741496
21,7,none,fcz,452,94,1,2,False,0.13717501,0.3080406,0.4137043,0.14108008
21,7,none,fcz,453,94,0,2,False,0.17015013,0.06271243,0.749435,0.017702444
21,7,none,fcz,454,94,1,2,False,0.027406251,0.28176612,0.6513747,0.039452903
21,7,none,fcz,455,94,0,0,True,0.9677398,0.0009104344,0.029533975,0.0018157308
21,7,none,fcz,456,94,0,2,False,0.25482073,0.17183162,0.5711248,0.0022228698
21,7,none,fcz,457,94,1,3,False,0.006290908,0.01492675,0.48157308,0.49720925
21,7,none,fcz,458,94,0,2,False,0.072907224,0.03783322,0.8278615,0.061398078
21,7,none,fcz,459,94,2,2,True,0.010184637,0.023180218,0.9620663,0.004568857
21,7,none,fcz,460,94,3,2,False,0.0013208005,0.029848833,0.9188187,0.050011627
21,7,none,fcz,461,94,2,2,True,0.01365318,0.01373378,0.9709293,0.001683718
21,7,none,fcz,462,94,3,2,False,0.2674992,0.028928908,0.67654186,0.027030058
21,7,none,fcz,463,94,2,2,True,0.03707796,0.40660793,0.5537199,0.0025942551
21,7,none,fcz,464,94,3,3,True,0.041642107,0.030239355,0.26888412,0.65923446
21,7,none,fcz,465,94,3,3,True,0.009254477,0.15413928,0.30934647,0.52725977
21,7,none,fcz,466,94,2,2,True,0.018837241,0.003537618,0.9699571,0.007668076
21,7,none,fcz,467,94,2,2,True,0.0033375877,0.007138043,0.9859504,0.003573986
21,7,none,fcz,468,94,3,2,False,0.033774838,0.0022745044,0.8570386,0.10691213
21,7,none,fcz,469,94,3,3,True,0.008819767,0.13152196,0.09891955,0.76073873
21,7,none,fcz,470,94,2,2,True,0.01788322,0.079730086,0.80282557,0.0995611
21,7,none,fcz,471,94,2,2,True,0.053258855,0.044695906,0.6177246,0.28432062
21,7,none,fcz,472,94,3,2,False,0.03594888,0.12247019,0.6111659,0.23041505
21,7,none,fcz,473,94,3,2,False,0.06891816,0.14435755,0.7561772,0.03054702
21,7,none,fcz,474,95,0,0,True,0.84736854,0.07795132,0.06362211,0.011058036
21,7,none,fcz,475,95,1,1,True,0.054125916,0.64561576,0.021752419,0.278506
21,7,none,fcz,476,95,1,1,True,7.6207674e-05,0.9979646,0.001769373,0.00018970376
21,7,none,fcz,477,95,0,0,True,0.9390579,0.012747323,0.002032758,0.04616198
21,7,none,fcz,478,95,0,0,True,0.9893867,0.002032004,0.005709042,0.0028721786
21,7,none,fcz,479,95,1,1,True,0.029527476,0.94328064,0.013367296,0.013824514
21,7,none,fcz,480,95,0,0,True,0.5458252,0.15540592,0.25149047,0.047278397
21,7,none,fcz,481,95,1,1,True,0.0012823306,0.9407127,0.007844493,0.05016037
21,7,none,fcz,482,95,0,0,True,0.9336179,0.012911429,0.046385173,0.007085595
21,7,none,fcz,483,95,1,3,False,0.017699866,0.08520756,0.13538457,0.761708
21,7,none,fcz,484,95,1,1,True,0.0009567743,0.59789443,0.3613873,0.039761446
21,7,none,fcz,485,95,0,0,True,0.9889654,0.00015885124,0.007423036,0.0034527383
21,7,none,fcz,486,95,0,0,True,0.87366784,0.013110154,0.09386091,0.019361116
21,7,none,fcz,487,95,1,1,True,0.07697494,0.59008574,0.052921444,0.28001788
21,7,none,fcz,488,95,1,2,False,0.00038318877,0.40998274,0.44738618,0.14224792
21,7,none,fcz,489,95,2,2,True,0.024064926,0.027229484,0.47443968,0.4742659
21,7,none,fcz,490,95,3,3,True,0.005576591,0.018659994,0.17556433,0.8001991
21,7,none,fcz,491,95,2,2,True,0.0038949589,0.13045865,0.8239348,0.04171157
21,7,none,fcz,492,95,3,3,True,0.008270164,0.0011132943,0.003232173,0.9873843
21,7,none,fcz,493,95,3,3,True,0.0016681908,0.05707131,0.0071392595,0.93412125
21,7,none,fcz,494,95,2,3,False,0.061704632,0.010781475,0.057129394,0.8703846
21,7,none,fcz,495,95,2,2,True,0.008576264,0.031563137,0.7682023,0.1916583
21,7,none,fcz,496,95,3,3,True,0.05973691,0.009754628,0.007185468,0.923323
21,7,none,fcz,497,95,3,3,True,0.00046992666,0.00348943,0.07136964,0.924671
21,7,none,fcz,498,95,2,3,False,0.0017246451,0.2818745,0.15158328,0.5648176
21,7,none,fcz,499,95,3,3,True,0.00070698,0.02682549,0.004955946,0.9675116
21,7,none,fcz,500,95,2,3,False,0.0026552049,0.004931914,0.10788297,0.88452995
21,7,none,fcz,501,95,3,3,True,0.0111013185,0.013569106,0.07477489,0.90055466
21,7,none,fcz,502,95,2,2,True,0.0055761696,0.0120555535,0.66110855,0.3212597
21,7,none,fcz,503,95,2,3,False,0.04019812,0.069510706,0.35602686,0.5342643
21,7,none,fcz,504,95,1,3,False,0.0009543188,0.39415523,0.04404009,0.5608504
21,7,none,fcz,505,95,0,3,False,0.38659915,0.0108057,0.007528745,0.59506637
21,7,none,fcz,506,95,1,3,False,0.003403033,0.22776945,0.007955075,0.7608724
21,7,none,fcz,507,95,0,0,True,0.56417364,0.0010094511,0.1970832,0.23773372
21,7,none,fcz,508,95,0,0,True,0.9519528,0.0029010696,0.0054075276,0.039738618
21,7,none,fcz,509,95,1,3,False,0.005785179,0.0736717,0.016160462,0.9043827
21,7,none,fcz,510,95,1,3,False,0.0012469438,0.048838433,0.22970806,0.72020656
21,7,none,fcz,511,95,0,0,True,0.8098656,0.0005267019,0.0009787545,0.18862888
21,7,none,fcz,512,95,0,0,True,0.38545614,0.008724037,0.25281838,0.35300145
21,7,none,fcz,513,95,1,3,False,0.0014399111,0.19026478,0.20787619,0.60041916
21,7,none,fcz,514,95,0,0,True,0.563519,0.00076831615,0.15874603,0.27696666
21,7,none,fcz,515,95,1,1,True,0.005280939,0.89000815,0.0327714,0.071939476
21,7,none,fcz,516,95,0,3,False,0.4518777,0.07649774,0.010774055,0.46085054
21,7,none,fcz,517,95,1,1,True,0.00093766954,0.53539556,0.3528794,0.11078736
21,7,none,fcz,518,95,0,0,True,0.58513117,0.004552914,0.08036392,0.32995194
21,7,none,fcz,519,95,3,3,True,7.481764e-05,0.10859449,0.0104708895,0.88085985
21,7,none,fcz,520,95,2,3,False,0.003723891,0.0010642612,0.104704626,0.89050716
21,7,none,fcz,521,95,3,3,True,3.053128e-05,0.014143772,0.0060758437,0.9797498
21,7,none,fcz,522,95,2,2,True,0.24678169,0.0050246357,0.49669757,0.25149605
21,7,none,fcz,523,95,2,2,True,0.0026203396,0.008163766,0.95272267,0.036493167
21,7,none,fcz,524,95,3,1,False,0.005228014,0.5960413,0.061053906,0.33767673
21,7,none,fcz,525,95,2,2,True,0.0027486465,0.078332074,0.88171107,0.037208177
21,7,none,fcz,526,95,3,3,True,0.0031770137,0.22823606,0.014127839,0.7544591
21,7,none,fcz,527,95,2,2,True,0.04043534,0.08593463,0.53914225,0.33448777
21,7,none,fcz,528,95,3,3,True,0.00019583828,0.008409508,0.0064023985,0.98499227
21,7,none,fcz,529,95,2,0,False,0.49519837,0.1454159,0.28911752,0.07026826
21,7,none,fcz,530,95,3,3,True,0.035178203,0.030995548,0.17606986,0.7577564
21,7,none,fcz,531,95,2,3,False,0.0014961852,0.0077243247,0.023421273,0.9673582
21,7,none,fcz,532,95,3,3,True,0.0012081965,0.12931207,0.02623207,0.8432477
21,7,none,fcz,533,95,3,3,True,0.00038399908,0.0376908,0.37676126,0.5851639
21,7,none,fcz,534,95,0,3,False,0.016054315,0.30226356,0.13903059,0.5426516
21,7,none,fcz,535,95,1,3,False,0.17031595,0.019923184,0.16471487,0.645046
21,7,none,fcz,536,95,1,3,False,0.008543989,0.0065801316,0.0050246613,0.9798512
21,7,none,fcz,537,95,0,0,True,0.4332675,0.073994726,0.18079558,0.31194213
21,7,none,fcz,538,95,0,3,False,0.2249876,0.024657803,0.06906454,0.6812901
21,7,none,fcz,539,95,1,1,True,0.14883891,0.7151658,0.07850929,0.05748594
21,7,none,fcz,540,95,1,3,False,0.0056030005,0.020122908,0.00090215943,0.9733719
21,7,none,fcz,541,95,0,2,False,0.16469021,0.032083362,0.69567406,0.10755239
21,7,none,fcz,542,95,0,2,False,0.0774293,0.39029327,0.41474995,0.11752746
21,7,none,fcz,543,95,1,1,True,0.0032509884,0.92742324,0.009110182,0.06021571
21,7,none,fcz,544,95,0,3,False,0.11159562,0.11751726,0.3623217,0.40856537
21,7,none,fcz,545,95,1,2,False,0.31445742,0.054505993,0.5545177,0.07651895
21,7,none,fcz,546,95,1,3,False,0.11362765,0.24722752,0.2479607,0.39118412
21,7,none,fcz,547,95,0,2,False,0.006901116,0.18603516,0.80308145,0.0039822804
21,7,none,fcz,548,95,0,0,True,0.573899,0.030104745,0.38772038,0.008275928
21,7,none,fcz,549,95,2,2,True,0.000594423,0.0032255528,0.9173983,0.078781724
21,7,none,fcz,550,95,3,3,True,0.09550011,0.20343454,0.117116325,0.583949
21,7,none,fcz,551,95,3,3,True,0.009257727,0.06862031,0.010001112,0.9121209
21,7,none,fcz,552,95,2,2,True,0.17069532,0.13009302,0.52160764,0.17760397
21,7,none,fcz,553,95,2,3,False,0.014052386,0.07635104,0.30896845,0.60062814
21,7,none,fcz,554,95,3,3,True,0.0040617767,0.032035712,0.0066075865,0.95729494
21,7,none,fcz,555,95,2,2,True,0.032908656,0.32760662,0.48868373,0.15080108
21,7,none,fcz,556,95,3,3,True,0.0022243785,0.12397317,0.012304476,0.86149806
21,7,none,fcz,557,95,2,2,True,0.04548411,0.12844616,0.5869596,0.23911016
21,7,none,fcz,558,95,3,1,False,0.002235296,0.7320438,0.009584187,0.25613666
21,7,none,fcz,559,95,2,2,True,0.018193632,0.013169262,0.5022154,0.46642175
21,7,none,fcz,560,95,3,3,True,0.033655122,0.028945522,0.16810484,0.7692945
21,7,none,fcz,561,95,3,2,False,0.0023333537,0.09255291,0.7969494,0.10816431
21,7,none,fcz,562,95,2,2,True,0.003944109,0.17488289,0.69848806,0.122685045
21,7,none,fcz,563,95,3,3,True,0.00023631669,0.018248875,0.03778048,0.9437343
21,7,none,fcz,564,96,1,1,True,0.048098966,0.9425558,0.0066152182,0.0027300129
21,7,none,fcz,565,96,0,0,True,0.97697294,0.0057322024,0.016894525,0.00040028882
21,7,none,fcz,566,96,0,0,True,0.9713842,0.0071678814,0.015733218,0.005714594
21,7,none,fcz,567,96,1,1,True,0.0025982964,0.59437835,0.3625431,0.04048024
21,7,none,fcz,568,96,1,1,True,0.0023603023,0.9613483,0.029867375,0.006423974
21,7,none,fcz,569,96,0,0,True,0.45515525,0.0023717207,0.34704834,0.19542463
21,7,none,fcz,570,96,1,1,True,0.0019355805,0.9921658,0.004987843,0.00091078423
21,7,none,fcz,571,96,0,0,True,0.9907864,8.581967e-05,0.0079088975,0.0012187501
21,7,none,fcz,572,96,0,0,True,0.7677203,0.014171885,0.20348689,0.014620938
21,7,none,fcz,573,96,1,1,True,0.00095407787,0.9921726,0.006519398,0.00035393465
21,7,none,fcz,574,96,1,1,True,0.006163964,0.9819472,0.011689186,0.00019956895
21,7,none,fcz,575,96,0,0,True,0.8266497,0.00045883103,0.17041893,0.0024725844
21,7,none,fcz,576,96,0,0,True,0.8931233,0.021634754,0.017212737,0.068029135
21,7,none,fcz,577,96,1,1,True,0.028337264,0.56375885,0.3310319,0.07687198
21,7,none,fcz,578,96,1,1,True,0.0020078903,0.89281154,0.05079989,0.05438063
21,7,none,fcz,579,96,3,3,True,0.008215283,0.014655461,0.28151903,0.6956102
21,7,none,fcz,580,96,2,2,True,0.005720161,9.756595e-05,0.9939772,0.00020507583
21,7,none,fcz,581,96,3,2,False,0.010666853,0.053622507,0.8891494,0.046561196
21,7,none,fcz,582,96,2,2,True,0.006094095,0.00095666776,0.97143394,0.02151538
21,7,none,fcz,583,96,2,2,True,0.061417438,0.011419579,0.7839847,0.1431783
21,7,none,fcz,584,96,3,2,False,0.018039519,0.0012437205,0.9160119,0.06470492
21,7,none,fcz,585,96,3,0,False,0.5118214,0.03009172,0.22874914,0.22933772
21,7,none,fcz,586,96,2,2,True,0.0073026437,0.0019434995,0.95205337,0.038700484
21,7,none,fcz,587,96,3,3,True,0.036286347,0.0029311408,0.15174629,0.8090362
21,7,none,fcz,588,96,2,2,True,0.06017773,0.15780547,0.771489,0.010527781
21,7,none,fcz,589,96,2,2,True,0.06402636,0.05227977,0.88138425,0.0023095876
21,7,none,fcz,590,96,3,0,False,0.38629425,0.1337289,0.25816873,0.22180818
21,7,none,fcz,591,96,3,3,True,0.04958075,0.017357264,0.0769132,0.85614884
21,7,none,fcz,592,96,2,2,True,0.2219161,0.044804275,0.6340715,0.09920811
21,7,none,fcz,593,96,3,3,True,0.08456915,0.27792495,0.29139444,0.34611148
21,7,none,fcz,594,96,0,0,True,0.95081824,0.0027490552,0.04568668,0.0007460072
21,7,none,fcz,595,96,1,2,False,0.095537655,0.020970913,0.881895,0.001596476
21,7,none,fcz,596,96,1,0,False,0.327301,0.114369586,0.30777895,0.2505505
21,7,none,fcz,597,96,0,0,True,0.98491526,0.0001717829,0.0082156155,0.0066974103
21,7,none,fcz,598,96,1,0,False,0.5717526,0.2927865,0.120990865,0.014470049
21,7,none,fcz,599,96,0,0,True,0.48440808,0.0074254368,0.3511348,0.15703167
21,7,none,fcz,600,96,0,0,True,0.8289362,0.00019516268,0.16914235,0.001726309
21,7,none,fcz,601,96,1,1,True,0.025819033,0.94371575,0.02390631,0.0065589705
21,7,none,fcz,602,96,0,0,True,0.8609999,0.014964153,0.11472492,0.009311017
21,7,none,fcz,603,96,1,2,False,0.12513378,0.42916703,0.44304895,0.0026502274
21,7,none,fcz,604,96,1,1,True,0.006512635,0.6502953,0.15258473,0.19060734
21,7,none,fcz,605,96,0,0,True,0.94994885,5.8316164e-05,0.040935926,0.009056962
21,7,none,fcz,606,96,1,2,False,0.031727154,0.12558186,0.65229344,0.19039756
21,7,none,fcz,607,96,0,2,False,0.38994524,0.001150099,0.48092526,0.12797946
21,7,none,fcz,608,96,0,0,True,0.61829823,0.00035338406,0.24303396,0.13831447
21,7,none,fcz,609,96,3,3,True,0.12773786,0.008095888,0.01723945,0.84692675
21,7,none,fcz,610,96,2,2,True,0.002234217,0.0012286202,0.9958418,0.000695301
21,7,none,fcz,611,96,3,2,False,0.34100655,0.10832451,0.5418808,0.008788202
21,7,none,fcz,612,96,2,0,False,0.7934705,0.0196154,0.13666391,0.050250273
21,7,none,fcz,613,96,3,3,True,0.25867084,0.2735035,0.033215046,0.43461058
21,7,none,fcz,614,96,2,2,True,0.008795419,0.0005037116,0.98844016,0.002260667
21,7,none,fcz,615,96,2,2,True,0.0062111826,0.0013202255,0.96665937,0.025809214
21,7,none,fcz,616,96,3,2,False,0.037197504,0.0020581416,0.84178644,0.1189579
21,7,none,fcz,617,96,2,2,True,0.17920414,0.014342359,0.6181204,0.18833312
21,7,none,fcz,618,96,3,0,False,0.8642342,0.02974827,0.046406504,0.05961107
21,7,none,fcz,619,96,2,2,True,0.07398331,0.0028899147,0.73476297,0.18836376
21,7,none,fcz,620,96,3,3,True,0.18343881,0.014131761,0.071100265,0.73132914
21,7,none,fcz,621,96,2,0,False,0.7624117,0.005911508,0.22690678,0.004769995
21,7,none,fcz,622,96,3,3,True,0.14712197,0.011836423,0.06439011,0.7766515
21,7,none,fcz,623,96,3,3,True,0.22080918,0.037922505,0.18488172,0.55638665
21,7,none,fcz,624,96,1,1,True,0.0083159,0.91532725,0.042469308,0.03388756
21,7,none,fcz,625,96,0,0,True,0.87757665,0.0007381702,0.11132947,0.010355705
21,7,none,fcz,626,96,1,2,False,0.25666627,0.012585081,0.7189142,0.011834372
21,7,none,fcz,627,96,0,0,True,0.75752765,0.065770246,0.17444612,0.0022560006
21,7,none,fcz,628,96,1,2,False,0.02245718,0.1835372,0.76168483,0.032320816
21,7,none,fcz,629,96,0,0,True,0.9905093,0.0008518767,0.005207378,0.003431497
21,7,none,fcz,630,96,0,0,True,0.96502286,2.6327914e-05,0.034922536,2.8268312e-05
21,7,none,fcz,631,96,1,0,False,0.7083665,0.0815634,0.10373174,0.10633833
21,7,none,fcz,632,96,1,1,True,0.00832349,0.97747314,0.0128083,0.001394992
21,7,none,fcz,633,96,0,0,True,0.90026027,0.026378302,0.052886665,0.020474702
21,7,none,fcz,634,96,0,0,True,0.9978411,1.1049766e-05,0.002086322,6.151391e-05
21,7,none,fcz,635,96,1,1,True,0.004918306,0.9745745,0.019636212,0.0008710044
21,7,none,fcz,636,96,1,1,True,0.019716503,0.62046653,0.35745355,0.0023634105
21,7,none,fcz,637,96,0,0,True,0.99652004,0.0026610906,0.0006295254,0.00018937695
21,7,none,fcz,638,96,0,0,True,0.8365836,0.008503793,0.07807324,0.07683939
21,7,none,fcz,639,96,2,2,True,0.0019724548,0.016052868,0.980528,0.0014467229
21,7,none,fcz,640,96,3,2,False,0.016568055,0.016613,0.8733431,0.09347578
21,7,none,fcz,641,96,2,2,True,0.06780381,0.0037264454,0.8393127,0.0891571
21,7,none,fcz,642,96,3,2,False,0.0046539754,0.052246492,0.9051674,0.037932202
21,7,none,fcz,643,96,3,3,True,0.3661545,0.018237356,0.04267423,0.5729339
21,7,none,fcz,644,96,2,2,True,0.034592606,0.16535816,0.7943547,0.005694535
21,7,none,fcz,645,96,3,0,False,0.5997266,0.06803759,0.13851182,0.19372399
21,7,none,fcz,646,96,2,2,True,0.23008217,0.1976781,0.56705046,0.0051892153
21,7,none,fcz,647,96,2,2,True,0.0068188463,0.007369419,0.9835755,0.0022361835
21,7,none,fcz,648,96,3,2,False,0.34074315,0.09284312,0.48705333,0.07936037
21,7,none,fcz,649,96,2,2,True,0.05657546,0.052480955,0.75487274,0.13607079
21,7,none,fcz,650,96,3,3,True,0.35158753,0.020451397,0.14968622,0.47827485
21,7,none,fcz,651,96,2,2,True,0.13828993,0.087386064,0.74708366,0.027240409
21,7,none,fcz,652,96,3,0,False,0.71347755,0.015590266,0.21448159,0.056450594
21,7,none,fcz,653,96,3,1,False,0.08486875,0.69949067,0.1532648,0.062375817
21,7,none,fcz,654,97,0,0,True,0.7848203,0.11505782,0.093415424,0.0067063784
21,7,none,fcz,655,97,1,1,True,0.055400148,0.90677893,0.009715537,0.02810545
21,7,none,fcz,656,97,1,1,True,0.27766553,0.695411,0.013561498,0.013361935
21,7,none,fcz,657,97,0,0,True,0.72786283,0.11822151,0.14055572,0.013359942
21,7,none,fcz,658,97,0,0,True,0.98722214,0.001334687,0.010366537,0.0010766522
21,7,none,fcz,659,97,1,1,True,0.0066603534,0.97764456,0.008327356,0.007367708
21,7,none,fcz,660,97,0,0,True,0.5576476,0.10937756,0.31848255,0.014492313
21,7,none,fcz,661,97,1,1,True,0.0002895115,0.9809224,0.014551132,0.004236907
21,7,none,fcz,662,97,0,1,False,0.14080805,0.48934773,0.15459679,0.2152475
21,7,none,fcz,663,97,1,1,True,0.045404684,0.8146687,0.013562799,0.12636371
21,7,none,fcz,664,97,1,1,True,0.0029783973,0.9935328,0.0007896097,0.0026992161
21,7,none,fcz,665,97,0,0,True,0.80458176,0.019845184,0.02989251,0.1456805
21,7,none,fcz,666,97,1,2,False,0.10837964,0.10957351,0.7389403,0.04310661
21,7,none,fcz,667,97,0,1,False,0.3233698,0.4172933,0.10639329,0.15294354
21,7,none,fcz,668,97,0,0,True,0.89302003,0.09642706,0.006732494,0.0038203518
21,7,none,fcz,669,97,3,0,False,0.57710564,0.08420496,0.1748296,0.16385987
21,7,none,fcz,670,97,2,0,False,0.78455013,0.15248679,0.048134547,0.014828488
21,7,none,fcz,671,97,3,3,True,0.004896177,0.1459822,0.04838998,0.80073166
21,7,none,fcz,672,97,2,1,False,0.0021092906,0.8887029,0.062426053,0.046761774
21,7,none,fcz,673,97,3,1,False,0.1936301,0.5623932,0.0020442887,0.24193245
21,7,none,fcz,674,97,2,2,True,0.07852566,0.29102716,0.44242758,0.18801965
21,7,none,fcz,675,97,3,2,False,0.015077054,0.16225922,0.78455275,0.038110953
21,7,none,fcz,676,97,2,1,False,0.025532577,0.91436636,0.007216545,0.052884534
21,7,none,fcz,677,97,3,1,False,0.014609606,0.6691194,0.24205983,0.07421109
21,7,none,fcz,678,97,2,2,True,0.13141328,0.13702548,0.71092474,0.020636544
21,7,none,fcz,679,97,3,3,True,0.3182243,0.013017324,0.025304906,0.6434534
21,7,none,fcz,680,97,2,3,False,0.029783748,0.010883989,0.0013620352,0.9579702
21,7,none,fcz,681,97,3,3,True,0.14720565,0.009052006,0.052467328,0.791275
21,7,none,fcz,682,97,2,1,False,0.00268492,0.8952421,0.08326406,0.018808983
21,7,none,fcz,683,97,2,1,False,0.018842254,0.91267693,0.033628695,0.03485205
21,7,none,fcz,684,97,0,0,True,0.473209,0.36663756,0.10106954,0.05908393
21,7,none,fcz,685,97,1,0,False,0.9341706,0.03354247,0.031169955,0.0011169958
21,7,none,fcz,686,97,1,1,True,0.010685991,0.97856605,0.009241796,0.0015061537
21,7,none,fcz,687,97,0,0,True,0.558071,0.015773771,0.32208616,0.10406909
21,7,none,fcz,688,97,1,1,True,0.2689251,0.29407182,0.28082797,0.15617509
21,7,none,fcz,689,97,0,0,True,0.78189,0.029600395,0.15092263,0.03758697
21,7,none,fcz,690,97,1,2,False,0.020182751,0.010962566,0.7858075,0.18304716
21,7,none,fcz,691,97,0,3,False,0.18783115,0.088240474,0.08550387,0.6384245
21,7,none,fcz,692,97,1,1,True,0.09961915,0.7058864,0.03817762,0.15631682
21,7,none,fcz,693,97,0,0,True,0.5111309,0.0071679307,0.028835105,0.452866
21,7,none,fcz,694,97,0,0,True,0.9518511,0.003858294,0.04242339,0.0018671206
21,7,none,fcz,695,97,1,1,True,0.0059350985,0.5780084,0.33931562,0.07674085
21,7,none,fcz,696,97,0,3,False,0.12883155,0.0069771716,0.015367933,0.84882337
21,7,none,fcz,697,97,1,1,True,0.05763011,0.8361849,0.023120498,0.083064474
21,7,none,fcz,698,97,1,3,False,0.0035395443,0.15552342,0.0035107466,0.8374263
21,7,none,fcz,699,97,3,2,False,0.01683709,0.11541893,0.4462372,0.42150676
21,7,none,fcz,700,97,2,0,False,0.61911756,0.049657904,0.29918617,0.032038398
21,7,none,fcz,701,97,2,2,True,0.09606682,0.2885738,0.49128604,0.12407337
21,7,none,fcz,702,97,3,2,False,0.025897892,0.10947999,0.6026774,0.26194465
21,7,none,fcz,703,97,3,1,False,0.16949058,0.5729547,0.21851155,0.039043225
21,7,none,fcz,704,97,2,1,False,0.07486463,0.884935,0.016719088,0.02348125
21,7,none,fcz,705,97,2,2,True,0.013874401,0.32064265,0.499408,0.16607496
21,7,none,fcz,706,97,3,2,False,0.14908335,0.15040007,0.5081683,0.1923483
21,7,none,fcz,707,97,2,2,True,0.03707575,0.08661501,0.7205433,0.15576592
21,7,none,fcz,708,97,3,3,True,0.0030113491,0.32993454,0.1052706,0.5617835
21,7,none,fcz,709,97,3,3,True,0.14075004,0.029127173,0.11402676,0.71609604
21,7,none,fcz,710,97,2,2,True,0.017100558,0.035625868,0.7145295,0.23274398
21,7,none,fcz,711,97,3,3,True,0.31027293,0.072384655,0.27144265,0.34589976
21,7,none,fcz,712,97,2,2,True,0.37290025,0.007412028,0.5385728,0.08111489
21,7,none,fcz,713,97,3,1,False,0.28018895,0.3810535,0.037512343,0.30124515
21,7,none,fcz,714,97,1,1,True,0.09020597,0.40480644,0.29002482,0.21496277
21,7,none,fcz,715,97,0,1,False,0.22619116,0.465425,0.26289007,0.04549382
21,7,none,fcz,716,97,1,1,True,0.092940055,0.75984603,0.10430069,0.04291327
21,7,none,fcz,717,97,0,0,True,0.9212103,0.060945358,0.017223919,0.0006204214
21,7,none,fcz,718,97,1,2,False,0.1507086,0.15877165,0.6341769,0.056342844
21,7,none,fcz,719,97,0,0,True,0.8462161,0.021823399,0.051237717,0.080722764
21,7,none,fcz,720,97,0,0,True,0.87865186,0.004014326,0.031775817,0.08555801
21,7,none,fcz,721,97,1,1,True,0.05391006,0.6790737,0.18920432,0.07781192
21,7,none,fcz,722,97,1,1,True,0.0098869745,0.6550625,0.15782756,0.17722297
21,7,none,fcz,723,97,0,0,True,0.92295593,0.012901236,0.033557948,0.030584909
21,7,none,fcz,724,97,1,1,True,0.031563394,0.84569424,0.03066697,0.09207526
21,7,none,fcz,725,97,0,0,True,0.7853858,0.09545894,0.075771384,0.04338388
21,7,none,fcz,726,97,0,0,True,0.9810013,0.0017836659,0.005812162,0.011402893
21,7,none,fcz,727,97,1,2,False,0.06522935,0.17398573,0.64174044,0.1190445
21,7,none,fcz,728,97,0,0,True,0.9095102,0.004659883,0.029457549,0.056372415
21,7,none,fcz,729,97,3,0,False,0.48161444,0.074384384,0.20085917,0.24314196
21,7,none,fcz,730,97,2,1,False,0.0063804984,0.82301867,0.08386105,0.08673974
21,7,none,fcz,731,97,2,2,True,0.030191941,0.02978588,0.91064644,0.029375792
21,7,none,fcz,732,97,3,0,False,0.60108966,0.22832133,0.07881596,0.09177301
21,7,none,fcz,733,97,2,0,False,0.2922154,0.2312725,0.20508398,0.27142808
21,7,none,fcz,734,97,3,1,False,0.38123572,0.40707505,0.13694987,0.07473935
21,7,none,fcz,735,97,2,0,False,0.67977095,0.10444797,0.16749443,0.048286643
21,7,none,fcz,736,97,3,3,True,0.10853274,0.23908767,0.13998212,0.51239747
21,7,none,fcz,737,97,3,3,True,0.106693484,0.054159015,0.3067494,0.5323981
21,7,none,fcz,738,97,2,2,True,0.13552195,0.1614142,0.59475565,0.10830824
21,7,none,fcz,739,97,3,3,True,0.011249316,0.041205898,0.22226769,0.7252771
21,7,none,fcz,740,97,2,0,False,0.3481431,0.3471618,0.19958375,0.10511133
21,7,none,fcz,741,97,2,2,True,0.092206694,0.23628242,0.44452038,0.22699058
21,7,none,fcz,742,97,3,3,True,0.20557146,0.10247567,0.2586392,0.4333137
21,7,none,fcz,743,97,2,0,False,0.82163167,0.072683424,0.08793551,0.0177493
21,7,none,fcz,744,98,0,0,True,0.83087754,0.017872276,0.14988154,0.0013686129
21,7,none,fcz,745,98,1,2,False,0.03306932,0.12620153,0.8258498,0.014879423
21,7,none,fcz,746,98,1,1,True,0.13639128,0.7378275,0.11373373,0.012047505
21,7,none,fcz,747,98,0,0,True,0.5837419,0.08002189,0.33121505,0.0050211246
21,7,none,fcz,748,98,0,0,True,0.5122018,0.07073282,0.3580754,0.05899
21,7,none,fcz,749,98,1,1,True,0.06999892,0.57341325,0.3457899,0.010797983
21,7,none,fcz,750,98,1,1,True,0.024676157,0.92113006,0.042092748,0.012101111
21,7,none,fcz,751,98,0,2,False,0.13741627,0.28970763,0.5319227,0.040953442
21,7,none,fcz,752,98,1,1,True,0.09060257,0.74409187,0.15878208,0.006523469
21,7,none,fcz,753,98,0,0,True,0.5348855,0.046594918,0.41610762,0.002411948
21,7,none,fcz,754,98,1,1,True,0.062211465,0.9076438,0.02633155,0.0038132225
21,7,none,fcz,755,98,0,0,True,0.8170994,0.027283702,0.15168247,0.0039344863
21,7,none,fcz,756,98,0,2,False,0.09906841,0.3605738,0.5382466,0.0021111732
21,7,none,fcz,757,98,1,2,False,0.08347449,0.29952377,0.48196042,0.1350413
21,7,none,fcz,758,98,0,2,False,0.22179762,0.159141,0.5333687,0.08569269
21,7,none,fcz,759,98,3,3,True,0.04193943,0.004847377,0.028658459,0.9245547
21,7,none,fcz,760,98,2,2,True,0.10504455,0.060160138,0.78208166,0.05271359
21,7,none,fcz,761,98,3,3,True,0.021078493,0.037470445,0.17627297,0.7651781
21,7,none,fcz,762,98,2,1,False,0.2972246,0.40187117,0.29648545,0.004418848
21,7,none,fcz,763,98,2,0,False,0.5818978,0.075030655,0.30560213,0.037469495
21,7,none,fcz,764,98,3,2,False,0.038585454,0.16718122,0.60839987,0.18583338
21,7,none,fcz,765,98,2,2,True,0.051344484,0.009518694,0.92269707,0.016439702
21,7,none,fcz,766,98,3,2,False,0.104823776,0.11879562,0.6480843,0.1282963
21,7,none,fcz,767,98,2,2,True,0.05597476,0.004110392,0.91499245,0.024922326
21,7,none,fcz,768,98,3,3,True,0.096707195,0.06840598,0.037373964,0.7975129
21,7,none,fcz,769,98,3,3,True,0.16859901,0.036806833,0.29672033,0.4978738
21,7,none,fcz,770,98,2,2,True,0.04502536,0.016138034,0.90851176,0.030324835
21,7,none,fcz,771,98,2,2,True,0.2681371,0.01767203,0.5929638,0.12122706
21,7,none,fcz,772,98,3,0,False,0.77386546,0.054492235,0.11191726,0.059725154
21,7,none,fcz,773,98,3,2,False,0.17017967,0.07390448,0.66156155,0.09435427
21,7,none,fcz,774,98,1,1,True,0.012305371,0.8851866,0.09726289,0.005245082
21,7,none,fcz,775,98,0,0,True,0.4551078,0.09304282,0.43499523,0.01685415
21,7,none,fcz,776,98,0,0,True,0.54757994,0.02394322,0.4140174,0.014459392
21,7,none,fcz,777,98,1,2,False,0.10727347,0.38099802,0.39941245,0.11231611
21,7,none,fcz,778,98,0,0,True,0.90395564,0.028970003,0.057134427,0.009939966
21,7,none,fcz,779,98,1,2,False,0.0701192,0.22693515,0.65163916,0.05130651
21,7,none,fcz,780,98,1,2,False,0.07006634,0.28960547,0.44263226,0.19769594
21,7,none,fcz,781,98,0,0,True,0.8754656,0.0074261827,0.08924291,0.027865347
21,7,none,fcz,782,98,0,0,True,0.70983666,0.12912636,0.14436467,0.016672295
21,7,none,fcz,783,98,1,1,True,0.16973102,0.4484421,0.27828363,0.10354326
21,7,none,fcz,784,98,0,0,True,0.7015621,0.014227594,0.24103776,0.04317251
21,7,none,fcz,785,98,1,1,True,0.034893468,0.6601017,0.29604465,0.008960143
21,7,none,fcz,786,98,1,1,True,0.091318354,0.43628982,0.20589145,0.2665004
21,7,none,fcz,787,98,0,0,True,0.981781,0.004168055,0.010884609,0.0031663636
21,7,none,fcz,788,98,0,2,False,0.04224373,0.016491469,0.91531765,0.025947135
21,7,none,fcz,789,98,3,3,True,0.257579,0.10640068,0.2211786,0.41484168
21,7,none,fcz,790,98,2,2,True,0.34177434,0.017027384,0.6189892,0.022208989
21,7,none,fcz,791,98,3,2,False,0.17333436,0.04131616,0.4825412,0.30280825
21,7,none,fcz,792,98,2,2,True,0.018748326,0.03036051,0.9499027,0.0009884161
21,7,none,fcz,793,98,2,0,False,0.54133314,0.10149792,0.33138463,0.025784299
21,7,none,fcz,794,98,3,3,True,0.20111848,0.15482798,0.07796425,0.5660892
21,7,none,fcz,795,98,2,2,True,0.23302878,0.123287335,0.60349554,0.04018834
21,7,none,fcz,796,98,3,3,True,0.09123119,0.010259264,0.039182074,0.8593275
21,7,none,fcz,797,98,3,3,True,0.0936194,0.007713836,0.42504072,0.47362605
21,7,none,fcz,798,98,2,2,True,0.09233973,0.056314234,0.6715633,0.1797827
21,7,none,fcz,799,98,2,2,True,0.034070507,0.051370714,0.90756863,0.0069900863
21,7,none,fcz,800,98,3,2,False,0.31703573,0.21411937,0.4626434,0.006201486
21,7,none,fcz,801,98,2,3,False,0.19184463,0.10379224,0.2735224,0.43084073
21,7,none,fcz,802,98,3,3,True,0.07575384,0.033475015,0.11548049,0.77529067
21,7,none,fcz,803,98,3,2,False,0.38993526,0.018809795,0.45229405,0.13896085
21,7,none,fcz,804,98,0,2,False,0.40346462,0.111579925,0.4529326,0.032022793
21,7,none,fcz,805,98,1,0,False,0.4616689,0.07679624,0.11256986,0.34896496
21,7,none,fcz,806,98,1,0,False,0.3856959,0.24270512,0.2620121,0.109586924
21,7,none,fcz,807,98,0,0,True,0.45991638,0.20850493,0.30615428,0.025424372
21,7,none,fcz,808,98,0,1,False,0.22086507,0.7055383,0.063354254,0.010242407
21,7,none,fcz,809,98,1,3,False,0.2985274,0.06256655,0.07194731,0.5669587
21,7,none,fcz,810,98,1,0,False,0.43585607,0.117199935,0.2729408,0.17400317
21,7,none,fcz,811,98,0,0,True,0.61101264,0.028795224,0.2748603,0.08533192
21,7,none,fcz,812,98,0,0,True,0.4225423,0.41958785,0.13132736,0.026542442
21,7,none,fcz,813,98,1,0,False,0.9863603,0.0073135705,0.0029813363,0.0033448185
21,7,none,fcz,814,98,0,2,False,0.3225476,0.17817594,0.40908775,0.09018863
21,7,none,fcz,815,98,1,0,False,0.7563456,0.1253903,0.086326234,0.031937834
21,7,none,fcz,816,98,1,0,False,0.6314942,0.03088897,0.18465006,0.15296671
21,7,none,fcz,817,98,0,2,False,0.102701455,0.14699528,0.7133011,0.037002116
21,7,none,fcz,818,98,1,2,False,0.249086,0.33080944,0.3733005,0.046804063
21,7,none,fcz,819,98,2,0,False,0.6473418,0.06351705,0.23712164,0.052019462
21,7,none,fcz,820,98,3,1,False,0.009140657,0.9742854,0.015258267,0.0013156421
21,7,none,fcz,821,98,3,1,False,0.123291224,0.45999944,0.28834835,0.12836102
21,7,none,fcz,822,98,2,0,False,0.6802086,0.010498537,0.22563739,0.083655484
21,7,none,fcz,823,98,2,0,False,0.47472355,0.032950316,0.4251337,0.067192346
21,7,none,fcz,824,98,3,2,False,0.0380848,0.12532385,0.69165677,0.14493458
21,7,none,fcz,825,98,3,2,False,0.10594756,0.011185035,0.6371583,0.24570914
21,7,none,fcz,826,98,2,2,True,0.23252821,0.094276704,0.5698723,0.1033228
21,7,none,fcz,827,98,3,3,True,0.27104917,0.23416863,0.13261284,0.36216936
21,7,none,fcz,828,98,2,2,True,0.3606142,0.08574858,0.5444145,0.009222701
21,7,none,fcz,829,98,3,0,False,0.41513708,0.048084944,0.37060118,0.16617674
21,7,none,fcz,830,98,2,0,False,0.65318394,0.026078848,0.18050504,0.14023222
21,7,none,fcz,831,98,3,2,False,0.12443816,0.07443917,0.4091396,0.39198306
21,7,none,fcz,832,98,2,0,False,0.7347274,0.032298557,0.20788012,0.025093932
21,7,none,fcz,833,98,3,1,False,0.22604482,0.73121494,0.026404344,0.016335927
21,7,none,fcz,834,99,1,1,True,0.17402372,0.57163113,0.157502,0.096843176
21,7,none,fcz,835,99,0,2,False,0.3635765,0.01104127,0.61606663,0.009315583
21,7,none,fcz,836,99,0,0,True,0.8783048,0.044304475,0.027674891,0.049715888
21,7,none,fcz,837,99,1,3,False,0.15809566,0.2090712,0.009941391,0.6228918
21,7,none,fcz,838,99,0,1,False,0.09731499,0.5669315,0.23184551,0.10390799
21,7,none,fcz,839,99,1,0,False,0.8037764,0.04833521,0.018858131,0.1290303
21,7,none,fcz,840,99,1,2,False,0.13030072,0.109519295,0.5715036,0.18867643
21,7,none,fcz,841,99,0,2,False,0.26532373,0.10753582,0.40684775,0.22029269
21,7,none,fcz,842,99,0,3,False,0.29149827,0.14305146,0.13878796,0.42666233
21,7,none,fcz,843,99,1,2,False,0.026226634,0.001820068,0.68769145,0.28426185
21,7,none,fcz,844,99,1,1,True,0.0021889855,0.9883525,0.008540443,0.00091809966
21,7,none,fcz,845,99,0,2,False,0.22177224,0.21722187,0.35626626,0.20473963
21,7,none,fcz,846,99,1,2,False,0.042450212,0.38145193,0.5213712,0.054726694
21,7,none,fcz,847,99,0,0,True,0.6533671,0.0056452984,0.23997979,0.10100782
21,7,none,fcz,848,99,1,1,True,0.054302778,0.6257462,0.18493126,0.13501972
21,7,none,fcz,849,99,3,1,False,0.11746173,0.4555014,0.31289414,0.114142664
21,7,none,fcz,850,99,2,3,False,0.2401245,0.09889072,0.1540762,0.5069086
21,7,none,fcz,851,99,3,2,False,0.2020442,0.09935402,0.64611435,0.052487437
21,7,none,fcz,852,99,2,2,True,0.16222619,0.008933835,0.8215327,0.0073073017
21,7,none,fcz,853,99,3,0,False,0.4149413,0.06038889,0.2961392,0.22853065
21,7,none,fcz,854,99,2,2,True,0.25564247,0.031080613,0.7045944,0.008682526
21,7,none,fcz,855,99,3,1,False,0.26798615,0.442497,0.27584657,0.013670347
21,7,none,fcz,856,99,2,2,True,0.3149144,0.026467342,0.3934243,0.26519394
21,7,none,fcz,857,99,2,0,False,0.3877189,0.33810964,0.09050879,0.18366273
21,7,none,fcz,858,99,3,0,False,0.9219828,0.015210075,0.045834687,0.016972438
21,7,none,fcz,859,99,3,3,True,0.18208016,0.05328879,0.1773816,0.58724946
21,7,none,fcz,860,99,2,0,False,0.41460514,0.17094934,0.048333205,0.36611232
21,7,none,fcz,861,99,2,2,True,0.34828883,0.02673619,0.60435236,0.020622645
21,7,none,fcz,862,99,3,3,True,0.038749963,0.016741356,0.18695167,0.75755703
21,7,none,fcz,863,99,3,3,True,0.36902037,0.1218605,0.11137002,0.39774913
21,7,none,fcz,864,99,0,0,True,0.9296146,0.0011480591,0.050747655,0.018489609
21,7,none,fcz,865,99,1,0,False,0.5977134,0.0554925,0.24025923,0.1065349
21,7,none,fcz,866,99,0,0,True,0.6289758,0.13275433,0.014669206,0.22360067
21,7,none,fcz,867,99,1,0,False,0.55953485,0.28687304,0.05591761,0.09767454
21,7,none,fcz,868,99,1,1,True,0.009480951,0.8579004,0.011700866,0.12091784
21,7,none,fcz,869,99,0,0,True,0.8597146,0.0070146513,0.081326954,0.05194383
21,7,none,fcz,870,99,1,0,False,0.6923658,0.18619207,0.11369459,0.0077475393
21,7,none,fcz,871,99,0,0,True,0.82831156,0.0027669151,0.09482577,0.07409568
21,7,none,fcz,872,99,1,0,False,0.44815,0.33820024,0.16191365,0.051736075
21,7,none,fcz,873,99,0,0,True,0.80501354,0.0009048908,0.011681286,0.18240035
21,7,none,fcz,874,99,1,0,False,0.7193513,0.017284509,0.045518648,0.21784553
21,7,none,fcz,875,99,0,2,False,0.32021558,0.022111464,0.5493054,0.10836758
21,7,none,fcz,876,99,1,2,False,0.4498805,0.019824322,0.50257486,0.027720334
21,7,none,fcz,877,99,0,0,True,0.7560871,0.09488732,0.078242995,0.07078262
21,7,none,fcz,878,99,0,0,True,0.9920391,0.00052487093,0.0050922306,0.0023438192
21,7,none,fcz,879,99,2,3,False,0.32159978,0.04680856,0.23632543,0.3952662
21,7,none,fcz,880,99,3,2,False,0.0069728903,0.009803627,0.7964807,0.1867428
21,7,none,fcz,881,99,2,3,False,0.25885397,0.34553793,0.03934112,0.356267
21,7,none,fcz,882,99,3,0,False,0.51438874,0.049187258,0.2737431,0.16268088
21,7,none,fcz,883,99,3,0,False,0.891484,0.024739632,0.07819473,0.0055816215
21,7,none,fcz,884,99,2,0,False,0.77098864,0.015969293,0.21061003,0.0024319673
21,7,none,fcz,885,99,3,0,False,0.59656984,0.025457392,0.27909893,0.09887386
21,7,none,fcz,886,99,2,0,False,0.77802336,0.0046025724,0.15027347,0.06710059
21,7,none,fcz,887,99,2,1,False,0.15062068,0.81296843,0.0024003836,0.03401062
21,7,none,fcz,888,99,3,0,False,0.8529223,0.013538625,0.025544832,0.10799425
21,7,none,fcz,889,99,2,3,False,0.43816867,0.010590094,0.014863462,0.5363777
21,7,none,fcz,890,99,3,2,False,0.102857225,0.067124575,0.49383277,0.33618546
21,7,none,fcz,891,99,2,3,False,0.11095899,0.01864856,0.3244764,0.545916
21,7,none,fcz,892,99,3,2,False,0.26632407,0.03391793,0.45313984,0.24661812
21,7,none,fcz,893,99,3,2,False,0.17457291,0.046506446,0.597196,0.18172465
21,7,none,fcz,894,99,0,0,True,0.86143106,0.017013226,0.114529975,0.007025668
21,7,none,fcz,895,99,1,0,False,0.9210678,0.004762609,0.012448907,0.061720848
21,7,none,fcz,896,99,0,0,True,0.7538557,0.10482708,0.12937562,0.011941598
21,7,none,fcz,897,99,1,1,True,0.2506659,0.55045056,0.16487513,0.034008376
21,7,none,fcz,898,99,1,1,True,0.027196439,0.913744,0.021753779,0.037305925
21,7,none,fcz,899,99,0,0,True,0.6846811,0.013369611,0.22194533,0.08000399
21,7,none,fcz,900,99,0,2,False,0.16593982,0.033943236,0.74602693,0.05409009
21,7,none,fcz,901,99,1,1,True,0.008376867,0.52455634,0.15132128,0.31574556
21,7,none,fcz,902,99,0,2,False,0.14407669,0.29958928,0.5231421,0.033191964
21,7,none,fcz,903,99,1,0,False,0.48586994,0.12602748,0.0160681,0.37203443
21,7,none,fcz,904,99,1,2,False,0.31083307,0.08615744,0.31525588,0.28775355
21,7,none,fcz,905,99,0,2,False,0.3821109,0.10480096,0.45336074,0.05972745
21,7,none,fcz,906,99,0,0,True,0.8078435,0.004476473,0.07359698,0.114083156
21,7,none,fcz,907,99,1,2,False,0.3054897,0.09465351,0.42428216,0.17557465
21,7,none,fcz,908,99,1,2,False,0.105194524,0.05276755,0.7215166,0.12052134
21,7,none,fcz,909,99,2,3,False,0.043345425,0.031740785,0.3972575,0.5276563
21,7,none,fcz,910,99,3,1,False,0.091166,0.69890225,0.075271465,0.1346603
21,7,none,fcz,911,99,2,2,True,0.043000832,0.03696764,0.89820224,0.0218293
21,7,none,fcz,912,99,3,2,False,0.0123478845,0.03503354,0.94143856,0.011180061
21,7,none,fcz,913,99,3,2,False,0.28580797,0.0666434,0.5232428,0.12430589
21,7,none,fcz,914,99,2,2,True,0.16400036,0.025366941,0.52665794,0.28397474
21,7,none,fcz,915,99,2,3,False,0.034535624,0.0678196,0.2955181,0.60212666
21,7,none,fcz,916,99,3,2,False,0.13863017,0.09497784,0.48789972,0.2784923
21,7,none,fcz,917,99,3,0,False,0.7303264,0.0025054503,0.22524498,0.04192315
21,7,none,fcz,918,99,2,0,False,0.7321687,0.004017099,0.23759961,0.026214557
21,7,none,fcz,919,99,3,0,False,0.5730952,0.20035358,0.08467964,0.14187154
21,7,none,fcz,920,99,2,2,True,0.2659797,0.037799645,0.62506884,0.07115189
21,7,none,fcz,921,99,3,2,False,0.060893048,0.15898351,0.6921434,0.08798006
21,7,none,fcz,922,99,2,1,False,0.08734523,0.4527206,0.4432323,0.016701812
21,7,none,fcz,923,99,3,3,True,0.106402226,0.04764248,0.052524805,0.7934305
21,7,none,fcz,924,100,0,0,True,0.8564776,0.016801056,0.12560563,0.0011156579
21,7,none,fcz,925,100,1,3,False,0.022417733,0.35655394,0.17751147,0.44351688
21,7,none,fcz,926,100,1,1,True,0.005937926,0.9643846,0.017786974,0.011890566
21,7,none,fcz,927,100,0,1,False,0.09819038,0.5092292,0.2918525,0.10072793
21,7,none,fcz,928,100,0,0,True,0.99140036,0.000910532,0.0033983497,0.0042908476
21,7,none,fcz,929,100,1,2,False,0.19357215,0.24963446,0.41087988,0.1459136
21,7,none,fcz,930,100,0,0,True,0.99693406,4.3279048e-05,0.0020667375,0.00095593365
21,7,none,fcz,931,100,1,2,False,0.12632123,0.1480481,0.64126813,0.08436254
21,7,none,fcz,932,100,1,1,True,0.00068575004,0.98752594,0.011680582,0.0001076779
21,7,none,fcz,933,100,0,2,False,0.11553951,0.0280803,0.80806774,0.04831242
21,7,none,fcz,934,100,1,1,True,0.010316938,0.65198004,0.3098066,0.02789651
21,7,none,fcz,935,100,0,0,True,0.5449299,0.0036677662,0.4414004,0.010001944
21,7,none,fcz,936,100,3,3,True,0.22267641,0.009864639,0.009723467,0.75773543
21,7,none,fcz,937,100,2,2,True,0.42202118,0.055723477,0.49817598,0.024079375
21,7,none,fcz,938,100,3,3,True,0.42554,0.03425726,0.022515094,0.5176877
21,7,none,fcz,939,100,2,2,True,0.1641427,0.29075995,0.4892172,0.05588013
21,7,none,fcz,940,100,3,0,False,0.6154675,0.0053371103,0.25617966,0.12301569
21,7,none,fcz,941,100,2,2,True,0.28837213,0.07258382,0.6350783,0.003965779
21,7,none,fcz,942,100,3,0,False,0.5546208,0.2231639,0.1049055,0.11730981
21,7,none,fcz,943,100,2,2,True,0.08739519,0.008637951,0.9014787,0.0024881472
21,7,none,fcz,944,100,3,2,False,0.1431107,0.01266634,0.82339597,0.020827044
21,7,none,fcz,945,100,2,2,True,0.064189374,0.06029605,0.87476593,0.00074862695
21,7,none,fcz,946,100,3,1,False,0.0038673922,0.885082,0.045054026,0.06599661
21,7,none,fcz,947,100,2,2,True,0.3414931,0.01669403,0.63355184,0.008261063
21,7,none,fcz,948,100,1,1,True,0.0039699054,0.95422,0.041553736,0.00025630742
21,7,none,fcz,949,100,0,0,True,0.7146665,0.031564485,0.24444887,0.009320136
21,7,none,fcz,950,100,0,0,True,0.8859542,0.016358033,0.047352996,0.05033474
21,7,none,fcz,951,100,1,1,True,0.10304129,0.607669,0.26027548,0.029014243
21,7,none,fcz,952,100,1,1,True,0.30181316,0.5886917,0.07025641,0.03923872
21,7,none,fcz,953,100,0,2,False,0.19578002,0.11525085,0.6816422,0.00732697
21,7,none,fcz,954,100,0,0,True,0.85057855,0.0944695,0.021391911,0.033560008
21,7,none,fcz,955,100,1,1,True,0.003977956,0.97306937,0.016644683,0.006308009
21,7,none,fcz,956,100,1,1,True,0.048670445,0.88830954,0.024439452,0.038580574
21,7,none,fcz,957,100,0,1,False,0.024066862,0.72359884,0.21979319,0.032541115
21,7,none,fcz,958,100,0,0,True,0.91034305,0.031500828,0.05314637,0.0050097927
21,7,none,fcz,959,100,1,1,True,0.002703681,0.9883913,0.007818997,0.0010861441
21,7,none,fcz,960,100,3,3,True,0.14146519,0.030970663,0.39318752,0.4343766
21,7,none,fcz,961,100,2,2,True,0.058069658,0.0037938408,0.91965747,0.018479
21,7,none,fcz,962,100,2,2,True,0.108010545,0.011666484,0.8680717,0.012251278
21,7,none,fcz,963,100,3,3,True,0.3102149,0.20201889,0.1124049,0.37536132
21,7,none,fcz,964,100,2,1,False,0.28482264,0.36866245,0.3401308,0.006384128
21,7,none,fcz,965,100,3,0,False,0.96158314,0.0018136025,0.0090327505,0.027570559
21,7,none,fcz,966,100,2,2,True,0.050651964,0.19094336,0.73848015,0.019924471
21,7,none,fcz,967,100,3,0,False,0.8446779,0.026145592,0.052366722,0.076809764
21,7,none,fcz,968,100,2,0,False,0.7472991,0.08660318,0.16371171,0.0023860445
21,7,none,fcz,969,100,3,1,False,0.044019815,0.6620802,0.19351918,0.10038082
21,7,none,fcz,970,100,2,0,False,0.69491655,0.045412537,0.11438848,0.14528248
21,7,none,fcz,971,100,3,0,False,0.544235,0.19375387,0.15937427,0.10263686
21,7,none,fcz,972,100,1,1,True,0.0039766706,0.9768174,0.009342763,0.009863149
21,7,none,fcz,973,100,0,0,True,0.9649205,0.015563124,0.012248515,0.007267937
21,7,none,fcz,974,100,0,2,False,0.005113993,0.010978141,0.8309376,0.15297021
21,7,none,fcz,975,100,1,2,False,0.14133224,0.0068692626,0.82665825,0.02514017
21,7,none,fcz,976,100,1,1,True,0.0009058416,0.9871063,0.01164977,0.00033803793
21,7,none,fcz,977,100,0,0,True,0.99887615,4.46765e-05,0.0009838501,9.5430376e-05
21,7,none,fcz,978,100,0,0,True,0.7062117,0.0072068116,0.27697766,0.009603827
21,7,none,fcz,979,100,1,1,True,0.063822545,0.8505245,0.0066835256,0.07896947
21,7,none,fcz,980,100,1,1,True,0.010198792,0.49442264,0.46087834,0.034500137
21,7,none,fcz,981,100,0,0,True,0.7009076,0.014794791,0.28202662,0.002271026
21,7,none,fcz,982,100,0,0,True,0.599016,0.068613626,0.24222912,0.09014119
21,7,none,fcz,983,100,1,1,True,0.017707221,0.89502037,0.059319656,0.027952747
21,7,none,fcz,984,100,2,2,True,0.1692991,0.022583218,0.77601737,0.03210035
21,7,none,fcz,985,100,3,2,False,0.020389449,0.025076905,0.6802625,0.27427113
21,7,none,fcz,986,100,2,3,False,0.15437157,0.043236453,0.23569983,0.5666921
21,7,none,fcz,987,100,3,1,False,0.016244376,0.5093977,0.15252899,0.32182893
21,7,none,fcz,988,100,3,1,False,0.07601102,0.5721543,0.08828981,0.26354492
21,7,none,fcz,989,100,2,0,False,0.5604387,0.059069924,0.37975514,0.0007362152
21,7,none,fcz,990,100,2,2,True,0.13828151,0.07733624,0.7424134,0.041968804
21,7,none,fcz,991,100,3,2,False,0.036674846,0.07557656,0.76679635,0.12095231
21,7,none,fcz,992,100,3,3,True,0.0040937504,0.14996864,0.24394986,0.6019877
21,7,none,fcz,993,100,2,2,True,0.20490642,0.35008648,0.37634787,0.06865918
21,7,none,fcz,994,100,2,2,True,0.10864006,0.06908498,0.67498183,0.14729306
21,7,none,fcz,995,100,3,3,True,0.012043454,0.036612965,0.15327626,0.7980673
21,7,none,fcz,996,101,0,0,True,0.802464,0.022390803,0.17049794,0.0046472647
21,7,none,fcz,997,101,1,1,True,0.0010228485,0.9931092,0.0030052357,0.002862606
21,7,none,fcz,998,101,1,1,True,0.23598436,0.7401758,0.018386874,0.005453099
21,7,none,fcz,999,101,0,0,True,0.99929523,0.00062373694,2.356728e-05,5.738332e-05
21,7,none,fcz,1000,101,1,1,True,0.0027240394,0.99649113,0.00024401194,0.00054087344
21,7,none,fcz,1001,101,0,0,True,0.99986637,7.471404e-05,5.637076e-05,2.4843239e-06
21,7,none,fcz,1002,101,1,1,True,0.0007625967,0.99908805,8.248122e-06,0.00014112623
21,7,none,fcz,1003,101,0,0,True,0.9999106,7.488241e-05,1.3329571e-05,1.2041488e-06
21,7,none,fcz,1004,101,1,1,True,0.0007321081,0.9989807,5.9335493e-05,0.00022776266
21,7,none,fcz,1005,101,0,0,True,0.9981845,0.0017560399,5.579882e-05,3.6071065e-06
21,7,none,fcz,1006,101,0,0,True,0.9987374,0.00092020625,0.00030502919,3.734244e-05
21,7,none,fcz,1007,101,1,1,True,0.0003302583,0.9991346,0.00037823373,0.00015691752
21,7,none,fcz,1008,101,1,1,True,0.0017211159,0.99471056,0.0030064692,0.0005617829
21,7,none,fcz,1009,101,0,0,True,0.9989544,4.945371e-05,0.00073216256,0.0002640316
21,7,none,fcz,1010,101,0,0,True,0.99958295,9.310278e-05,0.00027646258,4.7517253e-05
21,7,none,fcz,1011,101,2,1,False,0.030827742,0.8592384,0.109712325,0.00022160102
21,7,none,fcz,1012,101,3,1,False,0.15287122,0.82007277,0.018663421,0.008392576
21,7,none,fcz,1013,101,2,0,False,0.7576477,0.015308203,0.205056,0.021988032
21,7,none,fcz,1014,101,3,0,False,0.6768381,0.15747023,0.01746681,0.14822498
21,7,none,fcz,1015,101,3,2,False,0.17840905,0.29788652,0.4162045,0.10749993
21,7,none,fcz,1016,101,2,0,False,0.6833031,0.089134775,0.20760766,0.01995445
21,7,none,fcz,1017,101,2,1,False,0.024548886,0.6694156,0.29597315,0.010062352
21,7,none,fcz,1018,101,3,1,False,0.3749676,0.44791976,0.031531833,0.14558074
21,7,none,fcz,1019,101,2,1,False,0.28943732,0.5157446,0.19120534,0.003612698
21,7,none,fcz,1020,101,3,0,False,0.6607419,0.101019025,0.014206279,0.22403285
21,7,none,fcz,1021,101,3,3,True,0.106631674,0.1050368,0.33905894,0.4492726
21,7,none,fcz,1022,101,2,1,False,0.2856249,0.7077354,0.0053809816,0.0012587429
21,7,none,fcz,1023,101,2,0,False,0.8605631,0.046241485,0.09232758,0.00086787675
21,7,none,fcz,1024,101,3,3,True,0.20663823,0.19119595,0.005571208,0.5965946
21,7,none,fcz,1025,101,2,0,False,0.66710377,0.109322645,0.21750961,0.006063911
21,7,none,fcz,1026,101,1,1,True,0.022128966,0.9670988,0.008057392,0.0027149208
21,7,none,fcz,1027,101,0,0,True,0.9994091,0.00025248888,0.0003255313,1.303575e-05
21,7,none,fcz,1028,101,0,0,True,0.9964288,0.0027898531,0.0007138718,6.7500354e-05
21,7,none,fcz,1029,101,1,1,True,0.47886398,0.50726867,0.006146081,0.00772128
21,7,none,fcz,1030,101,1,1,True,9.524764e-05,0.9989906,0.00073141605,0.0001826244
21,7,none,fcz,1031,101,0,0,True,0.9994617,0.00013237986,0.0003971201,8.848673e-06
21,7,none,fcz,1032,101,0,0,True,0.9996425,0.0003246647,1.7348017e-05,1.5507345e-05
21,7,none,fcz,1033,101,1,1,True,0.0016672385,0.9975828,0.00072830246,2.1632255e-05
21,7,none,fcz,1034,101,1,1,True,0.018769905,0.981055,0.000108607586,6.6417146e-05
21,7,none,fcz,1035,101,0,0,True,0.9998822,3.318413e-05,1.622643e-05,6.837324e-05
21,7,none,fcz,1036,101,1,1,True,0.009970986,0.98734194,0.0014354187,0.0012516661
21,7,none,fcz,1037,101,0,0,True,0.9998907,0.00010181958,5.7626653e-06,1.8260199e-06
21,7,none,fcz,1038,101,1,1,True,0.008446499,0.99114674,0.0002957,0.00011108777
21,7,none,fcz,1039,101,0,0,True,0.9718929,0.013550897,0.0055200094,0.00903622
21,7,none,fcz,1040,101,1,1,True,0.38401794,0.4066874,0.1676797,0.041614998
21,7,none,fcz,1041,101,2,0,False,0.77386934,0.061267756,0.16435805,0.0005049347
21,7,none,fcz,1042,101,3,0,False,0.5994134,0.1484728,0.15245013,0.09966366
21,7,none,fcz,1043,101,2,1,False,0.07555433,0.872984,0.04981399,0.0016475626
21,7,none,fcz,1044,101,3,0,False,0.6603405,0.1341735,0.0017769933,0.20370907
21,7,none,fcz,1045,101,3,0,False,0.9428959,0.022913933,0.010618454,0.02357166
21,7,none,fcz,1046,101,2,1,False,0.3654097,0.5711789,0.058205,0.005206409
21,7,none,fcz,1047,101,2,0,False,0.87186193,0.053532094,0.073619515,0.000986546
21,7,none,fcz,1048,101,3,0,False,0.63170147,0.25997856,0.0073427376,0.100977175
21,7,none,fcz,1049,101,3,0,False,0.69381446,0.020600276,0.030445786,0.2551394
21,7,none,fcz,1050,101,2,0,False,0.7625972,0.21265797,0.013743175,0.011001692
21,7,none,fcz,1051,101,2,2,True,0.03858851,0.03281113,0.9281238,0.00047667287
21,7,none,fcz,1052,101,3,0,False,0.560738,0.3510428,0.013958136,0.074260965
21,7,none,fcz,1053,101,2,0,False,0.9304568,0.018015249,0.046650127,0.004877775
21,7,none,fcz,1054,101,3,0,False,0.75631547,0.015626471,0.08247302,0.14558502
21,7,none,fcz,1055,101,2,1,False,0.10472075,0.84562194,0.021126388,0.028530857
21,7,none,fcz,1056,101,0,0,True,0.9993461,0.00027481557,0.00036815458,1.0996858e-05
21,7,none,fcz,1057,101,1,1,True,0.066120625,0.90768325,0.024869807,0.0013263277
21,7,none,fcz,1058,101,0,0,True,0.9991972,0.00022348926,0.0005668465,1.2460583e-05
21,7,none,fcz,1059,101,1,1,True,0.25278807,0.71512383,0.007864161,0.024223976
21,7,none,fcz,1060,101,1,1,True,0.035271324,0.9101817,0.005261336,0.049285542
21,7,none,fcz,1061,101,0,0,True,0.9959008,0.003368329,0.00035734844,0.0003735349
21,7,none,fcz,1062,101,1,1,True,0.00088118314,0.99910337,4.770279e-06,1.0659094e-05
21,7,none,fcz,1063,101,0,0,True,0.99987245,0.000118665106,7.204623e-06,1.6831276e-06
21,7,none,fcz,1064,101,1,1,True,0.001544533,0.9965168,0.001537962,0.00040075148
21,7,none,fcz,1065,101,0,0,True,0.9986759,0.0005641432,0.00021127555,0.00054863875
21,7,none,fcz,1066,101,1,1,True,0.005908135,0.9894845,0.0019380334,0.0026693614
21,7,none,fcz,1067,101,0,0,True,0.99975175,2.785848e-05,8.821952e-05,0.00013219357
21,7,none,fcz,1068,101,0,0,True,0.9856296,0.013558722,0.0007418649,6.977531e-05
21,7,none,fcz,1069,101,1,1,True,0.0075240764,0.98769975,0.0005517422,0.0042244056
21,7,none,fcz,1070,101,1,1,True,0.002346446,0.9894823,0.007868384,0.0003028878
21,7,none,fcz,1071,101,3,3,True,0.09099699,0.05503415,0.0025273478,0.8514415
21,7,none,fcz,1072,101,2,2,True,0.06706617,0.05242607,0.8668913,0.013616475
21,7,none,fcz,1073,101,3,0,False,0.5960225,0.19281784,0.070933625,0.140226
21,7,none,fcz,1074,101,2,2,True,0.33033904,0.03935228,0.5975471,0.032761555
21,7,none,fcz,1075,101,2,1,False,0.3433963,0.39526585,0.24910857,0.01222925
21,7,none,fcz,1076,101,3,0,False,0.51320237,0.4050758,0.008653005,0.07306881
21,7,none,fcz,1077,101,3,0,False,0.6632551,0.057883557,0.011948193,0.26691312
21,7,none,fcz,1078,101,2,3,False,0.23762515,0.20025583,0.06406487,0.49805418
21,7,none,fcz,1079,101,2,2,True,0.043337483,0.017294766,0.93832165,0.0010461322
21,7,none,fcz,1080,101,3,0,False,0.55768555,0.1684387,0.048858095,0.22501765
21,7,none,fcz,1081,101,3,3,True,0.36363018,0.067697674,0.058739625,0.5099325
21,7,none,fcz,1082,101,2,1,False,0.32698876,0.38676465,0.13193086,0.15431575
21,7,none,fcz,1083,101,3,0,False,0.4443933,0.38099015,0.008811848,0.16580474
21,7,none,fcz,1084,101,2,1,False,0.018689938,0.3933471,0.26693308,0.32102984
21,7,none,fcz,1085,101,2,1,False,0.028186465,0.7589769,0.1853296,0.027507018
21,7,none,fcz,1086,102,1,1,True,0.0021135758,0.987015,0.00972914,0.0011422465
21,7,none,fcz,1087,102,0,0,True,0.86903006,0.03988608,0.08081857,0.010265297
21,7,none,fcz,1088,102,1,1,True,0.008479631,0.5558681,0.4148424,0.020809947
21,7,none,fcz,1089,102,0,0,True,0.98654014,0.004476347,0.00566653,0.0033169761
21,7,none,fcz,1090,102,1,1,True,0.06744915,0.5083044,0.41775396,0.0064925198
21,7,none,fcz,1091,102,0,0,True,0.8415059,0.032912947,0.10129422,0.024286957
21,7,none,fcz,1092,102,0,0,True,0.99038005,0.0018935372,0.007373241,0.00035329134
21,7,none,fcz,1093,102,1,0,False,0.39653724,0.18308586,0.29744425,0.12293269
21,7,none,fcz,1094,102,0,0,True,0.8391837,0.036202934,0.10199376,0.022619648
21,7,none,fcz,1095,102,1,2,False,0.084907815,0.19378386,0.7159413,0.005367028
21,7,none,fcz,1096,102,0,0,True,0.8694489,0.010039719,0.09394329,0.026568139
21,7,none,fcz,1097,102,1,2,False,0.024753345,0.24368209,0.7240356,0.007528847
21,7,none,fcz,1098,102,0,0,True,0.4528144,0.15455623,0.22847706,0.16415228
21,7,none,fcz,1099,102,1,2,False,0.16060671,0.1337274,0.69461465,0.011051216
21,7,none,fcz,1100,102,1,1,True,0.0051905927,0.9919234,0.0028295987,5.636178e-05
21,7,none,fcz,1101,102,2,2,True,0.120626494,0.3745818,0.44643718,0.058354516
21,7,none,fcz,1102,102,3,3,True,0.28610727,0.11584543,0.18843992,0.40960735
21,7,none,fcz,1103,102,2,1,False,0.18398485,0.42833588,0.32778037,0.05989885
21,7,none,fcz,1104,102,3,1,False,0.29921344,0.29924107,0.24545889,0.15608665
21,7,none,fcz,1105,102,2,0,False,0.6161199,0.05381348,0.3210132,0.009053366
21,7,none,fcz,1106,102,3,3,True,0.134891,0.1363222,0.29713166,0.43165514
21,7,none,fcz,1107,102,2,2,True,0.18097186,0.022362413,0.75977063,0.03689512
21,7,none,fcz,1108,102,3,3,True,0.18420494,0.10650319,0.20366527,0.5056266
21,7,none,fcz,1109,102,3,3,True,0.37152484,0.030542737,0.10792927,0.4900032
21,7,none,fcz,1110,102,2,2,True,0.12546113,0.045265857,0.8246555,0.0046175583
21,7,none,fcz,1111,102,3,2,False,0.029764548,0.1527597,0.67861754,0.13885821
21,7,none,fcz,1112,102,2,2,True,0.2772121,0.0130798565,0.5909489,0.118759155
21,7,none,fcz,1113,102,2,2,True,0.06957475,0.07074266,0.8442782,0.0154044805
21,7,none,fcz,1114,102,3,0,False,0.7207839,0.05334111,0.16595057,0.05992444
21,7,none,fcz,1115,102,2,2,True,0.042301033,0.20596744,0.6500104,0.10172108
21,7,none,fcz,1116,102,1,1,True,0.0014598896,0.9844417,0.013496495,0.00060191745
21,7,none,fcz,1117,102,0,0,True,0.37918428,0.2904087,0.16387646,0.16653058
21,7,none,fcz,1118,102,1,1,True,0.037047,0.60133165,0.2549964,0.10662499
21,7,none,fcz,1119,102,0,0,True,0.71803284,0.03621736,0.20823981,0.03750993
21,7,none,fcz,1120,102,0,0,True,0.9170548,0.03160769,0.04492688,0.006410731
21,7,none,fcz,1121,102,1,2,False,0.0433,0.17466486,0.77337176,0.008663401
21,7,none,fcz,1122,102,0,0,True,0.34711307,0.24015392,0.30954915,0.1031838
21,7,none,fcz,1123,102,1,2,False,0.17131265,0.25447062,0.5365921,0.037624594
21,7,none,fcz,1124,102,0,0,True,0.55615103,0.012946963,0.41821393,0.012688133
21,7,none,fcz,1125,102,1,2,False,0.2091832,0.13092057,0.5940119,0.06588433
21,7,none,fcz,1126,102,1,1,True,0.0012694211,0.99584526,0.0014941175,0.001391211
21,7,none,fcz,1127,102,0,2,False,0.33991903,0.07306074,0.46460408,0.12241612
21,7,none,fcz,1128,102,1,1,True,0.0006793516,0.99487275,0.004177815,0.00027009883
21,7,none,fcz,1129,102,0,0,True,0.3449051,0.17073473,0.29314873,0.19121145
21,7,none,fcz,1130,102,1,0,False,0.42994305,0.26563957,0.23364253,0.07077485
21,7,none,fcz,1131,102,2,2,True,0.011975299,0.05444718,0.9305424,0.003035147
21,7,none,fcz,1132,102,3,2,False,0.018455612,0.20998605,0.5760432,0.19551516
21,7,none,fcz,1133,102,3,2,False,0.034433328,0.04303036,0.5763752,0.34616116
21,7,none,fcz,1134,102,2,2,True,0.021185786,0.042542867,0.9263868,0.009884653
21,7,none,fcz,1135,102,2,1,False,0.09954329,0.57607514,0.2612434,0.063138165
21,7,none,fcz,1136,102,3,2,False,0.031457026,0.023964817,0.8690875,0.0754907
21,7,none,fcz,1137,102,3,2,False,0.110736065,0.21991846,0.48188508,0.18746038
21,7,none,fcz,1138,102,2,2,True,0.0028885875,0.044593047,0.94891804,0.0036004328
21,7,none,fcz,1139,102,2,2,True,0.10217837,0.09044152,0.7836391,0.023740998
21,7,none,fcz,1140,102,3,2,False,0.21488088,0.097456686,0.5040309,0.18363152
21,7,none,fcz,1141,102,2,2,True,0.011831892,0.053488657,0.5407557,0.39392382
21,7,none,fcz,1142,102,3,3,True,0.014758365,0.15284501,0.33328277,0.4991139
21,7,none,fcz,1143,102,3,2,False,0.046110243,0.0027756903,0.71533686,0.23577721
21,7,none,fcz,1144,102,2,2,True,0.2985962,0.14792468,0.31510386,0.23837526
21,7,none,fcz,1145,102,2,2,True,0.010957386,0.11441749,0.8462595,0.028365545
21,7,none,fcz,1146,102,0,2,False,0.29545772,0.025902908,0.64363503,0.035004277
21,7,none,fcz,1147,102,1,1,True,0.0021836706,0.9869877,0.0099868765,0.00084182224
21,7,none,fcz,1148,102,0,2,False,0.11643617,0.04354187,0.76251805,0.07750395
21,7,none,fcz,1149,102,1,1,True,0.0036862127,0.97718436,0.015562916,0.0035665394
21,7,none,fcz,1150,102,1,2,False,0.021463806,0.10939243,0.8629542,0.006189522
21,7,none,fcz,1151,102,0,2,False,0.23090366,0.124615,0.570656,0.07382539
21,7,none,fcz,1152,102,0,2,False,0.121497676,0.07804269,0.7787965,0.021663107
21,7,none,fcz,1153,102,1,1,True,0.059811845,0.7067386,0.16630246,0.067147106
21,7,none,fcz,1154,102,0,2,False,0.14594838,0.23626477,0.5990597,0.018727196
21,7,none,fcz,1155,102,1,2,False,0.20350689,0.10368768,0.5737317,0.11907372
21,7,none,fcz,1156,102,1,1,True,0.0031082174,0.8662032,0.057090893,0.07359769
21,7,none,fcz,1157,102,0,3,False,0.18454067,0.23994745,0.19170015,0.3838117
21,7,none,fcz,1158,102,1,2,False,0.28703666,0.29161176,0.33194256,0.089409
21,7,none,fcz,1159,102,0,0,True,0.49627584,0.059933808,0.32562265,0.118167646
21,7,none,fcz,1160,102,0,0,True,0.9317255,0.011708476,0.015225275,0.041340746
21,7,none,fcz,1161,102,2,2,True,0.012771254,0.049907073,0.93338,0.0039416566
21,7,none,fcz,1162,102,3,3,True,0.11476189,0.110627055,0.21623307,0.558378
21,7,none,fcz,1163,102,3,3,True,0.036236588,0.08902629,0.06134167,0.8133955
21,7,none,fcz,1164,102,2,2,True,0.17235617,0.26216152,0.50419295,0.06128941
21,7,none,fcz,1165,102,2,2,True,0.010918391,0.023036147,0.74973047,0.21631503
21,7,none,fcz,1166,102,3,0,False,0.59069693,0.014930656,0.123319186,0.2710532
21,7,none,fcz,1167,102,2,2,True,0.2000912,0.03950103,0.7248216,0.03558617
21,7,none,fcz,1168,102,3,3,True,0.2658416,0.0723235,0.30938312,0.3524518
21,7,none,fcz,1169,102,2,2,True,0.13490386,0.20000196,0.47177625,0.19331798
21,7,none,fcz,1170,102,3,2,False,0.066888444,0.06039683,0.7757082,0.09700656
21,7,none,fcz,1171,102,2,1,False,0.02795506,0.6550524,0.23025349,0.08673895
21,7,none,fcz,1172,102,3,3,True,0.02238911,0.015541384,0.20236754,0.75970197
21,7,none,fcz,1173,102,2,2,True,0.1795956,0.36526132,0.38833636,0.06680672
21,7,none,fcz,1174,102,3,2,False,0.15106004,0.045322787,0.68322843,0.120388746
21,7,none,fcz,1175,102,3,3,True,0.09598619,0.26345134,0.076395474,0.56416696
21,7,none,fcz,1176,103,0,0,True,0.73722583,0.0045264377,0.09952146,0.15872625
21,7,none,fcz,1177,103,1,1,True,0.01608897,0.65019196,0.2608435,0.072875574
21,7,none,fcz,1178,103,1,1,True,0.008795459,0.6215401,0.35802594,0.0116384
21,7,none,fcz,1179,103,0,1,False,0.0399541,0.71324927,0.06461113,0.18218552
21,7,none,fcz,1180,103,1,1,True,0.18757136,0.77800244,0.02284057,0.011585736
21,7,none,fcz,1181,103,0,0,True,0.5985083,0.054942977,0.046695784,0.29985297
21,7,none,fcz,1182,103,0,0,True,0.99609214,4.3739547e-05,0.003468445,0.0003956862
21,7,none,fcz,1183,103,1,1,True,0.023374306,0.88061535,0.09379937,0.0022110161
21,7,none,fcz,1184,103,0,0,True,0.8438961,0.018126998,0.12565348,0.012323503
21,7,none,fcz,1185,103,1,1,True,0.26858038,0.5624867,0.16134483,0.0075880503
21,7,none,fcz,1186,103,0,0,True,0.8405584,0.02235213,0.13581659,0.0012728628
21,7,none,fcz,1187,103,1,0,False,0.84246653,0.013897244,0.13626611,0.0073700626
21,7,none,fcz,1188,103,1,1,True,0.04551372,0.5934147,0.24593769,0.115133904
21,7,none,fcz,1189,103,0,0,True,0.4790531,0.047703676,0.472876,0.00036716825
21,7,none,fcz,1190,103,1,1,True,0.035185702,0.42636582,0.41200757,0.12644093
21,7,none,fcz,1191,103,3,2,False,0.0066549703,0.08388401,0.71225464,0.19720647
21,7,none,fcz,1192,103,2,2,True,0.09628329,0.0026134842,0.8939297,0.007173548
21,7,none,fcz,1193,103,2,2,True,0.15634857,0.040829614,0.695223,0.10759872
21,7,none,fcz,1194,103,3,0,False,0.8386189,0.013029662,0.025924986,0.1224265
21,7,none,fcz,1195,103,2,0,False,0.4437844,0.18678896,0.08704681,0.28237984
21,7,none,fcz,1196,103,3,2,False,0.34235427,0.15242714,0.38791475,0.11730393
21,7,none,fcz,1197,103,3,2,False,0.23826718,0.019968497,0.71217626,0.029588098
21,7,none,fcz,1198,103,2,2,True,0.011201498,0.0020099457,0.9862411,0.00054743147
21,7,none,fcz,1199,103,2,2,True,0.21641752,0.06449848,0.718333,0.0007509565
21,7,none,fcz,1200,103,3,1,False,0.40197077,0.50056833,0.0103329,0.08712796
21,7,none,fcz,1201,103,3,2,False,0.048831996,0.22267021,0.6792709,0.049226873
21,7,none,fcz,1202,103,2,2,True,0.048590276,0.005497076,0.9457621,0.00015053953
21,7,none,fcz,1203,103,3,0,False,0.68462414,0.13986747,0.14520437,0.030304054
21,7,none,fcz,1204,103,2,1,False,0.12914117,0.53583694,0.32524657,0.009775383
21,7,none,fcz,1205,103,2,1,False,0.065783285,0.7636601,0.13075282,0.03980388
21,7,none,fcz,1206,103,1,2,False,0.10263169,0.04246952,0.8542335,0.0006652875
21,7,none,fcz,1207,103,0,0,True,0.71433896,0.019766008,0.13252644,0.13336863
21,7,none,fcz,1208,103,1,2,False,0.01220697,0.3727241,0.6114909,0.003578089
21,7,none,fcz,1209,103,0,0,True,0.7166079,0.026042935,0.23794591,0.019403256
21,7,none,fcz,1210,103,0,0,True,0.96855754,0.0011818298,0.015488513,0.014772069
21,7,none,fcz,1211,103,1,2,False,0.010976626,0.43093333,0.45840245,0.09968761
21,7,none,fcz,1212,103,1,3,False,0.07164565,0.31623203,0.026277147,0.5858452
21,7,none,fcz,1213,103,0,0,True,0.9394501,0.0346251,0.020355506,0.005569269
21,7,none,fcz,1214,103,0,0,True,0.56081,0.17812403,0.25947642,0.0015895236
21,7,none,fcz,1215,103,1,0,False,0.8236219,0.005991428,0.1642678,0.0061189337
21,7,none,fcz,1216,103,1,1,True,0.0126783755,0.96695316,0.018327653,0.0020407254
21,7,none,fcz,1217,103,0,0,True,0.8956315,0.00884207,0.08100379,0.014522636
21,7,none,fcz,1218,103,0,0,True,0.7124329,0.0021284088,0.28469256,0.0007461367
21,7,none,fcz,1219,103,1,2,False,0.13361545,0.15036926,0.71560186,0.00041340486
21,7,none,fcz,1220,103,0,0,True,0.78410816,0.0060276035,0.2078634,0.0020007452
21,7,none,fcz,1221,103,2,2,True,0.023250641,0.011643888,0.9588466,0.0062588453
21,7,none,fcz,1222,103,3,2,False,0.013127868,0.0018619561,0.90363866,0.0813715
21,7,none,fcz,1223,103,2,2,True,0.06399056,0.10868766,0.826907,0.00041479702
21,7,none,fcz,1224,103,3,2,False,0.08552393,0.012623703,0.8659171,0.03593536
21,7,none,fcz,1225,103,3,3,True,0.21234548,0.018088732,0.054824214,0.7147416
21,7,none,fcz,1226,103,2,0,False,0.504518,0.10105068,0.28317735,0.11125399
21,7,none,fcz,1227,103,3,0,False,0.5439051,0.108553514,0.2616086,0.08593279
21,7,none,fcz,1228,103,2,0,False,0.401436,0.21973933,0.33222067,0.04660395
21,7,none,fcz,1229,103,3,3,True,0.39753342,0.050206102,0.041486137,0.5107744
21,7,none,fcz,1230,103,2,2,True,0.17006312,0.024813034,0.77438426,0.030739605
21,7,none,fcz,1231,103,2,2,True,0.11569708,0.014402677,0.86692554,0.00297467
21,7,none,fcz,1232,103,3,2,False,0.45525336,0.048344795,0.47816706,0.018234795
21,7,none,fcz,1233,103,3,0,False,0.46857905,0.33153132,0.17209528,0.027794406
21,7,none,fcz,1234,103,2,2,True,0.40480366,0.1296414,0.4347045,0.03085043
21,7,none,fcz,1235,103,3,2,False,0.019849436,0.045092378,0.83345085,0.101607285
21,7,none,fcz,1236,103,1,1,True,0.07852804,0.73142695,0.1777882,0.012256826
21,7,none,fcz,1237,103,0,0,True,0.46005577,0.0023179818,0.40667352,0.13095272
21,7,none,fcz,1238,103,0,0,True,0.92117727,0.007011684,0.033873517,0.037937544
21,7,none,fcz,1239,103,1,2,False,0.042405773,0.13838874,0.7620062,0.05719925
21,7,none,fcz,1240,103,1,1,True,0.02636903,0.68024886,0.058391843,0.23499031
21,7,none,fcz,1241,103,0,2,False,0.23236491,0.0069637853,0.70876867,0.051902648
21,7,none,fcz,1242,103,1,1,True,0.005766637,0.82849056,0.022330951,0.14341177
21,7,none,fcz,1243,103,0,2,False,0.41482136,0.0010267188,0.5835113,0.0006406702
21,7,none,fcz,1244,103,0,0,True,0.7175265,0.028337518,0.17561089,0.07852517
21,7,none,fcz,1245,103,1,2,False,0.12419425,0.3657367,0.41982293,0.090246186
21,7,none,fcz,1246,103,0,0,True,0.79218876,0.008294137,0.19097833,0.0085387165
21,7,none,fcz,1247,103,1,0,False,0.52520394,0.27982524,0.14456655,0.050404213
21,7,none,fcz,1248,103,1,1,True,0.07565464,0.71628875,0.20247431,0.0055823126
21,7,none,fcz,1249,103,0,0,True,0.98408866,0.0033365428,0.012173766,0.00040114563
21,7,none,fcz,1250,103,1,0,False,0.4697009,0.38154468,0.048715003,0.1000394
21,7,none,fcz,1251,103,3,3,True,0.030767426,0.02542024,0.046012316,0.8978
21,7,none,fcz,1252,103,2,1,False,0.020796109,0.64172816,0.31402093,0.023454728
21,7,none,fcz,1253,103,3,1,False,0.17602912,0.5641558,0.06279487,0.1970202
21,7,none,fcz,1254,103,2,0,False,0.61005485,0.09034563,0.12986735,0.16973215
21,7,none,fcz,1255,103,2,2,True,0.08800649,0.32858083,0.56839794,0.015014788
21,7,none,fcz,1256,103,3,1,False,0.35294285,0.44202727,0.08125474,0.1237752
21,7,none,fcz,1257,103,2,1,False,0.2830346,0.67175734,0.012299922,0.032908097
21,7,none,fcz,1258,103,3,1,False,0.33550557,0.6178204,0.013383768,0.03329028
21,7,none,fcz,1259,103,2,2,True,0.036685992,0.009191944,0.9506529,0.003469124
21,7,none,fcz,1260,103,3,2,False,0.14527474,0.21434836,0.4079805,0.2323964
21,7,none,fcz,1261,103,3,3,True,0.040878113,0.16179912,0.14927451,0.6480483
21,7,none,fcz,1262,103,2,2,True,0.016430758,0.11518389,0.86711603,0.0012692655
21,7,none,fcz,1263,103,2,2,True,0.062279124,0.018068045,0.9188629,0.0007899845
21,7,none,fcz,1264,103,3,3,True,0.24912684,0.018926403,0.00639375,0.725553
21,7,none,fcz,1265,103,3,3,True,0.0058231135,0.17061196,0.08274992,0.740815
21,7,none,fcz,1266,104,0,0,True,0.55340487,0.354229,0.06445321,0.027912911
21,7,none,fcz,1267,104,1,1,True,0.07054185,0.9243034,0.0045119245,0.0006428173
21,7,none,fcz,1268,104,1,2,False,0.31989446,0.1150983,0.52347726,0.04152994
21,7,none,fcz,1269,104,0,0,True,0.45171872,0.40005764,0.01105225,0.13717145
21,7,none,fcz,1270,104,1,1,True,0.12689255,0.61139536,0.16971284,0.09199928
21,7,none,fcz,1271,104,0,2,False,0.13706133,0.1564235,0.6886926,0.017822614
21,7,none,fcz,1272,104,1,1,True,0.3877503,0.47045237,0.091480255,0.050317112
21,7,none,fcz,1273,104,0,2,False,0.39196864,0.1363113,0.438203,0.03351711
21,7,none,fcz,1274,104,0,1,False,0.13411242,0.692143,0.17219314,0.0015514308
21,7,none,fcz,1275,104,1,1,True,0.13454983,0.53285414,0.31548548,0.017110562
21,7,none,fcz,1276,104,0,1,False,0.16511865,0.47672394,0.3495566,0.008600821
21,7,none,fcz,1277,104,1,1,True,0.038564295,0.5430149,0.15062594,0.26779494
21,7,none,fcz,1278,104,1,0,False,0.4900896,0.2272235,0.2599153,0.022771593
21,7,none,fcz,1279,104,0,0,True,0.6363899,0.11262342,0.22183192,0.029154703
21,7,none,fcz,1280,104,1,1,True,0.001364699,0.9845926,0.0016074994,0.012435191
21,7,none,fcz,1281,104,2,2,True,0.27744716,0.13953961,0.5479218,0.03509143
21,7,none,fcz,1282,104,3,2,False,0.15182455,0.2690457,0.40386453,0.17526518
21,7,none,fcz,1283,104,3,3,True,0.35490975,0.039012842,0.06200245,0.544075
21,7,none,fcz,1284,104,2,1,False,0.029243218,0.80505145,0.16383961,0.00186579
21,7,none,fcz,1285,104,3,2,False,0.42518845,0.081824265,0.46492514,0.0280621
21,7,none,fcz,1286,104,2,1,False,0.026625669,0.93321115,0.031114789,0.009048422
21,7,none,fcz,1287,104,2,2,True,0.14990099,0.3599729,0.37153947,0.11858669
21,7,none,fcz,1288,104,3,3,True,0.17693886,0.17452191,0.015822645,0.63271654
21,7,none,fcz,1289,104,2,1,False,0.02667123,0.87056285,0.10214774,0.00061814324
21,7,none,fcz,1290,104,3,1,False,0.13818677,0.40579748,0.368939,0.08707677
21,7,none,fcz,1291,104,3,3,True,0.15781592,0.06776585,0.2030695,0.5713488
21,7,none,fcz,1292,104,2,3,False,0.24832831,0.07587829,0.2004644,0.47532898
21,7,none,fcz,1293,104,3,3,True,0.16432448,0.1330165,0.020070227,0.6825888
21,7,none,fcz,1294,104,2,2,True,0.035069168,0.22210036,0.6723673,0.07046317
21,7,none,fcz,1295,104,3,0,False,0.6618281,0.09667899,0.12281968,0.1186732
21,7,none,fcz,1296,104,0,0,True,0.6279791,0.12622741,0.07992698,0.16586654
21,7,none,fcz,1297,104,1,1,True,0.10580213,0.7034254,0.16899242,0.02178005
21,7,none,fcz,1298,104,1,1,True,0.0031042485,0.99432063,0.0012405235,0.001334535
21,7,none,fcz,1299,104,0,0,True,0.9002388,0.028628659,0.06849998,0.0026324466
21,7,none,fcz,1300,104,0,0,True,0.9879788,0.004786092,0.004341023,0.0028940921
21,7,none,fcz,1301,104,1,1,True,0.0070365784,0.95154613,0.028115695,0.01330168
21,7,none,fcz,1302,104,0,0,True,0.70615596,0.24432775,0.032705545,0.016810747
21,7,none,fcz,1303,104,1,0,False,0.36863753,0.32629368,0.2803443,0.02472447
21,7,none,fcz,1304,104,0,0,True,0.7196023,0.124763764,0.15110601,0.0045278976
21,7,none,fcz,1305,104,1,1,True,0.36258987,0.5955201,0.030266464,0.0116235735
21,7,none,fcz,1306,104,1,1,True,0.00014738677,0.9476991,0.05109039,0.001063048
21,7,none,fcz,1307,104,0,0,True,0.977105,0.01798364,0.0046193725,0.00029195566
21,7,none,fcz,1308,104,3,3,True,0.021846356,0.28622583,0.17417885,0.51774895
21,7,none,fcz,1309,104,2,1,False,0.08183609,0.45796484,0.3193583,0.14084083
21,7,none,fcz,1310,104,3,0,False,0.40052295,0.1414887,0.09934376,0.35864463
21,7,none,fcz,1311,104,2,0,False,0.70818585,0.078706376,0.15734573,0.055762015
21,7,none,fcz,1312,104,3,0,False,0.59604985,0.1465641,0.013517189,0.24386898
21,7,none,fcz,1313,104,2,2,True,0.123892866,0.16765758,0.6984306,0.010018911
21,7,none,fcz,1314,104,3,3,True,0.10557461,0.28753817,0.26478115,0.3421061
21,7,none,fcz,1315,104,2,0,False,0.47748622,0.33312854,0.12332363,0.066061646
21,7,none,fcz,1316,104,3,2,False,0.08146578,0.24528702,0.6427044,0.0305428
21,7,none,fcz,1317,104,2,2,True,0.28497007,0.34732085,0.34753275,0.02017635
21,7,none,fcz,1318,104,2,2,True,0.24632569,0.12385405,0.613358,0.016462184
21,7,none,fcz,1319,104,3,2,False,0.35816443,0.090062775,0.45149028,0.10028255
21,7,none,fcz,1320,104,3,3,True,0.2797627,0.10133984,0.16221087,0.45668662
21,7,none,fcz,1321,104,2,2,True,0.103868194,0.38986373,0.5038147,0.0024533975
21,7,none,fcz,1322,104,2,2,True,0.15201384,0.020222094,0.82664645,0.0011177156
21,7,none,fcz,1323,104,0,0,True,0.69230986,0.090275414,0.19564635,0.021768397
21,7,none,fcz,1324,104,1,2,False,0.04420505,0.34929198,0.5751378,0.031365182
21,7,none,fcz,1325,104,0,2,False,0.23581347,0.026043538,0.7283443,0.00979871
21,7,none,fcz,1326,104,1,2,False,0.13738947,0.3382594,0.5074219,0.016929192
21,7,none,fcz,1327,104,0,2,False,0.20735249,0.09173932,0.68603146,0.014876745
21,7,none,fcz,1328,104,1,3,False,0.007702687,0.37568015,0.22875749,0.3878597
21,7,none,fcz,1329,104,0,0,True,0.9996164,4.868926e-05,0.00020646543,0.00012829722
21,7,none,fcz,1330,104,1,1,True,0.27354348,0.32690874,0.3173205,0.08222732
21,7,none,fcz,1331,104,1,1,True,0.07785245,0.8881398,0.030292546,0.003715259
21,7,none,fcz,1332,104,0,1,False,0.19863069,0.7716289,0.024997903,0.0047424273
21,7,none,fcz,1333,104,0,0,True,0.48239478,0.12509172,0.3779905,0.014523012
21,7,none,fcz,1334,104,1,0,False,0.42035696,0.3449316,0.19254334,0.042168114
21,7,none,fcz,1335,104,1,0,False,0.44885612,0.037552882,0.2604859,0.25310513
21,7,none,fcz,1336,104,0,0,True,0.73758537,0.009906803,0.24930188,0.003205902
21,7,none,fcz,1337,104,0,2,False,0.3501851,0.030304272,0.5952584,0.02425218
21,7,none,fcz,1338,104,2,2,True,0.0030155645,0.014201405,0.97615355,0.006629353
21,7,none,fcz,1339,104,3,1,False,0.17953655,0.46783897,0.34122944,0.011395129
21,7,none,fcz,1340,104,2,2,True,0.32646567,0.2973125,0.36593932,0.010282558
21,7,none,fcz,1341,104,3,3,True,0.11730074,0.079614304,0.12099793,0.68208706
21,7,none,fcz,1342,104,3,1,False,0.11059042,0.42441514,0.04120396,0.42379043
21,7,none,fcz,1343,104,2,2,True,0.026282305,0.07096974,0.9011873,0.0015607796
21,7,none,fcz,1344,104,3,3,True,0.0596143,0.027589748,0.033114824,0.87968117
21,7,none,fcz,1345,104,2,2,True,0.053023826,0.14434756,0.7799179,0.022710716
21,7,none,fcz,1346,104,3,0,False,0.6358892,0.07504872,0.22055168,0.0685104
21,7,none,fcz,1347,104,2,2,True,0.29838008,0.101054855,0.5948443,0.005720834
21,7,none,fcz,1348,104,3,2,False,0.010123483,0.31423408,0.42311156,0.2525308
21,7,none,fcz,1349,104,2,1,False,0.00965126,0.786943,0.16926937,0.03413635
21,7,none,fcz,1350,104,2,2,True,0.2140979,0.22284524,0.39015365,0.17290317
21,7,none,fcz,1351,104,3,0,False,0.32068056,0.2336094,0.25189987,0.19381024
21,7,none,fcz,1352,104,3,2,False,0.12412837,0.1623303,0.5135495,0.19999188
21,7,none,fcz,1353,105,0,0,True,0.9631371,0.00036063237,0.017691566,0.018810721
21,7,none,fcz,1354,105,1,1,True,0.001994892,0.8346151,0.14791031,0.015479783
21,7,none,fcz,1355,105,1,1,True,0.0035163572,0.91405946,0.06504311,0.01738106
21,7,none,fcz,1356,105,0,0,True,0.9215343,0.0006362559,0.026643772,0.051185615
21,7,none,fcz,1357,105,1,1,True,0.0015674353,0.6697071,0.31742722,0.011298312
21,7,none,fcz,1358,105,0,0,True,0.99973327,1.1388091e-06,0.00021442154,5.1077637e-05
21,7,none,fcz,1359,105,1,1,True,0.0019466894,0.9773119,0.0075916843,0.013149814
21,7,none,fcz,1360,105,0,0,True,0.98499584,0.00014523765,0.0030974383,0.011761478
21,7,none,fcz,1361,105,0,0,True,0.9919497,0.00010390507,0.005802934,0.0021433725
21,7,none,fcz,1362,105,1,3,False,0.020840488,0.4499027,0.0051923194,0.5240645
21,7,none,fcz,1363,105,1,1,True,0.0002761009,0.93237627,0.019234894,0.048112694
21,7,none,fcz,1364,105,0,0,True,0.9986979,0.00012960311,0.0003777322,0.00079464854
21,7,none,fcz,1365,105,1,2,False,0.02016755,0.14636096,0.78316563,0.050305773
21,7,none,fcz,1366,105,0,0,True,0.97552925,4.9247818e-05,0.019706504,0.0047150278
21,7,none,fcz,1367,105,0,0,True,0.8155899,0.0093102865,0.111383244,0.06371656
21,7,none,fcz,1368,105,3,3,True,0.018341647,0.003537998,0.014281806,0.9638386
21,7,none,fcz,1369,105,2,2,True,0.036783297,0.020013567,0.68770176,0.2555014
21,7,none,fcz,1370,105,2,3,False,0.0049517644,0.006386343,0.20451547,0.7841464
21,7,none,fcz,1371,105,3,3,True,0.0031698036,0.0048966804,0.26254377,0.7293897
21,7,none,fcz,1372,105,3,2,False,0.109960355,0.005939661,0.4707432,0.4133568
21,7,none,fcz,1373,105,2,2,True,0.012290151,0.010671623,0.7077379,0.26930037
21,7,none,fcz,1374,105,3,3,True,0.00985466,0.01611732,0.08331955,0.8907085
21,7,none,fcz,1375,105,2,2,True,0.021006597,0.0120073175,0.9473145,0.019671595
21,7,none,fcz,1376,105,3,2,False,0.027307987,0.21568011,0.46332574,0.29368615
21,7,none,fcz,1377,105,2,2,True,0.018873451,0.043949623,0.87237793,0.06479898
21,7,none,fcz,1378,105,3,2,False,0.07037965,0.0062456224,0.89025676,0.03311798
21,7,none,fcz,1379,105,2,3,False,0.0016219852,0.011404656,0.33402976,0.6529436
21,7,none,fcz,1380,105,3,3,True,0.0023381652,0.0015500669,0.06294689,0.93316483
21,7,none,fcz,1381,105,2,2,True,0.012062474,0.0043739853,0.96073866,0.02282481
21,7,none,fcz,1382,105,2,3,False,0.0024245838,0.017355567,0.4581889,0.52203095
21,7,none,fcz,1383,105,1,1,True,0.00014859247,0.9639451,0.033697866,0.0022085311
21,7,none,fcz,1384,105,0,2,False,0.040509965,0.0005058693,0.86645454,0.092529625
21,7,none,fcz,1385,105,1,1,True,0.0005666343,0.6062336,0.36875972,0.024440004
21,7,none,fcz,1386,105,0,3,False,0.27857724,0.00041495945,0.11919493,0.6018129
21,7,none,fcz,1387,105,0,2,False,0.25584447,0.00022023464,0.6901842,0.053751137
21,7,none,fcz,1388,105,1,1,True,0.015246702,0.8803089,0.09208439,0.012360057
21,7,none,fcz,1389,105,1,1,True,0.0005684934,0.940591,0.05864229,0.00019829079
21,7,none,fcz,1390,105,0,0,True,0.97586685,0.0012923062,0.020931149,0.0019096823
21,7,none,fcz,1391,105,0,0,True,0.89637434,0.0066713076,0.09426878,0.0026855308
21,7,none,fcz,1392,105,1,1,True,0.0026639432,0.60024476,0.39401594,0.0030754558
21,7,none,fcz,1393,105,0,0,True,0.95120525,0.0012770961,0.029462108,0.018055493
21,7,none,fcz,1394,105,1,1,True,0.008853736,0.9548485,0.035453964,0.000843666
21,7,none,fcz,1395,105,0,2,False,0.17284779,0.0014835679,0.8233195,0.0023491178
21,7,none,fcz,1396,105,1,1,True,0.00013745762,0.97388995,0.025649505,0.00032312513
21,7,none,fcz,1397,105,1,1,True,0.009298641,0.85722303,0.11264626,0.02083201
21,7,none,fcz,1398,105,3,2,False,0.0049799085,0.0020773853,0.9171844,0.07575836
21,7,none,fcz,1399,105,2,2,True,0.004383418,0.0072328835,0.9358258,0.05255781
21,7,none,fcz,1400,105,3,2,False,0.01803063,0.010556263,0.61691755,0.3544955
21,7,none,fcz,1401,105,2,2,True,0.0055502797,0.0027552512,0.98128456,0.010409898
21,7,none,fcz,1402,105,3,2,False,0.0036364654,0.008334548,0.9373467,0.05068228
21,7,none,fcz,1403,105,2,2,True,0.003500728,0.0039420826,0.97076595,0.021791289
21,7,none,fcz,1404,105,3,2,False,0.02543322,0.025304394,0.7322335,0.21702881
21,7,none,fcz,1405,105,2,3,False,0.18329273,0.030226056,0.25002965,0.5364516
21,7,none,fcz,1406,105,3,2,False,0.004925166,0.00069621793,0.897247,0.09713164
21,7,none,fcz,1407,105,2,2,True,0.0028858378,0.06591517,0.8769767,0.054222293
21,7,none,fcz,1408,105,2,2,True,0.022815527,0.27415136,0.39014903,0.31288406
21,7,none,fcz,1409,105,3,2,False,0.052084915,0.16288845,0.45009738,0.33492926
21,7,none,fcz,1410,105,3,3,True,0.009985962,0.04681545,0.16855548,0.77464306
21,7,none,fcz,1411,105,2,2,True,0.002194566,0.013287816,0.9580545,0.026463104
21,7,none,fcz,1412,105,2,2,True,0.0041343966,0.010574123,0.9784989,0.006792604
21,7,none,fcz,1413,105,1,3,False,0.00094796234,0.21725981,0.09121715,0.6905751
21,7,none,fcz,1414,105,0,0,True,0.8745631,0.0035729331,0.11689113,0.0049728267
21,7,none,fcz,1415,105,1,1,True,0.0017250248,0.66206306,0.2718445,0.06436736
21,7,none,fcz,1416,105,0,2,False,0.36175188,0.011261779,0.5786901,0.048296243
21,7,none,fcz,1417,105,1,1,True,0.0011933806,0.7372409,0.21587569,0.045689948
21,7,none,fcz,1418,105,0,2,False,0.1313916,0.0018123825,0.80221534,0.064580604
21,7,none,fcz,1419,105,1,2,False,0.034505773,0.23842968,0.6447158,0.08234877
21,7,none,fcz,1420,105,0,0,True,0.5732725,0.0062112343,0.38442627,0.036089994
21,7,none,fcz,1421,105,0,2,False,0.2645643,0.031516932,0.6463612,0.057557583
21,7,none,fcz,1422,105,1,1,True,0.045798387,0.5857225,0.35139227,0.017086903
21,7,none,fcz,1423,105,1,1,True,0.0009092965,0.9835006,0.0072434526,0.008346586
21,7,none,fcz,1424,105,0,0,True,0.8769486,0.00093459414,0.09420326,0.027913576
21,7,none,fcz,1425,105,1,2,False,0.0007760128,0.28685808,0.69265014,0.019715838
21,7,none,fcz,1426,105,0,2,False,0.01270187,0.00038667241,0.9800005,0.00691101
21,7,none,fcz,1427,105,0,2,False,0.12148615,0.003938186,0.5303043,0.34427133
21,7,none,fcz,1428,105,2,3,False,0.0062838597,0.029397326,0.19775756,0.76656127
21,7,none,fcz,1429,105,3,3,True,0.015922723,0.0075349403,0.38913214,0.5874102
21,7,none,fcz,1430,105,3,3,True,0.018390067,0.0147876255,0.4049978,0.5618245
21,7,none,fcz,1431,105,2,2,True,0.0016944866,0.0011316773,0.92129356,0.07588026
21,7,none,fcz,1432,105,3,3,True,0.021481935,0.024542628,0.46580502,0.48817042
21,7,none,fcz,1433,105,2,2,True,0.00804938,0.021058135,0.9494123,0.02148021
21,7,none,fcz,1434,105,3,2,False,0.019236142,0.02889351,0.7723121,0.1795582
21,7,none,fcz,1435,105,2,2,True,0.019803535,0.009332905,0.9434134,0.027450232
21,7,none,fcz,1436,105,3,2,False,0.0048194765,0.024735406,0.56952024,0.4009249
21,7,none,fcz,1437,105,2,2,True,0.0008550602,0.0021537957,0.99626094,0.00073019706
21,7,none,fcz,1438,105,2,2,True,0.0034229087,0.02110318,0.877627,0.0978469
21,7,none,fcz,1439,105,3,2,False,0.023212742,0.03915731,0.69228935,0.24534059
21,7,none,fcz,1440,105,2,2,True,0.00641685,0.009024169,0.9164999,0.06805904
21,7,none,fcz,1441,105,3,2,False,0.001299638,0.0007441729,0.97530884,0.022647366
21,7,none,fcz,1442,105,2,2,True,0.05391044,0.0062308786,0.55968815,0.38017052
21,7,none,fcz,1443,106,0,2,False,0.0036470823,0.0036508858,0.93564075,0.057061203
21,7,none,fcz,1444,106,1,2,False,0.008864449,0.31075385,0.6372553,0.04312639
21,7,none,fcz,1445,106,0,2,False,0.0025590558,0.005096206,0.97154385,0.020800892
21,7,none,fcz,1446,106,1,2,False,0.06103134,0.02396799,0.76708966,0.14791106
21,7,none,fcz,1447,106,0,2,False,0.012481843,0.0046096733,0.981921,0.0009874883
21,7,none,fcz,1448,106,1,2,False,0.0035815903,0.00258441,0.96775734,0.026076635
21,7,none,fcz,1449,106,0,2,False,0.1557184,0.08291247,0.55904675,0.20232232
21,7,none,fcz,1450,106,1,1,True,0.012665711,0.4416678,0.16005898,0.38560757
21,7,none,fcz,1451,106,0,1,False,0.2825899,0.38458887,0.23897241,0.0938488
21,7,none,fcz,1452,106,1,2,False,0.0152293155,0.035520915,0.92269576,0.02655407
21,7,none,fcz,1453,106,0,1,False,0.009326785,0.4573155,0.20367415,0.32968348
21,7,none,fcz,1454,106,1,2,False,0.0020550096,0.12047489,0.87700397,0.00046609962
21,7,none,fcz,1455,106,1,1,True,0.010801036,0.7061296,0.15595195,0.12711741
21,7,none,fcz,1456,106,0,0,True,0.8438218,0.0092831105,0.12912603,0.01776907
21,7,none,fcz,1457,106,0,0,True,0.9661619,0.0008222422,0.032606944,0.0004089048
21,7,none,fcz,1458,106,3,2,False,0.00720242,0.008104195,0.88091266,0.10378076
21,7,none,fcz,1459,106,2,3,False,0.004279866,0.05620434,0.40854287,0.5309729
21,7,none,fcz,1460,106,3,2,False,0.112925,0.079012215,0.54155177,0.26651105
21,7,none,fcz,1461,106,2,1,False,0.39517027,0.41909197,0.16380662,0.021931102
21,7,none,fcz,1462,106,2,2,True,0.013023345,0.053553708,0.8432845,0.09013841
21,7,none,fcz,1463,106,3,1,False,0.01967592,0.6751241,0.19171727,0.11348271
21,7,none,fcz,1464,106,3,3,True,0.029791614,0.098236494,0.39695826,0.47501364
21,7,none,fcz,1465,106,2,2,True,0.07558068,0.052378915,0.84696424,0.025076203
21,7,none,fcz,1466,106,3,1,False,0.023925126,0.7986845,0.13875301,0.03863744
21,7,none,fcz,1467,106,2,2,True,0.020845627,0.021667918,0.95518464,0.0023018455
21,7,none,fcz,1468,106,3,2,False,0.20673974,0.12383473,0.578962,0.090463504
21,7,none,fcz,1469,106,2,2,True,0.13454,0.38134927,0.4426316,0.0414791
21,7,none,fcz,1470,106,3,3,True,0.07029397,0.05927449,0.18481016,0.6856214
21,7,none,fcz,1471,106,2,3,False,0.3501727,0.13940567,0.114659674,0.395762
21,7,none,fcz,1472,106,3,3,True,0.11442915,0.048902947,0.35447872,0.4821892
21,7,none,fcz,1473,106,1,1,True,0.00017840555,0.9978084,0.0010354628,0.0009777324
21,7,none,fcz,1474,106,0,3,False,0.40715122,0.016105562,0.08509314,0.4916501
21,7,none,fcz,1475,106,1,2,False,0.008351694,0.06035294,0.92666477,0.0046306094
21,7,none,fcz,1476,106,0,2,False,0.05910243,0.101506546,0.8372848,0.0021062798
21,7,none,fcz,1477,106,0,3,False,0.19077659,0.13654573,0.12868577,0.5439919
21,7,none,fcz,1478,106,1,2,False,0.04887096,0.23967496,0.4238857,0.28756842
21,7,none,fcz,1479,106,1,1,True,0.0028450675,0.99281466,0.0007617929,0.0035783635
21,7,none,fcz,1480,106,0,2,False,0.18541427,0.043538038,0.7338013,0.03724636
21,7,none,fcz,1481,106,0,3,False,0.029715111,0.32434583,0.25722942,0.38870966
21,7,none,fcz,1482,106,1,1,True,0.09590466,0.48160535,0.4185272,0.0039628204
21,7,none,fcz,1483,106,1,1,True,0.0016805212,0.97012436,0.027062219,0.0011330285
21,7,none,fcz,1484,106,0,0,True,0.7696035,0.105533876,0.11075245,0.014110097
21,7,none,fcz,1485,106,0,2,False,0.040066138,0.14426607,0.70955557,0.10611221
21,7,none,fcz,1486,106,1,1,True,0.0020436342,0.98289365,0.013721928,0.0013408246
21,7,none,fcz,1487,106,0,2,False,0.015441117,0.33116767,0.46543047,0.18796067
21,7,none,fcz,1488,106,2,2,True,0.009304384,0.003423074,0.9842817,0.0029907778
21,7,none,fcz,1489,106,3,3,True,0.014462938,0.009779181,0.031480897,0.9442769
21,7,none,fcz,1490,106,2,2,True,0.05039462,0.27378824,0.58911455,0.08670261
21,7,none,fcz,1491,106,3,2,False,0.034124658,0.0004960809,0.87675047,0.08862883
21,7,none,fcz,1492,106,3,0,False,0.46786484,0.048813116,0.26990524,0.21341684
21,7,none,fcz,1493,106,2,2,True,0.106823415,0.029492833,0.84439707,0.019286606
21,7,none,fcz,1494,106,2,2,True,0.14481506,0.17179272,0.6625864,0.020805927
21,7,none,fcz,1495,106,3,0,False,0.67978173,0.05150026,0.21600768,0.052710287
21,7,none,fcz,1496,106,2,2,True,0.07451031,0.13344844,0.7896809,0.0023604243
21,7,none,fcz,1497,106,3,2,False,0.17204644,0.022188343,0.8017479,0.004017352
21,7,none,fcz,1498,106,3,2,False,0.08494313,0.10383226,0.7196422,0.091582395
21,7,none,fcz,1499,106,2,2,True,0.118714325,0.21773456,0.6258363,0.037714794
21,7,none,fcz,1500,106,2,2,True,0.0029576665,0.072819345,0.7195982,0.20462479
21,7,none,fcz,1501,106,3,3,True,0.012693658,0.017420271,0.18631428,0.78357184
21,7,none,fcz,1502,106,2,2,True,0.08831271,0.013821984,0.89682394,0.001041328
21,7,none,fcz,1503,106,1,1,True,0.010441983,0.8476823,0.13951209,0.0023636126
21,7,none,fcz,1504,106,0,2,False,0.17046303,0.17066383,0.6354797,0.023393415
21,7,none,fcz,1505,106,0,2,False,0.052825533,0.00883218,0.84237796,0.095964275
21,7,none,fcz,1506,106,1,2,False,0.23173705,0.01516077,0.7373013,0.015800789
21,7,none,fcz,1507,106,0,0,True,0.6842221,0.04400496,0.2464868,0.025286138
21,7,none,fcz,1508,106,1,1,True,0.0054844213,0.7773796,0.04016564,0.17697026
21,7,none,fcz,1509,106,0,2,False,0.25960028,0.21999575,0.34876508,0.17163882
21,7,none,fcz,1510,106,1,2,False,0.06910056,0.03260095,0.8958307,0.002467795
21,7,none,fcz,1511,106,1,1,True,0.0027640818,0.9883753,0.006538661,0.002321962
21,7,none,fcz,1512,106,0,0,True,0.9809095,0.0048317867,0.011716416,0.0025423006
21,7,none,fcz,1513,106,0,0,True,0.887547,0.0074445116,0.10428161,0.0007268648
21,7,none,fcz,1514,106,1,2,False,0.018261945,0.013343591,0.96561426,0.0027801788
21,7,none,fcz,1515,106,1,3,False,0.070500225,0.13453889,0.24714395,0.54781693
21,7,none,fcz,1516,106,0,0,True,0.7501106,0.0014791769,0.21635003,0.0320602
21,7,none,fcz,1517,106,0,0,True,0.5206634,0.097729154,0.06493726,0.31667024
21,7,none,fcz,1518,106,2,1,False,0.049299162,0.57989806,0.35031423,0.020488514
21,7,none,fcz,1519,106,3,2,False,0.21651669,0.18504572,0.4130002,0.18543737
21,7,none,fcz,1520,106,2,2,True,0.10354419,0.084993966,0.50006264,0.31139922
21,7,none,fcz,1521,106,3,2,False,0.049761206,0.0440769,0.8594694,0.04669248
21,7,none,fcz,1522,106,2,2,True,0.20006894,0.11750409,0.6032272,0.079199776
21,7,none,fcz,1523,106,3,2,False,0.16408671,0.020932076,0.6962393,0.11874194
21,7,none,fcz,1524,106,2,2,True,0.020456282,0.018688902,0.95363855,0.0072161816
21,7,none,fcz,1525,106,3,1,False,0.055271406,0.5709671,0.32144886,0.05231263
21,7,none,fcz,1526,106,2,2,True,0.00050102075,0.0042744167,0.9853983,0.009826252
21,7,none,fcz,1527,106,3,2,False,0.09099107,0.018207392,0.88609535,0.004706129
21,7,none,fcz,1528,106,3,0,False,0.7844851,0.016058402,0.10092747,0.09852908
21,7,none,fcz,1529,106,2,2,True,0.21986705,0.015940951,0.5553997,0.2087923
21,7,none,fcz,1530,106,3,0,False,0.5299059,0.030717382,0.42826453,0.01111213
21,7,none,fcz,1531,106,2,2,True,0.006319866,0.015618014,0.9711329,0.0069291634
21,7,none,fcz,1532,106,2,0,False,0.57047755,0.003971278,0.42200395,0.003547182
21,7,none,fcz,1533,107,1,1,True,0.0011032604,0.9933843,0.0017178706,0.0037945618
21,7,none,fcz,1534,107,0,1,False,0.30084345,0.43265784,0.22007772,0.04642097
21,7,none,fcz,1535,107,0,0,True,0.95069605,0.039038677,0.00835507,0.0019102194
21,7,none,fcz,1536,107,1,1,True,0.0006130486,0.97498417,0.0011684649,0.023234284
21,7,none,fcz,1537,107,0,0,True,0.8445277,0.15058744,0.002866849,0.0020178962
21,7,none,fcz,1538,107,1,1,True,0.0014718726,0.98766834,0.006986973,0.0038727748
21,7,none,fcz,1539,107,0,0,True,0.86063087,0.09463837,0.041165866,0.0035648793
21,7,none,fcz,1540,107,1,1,True,0.013239671,0.9843178,0.0018234252,0.00061910006
21,7,none,fcz,1541,107,0,0,True,0.9876523,0.004092294,0.0010332912,0.007222074
21,7,none,fcz,1542,107,1,1,True,0.062192842,0.9102111,0.009401652,0.018194452
21,7,none,fcz,1543,107,0,0,True,0.8523028,0.03301923,0.008480073,0.1061979
21,7,none,fcz,1544,107,1,1,True,0.048981607,0.5392035,0.09492555,0.31688935
21,7,none,fcz,1545,107,0,0,True,0.9750933,0.0017143402,0.009743278,0.01344916
21,7,none,fcz,1546,107,1,1,True,0.0059502046,0.7970729,0.015927149,0.18104969
21,7,none,fcz,1547,107,0,0,True,0.99822515,0.00039861564,0.0009232442,0.00045288698
21,7,none,fcz,1548,107,3,1,False,0.121142164,0.4998987,0.11143159,0.2675275
21,7,none,fcz,1549,107,2,1,False,0.026676325,0.6759033,0.2683572,0.029063137
21,7,none,fcz,1550,107,3,3,True,0.19156314,0.3606093,0.07768234,0.37014526
21,7,none,fcz,1551,107,2,1,False,0.07388566,0.7367617,0.12953271,0.059819974
21,7,none,fcz,1552,107,3,0,False,0.9668564,0.017646628,0.010967491,0.0045294217
21,7,none,fcz,1553,107,2,2,True,0.1897752,0.050961297,0.615298,0.14396554
21,7,none,fcz,1554,107,2,0,False,0.9177888,0.06443812,0.0011162731,0.016656771
21,7,none,fcz,1555,107,3,0,False,0.5967606,0.005915735,0.00034186878,0.39698178
21,7,none,fcz,1556,107,3,0,False,0.93166465,0.013266,0.052177325,0.0028919177
21,7,none,fcz,1557,107,2,1,False,0.17046614,0.49670663,0.24956787,0.0832593
21,7,none,fcz,1558,107,2,1,False,0.015382942,0.9778399,0.0040494804,0.0027276785
21,7,none,fcz,1559,107,3,0,False,0.58712924,0.37881622,0.007889254,0.026165264
21,7,none,fcz,1560,107,2,1,False,0.16640463,0.44369787,0.059655335,0.33024213
21,7,none,fcz,1561,107,3,1,False,0.22273536,0.39468795,0.085094415,0.2974823
21,7,none,fcz,1562,107,3,3,True,0.45869324,0.028266307,0.05363515,0.45940533
21,7,none,fcz,1563,107,1,1,True,0.22764263,0.52150637,0.018197559,0.23265342
21,7,none,fcz,1564,107,0,0,True,0.9734206,0.021214228,0.0020694095,0.003295807
21,7,none,fcz,1565,107,1,1,True,0.037187576,0.9328692,0.02203071,0.007912451
21,7,none,fcz,1566,107,0,0,True,0.92629427,0.047504652,0.0028354512,0.023365617
21,7,none,fcz,1567,107,1,1,True,0.0005931604,0.99881566,0.00048967084,0.00010146278
21,7,none,fcz,1568,107,0,0,True,0.70083815,0.089427784,0.09574249,0.11399159
21,7,none,fcz,1569,107,0,0,True,0.53070223,0.22047143,0.01662397,0.23220235
21,7,none,fcz,1570,107,1,0,False,0.34398314,0.04956175,0.29124337,0.3152117
21,7,none,fcz,1571,107,0,0,True,0.99475974,0.0028887792,0.0021632367,0.00018830544
21,7,none,fcz,1572,107,1,0,False,0.6390913,0.24582383,0.08435623,0.030728647
21,7,none,fcz,1573,107,0,0,True,0.55530816,0.22013785,0.090068094,0.13448593
21,7,none,fcz,1574,107,1,2,False,0.09607247,0.07460986,0.7557318,0.0735859
21,7,none,fcz,1575,107,1,2,False,0.04655092,0.109499976,0.8400633,0.00388591
21,7,none,fcz,1576,107,0,1,False,0.32877055,0.5993014,0.03883919,0.033088878
21,7,none,fcz,1577,107,0,0,True,0.8404127,0.04535998,0.01840878,0.09581858
21,7,none,fcz,1578,107,3,0,False,0.4246257,0.31008855,0.10222925,0.16305645
21,7,none,fcz,1579,107,2,3,False,0.30119193,0.034962904,0.046444472,0.61740065
21,7,none,fcz,1580,107,3,0,False,0.86438113,0.084287256,0.012482845,0.038848832
21,7,none,fcz,1581,107,2,1,False,0.1570081,0.5268055,0.19607937,0.120107055
21,7,none,fcz,1582,107,2,1,False,0.24418983,0.5971556,0.098483175,0.060171444
21,7,none,fcz,1583,107,3,0,False,0.7685971,0.009432517,0.026507406,0.19546294
21,7,none,fcz,1584,107,3,0,False,0.97213215,0.0130835185,0.009140766,0.005643546
21,7,none,fcz,1585,107,2,0,False,0.6359137,0.13507362,0.22354363,0.0054690284
21,7,none,fcz,1586,107,2,0,False,0.5235952,0.28969988,0.0064378344,0.18026704
21,7,none,fcz,1587,107,3,1,False,0.096968696,0.45646536,0.016589655,0.42997628
21,7,none,fcz,1588,107,2,2,True,0.1697801,0.14270939,0.6628428,0.024667675
21,7,none,fcz,1589,107,3,3,True,0.032629292,0.35141715,0.15942575,0.4565278
21,7,none,fcz,1590,107,3,1,False,0.29873037,0.5677512,0.04433678,0.08918166
21,7,none,fcz,1591,107,2,3,False,0.17289639,0.22896443,0.0032596148,0.59487957
21,7,none,fcz,1592,107,2,3,False,0.2145789,0.2782139,0.1422966,0.36491066
21,7,none,fcz,1593,107,0,0,True,0.97918725,0.010980582,0.004233501,0.005598625
21,7,none,fcz,1594,107,1,1,True,0.027416768,0.8804609,0.0011260777,0.09099616
21,7,none,fcz,1595,107,1,1,True,0.18582845,0.7319251,0.026783764,0.05546267
21,7,none,fcz,1596,107,0,0,True,0.90463734,0.078338206,0.00898614,0.008038265
21,7,none,fcz,1597,107,1,1,True,0.031026278,0.92611533,0.038726773,0.0041316557
21,7,none,fcz,1598,107,0,1,False,0.43915766,0.5124056,0.042232607,0.0062041357
21,7,none,fcz,1599,107,1,1,True,0.13563515,0.5627447,0.007818452,0.29380172
21,7,none,fcz,1600,107,0,1,False,0.04228256,0.83699656,0.095435865,0.025285088
21,7,none,fcz,1601,107,1,1,True,0.04572661,0.8699174,0.041483123,0.042873044
21,7,none,fcz,1602,107,0,1,False,0.029405424,0.56212556,0.014163803,0.39430514
21,7,none,fcz,1603,107,0,0,True,0.9642044,0.033151764,0.0006123314,0.0020316266
21,7,none,fcz,1604,107,1,1,True,0.36413527,0.63065493,0.00500318,0.00020668007
21,7,none,fcz,1605,107,0,3,False,0.29524955,0.19952308,0.083329506,0.42189783
21,7,none,fcz,1606,107,1,2,False,0.16504136,0.19618966,0.54570323,0.09306574
21,7,none,fcz,1607,107,0,1,False,0.005668558,0.97204465,0.0020806354,0.02020608
21,7,none,fcz,1608,107,3,0,False,0.60414505,0.11374812,0.26432908,0.017777743
21,7,none,fcz,1609,107,2,3,False,0.064232975,0.20970955,0.123506464,0.60255104
21,7,none,fcz,1610,107,2,0,False,0.89589757,0.07790289,0.01791343,0.008286117
21,7,none,fcz,1611,107,3,3,True,0.06927748,0.06918444,0.056729663,0.8048084
21,7,none,fcz,1612,107,2,1,False,0.38607788,0.609861,0.0021566919,0.0019044067
21,7,none,fcz,1613,107,3,0,False,0.94344825,0.035622414,0.010648207,0.010281117
21,7,none,fcz,1614,107,3,1,False,0.105934516,0.82083046,0.020890636,0.052344445
21,7,none,fcz,1615,107,2,1,False,0.08140177,0.6408767,0.24240968,0.035311803
21,7,none,fcz,1616,107,2,0,False,0.6052067,0.072482064,0.280204,0.04210726
21,7,none,fcz,1617,107,3,1,False,0.023567965,0.6969693,0.042261016,0.2372017
21,7,none,fcz,1618,107,2,0,False,0.31195453,0.28573972,0.29776853,0.10453721
21,7,none,fcz,1619,107,3,3,True,0.09579193,0.22214982,0.14883989,0.5332184
21,7,none,fcz,1620,107,2,3,False,0.057579964,0.25741157,0.11872767,0.5662808
21,7,none,fcz,1621,107,3,1,False,0.0051604356,0.6563684,0.07389122,0.26457998
21,7,none,fcz,1622,107,3,0,False,0.46120942,0.22379099,0.12566826,0.18933138
21,7,none,fcz,1623,108,0,0,True,0.9778741,9.002155e-05,0.0010926741,0.020943217
21,7,none,fcz,1624,108,1,1,True,3.736423e-05,0.9971487,0.00019765226,0.0026162656
21,7,none,fcz,1625,108,0,3,False,0.3467379,0.0048761885,0.0031020872,0.6452838
21,7,none,fcz,1626,108,1,0,False,0.37944996,0.29884988,0.0052156434,0.31648448
21,7,none,fcz,1627,108,0,0,True,0.9969375,0.0006320922,0.00032086959,0.0021094852
21,7,none,fcz,1628,108,1,1,True,0.00021883502,0.9987765,2.5427986e-05,0.0009791731
21,7,none,fcz,1629,108,1,1,True,0.00022475183,0.98814315,8.8523535e-05,0.011543648
21,7,none,fcz,1630,108,0,0,True,0.9579803,0.0011775173,0.0006653842,0.040176824
21,7,none,fcz,1631,108,0,0,True,0.99982184,1.062725e-05,1.23521495e-05,0.00015523097
21,7,none,fcz,1632,108,1,1,True,0.022128597,0.7345012,0.0011433752,0.24222687
21,7,none,fcz,1633,108,0,0,True,0.9977847,0.00024099926,0.0011003636,0.00087397144
21,7,none,fcz,1634,108,1,3,False,0.2545697,0.22939011,0.0113214115,0.5047188
21,7,none,fcz,1635,108,0,0,True,0.46844444,0.09864175,0.24223346,0.19068035
21,7,none,fcz,1636,108,1,1,True,0.08131187,0.80040675,0.05744713,0.060834277
21,7,none,fcz,1637,108,1,1,True,0.00044680422,0.954735,0.0004053249,0.04441295
21,7,none,fcz,1638,108,2,2,True,0.023624618,0.36518383,0.5353606,0.075831026
21,7,none,fcz,1639,108,3,3,True,0.0007189583,0.019970113,0.0070601837,0.97225076
21,7,none,fcz,1640,108,2,3,False,0.023520263,0.054450866,0.035020668,0.88700825
21,7,none,fcz,1641,108,3,3,True,0.0021646975,0.0372769,0.014026184,0.94653225
21,7,none,fcz,1642,108,3,3,True,0.005775706,0.02420166,0.009114125,0.9609085
21,7,none,fcz,1643,108,2,1,False,0.19517152,0.47219664,0.29353723,0.039094724
21,7,none,fcz,1644,108,2,3,False,0.29079908,0.010149977,0.13619594,0.56285495
21,7,none,fcz,1645,108,3,3,True,0.008908745,0.011629331,0.0053109983,0.9741509
21,7,none,fcz,1646,108,2,1,False,0.037900463,0.955355,0.001169614,0.0055748536
21,7,none,fcz,1647,108,3,3,True,0.103482395,0.13632685,0.00979544,0.75039536
21,7,none,fcz,1648,108,3,3,True,0.019535549,0.065584555,0.08542984,0.82945
21,7,none,fcz,1649,108,2,1,False,0.118897,0.5218786,0.1217754,0.23744898
21,7,none,fcz,1650,108,3,3,True,0.2592896,0.0042170584,0.012400602,0.72409266
21,7,none,fcz,1651,108,2,2,True,0.08614622,0.24534772,0.45578727,0.21271883
21,7,none,fcz,1652,108,3,3,True,0.07496547,0.01440737,0.06122433,0.84940284
21,7,none,fcz,1653,108,1,1,True,0.00066139456,0.53668463,0.4419625,0.020691449
21,7,none,fcz,1654,108,0,1,False,0.25442162,0.5828643,0.05644179,0.1062723
21,7,none,fcz,1655,108,1,2,False,0.034369115,0.28767714,0.5588422,0.11911162
21,7,none,fcz,1656,108,0,0,True,0.95681876,0.00040276328,0.0024866376,0.04029188
21,7,none,fcz,1657,108,0,0,True,0.9039747,0.0072742994,0.00071448,0.08803649
21,7,none,fcz,1658,108,1,1,True,0.0076489495,0.8813599,0.0066690706,0.10432207
21,7,none,fcz,1659,108,1,1,True,0.00708881,0.97165394,0.0056322548,0.015625017
21,7,none,fcz,1660,108,0,0,True,0.99554837,0.0011524903,0.0008995106,0.0023996788
21,7,none,fcz,1661,108,0,0,True,0.99583083,0.0005329449,0.0015544409,0.002081869
21,7,none,fcz,1662,108,1,1,True,0.00056040555,0.9896516,0.008026563,0.001761422
21,7,none,fcz,1663,108,1,1,True,0.00077711896,0.986371,0.0022050277,0.010646859
21,7,none,fcz,1664,108,0,0,True,0.8051168,0.0022819415,0.012647585,0.17995372
21,7,none,fcz,1665,108,1,2,False,0.026743654,0.30376646,0.6533447,0.016145194
21,7,none,fcz,1666,108,0,0,True,0.9513468,0.0040705246,0.010221793,0.034360867
21,7,none,fcz,1667,108,1,0,False,0.6307097,0.26979592,0.00421642,0.09527792
21,7,none,fcz,1668,108,3,3,True,0.0013633767,0.007322518,0.0010369715,0.9902772
21,7,none,fcz,1669,108,2,3,False,0.19073611,0.21299025,0.12641096,0.46986273
21,7,none,fcz,1670,108,3,3,True,0.099068545,0.017620211,0.017205048,0.86610615
21,7,none,fcz,1671,108,2,2,True,0.028347922,0.10300569,0.8422984,0.026348019
21,7,none,fcz,1672,108,2,2,True,0.044479378,0.27451035,0.37967137,0.30133894
21,7,none,fcz,1673,108,3,3,True,0.003467577,0.053787693,0.021869266,0.92087543
21,7,none,fcz,1674,108,2,2,True,0.0098502645,0.0894096,0.88873744,0.012002704
21,7,none,fcz,1675,108,3,1,False,0.040174026,0.5461306,0.29297522,0.12072017
21,7,none,fcz,1676,108,2,1,False,0.025267318,0.8919358,0.06747162,0.015325192
21,7,none,fcz,1677,108,3,3,True,0.079178415,0.2838564,0.1270168,0.50994843
21,7,none,fcz,1678,108,2,2,True,0.15669292,0.1599756,0.56584036,0.1174911
21,7,none,fcz,1679,108,3,0,False,0.4967258,0.08810296,0.13795531,0.27721593
21,7,none,fcz,1680,108,2,2,True,0.026648166,0.0014308334,0.8999634,0.071957596
21,7,none,fcz,1681,108,3,0,False,0.42964786,0.05768873,0.1587481,0.35391536
21,7,none,fcz,1682,108,3,2,False,0.13462855,0.012123471,0.46359912,0.38964885
21,7,none,fcz,1683,108,1,1,True,0.019331304,0.70175755,0.0832737,0.19563743
21,7,none,fcz,1684,108,0,0,True,0.68099374,0.044901576,0.23988366,0.03422105
21,7,none,fcz,1685,108,0,2,False,0.058672752,0.23434271,0.47238728,0.23459725
21,7,none,fcz,1686,108,1,2,False,0.08757327,0.10936083,0.7848509,0.018215068
21,7,none,fcz,1687,108,0,1,False,0.2426937,0.3742613,0.037500262,0.3455448
21,7,none,fcz,1688,108,1,1,True,0.1592036,0.5307985,0.3080149,0.0019830405
21,7,none,fcz,1689,108,1,1,True,0.00022668744,0.9842278,0.013826185,0.0017193949
21,7,none,fcz,1690,108,0,0,True,0.707868,0.011978827,0.08053685,0.19961636
21,7,none,fcz,1691,108,0,0,True,0.49215594,0.14287773,0.1530866,0.21187969
21,7,none,fcz,1692,108,1,1,True,0.0012962291,0.99579215,0.0022927409,0.0006188202
21,7,none,fcz,1693,108,0,0,True,0.79118454,0.03961712,0.014928414,0.15426987
21,7,none,fcz,1694,108,1,1,True,0.28010303,0.46272033,0.07079267,0.18638392
21,7,none,fcz,1695,108,1,1,True,0.00205013,0.99728537,0.00013979823,0.000524647
21,7,none,fcz,1696,108,0,0,True,0.91315776,0.01747672,0.035072885,0.034292553
21,7,none,fcz,1697,108,0,0,True,0.99990714,3.0329282e-05,2.040237e-05,4.2192572e-05
21,7,none,fcz,1698,108,3,3,True,0.14778602,0.33629227,0.1694242,0.3464975
21,7,none,fcz,1699,108,2,2,True,0.02333842,0.19229591,0.5278275,0.25653818
21,7,none,fcz,1700,108,2,2,True,0.045325622,0.048024736,0.8232374,0.0834122
21,7,none,fcz,1701,108,3,3,True,0.0027373307,0.0023689633,0.0029760632,0.99191767
21,7,none,fcz,1702,108,2,0,False,0.61744726,0.06930788,0.07745816,0.23578672
21,7,none,fcz,1703,108,3,2,False,0.22445796,0.064375035,0.5909868,0.12018023
21,7,none,fcz,1704,108,3,3,True,0.012724041,0.0027174535,0.03272576,0.9518328
21,7,none,fcz,1705,108,2,2,True,0.015624998,0.01721353,0.95230025,0.01486124
21,7,none,fcz,1706,108,3,3,True,0.101530656,0.08551892,0.14865574,0.66429466
21,7,none,fcz,1707,108,2,1,False,0.085051745,0.82806104,0.021584973,0.06530226
21,7,none,fcz,1708,108,2,2,True,0.2585188,0.029649736,0.5639064,0.14792517
21,7,none,fcz,1709,108,3,3,True,0.025237259,0.026390119,0.053768698,0.8946039
21,7,none,fcz,1710,108,2,1,False,0.06326632,0.77789134,0.115290314,0.04355212
21,7,none,fcz,1711,108,3,1,False,0.018668659,0.72866863,0.00636719,0.24629556
21,7,none,fcz,1712,108,2,0,False,0.8207198,0.14001988,0.011716377,0.027543979
21,7,none,fcz,1713,109,0,0,True,0.9685081,0.0026923723,0.0025894246,0.026210055
21,7,none,fcz,1714,109,1,1,True,0.3162018,0.3893462,0.25994375,0.03450819
21,7,none,fcz,1715,109,1,1,True,0.00020265623,0.9985032,0.0010480057,0.00024614212
21,7,none,fcz,1716,109,0,2,False,0.23105638,0.1125057,0.48088104,0.17555687
21,7,none,fcz,1717,109,1,1,True,0.06635054,0.92775875,0.004719212,0.0011715923
21,7,none,fcz,1718,109,0,0,True,0.8189938,0.07065947,0.09415058,0.016196096
21,7,none,fcz,1719,109,1,2,False,0.13120861,0.37037638,0.47966182,0.018753147
21,7,none,fcz,1720,109,0,0,True,0.79942757,0.0027222298,0.19672057,0.0011296012
21,7,none,fcz,1721,109,1,1,True,0.0867808,0.8385218,0.02652451,0.0481729
21,7,none,fcz,1722,109,0,2,False,0.067511536,0.047994178,0.8667444,0.017749907
21,7,none,fcz,1723,109,0,0,True,0.86527175,0.0022120597,0.101155564,0.03136062
21,7,none,fcz,1724,109,1,1,True,0.004858559,0.92891556,0.040848106,0.025377886
21,7,none,fcz,1725,109,0,0,True,0.99920124,3.0850893e-05,0.00068888883,7.9118654e-05
21,7,none,fcz,1726,109,1,3,False,0.27865848,0.20013948,0.14483464,0.37636736
21,7,none,fcz,1727,109,1,1,True,0.08460297,0.82480925,0.077051,0.013536697
21,7,none,fcz,1728,109,3,3,True,0.015349694,0.4023148,0.10182791,0.48050758
21,7,none,fcz,1729,109,2,2,True,0.045499787,0.19022076,0.6123475,0.15193197
21,7,none,fcz,1730,109,2,2,True,0.20824586,0.29952997,0.41349876,0.07872543
21,7,none,fcz,1731,109,3,3,True,0.07328535,0.015567752,0.104158014,0.80698884
21,7,none,fcz,1732,109,3,2,False,0.0098627,0.032442708,0.58113176,0.37656283
21,7,none,fcz,1733,109,2,2,True,0.27783442,0.09975124,0.46492508,0.1574893
21,7,none,fcz,1734,109,2,2,True,0.091965474,0.09119492,0.780006,0.036833614
21,7,none,fcz,1735,109,3,0,False,0.30876327,0.17689992,0.30593228,0.20840457
21,7,none,fcz,1736,109,2,3,False,0.0483522,0.012186075,0.13853334,0.80092835
21,7,none,fcz,1737,109,3,3,True,0.12349783,0.07879147,0.32855994,0.46915072
21,7,none,fcz,1738,109,2,0,False,0.8565118,0.112758435,0.010129259,0.020600557
21,7,none,fcz,1739,109,3,2,False,0.38854244,0.14671364,0.45633334,0.008410506
21,7,none,fcz,1740,109,3,2,False,0.09663389,0.04062676,0.47310832,0.38963106
21,7,none,fcz,1741,109,2,0,False,0.46642372,0.12466129,0.19620241,0.2127126
21,7,none,fcz,1742,109,2,1,False,0.039184615,0.7520281,0.06121711,0.14757016
21,7,none,fcz,1743,109,1,1,True,0.0050587305,0.85628796,0.09877014,0.039883085
21,7,none,fcz,1744,109,0,0,True,0.5188501,0.07281239,0.3069615,0.10137606
21,7,none,fcz,1745,109,1,0,False,0.8821766,0.066728994,0.02523788,0.025856627
21,7,none,fcz,1746,109,0,2,False,0.118165985,0.014912658,0.4716754,0.39524597
21,7,none,fcz,1747,109,0,0,True,0.9915035,0.00035440168,0.003218882,0.004923412
21,7,none,fcz,1748,109,1,0,False,0.4898359,0.019025348,0.46486688,0.026271842
21,7,none,fcz,1749,109,0,3,False,0.18004726,0.025484264,0.16553213,0.62893635
21,7,none,fcz,1750,109,1,1,True,0.16085714,0.5440546,0.12940377,0.16568449
21,7,none,fcz,1751,109,1,1,True,0.029576503,0.5833578,0.3684764,0.018589247
21,7,none,fcz,1752,109,0,2,False,0.047851853,0.002132996,0.9414326,0.008582458
21,7,none,fcz,1753,109,1,0,False,0.5668463,0.09389085,0.0069070603,0.3323557
21,7,none,fcz,1754,109,0,1,False,0.1528604,0.4744997,0.041494977,0.331145
21,7,none,fcz,1755,109,1,1,True,0.02001073,0.9547026,0.021261828,0.004024735
21,7,none,fcz,1756,109,0,1,False,0.23326904,0.65322345,0.04127374,0.0722337
21,7,none,fcz,1757,109,0,0,True,0.99740016,0.0011917603,0.0006764968,0.0007316447
21,7,none,fcz,1758,109,2,3,False,0.117158465,0.019173834,0.0093420595,0.85432565
21,7,none,fcz,1759,109,3,0,False,0.74480695,0.012371522,0.08538022,0.15744127
21,7,none,fcz,1760,109,2,3,False,0.04756696,0.17485812,0.32652274,0.45105213
21,7,none,fcz,1761,109,3,3,True,0.09351057,0.09145749,0.17848328,0.63654864
21,7,none,fcz,1762,109,3,1,False,0.07714423,0.67954093,0.011256482,0.23205832
21,7,none,fcz,1763,109,2,3,False,0.031256795,0.009771998,0.2271448,0.73182636
21,7,none,fcz,1764,109,3,3,True,0.04507007,0.027546061,0.3002927,0.62709117
21,7,none,fcz,1765,109,2,1,False,0.1505587,0.35955647,0.15336509,0.33651978
21,7,none,fcz,1766,109,3,3,True,0.03315524,0.11971876,0.09803506,0.74909097
21,7,none,fcz,1767,109,2,3,False,0.23859721,0.031289555,0.28414404,0.44596913
21,7,none,fcz,1768,109,2,1,False,0.107129775,0.4605725,0.26460025,0.16769753
21,7,none,fcz,1769,109,3,3,True,0.24983345,0.0015235408,0.005211936,0.7434311
21,7,none,fcz,1770,109,2,3,False,0.06452181,0.40875918,0.11602977,0.4106893
21,7,none,fcz,1771,109,3,3,True,0.024317278,0.02376049,0.27315447,0.6787678
21,7,none,fcz,1772,109,2,2,True,0.19319415,0.10391042,0.3729733,0.3299222
21,7,none,fcz,1773,109,1,3,False,0.018414222,0.35221946,0.20077775,0.42858857
21,7,none,fcz,1774,109,0,2,False,0.27912542,0.040084243,0.6201792,0.06061114
21,7,none,fcz,1775,109,1,0,False,0.6469933,0.13880038,0.1991439,0.015062401
21,7,none,fcz,1776,109,0,3,False,0.07232248,0.018511148,0.016024074,0.89314234
21,7,none,fcz,1777,109,0,2,False,0.06244688,0.013580239,0.85910547,0.064867385
21,7,none,fcz,1778,109,1,1,True,0.019876612,0.5673284,0.08215688,0.33063814
21,7,none,fcz,1779,109,1,0,False,0.43981498,0.16349849,0.17498405,0.22170249
21,7,none,fcz,1780,109,0,3,False,0.029406346,0.024794286,0.338592,0.6072074
21,7,none,fcz,1781,109,1,0,False,0.5870534,0.07613284,0.16629164,0.17052211
21,7,none,fcz,1782,109,0,1,False,0.29957858,0.43677008,0.23083776,0.032813456
21,7,none,fcz,1783,109,0,0,True,0.8088026,0.05706709,0.053581867,0.08054846
21,7,none,fcz,1784,109,1,2,False,0.34729558,0.033972375,0.45757845,0.16115363
21,7,none,fcz,1785,109,0,0,True,0.9358367,0.001657439,0.026392216,0.036113627
21,7,none,fcz,1786,109,1,0,False,0.70464486,0.012433876,0.20664097,0.076280296
21,7,none,fcz,1787,109,0,2,False,0.16167253,0.20901106,0.5188553,0.11046116
21,7,none,fcz,1788,109,2,1,False,0.015553383,0.6163847,0.3599813,0.0080805905
21,7,none,fcz,1789,109,3,3,True,0.21258119,0.03125157,0.1822021,0.57396513
21,7,none,fcz,1790,109,2,3,False,0.037403323,0.35997134,0.03254752,0.5700778
21,7,none,fcz,1791,109,3,3,True,0.15150094,0.048066083,0.32058042,0.4798526
21,7,none,fcz,1792,109,2,3,False,0.16835701,0.037040517,0.28761098,0.5069915
21,7,none,fcz,1793,109,3,3,True,0.15726107,0.035386458,0.2012813,0.6060712
21,7,none,fcz,1794,109,2,2,True,0.32240316,0.00519627,0.64409006,0.028310506
21,7,none,fcz,1795,109,3,3,True,0.027624708,0.002418131,0.0878247,0.8821325
21,7,none,fcz,1796,109,3,3,True,0.08946924,0.34572467,0.024860516,0.5399456
21,7,none,fcz,1797,109,2,2,True,0.057772867,0.012618384,0.7093653,0.22024336
21,7,none,fcz,1798,109,3,1,False,0.010160035,0.63799757,0.010007347,0.34183502
21,7,none,fcz,1799,109,2,3,False,0.07082776,0.14477398,0.054100607,0.7302977
21,7,none,fcz,1800,109,2,3,False,0.017005704,0.009032945,0.43587425,0.53808707
21,7,none,fcz,1801,109,3,2,False,0.050003555,0.03873026,0.5244139,0.38685238
21,7,none,fcz,1802,109,3,0,False,0.4592858,0.020227596,0.36188418,0.15860245
21,7,none,random_linear,0,90,0,0,True,0.9473902,0.007815763,0.003621727,0.04117231
21,7,none,random_linear,1,90,1,1,True,0.048130095,0.9441325,0.0044185277,0.003318863
21,7,none,random_linear,2,90,1,1,True,0.0009799169,0.9984816,3.952889e-05,0.0004989128
21,7,none,random_linear,3,90,0,0,True,0.96083564,0.003192516,0.019959697,0.01601214
21,7,none,random_linear,4,90,1,1,True,0.015777376,0.9794351,0.003979255,0.0008083677
21,7,none,random_linear,5,90,0,0,True,0.9540547,0.0013155001,0.028636176,0.015993644
21,7,none,random_linear,6,90,1,1,True,0.17800714,0.811196,0.0041374736,0.006659404
21,7,none,random_linear,7,90,0,0,True,0.99144113,0.0034535474,0.00054285955,0.0045624357
21,7,none,random_linear,8,90,0,0,True,0.8777164,0.08886004,0.0021111488,0.031312376
21,7,none,random_linear,9,90,1,1,True,0.002107521,0.9906295,0.0068696225,0.0003933346
21,7,none,random_linear,10,90,0,0,True,0.7456021,0.2316282,0.018212833,0.0045568002
21,7,none,random_linear,11,90,1,1,True,0.0022665395,0.9976019,9.666691e-05,3.486852e-05
21,7,none,random_linear,12,90,0,0,True,0.89884984,0.0058307657,0.030370958,0.06494846
21,7,none,random_linear,13,90,1,2,False,0.20458736,0.37093168,0.419369,0.0051119495
21,7,none,random_linear,14,90,1,1,True,0.05819696,0.9151797,0.026343906,0.00027940952
21,7,none,random_linear,15,90,3,0,False,0.8253641,0.07001114,0.088401504,0.016223192
21,7,none,random_linear,16,90,2,2,True,0.21381584,0.024632795,0.5203709,0.24118042
21,7,none,random_linear,17,90,2,0,False,0.418249,0.06385807,0.22121175,0.29668123
21,7,none,random_linear,18,90,3,0,False,0.55958503,0.04420339,0.06731572,0.32889584
21,7,none,random_linear,19,90,3,2,False,0.1419513,0.13552351,0.3815104,0.3410148
21,7,none,random_linear,20,90,2,0,False,0.4796906,0.17612414,0.34190226,0.0022830074
21,7,none,random_linear,21,90,3,3,True,0.11949176,0.1002811,0.28918242,0.49104476
21,7,none,random_linear,22,90,2,1,False,0.31548065,0.350307,0.31791988,0.016292496
21,7,none,random_linear,23,90,2,2,True,0.078169234,0.059098255,0.8137768,0.048955817
21,7,none,random_linear,24,90,3,0,False,0.7311614,0.15643828,0.08616618,0.026234103
21,7,none,random_linear,25,90,2,2,True,0.092546865,0.11475351,0.78287756,0.009822012
21,7,none,random_linear,26,90,3,0,False,0.45873132,0.25287795,0.23574293,0.052647766
21,7,none,random_linear,27,90,3,2,False,0.18838193,0.111853465,0.41590965,0.28385502
21,7,none,random_linear,28,90,2,1,False,0.22061871,0.51098365,0.2092021,0.059195638
21,7,none,random_linear,29,90,2,2,True,0.092263885,0.169649,0.7316597,0.0064273356
21,7,none,random_linear,30,90,1,1,True,0.07089029,0.92768115,0.0013602116,6.838472e-05
21,7,none,random_linear,31,90,0,0,True,0.8318687,0.062674806,0.09578969,0.009666826
21,7,none,random_linear,32,90,1,1,True,8.022493e-05,0.9995864,4.1013158e-05,0.0002924323
21,7,none,random_linear,33,90,0,0,True,0.92789274,0.016744692,0.048137132,0.0072255437
21,7,none,random_linear,34,90,1,1,True,0.036654994,0.87189424,0.06272471,0.028726038
21,7,none,random_linear,35,90,0,2,False,0.34530863,0.052820805,0.5596154,0.042255137
21,7,none,random_linear,36,90,1,1,True,0.05192004,0.80160743,0.016998086,0.12947448
21,7,none,random_linear,37,90,0,0,True,0.89745617,0.06725305,0.033064317,0.002226451
21,7,none,random_linear,38,90,1,1,True,0.016357275,0.7431201,0.23822641,0.002296165
21,7,none,random_linear,39,90,0,0,True,0.71267945,0.021641528,0.22243176,0.0432472
21,7,none,random_linear,40,90,1,1,True,0.26781678,0.68847716,0.020931877,0.022774206
21,7,none,random_linear,41,90,0,0,True,0.80077595,0.0013034164,0.092137255,0.10578335
21,7,none,random_linear,42,90,1,1,True,0.022183781,0.9105864,0.06579761,0.0014322316
21,7,none,random_linear,43,90,0,2,False,0.25733873,0.22260347,0.43865603,0.08140177
21,7,none,random_linear,44,90,1,1,True,0.000247404,0.983639,0.015054821,0.0010587425
21,7,none,random_linear,45,90,2,2,True,0.36972493,0.01628021,0.5609684,0.05302643
21,7,none,random_linear,46,90,3,2,False,0.055775937,0.010775108,0.8757154,0.05773366
21,7,none,random_linear,47,90,3,3,True,0.27395555,0.12810102,0.2842932,0.31365025
21,7,none,random_linear,48,90,2,0,False,0.6660754,0.02029049,0.13356334,0.18007074
21,7,none,random_linear,49,90,3,3,True,0.30756757,0.14954029,0.19493018,0.34796196
21,7,none,random_linear,50,90,2,2,True,0.2611395,0.02956751,0.6458496,0.06344343
21,7,none,random_linear,51,90,3,3,True,0.13752174,0.054126434,0.043848686,0.7645032
21,7,none,random_linear,52,90,2,0,False,0.36530235,0.22858544,0.34046325,0.065648995
21,7,none,random_linear,53,90,3,0,False,0.50293124,0.009102049,0.30511552,0.18285121
21,7,none,random_linear,54,90,2,0,False,0.5700511,0.020242846,0.35977474,0.04993136
21,7,none,random_linear,55,90,2,2,True,0.2004889,0.23819421,0.35256258,0.2087543
21,7,none,random_linear,56,90,3,2,False,0.13615216,0.019736521,0.7233096,0.1208018
21,7,none,random_linear,57,90,2,2,True,0.029486535,0.024791837,0.8691708,0.07655076
21,7,none,random_linear,58,90,3,2,False,0.26657665,0.03751801,0.37800834,0.317897
21,7,none,random_linear,59,90,3,3,True,0.1553404,0.28563482,0.14640906,0.41261563
21,7,none,random_linear,60,90,1,1,True,0.056348387,0.91703,0.023835381,0.0027862012
21,7,none,random_linear,61,90,0,0,True,0.9719706,0.012744714,0.011281127,0.00400359
21,7,none,random_linear,62,90,1,1,True,0.029315142,0.9643943,0.0061834846,0.00010709294
21,7,none,random_linear,63,90,0,0,True,0.9050844,0.011713751,0.060050905,0.023150908
21,7,none,random_linear,64,90,0,0,True,0.982381,0.0004672864,0.016306756,0.00084499957
21,7,none,random_linear,65,90,1,1,True,0.020178355,0.96495783,0.014649491,0.00021429214
21,7,none,random_linear,66,90,1,1,True,0.033807643,0.7673146,0.19595194,0.0029259108
21,7,none,random_linear,67,90,0,0,True,0.97102225,0.0020160489,0.010792243,0.016169287
21,7,none,random_linear,68,90,0,0,True,0.9896945,0.0021115495,0.0077588167,0.00043527308
21,7,none,random_linear,69,90,1,0,False,0.29282734,0.26184708,0.19086824,0.2544573
21,7,none,random_linear,70,90,1,1,True,0.06874508,0.9062699,0.014508858,0.010476134
21,7,none,random_linear,71,90,0,0,True,0.8212379,0.009117036,0.14105056,0.0285945
21,7,none,random_linear,72,90,1,2,False,0.24341902,0.11484562,0.5745461,0.067189276
21,7,none,random_linear,73,90,0,0,True,0.8619991,0.0053454633,0.12768517,0.0049702358
21,7,none,random_linear,74,90,0,0,True,0.89692426,0.005523771,0.06964792,0.027903982
21,7,none,random_linear,75,90,2,2,True,0.06869864,0.014249169,0.56937397,0.3476783
21,7,none,random_linear,76,90,3,0,False,0.97296077,0.0035251474,0.021502279,0.0020118018
21,7,none,random_linear,77,90,2,2,True,0.24230514,0.039799836,0.69665307,0.021242008
21,7,none,random_linear,78,90,3,3,True,0.196463,0.028715655,0.30652076,0.46830055
21,7,none,random_linear,79,90,2,1,False,0.029667674,0.81632006,0.14579765,0.00821454
21,7,none,random_linear,80,90,3,2,False,0.32661077,0.14642772,0.42073935,0.10622215
21,7,none,random_linear,81,90,2,2,True,0.12152421,0.015816232,0.6649652,0.19769442
21,7,none,random_linear,82,90,3,2,False,0.27660277,0.06906497,0.5521696,0.10216268
21,7,none,random_linear,83,90,2,2,True,0.018492958,0.0020281747,0.97369295,0.0057859207
21,7,none,random_linear,84,90,3,2,False,0.32046476,0.06859766,0.4503261,0.16061153
21,7,none,random_linear,85,90,2,0,False,0.73210293,0.10087371,0.10964283,0.057380516
21,7,none,random_linear,86,90,3,0,False,0.6715687,0.06489842,0.113200136,0.15033282
21,7,none,random_linear,87,90,3,0,False,0.6518935,0.039955355,0.2672562,0.040894963
21,7,none,random_linear,88,90,2,2,True,0.076535404,0.04530497,0.80257124,0.07558839
21,7,none,random_linear,89,90,3,0,False,0.55799514,0.26522613,0.08519013,0.09158856
21,7,none,random_linear,90,91,0,0,True,0.88844424,0.074668966,0.029940652,0.006946132
21,7,none,random_linear,91,91,1,0,False,0.6208016,0.109034166,0.101227075,0.16893716
21,7,none,random_linear,92,91,0,3,False,0.15312758,0.058096178,0.23125724,0.557519
21,7,none,random_linear,93,91,1,1,True,0.026686762,0.88977146,0.034942716,0.048599053
21,7,none,random_linear,94,91,1,1,True,0.00077628705,0.99817026,0.00038277934,0.00067064096
21,7,none,random_linear,95,91,0,0,True,0.98447335,0.0042269593,0.0055376887,0.0057619275
21,7,none,random_linear,96,91,1,1,True,0.094112545,0.893081,0.0113618905,0.001444574
21,7,none,random_linear,97,91,0,0,True,0.7578033,0.1030223,0.044029005,0.09514533
21,7,none,random_linear,98,91,0,0,True,0.9981914,0.0005968903,0.00047558887,0.00073610153
21,7,none,random_linear,99,91,1,1,True,0.15701726,0.46032357,0.07932667,0.30333257
21,7,none,random_linear,100,91,0,0,True,0.9978467,0.0006013213,0.0011173387,0.00043461163
21,7,none,random_linear,101,91,1,2,False,0.011308229,0.26070735,0.6984124,0.029571978
21,7,none,random_linear,102,91,1,1,True,0.009910635,0.9417222,0.015279407,0.03308777
21,7,none,random_linear,103,91,0,0,True,0.97096616,0.0006231161,0.025419148,0.00299168
21,7,none,random_linear,104,91,0,0,True,0.99795216,0.00043429044,0.0013358698,0.00027770555
21,7,none,random_linear,105,91,2,3,False,0.018261421,0.39017457,0.19846435,0.39309967
21,7,none,random_linear,106,91,3,3,True,0.005585345,0.07940076,0.27440435,0.6406095
21,7,none,random_linear,107,91,3,3,True,0.012904738,0.037734192,0.05362799,0.89573306
21,7,none,random_linear,108,91,2,2,True,0.024440326,0.02211941,0.93805087,0.015389381
21,7,none,random_linear,109,91,2,2,True,0.0015644006,0.004483368,0.98945516,0.00449703
21,7,none,random_linear,110,91,3,2,False,0.111849226,0.043143045,0.6303338,0.21467398
21,7,none,random_linear,111,91,3,3,True,0.006447669,0.017651508,0.0616391,0.9142617
21,7,none,random_linear,112,91,2,2,True,0.053822678,0.04699714,0.7386151,0.1605651
21,7,none,random_linear,113,91,3,2,False,0.11211334,0.006933169,0.8391624,0.041791134
21,7,none,random_linear,114,91,2,2,True,0.0005657051,0.00090271153,0.99801254,0.00051897194
21,7,none,random_linear,115,91,3,2,False,0.004104183,0.0030264775,0.9852492,0.0076200766
21,7,none,random_linear,116,91,2,2,True,0.10044094,0.098566204,0.7481541,0.052838784
21,7,none,random_linear,117,91,2,2,True,0.02271627,0.035081208,0.80589265,0.13630994
21,7,none,random_linear,118,91,3,2,False,0.02839306,0.013833847,0.9382104,0.019562602
21,7,none,random_linear,119,91,2,2,True,0.00035107226,0.0067002266,0.98985636,0.0030923188
21,7,none,random_linear,120,91,0,0,True,0.890873,0.05159567,0.053030565,0.0045007826
21,7,none,random_linear,121,91,1,2,False,0.049410786,0.016336542,0.716802,0.21745065
21,7,none,random_linear,122,91,1,1,True,0.02336818,0.75210744,0.19265863,0.031865742
21,7,none,random_linear,123,91,0,3,False,0.011255265,0.13669877,0.38540715,0.4666388
21,7,none,random_linear,124,91,0,0,True,0.9887023,0.005320392,0.0022539594,0.0037232684
21,7,none,random_linear,125,91,1,2,False,0.0529259,0.123100184,0.5195427,0.3044312
21,7,none,random_linear,126,91,1,1,True,0.00072584,0.5989632,0.3774763,0.022834647
21,7,none,random_linear,127,91,0,3,False,0.1728732,0.010199204,0.3191693,0.49775824
21,7,none,random_linear,128,91,0,0,True,0.9993612,1.7104585e-05,0.00021896105,0.00040264116
21,7,none,random_linear,129,91,1,1,True,0.043353595,0.57643515,0.18640353,0.19380777
21,7,none,random_linear,130,91,1,3,False,0.022253064,0.10245823,0.17668137,0.69860727
21,7,none,random_linear,131,91,0,0,True,0.9819229,0.00056159036,0.01723316,0.0002822642
21,7,none,random_linear,132,91,1,1,True,0.14858015,0.73373735,0.02628063,0.0914018
21,7,none,random_linear,133,91,0,3,False,0.04152665,0.022137329,0.0360285,0.90030754
21,7,none,random_linear,134,91,1,0,False,0.9240558,0.00019290039,0.039460562,0.03629081
21,7,none,random_linear,135,91,2,1,False,0.079671144,0.50618017,0.18035457,0.23379406
21,7,none,random_linear,136,91,3,2,False,0.02781374,0.02051431,0.87642956,0.07524243
21,7,none,random_linear,137,91,2,2,True,0.23204863,0.09052547,0.5123816,0.16504431
21,7,none,random_linear,138,91,3,2,False,0.018748838,0.011174433,0.9086458,0.061430972
21,7,none,random_linear,139,91,2,2,True,0.047956873,0.013509353,0.86250055,0.07603326
21,7,none,random_linear,140,91,3,3,True,0.00027592148,0.004710762,0.013686794,0.9813265
21,7,none,random_linear,141,91,2,2,True,0.005597734,0.015833717,0.97817457,0.00039406752
21,7,none,random_linear,142,91,3,3,True,0.006574571,0.0039049825,0.046700623,0.9428198
21,7,none,random_linear,143,91,2,2,True,0.009626285,0.11855676,0.82968974,0.042127203
21,7,none,random_linear,144,91,3,2,False,0.0017190735,0.02825992,0.8043486,0.16567236
21,7,none,random_linear,145,91,3,3,True,0.08043468,0.068347394,0.014125716,0.8370922
21,7,none,random_linear,146,91,2,0,False,0.5711342,0.005974565,0.07017718,0.35271406
21,7,none,random_linear,147,91,2,3,False,0.004232801,0.03349087,0.23426174,0.7280146
21,7,none,random_linear,148,91,3,3,True,0.07606938,0.015909776,0.26392674,0.6440941
21,7,none,random_linear,149,91,3,3,True,0.013674924,0.09706214,0.014912802,0.87435013
21,7,none,random_linear,150,91,1,1,True,1.17403115e-05,0.9312616,0.06831142,0.00041524315
21,7,none,random_linear,151,91,0,0,True,0.5454932,0.010064815,0.15393248,0.29050955
21,7,none,random_linear,152,91,1,3,False,0.017538922,0.26349548,0.29267535,0.42629027
21,7,none,random_linear,153,91,0,0,True,0.97931266,5.362108e-05,0.018143954,0.002489755
21,7,none,random_linear,154,91,0,2,False,0.04216593,0.0007155783,0.95666575,0.00045275982
21,7,none,random_linear,155,91,1,2,False,0.022653893,0.000259833,0.96922475,0.007861551
21,7,none,random_linear,156,91,1,2,False,0.00012770957,0.07153891,0.92457706,0.003756324
21,7,none,random_linear,157,91,0,0,True,0.9990426,8.4231615e-05,0.0006459506,0.0002272027
21,7,none,random_linear,158,91,0,0,True,0.9689623,0.0076905447,0.020302333,0.0030448749
21,7,none,random_linear,159,91,1,3,False,0.055779804,0.090054736,0.41896892,0.43519658
21,7,none,random_linear,160,91,0,0,True,0.9690952,0.0011492703,0.028171942,0.001583615
21,7,none,random_linear,161,91,1,1,True,0.017897034,0.836806,0.052728456,0.0925685
21,7,none,random_linear,162,91,1,2,False,0.10565521,0.17074445,0.63722485,0.08637544
21,7,none,random_linear,163,91,0,0,True,0.78882134,0.0005377042,0.1458885,0.064752504
21,7,none,random_linear,164,91,1,2,False,0.004579704,0.0047036917,0.96914345,0.021573145
21,7,none,random_linear,165,91,2,2,True,0.020253615,0.002732915,0.93656504,0.04044846
21,7,none,random_linear,166,91,3,2,False,0.019310651,0.0031182733,0.9062651,0.0713059
21,7,none,random_linear,167,91,3,2,False,0.00062264886,0.02062514,0.8875798,0.09117239
21,7,none,random_linear,168,91,2,2,True,0.0066791656,0.011412623,0.92833275,0.053575456
21,7,none,random_linear,169,91,2,2,True,0.0012776946,0.00015227204,0.9606116,0.03795846
21,7,none,random_linear,170,91,3,2,False,0.03075181,0.04994707,0.7625347,0.1567664
21,7,none,random_linear,171,91,3,3,True,0.004447028,0.0047341753,0.1285207,0.8622981
21,7,none,random_linear,172,91,2,2,True,0.005609549,0.015395311,0.8934284,0.085566774
21,7,none,random_linear,173,91,3,3,True,0.07201183,0.17735648,0.33845457,0.41217712
21,7,none,random_linear,174,91,2,2,True,0.027880568,0.0014467144,0.89469516,0.07597755
21,7,none,random_linear,175,91,2,2,True,0.0029815736,0.012693893,0.9663335,0.017990971
21,7,none,random_linear,176,91,3,2,False,0.0102038,0.018170087,0.78568506,0.18594101
21,7,none,random_linear,177,91,3,2,False,0.20008746,0.0034872463,0.5424771,0.25394827
21,7,none,random_linear,178,91,2,2,True,0.0049965694,0.0640212,0.9135527,0.017429497
21,7,none,random_linear,179,91,3,2,False,0.00616494,0.006836085,0.9057016,0.08129729
21,7,none,random_linear,180,92,1,3,False,0.100322224,0.41526237,0.038605034,0.44581038
21,7,none,random_linear,181,92,0,3,False,0.23158497,0.25016978,0.1276445,0.39060077
21,7,none,random_linear,182,92,1,0,False,0.7434273,0.13293786,0.09760245,0.02603254
21,7,none,random_linear,183,92,0,2,False,0.29386598,0.026528183,0.67501193,0.004593932
21,7,none,random_linear,184,92,0,0,True,0.44977868,0.10833119,0.24900644,0.19288372
21,7,none,random_linear,185,92,1,1,True,0.08100468,0.8822833,0.030231101,0.006480939
21,7,none,random_linear,186,92,0,0,True,0.94289035,0.015949072,0.03255393,0.008606625
21,7,none,random_linear,187,92,1,1,True,0.095759384,0.90224224,0.0016756912,0.00032272007
21,7,none,random_linear,188,92,1,1,True,0.0031954274,0.9965514,0.00014232431,0.000110806766
21,7,none,random_linear,189,92,0,0,True,0.5594023,0.066004924,0.35056567,0.02402709
21,7,none,random_linear,190,92,0,0,True,0.9385096,0.041697502,0.013726678,0.006066191
21,7,none,random_linear,191,92,1,0,False,0.519173,0.06109402,0.20034203,0.21939097
21,7,none,random_linear,192,92,0,0,True,0.9623737,0.024170408,0.013023378,0.00043267242
21,7,none,random_linear,193,92,1,3,False,0.039350178,0.29264224,0.037845034,0.63016254
21,7,none,random_linear,194,92,0,2,False,0.30951038,0.09672218,0.5643303,0.02943717
21,7,none,random_linear,195,92,1,1,True,0.08788061,0.88047993,0.020949816,0.010689652
21,7,none,random_linear,196,92,1,1,True,0.0038142507,0.99478394,0.0011045419,0.00029734097
21,7,none,random_linear,197,92,0,0,True,0.98903066,0.008035396,0.0023392264,0.00059476506
21,7,none,random_linear,198,92,1,1,True,0.054068383,0.7716453,0.16668765,0.0075986315
21,7,none,random_linear,199,92,2,0,False,0.69920504,0.104373954,0.096415006,0.100005984
21,7,none,random_linear,200,92,3,0,False,0.5123483,0.07242661,0.1964155,0.21880956
21,7,none,random_linear,201,92,2,0,False,0.41850734,0.04393092,0.27318352,0.26437828
21,7,none,random_linear,202,92,3,0,False,0.41328692,0.05410942,0.22703369,0.30556995
21,7,none,random_linear,203,92,2,1,False,0.36165547,0.36390984,0.26515138,0.009283302
21,7,none,random_linear,204,92,3,3,True,0.17598742,0.18750979,0.09943378,0.53706896
21,7,none,random_linear,205,92,2,2,True,0.15362364,0.25828636,0.4973586,0.09073143
21,7,none,random_linear,206,92,3,0,False,0.5137093,0.2824662,0.04214915,0.16167526
21,7,none,random_linear,207,92,3,0,False,0.5125928,0.3239088,0.07782896,0.08566945
21,7,none,random_linear,208,92,2,0,False,0.7050314,0.037407443,0.14769796,0.1098632
21,7,none,random_linear,209,92,2,2,True,0.009764415,0.24499254,0.74216133,0.0030816535
21,7,none,random_linear,210,92,3,1,False,0.09229062,0.61499304,0.006262596,0.2864537
21,7,none,random_linear,211,92,3,3,True,0.16035625,0.27261522,0.025302898,0.5417257
21,7,none,random_linear,212,92,2,1,False,0.26620275,0.5960741,0.05089138,0.08683175
21,7,none,random_linear,213,92,3,0,False,0.6004918,0.26237807,0.067951865,0.06917826
21,7,none,random_linear,214,92,2,0,False,0.9330864,0.027952822,0.03600186,0.002958935
21,7,none,random_linear,215,92,2,2,True,0.07594307,0.1638667,0.46622777,0.29396245
21,7,none,random_linear,216,92,3,1,False,0.048716757,0.5649843,0.2629153,0.12338369
21,7,none,random_linear,217,92,2,2,True,0.035274163,0.22838615,0.71105474,0.025284948
21,7,none,random_linear,218,92,0,0,True,0.99778324,0.00046242477,0.0015344623,0.00021982493
21,7,none,random_linear,219,92,1,1,True,0.48046112,0.50620943,0.009719468,0.0036099814
21,7,none,random_linear,220,92,0,0,True,0.96557707,0.024658963,0.007948235,0.0018156336
21,7,none,random_linear,221,92,1,1,True,0.10513929,0.8646865,0.014159512,0.016014667
21,7,none,random_linear,222,92,1,1,True,0.06495126,0.92703295,0.0073000942,0.0007156719
21,7,none,random_linear,223,92,0,0,True,0.88277113,0.07059539,0.03256477,0.014068649
21,7,none,random_linear,224,92,1,1,True,0.0023580738,0.9801748,0.00014516397,0.017322054
21,7,none,random_linear,225,92,0,1,False,0.23345156,0.73300254,0.031210542,0.0023353596
21,7,none,random_linear,226,92,0,0,True,0.98037845,0.017973175,0.000776947,0.0008715196
21,7,none,random_linear,227,92,1,1,True,0.009849807,0.9654201,0.011016761,0.013713275
21,7,none,random_linear,228,92,1,1,True,0.00023755875,0.9937132,0.0011161132,0.004933093
21,7,none,random_linear,229,92,0,0,True,0.9680939,0.0025881738,0.010396369,0.018921623
21,7,none,random_linear,230,92,1,1,True,0.0034369198,0.9953607,0.00061316043,0.00058926275
21,7,none,random_linear,231,92,0,0,True,0.4505383,0.32870945,0.12069769,0.10005456
21,7,none,random_linear,232,92,0,0,True,0.995622,0.00059250003,0.0020038628,0.0017815907
21,7,none,random_linear,233,92,1,1,True,0.009816919,0.98723316,0.001010618,0.0019393722
21,7,none,random_linear,234,92,0,0,True,0.7945704,0.0021914002,0.14458483,0.058653254
21,7,none,random_linear,235,92,1,1,True,0.01118706,0.9652696,0.02031881,0.003224569
21,7,none,random_linear,236,92,1,1,True,0.00555478,0.99252945,0.00022039135,0.001695275
21,7,none,random_linear,237,92,3,3,True,0.26627094,0.23345156,0.013376292,0.48690128
21,7,none,random_linear,238,92,2,0,False,0.53737855,0.1182049,0.048791815,0.29562473
21,7,none,random_linear,239,92,3,0,False,0.5233815,0.33735982,0.08534094,0.05391779
21,7,none,random_linear,240,92,2,2,True,0.15263984,0.20757426,0.5893483,0.050437577
21,7,none,random_linear,241,92,2,2,True,0.27992755,0.25704092,0.4478167,0.015214811
21,7,none,random_linear,242,92,3,2,False,0.21330212,0.14341868,0.55190504,0.09137418
21,7,none,random_linear,243,92,2,1,False,0.36878586,0.4280883,0.1650171,0.03810873
21,7,none,random_linear,244,92,3,1,False,0.38647282,0.48557416,0.1106551,0.01729795
21,7,none,random_linear,245,92,2,0,False,0.41534117,0.34483927,0.21387152,0.025948025
21,7,none,random_linear,246,92,3,3,True,0.011676163,0.22771783,0.04652177,0.7140842
21,7,none,random_linear,247,92,2,2,True,0.048117626,0.2954859,0.55527705,0.10111943
21,7,none,random_linear,248,92,3,1,False,0.03579596,0.4302298,0.16105421,0.37291998
21,7,none,random_linear,249,92,3,3,True,0.038453117,0.30315834,0.014736502,0.643652
21,7,none,random_linear,250,92,2,2,True,0.033372432,0.059707236,0.8994775,0.0074429116
21,7,none,random_linear,251,92,3,3,True,0.050330926,0.027543658,0.055259075,0.8668663
21,7,none,random_linear,252,92,2,0,False,0.38405222,0.079489,0.3467407,0.18971816
21,7,none,random_linear,253,92,2,2,True,0.26960376,0.12852308,0.58282995,0.019043216
21,7,none,random_linear,254,92,3,0,False,0.41634277,0.078388564,0.3959148,0.10935396
21,7,none,random_linear,255,92,2,2,True,0.12978214,0.2816004,0.5810539,0.007563556
21,7,none,random_linear,256,92,0,0,True,0.98256624,0.010547455,0.0004326925,0.0064537125
21,7,none,random_linear,257,92,1,0,False,0.8767036,0.1096421,0.011734785,0.0019194793
21,7,none,random_linear,258,92,1,1,True,0.019348927,0.9674773,0.0053687664,0.0078049456
21,7,none,random_linear,259,92,0,0,True,0.96989965,0.010866866,0.007851641,0.0113818105
21,7,none,random_linear,260,92,0,0,True,0.86669487,0.018417776,0.029503124,0.08538419
21,7,none,random_linear,261,92,1,1,True,0.03661277,0.9444645,0.01808398,0.0008386788
21,7,none,random_linear,262,92,1,1,True,0.007472097,0.9253196,0.007816611,0.05939169
21,7,none,random_linear,263,92,0,0,True,0.9135303,0.02801953,0.05346802,0.004982143
21,7,none,random_linear,264,92,0,0,True,0.95201916,0.008025364,0.034720007,0.0052354983
21,7,none,random_linear,265,92,1,1,True,0.0017172855,0.9976782,0.00016612807,0.0004384215
21,7,none,random_linear,266,92,0,0,True,0.9222423,0.06755306,0.009007458,0.0011971459
21,7,none,random_linear,267,92,1,0,False,0.50287485,0.2920173,0.12757243,0.077535346
21,7,none,random_linear,268,92,0,0,True,0.831397,0.15043531,0.010019938,0.008147737
21,7,none,random_linear,269,92,1,1,True,0.0142521225,0.8768642,0.0860196,0.022864139
21,7,none,random_linear,270,92,1,1,True,0.09410665,0.8599678,0.03360625,0.012319216
21,7,none,random_linear,271,92,0,0,True,0.9336084,0.0572621,0.0053799665,0.0037495592
21,7,none,random_linear,272,92,1,1,True,0.105930336,0.8304236,0.060435884,0.0032101895
21,7,none,random_linear,273,92,0,0,True,0.76516557,0.04964251,0.17497972,0.010212277
21,7,none,random_linear,274,92,1,2,False,0.20930722,0.18171176,0.52098614,0.08799488
21,7,none,random_linear,275,92,3,1,False,0.2844573,0.56470096,0.074786045,0.07605575
21,7,none,random_linear,276,92,2,1,False,0.35794,0.38118234,0.16772881,0.09314889
21,7,none,random_linear,277,92,3,3,True,0.056833565,0.28971556,0.16108541,0.49236542
21,7,none,random_linear,278,92,2,1,False,0.22871523,0.47482198,0.12518524,0.17127755
21,7,none,random_linear,279,92,3,3,True,0.24143532,0.0043051145,0.24962258,0.504637
21,7,none,random_linear,280,92,2,2,True,0.2937481,0.11981338,0.5438304,0.042608086
21,7,none,random_linear,281,92,3,1,False,0.019827854,0.4156321,0.39108038,0.17345968
21,7,none,random_linear,282,92,2,1,False,0.12105362,0.46841472,0.39857998,0.011951656
21,7,none,random_linear,283,92,2,2,True,0.057064056,0.25023422,0.68652403,0.006177699
21,7,none,random_linear,284,92,3,0,False,0.51396453,0.19866118,0.18451306,0.10286118
21,7,none,random_linear,285,92,3,1,False,0.009242525,0.5274184,0.02199791,0.44134113
21,7,none,random_linear,286,92,2,2,True,0.08330787,0.35169485,0.53887796,0.0261193
21,7,none,random_linear,287,92,2,1,False,0.036230795,0.943447,0.015716769,0.0046053967
21,7,none,random_linear,288,92,3,1,False,0.31010658,0.41239974,0.19930054,0.07819319
21,7,none,random_linear,289,92,3,3,True,0.01737979,0.3158263,0.04020693,0.626587
21,7,none,random_linear,290,92,2,1,False,0.14644305,0.61133426,0.061458793,0.18076392
21,7,none,random_linear,291,92,2,0,False,0.79342246,0.03793142,0.11607216,0.052573916
21,7,none,random_linear,292,92,3,3,True,0.37351176,0.13223529,0.058160104,0.43609285
21,7,none,random_linear,293,92,2,1,False,0.103755385,0.70039046,0.15061754,0.045236588
21,7,none,random_linear,294,93,1,1,True,0.08545071,0.6835804,0.10606595,0.12490298
21,7,none,random_linear,295,93,0,2,False,0.17815883,0.22077817,0.57153976,0.02952327
21,7,none,random_linear,296,93,1,1,True,0.00019124596,0.98833126,0.006242241,0.0052352194
21,7,none,random_linear,297,93,0,0,True,0.3951266,0.27688634,0.2618183,0.066168725
21,7,none,random_linear,298,93,1,2,False,0.0039944313,0.09074461,0.8868223,0.018438745
21,7,none,random_linear,299,93,0,2,False,0.04230555,0.062038567,0.69733536,0.19832054
21,7,none,random_linear,300,93,0,0,True,0.9944062,0.003500178,0.0015689961,0.0005245439
21,7,none,random_linear,301,93,1,1,True,0.019841608,0.69890934,0.12831272,0.15293635
21,7,none,random_linear,302,93,1,0,False,0.7351831,0.0071548177,0.2507575,0.0069046016
21,7,none,random_linear,303,93,0,0,True,0.5503222,0.059496548,0.33742622,0.05275505
21,7,none,random_linear,304,93,1,1,True,0.035754,0.4596079,0.4104105,0.09422754
21,7,none,random_linear,305,93,0,0,True,0.99655956,0.0012045101,0.0007324807,0.0015034451
21,7,none,random_linear,306,93,1,1,True,0.0028046914,0.53218037,0.25636345,0.20865148
21,7,none,random_linear,307,93,0,0,True,0.99941695,8.257296e-05,0.00025971004,0.00024083866
21,7,none,random_linear,308,93,0,0,True,0.6967795,0.025670808,0.1730715,0.10447815
21,7,none,random_linear,309,93,3,3,True,0.00043906725,0.0248016,0.0042738393,0.9704855
21,7,none,random_linear,310,93,2,1,False,0.010755409,0.57826984,0.32243657,0.08853823
21,7,none,random_linear,311,93,2,2,True,0.009097692,0.041592132,0.8686809,0.080629304
21,7,none,random_linear,312,93,3,3,True,0.011578019,0.011918531,0.010484411,0.96601903
21,7,none,random_linear,313,93,3,3,True,0.00020708259,0.011091582,0.0066688843,0.9820325
21,7,none,random_linear,314,93,2,2,True,0.13018675,0.09246295,0.6863856,0.09096469
21,7,none,random_linear,315,93,3,1,False,0.0037305995,0.66700196,0.30256674,0.026700694
21,7,none,random_linear,316,93,2,2,True,9.198922e-05,0.00042857486,0.9994597,1.9815276e-05
21,7,none,random_linear,317,93,2,2,True,0.088709325,0.014906997,0.8595816,0.03680203
21,7,none,random_linear,318,93,3,3,True,0.06251109,0.1243725,0.03242864,0.78068775
21,7,none,random_linear,319,93,3,0,False,0.5597168,0.061625727,0.009478211,0.3691793
21,7,none,random_linear,320,93,2,2,True,0.024675358,0.12075626,0.8437976,0.010770866
21,7,none,random_linear,321,93,2,2,True,0.40952852,0.011240999,0.5235794,0.055651054
21,7,none,random_linear,322,93,3,3,True,0.00049314956,0.003123151,0.0022369525,0.9941467
21,7,none,random_linear,323,93,2,2,True,0.0443791,0.022174053,0.9184315,0.015015326
21,7,none,random_linear,324,93,0,0,True,0.9978371,0.00026046683,0.0010516011,0.00085077644
21,7,none,random_linear,325,93,1,3,False,0.011451004,0.31478196,0.23662177,0.43714523
21,7,none,random_linear,326,93,1,1,True,7.4394563e-07,0.9991104,2.5502897e-05,0.0008633737
21,7,none,random_linear,327,93,0,0,True,0.52551883,0.019307036,0.38642067,0.06875344
21,7,none,random_linear,328,93,0,0,True,0.8052041,0.0020023987,0.03676988,0.15602368
21,7,none,random_linear,329,93,1,1,True,0.01681403,0.8257755,0.12643081,0.03097959
21,7,none,random_linear,330,93,0,2,False,0.21573937,0.078860156,0.36424205,0.3411584
21,7,none,random_linear,331,93,1,1,True,0.0023182125,0.60315025,0.1309684,0.26356307
21,7,none,random_linear,332,93,1,2,False,0.0033427044,0.22996745,0.6872502,0.079439655
21,7,none,random_linear,333,93,0,2,False,0.219743,0.05849036,0.4362953,0.28547138
21,7,none,random_linear,334,93,1,3,False,0.006556939,0.23005521,0.25862086,0.504767
21,7,none,random_linear,335,93,0,0,True,0.76289815,0.0015853533,0.23010674,0.005409742
21,7,none,random_linear,336,93,0,0,True,0.97077763,0.0009077903,0.005375324,0.02293926
21,7,none,random_linear,337,93,1,2,False,0.0030054676,0.04404227,0.86142224,0.091530055
21,7,none,random_linear,338,93,0,3,False,0.17097747,0.0013143844,0.23830302,0.5894051
21,7,none,random_linear,339,93,2,2,True,0.4488173,0.0582504,0.46675825,0.026174026
21,7,none,random_linear,340,93,3,3,True,8.7824075e-05,0.0001784846,0.00086435414,0.99886936
21,7,none,random_linear,341,93,3,3,True,0.0052574705,0.047067318,0.05744997,0.8902253
21,7,none,random_linear,342,93,2,2,True,0.02914747,0.18723087,0.6857326,0.09788911
21,7,none,random_linear,343,93,2,1,False,0.0026585222,0.70962995,0.26424617,0.023465304
21,7,none,random_linear,344,93,3,3,True,0.000601696,0.43618798,0.002263877,0.5609464
21,7,none,random_linear,345,93,3,3,True,0.00033429745,0.0046393406,0.0005494561,0.994477
21,7,none,random_linear,346,93,2,2,True,0.019353114,0.27195007,0.6949427,0.0137541
21,7,none,random_linear,347,93,3,3,True,0.053714845,0.011634292,0.03739197,0.8972589
21,7,none,random_linear,348,93,2,1,False,0.0087846285,0.62525064,0.28476024,0.081204504
21,7,none,random_linear,349,93,3,1,False,0.01104165,0.44194153,0.32707372,0.21994314
21,7,none,random_linear,350,93,2,2,True,0.005430694,0.021010283,0.93991756,0.03364153
21,7,none,random_linear,351,93,3,3,True,0.0010613968,0.009110542,0.008014403,0.98181367
21,7,none,random_linear,352,93,2,2,True,0.04667685,0.034124162,0.8881208,0.031078136
21,7,none,random_linear,353,93,2,3,False,0.037851986,0.12804489,0.31945518,0.51464796
21,7,none,random_linear,354,93,0,1,False,0.21631587,0.49912,0.20204562,0.08251848
21,7,none,random_linear,355,93,1,2,False,0.0031605095,0.21588935,0.7606771,0.020272987
21,7,none,random_linear,356,93,0,0,True,0.54716796,0.007545259,0.4347748,0.010511985
21,7,none,random_linear,357,93,1,1,True,0.0005545354,0.9944805,0.00097642915,0.003988587
21,7,none,random_linear,358,93,1,1,True,0.0011371457,0.95072955,0.004667411,0.043465987
21,7,none,random_linear,359,93,0,0,True,0.78586364,0.07458904,0.030274982,0.10927229
21,7,none,random_linear,360,93,1,3,False,0.0038677733,0.097215,0.44712618,0.4517911
21,7,none,random_linear,361,93,0,1,False,0.024605917,0.9327837,0.009464975,0.033145495
21,7,none,random_linear,362,93,1,1,True,0.021878205,0.8621721,0.05875999,0.05718973
21,7,none,random_linear,363,93,0,0,True,0.8884755,0.0016564787,0.032459002,0.07740903
21,7,none,random_linear,364,93,0,0,True,0.90836525,0.027362984,0.02218428,0.042087477
21,7,none,random_linear,365,93,1,3,False,0.010473254,0.08346492,0.13987543,0.76618636
21,7,none,random_linear,366,93,1,1,True,0.00028113893,0.9576837,0.004867323,0.037167784
21,7,none,random_linear,367,93,0,1,False,0.08418703,0.6216698,0.18005112,0.11409206
21,7,none,random_linear,368,93,1,1,True,0.06185283,0.72277784,0.18732804,0.028041245
21,7,none,random_linear,369,93,2,0,False,0.7422529,0.027845653,0.14165686,0.0882446
21,7,none,random_linear,370,93,3,2,False,0.05227291,0.051538117,0.7246556,0.17153332
21,7,none,random_linear,371,93,3,3,True,0.008432473,0.018448766,0.028217953,0.94490075
21,7,none,random_linear,372,93,2,1,False,0.18596822,0.7084232,0.102209285,0.0033993335
21,7,none,random_linear,373,93,3,1,False,0.00067521725,0.79606944,0.0023098572,0.2009455
21,7,none,random_linear,374,93,2,1,False,0.0013732514,0.91880774,0.07736618,0.0024528163
21,7,none,random_linear,375,93,2,2,True,0.069951385,0.027465908,0.852277,0.050305676
21,7,none,random_linear,376,93,3,3,True,0.0003594935,0.016933145,0.0044345087,0.9782729
21,7,none,random_linear,377,93,3,3,True,3.408162e-05,0.008208345,0.004460896,0.9872967
21,7,none,random_linear,378,93,2,2,True,0.008284116,0.0053425054,0.9530129,0.03336055
21,7,none,random_linear,379,93,2,2,True,0.021499543,0.059184406,0.78219706,0.13711908
21,7,none,random_linear,380,93,3,3,True,0.08483819,0.02863539,0.076119184,0.8104072
21,7,none,random_linear,381,93,3,3,True,0.009059813,0.006913863,0.29139,0.69263625
21,7,none,random_linear,382,93,2,1,False,7.1282564e-05,0.99518776,0.0044976133,0.00024336741
21,7,none,random_linear,383,93,3,2,False,0.036415607,0.038141787,0.84524053,0.08020218
21,7,none,random_linear,384,94,0,0,True,0.9980399,0.00054034026,0.0013840211,3.5733592e-05
21,7,none,random_linear,385,94,1,1,True,0.0013568442,0.9218485,0.07620505,0.0005896612
21,7,none,random_linear,386,94,1,2,False,0.10430598,0.17774414,0.66106457,0.056885272
21,7,none,random_linear,387,94,0,0,True,0.9998394,5.726048e-05,9.892243e-05,4.3606137e-06
21,7,none,random_linear,388,94,1,1,True,0.0207127,0.6528448,0.30651075,0.01993182
21,7,none,random_linear,389,94,0,0,True,0.9963068,0.0020474943,0.0015032085,0.0001425813
21,7,none,random_linear,390,94,1,2,False,0.036892254,0.015977299,0.94556975,0.0015607206
21,7,none,random_linear,391,94,0,0,True,0.99906653,3.782309e-05,0.00078925776,0.00010637422
21,7,none,random_linear,392,94,1,2,False,0.09675758,0.23346144,0.6405162,0.029264743
21,7,none,random_linear,393,94,0,0,True,0.9203485,0.0130358515,0.06655708,5.8524674e-05
21,7,none,random_linear,394,94,0,0,True,0.9976318,0.00019716746,0.0013836947,0.000787295
21,7,none,random_linear,395,94,1,2,False,0.06257047,0.06732361,0.8602508,0.009855113
21,7,none,random_linear,396,94,1,1,True,0.20865017,0.66934276,0.08798823,0.034018815
21,7,none,random_linear,397,94,0,0,True,0.90406406,0.0005606455,0.08820255,0.007172752
21,7,none,random_linear,398,94,1,1,True,0.1129603,0.43197316,0.3814784,0.073588066
21,7,none,random_linear,399,94,2,2,True,0.016992355,0.014992985,0.9661362,0.0018784176
21,7,none,random_linear,400,94,3,3,True,0.03589571,0.096397236,0.24896473,0.61874235
21,7,none,random_linear,401,94,3,3,True,0.003275301,0.014051546,0.004457949,0.97821516
21,7,none,random_linear,402,94,2,2,True,0.00838686,0.0057343715,0.9827701,0.0031087156
21,7,none,random_linear,403,94,3,3,True,0.07331715,0.010216726,0.1654888,0.7509774
21,7,none,random_linear,404,94,2,2,True,0.030737298,0.069080584,0.89311,0.007072051
21,7,none,random_linear,405,94,2,2,True,0.0025630852,0.010332269,0.9859844,0.0011202556
21,7,none,random_linear,406,94,3,3,True,0.020479145,0.23027913,0.082357585,0.6668842
21,7,none,random_linear,407,94,2,2,True,0.06486718,0.0045761936,0.91934294,0.0112136705
21,7,none,random_linear,408,94,3,3,True,0.016044248,0.04442685,0.10205195,0.83747697
21,7,none,random_linear,409,94,3,3,True,0.021890074,0.00419319,0.064112686,0.90980405
21,7,none,random_linear,410,94,2,2,True,0.011853864,0.0065070502,0.9807684,0.0008706761
21,7,none,random_linear,411,94,3,3,True,0.08316755,0.015680147,0.17250422,0.7286481
21,7,none,random_linear,412,94,2,0,False,0.47750166,0.03666015,0.45528448,0.03055373
21,7,none,random_linear,413,94,3,2,False,0.21868746,0.1431408,0.5382179,0.099953845
21,7,none,random_linear,414,94,1,1,True,0.012125012,0.97133553,0.014933926,0.0016055007
21,7,none,random_linear,415,94,0,0,True,0.50493056,0.3480221,0.14448155,0.0025658426
21,7,none,random_linear,416,94,1,1,True,0.01533691,0.9715632,0.012977063,0.00012280268
21,7,none,random_linear,417,94,0,0,True,0.952756,0.013905829,0.030298425,0.0030396313
21,7,none,random_linear,418,94,0,0,True,0.9876272,0.00086321525,0.01148445,2.5169447e-05
21,7,none,random_linear,419,94,1,1,True,0.00012622136,0.96436954,0.034493644,0.0010105999
21,7,none,random_linear,420,94,1,2,False,0.12845989,0.09036483,0.6000761,0.18109919
21,7,none,random_linear,421,94,0,0,True,0.96203464,0.0004064277,0.037329722,0.00022922119
21,7,none,random_linear,422,94,0,0,True,0.9434293,0.03332474,0.023172783,7.325702e-05
21,7,none,random_linear,423,94,1,2,False,0.19180496,0.015002932,0.7818127,0.011379452
21,7,none,random_linear,424,94,1,1,True,6.918219e-05,0.9924704,0.007375716,8.469011e-05
21,7,none,random_linear,425,94,0,1,False,0.12477223,0.49867168,0.3731589,0.0033971847
21,7,none,random_linear,426,94,1,2,False,0.012350646,0.3710703,0.60976887,0.0068102004
21,7,none,random_linear,427,94,0,0,True,0.98984385,2.9156383e-05,0.008804609,0.0013224564
21,7,none,random_linear,428,94,1,2,False,0.05929186,0.009492364,0.9246446,0.006571169
21,7,none,random_linear,429,94,3,3,True,0.17127575,0.0141207045,0.11619127,0.69841224
21,7,none,random_linear,430,94,2,2,True,0.2963831,0.008916579,0.6897658,0.004934519
21,7,none,random_linear,431,94,3,3,True,0.0018947121,0.15852465,0.16691123,0.6726695
21,7,none,random_linear,432,94,2,2,True,0.0008298521,0.0018741981,0.9963959,0.00090005953
21,7,none,random_linear,433,94,3,3,True,0.016914489,0.1399527,0.016009415,0.8271234
21,7,none,random_linear,434,94,2,2,True,0.018553698,0.048782337,0.9303234,0.0023406143
21,7,none,random_linear,435,94,2,2,True,0.025632752,0.07067895,0.8150988,0.0885895
21,7,none,random_linear,436,94,3,2,False,0.04046434,0.05005899,0.5691505,0.34032616
21,7,none,random_linear,437,94,3,1,False,0.0148317395,0.5294144,0.024837384,0.4309165
21,7,none,random_linear,438,94,2,2,True,0.021296166,0.049744733,0.92484766,0.004111496
21,7,none,random_linear,439,94,3,3,True,0.059523214,0.24340416,0.2840133,0.41305938
21,7,none,random_linear,440,94,2,2,True,0.20053285,0.041925546,0.7527314,0.0048101624
21,7,none,random_linear,441,94,3,2,False,0.031174446,0.011238797,0.8850644,0.072522335
21,7,none,random_linear,442,94,2,2,True,0.0038030357,0.0040620593,0.99184144,0.00029348212
21,7,none,random_linear,443,94,2,3,False,0.15420392,0.30869594,0.19199672,0.34510335
21,7,none,random_linear,444,94,0,0,True,0.9956593,0.0019337884,0.0023192607,8.758968e-05
21,7,none,random_linear,445,94,1,2,False,0.19505268,0.097966895,0.70612276,0.0008577142
21,7,none,random_linear,446,94,1,2,False,0.002316384,0.22247522,0.7736517,0.0015566879
21,7,none,random_linear,447,94,0,0,True,0.7098285,0.0027109038,0.2866237,0.0008368367
21,7,none,random_linear,448,94,1,1,True,0.0014395234,0.6170873,0.36666742,0.014805679
21,7,none,random_linear,449,94,0,0,True,0.87961584,0.0023052793,0.11354501,0.0045339
21,7,none,random_linear,450,94,1,2,False,0.2366332,0.2305921,0.51894385,0.0138308415
21,7,none,random_linear,451,94,0,2,False,0.1726008,0.0059372825,0.81629777,0.0051641664
21,7,none,random_linear,452,94,1,1,True,0.13269168,0.43633,0.3045455,0.12643284
21,7,none,random_linear,453,94,0,2,False,0.28640455,0.031931147,0.6756503,0.0060140444
21,7,none,random_linear,454,94,1,1,True,0.029290207,0.493664,0.45824486,0.018800892
21,7,none,random_linear,455,94,0,0,True,0.9820416,0.00021770968,0.017222682,0.00051802583
21,7,none,random_linear,456,94,0,0,True,0.5163824,0.07055018,0.4114528,0.0016145647
21,7,none,random_linear,457,94,1,3,False,0.022434957,0.062663525,0.30296612,0.61193544
21,7,none,random_linear,458,94,0,2,False,0.15818779,0.07189216,0.67824936,0.09167063
21,7,none,random_linear,459,94,2,2,True,0.02183205,0.0152286645,0.9587147,0.004224482
21,7,none,random_linear,460,94,3,2,False,0.0012786697,0.02220566,0.95143044,0.025085196
21,7,none,random_linear,461,94,2,2,True,0.006582924,0.012780106,0.98014176,0.00049520354
21,7,none,random_linear,462,94,3,2,False,0.20810089,0.019295827,0.76662314,0.0059800767
21,7,none,random_linear,463,94,2,2,True,0.026560593,0.41674542,0.55599314,0.00070081407
21,7,none,random_linear,464,94,3,3,True,0.04532133,0.037505757,0.43747076,0.4797021
21,7,none,random_linear,465,94,3,3,True,0.020968337,0.23262602,0.15707369,0.5893319
21,7,none,random_linear,466,94,2,2,True,0.011894111,0.008810889,0.9739711,0.0053237854
21,7,none,random_linear,467,94,2,2,True,0.001760358,0.0023984513,0.9938803,0.0019609372
21,7,none,random_linear,468,94,3,2,False,0.0316756,0.003218167,0.81864244,0.14646377
21,7,none,random_linear,469,94,3,3,True,0.0044169202,0.19019535,0.042681254,0.76270646
21,7,none,random_linear,470,94,2,2,True,0.0040286053,0.03710852,0.92757344,0.031289387
21,7,none,random_linear,471,94,2,2,True,0.12507686,0.048722435,0.61626303,0.20993772
21,7,none,random_linear,472,94,3,2,False,0.02011671,0.12463251,0.68147314,0.17377758
21,7,none,random_linear,473,94,3,2,False,0.057668272,0.20528093,0.7191499,0.017900903
21,7,none,random_linear,474,95,0,0,True,0.8490438,0.11954762,0.025288627,0.0061199716
21,7,none,random_linear,475,95,1,1,True,0.015579057,0.883726,0.00302632,0.0976687
21,7,none,random_linear,476,95,1,1,True,0.00012730247,0.99900097,0.0006353622,0.00023643226
21,7,none,random_linear,477,95,0,0,True,0.99017406,0.0024951235,0.00028255893,0.0070483144
21,7,none,random_linear,478,95,0,0,True,0.9989122,0.0007383756,0.00017632998,0.00017303326
21,7,none,random_linear,479,95,1,1,True,0.0016274273,0.98684883,0.0010670935,0.010456598
21,7,none,random_linear,480,95,0,0,True,0.89256346,0.09352375,0.011753287,0.0021595566
21,7,none,random_linear,481,95,1,1,True,0.00063853967,0.98075783,0.00051693834,0.018086715
21,7,none,random_linear,482,95,0,0,True,0.9781385,0.015952885,0.0029875569,0.0029210062
21,7,none,random_linear,483,95,1,3,False,0.0035076772,0.45277095,0.05351151,0.49020985
21,7,none,random_linear,484,95,1,1,True,0.0007419961,0.98573756,0.0054808357,0.00803961
21,7,none,random_linear,485,95,0,0,True,0.99453366,3.7132642e-05,0.0011132285,0.0043159574
21,7,none,random_linear,486,95,0,0,True,0.9775283,0.00935498,0.007380558,0.00573626
21,7,none,random_linear,487,95,1,1,True,0.011986397,0.72816986,0.041446522,0.21839717
21,7,none,random_linear,488,95,1,1,True,4.8398506e-06,0.99098736,0.004063321,0.004944464
21,7,none,random_linear,489,95,2,3,False,0.006782912,0.057103325,0.054899056,0.88121474
21,7,none,random_linear,490,95,3,3,True,0.016421229,0.10673065,0.021764504,0.85508364
21,7,none,random_linear,491,95,2,1,False,0.00069134013,0.84266824,0.12376378,0.03287662
21,7,none,random_linear,492,95,3,3,True,0.0021159113,0.0019819539,0.0009791846,0.99492294
21,7,none,random_linear,493,95,3,3,True,0.0007458086,0.124147095,0.00077030255,0.87433684
21,7,none,random_linear,494,95,2,3,False,0.22546102,0.12783046,0.02461087,0.6220977
21,7,none,random_linear,495,95,2,2,True,0.020391569,0.29566124,0.42539692,0.25855026
21,7,none,random_linear,496,95,3,3,True,0.04292268,0.019678205,0.0017269743,0.93567216
21,7,none,random_linear,497,95,3,3,True,0.00091029215,0.0070454516,0.01882983,0.9732144
21,7,none,random_linear,498,95,2,3,False,0.00333384,0.37534043,0.09530873,0.526017
21,7,none,random_linear,499,95,3,3,True,0.000817788,0.19392966,0.0021943043,0.8030582
21,7,none,random_linear,500,95,2,3,False,0.0006143698,0.0036895636,0.055944182,0.9397519
21,7,none,random_linear,501,95,3,3,True,0.0027635093,0.0039188415,0.0033962957,0.98992133
21,7,none,random_linear,502,95,2,3,False,0.0017403332,0.023234509,0.24435711,0.730668
21,7,none,random_linear,503,95,2,3,False,0.076996975,0.16769147,0.058065403,0.6972462
21,7,none,random_linear,504,95,1,1,True,0.00043411696,0.94483405,0.0040036063,0.050728183
21,7,none,random_linear,505,95,0,0,True,0.5050478,0.019190094,0.0032459116,0.47251618
21,7,none,random_linear,506,95,1,1,True,0.00043973268,0.741305,0.0005553113,0.2577
21,7,none,random_linear,507,95,0,3,False,0.16929044,0.004154569,0.054169256,0.7723857
21,7,none,random_linear,508,95,0,0,True,0.9160261,0.0055578738,0.0011323835,0.07728366
21,7,none,random_linear,509,95,1,3,False,0.013134173,0.11591337,0.023443677,0.8475088
21,7,none,random_linear,510,95,1,3,False,0.004091081,0.20114858,0.09610562,0.6986548
21,7,none,random_linear,511,95,0,0,True,0.9312872,0.00034103618,0.00050562224,0.06786618
21,7,none,random_linear,512,95,0,3,False,0.25300097,0.013839226,0.18347734,0.5496825
21,7,none,random_linear,513,95,1,3,False,0.0005980423,0.42799383,0.022484897,0.54892325
21,7,none,random_linear,514,95,0,0,True,0.7523849,0.0016519312,0.04108595,0.20487721
21,7,none,random_linear,515,95,1,1,True,0.00050227786,0.8523702,0.08972833,0.05739925
21,7,none,random_linear,516,95,0,3,False,0.2436378,0.26514432,0.0017592048,0.48945862
21,7,none,random_linear,517,95,1,1,True,0.0002906888,0.9384826,0.021064702,0.040162053
21,7,none,random_linear,518,95,0,3,False,0.16714412,0.004848016,0.035024,0.79298383
21,7,none,random_linear,519,95,3,3,True,8.670863e-05,0.05479368,0.0013229805,0.94379663
21,7,none,random_linear,520,95,2,3,False,0.019716455,0.0006897372,0.08158957,0.89800423
21,7,none,random_linear,521,95,3,3,True,0.00014336374,0.19706391,0.0036590872,0.79913366
21,7,none,random_linear,522,95,2,2,True,0.13300368,0.004385801,0.45081258,0.4117979
21,7,none,random_linear,523,95,2,2,True,0.008366216,0.024412988,0.839543,0.12767778
21,7,none,random_linear,524,95,3,3,True,0.002077077,0.21899787,0.014430242,0.7644949
21,7,none,random_linear,525,95,2,2,True,0.010722489,0.26144353,0.6257904,0.102043554
21,7,none,random_linear,526,95,3,3,True,0.000121305355,0.020696303,0.0005281359,0.9786542
21,7,none,random_linear,527,95,2,3,False,0.052130617,0.15124488,0.23318858,0.563436
21,7,none,random_linear,528,95,3,3,True,0.0003349487,0.029953165,0.0015461618,0.9681657
21,7,none,random_linear,529,95,2,0,False,0.6234235,0.06289365,0.07860818,0.23507462
21,7,none,random_linear,530,95,3,3,True,0.013401666,0.020018889,0.018929271,0.9476502
21,7,none,random_linear,531,95,2,3,False,0.00045700098,0.011343392,0.017127676,0.97107196
21,7,none,random_linear,532,95,3,3,True,0.0052100276,0.14753824,0.05900121,0.78825057
21,7,none,random_linear,533,95,3,3,True,0.0003068819,0.30372354,0.2767402,0.41922933
21,7,none,random_linear,534,95,0,1,False,0.0144430995,0.58129644,0.047741264,0.3565192
21,7,none,random_linear,535,95,1,3,False,0.21149671,0.06694691,0.027810758,0.6937456
21,7,none,random_linear,536,95,1,3,False,0.006849784,0.0063487655,0.0016799042,0.9851215
21,7,none,random_linear,537,95,0,3,False,0.0907774,0.12053298,0.083555825,0.7051338
21,7,none,random_linear,538,95,0,3,False,0.053656172,0.01721788,0.014022073,0.91510385
21,7,none,random_linear,539,95,1,1,True,0.046872046,0.7949542,0.022871481,0.13530223
21,7,none,random_linear,540,95,1,3,False,0.0012851695,0.017887937,0.00045055864,0.98037636
21,7,none,random_linear,541,95,0,0,True,0.43343848,0.032464094,0.35551968,0.1785778
21,7,none,random_linear,542,95,0,1,False,0.043825388,0.7802449,0.072510675,0.10341909
21,7,none,random_linear,543,95,1,1,True,0.0010886407,0.9858165,0.0010088311,0.012086046
21,7,none,random_linear,544,95,0,3,False,0.01570047,0.09052015,0.12692475,0.7668546
21,7,none,random_linear,545,95,1,2,False,0.32731184,0.06295344,0.44888055,0.16085407
21,7,none,random_linear,546,95,1,1,True,0.044458892,0.49907422,0.057174083,0.3992928
21,7,none,random_linear,547,95,0,2,False,0.0025160764,0.1192926,0.87208694,0.0061044153
21,7,none,random_linear,548,95,0,0,True,0.6418017,0.05441568,0.2803989,0.02338376
21,7,none,random_linear,549,95,2,2,True,0.0011466838,0.024712259,0.9063818,0.067759216
21,7,none,random_linear,550,95,3,1,False,0.066620626,0.56589717,0.12635201,0.2411302
21,7,none,random_linear,551,95,3,3,True,0.00852772,0.15848053,0.009931055,0.8230607
21,7,none,random_linear,552,95,2,0,False,0.34481972,0.12928896,0.3080268,0.21786454
21,7,none,random_linear,553,95,2,3,False,0.011541828,0.059736185,0.07946501,0.849257
21,7,none,random_linear,554,95,3,3,True,0.0042308397,0.02649629,0.0018186033,0.96745425
21,7,none,random_linear,555,95,2,1,False,0.008025057,0.66819125,0.04185605,0.2819277
21,7,none,random_linear,556,95,3,3,True,0.0008444779,0.31189692,0.003889334,0.6833693
21,7,none,random_linear,557,95,2,1,False,0.038316227,0.41496816,0.2484427,0.29827288
21,7,none,random_linear,558,95,3,1,False,0.003870862,0.70028055,0.0014907252,0.2943579
21,7,none,random_linear,559,95,2,3,False,0.01235345,0.031276524,0.07997399,0.87639606
21,7,none,random_linear,560,95,3,3,True,0.040147305,0.097140804,0.06597192,0.79673994
21,7,none,random_linear,561,95,3,2,False,0.0049675605,0.24080822,0.50272626,0.25149795
21,7,none,random_linear,562,95,2,1,False,0.0017520665,0.43869328,0.3867354,0.17281924
21,7,none,random_linear,563,95,3,3,True,0.00039010646,0.019274518,0.011333543,0.9690018
21,7,none,random_linear,564,96,1,1,True,0.052107,0.9411744,0.0038177716,0.0029010135
21,7,none,random_linear,565,96,0,0,True,0.9611928,0.0061403443,0.032314673,0.0003520836
21,7,none,random_linear,566,96,0,0,True,0.9811497,0.011976246,0.0057271034,0.0011470532
21,7,none,random_linear,567,96,1,1,True,0.0066627557,0.7588623,0.21927622,0.015198776
21,7,none,random_linear,568,96,1,1,True,0.0009036441,0.98523766,0.010023756,0.0038349095
21,7,none,random_linear,569,96,0,0,True,0.7821209,0.0011212678,0.17314966,0.04360816
21,7,none,random_linear,570,96,1,1,True,0.0010185429,0.9966935,0.0021712189,0.000116704745
21,7,none,random_linear,571,96,0,0,True,0.99543023,4.6794965e-05,0.0039453506,0.00057764543
21,7,none,random_linear,572,96,0,0,True,0.8797282,0.0047196443,0.10884333,0.0067088124
21,7,none,random_linear,573,96,1,1,True,0.0006084518,0.9969591,0.0022535927,0.00017890561
21,7,none,random_linear,574,96,1,1,True,0.0028981708,0.98623693,0.010691258,0.000173665
21,7,none,random_linear,575,96,0,0,True,0.8974796,0.0005066503,0.10118861,0.00082511076
21,7,none,random_linear,576,96,0,0,True,0.9562202,0.013037412,0.016188482,0.014553914
21,7,none,random_linear,577,96,1,1,True,0.01877636,0.4907332,0.41897026,0.07152014
21,7,none,random_linear,578,96,1,1,True,0.001719908,0.93638426,0.030603917,0.031291768
21,7,none,random_linear,579,96,3,3,True,0.0071470523,0.0228661,0.23590095,0.7340859
21,7,none,random_linear,580,96,2,2,True,0.010324211,0.00012486655,0.9890938,0.00045717697
21,7,none,random_linear,581,96,3,2,False,0.050885346,0.04223325,0.8066548,0.10022658
21,7,none,random_linear,582,96,2,2,True,0.011702014,0.0023779054,0.9540775,0.03184264
21,7,none,random_linear,583,96,2,2,True,0.1627333,0.0061100135,0.44915223,0.38200447
21,7,none,random_linear,584,96,3,2,False,0.034509342,0.0017690941,0.92221826,0.041503303
21,7,none,random_linear,585,96,3,0,False,0.38848594,0.090590686,0.29256722,0.2283561
21,7,none,random_linear,586,96,2,2,True,0.018192787,0.003289538,0.9308464,0.047671214
21,7,none,random_linear,587,96,3,3,True,0.013376583,0.0012486737,0.06153583,0.9238389
21,7,none,random_linear,588,96,2,2,True,0.054860223,0.14643742,0.78402936,0.014672902
21,7,none,random_linear,589,96,2,2,True,0.04622704,0.04476364,0.9075844,0.0014248538
21,7,none,random_linear,590,96,3,0,False,0.45877087,0.33082387,0.08153083,0.12887445
21,7,none,random_linear,591,96,3,3,True,0.046119306,0.024656612,0.06439941,0.86482465
21,7,none,random_linear,592,96,2,2,True,0.05845291,0.014216154,0.8795902,0.04774074
21,7,none,random_linear,593,96,3,3,True,0.11217763,0.27024895,0.29846752,0.3191059
21,7,none,random_linear,594,96,0,0,True,0.9797856,0.00044419442,0.019333662,0.00043643705
21,7,none,random_linear,595,96,1,2,False,0.054592244,0.023539463,0.9200117,0.0018565056
21,7,none,random_linear,596,96,1,0,False,0.32415518,0.19905277,0.293637,0.18315499
21,7,none,random_linear,597,96,0,0,True,0.9885557,9.645089e-05,0.005430672,0.005917277
21,7,none,random_linear,598,96,1,0,False,0.5754675,0.320828,0.10119063,0.0025138035
21,7,none,random_linear,599,96,0,0,True,0.45198372,0.0027809986,0.32905084,0.21618447
21,7,none,random_linear,600,96,0,0,True,0.84924775,0.00016948053,0.1490665,0.0015162337
21,7,none,random_linear,601,96,1,1,True,0.021181742,0.9615359,0.015672902,0.0016095807
21,7,none,random_linear,602,96,0,0,True,0.9151794,0.008308434,0.0742069,0.0023053023
21,7,none,random_linear,603,96,1,1,True,0.04275549,0.4903154,0.46438858,0.002540583
21,7,none,random_linear,604,96,1,1,True,0.0052911527,0.7867437,0.06401682,0.1439483
21,7,none,random_linear,605,96,0,0,True,0.8899177,0.00012550807,0.09397668,0.015980165
21,7,none,random_linear,606,96,1,2,False,0.01838911,0.12075313,0.43610632,0.42475137
21,7,none,random_linear,607,96,0,2,False,0.28443897,0.0003884377,0.6559527,0.05921991
21,7,none,random_linear,608,96,0,0,True,0.7577833,0.0006863786,0.15252033,0.089010075
21,7,none,random_linear,609,96,3,3,True,0.3646069,0.010457309,0.08176921,0.5431666
21,7,none,random_linear,610,96,2,2,True,0.00051385,0.0017076419,0.9970392,0.00073932967
21,7,none,random_linear,611,96,3,2,False,0.39766285,0.07085705,0.5148567,0.016623434
21,7,none,random_linear,612,96,2,0,False,0.9378226,0.0059285997,0.03064895,0.02559991
21,7,none,random_linear,613,96,3,3,True,0.19367939,0.2427462,0.042781994,0.5207924
21,7,none,random_linear,614,96,2,2,True,0.008223788,0.0011643523,0.98793703,0.002674802
21,7,none,random_linear,615,96,2,2,True,0.0055878717,0.0013259107,0.96341395,0.029672328
21,7,none,random_linear,616,96,3,2,False,0.013958247,0.0019023756,0.9226354,0.06150396
21,7,none,random_linear,617,96,2,2,True,0.10511727,0.0068089687,0.8026393,0.0854345
21,7,none,random_linear,618,96,3,0,False,0.9177387,0.011429373,0.03569598,0.035135955
21,7,none,random_linear,619,96,2,2,True,0.09065565,0.004551784,0.6700696,0.23472296
21,7,none,random_linear,620,96,3,3,True,0.1566342,0.018276578,0.19998491,0.62510425
21,7,none,random_linear,621,96,2,0,False,0.85262674,0.0022370403,0.13209634,0.013039962
21,7,none,random_linear,622,96,3,3,True,0.45867094,0.009064243,0.028020492,0.50424427
21,7,none,random_linear,623,96,3,3,True,0.13282196,0.02248396,0.28101254,0.5636816
21,7,none,random_linear,624,96,1,1,True,0.008028196,0.94136626,0.03953918,0.011066355
21,7,none,random_linear,625,96,0,0,True,0.81108725,0.00066969404,0.17143661,0.01680651
21,7,none,random_linear,626,96,1,2,False,0.39693025,0.033202626,0.5451082,0.024758935
21,7,none,random_linear,627,96,0,0,True,0.8146239,0.09824986,0.08425038,0.0028758945
21,7,none,random_linear,628,96,1,2,False,0.03727671,0.23936701,0.68509716,0.03825911
21,7,none,random_linear,629,96,0,0,True,0.98511803,0.0021225722,0.00917728,0.0035820778
21,7,none,random_linear,630,96,0,0,True,0.9553292,4.093179e-05,0.044577543,5.2374227e-05
21,7,none,random_linear,631,96,1,0,False,0.7549542,0.12983805,0.08841532,0.026792469
21,7,none,random_linear,632,96,1,1,True,0.0026659376,0.9886819,0.0079563605,0.00069574424
21,7,none,random_linear,633,96,0,0,True,0.93104845,0.013963595,0.049677003,0.005310932
21,7,none,random_linear,634,96,0,0,True,0.9964483,1.167618e-05,0.0034646562,7.542668e-05
21,7,none,random_linear,635,96,1,1,True,0.002919309,0.92206,0.073989,0.0010317334
21,7,none,random_linear,636,96,1,1,True,0.014282795,0.6101751,0.37472954,0.0008125943
21,7,none,random_linear,637,96,0,0,True,0.9950734,0.0026997263,0.0017454573,0.00048150937
21,7,none,random_linear,638,96,0,0,True,0.713126,0.007012382,0.10207337,0.17778826
21,7,none,random_linear,639,96,2,2,True,0.0046557183,0.013867321,0.98066986,0.00080716365
21,7,none,random_linear,640,96,3,2,False,0.029852515,0.007262797,0.93182373,0.03106101
21,7,none,random_linear,641,96,2,2,True,0.1237441,0.0044309306,0.67421865,0.19760635
21,7,none,random_linear,642,96,3,2,False,0.018260233,0.016296644,0.88312805,0.082315095
21,7,none,random_linear,643,96,3,0,False,0.52240235,0.047935657,0.055082455,0.37457955
21,7,none,random_linear,644,96,2,2,True,0.010337626,0.059865694,0.9175883,0.012208409
21,7,none,random_linear,645,96,3,0,False,0.61641634,0.07912,0.12692828,0.17753537
21,7,none,random_linear,646,96,2,2,True,0.23936556,0.0946328,0.657029,0.008972662
21,7,none,random_linear,647,96,2,2,True,0.022520443,0.008032538,0.9648685,0.0045785853
21,7,none,random_linear,648,96,3,2,False,0.38925374,0.059925195,0.49503,0.055791028
21,7,none,random_linear,649,96,2,2,True,0.1637096,0.07217893,0.61364245,0.15046905
21,7,none,random_linear,650,96,3,0,False,0.45504442,0.017102756,0.19116662,0.33668625
21,7,none,random_linear,651,96,2,2,True,0.2123677,0.09344336,0.66045624,0.0337327
21,7,none,random_linear,652,96,3,0,False,0.660776,0.015612111,0.23324777,0.090364136
21,7,none,random_linear,653,96,3,1,False,0.042065803,0.65207434,0.16993728,0.13592261
21,7,none,random_linear,654,97,0,0,True,0.6370144,0.07348956,0.24673265,0.04276342
21,7,none,random_linear,655,97,1,1,True,0.05916359,0.9042321,0.015537043,0.021067254
21,7,none,random_linear,656,97,1,1,True,0.2128109,0.73245937,0.038848292,0.015881447
21,7,none,random_linear,657,97,0,0,True,0.90395075,0.049619805,0.040849324,0.00558011
21,7,none,random_linear,658,97,0,0,True,0.9896868,0.0008902407,0.008105217,0.0013176884
21,7,none,random_linear,659,97,1,1,True,0.0048551266,0.95242167,0.014712862,0.028010435
21,7,none,random_linear,660,97,0,0,True,0.51623017,0.06724671,0.4091956,0.007327443
21,7,none,random_linear,661,97,1,1,True,0.0002527666,0.97196734,0.016779488,0.011000359
21,7,none,random_linear,662,97,0,3,False,0.14741105,0.23396543,0.29925928,0.31936428
21,7,none,random_linear,663,97,1,1,True,0.11628142,0.8030021,0.0183543,0.06236217
21,7,none,random_linear,664,97,1,1,True,0.0022947951,0.9949057,0.00048528836,0.0023141613
21,7,none,random_linear,665,97,0,0,True,0.869208,0.0042850166,0.021825405,0.10468159
21,7,none,random_linear,666,97,1,2,False,0.099878535,0.1522797,0.6536426,0.09419916
21,7,none,random_linear,667,97,0,0,True,0.40233812,0.18582657,0.14210464,0.26973072
21,7,none,random_linear,668,97,0,0,True,0.8479201,0.12195078,0.013056274,0.017072853
21,7,none,random_linear,669,97,3,0,False,0.42534974,0.069244266,0.30056465,0.20484136
21,7,none,random_linear,670,97,2,0,False,0.84234667,0.10865192,0.032135997,0.016865354
21,7,none,random_linear,671,97,3,3,True,0.004531292,0.04319338,0.031261925,0.92101336
21,7,none,random_linear,672,97,2,1,False,0.0032441192,0.7497736,0.117933035,0.12904924
21,7,none,random_linear,673,97,3,3,True,0.09394812,0.30297193,0.0024870664,0.60059285
21,7,none,random_linear,674,97,2,2,True,0.09221709,0.24965057,0.47884893,0.17928343
21,7,none,random_linear,675,97,3,2,False,0.01742228,0.19955453,0.73842484,0.0445984
21,7,none,random_linear,676,97,2,1,False,0.03467699,0.8866069,0.0122051295,0.066511035
21,7,none,random_linear,677,97,3,1,False,0.014477657,0.4420229,0.39899585,0.1445036
21,7,none,random_linear,678,97,2,2,True,0.11311489,0.07351068,0.7846663,0.028708113
21,7,none,random_linear,679,97,3,3,True,0.18231042,0.036845505,0.05108557,0.7297585
21,7,none,random_linear,680,97,2,3,False,0.019439796,0.009304579,0.0013211357,0.96993446
21,7,none,random_linear,681,97,3,3,True,0.13259357,0.01359688,0.17182814,0.6819814
21,7,none,random_linear,682,97,2,1,False,0.011538244,0.7963237,0.10606992,0.086068146
21,7,none,random_linear,683,97,2,1,False,0.024512324,0.89450586,0.01616537,0.06481639
21,7,none,random_linear,684,97,0,2,False,0.27625772,0.26347414,0.33559176,0.124676436
21,7,none,random_linear,685,97,1,0,False,0.73661685,0.15428117,0.10602601,0.0030760688
21,7,none,random_linear,686,97,1,1,True,0.004883277,0.97883976,0.013116711,0.0031602862
21,7,none,random_linear,687,97,0,0,True,0.5134982,0.012484279,0.34678045,0.12723704
21,7,none,random_linear,688,97,1,1,True,0.28599447,0.35991812,0.23992713,0.114160314
21,7,none,random_linear,689,97,0,0,True,0.49310368,0.03507485,0.43474516,0.03707635
21,7,none,random_linear,690,97,1,2,False,0.039104365,0.012667417,0.5449882,0.40323997
21,7,none,random_linear,691,97,0,3,False,0.20699184,0.18893878,0.101984546,0.50208485
21,7,none,random_linear,692,97,1,1,True,0.09788462,0.5445593,0.098441035,0.25911498
21,7,none,random_linear,693,97,0,0,True,0.66130567,0.009772029,0.07253746,0.25638488
21,7,none,random_linear,694,97,0,0,True,0.9570315,0.003891528,0.035750084,0.0033269466
21,7,none,random_linear,695,97,1,1,True,0.0025093476,0.52075285,0.39092723,0.08581061
21,7,none,random_linear,696,97,0,3,False,0.18771847,0.00913446,0.01697162,0.78617543
21,7,none,random_linear,697,97,1,1,True,0.06753632,0.77499586,0.020141043,0.1373267
21,7,none,random_linear,698,97,1,3,False,0.0046387296,0.24235086,0.0037900049,0.7492205
21,7,none,random_linear,699,97,3,3,True,0.0068681147,0.0885413,0.31873918,0.58585143
21,7,none,random_linear,700,97,2,0,False,0.61592126,0.023697987,0.33171642,0.028664311
21,7,none,random_linear,701,97,2,2,True,0.041867442,0.20122947,0.63388133,0.12302183
21,7,none,random_linear,702,97,3,2,False,0.014129319,0.06826796,0.7910757,0.12652706
21,7,none,random_linear,703,97,3,1,False,0.2976475,0.44524178,0.21437798,0.04273264
21,7,none,random_linear,704,97,2,1,False,0.14381358,0.73662883,0.04473063,0.07482691
21,7,none,random_linear,705,97,2,2,True,0.0119491555,0.33048385,0.5194384,0.13812861
21,7,none,random_linear,706,97,3,2,False,0.14945488,0.07043073,0.63374513,0.14636928
21,7,none,random_linear,707,97,2,2,True,0.021119703,0.042602047,0.8319257,0.10435246
21,7,none,random_linear,708,97,3,3,True,0.005385675,0.18880437,0.19285364,0.6129563
21,7,none,random_linear,709,97,3,3,True,0.234028,0.019857522,0.20001625,0.54609823
21,7,none,random_linear,710,97,2,2,True,0.030338617,0.03855589,0.54643375,0.38467175
21,7,none,random_linear,711,97,3,3,True,0.3174376,0.08304205,0.16604027,0.43348008
21,7,none,random_linear,712,97,2,0,False,0.4741716,0.004661825,0.43742633,0.08374017
21,7,none,random_linear,713,97,3,1,False,0.19732217,0.38746607,0.069453225,0.34575856
21,7,none,random_linear,714,97,1,1,True,0.07086134,0.44002512,0.22129913,0.2678144
21,7,none,random_linear,715,97,0,1,False,0.22131568,0.4816085,0.26450026,0.032575622
21,7,none,random_linear,716,97,1,1,True,0.0339934,0.78152764,0.13745853,0.047020357
21,7,none,random_linear,717,97,0,0,True,0.9569814,0.030966273,0.01144756,0.0006047541
21,7,none,random_linear,718,97,1,2,False,0.13056424,0.15746883,0.65029997,0.061666947
21,7,none,random_linear,719,97,0,0,True,0.81145376,0.018782118,0.10985645,0.059907604
21,7,none,random_linear,720,97,0,0,True,0.9661991,0.001954647,0.019614812,0.01223149
21,7,none,random_linear,721,97,1,1,True,0.038024124,0.6340808,0.16304791,0.16484709
21,7,none,random_linear,722,97,1,1,True,0.00841592,0.5323255,0.17793234,0.28132623
21,7,none,random_linear,723,97,0,0,True,0.9043472,0.025381312,0.027628712,0.042642772
21,7,none,random_linear,724,97,1,1,True,0.04356205,0.85520774,0.03179307,0.06943702
21,7,none,random_linear,725,97,0,0,True,0.7261102,0.0535961,0.11625552,0.104038216
21,7,none,random_linear,726,97,0,0,True,0.98484325,0.0012572465,0.00897345,0.0049260803
21,7,none,random_linear,727,97,1,2,False,0.112791546,0.097009905,0.5616958,0.22850274
21,7,none,random_linear,728,97,0,0,True,0.9429331,0.0020125518,0.032526787,0.022527616
21,7,none,random_linear,729,97,3,0,False,0.35459423,0.03791673,0.27507362,0.33241543
21,7,none,random_linear,730,97,2,1,False,0.0019546382,0.81424946,0.048154093,0.13564186
21,7,none,random_linear,731,97,2,2,True,0.04146869,0.055425223,0.87036747,0.03273863
21,7,none,random_linear,732,97,3,0,False,0.6722807,0.14122358,0.12429957,0.062196095
21,7,none,random_linear,733,97,2,2,True,0.17698163,0.12764975,0.4058354,0.28953323
21,7,none,random_linear,734,97,3,0,False,0.4552763,0.2396288,0.22019245,0.08490244
21,7,none,random_linear,735,97,2,0,False,0.58710307,0.23554909,0.13453111,0.042816747
21,7,none,random_linear,736,97,3,3,True,0.07372981,0.14354716,0.18509904,0.597624
21,7,none,random_linear,737,97,3,3,True,0.1364107,0.103481926,0.32863492,0.43147245
21,7,none,random_linear,738,97,2,2,True,0.09587782,0.10878589,0.7022446,0.09309177
21,7,none,random_linear,739,97,3,3,True,0.020687038,0.058454394,0.31266543,0.60819316
21,7,none,random_linear,740,97,2,1,False,0.20333265,0.41295052,0.21572456,0.16799222
21,7,none,random_linear,741,97,2,1,False,0.084901914,0.34404165,0.2850018,0.28605452
21,7,none,random_linear,742,97,3,3,True,0.24851689,0.0717917,0.31699896,0.36269245
21,7,none,random_linear,743,97,2,0,False,0.689577,0.116936594,0.151748,0.04173851
21,7,none,random_linear,744,98,0,0,True,0.90883166,0.015547141,0.075003445,0.0006177294
21,7,none,random_linear,745,98,1,2,False,0.0446246,0.2751968,0.671505,0.008673642
21,7,none,random_linear,746,98,1,1,True,0.094906814,0.8177203,0.07841408,0.008958907
21,7,none,random_linear,747,98,0,0,True,0.76087403,0.07923166,0.15580092,0.0040934817
21,7,none,random_linear,748,98,0,0,True,0.59037936,0.05712988,0.30188483,0.050605852
21,7,none,random_linear,749,98,1,1,True,0.046151694,0.7426967,0.20376858,0.0073830844
21,7,none,random_linear,750,98,1,1,True,0.026018538,0.951825,0.018049417,0.0041070357
21,7,none,random_linear,751,98,0,2,False,0.12935875,0.40961292,0.4372422,0.023786103
21,7,none,random_linear,752,98,1,1,True,0.086528905,0.795549,0.11215011,0.0057719327
21,7,none,random_linear,753,98,0,2,False,0.38399565,0.117028,0.4968287,0.0021476173
21,7,none,random_linear,754,98,1,1,True,0.057164673,0.93161714,0.009615007,0.0016031085
21,7,none,random_linear,755,98,0,0,True,0.81905097,0.04922615,0.12700003,0.0047228537
21,7,none,random_linear,756,98,0,2,False,0.09768522,0.39514536,0.5037937,0.0033756502
21,7,none,random_linear,757,98,1,2,False,0.1089026,0.30730656,0.45487514,0.1289157
21,7,none,random_linear,758,98,0,2,False,0.19651942,0.1690342,0.60752344,0.026922967
21,7,none,random_linear,759,98,3,3,True,0.044051606,0.0079554925,0.010997258,0.9369956
21,7,none,random_linear,760,98,2,2,True,0.100896,0.05065345,0.76699877,0.08145181
21,7,none,random_linear,761,98,3,3,True,0.029296549,0.032940626,0.110166036,0.8275968
21,7,none,random_linear,762,98,2,0,False,0.40966064,0.32770005,0.25720844,0.005430896
21,7,none,random_linear,763,98,2,0,False,0.6392758,0.081502765,0.25812373,0.02109779
21,7,none,random_linear,764,98,3,1,False,0.021032399,0.35113806,0.32510722,0.3027224
21,7,none,random_linear,765,98,2,2,True,0.07283069,0.023394192,0.8903792,0.013395881
21,7,none,random_linear,766,98,3,2,False,0.124261804,0.2556899,0.45836166,0.16168658
21,7,none,random_linear,767,98,2,2,True,0.12944624,0.006668658,0.81449455,0.049390543
21,7,none,random_linear,768,98,3,3,True,0.051710922,0.055827796,0.02798708,0.86447424
21,7,none,random_linear,769,98,3,3,True,0.25782472,0.05066768,0.15520848,0.5362991
21,7,none,random_linear,770,98,2,2,True,0.065857194,0.023147248,0.871511,0.03948458
21,7,none,random_linear,771,98,2,2,True,0.3569902,0.02091691,0.4169128,0.20518006
21,7,none,random_linear,772,98,3,0,False,0.7291937,0.09602592,0.08269057,0.09208985
21,7,none,random_linear,773,98,3,2,False,0.17846584,0.09296923,0.57267326,0.15589161
21,7,none,random_linear,774,98,1,1,True,0.014532416,0.890275,0.0901842,0.0050083413
21,7,none,random_linear,775,98,0,0,True,0.47257233,0.11126925,0.38830408,0.027854288
21,7,none,random_linear,776,98,0,0,True,0.7693885,0.022429677,0.19798882,0.010193033
21,7,none,random_linear,777,98,1,2,False,0.10002002,0.3397632,0.45548192,0.10473494
21,7,none,random_linear,778,98,0,0,True,0.9410977,0.011294152,0.041010376,0.0065977895
21,7,none,random_linear,779,98,1,2,False,0.063695565,0.16377349,0.7042443,0.06828665
21,7,none,random_linear,780,98,1,1,True,0.062369905,0.38754177,0.33392823,0.21616004
21,7,none,random_linear,781,98,0,0,True,0.887629,0.0035842662,0.090893604,0.017893154
21,7,none,random_linear,782,98,0,0,True,0.67894334,0.13977063,0.16546436,0.015821647
21,7,none,random_linear,783,98,1,1,True,0.14573877,0.5405678,0.25754195,0.056151457
21,7,none,random_linear,784,98,0,0,True,0.66289014,0.013206391,0.24412322,0.079780266
21,7,none,random_linear,785,98,1,1,True,0.035539635,0.6403675,0.3144125,0.00968042
21,7,none,random_linear,786,98,1,1,True,0.05433527,0.55915534,0.12487824,0.2616312
21,7,none,random_linear,787,98,0,0,True,0.9836956,0.0033753852,0.009880379,0.0030486633
21,7,none,random_linear,788,98,0,2,False,0.088478394,0.028787391,0.85260314,0.03013103
21,7,none,random_linear,789,98,3,3,True,0.17776537,0.1501546,0.16697533,0.5051047
21,7,none,random_linear,790,98,2,2,True,0.35438854,0.023399504,0.59449136,0.027720613
21,7,none,random_linear,791,98,3,2,False,0.23549019,0.08852115,0.45527858,0.22071008
21,7,none,random_linear,792,98,2,2,True,0.039301954,0.049268756,0.9100338,0.0013953969
21,7,none,random_linear,793,98,2,0,False,0.4830991,0.13564079,0.35230052,0.028959572
21,7,none,random_linear,794,98,3,3,True,0.13533369,0.13110428,0.10925776,0.6243043
21,7,none,random_linear,795,98,2,2,True,0.25161287,0.08680196,0.6209609,0.040624216
21,7,none,random_linear,796,98,3,3,True,0.1153265,0.021569198,0.035758466,0.8273458
21,7,none,random_linear,797,98,3,2,False,0.124502055,0.008739564,0.4705608,0.39619762
21,7,none,random_linear,798,98,2,2,True,0.050060045,0.045203406,0.69151187,0.21322471
21,7,none,random_linear,799,98,2,2,True,0.07097772,0.048831195,0.8708718,0.009319338
21,7,none,random_linear,800,98,3,2,False,0.3132113,0.32733226,0.35578236,0.0036741125
21,7,none,random_linear,801,98,2,3,False,0.2098268,0.093938574,0.2644132,0.43182144
21,7,none,random_linear,802,98,3,3,True,0.049633328,0.027987674,0.12500907,0.7973699
21,7,none,random_linear,803,98,3,2,False,0.23618892,0.013277724,0.5598865,0.19064689
21,7,none,random_linear,804,98,0,2,False,0.33595493,0.063483536,0.5778719,0.022689594
21,7,none,random_linear,805,98,1,0,False,0.4697789,0.07233355,0.11144835,0.34643915
21,7,none,random_linear,806,98,1,0,False,0.44679832,0.16038334,0.21545067,0.17736763
21,7,none,random_linear,807,98,0,0,True,0.4339256,0.24104452,0.29666,0.028369838
21,7,none,random_linear,808,98,0,1,False,0.18469356,0.76449895,0.044147536,0.006659899
21,7,none,random_linear,809,98,1,3,False,0.33261216,0.04546777,0.053432647,0.5684874
21,7,none,random_linear,810,98,1,0,False,0.4015461,0.08154461,0.29240316,0.2245061
21,7,none,random_linear,811,98,0,0,True,0.8074208,0.01683001,0.13912539,0.036623683
21,7,none,random_linear,812,98,0,0,True,0.5018639,0.2677465,0.19872607,0.03166355
21,7,none,random_linear,813,98,1,0,False,0.9876988,0.007706844,0.0024244403,0.002169885
21,7,none,random_linear,814,98,0,2,False,0.21056148,0.24016947,0.42026156,0.12900756
21,7,none,random_linear,815,98,1,0,False,0.72606593,0.09530127,0.12522726,0.053405512
21,7,none,random_linear,816,98,1,0,False,0.6702614,0.04892748,0.16123766,0.11957355
21,7,none,random_linear,817,98,0,2,False,0.09686153,0.114662714,0.74948835,0.03898734
21,7,none,random_linear,818,98,1,1,True,0.21379755,0.41995257,0.34103304,0.025216853
21,7,none,random_linear,819,98,2,0,False,0.73295915,0.036323525,0.19831102,0.032406356
21,7,none,random_linear,820,98,3,1,False,0.0057720807,0.97508246,0.017577229,0.0015682975
21,7,none,random_linear,821,98,3,1,False,0.12579606,0.43090355,0.29202494,0.15127541
21,7,none,random_linear,822,98,2,0,False,0.7426106,0.010834312,0.17605273,0.07050238
21,7,none,random_linear,823,98,2,0,False,0.4014911,0.01659187,0.36341637,0.21850064
21,7,none,random_linear,824,98,3,2,False,0.018346813,0.120941676,0.7275357,0.13317584
21,7,none,random_linear,825,98,3,2,False,0.108499184,0.01424165,0.4778941,0.39936504
21,7,none,random_linear,826,98,2,2,True,0.38666895,0.09018876,0.4437114,0.07943095
21,7,none,random_linear,827,98,3,3,True,0.14680213,0.28314924,0.15430625,0.4157424
21,7,none,random_linear,828,98,2,0,False,0.4809468,0.07512014,0.4350999,0.008833072
21,7,none,random_linear,829,98,3,0,False,0.38581297,0.09198764,0.27402073,0.24817868
21,7,none,random_linear,830,98,2,0,False,0.6293363,0.02190752,0.16976866,0.17898753
21,7,none,random_linear,831,98,3,3,True,0.13867395,0.08170342,0.36625206,0.41337064
21,7,none,random_linear,832,98,2,0,False,0.82629424,0.012366967,0.11460104,0.046737842
21,7,none,random_linear,833,98,3,1,False,0.25256768,0.7245656,0.013877439,0.008989305
21,7,none,random_linear,834,99,1,1,True,0.06485557,0.44268706,0.3194464,0.17301096
21,7,none,random_linear,835,99,0,2,False,0.097587466,0.007231924,0.8904327,0.004747939
21,7,none,random_linear,836,99,0,0,True,0.72098416,0.056971587,0.09611016,0.12593408
21,7,none,random_linear,837,99,1,3,False,0.072406165,0.11811501,0.008136803,0.80134207
21,7,none,random_linear,838,99,0,1,False,0.10605315,0.41850075,0.17630796,0.29913813
21,7,none,random_linear,839,99,1,0,False,0.45128682,0.06657562,0.05510396,0.42703357
21,7,none,random_linear,840,99,1,3,False,0.18413231,0.19104207,0.2904726,0.33435303
21,7,none,random_linear,841,99,0,2,False,0.17645156,0.089769274,0.49605185,0.23772721
21,7,none,random_linear,842,99,0,3,False,0.23474595,0.071347035,0.11636817,0.57753885
21,7,none,random_linear,843,99,1,2,False,0.038790446,0.004354867,0.72704786,0.22980686
21,7,none,random_linear,844,99,1,1,True,0.00097580394,0.99447566,0.0042118784,0.0003366273
21,7,none,random_linear,845,99,0,2,False,0.06775527,0.107093565,0.63903207,0.18611908
21,7,none,random_linear,846,99,1,1,True,0.04172669,0.53045994,0.36685058,0.060962826
21,7,none,random_linear,847,99,0,0,True,0.4223979,0.0058480334,0.30650944,0.26524466
21,7,none,random_linear,848,99,1,1,True,0.027571235,0.66448706,0.1591858,0.1487559
21,7,none,random_linear,849,99,3,1,False,0.06775588,0.48352364,0.30420446,0.14451599
21,7,none,random_linear,850,99,2,3,False,0.14054114,0.066451,0.20753638,0.58547145
21,7,none,random_linear,851,99,3,2,False,0.10383026,0.0734895,0.70255774,0.12012255
21,7,none,random_linear,852,99,2,2,True,0.042912103,0.0056600124,0.9481794,0.003248402
21,7,none,random_linear,853,99,3,2,False,0.24777105,0.0476295,0.57341594,0.13118343
21,7,none,random_linear,854,99,2,2,True,0.07706753,0.015949056,0.90278405,0.0041993205
21,7,none,random_linear,855,99,3,2,False,0.06528928,0.2859001,0.63252,0.016290596
21,7,none,random_linear,856,99,2,2,True,0.21970876,0.018203713,0.46839857,0.2936889
21,7,none,random_linear,857,99,2,0,False,0.30192992,0.27936435,0.24307026,0.17563549
21,7,none,random_linear,858,99,3,0,False,0.8559474,0.012531866,0.06369581,0.06782498
21,7,none,random_linear,859,99,3,2,False,0.10536171,0.061400868,0.4290211,0.40421632
21,7,none,random_linear,860,99,2,3,False,0.27774984,0.13932906,0.14687371,0.43604743
21,7,none,random_linear,861,99,2,2,True,0.29977238,0.017322905,0.66112256,0.021782164
21,7,none,random_linear,862,99,3,3,True,0.025188776,0.012355692,0.20113096,0.7613246
21,7,none,random_linear,863,99,3,3,True,0.10804965,0.07674689,0.20263165,0.61257184
21,7,none,random_linear,864,99,0,0,True,0.8969768,0.0016065994,0.077550285,0.023866335
21,7,none,random_linear,865,99,1,0,False,0.49842125,0.07184131,0.27761266,0.15212478
21,7,none,random_linear,866,99,0,3,False,0.3504454,0.13761237,0.028156947,0.48378524
21,7,none,random_linear,867,99,1,0,False,0.37716874,0.3282826,0.1522489,0.14229976
21,7,none,random_linear,868,99,1,1,True,0.0045974017,0.8884674,0.021162942,0.08577233
21,7,none,random_linear,869,99,0,0,True,0.8440443,0.0039880686,0.06902568,0.08294183
21,7,none,random_linear,870,99,1,2,False,0.34742257,0.22220926,0.41270375,0.017664518
21,7,none,random_linear,871,99,0,0,True,0.7574409,0.0021030963,0.15961358,0.08084234
21,7,none,random_linear,872,99,1,0,False,0.42062914,0.13153563,0.32509017,0.122745
21,7,none,random_linear,873,99,0,3,False,0.3792986,0.0016371213,0.018127328,0.6009369
21,7,none,random_linear,874,99,1,3,False,0.34565714,0.013452965,0.103545256,0.53734463
21,7,none,random_linear,875,99,0,2,False,0.2515341,0.029648697,0.63347024,0.08534689
21,7,none,random_linear,876,99,1,2,False,0.47031736,0.028060695,0.4721126,0.029509246
21,7,none,random_linear,877,99,0,0,True,0.62757206,0.057288684,0.14069754,0.17444174
21,7,none,random_linear,878,99,0,0,True,0.99056315,0.00046131914,0.0057597184,0.0032157758
21,7,none,random_linear,879,99,2,3,False,0.039929166,0.011039593,0.061940175,0.88709104
21,7,none,random_linear,880,99,3,2,False,0.01675569,0.013344885,0.8038629,0.16603641
21,7,none,random_linear,881,99,2,1,False,0.29451385,0.37721518,0.08473988,0.24353102
21,7,none,random_linear,882,99,3,3,True,0.16237015,0.036806505,0.38783708,0.41298625
21,7,none,random_linear,883,99,3,0,False,0.74291945,0.021715675,0.22091876,0.014446148
21,7,none,random_linear,884,99,2,0,False,0.60010356,0.008431696,0.38612676,0.0053380174
21,7,none,random_linear,885,99,3,2,False,0.33009273,0.02277264,0.45936623,0.18776841
21,7,none,random_linear,886,99,2,0,False,0.50276065,0.007266241,0.38176537,0.10820778
21,7,none,random_linear,887,99,2,1,False,0.14677276,0.7479391,0.0036069592,0.1016812
21,7,none,random_linear,888,99,3,0,False,0.64494234,0.012614302,0.012388065,0.3300552
21,7,none,random_linear,889,99,2,3,False,0.3490988,0.009961392,0.019835329,0.6211044
21,7,none,random_linear,890,99,3,2,False,0.035437644,0.054820515,0.5636945,0.3460474
21,7,none,random_linear,891,99,2,2,True,0.039956093,0.007628578,0.65250725,0.29990807
21,7,none,random_linear,892,99,3,2,False,0.041332554,0.013613069,0.58786905,0.35718527
21,7,none,random_linear,893,99,3,2,False,0.07221649,0.1284196,0.5850801,0.2142838
21,7,none,random_linear,894,99,0,0,True,0.65942526,0.0038680336,0.3193683,0.01733834
21,7,none,random_linear,895,99,1,0,False,0.8709547,0.0031238531,0.017285144,0.108636394
21,7,none,random_linear,896,99,0,2,False,0.21370392,0.33248055,0.34450668,0.109308854
21,7,none,random_linear,897,99,1,1,True,0.23086414,0.4296263,0.28417665,0.05533283
21,7,none,random_linear,898,99,1,1,True,0.070454784,0.77483904,0.08047979,0.07422637
21,7,none,random_linear,899,99,0,2,False,0.16649488,0.0063474113,0.6674385,0.15971923
21,7,none,random_linear,900,99,0,2,False,0.06873122,0.010680422,0.90696055,0.013627716
21,7,none,random_linear,901,99,1,1,True,0.010892398,0.44908977,0.25244343,0.28757432
21,7,none,random_linear,902,99,0,2,False,0.020196583,0.030015424,0.9333832,0.016404735
21,7,none,random_linear,903,99,1,0,False,0.740628,0.08869999,0.020779112,0.1498929
21,7,none,random_linear,904,99,1,2,False,0.09622851,0.10106266,0.45349658,0.34921223
21,7,none,random_linear,905,99,0,2,False,0.04607751,0.017907498,0.8306934,0.10532163
21,7,none,random_linear,906,99,0,0,True,0.42940953,0.0031151965,0.14889172,0.41858357
21,7,none,random_linear,907,99,1,2,False,0.13119753,0.064014845,0.6756483,0.12913936
21,7,none,random_linear,908,99,1,2,False,0.034754597,0.012261034,0.84149516,0.11148928
21,7,none,random_linear,909,99,2,2,True,0.01820086,0.018136045,0.60170937,0.36195368
21,7,none,random_linear,910,99,3,1,False,0.047166113,0.44816747,0.0675199,0.43714648
21,7,none,random_linear,911,99,2,2,True,0.059998807,0.066375695,0.8428414,0.030784152
21,7,none,random_linear,912,99,3,2,False,0.026261771,0.04040892,0.8925594,0.04076993
21,7,none,random_linear,913,99,3,2,False,0.114755206,0.023213446,0.7287916,0.13323976
21,7,none,random_linear,914,99,2,3,False,0.08725922,0.022324886,0.41292048,0.47749537
21,7,none,random_linear,915,99,2,3,False,0.027412295,0.0458122,0.23250884,0.6942667
21,7,none,random_linear,916,99,3,3,True,0.04743188,0.045578636,0.38867393,0.51831555
21,7,none,random_linear,917,99,3,0,False,0.8708753,0.0011017218,0.10280166,0.025221381
21,7,none,random_linear,918,99,2,0,False,0.86425537,0.0026812602,0.10932609,0.023737237
21,7,none,random_linear,919,99,3,0,False,0.35370252,0.27364212,0.0998664,0.27278903
21,7,none,random_linear,920,99,2,2,True,0.094795875,0.035181303,0.7959669,0.07405594
21,7,none,random_linear,921,99,3,2,False,0.016858978,0.03466364,0.8958024,0.052674994
21,7,none,random_linear,922,99,2,2,True,0.013489469,0.39916605,0.57084113,0.016503332
21,7,none,random_linear,923,99,3,3,True,0.04473802,0.03701922,0.072346635,0.8458961
21,7,none,random_linear,924,100,0,0,True,0.9335007,0.011474268,0.05073395,0.0042910674
21,7,none,random_linear,925,100,1,1,True,0.034582198,0.44271874,0.095982775,0.42671627
21,7,none,random_linear,926,100,1,1,True,0.011990911,0.89023226,0.024197912,0.07357883
21,7,none,random_linear,927,100,0,1,False,0.07039842,0.54181474,0.12725979,0.2605271
21,7,none,random_linear,928,100,0,0,True,0.9964761,0.00041471078,0.00085447275,0.0022547673
21,7,none,random_linear,929,100,1,3,False,0.19516301,0.22480093,0.1952755,0.38476047
21,7,none,random_linear,930,100,0,0,True,0.9983329,2.2703427e-05,0.00066680706,0.0009775329
21,7,none,random_linear,931,100,1,3,False,0.067691505,0.104990795,0.37294006,0.45437768
21,7,none,random_linear,932,100,1,1,True,0.00060439017,0.99728346,0.001898903,0.00021313598
21,7,none,random_linear,933,100,0,2,False,0.24035047,0.05993007,0.48727494,0.21244445
21,7,none,random_linear,934,100,1,1,True,0.010826323,0.79905427,0.1572103,0.03290902
21,7,none,random_linear,935,100,0,2,False,0.46792814,0.0038802382,0.51156145,0.016630175
21,7,none,random_linear,936,100,3,3,True,0.13313328,0.015061275,0.0035633245,0.8482421
21,7,none,random_linear,937,100,2,2,True,0.4652551,0.022338951,0.49694398,0.015462001
21,7,none,random_linear,938,100,3,3,True,0.22738364,0.011367093,0.019618986,0.74163026
21,7,none,random_linear,939,100,2,2,True,0.11583034,0.28223333,0.48391524,0.11802106
21,7,none,random_linear,940,100,3,0,False,0.46277946,0.0052642557,0.29498476,0.23697153
21,7,none,random_linear,941,100,2,2,True,0.23362945,0.041036386,0.71944547,0.005888693
21,7,none,random_linear,942,100,3,0,False,0.57937515,0.15924132,0.07679675,0.18458675
21,7,none,random_linear,943,100,2,2,True,0.08239719,0.006967213,0.90833116,0.002304418
21,7,none,random_linear,944,100,3,2,False,0.26591372,0.029798811,0.6893817,0.014905656
21,7,none,random_linear,945,100,2,2,True,0.071436286,0.1356494,0.7899719,0.002942412
21,7,none,random_linear,946,100,3,1,False,0.003627057,0.86837727,0.051764622,0.076230995
21,7,none,random_linear,947,100,2,2,True,0.25476298,0.013068003,0.71331805,0.018850947
21,7,none,random_linear,948,100,1,1,True,0.0031553004,0.9642291,0.032276943,0.00033859967
21,7,none,random_linear,949,100,0,0,True,0.672154,0.028725281,0.27498055,0.024140129
21,7,none,random_linear,950,100,0,0,True,0.8917489,0.013427914,0.029992884,0.064830296
21,7,none,random_linear,951,100,1,1,True,0.10016236,0.56129503,0.29804778,0.040494904
21,7,none,random_linear,952,100,1,1,True,0.21079402,0.5825979,0.073807195,0.13280082
21,7,none,random_linear,953,100,0,2,False,0.15752788,0.11392465,0.6860896,0.04245791
21,7,none,random_linear,954,100,0,0,True,0.76051456,0.06289764,0.025137715,0.15145005
21,7,none,random_linear,955,100,1,1,True,0.0012181661,0.9858935,0.0047139293,0.008174389
21,7,none,random_linear,956,100,1,1,True,0.042528726,0.64645207,0.009547629,0.3014716
21,7,none,random_linear,957,100,0,1,False,0.026609022,0.6547704,0.2428192,0.07580145
21,7,none,random_linear,958,100,0,0,True,0.9572038,0.011809422,0.026688874,0.004297822
21,7,none,random_linear,959,100,1,1,True,0.0013838332,0.9923625,0.0050018537,0.001251675
21,7,none,random_linear,960,100,3,3,True,0.18470511,0.014997486,0.087161645,0.71313584
21,7,none,random_linear,961,100,2,2,True,0.075399145,0.0053169383,0.8257496,0.093534395
21,7,none,random_linear,962,100,2,2,True,0.24868223,0.012813117,0.7194112,0.019093446
21,7,none,random_linear,963,100,3,3,True,0.1089488,0.2798422,0.023149911,0.5880591
21,7,none,random_linear,964,100,2,0,False,0.52248186,0.3590001,0.10688912,0.011628939
21,7,none,random_linear,965,100,3,0,False,0.90271175,0.0013616657,0.00994651,0.085980006
21,7,none,random_linear,966,100,2,2,True,0.031446885,0.332139,0.58712465,0.04928945
21,7,none,random_linear,967,100,3,0,False,0.8390479,0.037290927,0.043085888,0.08057531
21,7,none,random_linear,968,100,2,0,False,0.7281017,0.18121819,0.08666738,0.004012704
21,7,none,random_linear,969,100,3,1,False,0.1018306,0.7159415,0.0968358,0.08539213
21,7,none,random_linear,970,100,2,0,False,0.5841119,0.16426991,0.100221984,0.15139624
21,7,none,random_linear,971,100,3,0,False,0.41147935,0.31990328,0.05974518,0.2088722
21,7,none,random_linear,972,100,1,1,True,0.0033679937,0.9725744,0.0047325683,0.01932506
21,7,none,random_linear,973,100,0,0,True,0.9353877,0.023374882,0.018548518,0.022688987
21,7,none,random_linear,974,100,0,2,False,0.007494317,0.02536827,0.72863317,0.23850423
21,7,none,random_linear,975,100,1,2,False,0.33894992,0.018196858,0.6164989,0.026354408
21,7,none,random_linear,976,100,1,1,True,0.00066964776,0.9920099,0.0070533096,0.00026712535
21,7,none,random_linear,977,100,0,0,True,0.9990434,4.0152605e-05,0.00080262637,0.000113818285
21,7,none,random_linear,978,100,0,0,True,0.8218081,0.007083057,0.15125237,0.019856447
21,7,none,random_linear,979,100,1,1,True,0.13161093,0.7979653,0.008126223,0.062297497
21,7,none,random_linear,980,100,1,1,True,0.010892883,0.4864322,0.4448612,0.05781368
21,7,none,random_linear,981,100,0,0,True,0.8450596,0.007761246,0.14597459,0.0012046685
21,7,none,random_linear,982,100,0,0,True,0.76165974,0.04602646,0.11496211,0.07735167
21,7,none,random_linear,983,100,1,1,True,0.06649551,0.7968776,0.10842794,0.028198905
21,7,none,random_linear,984,100,2,2,True,0.32651275,0.07863394,0.50498986,0.08986338
21,7,none,random_linear,985,100,3,3,True,0.012375336,0.03000373,0.37994033,0.5776806
21,7,none,random_linear,986,100,2,3,False,0.2822425,0.19172248,0.16302931,0.36300573
21,7,none,random_linear,987,100,3,3,True,0.01675727,0.4418119,0.075271584,0.46615922
21,7,none,random_linear,988,100,3,1,False,0.04838848,0.8510601,0.013090077,0.087461434
21,7,none,random_linear,989,100,2,0,False,0.776741,0.08188246,0.14035289,0.0010236318
21,7,none,random_linear,990,100,2,2,True,0.11352669,0.26958713,0.52768713,0.089199044
21,7,none,random_linear,991,100,3,2,False,0.047941487,0.101365894,0.6642871,0.18640551
21,7,none,random_linear,992,100,3,3,True,0.004232895,0.27915156,0.043849796,0.6727658
21,7,none,random_linear,993,100,2,2,True,0.1938469,0.1984217,0.36892974,0.23880167
21,7,none,random_linear,994,100,2,2,True,0.13855255,0.07383969,0.5004663,0.28714153
21,7,none,random_linear,995,100,3,3,True,0.0018016603,0.017181119,0.042961143,0.9380561
21,7,none,random_linear,996,101,0,0,True,0.64983207,0.05615598,0.27765965,0.016352277
21,7,none,random_linear,997,101,1,1,True,0.00058692956,0.9899867,0.0049564047,0.0044699926
21,7,none,random_linear,998,101,1,1,True,0.41925752,0.5435196,0.015298287,0.021924531
21,7,none,random_linear,999,101,0,0,True,0.9994417,0.0004667099,2.6011616e-05,6.562128e-05
21,7,none,random_linear,1000,101,1,1,True,0.0020809826,0.9974038,0.00016962865,0.00034546573
21,7,none,random_linear,1001,101,0,0,True,0.999933,5.4298776e-05,1.043159e-05,2.1464791e-06
21,7,none,random_linear,1002,101,1,1,True,0.00043023165,0.9990759,1.1964209e-05,0.0004819722
21,7,none,random_linear,1003,101,0,0,True,0.9999491,3.2051463e-05,1.3255253e-05,5.595071e-06
21,7,none,random_linear,1004,101,1,1,True,0.0016756014,0.9978059,8.145865e-05,0.0004369775
21,7,none,random_linear,1005,101,0,0,True,0.99953043,0.0004428624,2.3981085e-05,2.7591652e-06
21,7,none,random_linear,1006,101,0,0,True,0.9998791,3.1435895e-05,8.607987e-05,3.347663e-06
21,7,none,random_linear,1007,101,1,1,True,0.0010803925,0.9975655,0.0005951151,0.00075905677
21,7,none,random_linear,1008,101,1,1,True,0.0010383992,0.9928163,0.004039948,0.0021052654
21,7,none,random_linear,1009,101,0,0,True,0.99802446,3.1065632e-05,0.0012543993,0.0006901989
21,7,none,random_linear,1010,101,0,0,True,0.99890685,0.0003017266,0.0006988969,9.25665e-05
21,7,none,random_linear,1011,101,2,1,False,0.20087641,0.705846,0.09283529,0.00044232822
21,7,none,random_linear,1012,101,3,1,False,0.15738188,0.78155994,0.046404716,0.014653474
21,7,none,random_linear,1013,101,2,0,False,0.7429707,0.01335345,0.21695107,0.026724748
21,7,none,random_linear,1014,101,3,0,False,0.43283227,0.19972289,0.01429122,0.35315365
21,7,none,random_linear,1015,101,3,2,False,0.091319986,0.11302434,0.63781536,0.15784034
21,7,none,random_linear,1016,101,2,2,True,0.33029383,0.14121968,0.51155305,0.01693342
21,7,none,random_linear,1017,101,2,2,True,0.026422778,0.26227933,0.70641124,0.004886704
21,7,none,random_linear,1018,101,3,3,True,0.22746706,0.3090788,0.037298724,0.42615548
21,7,none,random_linear,1019,101,2,1,False,0.21223909,0.62782013,0.15595138,0.0039893924
21,7,none,random_linear,1020,101,3,3,True,0.37043905,0.20542999,0.018047825,0.40608314
21,7,none,random_linear,1021,101,3,3,True,0.07952678,0.11905927,0.16595207,0.63546187
21,7,none,random_linear,1022,101,2,1,False,0.22033592,0.7753288,0.0030168379,0.0013184416
21,7,none,random_linear,1023,101,2,0,False,0.9661983,0.012678756,0.021033006,8.993116e-05
21,7,none,random_linear,1024,101,3,3,True,0.118680716,0.055798907,0.0043107024,0.8212097
21,7,none,random_linear,1025,101,2,0,False,0.8163663,0.09152975,0.08994408,0.0021598572
21,7,none,random_linear,1026,101,1,1,True,0.016050166,0.9524902,0.028193643,0.003266027
21,7,none,random_linear,1027,101,0,0,True,0.9996321,0.00017868765,0.00017325277,1.596091e-05
21,7,none,random_linear,1028,101,0,0,True,0.9979563,0.0015845154,0.00040661875,5.2613475e-05
21,7,none,random_linear,1029,101,1,0,False,0.5066867,0.47137594,0.0104371365,0.011500186
21,7,none,random_linear,1030,101,1,1,True,0.00017233429,0.99934715,0.0003815626,9.892937e-05
21,7,none,random_linear,1031,101,0,0,True,0.99940455,6.898709e-05,0.00052253425,3.9827924e-06
21,7,none,random_linear,1032,101,0,0,True,0.99970585,0.0002217039,4.5601733e-05,2.6868636e-05
21,7,none,random_linear,1033,101,1,1,True,0.0013032386,0.99737513,0.0012444309,7.714772e-05
21,7,none,random_linear,1034,101,1,1,True,0.028891925,0.97032475,0.00055026973,0.00023306155
21,7,none,random_linear,1035,101,0,0,True,0.99984133,2.1785983e-05,6.9732836e-05,6.715184e-05
21,7,none,random_linear,1036,101,1,1,True,0.019951655,0.9769767,0.0015722916,0.0014993697
21,7,none,random_linear,1037,101,0,0,True,0.99990594,8.196764e-05,1.0125355e-05,1.8860154e-06
21,7,none,random_linear,1038,101,1,1,True,0.0048840386,0.9947607,0.00021182957,0.00014348178
21,7,none,random_linear,1039,101,0,0,True,0.9816155,0.0042019603,0.0034069002,0.01077572
21,7,none,random_linear,1040,101,1,0,False,0.45900875,0.37353048,0.12991422,0.037546605
21,7,none,random_linear,1041,101,2,0,False,0.60914403,0.09103115,0.29865864,0.0011661716
21,7,none,random_linear,1042,101,3,0,False,0.68641764,0.062104262,0.17001191,0.0814662
21,7,none,random_linear,1043,101,2,1,False,0.052843176,0.9080581,0.03788416,0.0012145697
21,7,none,random_linear,1044,101,3,3,True,0.41622463,0.07020515,0.0018128722,0.5117574
21,7,none,random_linear,1045,101,3,0,False,0.77125984,0.04801902,0.027459301,0.15326177
21,7,none,random_linear,1046,101,2,1,False,0.08305075,0.7404254,0.1618219,0.014701988
21,7,none,random_linear,1047,101,2,0,False,0.6489665,0.065487355,0.283419,0.002127114
21,7,none,random_linear,1048,101,3,0,False,0.61065835,0.32782492,0.0016266588,0.05989012
21,7,none,random_linear,1049,101,3,0,False,0.59096444,0.012867349,0.012039309,0.3841289
21,7,none,random_linear,1050,101,2,0,False,0.5583132,0.36271307,0.041517824,0.037455894
21,7,none,random_linear,1051,101,2,2,True,0.07406599,0.06062909,0.8642585,0.0010464222
21,7,none,random_linear,1052,101,3,0,False,0.57555246,0.21727966,0.005218983,0.20194891
21,7,none,random_linear,1053,101,2,0,False,0.9374446,0.010931356,0.044752676,0.0068712905
21,7,none,random_linear,1054,101,3,0,False,0.89500976,0.006646332,0.010687522,0.08765635
21,7,none,random_linear,1055,101,2,1,False,0.30239716,0.6049223,0.062377468,0.030303063
21,7,none,random_linear,1056,101,0,0,True,0.9998698,3.4329478e-05,9.073962e-05,5.1095603e-06
21,7,none,random_linear,1057,101,1,1,True,0.055450346,0.92377156,0.017499406,0.0032787092
21,7,none,random_linear,1058,101,0,0,True,0.99973625,0.0001443274,0.0001139811,5.524235e-06
21,7,none,random_linear,1059,101,1,1,True,0.10983515,0.84177715,0.0045203543,0.04386735
21,7,none,random_linear,1060,101,1,1,True,0.017115306,0.9184194,0.0026924517,0.06177276
21,7,none,random_linear,1061,101,0,0,True,0.9982364,0.0007101616,0.00047360046,0.00057978294
21,7,none,random_linear,1062,101,1,1,True,0.00023211208,0.9997328,7.949744e-06,2.7018163e-05
21,7,none,random_linear,1063,101,0,0,True,0.9998524,0.00011597716,2.8210225e-05,3.3635613e-06
21,7,none,random_linear,1064,101,1,1,True,0.0006644417,0.9961599,0.0018236911,0.0013519591
21,7,none,random_linear,1065,101,0,0,True,0.99950886,0.000172839,0.00018270503,0.00013560172
21,7,none,random_linear,1066,101,1,1,True,0.0033636387,0.9918492,0.0016041942,0.0031829013
21,7,none,random_linear,1067,101,0,0,True,0.99992347,2.3936307e-05,2.2520502e-05,3.0038438e-05
21,7,none,random_linear,1068,101,0,0,True,0.97295696,0.015783321,0.011018681,0.00024110003
21,7,none,random_linear,1069,101,1,1,True,0.0027398164,0.9954194,0.00019021849,0.0016506332
21,7,none,random_linear,1070,101,1,1,True,0.0024671636,0.9891075,0.00774268,0.0006825394
21,7,none,random_linear,1071,101,3,3,True,0.049463987,0.024415389,0.005397548,0.92072314
21,7,none,random_linear,1072,101,2,2,True,0.042635813,0.023810117,0.92791975,0.0056343796
21,7,none,random_linear,1073,101,3,0,False,0.8162722,0.06632746,0.017657729,0.099742666
21,7,none,random_linear,1074,101,2,0,False,0.5487738,0.030297961,0.38032827,0.040600024
21,7,none,random_linear,1075,101,2,0,False,0.45468187,0.33218768,0.20048006,0.012650418
21,7,none,random_linear,1076,101,3,0,False,0.6885265,0.16364975,0.008500076,0.13932362
21,7,none,random_linear,1077,101,3,0,False,0.8118543,0.0140531305,0.0047812234,0.16931136
21,7,none,random_linear,1078,101,2,3,False,0.23353471,0.049058467,0.017043704,0.7003631
21,7,none,random_linear,1079,101,2,2,True,0.033105683,0.0034509965,0.96217585,0.0012674003
21,7,none,random_linear,1080,101,3,3,True,0.18436235,0.028683096,0.019130735,0.7678238
21,7,none,random_linear,1081,101,3,3,True,0.12253079,0.047902264,0.07684672,0.75272024
21,7,none,random_linear,1082,101,2,3,False,0.32739872,0.20306963,0.06468017,0.40485153
21,7,none,random_linear,1083,101,3,3,True,0.2841363,0.18713452,0.02077873,0.5079504
21,7,none,random_linear,1084,101,2,1,False,0.046381872,0.6200777,0.1854106,0.14812978
21,7,none,random_linear,1085,101,2,1,False,0.09311183,0.607804,0.27086213,0.028222037
21,7,none,random_linear,1086,102,1,1,True,0.0007472178,0.99088895,0.0070555364,0.001308347
21,7,none,random_linear,1087,102,0,0,True,0.8781342,0.03402692,0.077997506,0.009841382
21,7,none,random_linear,1088,102,1,1,True,0.003713301,0.69863313,0.29009506,0.007558528
21,7,none,random_linear,1089,102,0,0,True,0.99184483,0.002715877,0.0034957347,0.0019435245
21,7,none,random_linear,1090,102,1,1,True,0.049258415,0.5262579,0.42028123,0.004202459
21,7,none,random_linear,1091,102,0,0,True,0.730519,0.036271643,0.2057933,0.027416114
21,7,none,random_linear,1092,102,0,0,True,0.9859118,0.0013523134,0.012384485,0.00035139368
21,7,none,random_linear,1093,102,1,0,False,0.44287282,0.17351304,0.3019355,0.08167871
21,7,none,random_linear,1094,102,0,0,True,0.82478297,0.03107644,0.12209011,0.022050476
21,7,none,random_linear,1095,102,1,2,False,0.05572979,0.2174366,0.7241341,0.002699535
21,7,none,random_linear,1096,102,0,0,True,0.8559674,0.011688354,0.11014206,0.022202143
21,7,none,random_linear,1097,102,1,2,False,0.017964432,0.31736523,0.6599747,0.0046955724
21,7,none,random_linear,1098,102,0,0,True,0.61509013,0.14245963,0.16447219,0.07797805
21,7,none,random_linear,1099,102,1,2,False,0.13741916,0.10499831,0.7502425,0.0073400214
21,7,none,random_linear,1100,102,1,1,True,0.004503215,0.9893973,0.0059781037,0.00012134307
21,7,none,random_linear,1101,102,2,2,True,0.11262738,0.33286032,0.51839846,0.03611389
21,7,none,random_linear,1102,102,3,3,True,0.15880518,0.18443343,0.3165822,0.34017923
21,7,none,random_linear,1103,102,2,2,True,0.13698234,0.33536234,0.49988046,0.027774818
21,7,none,random_linear,1104,102,3,0,False,0.29034856,0.2889167,0.2751483,0.14558636
21,7,none,random_linear,1105,102,2,0,False,0.5948724,0.023385873,0.37555495,0.0061867703
21,7,none,random_linear,1106,102,3,2,False,0.14113969,0.18604764,0.44467518,0.2281375
21,7,none,random_linear,1107,102,2,2,True,0.15558854,0.020837622,0.8067485,0.016825367
21,7,none,random_linear,1108,102,3,3,True,0.23324409,0.08159362,0.3154444,0.36971784
21,7,none,random_linear,1109,102,3,3,True,0.3322024,0.046616025,0.11169209,0.5094895
21,7,none,random_linear,1110,102,2,2,True,0.065107375,0.034560803,0.89821005,0.0021218318
21,7,none,random_linear,1111,102,3,2,False,0.017849194,0.13677205,0.7766965,0.06868233
21,7,none,random_linear,1112,102,2,2,True,0.24555424,0.014363202,0.6620309,0.07805166
21,7,none,random_linear,1113,102,2,2,True,0.071238875,0.07961434,0.83920515,0.009941719
21,7,none,random_linear,1114,102,3,0,False,0.6302048,0.046403285,0.26518476,0.058207117
21,7,none,random_linear,1115,102,2,2,True,0.0346581,0.11158987,0.77481097,0.07894104
21,7,none,random_linear,1116,102,1,1,True,0.0014265351,0.9845703,0.013758424,0.0002447142
21,7,none,random_linear,1117,102,0,0,True,0.38779137,0.227671,0.24314299,0.14139457
21,7,none,random_linear,1118,102,1,1,True,0.028887995,0.64357436,0.24190797,0.08562971
21,7,none,random_linear,1119,102,0,0,True,0.7477165,0.02367956,0.2037228,0.024881193
21,7,none,random_linear,1120,102,0,0,True,0.93236125,0.028866123,0.0355608,0.0032119544
21,7,none,random_linear,1121,102,1,2,False,0.02482517,0.15330182,0.81340754,0.008465355
21,7,none,random_linear,1122,102,0,2,False,0.2544371,0.2953881,0.38092238,0.06925249
21,7,none,random_linear,1123,102,1,2,False,0.11725976,0.21863244,0.6349431,0.029164637
21,7,none,random_linear,1124,102,0,0,True,0.51393545,0.017687991,0.46206862,0.00630793
21,7,none,random_linear,1125,102,1,2,False,0.19103156,0.119477294,0.6232031,0.06628805
21,7,none,random_linear,1126,102,1,1,True,0.0012921792,0.9939342,0.0030490034,0.0017245174
21,7,none,random_linear,1127,102,0,2,False,0.23936097,0.08184493,0.5459892,0.13280495
21,7,none,random_linear,1128,102,1,1,True,0.00057020615,0.9965013,0.0027362888,0.00019215466
21,7,none,random_linear,1129,102,0,2,False,0.27935,0.1642407,0.4010198,0.15538943
21,7,none,random_linear,1130,102,1,2,False,0.17820941,0.34945408,0.39073077,0.08160572
21,7,none,random_linear,1131,102,2,2,True,0.016382717,0.054234426,0.92647666,0.002906172
21,7,none,random_linear,1132,102,3,2,False,0.032629702,0.30528814,0.47043654,0.19164558
21,7,none,random_linear,1133,102,3,2,False,0.036708716,0.087100536,0.54520845,0.33098227
21,7,none,random_linear,1134,102,2,2,True,0.029309655,0.05038137,0.91372216,0.0065868758
21,7,none,random_linear,1135,102,2,1,False,0.06553307,0.5953637,0.28158283,0.057520397
21,7,none,random_linear,1136,102,3,2,False,0.051424336,0.0555302,0.8408934,0.052152015
21,7,none,random_linear,1137,102,3,2,False,0.088402875,0.14783227,0.6097124,0.15405244
21,7,none,random_linear,1138,102,2,2,True,0.0065519116,0.11068765,0.87716925,0.005591172
21,7,none,random_linear,1139,102,2,2,True,0.0646101,0.06715323,0.8451958,0.02304088
21,7,none,random_linear,1140,102,3,0,False,0.38217035,0.13002379,0.3243298,0.16347606
21,7,none,random_linear,1141,102,2,2,True,0.014742783,0.09960725,0.59433275,0.2913172
21,7,none,random_linear,1142,102,3,3,True,0.027674949,0.24957797,0.24758317,0.47516394
21,7,none,random_linear,1143,102,3,2,False,0.066416204,0.009789646,0.761269,0.1625251
21,7,none,random_linear,1144,102,2,2,True,0.30438438,0.12574062,0.45266223,0.11721274
21,7,none,random_linear,1145,102,2,2,True,0.015655762,0.21009392,0.76073635,0.013513983
21,7,none,random_linear,1146,102,0,2,False,0.24858412,0.03397797,0.6870416,0.030396253
21,7,none,random_linear,1147,102,1,1,True,0.0013638878,0.9848551,0.012770534,0.0010105065
21,7,none,random_linear,1148,102,0,2,False,0.03233998,0.012926389,0.922049,0.03268465
21,7,none,random_linear,1149,102,1,1,True,0.006745899,0.9651087,0.022253476,0.0058917897
21,7,none,random_linear,1150,102,1,2,False,0.023145802,0.09501874,0.87761843,0.0042170137
21,7,none,random_linear,1151,102,0,2,False,0.2839445,0.12394628,0.5618884,0.030220827
21,7,none,random_linear,1152,102,0,2,False,0.083144985,0.046534024,0.86478674,0.0055341856
21,7,none,random_linear,1153,102,1,1,True,0.04195797,0.695965,0.20375542,0.05832161
21,7,none,random_linear,1154,102,0,2,False,0.19941962,0.16346137,0.62015426,0.016964756
21,7,none,random_linear,1155,102,1,2,False,0.17305222,0.10237055,0.59520984,0.12936741
21,7,none,random_linear,1156,102,1,1,True,0.00417006,0.85271114,0.08657104,0.056547802
21,7,none,random_linear,1157,102,0,2,False,0.18569782,0.25482878,0.29545662,0.26401678
21,7,none,random_linear,1158,102,1,2,False,0.25995356,0.33218616,0.35321477,0.054645427
21,7,none,random_linear,1159,102,0,0,True,0.5629293,0.03144321,0.356107,0.049520485
21,7,none,random_linear,1160,102,0,0,True,0.9245119,0.008341865,0.031185744,0.03596047
21,7,none,random_linear,1161,102,2,2,True,0.013554355,0.03637367,0.9478017,0.0022702203
21,7,none,random_linear,1162,102,3,3,True,0.076130845,0.08251595,0.26316485,0.57818836
21,7,none,random_linear,1163,102,3,3,True,0.061615102,0.111500785,0.07984752,0.7470366
21,7,none,random_linear,1164,102,2,2,True,0.18851501,0.2825996,0.45229477,0.07659052
21,7,none,random_linear,1165,102,2,2,True,0.005887207,0.023261711,0.8596057,0.111245334
21,7,none,random_linear,1166,102,3,0,False,0.6595329,0.009669988,0.11256635,0.21823074
21,7,none,random_linear,1167,102,2,2,True,0.16676319,0.016322836,0.79884887,0.018065138
21,7,none,random_linear,1168,102,3,2,False,0.2775354,0.06850116,0.36158267,0.2923808
21,7,none,random_linear,1169,102,2,2,True,0.09710101,0.12635031,0.5460477,0.230501
21,7,none,random_linear,1170,102,3,2,False,0.06644158,0.0538742,0.7775032,0.10218103
21,7,none,random_linear,1171,102,2,1,False,0.023317,0.6685787,0.25374267,0.054361608
21,7,none,random_linear,1172,102,3,3,True,0.038538206,0.014003057,0.2647005,0.6827582
21,7,none,random_linear,1173,102,2,2,True,0.09809229,0.29455364,0.5755168,0.03183725
21,7,none,random_linear,1174,102,3,2,False,0.12417467,0.041776594,0.68282014,0.1512286
21,7,none,random_linear,1175,102,3,3,True,0.11326056,0.26034805,0.0928231,0.53356826
21,7,none,random_linear,1176,103,0,0,True,0.7080612,0.0070418734,0.06996075,0.21493623
21,7,none,random_linear,1177,103,1,1,True,0.0065534916,0.75338924,0.21306336,0.026993828
21,7,none,random_linear,1178,103,1,1,True,0.021657841,0.58888626,0.35021505,0.039240886
21,7,none,random_linear,1179,103,0,1,False,0.01750532,0.8393507,0.031892877,0.111251034
21,7,none,random_linear,1180,103,1,1,True,0.1450669,0.76986593,0.024657998,0.060409207
21,7,none,random_linear,1181,103,0,3,False,0.36942482,0.07939914,0.014264692,0.53691137
21,7,none,random_linear,1182,103,0,0,True,0.9971413,8.136257e-05,0.0022055903,0.00057177193
21,7,none,random_linear,1183,103,1,1,True,0.012058837,0.95115286,0.035069365,0.0017189137
21,7,none,random_linear,1184,103,0,0,True,0.8801673,0.022054518,0.0913348,0.0064433664
21,7,none,random_linear,1185,103,1,1,True,0.2339268,0.48042265,0.27317935,0.012471153
21,7,none,random_linear,1186,103,0,0,True,0.8732439,0.0137970075,0.11192812,0.0010308701
21,7,none,random_linear,1187,103,1,0,False,0.8145679,0.05664726,0.107207365,0.02157745
21,7,none,random_linear,1188,103,1,1,True,0.024182418,0.78987956,0.14890078,0.037037205
21,7,none,random_linear,1189,103,0,0,True,0.6482614,0.032046296,0.31895405,0.00073825184
21,7,none,random_linear,1190,103,1,1,True,0.079002276,0.41667125,0.23412862,0.27019787
21,7,none,random_linear,1191,103,3,2,False,0.013807123,0.06888054,0.7092611,0.20805115
21,7,none,random_linear,1192,103,2,2,True,0.07835844,0.0038575626,0.91165245,0.0061315573
21,7,none,random_linear,1193,103,2,2,True,0.13810372,0.026483346,0.7841933,0.051219705
21,7,none,random_linear,1194,103,3,0,False,0.7832583,0.01662418,0.025313105,0.17480437
21,7,none,random_linear,1195,103,2,0,False,0.43305594,0.1945437,0.04197648,0.33042383
21,7,none,random_linear,1196,103,3,0,False,0.67081815,0.06569839,0.16085194,0.1026315
21,7,none,random_linear,1197,103,3,2,False,0.39939207,0.013412198,0.4799613,0.1072344
21,7,none,random_linear,1198,103,2,2,True,0.06477191,0.004281551,0.9298822,0.0010642526
21,7,none,random_linear,1199,103,2,2,True,0.39593342,0.09548441,0.50706804,0.0015140645
21,7,none,random_linear,1200,103,3,0,False,0.4744032,0.2817152,0.00827948,0.23560211
21,7,none,random_linear,1201,103,3,2,False,0.17561401,0.2270957,0.40775895,0.18953137
21,7,none,random_linear,1202,103,2,2,True,0.024942124,0.003635466,0.9711232,0.00029914296
21,7,none,random_linear,1203,103,3,0,False,0.6496796,0.06251644,0.23385753,0.05394641
21,7,none,random_linear,1204,103,2,1,False,0.30293885,0.50730217,0.17916349,0.010595479
21,7,none,random_linear,1205,103,2,1,False,0.13021062,0.7363656,0.09299279,0.040430974
21,7,none,random_linear,1206,103,1,2,False,0.10882239,0.040229723,0.8491486,0.0017992862
21,7,none,random_linear,1207,103,0,3,False,0.35074836,0.024208961,0.15449874,0.4705439
21,7,none,random_linear,1208,103,1,1,True,0.006583491,0.65851617,0.3314827,0.0034176207
21,7,none,random_linear,1209,103,0,0,True,0.8942315,0.020155488,0.04539877,0.040214203
21,7,none,random_linear,1210,103,0,0,True,0.9878681,0.00087644905,0.0038438938,0.007411618
21,7,none,random_linear,1211,103,1,1,True,0.027238518,0.62103015,0.07895294,0.2727784
21,7,none,random_linear,1212,103,1,3,False,0.04960447,0.08426307,0.015657127,0.8504753
21,7,none,random_linear,1213,103,0,0,True,0.91987944,0.053202905,0.021372737,0.0055449298
21,7,none,random_linear,1214,103,0,0,True,0.7332222,0.09466218,0.17030846,0.0018071389
21,7,none,random_linear,1215,103,1,0,False,0.84653044,0.0056708595,0.132592,0.015206713
21,7,none,random_linear,1216,103,1,1,True,0.007137173,0.98026145,0.010099508,0.0025018067
21,7,none,random_linear,1217,103,0,0,True,0.9750295,0.0034004115,0.01729191,0.0042781173
21,7,none,random_linear,1218,103,0,0,True,0.64429176,0.003367779,0.35155228,0.0007882107
21,7,none,random_linear,1219,103,1,2,False,0.153312,0.1859964,0.65992755,0.00076399953
21,7,none,random_linear,1220,103,0,0,True,0.79806757,0.0049661784,0.19629608,0.00067014684
21,7,none,random_linear,1221,103,2,2,True,0.061865285,0.021402642,0.9033076,0.01342451
21,7,none,random_linear,1222,103,3,2,False,0.005037774,0.0013448317,0.95489585,0.03872156
21,7,none,random_linear,1223,103,2,2,True,0.04286609,0.26248127,0.69315696,0.0014956555
21,7,none,random_linear,1224,103,3,2,False,0.21758795,0.023062024,0.5647441,0.19460589
21,7,none,random_linear,1225,103,3,3,True,0.11388277,0.011728505,0.01239934,0.8619894
21,7,none,random_linear,1226,103,2,2,True,0.33971077,0.029282464,0.43724298,0.19376379
21,7,none,random_linear,1227,103,3,0,False,0.38825428,0.06345093,0.2550278,0.29326695
21,7,none,random_linear,1228,103,2,0,False,0.430349,0.09775676,0.30510563,0.1667886
21,7,none,random_linear,1229,103,3,3,True,0.12849021,0.010315261,0.011395816,0.84979874
21,7,none,random_linear,1230,103,2,2,True,0.24355032,0.016870357,0.635729,0.103850335
21,7,none,random_linear,1231,103,2,2,True,0.2268258,0.054417506,0.71523297,0.0035236839
21,7,none,random_linear,1232,103,3,2,False,0.1727205,0.10516472,0.67969,0.042424772
21,7,none,random_linear,1233,103,3,0,False,0.3181592,0.28388092,0.16906135,0.22889853
21,7,none,random_linear,1234,103,2,2,True,0.3258689,0.063525364,0.5887888,0.021816913
21,7,none,random_linear,1235,103,3,2,False,0.034216944,0.065998495,0.69245857,0.20732594
21,7,none,random_linear,1236,103,1,1,True,0.04184163,0.86818224,0.05529596,0.03468016
21,7,none,random_linear,1237,103,0,0,True,0.7409123,0.0025126834,0.20969214,0.046882823
21,7,none,random_linear,1238,103,0,0,True,0.96486,0.0050941086,0.008964344,0.021081526
21,7,none,random_linear,1239,103,1,2,False,0.039714865,0.16982968,0.70861584,0.08183961
21,7,none,random_linear,1240,103,1,1,True,0.014645014,0.68489754,0.030849678,0.26960772
21,7,none,random_linear,1241,103,0,2,False,0.2751211,0.006698088,0.6107065,0.10747433
21,7,none,random_linear,1242,103,1,1,True,0.0023561125,0.90172285,0.0037332603,0.09218767
21,7,none,random_linear,1243,103,0,0,True,0.84529126,0.00072991895,0.15327716,0.0007016554
21,7,none,random_linear,1244,103,0,0,True,0.7991077,0.011789733,0.09616441,0.09293825
21,7,none,random_linear,1245,103,1,1,True,0.048473533,0.54441833,0.11447379,0.2926343
21,7,none,random_linear,1246,103,0,0,True,0.86814517,0.0046710474,0.12028247,0.006901274
21,7,none,random_linear,1247,103,1,0,False,0.6097043,0.09182088,0.1889549,0.109519936
21,7,none,random_linear,1248,103,1,1,True,0.11274232,0.5773292,0.2970685,0.012859949
21,7,none,random_linear,1249,103,0,0,True,0.9903644,0.0009283001,0.007888346,0.0008189509
21,7,none,random_linear,1250,103,1,1,True,0.3313812,0.4019021,0.01880565,0.24791108
21,7,none,random_linear,1251,103,3,3,True,0.015024406,0.014810317,0.016949309,0.9532159
21,7,none,random_linear,1252,103,2,1,False,0.016404552,0.68360734,0.25356296,0.046425156
21,7,none,random_linear,1253,103,3,3,True,0.28071463,0.25848088,0.06829954,0.39250496
21,7,none,random_linear,1254,103,2,0,False,0.62009406,0.08421142,0.11391992,0.18177459
21,7,none,random_linear,1255,103,2,2,True,0.13876443,0.13721079,0.70456797,0.019456767
21,7,none,random_linear,1256,103,3,0,False,0.3344429,0.21818107,0.15796515,0.28941092
21,7,none,random_linear,1257,103,2,1,False,0.2614246,0.5931426,0.033426043,0.11200675
21,7,none,random_linear,1258,103,3,0,False,0.4927711,0.43565476,0.015219013,0.05635517
21,7,none,random_linear,1259,103,2,2,True,0.027513295,0.007801262,0.9629489,0.0017365682
21,7,none,random_linear,1260,103,3,2,False,0.13022073,0.22069028,0.4809986,0.16809046
21,7,none,random_linear,1261,103,3,3,True,0.043964077,0.29237655,0.13681948,0.52683985
21,7,none,random_linear,1262,103,2,2,True,0.012498928,0.11896577,0.8645395,0.003995806
21,7,none,random_linear,1263,103,2,2,True,0.1071819,0.012664121,0.879486,0.0006679953
21,7,none,random_linear,1264,103,3,3,True,0.16358225,0.038570233,0.0059356163,0.7919119
21,7,none,random_linear,1265,103,3,3,True,0.0019644722,0.1192114,0.022529218,0.8562949
21,7,none,random_linear,1266,104,0,0,True,0.51425844,0.43138176,0.030051071,0.024308741
21,7,none,random_linear,1267,104,1,1,True,0.09958513,0.8907938,0.007968003,0.0016529983
21,7,none,random_linear,1268,104,1,2,False,0.21507883,0.30981743,0.45503736,0.020066382
21,7,none,random_linear,1269,104,0,1,False,0.2954679,0.53519094,0.07547785,0.09386332
21,7,none,random_linear,1270,104,1,1,True,0.12565723,0.6854899,0.15028313,0.03856976
21,7,none,random_linear,1271,104,0,2,False,0.16632484,0.23411931,0.58192915,0.017626742
21,7,none,random_linear,1272,104,1,1,True,0.38982198,0.5575954,0.038622394,0.013960279
21,7,none,random_linear,1273,104,0,0,True,0.66958547,0.07871063,0.23083773,0.020866152
21,7,none,random_linear,1274,104,0,1,False,0.07265638,0.8766719,0.04915978,0.0015119272
21,7,none,random_linear,1275,104,1,1,True,0.08512155,0.80645263,0.10608756,0.0023383363
21,7,none,random_linear,1276,104,0,1,False,0.22198583,0.628846,0.13937981,0.009788414
21,7,none,random_linear,1277,104,1,1,True,0.032912195,0.39525086,0.28474826,0.28708872
21,7,none,random_linear,1278,104,1,2,False,0.39044172,0.18298994,0.40882567,0.017742671
21,7,none,random_linear,1279,104,0,0,True,0.58927864,0.11607967,0.27072865,0.023912994
21,7,none,random_linear,1280,104,1,1,True,0.0008484133,0.99323577,0.0005434407,0.005372442
21,7,none,random_linear,1281,104,2,2,True,0.27508166,0.20992847,0.47152865,0.043461166
21,7,none,random_linear,1282,104,3,2,False,0.10283269,0.23446217,0.475433,0.18727218
21,7,none,random_linear,1283,104,3,3,True,0.36140403,0.049859878,0.048498224,0.5402379
21,7,none,random_linear,1284,104,2,1,False,0.026827248,0.7813386,0.18749182,0.0043423595
21,7,none,random_linear,1285,104,3,0,False,0.37560046,0.22182572,0.2694094,0.13316445
21,7,none,random_linear,1286,104,2,1,False,0.033074267,0.9488713,0.012572546,0.0054818788
21,7,none,random_linear,1287,104,2,1,False,0.124500655,0.44569233,0.35417974,0.07562728
21,7,none,random_linear,1288,104,3,3,True,0.06755175,0.12729293,0.010568644,0.79458666
21,7,none,random_linear,1289,104,2,1,False,0.017533943,0.920516,0.06134225,0.00060784246
21,7,none,random_linear,1290,104,3,1,False,0.13189381,0.55810744,0.20205912,0.10793965
21,7,none,random_linear,1291,104,3,3,True,0.18569833,0.07638932,0.06502726,0.67288506
21,7,none,random_linear,1292,104,2,3,False,0.18403865,0.109396346,0.09080684,0.6157582
21,7,none,random_linear,1293,104,3,3,True,0.30264458,0.22100215,0.023115467,0.45323777
21,7,none,random_linear,1294,104,2,2,True,0.05378891,0.2721647,0.605334,0.06871239
21,7,none,random_linear,1295,104,3,0,False,0.64403164,0.15091473,0.102946356,0.102107264
21,7,none,random_linear,1296,104,0,0,True,0.43876716,0.18809927,0.03746301,0.33567053
21,7,none,random_linear,1297,104,1,1,True,0.16088298,0.70463955,0.10499072,0.02948673
21,7,none,random_linear,1298,104,1,1,True,0.0052112495,0.9913322,0.0011806454,0.002275963
21,7,none,random_linear,1299,104,0,0,True,0.96316516,0.019236913,0.015190977,0.0024069406
21,7,none,random_linear,1300,104,0,0,True,0.9826052,0.0054378267,0.0038482563,0.008108739
21,7,none,random_linear,1301,104,1,1,True,0.0055774096,0.96553403,0.02182749,0.0070610438
21,7,none,random_linear,1302,104,0,0,True,0.5716138,0.3643585,0.040011134,0.02401651
21,7,none,random_linear,1303,104,1,1,True,0.34677303,0.5533875,0.083183646,0.016655758
21,7,none,random_linear,1304,104,0,0,True,0.82685626,0.11803903,0.05091027,0.0041943756
21,7,none,random_linear,1305,104,1,1,True,0.3035578,0.6422931,0.038970012,0.0151791135
21,7,none,random_linear,1306,104,1,1,True,9.103714e-05,0.9695883,0.029169498,0.0011512376
21,7,none,random_linear,1307,104,0,0,True,0.973961,0.023157543,0.0024483574,0.0004331368
21,7,none,random_linear,1308,104,3,3,True,0.010514313,0.21072605,0.0424412,0.73631847
21,7,none,random_linear,1309,104,2,1,False,0.07637255,0.617873,0.22210963,0.083644815
21,7,none,random_linear,1310,104,3,0,False,0.45055786,0.22386587,0.054487627,0.27108866
21,7,none,random_linear,1311,104,2,0,False,0.79582435,0.051452838,0.10303442,0.049688354
21,7,none,random_linear,1312,104,3,0,False,0.66260564,0.15981364,0.011698143,0.16588253
21,7,none,random_linear,1313,104,2,2,True,0.1238007,0.37217945,0.49904317,0.004976686
21,7,none,random_linear,1314,104,3,3,True,0.056796692,0.29888827,0.06917705,0.575138
21,7,none,random_linear,1315,104,2,0,False,0.47755408,0.2860979,0.08164706,0.15470095
21,7,none,random_linear,1316,104,3,1,False,0.10055586,0.5131836,0.34519577,0.041064743
21,7,none,random_linear,1317,104,2,0,False,0.35601854,0.30924523,0.32020015,0.014536026
21,7,none,random_linear,1318,104,2,2,True,0.36642012,0.16650906,0.44445607,0.022614706
21,7,none,random_linear,1319,104,3,0,False,0.35027698,0.14183794,0.32505456,0.18283045
21,7,none,random_linear,1320,104,3,0,False,0.6894408,0.051928967,0.036273774,0.22235645
21,7,none,random_linear,1321,104,2,1,False,0.11745666,0.60550034,0.25892013,0.018122898
21,7,none,random_linear,1322,104,2,2,True,0.11468352,0.010432357,0.8724291,0.0024550126
21,7,none,random_linear,1323,104,0,0,True,0.8002399,0.08629076,0.08454528,0.02892397
21,7,none,random_linear,1324,104,1,2,False,0.025948148,0.45593694,0.50449944,0.013615477
21,7,none,random_linear,1325,104,0,2,False,0.33963507,0.04453702,0.605272,0.010555908
21,7,none,random_linear,1326,104,1,1,True,0.13976438,0.4357913,0.41210857,0.01233574
21,7,none,random_linear,1327,104,0,2,False,0.21722734,0.17219268,0.599375,0.011204924
21,7,none,random_linear,1328,104,1,1,True,0.0136463065,0.53249377,0.13904698,0.31481296
21,7,none,random_linear,1329,104,0,0,True,0.9997545,3.8232705e-05,0.0001243633,8.29054e-05
21,7,none,random_linear,1330,104,1,2,False,0.15185961,0.26655325,0.5121622,0.06942493
21,7,none,random_linear,1331,104,1,1,True,0.0775941,0.9042078,0.011431135,0.0067669093
21,7,none,random_linear,1332,104,0,1,False,0.14089124,0.84616214,0.010343841,0.0026027549
21,7,none,random_linear,1333,104,0,0,True,0.5825626,0.10868858,0.29216105,0.016587721
21,7,none,random_linear,1334,104,1,0,False,0.50312525,0.36009902,0.07072658,0.06604911
21,7,none,random_linear,1335,104,1,0,False,0.38428128,0.073161565,0.33805984,0.20449726
21,7,none,random_linear,1336,104,0,0,True,0.7344802,0.012117161,0.24958555,0.0038170158
21,7,none,random_linear,1337,104,0,2,False,0.45142326,0.024268152,0.48684612,0.0374625
21,7,none,random_linear,1338,104,2,2,True,0.004600175,0.019271227,0.960021,0.01610756
21,7,none,random_linear,1339,104,3,1,False,0.1570246,0.5194071,0.30333945,0.020228818
21,7,none,random_linear,1340,104,2,0,False,0.45123008,0.33371228,0.20792347,0.007134177
21,7,none,random_linear,1341,104,3,3,True,0.08544519,0.1381602,0.065009594,0.711385
21,7,none,random_linear,1342,104,3,3,True,0.108821906,0.33509704,0.030076707,0.5260043
21,7,none,random_linear,1343,104,2,2,True,0.028342888,0.076391906,0.8920349,0.003230257
21,7,none,random_linear,1344,104,3,3,True,0.028403128,0.025566123,0.0264017,0.91962904
21,7,none,random_linear,1345,104,2,2,True,0.06694455,0.17610478,0.7368762,0.020074489
21,7,none,random_linear,1346,104,3,0,False,0.44801098,0.10967602,0.14630167,0.29601133
21,7,none,random_linear,1347,104,2,2,True,0.3222943,0.13210852,0.53893226,0.006664925
21,7,none,random_linear,1348,104,3,1,False,0.013913305,0.4584961,0.18308775,0.3445028
21,7,none,random_linear,1349,104,2,1,False,0.008343669,0.86960065,0.09959783,0.022457847
21,7,none,random_linear,1350,104,2,2,True,0.090460554,0.40166172,0.43080097,0.077076726
21,7,none,random_linear,1351,104,3,0,False,0.4054183,0.09697872,0.25257227,0.2450307
21,7,none,random_linear,1352,104,3,2,False,0.1354346,0.17027079,0.414405,0.27988958
21,7,none,random_linear,1353,105,0,0,True,0.98776174,0.00050726347,0.0088932095,0.0028377394
21,7,none,random_linear,1354,105,1,1,True,0.0005387715,0.9823346,0.0148866745,0.002239998
21,7,none,random_linear,1355,105,1,1,True,0.00034481124,0.9841471,0.011978645,0.0035294734
21,7,none,random_linear,1356,105,0,0,True,0.969125,0.0013528047,0.015730044,0.013792162
21,7,none,random_linear,1357,105,1,1,True,0.00023682628,0.9056443,0.09212019,0.0019986706
21,7,none,random_linear,1358,105,0,0,True,0.9993855,2.8184643e-06,0.00054619176,6.537499e-05
21,7,none,random_linear,1359,105,1,1,True,0.000793005,0.98492163,0.0085457815,0.005739608
21,7,none,random_linear,1360,105,0,0,True,0.98339784,0.0003791204,0.0037262153,0.012496873
21,7,none,random_linear,1361,105,0,0,True,0.9835908,0.00027921726,0.014821582,0.0013084136
21,7,none,random_linear,1362,105,1,1,True,0.015108372,0.70304024,0.005475165,0.2763762
21,7,none,random_linear,1363,105,1,1,True,8.3719904e-05,0.9830358,0.0070336116,0.009846955
21,7,none,random_linear,1364,105,0,0,True,0.9990181,0.00012735638,0.00044225756,0.00041233457
21,7,none,random_linear,1365,105,1,2,False,0.020017248,0.22987992,0.6708707,0.07923212
21,7,none,random_linear,1366,105,0,0,True,0.96248996,9.3351075e-05,0.033928808,0.0034878922
21,7,none,random_linear,1367,105,0,0,True,0.9000607,0.009403813,0.075669535,0.014865902
21,7,none,random_linear,1368,105,3,3,True,0.017621871,0.009416493,0.014968007,0.9579936
21,7,none,random_linear,1369,105,2,2,True,0.040543996,0.03927555,0.5864882,0.33369228
21,7,none,random_linear,1370,105,2,3,False,0.008005083,0.023496842,0.44336295,0.52513516
21,7,none,random_linear,1371,105,3,3,True,0.0029873478,0.0121822,0.25488055,0.7299499
21,7,none,random_linear,1372,105,3,3,True,0.102724336,0.009639795,0.4347037,0.45293215
21,7,none,random_linear,1373,105,2,2,True,0.014614195,0.015104308,0.7487443,0.22153714
21,7,none,random_linear,1374,105,3,3,True,0.0041457745,0.014211316,0.03289805,0.9487448
21,7,none,random_linear,1375,105,2,2,True,0.0074451114,0.013682337,0.9705812,0.008291352
21,7,none,random_linear,1376,105,3,3,True,0.031525318,0.2520302,0.3301578,0.38628677
21,7,none,random_linear,1377,105,2,2,True,0.011066214,0.035227835,0.9299201,0.023785895
21,7,none,random_linear,1378,105,3,2,False,0.033724237,0.0060581495,0.95006603,0.0101514915
21,7,none,random_linear,1379,105,2,3,False,0.0010631336,0.015369732,0.2822387,0.70132846
21,7,none,random_linear,1380,105,3,3,True,0.003157552,0.0012035455,0.0588264,0.9368125
21,7,none,random_linear,1381,105,2,2,True,0.0060034087,0.0040871482,0.9818964,0.008013064
21,7,none,random_linear,1382,105,2,2,True,0.0031038623,0.014787773,0.6565612,0.32554713
21,7,none,random_linear,1383,105,1,1,True,5.3270713e-05,0.9888976,0.0106351245,0.00041401875
21,7,none,random_linear,1384,105,0,2,False,0.04861178,0.00088988105,0.8858878,0.06461058
21,7,none,random_linear,1385,105,1,1,True,0.00016832456,0.81934077,0.17303243,0.0074584885
21,7,none,random_linear,1386,105,0,3,False,0.15056622,0.0006646077,0.2591084,0.5896608
21,7,none,random_linear,1387,105,0,2,False,0.1912164,0.00018463415,0.7815704,0.02702866
21,7,none,random_linear,1388,105,1,1,True,0.009236084,0.9238428,0.062012307,0.004908799
21,7,none,random_linear,1389,105,1,1,True,0.00036777326,0.93642193,0.063069396,0.00014085135
21,7,none,random_linear,1390,105,0,0,True,0.9706613,0.0022352517,0.025955854,0.0011476075
21,7,none,random_linear,1391,105,0,0,True,0.8792138,0.012289689,0.10600757,0.0024889586
21,7,none,random_linear,1392,105,1,1,True,0.0007822794,0.769502,0.22635838,0.003357383
21,7,none,random_linear,1393,105,0,0,True,0.93976843,0.0014620699,0.04263067,0.016138773
21,7,none,random_linear,1394,105,1,1,True,0.0015322773,0.9743823,0.023750445,0.00033495555
21,7,none,random_linear,1395,105,0,2,False,0.09325489,0.0006917865,0.90452266,0.0015307718
21,7,none,random_linear,1396,105,1,1,True,2.9763298e-05,0.9801589,0.019697947,0.00011339699
21,7,none,random_linear,1397,105,1,1,True,0.00444233,0.70613945,0.2661229,0.02329533
21,7,none,random_linear,1398,105,3,2,False,0.0042470475,0.0035947456,0.9637017,0.028456558
21,7,none,random_linear,1399,105,2,2,True,0.003185464,0.0076162955,0.9601621,0.029036202
21,7,none,random_linear,1400,105,3,2,False,0.010872939,0.012752733,0.76528996,0.21108434
21,7,none,random_linear,1401,105,2,2,True,0.0027263924,0.0024832683,0.98962444,0.005165898
21,7,none,random_linear,1402,105,3,2,False,0.002218954,0.007159843,0.95086724,0.039753992
21,7,none,random_linear,1403,105,2,2,True,0.002380724,0.0030465764,0.98673844,0.00783428
21,7,none,random_linear,1404,105,3,2,False,0.007333785,0.021891752,0.91899294,0.05178155
21,7,none,random_linear,1405,105,2,3,False,0.24689151,0.052660055,0.22372043,0.47672805
21,7,none,random_linear,1406,105,3,2,False,0.005383323,0.0010260937,0.80777186,0.18581875
21,7,none,random_linear,1407,105,2,2,True,0.0020628548,0.076352544,0.88512915,0.036455475
21,7,none,random_linear,1408,105,2,2,True,0.015683543,0.15665403,0.50748307,0.3201794
21,7,none,random_linear,1409,105,3,2,False,0.052051112,0.28002712,0.4178615,0.2500603
21,7,none,random_linear,1410,105,3,3,True,0.012202369,0.033876315,0.13555503,0.8183663
21,7,none,random_linear,1411,105,2,2,True,0.002438122,0.012214798,0.9593281,0.026018957
21,7,none,random_linear,1412,105,2,2,True,0.0035954476,0.019201463,0.9727505,0.0044526397
21,7,none,random_linear,1413,105,1,3,False,0.0010130134,0.4568493,0.075775735,0.46636188
21,7,none,random_linear,1414,105,0,0,True,0.89054394,0.0058475775,0.102655835,0.0009525451
21,7,none,random_linear,1415,105,1,1,True,0.0013942828,0.813584,0.15476847,0.030253222
21,7,none,random_linear,1416,105,0,2,False,0.2051882,0.023406493,0.7320102,0.039395154
21,7,none,random_linear,1417,105,1,1,True,0.00031697802,0.76360905,0.21704626,0.019027743
21,7,none,random_linear,1418,105,0,2,False,0.08043866,0.00090638467,0.9090706,0.009584335
21,7,none,random_linear,1419,105,1,2,False,0.01133195,0.18723235,0.67838234,0.12305336
21,7,none,random_linear,1420,105,0,0,True,0.5719888,0.014096456,0.38682762,0.02708713
21,7,none,random_linear,1421,105,0,2,False,0.22930579,0.026697272,0.6456691,0.098327756
21,7,none,random_linear,1422,105,1,1,True,0.009305431,0.8000113,0.18713437,0.003548962
21,7,none,random_linear,1423,105,1,1,True,0.00015296954,0.9906776,0.0050340346,0.0041353786
21,7,none,random_linear,1424,105,0,0,True,0.83784497,0.0025874716,0.13561869,0.023948913
21,7,none,random_linear,1425,105,1,2,False,0.00040220268,0.30584994,0.6846813,0.009066579
21,7,none,random_linear,1426,105,0,2,False,0.0064703883,0.00020013002,0.99100375,0.0023257849
21,7,none,random_linear,1427,105,0,2,False,0.20153536,0.0045926883,0.58733654,0.20653543
21,7,none,random_linear,1428,105,2,2,True,0.00973571,0.060667295,0.4941553,0.43544167
21,7,none,random_linear,1429,105,3,2,False,0.0134697305,0.012132996,0.64479184,0.32960546
21,7,none,random_linear,1430,105,3,3,True,0.019589942,0.020609822,0.43500397,0.5247963
21,7,none,random_linear,1431,105,2,2,True,0.0023843967,0.004744293,0.88813865,0.10473261
21,7,none,random_linear,1432,105,3,2,False,0.022907062,0.032145005,0.6796848,0.26526308
21,7,none,random_linear,1433,105,2,2,True,0.0053648218,0.012572142,0.9641925,0.017870512
21,7,none,random_linear,1434,105,3,2,False,0.015393343,0.037126057,0.8435021,0.10397857
21,7,none,random_linear,1435,105,2,2,True,0.02207299,0.014255544,0.93260765,0.031063884
21,7,none,random_linear,1436,105,3,2,False,0.002061517,0.034422707,0.60906875,0.35444707
21,7,none,random_linear,1437,105,2,2,True,0.00036368083,0.0019242028,0.99668044,0.0010316964
21,7,none,random_linear,1438,105,2,2,True,0.0041968203,0.033535838,0.87247473,0.08979269
21,7,none,random_linear,1439,105,3,2,False,0.012235624,0.025880137,0.7983832,0.16350105
21,7,none,random_linear,1440,105,2,2,True,0.00578483,0.008264029,0.8976852,0.08826583
21,7,none,random_linear,1441,105,3,2,False,0.0011766196,0.0015378377,0.96723217,0.030053442
21,7,none,random_linear,1442,105,2,2,True,0.03178642,0.009026523,0.60118824,0.35799885
21,7,none,random_linear,1443,106,0,2,False,0.00639299,0.0044766753,0.87496644,0.11416387
21,7,none,random_linear,1444,106,1,2,False,0.015251154,0.1792386,0.7809342,0.02457609
21,7,none,random_linear,1445,106,0,2,False,0.01075536,0.009271169,0.9566125,0.02336097
21,7,none,random_linear,1446,106,1,2,False,0.037067425,0.027880048,0.81819504,0.11685744
21,7,none,random_linear,1447,106,0,2,False,0.009118555,0.002529145,0.98789084,0.00046135313
21,7,none,random_linear,1448,106,1,2,False,0.0031075622,0.0028383387,0.94003993,0.05401416
21,7,none,random_linear,1449,106,0,2,False,0.08664916,0.17885807,0.4707787,0.263714
21,7,none,random_linear,1450,106,1,3,False,0.04020268,0.37039903,0.1345847,0.45481357
21,7,none,random_linear,1451,106,0,1,False,0.31140688,0.5074103,0.13815513,0.043027706
21,7,none,random_linear,1452,106,1,2,False,0.009168447,0.038824227,0.9446595,0.0073478357
21,7,none,random_linear,1453,106,0,1,False,0.013902065,0.5662773,0.3087381,0.11108252
21,7,none,random_linear,1454,106,1,2,False,0.0024798035,0.11565294,0.8813234,0.000543909
21,7,none,random_linear,1455,106,1,1,True,0.013757001,0.8225209,0.07846716,0.08525489
21,7,none,random_linear,1456,106,0,0,True,0.7664494,0.0072864853,0.20015673,0.0261074
21,7,none,random_linear,1457,106,0,0,True,0.94618624,0.0012024125,0.052221086,0.00039025024
21,7,none,random_linear,1458,106,3,2,False,0.013214278,0.012227551,0.9114344,0.063123755
21,7,none,random_linear,1459,106,2,2,True,0.012831048,0.12191771,0.48530385,0.37994745
21,7,none,random_linear,1460,106,3,2,False,0.087765194,0.102152646,0.7212433,0.0888388
21,7,none,random_linear,1461,106,2,1,False,0.121435106,0.51879334,0.3380315,0.021740062
21,7,none,random_linear,1462,106,2,2,True,0.0065583866,0.041316647,0.89982647,0.05229844
21,7,none,random_linear,1463,106,3,1,False,0.031046923,0.66130906,0.21485773,0.09278624
21,7,none,random_linear,1464,106,3,3,True,0.047319435,0.21801846,0.207702,0.52696013
21,7,none,random_linear,1465,106,2,2,True,0.14623025,0.023843601,0.79725206,0.032674175
21,7,none,random_linear,1466,106,3,1,False,0.016132765,0.9203853,0.048918087,0.014563861
21,7,none,random_linear,1467,106,2,2,True,0.018171191,0.042494554,0.93558705,0.0037471815
21,7,none,random_linear,1468,106,3,2,False,0.10133562,0.03366311,0.82064253,0.044358708
21,7,none,random_linear,1469,106,2,1,False,0.10667103,0.52956295,0.3364428,0.027323186
21,7,none,random_linear,1470,106,3,3,True,0.087626114,0.078087,0.34628913,0.4879978
21,7,none,random_linear,1471,106,2,0,False,0.6245783,0.05409307,0.080814876,0.24051379
21,7,none,random_linear,1472,106,3,3,True,0.32739988,0.060897756,0.22131063,0.39039177
21,7,none,random_linear,1473,106,1,1,True,8.782503e-05,0.99904794,0.0004922849,0.00037198278
21,7,none,random_linear,1474,106,0,0,True,0.46548885,0.010657467,0.07547313,0.4483805
21,7,none,random_linear,1475,106,1,2,False,0.011751701,0.13669662,0.8435025,0.008049145
21,7,none,random_linear,1476,106,0,2,False,0.03787038,0.17904127,0.780122,0.002966393
21,7,none,random_linear,1477,106,0,3,False,0.29500553,0.18294585,0.20024006,0.32180858
21,7,none,random_linear,1478,106,1,2,False,0.027494006,0.17508924,0.4019761,0.39544067
21,7,none,random_linear,1479,106,1,1,True,0.00034480207,0.99724424,0.0005872829,0.0018237628
21,7,none,random_linear,1480,106,0,2,False,0.15600365,0.11851436,0.7067005,0.018781478
21,7,none,random_linear,1481,106,0,3,False,0.08294914,0.30026084,0.23916782,0.37762216
21,7,none,random_linear,1482,106,1,2,False,0.12753823,0.43273428,0.4374515,0.0022759521
21,7,none,random_linear,1483,106,1,1,True,0.0008375122,0.98080575,0.017798314,0.00055842777
21,7,none,random_linear,1484,106,0,0,True,0.8716307,0.054474175,0.06686935,0.0070257857
21,7,none,random_linear,1485,106,0,2,False,0.053760737,0.33088616,0.488909,0.12644413
21,7,none,random_linear,1486,106,1,1,True,0.0036536476,0.9810817,0.014802065,0.0004626104
21,7,none,random_linear,1487,106,0,2,False,0.025479795,0.39590767,0.51103944,0.06757312
21,7,none,random_linear,1488,106,2,2,True,0.010905079,0.0050552143,0.9827497,0.0012900291
21,7,none,random_linear,1489,106,3,3,True,0.288177,0.0803194,0.16414909,0.46735454
21,7,none,random_linear,1490,106,2,2,True,0.05682791,0.4069526,0.47158194,0.0646376
21,7,none,random_linear,1491,106,3,2,False,0.049133886,0.00130226,0.87973386,0.0698301
21,7,none,random_linear,1492,106,3,0,False,0.46891972,0.07049017,0.37142694,0.08916325
21,7,none,random_linear,1493,106,2,2,True,0.2712146,0.06640787,0.65032226,0.012055304
21,7,none,random_linear,1494,106,2,2,True,0.038233023,0.18705617,0.7681046,0.0066061993
21,7,none,random_linear,1495,106,3,0,False,0.8006924,0.025438141,0.15497899,0.018890496
21,7,none,random_linear,1496,106,2,2,True,0.036428727,0.18499757,0.77785194,0.00072176446
21,7,none,random_linear,1497,106,3,2,False,0.097289026,0.019064281,0.8827899,0.0008567818
21,7,none,random_linear,1498,106,3,2,False,0.07839727,0.12140035,0.76810837,0.03209402
21,7,none,random_linear,1499,106,2,2,True,0.16098276,0.13637179,0.67405266,0.028592782
21,7,none,random_linear,1500,106,2,2,True,0.0032149607,0.060582336,0.8545704,0.08163237
21,7,none,random_linear,1501,106,3,3,True,0.018583516,0.039932285,0.17586315,0.765621
21,7,none,random_linear,1502,106,2,2,True,0.13542143,0.017131377,0.8456623,0.0017849319
21,7,none,random_linear,1503,106,1,1,True,0.016390258,0.86138695,0.119942866,0.002280057
21,7,none,random_linear,1504,106,0,2,False,0.23453139,0.34039077,0.37512144,0.049956374
21,7,none,random_linear,1505,106,0,2,False,0.045401197,0.005054491,0.8428006,0.106743686
21,7,none,random_linear,1506,106,1,2,False,0.37126645,0.016268851,0.6048703,0.007594402
21,7,none,random_linear,1507,106,0,0,True,0.67032623,0.073950075,0.2257073,0.030016404
21,7,none,random_linear,1508,106,1,1,True,0.0032196064,0.838128,0.057427466,0.101224944
21,7,none,random_linear,1509,106,0,0,True,0.48847783,0.09906743,0.35911512,0.053339656
21,7,none,random_linear,1510,106,1,2,False,0.099501185,0.0435558,0.8522126,0.004730457
21,7,none,random_linear,1511,106,1,1,True,0.0014973124,0.9664865,0.028153164,0.003863051
21,7,none,random_linear,1512,106,0,0,True,0.9070983,0.029451625,0.05196674,0.011483375
21,7,none,random_linear,1513,106,0,0,True,0.87248516,0.007815634,0.11858496,0.001114218
21,7,none,random_linear,1514,106,1,2,False,0.014750972,0.012087811,0.9715053,0.0016558777
21,7,none,random_linear,1515,106,1,1,True,0.041145857,0.41329145,0.25992194,0.2856407
21,7,none,random_linear,1516,106,0,0,True,0.6579299,0.0008746155,0.3212976,0.01989794
21,7,none,random_linear,1517,106,0,0,True,0.69493467,0.11657841,0.10716183,0.08132509
21,7,none,random_linear,1518,106,2,2,True,0.045273717,0.3966615,0.5436345,0.014430253
21,7,none,random_linear,1519,106,3,2,False,0.17846301,0.316383,0.3189894,0.18616457
21,7,none,random_linear,1520,106,2,2,True,0.14048006,0.2724612,0.39074892,0.19630978
21,7,none,random_linear,1521,106,3,2,False,0.046415184,0.030608421,0.879935,0.043041367
21,7,none,random_linear,1522,106,2,2,True,0.23698065,0.13035713,0.61325467,0.019407574
21,7,none,random_linear,1523,106,3,2,False,0.31087428,0.0599509,0.55124956,0.077925235
21,7,none,random_linear,1524,106,2,2,True,0.04563329,0.034154788,0.9095445,0.010667363
21,7,none,random_linear,1525,106,3,2,False,0.041629698,0.3638232,0.5706582,0.023888865
21,7,none,random_linear,1526,106,2,2,True,0.0010885344,0.0034797867,0.97811353,0.017318167
21,7,none,random_linear,1527,106,3,2,False,0.14597757,0.02548599,0.8257916,0.002744846
21,7,none,random_linear,1528,106,3,0,False,0.85787314,0.011340751,0.09623452,0.03455157
21,7,none,random_linear,1529,106,2,2,True,0.10589907,0.014637637,0.6018388,0.2776245
21,7,none,random_linear,1530,106,3,2,False,0.39367726,0.03298302,0.5685406,0.0047991523
21,7,none,random_linear,1531,106,2,2,True,0.0047895196,0.008786562,0.9843609,0.0020630707
21,7,none,random_linear,1532,106,2,0,False,0.54687333,0.0020812103,0.44876242,0.0022830141
21,7,none,random_linear,1533,107,1,1,True,0.0017281582,0.98872316,0.0021497426,0.0073990063
21,7,none,random_linear,1534,107,0,0,True,0.38001028,0.37462327,0.17039095,0.07497542
21,7,none,random_linear,1535,107,0,0,True,0.96206594,0.024044411,0.012561235,0.0013284469
21,7,none,random_linear,1536,107,1,1,True,0.00027295182,0.9927012,0.00011645099,0.0069093113
21,7,none,random_linear,1537,107,0,0,True,0.7314055,0.26047608,0.0041918326,0.0039266045
21,7,none,random_linear,1538,107,1,1,True,0.0016445635,0.9919586,0.0032149833,0.0031818987
21,7,none,random_linear,1539,107,0,0,True,0.9422367,0.04505222,0.008881296,0.0038298324
21,7,none,random_linear,1540,107,1,1,True,0.012051314,0.98521245,0.0020546447,0.0006816697
21,7,none,random_linear,1541,107,0,0,True,0.9942358,0.000969227,0.00035558388,0.004439398
21,7,none,random_linear,1542,107,1,1,True,0.025424667,0.95084906,0.00709564,0.016630678
21,7,none,random_linear,1543,107,0,0,True,0.92475855,0.02942243,0.018134976,0.027683984
21,7,none,random_linear,1544,107,1,1,True,0.04604955,0.65658647,0.066518955,0.23084506
21,7,none,random_linear,1545,107,0,0,True,0.9847334,0.00050901494,0.0013502424,0.013407393
21,7,none,random_linear,1546,107,1,1,True,0.0068171606,0.74324787,0.015644398,0.23429063
21,7,none,random_linear,1547,107,0,0,True,0.9987017,0.00048694163,0.00038878038,0.00042254754
21,7,none,random_linear,1548,107,3,1,False,0.105277345,0.68051547,0.037374906,0.1768323
21,7,none,random_linear,1549,107,2,1,False,0.03571249,0.6695433,0.2312525,0.063491665
21,7,none,random_linear,1550,107,3,3,True,0.23424321,0.32711735,0.05492782,0.38371167
21,7,none,random_linear,1551,107,2,1,False,0.033372823,0.884485,0.017978942,0.06416317
21,7,none,random_linear,1552,107,3,0,False,0.931385,0.052065514,0.007957786,0.008591685
21,7,none,random_linear,1553,107,2,2,True,0.28378934,0.07843997,0.49995017,0.1378205
21,7,none,random_linear,1554,107,2,0,False,0.87966067,0.04049617,0.0012377768,0.07860533
21,7,none,random_linear,1555,107,3,0,False,0.5696012,0.011842961,0.0001375515,0.4184183
21,7,none,random_linear,1556,107,3,0,False,0.93490654,0.008251292,0.053734865,0.0031073021
21,7,none,random_linear,1557,107,2,1,False,0.19264774,0.46267357,0.2763604,0.06831826
21,7,none,random_linear,1558,107,2,1,False,0.039726663,0.9480499,0.007064072,0.0051593385
21,7,none,random_linear,1559,107,3,0,False,0.81735027,0.15808994,0.0017509967,0.022808785
21,7,none,random_linear,1560,107,2,3,False,0.28964072,0.31773072,0.06285888,0.32976967
21,7,none,random_linear,1561,107,3,1,False,0.097453415,0.6226123,0.024667807,0.2552665
21,7,none,random_linear,1562,107,3,0,False,0.50141835,0.02206594,0.05195176,0.42456397
21,7,none,random_linear,1563,107,1,1,True,0.08076938,0.77766514,0.004687495,0.13687798
21,7,none,random_linear,1564,107,0,0,True,0.9732944,0.022795662,0.0011627027,0.0027472118
21,7,none,random_linear,1565,107,1,1,True,0.043323297,0.92278445,0.016458208,0.01743405
21,7,none,random_linear,1566,107,0,0,True,0.9302263,0.05582412,0.0005772775,0.013372155
21,7,none,random_linear,1567,107,1,1,True,0.000469078,0.9992078,0.00014619749,0.00017705525
21,7,none,random_linear,1568,107,0,0,True,0.7912419,0.16486762,0.014945385,0.028945072
21,7,none,random_linear,1569,107,0,0,True,0.48299313,0.13747641,0.0064946017,0.37303582
21,7,none,random_linear,1570,107,1,0,False,0.42710584,0.13895772,0.21452448,0.21941201
21,7,none,random_linear,1571,107,0,0,True,0.9946343,0.003955063,0.0012987521,0.000112069945
21,7,none,random_linear,1572,107,1,0,False,0.63515115,0.2977207,0.03337067,0.033757485
21,7,none,random_linear,1573,107,0,0,True,0.552275,0.24225552,0.06320155,0.14226796
21,7,none,random_linear,1574,107,1,2,False,0.06107669,0.11535281,0.55706316,0.26650736
21,7,none,random_linear,1575,107,1,2,False,0.10025278,0.12666515,0.7533671,0.019714978
21,7,none,random_linear,1576,107,0,1,False,0.09616358,0.86489815,0.01822724,0.020711085
21,7,none,random_linear,1577,107,0,0,True,0.8631209,0.025472898,0.007607352,0.10379897
21,7,none,random_linear,1578,107,3,0,False,0.6377236,0.14118555,0.07347185,0.14761898
21,7,none,random_linear,1579,107,2,3,False,0.30757985,0.02883553,0.045922,0.6176626
21,7,none,random_linear,1580,107,3,0,False,0.93056345,0.034884017,0.009204608,0.025347969
21,7,none,random_linear,1581,107,2,3,False,0.2747438,0.26850253,0.15809332,0.29866034
21,7,none,random_linear,1582,107,2,0,False,0.5426606,0.30844432,0.046206787,0.10268822
21,7,none,random_linear,1583,107,3,0,False,0.6503971,0.01098914,0.039361563,0.29925227
21,7,none,random_linear,1584,107,3,0,False,0.9522865,0.015394523,0.007855701,0.0244633
21,7,none,random_linear,1585,107,2,0,False,0.70919776,0.15856801,0.12704071,0.0051934626
21,7,none,random_linear,1586,107,2,0,False,0.6330062,0.23346137,0.001402253,0.1321301
21,7,none,random_linear,1587,107,3,1,False,0.13617095,0.47570962,0.013226511,0.37489286
21,7,none,random_linear,1588,107,2,2,True,0.24115872,0.2889817,0.44216317,0.027696444
21,7,none,random_linear,1589,107,3,1,False,0.046275385,0.59389764,0.17579181,0.18403517
21,7,none,random_linear,1590,107,3,0,False,0.4870717,0.37061357,0.016699767,0.12561497
21,7,none,random_linear,1591,107,2,3,False,0.10122248,0.19284572,0.0048702937,0.7010615
21,7,none,random_linear,1592,107,2,3,False,0.20413768,0.1614541,0.03287805,0.6015302
21,7,none,random_linear,1593,107,0,0,True,0.98915917,0.004234525,0.0014082354,0.005197987
21,7,none,random_linear,1594,107,1,1,True,0.02999815,0.9157304,0.0010339787,0.05323741
21,7,none,random_linear,1595,107,1,1,True,0.24010706,0.59612334,0.03949219,0.12427743
21,7,none,random_linear,1596,107,0,0,True,0.8746264,0.10310827,0.0075373417,0.014728063
21,7,none,random_linear,1597,107,1,1,True,0.093258716,0.8191838,0.06936365,0.018193739
21,7,none,random_linear,1598,107,0,1,False,0.43664488,0.53786945,0.019620154,0.005865515
21,7,none,random_linear,1599,107,1,3,False,0.07873672,0.27823034,0.0031352176,0.63989764
21,7,none,random_linear,1600,107,0,1,False,0.14952926,0.77084905,0.04432773,0.035293926
21,7,none,random_linear,1601,107,1,1,True,0.05619475,0.90187526,0.009825596,0.032104325
21,7,none,random_linear,1602,107,0,3,False,0.015797067,0.26872477,0.016748914,0.6987293
21,7,none,random_linear,1603,107,0,0,True,0.96575814,0.028512772,0.00053736335,0.005191691
21,7,none,random_linear,1604,107,1,1,True,0.19009787,0.8038784,0.00476289,0.0012607037
21,7,none,random_linear,1605,107,0,0,True,0.44410434,0.21851577,0.075055264,0.26232454
21,7,none,random_linear,1606,107,1,2,False,0.12024266,0.35176548,0.38098145,0.1470104
21,7,none,random_linear,1607,107,0,1,False,0.016719736,0.91840416,0.0016563442,0.063219815
21,7,none,random_linear,1608,107,3,0,False,0.72221035,0.06126406,0.20658953,0.0099360375
21,7,none,random_linear,1609,107,2,3,False,0.08262177,0.37328866,0.050062735,0.49402687
21,7,none,random_linear,1610,107,2,0,False,0.78185475,0.10680628,0.06352359,0.047815293
21,7,none,random_linear,1611,107,3,3,True,0.15265669,0.029959776,0.018851371,0.7985322
21,7,none,random_linear,1612,107,2,0,False,0.6448014,0.35205463,0.0010572891,0.002086726
21,7,none,random_linear,1613,107,3,0,False,0.9128256,0.07100047,0.0058025266,0.010371322
21,7,none,random_linear,1614,107,3,1,False,0.057720613,0.8760505,0.018437065,0.047791883
21,7,none,random_linear,1615,107,2,1,False,0.23383725,0.40794513,0.1892001,0.16901754
21,7,none,random_linear,1616,107,2,0,False,0.72858095,0.03468899,0.17603733,0.0606927
21,7,none,random_linear,1617,107,3,1,False,0.012334003,0.7818415,0.024432313,0.18139225
21,7,none,random_linear,1618,107,2,0,False,0.50616527,0.14434734,0.2588689,0.090618506
21,7,none,random_linear,1619,107,3,3,True,0.03922874,0.34269896,0.08816712,0.52990514
21,7,none,random_linear,1620,107,2,3,False,0.06019539,0.20564389,0.059696354,0.67446434
21,7,none,random_linear,1621,107,3,1,False,0.0023568776,0.88051665,0.038094204,0.07903234
21,7,none,random_linear,1622,107,3,0,False,0.43934005,0.25514463,0.11894958,0.18656576
21,7,none,random_linear,1623,108,0,0,True,0.9748239,0.0002966566,0.001167364,0.023712188
21,7,none,random_linear,1624,108,1,1,True,3.7061287e-05,0.99895763,0.00017413408,0.0008312457
21,7,none,random_linear,1625,108,0,3,False,0.26662225,0.0147314565,0.0042293984,0.7144169
21,7,none,random_linear,1626,108,1,1,True,0.2659666,0.58599174,0.00832119,0.13972044
21,7,none,random_linear,1627,108,0,0,True,0.9965842,0.00059436355,0.00042679752,0.0023945235
21,7,none,random_linear,1628,108,1,1,True,0.00019799918,0.99864167,2.2626073e-05,0.0011377744
21,7,none,random_linear,1629,108,1,1,True,0.00011475648,0.9945109,6.368622e-05,0.0053106877
21,7,none,random_linear,1630,108,0,0,True,0.97680265,0.0014666291,0.0007402726,0.020990578
21,7,none,random_linear,1631,108,0,0,True,0.9997874,1.7680597e-05,2.6163993e-05,0.00016877484
21,7,none,random_linear,1632,108,1,1,True,0.0071191634,0.93349767,0.0013196182,0.0580636
21,7,none,random_linear,1633,108,0,0,True,0.9987651,0.00034832724,0.0006480424,0.00023853296
21,7,none,random_linear,1634,108,1,1,True,0.08793046,0.5926937,0.011526063,0.3078498
21,7,none,random_linear,1635,108,0,0,True,0.43503082,0.2251454,0.18666576,0.15315807
21,7,none,random_linear,1636,108,1,1,True,0.030204698,0.9369539,0.01983973,0.013001679
21,7,none,random_linear,1637,108,1,1,True,0.00039001546,0.95171744,0.00032776323,0.04756476
21,7,none,random_linear,1638,108,2,1,False,0.02045631,0.6989135,0.23621579,0.044414405
21,7,none,random_linear,1639,108,3,3,True,0.001156771,0.036017083,0.015040779,0.94778544
21,7,none,random_linear,1640,108,2,3,False,0.037069622,0.18955244,0.1289207,0.6444572
21,7,none,random_linear,1641,108,3,3,True,0.0031845963,0.08339315,0.013884432,0.89953786
21,7,none,random_linear,1642,108,3,3,True,0.0053557917,0.02334157,0.0046628327,0.96663976
21,7,none,random_linear,1643,108,2,1,False,0.11184592,0.55739963,0.2987493,0.032005098
21,7,none,random_linear,1644,108,2,3,False,0.29904175,0.014671653,0.15167001,0.5346166
21,7,none,random_linear,1645,108,3,3,True,0.016425267,0.055862322,0.005604785,0.9221076
21,7,none,random_linear,1646,108,2,1,False,0.0945923,0.89967686,0.00099416,0.0047365325
21,7,none,random_linear,1647,108,3,3,True,0.09700417,0.102838315,0.008169715,0.7919878
21,7,none,random_linear,1648,108,3,3,True,0.018724702,0.10325996,0.02134418,0.85667115
21,7,none,random_linear,1649,108,2,1,False,0.05508893,0.73335373,0.11203785,0.09951952
21,7,none,random_linear,1650,108,3,3,True,0.07577412,0.006326875,0.009066963,0.9088321
21,7,none,random_linear,1651,108,2,2,True,0.10652485,0.23546182,0.4587462,0.19926718
21,7,none,random_linear,1652,108,3,3,True,0.17531186,0.023886679,0.10682454,0.6939769
21,7,none,random_linear,1653,108,1,1,True,0.00050612894,0.7181339,0.26743612,0.013923858
21,7,none,random_linear,1654,108,0,1,False,0.13260713,0.59754175,0.0626758,0.20717534
21,7,none,random_linear,1655,108,1,1,True,0.02006898,0.62858826,0.27672458,0.074618146
21,7,none,random_linear,1656,108,0,0,True,0.96408546,0.00063907745,0.0025882772,0.032687068
21,7,none,random_linear,1657,108,0,0,True,0.864905,0.012049129,0.0008862279,0.12215975
21,7,none,random_linear,1658,108,1,1,True,0.004869152,0.9289356,0.0042483876,0.06194697
21,7,none,random_linear,1659,108,1,1,True,0.005243188,0.982067,0.0042958516,0.0083940495
21,7,none,random_linear,1660,108,0,0,True,0.9963528,0.0020274243,0.00095970527,0.00065997173
21,7,none,random_linear,1661,108,0,0,True,0.99540776,0.0007829226,0.0018814278,0.0019279558
21,7,none,random_linear,1662,108,1,1,True,0.00028608338,0.99737525,0.0019675787,0.00037105888
21,7,none,random_linear,1663,108,1,1,True,0.00070384203,0.98872095,0.001873985,0.008701188
21,7,none,random_linear,1664,108,0,0,True,0.9191587,0.003188224,0.011031481,0.0666216
21,7,none,random_linear,1665,108,1,1,True,0.019395627,0.6724661,0.28768897,0.020449284
21,7,none,random_linear,1666,108,0,0,True,0.96190006,0.002809272,0.0063127624,0.028977927
21,7,none,random_linear,1667,108,1,1,True,0.3805976,0.56095624,0.0035711913,0.054874968
21,7,none,random_linear,1668,108,3,3,True,0.002063439,0.007730705,0.0033558416,0.98685
21,7,none,random_linear,1669,108,2,3,False,0.22244132,0.22226767,0.21451731,0.3407737
21,7,none,random_linear,1670,108,3,3,True,0.04911309,0.014253854,0.010157509,0.9264756
21,7,none,random_linear,1671,108,2,2,True,0.026852861,0.053370044,0.8980221,0.021755038
21,7,none,random_linear,1672,108,2,2,True,0.063972965,0.21032453,0.36531898,0.36038357
21,7,none,random_linear,1673,108,3,3,True,0.006379129,0.076785326,0.01143482,0.9054007
21,7,none,random_linear,1674,108,2,2,True,0.01767043,0.12724066,0.84306663,0.012022288
21,7,none,random_linear,1675,108,3,1,False,0.041635644,0.6389324,0.23010515,0.08932677
21,7,none,random_linear,1676,108,2,1,False,0.015276717,0.95406264,0.027197227,0.0034634208
21,7,none,random_linear,1677,108,3,1,False,0.06278748,0.6824141,0.08970025,0.16509819
21,7,none,random_linear,1678,108,2,1,False,0.18924634,0.4044609,0.2820527,0.12424005
21,7,none,random_linear,1679,108,3,0,False,0.5056323,0.12228552,0.15499006,0.21709216
21,7,none,random_linear,1680,108,2,2,True,0.018224373,0.0019418024,0.8864707,0.09336319
21,7,none,random_linear,1681,108,3,0,False,0.5150836,0.07984783,0.17200194,0.23306659
21,7,none,random_linear,1682,108,3,3,True,0.22054604,0.010482442,0.15432613,0.6146454
21,7,none,random_linear,1683,108,1,1,True,0.0059981225,0.8915218,0.04954395,0.052936036
21,7,none,random_linear,1684,108,0,0,True,0.5843001,0.046217598,0.31985345,0.049628902
21,7,none,random_linear,1685,108,0,2,False,0.064065136,0.12993787,0.45142797,0.35456908
21,7,none,random_linear,1686,108,1,2,False,0.07347076,0.30467236,0.6057774,0.016079517
21,7,none,random_linear,1687,108,0,3,False,0.15564224,0.27524847,0.016623722,0.55248564
21,7,none,random_linear,1688,108,1,1,True,0.24141148,0.44115806,0.3140703,0.0033601788
21,7,none,random_linear,1689,108,1,1,True,0.00044993736,0.9793345,0.019088157,0.001127357
21,7,none,random_linear,1690,108,0,0,True,0.7901806,0.006967496,0.07865537,0.124196604
21,7,none,random_linear,1691,108,0,0,True,0.48059037,0.19688937,0.12883742,0.1936828
21,7,none,random_linear,1692,108,1,1,True,0.0023124774,0.9959772,0.0011973327,0.00051292445
21,7,none,random_linear,1693,108,0,0,True,0.67275614,0.04465498,0.022406347,0.2601825
21,7,none,random_linear,1694,108,1,1,True,0.28938174,0.55338275,0.050610118,0.10662537
21,7,none,random_linear,1695,108,1,1,True,0.00078137306,0.9988955,0.00013037623,0.00019266519
21,7,none,random_linear,1696,108,0,0,True,0.9219144,0.011354788,0.03465682,0.032073945
21,7,none,random_linear,1697,108,0,0,True,0.999668,9.849845e-05,5.871131e-05,0.00017466085
21,7,none,random_linear,1698,108,3,3,True,0.17021474,0.31905466,0.025508646,0.48522198
21,7,none,random_linear,1699,108,2,3,False,0.026030343,0.1237581,0.37509152,0.47512004
21,7,none,random_linear,1700,108,2,2,True,0.058527865,0.024296025,0.7513817,0.16579437
21,7,none,random_linear,1701,108,3,3,True,0.00511433,0.0027379368,0.0022252311,0.98992246
21,7,none,random_linear,1702,108,2,0,False,0.4318568,0.1060691,0.10542916,0.35664493
21,7,none,random_linear,1703,108,3,2,False,0.08989386,0.04041346,0.81315976,0.05653294
21,7,none,random_linear,1704,108,3,3,True,0.00656785,0.003158653,0.022037433,0.96823615
21,7,none,random_linear,1705,108,2,2,True,0.009149706,0.0150414,0.9513396,0.024469366
21,7,none,random_linear,1706,108,3,3,True,0.06189993,0.076344654,0.0989053,0.7628501
21,7,none,random_linear,1707,108,2,1,False,0.061926045,0.7643521,0.024502572,0.14921929
21,7,none,random_linear,1708,108,2,2,True,0.27736032,0.027763873,0.5921841,0.10269169
21,7,none,random_linear,1709,108,3,3,True,0.037552137,0.037277248,0.022627102,0.90254354
21,7,none,random_linear,1710,108,2,1,False,0.049327277,0.7302308,0.14138706,0.079054795
21,7,none,random_linear,1711,108,3,1,False,0.021988235,0.7580423,0.0071757236,0.21279374
21,7,none,random_linear,1712,108,2,0,False,0.85665053,0.111947306,0.012435666,0.01896655
21,7,none,random_linear,1713,109,0,0,True,0.97469455,0.0014273436,0.0027100872,0.021168087
21,7,none,random_linear,1714,109,1,2,False,0.26624304,0.33685777,0.37242845,0.024470733
21,7,none,random_linear,1715,109,1,1,True,0.000108169814,0.9996673,0.00018273747,4.1796506e-05
21,7,none,random_linear,1716,109,0,0,True,0.4384666,0.1853043,0.27718803,0.09904112
21,7,none,random_linear,1717,109,1,1,True,0.017467706,0.9815274,0.00051963853,0.00048534683
21,7,none,random_linear,1718,109,0,0,True,0.9009902,0.026864935,0.06637771,0.0057672327
21,7,none,random_linear,1719,109,1,1,True,0.112825215,0.5850122,0.29881167,0.003350902
21,7,none,random_linear,1720,109,0,0,True,0.90407264,0.0046075894,0.09026665,0.0010531128
21,7,none,random_linear,1721,109,1,1,True,0.037273582,0.9367049,0.009402172,0.016619371
21,7,none,random_linear,1722,109,0,2,False,0.053589046,0.032668695,0.9012628,0.012479485
21,7,none,random_linear,1723,109,0,0,True,0.8887228,0.00091668323,0.09074172,0.019618804
21,7,none,random_linear,1724,109,1,1,True,0.016192762,0.9214634,0.022338808,0.040005095
21,7,none,random_linear,1725,109,0,0,True,0.9997315,6.329008e-06,0.0002442674,1.7844799e-05
21,7,none,random_linear,1726,109,1,0,False,0.44249883,0.2857811,0.07349319,0.19822687
21,7,none,random_linear,1727,109,1,1,True,0.038367756,0.917609,0.039463196,0.0045600375
21,7,none,random_linear,1728,109,3,1,False,0.009315519,0.59096205,0.11683449,0.28288794
21,7,none,random_linear,1729,109,2,2,True,0.022331621,0.4055807,0.4692675,0.1028202
21,7,none,random_linear,1730,109,2,2,True,0.22134227,0.2924062,0.4200077,0.066243894
21,7,none,random_linear,1731,109,3,3,True,0.1085138,0.012509055,0.08470508,0.7942721
21,7,none,random_linear,1732,109,3,3,True,0.017290268,0.06624094,0.44654906,0.46991974
21,7,none,random_linear,1733,109,2,2,True,0.39030662,0.039087605,0.4126318,0.15797395
21,7,none,random_linear,1734,109,2,2,True,0.13316545,0.20561896,0.60810953,0.05310606
21,7,none,random_linear,1735,109,3,2,False,0.18437026,0.2067494,0.5106538,0.098226525
21,7,none,random_linear,1736,109,2,3,False,0.17569415,0.028575994,0.1307727,0.6649571
21,7,none,random_linear,1737,109,3,3,True,0.040993705,0.07419221,0.16324264,0.72157145
21,7,none,random_linear,1738,109,2,0,False,0.67127275,0.22536322,0.008109915,0.09525412
21,7,none,random_linear,1739,109,3,0,False,0.5058099,0.08054066,0.3961321,0.017517343
21,7,none,random_linear,1740,109,3,3,True,0.02695207,0.04139029,0.39001435,0.5416433
21,7,none,random_linear,1741,109,2,0,False,0.58834594,0.24228449,0.09805456,0.07131499
21,7,none,random_linear,1742,109,2,1,False,0.0072254734,0.9418664,0.018395582,0.03251248
21,7,none,random_linear,1743,109,1,1,True,0.005143235,0.88670105,0.041383356,0.06677234
21,7,none,random_linear,1744,109,0,0,True,0.6066962,0.08966072,0.25506553,0.048577506
21,7,none,random_linear,1745,109,1,0,False,0.8685933,0.08222836,0.02532537,0.023853047
21,7,none,random_linear,1746,109,0,0,True,0.3560131,0.048481416,0.33487365,0.26063192
21,7,none,random_linear,1747,109,0,0,True,0.9919916,0.00041419436,0.003092183,0.0045019686
21,7,none,random_linear,1748,109,1,2,False,0.27718532,0.013204434,0.6999592,0.009651061
21,7,none,random_linear,1749,109,0,3,False,0.31146482,0.022213321,0.3127856,0.35353625
21,7,none,random_linear,1750,109,1,1,True,0.075720854,0.7443904,0.03324117,0.14664753
21,7,none,random_linear,1751,109,1,1,True,0.037356604,0.6545593,0.26697364,0.04111048
21,7,none,random_linear,1752,109,0,2,False,0.08118235,0.002165506,0.9048371,0.0118151
21,7,none,random_linear,1753,109,1,0,False,0.7201829,0.095352285,0.005140346,0.17932455
21,7,none,random_linear,1754,109,0,1,False,0.2708546,0.49206668,0.022624819,0.21445394
21,7,none,random_linear,1755,109,1,1,True,0.011958381,0.9766585,0.011098026,0.0002849649
21,7,none,random_linear,1756,109,0,1,False,0.17206164,0.7283297,0.055894814,0.043713808
21,7,none,random_linear,1757,109,0,0,True,0.9987925,0.00062796316,0.00025802726,0.00032144214
21,7,none,random_linear,1758,109,2,3,False,0.1414327,0.02573423,0.017498786,0.81533426
21,7,none,random_linear,1759,109,3,0,False,0.8878059,0.02351522,0.052064568,0.03661433
21,7,none,random_linear,1760,109,2,3,False,0.069168724,0.24091929,0.20231922,0.48759282
21,7,none,random_linear,1761,109,3,3,True,0.17377745,0.043401696,0.18296224,0.5998586
21,7,none,random_linear,1762,109,3,1,False,0.032051384,0.8256709,0.0022830865,0.13999456
21,7,none,random_linear,1763,109,2,3,False,0.14936486,0.028155008,0.3714603,0.45101982
21,7,none,random_linear,1764,109,3,3,True,0.024339821,0.007790322,0.22776361,0.7401063
21,7,none,random_linear,1765,109,2,1,False,0.16451411,0.5137552,0.12856504,0.19316563
21,7,none,random_linear,1766,109,3,3,True,0.035289075,0.26922446,0.114789434,0.58069706
21,7,none,random_linear,1767,109,2,3,False,0.28999826,0.040019233,0.28666243,0.38332012
21,7,none,random_linear,1768,109,2,2,True,0.111331105,0.15672834,0.545711,0.18622954
21,7,none,random_linear,1769,109,3,3,True,0.14482811,0.011402864,0.008227772,0.83554125
21,7,none,random_linear,1770,109,2,1,False,0.11932799,0.5653768,0.11278145,0.20251371
21,7,none,random_linear,1771,109,3,3,True,0.020011308,0.09159903,0.12399428,0.7643954
21,7,none,random_linear,1772,109,2,0,False,0.39069244,0.119971216,0.32144105,0.16789527
21,7,none,random_linear,1773,109,1,1,True,0.032571178,0.43128845,0.20058095,0.33555943
21,7,none,random_linear,1774,109,0,2,False,0.10722583,0.02447937,0.84133804,0.02695676
21,7,none,random_linear,1775,109,1,0,False,0.5499207,0.05412145,0.39234155,0.0036163763
21,7,none,random_linear,1776,109,0,3,False,0.0541415,0.011747738,0.016225792,0.917885
21,7,none,random_linear,1777,109,0,2,False,0.056727666,0.009097177,0.9200752,0.014099989
21,7,none,random_linear,1778,109,1,1,True,0.041163195,0.5625242,0.073859066,0.3224535
21,7,none,random_linear,1779,109,1,0,False,0.33141354,0.3091329,0.09459474,0.26485887
21,7,none,random_linear,1780,109,0,3,False,0.033549212,0.023241011,0.23381765,0.7093921
21,7,none,random_linear,1781,109,1,0,False,0.7766618,0.13938336,0.038950723,0.045004062
21,7,none,random_linear,1782,109,0,1,False,0.21495594,0.6452754,0.10703686,0.03273179
21,7,none,random_linear,1783,109,0,0,True,0.83209634,0.057006076,0.022292465,0.08860513
21,7,none,random_linear,1784,109,1,2,False,0.22439812,0.020838702,0.60334194,0.15142122
21,7,none,random_linear,1785,109,0,0,True,0.9495451,0.003165334,0.023248415,0.024041142
21,7,none,random_linear,1786,109,1,0,False,0.8135465,0.018756744,0.14029676,0.0274
21,7,none,random_linear,1787,109,0,2,False,0.101011015,0.12077687,0.6683315,0.109880544
21,7,none,random_linear,1788,109,2,1,False,0.011431584,0.5518975,0.42727813,0.009392745
21,7,none,random_linear,1789,109,3,3,True,0.30479088,0.07370762,0.20289367,0.41860783
21,7,none,random_linear,1790,109,2,1,False,0.1147115,0.445599,0.027634913,0.41205463
21,7,none,random_linear,1791,109,3,0,False,0.42044294,0.034855247,0.25239712,0.29230466
21,7,none,random_linear,1792,109,2,3,False,0.15058507,0.04841856,0.32454228,0.47645414
21,7,none,random_linear,1793,109,3,3,True,0.09792973,0.17896786,0.34706727,0.37603512
21,7,none,random_linear,1794,109,2,2,True,0.39468879,0.009603525,0.5778453,0.017862407
21,7,none,random_linear,1795,109,3,3,True,0.04546451,0.009843144,0.26763657,0.6770558
21,7,none,random_linear,1796,109,3,1,False,0.04949419,0.5031471,0.009784627,0.43757403
21,7,none,random_linear,1797,109,2,2,True,0.042507265,0.07179554,0.44524285,0.4404544
21,7,none,random_linear,1798,109,3,1,False,0.00583917,0.92636526,0.005424172,0.062371396
21,7,none,random_linear,1799,109,2,3,False,0.07059771,0.25118425,0.03423102,0.64398706
21,7,none,random_linear,1800,109,2,2,True,0.02874095,0.006685015,0.7879092,0.17666484
21,7,none,random_linear,1801,109,3,2,False,0.20015128,0.10267981,0.58936,0.107808866
21,7,none,random_linear,1802,109,3,0,False,0.50728905,0.10125431,0.19358957,0.19786714
