probe_seed,reference_seed,defense,test_view,trial_index,subject_id,y_true,y_pred,correct,prob_left_fist,prob_right_fist,prob_both_fists,prob_both_feet
42,7,none,car,0,90,0,0,True,0.87026644,0.010377672,0.0052284226,0.11412745
42,7,none,car,1,90,1,1,True,0.020865126,0.9694643,0.0013746996,0.008295957
42,7,none,car,2,90,1,1,True,0.00030139703,0.9991357,7.953198e-06,0.00055507023
42,7,none,car,3,90,0,0,True,0.913416,0.002802009,0.014210499,0.06957146
42,7,none,car,4,90,1,1,True,0.002835803,0.9935017,0.001717212,0.001945245
42,7,none,car,5,90,0,0,True,0.8837149,0.0012306694,0.030951548,0.0841028
42,7,none,car,6,90,1,1,True,0.05610815,0.90928847,0.0010914234,0.03351187
42,7,none,car,7,90,0,0,True,0.95887417,0.011309563,0.0008387095,0.028977674
42,7,none,car,8,90,0,0,True,0.7113787,0.12805118,0.0029324058,0.15763775
42,7,none,car,9,90,1,1,True,9.068549e-05,0.99932015,0.0003078962,0.00028120916
42,7,none,car,10,90,0,0,True,0.58387345,0.38941988,0.008984471,0.017722247
42,7,none,car,11,90,1,1,True,0.0003979866,0.9995383,2.0410102e-05,4.3353757e-05
42,7,none,car,12,90,0,0,True,0.66044575,0.002456156,0.026132794,0.3109653
42,7,none,car,13,90,1,1,True,0.10232117,0.445742,0.42353556,0.028401341
42,7,none,car,14,90,1,1,True,0.0061547835,0.9889389,0.004755948,0.00015028994
42,7,none,car,15,90,3,0,False,0.5896881,0.15873611,0.14415984,0.10741595
42,7,none,car,16,90,2,2,True,0.06971049,0.020761983,0.6421836,0.26734388
42,7,none,car,17,90,2,3,False,0.1653184,0.05146889,0.08685455,0.6963582
42,7,none,car,18,90,3,3,True,0.158369,0.03215122,0.01645435,0.79302543
42,7,none,car,19,90,3,3,True,0.033712268,0.068526454,0.04473307,0.85302824
42,7,none,car,20,90,2,1,False,0.31675,0.4304221,0.2385444,0.01428351
42,7,none,car,21,90,3,3,True,0.030865772,0.08493932,0.06463238,0.81956255
42,7,none,car,22,90,2,1,False,0.26466283,0.38917056,0.29328573,0.052880887
42,7,none,car,23,90,2,2,True,0.058901004,0.06438025,0.45347622,0.4232425
42,7,none,car,24,90,3,0,False,0.71900517,0.23871617,0.020625407,0.021653308
42,7,none,car,25,90,2,2,True,0.13565372,0.2385391,0.5710783,0.05472889
42,7,none,car,26,90,3,1,False,0.35328484,0.380219,0.08853175,0.17796439
42,7,none,car,27,90,3,3,True,0.10930754,0.077199444,0.17185424,0.64163876
42,7,none,car,28,90,2,1,False,0.19808981,0.48286122,0.11180994,0.20723903
42,7,none,car,29,90,2,1,False,0.032332405,0.54777825,0.39293602,0.026953317
42,7,none,car,30,90,1,1,True,0.016336668,0.9832077,0.00030903216,0.00014667196
42,7,none,car,31,90,0,0,True,0.5396029,0.2592308,0.070618205,0.1305481
42,7,none,car,32,90,1,1,True,2.7863352e-06,0.99993753,3.0142553e-06,5.6795037e-05
42,7,none,car,33,90,0,0,True,0.8900276,0.020912685,0.044244744,0.04481498
42,7,none,car,34,90,1,1,True,0.012324899,0.9278451,0.010148397,0.04968158
42,7,none,car,35,90,0,2,False,0.33208948,0.08197543,0.54261017,0.04332495
42,7,none,car,36,90,1,1,True,0.011128707,0.81225634,0.003290455,0.17332457
42,7,none,car,37,90,0,0,True,0.8035339,0.16241199,0.01898501,0.015069048
42,7,none,car,38,90,1,1,True,0.005165318,0.832753,0.15438528,0.0076964186
42,7,none,car,39,90,0,0,True,0.41704923,0.09705939,0.17496136,0.3109301
42,7,none,car,40,90,1,1,True,0.0956031,0.8407028,0.010519753,0.053174447
42,7,none,car,41,90,0,0,True,0.4632184,0.002616571,0.27412394,0.2600411
42,7,none,car,42,90,1,1,True,0.0035494901,0.9731147,0.020965597,0.002370199
42,7,none,car,43,90,0,2,False,0.12746751,0.3084521,0.41019097,0.15388937
42,7,none,car,44,90,1,1,True,1.274887e-05,0.99744296,0.0021120226,0.00043237375
42,7,none,car,45,90,2,2,True,0.09583199,0.022730617,0.7164284,0.16500899
42,7,none,car,46,90,3,2,False,0.023399599,0.008842431,0.6860103,0.28174773
42,7,none,car,47,90,3,3,True,0.09745754,0.1929053,0.15108278,0.5585544
42,7,none,car,48,90,2,3,False,0.14835319,0.03528841,0.18507001,0.6312884
42,7,none,car,49,90,3,3,True,0.06008923,0.18874182,0.121100366,0.63006854
42,7,none,car,50,90,2,2,True,0.032998946,0.053719446,0.64279413,0.27048755
42,7,none,car,51,90,3,3,True,0.02437878,0.05223496,0.010628326,0.91275793
42,7,none,car,52,90,2,3,False,0.07720749,0.27677187,0.26314586,0.3828748
42,7,none,car,53,90,3,3,True,0.123866275,0.013449284,0.14623834,0.7164461
42,7,none,car,54,90,2,2,True,0.15786788,0.10087076,0.49008206,0.25117934
42,7,none,car,55,90,2,2,True,0.05382854,0.3074894,0.37491405,0.26376802
42,7,none,car,56,90,3,2,False,0.0325052,0.024299543,0.6853281,0.25786713
42,7,none,car,57,90,2,2,True,0.009969366,0.03001228,0.66703993,0.29297844
42,7,none,car,58,90,3,3,True,0.063021004,0.024324123,0.111532964,0.8011219
42,7,none,car,59,90,3,3,True,0.05400795,0.37641308,0.13314068,0.43643826
42,7,none,car,60,90,1,1,True,0.0044160415,0.975916,0.01691908,0.0027487963
42,7,none,car,61,90,0,0,True,0.8874017,0.051562097,0.021454766,0.039581504
42,7,none,car,62,90,1,1,True,0.002432081,0.996309,0.0011730654,8.586385e-05
42,7,none,car,63,90,0,0,True,0.5791297,0.022059636,0.1934784,0.20533226
42,7,none,car,64,90,0,0,True,0.94768316,0.0005556531,0.048847374,0.0029139116
42,7,none,car,65,90,1,1,True,0.00036260748,0.99797803,0.0015966253,6.271662e-05
42,7,none,car,66,90,1,1,True,0.0015241848,0.93850887,0.056183584,0.0037832889
42,7,none,car,67,90,0,0,True,0.82037145,0.008925219,0.032551758,0.13815159
42,7,none,car,68,90,0,0,True,0.9733706,0.0054406263,0.019027723,0.0021610432
42,7,none,car,69,90,1,3,False,0.08346994,0.24720652,0.21531203,0.45401156
42,7,none,car,70,90,1,1,True,0.0040773517,0.9857743,0.0039431383,0.0062051252
42,7,none,car,71,90,0,2,False,0.34147754,0.04714471,0.3733118,0.23806594
42,7,none,car,72,90,1,2,False,0.014991848,0.23436393,0.54933524,0.20130903
42,7,none,car,73,90,0,0,True,0.6813318,0.031054126,0.25649884,0.031115176
42,7,none,car,74,90,0,0,True,0.5174926,0.021374468,0.11931283,0.3418201
42,7,none,car,75,90,2,3,False,0.010956447,0.010702915,0.4787217,0.49961895
42,7,none,car,76,90,3,0,False,0.96902096,0.005223815,0.019637018,0.0061183637
42,7,none,car,77,90,2,2,True,0.14523421,0.14963925,0.6469581,0.058168486
42,7,none,car,78,90,3,3,True,0.041578695,0.028104343,0.08245761,0.8478594
42,7,none,car,79,90,2,1,False,0.0032868665,0.8961425,0.0955051,0.0050655254
42,7,none,car,80,90,3,1,False,0.13168101,0.45088324,0.22412057,0.19331522
42,7,none,car,81,90,2,2,True,0.037255406,0.027996365,0.63316655,0.30158177
42,7,none,car,82,90,3,2,False,0.046973713,0.26905337,0.4731853,0.2107877
42,7,none,car,83,90,2,2,True,0.0081528425,0.008064988,0.96075,0.02303213
42,7,none,car,84,90,3,3,True,0.04608157,0.117185436,0.4122445,0.42448848
42,7,none,car,85,90,2,1,False,0.29432043,0.30889812,0.27409577,0.122685716
42,7,none,car,86,90,3,3,True,0.18592027,0.071022235,0.0751458,0.6679117
42,7,none,car,87,90,3,0,False,0.42312685,0.13872395,0.34623322,0.091915965
42,7,none,car,88,90,2,2,True,0.022295984,0.08043032,0.57876647,0.3185072
42,7,none,car,89,90,3,1,False,0.20532894,0.36981297,0.08085543,0.34400272
42,7,none,car,90,91,0,0,True,0.4711866,0.40702805,0.081129596,0.04065572
42,7,none,car,91,91,1,0,False,0.37670842,0.20122123,0.058265146,0.3638052
42,7,none,car,92,91,0,3,False,0.1049628,0.12802935,0.29220974,0.47479802
42,7,none,car,93,91,1,1,True,0.0016115059,0.9493118,0.013844504,0.035232265
42,7,none,car,94,91,1,1,True,7.124686e-05,0.9997869,4.256402e-05,9.931233e-05
42,7,none,car,95,91,0,0,True,0.97683924,0.011352835,0.0042100307,0.0075978613
42,7,none,car,96,91,1,1,True,0.02414228,0.9727021,0.0022438853,0.0009117151
42,7,none,car,97,91,0,0,True,0.5465606,0.30564076,0.020059515,0.12773919
42,7,none,car,98,91,0,0,True,0.9987081,0.0006921283,0.00023546188,0.00036421328
42,7,none,car,99,91,1,1,True,0.046014205,0.71186036,0.014403928,0.22772157
42,7,none,car,100,91,0,0,True,0.9986475,0.00044342526,0.00043555337,0.00047344138
42,7,none,car,101,91,1,1,True,0.008642489,0.64488614,0.30798897,0.038482323
42,7,none,car,102,91,1,1,True,0.0007327937,0.9924217,0.0010350208,0.005810456
42,7,none,car,103,91,0,0,True,0.98289263,0.0011540983,0.013492578,0.0024606893
42,7,none,car,104,91,0,0,True,0.9977254,0.0009818763,0.0009590063,0.00033379396
42,7,none,car,105,91,2,3,False,0.0038391168,0.21199654,0.11652051,0.6676438
42,7,none,car,106,91,3,3,True,0.0049431934,0.28613424,0.22355357,0.485369
42,7,none,car,107,91,3,3,True,0.02369977,0.10214162,0.028312985,0.84584564
42,7,none,car,108,91,2,2,True,0.0047785984,0.023771008,0.96169555,0.009754892
42,7,none,car,109,91,2,2,True,0.0009967223,0.011983245,0.9740433,0.012976739
42,7,none,car,110,91,3,2,False,0.16773628,0.10334369,0.5293479,0.19957215
42,7,none,car,111,91,3,3,True,0.0014702084,0.09115526,0.02910195,0.8782726
42,7,none,car,112,91,2,2,True,0.077024214,0.29037905,0.3894688,0.2431279
42,7,none,car,113,91,3,2,False,0.126816,0.023516895,0.80848706,0.041180022
42,7,none,car,114,91,2,2,True,0.0003534055,0.015315403,0.9834489,0.00088218064
42,7,none,car,115,91,3,2,False,0.0024256967,0.008067978,0.97269404,0.016812272
42,7,none,car,116,91,2,2,True,0.10581878,0.2473624,0.5307195,0.11609929
42,7,none,car,117,91,2,2,True,0.008114823,0.07349027,0.582884,0.33551088
42,7,none,car,118,91,3,2,False,0.036345616,0.036908876,0.8884018,0.03834372
42,7,none,car,119,91,2,2,True,0.00011852198,0.057412375,0.93421066,0.008258504
42,7,none,car,120,91,0,0,True,0.9223579,0.051644493,0.017030355,0.008967306
42,7,none,car,121,91,1,3,False,0.048549686,0.01929307,0.32042283,0.6117344
42,7,none,car,122,91,1,1,True,0.008537031,0.89438695,0.07397378,0.023102254
42,7,none,car,123,91,0,3,False,0.0053822063,0.13331804,0.06354073,0.79775906
42,7,none,car,124,91,0,0,True,0.9924671,0.0052079447,0.0012479236,0.0010770257
42,7,none,car,125,91,1,1,True,0.03527368,0.3797475,0.34872243,0.23625638
42,7,none,car,126,91,1,1,True,0.00012612554,0.8868897,0.108730696,0.0042534526
42,7,none,car,127,91,0,3,False,0.0534005,0.024695033,0.23252755,0.6893769
42,7,none,car,128,91,0,0,True,0.99982196,6.3241623e-06,3.362521e-05,0.00013812458
42,7,none,car,129,91,1,1,True,0.0070568146,0.9275142,0.03072677,0.034702197
42,7,none,car,130,91,1,3,False,0.005491716,0.23982264,0.06436946,0.6903162
42,7,none,car,131,91,0,0,True,0.99141484,0.00032527518,0.008162999,9.686158e-05
42,7,none,car,132,91,1,1,True,0.049728002,0.8786375,0.0061482205,0.06548623
42,7,none,car,133,91,0,3,False,0.010538326,0.017933063,0.003921156,0.96760744
42,7,none,car,134,91,1,0,False,0.82835394,0.000955705,0.100250006,0.0704403
42,7,none,car,135,91,2,1,False,0.12205215,0.60172105,0.09171047,0.18451634
42,7,none,car,136,91,3,2,False,0.040416554,0.03779368,0.8465105,0.07527918
42,7,none,car,137,91,2,2,True,0.21421172,0.0880011,0.50145733,0.19632986
42,7,none,car,138,91,3,2,False,0.01294462,0.01693471,0.8425323,0.1275884
42,7,none,car,139,91,2,2,True,0.013959239,0.03641748,0.6307873,0.31883597
42,7,none,car,140,91,3,3,True,0.00010277053,0.0036214476,0.003290916,0.99298483
42,7,none,car,141,91,2,2,True,0.0044080415,0.013773436,0.98149306,0.00032551264
42,7,none,car,142,91,3,3,True,0.0030110935,0.0052151266,0.02313899,0.9686348
42,7,none,car,143,91,2,2,True,0.0042100423,0.36956486,0.5650495,0.061175566
42,7,none,car,144,91,3,2,False,0.00028655617,0.06777113,0.54680663,0.38513568
42,7,none,car,145,91,3,3,True,0.056106202,0.092224345,0.0056145466,0.8460549
42,7,none,car,146,91,2,0,False,0.64933,0.005382749,0.021595094,0.32369217
42,7,none,car,147,91,2,3,False,0.0012213439,0.06785486,0.091111936,0.83981186
42,7,none,car,148,91,3,3,True,0.0777699,0.034758143,0.33791795,0.54955393
42,7,none,car,149,91,3,3,True,0.0036610907,0.30935606,0.013626025,0.67335683
42,7,none,car,150,91,1,1,True,3.9204375e-07,0.9974547,0.0024761267,6.883484e-05
42,7,none,car,151,91,0,3,False,0.40218142,0.031256016,0.05252022,0.5140424
42,7,none,car,152,91,1,1,True,0.0030863078,0.7555166,0.088736676,0.15266041
42,7,none,car,153,91,0,0,True,0.964892,0.00015869542,0.030367248,0.0045819604
42,7,none,car,154,91,0,2,False,0.056641184,0.001355874,0.94158024,0.00042275892
42,7,none,car,155,91,1,2,False,0.010285005,0.0004536145,0.98045063,0.008810781
42,7,none,car,156,91,1,2,False,4.649211e-05,0.21024029,0.7865619,0.0031513537
42,7,none,car,157,91,0,0,True,0.99911934,0.00018672414,0.0005996608,9.4208845e-05
42,7,none,car,158,91,0,0,True,0.9659173,0.013546594,0.017314237,0.0032218555
42,7,none,car,159,91,1,1,True,0.02381447,0.47975087,0.1768555,0.31957918
42,7,none,car,160,91,0,0,True,0.97101045,0.0042514466,0.021579007,0.0031591128
42,7,none,car,161,91,1,1,True,0.00040532378,0.98600173,0.0031977745,0.010395193
42,7,none,car,162,91,1,2,False,0.03737462,0.39634466,0.4763839,0.08989677
42,7,none,car,163,91,0,0,True,0.75004584,0.0010614602,0.17159428,0.07729837
42,7,none,car,164,91,1,2,False,0.0025826832,0.02598588,0.9153724,0.056059025
42,7,none,car,165,91,2,2,True,0.0049058674,0.0011133171,0.98031116,0.013669595
42,7,none,car,166,91,3,2,False,0.04901137,0.009451871,0.84624857,0.09528819
42,7,none,car,167,91,3,2,False,0.0003605742,0.093281746,0.78804255,0.11831516
42,7,none,car,168,91,2,2,True,0.0027153485,0.0261754,0.9528504,0.018258965
42,7,none,car,169,91,2,2,True,0.00041735324,0.0003190836,0.9586249,0.04063874
42,7,none,car,170,91,3,2,False,0.014343325,0.10243988,0.78007853,0.10313826
42,7,none,car,171,91,3,3,True,0.0037748436,0.021076128,0.08407681,0.8910722
42,7,none,car,172,91,2,2,True,0.0008728003,0.022333376,0.8134599,0.16333392
42,7,none,car,173,91,3,3,True,0.010315146,0.20202939,0.1728936,0.6147618
42,7,none,car,174,91,2,2,True,0.023954442,0.002303455,0.74770015,0.22604193
42,7,none,car,175,91,2,2,True,0.0013393395,0.040214796,0.9486582,0.009787587
42,7,none,car,176,91,3,2,False,0.010841653,0.11135965,0.6461421,0.2316566
42,7,none,car,177,91,3,2,False,0.16298339,0.008904479,0.5025731,0.32553905
42,7,none,car,178,91,2,2,True,0.012982133,0.37899667,0.58939457,0.018626647
42,7,none,car,179,91,3,2,False,0.0037955316,0.044378918,0.5785806,0.3732449
42,7,none,car,180,92,1,3,False,0.08508245,0.25282797,0.021948164,0.64014137
42,7,none,car,181,92,0,3,False,0.13626908,0.15709133,0.04183359,0.66480595
42,7,none,car,182,92,1,0,False,0.37809467,0.19478634,0.3626161,0.06450296
42,7,none,car,183,92,0,2,False,0.21780786,0.025331536,0.75056475,0.006295849
42,7,none,car,184,92,0,0,True,0.45732653,0.13431986,0.17831805,0.23003556
42,7,none,car,185,92,1,1,True,0.0071144826,0.9715215,0.016604517,0.0047595245
42,7,none,car,186,92,0,0,True,0.9606358,0.008061454,0.013562433,0.017740387
42,7,none,car,187,92,1,1,True,0.06936743,0.9289424,0.001482972,0.00020724708
42,7,none,car,188,92,1,1,True,0.00051306386,0.99941576,1.9761697e-05,5.142554e-05
42,7,none,car,189,92,0,2,False,0.43429103,0.047244497,0.4851313,0.033333205
42,7,none,car,190,92,0,0,True,0.89221424,0.0516477,0.022128236,0.034009885
42,7,none,car,191,92,1,3,False,0.2603878,0.052601688,0.0788437,0.6081668
42,7,none,car,192,92,0,0,True,0.97771764,0.01609268,0.005844193,0.00034545016
42,7,none,car,193,92,1,3,False,0.017668242,0.37339315,0.02456323,0.5843754
42,7,none,car,194,92,0,2,False,0.32911795,0.15564413,0.4623855,0.052852433
42,7,none,car,195,92,1,1,True,0.020328265,0.9479752,0.005634088,0.026062425
42,7,none,car,196,92,1,1,True,0.0011108626,0.9979668,0.00061409053,0.0003081215
42,7,none,car,197,92,0,0,True,0.98368305,0.011770067,0.003273221,0.0012736678
42,7,none,car,198,92,1,1,True,0.016500426,0.8416451,0.13648073,0.005373796
42,7,none,car,199,92,2,0,False,0.4131209,0.081715815,0.21170172,0.29346162
42,7,none,car,200,92,3,3,True,0.4010727,0.03900942,0.14404543,0.41587245
42,7,none,car,201,92,2,3,False,0.25362894,0.03259378,0.20576015,0.5080171
42,7,none,car,202,92,3,3,True,0.10123135,0.021980442,0.17140794,0.70538026
42,7,none,car,203,92,2,1,False,0.4023655,0.42510977,0.16124402,0.011280679
42,7,none,car,204,92,3,3,True,0.04561349,0.1862428,0.09246802,0.6756757
42,7,none,car,205,92,2,2,True,0.07943449,0.18413644,0.52326304,0.21316606
42,7,none,car,206,92,3,0,False,0.330469,0.3267683,0.056039136,0.28672352
42,7,none,car,207,92,3,0,False,0.35528904,0.21054465,0.28683025,0.14733611
42,7,none,car,208,92,2,0,False,0.4932696,0.044986445,0.30871063,0.15303332
42,7,none,car,209,92,2,2,True,0.0014688773,0.21406494,0.7808057,0.0036604297
42,7,none,car,210,92,3,1,False,0.03368498,0.6294756,0.00455899,0.33228037
42,7,none,car,211,92,3,3,True,0.05937555,0.2499594,0.026272787,0.66439223
42,7,none,car,212,92,2,1,False,0.11224852,0.614235,0.022889629,0.25062692
42,7,none,car,213,92,3,0,False,0.4687257,0.18825614,0.098964855,0.24405323
42,7,none,car,214,92,2,0,False,0.90983915,0.03811958,0.04028995,0.011751365
42,7,none,car,215,92,2,3,False,0.039649226,0.10838418,0.37792408,0.47404248
42,7,none,car,216,92,3,1,False,0.025633702,0.6114234,0.16937119,0.19357179
42,7,none,car,217,92,2,2,True,0.008457347,0.115992025,0.8449495,0.030601108
42,7,none,car,218,92,0,0,True,0.9986518,0.00018547173,0.0008222193,0.0003404259
42,7,none,car,219,92,1,1,True,0.43800783,0.5462453,0.010995783,0.0047510914
42,7,none,car,220,92,0,0,True,0.9665218,0.021392312,0.008681537,0.003404201
42,7,none,car,221,92,1,1,True,0.09548294,0.8452308,0.019696737,0.039589573
42,7,none,car,222,92,1,1,True,0.03317344,0.95506555,0.010368715,0.0013923479
42,7,none,car,223,92,0,0,True,0.860879,0.089967184,0.025123877,0.024029851
42,7,none,car,224,92,1,1,True,0.0010803333,0.9753062,4.5279194e-05,0.023568163
42,7,none,car,225,92,0,1,False,0.11891279,0.8563001,0.022158608,0.0026285662
42,7,none,car,226,92,0,0,True,0.98920655,0.0078996,0.0003025185,0.0025913168
42,7,none,car,227,92,1,1,True,0.0037696944,0.97911274,0.004595359,0.012522236
42,7,none,car,228,92,1,1,True,3.6400907e-05,0.9944885,0.0005288939,0.0049462426
42,7,none,car,229,92,0,0,True,0.9708356,0.0010072334,0.0099115595,0.0182456
42,7,none,car,230,92,1,1,True,0.00049133215,0.9989347,0.00029798172,0.00027603202
42,7,none,car,231,92,0,0,True,0.40493342,0.24092454,0.20507155,0.14907049
42,7,none,car,232,92,0,0,True,0.99669063,0.0003926241,0.0011384371,0.0017782077
42,7,none,car,233,92,1,1,True,0.0008716706,0.99840945,0.0001407999,0.0005780899
42,7,none,car,234,92,0,0,True,0.7728595,0.0010985798,0.17048551,0.055556327
42,7,none,car,235,92,1,1,True,0.001336586,0.99063057,0.0066691916,0.0013637163
42,7,none,car,236,92,1,1,True,0.0027273742,0.9957663,4.866315e-05,0.0014576871
42,7,none,car,237,92,3,3,True,0.09451235,0.22237809,0.007967774,0.6751418
42,7,none,car,238,92,2,3,False,0.29200763,0.045741256,0.019805623,0.6424455
42,7,none,car,239,92,3,1,False,0.21561159,0.44414777,0.10788231,0.23235826
42,7,none,car,240,92,2,2,True,0.077983186,0.31414157,0.5084081,0.09946715
42,7,none,car,241,92,2,2,True,0.11643169,0.2568809,0.6012227,0.025464775
42,7,none,car,242,92,3,2,False,0.16936837,0.088026986,0.6277516,0.11485307
42,7,none,car,243,92,2,1,False,0.32595974,0.33397806,0.22532663,0.11473556
42,7,none,car,244,92,3,1,False,0.31149668,0.4211301,0.24440062,0.022972645
42,7,none,car,245,92,2,1,False,0.30537543,0.30556938,0.28741914,0.101636045
42,7,none,car,246,92,3,3,True,0.0038965782,0.12225505,0.044448704,0.82939965
42,7,none,car,247,92,2,2,True,0.022079753,0.3141077,0.44940943,0.21440317
42,7,none,car,248,92,3,3,True,0.011212532,0.3388626,0.14338264,0.50654227
42,7,none,car,249,92,3,3,True,0.01501028,0.27837026,0.010871192,0.69574827
42,7,none,car,250,92,2,2,True,0.023970122,0.11364174,0.8533895,0.008998605
42,7,none,car,251,92,3,3,True,0.028468113,0.039217915,0.047083225,0.8852308
42,7,none,car,252,92,2,0,False,0.51069903,0.07938879,0.23373021,0.17618199
42,7,none,car,253,92,2,2,True,0.18633285,0.106407,0.6887313,0.01852887
42,7,none,car,254,92,3,2,False,0.22158886,0.06616124,0.5299731,0.1822768
42,7,none,car,255,92,2,1,False,0.02616412,0.49709275,0.4666784,0.010064699
42,7,none,car,256,92,0,0,True,0.988296,0.005802046,0.00019309229,0.005708911
42,7,none,car,257,92,1,0,False,0.79954827,0.17755273,0.019530317,0.0033686582
42,7,none,car,258,92,1,1,True,0.0036511025,0.9903099,0.0016592819,0.0043798317
42,7,none,car,259,92,0,0,True,0.94768745,0.007084164,0.0066081337,0.03862024
42,7,none,car,260,92,0,0,True,0.80704004,0.019894699,0.035270452,0.13779493
42,7,none,car,261,92,1,1,True,0.010387414,0.97472614,0.013720471,0.00116603
42,7,none,car,262,92,1,1,True,0.0026447393,0.8442755,0.008533445,0.1445463
42,7,none,car,263,92,0,0,True,0.88350224,0.039288573,0.070306085,0.0069031017
42,7,none,car,264,92,0,0,True,0.9337245,0.00930768,0.04668385,0.010284005
42,7,none,car,265,92,1,1,True,0.0005843907,0.9991642,6.3736385e-05,0.00018768072
42,7,none,car,266,92,0,0,True,0.8659894,0.1188439,0.01305102,0.0021157134
42,7,none,car,267,92,1,1,True,0.31353337,0.42308697,0.10552516,0.1578545
42,7,none,car,268,92,0,0,True,0.8759722,0.10860623,0.005900724,0.009520901
42,7,none,car,269,92,1,1,True,0.0021866225,0.96678734,0.023858672,0.007167236
42,7,none,car,270,92,1,1,True,0.027716808,0.9116407,0.046339408,0.014303076
42,7,none,car,271,92,0,0,True,0.9198712,0.06312897,0.007049709,0.009950049
42,7,none,car,272,92,1,1,True,0.09705791,0.8515192,0.0441247,0.0072981357
42,7,none,car,273,92,0,0,True,0.58388644,0.04379574,0.3611141,0.011203676
42,7,none,car,274,92,1,2,False,0.10771679,0.15694039,0.5335257,0.20181717
42,7,none,car,275,92,3,1,False,0.13070609,0.6366894,0.070412494,0.16219199
42,7,none,car,276,92,2,1,False,0.17662649,0.3803755,0.0939794,0.34901857
42,7,none,car,277,92,3,3,True,0.008923554,0.1435997,0.11329006,0.73418665
42,7,none,car,278,92,2,1,False,0.14368169,0.47360975,0.13436897,0.24833961
42,7,none,car,279,92,3,2,False,0.20035459,0.0031819995,0.42570442,0.37075895
42,7,none,car,280,92,2,2,True,0.30978632,0.1625146,0.44790855,0.0797905
42,7,none,car,281,92,3,1,False,0.009635808,0.4175689,0.21903746,0.3537578
42,7,none,car,282,92,2,1,False,0.07133445,0.69334847,0.21244918,0.022867966
42,7,none,car,283,92,2,2,True,0.0056275697,0.15144363,0.8378983,0.005030521
42,7,none,car,284,92,3,1,False,0.1949283,0.4396717,0.29810053,0.06729952
42,7,none,car,285,92,3,1,False,0.002868844,0.5851102,0.02070483,0.39131615
42,7,none,car,286,92,2,1,False,0.03587068,0.53707653,0.38359725,0.043455485
42,7,none,car,287,92,2,1,False,0.010263546,0.96420085,0.017958805,0.0075767725
42,7,none,car,288,92,3,1,False,0.21130653,0.4085737,0.136948,0.24317181
42,7,none,car,289,92,3,3,True,0.008617609,0.1251569,0.012001848,0.85422367
42,7,none,car,290,92,2,1,False,0.11292747,0.5405927,0.06923078,0.27724904
42,7,none,car,291,92,2,0,False,0.6688264,0.024948006,0.09767016,0.20855536
42,7,none,car,292,92,3,3,True,0.13022098,0.10150922,0.078385174,0.6898846
42,7,none,car,293,92,2,1,False,0.06146956,0.831536,0.050361045,0.056633472
42,7,none,car,294,93,1,1,True,0.21315227,0.57586104,0.013544115,0.1974426
42,7,none,car,295,93,0,0,True,0.43560207,0.31137455,0.16456601,0.08845733
42,7,none,car,296,93,1,1,True,0.00015706955,0.99245983,0.0008394233,0.0065436787
42,7,none,car,297,93,0,0,True,0.56609786,0.2957868,0.045318067,0.0927973
42,7,none,car,298,93,1,2,False,0.008255281,0.16638137,0.7496239,0.075739376
42,7,none,car,299,93,0,3,False,0.11383301,0.14079472,0.30691138,0.43846092
42,7,none,car,300,93,0,0,True,0.9983216,0.0013349982,0.00012581224,0.0002175452
42,7,none,car,301,93,1,1,True,0.020560922,0.6210245,0.08002128,0.27839327
42,7,none,car,302,93,1,0,False,0.852285,0.003644665,0.12807566,0.015994662
42,7,none,car,303,93,0,0,True,0.7988048,0.048166238,0.08294724,0.07008175
42,7,none,car,304,93,1,1,True,0.006597791,0.84138614,0.055897415,0.09611866
42,7,none,car,305,93,0,0,True,0.9987472,0.0002978153,0.00010756734,0.0008474143
42,7,none,car,306,93,1,1,True,0.005762828,0.69024956,0.06820119,0.23578633
42,7,none,car,307,93,0,0,True,0.9999577,4.954024e-06,8.962608e-06,2.8341805e-05
42,7,none,car,308,93,0,0,True,0.96379507,0.0055836802,0.0073189405,0.023302374
42,7,none,car,309,93,3,3,True,0.0005928835,0.0143988645,0.00073726143,0.984271
42,7,none,car,310,93,2,1,False,0.00847649,0.78912663,0.08390829,0.11848866
42,7,none,car,311,93,2,2,True,0.030070852,0.10468359,0.52330244,0.34194311
42,7,none,car,312,93,3,3,True,0.018116584,0.006308103,0.0024287675,0.97314656
42,7,none,car,313,93,3,3,True,0.000111188456,0.0038735503,0.0008003916,0.9952148
42,7,none,car,314,93,2,2,True,0.22077024,0.1975112,0.32837337,0.25334522
42,7,none,car,315,93,3,1,False,0.0051255105,0.7946902,0.12959315,0.07059123
42,7,none,car,316,93,2,2,True,0.00011022258,0.0007480789,0.99911803,2.3752027e-05
42,7,none,car,317,93,2,2,True,0.35520294,0.026920805,0.55538106,0.06249524
42,7,none,car,318,93,3,3,True,0.050884694,0.162179,0.011286985,0.77564925
42,7,none,car,319,93,3,0,False,0.77301115,0.01554404,0.0017616326,0.20968315
42,7,none,car,320,93,2,2,True,0.04748951,0.37223482,0.54716843,0.033107243
42,7,none,car,321,93,2,0,False,0.55111295,0.013573153,0.35496733,0.080346525
42,7,none,car,322,93,3,3,True,0.00061025936,0.0017880118,0.000891207,0.99671054
42,7,none,car,323,93,2,2,True,0.04346132,0.042409368,0.874738,0.0393913
42,7,none,car,324,93,0,0,True,0.9996182,2.055237e-05,5.6748864e-05,0.00030459763
42,7,none,car,325,93,1,3,False,0.0110237785,0.2713429,0.14503278,0.57260054
42,7,none,car,326,93,1,1,True,5.105185e-08,0.99973327,1.2704442e-06,0.0002654488
42,7,none,car,327,93,0,0,True,0.8515872,0.012989004,0.09659836,0.038825378
42,7,none,car,328,93,0,0,True,0.8889131,0.0009039219,0.008379213,0.10180384
42,7,none,car,329,93,1,1,True,0.016855085,0.9389163,0.02312368,0.02110497
42,7,none,car,330,93,0,3,False,0.27002308,0.085846804,0.15184288,0.49228725
42,7,none,car,331,93,1,1,True,0.0007978659,0.68194836,0.05021216,0.26704156
42,7,none,car,332,93,1,1,True,0.008923274,0.5256279,0.25798848,0.20746037
42,7,none,car,333,93,0,3,False,0.38024276,0.042178314,0.11281216,0.4647667
42,7,none,car,334,93,1,3,False,0.00835661,0.22167684,0.09424326,0.6757233
42,7,none,car,335,93,0,0,True,0.96056926,0.00045245973,0.035616994,0.0033612782
42,7,none,car,336,93,0,0,True,0.99467963,8.507085e-05,0.0002526171,0.0049827783
42,7,none,car,337,93,1,2,False,0.0082832165,0.13464251,0.72683024,0.13024405
42,7,none,car,338,93,0,3,False,0.16051622,0.00036659176,0.052333098,0.78678405
42,7,none,car,339,93,2,0,False,0.83739275,0.033659816,0.11847198,0.010475423
42,7,none,car,340,93,3,3,True,0.00014807464,0.00019610232,0.00058541656,0.99907047
42,7,none,car,341,93,3,3,True,0.0059124175,0.06695841,0.026927397,0.9002018
42,7,none,car,342,93,2,2,True,0.06709795,0.2774967,0.42620656,0.22919874
42,7,none,car,343,93,2,1,False,0.0018695066,0.8948904,0.07445358,0.02878643
42,7,none,car,344,93,3,3,True,0.00044196728,0.35300353,0.0004851032,0.6460694
42,7,none,car,345,93,3,3,True,0.00023513784,0.0016070164,0.00011436242,0.9980434
42,7,none,car,346,93,2,1,False,0.04141971,0.4947464,0.43283173,0.031002184
42,7,none,car,347,93,3,3,True,0.04250246,0.0069831912,0.0054061124,0.94510823
42,7,none,car,348,93,2,1,False,0.0072210063,0.8127201,0.048118055,0.13194086
42,7,none,car,349,93,3,3,True,0.033398982,0.35312116,0.25366208,0.35981777
42,7,none,car,350,93,2,2,True,0.009575106,0.046350338,0.870029,0.07404554
42,7,none,car,351,93,3,3,True,0.002276538,0.006453965,0.003978008,0.9872915
42,7,none,car,352,93,2,2,True,0.10439395,0.0985422,0.70653486,0.09052896
42,7,none,car,353,93,2,3,False,0.051578272,0.15883476,0.14650272,0.6430843
42,7,none,car,354,93,0,1,False,0.24387278,0.5675513,0.08113173,0.10744418
42,7,none,car,355,93,1,2,False,0.0070244553,0.40462217,0.4675917,0.12076167
42,7,none,car,356,93,0,0,True,0.88540083,0.0036748715,0.098116815,0.012807535
42,7,none,car,357,93,1,1,True,0.00031858,0.997138,0.0001440039,0.0023994301
42,7,none,car,358,93,1,1,True,0.00019595862,0.97055614,0.0004946268,0.028753255
42,7,none,car,359,93,0,0,True,0.95953655,0.017769122,0.0047455947,0.017948696
42,7,none,car,360,93,1,3,False,0.0021467377,0.09886408,0.2425841,0.6564051
42,7,none,car,361,93,0,1,False,0.01883501,0.93872875,0.0017780376,0.040658165
42,7,none,car,362,93,1,1,True,0.007830639,0.9519664,0.008945933,0.031257015
42,7,none,car,363,93,0,0,True,0.97196835,0.000274147,0.0039025743,0.02385497
42,7,none,car,364,93,0,0,True,0.9769825,0.0026911045,0.002670227,0.017656263
42,7,none,car,365,93,1,3,False,0.0046037217,0.093078464,0.08836575,0.8139521
42,7,none,car,366,93,1,1,True,0.00021055427,0.9741054,0.0007964858,0.024887582
42,7,none,car,367,93,0,1,False,0.08732363,0.65992856,0.054664403,0.19808345
42,7,none,car,368,93,1,1,True,0.029029422,0.91688305,0.030761186,0.023326268
42,7,none,car,369,93,2,0,False,0.7567759,0.036960565,0.0351867,0.17107674
42,7,none,car,370,93,3,3,True,0.05077419,0.09315614,0.39115947,0.46491018
42,7,none,car,371,93,3,3,True,0.003306245,0.0052200183,0.004279472,0.98719424
42,7,none,car,372,93,2,1,False,0.09570286,0.8738246,0.028472086,0.002000438
42,7,none,car,373,93,3,1,False,0.00015569638,0.9184178,0.00039125516,0.081035234
42,7,none,car,374,93,2,1,False,0.0011683522,0.98423845,0.010899207,0.0036940684
42,7,none,car,375,93,2,2,True,0.19148533,0.053344738,0.64955056,0.10561932
42,7,none,car,376,93,3,3,True,0.00013393581,0.015769597,0.00089094695,0.9832055
42,7,none,car,377,93,3,3,True,3.2215088e-05,0.009450981,0.002015228,0.98850155
42,7,none,car,378,93,2,2,True,0.011623679,0.00807257,0.78885925,0.19144446
42,7,none,car,379,93,2,2,True,0.029260801,0.1591328,0.62584853,0.1857579
42,7,none,car,380,93,3,3,True,0.06854955,0.023224933,0.025889743,0.8823358
42,7,none,car,381,93,3,3,True,0.00882619,0.004270998,0.112757,0.8741458
42,7,none,car,382,93,2,1,False,2.1604004e-05,0.9985763,0.0012951264,0.000107069274
42,7,none,car,383,93,3,2,False,0.04318432,0.04458011,0.66956973,0.24266581
42,7,none,car,384,94,0,0,True,0.99923325,0.0002870589,0.00046128104,1.8436438e-05
42,7,none,car,385,94,1,1,True,0.00037904124,0.9847377,0.014542005,0.00034123543
42,7,none,car,386,94,1,1,True,0.08652787,0.44933286,0.376208,0.087931335
42,7,none,car,387,94,0,0,True,0.99990857,5.9677826e-05,2.4376552e-05,7.22463e-06
42,7,none,car,388,94,1,1,True,0.013667676,0.8530791,0.10883977,0.024413519
42,7,none,car,389,94,0,0,True,0.99808466,0.0015141475,0.00028181507,0.00011939517
42,7,none,car,390,94,1,2,False,0.054532185,0.036022596,0.90580446,0.0036407805
42,7,none,car,391,94,0,0,True,0.9997806,3.3079963e-05,0.00013502258,5.1295236e-05
42,7,none,car,392,94,1,1,True,0.06373717,0.64538336,0.25127697,0.03960247
42,7,none,car,393,94,0,0,True,0.9309059,0.020571686,0.04843484,8.750706e-05
42,7,none,car,394,94,0,0,True,0.9987482,0.00018848974,0.0004888674,0.00057444914
42,7,none,car,395,94,1,2,False,0.07620555,0.22132866,0.68089974,0.021566018
42,7,none,car,396,94,1,1,True,0.045651454,0.92160904,0.020230465,0.012509061
42,7,none,car,397,94,0,0,True,0.97899306,0.0005407484,0.01706774,0.003398473
42,7,none,car,398,94,1,1,True,0.07645761,0.7838098,0.049744815,0.089987874
42,7,none,car,399,94,2,2,True,0.015273509,0.06537874,0.91139084,0.007956914
42,7,none,car,400,94,3,3,True,0.01864253,0.19700517,0.05610772,0.72824454
42,7,none,car,401,94,3,3,True,0.00029789517,0.007856221,0.00023352956,0.9916123
42,7,none,car,402,94,2,2,True,0.009806248,0.032904483,0.95448774,0.0028015932
42,7,none,car,403,94,3,3,True,0.0919574,0.03089247,0.05967449,0.8174756
42,7,none,car,404,94,2,2,True,0.08408517,0.19757372,0.6642317,0.05410943
42,7,none,car,405,94,2,2,True,0.0028670866,0.04576801,0.94784606,0.00351887
42,7,none,car,406,94,3,3,True,0.0055374345,0.42897877,0.022111923,0.5433719
42,7,none,car,407,94,2,2,True,0.115756325,0.022013895,0.75405884,0.1081709
42,7,none,car,408,94,3,3,True,0.006413403,0.028403573,0.01603363,0.94914937
42,7,none,car,409,94,3,3,True,0.0037112732,0.0028517419,0.012532813,0.98090416
42,7,none,car,410,94,2,2,True,0.019576592,0.06748274,0.91073275,0.002207985
42,7,none,car,411,94,3,3,True,0.08091139,0.046577603,0.18764421,0.6848668
42,7,none,car,412,94,2,0,False,0.61673903,0.12783831,0.18191929,0.07350328
42,7,none,car,413,94,3,2,False,0.022005253,0.39842027,0.539433,0.040141504
42,7,none,car,414,94,1,1,True,0.0018864303,0.9934729,0.0037482781,0.00089249405
42,7,none,car,415,94,0,1,False,0.085285194,0.85320055,0.059132934,0.0023813418
42,7,none,car,416,94,1,1,True,0.0023606769,0.99583286,0.0017868743,1.9608062e-05
42,7,none,car,417,94,0,0,True,0.9357871,0.032233812,0.028030816,0.0039482056
42,7,none,car,418,94,0,0,True,0.98998123,0.0013328057,0.008661748,2.4183631e-05
42,7,none,car,419,94,1,1,True,5.406925e-06,0.9954485,0.004379023,0.00016696668
42,7,none,car,420,94,1,3,False,0.11347789,0.26513475,0.27525812,0.3461292
42,7,none,car,421,94,0,0,True,0.9822119,0.0005698189,0.016795902,0.00042236608
42,7,none,car,422,94,0,0,True,0.9380237,0.054128643,0.0077987327,4.896569e-05
42,7,none,car,423,94,1,2,False,0.22364639,0.018081244,0.738935,0.019337455
42,7,none,car,424,94,1,1,True,9.704644e-06,0.99939716,0.00057511765,1.8111772e-05
42,7,none,car,425,94,0,1,False,0.024085801,0.81274194,0.15925854,0.0039137057
42,7,none,car,426,94,1,1,True,0.0078842575,0.7380451,0.2485302,0.0055404897
42,7,none,car,427,94,0,0,True,0.9939567,1.6301337e-05,0.0053044623,0.0007224684
42,7,none,car,428,94,1,2,False,0.045159683,0.007059405,0.93853587,0.009245013
42,7,none,car,429,94,3,3,True,0.06872067,0.016253525,0.040423866,0.87460196
42,7,none,car,430,94,2,0,False,0.55693465,0.018401662,0.4204929,0.004170822
42,7,none,car,431,94,3,3,True,0.0006632489,0.22375223,0.052916784,0.72266775
42,7,none,car,432,94,2,2,True,0.0012503711,0.006082515,0.98981816,0.0028490017
42,7,none,car,433,94,3,3,True,0.0074602333,0.20206551,0.0064846207,0.7839896
42,7,none,car,434,94,2,2,True,0.013611104,0.11356159,0.8689629,0.0038643822
42,7,none,car,435,94,2,2,True,0.01125094,0.18224022,0.70225835,0.104250476
42,7,none,car,436,94,3,3,True,0.02842283,0.13562045,0.32978696,0.5061698
42,7,none,car,437,94,3,1,False,0.0063789,0.5125722,0.0035372993,0.47751167
42,7,none,car,438,94,2,2,True,0.017531581,0.2907242,0.66652447,0.025219789
42,7,none,car,439,94,3,3,True,0.020335997,0.24899153,0.1567261,0.57394636
42,7,none,car,440,94,2,2,True,0.08032493,0.054463815,0.8575121,0.007699135
42,7,none,car,441,94,3,2,False,0.0063124634,0.016290868,0.8862781,0.09111858
42,7,none,car,442,94,2,2,True,0.0014684518,0.0068824394,0.99121547,0.0004336351
42,7,none,car,443,94,2,1,False,0.08862923,0.4700092,0.044966538,0.3963951
42,7,none,car,444,94,0,0,True,0.99568284,0.0025878868,0.0016441077,8.5109794e-05
42,7,none,car,445,94,1,2,False,0.22897656,0.18829633,0.5809533,0.0017737473
42,7,none,car,446,94,1,1,True,0.0008489622,0.665226,0.33221406,0.0017110216
42,7,none,car,447,94,0,0,True,0.7501978,0.0026372243,0.2463601,0.0008048869
42,7,none,car,448,94,1,1,True,0.000929744,0.8314908,0.1416742,0.025905212
42,7,none,car,449,94,0,0,True,0.9432854,0.0030085852,0.050953966,0.0027520158
42,7,none,car,450,94,1,1,True,0.13144334,0.43362737,0.41082197,0.024107302
42,7,none,car,451,94,0,2,False,0.17068288,0.007924342,0.8168023,0.0045904745
42,7,none,car,452,94,1,1,True,0.07197761,0.72329175,0.07738249,0.12734826
42,7,none,car,453,94,0,2,False,0.11728366,0.099364296,0.77238905,0.0109629845
42,7,none,car,454,94,1,1,True,0.00986951,0.7795168,0.18549071,0.02512296
42,7,none,car,455,94,0,0,True,0.99529254,0.00010632567,0.004243816,0.00035734137
42,7,none,car,456,94,0,0,True,0.44101128,0.23388822,0.32320127,0.0018992346
42,7,none,car,457,94,1,3,False,0.0074887704,0.04488741,0.067179434,0.88044435
42,7,none,car,458,94,0,2,False,0.036128346,0.07274591,0.7859026,0.105223164
42,7,none,car,459,94,2,2,True,0.0048512532,0.0120987715,0.97857785,0.004472155
42,7,none,car,460,94,3,2,False,0.0008768217,0.047911692,0.90380865,0.047402803
42,7,none,car,461,94,2,2,True,0.0063293795,0.045945782,0.9467727,0.0009520763
42,7,none,car,462,94,3,2,False,0.23007041,0.07390784,0.6880982,0.007923581
42,7,none,car,463,94,2,2,True,0.015496427,0.4635778,0.5199416,0.0009841004
42,7,none,car,464,94,3,3,True,0.026238656,0.06091329,0.25121042,0.6616376
42,7,none,car,465,94,3,1,False,0.00429341,0.55829966,0.123288535,0.31411836
42,7,none,car,466,94,2,2,True,0.009050267,0.013690214,0.956481,0.020778624
42,7,none,car,467,94,2,2,True,0.0010496627,0.0035352728,0.9924298,0.0029852039
42,7,none,car,468,94,3,2,False,0.041736312,0.0071435636,0.70516247,0.24595758
42,7,none,car,469,94,3,3,True,0.0023229998,0.38458818,0.024129579,0.5889593
42,7,none,car,470,94,2,2,True,0.0023948504,0.06907254,0.8975788,0.030953832
42,7,none,car,471,94,2,2,True,0.09005327,0.11255226,0.42357406,0.37382048
42,7,none,car,472,94,3,2,False,0.0047428226,0.37257367,0.42408276,0.19860071
42,7,none,car,473,94,3,2,False,0.013949202,0.45164117,0.5193281,0.015081546
42,7,none,car,474,95,0,0,True,0.9966049,0.002841265,0.0003356357,0.00021820852
42,7,none,car,475,95,1,1,True,0.027472852,0.8706355,0.0026152947,0.09927643
42,7,none,car,476,95,1,1,True,0.00010403305,0.99958736,0.00013856377,0.00017008741
42,7,none,car,477,95,0,0,True,0.9994485,5.7110938e-05,1.3069838e-05,0.00048139106
42,7,none,car,478,95,0,0,True,0.9999666,1.1746095e-05,3.0727406e-06,1.8497256e-05
42,7,none,car,479,95,1,1,True,0.008360574,0.9867784,0.0003612529,0.0044998503
42,7,none,car,480,95,0,0,True,0.9945529,0.0043339995,0.0005048536,0.00060832733
42,7,none,car,481,95,1,1,True,0.007314662,0.97729194,0.00028642468,0.015106878
42,7,none,car,482,95,0,0,True,0.99895227,0.000689907,7.113771e-05,0.00028671915
42,7,none,car,483,95,1,3,False,0.017514793,0.20737858,0.017925754,0.7571808
42,7,none,car,484,95,1,1,True,0.0044443063,0.98105997,0.0021184923,0.012377312
42,7,none,car,485,95,0,0,True,0.9998759,1.9837977e-07,2.861309e-05,9.5187424e-05
42,7,none,car,486,95,0,0,True,0.99810696,0.0006136326,0.00035864985,0.000920851
42,7,none,car,487,95,1,3,False,0.022270078,0.37440723,0.008590196,0.5947325
42,7,none,car,488,95,1,1,True,2.4595822e-05,0.9930132,0.0016528744,0.005309289
42,7,none,car,489,95,2,3,False,0.03027975,0.079658106,0.030265156,0.859797
42,7,none,car,490,95,3,3,True,0.022351066,0.093530685,0.034774512,0.8493437
42,7,none,car,491,95,2,1,False,0.004131672,0.75285155,0.13624649,0.10677026
42,7,none,car,492,95,3,3,True,0.0020870185,0.00044071386,0.00012129467,0.99735093
42,7,none,car,493,95,3,3,True,0.0014332341,0.045982834,6.6772336e-05,0.95251715
42,7,none,car,494,95,2,0,False,0.48996645,0.02552515,0.003936907,0.48057145
42,7,none,car,495,95,2,3,False,0.025571676,0.10502779,0.41388887,0.45551166
42,7,none,car,496,95,3,3,True,0.03571317,0.0042620623,7.328467e-05,0.95995146
42,7,none,car,497,95,3,3,True,0.0022532346,0.01098564,0.020438096,0.9663231
42,7,none,car,498,95,2,3,False,0.0031523227,0.17841876,0.033054717,0.78537416
42,7,none,car,499,95,3,3,True,0.0012651106,0.18999879,0.0016629167,0.8070732
42,7,none,car,500,95,2,3,False,0.00091871724,0.0009903986,0.024034055,0.9740569
42,7,none,car,501,95,3,3,True,0.0049650474,0.0018189375,0.0016528526,0.9915631
42,7,none,car,502,95,2,3,False,0.009511447,0.04427799,0.19145104,0.75475955
42,7,none,car,503,95,2,3,False,0.11353739,0.11636615,0.007286121,0.76281035
42,7,none,car,504,95,1,1,True,0.0007077722,0.93746173,0.001707843,0.06012267
42,7,none,car,505,95,0,0,True,0.75682014,0.0013832756,0.00011413428,0.2416825
42,7,none,car,506,95,1,1,True,0.0010008841,0.84558123,0.000250954,0.15316696
42,7,none,car,507,95,0,0,True,0.5564671,0.0010305501,0.0245651,0.4179373
42,7,none,car,508,95,0,0,True,0.98779047,0.00021926,5.329649e-05,0.011936944
42,7,none,car,509,95,1,3,False,0.010948231,0.023135727,0.0018649899,0.964051
42,7,none,car,510,95,1,3,False,0.0056898347,0.10982172,0.028143333,0.8563451
42,7,none,car,511,95,0,0,True,0.97435015,2.6509497e-05,3.7291265e-05,0.025586084
42,7,none,car,512,95,0,0,True,0.73737514,0.0038625961,0.028974801,0.2297875
42,7,none,car,513,95,1,3,False,0.002897126,0.35525173,0.012408887,0.6294422
42,7,none,car,514,95,0,0,True,0.9700382,8.866527e-05,0.0011961814,0.028676925
42,7,none,car,515,95,1,1,True,0.0003703434,0.89731985,0.021278957,0.08103086
42,7,none,car,516,95,0,0,True,0.65161633,0.03772911,0.000720183,0.3099344
42,7,none,car,517,95,1,1,True,0.0014124366,0.9026582,0.028108872,0.067820504
42,7,none,car,518,95,0,0,True,0.658375,0.0015987485,0.007433052,0.33259323
42,7,none,car,519,95,3,3,True,0.00012289216,0.018283693,0.00055218133,0.98104125
42,7,none,car,520,95,2,3,False,0.04165376,0.00042470486,0.02797561,0.92994595
42,7,none,car,521,95,3,3,True,0.0004531845,0.26005188,0.0066440664,0.73285085
42,7,none,car,522,95,2,0,False,0.7439562,0.0007259553,0.085999474,0.16931827
42,7,none,car,523,95,2,2,True,0.14403194,0.07746881,0.5996682,0.17883107
42,7,none,car,524,95,3,1,False,0.015864545,0.520778,0.009655012,0.45370242
42,7,none,car,525,95,2,2,True,0.025646545,0.38048565,0.49083704,0.10303074
42,7,none,car,526,95,3,3,True,0.0010168925,0.041275397,0.0008546967,0.95685303
42,7,none,car,527,95,2,3,False,0.13922781,0.05512801,0.18955427,0.6160899
42,7,none,car,528,95,3,3,True,0.00021068877,0.010612401,0.00016778857,0.9890091
42,7,none,car,529,95,2,0,False,0.81376857,0.026691452,0.07734073,0.08219924
42,7,none,car,530,95,3,3,True,0.013107672,0.009470288,0.006224992,0.97119707
42,7,none,car,531,95,2,3,False,0.0003485222,0.0067381677,0.0067171864,0.98619616
42,7,none,car,532,95,3,3,True,0.025717955,0.25540635,0.07563152,0.6432442
42,7,none,car,533,95,3,3,True,0.0007173001,0.173534,0.14241911,0.6833295
42,7,none,car,534,95,0,1,False,0.07529562,0.72754914,0.047445033,0.14971021
42,7,none,car,535,95,1,3,False,0.37349892,0.02090624,0.0390399,0.56655496
42,7,none,car,536,95,1,3,False,0.0154343005,0.0033856435,0.0012700746,0.97991
42,7,none,car,537,95,0,3,False,0.19211458,0.04272349,0.08034799,0.684814
42,7,none,car,538,95,0,3,False,0.1535875,0.0097384285,0.011824103,0.8248499
42,7,none,car,539,95,1,1,True,0.07236925,0.78939307,0.019167703,0.119069956
42,7,none,car,540,95,1,3,False,0.00042288765,0.0071509755,0.0008846349,0.99154156
42,7,none,car,541,95,0,0,True,0.7338999,0.008682976,0.14794052,0.10947656
42,7,none,car,542,95,0,1,False,0.12413032,0.6348517,0.0962926,0.14472537
42,7,none,car,543,95,1,1,True,0.0029417195,0.92817694,0.001056156,0.06782527
42,7,none,car,544,95,0,3,False,0.045108024,0.045698572,0.10811074,0.80108273
42,7,none,car,545,95,1,0,False,0.43860447,0.016317181,0.16919415,0.3758842
42,7,none,car,546,95,1,1,True,0.13699529,0.4986657,0.06532003,0.29901895
42,7,none,car,547,95,0,2,False,0.004811002,0.10664761,0.8669257,0.021615654
42,7,none,car,548,95,0,0,True,0.88937175,0.008623585,0.08569473,0.016309915
42,7,none,car,549,95,2,2,True,0.006992677,0.06415987,0.6846916,0.24415584
42,7,none,car,550,95,3,1,False,0.15357096,0.6259866,0.055344757,0.16509777
42,7,none,car,551,95,3,3,True,0.03060009,0.18632737,0.010240513,0.77283204
42,7,none,car,552,95,2,0,False,0.66094613,0.049516045,0.10083614,0.18870169
42,7,none,car,553,95,2,3,False,0.044300262,0.039328244,0.036558125,0.8798134
42,7,none,car,554,95,3,3,True,0.005885697,0.00981123,0.0010714831,0.98323154
42,7,none,car,555,95,2,1,False,0.006143161,0.7462917,0.027508546,0.22005658
42,7,none,car,556,95,3,3,True,0.00061713305,0.2600753,0.0013982181,0.7379093
42,7,none,car,557,95,2,1,False,0.092643455,0.48225763,0.16133253,0.2637664
42,7,none,car,558,95,3,1,False,0.0020457746,0.896382,0.0011498015,0.10042248
42,7,none,car,559,95,2,3,False,0.019135922,0.018984871,0.04202653,0.91985273
42,7,none,car,560,95,3,3,True,0.054973535,0.14420149,0.021351138,0.77947384
42,7,none,car,561,95,3,3,True,0.013908108,0.25459108,0.24964164,0.4818591
42,7,none,car,562,95,2,1,False,0.00440717,0.40529552,0.3284595,0.2618378
42,7,none,car,563,95,3,3,True,0.00034389086,0.0047430024,0.005396219,0.9895169
42,7,none,car,564,96,1,1,True,0.0008414201,0.99717015,0.0013139549,0.0006744398
42,7,none,car,565,96,0,0,True,0.9175267,0.03456847,0.04687034,0.001034514
42,7,none,car,566,96,0,0,True,0.93279874,0.05261013,0.00978308,0.004807971
42,7,none,car,567,96,1,1,True,0.0009974344,0.9453387,0.03785923,0.015804546
42,7,none,car,568,96,1,1,True,6.1675884e-05,0.9987031,0.0004049794,0.000830127
42,7,none,car,569,96,0,0,True,0.6263476,0.002464782,0.1974254,0.1737622
42,7,none,car,570,96,1,1,True,8.4147905e-05,0.99954814,0.00029698812,7.075983e-05
42,7,none,car,571,96,0,0,True,0.9962431,4.300491e-05,0.0030239779,0.00068993587
42,7,none,car,572,96,0,0,True,0.6890243,0.04996972,0.18592532,0.07508063
42,7,none,car,573,96,1,1,True,4.7466936e-05,0.9995247,0.00038425985,4.3665572e-05
42,7,none,car,574,96,1,1,True,0.0001346037,0.99798405,0.0017937443,8.771252e-05
42,7,none,car,575,96,0,0,True,0.93009555,0.00061143766,0.06877107,0.0005219214
42,7,none,car,576,96,0,0,True,0.7905924,0.051803913,0.019927284,0.13767645
42,7,none,car,577,96,1,1,True,0.0020255144,0.7016216,0.10436576,0.19198714
42,7,none,car,578,96,1,1,True,2.9928671e-05,0.9539601,0.002148375,0.043861616
42,7,none,car,579,96,3,3,True,0.0009729563,0.046685193,0.0777039,0.87463796
42,7,none,car,580,96,2,2,True,0.0038760395,0.00025187005,0.9952819,0.0005901612
42,7,none,car,581,96,3,2,False,0.027793685,0.105137765,0.78321934,0.0838492
42,7,none,car,582,96,2,2,True,0.012217783,0.011544499,0.85407424,0.12216353
42,7,none,car,583,96,2,2,True,0.07099987,0.014369579,0.5541908,0.36043975
42,7,none,car,584,96,3,2,False,0.01449089,0.004373475,0.9167114,0.06442421
42,7,none,car,585,96,3,3,True,0.13230772,0.12005909,0.20040092,0.5472323
42,7,none,car,586,96,2,2,True,0.009456215,0.018746544,0.89313596,0.07866127
42,7,none,car,587,96,3,3,True,0.009124864,0.0035466393,0.02761523,0.9597133
42,7,none,car,588,96,2,1,False,0.015209176,0.56844306,0.3871523,0.029195504
42,7,none,car,589,96,2,2,True,0.012874192,0.11383393,0.8726585,0.00063329906
42,7,none,car,590,96,3,1,False,0.07130694,0.68917066,0.017596819,0.2219256
42,7,none,car,591,96,3,3,True,0.022289095,0.033413403,0.084982365,0.8593151
42,7,none,car,592,96,2,2,True,0.07712567,0.078337006,0.71758235,0.126955
42,7,none,car,593,96,3,3,True,0.024362719,0.22810754,0.123334445,0.6241953
42,7,none,car,594,96,0,0,True,0.88527477,0.003363455,0.10335298,0.00800884
42,7,none,car,595,96,1,2,False,0.014644163,0.067105055,0.91218865,0.006062073
42,7,none,car,596,96,1,3,False,0.042083323,0.40378273,0.14385937,0.41027462
42,7,none,car,597,96,0,0,True,0.9719633,0.00016732645,0.010030908,0.017838476
42,7,none,car,598,96,1,1,True,0.1348096,0.8388287,0.021070102,0.005291596
42,7,none,car,599,96,0,3,False,0.29922152,0.017530467,0.26069343,0.4225546
42,7,none,car,600,96,0,0,True,0.7851471,0.00012546493,0.21372919,0.0009983
42,7,none,car,601,96,1,1,True,0.0021176345,0.995754,0.0013668102,0.00076144777
42,7,none,car,602,96,0,0,True,0.9180865,0.018195834,0.061538443,0.0021792839
42,7,none,car,603,96,1,1,True,0.0056781145,0.86511576,0.12719291,0.0020132398
42,7,none,car,604,96,1,1,True,0.00054050883,0.8435137,0.016584214,0.13936166
42,7,none,car,605,96,0,0,True,0.9288704,0.00018567302,0.05488361,0.016060317
42,7,none,car,606,96,1,3,False,0.0029391749,0.26726004,0.29957706,0.43022373
42,7,none,car,607,96,0,2,False,0.3164298,0.0006721278,0.4910609,0.1918372
42,7,none,car,608,96,0,0,True,0.70250607,0.001100259,0.135742,0.16065171
42,7,none,car,609,96,3,3,True,0.09454659,0.011450566,0.035514023,0.8584888
42,7,none,car,610,96,2,2,True,0.00021781132,0.0059714005,0.991891,0.0019197919
42,7,none,car,611,96,3,1,False,0.062448535,0.5253387,0.35804358,0.054169167
42,7,none,car,612,96,2,0,False,0.8740274,0.017228972,0.054209895,0.05453371
42,7,none,car,613,96,3,3,True,0.015495019,0.12108792,0.004938368,0.85847867
42,7,none,car,614,96,2,2,True,0.0016515214,0.0031281381,0.9922374,0.0029829554
42,7,none,car,615,96,2,2,True,0.0028753143,0.010502783,0.91128063,0.07534125
42,7,none,car,616,96,3,2,False,0.006688086,0.002610351,0.7211793,0.26952228
42,7,none,car,617,96,2,2,True,0.027807053,0.004054045,0.8754758,0.092663
42,7,none,car,618,96,3,0,False,0.77839667,0.03420614,0.048056036,0.13934113
42,7,none,car,619,96,2,2,True,0.033464827,0.009874432,0.7148041,0.24185663
42,7,none,car,620,96,3,3,True,0.04676168,0.012184877,0.032662183,0.90839124
42,7,none,car,621,96,2,0,False,0.8463361,0.0072930697,0.10717356,0.039197233
42,7,none,car,622,96,3,3,True,0.119467534,0.032616556,0.025259158,0.82265675
42,7,none,car,623,96,3,3,True,0.02580106,0.022850798,0.26973912,0.68160903
42,7,none,car,624,96,1,1,True,0.00038230742,0.9838855,0.009912061,0.005820124
42,7,none,car,625,96,0,0,True,0.90945673,0.0006753595,0.07337639,0.01649152
42,7,none,car,626,96,1,2,False,0.15062808,0.048756562,0.78416973,0.016445622
42,7,none,car,627,96,0,0,True,0.41410297,0.35884294,0.22340973,0.0036442762
42,7,none,car,628,96,1,1,True,0.009627145,0.7924959,0.16012017,0.03775678
42,7,none,car,629,96,0,0,True,0.98206663,0.0038951845,0.0070726397,0.006965502
42,7,none,car,630,96,0,0,True,0.9794628,4.0387233e-05,0.020453958,4.2856856e-05
42,7,none,car,631,96,1,1,True,0.1953679,0.67866313,0.072537094,0.053431883
42,7,none,car,632,96,1,1,True,4.9969072e-05,0.99725515,0.001833013,0.0008619324
42,7,none,car,633,96,0,0,True,0.8393138,0.055924483,0.061965074,0.042796694
42,7,none,car,634,96,0,0,True,0.9980217,1.3482456e-05,0.0018661438,9.873081e-05
42,7,none,car,635,96,1,1,True,7.46786e-05,0.9860379,0.011559215,0.0023281714
42,7,none,car,636,96,1,1,True,0.0003900725,0.9237266,0.07509983,0.00078347337
42,7,none,car,637,96,0,0,True,0.9785281,0.019140929,0.0019689454,0.00036207348
42,7,none,car,638,96,0,0,True,0.47974235,0.026818745,0.14419205,0.3492468
42,7,none,car,639,96,2,2,True,0.00073890976,0.034533523,0.9635004,0.0012270969
42,7,none,car,640,96,3,2,False,0.020292815,0.017396608,0.8964291,0.06588151
42,7,none,car,641,96,2,2,True,0.14804497,0.01606427,0.4794052,0.35648558
42,7,none,car,642,96,3,2,False,0.025249563,0.2470912,0.42544007,0.30221912
42,7,none,car,643,96,3,3,True,0.14355214,0.06333099,0.030956993,0.76215994
42,7,none,car,644,96,2,2,True,0.004598901,0.3737871,0.6065441,0.015069946
42,7,none,car,645,96,3,3,True,0.17588525,0.10137573,0.033974074,0.688765
42,7,none,car,646,96,2,2,True,0.050523743,0.37877786,0.53397614,0.036722258
42,7,none,car,647,96,2,2,True,0.019604491,0.04470526,0.921998,0.013692238
42,7,none,car,648,96,3,0,False,0.4242969,0.22207175,0.27931547,0.07431586
42,7,none,car,649,96,2,2,True,0.015788466,0.14060278,0.6048976,0.2387111
42,7,none,car,650,96,3,3,True,0.08920961,0.030430848,0.33510414,0.54525536
42,7,none,car,651,96,2,2,True,0.041260116,0.17826852,0.66113245,0.11933892
42,7,none,car,652,96,3,0,False,0.596855,0.029039077,0.20879424,0.16531166
42,7,none,car,653,96,3,1,False,0.0041010925,0.77447164,0.051848277,0.16957895
42,7,none,car,654,97,0,0,True,0.7478636,0.06657294,0.13819762,0.047365848
42,7,none,car,655,97,1,1,True,0.008958495,0.95420456,0.005298432,0.031538475
42,7,none,car,656,97,1,1,True,0.037553392,0.9355223,0.0038721645,0.023052169
42,7,none,car,657,97,0,0,True,0.85372806,0.10037522,0.014095625,0.031801105
42,7,none,car,658,97,0,0,True,0.9950712,0.00032950827,0.001100366,0.0034989978
42,7,none,car,659,97,1,1,True,0.0009398438,0.97510695,0.0018711619,0.022082109
42,7,none,car,660,97,0,0,True,0.5895786,0.091414124,0.28243187,0.03657535
42,7,none,car,661,97,1,1,True,3.277706e-05,0.98984116,0.0054427837,0.0046832804
42,7,none,car,662,97,0,3,False,0.060075425,0.2191462,0.088849135,0.6319292
42,7,none,car,663,97,1,1,True,0.04359955,0.7278867,0.004390997,0.22412267
42,7,none,car,664,97,1,1,True,0.00038861384,0.9979954,3.0915566e-05,0.0015851337
42,7,none,car,665,97,0,0,True,0.8437203,0.003933658,0.002219039,0.15012696
42,7,none,car,666,97,1,2,False,0.30139878,0.1448325,0.32140434,0.23236436
42,7,none,car,667,97,0,3,False,0.20962083,0.24045715,0.03993492,0.5099871
42,7,none,car,668,97,0,0,True,0.83778894,0.13796033,0.0013556164,0.02289506
42,7,none,car,669,97,3,3,True,0.16416347,0.13368598,0.07124966,0.63090086
42,7,none,car,670,97,2,0,False,0.7666863,0.1027426,0.015514031,0.11505705
42,7,none,car,671,97,3,3,True,0.00032109162,0.019531947,0.0017959176,0.97835106
42,7,none,car,672,97,2,1,False,0.0010472037,0.7226664,0.024897845,0.2513885
42,7,none,car,673,97,3,1,False,0.04639259,0.5529681,0.00063652394,0.4000028
42,7,none,car,674,97,2,3,False,0.13165615,0.37392923,0.11650604,0.3779086
42,7,none,car,675,97,3,1,False,0.0074885115,0.4661071,0.29117015,0.23523423
42,7,none,car,676,97,2,1,False,0.010522168,0.8572311,0.0052428623,0.12700386
42,7,none,car,677,97,3,1,False,0.0047207084,0.53434,0.07810066,0.38283867
42,7,none,car,678,97,2,2,True,0.07328401,0.250378,0.515628,0.16070998
42,7,none,car,679,97,3,3,True,0.061714783,0.019804716,0.003001773,0.91547877
42,7,none,car,680,97,2,3,False,0.002240007,0.0031867952,0.00022900304,0.99434423
42,7,none,car,681,97,3,3,True,0.045652896,0.005591036,0.021087132,0.927669
42,7,none,car,682,97,2,1,False,0.00048618912,0.85573864,0.0135438135,0.13023134
42,7,none,car,683,97,2,1,False,0.0041967146,0.88808286,0.0032667562,0.10445369
42,7,none,car,684,97,0,1,False,0.08158052,0.5132551,0.13519225,0.26997206
42,7,none,car,685,97,1,1,True,0.33473706,0.6080865,0.05219533,0.0049810894
42,7,none,car,686,97,1,1,True,0.0007273881,0.9872804,0.001507056,0.010485108
42,7,none,car,687,97,0,3,False,0.33519855,0.02269438,0.10148852,0.54061854
42,7,none,car,688,97,1,1,True,0.07288551,0.5675832,0.04012974,0.31940162
42,7,none,car,689,97,0,0,True,0.7549261,0.10294448,0.07651343,0.06561605
42,7,none,car,690,97,1,3,False,0.0072887717,0.017601749,0.15421458,0.82089484
42,7,none,car,691,97,0,3,False,0.021087209,0.04566051,0.021830346,0.91142195
42,7,none,car,692,97,1,1,True,0.018353788,0.67537487,0.01166414,0.29460728
42,7,none,car,693,97,0,3,False,0.31723383,0.018380491,0.04254647,0.6218393
42,7,none,car,694,97,0,0,True,0.9030031,0.027061714,0.046688467,0.023246648
42,7,none,car,695,97,1,1,True,0.00060886523,0.88702786,0.04610333,0.06626
42,7,none,car,696,97,0,3,False,0.015149386,0.0030557907,0.00093395286,0.9808609
42,7,none,car,697,97,1,1,True,0.0126058515,0.9041006,0.0030779282,0.08021568
42,7,none,car,698,97,1,3,False,0.00068584166,0.24145526,0.00045599978,0.7574029
42,7,none,car,699,97,3,3,True,0.0012892948,0.12010851,0.09526026,0.7833419
42,7,none,car,700,97,2,0,False,0.7546584,0.024303013,0.11720623,0.10383231
42,7,none,car,701,97,2,1,False,0.028025005,0.46538183,0.20657305,0.3000201
42,7,none,car,702,97,3,3,True,0.0023885116,0.21087492,0.2421219,0.5446147
42,7,none,car,703,97,3,1,False,0.045938883,0.82994044,0.049181357,0.07493937
42,7,none,car,704,97,2,1,False,0.020367658,0.9272981,0.0048270053,0.047507193
42,7,none,car,705,97,2,3,False,0.0029782252,0.3036335,0.24607295,0.44731534
42,7,none,car,706,97,3,3,True,0.088536076,0.21446703,0.25032443,0.4466724
42,7,none,car,707,97,2,2,True,0.012059443,0.06349279,0.5479696,0.37647814
42,7,none,car,708,97,3,3,True,0.0016764067,0.2767433,0.02059628,0.700984
42,7,none,car,709,97,3,3,True,0.04452961,0.0052665593,0.039503377,0.9107005
42,7,none,car,710,97,2,3,False,0.01709278,0.16441596,0.19311005,0.6253812
42,7,none,car,711,97,3,3,True,0.13515231,0.05277576,0.12517811,0.6868938
42,7,none,car,712,97,2,0,False,0.5942841,0.018205483,0.14707194,0.24043848
42,7,none,car,713,97,3,3,True,0.051899604,0.39873025,0.004699376,0.5446708
42,7,none,car,714,97,1,3,False,0.008811479,0.36770567,0.08218144,0.5413014
42,7,none,car,715,97,0,1,False,0.07417614,0.63560635,0.24714638,0.0430711
42,7,none,car,716,97,1,1,True,0.006157246,0.9255577,0.027997881,0.04028717
42,7,none,car,717,97,0,0,True,0.8892527,0.10600765,0.0028188627,0.0019208929
42,7,none,car,718,97,1,2,False,0.033962104,0.308973,0.5276635,0.12940136
42,7,none,car,719,97,0,0,True,0.6811544,0.039992087,0.0473435,0.23151004
42,7,none,car,720,97,0,0,True,0.9237711,0.005903351,0.009085875,0.061239798
42,7,none,car,721,97,1,1,True,0.0023931158,0.84958315,0.011091383,0.13693236
42,7,none,car,722,97,1,1,True,0.0008449045,0.722953,0.039340284,0.2368618
42,7,none,car,723,97,0,0,True,0.8762638,0.021396825,0.012204552,0.09013485
42,7,none,car,724,97,1,1,True,0.0054222685,0.9023387,0.0036335974,0.088605404
42,7,none,car,725,97,0,0,True,0.456625,0.11364281,0.047950063,0.3817821
42,7,none,car,726,97,0,0,True,0.9929904,0.0011119654,0.0027428102,0.0031548303
42,7,none,car,727,97,1,3,False,0.047134418,0.20690733,0.20829095,0.53766733
42,7,none,car,728,97,0,0,True,0.7990205,0.0029911133,0.031530038,0.16645831
42,7,none,car,729,97,3,3,True,0.1588173,0.118158944,0.06732222,0.65570146
42,7,none,car,730,97,2,1,False,0.00035896947,0.78427875,0.008372915,0.20698933
42,7,none,car,731,97,2,2,True,0.021502104,0.1925648,0.58375365,0.2021795
42,7,none,car,732,97,3,3,True,0.22688386,0.23648648,0.22100087,0.31562883
42,7,none,car,733,97,2,3,False,0.12591252,0.28856036,0.14130677,0.44422033
42,7,none,car,734,97,3,1,False,0.25935543,0.54199857,0.055762466,0.14288352
42,7,none,car,735,97,2,0,False,0.32886088,0.27559027,0.21315487,0.18239395
42,7,none,car,736,97,3,3,True,0.030110613,0.12666973,0.067525685,0.77569395
42,7,none,car,737,97,3,3,True,0.04906899,0.06538943,0.108843,0.7766986
42,7,none,car,738,97,2,2,True,0.042339787,0.18678865,0.57900983,0.19186172
42,7,none,car,739,97,3,3,True,0.0038136498,0.029526807,0.04224901,0.9244106
42,7,none,car,740,97,2,1,False,0.04435776,0.53344697,0.044974867,0.3772204
42,7,none,car,741,97,2,1,False,0.04439457,0.53874815,0.08621275,0.33064455
42,7,none,car,742,97,3,3,True,0.1750974,0.1825269,0.22605161,0.4163241
42,7,none,car,743,97,2,0,False,0.51795614,0.20071383,0.08461883,0.19671129
42,7,none,car,744,98,0,0,True,0.8482593,0.010729687,0.13986658,0.001144363
42,7,none,car,745,98,1,2,False,0.016697207,0.19076902,0.7829114,0.009622313
42,7,none,car,746,98,1,1,True,0.036639556,0.87548786,0.08073853,0.0071340776
42,7,none,car,747,98,0,0,True,0.659211,0.03891508,0.29681385,0.0050601163
42,7,none,car,748,98,0,0,True,0.5215765,0.029373268,0.33999115,0.10905906
42,7,none,car,749,98,1,1,True,0.033473667,0.65464,0.30373138,0.008154922
42,7,none,car,750,98,1,1,True,0.018432697,0.954145,0.020957774,0.0064644804
42,7,none,car,751,98,0,2,False,0.066934444,0.3249955,0.5691419,0.03892815
42,7,none,car,752,98,1,1,True,0.057194304,0.7706133,0.16707553,0.005116858
42,7,none,car,753,98,0,2,False,0.29059836,0.045943316,0.65969837,0.00375997
42,7,none,car,754,98,1,1,True,0.031447805,0.95389265,0.013155973,0.0015034992
42,7,none,car,755,98,0,0,True,0.6349293,0.074027084,0.26944867,0.021594916
42,7,none,car,756,98,0,2,False,0.120033994,0.24846515,0.6268244,0.0046764724
42,7,none,car,757,98,1,2,False,0.0404909,0.24674766,0.5006599,0.21210156
42,7,none,car,758,98,0,2,False,0.061376635,0.06521366,0.8515649,0.021844834
42,7,none,car,759,98,3,3,True,0.014529913,0.0044954144,0.0078082955,0.9731664
42,7,none,car,760,98,2,2,True,0.046390522,0.028028512,0.85054904,0.07503186
42,7,none,car,761,98,3,3,True,0.010877432,0.026405834,0.104942285,0.8577745
42,7,none,car,762,98,2,1,False,0.2290555,0.40124437,0.36618972,0.003510482
42,7,none,car,763,98,2,0,False,0.4537161,0.09865735,0.40498522,0.04264136
42,7,none,car,764,98,3,2,False,0.0087531945,0.20672531,0.4816126,0.30290887
42,7,none,car,765,98,2,2,True,0.018217683,0.01695287,0.9461987,0.018630736
42,7,none,car,766,98,3,2,False,0.060246196,0.2540727,0.47059536,0.21508579
42,7,none,car,767,98,2,2,True,0.07024863,0.0023191543,0.8855028,0.04192943
42,7,none,car,768,98,3,3,True,0.024193965,0.040732328,0.046676803,0.8883969
42,7,none,car,769,98,3,3,True,0.17419955,0.03256423,0.20801719,0.585219
42,7,none,car,770,98,2,2,True,0.039286334,0.018864598,0.89089257,0.050956443
42,7,none,car,771,98,2,2,True,0.16411926,0.009714886,0.6362763,0.18988954
42,7,none,car,772,98,3,0,False,0.61233985,0.0969145,0.15490879,0.13583682
42,7,none,car,773,98,3,2,False,0.05352343,0.044527255,0.7197226,0.1822267
42,7,none,car,774,98,1,1,True,0.005036446,0.8737441,0.11535903,0.005860465
42,7,none,car,775,98,0,2,False,0.3103551,0.10167922,0.54712546,0.04084018
42,7,none,car,776,98,0,0,True,0.7985572,0.01787537,0.16543865,0.018128803
42,7,none,car,777,98,1,2,False,0.044110697,0.34626073,0.5494492,0.060179327
42,7,none,car,778,98,0,0,True,0.9609351,0.0075320434,0.025619326,0.005913507
42,7,none,car,779,98,1,2,False,0.016258856,0.07345361,0.8740063,0.036281265
42,7,none,car,780,98,1,1,True,0.01737626,0.4950048,0.32177693,0.16584198
42,7,none,car,781,98,0,0,True,0.91340894,0.0014280217,0.06762957,0.017533358
42,7,none,car,782,98,0,0,True,0.58739597,0.11632361,0.25970542,0.036574986
42,7,none,car,783,98,1,1,True,0.0649288,0.5835229,0.2823711,0.06917725
42,7,none,car,784,98,0,0,True,0.7434978,0.009105373,0.18532754,0.062069245
42,7,none,car,785,98,1,1,True,0.025501313,0.6472625,0.3133884,0.013847809
42,7,none,car,786,98,1,1,True,0.02698901,0.58889914,0.09442965,0.28968224
42,7,none,car,787,98,0,0,True,0.9818747,0.0019717987,0.012717888,0.003435648
42,7,none,car,788,98,0,2,False,0.04184954,0.025929626,0.894216,0.038004804
42,7,none,car,789,98,3,3,True,0.10546112,0.07197862,0.20910282,0.6134574
42,7,none,car,790,98,2,2,True,0.26276332,0.026916582,0.6826086,0.027711505
42,7,none,car,791,98,3,2,False,0.14179645,0.061385434,0.4223499,0.37446824
42,7,none,car,792,98,2,2,True,0.0127843,0.054025546,0.9321387,0.0010513888
42,7,none,car,793,98,2,0,False,0.47697836,0.077055566,0.39231917,0.05364694
42,7,none,car,794,98,3,3,True,0.06346398,0.051108643,0.088881515,0.79654586
42,7,none,car,795,98,2,2,True,0.2610008,0.048887055,0.6533222,0.036789898
42,7,none,car,796,98,3,3,True,0.021570265,0.011296383,0.019780781,0.9473526
42,7,none,car,797,98,3,3,True,0.048501816,0.004038272,0.30734083,0.64011914
42,7,none,car,798,98,2,2,True,0.028091589,0.047002774,0.63376415,0.29114148
42,7,none,car,799,98,2,2,True,0.033094928,0.055065814,0.90055144,0.011287853
42,7,none,car,800,98,3,2,False,0.19023243,0.38387853,0.4208077,0.0050813537
42,7,none,car,801,98,2,3,False,0.06949644,0.06720088,0.28718466,0.57611805
42,7,none,car,802,98,3,3,True,0.015584476,0.011174822,0.1152149,0.85802585
42,7,none,car,803,98,3,2,False,0.11642377,0.0066302028,0.6341341,0.24281183
42,7,none,car,804,98,0,2,False,0.2290926,0.03649414,0.71979,0.014623337
42,7,none,car,805,98,1,3,False,0.26058543,0.05262103,0.13722092,0.5495726
42,7,none,car,806,98,1,3,False,0.21762457,0.06791926,0.22533451,0.48912174
42,7,none,car,807,98,0,2,False,0.16235946,0.21755487,0.56839675,0.05168892
42,7,none,car,808,98,0,1,False,0.06828664,0.8779379,0.042552974,0.011222552
42,7,none,car,809,98,1,3,False,0.1461958,0.016029561,0.060092337,0.7776823
42,7,none,car,810,98,1,2,False,0.166699,0.031544276,0.6268586,0.17489815
42,7,none,car,811,98,0,0,True,0.6119746,0.014800356,0.29672074,0.07650433
42,7,none,car,812,98,0,0,True,0.445858,0.24994645,0.26903057,0.035164963
42,7,none,car,813,98,1,0,False,0.9897125,0.0045429617,0.0027177848,0.0030268463
42,7,none,car,814,98,0,2,False,0.065968774,0.2228772,0.5547471,0.15640692
42,7,none,car,815,98,1,0,False,0.5573023,0.13568504,0.2284224,0.07859027
42,7,none,car,816,98,1,0,False,0.5469509,0.03734317,0.24630721,0.1693987
42,7,none,car,817,98,0,2,False,0.034385096,0.08628656,0.8319119,0.04741647
42,7,none,car,818,98,1,2,False,0.17153926,0.38073838,0.4142752,0.033447172
42,7,none,car,819,98,2,0,False,0.61026394,0.04382995,0.26924965,0.07665644
42,7,none,car,820,98,3,1,False,0.0015265575,0.9880299,0.008866437,0.0015770476
42,7,none,car,821,98,3,1,False,0.098156445,0.4118393,0.31240335,0.17760094
42,7,none,car,822,98,2,0,False,0.61135113,0.007166342,0.20369181,0.1777907
42,7,none,car,823,98,2,2,True,0.3116681,0.013666865,0.47174212,0.20292291
42,7,none,car,824,98,3,2,False,0.008801999,0.12305191,0.8024376,0.06570857
42,7,none,car,825,98,3,3,True,0.04880198,0.0077055427,0.42455834,0.51893413
42,7,none,car,826,98,2,2,True,0.17586312,0.099573664,0.6174713,0.107091896
42,7,none,car,827,98,3,3,True,0.06585515,0.30406052,0.14583519,0.4842491
42,7,none,car,828,98,2,2,True,0.14368479,0.0638839,0.7838676,0.00856374
42,7,none,car,829,98,3,3,True,0.15448958,0.08408954,0.34348914,0.4179318
42,7,none,car,830,98,2,0,False,0.5003264,0.017632503,0.18596233,0.2960788
42,7,none,car,831,98,3,3,True,0.06641439,0.05841444,0.28891465,0.5862565
42,7,none,car,832,98,2,0,False,0.71181303,0.009953836,0.20830847,0.06992463
42,7,none,car,833,98,3,1,False,0.19278695,0.7609824,0.022180758,0.024049962
42,7,none,car,834,99,1,1,True,0.024193387,0.70581436,0.045644328,0.2243479
42,7,none,car,835,99,0,2,False,0.06954717,0.009655588,0.9020406,0.01875665
42,7,none,car,836,99,0,0,True,0.5015449,0.14871891,0.11701884,0.23271738
42,7,none,car,837,99,1,3,False,0.02309926,0.06478187,0.0016917107,0.9104272
42,7,none,car,838,99,0,1,False,0.03951421,0.63157755,0.058418084,0.27049014
42,7,none,car,839,99,1,3,False,0.14416094,0.037197623,0.009306876,0.8093346
42,7,none,car,840,99,1,3,False,0.091767244,0.16466984,0.17469025,0.56887263
42,7,none,car,841,99,0,3,False,0.07374198,0.2009305,0.12506303,0.6002645
42,7,none,car,842,99,0,3,False,0.1431709,0.0613799,0.027238756,0.7682105
42,7,none,car,843,99,1,3,False,0.01675478,0.003452382,0.20704655,0.77274626
42,7,none,car,844,99,1,1,True,0.0007072259,0.99797505,0.0008037145,0.0005139031
42,7,none,car,845,99,0,2,False,0.029905738,0.19414188,0.40744904,0.36850342
42,7,none,car,846,99,1,1,True,0.07703065,0.53323376,0.11648686,0.2732487
42,7,none,car,847,99,0,3,False,0.4094133,0.004859735,0.081187375,0.5045396
42,7,none,car,848,99,1,1,True,0.00829887,0.6690679,0.07557525,0.24705788
42,7,none,car,849,99,3,1,False,0.06653661,0.45022804,0.28170374,0.20153168
42,7,none,car,850,99,2,3,False,0.045017954,0.07651955,0.054334424,0.8241281
42,7,none,car,851,99,3,3,True,0.10286608,0.107210726,0.35948586,0.4304374
42,7,none,car,852,99,2,2,True,0.021041647,0.005101879,0.96896654,0.004889821
42,7,none,car,853,99,3,2,False,0.14850706,0.07640765,0.5443117,0.23077358
42,7,none,car,854,99,2,2,True,0.15363446,0.013657922,0.8272509,0.005456743
42,7,none,car,855,99,3,1,False,0.024537912,0.5080719,0.43864033,0.028749866
42,7,none,car,856,99,2,3,False,0.16315463,0.029293029,0.27936992,0.52818245
42,7,none,car,857,99,2,1,False,0.089708,0.49582362,0.1986348,0.21583356
42,7,none,car,858,99,3,0,False,0.59581906,0.01828373,0.17105894,0.2148383
42,7,none,car,859,99,3,3,True,0.087058775,0.09698919,0.21471748,0.6012345
42,7,none,car,860,99,2,3,False,0.12569362,0.26868758,0.0577069,0.5479119
42,7,none,car,861,99,2,2,True,0.3192586,0.027230022,0.51680356,0.13670784
42,7,none,car,862,99,3,3,True,0.0024791455,0.008493645,0.039166432,0.94986075
42,7,none,car,863,99,3,3,True,0.091221966,0.06896559,0.10872126,0.7310912
42,7,none,car,864,99,0,0,True,0.9504491,0.0013395236,0.02989758,0.018313795
42,7,none,car,865,99,1,3,False,0.25373137,0.096617766,0.20438257,0.4452683
42,7,none,car,866,99,0,3,False,0.06111832,0.3004001,0.008264365,0.63021725
42,7,none,car,867,99,1,1,True,0.15073614,0.71980023,0.02072654,0.108737074
42,7,none,car,868,99,1,1,True,0.00056223857,0.9546118,0.0023010562,0.042524952
42,7,none,car,869,99,0,0,True,0.9136691,0.0015044748,0.015015963,0.06981046
42,7,none,car,870,99,1,1,True,0.35571417,0.57000536,0.05745578,0.016824707
42,7,none,car,871,99,0,0,True,0.53377527,0.0056164907,0.28279728,0.17781097
42,7,none,car,872,99,1,0,False,0.37437657,0.23420933,0.27910185,0.11231229
42,7,none,car,873,99,0,3,False,0.1696246,0.0020990176,0.0070684208,0.82120794
42,7,none,car,874,99,1,3,False,0.23375785,0.011112505,0.031834047,0.72329557
42,7,none,car,875,99,0,2,False,0.19000754,0.034323763,0.60346943,0.17219928
42,7,none,car,876,99,1,2,False,0.43601504,0.031097196,0.489932,0.04295582
42,7,none,car,877,99,0,3,False,0.24306962,0.12548238,0.06620492,0.5652431
42,7,none,car,878,99,0,0,True,0.9845813,0.0008130553,0.0065867975,0.008018907
42,7,none,car,879,99,2,3,False,0.025579311,0.029338185,0.03951408,0.9055684
42,7,none,car,880,99,3,2,False,0.013050313,0.01341402,0.6602646,0.31327102
42,7,none,car,881,99,2,1,False,0.047888104,0.615998,0.0271606,0.30895332
42,7,none,car,882,99,3,3,True,0.306854,0.061003346,0.137209,0.4949336
42,7,none,car,883,99,3,0,False,0.7202886,0.046362747,0.2004136,0.03293508
42,7,none,car,884,99,2,2,True,0.45846695,0.010650289,0.5212975,0.009585212
42,7,none,car,885,99,3,3,True,0.25187972,0.04764899,0.30363137,0.39683998
42,7,none,car,886,99,2,0,False,0.5825893,0.01885016,0.20350127,0.19505925
42,7,none,car,887,99,2,1,False,0.034597028,0.82989156,0.00089916715,0.13461229
42,7,none,car,888,99,3,3,True,0.35680708,0.0049934145,0.0076773036,0.6305222
42,7,none,car,889,99,2,3,False,0.20155221,0.0073348214,0.010367729,0.78074527
42,7,none,car,890,99,3,3,True,0.021723645,0.020701826,0.13528006,0.8222945
42,7,none,car,891,99,2,3,False,0.0241739,0.015684495,0.23307167,0.72706985
42,7,none,car,892,99,3,3,True,0.020759493,0.010066984,0.11135958,0.85781395
42,7,none,car,893,99,3,2,False,0.020064343,0.09017452,0.4751513,0.41460988
42,7,none,car,894,99,0,2,False,0.1464167,0.015292731,0.774603,0.06368751
42,7,none,car,895,99,1,0,False,0.6085036,0.007371142,0.033618893,0.3505063
42,7,none,car,896,99,0,2,False,0.05635045,0.22963886,0.4215873,0.29242346
42,7,none,car,897,99,1,1,True,0.07779945,0.71506137,0.17321485,0.033924267
42,7,none,car,898,99,1,1,True,0.014940416,0.9359701,0.018980898,0.030108592
42,7,none,car,899,99,0,3,False,0.1929345,0.0073995935,0.24053305,0.5591329
42,7,none,car,900,99,0,2,False,0.039212495,0.019171085,0.8844316,0.057184912
42,7,none,car,901,99,1,1,True,0.0015159457,0.6501496,0.11390537,0.23442909
42,7,none,car,902,99,0,2,False,0.00899959,0.3612317,0.55804104,0.071727715
42,7,none,car,903,99,1,0,False,0.5065693,0.08128172,0.013901617,0.39824736
42,7,none,car,904,99,1,3,False,0.009541464,0.09971141,0.26041627,0.63033086
42,7,none,car,905,99,0,2,False,0.034115806,0.059006613,0.74021995,0.16665757
42,7,none,car,906,99,0,3,False,0.39820984,0.002964727,0.035980493,0.56284493
42,7,none,car,907,99,1,3,False,0.12831481,0.18571855,0.2736496,0.4123171
42,7,none,car,908,99,1,2,False,0.041444395,0.033047915,0.650071,0.27543667
42,7,none,car,909,99,2,3,False,0.018454026,0.024706569,0.22013173,0.73670775
42,7,none,car,910,99,3,3,True,0.017295716,0.35782528,0.009074834,0.6158042
42,7,none,car,911,99,2,2,True,0.1036716,0.0849978,0.5164064,0.29492414
42,7,none,car,912,99,3,2,False,0.044180263,0.11337541,0.719822,0.12262235
42,7,none,car,913,99,3,2,False,0.08173866,0.01825565,0.6390692,0.26093653
42,7,none,car,914,99,2,3,False,0.03599143,0.023041973,0.28783852,0.653128
42,7,none,car,915,99,2,3,False,0.0127632115,0.07062276,0.17975971,0.7368543
42,7,none,car,916,99,3,3,True,0.009147655,0.00985035,0.10558472,0.87541723
42,7,none,car,917,99,3,0,False,0.784014,0.0011529111,0.1251623,0.08967071
42,7,none,car,918,99,2,0,False,0.62460005,0.0032573428,0.29475033,0.0773923
42,7,none,car,919,99,3,1,False,0.11505917,0.5224722,0.03796782,0.32450077
42,7,none,car,920,99,2,2,True,0.0768051,0.044669777,0.55387557,0.3246495
42,7,none,car,921,99,3,2,False,0.009040609,0.11729701,0.61145693,0.26220545
42,7,none,car,922,99,2,1,False,0.002100203,0.61341435,0.36117706,0.023308368
42,7,none,car,923,99,3,3,True,0.008040633,0.032433636,0.04671065,0.9128151
42,7,none,car,924,100,0,0,True,0.89257234,0.0128469,0.085379876,0.009200948
42,7,none,car,925,100,1,3,False,0.011208249,0.44545275,0.069140226,0.47419873
42,7,none,car,926,100,1,1,True,0.0018122578,0.86009586,0.004718202,0.13337371
42,7,none,car,927,100,0,1,False,0.01964558,0.58763194,0.059805013,0.33291745
42,7,none,car,928,100,0,0,True,0.9657923,0.0005227191,0.00071599876,0.032968976
42,7,none,car,929,100,1,3,False,0.08005591,0.11113693,0.07156015,0.737247
42,7,none,car,930,100,0,0,True,0.9990984,2.953623e-06,0.00019287328,0.00070580136
42,7,none,car,931,100,1,3,False,0.015035804,0.08939513,0.17443281,0.7211363
42,7,none,car,932,100,1,1,True,4.8968323e-05,0.9993655,0.00044356004,0.00014203222
42,7,none,car,933,100,0,2,False,0.1871966,0.03954769,0.39310932,0.38014635
42,7,none,car,934,100,1,1,True,0.0009925221,0.89744204,0.0744909,0.027074618
42,7,none,car,935,100,0,2,False,0.41322994,0.0019651812,0.54575515,0.039049752
42,7,none,car,936,100,3,3,True,0.045879975,0.007660918,0.0015052245,0.9449539
42,7,none,car,937,100,2,2,True,0.18129486,0.057473537,0.66480017,0.09643145
42,7,none,car,938,100,3,3,True,0.06713051,0.006578101,0.0036911238,0.92260027
42,7,none,car,939,100,2,1,False,0.051396165,0.424114,0.21762341,0.3068665
42,7,none,car,940,100,3,3,True,0.3783123,0.0035417527,0.10421874,0.5139272
42,7,none,car,941,100,2,2,True,0.22369312,0.06476097,0.6973664,0.014179524
42,7,none,car,942,100,3,1,False,0.3315524,0.34902453,0.078472726,0.24095036
42,7,none,car,943,100,2,2,True,0.09486316,0.0064672907,0.89397764,0.0046918625
42,7,none,car,944,100,3,2,False,0.17421845,0.057045136,0.70742977,0.06130661
42,7,none,car,945,100,2,2,True,0.0063991,0.17039628,0.81855154,0.0046530277
42,7,none,car,946,100,3,1,False,0.00015979883,0.9482968,0.014380703,0.037162684
42,7,none,car,947,100,2,2,True,0.30008247,0.08291944,0.3852128,0.23178534
42,7,none,car,948,100,1,1,True,0.00026050833,0.99090964,0.008258506,0.0005714262
42,7,none,car,949,100,0,0,True,0.5061145,0.06524663,0.371114,0.05752491
42,7,none,car,950,100,0,0,True,0.8443611,0.013072085,0.020252058,0.12231482
42,7,none,car,951,100,1,1,True,0.013616503,0.6376258,0.27507487,0.073682755
42,7,none,car,952,100,1,1,True,0.07992186,0.6733768,0.046034183,0.20066713
42,7,none,car,953,100,0,2,False,0.06069951,0.19902448,0.6724495,0.06782648
42,7,none,car,954,100,0,0,True,0.83051234,0.060595363,0.0065753586,0.1023169
42,7,none,car,955,100,1,1,True,0.00020666997,0.98510695,0.0018217614,0.012864603
42,7,none,car,956,100,1,1,True,0.013090653,0.5192081,0.002048088,0.46565318
42,7,none,car,957,100,0,1,False,0.0032659727,0.720245,0.15083261,0.12565644
42,7,none,car,958,100,0,0,True,0.9624015,0.011740372,0.02044828,0.005409867
42,7,none,car,959,100,1,1,True,0.00016331536,0.99820304,0.0010802302,0.0005534524
42,7,none,car,960,100,3,3,True,0.015581317,0.0047523123,0.01389147,0.96577495
42,7,none,car,961,100,2,2,True,0.009941569,0.005825252,0.843255,0.14097811
42,7,none,car,962,100,2,2,True,0.12514141,0.017640084,0.75692034,0.10029822
42,7,none,car,963,100,3,3,True,0.040063538,0.15002273,0.006106852,0.80380684
42,7,none,car,964,100,2,1,False,0.39748135,0.4703327,0.11603622,0.016149668
42,7,none,car,965,100,3,0,False,0.6691527,0.00074502896,0.0046060937,0.3254962
42,7,none,car,966,100,2,1,False,0.013651492,0.4603417,0.27406338,0.25194338
42,7,none,car,967,100,3,0,False,0.7434276,0.040474363,0.09677711,0.11932099
42,7,none,car,968,100,2,1,False,0.31486142,0.44313192,0.23535605,0.006650631
42,7,none,car,969,100,3,1,False,0.018302245,0.7243756,0.105784476,0.15153757
42,7,none,car,970,100,2,3,False,0.27478212,0.14614195,0.09337388,0.48570207
42,7,none,car,971,100,3,3,True,0.14446744,0.20385274,0.08423226,0.56744754
42,7,none,car,972,100,1,1,True,0.0005371408,0.96496046,0.0010000751,0.033502303
42,7,none,car,973,100,0,0,True,0.9039802,0.02547158,0.020570744,0.049977474
42,7,none,car,974,100,0,3,False,0.0018121679,0.017458448,0.45787975,0.5228496
42,7,none,car,975,100,1,2,False,0.17263508,0.010616685,0.78147376,0.035274494
42,7,none,car,976,100,1,1,True,0.00017415859,0.99509025,0.004441459,0.00029414345
42,7,none,car,977,100,0,0,True,0.9996018,1.8289276e-05,0.0002938976,8.609646e-05
42,7,none,car,978,100,0,0,True,0.87539726,0.005824627,0.0842976,0.03448056
42,7,none,car,979,100,1,1,True,0.04596391,0.85402745,0.002494941,0.09751379
42,7,none,car,980,100,1,1,True,0.002503094,0.62660336,0.2602999,0.110593684
42,7,none,car,981,100,0,0,True,0.9068942,0.0035401573,0.086151876,0.0034138218
42,7,none,car,982,100,0,0,True,0.5729321,0.1117716,0.1068151,0.20848115
42,7,none,car,983,100,1,1,True,0.013343071,0.8194485,0.10998692,0.057221454
42,7,none,car,984,100,2,2,True,0.10059171,0.1695141,0.60353756,0.12635663
42,7,none,car,985,100,3,3,True,0.0055156117,0.029491197,0.19091614,0.77407706
42,7,none,car,986,100,2,3,False,0.11200828,0.23626274,0.05755866,0.5941703
42,7,none,car,987,100,3,3,True,0.0009419097,0.14667189,0.026739482,0.82564676
42,7,none,car,988,100,3,1,False,0.01740773,0.76331073,0.0119803315,0.20730118
42,7,none,car,989,100,2,0,False,0.60927033,0.18073392,0.20702781,0.0029679593
42,7,none,car,990,100,2,2,True,0.05117042,0.34448975,0.48388538,0.12045443
42,7,none,car,991,100,3,2,False,0.026947076,0.16600128,0.47999662,0.32705504
42,7,none,car,992,100,3,3,True,0.0010017209,0.20008883,0.014169248,0.78474027
42,7,none,car,993,100,2,3,False,0.21181373,0.22611564,0.21810178,0.34396887
42,7,none,car,994,100,2,2,True,0.041578017,0.029812204,0.4943346,0.43427515
42,7,none,car,995,100,3,3,True,0.00019713704,0.003375592,0.010526276,0.98590106
42,7,none,car,996,101,0,0,True,0.8723335,0.03558928,0.060682308,0.031394836
42,7,none,car,997,101,1,1,True,0.00022628377,0.9956008,0.0010448877,0.0031279323
42,7,none,car,998,101,1,1,True,0.20564315,0.7477241,0.004734777,0.041897908
42,7,none,car,999,101,0,0,True,0.9998554,8.845276e-05,2.4787587e-06,5.3619857e-05
42,7,none,car,1000,101,1,1,True,0.0004593392,0.9988199,7.475666e-05,0.00064595544
42,7,none,car,1001,101,0,0,True,0.9999907,7.549092e-06,9.736914e-07,8.369668e-07
42,7,none,car,1002,101,1,1,True,0.00017712211,0.9993801,1.632186e-06,0.00044098034
42,7,none,car,1003,101,0,0,True,0.9999887,6.4051983e-06,2.1955389e-06,2.7228998e-06
42,7,none,car,1004,101,1,1,True,0.00031963806,0.9993493,4.2235783e-06,0.00032692018
42,7,none,car,1005,101,0,0,True,0.9997074,0.00028032137,8.397976e-06,3.9246347e-06
42,7,none,car,1006,101,0,0,True,0.99997056,1.2131539e-05,1.4401763e-05,2.823004e-06
42,7,none,car,1007,101,1,1,True,0.00028164347,0.9980117,0.00016866271,0.0015379838
42,7,none,car,1008,101,1,1,True,0.00014976546,0.99907565,0.00025098916,0.00052364066
42,7,none,car,1009,101,0,0,True,0.9997352,2.7979681e-06,4.586012e-05,0.00021622612
42,7,none,car,1010,101,0,0,True,0.9997192,8.475836e-05,2.7270968e-05,0.0001688007
42,7,none,car,1011,101,2,1,False,0.19891715,0.76824397,0.031663977,0.0011749194
42,7,none,car,1012,101,3,1,False,0.18383777,0.7894877,0.008361063,0.018313544
42,7,none,car,1013,101,2,0,False,0.92361605,0.0088761,0.035248164,0.032259677
42,7,none,car,1014,101,3,0,False,0.45207438,0.11772561,0.0033596435,0.42684036
42,7,none,car,1015,101,3,3,True,0.28033397,0.10056212,0.18046689,0.43863708
42,7,none,car,1016,101,2,0,False,0.690512,0.14544104,0.14518557,0.01886132
42,7,none,car,1017,101,2,1,False,0.088326134,0.7828451,0.121051684,0.0077771354
42,7,none,car,1018,101,3,3,True,0.104448535,0.24406867,0.0038661107,0.6476166
42,7,none,car,1019,101,2,1,False,0.24154,0.7199865,0.035632346,0.0028411087
42,7,none,car,1020,101,3,3,True,0.39868277,0.04983685,0.0033229392,0.54815745
42,7,none,car,1021,101,3,3,True,0.06267419,0.078860655,0.011682498,0.8467827
42,7,none,car,1022,101,2,1,False,0.15914366,0.8384821,0.0009555882,0.0014187555
42,7,none,car,1023,101,2,0,False,0.9832593,0.010237685,0.006354256,0.00014873357
42,7,none,car,1024,101,3,3,True,0.02222257,0.01623055,0.0004568078,0.96109015
42,7,none,car,1025,101,2,0,False,0.944885,0.04718868,0.0063174767,0.0016088623
42,7,none,car,1026,101,1,1,True,0.008686468,0.98370427,0.0052017453,0.0024075587
42,7,none,car,1027,101,0,0,True,0.9999603,2.2078952e-05,1.1696099e-05,5.992264e-06
42,7,none,car,1028,101,0,0,True,0.99968255,0.00023229199,5.0237904e-05,3.4971777e-05
42,7,none,car,1029,101,1,1,True,0.14123257,0.8444904,0.0020049033,0.012272104
42,7,none,car,1030,101,1,1,True,3.067306e-05,0.9998678,4.3301887e-05,5.8266727e-05
42,7,none,car,1031,101,0,0,True,0.9998832,2.1800737e-05,9.363169e-05,1.3657647e-06
42,7,none,car,1032,101,0,0,True,0.9999474,3.4094213e-05,5.8977566e-06,1.2626367e-05
42,7,none,car,1033,101,1,1,True,0.00045361157,0.99933594,0.00015175938,5.8657737e-05
42,7,none,car,1034,101,1,1,True,0.0054514483,0.99441755,4.0658564e-05,9.033479e-05
42,7,none,car,1035,101,0,0,True,0.99997497,2.1982971e-06,3.868728e-06,1.9068862e-05
42,7,none,car,1036,101,1,1,True,0.014187692,0.9842291,0.00032828414,0.0012549614
42,7,none,car,1037,101,0,0,True,0.99997306,2.4962896e-05,1.4027007e-06,6.0959866e-07
42,7,none,car,1038,101,1,1,True,0.00672867,0.99317545,2.7436196e-05,6.8436515e-05
42,7,none,car,1039,101,0,0,True,0.98804176,0.001104464,0.00064436335,0.010209423
42,7,none,car,1040,101,1,1,True,0.44987404,0.4719744,0.026070522,0.052081093
42,7,none,car,1041,101,2,0,False,0.8321116,0.0981638,0.068148755,0.0015758434
42,7,none,car,1042,101,3,0,False,0.7752534,0.06438274,0.03593611,0.12442766
42,7,none,car,1043,101,2,1,False,0.06341361,0.9205499,0.013433962,0.002602512
42,7,none,car,1044,101,3,3,True,0.1614567,0.07369393,0.00037462226,0.76447475
42,7,none,car,1045,101,3,0,False,0.59808403,0.012039716,0.008097361,0.38177884
42,7,none,car,1046,101,2,1,False,0.20470718,0.7316996,0.036613736,0.026979478
42,7,none,car,1047,101,2,0,False,0.89046454,0.05234061,0.053425413,0.0037694462
42,7,none,car,1048,101,3,0,False,0.6069176,0.2705312,0.00041203748,0.12213916
42,7,none,car,1049,101,3,3,True,0.32904652,0.00469406,0.003053886,0.6632055
42,7,none,car,1050,101,2,0,False,0.62690103,0.32425255,0.012115573,0.03673088
42,7,none,car,1051,101,2,2,True,0.2571632,0.15630434,0.5825924,0.003939995
42,7,none,car,1052,101,3,0,False,0.7606141,0.10376778,0.0011559082,0.13446227
42,7,none,car,1053,101,2,0,False,0.9920942,0.0035836936,0.0022479233,0.0020741639
42,7,none,car,1054,101,3,0,False,0.8508872,0.0033871427,0.0022176784,0.143508
42,7,none,car,1055,101,2,1,False,0.20460959,0.7633661,0.007010735,0.02501353
42,7,none,car,1056,101,0,0,True,0.9999279,1.8751605e-05,4.4976154e-05,8.446265e-06
42,7,none,car,1057,101,1,1,True,0.022492385,0.9698981,0.0060099387,0.0015994896
42,7,none,car,1058,101,0,0,True,0.99986327,9.9410136e-05,2.7632537e-05,9.646014e-06
42,7,none,car,1059,101,1,1,True,0.03506831,0.8733499,0.0011338784,0.090447895
42,7,none,car,1060,101,1,1,True,0.011765366,0.9423745,0.0005053959,0.045354713
42,7,none,car,1061,101,0,0,True,0.999161,0.00014368979,0.000116244526,0.00057914417
42,7,none,car,1062,101,1,1,True,0.00012990665,0.9998406,1.8582607e-06,2.7480777e-05
42,7,none,car,1063,101,0,0,True,0.9999801,1.780067e-05,1.3176781e-06,7.8754226e-07
42,7,none,car,1064,101,1,1,True,0.00037518432,0.99759716,0.00046799553,0.0015596249
42,7,none,car,1065,101,0,0,True,0.9998598,3.0186313e-05,1.2269087e-05,9.772075e-05
42,7,none,car,1066,101,1,1,True,0.0048701405,0.9832571,0.000360433,0.011512395
42,7,none,car,1067,101,0,0,True,0.9999815,3.005756e-06,3.282645e-06,1.214393e-05
42,7,none,car,1068,101,0,0,True,0.98997843,0.007600417,0.0022134613,0.00020773536
42,7,none,car,1069,101,1,1,True,0.0009657205,0.9979559,1.3257424e-05,0.0010651137
42,7,none,car,1070,101,1,1,True,0.0014147426,0.996062,0.0017931276,0.0007301811
42,7,none,car,1071,101,3,3,True,0.0072199027,0.014693092,0.00083065906,0.9772563
42,7,none,car,1072,101,2,2,True,0.12186674,0.101403505,0.7620841,0.014645602
42,7,none,car,1073,101,3,0,False,0.8504504,0.05730816,0.007997337,0.08424403
42,7,none,car,1074,101,2,0,False,0.6048186,0.06254808,0.22332095,0.109312445
42,7,none,car,1075,101,2,0,False,0.48249558,0.42969474,0.07863562,0.009174005
42,7,none,car,1076,101,3,0,False,0.6863577,0.13929702,0.0057799863,0.16856526
42,7,none,car,1077,101,3,0,False,0.75493634,0.009694231,0.00055769895,0.2348117
42,7,none,car,1078,101,2,3,False,0.24790497,0.047414146,0.0044245385,0.70025635
42,7,none,car,1079,101,2,2,True,0.14067529,0.014587425,0.8372988,0.0074384618
42,7,none,car,1080,101,3,3,True,0.3633184,0.024367668,0.002081276,0.61023265
42,7,none,car,1081,101,3,3,True,0.13519116,0.06857094,0.006937974,0.78929996
42,7,none,car,1082,101,2,3,False,0.24579522,0.33959728,0.031786285,0.3828212
42,7,none,car,1083,101,3,3,True,0.28605682,0.16673109,0.0058091255,0.54140294
42,7,none,car,1084,101,2,1,False,0.17839307,0.5604372,0.09499211,0.16617763
42,7,none,car,1085,101,2,1,False,0.07242291,0.81499463,0.09082831,0.021754114
42,7,none,car,1086,102,1,1,True,0.00017260411,0.99591404,0.0019270408,0.001986201
42,7,none,car,1087,102,0,0,True,0.87017155,0.030245554,0.059833594,0.039749354
42,7,none,car,1088,102,1,1,True,0.0019373901,0.7496183,0.22920085,0.019243483
42,7,none,car,1089,102,0,0,True,0.9883465,0.0026299974,0.0029694056,0.0060540466
42,7,none,car,1090,102,1,1,True,0.02235357,0.64064795,0.32975712,0.0072413892
42,7,none,car,1091,102,0,0,True,0.648876,0.028316963,0.23132087,0.09148615
42,7,none,car,1092,102,0,0,True,0.9941829,0.00058205,0.0044474993,0.0007875088
42,7,none,car,1093,102,1,0,False,0.3264533,0.17788032,0.24515077,0.25051558
42,7,none,car,1094,102,0,0,True,0.6964986,0.052717637,0.12700358,0.12378022
42,7,none,car,1095,102,1,2,False,0.02627479,0.1569394,0.8099089,0.0068768333
42,7,none,car,1096,102,0,0,True,0.7259346,0.011926474,0.1774771,0.08466171
42,7,none,car,1097,102,1,2,False,0.006861382,0.2610651,0.72050893,0.011564595
42,7,none,car,1098,102,0,0,True,0.42473775,0.12204828,0.16101648,0.2921975
42,7,none,car,1099,102,1,2,False,0.09166785,0.12369018,0.75793767,0.026704287
42,7,none,car,1100,102,1,1,True,0.0006083371,0.9978751,0.001372715,0.00014381603
42,7,none,car,1101,102,2,2,True,0.08234588,0.34792548,0.44742298,0.12230564
42,7,none,car,1102,102,3,3,True,0.07805327,0.06633495,0.11521669,0.74039507
42,7,none,car,1103,102,2,2,True,0.11081429,0.39931092,0.40722978,0.08264495
42,7,none,car,1104,102,3,3,True,0.22316602,0.21770854,0.24667227,0.31245315
42,7,none,car,1105,102,2,0,False,0.49574715,0.025119813,0.45952103,0.019611975
42,7,none,car,1106,102,3,3,True,0.06618567,0.15700898,0.21343996,0.5633654
42,7,none,car,1107,102,2,2,True,0.15169846,0.020897567,0.75739664,0.07000736
42,7,none,car,1108,102,3,3,True,0.10199889,0.05314664,0.12023329,0.7246212
42,7,none,car,1109,102,3,3,True,0.099067435,0.016643653,0.07783106,0.8064579
42,7,none,car,1110,102,2,2,True,0.02149063,0.028905142,0.94730026,0.0023039163
42,7,none,car,1111,102,3,2,False,0.009876471,0.12993956,0.69746065,0.16272339
42,7,none,car,1112,102,2,2,True,0.20612903,0.012908964,0.5402193,0.24074267
42,7,none,car,1113,102,2,2,True,0.05646803,0.092232,0.8049802,0.046319775
42,7,none,car,1114,102,3,0,False,0.60794073,0.055309333,0.19315569,0.14359426
42,7,none,car,1115,102,2,2,True,0.037962716,0.15374865,0.65862226,0.14966634
42,7,none,car,1116,102,1,1,True,0.00023913477,0.9930288,0.0064597433,0.0002723047
42,7,none,car,1117,102,0,3,False,0.2211163,0.2510388,0.15871179,0.36913306
42,7,none,car,1118,102,1,1,True,0.0061716214,0.68417233,0.13787144,0.17178465
42,7,none,car,1119,102,0,0,True,0.61553264,0.028238373,0.21674672,0.13948233
42,7,none,car,1120,102,0,0,True,0.9374745,0.024694439,0.029882323,0.007948731
42,7,none,car,1121,102,1,2,False,0.015634889,0.25312442,0.7141152,0.017125499
42,7,none,car,1122,102,0,1,False,0.13744734,0.380807,0.26172802,0.2200176
42,7,none,car,1123,102,1,2,False,0.053249292,0.3332638,0.56921005,0.04427681
42,7,none,car,1124,102,0,2,False,0.44663733,0.018547872,0.4919858,0.042828996
42,7,none,car,1125,102,1,2,False,0.22518897,0.15356573,0.45852998,0.16271529
42,7,none,car,1126,102,1,1,True,0.00023342349,0.99551386,0.001899571,0.0023530305
42,7,none,car,1127,102,0,3,False,0.14840305,0.0971474,0.3497986,0.40465093
42,7,none,car,1128,102,1,1,True,0.00022239485,0.997912,0.001464217,0.0004014502
42,7,none,car,1129,102,0,3,False,0.15643361,0.115586385,0.26550153,0.4624785
42,7,none,car,1130,102,1,1,True,0.089471154,0.37945428,0.30513355,0.22594096
42,7,none,car,1131,102,2,2,True,0.013795276,0.046250276,0.9345944,0.0053600436
42,7,none,car,1132,102,3,2,False,0.020229733,0.26442286,0.39980587,0.31554154
42,7,none,car,1133,102,3,3,True,0.032992933,0.039354708,0.34057063,0.58708173
42,7,none,car,1134,102,2,2,True,0.03863389,0.046316683,0.89994115,0.01510832
42,7,none,car,1135,102,2,1,False,0.04648703,0.50417817,0.27253008,0.17680468
42,7,none,car,1136,102,3,2,False,0.038954478,0.023557309,0.80674183,0.13074632
42,7,none,car,1137,102,3,2,False,0.077038705,0.06491684,0.58224106,0.27580345
42,7,none,car,1138,102,2,2,True,0.0046118414,0.12641317,0.8616482,0.0073267682
42,7,none,car,1139,102,2,2,True,0.020749034,0.03433717,0.86209625,0.08281753
42,7,none,car,1140,102,3,3,True,0.20490144,0.08853221,0.27001056,0.43655577
42,7,none,car,1141,102,2,2,True,0.010279905,0.07233005,0.5170799,0.40031022
42,7,none,car,1142,102,3,3,True,0.0150160175,0.154464,0.1663136,0.6642064
42,7,none,car,1143,102,3,2,False,0.039137784,0.0040414575,0.70546216,0.25135863
42,7,none,car,1144,102,2,2,True,0.19701643,0.10636502,0.4571733,0.23944528
42,7,none,car,1145,102,2,2,True,0.005847915,0.15561216,0.811487,0.027052902
42,7,none,car,1146,102,0,2,False,0.15321736,0.028895896,0.74768513,0.07020155
42,7,none,car,1147,102,1,1,True,0.0004249915,0.99364567,0.00459708,0.0013322029
42,7,none,car,1148,102,0,2,False,0.024903277,0.013171334,0.92254436,0.03938101
42,7,none,car,1149,102,1,1,True,0.0018813604,0.97721386,0.012885673,0.008019161
42,7,none,car,1150,102,1,2,False,0.016672878,0.19593953,0.7747196,0.012667995
42,7,none,car,1151,102,0,2,False,0.23118562,0.15751146,0.5667565,0.044546474
42,7,none,car,1152,102,0,2,False,0.064955994,0.04603742,0.8805387,0.008467937
42,7,none,car,1153,102,1,1,True,0.01803602,0.8229752,0.09292087,0.06606784
42,7,none,car,1154,102,0,2,False,0.17521839,0.19877443,0.59115237,0.034854814
42,7,none,car,1155,102,1,2,False,0.12702647,0.090756916,0.5578336,0.22438304
42,7,none,car,1156,102,1,1,True,0.0014777221,0.82261515,0.07628967,0.09961746
42,7,none,car,1157,102,0,3,False,0.09568616,0.24800731,0.21597324,0.44033328
42,7,none,car,1158,102,1,1,True,0.21213719,0.3773514,0.23401944,0.17649193
42,7,none,car,1159,102,0,0,True,0.5004918,0.045202233,0.36084658,0.093459465
42,7,none,car,1160,102,0,0,True,0.8638627,0.009403424,0.020597886,0.106135994
42,7,none,car,1161,102,2,2,True,0.006643052,0.03387185,0.95431846,0.0051667388
42,7,none,car,1162,102,3,3,True,0.033819888,0.045980927,0.12541224,0.79478693
42,7,none,car,1163,102,3,3,True,0.008275105,0.0383073,0.031818584,0.92159903
42,7,none,car,1164,102,2,2,True,0.07978353,0.26321074,0.52599776,0.13100798
42,7,none,car,1165,102,2,2,True,0.0044980645,0.01935436,0.69444513,0.2817025
42,7,none,car,1166,102,3,0,False,0.529131,0.0026872524,0.05205933,0.41612238
42,7,none,car,1167,102,2,2,True,0.11252156,0.020484617,0.82770115,0.039292768
42,7,none,car,1168,102,3,3,True,0.16448733,0.049785886,0.2327483,0.5529785
42,7,none,car,1169,102,2,2,True,0.032775223,0.106067546,0.4504024,0.41075483
42,7,none,car,1170,102,3,2,False,0.053385828,0.071802855,0.64900625,0.22580507
42,7,none,car,1171,102,2,1,False,0.010659868,0.6506311,0.16356635,0.17514266
42,7,none,car,1172,102,3,3,True,0.010369269,0.003226174,0.12626,0.86014456
42,7,none,car,1173,102,2,2,True,0.07170939,0.28960195,0.57574135,0.06294729
42,7,none,car,1174,102,3,2,False,0.057272248,0.028166948,0.61575174,0.29880905
42,7,none,car,1175,102,3,3,True,0.031185364,0.08399289,0.028692534,0.85612917
42,7,none,car,1176,103,0,0,True,0.7209893,0.0087544415,0.014836108,0.25542018
42,7,none,car,1177,103,1,1,True,0.005031727,0.8381754,0.13777107,0.019021833
42,7,none,car,1178,103,1,1,True,0.028265754,0.8486881,0.093319505,0.0297266
42,7,none,car,1179,103,0,1,False,0.017858261,0.8749326,0.009007396,0.09820173
42,7,none,car,1180,103,1,1,True,0.07233383,0.8666157,0.013132062,0.047918323
42,7,none,car,1181,103,0,3,False,0.36348775,0.072820194,0.003317608,0.56037444
42,7,none,car,1182,103,0,0,True,0.99955994,2.2630966e-05,0.00018288486,0.00023454815
42,7,none,car,1183,103,1,1,True,0.0071163354,0.9756445,0.013458097,0.0037810653
42,7,none,car,1184,103,0,0,True,0.94672966,0.026291538,0.022077775,0.0049009733
42,7,none,car,1185,103,1,1,True,0.13627256,0.74353224,0.107273474,0.012921694
42,7,none,car,1186,103,0,0,True,0.8759085,0.027506195,0.09126884,0.0053164344
42,7,none,car,1187,103,1,0,False,0.8359552,0.07726948,0.055561412,0.031213917
42,7,none,car,1188,103,1,1,True,0.0059651807,0.8800854,0.092776954,0.02117245
42,7,none,car,1189,103,0,2,False,0.3499198,0.036856137,0.61013776,0.0030863045
42,7,none,car,1190,103,1,1,True,0.04531359,0.50886357,0.070473135,0.3753497
42,7,none,car,1191,103,3,2,False,0.013034862,0.07153174,0.6032463,0.31218717
42,7,none,car,1192,103,2,2,True,0.12057863,0.003875766,0.8623901,0.013155547
42,7,none,car,1193,103,2,2,True,0.11372721,0.032201175,0.8043235,0.049748115
42,7,none,car,1194,103,3,0,False,0.75295186,0.026709707,0.011870248,0.2084682
42,7,none,car,1195,103,2,3,False,0.19876035,0.31544724,0.019974805,0.46581763
42,7,none,car,1196,103,3,0,False,0.6232587,0.061057895,0.09090913,0.22477421
42,7,none,car,1197,103,3,0,False,0.39521152,0.011968456,0.21778105,0.37503898
42,7,none,car,1198,103,2,2,True,0.09675679,0.009992899,0.8854959,0.0077544004
42,7,none,car,1199,103,2,0,False,0.4081426,0.3761801,0.21460362,0.0010736708
42,7,none,car,1200,103,3,1,False,0.204968,0.41437083,0.004520006,0.37614113
42,7,none,car,1201,103,3,1,False,0.092193834,0.375938,0.3112963,0.22057188
42,7,none,car,1202,103,2,2,True,0.02645663,0.00819796,0.96456546,0.00077999214
42,7,none,car,1203,103,3,3,True,0.13108578,0.03825554,0.02101937,0.8096393
42,7,none,car,1204,103,2,1,False,0.15142554,0.7729742,0.049791962,0.02580833
42,7,none,car,1205,103,2,1,False,0.02846155,0.74931914,0.04669053,0.17552882
42,7,none,car,1206,103,1,2,False,0.22139235,0.11690067,0.65881896,0.0028880914
42,7,none,car,1207,103,0,3,False,0.20090613,0.027020711,0.08934755,0.6827256
42,7,none,car,1208,103,1,1,True,0.0054091383,0.8721565,0.1188472,0.0035871996
42,7,none,car,1209,103,0,0,True,0.9376491,0.02286214,0.013769593,0.0257192
42,7,none,car,1210,103,0,0,True,0.9926489,0.00056582224,0.0010536016,0.00573162
42,7,none,car,1211,103,1,1,True,0.0018045852,0.7583088,0.02763633,0.21225029
42,7,none,car,1212,103,1,3,False,0.014427113,0.0662314,0.0086213,0.91072017
42,7,none,car,1213,103,0,0,True,0.95023566,0.034193747,0.0084244795,0.007146028
42,7,none,car,1214,103,0,0,True,0.64969397,0.25008303,0.09790743,0.0023155787
42,7,none,car,1215,103,1,0,False,0.73687243,0.015625259,0.13248901,0.11501334
42,7,none,car,1216,103,1,1,True,0.0013647574,0.99578685,0.0012433608,0.0016050644
42,7,none,car,1217,103,0,0,True,0.9888621,0.001404721,0.0062276106,0.0035057298
42,7,none,car,1218,103,0,0,True,0.8997602,0.0030427156,0.09681284,0.00038424632
42,7,none,car,1219,103,1,1,True,0.06055632,0.5577231,0.37891126,0.002809345
42,7,none,car,1220,103,0,0,True,0.96184367,0.0016945417,0.03375056,0.002711159
42,7,none,car,1221,103,2,2,True,0.08103548,0.04764982,0.8463664,0.024948325
42,7,none,car,1222,103,3,2,False,0.002011464,0.0023064732,0.81772137,0.17796059
42,7,none,car,1223,103,2,1,False,0.013329766,0.5872692,0.39798155,0.0014193852
42,7,none,car,1224,103,3,2,False,0.16553631,0.018100414,0.57859665,0.23776664
42,7,none,car,1225,103,3,3,True,0.1557166,0.018474748,0.0097967,0.81601197
42,7,none,car,1226,103,2,0,False,0.4886165,0.052812997,0.31027052,0.14829993
42,7,none,car,1227,103,3,0,False,0.37263945,0.1481548,0.14508092,0.3341248
42,7,none,car,1228,103,2,0,False,0.33872673,0.21466912,0.2418254,0.20477879
42,7,none,car,1229,103,3,3,True,0.08170862,0.015721587,0.0033124539,0.89925736
42,7,none,car,1230,103,2,2,True,0.21310686,0.047180198,0.6719754,0.06773752
42,7,none,car,1231,103,2,2,True,0.12524994,0.10382394,0.7622802,0.008645872
42,7,none,car,1232,103,3,1,False,0.25862595,0.42043436,0.18308364,0.13785607
42,7,none,car,1233,103,3,3,True,0.21731357,0.22728975,0.11233055,0.44306612
42,7,none,car,1234,103,2,0,False,0.5057148,0.1093707,0.36296642,0.021948088
42,7,none,car,1235,103,3,3,True,0.02331951,0.090440884,0.30314702,0.5830926
42,7,none,car,1236,103,1,1,True,0.008921205,0.9695104,0.010419859,0.011148618
42,7,none,car,1237,103,0,0,True,0.7938105,0.0039449064,0.11351017,0.08873444
42,7,none,car,1238,103,0,0,True,0.9620985,0.007275003,0.004629332,0.025997229
42,7,none,car,1239,103,1,2,False,0.042425163,0.35273555,0.531007,0.073832266
42,7,none,car,1240,103,1,1,True,0.005423529,0.8308472,0.006696548,0.15703285
42,7,none,car,1241,103,0,2,False,0.30986452,0.009426975,0.58585584,0.094852686
42,7,none,car,1242,103,1,1,True,0.00018431913,0.9726053,0.0007022814,0.026508024
42,7,none,car,1243,103,0,0,True,0.8197863,0.0015194003,0.17667377,0.0020205337
42,7,none,car,1244,103,0,0,True,0.90197456,0.008010364,0.0383952,0.051619798
42,7,none,car,1245,103,1,1,True,0.028278507,0.6104632,0.0454026,0.3158557
42,7,none,car,1246,103,0,0,True,0.96709675,0.0018767775,0.026686981,0.0043395576
42,7,none,car,1247,103,1,0,False,0.5485728,0.19473937,0.050477114,0.20621078
42,7,none,car,1248,103,1,1,True,0.059620038,0.8068337,0.12187492,0.0116713885
42,7,none,car,1249,103,0,0,True,0.99839765,0.0003199943,0.0009293561,0.0003529462
42,7,none,car,1250,103,1,1,True,0.27411422,0.52517396,0.0057648825,0.19494697
42,7,none,car,1251,103,3,3,True,0.00307056,0.0022487706,0.0030624417,0.9916182
42,7,none,car,1252,103,2,1,False,0.009212774,0.7814725,0.11794948,0.09136526
42,7,none,car,1253,103,3,3,True,0.09949844,0.24371973,0.028611135,0.6281707
42,7,none,car,1254,103,2,0,False,0.46648306,0.12682961,0.049727876,0.35695943
42,7,none,car,1255,103,2,2,True,0.14156617,0.37247714,0.42095914,0.06499758
42,7,none,car,1256,103,3,0,False,0.47369212,0.09393006,0.08084673,0.35153115
42,7,none,car,1257,103,2,1,False,0.14115113,0.6660343,0.0044046324,0.18840998
42,7,none,car,1258,103,3,0,False,0.38381177,0.37231427,0.015212446,0.2286615
42,7,none,car,1259,103,2,2,True,0.122031584,0.017946145,0.8499282,0.010094022
42,7,none,car,1260,103,3,3,True,0.10073183,0.20151268,0.18470992,0.51304555
42,7,none,car,1261,103,3,3,True,0.011593682,0.11030992,0.016175736,0.8619206
42,7,none,car,1262,103,2,2,True,0.006280878,0.19072546,0.79638135,0.0066122897
42,7,none,car,1263,103,2,2,True,0.19947493,0.040326376,0.75330395,0.0068948357
42,7,none,car,1264,103,3,3,True,0.1287291,0.028971618,0.0017200708,0.8405792
42,7,none,car,1265,103,3,3,True,0.00046878206,0.05590574,0.00802758,0.9355979
42,7,none,car,1266,104,0,0,True,0.6677193,0.26102644,0.024497123,0.046757143
42,7,none,car,1267,104,1,1,True,0.11924399,0.87270147,0.00514642,0.0029080464
42,7,none,car,1268,104,1,1,True,0.2610981,0.47436056,0.20890562,0.055635758
42,7,none,car,1269,104,0,1,False,0.15684931,0.64521253,0.017070133,0.1808681
42,7,none,car,1270,104,1,1,True,0.047832932,0.8070944,0.05749967,0.08757303
42,7,none,car,1271,104,0,1,False,0.13953626,0.44776914,0.3597791,0.05291555
42,7,none,car,1272,104,1,1,True,0.26768127,0.68536407,0.010333875,0.03662075
42,7,none,car,1273,104,0,0,True,0.60408276,0.13452005,0.11613176,0.1452654
42,7,none,car,1274,104,0,1,False,0.0765455,0.89470536,0.02663195,0.0021171411
42,7,none,car,1275,104,1,1,True,0.044320192,0.8757429,0.07324038,0.0066965935
42,7,none,car,1276,104,0,1,False,0.3143643,0.5767596,0.06504381,0.04383228
42,7,none,car,1277,104,1,1,True,0.023211302,0.48027936,0.13691515,0.3595942
42,7,none,car,1278,104,1,0,False,0.5012288,0.18086013,0.26778188,0.050129212
42,7,none,car,1279,104,0,0,True,0.75742894,0.08825373,0.083353505,0.07096384
42,7,none,car,1280,104,1,1,True,0.00010620099,0.992871,0.00010216786,0.0069206594
42,7,none,car,1281,104,2,2,True,0.24904855,0.17179674,0.45560855,0.12354615
42,7,none,car,1282,104,3,3,True,0.08630521,0.20325749,0.2672851,0.44315216
42,7,none,car,1283,104,3,3,True,0.15201572,0.02569593,0.014677393,0.8076109
42,7,none,car,1284,104,2,1,False,0.01138041,0.90652716,0.074612066,0.007480337
42,7,none,car,1285,104,3,3,True,0.30216157,0.24042042,0.14455956,0.31285846
42,7,none,car,1286,104,2,1,False,0.011529824,0.97411996,0.0046682674,0.009681838
42,7,none,car,1287,104,2,1,False,0.030377742,0.7071603,0.17995231,0.08250961
42,7,none,car,1288,104,3,3,True,0.02984748,0.054776803,0.0010270209,0.9143487
42,7,none,car,1289,104,2,1,False,0.0037332266,0.9792076,0.016503496,0.0005556494
42,7,none,car,1290,104,3,1,False,0.030796263,0.59397435,0.09403654,0.28119284
42,7,none,car,1291,104,3,3,True,0.06192159,0.041117843,0.029280355,0.8676802
42,7,none,car,1292,104,2,3,False,0.048967883,0.044845555,0.021922203,0.8842644
42,7,none,car,1293,104,3,3,True,0.06706693,0.09381022,0.003585151,0.8355377
42,7,none,car,1294,104,2,1,False,0.04564928,0.51648885,0.26591516,0.17194669
42,7,none,car,1295,104,3,0,False,0.5403087,0.20930159,0.06497344,0.18541631
42,7,none,car,1296,104,0,3,False,0.24336514,0.12756318,0.0061638826,0.62290776
42,7,none,car,1297,104,1,1,True,0.042451113,0.86763996,0.040804513,0.04910443
42,7,none,car,1298,104,1,1,True,0.0011249701,0.99580103,0.0003513918,0.0027225292
42,7,none,car,1299,104,0,0,True,0.95024025,0.031799305,0.008540348,0.009420122
42,7,none,car,1300,104,0,0,True,0.96850556,0.0071593313,0.0052066986,0.019128418
42,7,none,car,1301,104,1,1,True,0.0010295594,0.981515,0.009354161,0.008101319
42,7,none,car,1302,104,0,0,True,0.47636372,0.43530798,0.026260817,0.062067483
42,7,none,car,1303,104,1,1,True,0.106999665,0.8409454,0.02641116,0.025643777
42,7,none,car,1304,104,0,0,True,0.83514833,0.109300405,0.049733922,0.0058173025
42,7,none,car,1305,104,1,1,True,0.11598079,0.8620201,0.013594498,0.008404557
42,7,none,car,1306,104,1,1,True,1.8921954e-05,0.9877721,0.010834777,0.0013741406
42,7,none,car,1307,104,0,0,True,0.98947465,0.009803379,0.00036355303,0.0003585203
42,7,none,car,1308,104,3,3,True,0.0016361235,0.07054025,0.008323856,0.91949975
42,7,none,car,1309,104,2,1,False,0.04597714,0.624988,0.15200324,0.1770316
42,7,none,car,1310,104,3,3,True,0.20250863,0.2135727,0.016670762,0.5672479
42,7,none,car,1311,104,2,0,False,0.835109,0.063103795,0.017794294,0.08399291
42,7,none,car,1312,104,3,0,False,0.44209087,0.1532254,0.006359782,0.39832392
42,7,none,car,1313,104,2,2,True,0.12011939,0.38355613,0.48776346,0.008561075
42,7,none,car,1314,104,3,3,True,0.021725278,0.109934054,0.019989166,0.8483515
42,7,none,car,1315,104,2,3,False,0.23550473,0.35658872,0.034757856,0.37314865
42,7,none,car,1316,104,3,1,False,0.06785504,0.74338186,0.10711552,0.08164758
42,7,none,car,1317,104,2,2,True,0.18571803,0.33909902,0.4505164,0.024666592
42,7,none,car,1318,104,2,2,True,0.34525976,0.22413063,0.36873332,0.061876215
42,7,none,car,1319,104,3,3,True,0.20195773,0.11224331,0.25287828,0.43292072
42,7,none,car,1320,104,3,3,True,0.30564252,0.023368392,0.011777268,0.6592119
42,7,none,car,1321,104,2,1,False,0.08830277,0.7003831,0.16683279,0.044481266
42,7,none,car,1322,104,2,2,True,0.2283498,0.0155594945,0.75187397,0.0042167413
42,7,none,car,1323,104,0,0,True,0.738905,0.085272685,0.06906098,0.10676139
42,7,none,car,1324,104,1,1,True,0.014168265,0.57776046,0.34244898,0.06562231
42,7,none,car,1325,104,0,0,True,0.46181968,0.11270969,0.3873737,0.038096912
42,7,none,car,1326,104,1,1,True,0.07888728,0.6263694,0.2610805,0.033662803
42,7,none,car,1327,104,0,1,False,0.35234722,0.39680412,0.21962303,0.031225692
42,7,none,car,1328,104,1,1,True,0.0028535812,0.663074,0.0405198,0.29355255
42,7,none,car,1329,104,0,0,True,0.9998852,6.9051703e-06,2.9447436e-05,7.837246e-05
42,7,none,car,1330,104,1,1,True,0.22492427,0.27943233,0.26136452,0.23427892
42,7,none,car,1331,104,1,1,True,0.026586356,0.95810676,0.0031901398,0.012116803
42,7,none,car,1332,104,0,1,False,0.089108855,0.8980776,0.007261949,0.0055515612
42,7,none,car,1333,104,0,0,True,0.7238854,0.10173121,0.13811547,0.036267832
42,7,none,car,1334,104,1,0,False,0.51333416,0.3528879,0.01805406,0.11572389
42,7,none,car,1335,104,1,3,False,0.18255317,0.051837575,0.30411774,0.46149147
42,7,none,car,1336,104,0,0,True,0.51107585,0.016997863,0.46243462,0.009491615
42,7,none,car,1337,104,0,0,True,0.5286789,0.024780052,0.2831255,0.16341554
42,7,none,car,1338,104,2,2,True,0.0049531683,0.020042023,0.9214364,0.05356837
42,7,none,car,1339,104,3,1,False,0.073192686,0.76211476,0.13708322,0.027609285
42,7,none,car,1340,104,2,0,False,0.51537126,0.38853958,0.08109773,0.014991459
42,7,none,car,1341,104,3,3,True,0.032451082,0.06809531,0.015985677,0.8834679
42,7,none,car,1342,104,3,3,True,0.04293266,0.22360924,0.011290886,0.72216725
42,7,none,car,1343,104,2,2,True,0.026127182,0.20335646,0.763514,0.0070023565
42,7,none,car,1344,104,3,3,True,0.0049602347,0.011636206,0.004942134,0.9784614
42,7,none,car,1345,104,2,2,True,0.07113406,0.37670678,0.46649167,0.085667506
42,7,none,car,1346,104,3,3,True,0.16252808,0.094150566,0.13228689,0.61103445
42,7,none,car,1347,104,2,2,True,0.11779184,0.13392967,0.73713154,0.011146966
42,7,none,car,1348,104,3,3,True,0.006141246,0.20204899,0.049611982,0.74219775
42,7,none,car,1349,104,2,1,False,0.0025209002,0.9446523,0.029399533,0.023427173
42,7,none,car,1350,104,2,1,False,0.037849717,0.51240075,0.32399723,0.1257523
42,7,none,car,1351,104,3,3,True,0.3482355,0.10934518,0.07889317,0.46352616
42,7,none,car,1352,104,3,3,True,0.033449408,0.122850865,0.26906067,0.5746391
42,7,none,car,1353,105,0,0,True,0.9959311,0.00016676955,0.0011501547,0.002751959
42,7,none,car,1354,105,1,1,True,0.00014172388,0.99116766,0.0066559236,0.0020347547
42,7,none,car,1355,105,1,1,True,0.00024665406,0.9892539,0.0059504937,0.0045488556
42,7,none,car,1356,105,0,0,True,0.9423846,0.0003593726,0.006623538,0.05063251
42,7,none,car,1357,105,1,1,True,2.9263552e-05,0.98023945,0.018516859,0.0012144446
42,7,none,car,1358,105,0,0,True,0.99990284,3.2120965e-07,6.104437e-05,3.5728022e-05
42,7,none,car,1359,105,1,1,True,0.00014914745,0.99177086,0.0011127987,0.0069671995
42,7,none,car,1360,105,0,0,True,0.98444265,0.00014910598,0.0007779353,0.014630278
42,7,none,car,1361,105,0,0,True,0.9967642,3.612403e-05,0.002617817,0.0005818755
42,7,none,car,1362,105,1,1,True,0.0020717722,0.6224327,0.0010033785,0.3744921
42,7,none,car,1363,105,1,1,True,2.6875005e-05,0.97396445,0.0014955399,0.024513125
42,7,none,car,1364,105,0,0,True,0.99960667,1.898986e-05,4.0953797e-05,0.00033336462
42,7,none,car,1365,105,1,1,True,0.009349607,0.41572925,0.32005328,0.25486788
42,7,none,car,1366,105,0,0,True,0.9862541,1.346544e-05,0.00630165,0.0074307476
42,7,none,car,1367,105,0,0,True,0.95562893,0.0024418328,0.021000916,0.020928286
42,7,none,car,1368,105,3,3,True,0.003054904,0.0014752495,0.003084495,0.9923854
42,7,none,car,1369,105,2,3,False,0.015281396,0.02387487,0.20097765,0.75986606
42,7,none,car,1370,105,2,3,False,0.00265694,0.009684012,0.2158756,0.7717834
42,7,none,car,1371,105,3,3,True,0.0009936636,0.0033360783,0.043984007,0.95168626
42,7,none,car,1372,105,3,3,True,0.06503238,0.002849213,0.16080414,0.7713143
42,7,none,car,1373,105,2,2,True,0.0066330377,0.008513436,0.542192,0.4426615
42,7,none,car,1374,105,3,3,True,0.0007510679,0.004248622,0.005189983,0.98981035
42,7,none,car,1375,105,2,2,True,0.009122291,0.030367725,0.89392906,0.06658093
42,7,none,car,1376,105,3,3,True,0.00845592,0.34486723,0.077270925,0.5694059
42,7,none,car,1377,105,2,2,True,0.0075309933,0.03251269,0.902535,0.057421308
42,7,none,car,1378,105,3,2,False,0.05044809,0.011893564,0.8723378,0.0653206
42,7,none,car,1379,105,2,3,False,0.00024627586,0.0051700464,0.075187266,0.91939646
42,7,none,car,1380,105,3,3,True,0.0005808966,0.00018682751,0.0031151646,0.9961171
42,7,none,car,1381,105,2,2,True,0.0019554694,0.0039237468,0.97194564,0.022175122
42,7,none,car,1382,105,2,3,False,0.0017699793,0.012080742,0.26214728,0.724002
42,7,none,car,1383,105,1,1,True,1.782509e-05,0.9957372,0.0037458986,0.00049910357
42,7,none,car,1384,105,0,2,False,0.060196932,0.00071494497,0.6681002,0.27098793
42,7,none,car,1385,105,1,1,True,0.000106813735,0.92216116,0.06289793,0.014834082
42,7,none,car,1386,105,0,3,False,0.12954137,0.00010420069,0.053938843,0.81641555
42,7,none,car,1387,105,0,2,False,0.37281084,9.984863e-05,0.5287585,0.09833082
42,7,none,car,1388,105,1,1,True,0.0030463904,0.9722073,0.020829424,0.0039168745
42,7,none,car,1389,105,1,1,True,4.4867807e-05,0.9899554,0.009840362,0.00015946571
42,7,none,car,1390,105,0,0,True,0.98634374,0.00046771232,0.012005278,0.0011832771
42,7,none,car,1391,105,0,0,True,0.9402694,0.008545091,0.044023234,0.00716223
42,7,none,car,1392,105,1,1,True,0.0002791176,0.9371328,0.05525762,0.007330513
42,7,none,car,1393,105,0,0,True,0.9530423,0.00048817098,0.010353383,0.036116056
42,7,none,car,1394,105,1,1,True,0.00024939136,0.9931577,0.006294147,0.00029878767
42,7,none,car,1395,105,0,2,False,0.2568935,0.0007054033,0.7395924,0.0028087676
42,7,none,car,1396,105,1,1,True,4.1282005e-06,0.9973665,0.0025548507,7.452731e-05
42,7,none,car,1397,105,1,1,True,0.0011681519,0.8847481,0.07666237,0.037421376
42,7,none,car,1398,105,3,2,False,0.0052832277,0.0035919691,0.78692764,0.20419712
42,7,none,car,1399,105,2,2,True,0.0013649012,0.006819721,0.85702723,0.13478826
42,7,none,car,1400,105,3,3,True,0.0025812895,0.007059052,0.29488274,0.69547695
42,7,none,car,1401,105,2,2,True,0.0020092528,0.0030215057,0.98272127,0.012247997
42,7,none,car,1402,105,3,2,False,0.0014038937,0.010512493,0.8343143,0.15376931
42,7,none,car,1403,105,2,2,True,0.0012228943,0.0045614652,0.96307606,0.031139605
42,7,none,car,1404,105,3,2,False,0.0065001296,0.034641072,0.765025,0.19383378
42,7,none,car,1405,105,2,3,False,0.050372418,0.025665456,0.09289204,0.8310701
42,7,none,car,1406,105,3,3,True,0.0022755149,0.0009506522,0.3381402,0.6586336
42,7,none,car,1407,105,2,2,True,0.0018131882,0.1357073,0.7076991,0.15478042
42,7,none,car,1408,105,2,3,False,0.006768054,0.1068123,0.2549151,0.63150454
42,7,none,car,1409,105,3,3,True,0.014176442,0.335569,0.15295136,0.49730322
42,7,none,car,1410,105,3,3,True,0.0018263436,0.009933457,0.0131357685,0.97510445
42,7,none,car,1411,105,2,2,True,0.0018488937,0.016463907,0.86389893,0.11778836
42,7,none,car,1412,105,2,2,True,0.003876416,0.03724463,0.92443687,0.034442145
42,7,none,car,1413,105,1,3,False,0.00031337823,0.2113278,0.034209844,0.75414896
42,7,none,car,1414,105,0,0,True,0.94674975,0.0022632177,0.0484361,0.0025508932
42,7,none,car,1415,105,1,1,True,0.00054235983,0.8388023,0.09128528,0.069370195
42,7,none,car,1416,105,0,2,False,0.20286424,0.029679397,0.594141,0.17331533
42,7,none,car,1417,105,1,1,True,0.00010419662,0.89058506,0.032166384,0.07714435
42,7,none,car,1418,105,0,2,False,0.13895735,0.0018794971,0.7947408,0.06442238
42,7,none,car,1419,105,1,2,False,0.008032866,0.2991965,0.5313988,0.16137187
42,7,none,car,1420,105,0,0,True,0.5572757,0.012931629,0.34742737,0.08236532
42,7,none,car,1421,105,0,2,False,0.13945985,0.04339336,0.64100987,0.17613691
42,7,none,car,1422,105,1,1,True,0.0035880469,0.93677765,0.052574683,0.0070596295
42,7,none,car,1423,105,1,1,True,3.0830986e-05,0.99569786,0.0012232654,0.0030479988
42,7,none,car,1424,105,0,0,True,0.9175621,0.00091761054,0.044357464,0.03716284
42,7,none,car,1425,105,1,1,True,0.0001037767,0.7392951,0.24277864,0.017822444
42,7,none,car,1426,105,0,2,False,0.01130482,0.00032557896,0.9789761,0.0093935495
42,7,none,car,1427,105,0,3,False,0.108757325,0.0027247071,0.2475809,0.6409371
42,7,none,car,1428,105,2,3,False,0.00502894,0.040249746,0.21510284,0.7396185
42,7,none,car,1429,105,3,3,True,0.00883318,0.0087199025,0.2963814,0.6860655
42,7,none,car,1430,105,3,3,True,0.00402705,0.007707445,0.088699594,0.89956594
42,7,none,car,1431,105,2,2,True,0.0014630618,0.0062831,0.7780196,0.21423428
42,7,none,car,1432,105,3,2,False,0.020703677,0.016066326,0.5202615,0.4429685
42,7,none,car,1433,105,2,2,True,0.005132274,0.027197115,0.9166903,0.050980322
42,7,none,car,1434,105,3,2,False,0.017579755,0.066310525,0.54391456,0.37219515
42,7,none,car,1435,105,2,2,True,0.033646934,0.028393868,0.82809603,0.10986317
42,7,none,car,1436,105,3,3,True,0.0015094787,0.03865972,0.19569203,0.76413876
42,7,none,car,1437,105,2,2,True,0.0008112358,0.0053881225,0.9877608,0.0060398807
42,7,none,car,1438,105,2,2,True,0.002658442,0.054962587,0.71275616,0.22962284
42,7,none,car,1439,105,3,2,False,0.012861378,0.029913595,0.63073105,0.32649407
42,7,none,car,1440,105,2,2,True,0.0027598473,0.009966197,0.7822771,0.20499688
42,7,none,car,1441,105,3,2,False,0.0013857046,0.0037159012,0.8655886,0.12930977
42,7,none,car,1442,105,2,3,False,0.02228683,0.008008349,0.45326588,0.5164389
42,7,none,car,1443,106,0,3,False,0.012963215,0.011064077,0.4829292,0.49304357
42,7,none,car,1444,106,1,1,True,0.06049588,0.39636302,0.30426082,0.23888026
42,7,none,car,1445,106,0,2,False,0.044030637,0.014576617,0.8368049,0.10458789
42,7,none,car,1446,106,1,3,False,0.018922454,0.08933467,0.2594573,0.6322856
42,7,none,car,1447,106,0,2,False,0.024091119,0.0054293,0.9696314,0.0008481769
42,7,none,car,1448,106,1,2,False,0.008329572,0.009937725,0.8527835,0.12894918
42,7,none,car,1449,106,0,1,False,0.22842962,0.2703845,0.24654096,0.25464493
42,7,none,car,1450,106,1,3,False,0.042387072,0.40096664,0.037113488,0.5195328
42,7,none,car,1451,106,0,0,True,0.4825131,0.3713752,0.032006316,0.11410535
42,7,none,car,1452,106,1,2,False,0.047164556,0.3417095,0.5752149,0.03591108
42,7,none,car,1453,106,0,1,False,0.016084291,0.5773136,0.072713464,0.33388865
42,7,none,car,1454,106,1,1,True,0.009789525,0.5093023,0.47996992,0.0009382777
42,7,none,car,1455,106,1,1,True,0.0065041506,0.8796965,0.013105877,0.100693494
42,7,none,car,1456,106,0,0,True,0.95747197,0.0026097284,0.023923835,0.015994508
42,7,none,car,1457,106,0,0,True,0.98711026,0.0008153805,0.01158086,0.00049346493
42,7,none,car,1458,106,3,3,True,0.017762443,0.022493964,0.39711258,0.562631
42,7,none,car,1459,106,2,3,False,0.0023411773,0.101973094,0.044752244,0.8509335
42,7,none,car,1460,106,3,1,False,0.09589792,0.35274187,0.29151368,0.25984657
42,7,none,car,1461,106,2,1,False,0.10337457,0.71560836,0.10091767,0.08009942
42,7,none,car,1462,106,2,2,True,0.021708427,0.08441751,0.66310483,0.23076926
42,7,none,car,1463,106,3,1,False,0.016912475,0.5506301,0.03978724,0.39267018
42,7,none,car,1464,106,3,3,True,0.015093277,0.13470788,0.06733673,0.78286207
42,7,none,car,1465,106,2,2,True,0.27611682,0.070492364,0.5438585,0.10953226
42,7,none,car,1466,106,3,1,False,0.018679334,0.9412356,0.01363088,0.026454244
42,7,none,car,1467,106,2,2,True,0.089249946,0.1963662,0.69144195,0.022941891
42,7,none,car,1468,106,3,2,False,0.21270412,0.070461035,0.52495736,0.19187745
42,7,none,car,1469,106,2,1,False,0.16930921,0.5916882,0.15658264,0.08241997
42,7,none,car,1470,106,3,3,True,0.12150452,0.03188108,0.04824539,0.79836905
42,7,none,car,1471,106,2,0,False,0.5059083,0.08003406,0.043982252,0.37007546
42,7,none,car,1472,106,3,3,True,0.2627328,0.03254318,0.020552665,0.6841714
42,7,none,car,1473,106,1,1,True,2.3214463e-05,0.99975914,2.613784e-05,0.00019152537
42,7,none,car,1474,106,0,0,True,0.5376029,0.0076408405,0.024639826,0.43011644
42,7,none,car,1475,106,1,2,False,0.020526823,0.35728508,0.6069024,0.0152856745
42,7,none,car,1476,106,0,2,False,0.120513685,0.40149185,0.47148243,0.0065120007
42,7,none,car,1477,106,0,3,False,0.21195263,0.25400445,0.04156622,0.4924767
42,7,none,car,1478,106,1,3,False,0.0377791,0.17816047,0.08843224,0.69562817
42,7,none,car,1479,106,1,1,True,0.00012382006,0.9984811,0.00012666115,0.0012684301
42,7,none,car,1480,106,0,0,True,0.49379557,0.17932716,0.22331625,0.10356103
42,7,none,car,1481,106,0,1,False,0.016151015,0.54484785,0.09697161,0.34202954
42,7,none,car,1482,106,1,1,True,0.11448644,0.822807,0.058272753,0.004433756
42,7,none,car,1483,106,1,1,True,0.00018489292,0.99848676,0.0011264462,0.00020187575
42,7,none,car,1484,106,0,0,True,0.9432515,0.038049966,0.010673175,0.00802541
42,7,none,car,1485,106,0,1,False,0.0557591,0.3776822,0.21145901,0.3550997
42,7,none,car,1486,106,1,1,True,0.00082345406,0.9964085,0.002406311,0.00036163814
42,7,none,car,1487,106,0,1,False,0.05134741,0.70691526,0.09129587,0.15044142
42,7,none,car,1488,106,2,2,True,0.033042975,0.013508208,0.9501548,0.0032939925
42,7,none,car,1489,106,3,3,True,0.10306506,0.02347325,0.010376674,0.86308503
42,7,none,car,1490,106,2,1,False,0.15704356,0.4281543,0.29130384,0.12349833
42,7,none,car,1491,106,3,3,True,0.08761038,0.0024455914,0.41283557,0.49710846
42,7,none,car,1492,106,3,0,False,0.34907854,0.23837109,0.12798588,0.28456452
42,7,none,car,1493,106,2,0,False,0.7461031,0.08676899,0.12880534,0.03832255
42,7,none,car,1494,106,2,1,False,0.12333471,0.5613985,0.30202505,0.013241786
42,7,none,car,1495,106,3,0,False,0.9071468,0.02894685,0.04074335,0.023162926
42,7,none,car,1496,106,2,1,False,0.05327538,0.65981454,0.28594673,0.0009633563
42,7,none,car,1497,106,3,2,False,0.22246158,0.052283127,0.7205661,0.0046891617
42,7,none,car,1498,106,3,2,False,0.1478848,0.15826155,0.5068698,0.18698378
42,7,none,car,1499,106,2,2,True,0.14475435,0.2548228,0.5631352,0.037287615
42,7,none,car,1500,106,2,3,False,0.018341212,0.12704656,0.42445156,0.43016067
42,7,none,car,1501,106,3,3,True,0.005962244,0.0167143,0.020261627,0.9570619
42,7,none,car,1502,106,2,2,True,0.36131567,0.06669132,0.5662923,0.005700744
42,7,none,car,1503,106,1,1,True,0.0038160095,0.9826524,0.0125873275,0.0009442351
42,7,none,car,1504,106,0,1,False,0.19017583,0.468083,0.29023662,0.05150443
42,7,none,car,1505,106,0,3,False,0.078801,0.004852991,0.45649362,0.45985243
42,7,none,car,1506,106,1,0,False,0.66764575,0.04051223,0.2758342,0.016007861
42,7,none,car,1507,106,0,0,True,0.847136,0.055380978,0.0550788,0.04240413
42,7,none,car,1508,106,1,1,True,0.0014778652,0.9140744,0.0071680555,0.07727968
42,7,none,car,1509,106,0,0,True,0.6592899,0.15597793,0.101372324,0.08335983
42,7,none,car,1510,106,1,0,False,0.5167975,0.12318757,0.3445531,0.015461834
42,7,none,car,1511,106,1,1,True,0.0007153997,0.99298084,0.0032277345,0.0030758895
42,7,none,car,1512,106,0,0,True,0.9696221,0.012799207,0.005204225,0.012374447
42,7,none,car,1513,106,0,0,True,0.9743016,0.003529718,0.021869613,0.0002991419
42,7,none,car,1514,106,1,2,False,0.030046415,0.033886068,0.9206454,0.015422056
42,7,none,car,1515,106,1,3,False,0.017000979,0.3700395,0.020376606,0.59258294
42,7,none,car,1516,106,0,0,True,0.8610483,0.0007140315,0.102201805,0.036035836
42,7,none,car,1517,106,0,0,True,0.7814353,0.10690371,0.0087786885,0.10288222
42,7,none,car,1518,106,2,1,False,0.0191441,0.8877377,0.08175912,0.0113590695
42,7,none,car,1519,106,3,1,False,0.21876322,0.5049562,0.0668141,0.20946652
42,7,none,car,1520,106,2,1,False,0.10632313,0.3712965,0.283007,0.23937334
42,7,none,car,1521,106,3,2,False,0.12967075,0.07570772,0.62180966,0.17281184
42,7,none,car,1522,106,2,1,False,0.32510448,0.44110057,0.20601344,0.027781498
42,7,none,car,1523,106,3,0,False,0.44627577,0.055972878,0.3450008,0.15275055
42,7,none,car,1524,106,2,2,True,0.15391128,0.16723606,0.62324464,0.05560806
42,7,none,car,1525,106,3,1,False,0.04891323,0.63879454,0.24331665,0.06897558
42,7,none,car,1526,106,2,2,True,0.005035149,0.030091366,0.8113467,0.1535268
42,7,none,car,1527,106,3,2,False,0.43771854,0.10302194,0.44337064,0.01588899
42,7,none,car,1528,106,3,0,False,0.9387003,0.004713518,0.02060859,0.035977505
42,7,none,car,1529,106,2,3,False,0.16889189,0.012306487,0.2576177,0.5611839
42,7,none,car,1530,106,3,0,False,0.7153028,0.041331023,0.23282924,0.010536881
42,7,none,car,1531,106,2,2,True,0.01819933,0.05844771,0.9068357,0.016517272
42,7,none,car,1532,106,2,0,False,0.8444113,0.0025372207,0.14916356,0.0038879383
42,7,none,car,1533,107,1,1,True,0.000333266,0.9926138,0.0002547652,0.006798211
42,7,none,car,1534,107,0,1,False,0.28008163,0.5682831,0.05013005,0.10150524
42,7,none,car,1535,107,0,0,True,0.961888,0.03273945,0.0044017155,0.00097086764
42,7,none,car,1536,107,1,1,True,2.3868883e-05,0.9972627,5.9511763e-06,0.0027074835
42,7,none,car,1537,107,0,0,True,0.6846235,0.31021923,0.0020018725,0.0031554366
42,7,none,car,1538,107,1,1,True,0.00027011381,0.99757594,0.00065765326,0.0014963194
42,7,none,car,1539,107,0,0,True,0.95905155,0.03157605,0.0047291717,0.0046432195
42,7,none,car,1540,107,1,1,True,0.0018502459,0.9971667,0.0005935126,0.00038949665
42,7,none,car,1541,107,0,0,True,0.9893635,0.001663532,0.000267597,0.008705335
42,7,none,car,1542,107,1,1,True,0.010130659,0.9769313,0.0026839832,0.010254054
42,7,none,car,1543,107,0,0,True,0.84170157,0.07143402,0.0121770585,0.074687354
42,7,none,car,1544,107,1,1,True,0.006189504,0.85249716,0.02159209,0.11972126
42,7,none,car,1545,107,0,0,True,0.98355895,0.000973183,0.0011097476,0.014358133
42,7,none,car,1546,107,1,1,True,0.0017509833,0.7140507,0.005071997,0.2791264
42,7,none,car,1547,107,0,0,True,0.99822754,0.0007601635,0.0006553035,0.00035699518
42,7,none,car,1548,107,3,1,False,0.069526374,0.6981072,0.0113771185,0.22098933
42,7,none,car,1549,107,2,1,False,0.008786952,0.9078309,0.035833467,0.047548734
42,7,none,car,1550,107,3,1,False,0.1307113,0.49628764,0.043369472,0.32963154
42,7,none,car,1551,107,2,1,False,0.009635232,0.95679444,0.008052699,0.025517704
42,7,none,car,1552,107,3,0,False,0.77158433,0.16589259,0.039032735,0.02349033
42,7,none,car,1553,107,2,1,False,0.24560471,0.272364,0.22307317,0.25895813
42,7,none,car,1554,107,2,0,False,0.5884496,0.2506544,0.0013495659,0.15954638
42,7,none,car,1555,107,3,3,True,0.34615937,0.014868973,0.00014118907,0.6388305
42,7,none,car,1556,107,3,0,False,0.94730633,0.009110321,0.04122219,0.0023610673
42,7,none,car,1557,107,2,1,False,0.06536185,0.56694776,0.30339268,0.06429777
42,7,none,car,1558,107,2,1,False,0.00726086,0.9876107,0.0016095844,0.0035188356
42,7,none,car,1559,107,3,0,False,0.7587464,0.1976215,0.0011868788,0.0424453
42,7,none,car,1560,107,2,3,False,0.09033365,0.424548,0.03222491,0.45289344
42,7,none,car,1561,107,3,1,False,0.029374653,0.66466624,0.021744316,0.28421482
42,7,none,car,1562,107,3,3,True,0.2621752,0.024453495,0.042217348,0.6711539
42,7,none,car,1563,107,1,1,True,0.043405283,0.85726666,0.0026979567,0.096630074
42,7,none,car,1564,107,0,0,True,0.94334537,0.04926372,0.0009141093,0.006476723
42,7,none,car,1565,107,1,1,True,0.0066035315,0.9849984,0.002886171,0.005511898
42,7,none,car,1566,107,0,0,True,0.89638966,0.07796163,0.00065604626,0.024992703
42,7,none,car,1567,107,1,1,True,6.7681816e-05,0.9997805,3.3577668e-05,0.00011821762
42,7,none,car,1568,107,0,0,True,0.79189396,0.17121838,0.009638028,0.027249653
42,7,none,car,1569,107,0,3,False,0.20465346,0.33602735,0.007002305,0.4523169
42,7,none,car,1570,107,1,3,False,0.23678532,0.15325968,0.21318206,0.39677292
42,7,none,car,1571,107,0,0,True,0.9949663,0.003523091,0.0014618475,4.8693753e-05
42,7,none,car,1572,107,1,0,False,0.46911916,0.44061813,0.030444022,0.059818678
42,7,none,car,1573,107,0,0,True,0.66163564,0.20856439,0.009846831,0.1199531
42,7,none,car,1574,107,1,3,False,0.043694656,0.18023638,0.3104943,0.4655747
42,7,none,car,1575,107,1,2,False,0.08011888,0.33670735,0.5642914,0.01888235
42,7,none,car,1576,107,0,1,False,0.048582032,0.92920095,0.0028046102,0.019412456
42,7,none,car,1577,107,0,0,True,0.65831494,0.18727113,0.015342462,0.13907146
42,7,none,car,1578,107,3,0,False,0.3956312,0.23352078,0.044916563,0.32593152
42,7,none,car,1579,107,2,3,False,0.15049364,0.022323268,0.010093963,0.81708914
42,7,none,car,1580,107,3,0,False,0.7394752,0.1876239,0.03234756,0.040553335
42,7,none,car,1581,107,2,1,False,0.17993318,0.6442278,0.089818135,0.08602092
42,7,none,car,1582,107,2,1,False,0.07643729,0.6652239,0.18466905,0.07366979
42,7,none,car,1583,107,3,0,False,0.63568324,0.008617673,0.03505611,0.32064295
42,7,none,car,1584,107,3,0,False,0.87252706,0.057379443,0.007865346,0.06222811
42,7,none,car,1585,107,2,0,False,0.51447713,0.3390898,0.14036146,0.006071533
42,7,none,car,1586,107,2,1,False,0.27760136,0.5712989,0.0023729955,0.14872675
42,7,none,car,1587,107,3,3,True,0.01836813,0.44372967,0.0049513257,0.5329509
42,7,none,car,1588,107,2,2,True,0.18018071,0.22672014,0.5391335,0.053965613
42,7,none,car,1589,107,3,1,False,0.017483603,0.5141766,0.13091767,0.33742216
42,7,none,car,1590,107,3,1,False,0.4100697,0.46202785,0.0069072703,0.12099519
42,7,none,car,1591,107,2,3,False,0.035025366,0.1833533,0.0018891792,0.77973217
42,7,none,car,1592,107,2,3,False,0.035817496,0.17950952,0.019970275,0.7647027
42,7,none,car,1593,107,0,0,True,0.99226755,0.0037845094,0.0011719329,0.002776049
42,7,none,car,1594,107,1,1,True,0.0066807014,0.91134065,0.00047804593,0.081500605
42,7,none,car,1595,107,1,1,True,0.021912906,0.7545644,0.034937814,0.18858488
42,7,none,car,1596,107,0,0,True,0.6887023,0.2482834,0.016236225,0.046778094
42,7,none,car,1597,107,1,1,True,0.030859515,0.9186909,0.043190137,0.0072594043
42,7,none,car,1598,107,0,1,False,0.23215583,0.7429379,0.021134002,0.003772128
42,7,none,car,1599,107,1,3,False,0.022644898,0.3090154,0.0017821502,0.66655755
42,7,none,car,1600,107,0,1,False,0.05960096,0.8900998,0.035339233,0.014959985
42,7,none,car,1601,107,1,1,True,0.07011327,0.87373644,0.01257568,0.04357465
42,7,none,car,1602,107,0,3,False,0.0089509515,0.2230376,0.009933231,0.7580782
42,7,none,car,1603,107,0,0,True,0.92888826,0.05448754,0.0008266018,0.015797608
42,7,none,car,1604,107,1,1,True,0.0401903,0.9579614,0.0015294213,0.00031878613
42,7,none,car,1605,107,0,3,False,0.29189166,0.28245395,0.05472676,0.37092754
42,7,none,car,1606,107,1,1,True,0.028052595,0.427762,0.29370132,0.25048414
42,7,none,car,1607,107,0,1,False,0.005556653,0.96272445,0.00066406,0.031054938
42,7,none,car,1608,107,3,0,False,0.70940524,0.17140333,0.10302003,0.016171407
42,7,none,car,1609,107,2,1,False,0.018872662,0.6578151,0.021084568,0.30222777
42,7,none,car,1610,107,2,0,False,0.7427688,0.21477893,0.009505336,0.032946948
42,7,none,car,1611,107,3,3,True,0.047624853,0.028971808,0.0061000353,0.91730326
42,7,none,car,1612,107,2,1,False,0.33678094,0.6617955,0.0004726315,0.0009509535
42,7,none,car,1613,107,3,0,False,0.91881245,0.06552448,0.006557129,0.00910586
42,7,none,car,1614,107,3,1,False,0.04493688,0.9267376,0.0028463346,0.025479183
42,7,none,car,1615,107,2,1,False,0.044337858,0.5239366,0.31612965,0.11559583
42,7,none,car,1616,107,2,0,False,0.8049586,0.037620336,0.119197026,0.038224068
42,7,none,car,1617,107,3,1,False,0.0031139725,0.8685348,0.004115922,0.12423522
42,7,none,car,1618,107,2,0,False,0.37121615,0.2920954,0.2032435,0.13344498
42,7,none,car,1619,107,3,1,False,0.015089778,0.633203,0.045492228,0.30621493
42,7,none,car,1620,107,2,3,False,0.018004524,0.19854632,0.049106605,0.7343426
42,7,none,car,1621,107,3,1,False,0.00035243548,0.8995085,0.0069082933,0.09323085
42,7,none,car,1622,107,3,0,False,0.47817805,0.24179094,0.046638183,0.23339279
42,7,none,car,1623,108,0,0,True,0.9500957,0.00015376988,0.0006007218,0.049149744
42,7,none,car,1624,108,1,1,True,2.6537152e-06,0.9993231,2.2768423e-05,0.0006515519
42,7,none,car,1625,108,0,3,False,0.25600368,0.014873781,0.0008694563,0.7282531
42,7,none,car,1626,108,1,1,True,0.14199717,0.6563581,0.0014382773,0.20020641
42,7,none,car,1627,108,0,0,True,0.9921595,0.0016777855,0.00018268033,0.0059799245
42,7,none,car,1628,108,1,1,True,8.6792625e-06,0.99966764,1.2810474e-06,0.00032233156
42,7,none,car,1629,108,1,1,True,2.0201705e-06,0.99798113,2.3648163e-06,0.0020145194
42,7,none,car,1630,108,0,0,True,0.91194695,0.002455823,0.00037593834,0.085221305
42,7,none,car,1631,108,0,0,True,0.9995369,1.2970535e-05,5.8445275e-06,0.00044428406
42,7,none,car,1632,108,1,1,True,0.001589541,0.95388114,0.000671831,0.043857485
42,7,none,car,1633,108,0,0,True,0.9973864,0.0011062208,0.001068204,0.00043919933
42,7,none,car,1634,108,1,1,True,0.009317621,0.8708291,0.000752992,0.11910028
42,7,none,car,1635,108,0,1,False,0.11591646,0.54396564,0.117229804,0.22288817
42,7,none,car,1636,108,1,1,True,0.002205699,0.98949194,0.00336847,0.004933845
42,7,none,car,1637,108,1,1,True,8.890419e-06,0.9807973,5.1344123e-05,0.019142564
42,7,none,car,1638,108,2,1,False,0.0078105405,0.81461746,0.112249464,0.065322556
42,7,none,car,1639,108,3,3,True,0.00019647069,0.0110170245,0.0020833723,0.98670316
42,7,none,car,1640,108,2,3,False,0.02461766,0.08793262,0.077469766,0.80998
42,7,none,car,1641,108,3,3,True,0.00036414218,0.043288536,0.0032551063,0.9530922
42,7,none,car,1642,108,3,3,True,0.0005036025,0.01047308,0.0019708315,0.9870525
42,7,none,car,1643,108,2,1,False,0.10272339,0.80274606,0.06815918,0.026371405
42,7,none,car,1644,108,2,3,False,0.214883,0.01420726,0.02797688,0.74293286
42,7,none,car,1645,108,3,3,True,0.0027814466,0.0403498,0.0020360565,0.9548327
42,7,none,car,1646,108,2,1,False,0.017370306,0.97979146,0.00085768086,0.0019806188
42,7,none,car,1647,108,3,3,True,0.013385589,0.084722556,0.0013988648,0.90049297
42,7,none,car,1648,108,3,3,True,0.004468641,0.064921014,0.004336586,0.9262737
42,7,none,car,1649,108,2,1,False,0.022569316,0.86590374,0.028851276,0.0826756
42,7,none,car,1650,108,3,3,True,0.025709625,0.0039264085,0.00832723,0.9620367
42,7,none,car,1651,108,2,1,False,0.040387195,0.42296103,0.285937,0.25071478
42,7,none,car,1652,108,3,3,True,0.051958177,0.024473988,0.020297747,0.9032701
42,7,none,car,1653,108,1,1,True,4.7579662e-05,0.9050138,0.081578486,0.013360179
42,7,none,car,1654,108,0,1,False,0.042634472,0.72216916,0.048378993,0.18681733
42,7,none,car,1655,108,1,1,True,0.0053245164,0.7184976,0.13297696,0.14320086
42,7,none,car,1656,108,0,0,True,0.9564603,0.00069657026,0.003048564,0.03979465
42,7,none,car,1657,108,0,0,True,0.56863415,0.021386104,0.0005720117,0.40940776
42,7,none,car,1658,108,1,1,True,0.00074432837,0.9772693,0.0008719726,0.021114364
42,7,none,car,1659,108,1,1,True,0.00032105402,0.9913953,0.0009811963,0.0073024323
42,7,none,car,1660,108,0,0,True,0.987234,0.006097073,0.0008343735,0.005834551
42,7,none,car,1661,108,0,0,True,0.9932225,0.0017575166,0.0014799294,0.0035401315
42,7,none,car,1662,108,1,1,True,7.3418287e-06,0.9998653,9.24077e-05,3.4876186e-05
42,7,none,car,1663,108,1,1,True,4.613889e-05,0.99597305,0.00029238508,0.0036883263
42,7,none,car,1664,108,0,0,True,0.50959563,0.013224221,0.016170483,0.46100968
42,7,none,car,1665,108,1,1,True,0.0019205725,0.91056734,0.07760062,0.009911484
42,7,none,car,1666,108,0,0,True,0.7804476,0.01713427,0.011730776,0.1906874
42,7,none,car,1667,108,1,1,True,0.037376795,0.904241,0.0016048151,0.05677733
42,7,none,car,1668,108,3,3,True,0.00027608953,0.004062885,0.0004600165,0.995201
42,7,none,car,1669,108,2,3,False,0.10173713,0.32251266,0.13710843,0.43864182
42,7,none,car,1670,108,3,3,True,0.0032018719,0.0020999243,0.0021022905,0.992596
42,7,none,car,1671,108,2,2,True,0.023201661,0.09511868,0.8358184,0.045861274
42,7,none,car,1672,108,2,3,False,0.019940298,0.21950917,0.26196975,0.4985808
42,7,none,car,1673,108,3,3,True,0.0009548291,0.04357803,0.0013929146,0.9540742
42,7,none,car,1674,108,2,2,True,0.01764589,0.31438786,0.6068231,0.061143138
42,7,none,car,1675,108,3,1,False,0.008780862,0.8081699,0.121660806,0.06138839
42,7,none,car,1676,108,2,1,False,0.0011930506,0.9842031,0.0110572735,0.0035464996
42,7,none,car,1677,108,3,1,False,0.013909004,0.9038113,0.022066107,0.060213517
42,7,none,car,1678,108,2,1,False,0.050949834,0.7458064,0.08212135,0.12112238
42,7,none,car,1679,108,3,1,False,0.099410586,0.5564899,0.096919276,0.24718027
42,7,none,car,1680,108,2,2,True,0.007268492,0.0062313317,0.8469307,0.13956948
42,7,none,car,1681,108,3,3,True,0.19668055,0.1509431,0.058329046,0.5940473
42,7,none,car,1682,108,3,3,True,0.09565123,0.037979838,0.09198187,0.77438706
42,7,none,car,1683,108,1,1,True,0.0016703818,0.918157,0.017399093,0.06277365
42,7,none,car,1684,108,0,0,True,0.48956516,0.21812284,0.17052671,0.121785246
42,7,none,car,1685,108,0,3,False,0.013396084,0.2434918,0.257204,0.48590818
42,7,none,car,1686,108,1,1,True,0.057248436,0.52947754,0.36561042,0.047663677
42,7,none,car,1687,108,0,3,False,0.06717395,0.3728346,0.0067115594,0.5532799
42,7,none,car,1688,108,1,1,True,0.1728606,0.69859475,0.12638468,0.0021599124
42,7,none,car,1689,108,1,1,True,2.025345e-05,0.99916863,0.0006207911,0.00019035205
42,7,none,car,1690,108,0,0,True,0.55230165,0.008742004,0.027285963,0.41167036
42,7,none,car,1691,108,0,0,True,0.30593467,0.2586063,0.14448683,0.29097214
42,7,none,car,1692,108,1,1,True,0.00055956165,0.9979243,0.0011792268,0.00033678047
42,7,none,car,1693,108,0,3,False,0.21026301,0.084912784,0.0068248077,0.6979994
42,7,none,car,1694,108,1,1,True,0.03519126,0.8437632,0.008130588,0.11291503
42,7,none,car,1695,108,1,1,True,3.943004e-05,0.99979025,2.4728162e-05,0.00014561406
42,7,none,car,1696,108,0,0,True,0.8437204,0.040654775,0.055988193,0.059636645
42,7,none,car,1697,108,0,0,True,0.99960583,0.00025191318,1.540231e-05,0.00012695085
42,7,none,car,1698,108,3,3,True,0.08557896,0.3491861,0.025496855,0.5397381
42,7,none,car,1699,108,2,3,False,0.010044051,0.22038898,0.13941327,0.6301538
42,7,none,car,1700,108,2,2,True,0.006162402,0.056407403,0.73178566,0.20564458
42,7,none,car,1701,108,3,3,True,0.00024265738,0.00224245,0.00034892478,0.997166
42,7,none,car,1702,108,2,3,False,0.22116722,0.09898771,0.045992393,0.63385266
42,7,none,car,1703,108,3,2,False,0.013430048,0.049593307,0.80991894,0.1270578
42,7,none,car,1704,108,3,3,True,0.0007383854,0.0021628635,0.004963372,0.9921354
42,7,none,car,1705,108,2,2,True,0.004302193,0.02279783,0.87072074,0.102179274
42,7,none,car,1706,108,3,3,True,0.008269422,0.038441423,0.12790419,0.825385
42,7,none,car,1707,108,2,1,False,0.008976038,0.8805595,0.014484394,0.09597996
42,7,none,car,1708,108,2,2,True,0.22534958,0.03515734,0.52918804,0.2103051
42,7,none,car,1709,108,3,3,True,0.008179574,0.09076195,0.008525479,0.892533
42,7,none,car,1710,108,2,1,False,0.0025579473,0.88659126,0.022111548,0.08873922
42,7,none,car,1711,108,3,1,False,0.0007468826,0.8340043,0.0017085708,0.16354029
42,7,none,car,1712,108,2,1,False,0.38943717,0.45146078,0.029847985,0.12925403
42,7,none,car,1713,109,0,0,True,0.9883514,0.00064471347,0.0005127094,0.010491079
42,7,none,car,1714,109,1,1,True,0.159955,0.6291527,0.10948603,0.10140629
42,7,none,car,1715,109,1,1,True,4.3781465e-06,0.9999839,3.7650307e-06,7.829856e-06
42,7,none,car,1716,109,0,1,False,0.08832401,0.5779283,0.1466289,0.18711878
42,7,none,car,1717,109,1,1,True,0.0017680088,0.998002,0.00010155741,0.00012841084
42,7,none,car,1718,109,0,0,True,0.85661674,0.10079425,0.03364376,0.008945253
42,7,none,car,1719,109,1,1,True,0.014440493,0.8610076,0.120839216,0.0037127126
42,7,none,car,1720,109,0,0,True,0.95326704,0.0076497653,0.036027268,0.003055834
42,7,none,car,1721,109,1,1,True,0.008093865,0.9740369,0.0016089634,0.016260289
42,7,none,car,1722,109,0,2,False,0.11399945,0.13520531,0.6872228,0.06357252
42,7,none,car,1723,109,0,0,True,0.8793258,0.0029457205,0.017265929,0.10046255
42,7,none,car,1724,109,1,1,True,0.0010228779,0.9596091,0.0019150886,0.03745292
42,7,none,car,1725,109,0,0,True,0.99991155,5.702452e-06,5.670546e-05,2.5991352e-05
42,7,none,car,1726,109,1,3,False,0.21693742,0.31426945,0.024736336,0.4440568
42,7,none,car,1727,109,1,1,True,0.008331637,0.98306817,0.0066365385,0.0019636026
42,7,none,car,1728,109,3,1,False,0.0014098452,0.6973948,0.063917845,0.23727763
42,7,none,car,1729,109,2,1,False,0.0031339903,0.5727068,0.34014452,0.084014714
42,7,none,car,1730,109,2,1,False,0.12124704,0.61780405,0.11705041,0.14389846
42,7,none,car,1731,109,3,3,True,0.04144231,0.012224824,0.04644513,0.89988774
42,7,none,car,1732,109,3,3,True,0.007053868,0.083813265,0.12250897,0.78662395
42,7,none,car,1733,109,2,2,True,0.22519352,0.045859467,0.56342226,0.16552481
42,7,none,car,1734,109,2,1,False,0.08337738,0.43323272,0.41258928,0.07080059
42,7,none,car,1735,109,3,1,False,0.15272214,0.39101514,0.1508823,0.30538046
42,7,none,car,1736,109,2,3,False,0.07458875,0.03969486,0.05463101,0.8310853
42,7,none,car,1737,109,3,3,True,0.016030127,0.04013218,0.012258457,0.9315792
42,7,none,car,1738,109,2,0,False,0.6201032,0.20288993,0.0016784623,0.17532837
42,7,none,car,1739,109,3,0,False,0.5904943,0.25172496,0.12972963,0.028051173
42,7,none,car,1740,109,3,3,True,0.0569176,0.07635861,0.26489496,0.6018288
42,7,none,car,1741,109,2,3,False,0.2908223,0.27659407,0.052163277,0.38042027
42,7,none,car,1742,109,2,1,False,0.0010021564,0.93292624,0.00068083126,0.065390766
42,7,none,car,1743,109,1,1,True,0.0026179804,0.91652685,0.014331436,0.06652384
42,7,none,car,1744,109,0,0,True,0.6374171,0.110344045,0.14677495,0.10546396
42,7,none,car,1745,109,1,0,False,0.5657742,0.28676412,0.0124777965,0.13498381
42,7,none,car,1746,109,0,3,False,0.057696864,0.040802035,0.10017305,0.80132806
42,7,none,car,1747,109,0,0,True,0.99577856,0.0004958157,0.00039124597,0.0033343874
42,7,none,car,1748,109,1,0,False,0.461383,0.09679508,0.41857117,0.0232507
42,7,none,car,1749,109,0,3,False,0.2789608,0.038660772,0.07776479,0.60461366
42,7,none,car,1750,109,1,1,True,0.019170271,0.8886692,0.0031632625,0.08899727
42,7,none,car,1751,109,1,1,True,0.014134459,0.86678416,0.07040342,0.048677925
42,7,none,car,1752,109,0,2,False,0.04742571,0.011767641,0.9243648,0.01644174
42,7,none,car,1753,109,1,3,False,0.34367424,0.16239108,0.005154539,0.4887802
42,7,none,car,1754,109,0,1,False,0.065598354,0.7693729,0.0042648143,0.16076401
42,7,none,car,1755,109,1,1,True,0.00096621626,0.997799,0.0009539319,0.00028078005
42,7,none,car,1756,109,0,1,False,0.075017616,0.7840672,0.032858662,0.108056605
42,7,none,car,1757,109,0,0,True,0.99477106,0.0043806215,0.00031812763,0.00053018564
42,7,none,car,1758,109,2,3,False,0.07964114,0.041353516,0.0037027805,0.87530255
42,7,none,car,1759,109,3,0,False,0.7942945,0.047184005,0.015746826,0.14277466
42,7,none,car,1760,109,2,3,False,0.046404548,0.18390766,0.06622567,0.70346206
42,7,none,car,1761,109,3,3,True,0.075951815,0.022907129,0.03166429,0.8694768
42,7,none,car,1762,109,3,1,False,0.030267738,0.8077523,0.0017666427,0.16021332
42,7,none,car,1763,109,2,3,False,0.0425927,0.0407236,0.06090659,0.85577714
42,7,none,car,1764,109,3,3,True,0.0066733193,0.0071070855,0.02701496,0.9592046
42,7,none,car,1765,109,2,1,False,0.045538556,0.8005771,0.019887082,0.13399725
42,7,none,car,1766,109,3,1,False,0.004748031,0.673296,0.014043817,0.30791214
42,7,none,car,1767,109,2,3,False,0.18895473,0.124653466,0.116630964,0.5697608
42,7,none,car,1768,109,2,3,False,0.053628832,0.20145461,0.26295817,0.48195833
42,7,none,car,1769,109,3,3,True,0.08253445,0.012311584,0.0011119688,0.90404207
42,7,none,car,1770,109,2,1,False,0.024321742,0.7503886,0.035354376,0.18993524
42,7,none,car,1771,109,3,3,True,0.0038751175,0.24729444,0.03812557,0.7107049
42,7,none,car,1772,109,2,2,True,0.2047147,0.24105246,0.34143734,0.21279556
42,7,none,car,1773,109,1,3,False,0.005542173,0.36930415,0.01956884,0.6055849
42,7,none,car,1774,109,0,2,False,0.24929212,0.066255525,0.53903806,0.14541434
42,7,none,car,1775,109,1,0,False,0.46217906,0.2086921,0.32179344,0.007335379
42,7,none,car,1776,109,0,3,False,0.0024147993,0.0065222997,0.0018983509,0.98916453
42,7,none,car,1777,109,0,2,False,0.07789125,0.05059982,0.8169786,0.054530308
42,7,none,car,1778,109,1,1,True,0.008123175,0.8246853,0.01022963,0.15696183
42,7,none,car,1779,109,1,1,True,0.2535644,0.35859793,0.14816476,0.23967288
42,7,none,car,1780,109,0,3,False,0.009095675,0.0257473,0.13215369,0.83300334
42,7,none,car,1781,109,1,1,True,0.21621,0.6704375,0.018024363,0.09532816
42,7,none,car,1782,109,0,1,False,0.023652775,0.88126796,0.07319464,0.021884574
42,7,none,car,1783,109,0,0,True,0.5800657,0.117400296,0.018172635,0.2843614
42,7,none,car,1784,109,1,3,False,0.13896137,0.061165422,0.29572982,0.50414336
42,7,none,car,1785,109,0,0,True,0.9487654,0.0044808937,0.014687409,0.03206641
42,7,none,car,1786,109,1,0,False,0.6929822,0.04495705,0.09791964,0.16414116
42,7,none,car,1787,109,0,2,False,0.059401397,0.24200556,0.39402923,0.30456388
42,7,none,car,1788,109,2,1,False,0.0018918705,0.90023386,0.08513929,0.012734984
42,7,none,car,1789,109,3,3,True,0.075171255,0.09570137,0.14618587,0.6829415
42,7,none,car,1790,109,2,1,False,0.006809036,0.69399756,0.017079372,0.28211406
42,7,none,car,1791,109,3,3,True,0.13125895,0.025382264,0.16852967,0.6748291
42,7,none,car,1792,109,2,3,False,0.032904442,0.043093704,0.27195054,0.65205127
42,7,none,car,1793,109,3,3,True,0.031694077,0.21794443,0.13529971,0.61506176
42,7,none,car,1794,109,2,0,False,0.59861356,0.011433033,0.3475593,0.042394087
42,7,none,car,1795,109,3,3,True,0.005257983,0.013271331,0.07552106,0.90594965
42,7,none,car,1796,109,3,1,False,0.009929041,0.7188299,0.0021071925,0.26913387
42,7,none,car,1797,109,2,3,False,0.020737575,0.070226386,0.37687796,0.5321581
42,7,none,car,1798,109,3,1,False,0.0034685188,0.91931856,0.000626618,0.076586254
42,7,none,car,1799,109,2,3,False,0.013142414,0.25560176,0.0102508785,0.7210049
42,7,none,car,1800,109,2,3,False,0.035275187,0.033433672,0.26262772,0.66866344
42,7,none,car,1801,109,3,3,True,0.13060102,0.24234001,0.30051947,0.32653955
42,7,none,car,1802,109,3,3,True,0.3644582,0.105015315,0.11535646,0.41517
42,7,none,cz,0,90,0,0,True,0.6057626,0.0119099235,0.011584673,0.37074277
42,7,none,cz,1,90,1,1,True,0.055882543,0.9198935,0.0010875107,0.02313648
42,7,none,cz,2,90,1,1,True,0.00027028812,0.9992617,2.5847314e-06,0.0004654141
42,7,none,cz,3,90,0,0,True,0.8698032,0.009138119,0.020839361,0.10021942
42,7,none,cz,4,90,1,1,True,0.0027735203,0.99475116,0.0011452675,0.001330065
42,7,none,cz,5,90,0,0,True,0.82255334,0.0020624935,0.025116563,0.15026762
42,7,none,cz,6,90,1,1,True,0.04022042,0.91482633,0.00034452914,0.04460876
42,7,none,cz,7,90,0,0,True,0.9468186,0.019150686,0.001001149,0.03302962
42,7,none,cz,8,90,0,0,True,0.5994142,0.12759738,0.00348166,0.2695067
42,7,none,cz,9,90,1,1,True,3.4307788e-05,0.99955934,0.0002120034,0.00019438687
42,7,none,cz,10,90,0,1,False,0.4245154,0.5290014,0.010529719,0.03595349
42,7,none,cz,11,90,1,1,True,0.0012498187,0.9985324,8.374186e-05,0.00013397017
42,7,none,cz,12,90,0,0,True,0.5457719,0.0037341851,0.016951963,0.4335419
42,7,none,cz,13,90,1,2,False,0.053039815,0.34583473,0.5395563,0.061569065
42,7,none,cz,14,90,1,1,True,0.008139342,0.986624,0.004654958,0.000581743
42,7,none,cz,15,90,3,1,False,0.18482357,0.40760487,0.24169756,0.16587406
42,7,none,cz,16,90,2,2,True,0.04778157,0.027328186,0.5361208,0.38876948
42,7,none,cz,17,90,2,3,False,0.08788325,0.053837776,0.036362305,0.82191664
42,7,none,cz,18,90,3,3,True,0.056326874,0.026093937,0.010555746,0.90702343
42,7,none,cz,19,90,3,3,True,0.009696869,0.023231938,0.030086212,0.93698496
42,7,none,cz,20,90,2,1,False,0.09859955,0.5909933,0.26904544,0.04136175
42,7,none,cz,21,90,3,3,True,0.025655037,0.054895353,0.058813334,0.8606363
42,7,none,cz,22,90,2,1,False,0.27703655,0.50488687,0.13144329,0.08663337
42,7,none,cz,23,90,2,3,False,0.033995923,0.045522314,0.44482148,0.4756603
42,7,none,cz,24,90,3,0,False,0.60851705,0.32831258,0.023633253,0.039537206
42,7,none,cz,25,90,2,2,True,0.10191215,0.34265012,0.47019404,0.08524366
42,7,none,cz,26,90,3,3,True,0.19349404,0.3024077,0.056899875,0.4471984
42,7,none,cz,27,90,3,3,True,0.09417964,0.032760996,0.0691417,0.80391765
42,7,none,cz,28,90,2,1,False,0.13854216,0.4369296,0.12281537,0.30171287
42,7,none,cz,29,90,2,1,False,0.0073606772,0.79272056,0.17599735,0.023921393
42,7,none,cz,30,90,1,1,True,0.008368445,0.9912668,0.0001840045,0.00018079484
42,7,none,cz,31,90,0,0,True,0.4529304,0.32075095,0.031520426,0.1947982
42,7,none,cz,32,90,1,1,True,1.5987442e-06,0.9999232,1.9693832e-06,7.324446e-05
42,7,none,cz,33,90,0,0,True,0.76489604,0.05151569,0.09274266,0.09084558
42,7,none,cz,34,90,1,1,True,0.006941634,0.91717005,0.009875541,0.06601272
42,7,none,cz,35,90,0,2,False,0.22321074,0.22481285,0.48695222,0.06502424
42,7,none,cz,36,90,1,1,True,0.0069086254,0.7648742,0.0026677425,0.22554946
42,7,none,cz,37,90,0,0,True,0.78397936,0.15419555,0.020086322,0.04173884
42,7,none,cz,38,90,1,1,True,0.0065891165,0.8922986,0.09275504,0.00835727
42,7,none,cz,39,90,0,3,False,0.22874258,0.101294756,0.17437541,0.49558723
42,7,none,cz,40,90,1,1,True,0.13121906,0.7542768,0.011576149,0.10292797
42,7,none,cz,41,90,0,0,True,0.41495532,0.0010311106,0.23037739,0.35363618
42,7,none,cz,42,90,1,1,True,0.0026225646,0.97980577,0.014171159,0.0034005297
42,7,none,cz,43,90,0,2,False,0.046807766,0.35268214,0.4106795,0.18983065
42,7,none,cz,44,90,1,1,True,6.612383e-06,0.99575245,0.0035162405,0.00072471506
42,7,none,cz,45,90,2,2,True,0.106264055,0.02231209,0.48884544,0.38257843
42,7,none,cz,46,90,3,2,False,0.019185279,0.010240607,0.58735627,0.3832178
42,7,none,cz,47,90,3,3,True,0.015817137,0.16775446,0.062919825,0.7535086
42,7,none,cz,48,90,2,3,False,0.06692424,0.013306511,0.14643742,0.7733318
42,7,none,cz,49,90,3,3,True,0.038752116,0.13850582,0.077160075,0.745582
42,7,none,cz,50,90,2,2,True,0.031533543,0.07879116,0.6653125,0.22436282
42,7,none,cz,51,90,3,3,True,0.012869791,0.041869663,0.007995183,0.93726534
42,7,none,cz,52,90,2,3,False,0.043019142,0.28776786,0.20135224,0.46786082
42,7,none,cz,53,90,3,3,True,0.088455275,0.013073899,0.1219619,0.7765089
42,7,none,cz,54,90,2,3,False,0.077757195,0.03905595,0.3452007,0.53798616
42,7,none,cz,55,90,2,2,True,0.02087636,0.36058748,0.45252895,0.16600715
42,7,none,cz,56,90,3,2,False,0.02617328,0.017534345,0.49051604,0.46577638
42,7,none,cz,57,90,2,2,True,0.0064807287,0.032144964,0.5683079,0.39306644
42,7,none,cz,58,90,3,3,True,0.069168046,0.030696468,0.11512892,0.7850065
42,7,none,cz,59,90,3,3,True,0.019245401,0.054233093,0.055992853,0.87052864
42,7,none,cz,60,90,1,1,True,0.012201373,0.9774793,0.008278616,0.0020406707
42,7,none,cz,61,90,0,0,True,0.6566927,0.13509624,0.03124466,0.17696638
42,7,none,cz,62,90,1,1,True,0.0024966772,0.99644,0.0009687197,9.4622344e-05
42,7,none,cz,63,90,0,0,True,0.4613874,0.024719154,0.21136814,0.3025253
42,7,none,cz,64,90,0,0,True,0.9676061,0.00041218332,0.027805448,0.0041762646
42,7,none,cz,65,90,1,1,True,0.00072978495,0.9981117,0.0010420239,0.00011654315
42,7,none,cz,66,90,1,1,True,0.0020793627,0.93966,0.05155336,0.006707305
42,7,none,cz,67,90,0,0,True,0.7443221,0.009329006,0.05417375,0.19217512
42,7,none,cz,68,90,0,0,True,0.91039383,0.02536035,0.03954504,0.024700865
42,7,none,cz,69,90,1,3,False,0.06936542,0.13362177,0.19239573,0.60461706
42,7,none,cz,70,90,1,1,True,0.003740724,0.9821853,0.002015835,0.012058007
42,7,none,cz,71,90,0,2,False,0.32047528,0.06791489,0.3464418,0.26516798
42,7,none,cz,72,90,1,2,False,0.017061478,0.1821841,0.62782097,0.17293344
42,7,none,cz,73,90,0,0,True,0.46100256,0.09988991,0.3950415,0.04406607
42,7,none,cz,74,90,0,0,True,0.55957603,0.014912581,0.05574601,0.36976528
42,7,none,cz,75,90,2,3,False,0.0051156417,0.024208268,0.37852943,0.5921467
42,7,none,cz,76,90,3,0,False,0.9345452,0.017560342,0.0208995,0.026994936
42,7,none,cz,77,90,2,2,True,0.08992226,0.19299258,0.56665444,0.15043071
42,7,none,cz,78,90,3,3,True,0.022004385,0.019187644,0.06251714,0.89629084
42,7,none,cz,79,90,2,1,False,0.0016105266,0.9398595,0.05339045,0.0051395344
42,7,none,cz,80,90,3,1,False,0.088596925,0.56340325,0.15490898,0.1930908
42,7,none,cz,81,90,2,2,True,0.021085374,0.017670095,0.51756316,0.44368136
42,7,none,cz,82,90,3,2,False,0.059449147,0.28925702,0.36290798,0.28838587
42,7,none,cz,83,90,2,2,True,0.03709351,0.035485055,0.88605857,0.041362867
42,7,none,cz,84,90,3,3,True,0.010549358,0.08736699,0.26615462,0.635929
42,7,none,cz,85,90,2,0,False,0.40077013,0.16863142,0.28796884,0.14262967
42,7,none,cz,86,90,3,3,True,0.21199705,0.11585105,0.040769607,0.6313823
42,7,none,cz,87,90,3,0,False,0.41603005,0.16042599,0.28849858,0.13504529
42,7,none,cz,88,90,2,3,False,0.012462134,0.05954935,0.36327863,0.5647099
42,7,none,cz,89,90,3,1,False,0.26777235,0.41613445,0.03757095,0.27852228
42,7,none,cz,90,91,0,0,True,0.55742425,0.2637868,0.14265317,0.036135763
42,7,none,cz,91,91,1,3,False,0.22467464,0.27276567,0.17784336,0.32471636
42,7,none,cz,92,91,0,2,False,0.06967432,0.08054188,0.52408326,0.32570052
42,7,none,cz,93,91,1,1,True,0.002741435,0.8956791,0.015926654,0.08565288
42,7,none,cz,94,91,1,1,True,0.000152037,0.9996785,0.00010597052,6.3490115e-05
42,7,none,cz,95,91,0,0,True,0.9861996,0.005350121,0.0022966876,0.006153516
42,7,none,cz,96,91,1,1,True,0.036803145,0.9538854,0.0065498673,0.0027617055
42,7,none,cz,97,91,0,0,True,0.7002361,0.15731514,0.015108571,0.12734017
42,7,none,cz,98,91,0,0,True,0.99872905,0.00062144134,0.00028915112,0.0003602314
42,7,none,cz,99,91,1,1,True,0.02649476,0.8378613,0.01034041,0.1253035
42,7,none,cz,100,91,0,0,True,0.9988525,0.00033700548,0.0004928706,0.00031764357
42,7,none,cz,101,91,1,1,True,0.009829275,0.55279976,0.31560594,0.12176503
42,7,none,cz,102,91,1,1,True,0.0009431411,0.9920501,0.0014044319,0.005602333
42,7,none,cz,103,91,0,0,True,0.9904979,0.00085319986,0.0073139425,0.0013350187
42,7,none,cz,104,91,0,0,True,0.99551904,0.0024561782,0.0018271655,0.00019759685
42,7,none,cz,105,91,2,3,False,0.0017691609,0.12927619,0.039676957,0.8292777
42,7,none,cz,106,91,3,3,True,0.0016927068,0.25835145,0.11740854,0.62254727
42,7,none,cz,107,91,3,3,True,0.009187577,0.06333198,0.0130976895,0.91438276
42,7,none,cz,108,91,2,2,True,0.002306317,0.014706494,0.97713614,0.005851097
42,7,none,cz,109,91,2,2,True,0.0024627526,0.023514723,0.8978973,0.076125205
42,7,none,cz,110,91,3,2,False,0.14739229,0.07863488,0.47878608,0.2951867
42,7,none,cz,111,91,3,3,True,0.0024306397,0.18974556,0.03178251,0.7760413
42,7,none,cz,112,91,2,1,False,0.108844474,0.39676043,0.31605092,0.17834425
42,7,none,cz,113,91,3,2,False,0.08234283,0.018027347,0.804256,0.09537383
42,7,none,cz,114,91,2,2,True,0.0006529822,0.03575408,0.96266127,0.00093168055
42,7,none,cz,115,91,3,2,False,0.0027026644,0.013152324,0.9175526,0.06659244
42,7,none,cz,116,91,2,2,True,0.09991082,0.30562842,0.3243486,0.2701122
42,7,none,cz,117,91,2,3,False,0.006936759,0.063611574,0.24971855,0.6797331
42,7,none,cz,118,91,3,2,False,0.055736665,0.074083805,0.79123175,0.07894774
42,7,none,cz,119,91,2,2,True,0.0005618018,0.21276191,0.7760991,0.0105772
42,7,none,cz,120,91,0,0,True,0.8964981,0.06971736,0.023500308,0.010284283
42,7,none,cz,121,91,1,3,False,0.058035366,0.022480812,0.42431408,0.4951698
42,7,none,cz,122,91,1,1,True,0.0067125363,0.91793704,0.04102053,0.034329876
42,7,none,cz,123,91,0,3,False,0.0057191043,0.07010796,0.053757146,0.8704158
42,7,none,cz,124,91,0,0,True,0.9925252,0.004330269,0.0016892771,0.0014552786
42,7,none,cz,125,91,1,2,False,0.02731185,0.23964015,0.4256022,0.3074458
42,7,none,cz,126,91,1,1,True,0.00010860529,0.88139343,0.10383421,0.014663701
42,7,none,cz,127,91,0,3,False,0.04103505,0.02303953,0.27061555,0.6653099
42,7,none,cz,128,91,0,0,True,0.99954695,2.2106897e-05,5.1638275e-05,0.00037928246
42,7,none,cz,129,91,1,1,True,0.002298113,0.96271735,0.014925967,0.020058528
42,7,none,cz,130,91,1,3,False,0.0019635342,0.27045622,0.06257282,0.6650074
42,7,none,cz,131,91,0,0,True,0.99357694,0.0003480396,0.0058734687,0.00020154507
42,7,none,cz,132,91,1,1,True,0.043884557,0.85703415,0.00998396,0.08909733
42,7,none,cz,133,91,0,3,False,0.009439371,0.017944442,0.0013183735,0.97129786
42,7,none,cz,134,91,1,0,False,0.76886547,0.00075327215,0.09353263,0.13684869
42,7,none,cz,135,91,2,1,False,0.13528056,0.4644893,0.07084778,0.32938233
42,7,none,cz,136,91,3,2,False,0.046610717,0.06288815,0.6214952,0.26900592
42,7,none,cz,137,91,2,2,True,0.12055822,0.22168213,0.41799703,0.23976265
42,7,none,cz,138,91,3,2,False,0.011084124,0.01230863,0.771484,0.20512325
42,7,none,cz,139,91,2,3,False,0.0073265224,0.05142239,0.3021339,0.63911724
42,7,none,cz,140,91,3,3,True,3.4802604e-05,0.002170007,0.0017238732,0.99607134
42,7,none,cz,141,91,2,2,True,0.014806481,0.019277483,0.96464515,0.0012708688
42,7,none,cz,142,91,3,3,True,0.002646613,0.006923808,0.031557407,0.9588722
42,7,none,cz,143,91,2,1,False,0.0038511145,0.58012253,0.32120308,0.094823256
42,7,none,cz,144,91,3,2,False,0.00036062612,0.16944334,0.48953584,0.3406601
42,7,none,cz,145,91,3,3,True,0.010386184,0.06576908,0.0032181432,0.92062664
42,7,none,cz,146,91,2,3,False,0.45226565,0.0058237812,0.008832153,0.53307843
42,7,none,cz,147,91,2,3,False,0.0008694479,0.07340831,0.04341371,0.8823085
42,7,none,cz,148,91,3,3,True,0.057434227,0.045528185,0.20652801,0.69050956
42,7,none,cz,149,91,3,3,True,0.0019700755,0.19918719,0.007012266,0.7918305
42,7,none,cz,150,91,1,1,True,1.7638283e-07,0.9994209,0.0005363933,4.259907e-05
42,7,none,cz,151,91,0,3,False,0.30713654,0.040798273,0.02011897,0.63194627
42,7,none,cz,152,91,1,1,True,0.0010670107,0.75806123,0.019151116,0.22172067
42,7,none,cz,153,91,0,0,True,0.95151913,0.00026371435,0.03787809,0.010339043
42,7,none,cz,154,91,0,2,False,0.07008313,0.004468648,0.92519593,0.00025238955
42,7,none,cz,155,91,1,2,False,0.01283932,0.0006719605,0.97501105,0.011477683
42,7,none,cz,156,91,1,2,False,5.9078426e-05,0.25889215,0.7271416,0.013907172
42,7,none,cz,157,91,0,0,True,0.9993774,0.00012805194,0.00040511857,8.946262e-05
42,7,none,cz,158,91,0,0,True,0.94753104,0.022734921,0.016797174,0.012936938
42,7,none,cz,159,91,1,3,False,0.020214219,0.29416597,0.048080374,0.6375394
42,7,none,cz,160,91,0,0,True,0.93390983,0.013317945,0.044789903,0.007982309
42,7,none,cz,161,91,1,1,True,0.00048860087,0.9761801,0.0038689259,0.01946243
42,7,none,cz,162,91,1,2,False,0.042330302,0.22322251,0.5767647,0.15768251
42,7,none,cz,163,91,0,0,True,0.732819,0.0009572333,0.12653472,0.13968901
42,7,none,cz,164,91,1,2,False,0.005167492,0.036194805,0.8431929,0.11544483
42,7,none,cz,165,91,2,2,True,0.006294899,0.0007193324,0.9525287,0.04045711
42,7,none,cz,166,91,3,2,False,0.03753663,0.01910734,0.82401526,0.119340755
42,7,none,cz,167,91,3,2,False,0.00011314398,0.029068014,0.8579815,0.11283732
42,7,none,cz,168,91,2,2,True,0.0029388978,0.08187606,0.81247705,0.10270792
42,7,none,cz,169,91,2,2,True,0.001327759,0.00060432364,0.76880246,0.22926556
42,7,none,cz,170,91,3,2,False,0.008509623,0.20493118,0.4667614,0.31979772
42,7,none,cz,171,91,3,3,True,0.0015853735,0.025395399,0.07400578,0.8990134
42,7,none,cz,172,91,2,2,True,0.0006492567,0.035379563,0.6783106,0.2856606
42,7,none,cz,173,91,3,3,True,0.005606295,0.17154573,0.13424891,0.68859905
42,7,none,cz,174,91,2,3,False,0.041153844,0.004192477,0.38878715,0.56586653
42,7,none,cz,175,91,2,2,True,0.000789776,0.045035243,0.9085036,0.045671437
42,7,none,cz,176,91,3,2,False,0.01086665,0.092568874,0.57885206,0.31771246
42,7,none,cz,177,91,3,3,True,0.22907464,0.014068073,0.37445736,0.38239995
42,7,none,cz,178,91,2,2,True,0.0156164495,0.30948228,0.60503787,0.069863364
42,7,none,cz,179,91,3,3,True,0.003534796,0.056326456,0.45282397,0.48731482
42,7,none,cz,180,92,1,3,False,0.127406,0.11081472,0.019642023,0.74213725
42,7,none,cz,181,92,0,3,False,0.05768586,0.10602465,0.038282596,0.79800683
42,7,none,cz,182,92,1,2,False,0.33061433,0.060842946,0.4993634,0.109179355
42,7,none,cz,183,92,0,2,False,0.2945872,0.016488966,0.67418486,0.014738996
42,7,none,cz,184,92,0,0,True,0.47820526,0.11243932,0.13799572,0.27135977
42,7,none,cz,185,92,1,1,True,0.013325783,0.96941,0.007811961,0.009452347
42,7,none,cz,186,92,0,0,True,0.9603036,0.01658762,0.011241034,0.01186777
42,7,none,cz,187,92,1,1,True,0.100235224,0.89775926,0.0017368705,0.00026866628
42,7,none,cz,188,92,1,1,True,0.0011480601,0.9986418,1.64116e-05,0.0001937371
42,7,none,cz,189,92,0,2,False,0.35064974,0.013016521,0.58553046,0.05080331
42,7,none,cz,190,92,0,0,True,0.8461241,0.05693948,0.03716642,0.05976993
42,7,none,cz,191,92,1,3,False,0.3704633,0.041368973,0.050587364,0.5375804
42,7,none,cz,192,92,0,0,True,0.9665413,0.022134546,0.010238355,0.0010857506
42,7,none,cz,193,92,1,3,False,0.015525868,0.436055,0.026393434,0.52202564
42,7,none,cz,194,92,0,0,True,0.53776324,0.08980667,0.24702191,0.12540817
42,7,none,cz,195,92,1,1,True,0.04513443,0.8918808,0.00784589,0.055138834
42,7,none,cz,196,92,1,1,True,0.0057456656,0.99132735,0.001935289,0.0009917334
42,7,none,cz,197,92,0,0,True,0.99335456,0.0038398919,0.0012088224,0.0015967407
42,7,none,cz,198,92,1,1,True,0.041619644,0.750835,0.19301009,0.014535351
42,7,none,cz,199,92,2,0,False,0.37442407,0.09758674,0.19457181,0.33341742
42,7,none,cz,200,92,3,3,True,0.39650366,0.032690562,0.1004636,0.47034216
42,7,none,cz,201,92,2,3,False,0.21118425,0.019719359,0.07904135,0.6900551
42,7,none,cz,202,92,3,3,True,0.09449904,0.0132097285,0.15191066,0.7403806
42,7,none,cz,203,92,2,0,False,0.46257693,0.2696636,0.2501276,0.017631851
42,7,none,cz,204,92,3,3,True,0.039395127,0.07257699,0.085223645,0.80280423
42,7,none,cz,205,92,2,2,True,0.08973203,0.12015443,0.41114327,0.37897024
42,7,none,cz,206,92,3,3,True,0.29856318,0.31950352,0.04309525,0.33883804
42,7,none,cz,207,92,3,0,False,0.33601168,0.23364551,0.24615027,0.18419252
42,7,none,cz,208,92,2,0,False,0.51079255,0.046717808,0.29351357,0.14897603
42,7,none,cz,209,92,2,2,True,0.0011450436,0.075198404,0.91464996,0.009006624
42,7,none,cz,210,92,3,3,True,0.05751418,0.46741673,0.0036373497,0.47143176
42,7,none,cz,211,92,3,3,True,0.086788274,0.12941895,0.021283504,0.7625093
42,7,none,cz,212,92,2,1,False,0.14387538,0.60283655,0.023976082,0.22931196
42,7,none,cz,213,92,3,0,False,0.36008283,0.24469995,0.06880712,0.32641008
42,7,none,cz,214,92,2,0,False,0.9247449,0.029641949,0.03685857,0.00875454
42,7,none,cz,215,92,2,3,False,0.030604016,0.054253638,0.116968125,0.7981742
42,7,none,cz,216,92,3,1,False,0.02875518,0.5254697,0.091948144,0.3538269
42,7,none,cz,217,92,2,2,True,0.013426802,0.09879777,0.8382285,0.049546912
42,7,none,cz,218,92,0,0,True,0.9977071,0.00015361265,0.0011781845,0.0009609795
42,7,none,cz,219,92,1,1,True,0.32829523,0.6503104,0.008802698,0.012591747
42,7,none,cz,220,92,0,0,True,0.94596696,0.033883262,0.012631568,0.007518158
42,7,none,cz,221,92,1,1,True,0.25669816,0.68430674,0.018911539,0.040083513
42,7,none,cz,222,92,1,1,True,0.10698195,0.8713505,0.018675959,0.0029915832
42,7,none,cz,223,92,0,0,True,0.91406506,0.048777416,0.01259735,0.02456015
42,7,none,cz,224,92,1,1,True,0.0026582743,0.9615416,5.6239187e-05,0.03574392
42,7,none,cz,225,92,0,1,False,0.26685318,0.706011,0.022865806,0.0042700553
42,7,none,cz,226,92,0,0,True,0.99079216,0.0057839286,0.00027730584,0.0031465734
42,7,none,cz,227,92,1,1,True,0.007204713,0.96804184,0.006846687,0.017906757
42,7,none,cz,228,92,1,1,True,0.0003557838,0.97438353,0.0016464171,0.023614254
42,7,none,cz,229,92,0,0,True,0.979251,0.0015066267,0.0057928795,0.0134495
42,7,none,cz,230,92,1,1,True,0.00069145457,0.99809724,0.0005750802,0.0006363667
42,7,none,cz,231,92,0,3,False,0.20440848,0.13446121,0.20515388,0.45597646
42,7,none,cz,232,92,0,0,True,0.99153894,0.0013041528,0.0029115267,0.0042453883
42,7,none,cz,233,92,1,1,True,0.0032949923,0.9949404,0.0001790566,0.0015855348
42,7,none,cz,234,92,0,0,True,0.8165287,0.0019799625,0.114411086,0.067080356
42,7,none,cz,235,92,1,1,True,0.0016065268,0.986232,0.009608924,0.002552531
42,7,none,cz,236,92,1,1,True,0.009803199,0.9877722,0.00014912353,0.0022756075
42,7,none,cz,237,92,3,3,True,0.06423551,0.15195271,0.012322878,0.7714889
42,7,none,cz,238,92,2,3,False,0.12324533,0.05094051,0.015372831,0.8104414
42,7,none,cz,239,92,3,0,False,0.354239,0.24741633,0.07091427,0.3274304
42,7,none,cz,240,92,2,2,True,0.07937431,0.23498984,0.5692741,0.1163617
42,7,none,cz,241,92,2,2,True,0.14926517,0.17463651,0.64278406,0.033314317
42,7,none,cz,242,92,3,2,False,0.15373677,0.07740371,0.63786215,0.13099742
42,7,none,cz,243,92,2,0,False,0.42538705,0.18539244,0.22044098,0.16877946
42,7,none,cz,244,92,3,0,False,0.34396952,0.33815053,0.27009192,0.047788028
42,7,none,cz,245,92,2,2,True,0.28823367,0.22035398,0.35697898,0.13443331
42,7,none,cz,246,92,3,3,True,0.0023907605,0.0699852,0.018003752,0.9096202
42,7,none,cz,247,92,2,2,True,0.03366864,0.17380205,0.43560106,0.3569282
42,7,none,cz,248,92,3,3,True,0.012470631,0.3023067,0.19837205,0.48685053
42,7,none,cz,249,92,3,3,True,0.018826632,0.1208126,0.006385394,0.8539754
42,7,none,cz,250,92,2,2,True,0.034010354,0.13863859,0.78903484,0.038316213
42,7,none,cz,251,92,3,3,True,0.022591501,0.012163763,0.0543439,0.91090083
42,7,none,cz,252,92,2,0,False,0.43168595,0.023672583,0.22902289,0.3156186
42,7,none,cz,253,92,2,2,True,0.28720623,0.058205824,0.64104974,0.013538156
42,7,none,cz,254,92,3,2,False,0.3251209,0.026492488,0.40428516,0.24410138
42,7,none,cz,255,92,2,2,True,0.03301719,0.23595294,0.713187,0.017842826
42,7,none,cz,256,92,0,0,True,0.9826073,0.0073781405,0.00014776192,0.009866854
42,7,none,cz,257,92,1,0,False,0.803806,0.16237198,0.025657944,0.008164037
42,7,none,cz,258,92,1,1,True,0.011985699,0.97278523,0.0021229899,0.013106169
42,7,none,cz,259,92,0,0,True,0.8630947,0.011526924,0.017534958,0.10784346
42,7,none,cz,260,92,0,0,True,0.8724769,0.016147321,0.030796379,0.080579415
42,7,none,cz,261,92,1,1,True,0.028745806,0.96016806,0.008151662,0.00293443
42,7,none,cz,262,92,1,1,True,0.018290108,0.6156288,0.011870316,0.35421076
42,7,none,cz,263,92,0,0,True,0.9302612,0.022026163,0.043296427,0.0044162693
42,7,none,cz,264,92,0,0,True,0.9040963,0.018991135,0.048117995,0.028794581
42,7,none,cz,265,92,1,1,True,0.0030208325,0.99618965,7.426543e-05,0.00071526726
42,7,none,cz,266,92,0,0,True,0.8038916,0.15348311,0.030655954,0.011969346
42,7,none,cz,267,92,1,1,True,0.22905718,0.41792712,0.11200724,0.24100849
42,7,none,cz,268,92,0,0,True,0.95216125,0.035976067,0.0032675418,0.008595167
42,7,none,cz,269,92,1,1,True,0.0033019122,0.9199065,0.062666915,0.014124723
42,7,none,cz,270,92,1,1,True,0.03774428,0.91005456,0.03501838,0.017182853
42,7,none,cz,271,92,0,0,True,0.94050145,0.037826743,0.006849857,0.014821951
42,7,none,cz,272,92,1,1,True,0.15306625,0.7657225,0.06619844,0.015012814
42,7,none,cz,273,92,0,2,False,0.37343577,0.017773855,0.58841807,0.020372322
42,7,none,cz,274,92,1,2,False,0.10635007,0.11322051,0.6167874,0.1636421
42,7,none,cz,275,92,3,1,False,0.17008752,0.5402475,0.113879144,0.17578587
42,7,none,cz,276,92,2,3,False,0.24880835,0.340059,0.057865623,0.35326698
42,7,none,cz,277,92,3,3,True,0.011046813,0.08145636,0.10074009,0.80675673
42,7,none,cz,278,92,2,1,False,0.24369839,0.40855965,0.1768717,0.17087029
42,7,none,cz,279,92,3,3,True,0.19732875,0.0019012226,0.14696191,0.6538081
42,7,none,cz,280,92,2,0,False,0.490691,0.09857691,0.31356904,0.097163014
42,7,none,cz,281,92,3,3,True,0.0067070127,0.15969421,0.18278657,0.65081227
42,7,none,cz,282,92,2,1,False,0.18688339,0.54274017,0.21925221,0.051124264
42,7,none,cz,283,92,2,2,True,0.0058973916,0.09849637,0.876104,0.019502277
42,7,none,cz,284,92,3,2,False,0.32368204,0.25809088,0.32678863,0.09143852
42,7,none,cz,285,92,3,3,True,0.009616619,0.32024676,0.033822395,0.6363142
42,7,none,cz,286,92,2,1,False,0.13521124,0.5426894,0.25452787,0.0675715
42,7,none,cz,287,92,2,1,False,0.016250132,0.94317025,0.01941799,0.021161558
42,7,none,cz,288,92,3,3,True,0.22377858,0.26191384,0.09556865,0.4187389
42,7,none,cz,289,92,3,3,True,0.011145667,0.14810298,0.0050330493,0.83571833
42,7,none,cz,290,92,2,1,False,0.12062925,0.41918108,0.07784959,0.3823401
42,7,none,cz,291,92,2,0,False,0.50392276,0.017940959,0.092529684,0.3856066
42,7,none,cz,292,92,3,3,True,0.22353543,0.069935724,0.053959973,0.6525688
42,7,none,cz,293,92,2,1,False,0.06355112,0.7904641,0.027255878,0.118728906
42,7,none,cz,294,93,1,1,True,0.061987866,0.6025844,0.01583592,0.31959176
42,7,none,cz,295,93,0,1,False,0.1604026,0.6935274,0.09489551,0.051174518
42,7,none,cz,296,93,1,1,True,5.2652595e-05,0.9968656,0.00057021005,0.0025115388
42,7,none,cz,297,93,0,0,True,0.44053173,0.37688795,0.054161526,0.12841885
42,7,none,cz,298,93,1,2,False,0.0029328319,0.31011,0.63737553,0.04958162
42,7,none,cz,299,93,0,3,False,0.042316243,0.14886399,0.20206141,0.60675836
42,7,none,cz,300,93,0,0,True,0.98725617,0.011704846,0.00024673765,0.00079217117
42,7,none,cz,301,93,1,1,True,0.011312649,0.63884693,0.07789208,0.27194837
42,7,none,cz,302,93,1,2,False,0.43466538,0.024841048,0.47778755,0.06270609
42,7,none,cz,303,93,0,0,True,0.57871264,0.16438201,0.13718043,0.11972496
42,7,none,cz,304,93,1,1,True,0.0046421527,0.81266135,0.049048584,0.13364787
42,7,none,cz,305,93,0,0,True,0.9988997,0.00041766986,6.39353e-05,0.00061864324
42,7,none,cz,306,93,1,1,True,0.0013437332,0.7697614,0.05378832,0.17510645
42,7,none,cz,307,93,0,0,True,0.9999229,1.0564769e-05,2.1811793e-05,4.4703786e-05
42,7,none,cz,308,93,0,0,True,0.9697468,0.010860255,0.010181834,0.009211048
42,7,none,cz,309,93,3,3,True,0.00083311193,0.034819197,0.0013511648,0.96299654
42,7,none,cz,310,93,2,1,False,0.0018595777,0.83838284,0.094505906,0.06525168
42,7,none,cz,311,93,2,3,False,0.013365575,0.19568649,0.37379593,0.41715196
42,7,none,cz,312,93,3,3,True,0.015073968,0.014806213,0.005419866,0.9646999
42,7,none,cz,313,93,3,3,True,5.5532502e-05,0.0039226925,0.00056914904,0.9954527
42,7,none,cz,314,93,2,1,False,0.07736709,0.39226124,0.36008802,0.17028369
42,7,none,cz,315,93,3,1,False,0.0027485662,0.7765929,0.136558,0.084100604
42,7,none,cz,316,93,2,2,True,7.262988e-05,0.00040195842,0.9995023,2.3173512e-05
42,7,none,cz,317,93,2,2,True,0.22271584,0.047270205,0.6907868,0.039227244
42,7,none,cz,318,93,3,3,True,0.02560456,0.1627662,0.0076303543,0.8039988
42,7,none,cz,319,93,3,0,False,0.6537212,0.025397269,0.0009633917,0.31991816
42,7,none,cz,320,93,2,2,True,0.03666282,0.3638996,0.45433918,0.14509843
42,7,none,cz,321,93,2,0,False,0.44372627,0.011272121,0.44146153,0.10354011
42,7,none,cz,322,93,3,3,True,0.00065076095,0.0019940347,0.001104886,0.99625033
42,7,none,cz,323,93,2,2,True,0.024201883,0.023638962,0.91647226,0.03568691
42,7,none,cz,324,93,0,0,True,0.9994486,4.704485e-05,4.1599567e-05,0.00046270917
42,7,none,cz,325,93,1,3,False,0.0029496623,0.30272043,0.15229839,0.5420315
42,7,none,cz,326,93,1,1,True,7.7242674e-08,0.999783,8.608849e-07,0.00021607957
42,7,none,cz,327,93,0,0,True,0.66173536,0.035611898,0.23249502,0.070157684
42,7,none,cz,328,93,0,0,True,0.8586328,0.0024191309,0.020005902,0.11894221
42,7,none,cz,329,93,1,1,True,0.022150347,0.91249514,0.01827683,0.04707762
42,7,none,cz,330,93,0,3,False,0.12694468,0.22547865,0.31528562,0.33229107
42,7,none,cz,331,93,1,1,True,0.0017909721,0.7560736,0.053866193,0.18826918
42,7,none,cz,332,93,1,1,True,0.004775883,0.5596442,0.29188448,0.14369538
42,7,none,cz,333,93,0,3,False,0.301289,0.07840489,0.105131395,0.51517475
42,7,none,cz,334,93,1,3,False,0.010474604,0.41845444,0.12637259,0.44469842
42,7,none,cz,335,93,0,0,True,0.9244905,0.0013484502,0.06358107,0.01057982
42,7,none,cz,336,93,0,0,True,0.98569554,0.0006450046,0.00047106028,0.013188427
42,7,none,cz,337,93,1,2,False,0.0072834734,0.1245854,0.8124581,0.05567311
42,7,none,cz,338,93,0,3,False,0.13223764,0.0006461659,0.060815968,0.8063002
42,7,none,cz,339,93,2,0,False,0.7205833,0.069380164,0.19829938,0.011737158
42,7,none,cz,340,93,3,3,True,0.0001393991,0.0006611405,0.0011141301,0.9980854
42,7,none,cz,341,93,3,3,True,0.0040737754,0.09131342,0.03975206,0.8648608
42,7,none,cz,342,93,2,2,True,0.086043015,0.18333088,0.3967063,0.33391976
42,7,none,cz,343,93,2,1,False,0.0012635922,0.8478275,0.12316491,0.027743986
42,7,none,cz,344,93,3,3,True,0.0002622602,0.3335986,0.00049628515,0.66564286
42,7,none,cz,345,93,3,3,True,0.00012083176,0.0014273323,0.00023837302,0.9982135
42,7,none,cz,346,93,2,1,False,0.018131519,0.594307,0.33222264,0.055338856
42,7,none,cz,347,93,3,3,True,0.043078087,0.0047737774,0.005554493,0.94659364
42,7,none,cz,348,93,2,1,False,0.010543511,0.4870975,0.08667695,0.41568205
42,7,none,cz,349,93,3,3,True,0.012161644,0.33766,0.15749437,0.49268404
42,7,none,cz,350,93,2,2,True,0.0061639603,0.045894098,0.8659168,0.082025096
42,7,none,cz,351,93,3,3,True,0.0011899042,0.006551058,0.003177352,0.98908174
42,7,none,cz,352,93,2,2,True,0.10821818,0.22113676,0.57555866,0.09508638
42,7,none,cz,353,93,2,3,False,0.04852457,0.1481396,0.32069966,0.48263624
42,7,none,cz,354,93,0,1,False,0.11904553,0.6193054,0.14749545,0.11415366
42,7,none,cz,355,93,1,2,False,0.0023058986,0.3439365,0.5070135,0.14674407
42,7,none,cz,356,93,0,0,True,0.9193103,0.0035052474,0.067410655,0.009773769
42,7,none,cz,357,93,1,1,True,0.0001913642,0.9965276,0.00016320395,0.0031177963
42,7,none,cz,358,93,1,1,True,0.00023555341,0.951918,0.00068596745,0.047160488
42,7,none,cz,359,93,0,0,True,0.86968505,0.068732284,0.011390755,0.050191935
42,7,none,cz,360,93,1,3,False,0.003563654,0.25133863,0.2617711,0.48332667
42,7,none,cz,361,93,0,1,False,0.012411948,0.9280832,0.0017215948,0.05778323
42,7,none,cz,362,93,1,1,True,0.0090079615,0.9745815,0.005223864,0.011186617
42,7,none,cz,363,93,0,0,True,0.9244225,0.0014956988,0.013786542,0.060295288
42,7,none,cz,364,93,0,0,True,0.98480505,0.0037381677,0.0014599704,0.009996797
42,7,none,cz,365,93,1,3,False,0.0008379471,0.08038415,0.10399258,0.8147853
42,7,none,cz,366,93,1,1,True,8.341712e-05,0.9795869,0.0010235388,0.01930622
42,7,none,cz,367,93,0,1,False,0.052524004,0.70503616,0.090550564,0.15188923
42,7,none,cz,368,93,1,1,True,0.0038762833,0.9569792,0.030398216,0.008746371
42,7,none,cz,369,93,2,0,False,0.6052914,0.11686643,0.08872483,0.18911731
42,7,none,cz,370,93,3,2,False,0.034345064,0.11129127,0.510829,0.34353465
42,7,none,cz,371,93,3,3,True,0.0015605184,0.0062191556,0.004305146,0.98791516
42,7,none,cz,372,93,2,1,False,0.046929825,0.93664545,0.014288023,0.002136635
42,7,none,cz,373,93,3,1,False,0.00023068213,0.8753019,0.000328507,0.124138914
42,7,none,cz,374,93,2,1,False,0.00042787218,0.99390477,0.0035194226,0.002147938
42,7,none,cz,375,93,2,2,True,0.08830855,0.04743861,0.6890488,0.175204
42,7,none,cz,376,93,3,3,True,7.250299e-05,0.027538683,0.0018972448,0.9704916
42,7,none,cz,377,93,3,3,True,3.444578e-05,0.01569763,0.0013260978,0.9829418
42,7,none,cz,378,93,2,2,True,0.0066327634,0.016793355,0.7483564,0.22821754
42,7,none,cz,379,93,2,2,True,0.02360356,0.19348766,0.4682582,0.31465057
42,7,none,cz,380,93,3,3,True,0.02176424,0.02312383,0.037633214,0.91747874
42,7,none,cz,381,93,3,3,True,0.006699072,0.009179464,0.13394408,0.85017735
42,7,none,cz,382,93,2,1,False,2.0184607e-05,0.998769,0.00096919376,0.00024151924
42,7,none,cz,383,93,3,2,False,0.019544622,0.012529775,0.68978935,0.27813628
42,7,none,cz,384,94,0,0,True,0.99844116,0.0005165945,0.0009923865,4.988857e-05
42,7,none,cz,385,94,1,1,True,0.0003552235,0.98076296,0.018372256,0.0005094982
42,7,none,cz,386,94,1,1,True,0.036268454,0.49587053,0.34787774,0.1199833
42,7,none,cz,387,94,0,0,True,0.9997609,0.00016064839,6.185708e-05,1.6513359e-05
42,7,none,cz,388,94,1,1,True,0.003446315,0.690771,0.2676182,0.038164534
42,7,none,cz,389,94,0,0,True,0.99441904,0.0038169087,0.0010170902,0.000747003
42,7,none,cz,390,94,1,2,False,0.033337798,0.013727422,0.9487227,0.00421207
42,7,none,cz,391,94,0,0,True,0.99947923,9.301237e-05,0.00023539954,0.00019227505
42,7,none,cz,392,94,1,2,False,0.03439307,0.34495747,0.5239561,0.09669334
42,7,none,cz,393,94,0,0,True,0.8329993,0.06637912,0.10034574,0.0002758971
42,7,none,cz,394,94,0,0,True,0.9984124,0.000167853,0.0006351217,0.00078469113
42,7,none,cz,395,94,1,2,False,0.047596756,0.28598472,0.6303053,0.036113277
42,7,none,cz,396,94,1,1,True,0.029643517,0.9358669,0.0139681995,0.02052139
42,7,none,cz,397,94,0,0,True,0.9395532,0.0015949812,0.041133717,0.017718123
42,7,none,cz,398,94,1,1,True,0.05698102,0.52062845,0.10788757,0.31450298
42,7,none,cz,399,94,2,2,True,0.0041035064,0.12679335,0.8551978,0.01390537
42,7,none,cz,400,94,3,3,True,0.024701593,0.17602992,0.08594989,0.7133186
42,7,none,cz,401,94,3,3,True,6.315792e-05,0.0046666143,0.00015447897,0.99511576
42,7,none,cz,402,94,2,2,True,0.0066650975,0.03391063,0.9556453,0.0037789312
42,7,none,cz,403,94,3,3,True,0.063744076,0.10907084,0.08043629,0.7467488
42,7,none,cz,404,94,2,2,True,0.041707553,0.26071,0.59506845,0.10251394
42,7,none,cz,405,94,2,2,True,0.0014218489,0.07229859,0.91336936,0.012910123
42,7,none,cz,406,94,3,1,False,0.0031682088,0.50076914,0.019641975,0.47642064
42,7,none,cz,407,94,2,2,True,0.11477144,0.03652663,0.66987705,0.17882487
42,7,none,cz,408,94,3,3,True,0.011026378,0.027895514,0.036289815,0.92478836
42,7,none,cz,409,94,3,3,True,0.0016805948,0.0049591805,0.007586085,0.98577416
42,7,none,cz,410,94,2,2,True,0.030498577,0.10014978,0.85686016,0.0124914665
42,7,none,cz,411,94,3,3,True,0.046901755,0.0559489,0.16464706,0.7325023
42,7,none,cz,412,94,2,0,False,0.647973,0.11861147,0.09384415,0.13957135
42,7,none,cz,413,94,3,2,False,0.01055659,0.45989963,0.49019146,0.039352413
42,7,none,cz,414,94,1,1,True,0.00055153767,0.9956071,0.003139841,0.0007015884
42,7,none,cz,415,94,0,1,False,0.024233136,0.965076,0.010504767,0.00018597324
42,7,none,cz,416,94,1,1,True,0.0015948993,0.9960453,0.00228953,7.024615e-05
42,7,none,cz,417,94,0,0,True,0.7542648,0.15728033,0.07939071,0.009064173
42,7,none,cz,418,94,0,0,True,0.98095095,0.0013533927,0.017647982,4.7613437e-05
42,7,none,cz,419,94,1,1,True,1.8939872e-05,0.9906595,0.008668285,0.0006534562
42,7,none,cz,420,94,1,3,False,0.069936395,0.26879743,0.18537386,0.47589236
42,7,none,cz,421,94,0,0,True,0.99211806,0.0011921827,0.0061324374,0.00055739674
42,7,none,cz,422,94,0,0,True,0.8465918,0.1379044,0.015411224,9.251157e-05
42,7,none,cz,423,94,1,2,False,0.34531885,0.026475828,0.59393865,0.034266718
42,7,none,cz,424,94,1,1,True,6.623817e-06,0.9992824,0.0006902949,2.058905e-05
42,7,none,cz,425,94,0,1,False,0.016968926,0.72419953,0.2382934,0.020538112
42,7,none,cz,426,94,1,1,True,0.008648986,0.7422838,0.24352372,0.005543433
42,7,none,cz,427,94,0,0,True,0.98232687,5.5952238e-05,0.015514591,0.0021025867
42,7,none,cz,428,94,1,2,False,0.022073224,0.014560439,0.9419759,0.021390446
42,7,none,cz,429,94,3,3,True,0.082808346,0.020680957,0.055793617,0.8407171
42,7,none,cz,430,94,2,2,True,0.32987303,0.01114261,0.65598613,0.002998202
42,7,none,cz,431,94,3,3,True,0.00057473656,0.20437042,0.040676,0.7543788
42,7,none,cz,432,94,2,2,True,0.00057537475,0.015708255,0.9784903,0.0052260472
42,7,none,cz,433,94,3,3,True,0.00085870706,0.059818268,0.0052176677,0.93410534
42,7,none,cz,434,94,2,2,True,0.005207947,0.060976822,0.92408204,0.009733244
42,7,none,cz,435,94,2,2,True,0.011684919,0.07791484,0.8331653,0.07723496
42,7,none,cz,436,94,3,3,True,0.009451519,0.1699598,0.2816114,0.53897727
42,7,none,cz,437,94,3,3,True,0.0061579403,0.29211694,0.004695525,0.6970296
42,7,none,cz,438,94,2,2,True,0.018045181,0.24324174,0.6968984,0.041814703
42,7,none,cz,439,94,3,3,True,0.026188744,0.12594685,0.069804765,0.77805966
42,7,none,cz,440,94,2,2,True,0.19821759,0.04661695,0.7051823,0.04998321
42,7,none,cz,441,94,3,2,False,0.009807661,0.018262343,0.78794307,0.18398695
42,7,none,cz,442,94,2,2,True,0.0022136967,0.016788112,0.97822124,0.00277687
42,7,none,cz,443,94,2,3,False,0.13845065,0.19704492,0.04631866,0.61818576
42,7,none,cz,444,94,0,0,True,0.98435056,0.011256413,0.0041274675,0.00026549643
42,7,none,cz,445,94,1,2,False,0.24819863,0.12635599,0.6204421,0.0050032577
42,7,none,cz,446,94,1,1,True,0.00069717603,0.6606799,0.33587292,0.0027500393
42,7,none,cz,447,94,0,0,True,0.7084623,0.0024588958,0.2866184,0.0024604474
42,7,none,cz,448,94,1,1,True,0.0016272459,0.84049517,0.120431304,0.037446357
42,7,none,cz,449,94,0,0,True,0.8105171,0.008789387,0.16243322,0.01826024
42,7,none,cz,450,94,1,1,True,0.17418467,0.42443544,0.34396207,0.05741789
42,7,none,cz,451,94,0,2,False,0.33840603,0.007851419,0.64004344,0.01369912
42,7,none,cz,452,94,1,1,True,0.1367179,0.42485365,0.1464874,0.291941
42,7,none,cz,453,94,0,2,False,0.084858954,0.08784684,0.76730275,0.05999144
42,7,none,cz,454,94,1,1,True,0.018393112,0.5299854,0.32824892,0.12337257
42,7,none,cz,455,94,0,0,True,0.99569356,0.00010405473,0.003768325,0.0004339703
42,7,none,cz,456,94,0,0,True,0.46735156,0.22794116,0.29988214,0.0048251874
42,7,none,cz,457,94,1,3,False,0.004739505,0.011701126,0.06231161,0.9212478
42,7,none,cz,458,94,0,2,False,0.028925855,0.027209934,0.8162952,0.12756896
42,7,none,cz,459,94,2,2,True,0.0047781756,0.013574972,0.97805446,0.0035923542
42,7,none,cz,460,94,3,2,False,0.00043021652,0.048676517,0.8902794,0.060613897
42,7,none,cz,461,94,2,2,True,0.044711977,0.05765836,0.89274186,0.004887825
42,7,none,cz,462,94,3,2,False,0.31881502,0.118934385,0.54932886,0.012921699
42,7,none,cz,463,94,2,2,True,0.062581114,0.40163457,0.52891535,0.0068689724
42,7,none,cz,464,94,3,3,True,0.0074362974,0.028231777,0.11156747,0.8527644
42,7,none,cz,465,94,3,3,True,0.013219098,0.3258631,0.11296931,0.54794854
42,7,none,cz,466,94,2,2,True,0.014768257,0.0060737515,0.9175576,0.06160038
42,7,none,cz,467,94,2,2,True,0.0016873159,0.0038041314,0.9783935,0.01611505
42,7,none,cz,468,94,3,3,True,0.0156128025,0.0030970494,0.4239413,0.5573488
42,7,none,cz,469,94,3,3,True,0.004466493,0.12754503,0.027843826,0.84014463
42,7,none,cz,470,94,2,2,True,0.007161901,0.05059322,0.8606897,0.081555225
42,7,none,cz,471,94,2,3,False,0.06016629,0.05146105,0.36023596,0.5281367
42,7,none,cz,472,94,3,2,False,0.008034258,0.3052598,0.35092065,0.33578533
42,7,none,cz,473,94,3,2,False,0.04653889,0.44603294,0.45921826,0.04820996
42,7,none,cz,474,95,0,0,True,0.9760366,0.020074679,0.0018154149,0.0020732796
42,7,none,cz,475,95,1,1,True,0.023341455,0.7730717,0.0056703575,0.19791651
42,7,none,cz,476,95,1,1,True,0.00017829493,0.99777657,0.00088066567,0.001164486
42,7,none,cz,477,95,0,0,True,0.9770123,0.0026415442,0.001814079,0.018532015
42,7,none,cz,478,95,0,0,True,0.9979261,0.0008204306,0.00020714178,0.0010463053
42,7,none,cz,479,95,1,1,True,0.012383039,0.9749453,0.0023824268,0.0102892285
42,7,none,cz,480,95,0,0,True,0.98855525,0.005889008,0.0009396761,0.0046160487
42,7,none,cz,481,95,1,1,True,0.0039468,0.9455069,0.0009124995,0.049633797
42,7,none,cz,482,95,0,0,True,0.9980414,0.0009226109,0.00040018203,0.0006356869
42,7,none,cz,483,95,1,3,False,0.0023066534,0.036131017,0.010714961,0.95084745
42,7,none,cz,484,95,1,1,True,0.004609186,0.90877074,0.007671527,0.07894855
42,7,none,cz,485,95,0,0,True,0.9995536,4.471207e-06,0.00013968433,0.00030222154
42,7,none,cz,486,95,0,0,True,0.99424815,0.0019639,0.0010094686,0.0027784884
42,7,none,cz,487,95,1,1,True,0.012022546,0.7068341,0.022056337,0.25908694
42,7,none,cz,488,95,1,1,True,0.00045664972,0.86912024,0.049506895,0.080916055
42,7,none,cz,489,95,2,3,False,0.015236351,0.04571387,0.05032636,0.88872343
42,7,none,cz,490,95,3,3,True,0.018612716,0.10850191,0.14150967,0.7313757
42,7,none,cz,491,95,2,1,False,0.013058823,0.47827157,0.2616161,0.24705346
42,7,none,cz,492,95,3,3,True,0.0005762526,0.00017377829,6.618248e-05,0.99918383
42,7,none,cz,493,95,3,3,True,8.789064e-05,0.014995999,0.00010856192,0.9848075
42,7,none,cz,494,95,2,3,False,0.15087931,0.020105194,0.019912131,0.80910337
42,7,none,cz,495,95,2,3,False,0.004159956,0.034343973,0.4743639,0.48713213
42,7,none,cz,496,95,3,3,True,0.016778937,0.0020849218,0.00026208078,0.9808741
42,7,none,cz,497,95,3,3,True,8.674142e-05,0.0008271842,0.010400848,0.98868525
42,7,none,cz,498,95,2,3,False,0.0010343798,0.1210245,0.04896368,0.8289774
42,7,none,cz,499,95,3,3,True,0.00040579058,0.07610922,0.0014164497,0.92206854
42,7,none,cz,500,95,2,3,False,0.000630668,0.0010197825,0.035250574,0.96309906
42,7,none,cz,501,95,3,3,True,0.004050535,0.003989446,0.003541351,0.98841864
42,7,none,cz,502,95,2,3,False,0.005973543,0.018665083,0.13031349,0.8450479
42,7,none,cz,503,95,2,3,False,0.02127784,0.055519633,0.011751648,0.91145086
42,7,none,cz,504,95,1,1,True,0.00037881645,0.8267866,0.024591492,0.14824314
42,7,none,cz,505,95,0,3,False,0.3936707,0.0024079934,0.0015048188,0.6024165
42,7,none,cz,506,95,1,3,False,0.0032617534,0.41881695,0.004677369,0.573244
42,7,none,cz,507,95,0,3,False,0.3828067,0.0026076008,0.054718327,0.5598674
42,7,none,cz,508,95,0,0,True,0.9733041,0.00075151055,0.00029532786,0.025649138
42,7,none,cz,509,95,1,3,False,0.0051249675,0.0473125,0.0032226655,0.9443399
42,7,none,cz,510,95,1,3,False,0.001196255,0.06790715,0.00869571,0.9222009
42,7,none,cz,511,95,0,0,True,0.84410787,6.9114525e-05,0.00066839054,0.15515465
42,7,none,cz,512,95,0,3,False,0.1805315,0.02262566,0.059557334,0.7372855
42,7,none,cz,513,95,1,3,False,0.0031860075,0.2903517,0.044067316,0.66239494
42,7,none,cz,514,95,0,0,True,0.9009616,0.0003170867,0.0025576744,0.09616367
42,7,none,cz,515,95,1,1,True,0.0007406677,0.7646183,0.06961135,0.16502972
42,7,none,cz,516,95,0,3,False,0.39416733,0.0796021,0.0106052505,0.51562536
42,7,none,cz,517,95,1,1,True,0.0022020345,0.59556484,0.29886708,0.10336599
42,7,none,cz,518,95,0,0,True,0.73813987,0.0018814785,0.026536629,0.23344205
42,7,none,cz,519,95,3,3,True,3.056046e-05,0.011885761,0.00071206095,0.9873717
42,7,none,cz,520,95,2,3,False,0.011382317,0.00036362154,0.048944518,0.93930954
42,7,none,cz,521,95,3,3,True,3.55577e-05,0.047699593,0.010217372,0.9420475
42,7,none,cz,522,95,2,0,False,0.46673524,0.0019018846,0.21580234,0.31556055
42,7,none,cz,523,95,2,2,True,0.059878875,0.02188637,0.7779453,0.1402895
42,7,none,cz,524,95,3,3,True,0.006401821,0.48526952,0.022642383,0.48568633
42,7,none,cz,525,95,2,2,True,0.010791284,0.11430068,0.8325604,0.042347673
42,7,none,cz,526,95,3,3,True,0.0019029767,0.18053539,0.0052729356,0.8122887
42,7,none,cz,527,95,2,3,False,0.025885712,0.015927605,0.1770556,0.7811311
42,7,none,cz,528,95,3,3,True,3.188276e-05,0.004545127,0.00039550423,0.9950275
42,7,none,cz,529,95,2,0,False,0.50783485,0.104318455,0.25877413,0.12907258
42,7,none,cz,530,95,3,3,True,0.0035364782,0.0025811067,0.013903498,0.9799789
42,7,none,cz,531,95,2,3,False,0.00015095413,0.011502317,0.0047129486,0.9836338
42,7,none,cz,532,95,3,3,True,0.004114291,0.12240851,0.040687863,0.83278936
42,7,none,cz,533,95,3,3,True,0.00033540183,0.058170736,0.17425966,0.7672342
42,7,none,cz,534,95,0,3,False,0.12054623,0.29160014,0.09046097,0.49739262
42,7,none,cz,535,95,1,3,False,0.09584663,0.007806676,0.02683027,0.8695164
42,7,none,cz,536,95,1,3,False,0.005101348,0.0009014403,0.00032982635,0.9936674
42,7,none,cz,537,95,0,3,False,0.33385727,0.01055566,0.09336767,0.5622194
42,7,none,cz,538,95,0,3,False,0.042358745,0.006229118,0.028165227,0.923247
42,7,none,cz,539,95,1,1,True,0.12652075,0.4966998,0.04250042,0.33427906
42,7,none,cz,540,95,1,3,False,0.00059604243,0.006859762,0.0009205127,0.9916237
42,7,none,cz,541,95,0,0,True,0.598881,0.005771828,0.28371745,0.11162967
42,7,none,cz,542,95,0,2,False,0.07218219,0.3089424,0.40568885,0.2131865
42,7,none,cz,543,95,1,3,False,0.007365563,0.3527358,0.0030692832,0.6368294
42,7,none,cz,544,95,0,3,False,0.09090662,0.0177314,0.21902996,0.672332
42,7,none,cz,545,95,1,3,False,0.24730493,0.02263041,0.2285224,0.50154227
42,7,none,cz,546,95,1,1,True,0.10653145,0.45551625,0.1383872,0.29956508
42,7,none,cz,547,95,0,2,False,0.0072831516,0.15460102,0.4758923,0.3622235
42,7,none,cz,548,95,0,0,True,0.50037897,0.014460493,0.4431565,0.042004045
42,7,none,cz,549,95,2,2,True,0.0065493393,0.11212452,0.5669749,0.3143512
42,7,none,cz,550,95,3,3,True,0.03955322,0.3630587,0.048990004,0.54839814
42,7,none,cz,551,95,3,3,True,0.021606179,0.11579971,0.008413988,0.8541801
42,7,none,cz,552,95,2,3,False,0.36135167,0.056084536,0.16202995,0.4205338
42,7,none,cz,553,95,2,3,False,0.0067655654,0.036223806,0.047688406,0.9093222
42,7,none,cz,554,95,3,3,True,0.0027476144,0.006371046,0.00062343286,0.99025786
42,7,none,cz,555,95,2,1,False,0.009189753,0.5188261,0.27479374,0.19719039
42,7,none,cz,556,95,3,3,True,0.00284137,0.069032714,0.0016924351,0.9264335
42,7,none,cz,557,95,2,2,True,0.030549634,0.3135563,0.44900107,0.206893
42,7,none,cz,558,95,3,1,False,0.00044064922,0.73689824,0.006512324,0.25614882
42,7,none,cz,559,95,2,3,False,0.01553546,0.035335653,0.15531653,0.79381233
42,7,none,cz,560,95,3,3,True,0.011558351,0.028973697,0.034824427,0.9246435
42,7,none,cz,561,95,3,3,True,0.0052593667,0.09750029,0.23824453,0.6589958
42,7,none,cz,562,95,2,2,True,0.0026820092,0.40443924,0.48984247,0.103036255
42,7,none,cz,563,95,3,3,True,3.8380716e-05,0.0025233203,0.0024108456,0.9950275
42,7,none,cz,564,96,1,1,True,0.0014919401,0.9950106,0.0026495103,0.00084795314
42,7,none,cz,565,96,0,0,True,0.9343,0.03092843,0.03287488,0.0018966761
42,7,none,cz,566,96,0,0,True,0.88830805,0.051098052,0.03243925,0.028154671
42,7,none,cz,567,96,1,1,True,0.0009805162,0.9031604,0.033663467,0.062195603
42,7,none,cz,568,96,1,1,True,0.00012915662,0.99644166,0.002002124,0.0014271126
42,7,none,cz,569,96,0,3,False,0.34220168,0.0014249836,0.19587195,0.4605013
42,7,none,cz,570,96,1,1,True,0.00020876128,0.99850416,0.00085397286,0.0004331932
42,7,none,cz,571,96,0,0,True,0.98321897,0.00013444443,0.010389077,0.006257562
42,7,none,cz,572,96,0,0,True,0.51249665,0.0654807,0.2684243,0.15359835
42,7,none,cz,573,96,1,1,True,0.00012951109,0.9979279,0.0017416955,0.0002008451
42,7,none,cz,574,96,1,1,True,0.00033563867,0.99799275,0.0015242377,0.00014734444
42,7,none,cz,575,96,0,0,True,0.66533715,0.0007380285,0.33276305,0.001161762
42,7,none,cz,576,96,0,0,True,0.5380319,0.030803679,0.012139,0.41902536
42,7,none,cz,577,96,1,1,True,0.0029819487,0.80945873,0.043822423,0.14373681
42,7,none,cz,578,96,1,1,True,8.267027e-05,0.8257839,0.004311358,0.16982204
42,7,none,cz,579,96,3,3,True,0.0010017906,0.038406745,0.059708074,0.9008834
42,7,none,cz,580,96,2,2,True,0.0029567578,0.00031188162,0.99639064,0.00034064922
42,7,none,cz,581,96,3,2,False,0.0032938097,0.10888153,0.8355052,0.05231949
42,7,none,cz,582,96,2,2,True,0.007198529,0.0042434493,0.86270094,0.12585708
42,7,none,cz,583,96,2,2,True,0.040761393,0.01385341,0.5041783,0.4412069
42,7,none,cz,584,96,3,2,False,0.01437135,0.0046597645,0.84592444,0.13504443
42,7,none,cz,585,96,3,3,True,0.13365069,0.07757275,0.1659421,0.62283444
42,7,none,cz,586,96,2,2,True,0.0044272873,0.008307174,0.91553384,0.07173173
42,7,none,cz,587,96,3,3,True,0.013354545,0.0024407823,0.030698087,0.95350665
42,7,none,cz,588,96,2,1,False,0.011203224,0.5667442,0.36173078,0.060321793
42,7,none,cz,589,96,2,2,True,0.012064119,0.0800664,0.90748924,0.00038031078
42,7,none,cz,590,96,3,3,True,0.094440915,0.34685045,0.042993646,0.51571494
42,7,none,cz,591,96,3,3,True,0.009164988,0.011980125,0.061368737,0.91748613
42,7,none,cz,592,96,2,2,True,0.1063211,0.22426762,0.38235185,0.28705943
42,7,none,cz,593,96,3,3,True,0.014382757,0.31516454,0.1370287,0.533424
42,7,none,cz,594,96,0,0,True,0.7938575,0.0038258855,0.19033045,0.011986071
42,7,none,cz,595,96,1,2,False,0.028825201,0.042507704,0.924645,0.0040220497
42,7,none,cz,596,96,1,3,False,0.017386476,0.22837235,0.09855524,0.6556859
42,7,none,cz,597,96,0,0,True,0.93457305,0.00010558051,0.04138342,0.023938002
42,7,none,cz,598,96,1,1,True,0.06763428,0.9084113,0.014095502,0.009858906
42,7,none,cz,599,96,0,3,False,0.21733671,0.013640404,0.14968242,0.61934054
42,7,none,cz,600,96,0,0,True,0.7303098,0.0003032408,0.26691988,0.0024670826
42,7,none,cz,601,96,1,1,True,0.0014752061,0.9944125,0.0009864154,0.0031259793
42,7,none,cz,602,96,0,0,True,0.88430953,0.034768794,0.07420088,0.0067206933
42,7,none,cz,603,96,1,1,True,0.004310171,0.92076415,0.072800726,0.0021249678
42,7,none,cz,604,96,1,1,True,0.00071159756,0.812758,0.025584245,0.16094615
42,7,none,cz,605,96,0,0,True,0.90973794,7.80598e-05,0.026676796,0.063507155
42,7,none,cz,606,96,1,3,False,0.008658379,0.18373607,0.25320733,0.5543982
42,7,none,cz,607,96,0,3,False,0.2365718,0.00061036315,0.36653456,0.3962833
42,7,none,cz,608,96,0,0,True,0.6858706,0.0006271843,0.15010817,0.16339405
42,7,none,cz,609,96,3,3,True,0.044163886,0.0097391335,0.01925528,0.92684174
42,7,none,cz,610,96,2,2,True,0.00064224686,0.009110942,0.9867867,0.0034600676
42,7,none,cz,611,96,3,1,False,0.05978483,0.62949413,0.28592595,0.024795096
42,7,none,cz,612,96,2,0,False,0.4533203,0.028397208,0.12989801,0.3883845
42,7,none,cz,613,96,3,3,True,0.008576377,0.23199682,0.0053336564,0.75409317
42,7,none,cz,614,96,2,2,True,0.0020935603,0.001320431,0.9919784,0.004607616
42,7,none,cz,615,96,2,2,True,0.00288015,0.011071453,0.83576536,0.15028298
42,7,none,cz,616,96,3,2,False,0.015255979,0.0032174387,0.69939756,0.282129
42,7,none,cz,617,96,2,2,True,0.028050749,0.007011356,0.7670001,0.19793783
42,7,none,cz,618,96,3,0,False,0.66047657,0.054822877,0.05985845,0.22484204
42,7,none,cz,619,96,2,2,True,0.01606021,0.0030527073,0.55197054,0.42891654
42,7,none,cz,620,96,3,3,True,0.049024414,0.008391941,0.012430056,0.9301536
42,7,none,cz,621,96,2,0,False,0.8160846,0.014664062,0.12654759,0.04270374
42,7,none,cz,622,96,3,3,True,0.021644033,0.018304253,0.023941657,0.9361101
42,7,none,cz,623,96,3,3,True,0.023807127,0.02451291,0.16868642,0.78299356
42,7,none,cz,624,96,1,1,True,0.00047138726,0.94267803,0.022674836,0.0341757
42,7,none,cz,625,96,0,0,True,0.8714872,0.00086458435,0.07986283,0.04778532
42,7,none,cz,626,96,1,2,False,0.09226131,0.025802001,0.8736002,0.008336495
42,7,none,cz,627,96,0,2,False,0.25720227,0.24877149,0.4917568,0.0022693835
42,7,none,cz,628,96,1,1,True,0.026298597,0.6818297,0.17214091,0.11973076
42,7,none,cz,629,96,0,0,True,0.9705837,0.0027046064,0.00914946,0.017562274
42,7,none,cz,630,96,0,0,True,0.98459744,3.43337e-05,0.015304472,6.3622356e-05
42,7,none,cz,631,96,1,1,True,0.1214792,0.7104581,0.033459395,0.13460335
42,7,none,cz,632,96,1,1,True,0.00014009552,0.99450964,0.0030058878,0.0023444218
42,7,none,cz,633,96,0,0,True,0.86432654,0.056625605,0.036412705,0.042635154
42,7,none,cz,634,96,0,0,True,0.99707294,4.6985777e-05,0.0027977547,8.232188e-05
42,7,none,cz,635,96,1,1,True,0.00020179302,0.98990834,0.0037692657,0.0061206263
42,7,none,cz,636,96,1,1,True,0.0005769337,0.91617817,0.07919796,0.0040469496
42,7,none,cz,637,96,0,0,True,0.94804627,0.050407566,0.0011317674,0.0004144427
42,7,none,cz,638,96,0,0,True,0.54730326,0.094262615,0.14581215,0.212622
42,7,none,cz,639,96,2,2,True,0.0007087764,0.08751702,0.91062576,0.0011483794
42,7,none,cz,640,96,3,2,False,0.0108997915,0.013656157,0.8898816,0.08556243
42,7,none,cz,641,96,2,2,True,0.1141922,0.0050429716,0.79810196,0.08266285
42,7,none,cz,642,96,3,3,True,0.005129786,0.13570699,0.37313825,0.486025
42,7,none,cz,643,96,3,3,True,0.098955065,0.031930503,0.020191912,0.84892255
42,7,none,cz,644,96,2,2,True,0.004437245,0.21273239,0.7679686,0.014861755
42,7,none,cz,645,96,3,3,True,0.18131867,0.07579879,0.03078846,0.71209407
42,7,none,cz,646,96,2,1,False,0.025529299,0.5589731,0.38624996,0.029247694
42,7,none,cz,647,96,2,2,True,0.006064078,0.019455886,0.9627528,0.011727213
42,7,none,cz,648,96,3,2,False,0.29807267,0.23859936,0.387403,0.07592491
42,7,none,cz,649,96,2,3,False,0.015381238,0.10022481,0.38695705,0.4974369
42,7,none,cz,650,96,3,3,True,0.02274102,0.0083690975,0.1723373,0.79655254
42,7,none,cz,651,96,2,2,True,0.036070023,0.10157201,0.7469855,0.115372464
42,7,none,cz,652,96,3,0,False,0.34570703,0.05153278,0.3019121,0.30084807
42,7,none,cz,653,96,3,1,False,0.006054131,0.7765656,0.06536836,0.15201186
42,7,none,cz,654,97,0,0,True,0.9267017,0.03502673,0.0039192387,0.034352273
42,7,none,cz,655,97,1,1,True,0.005423577,0.9456245,0.0034618871,0.045490205
42,7,none,cz,656,97,1,1,True,0.047308307,0.9171418,0.0041958643,0.03135412
42,7,none,cz,657,97,0,1,False,0.39817345,0.493591,0.056287173,0.05194835
42,7,none,cz,658,97,0,0,True,0.99119884,0.00084701437,0.004027735,0.0039264294
42,7,none,cz,659,97,1,1,True,0.00027303054,0.9868428,0.0014743347,0.011409761
42,7,none,cz,660,97,0,0,True,0.47582623,0.12380225,0.33651096,0.06386056
42,7,none,cz,661,97,1,1,True,4.2940028e-05,0.9861859,0.002885751,0.010885296
42,7,none,cz,662,97,0,3,False,0.03491708,0.27064764,0.06914968,0.6252856
42,7,none,cz,663,97,1,1,True,0.02736038,0.7681671,0.002087319,0.20238525
42,7,none,cz,664,97,1,1,True,0.00033443372,0.9980526,3.8850732e-05,0.0015740099
42,7,none,cz,665,97,0,0,True,0.74085414,0.007603008,0.0040335585,0.24750921
42,7,none,cz,666,97,1,2,False,0.17964604,0.071214736,0.3919545,0.3571847
42,7,none,cz,667,97,0,3,False,0.08211697,0.24433194,0.024508039,0.6490431
42,7,none,cz,668,97,0,0,True,0.7571101,0.22648242,0.0014856249,0.014921876
42,7,none,cz,669,97,3,3,True,0.1528174,0.15986845,0.029328337,0.65798575
42,7,none,cz,670,97,2,0,False,0.4984116,0.16460475,0.02118187,0.3158019
42,7,none,cz,671,97,3,3,True,0.00024929916,0.03362419,0.0021560125,0.9639705
42,7,none,cz,672,97,2,1,False,0.00085335923,0.803951,0.0120500615,0.18314558
42,7,none,cz,673,97,3,1,False,0.04074154,0.5306124,0.0005960112,0.42804995
42,7,none,cz,674,97,2,3,False,0.056830972,0.27077603,0.051193684,0.6211993
42,7,none,cz,675,97,3,3,True,0.0070756557,0.327534,0.31269926,0.35269105
42,7,none,cz,676,97,2,1,False,0.002756552,0.8838845,0.0018956657,0.11146339
42,7,none,cz,677,97,3,1,False,0.005457973,0.591626,0.10780979,0.29510626
42,7,none,cz,678,97,2,1,False,0.07633056,0.49378225,0.2914674,0.13841984
42,7,none,cz,679,97,3,3,True,0.018528119,0.004308502,0.00081217807,0.97635114
42,7,none,cz,680,97,2,3,False,0.000795027,0.0016586861,6.2126266e-05,0.9974841
42,7,none,cz,681,97,3,3,True,0.01944413,0.0057440917,0.0051503135,0.9696614
42,7,none,cz,682,97,2,1,False,0.00018115163,0.79888946,0.027359692,0.17356972
42,7,none,cz,683,97,2,1,False,0.003434381,0.92881936,0.0034157492,0.06433046
42,7,none,cz,684,97,0,1,False,0.055243842,0.61800236,0.056689207,0.27006462
42,7,none,cz,685,97,1,0,False,0.5063862,0.45319963,0.0351909,0.005223231
42,7,none,cz,686,97,1,1,True,0.0007195433,0.99025434,0.00061997114,0.0084061595
42,7,none,cz,687,97,0,3,False,0.37643668,0.048241075,0.045967735,0.5293545
42,7,none,cz,688,97,1,1,True,0.027926965,0.56807584,0.026320208,0.377677
42,7,none,cz,689,97,0,0,True,0.7515324,0.09632714,0.050686654,0.1014538
42,7,none,cz,690,97,1,3,False,0.0046926793,0.027983863,0.13639876,0.83092475
42,7,none,cz,691,97,0,3,False,0.0124369785,0.012642552,0.010738409,0.9641821
42,7,none,cz,692,97,1,1,True,0.012832116,0.7450246,0.0034588724,0.2386844
42,7,none,cz,693,97,0,3,False,0.06810384,0.010555083,0.008339313,0.9130017
42,7,none,cz,694,97,0,0,True,0.8670179,0.03547119,0.06672525,0.030785706
42,7,none,cz,695,97,1,1,True,0.0018266585,0.7846163,0.0393897,0.17416745
42,7,none,cz,696,97,0,3,False,0.009427193,0.0023016422,0.0008815232,0.9873897
42,7,none,cz,697,97,1,1,True,0.014575395,0.93499804,0.0020273987,0.048399203
42,7,none,cz,698,97,1,3,False,0.00024216661,0.16346118,0.00016894219,0.83612764
42,7,none,cz,699,97,3,3,True,0.0015192587,0.13211317,0.09003258,0.77633494
42,7,none,cz,700,97,2,0,False,0.58341503,0.0722338,0.20537259,0.13897854
42,7,none,cz,701,97,2,1,False,0.032610565,0.53927875,0.0804942,0.34761652
42,7,none,cz,702,97,3,3,True,0.0011329901,0.124325186,0.103416085,0.77112573
42,7,none,cz,703,97,3,1,False,0.011297948,0.8794351,0.054471035,0.05479588
42,7,none,cz,704,97,2,1,False,0.0053871986,0.96362984,0.0018350262,0.029147873
42,7,none,cz,705,97,2,3,False,0.0010253845,0.30597794,0.12581082,0.5671859
42,7,none,cz,706,97,3,3,True,0.03487706,0.3136557,0.11973871,0.5317285
42,7,none,cz,707,97,2,3,False,0.007878781,0.056819994,0.4390041,0.4962971
42,7,none,cz,708,97,3,3,True,0.0006628115,0.3315833,0.011971428,0.65578246
42,7,none,cz,709,97,3,3,True,0.01059767,0.006336425,0.011971198,0.97109467
42,7,none,cz,710,97,2,3,False,0.0052281385,0.11312753,0.21084191,0.6708024
42,7,none,cz,711,97,3,3,True,0.08437747,0.07106222,0.2561488,0.58841157
42,7,none,cz,712,97,2,3,False,0.36098397,0.028808018,0.15635261,0.45385543
42,7,none,cz,713,97,3,1,False,0.01818796,0.5136284,0.0031395797,0.465044
42,7,none,cz,714,97,1,3,False,0.0071707154,0.27047104,0.096318156,0.6260401
42,7,none,cz,715,97,0,1,False,0.016683767,0.64065665,0.31518173,0.027477857
42,7,none,cz,716,97,1,1,True,0.0053550773,0.9373132,0.0117000565,0.045631725
42,7,none,cz,717,97,0,0,True,0.87508017,0.1169707,0.0048402823,0.003108851
42,7,none,cz,718,97,1,2,False,0.029016104,0.24714002,0.5459104,0.1779335
42,7,none,cz,719,97,0,3,False,0.2741994,0.041163977,0.014232468,0.6704042
42,7,none,cz,720,97,0,0,True,0.60396886,0.007418716,0.005012701,0.38359973
42,7,none,cz,721,97,1,1,True,0.0027849113,0.9144057,0.019650646,0.06315874
42,7,none,cz,722,97,1,1,True,0.00025136437,0.83654994,0.017255368,0.14594336
42,7,none,cz,723,97,0,0,True,0.8071647,0.027370177,0.015973845,0.14949119
42,7,none,cz,724,97,1,1,True,0.005195521,0.8572847,0.0037357,0.13378407
42,7,none,cz,725,97,0,3,False,0.36193115,0.14725661,0.06785295,0.42295927
42,7,none,cz,726,97,0,0,True,0.9761487,0.0016492755,0.005615261,0.016586829
42,7,none,cz,727,97,1,3,False,0.013546645,0.16842966,0.19677891,0.6212448
42,7,none,cz,728,97,0,3,False,0.46556824,0.009122909,0.021040652,0.5042682
42,7,none,cz,729,97,3,3,True,0.052661028,0.084410794,0.048898607,0.8140296
42,7,none,cz,730,97,2,1,False,0.00036638152,0.57335114,0.004611775,0.42167073
42,7,none,cz,731,97,2,2,True,0.017540807,0.13477074,0.6929135,0.154775
42,7,none,cz,732,97,3,3,True,0.11453574,0.12579718,0.22516489,0.5345022
42,7,none,cz,733,97,2,3,False,0.116781026,0.3256243,0.10117795,0.4564168
42,7,none,cz,734,97,3,1,False,0.10568988,0.66577196,0.020298904,0.20823921
42,7,none,cz,735,97,2,0,False,0.3146974,0.1812749,0.20863903,0.2953887
42,7,none,cz,736,97,3,3,True,0.013858593,0.12799093,0.04538438,0.81276613
42,7,none,cz,737,97,3,3,True,0.030390665,0.09681994,0.094987206,0.7778022
42,7,none,cz,738,97,2,3,False,0.030417582,0.23568203,0.35968888,0.3742115
42,7,none,cz,739,97,3,3,True,0.0018158574,0.031537943,0.02065785,0.9459883
42,7,none,cz,740,97,2,3,False,0.046302143,0.2787908,0.037931222,0.6369758
42,7,none,cz,741,97,2,1,False,0.020943224,0.5297825,0.052899737,0.39637455
42,7,none,cz,742,97,3,3,True,0.07372618,0.13387091,0.15539391,0.63700897
42,7,none,cz,743,97,2,0,False,0.3725489,0.261858,0.08545638,0.28013667
42,7,none,cz,744,98,0,0,True,0.74579656,0.010525364,0.24136294,0.00231508
42,7,none,cz,745,98,1,2,False,0.013022739,0.084841035,0.88678944,0.01534679
42,7,none,cz,746,98,1,1,True,0.033159126,0.7685954,0.17687996,0.021365441
42,7,none,cz,747,98,0,2,False,0.3813549,0.043137606,0.56858456,0.0069228704
42,7,none,cz,748,98,0,0,True,0.49291095,0.024140764,0.3422941,0.14065413
42,7,none,cz,749,98,1,2,False,0.035319477,0.37124333,0.57610387,0.017333394
42,7,none,cz,750,98,1,1,True,0.020475242,0.8853242,0.06522483,0.02897566
42,7,none,cz,751,98,0,2,False,0.051956195,0.2306831,0.66253597,0.054824736
42,7,none,cz,752,98,1,1,True,0.083378926,0.5482348,0.35684106,0.011545261
42,7,none,cz,753,98,0,2,False,0.16615462,0.027584646,0.79882026,0.0074404147
42,7,none,cz,754,98,1,1,True,0.035321012,0.9296084,0.030763824,0.0043067397
42,7,none,cz,755,98,0,0,True,0.5444798,0.03088826,0.40377477,0.020857252
42,7,none,cz,756,98,0,2,False,0.13516533,0.2888079,0.5699181,0.006108643
42,7,none,cz,757,98,1,2,False,0.021787763,0.1896881,0.5192248,0.26929924
42,7,none,cz,758,98,0,2,False,0.045637168,0.06981646,0.83849674,0.046049595
42,7,none,cz,759,98,3,3,True,0.009983769,0.0024858688,0.012639263,0.97489107
42,7,none,cz,760,98,2,2,True,0.041826904,0.045449182,0.8293204,0.08340356
42,7,none,cz,761,98,3,3,True,0.0063687414,0.02768241,0.14512302,0.8208259
42,7,none,cz,762,98,2,2,True,0.10052289,0.4462777,0.4494559,0.003743466
42,7,none,cz,763,98,2,0,False,0.433796,0.11122155,0.38733524,0.06764722
42,7,none,cz,764,98,3,2,False,0.010233084,0.1418183,0.537295,0.3106536
42,7,none,cz,765,98,2,2,True,0.011988383,0.0102582425,0.9482208,0.029532561
42,7,none,cz,766,98,3,2,False,0.042679936,0.14495878,0.6300793,0.1822819
42,7,none,cz,767,98,2,2,True,0.026786948,0.0014910635,0.94979507,0.021926945
42,7,none,cz,768,98,3,3,True,0.02366057,0.03269146,0.05524019,0.88840777
42,7,none,cz,769,98,3,3,True,0.10220367,0.019090382,0.2662515,0.6124544
42,7,none,cz,770,98,2,2,True,0.025284357,0.01355529,0.9201099,0.041050438
42,7,none,cz,771,98,2,2,True,0.14436848,0.013740139,0.6755777,0.16631366
42,7,none,cz,772,98,3,0,False,0.5181936,0.08227985,0.22070824,0.17881829
42,7,none,cz,773,98,3,2,False,0.05001035,0.044004474,0.7516947,0.15429053
42,7,none,cz,774,98,1,1,True,0.0049195364,0.8415413,0.14401908,0.009520082
42,7,none,cz,775,98,0,2,False,0.3135796,0.1017264,0.53764033,0.047053684
42,7,none,cz,776,98,0,0,True,0.57401294,0.025471495,0.35525948,0.04525608
42,7,none,cz,777,98,1,1,True,0.040449277,0.45474282,0.41028956,0.09451834
42,7,none,cz,778,98,0,0,True,0.9242144,0.019469045,0.045725267,0.010591345
42,7,none,cz,779,98,1,2,False,0.021268176,0.07951658,0.86255974,0.036655474
42,7,none,cz,780,98,1,2,False,0.0136138415,0.38404447,0.38594794,0.21639372
42,7,none,cz,781,98,0,0,True,0.9087052,0.0022607641,0.06596895,0.02306517
42,7,none,cz,782,98,0,0,True,0.52525544,0.1647389,0.23368052,0.0763251
42,7,none,cz,783,98,1,1,True,0.050935294,0.480622,0.3410796,0.12736313
42,7,none,cz,784,98,0,0,True,0.6821839,0.015257306,0.22551516,0.07704373
42,7,none,cz,785,98,1,1,True,0.02474295,0.63000906,0.3273447,0.017903276
42,7,none,cz,786,98,1,1,True,0.030582877,0.53848463,0.10669975,0.32423282
42,7,none,cz,787,98,0,0,True,0.97838676,0.0030189445,0.012950027,0.0056443145
42,7,none,cz,788,98,0,2,False,0.019383442,0.015943017,0.9231696,0.041503843
42,7,none,cz,789,98,3,3,True,0.100838564,0.036755797,0.18661954,0.6757861
42,7,none,cz,790,98,2,2,True,0.23477495,0.021257132,0.70508444,0.038883463
42,7,none,cz,791,98,3,3,True,0.10340385,0.031053986,0.40848914,0.4570531
42,7,none,cz,792,98,2,2,True,0.008097026,0.040649354,0.9498643,0.0013892507
42,7,none,cz,793,98,2,0,False,0.49550545,0.07172992,0.34751815,0.08524657
42,7,none,cz,794,98,3,3,True,0.08299992,0.061638717,0.0702099,0.7851514
42,7,none,cz,795,98,2,2,True,0.23915899,0.07008867,0.651039,0.039713353
42,7,none,cz,796,98,3,3,True,0.014507804,0.0056345514,0.017783685,0.962074
42,7,none,cz,797,98,3,3,True,0.031739015,0.0025395537,0.23640761,0.72931385
42,7,none,cz,798,98,2,2,True,0.0328831,0.05138627,0.66393,0.25180066
42,7,none,cz,799,98,2,2,True,0.020351956,0.07588274,0.88271934,0.021045983
42,7,none,cz,800,98,3,2,False,0.13005006,0.2989293,0.5635716,0.0074491324
42,7,none,cz,801,98,2,3,False,0.03632457,0.07260027,0.2604702,0.630605
42,7,none,cz,802,98,3,3,True,0.0108766295,0.010880016,0.09689516,0.8813482
42,7,none,cz,803,98,3,2,False,0.18686381,0.010165256,0.43349832,0.3694726
42,7,none,cz,804,98,0,2,False,0.23577847,0.04187366,0.7034284,0.018919522
42,7,none,cz,805,98,1,3,False,0.1867293,0.04713976,0.115501195,0.65062976
42,7,none,cz,806,98,1,3,False,0.1873242,0.097966336,0.22805811,0.48665136
42,7,none,cz,807,98,0,2,False,0.13558227,0.19795918,0.60639244,0.06006609
42,7,none,cz,808,98,0,1,False,0.058704287,0.8434341,0.06376277,0.034098927
42,7,none,cz,809,98,1,3,False,0.09815253,0.026913019,0.080506206,0.7944283
42,7,none,cz,810,98,1,2,False,0.22772938,0.037400395,0.55342764,0.18144259
42,7,none,cz,811,98,0,0,True,0.4013663,0.021799589,0.39228457,0.18454954
42,7,none,cz,812,98,0,0,True,0.39303395,0.28705186,0.22704831,0.092865855
42,7,none,cz,813,98,1,0,False,0.98504424,0.0040780026,0.0041520763,0.0067256805
42,7,none,cz,814,98,0,2,False,0.071122155,0.22382694,0.5479665,0.15708447
42,7,none,cz,815,98,1,0,False,0.59379405,0.13922513,0.20335022,0.06363063
42,7,none,cz,816,98,1,0,False,0.543997,0.03454179,0.21074443,0.2107168
42,7,none,cz,817,98,0,2,False,0.03985228,0.11159309,0.75926715,0.08928754
42,7,none,cz,818,98,1,2,False,0.25756192,0.2829981,0.40303725,0.05640271
42,7,none,cz,819,98,2,0,False,0.4981812,0.061270587,0.29774812,0.1428001
42,7,none,cz,820,98,3,1,False,0.001009964,0.99006736,0.00720494,0.0017177828
42,7,none,cz,821,98,3,1,False,0.095167756,0.42657343,0.3047944,0.17346445
42,7,none,cz,822,98,2,0,False,0.53553396,0.00606505,0.20961128,0.24878968
42,7,none,cz,823,98,2,2,True,0.38232067,0.019403689,0.41299966,0.18527593
42,7,none,cz,824,98,3,2,False,0.016339941,0.092009746,0.82116324,0.07048708
42,7,none,cz,825,98,3,3,True,0.048395425,0.0086368695,0.4695739,0.4733939
42,7,none,cz,826,98,2,2,True,0.122426674,0.11685017,0.5906413,0.1700818
42,7,none,cz,827,98,3,3,True,0.0782648,0.23927154,0.110119365,0.5723443
42,7,none,cz,828,98,2,2,True,0.099878654,0.10964674,0.77646196,0.014012624
42,7,none,cz,829,98,3,3,True,0.14416075,0.0651985,0.38568074,0.40495998
42,7,none,cz,830,98,2,0,False,0.42580453,0.023308842,0.19286966,0.35801703
42,7,none,cz,831,98,3,3,True,0.051211756,0.05429208,0.2752071,0.6192891
42,7,none,cz,832,98,2,0,False,0.60740304,0.030735984,0.3080293,0.053831633
42,7,none,cz,833,98,3,1,False,0.17132439,0.7497586,0.03929687,0.039620064
42,7,none,cz,834,99,1,1,True,0.044782985,0.6168996,0.047171626,0.29114577
42,7,none,cz,835,99,0,2,False,0.10956791,0.009107897,0.8365967,0.04472747
42,7,none,cz,836,99,0,0,True,0.72275686,0.05227679,0.05550788,0.16945848
42,7,none,cz,837,99,1,3,False,0.018508041,0.026692512,0.0006903226,0.9541092
42,7,none,cz,838,99,0,1,False,0.019536298,0.6921252,0.042387124,0.24595143
42,7,none,cz,839,99,1,3,False,0.20822828,0.019964969,0.008521339,0.7632854
42,7,none,cz,840,99,1,3,False,0.06410442,0.08525039,0.33189365,0.5187515
42,7,none,cz,841,99,0,3,False,0.047979683,0.08757234,0.2513941,0.61305386
42,7,none,cz,842,99,0,3,False,0.100624576,0.071165174,0.027348964,0.8008613
42,7,none,cz,843,99,1,3,False,0.0035888562,0.0013517587,0.11807193,0.87698746
42,7,none,cz,844,99,1,1,True,0.0018022622,0.9951149,0.0015586595,0.0015240748
42,7,none,cz,845,99,0,3,False,0.031108158,0.1788299,0.288635,0.50142694
42,7,none,cz,846,99,1,3,False,0.06824014,0.28865233,0.16861238,0.47449517
42,7,none,cz,847,99,0,3,False,0.3872327,0.0032752655,0.08254517,0.5269469
42,7,none,cz,848,99,1,1,True,0.0069712773,0.5747809,0.10175963,0.31648824
42,7,none,cz,849,99,3,3,True,0.09693718,0.29066724,0.23858894,0.37380666
42,7,none,cz,850,99,2,3,False,0.02231617,0.0243645,0.016738996,0.9365803
42,7,none,cz,851,99,3,3,True,0.14164102,0.034950357,0.22771245,0.5956962
42,7,none,cz,852,99,2,2,True,0.049478687,0.007779476,0.9253092,0.017432706
42,7,none,cz,853,99,3,3,True,0.12661651,0.063602455,0.3749357,0.43484536
42,7,none,cz,854,99,2,2,True,0.15562128,0.015822563,0.8103479,0.018208249
42,7,none,cz,855,99,3,1,False,0.048257865,0.53802276,0.31077352,0.10294582
42,7,none,cz,856,99,2,3,False,0.16990165,0.015028848,0.2225347,0.59253484
42,7,none,cz,857,99,2,3,False,0.07170139,0.3182813,0.062105812,0.5479115
42,7,none,cz,858,99,3,0,False,0.5264882,0.014043506,0.12623219,0.33323613
42,7,none,cz,859,99,3,3,True,0.09587594,0.09587656,0.22907491,0.57917255
42,7,none,cz,860,99,2,3,False,0.11907195,0.14702986,0.036122076,0.69777614
42,7,none,cz,861,99,2,2,True,0.1608168,0.024092624,0.53591156,0.27917895
42,7,none,cz,862,99,3,3,True,0.0025597431,0.01056296,0.043294594,0.9435827
42,7,none,cz,863,99,3,3,True,0.1150675,0.12112063,0.06909241,0.69471943
42,7,none,cz,864,99,0,0,True,0.92875785,0.0014314234,0.037242465,0.032568123
42,7,none,cz,865,99,1,3,False,0.2424091,0.069259234,0.2117977,0.47653395
42,7,none,cz,866,99,0,3,False,0.06150033,0.18980844,0.008283662,0.7404075
42,7,none,cz,867,99,1,1,True,0.17198573,0.6902636,0.016809283,0.12094138
42,7,none,cz,868,99,1,1,True,0.00073014,0.94371295,0.0019924014,0.053564552
42,7,none,cz,869,99,0,0,True,0.72249573,0.0027885893,0.02076251,0.25395322
42,7,none,cz,870,99,1,0,False,0.5646997,0.39416304,0.02921218,0.011925013
42,7,none,cz,871,99,0,0,True,0.47983137,0.0026410755,0.21877506,0.29875243
42,7,none,cz,872,99,1,1,True,0.2630894,0.46035063,0.14966033,0.12689961
42,7,none,cz,873,99,0,3,False,0.2433663,0.0017736793,0.0064199055,0.7484401
42,7,none,cz,874,99,1,3,False,0.22467528,0.012981155,0.027390264,0.7349533
42,7,none,cz,875,99,0,2,False,0.2207718,0.056460842,0.36232066,0.3604467
42,7,none,cz,876,99,1,2,False,0.2863211,0.037602905,0.5878554,0.08822058
42,7,none,cz,877,99,0,3,False,0.35333863,0.14977236,0.050183587,0.44670534
42,7,none,cz,878,99,0,0,True,0.98203677,0.0006447547,0.0064570657,0.010861373
42,7,none,cz,879,99,2,3,False,0.05130851,0.029073415,0.028769756,0.8908483
42,7,none,cz,880,99,3,3,True,0.0039916085,0.0063400012,0.26299232,0.7266761
42,7,none,cz,881,99,2,3,False,0.020958899,0.4249682,0.015094037,0.5389788
42,7,none,cz,882,99,3,0,False,0.5718012,0.033401567,0.109899595,0.2848976
42,7,none,cz,883,99,3,0,False,0.82528275,0.065262266,0.07216455,0.03729049
42,7,none,cz,884,99,2,0,False,0.64717364,0.014219423,0.32477504,0.013831881
42,7,none,cz,885,99,3,3,True,0.3778738,0.042589705,0.16025683,0.41927966
42,7,none,cz,886,99,2,0,False,0.6346701,0.005829603,0.11978736,0.23971301
42,7,none,cz,887,99,2,1,False,0.025384326,0.8857514,0.0009587962,0.087905526
42,7,none,cz,888,99,3,3,True,0.4144869,0.008903597,0.01309121,0.5635183
42,7,none,cz,889,99,2,3,False,0.20489581,0.008071526,0.006049783,0.7809829
42,7,none,cz,890,99,3,3,True,0.029068382,0.022072332,0.12340525,0.825454
42,7,none,cz,891,99,2,3,False,0.015950978,0.011952182,0.103408225,0.86868864
42,7,none,cz,892,99,3,3,True,0.052755367,0.0127474,0.11322068,0.8212766
42,7,none,cz,893,99,3,3,True,0.021573994,0.03898036,0.4280165,0.51142913
42,7,none,cz,894,99,0,2,False,0.25638175,0.034597654,0.6142774,0.09474313
42,7,none,cz,895,99,1,0,False,0.6121078,0.005465267,0.034843713,0.34758317
42,7,none,cz,896,99,0,2,False,0.21051948,0.2126882,0.30806968,0.26872262
42,7,none,cz,897,99,1,1,True,0.06349276,0.74207187,0.11410954,0.08032585
42,7,none,cz,898,99,1,1,True,0.01041797,0.93546987,0.015127688,0.038984448
42,7,none,cz,899,99,0,3,False,0.26936018,0.010014323,0.16521911,0.5554064
42,7,none,cz,900,99,0,2,False,0.037319086,0.05017006,0.68717974,0.22533108
42,7,none,cz,901,99,1,1,True,0.0011182688,0.4720816,0.1293777,0.39742243
42,7,none,cz,902,99,0,1,False,0.011270701,0.59418374,0.2820507,0.11249489
42,7,none,cz,903,99,1,3,False,0.21732397,0.07698486,0.005677575,0.7000136
42,7,none,cz,904,99,1,3,False,0.01597603,0.048084997,0.17272411,0.7632148
42,7,none,cz,905,99,0,2,False,0.13172755,0.11216692,0.37936243,0.37674314
42,7,none,cz,906,99,0,3,False,0.44743407,0.0051665967,0.05944807,0.48795125
42,7,none,cz,907,99,1,3,False,0.08590729,0.19804265,0.20512615,0.5109239
42,7,none,cz,908,99,1,2,False,0.034542006,0.034598928,0.5580984,0.3727607
42,7,none,cz,909,99,2,3,False,0.020711407,0.020814493,0.14612801,0.81234604
42,7,none,cz,910,99,3,1,False,0.020156767,0.4934249,0.008505436,0.47791287
42,7,none,cz,911,99,2,2,True,0.07196408,0.051211696,0.4387577,0.4380665
42,7,none,cz,912,99,3,2,False,0.020230785,0.09695832,0.7242809,0.15853007
42,7,none,cz,913,99,3,2,False,0.17109828,0.029871717,0.40642697,0.39260307
42,7,none,cz,914,99,2,2,True,0.051880285,0.03421192,0.47645426,0.4374536
42,7,none,cz,915,99,2,3,False,0.006636123,0.050487664,0.12718713,0.8156891
42,7,none,cz,916,99,3,3,True,0.016518336,0.021359274,0.1385729,0.82354945
42,7,none,cz,917,99,3,0,False,0.6711822,0.0016447448,0.14926234,0.17791075
42,7,none,cz,918,99,2,0,False,0.48199642,0.0049775946,0.38704565,0.12598035
42,7,none,cz,919,99,3,3,True,0.08152107,0.30283993,0.04316239,0.5724766
42,7,none,cz,920,99,2,3,False,0.122520395,0.043973736,0.27001563,0.5634902
42,7,none,cz,921,99,3,2,False,0.010222895,0.21217152,0.41213495,0.36547065
42,7,none,cz,922,99,2,1,False,0.0036309327,0.67879283,0.27882463,0.03875159
42,7,none,cz,923,99,3,3,True,0.004840183,0.019759843,0.04425776,0.9311422
42,7,none,cz,924,100,0,0,True,0.8019281,0.0073409537,0.18432784,0.0064031654
42,7,none,cz,925,100,1,3,False,0.010695547,0.23792014,0.14844643,0.6029379
42,7,none,cz,926,100,1,1,True,0.0033176413,0.8540327,0.017308764,0.12534091
42,7,none,cz,927,100,0,1,False,0.036998793,0.51300055,0.28439522,0.16560538
42,7,none,cz,928,100,0,0,True,0.9724195,0.00053256046,0.0018404191,0.025207523
42,7,none,cz,929,100,1,3,False,0.063495964,0.16017498,0.24828911,0.52803993
42,7,none,cz,930,100,0,0,True,0.9981141,2.8586394e-06,0.0003279085,0.0015551443
42,7,none,cz,931,100,1,3,False,0.034720745,0.16959614,0.29524073,0.5004424
42,7,none,cz,932,100,1,1,True,0.000119202894,0.9971418,0.0024893503,0.00024965167
42,7,none,cz,933,100,0,2,False,0.12329579,0.026425378,0.6225916,0.22768722
42,7,none,cz,934,100,1,1,True,0.0012262684,0.68915504,0.24876957,0.060849123
42,7,none,cz,935,100,0,2,False,0.37039402,0.0039828396,0.5921276,0.03349557
42,7,none,cz,936,100,3,3,True,0.026554545,0.0020377461,0.002870605,0.9685371
42,7,none,cz,937,100,2,2,True,0.09164681,0.046682406,0.5577285,0.3039422
42,7,none,cz,938,100,3,3,True,0.086546905,0.004936985,0.005009992,0.9035061
42,7,none,cz,939,100,2,3,False,0.06828306,0.30697697,0.30855215,0.31618786
42,7,none,cz,940,100,3,3,True,0.3018826,0.0013979923,0.11891976,0.5777996
42,7,none,cz,941,100,2,2,True,0.23372929,0.14027768,0.6026467,0.02334624
42,7,none,cz,942,100,3,0,False,0.35479218,0.186326,0.17948423,0.27939758
42,7,none,cz,943,100,2,2,True,0.059634104,0.0047862213,0.92997843,0.0056012818
42,7,none,cz,944,100,3,2,False,0.19414599,0.01947429,0.60817766,0.17820203
42,7,none,cz,945,100,2,2,True,0.015158846,0.105145834,0.87165487,0.008040352
42,7,none,cz,946,100,3,1,False,0.00028746302,0.8749003,0.032280155,0.092532136
42,7,none,cz,947,100,2,2,True,0.16321741,0.028087202,0.470849,0.3378464
42,7,none,cz,948,100,1,1,True,0.00033942284,0.9841559,0.014745481,0.00075928966
42,7,none,cz,949,100,0,0,True,0.47773075,0.043380782,0.43912607,0.039762404
42,7,none,cz,950,100,0,0,True,0.66890675,0.0039316886,0.04267141,0.28449023
42,7,none,cz,951,100,1,1,True,0.01557227,0.5917892,0.27529562,0.11734295
42,7,none,cz,952,100,1,1,True,0.12107586,0.48372856,0.039592616,0.35560295
42,7,none,cz,953,100,0,2,False,0.068362474,0.13689476,0.7448471,0.04989563
42,7,none,cz,954,100,0,0,True,0.8205647,0.042669732,0.005175964,0.1315897
42,7,none,cz,955,100,1,1,True,0.00043116792,0.9733887,0.009190174,0.016989984
42,7,none,cz,956,100,1,1,True,0.017922651,0.69187486,0.0051305,0.28507197
42,7,none,cz,957,100,0,1,False,0.0034299567,0.80955243,0.10850507,0.0785126
42,7,none,cz,958,100,0,0,True,0.95828235,0.01514142,0.021083694,0.005492581
42,7,none,cz,959,100,1,1,True,0.0003519397,0.9958146,0.0023685943,0.0014647796
42,7,none,cz,960,100,3,3,True,0.022838613,0.005419108,0.027773822,0.9439685
42,7,none,cz,961,100,2,2,True,0.006192632,0.0021325669,0.92666614,0.065008655
42,7,none,cz,962,100,2,2,True,0.043706186,0.017765338,0.8439984,0.09453014
42,7,none,cz,963,100,3,3,True,0.07000933,0.045707516,0.008834482,0.8754487
42,7,none,cz,964,100,2,2,True,0.29367757,0.34083778,0.35086975,0.014614882
42,7,none,cz,965,100,3,0,False,0.5617132,0.00076806115,0.0067673326,0.43075147
42,7,none,cz,966,100,2,2,True,0.017031796,0.28478214,0.49172273,0.20646332
42,7,none,cz,967,100,3,0,False,0.6190089,0.020006096,0.16006476,0.20092022
42,7,none,cz,968,100,2,2,True,0.20900552,0.20982933,0.57219106,0.00897413
42,7,none,cz,969,100,3,1,False,0.017135177,0.50282174,0.23127604,0.24876705
42,7,none,cz,970,100,2,3,False,0.26851472,0.025937563,0.12818086,0.5773668
42,7,none,cz,971,100,3,3,True,0.10673565,0.08774455,0.21035583,0.595164
42,7,none,cz,972,100,1,1,True,0.0005661898,0.9625351,0.0027475604,0.034151193
42,7,none,cz,973,100,0,0,True,0.8644998,0.020957578,0.036577072,0.0779656
42,7,none,cz,974,100,0,3,False,0.0005676188,0.0052605467,0.42597204,0.56819975
42,7,none,cz,975,100,1,2,False,0.14479375,0.0036159705,0.7949156,0.056674667
42,7,none,cz,976,100,1,1,True,0.00036226044,0.98915404,0.010025744,0.00045794426
42,7,none,cz,977,100,0,0,True,0.9997309,7.8368475e-06,0.00023446727,2.6863467e-05
42,7,none,cz,978,100,0,0,True,0.73747396,0.0059165144,0.20183955,0.05477004
42,7,none,cz,979,100,1,1,True,0.018342812,0.7845214,0.004188228,0.19294763
42,7,none,cz,980,100,1,1,True,0.0024643755,0.47621536,0.4376319,0.08368844
42,7,none,cz,981,100,0,0,True,0.5735644,0.008005763,0.40827104,0.010158767
42,7,none,cz,982,100,0,0,True,0.4399407,0.05488038,0.22561304,0.2795659
42,7,none,cz,983,100,1,1,True,0.0073588095,0.71116936,0.12751646,0.15395536
42,7,none,cz,984,100,2,2,True,0.107913345,0.13279644,0.6191868,0.14010334
42,7,none,cz,985,100,3,3,True,0.006523128,0.008374939,0.2438388,0.74126315
42,7,none,cz,986,100,2,3,False,0.060668167,0.075731955,0.05602995,0.80757
42,7,none,cz,987,100,3,3,True,0.0009133154,0.18721843,0.091928706,0.71993953
42,7,none,cz,988,100,3,3,True,0.020600306,0.4118234,0.04089954,0.5266767
42,7,none,cz,989,100,2,0,False,0.46619576,0.22447939,0.30649287,0.0028319962
42,7,none,cz,990,100,2,2,True,0.03779746,0.100788616,0.78192765,0.07948627
42,7,none,cz,991,100,3,2,False,0.013787568,0.100801535,0.6723399,0.21307103
42,7,none,cz,992,100,3,3,True,0.0010454078,0.067704454,0.0350065,0.89624363
42,7,none,cz,993,100,2,1,False,0.15703444,0.3209579,0.2477631,0.27424458
42,7,none,cz,994,100,2,2,True,0.013176442,0.019821202,0.5006101,0.46639222
42,7,none,cz,995,100,3,3,True,0.00022290081,0.0013664057,0.027062062,0.9713487
42,7,none,cz,996,101,0,0,True,0.793217,0.09747243,0.084270746,0.025039867
42,7,none,cz,997,101,1,1,True,0.0001326697,0.9953052,0.0013884067,0.0031737708
42,7,none,cz,998,101,1,1,True,0.042597987,0.93674034,0.0032896916,0.017371947
42,7,none,cz,999,101,0,0,True,0.99866295,0.001119912,1.1326096e-05,0.00020587583
42,7,none,cz,1000,101,1,1,True,0.00024601963,0.9989833,0.00010263275,0.0006679425
42,7,none,cz,1001,101,0,0,True,0.9999846,1.3589941e-05,1.1599967e-06,5.596863e-07
42,7,none,cz,1002,101,1,1,True,0.00017132657,0.99951446,1.007371e-06,0.00031326152
42,7,none,cz,1003,101,0,0,True,0.99994767,4.3117434e-05,4.318333e-06,4.9045634e-06
42,7,none,cz,1004,101,1,1,True,9.05358e-05,0.99969935,1.4291309e-06,0.00020862841
42,7,none,cz,1005,101,0,0,True,0.9986249,0.0013520138,1.8553314e-05,4.569638e-06
42,7,none,cz,1006,101,0,0,True,0.9997794,0.0001469443,6.423287e-05,9.443858e-06
42,7,none,cz,1007,101,1,1,True,0.00010077908,0.9990208,0.00016696769,0.00071147305
42,7,none,cz,1008,101,1,1,True,5.647561e-05,0.9995665,0.00023848565,0.00013859181
42,7,none,cz,1009,101,0,0,True,0.99966896,1.1415873e-05,0.00016572935,0.00015379218
42,7,none,cz,1010,101,0,0,True,0.99978966,0.00010260858,2.0127074e-05,8.763112e-05
42,7,none,cz,1011,101,2,1,False,0.045813013,0.92513263,0.027581139,0.0014731425
42,7,none,cz,1012,101,3,1,False,0.092064254,0.8560385,0.007178891,0.044718444
42,7,none,cz,1013,101,2,0,False,0.8985829,0.014213171,0.042625975,0.044578116
42,7,none,cz,1014,101,3,3,True,0.2527204,0.12963833,0.0048258775,0.6128155
42,7,none,cz,1015,101,3,3,True,0.10872847,0.21578872,0.08756835,0.58791447
42,7,none,cz,1016,101,2,0,False,0.5795399,0.30452642,0.088366926,0.0275668
42,7,none,cz,1017,101,2,1,False,0.015619567,0.8929236,0.08716166,0.004295151
42,7,none,cz,1018,101,3,3,True,0.078612335,0.16284165,0.0030414285,0.7555046
42,7,none,cz,1019,101,2,1,False,0.23221381,0.69315416,0.06565955,0.008972524
42,7,none,cz,1020,101,3,3,True,0.3428409,0.06135032,0.0056458437,0.59016293
42,7,none,cz,1021,101,3,3,True,0.022565883,0.049847722,0.009711225,0.9178752
42,7,none,cz,1022,101,2,1,False,0.11605364,0.8809026,0.001095692,0.001948116
42,7,none,cz,1023,101,2,0,False,0.97726864,0.010231485,0.011449118,0.0010507944
42,7,none,cz,1024,101,3,3,True,0.020098258,0.022269009,0.0005355096,0.95709723
42,7,none,cz,1025,101,2,0,False,0.82873344,0.12057822,0.025741389,0.024946904
42,7,none,cz,1026,101,1,1,True,0.0018876229,0.99239504,0.0035181877,0.0021990803
42,7,none,cz,1027,101,0,0,True,0.9998367,9.7369004e-05,4.6482175e-05,1.938804e-05
42,7,none,cz,1028,101,0,0,True,0.9937596,0.005420036,0.0005186481,0.00030179042
42,7,none,cz,1029,101,1,1,True,0.053594653,0.93584037,0.0012313202,0.009333727
42,7,none,cz,1030,101,1,1,True,1.1957919e-05,0.9998429,7.1065115e-05,7.415024e-05
42,7,none,cz,1031,101,0,0,True,0.99950516,0.00014647146,0.00034271742,5.753054e-06
42,7,none,cz,1032,101,0,0,True,0.99962604,0.00032454848,1.8147615e-05,3.1184434e-05
42,7,none,cz,1033,101,1,1,True,6.865014e-05,0.99984956,5.716056e-05,2.4499117e-05
42,7,none,cz,1034,101,1,1,True,0.0015832928,0.9983353,1.706563e-05,6.442368e-05
42,7,none,cz,1035,101,0,0,True,0.9999231,1.2174121e-05,6.8156414e-06,5.792334e-05
42,7,none,cz,1036,101,1,1,True,0.012282879,0.9800711,0.0005741911,0.007071794
42,7,none,cz,1037,101,0,0,True,0.999848,0.00013836815,6.5935797e-06,6.9962807e-06
42,7,none,cz,1038,101,1,1,True,0.002715285,0.99723476,1.5733991e-05,3.4256507e-05
42,7,none,cz,1039,101,0,0,True,0.95589453,0.009601937,0.0023835192,0.032120027
42,7,none,cz,1040,101,1,1,True,0.15407181,0.79439354,0.017777516,0.033757225
42,7,none,cz,1041,101,2,0,False,0.61051685,0.2477813,0.13971831,0.001983635
42,7,none,cz,1042,101,3,0,False,0.42490032,0.30673128,0.047176354,0.22119205
42,7,none,cz,1043,101,2,1,False,0.032144222,0.94899017,0.017020022,0.0018455652
42,7,none,cz,1044,101,3,3,True,0.10964779,0.11140657,0.0002254346,0.77872026
42,7,none,cz,1045,101,3,3,True,0.3430482,0.018221697,0.0079857595,0.6307444
42,7,none,cz,1046,101,2,1,False,0.29862264,0.63280576,0.013672431,0.05489919
42,7,none,cz,1047,101,2,0,False,0.8823966,0.08111553,0.033038933,0.0034490053
42,7,none,cz,1048,101,3,1,False,0.20179604,0.46049738,0.00047552644,0.33723113
42,7,none,cz,1049,101,3,3,True,0.23321724,0.019153068,0.0069777025,0.74065197
42,7,none,cz,1050,101,2,0,False,0.5393066,0.39833003,0.005097362,0.057265963
42,7,none,cz,1051,101,2,2,True,0.16609557,0.17523655,0.653463,0.005204905
42,7,none,cz,1052,101,3,0,False,0.48484904,0.31153008,0.003057146,0.20056383
42,7,none,cz,1053,101,2,0,False,0.9806934,0.009463423,0.0039806245,0.0058625923
42,7,none,cz,1054,101,3,0,False,0.5231411,0.014952204,0.007120854,0.4547859
42,7,none,cz,1055,101,2,1,False,0.062559165,0.8884023,0.002801572,0.046236962
42,7,none,cz,1056,101,0,0,True,0.99966335,0.00013034449,0.00016045036,4.5896417e-05
42,7,none,cz,1057,101,1,1,True,0.018897045,0.9703235,0.009541687,0.0012377547
42,7,none,cz,1058,101,0,0,True,0.9995535,0.00040270557,3.2199718e-05,1.1617363e-05
42,7,none,cz,1059,101,1,1,True,0.007036164,0.92673254,0.0013081285,0.064923115
42,7,none,cz,1060,101,1,1,True,0.0064313454,0.9563933,0.00076195755,0.036413435
42,7,none,cz,1061,101,0,0,True,0.99752074,0.00069770415,0.00012635892,0.0016552064
42,7,none,cz,1062,101,1,1,True,0.00010981963,0.9998791,1.0566779e-06,1.0041011e-05
42,7,none,cz,1063,101,0,0,True,0.9999684,2.996448e-05,7.9921347e-07,7.8108843e-07
42,7,none,cz,1064,101,1,1,True,0.00046227968,0.9966144,0.0009113007,0.0020120146
42,7,none,cz,1065,101,0,0,True,0.99899155,0.0002744371,4.1905067e-05,0.000692119
42,7,none,cz,1066,101,1,1,True,0.0031066346,0.98912084,0.00025364824,0.0075189047
42,7,none,cz,1067,101,0,0,True,0.9998809,1.5766853e-05,1.3477899e-05,8.990807e-05
42,7,none,cz,1068,101,0,0,True,0.95838183,0.039445784,0.0018937604,0.0002786951
42,7,none,cz,1069,101,1,1,True,0.0010252094,0.99775606,2.015354e-05,0.0011986638
42,7,none,cz,1070,101,1,1,True,0.0020596348,0.9946584,0.002280059,0.0010018817
42,7,none,cz,1071,101,3,3,True,0.0025727719,0.016299272,0.00090410805,0.9802239
42,7,none,cz,1072,101,2,2,True,0.0809592,0.08717694,0.80658317,0.02528066
42,7,none,cz,1073,101,3,0,False,0.51983875,0.25344807,0.018996125,0.20771705
42,7,none,cz,1074,101,2,2,True,0.35669276,0.13853641,0.3691483,0.13562249
42,7,none,cz,1075,101,2,1,False,0.26946196,0.6607157,0.045097284,0.024725052
42,7,none,cz,1076,101,3,1,False,0.38055265,0.4326464,0.009653158,0.17714775
42,7,none,cz,1077,101,3,0,False,0.60019934,0.021663379,0.0012562074,0.37688115
42,7,none,cz,1078,101,2,3,False,0.095969066,0.11704702,0.0036061793,0.78337777
42,7,none,cz,1079,101,2,2,True,0.046754155,0.028672546,0.91864747,0.0059258225
42,7,none,cz,1080,101,3,3,True,0.21171631,0.13773897,0.005816474,0.64472824
42,7,none,cz,1081,101,3,3,True,0.054198157,0.08959193,0.008254711,0.8479552
42,7,none,cz,1082,101,2,1,False,0.09231727,0.617483,0.055357058,0.23484267
42,7,none,cz,1083,101,3,3,True,0.13831039,0.19037937,0.003469246,0.667841
42,7,none,cz,1084,101,2,1,False,0.0099585485,0.92159677,0.040018987,0.028425721
42,7,none,cz,1085,101,2,1,False,0.040520906,0.84957236,0.06334751,0.046559185
42,7,none,cz,1086,102,1,1,True,0.00024293028,0.99687,0.0017684388,0.0011186767
42,7,none,cz,1087,102,0,0,True,0.8068333,0.03768429,0.089614354,0.06586805
42,7,none,cz,1088,102,1,1,True,0.0024727287,0.66914785,0.27748048,0.05089891
42,7,none,cz,1089,102,0,0,True,0.97809315,0.0057904907,0.005180681,0.010935658
42,7,none,cz,1090,102,1,1,True,0.016509846,0.59376574,0.38345075,0.0062736976
42,7,none,cz,1091,102,0,0,True,0.6234936,0.042966373,0.23493569,0.098604314
42,7,none,cz,1092,102,0,0,True,0.99327785,0.0012404391,0.004543697,0.0009380048
42,7,none,cz,1093,102,1,3,False,0.21480434,0.18708107,0.25841853,0.33969605
42,7,none,cz,1094,102,0,0,True,0.655628,0.074345656,0.12017233,0.14985397
42,7,none,cz,1095,102,1,2,False,0.024611363,0.21019627,0.7540467,0.0111456495
42,7,none,cz,1096,102,0,0,True,0.6247743,0.013540504,0.19745176,0.16423345
42,7,none,cz,1097,102,1,2,False,0.0072061983,0.21687286,0.76546514,0.010455776
42,7,none,cz,1098,102,0,3,False,0.31979716,0.17404099,0.16244972,0.34371212
42,7,none,cz,1099,102,1,2,False,0.081627764,0.12747318,0.758554,0.03234504
42,7,none,cz,1100,102,1,1,True,0.0004053365,0.9987043,0.00082384696,6.647984e-05
42,7,none,cz,1101,102,2,2,True,0.097376406,0.25387993,0.51391906,0.13482462
42,7,none,cz,1102,102,3,3,True,0.044033274,0.042847108,0.06898964,0.84413004
42,7,none,cz,1103,102,2,1,False,0.10823182,0.43094915,0.31152615,0.14929292
42,7,none,cz,1104,102,3,3,True,0.14628647,0.1925104,0.24729131,0.4139118
42,7,none,cz,1105,102,2,0,False,0.49937162,0.041456074,0.43936408,0.019808263
42,7,none,cz,1106,102,3,3,True,0.041208874,0.20961781,0.18981044,0.5593628
42,7,none,cz,1107,102,2,2,True,0.12352659,0.026090767,0.74516463,0.10521804
42,7,none,cz,1108,102,3,3,True,0.06064499,0.080309294,0.090654336,0.7683913
42,7,none,cz,1109,102,3,3,True,0.08235157,0.0152233215,0.064504966,0.8379201
42,7,none,cz,1110,102,2,2,True,0.024543812,0.047662847,0.92408437,0.003708966
42,7,none,cz,1111,102,3,2,False,0.008992654,0.12653881,0.68030083,0.18416773
42,7,none,cz,1112,102,2,2,True,0.13982461,0.011548475,0.5182956,0.33033133
42,7,none,cz,1113,102,2,2,True,0.032696478,0.07061619,0.85024333,0.046443913
42,7,none,cz,1114,102,3,0,False,0.5350427,0.07255195,0.22403416,0.16837113
42,7,none,cz,1115,102,2,2,True,0.017371003,0.1803621,0.6463365,0.15593038
42,7,none,cz,1116,102,1,1,True,0.00031177283,0.9856639,0.013269945,0.0007544683
42,7,none,cz,1117,102,0,3,False,0.15024506,0.32739994,0.118958555,0.40339643
42,7,none,cz,1118,102,1,1,True,0.006817268,0.64806616,0.16173199,0.18338458
42,7,none,cz,1119,102,0,0,True,0.37628448,0.057029232,0.34646147,0.22022477
42,7,none,cz,1120,102,0,0,True,0.8995887,0.03708922,0.051170815,0.01215123
42,7,none,cz,1121,102,1,2,False,0.013437869,0.24496587,0.7287303,0.012865877
42,7,none,cz,1122,102,0,1,False,0.16472411,0.43728653,0.18146512,0.21652424
42,7,none,cz,1123,102,1,2,False,0.044350345,0.32247472,0.55537856,0.077796355
42,7,none,cz,1124,102,0,2,False,0.32659954,0.017338285,0.5923453,0.063716814
42,7,none,cz,1125,102,1,2,False,0.19584799,0.1768098,0.4523732,0.17496893
42,7,none,cz,1126,102,1,1,True,0.00020593437,0.99558675,0.0016916896,0.0025156522
42,7,none,cz,1127,102,0,3,False,0.15084244,0.08566239,0.3058191,0.4576761
42,7,none,cz,1128,102,1,1,True,0.00021373222,0.9979517,0.0013759581,0.0004586081
42,7,none,cz,1129,102,0,3,False,0.120441236,0.10307505,0.20318832,0.57329535
42,7,none,cz,1130,102,1,1,True,0.08772092,0.41563156,0.22867373,0.26797378
42,7,none,cz,1131,102,2,2,True,0.007760509,0.044664584,0.9408634,0.006711509
42,7,none,cz,1132,102,3,2,False,0.0055411067,0.08068389,0.61524415,0.29853085
42,7,none,cz,1133,102,3,3,True,0.0070039015,0.013224754,0.32017937,0.65959203
42,7,none,cz,1134,102,2,2,True,0.016927773,0.039102126,0.9273616,0.016608475
42,7,none,cz,1135,102,2,1,False,0.03797205,0.4792376,0.2847839,0.19800648
42,7,none,cz,1136,102,3,2,False,0.016315643,0.010529553,0.8013346,0.17182025
42,7,none,cz,1137,102,3,2,False,0.07144109,0.073159516,0.58269054,0.2727088
42,7,none,cz,1138,102,2,2,True,0.001104773,0.07452459,0.9195847,0.004785883
42,7,none,cz,1139,102,2,2,True,0.013473625,0.03636268,0.84683263,0.103331044
42,7,none,cz,1140,102,3,3,True,0.14372988,0.066872664,0.24951105,0.5398864
42,7,none,cz,1141,102,2,3,False,0.004875728,0.043907207,0.42231855,0.52889854
42,7,none,cz,1142,102,3,3,True,0.009355564,0.14367244,0.21627705,0.630695
42,7,none,cz,1143,102,3,2,False,0.012098928,0.0011607733,0.7981369,0.18860336
42,7,none,cz,1144,102,2,2,True,0.11948064,0.15165558,0.42857727,0.30028647
42,7,none,cz,1145,102,2,2,True,0.003063201,0.078862526,0.88037264,0.037701596
42,7,none,cz,1146,102,0,2,False,0.1510277,0.02199494,0.7401942,0.08678327
42,7,none,cz,1147,102,1,1,True,0.0004284821,0.9934942,0.005010677,0.001066555
42,7,none,cz,1148,102,0,2,False,0.038894024,0.020992335,0.8671022,0.07301134
42,7,none,cz,1149,102,1,1,True,0.00064711657,0.9898533,0.0059523596,0.0035471714
42,7,none,cz,1150,102,1,2,False,0.012444692,0.24006946,0.73099434,0.016491467
42,7,none,cz,1151,102,0,2,False,0.17305173,0.15785804,0.58005637,0.089033775
42,7,none,cz,1152,102,0,2,False,0.053202588,0.066891,0.8637488,0.016157625
42,7,none,cz,1153,102,1,1,True,0.019729681,0.80651283,0.09271152,0.081046015
42,7,none,cz,1154,102,0,2,False,0.105608456,0.19456641,0.66258883,0.037236214
42,7,none,cz,1155,102,1,2,False,0.09378662,0.11163488,0.5668212,0.22775726
42,7,none,cz,1156,102,1,1,True,0.00087006704,0.8364573,0.06737315,0.09529948
42,7,none,cz,1157,102,0,3,False,0.04788079,0.30276355,0.19955271,0.44980294
42,7,none,cz,1158,102,1,2,False,0.19280937,0.28468576,0.30198836,0.22051655
42,7,none,cz,1159,102,0,2,False,0.37000668,0.085449345,0.40512323,0.13942063
42,7,none,cz,1160,102,0,0,True,0.7853057,0.020974943,0.027369663,0.1663496
42,7,none,cz,1161,102,2,2,True,0.002572295,0.030754162,0.96185535,0.0048182723
42,7,none,cz,1162,102,3,3,True,0.033925716,0.0563041,0.11909835,0.7906718
42,7,none,cz,1163,102,3,3,True,0.0052832654,0.033924986,0.035232373,0.92555946
42,7,none,cz,1164,102,2,2,True,0.058640484,0.21284674,0.61712223,0.11139059
42,7,none,cz,1165,102,2,2,True,0.0026327323,0.011443409,0.5147922,0.4711316
42,7,none,cz,1166,102,3,0,False,0.49190548,0.003056254,0.05084511,0.45419312
42,7,none,cz,1167,102,2,2,True,0.10500203,0.05875332,0.776124,0.06012061
42,7,none,cz,1168,102,3,3,True,0.12258247,0.04472934,0.23912932,0.59355885
42,7,none,cz,1169,102,2,2,True,0.026117735,0.14778511,0.4618801,0.36421707
42,7,none,cz,1170,102,3,2,False,0.038404863,0.068803385,0.64777166,0.24502006
42,7,none,cz,1171,102,2,1,False,0.0040338296,0.68295354,0.104680784,0.20833187
42,7,none,cz,1172,102,3,3,True,0.005506983,0.0029186844,0.08741877,0.90415555
42,7,none,cz,1173,102,2,2,True,0.05203081,0.26016173,0.6215706,0.06623688
42,7,none,cz,1174,102,3,2,False,0.05331897,0.028037872,0.6051727,0.31347045
42,7,none,cz,1175,102,3,3,True,0.023327883,0.10191297,0.029797986,0.84496117
42,7,none,cz,1176,103,0,3,False,0.2000383,0.006462733,0.049525842,0.74397314
42,7,none,cz,1177,103,1,1,True,0.0018644293,0.8513197,0.11171763,0.0350983
42,7,none,cz,1178,103,1,1,True,0.00762741,0.8927625,0.075488545,0.024121594
42,7,none,cz,1179,103,0,1,False,0.005933765,0.9014859,0.008116713,0.08446346
42,7,none,cz,1180,103,1,1,True,0.021379776,0.91563654,0.016022887,0.046960738
42,7,none,cz,1181,103,0,3,False,0.28665408,0.039119486,0.009575763,0.6646507
42,7,none,cz,1182,103,0,0,True,0.9983088,2.8810218e-05,0.0010849759,0.00057739334
42,7,none,cz,1183,103,1,1,True,0.0015341718,0.9627379,0.024620987,0.011106828
42,7,none,cz,1184,103,0,0,True,0.79706776,0.0733565,0.11221413,0.01736164
42,7,none,cz,1185,103,1,1,True,0.067981474,0.73768556,0.17831029,0.016022708
42,7,none,cz,1186,103,0,0,True,0.7814455,0.027691148,0.17316656,0.017696742
42,7,none,cz,1187,103,1,0,False,0.67559886,0.042182647,0.23393463,0.048283886
42,7,none,cz,1188,103,1,1,True,0.0027130886,0.764012,0.19551417,0.03776075
42,7,none,cz,1189,103,0,2,False,0.21405958,0.018517585,0.76260525,0.004817529
42,7,none,cz,1190,103,1,1,True,0.019303458,0.43354094,0.27505535,0.2721002
42,7,none,cz,1191,103,3,2,False,0.0028016774,0.027196009,0.6314494,0.3385529
42,7,none,cz,1192,103,2,2,True,0.046971567,0.0031915577,0.94074214,0.009094723
42,7,none,cz,1193,103,2,2,True,0.036646664,0.034772407,0.9002471,0.028333813
42,7,none,cz,1194,103,3,0,False,0.61921924,0.029973455,0.047503777,0.3033035
42,7,none,cz,1195,103,2,3,False,0.09299167,0.29873246,0.050045088,0.5582308
42,7,none,cz,1196,103,3,0,False,0.44449532,0.09348872,0.23688808,0.22512788
42,7,none,cz,1197,103,3,2,False,0.14128025,0.02437527,0.5618489,0.2724956
42,7,none,cz,1198,103,2,2,True,0.031025331,0.008858315,0.9541527,0.0059637553
42,7,none,cz,1199,103,2,2,True,0.29807833,0.3245979,0.3758455,0.0014783451
42,7,none,cz,1200,103,3,1,False,0.17039047,0.56170356,0.007809515,0.2600964
42,7,none,cz,1201,103,3,2,False,0.014196322,0.14597717,0.6451625,0.19466402
42,7,none,cz,1202,103,2,2,True,0.01875564,0.009096643,0.9715831,0.00056467386
42,7,none,cz,1203,103,3,3,True,0.110968426,0.09339788,0.026710613,0.7689231
42,7,none,cz,1204,103,2,1,False,0.08202362,0.78052557,0.095739596,0.04171125
42,7,none,cz,1205,103,2,3,False,0.011286142,0.45879433,0.046757154,0.48316243
42,7,none,cz,1206,103,1,2,False,0.055514447,0.06806138,0.8750122,0.0014120492
42,7,none,cz,1207,103,0,2,False,0.1785068,0.0176559,0.43034542,0.37349182
42,7,none,cz,1208,103,1,1,True,0.010544061,0.74152505,0.24154669,0.0063842605
42,7,none,cz,1209,103,0,0,True,0.7039891,0.07268457,0.13023645,0.09308994
42,7,none,cz,1210,103,0,0,True,0.95555305,0.0010859997,0.0071568224,0.036204115
42,7,none,cz,1211,103,1,3,False,0.0008587934,0.39468652,0.11907555,0.48537916
42,7,none,cz,1212,103,1,3,False,0.0060524633,0.14860302,0.02519809,0.82014644
42,7,none,cz,1213,103,0,0,True,0.93190384,0.037796803,0.019570882,0.010728418
42,7,none,cz,1214,103,0,1,False,0.17838122,0.49134752,0.32741576,0.0028554979
42,7,none,cz,1215,103,1,0,False,0.63397366,0.016301895,0.22725643,0.12246808
42,7,none,cz,1216,103,1,1,True,0.0015279877,0.993026,0.0030480584,0.002397855
42,7,none,cz,1217,103,0,0,True,0.8559224,0.00732662,0.09614264,0.04060828
42,7,none,cz,1218,103,0,0,True,0.76012087,0.0051647834,0.23379482,0.0009195507
42,7,none,cz,1219,103,1,2,False,0.028921142,0.29083195,0.6755358,0.004711104
42,7,none,cz,1220,103,0,0,True,0.9722226,0.0011244391,0.023583183,0.0030697344
42,7,none,cz,1221,103,2,2,True,0.016102659,0.021583565,0.9506298,0.011684059
42,7,none,cz,1222,103,3,2,False,0.0010981947,0.0012142335,0.7892143,0.20847319
42,7,none,cz,1223,103,2,2,True,0.008447101,0.33411205,0.6566681,0.00077282777
42,7,none,cz,1224,103,3,2,False,0.06653415,0.005146718,0.78094935,0.14736973
42,7,none,cz,1225,103,3,3,True,0.19960739,0.020067358,0.014704488,0.76562077
42,7,none,cz,1226,103,2,0,False,0.6053556,0.04094885,0.25022867,0.10346687
42,7,none,cz,1227,103,3,2,False,0.36690158,0.048196066,0.42773977,0.15716253
42,7,none,cz,1228,103,2,2,True,0.24035653,0.24937968,0.33658534,0.17367843
42,7,none,cz,1229,103,3,3,True,0.12259223,0.015598091,0.013505245,0.84830445
42,7,none,cz,1230,103,2,2,True,0.060880754,0.034064893,0.8726136,0.032440864
42,7,none,cz,1231,103,2,2,True,0.027332535,0.00664977,0.9546332,0.011384582
42,7,none,cz,1232,103,3,0,False,0.44400895,0.22373214,0.2053391,0.12691988
42,7,none,cz,1233,103,3,2,False,0.26707724,0.24361321,0.34570265,0.14360693
42,7,none,cz,1234,103,2,0,False,0.46907908,0.0806145,0.41464373,0.035662774
42,7,none,cz,1235,103,3,3,True,0.01564915,0.0681969,0.44518578,0.47096816
42,7,none,cz,1236,103,1,1,True,0.011942714,0.9419289,0.030787589,0.015340776
42,7,none,cz,1237,103,0,0,True,0.5132417,0.007343453,0.34233034,0.13708451
42,7,none,cz,1238,103,0,0,True,0.89149255,0.012708874,0.044893064,0.05090541
42,7,none,cz,1239,103,1,2,False,0.048098397,0.33125448,0.48761928,0.13302787
42,7,none,cz,1240,103,1,1,True,0.0058185314,0.5512065,0.023600994,0.41937396
42,7,none,cz,1241,103,0,2,False,0.12756406,0.0026046615,0.77431643,0.09551487
42,7,none,cz,1242,103,1,1,True,0.0005297765,0.92278254,0.0043849973,0.072302766
42,7,none,cz,1243,103,0,0,True,0.711439,0.00073598546,0.28456607,0.0032589121
42,7,none,cz,1244,103,0,0,True,0.6923372,0.038778357,0.09842317,0.17046124
42,7,none,cz,1245,103,1,3,False,0.04025672,0.2919518,0.12717967,0.5406118
42,7,none,cz,1246,103,0,0,True,0.93129843,0.001420199,0.058778338,0.008503072
42,7,none,cz,1247,103,1,0,False,0.35076952,0.339241,0.15481064,0.15517882
42,7,none,cz,1248,103,1,1,True,0.025642788,0.72738755,0.21980709,0.027162554
42,7,none,cz,1249,103,0,0,True,0.9938985,0.0011934165,0.0041931416,0.00071481767
42,7,none,cz,1250,103,1,1,True,0.20413806,0.42081407,0.017340884,0.357707
42,7,none,cz,1251,103,3,3,True,0.0030139987,0.0039757583,0.007929552,0.98508066
42,7,none,cz,1252,103,2,1,False,0.0110512255,0.5270501,0.3681814,0.09371728
42,7,none,cz,1253,103,3,3,True,0.015433885,0.3581701,0.032967567,0.59342843
42,7,none,cz,1254,103,2,3,False,0.36508152,0.073612496,0.11283659,0.44846937
42,7,none,cz,1255,103,2,1,False,0.08634618,0.39502192,0.3928856,0.1257463
42,7,none,cz,1256,103,3,0,False,0.44172707,0.09677738,0.11848606,0.3430095
42,7,none,cz,1257,103,2,1,False,0.08772532,0.8016935,0.0066893147,0.103891894
42,7,none,cz,1258,103,3,1,False,0.18207078,0.5413079,0.023110874,0.25351048
42,7,none,cz,1259,103,2,2,True,0.07343317,0.013761019,0.9073145,0.005491303
42,7,none,cz,1260,103,3,2,False,0.029846534,0.26537392,0.39119968,0.31357986
42,7,none,cz,1261,103,3,3,True,0.007096247,0.11546285,0.025303839,0.8521371
42,7,none,cz,1262,103,2,2,True,0.002636122,0.130204,0.86347616,0.0036836835
42,7,none,cz,1263,103,2,2,True,0.061224308,0.065815456,0.85047704,0.022483202
42,7,none,cz,1264,103,3,3,True,0.07654049,0.02199276,0.00697121,0.89449555
42,7,none,cz,1265,103,3,3,True,0.00060014107,0.057562705,0.019128531,0.92270863
42,7,none,cz,1266,104,0,0,True,0.42568192,0.3510903,0.059312496,0.16391526
42,7,none,cz,1267,104,1,1,True,0.06101801,0.9329853,0.0036193419,0.0023773036
42,7,none,cz,1268,104,1,1,True,0.09041661,0.43037456,0.3907777,0.08843117
42,7,none,cz,1269,104,0,1,False,0.13992763,0.5281549,0.010235425,0.3216821
42,7,none,cz,1270,104,1,1,True,0.018076692,0.8476747,0.050436635,0.08381199
42,7,none,cz,1271,104,0,2,False,0.10220934,0.24900626,0.5327142,0.11607019
42,7,none,cz,1272,104,1,1,True,0.07571869,0.80780804,0.021355325,0.095118
42,7,none,cz,1273,104,0,1,False,0.27679622,0.29945514,0.21711303,0.20663567
42,7,none,cz,1274,104,0,1,False,0.068325676,0.86891574,0.059312996,0.0034456116
42,7,none,cz,1275,104,1,1,True,0.03383586,0.823265,0.10928619,0.033612914
42,7,none,cz,1276,104,0,1,False,0.12404684,0.6877219,0.13432017,0.053911027
42,7,none,cz,1277,104,1,1,True,0.016747052,0.57290405,0.12914795,0.2812009
42,7,none,cz,1278,104,1,0,False,0.38534382,0.35781226,0.20765278,0.049191087
42,7,none,cz,1279,104,0,0,True,0.5852609,0.120483235,0.13513336,0.15912247
42,7,none,cz,1280,104,1,1,True,5.637849e-05,0.9906357,0.00019989244,0.009108078
42,7,none,cz,1281,104,2,2,True,0.17405911,0.18423483,0.49859762,0.1431084
42,7,none,cz,1282,104,3,3,True,0.055549745,0.17086782,0.29800484,0.47557762
42,7,none,cz,1283,104,3,3,True,0.13050887,0.022523014,0.015386118,0.83158207
42,7,none,cz,1284,104,2,1,False,0.008147776,0.86706406,0.11136962,0.013418449
42,7,none,cz,1285,104,3,2,False,0.18409704,0.2752065,0.33654907,0.20414738
42,7,none,cz,1286,104,2,1,False,0.004844852,0.98031944,0.003194399,0.011641309
42,7,none,cz,1287,104,2,1,False,0.019367533,0.6987655,0.15650037,0.12536658
42,7,none,cz,1288,104,3,3,True,0.039910674,0.083725,0.0020727878,0.87429154
42,7,none,cz,1289,104,2,1,False,0.0037202535,0.95733184,0.03853905,0.00040882087
42,7,none,cz,1290,104,3,1,False,0.026227439,0.5844312,0.15015662,0.23918477
42,7,none,cz,1291,104,3,3,True,0.07263755,0.060617838,0.057440978,0.80930364
42,7,none,cz,1292,104,2,3,False,0.03939339,0.041354075,0.02831962,0.89093286
42,7,none,cz,1293,104,3,3,True,0.041213434,0.10283184,0.0053611435,0.8505936
42,7,none,cz,1294,104,2,1,False,0.031006584,0.4788824,0.28268665,0.2074243
42,7,none,cz,1295,104,3,0,False,0.41043016,0.21032187,0.1197906,0.25945732
42,7,none,cz,1296,104,0,3,False,0.13516462,0.109039456,0.013611395,0.7421845
42,7,none,cz,1297,104,1,1,True,0.027084403,0.8447807,0.08307262,0.045062292
42,7,none,cz,1298,104,1,1,True,0.002691355,0.993544,0.0005753595,0.0031892976
42,7,none,cz,1299,104,0,0,True,0.79645574,0.090919636,0.09373882,0.018885737
42,7,none,cz,1300,104,0,0,True,0.95364004,0.013247583,0.0092363795,0.02387603
42,7,none,cz,1301,104,1,1,True,0.0015366473,0.9597716,0.021544287,0.017147379
42,7,none,cz,1302,104,0,1,False,0.335452,0.5215762,0.045134712,0.09783708
42,7,none,cz,1303,104,1,1,True,0.11336029,0.6203066,0.13243297,0.13390017
42,7,none,cz,1304,104,0,0,True,0.5492263,0.24867178,0.18552972,0.01657215
42,7,none,cz,1305,104,1,1,True,0.14163807,0.8467419,0.008214241,0.0034056692
42,7,none,cz,1306,104,1,1,True,1.2885549e-05,0.9833771,0.01582558,0.0007843856
42,7,none,cz,1307,104,0,0,True,0.9584137,0.03953693,0.0012479672,0.00080140226
42,7,none,cz,1308,104,3,3,True,0.0029477503,0.12803571,0.023349589,0.845667
42,7,none,cz,1309,104,2,1,False,0.028844235,0.47674784,0.22095121,0.27345672
42,7,none,cz,1310,104,3,3,True,0.08106269,0.13383886,0.013379606,0.77171886
42,7,none,cz,1311,104,2,0,False,0.68185276,0.118082464,0.059935756,0.14012906
42,7,none,cz,1312,104,3,0,False,0.39326864,0.2259116,0.007250619,0.3735692
42,7,none,cz,1313,104,2,2,True,0.062838264,0.38445345,0.5443811,0.008327143
42,7,none,cz,1314,104,3,3,True,0.03137725,0.15448013,0.055624377,0.7585182
42,7,none,cz,1315,104,2,1,False,0.113922745,0.54109925,0.0854218,0.25955617
42,7,none,cz,1316,104,3,1,False,0.043277536,0.69231594,0.16833495,0.096071616
42,7,none,cz,1317,104,2,2,True,0.10899517,0.3983204,0.4488226,0.043861847
42,7,none,cz,1318,104,2,2,True,0.22292426,0.18897101,0.51914644,0.06895831
42,7,none,cz,1319,104,3,3,True,0.15976915,0.06282641,0.386923,0.39048147
42,7,none,cz,1320,104,3,3,True,0.065764725,0.01710657,0.022643581,0.89448506
42,7,none,cz,1321,104,2,1,False,0.055132505,0.5892498,0.32441834,0.031199373
42,7,none,cz,1322,104,2,2,True,0.1624222,0.026285406,0.8087667,0.0025256055
42,7,none,cz,1323,104,0,0,True,0.45360744,0.117853984,0.20087117,0.2276674
42,7,none,cz,1324,104,1,1,True,0.009427575,0.5067936,0.37702546,0.106753364
42,7,none,cz,1325,104,0,2,False,0.3837485,0.101599276,0.4586285,0.056023788
42,7,none,cz,1326,104,1,1,True,0.047289673,0.5888362,0.30638412,0.05749006
42,7,none,cz,1327,104,0,2,False,0.263427,0.2203053,0.4825454,0.03372236
42,7,none,cz,1328,104,1,1,True,0.0030626352,0.6133884,0.088083476,0.29546556
42,7,none,cz,1329,104,0,0,True,0.99963,1.6775832e-05,8.4651445e-05,0.00026858592
42,7,none,cz,1330,104,1,1,True,0.21130206,0.38859192,0.19415127,0.20595479
42,7,none,cz,1331,104,1,1,True,0.014512823,0.9720427,0.005922883,0.0075214924
42,7,none,cz,1332,104,0,1,False,0.14203823,0.82464445,0.016861085,0.01645624
42,7,none,cz,1333,104,0,0,True,0.6114496,0.06694049,0.28575358,0.03585627
42,7,none,cz,1334,104,1,1,True,0.22885133,0.55057216,0.044715036,0.17586146
42,7,none,cz,1335,104,1,3,False,0.28707987,0.026318077,0.2366029,0.4499992
42,7,none,cz,1336,104,0,0,True,0.48688748,0.016551608,0.48175284,0.014807981
42,7,none,cz,1337,104,0,0,True,0.3366841,0.058466364,0.32722515,0.27762443
42,7,none,cz,1338,104,2,2,True,0.0014129413,0.015961062,0.9594788,0.023147179
42,7,none,cz,1339,104,3,1,False,0.03601008,0.73992956,0.20694283,0.017117558
42,7,none,cz,1340,104,2,1,False,0.3146349,0.50459075,0.14762148,0.033152893
42,7,none,cz,1341,104,3,3,True,0.045604784,0.068715185,0.03716369,0.84851635
42,7,none,cz,1342,104,3,3,True,0.021121068,0.22939642,0.018368986,0.73111355
42,7,none,cz,1343,104,2,2,True,0.018285038,0.18723166,0.78963333,0.0048500397
42,7,none,cz,1344,104,3,3,True,0.008984918,0.018846197,0.010632378,0.9615365
42,7,none,cz,1345,104,2,2,True,0.042825498,0.19326626,0.6416336,0.12227456
42,7,none,cz,1346,104,3,3,True,0.20580032,0.12563731,0.18448107,0.4840813
42,7,none,cz,1347,104,2,2,True,0.08720371,0.10202812,0.7923546,0.018413557
42,7,none,cz,1348,104,3,3,True,0.0073594656,0.19416891,0.26036477,0.53810686
42,7,none,cz,1349,104,2,1,False,0.0012441162,0.9479775,0.033768658,0.017009841
42,7,none,cz,1350,104,2,2,True,0.058034167,0.2974035,0.5229115,0.1216508
42,7,none,cz,1351,104,3,3,True,0.25883162,0.113659054,0.08269084,0.5448185
42,7,none,cz,1352,104,3,2,False,0.041683637,0.15342489,0.4429163,0.36197516
42,7,none,cz,1353,105,0,0,True,0.96536535,0.00017293963,0.0027605356,0.03170111
42,7,none,cz,1354,105,1,1,True,0.0002212444,0.94601196,0.044778854,0.008987918
42,7,none,cz,1355,105,1,1,True,0.0013822599,0.94605476,0.037008602,0.015554461
42,7,none,cz,1356,105,0,0,True,0.81900615,0.00025089228,0.012547725,0.16819529
42,7,none,cz,1357,105,1,1,True,0.00017970116,0.8841386,0.10624663,0.009435043
42,7,none,cz,1358,105,0,0,True,0.99920446,2.0456503e-06,0.0003713188,0.00042226422
42,7,none,cz,1359,105,1,1,True,0.0002488805,0.98181355,0.0012812908,0.016656362
42,7,none,cz,1360,105,0,0,True,0.95217687,0.00013385268,0.0019476688,0.045741547
42,7,none,cz,1361,105,0,0,True,0.9932318,4.4855467e-05,0.004232352,0.0024910152
42,7,none,cz,1362,105,1,3,False,0.0016826115,0.41101143,0.0011006722,0.5862053
42,7,none,cz,1363,105,1,1,True,5.216205e-05,0.91551626,0.0034003712,0.081031196
42,7,none,cz,1364,105,0,0,True,0.99897456,2.8390592e-05,7.028187e-05,0.0009268895
42,7,none,cz,1365,105,1,2,False,0.008908068,0.32369804,0.41940898,0.24798493
42,7,none,cz,1366,105,0,0,True,0.953361,3.0588988e-05,0.013591335,0.033017084
42,7,none,cz,1367,105,0,0,True,0.8166774,0.0049073477,0.05207866,0.12633663
42,7,none,cz,1368,105,3,3,True,0.002094614,0.0005521111,0.003952573,0.9934007
42,7,none,cz,1369,105,2,3,False,0.008525536,0.0074695884,0.34014252,0.6438623
42,7,none,cz,1370,105,2,3,False,0.0010512919,0.0043469104,0.08083786,0.91376394
42,7,none,cz,1371,105,3,3,True,0.0010371441,0.0022658648,0.05145233,0.94524467
42,7,none,cz,1372,105,3,3,True,0.05031424,0.0016547043,0.15227243,0.7957586
42,7,none,cz,1373,105,2,3,False,0.0038880117,0.003538001,0.4706334,0.5219406
42,7,none,cz,1374,105,3,3,True,0.00053417194,0.0023625335,0.011223211,0.9858801
42,7,none,cz,1375,105,2,2,True,0.006861086,0.0113788955,0.89298224,0.088777766
42,7,none,cz,1376,105,3,3,True,0.009498823,0.21446551,0.12621696,0.64981866
42,7,none,cz,1377,105,2,2,True,0.009858063,0.033202846,0.74302304,0.21391603
42,7,none,cz,1378,105,3,2,False,0.060421724,0.010631757,0.7477469,0.18119965
42,7,none,cz,1379,105,2,3,False,0.00036590314,0.008707138,0.21461941,0.7763076
42,7,none,cz,1380,105,3,3,True,0.0007310552,0.000110729496,0.0044692475,0.994689
42,7,none,cz,1381,105,2,2,True,0.0012219717,0.0021153796,0.9490506,0.047612015
42,7,none,cz,1382,105,2,3,False,0.0010515357,0.008367057,0.20086376,0.7897176
42,7,none,cz,1383,105,1,1,True,2.9171268e-05,0.988347,0.009939313,0.0016844606
42,7,none,cz,1384,105,0,2,False,0.02765646,0.00028620014,0.5100323,0.46202502
42,7,none,cz,1385,105,1,1,True,0.00020386603,0.65282416,0.3055101,0.041461866
42,7,none,cz,1386,105,0,3,False,0.1411826,0.00010897267,0.05781528,0.8008932
42,7,none,cz,1387,105,0,2,False,0.23370445,0.00018631673,0.4713472,0.29476205
42,7,none,cz,1388,105,1,1,True,0.005735654,0.93248314,0.05174908,0.01003211
42,7,none,cz,1389,105,1,1,True,8.9005414e-05,0.9826931,0.016735567,0.00048230274
42,7,none,cz,1390,105,0,0,True,0.9692993,0.0005406889,0.025469838,0.004690194
42,7,none,cz,1391,105,0,0,True,0.8689209,0.011318866,0.091998726,0.02776139
42,7,none,cz,1392,105,1,1,True,0.0008773923,0.7725549,0.2154159,0.0111518875
42,7,none,cz,1393,105,0,0,True,0.92291063,0.0012141552,0.013091454,0.062783785
42,7,none,cz,1394,105,1,1,True,0.0011738687,0.9853581,0.01247819,0.0009898318
42,7,none,cz,1395,105,0,2,False,0.19101839,0.00062358234,0.8051472,0.003210824
42,7,none,cz,1396,105,1,1,True,2.2555352e-05,0.9931184,0.0064415904,0.0004174357
42,7,none,cz,1397,105,1,1,True,0.0014680714,0.86758417,0.0568421,0.07410559
42,7,none,cz,1398,105,3,2,False,0.003292328,0.0023874245,0.6522373,0.34208292
42,7,none,cz,1399,105,2,2,True,0.0010299276,0.003483257,0.8278264,0.16766046
42,7,none,cz,1400,105,3,3,True,0.0026819874,0.0041731596,0.20018822,0.79295665
42,7,none,cz,1401,105,2,2,True,0.0024289808,0.0017206601,0.9796657,0.016184676
42,7,none,cz,1402,105,3,2,False,0.00073125365,0.0055150487,0.803592,0.19016175
42,7,none,cz,1403,105,2,2,True,0.0012907474,0.0039093937,0.919519,0.0752809
42,7,none,cz,1404,105,3,2,False,0.008071607,0.022747708,0.5771957,0.39198497
42,7,none,cz,1405,105,2,3,False,0.036547594,0.021784758,0.12480395,0.81686366
42,7,none,cz,1406,105,3,3,True,0.0024953443,0.0011242806,0.43229976,0.56408066
42,7,none,cz,1407,105,2,2,True,0.0012739685,0.044490613,0.7789616,0.17527385
42,7,none,cz,1408,105,2,3,False,0.009298448,0.10899351,0.26761928,0.6140888
42,7,none,cz,1409,105,3,3,True,0.009920101,0.10821775,0.14549269,0.7363695
42,7,none,cz,1410,105,3,3,True,0.0019779347,0.009399702,0.0359494,0.9526729
42,7,none,cz,1411,105,2,2,True,0.001247072,0.014707883,0.84656584,0.1374793
42,7,none,cz,1412,105,2,2,True,0.0027192596,0.024687292,0.9352543,0.03733914
42,7,none,cz,1413,105,1,3,False,0.00012591641,0.07775157,0.017491274,0.9046312
42,7,none,cz,1414,105,0,0,True,0.88199735,0.002392208,0.102256335,0.013354168
42,7,none,cz,1415,105,1,1,True,0.0007158301,0.6467415,0.19223382,0.16030881
42,7,none,cz,1416,105,0,2,False,0.18716502,0.018229485,0.59873545,0.19587004
42,7,none,cz,1417,105,1,1,True,0.00017778309,0.66344124,0.07829156,0.2580894
42,7,none,cz,1418,105,0,2,False,0.11333165,0.0031675377,0.7740412,0.10945964
42,7,none,cz,1419,105,1,2,False,0.01124384,0.20659,0.6628626,0.11930357
42,7,none,cz,1420,105,0,0,True,0.4923397,0.0091066,0.38576832,0.11278533
42,7,none,cz,1421,105,0,2,False,0.081172265,0.031466346,0.7554818,0.1318796
42,7,none,cz,1422,105,1,1,True,0.015187518,0.81948096,0.12126794,0.0440635
42,7,none,cz,1423,105,1,1,True,0.00019925606,0.97319555,0.0047828937,0.021822194
42,7,none,cz,1424,105,0,0,True,0.8985494,0.00092078943,0.04165283,0.05887702
42,7,none,cz,1425,105,1,1,True,0.00020577053,0.60025215,0.34387824,0.05566388
42,7,none,cz,1426,105,0,2,False,0.0073940125,0.00025547575,0.9807216,0.011628926
42,7,none,cz,1427,105,0,3,False,0.026942307,0.00072929286,0.16777205,0.80455637
42,7,none,cz,1428,105,2,3,False,0.0015438814,0.014811583,0.07326671,0.9103778
42,7,none,cz,1429,105,3,3,True,0.0053194477,0.0042525115,0.14486513,0.8455629
42,7,none,cz,1430,105,3,3,True,0.0025060235,0.0038597335,0.075494215,0.91814
42,7,none,cz,1431,105,2,2,True,0.0013406413,0.0024824794,0.7360572,0.26011965
42,7,none,cz,1432,105,3,3,True,0.015432004,0.007962526,0.30725697,0.6693485
42,7,none,cz,1433,105,2,2,True,0.007393121,0.042102613,0.8985127,0.051991586
42,7,none,cz,1434,105,3,3,True,0.013852356,0.032063577,0.40940163,0.5446825
42,7,none,cz,1435,105,2,2,True,0.035048988,0.018130977,0.79250115,0.15431887
42,7,none,cz,1436,105,3,3,True,0.0016829193,0.04551852,0.28187588,0.6709227
42,7,none,cz,1437,105,2,2,True,0.0012518163,0.00886095,0.97553504,0.014352214
42,7,none,cz,1438,105,2,2,True,0.0014260537,0.029784681,0.6250848,0.34370443
42,7,none,cz,1439,105,3,2,False,0.0125406645,0.014165515,0.68120897,0.29208484
42,7,none,cz,1440,105,2,2,True,0.0011797858,0.0062653893,0.80148125,0.19107363
42,7,none,cz,1441,105,3,2,False,0.00078423804,0.0020501246,0.8579727,0.13919297
42,7,none,cz,1442,105,2,3,False,0.017790653,0.002487634,0.403605,0.57611674
42,7,none,cz,1443,106,0,3,False,0.0059691956,0.0027285686,0.48252392,0.50877833
42,7,none,cz,1444,106,1,3,False,0.011835508,0.16269779,0.21001838,0.6154483
42,7,none,cz,1445,106,0,2,False,0.0049822098,0.0048064673,0.93836766,0.0518436
42,7,none,cz,1446,106,1,3,False,0.01058509,0.036705747,0.18846032,0.76424885
42,7,none,cz,1447,106,0,2,False,0.0056753624,0.010889954,0.9817199,0.0017148927
42,7,none,cz,1448,106,1,2,False,0.006438541,0.0061100805,0.88071924,0.106732085
42,7,none,cz,1449,106,0,3,False,0.10498378,0.15931754,0.34773186,0.38796684
42,7,none,cz,1450,106,1,3,False,0.0041790972,0.1390173,0.024782063,0.8320216
42,7,none,cz,1451,106,0,3,False,0.2406063,0.294147,0.07049838,0.39474836
42,7,none,cz,1452,106,1,2,False,0.009160145,0.38740188,0.52546185,0.0779761
42,7,none,cz,1453,106,0,3,False,0.005026929,0.191451,0.052705962,0.75081605
42,7,none,cz,1454,106,1,1,True,0.0028149504,0.61772454,0.3782469,0.0012135446
42,7,none,cz,1455,106,1,1,True,0.001531679,0.8892642,0.017601486,0.09160262
42,7,none,cz,1456,106,0,0,True,0.8585999,0.0077258255,0.05867166,0.07500257
42,7,none,cz,1457,106,0,0,True,0.96631414,0.002891636,0.026357615,0.0044366317
42,7,none,cz,1458,106,3,3,True,0.0027875688,0.011950891,0.12616464,0.8590969
42,7,none,cz,1459,106,2,3,False,0.0006756469,0.016963892,0.021984978,0.9603755
42,7,none,cz,1460,106,3,3,True,0.038546912,0.24133858,0.24176039,0.47835416
42,7,none,cz,1461,106,2,1,False,0.08313608,0.71154493,0.106727876,0.09859108
42,7,none,cz,1462,106,2,2,True,0.0046110526,0.05268262,0.6613884,0.2813179
42,7,none,cz,1463,106,3,3,True,0.0036490466,0.39652225,0.050958857,0.54886985
42,7,none,cz,1464,106,3,3,True,0.00170463,0.07690724,0.088764496,0.8326236
42,7,none,cz,1465,106,2,2,True,0.059955053,0.09167635,0.605267,0.24310164
42,7,none,cz,1466,106,3,1,False,0.02254182,0.6129665,0.07791164,0.2865801
42,7,none,cz,1467,106,2,2,True,0.042529687,0.08942836,0.8247362,0.043305743
42,7,none,cz,1468,106,3,3,True,0.068574406,0.041011687,0.41823387,0.4721801
42,7,none,cz,1469,106,2,1,False,0.08818562,0.52725536,0.1676351,0.21692395
42,7,none,cz,1470,106,3,3,True,0.069904715,0.042201214,0.03924454,0.84864956
42,7,none,cz,1471,106,2,3,False,0.1826452,0.048036933,0.021309203,0.7480087
42,7,none,cz,1472,106,3,3,True,0.039400745,0.010223777,0.01140386,0.9389716
42,7,none,cz,1473,106,1,1,True,9.4011075e-06,0.99974746,5.3686108e-05,0.00018954546
42,7,none,cz,1474,106,0,3,False,0.19516242,0.0057231737,0.025672343,0.7734421
42,7,none,cz,1475,106,1,2,False,0.0043152627,0.17431413,0.8107969,0.010573695
42,7,none,cz,1476,106,0,2,False,0.06321094,0.28207767,0.6345227,0.020188736
42,7,none,cz,1477,106,0,3,False,0.04160732,0.10591054,0.016099652,0.83638245
42,7,none,cz,1478,106,1,3,False,0.017300868,0.23253745,0.14196947,0.6081922
42,7,none,cz,1479,106,1,1,True,0.00019529213,0.99649066,0.00016357437,0.003150512
42,7,none,cz,1480,106,0,3,False,0.2255767,0.22970846,0.2678924,0.27682242
42,7,none,cz,1481,106,0,1,False,0.005280384,0.4780098,0.056928515,0.45978132
42,7,none,cz,1482,106,1,1,True,0.0672648,0.8490846,0.072501004,0.011149505
42,7,none,cz,1483,106,1,1,True,0.000109414475,0.99766773,0.0018883089,0.00033459664
42,7,none,cz,1484,106,0,0,True,0.8274899,0.06954526,0.043410227,0.059554685
42,7,none,cz,1485,106,0,1,False,0.019590862,0.50120425,0.1453025,0.33390245
42,7,none,cz,1486,106,1,1,True,0.00078112894,0.9917435,0.005298052,0.0021773926
42,7,none,cz,1487,106,0,1,False,0.012232615,0.6340703,0.11808206,0.235615
42,7,none,cz,1488,106,2,2,True,0.011074282,0.03847857,0.94292766,0.0075194417
42,7,none,cz,1489,106,3,3,True,0.011618052,0.0080503635,0.0033994683,0.97693205
42,7,none,cz,1490,106,2,1,False,0.05369071,0.43179062,0.25673252,0.25778615
42,7,none,cz,1491,106,3,3,True,0.018042272,0.00066300813,0.2407589,0.74053586
42,7,none,cz,1492,106,3,3,True,0.07410195,0.12910798,0.09602505,0.700765
42,7,none,cz,1493,106,2,2,True,0.33248773,0.097140044,0.44947696,0.120895326
42,7,none,cz,1494,106,2,1,False,0.0555207,0.55536324,0.37245032,0.01666578
42,7,none,cz,1495,106,3,0,False,0.48218432,0.055525016,0.17272837,0.28956234
42,7,none,cz,1496,106,2,1,False,0.035238966,0.4951972,0.46541968,0.004144132
42,7,none,cz,1497,106,3,2,False,0.12945218,0.07894364,0.77769005,0.013914163
42,7,none,cz,1498,106,3,3,True,0.027705852,0.062889695,0.3212934,0.58811104
42,7,none,cz,1499,106,2,2,True,0.052550744,0.2043141,0.6522434,0.09089179
42,7,none,cz,1500,106,2,3,False,0.0054441635,0.06888664,0.24797688,0.6776923
42,7,none,cz,1501,106,3,3,True,0.0006623402,0.012334509,0.013705971,0.9732972
42,7,none,cz,1502,106,2,2,True,0.13069037,0.058225974,0.80234665,0.008737014
42,7,none,cz,1503,106,1,1,True,0.0021943052,0.98006105,0.016747842,0.0009967834
42,7,none,cz,1504,106,0,2,False,0.06479825,0.43353534,0.44389895,0.057767466
42,7,none,cz,1505,106,0,3,False,0.031444244,0.004823874,0.23705056,0.72668135
42,7,none,cz,1506,106,1,2,False,0.2826395,0.038302667,0.63809794,0.040959936
42,7,none,cz,1507,106,0,0,True,0.7597992,0.06826086,0.10048784,0.0714521
42,7,none,cz,1508,106,1,1,True,0.0009973927,0.8936369,0.0035368013,0.10182884
42,7,none,cz,1509,106,0,0,True,0.485011,0.13303086,0.07336979,0.30858836
42,7,none,cz,1510,106,1,2,False,0.07084229,0.24435411,0.67616564,0.008638002
42,7,none,cz,1511,106,1,1,True,0.0016757398,0.9900113,0.0044585867,0.0038543888
42,7,none,cz,1512,106,0,0,True,0.9382415,0.025239732,0.008006285,0.028512474
42,7,none,cz,1513,106,0,0,True,0.9693962,0.0033305264,0.02672451,0.0005488035
42,7,none,cz,1514,106,1,2,False,0.023031138,0.023108443,0.90516025,0.04870016
42,7,none,cz,1515,106,1,3,False,0.0042366246,0.067889795,0.0045042196,0.9233694
42,7,none,cz,1516,106,0,0,True,0.59312963,0.0008930986,0.15957364,0.24640365
42,7,none,cz,1517,106,0,3,False,0.2723047,0.2713778,0.01606421,0.4402533
42,7,none,cz,1518,106,2,1,False,0.013451346,0.88695824,0.073194705,0.026395729
42,7,none,cz,1519,106,3,1,False,0.22010826,0.38321805,0.08559146,0.31108215
42,7,none,cz,1520,106,2,3,False,0.043299064,0.1514022,0.3032922,0.50200653
42,7,none,cz,1521,106,3,2,False,0.016494427,0.06736061,0.6225209,0.29362407
42,7,none,cz,1522,106,2,1,False,0.13016893,0.49992007,0.25054783,0.11936314
42,7,none,cz,1523,106,3,3,True,0.34142658,0.02762109,0.22553433,0.40541798
42,7,none,cz,1524,106,2,2,True,0.06010042,0.20499215,0.6772307,0.05767671
42,7,none,cz,1525,106,3,1,False,0.022096073,0.61583847,0.18925051,0.17281495
42,7,none,cz,1526,106,2,2,True,0.0021547216,0.059380155,0.77699745,0.16146766
42,7,none,cz,1527,106,3,2,False,0.18908837,0.13338675,0.6413702,0.036154706
42,7,none,cz,1528,106,3,0,False,0.78073263,0.0060097165,0.017041145,0.19621646
42,7,none,cz,1529,106,2,3,False,0.09336301,0.008693179,0.1885401,0.7094037
42,7,none,cz,1530,106,3,2,False,0.41839242,0.042680528,0.50829864,0.030628452
42,7,none,cz,1531,106,2,2,True,0.0037639453,0.034150463,0.93795145,0.024134176
42,7,none,cz,1532,106,2,0,False,0.79039377,0.0084927,0.17442693,0.026686573
42,7,none,cz,1533,107,1,1,True,0.00029413978,0.9891936,0.00028477705,0.010227516
42,7,none,cz,1534,107,0,1,False,0.21169464,0.43846235,0.088834256,0.2610088
42,7,none,cz,1535,107,0,0,True,0.95927054,0.03113139,0.007491064,0.0021069443
42,7,none,cz,1536,107,1,1,True,0.0001220898,0.9660145,4.6175603e-05,0.03381726
42,7,none,cz,1537,107,0,0,True,0.8122174,0.18461777,0.0016911451,0.0014737353
42,7,none,cz,1538,107,1,1,True,0.00023423473,0.9974087,0.0012264878,0.0011306438
42,7,none,cz,1539,107,0,0,True,0.89491314,0.0876336,0.010415217,0.007037979
42,7,none,cz,1540,107,1,1,True,0.0021658544,0.9967669,0.0006101193,0.000457089
42,7,none,cz,1541,107,0,0,True,0.9892804,0.0022794388,0.0005212964,0.007918863
42,7,none,cz,1542,107,1,1,True,0.013516316,0.9683233,0.007892897,0.010267546
42,7,none,cz,1543,107,0,0,True,0.7179922,0.04027691,0.012070775,0.22966015
42,7,none,cz,1544,107,1,1,True,0.00920467,0.81553066,0.03987486,0.1353898
42,7,none,cz,1545,107,0,0,True,0.9738591,0.002026564,0.00630531,0.017809045
42,7,none,cz,1546,107,1,1,True,0.0015426237,0.6821614,0.0075366036,0.30875942
42,7,none,cz,1547,107,0,0,True,0.99817765,0.0007746875,0.0007864516,0.00026126613
42,7,none,cz,1548,107,3,1,False,0.045658063,0.7396256,0.01708845,0.19762789
42,7,none,cz,1549,107,2,1,False,0.004858225,0.9217437,0.032689847,0.040708177
42,7,none,cz,1550,107,3,1,False,0.1749591,0.47507876,0.08208456,0.26787755
42,7,none,cz,1551,107,2,1,False,0.0023354988,0.9856543,0.0062833624,0.0057267416
42,7,none,cz,1552,107,3,0,False,0.8317688,0.11033908,0.043554287,0.0143378
42,7,none,cz,1553,107,2,2,True,0.23851815,0.14401579,0.3893977,0.22806837
42,7,none,cz,1554,107,2,0,False,0.6096423,0.32359484,0.0026172095,0.06414557
42,7,none,cz,1555,107,3,3,True,0.22558536,0.015670154,0.0002894052,0.7584551
42,7,none,cz,1556,107,3,0,False,0.91036624,0.016669933,0.07021747,0.0027463096
42,7,none,cz,1557,107,2,2,True,0.095730595,0.37893695,0.47220352,0.05312897
42,7,none,cz,1558,107,2,1,False,0.0056753266,0.98829484,0.0028149867,0.0032149279
42,7,none,cz,1559,107,3,0,False,0.77601916,0.19575702,0.0019002635,0.026323663
42,7,none,cz,1560,107,2,3,False,0.08104303,0.42861667,0.03566934,0.45467094
42,7,none,cz,1561,107,3,1,False,0.042590573,0.45326367,0.117194064,0.38695174
42,7,none,cz,1562,107,3,3,True,0.17214356,0.029787222,0.04491341,0.7531558
42,7,none,cz,1563,107,1,1,True,0.10431284,0.7039534,0.00980592,0.1819278
42,7,none,cz,1564,107,0,0,True,0.93713015,0.056132924,0.0020188808,0.0047180923
42,7,none,cz,1565,107,1,1,True,0.0025205426,0.99325705,0.0023895479,0.0018328883
42,7,none,cz,1566,107,0,0,True,0.8898014,0.054719985,0.0013570327,0.054121602
42,7,none,cz,1567,107,1,1,True,7.0256414e-05,0.9998286,3.860307e-05,6.2523766e-05
42,7,none,cz,1568,107,0,0,True,0.5138182,0.42161027,0.010067268,0.05450427
42,7,none,cz,1569,107,0,3,False,0.16785477,0.31609163,0.007509289,0.5085443
42,7,none,cz,1570,107,1,3,False,0.15418373,0.028464729,0.3167078,0.50064373
42,7,none,cz,1571,107,0,0,True,0.99263257,0.0045618704,0.0026317951,0.00017369847
42,7,none,cz,1572,107,1,0,False,0.49381244,0.3577335,0.10150219,0.046951875
42,7,none,cz,1573,107,0,0,True,0.48257074,0.34633183,0.022051772,0.14904568
42,7,none,cz,1574,107,1,2,False,0.028880248,0.06964885,0.47189844,0.4295725
42,7,none,cz,1575,107,1,2,False,0.04789457,0.23274924,0.7128793,0.0064768493
42,7,none,cz,1576,107,0,1,False,0.058719918,0.92561907,0.003432342,0.01222871
42,7,none,cz,1577,107,0,0,True,0.6954619,0.13412918,0.018864995,0.15154392
42,7,none,cz,1578,107,3,1,False,0.32962385,0.38172516,0.04049551,0.24815549
42,7,none,cz,1579,107,2,3,False,0.18581304,0.029731898,0.013319881,0.7711352
42,7,none,cz,1580,107,3,0,False,0.6790686,0.2428243,0.03401363,0.044093408
42,7,none,cz,1581,107,2,1,False,0.05466566,0.7591595,0.102262884,0.08391189
42,7,none,cz,1582,107,2,1,False,0.029817749,0.7488248,0.10686737,0.11449008
42,7,none,cz,1583,107,3,0,False,0.6914768,0.0065296297,0.029625826,0.2723677
42,7,none,cz,1584,107,3,0,False,0.9213475,0.038181927,0.012703261,0.027767219
42,7,none,cz,1585,107,2,0,False,0.463559,0.3170183,0.20902425,0.010398469
42,7,none,cz,1586,107,2,1,False,0.22909838,0.6535036,0.0058894376,0.11150853
42,7,none,cz,1587,107,3,3,True,0.025357958,0.29930732,0.0042114398,0.6711233
42,7,none,cz,1588,107,2,2,True,0.101970404,0.073391646,0.6753844,0.14925358
42,7,none,cz,1589,107,3,3,True,0.010368084,0.20047534,0.071699835,0.7174567
42,7,none,cz,1590,107,3,1,False,0.12925553,0.69637907,0.0149887195,0.15937665
42,7,none,cz,1591,107,2,3,False,0.04315215,0.26413742,0.00078250776,0.69192797
42,7,none,cz,1592,107,2,3,False,0.019514665,0.19006924,0.024093213,0.7663229
42,7,none,cz,1593,107,0,0,True,0.98974866,0.005253433,0.0027737014,0.0022242528
42,7,none,cz,1594,107,1,1,True,0.007024467,0.8994659,0.0010725422,0.09243696
42,7,none,cz,1595,107,1,1,True,0.020038376,0.8414864,0.042037927,0.09643722
42,7,none,cz,1596,107,0,0,True,0.7082889,0.22980042,0.02494762,0.03696301
42,7,none,cz,1597,107,1,1,True,0.02321073,0.88620824,0.08568549,0.004895549
42,7,none,cz,1598,107,0,1,False,0.2768692,0.67084295,0.045933995,0.00635394
42,7,none,cz,1599,107,1,3,False,0.015407137,0.3221636,0.0028880346,0.65954125
42,7,none,cz,1600,107,0,1,False,0.0461145,0.8308475,0.106841385,0.016196584
42,7,none,cz,1601,107,1,1,True,0.021594381,0.924532,0.022063626,0.031809982
42,7,none,cz,1602,107,0,3,False,0.0066101076,0.19688167,0.008751684,0.7877565
42,7,none,cz,1603,107,0,0,True,0.96706045,0.027928498,0.00056437484,0.004446658
42,7,none,cz,1604,107,1,1,True,0.16322564,0.833365,0.003113051,0.00029625947
42,7,none,cz,1605,107,0,3,False,0.30819362,0.2329497,0.06546002,0.39339668
42,7,none,cz,1606,107,1,2,False,0.022321785,0.25533786,0.45821366,0.26412672
42,7,none,cz,1607,107,0,1,False,0.0035216967,0.98136914,0.0013747682,0.013734462
42,7,none,cz,1608,107,3,0,False,0.5585035,0.2509713,0.14382532,0.046699822
42,7,none,cz,1609,107,2,1,False,0.035210792,0.4799808,0.025768716,0.45903966
42,7,none,cz,1610,107,2,0,False,0.9238196,0.06620077,0.002202644,0.007776963
42,7,none,cz,1611,107,3,3,True,0.050951764,0.042528395,0.00900961,0.89751023
42,7,none,cz,1612,107,2,1,False,0.08064261,0.9175601,0.00057294854,0.001224361
42,7,none,cz,1613,107,3,0,False,0.91549397,0.0717165,0.007015507,0.0057740244
42,7,none,cz,1614,107,3,1,False,0.0252134,0.9502973,0.0042690523,0.020220222
42,7,none,cz,1615,107,2,1,False,0.014227958,0.63638854,0.32545593,0.02392753
42,7,none,cz,1616,107,2,0,False,0.7635196,0.06789214,0.13007537,0.0385129
42,7,none,cz,1617,107,3,1,False,0.004965791,0.6896179,0.020999657,0.2844166
42,7,none,cz,1618,107,2,2,True,0.29913938,0.18943022,0.31775698,0.19367342
42,7,none,cz,1619,107,3,1,False,0.030045165,0.4644179,0.12139842,0.38413844
42,7,none,cz,1620,107,2,3,False,0.025300486,0.21374072,0.08065484,0.680304
42,7,none,cz,1621,107,3,3,True,0.0005605561,0.39949837,0.017492812,0.58244824
42,7,none,cz,1622,107,3,3,True,0.33804995,0.12713037,0.06956653,0.46525308
42,7,none,cz,1623,108,0,0,True,0.7676068,0.00023823847,0.0015822343,0.23057272
42,7,none,cz,1624,108,1,1,True,4.5390284e-06,0.9975908,4.735368e-05,0.002357337
42,7,none,cz,1625,108,0,3,False,0.2104593,0.003601972,0.0009437321,0.784995
42,7,none,cz,1626,108,1,3,False,0.1696688,0.38729224,0.0008871865,0.44215178
42,7,none,cz,1627,108,0,0,True,0.98620355,0.0017027657,0.00024163864,0.011852033
42,7,none,cz,1628,108,1,1,True,1.2608853e-05,0.9997104,1.4342752e-06,0.00027551578
42,7,none,cz,1629,108,1,1,True,3.889662e-06,0.99520254,3.937453e-06,0.0047896607
42,7,none,cz,1630,108,0,0,True,0.86475825,0.0016620711,0.00037885553,0.1332009
42,7,none,cz,1631,108,0,0,True,0.9994093,7.555013e-06,2.6732037e-06,0.0005805657
42,7,none,cz,1632,108,1,1,True,0.0021508248,0.7829181,0.0010751913,0.21385594
42,7,none,cz,1633,108,0,0,True,0.99630994,0.0007156498,0.0016077432,0.0013665642
42,7,none,cz,1634,108,1,1,True,0.031724878,0.53906107,0.0010887396,0.42812535
42,7,none,cz,1635,108,0,3,False,0.1095105,0.372095,0.09375324,0.42464125
42,7,none,cz,1636,108,1,1,True,0.003910768,0.9731223,0.0073912055,0.015575799
42,7,none,cz,1637,108,1,1,True,5.2348123e-06,0.9644548,4.4260087e-05,0.03549565
42,7,none,cz,1638,108,2,1,False,0.013062569,0.6561447,0.15841442,0.1723783
42,7,none,cz,1639,108,3,3,True,0.0001046612,0.003830901,0.0010041167,0.99506027
42,7,none,cz,1640,108,2,3,False,0.0053204703,0.011551657,0.011540701,0.9715872
42,7,none,cz,1641,108,3,3,True,0.00020842435,0.018129261,0.0023661624,0.9792962
42,7,none,cz,1642,108,3,3,True,0.0001749732,0.004573363,0.0016328457,0.99361885
42,7,none,cz,1643,108,2,1,False,0.1801164,0.56309617,0.12746209,0.12932536
42,7,none,cz,1644,108,2,3,False,0.108000666,0.009848724,0.0116988,0.87045175
42,7,none,cz,1645,108,3,3,True,0.00088446506,0.0047403043,0.0014558663,0.9929194
42,7,none,cz,1646,108,2,1,False,0.010705396,0.97974485,0.0014949157,0.008054747
42,7,none,cz,1647,108,3,3,True,0.0034106416,0.04065463,0.0005795624,0.95535517
42,7,none,cz,1648,108,3,3,True,0.0017499598,0.02055754,0.0053725108,0.97231996
42,7,none,cz,1649,108,2,1,False,0.039256535,0.51636565,0.040572718,0.40380517
42,7,none,cz,1650,108,3,3,True,0.025562368,0.0021857275,0.005756031,0.9664959
42,7,none,cz,1651,108,2,1,False,0.025907204,0.4756323,0.21179266,0.28666785
42,7,none,cz,1652,108,3,3,True,0.031588692,0.0100643085,0.01680673,0.9415403
42,7,none,cz,1653,108,1,1,True,7.756745e-05,0.781677,0.18199714,0.036248364
42,7,none,cz,1654,108,0,1,False,0.095506735,0.6570449,0.040444747,0.20700371
42,7,none,cz,1655,108,1,1,True,0.010888454,0.44597,0.27661636,0.26652518
42,7,none,cz,1656,108,0,0,True,0.95052487,0.0003528928,0.0015131303,0.047609095
42,7,none,cz,1657,108,0,3,False,0.4803517,0.010918848,0.000335175,0.5083943
42,7,none,cz,1658,108,1,1,True,0.00047359374,0.95050126,0.00078047154,0.04824468
42,7,none,cz,1659,108,1,1,True,0.0002849926,0.99291116,0.0007263831,0.0060774004
42,7,none,cz,1660,108,0,0,True,0.95203197,0.006968125,0.0019414607,0.039058376
42,7,none,cz,1661,108,0,0,True,0.9834819,0.0017556577,0.0022394736,0.012522944
42,7,none,cz,1662,108,1,1,True,1.1862831e-05,0.99944574,0.00024335181,0.00029896526
42,7,none,cz,1663,108,1,1,True,0.00012168446,0.98886245,0.00086461805,0.010151282
42,7,none,cz,1664,108,0,3,False,0.36845878,0.006026625,0.017033622,0.608481
42,7,none,cz,1665,108,1,1,True,0.0034435773,0.73467743,0.16947778,0.09240121
42,7,none,cz,1666,108,0,0,True,0.7089614,0.01675369,0.021368219,0.25291666
42,7,none,cz,1667,108,1,1,True,0.057556402,0.80430096,0.0046848156,0.1334579
42,7,none,cz,1668,108,3,3,True,0.00015908729,0.0017637247,0.00035014458,0.9977271
42,7,none,cz,1669,108,2,3,False,0.13204716,0.15709278,0.08069587,0.63016415
42,7,none,cz,1670,108,3,3,True,0.004014997,0.002938684,0.003968134,0.9890781
42,7,none,cz,1671,108,2,2,True,0.02054463,0.086404584,0.83353204,0.05951884
42,7,none,cz,1672,108,2,3,False,0.013217595,0.19927563,0.14153431,0.6459725
42,7,none,cz,1673,108,3,3,True,0.0011182213,0.008650984,0.00076521345,0.9894656
42,7,none,cz,1674,108,2,2,True,0.011011707,0.15113507,0.71954614,0.1183071
42,7,none,cz,1675,108,3,1,False,0.009786813,0.5995862,0.18391481,0.2067122
42,7,none,cz,1676,108,2,1,False,0.003210445,0.9499208,0.022747645,0.02412111
42,7,none,cz,1677,108,3,1,False,0.01717084,0.6287071,0.0895203,0.2646018
42,7,none,cz,1678,108,2,3,False,0.04361024,0.26512155,0.29579028,0.39547795
42,7,none,cz,1679,108,3,3,True,0.049450733,0.3739156,0.11425465,0.46237904
42,7,none,cz,1680,108,2,2,True,0.009524216,0.0019197647,0.7238314,0.26472464
42,7,none,cz,1681,108,3,3,True,0.18742783,0.067941606,0.042817563,0.701813
42,7,none,cz,1682,108,3,3,True,0.060473084,0.06570247,0.17517662,0.69864786
42,7,none,cz,1683,108,1,1,True,0.0031193516,0.59073937,0.09844751,0.3076938
42,7,none,cz,1684,108,0,0,True,0.64156187,0.12096116,0.10405256,0.13342442
42,7,none,cz,1685,108,0,3,False,0.018867282,0.21646301,0.19665425,0.56801546
42,7,none,cz,1686,108,1,1,True,0.022116892,0.45237052,0.44947037,0.07604226
42,7,none,cz,1687,108,0,3,False,0.036373485,0.2378277,0.004857822,0.72094095
42,7,none,cz,1688,108,1,1,True,0.2038362,0.6737466,0.11560934,0.0068078283
42,7,none,cz,1689,108,1,1,True,2.2414191e-05,0.9977348,0.0011673064,0.0010756176
42,7,none,cz,1690,108,0,3,False,0.4823772,0.0063787336,0.008381988,0.50286204
42,7,none,cz,1691,108,0,3,False,0.068343595,0.20384985,0.06668621,0.66112036
42,7,none,cz,1692,108,1,1,True,0.0004207836,0.99675447,0.0016773512,0.0011475029
42,7,none,cz,1693,108,0,3,False,0.13432603,0.10197361,0.0032453907,0.760455
42,7,none,cz,1694,108,1,1,True,0.031824272,0.8335336,0.0070989267,0.12754317
42,7,none,cz,1695,108,1,1,True,7.6471835e-05,0.9992669,3.9505092e-05,0.0006170223
42,7,none,cz,1696,108,0,0,True,0.7199583,0.055625986,0.098350815,0.12606494
42,7,none,cz,1697,108,0,0,True,0.99954945,0.0002421602,1.1388099e-05,0.00019700613
42,7,none,cz,1698,108,3,3,True,0.04374924,0.15975524,0.030240767,0.7662548
42,7,none,cz,1699,108,2,3,False,0.016585078,0.31773987,0.111636974,0.55403805
42,7,none,cz,1700,108,2,2,True,0.0141030215,0.06774231,0.511534,0.40662068
42,7,none,cz,1701,108,3,3,True,0.0002941209,0.00077870506,0.00022743577,0.99869967
42,7,none,cz,1702,108,2,3,False,0.22949111,0.0789953,0.030474048,0.66103953
42,7,none,cz,1703,108,3,3,True,0.039810456,0.037024032,0.4045498,0.5186157
42,7,none,cz,1704,108,3,3,True,0.00089413964,0.0019076478,0.0047356635,0.9924625
42,7,none,cz,1705,108,2,2,True,0.006828936,0.026324892,0.82699746,0.1398488
42,7,none,cz,1706,108,3,3,True,0.006315893,0.030172303,0.18876448,0.7747474
42,7,none,cz,1707,108,2,1,False,0.010497071,0.8130801,0.022644933,0.15377802
42,7,none,cz,1708,108,2,2,True,0.18000509,0.01712062,0.48898613,0.3138881
42,7,none,cz,1709,108,3,3,True,0.006639642,0.035816237,0.007158685,0.9503854
42,7,none,cz,1710,108,2,1,False,0.0020788538,0.7598231,0.010929459,0.2271686
42,7,none,cz,1711,108,3,1,False,0.0008286683,0.5704128,0.0035006187,0.4252579
42,7,none,cz,1712,108,2,1,False,0.37065035,0.4636415,0.022912748,0.14279538
42,7,none,cz,1713,109,0,0,True,0.8958391,0.0205227,0.003617498,0.080020666
42,7,none,cz,1714,109,1,1,True,0.18744121,0.6282998,0.12280413,0.061454862
42,7,none,cz,1715,109,1,1,True,6.3505754e-06,0.9999558,1.657183e-05,2.130497e-05
42,7,none,cz,1716,109,0,1,False,0.02163249,0.5941688,0.1849185,0.1992802
42,7,none,cz,1717,109,1,1,True,0.0012472445,0.99749833,0.0010565495,0.00019784474
42,7,none,cz,1718,109,0,0,True,0.6953818,0.19263846,0.10238295,0.009596731
42,7,none,cz,1719,109,1,1,True,0.014495564,0.86625016,0.110969454,0.008284857
42,7,none,cz,1720,109,0,0,True,0.82283,0.013813697,0.1529058,0.010450475
42,7,none,cz,1721,109,1,1,True,0.0021189784,0.9774754,0.0076328637,0.012772691
42,7,none,cz,1722,109,0,2,False,0.042295154,0.1420146,0.7240604,0.09162982
42,7,none,cz,1723,109,0,0,True,0.72166824,0.015320364,0.06431206,0.19869928
42,7,none,cz,1724,109,1,1,True,0.000345479,0.95709944,0.00242003,0.040135037
42,7,none,cz,1725,109,0,0,True,0.99922395,6.4047796e-05,0.00058211136,0.0001297883
42,7,none,cz,1726,109,1,3,False,0.05003215,0.2922663,0.038153127,0.6195484
42,7,none,cz,1727,109,1,1,True,0.0035951433,0.9763032,0.011490263,0.00861136
42,7,none,cz,1728,109,3,1,False,0.00072926655,0.87005657,0.02529482,0.103919365
42,7,none,cz,1729,109,2,2,True,0.0017364752,0.34537584,0.44582677,0.20706089
42,7,none,cz,1730,109,2,1,False,0.07163349,0.63180923,0.17159623,0.12496103
42,7,none,cz,1731,109,3,3,True,0.020631338,0.02241005,0.1521974,0.80476123
42,7,none,cz,1732,109,3,3,True,0.0019920429,0.049737483,0.10574103,0.8425294
42,7,none,cz,1733,109,2,2,True,0.06361846,0.08830923,0.55523837,0.29283392
42,7,none,cz,1734,109,2,2,True,0.06261188,0.11953496,0.7639686,0.05388455
42,7,none,cz,1735,109,3,3,True,0.033859286,0.28028375,0.10346764,0.58238935
42,7,none,cz,1736,109,2,3,False,0.01154766,0.048932206,0.03146427,0.90805584
42,7,none,cz,1737,109,3,3,True,0.015183252,0.029708978,0.010233118,0.9448747
42,7,none,cz,1738,109,2,3,False,0.26974964,0.2731484,0.004201522,0.4529004
42,7,none,cz,1739,109,3,0,False,0.4383112,0.29069024,0.18582785,0.08517074
42,7,none,cz,1740,109,3,2,False,0.029424889,0.16141154,0.47503877,0.33412474
42,7,none,cz,1741,109,2,3,False,0.050305292,0.25144643,0.055162787,0.6430855
42,7,none,cz,1742,109,2,1,False,0.00087022275,0.9131062,0.0017017934,0.084321804
42,7,none,cz,1743,109,1,1,True,0.0014040226,0.9344717,0.020696571,0.043427587
42,7,none,cz,1744,109,0,2,False,0.2793377,0.09987722,0.40219846,0.21858661
42,7,none,cz,1745,109,1,1,True,0.40702438,0.41662058,0.02710075,0.14925432
42,7,none,cz,1746,109,0,3,False,0.021173242,0.022203032,0.20967259,0.74695116
42,7,none,cz,1747,109,0,0,True,0.9871294,0.0009811667,0.0010160538,0.010873422
42,7,none,cz,1748,109,1,0,False,0.49372843,0.095322005,0.37631145,0.034638178
42,7,none,cz,1749,109,0,3,False,0.07378694,0.13419245,0.13083863,0.66118205
42,7,none,cz,1750,109,1,1,True,0.010540922,0.8878018,0.009015465,0.09264181
42,7,none,cz,1751,109,1,1,True,0.0007559506,0.9319965,0.048652355,0.018595155
42,7,none,cz,1752,109,0,2,False,0.012057092,0.0071831075,0.97325045,0.007509401
42,7,none,cz,1753,109,1,3,False,0.17789374,0.22668694,0.0121114645,0.5833079
42,7,none,cz,1754,109,0,1,False,0.015925324,0.608523,0.0049563614,0.37059525
42,7,none,cz,1755,109,1,1,True,0.0003190493,0.996915,0.0018950613,0.00087085157
42,7,none,cz,1756,109,0,1,False,0.031641264,0.7991609,0.017697249,0.1515006
42,7,none,cz,1757,109,0,0,True,0.96424127,0.030734742,0.0008091483,0.004214901
42,7,none,cz,1758,109,2,3,False,0.031118086,0.039413553,0.0038462933,0.92562205
42,7,none,cz,1759,109,3,0,False,0.47819272,0.13028444,0.026982341,0.36454052
42,7,none,cz,1760,109,2,3,False,0.026800059,0.21432681,0.06490741,0.6939657
42,7,none,cz,1761,109,3,3,True,0.038120802,0.05657011,0.13154444,0.77376467
42,7,none,cz,1762,109,3,1,False,0.012792561,0.7376866,0.006155472,0.24336536
42,7,none,cz,1763,109,2,3,False,0.007048886,0.03941724,0.047833633,0.9057002
42,7,none,cz,1764,109,3,3,True,0.002527647,0.026283847,0.025576672,0.9456119
42,7,none,cz,1765,109,2,1,False,0.026846414,0.768612,0.029776312,0.17476523
42,7,none,cz,1766,109,3,1,False,0.002311824,0.7101632,0.011743226,0.27578175
42,7,none,cz,1767,109,2,3,False,0.08932645,0.045682024,0.21420023,0.65079135
42,7,none,cz,1768,109,2,3,False,0.017455883,0.29736292,0.29472092,0.3904602
42,7,none,cz,1769,109,3,3,True,0.028387412,0.004021822,0.00082041335,0.9667703
42,7,none,cz,1770,109,2,1,False,0.010962637,0.71811235,0.041740943,0.22918405
42,7,none,cz,1771,109,3,3,True,0.008438118,0.25640187,0.11231882,0.6228412
42,7,none,cz,1772,109,2,2,True,0.05341343,0.1460646,0.57043177,0.2300902
42,7,none,cz,1773,109,1,1,True,0.002722764,0.5345029,0.0875155,0.37525874
42,7,none,cz,1774,109,0,2,False,0.18141145,0.106386535,0.4880501,0.22415186
42,7,none,cz,1775,109,1,1,True,0.23753226,0.48697168,0.25862843,0.01686772
42,7,none,cz,1776,109,0,3,False,0.001581235,0.008982556,0.0023896096,0.9870466
42,7,none,cz,1777,109,0,2,False,0.047012936,0.04390738,0.7822483,0.12683131
42,7,none,cz,1778,109,1,1,True,0.0010295833,0.702565,0.0073640086,0.28904137
42,7,none,cz,1779,109,1,1,True,0.20322615,0.3767705,0.099394724,0.32060862
42,7,none,cz,1780,109,0,3,False,0.004955426,0.06107757,0.41716003,0.51680696
42,7,none,cz,1781,109,1,1,True,0.25652286,0.53251517,0.025667794,0.18529418
42,7,none,cz,1782,109,0,1,False,0.0067610093,0.9210002,0.06417291,0.008065932
42,7,none,cz,1783,109,0,3,False,0.38009545,0.10988481,0.121987164,0.38803256
42,7,none,cz,1784,109,1,2,False,0.115519345,0.06469326,0.4595303,0.36025715
42,7,none,cz,1785,109,0,0,True,0.87660813,0.01016791,0.022712197,0.09051168
42,7,none,cz,1786,109,1,3,False,0.32554808,0.01540546,0.1313357,0.52771074
42,7,none,cz,1787,109,0,2,False,0.018696917,0.20436414,0.4512121,0.32572684
42,7,none,cz,1788,109,2,1,False,0.0010391211,0.85474426,0.13275915,0.01145748
42,7,none,cz,1789,109,3,3,True,0.03854862,0.0535563,0.1607364,0.7471587
42,7,none,cz,1790,109,2,1,False,0.0026566635,0.56551254,0.017728105,0.4141027
42,7,none,cz,1791,109,3,3,True,0.012923922,0.034125797,0.1641937,0.7887566
42,7,none,cz,1792,109,2,3,False,0.028941246,0.023528552,0.2965472,0.650983
42,7,none,cz,1793,109,3,3,True,0.023519246,0.118738204,0.20680511,0.65093744
42,7,none,cz,1794,109,2,2,True,0.25151294,0.010793649,0.66440505,0.07328834
42,7,none,cz,1795,109,3,3,True,0.0015090323,0.008216459,0.06899201,0.92128253
42,7,none,cz,1796,109,3,3,True,0.0089651095,0.4472966,0.003984833,0.53975344
42,7,none,cz,1797,109,2,3,False,0.0074562323,0.046397578,0.29212868,0.6540175
42,7,none,cz,1798,109,3,1,False,0.0013433099,0.83375406,0.0006351191,0.16426753
42,7,none,cz,1799,109,2,3,False,0.00095580594,0.11920404,0.0044259517,0.87541425
42,7,none,cz,1800,109,2,3,False,0.0037489224,0.0074105416,0.11922702,0.86961347
42,7,none,cz,1801,109,3,3,True,0.024809945,0.10879178,0.3909379,0.47546035
42,7,none,cz,1802,109,3,3,True,0.28385195,0.08009474,0.120769165,0.5152841
42,7,none,pz,0,90,0,0,True,0.7234558,0.019029142,0.019588001,0.23792702
42,7,none,pz,1,90,1,1,True,0.019741394,0.962781,0.0016556283,0.015821997
42,7,none,pz,2,90,1,1,True,0.00016887137,0.99948657,6.415404e-06,0.00033813706
42,7,none,pz,3,90,0,0,True,0.95913017,0.003069367,0.012513066,0.025287384
42,7,none,pz,4,90,1,1,True,0.0022609658,0.99463814,0.0019126029,0.0011881439
42,7,none,pz,5,90,0,0,True,0.8447779,0.004078348,0.04298357,0.10816023
42,7,none,pz,6,90,1,1,True,0.04676781,0.93273395,0.00071607484,0.019782143
42,7,none,pz,7,90,0,0,True,0.9650285,0.015611778,0.00057505275,0.01878462
42,7,none,pz,8,90,0,0,True,0.68287283,0.13803296,0.00490728,0.17418697
42,7,none,pz,9,90,1,1,True,3.337547e-05,0.9994636,0.0002957288,0.00020731693
42,7,none,pz,10,90,0,1,False,0.35873663,0.6138553,0.00691464,0.02049346
42,7,none,pz,11,90,1,1,True,0.0005524088,0.9994155,1.1920911e-05,2.0183941e-05
42,7,none,pz,12,90,0,0,True,0.559263,0.0034762768,0.025580872,0.4116798
42,7,none,pz,13,90,1,1,True,0.039195776,0.47700804,0.44647706,0.03731912
42,7,none,pz,14,90,1,1,True,0.003798147,0.9930583,0.0029384128,0.00020517799
42,7,none,pz,15,90,3,2,False,0.30857998,0.28191048,0.32913762,0.080371976
42,7,none,pz,16,90,2,2,True,0.07518299,0.0141026275,0.7063339,0.20438048
42,7,none,pz,17,90,2,3,False,0.21087864,0.12207823,0.055889558,0.6111536
42,7,none,pz,18,90,3,3,True,0.16921714,0.072692625,0.014401376,0.7436889
42,7,none,pz,19,90,3,3,True,0.05010917,0.12524751,0.05256547,0.7720779
42,7,none,pz,20,90,2,1,False,0.059396703,0.6341163,0.27987337,0.026613612
42,7,none,pz,21,90,3,3,True,0.044880882,0.29139474,0.11368712,0.55003726
42,7,none,pz,22,90,2,1,False,0.2546971,0.44859514,0.21884058,0.07786725
42,7,none,pz,23,90,2,2,True,0.080900796,0.17826462,0.46855313,0.2722815
42,7,none,pz,24,90,3,0,False,0.53457415,0.3733822,0.034409776,0.057633843
42,7,none,pz,25,90,2,2,True,0.11174932,0.262866,0.5671063,0.05827838
42,7,none,pz,26,90,3,1,False,0.2988124,0.4522575,0.08766312,0.16126692
42,7,none,pz,27,90,3,3,True,0.18678303,0.1460409,0.17352577,0.49365035
42,7,none,pz,28,90,2,1,False,0.12203377,0.73315006,0.06373662,0.08107956
42,7,none,pz,29,90,2,1,False,0.021064997,0.6517987,0.3000175,0.027118772
42,7,none,pz,30,90,1,1,True,0.015151075,0.9843544,0.00029713416,0.00019737327
42,7,none,pz,31,90,0,0,True,0.38583916,0.3688402,0.0477191,0.19760154
42,7,none,pz,32,90,1,1,True,1.7223891e-06,0.9999751,2.7454591e-06,2.0495574e-05
42,7,none,pz,33,90,0,0,True,0.7110095,0.07413801,0.17676973,0.03808267
42,7,none,pz,34,90,1,1,True,0.011526941,0.9572684,0.006653002,0.024551654
42,7,none,pz,35,90,0,2,False,0.2384065,0.18063341,0.5540958,0.026864251
42,7,none,pz,36,90,1,1,True,0.004527476,0.897496,0.0011964126,0.096780114
42,7,none,pz,37,90,0,0,True,0.65423816,0.28475565,0.0361404,0.024865912
42,7,none,pz,38,90,1,1,True,0.005003112,0.8760962,0.11280734,0.006093228
42,7,none,pz,39,90,0,2,False,0.14456908,0.1611832,0.38193527,0.31231248
42,7,none,pz,40,90,1,1,True,0.06982655,0.8711372,0.009414784,0.04962143
42,7,none,pz,41,90,0,0,True,0.45017657,0.0019801082,0.27517632,0.272667
42,7,none,pz,42,90,1,1,True,0.0018583889,0.9875164,0.0094388705,0.001186342
42,7,none,pz,43,90,0,2,False,0.03810412,0.3219479,0.5579856,0.08196232
42,7,none,pz,44,90,1,1,True,1.0056976e-05,0.9968046,0.0028856355,0.00029971387
42,7,none,pz,45,90,2,2,True,0.12106006,0.04397057,0.5752401,0.2597293
42,7,none,pz,46,90,3,2,False,0.02091474,0.012853071,0.7175827,0.24864948
42,7,none,pz,47,90,3,3,True,0.06908079,0.27522352,0.23982885,0.41586688
42,7,none,pz,48,90,2,3,False,0.099928,0.045466743,0.20003337,0.6545719
42,7,none,pz,49,90,3,3,True,0.03534621,0.11801542,0.09768446,0.748954
42,7,none,pz,50,90,2,2,True,0.02799889,0.06351369,0.8181391,0.09034834
42,7,none,pz,51,90,3,3,True,0.032729328,0.1011256,0.03291569,0.83322936
42,7,none,pz,52,90,2,1,False,0.057159282,0.48572114,0.25002262,0.20709702
42,7,none,pz,53,90,3,3,True,0.08230649,0.011536838,0.14313516,0.7630215
42,7,none,pz,54,90,2,3,False,0.055739652,0.07773486,0.35290897,0.5136165
42,7,none,pz,55,90,2,2,True,0.031932782,0.18950212,0.5553853,0.2231798
42,7,none,pz,56,90,3,2,False,0.02391581,0.048361987,0.72894615,0.19877611
42,7,none,pz,57,90,2,2,True,0.010893272,0.032963008,0.51496303,0.44118068
42,7,none,pz,58,90,3,3,True,0.06583506,0.023990823,0.14167193,0.7685022
42,7,none,pz,59,90,3,3,True,0.022017892,0.3830968,0.06601551,0.5288698
42,7,none,pz,60,90,1,1,True,0.006525981,0.989218,0.0033619266,0.0008941003
42,7,none,pz,61,90,0,0,True,0.74923265,0.074503124,0.03617386,0.14009032
42,7,none,pz,62,90,1,1,True,0.0036370377,0.99451905,0.0017833431,6.0547813e-05
42,7,none,pz,63,90,0,3,False,0.31936926,0.046085205,0.17406295,0.46048257
42,7,none,pz,64,90,0,0,True,0.9506583,0.0020448947,0.0425875,0.0047093187
42,7,none,pz,65,90,1,1,True,0.00054488494,0.99794704,0.0013167002,0.00019144315
42,7,none,pz,66,90,1,1,True,0.0019521228,0.9309408,0.06078627,0.006320817
42,7,none,pz,67,90,0,0,True,0.7840148,0.009325005,0.062149484,0.14451067
42,7,none,pz,68,90,0,0,True,0.9566958,0.011021039,0.03045073,0.001832424
42,7,none,pz,69,90,1,3,False,0.06844013,0.3067433,0.14701574,0.47780085
42,7,none,pz,70,90,1,1,True,0.0044570533,0.988403,0.0045792814,0.0025605946
42,7,none,pz,71,90,0,2,False,0.3408348,0.106683664,0.39860338,0.15387814
42,7,none,pz,72,90,1,2,False,0.03890759,0.25297794,0.5445471,0.16356742
42,7,none,pz,73,90,0,0,True,0.4166931,0.15843856,0.3991511,0.025717257
42,7,none,pz,74,90,0,0,True,0.5294301,0.027906321,0.10017979,0.34248385
42,7,none,pz,75,90,2,3,False,0.0058070202,0.022648294,0.44967654,0.52186817
42,7,none,pz,76,90,3,0,False,0.9058867,0.021131761,0.061607312,0.011374252
42,7,none,pz,77,90,2,2,True,0.089768715,0.15070646,0.7165168,0.04300801
42,7,none,pz,78,90,3,3,True,0.10233329,0.05739762,0.1835501,0.65671897
42,7,none,pz,79,90,2,1,False,0.0026423668,0.92200065,0.07024895,0.0051080105
42,7,none,pz,80,90,3,1,False,0.12283063,0.49577945,0.2633949,0.117995
42,7,none,pz,81,90,2,2,True,0.024191605,0.032751467,0.78334624,0.15971072
42,7,none,pz,82,90,3,2,False,0.044816673,0.3134656,0.5570757,0.084642105
42,7,none,pz,83,90,2,2,True,0.0314535,0.027054416,0.92330307,0.018189015
42,7,none,pz,84,90,3,2,False,0.02620979,0.12093435,0.5522739,0.30058193
42,7,none,pz,85,90,2,0,False,0.4788362,0.16683953,0.25258535,0.10173895
42,7,none,pz,86,90,3,3,True,0.17679545,0.22667627,0.15077758,0.44575068
42,7,none,pz,87,90,3,0,False,0.4211504,0.1452835,0.3501104,0.08345575
42,7,none,pz,88,90,2,2,True,0.027008759,0.29166332,0.44154468,0.2397833
42,7,none,pz,89,90,3,1,False,0.24271245,0.5649696,0.02927509,0.16304293
42,7,none,pz,90,91,0,0,True,0.84067297,0.13444495,0.014805745,0.010076449
42,7,none,pz,91,91,1,1,True,0.1396298,0.5682339,0.047499273,0.24463706
42,7,none,pz,92,91,0,3,False,0.12169067,0.1823418,0.22999634,0.46597117
42,7,none,pz,93,91,1,1,True,0.0013792204,0.985216,0.0027436514,0.010661125
42,7,none,pz,94,91,1,1,True,0.00018258295,0.9997378,3.5311237e-05,4.4287164e-05
42,7,none,pz,95,91,0,0,True,0.97608215,0.01514785,0.0027313014,0.006038741
42,7,none,pz,96,91,1,1,True,0.057856146,0.94087785,0.0007432248,0.0005228221
42,7,none,pz,97,91,0,0,True,0.59281194,0.36262622,0.009213086,0.03534879
42,7,none,pz,98,91,0,0,True,0.9979255,0.001854317,8.194491e-05,0.00013818507
42,7,none,pz,99,91,1,1,True,0.015878197,0.9112219,0.0026312557,0.07026862
42,7,none,pz,100,91,0,0,True,0.9991499,0.0004245024,0.00024043932,0.00018515166
42,7,none,pz,101,91,1,1,True,0.019959517,0.7118053,0.20378178,0.06445339
42,7,none,pz,102,91,1,1,True,0.00046618562,0.99831426,0.00016668499,0.0010529195
42,7,none,pz,103,91,0,0,True,0.99612457,0.0009778368,0.0025303722,0.0003671801
42,7,none,pz,104,91,0,0,True,0.99935967,0.00046867036,0.0001151898,5.6414137e-05
42,7,none,pz,105,91,2,3,False,0.004679375,0.32264706,0.08791485,0.58475876
42,7,none,pz,106,91,3,3,True,0.0012769295,0.15710908,0.05751434,0.7840997
42,7,none,pz,107,91,3,3,True,0.013687651,0.110387884,0.012492432,0.863432
42,7,none,pz,108,91,2,2,True,0.005152619,0.051603727,0.9162623,0.026981372
42,7,none,pz,109,91,2,2,True,0.00083619566,0.033531245,0.9380005,0.027631953
42,7,none,pz,110,91,3,2,False,0.17539546,0.11025263,0.36756307,0.34678885
42,7,none,pz,111,91,3,3,True,0.0010942499,0.066992745,0.048716173,0.88319683
42,7,none,pz,112,91,2,3,False,0.04397063,0.2736661,0.3195283,0.36283496
42,7,none,pz,113,91,3,2,False,0.04065847,0.025092643,0.8707238,0.06352511
42,7,none,pz,114,91,2,2,True,9.4983894e-05,0.0076551554,0.9919487,0.00030110378
42,7,none,pz,115,91,3,2,False,0.00547361,0.042181883,0.88386667,0.068477854
42,7,none,pz,116,91,2,2,True,0.13156267,0.17364202,0.48624927,0.20854606
42,7,none,pz,117,91,2,3,False,0.021280907,0.1434085,0.40065834,0.43465227
42,7,none,pz,118,91,3,2,False,0.031547584,0.098366946,0.7992099,0.0708756
42,7,none,pz,119,91,2,2,True,9.459939e-05,0.06897602,0.9276969,0.0032324973
42,7,none,pz,120,91,0,0,True,0.9114075,0.08348381,0.0039471844,0.0011615597
42,7,none,pz,121,91,1,3,False,0.0677891,0.017484413,0.15784964,0.7568768
42,7,none,pz,122,91,1,1,True,0.008956231,0.9674867,0.014771486,0.0087856585
42,7,none,pz,123,91,0,3,False,0.010839219,0.112755686,0.039933737,0.8364713
42,7,none,pz,124,91,0,0,True,0.9978892,0.0017422893,0.00018295567,0.00018554831
42,7,none,pz,125,91,1,2,False,0.007777877,0.29852495,0.5167613,0.1769359
42,7,none,pz,126,91,1,1,True,5.340874e-05,0.97873324,0.019234555,0.0019787375
42,7,none,pz,127,91,0,3,False,0.040952083,0.04509584,0.18941396,0.7245381
42,7,none,pz,128,91,0,0,True,0.999884,5.104207e-06,3.693389e-06,0.00010721492
42,7,none,pz,129,91,1,1,True,0.001759213,0.9672153,0.00615585,0.024869593
42,7,none,pz,130,91,1,1,True,0.006435252,0.67108524,0.08143902,0.24104044
42,7,none,pz,131,91,0,0,True,0.9963006,0.00020934171,0.0033780886,0.00011192556
42,7,none,pz,132,91,1,1,True,0.11227119,0.85660243,0.0023494598,0.02877696
42,7,none,pz,133,91,0,3,False,0.018486356,0.04156487,0.0037751568,0.9361736
42,7,none,pz,134,91,1,0,False,0.90846854,0.00035107564,0.061179828,0.0300005
42,7,none,pz,135,91,2,1,False,0.05435674,0.626294,0.045938093,0.27341118
42,7,none,pz,136,91,3,2,False,0.05349408,0.06392989,0.69542694,0.18714911
42,7,none,pz,137,91,2,2,True,0.20906396,0.17966162,0.45369077,0.15758364
42,7,none,pz,138,91,3,3,True,0.10836299,0.078537054,0.38011324,0.43298674
42,7,none,pz,139,91,2,3,False,0.026790626,0.03430259,0.4231861,0.51572067
42,7,none,pz,140,91,3,3,True,9.988626e-05,0.0013995988,0.0014499013,0.99705064
42,7,none,pz,141,91,2,2,True,0.007863187,0.0045732004,0.9868001,0.0007635937
42,7,none,pz,142,91,3,3,True,0.005424063,0.008360085,0.021363446,0.9648524
42,7,none,pz,143,91,2,2,True,0.0024400123,0.45506662,0.4653367,0.07715666
42,7,none,pz,144,91,3,2,False,0.00026245584,0.05702797,0.76680356,0.17590593
42,7,none,pz,145,91,3,3,True,0.0052363435,0.08728192,0.0018667809,0.905615
42,7,none,pz,146,91,2,0,False,0.49071798,0.009185128,0.016216982,0.48387992
42,7,none,pz,147,91,2,3,False,0.00042216128,0.04209775,0.03980936,0.9176707
42,7,none,pz,148,91,3,3,True,0.058602467,0.037613824,0.17849517,0.72528857
42,7,none,pz,149,91,3,3,True,0.0010149834,0.14216988,0.0034563597,0.85335875
42,7,none,pz,150,91,1,1,True,2.8089696e-07,0.99936646,0.0005777031,5.568856e-05
42,7,none,pz,151,91,0,3,False,0.26368612,0.06278115,0.032886766,0.640646
42,7,none,pz,152,91,1,1,True,0.0008414514,0.72887176,0.035593566,0.23469324
42,7,none,pz,153,91,0,0,True,0.988138,0.00016647839,0.008124764,0.003570777
42,7,none,pz,154,91,0,2,False,0.07381692,0.0020268613,0.9238901,0.00026613497
42,7,none,pz,155,91,1,2,False,0.025233759,0.0011840519,0.95912236,0.014459779
42,7,none,pz,156,91,1,2,False,0.000114431554,0.30390462,0.6912169,0.0047640502
42,7,none,pz,157,91,0,0,True,0.9997253,0.00014686855,0.000111319554,1.6599897e-05
42,7,none,pz,158,91,0,0,True,0.9769215,0.017797256,0.0035882255,0.001693015
42,7,none,pz,159,91,1,1,True,0.02154557,0.5766878,0.12298578,0.27878082
42,7,none,pz,160,91,0,0,True,0.9722439,0.0047179116,0.020598501,0.0024395876
42,7,none,pz,161,91,1,1,True,0.00020317874,0.99266315,0.0024626143,0.0046710107
42,7,none,pz,162,91,1,1,True,0.0650439,0.38451943,0.33387905,0.21655765
42,7,none,pz,163,91,0,0,True,0.8538156,0.0012564448,0.06955693,0.07537103
42,7,none,pz,164,91,1,2,False,0.0014336974,0.05579843,0.923755,0.019012868
42,7,none,pz,165,91,2,2,True,0.0034169152,0.00060609257,0.9799066,0.016070427
42,7,none,pz,166,91,3,2,False,0.055496085,0.02557542,0.69886905,0.22005938
42,7,none,pz,167,91,3,2,False,0.00037022034,0.08803557,0.77522415,0.13637014
42,7,none,pz,168,91,2,2,True,0.0046331496,0.045540247,0.8866618,0.06316475
42,7,none,pz,169,91,2,2,True,0.006231183,0.00073565805,0.90233755,0.090695664
42,7,none,pz,170,91,3,2,False,0.006297483,0.18883212,0.52466,0.28021047
42,7,none,pz,171,91,3,3,True,0.0054237563,0.05212565,0.06988402,0.8725666
42,7,none,pz,172,91,2,3,False,0.0009365096,0.05113526,0.41028315,0.5376451
42,7,none,pz,173,91,3,3,True,0.0041072606,0.119927034,0.051062148,0.8249036
42,7,none,pz,174,91,2,2,True,0.033026773,0.0061101625,0.6770762,0.2837869
42,7,none,pz,175,91,2,2,True,0.0006286183,0.047693368,0.91588247,0.0357955
42,7,none,pz,176,91,3,2,False,0.009714298,0.29710048,0.40294287,0.29024243
42,7,none,pz,177,91,3,2,False,0.16477476,0.012452418,0.5295945,0.29317835
42,7,none,pz,178,91,2,1,False,0.012033939,0.5386152,0.389164,0.06018694
42,7,none,pz,179,91,3,3,True,0.0051383344,0.078920394,0.29126912,0.6246722
42,7,none,pz,180,92,1,3,False,0.12338471,0.18931204,0.04926922,0.638034
42,7,none,pz,181,92,0,3,False,0.11246083,0.12051599,0.058758132,0.70826507
42,7,none,pz,182,92,1,0,False,0.3431756,0.23013541,0.3406838,0.0860052
42,7,none,pz,183,92,0,2,False,0.11698497,0.0050016027,0.87567705,0.0023363594
42,7,none,pz,184,92,0,0,True,0.35807037,0.117248036,0.18009491,0.34458667
42,7,none,pz,185,92,1,1,True,0.0055346936,0.9829252,0.0069223507,0.0046177576
42,7,none,pz,186,92,0,0,True,0.9655038,0.014717934,0.008538261,0.011240058
42,7,none,pz,187,92,1,1,True,0.05980282,0.9385249,0.0015657796,0.0001064919
42,7,none,pz,188,92,1,1,True,0.00067857787,0.9992182,2.31133e-05,8.0027225e-05
42,7,none,pz,189,92,0,2,False,0.26015303,0.07155855,0.6234339,0.044854507
42,7,none,pz,190,92,0,0,True,0.8788571,0.04914064,0.037608277,0.03439406
42,7,none,pz,191,92,1,3,False,0.15030593,0.04386651,0.06595101,0.73987657
42,7,none,pz,192,92,0,0,True,0.988315,0.008155154,0.0033354769,0.00019439493
42,7,none,pz,193,92,1,1,True,0.019940572,0.53716946,0.030941209,0.41194874
42,7,none,pz,194,92,0,0,True,0.4984374,0.13829935,0.26477054,0.09849266
42,7,none,pz,195,92,1,1,True,0.0582655,0.8957889,0.013507967,0.032437608
42,7,none,pz,196,92,1,1,True,0.0042301486,0.9937571,0.0013083523,0.00070436235
42,7,none,pz,197,92,0,0,True,0.99167866,0.0051277904,0.001780864,0.0014126791
42,7,none,pz,198,92,1,1,True,0.01692638,0.81311506,0.16062312,0.009335532
42,7,none,pz,199,92,2,0,False,0.3198304,0.14039768,0.25705793,0.28271398
42,7,none,pz,200,92,3,3,True,0.32213345,0.030439869,0.091106065,0.5563206
42,7,none,pz,201,92,2,3,False,0.091092594,0.015296375,0.13131832,0.76229274
42,7,none,pz,202,92,3,3,True,0.04888217,0.00745997,0.082442105,0.8612157
42,7,none,pz,203,92,2,0,False,0.43705088,0.39976802,0.13406147,0.029119648
42,7,none,pz,204,92,3,3,True,0.046434958,0.094565876,0.07837211,0.780627
42,7,none,pz,205,92,2,2,True,0.093302146,0.070509054,0.68840027,0.14778852
42,7,none,pz,206,92,3,0,False,0.41955975,0.17325671,0.083353,0.32383052
42,7,none,pz,207,92,3,0,False,0.36765966,0.14129941,0.34107533,0.14996563
42,7,none,pz,208,92,2,0,False,0.42894056,0.021330839,0.39493424,0.15479441
42,7,none,pz,209,92,2,2,True,0.0010483958,0.09448646,0.9015167,0.0029485137
42,7,none,pz,210,92,3,1,False,0.039905973,0.60681605,0.007141729,0.34613627
42,7,none,pz,211,92,3,3,True,0.07879953,0.10117856,0.01931318,0.8007087
42,7,none,pz,212,92,2,1,False,0.15529181,0.6596005,0.042128623,0.14297903
42,7,none,pz,213,92,3,0,False,0.39155114,0.21374597,0.0726009,0.32210204
42,7,none,pz,214,92,2,0,False,0.9126158,0.037339076,0.041975636,0.008069581
42,7,none,pz,215,92,2,3,False,0.029388389,0.11142012,0.17418706,0.6850044
42,7,none,pz,216,92,3,1,False,0.055392794,0.6065991,0.08106349,0.25694463
42,7,none,pz,217,92,2,2,True,0.015750354,0.09281769,0.86562705,0.025804909
42,7,none,pz,218,92,0,0,True,0.9969392,0.00046732742,0.0015770039,0.0010165984
42,7,none,pz,219,92,1,1,True,0.4143268,0.5715337,0.011547957,0.0025915753
42,7,none,pz,220,92,0,0,True,0.9621005,0.025276378,0.0085920645,0.0040310235
42,7,none,pz,221,92,1,1,True,0.19284935,0.74201953,0.0362288,0.028902305
42,7,none,pz,222,92,1,1,True,0.029850036,0.95452,0.014611406,0.0010185761
42,7,none,pz,223,92,0,0,True,0.7772807,0.15310694,0.020470368,0.049142152
42,7,none,pz,224,92,1,1,True,0.0018655036,0.9843615,6.340998e-05,0.013709539
42,7,none,pz,225,92,0,1,False,0.13104188,0.8242417,0.04156323,0.003153198
42,7,none,pz,226,92,0,0,True,0.992644,0.004210689,0.00036179193,0.002783567
42,7,none,pz,227,92,1,1,True,0.0035821188,0.9846032,0.0044149878,0.0073996354
42,7,none,pz,228,92,1,1,True,0.0003300442,0.98242885,0.0019222368,0.015318986
42,7,none,pz,229,92,0,0,True,0.9683508,0.0016470049,0.0038877027,0.026114495
42,7,none,pz,230,92,1,1,True,0.0006932873,0.9978751,0.00069726276,0.00073432736
42,7,none,pz,231,92,0,0,True,0.46256143,0.3308007,0.08434153,0.122296326
42,7,none,pz,232,92,0,0,True,0.99385935,0.0007301635,0.002472476,0.0029379486
42,7,none,pz,233,92,1,1,True,0.004222144,0.9926966,0.00011011247,0.0029712596
42,7,none,pz,234,92,0,0,True,0.7856612,0.0013395713,0.14759888,0.06540029
42,7,none,pz,235,92,1,1,True,0.0020443967,0.9876996,0.007816656,0.0024393527
42,7,none,pz,236,92,1,1,True,0.003697673,0.9948068,7.538778e-05,0.0014201684
42,7,none,pz,237,92,3,3,True,0.14096774,0.30128974,0.015882242,0.5418603
42,7,none,pz,238,92,2,3,False,0.12090966,0.12057618,0.02649415,0.73202
42,7,none,pz,239,92,3,1,False,0.14972685,0.4191431,0.18622811,0.24490193
42,7,none,pz,240,92,2,2,True,0.058768358,0.28870016,0.5084282,0.14410329
42,7,none,pz,241,92,2,2,True,0.105907485,0.23036543,0.6419732,0.021753898
42,7,none,pz,242,92,3,2,False,0.13109152,0.08901166,0.65913373,0.12076314
42,7,none,pz,243,92,2,0,False,0.3632251,0.16378665,0.3223694,0.15061878
42,7,none,pz,244,92,3,0,False,0.39639947,0.3089704,0.26156726,0.033062965
42,7,none,pz,245,92,2,2,True,0.16083445,0.30684072,0.42142838,0.110896476
42,7,none,pz,246,92,3,3,True,0.00561519,0.15906346,0.08575735,0.74956405
42,7,none,pz,247,92,2,2,True,0.01677333,0.1702633,0.6164781,0.19648519
42,7,none,pz,248,92,3,3,True,0.0065789716,0.13187121,0.1132096,0.74834025
42,7,none,pz,249,92,3,3,True,0.016953541,0.16678655,0.009484655,0.8067753
42,7,none,pz,250,92,2,2,True,0.020893546,0.1425335,0.8097937,0.026779165
42,7,none,pz,251,92,3,3,True,0.029815502,0.027098753,0.19133383,0.7517519
42,7,none,pz,252,92,2,0,False,0.64498883,0.07282028,0.1793641,0.10282679
42,7,none,pz,253,92,2,2,True,0.20954944,0.06415731,0.7154778,0.010815494
42,7,none,pz,254,92,3,2,False,0.36646163,0.029928925,0.46428868,0.13932082
42,7,none,pz,255,92,2,2,True,0.040735323,0.34489518,0.6071009,0.007268624
42,7,none,pz,256,92,0,0,True,0.9726867,0.014638055,0.00039877638,0.012276438
42,7,none,pz,257,92,1,0,False,0.88765925,0.084804066,0.020250121,0.0072865696
42,7,none,pz,258,92,1,1,True,0.011993134,0.9838554,0.002015418,0.0021360458
42,7,none,pz,259,92,0,0,True,0.9604718,0.00595365,0.0051354435,0.028439146
42,7,none,pz,260,92,0,0,True,0.85090053,0.020055281,0.032293096,0.09675107
42,7,none,pz,261,92,1,1,True,0.018053034,0.9739832,0.0067055444,0.0012581021
42,7,none,pz,262,92,1,1,True,0.007935874,0.7189506,0.005857376,0.26725605
42,7,none,pz,263,92,0,0,True,0.90609455,0.03246319,0.05629117,0.0051509677
42,7,none,pz,264,92,0,0,True,0.93886507,0.01081131,0.040111154,0.010212454
42,7,none,pz,265,92,1,1,True,0.0076234355,0.9914619,0.00024138483,0.0006733043
42,7,none,pz,266,92,0,0,True,0.88547325,0.097257145,0.014675761,0.0025938393
42,7,none,pz,267,92,1,3,False,0.28099313,0.27998197,0.11433599,0.32468885
42,7,none,pz,268,92,0,0,True,0.92340916,0.06868087,0.0020771562,0.0058327504
42,7,none,pz,269,92,1,1,True,0.0058003557,0.9658639,0.013565475,0.014770221
42,7,none,pz,270,92,1,1,True,0.029396018,0.87293386,0.07516625,0.022503857
42,7,none,pz,271,92,0,0,True,0.9172254,0.07473494,0.0041243606,0.003915258
42,7,none,pz,272,92,1,1,True,0.23509993,0.6778164,0.06289028,0.02419344
42,7,none,pz,273,92,0,2,False,0.40716714,0.0316207,0.54189676,0.019315405
42,7,none,pz,274,92,1,3,False,0.13584495,0.08319133,0.33261347,0.44835025
42,7,none,pz,275,92,3,1,False,0.11332136,0.57366914,0.085221544,0.2277879
42,7,none,pz,276,92,2,3,False,0.10001433,0.32018143,0.07615173,0.5036525
42,7,none,pz,277,92,3,3,True,0.026590869,0.3206249,0.20536764,0.44741657
42,7,none,pz,278,92,2,1,False,0.17124371,0.30569175,0.21947272,0.30359182
42,7,none,pz,279,92,3,3,True,0.15220496,0.0027433862,0.20190917,0.6431425
42,7,none,pz,280,92,2,0,False,0.45421445,0.07054397,0.41974458,0.05549705
42,7,none,pz,281,92,3,3,True,0.010171749,0.2655033,0.20900846,0.5153165
42,7,none,pz,282,92,2,1,False,0.29041502,0.3806871,0.29440337,0.03449451
42,7,none,pz,283,92,2,2,True,0.020301752,0.16056353,0.8092665,0.009868243
42,7,none,pz,284,92,3,2,False,0.17094763,0.29628932,0.3967927,0.13597037
42,7,none,pz,285,92,3,3,True,0.006906927,0.4177401,0.039465442,0.53588754
42,7,none,pz,286,92,2,1,False,0.05858431,0.46285897,0.44997314,0.028583525
42,7,none,pz,287,92,2,1,False,0.015943766,0.9600089,0.014691371,0.009355969
42,7,none,pz,288,92,3,3,True,0.12787743,0.26941642,0.13663822,0.46606797
42,7,none,pz,289,92,3,3,True,0.005958465,0.13871057,0.018556356,0.8367745
42,7,none,pz,290,92,2,1,False,0.09456557,0.5134435,0.1462353,0.24575555
42,7,none,pz,291,92,2,0,False,0.6806427,0.028757622,0.08711579,0.20348386
42,7,none,pz,292,92,3,3,True,0.25166938,0.124633595,0.07279428,0.5509027
42,7,none,pz,293,92,2,1,False,0.15506254,0.6657859,0.0775786,0.1015729
42,7,none,pz,294,93,1,1,True,0.14896569,0.5620261,0.012776554,0.27623174
42,7,none,pz,295,93,0,0,True,0.41741052,0.2774781,0.10973162,0.1953797
42,7,none,pz,296,93,1,1,True,0.00026986733,0.9817696,0.0013798538,0.016580569
42,7,none,pz,297,93,0,1,False,0.2264255,0.55135256,0.10624294,0.11597899
42,7,none,pz,298,93,1,2,False,0.0041938056,0.11453895,0.84019387,0.04107337
42,7,none,pz,299,93,0,3,False,0.050937854,0.107967556,0.21530071,0.6257939
42,7,none,pz,300,93,0,0,True,0.9961028,0.0035503588,0.00017750016,0.00016930758
42,7,none,pz,301,93,1,1,True,0.0042065848,0.52161086,0.082385205,0.39179736
42,7,none,pz,302,93,1,2,False,0.26082087,0.023723219,0.64499307,0.07046282
42,7,none,pz,303,93,0,0,True,0.45430863,0.0915041,0.34226352,0.1119237
42,7,none,pz,304,93,1,1,True,0.012709306,0.6633346,0.1106392,0.2133169
42,7,none,pz,305,93,0,0,True,0.998329,0.0009984252,8.7281645e-05,0.00058541296
42,7,none,pz,306,93,1,1,True,0.002373068,0.53087306,0.1708326,0.2959212
42,7,none,pz,307,93,0,0,True,0.999946,8.359583e-06,8.4824605e-06,3.717622e-05
42,7,none,pz,308,93,0,0,True,0.91185707,0.025787357,0.02966405,0.032691486
42,7,none,pz,309,93,3,3,True,0.00092876336,0.010869685,0.0010958525,0.9871057
42,7,none,pz,310,93,2,1,False,0.005970746,0.736829,0.14991236,0.10728802
42,7,none,pz,311,93,2,2,True,0.012538168,0.19122554,0.5027955,0.2934408
42,7,none,pz,312,93,3,3,True,0.031369478,0.01936113,0.0060846396,0.9431848
42,7,none,pz,313,93,3,3,True,6.230374e-05,0.0057020853,0.00085713086,0.99337846
42,7,none,pz,314,93,2,2,True,0.17335828,0.18331298,0.48393244,0.15939634
42,7,none,pz,315,93,3,1,False,0.007915098,0.75030136,0.16435865,0.0774249
42,7,none,pz,316,93,2,2,True,0.00014451149,0.0004566532,0.9993594,3.94522e-05
42,7,none,pz,317,93,2,2,True,0.23546864,0.110225104,0.60238224,0.051923968
42,7,none,pz,318,93,3,3,True,0.0135739045,0.11601315,0.016902616,0.8535104
42,7,none,pz,319,93,3,0,False,0.57289654,0.025697079,0.0017373178,0.39966905
42,7,none,pz,320,93,2,2,True,0.02717551,0.2229718,0.7063006,0.043552004
42,7,none,pz,321,93,2,2,True,0.3704632,0.024511257,0.44295695,0.16206856
42,7,none,pz,322,93,3,3,True,0.00023908498,0.00055141974,0.0015030468,0.9977064
42,7,none,pz,323,93,2,2,True,0.02264559,0.024146732,0.91902626,0.03418144
42,7,none,pz,324,93,0,0,True,0.99920636,5.2662195e-05,0.000106521074,0.00063452567
42,7,none,pz,325,93,1,3,False,0.006399082,0.32312903,0.1361161,0.5343557
42,7,none,pz,326,93,1,1,True,7.952135e-08,0.999798,2.657646e-06,0.00019928782
42,7,none,pz,327,93,0,0,True,0.54596543,0.059691016,0.22927722,0.16506638
42,7,none,pz,328,93,0,0,True,0.9008669,0.0031703785,0.016967386,0.07899532
42,7,none,pz,329,93,1,1,True,0.015324322,0.91131324,0.03380562,0.039556798
42,7,none,pz,330,93,0,2,False,0.20328704,0.17015924,0.33347383,0.29307988
42,7,none,pz,331,93,1,1,True,0.0007987037,0.6969631,0.03800474,0.2642335
42,7,none,pz,332,93,1,1,True,0.015258005,0.39230996,0.36883685,0.22359513
42,7,none,pz,333,93,0,3,False,0.16864805,0.1433311,0.10447643,0.5835444
42,7,none,pz,334,93,1,3,False,0.0062704333,0.3069132,0.27196163,0.4148547
42,7,none,pz,335,93,0,0,True,0.92131793,0.001277808,0.06544097,0.011963332
42,7,none,pz,336,93,0,0,True,0.9832555,0.00058779086,0.00058548164,0.015571152
42,7,none,pz,337,93,1,2,False,0.00816772,0.08462723,0.8441599,0.063045196
42,7,none,pz,338,93,0,3,False,0.19722313,0.000954805,0.07044095,0.7313811
42,7,none,pz,339,93,2,0,False,0.69282246,0.08821235,0.20839612,0.010569093
42,7,none,pz,340,93,3,3,True,0.0002154368,0.000497568,0.0009893962,0.99829763
42,7,none,pz,341,93,3,3,True,0.002364149,0.054366227,0.029957987,0.9133116
42,7,none,pz,342,93,2,2,True,0.052738026,0.33336362,0.4490528,0.1648456
42,7,none,pz,343,93,2,1,False,0.00271094,0.7685807,0.1883469,0.04036152
42,7,none,pz,344,93,3,3,True,0.0003152386,0.30967018,0.00047981535,0.6895347
42,7,none,pz,345,93,3,3,True,0.00020402034,0.0011978038,0.00027449278,0.9983236
42,7,none,pz,346,93,2,1,False,0.03230827,0.684936,0.22415507,0.058600623
42,7,none,pz,347,93,3,3,True,0.026943889,0.0061619277,0.0036611818,0.96323293
42,7,none,pz,348,93,2,1,False,0.0033417372,0.7516687,0.0598375,0.18515208
42,7,none,pz,349,93,3,1,False,0.022843862,0.41131645,0.242342,0.3234977
42,7,none,pz,350,93,2,2,True,0.006706459,0.048362747,0.90202945,0.042901408
42,7,none,pz,351,93,3,3,True,0.0019505444,0.009783123,0.0055202157,0.9827461
42,7,none,pz,352,93,2,2,True,0.049362306,0.116941884,0.74209577,0.09160007
42,7,none,pz,353,93,2,3,False,0.055060826,0.096223965,0.4076462,0.44106904
42,7,none,pz,354,93,0,1,False,0.21315241,0.5956241,0.11712489,0.074098624
42,7,none,pz,355,93,1,1,True,0.004432359,0.45228586,0.41108435,0.1321974
42,7,none,pz,356,93,0,0,True,0.8093028,0.008626263,0.16617218,0.015898783
42,7,none,pz,357,93,1,1,True,0.00020659892,0.99786466,7.964491e-05,0.0018490396
42,7,none,pz,358,93,1,1,True,0.00020833997,0.968157,0.0005543941,0.031080231
42,7,none,pz,359,93,0,0,True,0.9153162,0.04191022,0.012904532,0.029869024
42,7,none,pz,360,93,1,3,False,0.0037963311,0.14797327,0.30873546,0.53949493
42,7,none,pz,361,93,0,1,False,0.008457229,0.94643015,0.0016047192,0.043507893
42,7,none,pz,362,93,1,1,True,0.0047648665,0.9596301,0.014752066,0.020853093
42,7,none,pz,363,93,0,0,True,0.92798114,0.000823438,0.012975147,0.05822016
42,7,none,pz,364,93,0,0,True,0.98059857,0.0074779605,0.0022565243,0.009666852
42,7,none,pz,365,93,1,3,False,0.0017975401,0.09772877,0.11333041,0.7871433
42,7,none,pz,366,93,1,1,True,0.00026042538,0.96076906,0.0020671189,0.03690346
42,7,none,pz,367,93,0,1,False,0.07003062,0.3970314,0.16606967,0.36686835
42,7,none,pz,368,93,1,1,True,0.0057995557,0.9517845,0.030880196,0.011535724
42,7,none,pz,369,93,2,0,False,0.43975294,0.30546916,0.062282473,0.19249544
42,7,none,pz,370,93,3,2,False,0.0234877,0.111775324,0.5770533,0.28768364
42,7,none,pz,371,93,3,3,True,0.0009209857,0.008302574,0.0027500717,0.9880264
42,7,none,pz,372,93,2,1,False,0.04040547,0.94247836,0.016130364,0.0009857904
42,7,none,pz,373,93,3,1,False,0.00019264885,0.86394125,0.00050219696,0.13536385
42,7,none,pz,374,93,2,1,False,0.0012391972,0.98567516,0.0064778533,0.0066078636
42,7,none,pz,375,93,2,2,True,0.096670546,0.03872981,0.7556471,0.10895247
42,7,none,pz,376,93,3,3,True,8.5418695e-05,0.014402035,0.0007191611,0.98479337
42,7,none,pz,377,93,3,3,True,0.00010086947,0.016705004,0.0031998814,0.9799943
42,7,none,pz,378,93,2,2,True,0.011459059,0.013305723,0.7719192,0.20331599
42,7,none,pz,379,93,2,2,True,0.025424376,0.11533162,0.54773253,0.3115115
42,7,none,pz,380,93,3,3,True,0.05498634,0.053464096,0.052350365,0.8391992
42,7,none,pz,381,93,3,3,True,0.008061112,0.009949893,0.16442862,0.8175603
42,7,none,pz,382,93,2,1,False,6.7849825e-05,0.99791497,0.0014860537,0.0005312139
42,7,none,pz,383,93,3,2,False,0.043304022,0.036991045,0.6278473,0.29185763
42,7,none,pz,384,94,0,0,True,0.9995474,0.0002086741,0.00023264563,1.1278319e-05
42,7,none,pz,385,94,1,1,True,0.0006608142,0.93494105,0.06328535,0.0011127131
42,7,none,pz,386,94,1,1,True,0.03921942,0.53957987,0.33741212,0.083788574
42,7,none,pz,387,94,0,0,True,0.99990964,6.362344e-05,1.4013476e-05,1.2601507e-05
42,7,none,pz,388,94,1,1,True,0.0035244967,0.8970718,0.08534065,0.014063088
42,7,none,pz,389,94,0,0,True,0.9958954,0.0035070346,0.00025320746,0.00034446263
42,7,none,pz,390,94,1,2,False,0.04398523,0.02200518,0.9314523,0.0025573138
42,7,none,pz,391,94,0,0,True,0.9997907,2.5930849e-05,0.00012328448,6.0127215e-05
42,7,none,pz,392,94,1,1,True,0.02235697,0.539108,0.41809052,0.020444605
42,7,none,pz,393,94,0,0,True,0.96013033,0.022143437,0.017600391,0.00012575608
42,7,none,pz,394,94,0,0,True,0.9989839,0.00038540398,0.00026995366,0.00036074524
42,7,none,pz,395,94,1,2,False,0.10641323,0.21253404,0.6674862,0.013566547
42,7,none,pz,396,94,1,1,True,0.070235245,0.89990234,0.018345572,0.011516843
42,7,none,pz,397,94,0,0,True,0.96800315,0.0007924316,0.025342932,0.005861467
42,7,none,pz,398,94,1,1,True,0.053126708,0.54584855,0.12820229,0.27282244
42,7,none,pz,399,94,2,2,True,0.008181643,0.04180906,0.9440609,0.0059483936
42,7,none,pz,400,94,3,3,True,0.019037934,0.25317478,0.06565474,0.6621325
42,7,none,pz,401,94,3,3,True,5.9434307e-05,0.0045431526,0.00024216529,0.9951552
42,7,none,pz,402,94,2,2,True,0.002489878,0.036464848,0.959234,0.00181133
42,7,none,pz,403,94,3,3,True,0.05842893,0.03367986,0.1672171,0.7406741
42,7,none,pz,404,94,2,2,True,0.05466729,0.33003473,0.5457749,0.069523156
42,7,none,pz,405,94,2,2,True,0.0023289984,0.079099126,0.91421336,0.0043585156
42,7,none,pz,406,94,3,1,False,0.0023053072,0.5576166,0.016552087,0.42352605
42,7,none,pz,407,94,2,2,True,0.05095377,0.07588251,0.60261464,0.270549
42,7,none,pz,408,94,3,3,True,0.010682367,0.024951324,0.034631677,0.92973465
42,7,none,pz,409,94,3,3,True,0.0040353388,0.0073538194,0.018535806,0.970075
42,7,none,pz,410,94,2,2,True,0.026577875,0.07111831,0.89794946,0.0043542795
42,7,none,pz,411,94,3,3,True,0.070781246,0.07938763,0.21517876,0.6346524
42,7,none,pz,412,94,2,0,False,0.5411488,0.13273074,0.22094785,0.10517265
42,7,none,pz,413,94,3,2,False,0.010016888,0.31572825,0.632383,0.041871812
42,7,none,pz,414,94,1,1,True,0.0012253779,0.9960675,0.0022229922,0.0004841631
42,7,none,pz,415,94,0,1,False,0.08174727,0.8424779,0.07525619,0.00051859766
42,7,none,pz,416,94,1,1,True,0.0011675325,0.9973973,0.0014197328,1.5303985e-05
42,7,none,pz,417,94,0,0,True,0.863715,0.06755927,0.062490497,0.006235242
42,7,none,pz,418,94,0,0,True,0.99022865,0.0031964069,0.006525519,4.948412e-05
42,7,none,pz,419,94,1,1,True,1.1024659e-05,0.9948906,0.0050604683,3.790636e-05
42,7,none,pz,420,94,1,3,False,0.08247138,0.37927058,0.12055665,0.41770136
42,7,none,pz,421,94,0,0,True,0.995391,0.0008498839,0.0035849558,0.0001741501
42,7,none,pz,422,94,0,0,True,0.6662254,0.31311423,0.020595854,6.461089e-05
42,7,none,pz,423,94,1,2,False,0.21552116,0.027026106,0.7394201,0.018032592
42,7,none,pz,424,94,1,1,True,5.944656e-06,0.99967027,0.00031606175,7.757945e-06
42,7,none,pz,425,94,0,1,False,0.00880207,0.8320673,0.15307371,0.006056935
42,7,none,pz,426,94,1,1,True,0.014804104,0.8643422,0.11255876,0.008294867
42,7,none,pz,427,94,0,0,True,0.9889798,6.425001e-05,0.009809186,0.0011467242
42,7,none,pz,428,94,1,2,False,0.02355841,0.030290542,0.93756115,0.008589861
42,7,none,pz,429,94,3,3,True,0.06265795,0.020354256,0.05983761,0.85715014
42,7,none,pz,430,94,2,0,False,0.61934954,0.015794393,0.3629764,0.0018796385
42,7,none,pz,431,94,3,3,True,0.0005616052,0.25849396,0.057412505,0.68353194
42,7,none,pz,432,94,2,2,True,0.0022196448,0.009814981,0.9823868,0.005578574
42,7,none,pz,433,94,3,3,True,0.008251323,0.4195065,0.0064961035,0.56574607
42,7,none,pz,434,94,2,2,True,0.03172983,0.05961337,0.90669274,0.0019640326
42,7,none,pz,435,94,2,2,True,0.023784995,0.200104,0.6981855,0.07792548
42,7,none,pz,436,94,3,3,True,0.044549387,0.21275438,0.26163015,0.48106608
42,7,none,pz,437,94,3,1,False,0.002972383,0.6323387,0.0099609755,0.35472792
42,7,none,pz,438,94,2,2,True,0.0072263414,0.1484153,0.8246762,0.019682202
42,7,none,pz,439,94,3,3,True,0.07595392,0.26210004,0.15820262,0.5037434
42,7,none,pz,440,94,2,2,True,0.22778606,0.07683899,0.66454816,0.030826744
42,7,none,pz,441,94,3,2,False,0.007716506,0.056853034,0.8175988,0.11783162
42,7,none,pz,442,94,2,2,True,0.006878492,0.024454288,0.96731526,0.0013519233
42,7,none,pz,443,94,2,1,False,0.16705821,0.4125374,0.051537544,0.36886692
42,7,none,pz,444,94,0,0,True,0.981388,0.011752146,0.0062386403,0.00062122237
42,7,none,pz,445,94,1,2,False,0.17428087,0.2176621,0.6027573,0.0052997563
42,7,none,pz,446,94,1,1,True,0.00022299016,0.8716222,0.12678829,0.0013665576
42,7,none,pz,447,94,0,0,True,0.91971666,0.0020964898,0.07744492,0.0007419716
42,7,none,pz,448,94,1,1,True,0.0011879411,0.72444147,0.23624972,0.03812082
42,7,none,pz,449,94,0,0,True,0.8787817,0.017003488,0.08534529,0.01886951
42,7,none,pz,450,94,1,1,True,0.24283075,0.3799189,0.3184292,0.058821157
42,7,none,pz,451,94,0,2,False,0.3239814,0.023308177,0.63567096,0.0170395
42,7,none,pz,452,94,1,1,True,0.09021158,0.7103753,0.10954589,0.08986729
42,7,none,pz,453,94,0,2,False,0.09618911,0.048147216,0.841476,0.014187693
42,7,none,pz,454,94,1,1,True,0.011444685,0.7237083,0.2044447,0.060402337
42,7,none,pz,455,94,0,0,True,0.9944247,0.0006313947,0.0034329286,0.0015110106
42,7,none,pz,456,94,0,0,True,0.44139552,0.19766727,0.3583582,0.0025789586
42,7,none,pz,457,94,1,3,False,0.011305405,0.027540099,0.07229783,0.88885665
42,7,none,pz,458,94,0,2,False,0.033511087,0.06853164,0.7289586,0.1689986
42,7,none,pz,459,94,2,2,True,0.009842199,0.009465286,0.9786276,0.002064907
42,7,none,pz,460,94,3,2,False,0.000830883,0.0119505,0.96871275,0.018505799
42,7,none,pz,461,94,2,2,True,0.045835234,0.051775824,0.9001938,0.0021951424
42,7,none,pz,462,94,3,2,False,0.2879294,0.093987465,0.6086666,0.009416577
42,7,none,pz,463,94,2,2,True,0.02447824,0.42187354,0.55235046,0.0012978206
42,7,none,pz,464,94,3,3,True,0.015613849,0.08257001,0.21488895,0.6869272
42,7,none,pz,465,94,3,1,False,0.0051204255,0.4739408,0.12349469,0.39744413
42,7,none,pz,466,94,2,2,True,0.0076947957,0.013350177,0.9643653,0.014589712
42,7,none,pz,467,94,2,2,True,0.0016562778,0.0025099628,0.99277824,0.0030555087
42,7,none,pz,468,94,3,2,False,0.017210027,0.01212347,0.5201962,0.45047024
42,7,none,pz,469,94,3,1,False,0.0048571466,0.52243435,0.02556052,0.447148
42,7,none,pz,470,94,2,2,True,0.0056982557,0.056189388,0.9210858,0.017026601
42,7,none,pz,471,94,2,3,False,0.06187587,0.15842192,0.28225195,0.4974502
42,7,none,pz,472,94,3,1,False,0.01781274,0.39966384,0.233822,0.34870145
42,7,none,pz,473,94,3,2,False,0.030331677,0.32809284,0.6307732,0.01080233
42,7,none,pz,474,95,0,0,True,0.98131746,0.011597986,0.0032396542,0.003844859
42,7,none,pz,475,95,1,1,True,0.015283174,0.8165881,0.0025400037,0.16558874
42,7,none,pz,476,95,1,1,True,0.00012207431,0.99906665,0.00034182103,0.00046950532
42,7,none,pz,477,95,0,0,True,0.9925734,0.00064992905,0.00019482891,0.0065818224
42,7,none,pz,478,95,0,0,True,0.99978,0.00010201699,2.139559e-05,9.6596756e-05
42,7,none,pz,479,95,1,1,True,0.027844392,0.965353,0.0005926466,0.0062098885
42,7,none,pz,480,95,0,0,True,0.9872372,0.008430029,0.0010978845,0.0032348903
42,7,none,pz,481,95,1,1,True,0.0030363416,0.942404,0.0009115278,0.053648185
42,7,none,pz,482,95,0,0,True,0.98795545,0.004057998,0.0020640902,0.00592244
42,7,none,pz,483,95,1,3,False,0.008709645,0.13722149,0.033166435,0.8209024
42,7,none,pz,484,95,1,1,True,0.004328168,0.9698169,0.003939451,0.021915456
42,7,none,pz,485,95,0,0,True,0.999824,7.5674546e-07,4.39058e-05,0.00013149432
42,7,none,pz,486,95,0,0,True,0.9895783,0.0018835689,0.000827453,0.007710729
42,7,none,pz,487,95,1,3,False,0.05409308,0.38398847,0.029245727,0.53267276
42,7,none,pz,488,95,1,1,True,2.9922843e-05,0.9601078,0.01309148,0.02677084
42,7,none,pz,489,95,2,3,False,0.017891336,0.05178444,0.08898501,0.84133923
42,7,none,pz,490,95,3,3,True,0.009434546,0.09761542,0.055600356,0.8373497
42,7,none,pz,491,95,2,1,False,0.002743728,0.53765666,0.35651284,0.1030868
42,7,none,pz,492,95,3,3,True,0.0011356528,0.00042150496,0.0001152504,0.99832755
42,7,none,pz,493,95,3,3,True,0.0006384974,0.03794609,0.00016684482,0.96124864
42,7,none,pz,494,95,2,3,False,0.32409355,0.028701792,0.004175514,0.6430291
42,7,none,pz,495,95,2,3,False,0.044983298,0.082598135,0.36221367,0.5102049
42,7,none,pz,496,95,3,3,True,0.008662536,0.0015283838,8.609184e-05,0.98972297
42,7,none,pz,497,95,3,3,True,0.0003645272,0.005516446,0.006553301,0.9875657
42,7,none,pz,498,95,2,3,False,0.0029045409,0.23257038,0.04087122,0.72365385
42,7,none,pz,499,95,3,3,True,0.00063896104,0.1927438,0.0008098169,0.8058075
42,7,none,pz,500,95,2,3,False,0.00074373605,0.0007302369,0.020325117,0.9782009
42,7,none,pz,501,95,3,3,True,0.0030219546,0.0039100363,0.0029845468,0.99008346
42,7,none,pz,502,95,2,3,False,0.006188804,0.027533995,0.088702664,0.87757456
42,7,none,pz,503,95,2,3,False,0.09827277,0.07645546,0.008705485,0.8165662
42,7,none,pz,504,95,1,1,True,0.0005116962,0.85474706,0.0024441383,0.14229713
42,7,none,pz,505,95,0,3,False,0.457897,0.004235203,0.0003597496,0.5375081
42,7,none,pz,506,95,1,1,True,0.0019039195,0.7439255,0.0010347225,0.25313586
42,7,none,pz,507,95,0,3,False,0.22719277,0.0006982235,0.032005392,0.7401036
42,7,none,pz,508,95,0,0,True,0.9825058,0.0007993666,4.610545e-05,0.0166487
42,7,none,pz,509,95,1,3,False,0.005294717,0.023651766,0.0035626756,0.96749085
42,7,none,pz,510,95,1,3,False,0.0028521507,0.121981114,0.014471507,0.86069524
42,7,none,pz,511,95,0,3,False,0.31310824,0.00032978735,0.0006309797,0.68593097
42,7,none,pz,512,95,0,0,True,0.607398,0.004871669,0.012829224,0.37490112
42,7,none,pz,513,95,1,3,False,0.0005111884,0.22618596,0.009301588,0.7640013
42,7,none,pz,514,95,0,0,True,0.83063537,0.00030589435,0.0015658161,0.16749299
42,7,none,pz,515,95,1,1,True,0.0008210133,0.8931248,0.054219265,0.05183495
42,7,none,pz,516,95,0,3,False,0.23304683,0.019443564,0.0012659563,0.7462436
42,7,none,pz,517,95,1,1,True,0.0028501332,0.75368875,0.03174694,0.21171412
42,7,none,pz,518,95,0,3,False,0.4854279,0.0051219217,0.011767926,0.49768227
42,7,none,pz,519,95,3,3,True,0.00016060856,0.02148184,0.0009734186,0.9773841
42,7,none,pz,520,95,2,3,False,0.006944529,0.0001840216,0.022620209,0.97025126
42,7,none,pz,521,95,3,3,True,3.5966936e-05,0.05563413,0.0031497306,0.94118017
42,7,none,pz,522,95,2,3,False,0.3943448,0.0007675382,0.109477244,0.4954104
42,7,none,pz,523,95,2,2,True,0.048053894,0.036333892,0.5580856,0.35752663
42,7,none,pz,524,95,3,3,True,0.016836174,0.36562473,0.015840568,0.6016985
42,7,none,pz,525,95,2,2,True,0.030088965,0.24424951,0.6328901,0.092771456
42,7,none,pz,526,95,3,3,True,0.0019737808,0.04573488,0.0029944922,0.9492969
42,7,none,pz,527,95,2,2,True,0.19813418,0.09240913,0.3630183,0.3464384
42,7,none,pz,528,95,3,3,True,5.0975963e-05,0.006365682,0.00011664708,0.9934667
42,7,none,pz,529,95,2,0,False,0.7807358,0.05019748,0.104758896,0.06430787
42,7,none,pz,530,95,3,3,True,0.009204724,0.0054939864,0.0083391825,0.9769621
42,7,none,pz,531,95,2,3,False,0.00026021546,0.007574374,0.002760447,0.989405
42,7,none,pz,532,95,3,3,True,0.012947692,0.2542395,0.041306328,0.69150645
42,7,none,pz,533,95,3,3,True,0.000274447,0.26402918,0.0949827,0.6407137
42,7,none,pz,534,95,0,3,False,0.015173219,0.3090185,0.07667546,0.5991329
42,7,none,pz,535,95,1,3,False,0.04772507,0.0065414375,0.028339267,0.9173942
42,7,none,pz,536,95,1,3,False,0.007623207,0.00939419,0.0012504281,0.9817322
42,7,none,pz,537,95,0,3,False,0.07806047,0.01680395,0.12188764,0.78324795
42,7,none,pz,538,95,0,3,False,0.00856215,0.0017358713,0.004624428,0.98507756
42,7,none,pz,539,95,1,1,True,0.022787128,0.7076868,0.034826886,0.23469912
42,7,none,pz,540,95,1,3,False,0.00028677157,0.008485461,0.000579952,0.99064785
42,7,none,pz,541,95,0,3,False,0.28982934,0.020733306,0.34169456,0.34774277
42,7,none,pz,542,95,0,1,False,0.07639509,0.42506123,0.3239207,0.17462295
42,7,none,pz,543,95,1,1,True,0.0069161826,0.54753584,0.005886663,0.43966135
42,7,none,pz,544,95,0,3,False,0.020388313,0.057801783,0.046382964,0.87542695
42,7,none,pz,545,95,1,3,False,0.09867136,0.0053053508,0.1266392,0.769384
42,7,none,pz,546,95,1,1,True,0.060947765,0.4276714,0.16375425,0.34762654
42,7,none,pz,547,95,0,2,False,0.0034785625,0.12053016,0.81135106,0.06464019
42,7,none,pz,548,95,0,0,True,0.723755,0.009665111,0.21606818,0.05051174
42,7,none,pz,549,95,2,2,True,0.0070686345,0.052029703,0.48309776,0.45780388
42,7,none,pz,550,95,3,1,False,0.1258862,0.4905224,0.06938653,0.31420493
42,7,none,pz,551,95,3,3,True,0.012613387,0.0853504,0.0032179307,0.89881825
42,7,none,pz,552,95,2,0,False,0.42291442,0.033260684,0.16618289,0.37764198
42,7,none,pz,553,95,2,3,False,0.008100215,0.019686038,0.013010456,0.9592033
42,7,none,pz,554,95,3,3,True,0.0025360356,0.0022888035,0.0004629127,0.99471223
42,7,none,pz,555,95,2,1,False,0.009244891,0.85967314,0.036058687,0.09502329
42,7,none,pz,556,95,3,3,True,0.00021542909,0.15049404,0.0027558135,0.8465347
42,7,none,pz,557,95,2,3,False,0.018789217,0.38331142,0.097383566,0.50051576
42,7,none,pz,558,95,3,1,False,0.00043494848,0.7423836,0.0016263645,0.25555506
42,7,none,pz,559,95,2,3,False,0.0044810316,0.010172956,0.029359823,0.9559862
42,7,none,pz,560,95,3,3,True,0.027316766,0.08828543,0.014159418,0.87023836
42,7,none,pz,561,95,3,2,False,0.0027354436,0.14547296,0.47865605,0.3731355
42,7,none,pz,562,95,2,2,True,0.00081783056,0.3676205,0.40105054,0.23051113
42,7,none,pz,563,95,3,3,True,0.00017599203,0.009356588,0.005375264,0.9850921
42,7,none,pz,564,96,1,1,True,0.003955671,0.9877707,0.005583108,0.0026906717
42,7,none,pz,565,96,0,0,True,0.7791595,0.05008032,0.16909462,0.0016656097
42,7,none,pz,566,96,0,0,True,0.9015664,0.079566844,0.010733036,0.008133865
42,7,none,pz,567,96,1,1,True,0.003931739,0.9066354,0.0632066,0.026226321
42,7,none,pz,568,96,1,1,True,4.987162e-05,0.9981896,0.00088474003,0.00087582663
42,7,none,pz,569,96,0,0,True,0.54321516,0.003904139,0.23209262,0.22078808
42,7,none,pz,570,96,1,1,True,9.52927e-05,0.9991916,0.0006381307,7.5079246e-05
42,7,none,pz,571,96,0,0,True,0.99032545,6.250426e-05,0.008869197,0.00074295903
42,7,none,pz,572,96,0,0,True,0.7775299,0.071700595,0.122738235,0.02803133
42,7,none,pz,573,96,1,1,True,3.5101926e-05,0.9996911,0.00025865153,1.5173434e-05
42,7,none,pz,574,96,1,1,True,0.00016113702,0.9987532,0.0010057641,8.0066e-05
42,7,none,pz,575,96,0,0,True,0.66032594,0.0012609868,0.33740833,0.0010047272
42,7,none,pz,576,96,0,0,True,0.86117905,0.04092894,0.017649362,0.080242656
42,7,none,pz,577,96,1,1,True,0.0027811674,0.7988101,0.084016405,0.11439235
42,7,none,pz,578,96,1,1,True,2.474302e-05,0.87994194,0.0034885963,0.11654477
42,7,none,pz,579,96,3,3,True,0.0007241942,0.057027567,0.055281054,0.8869671
42,7,none,pz,580,96,2,2,True,0.0033491508,0.00031029258,0.9956241,0.0007163913
42,7,none,pz,581,96,3,2,False,0.0028238357,0.043718874,0.91675,0.03670733
42,7,none,pz,582,96,2,2,True,0.016193794,0.004836988,0.9135474,0.06542183
42,7,none,pz,583,96,2,2,True,0.021707166,0.012262317,0.6285232,0.33750734
42,7,none,pz,584,96,3,2,False,0.012208427,0.007561498,0.86029303,0.11993707
42,7,none,pz,585,96,3,3,True,0.09068905,0.1530605,0.21207626,0.5441742
42,7,none,pz,586,96,2,2,True,0.004889573,0.00748567,0.91988873,0.06773597
42,7,none,pz,587,96,3,3,True,0.0042588306,0.005058866,0.04172137,0.94896096
42,7,none,pz,588,96,2,1,False,0.009766237,0.53101385,0.38593513,0.073284775
42,7,none,pz,589,96,2,2,True,0.01774391,0.08918997,0.8921057,0.00096043653
42,7,none,pz,590,96,3,1,False,0.09248497,0.5520109,0.05217447,0.30332968
42,7,none,pz,591,96,3,3,True,0.00970018,0.040603302,0.17840005,0.77129644
42,7,none,pz,592,96,2,2,True,0.051012877,0.06663493,0.63053167,0.2518205
42,7,none,pz,593,96,3,3,True,0.009557485,0.38334993,0.12750807,0.47958454
42,7,none,pz,594,96,0,0,True,0.9011226,0.0010698966,0.09322639,0.004581127
42,7,none,pz,595,96,1,2,False,0.0067232633,0.07728466,0.9095448,0.006447184
42,7,none,pz,596,96,1,3,False,0.019078588,0.30016205,0.25120315,0.4295562
42,7,none,pz,597,96,0,0,True,0.9463269,0.00030370496,0.023268623,0.030100739
42,7,none,pz,598,96,1,1,True,0.08859398,0.88467073,0.023325384,0.0034098765
42,7,none,pz,599,96,0,0,True,0.52652824,0.020162541,0.33421212,0.11909716
42,7,none,pz,600,96,0,0,True,0.5201138,0.0003073485,0.4783043,0.0012745068
42,7,none,pz,601,96,1,1,True,0.00233656,0.99524325,0.0013894906,0.0010306393
42,7,none,pz,602,96,0,0,True,0.96653986,0.015455746,0.015959363,0.0020450498
42,7,none,pz,603,96,1,1,True,0.003622345,0.9590103,0.036323052,0.0010443423
42,7,none,pz,604,96,1,1,True,0.00030463727,0.90360063,0.008862285,0.087232545
42,7,none,pz,605,96,0,0,True,0.9656443,9.68931e-05,0.022116272,0.012142511
42,7,none,pz,606,96,1,1,True,0.0029364657,0.35500738,0.2983723,0.34368387
42,7,none,pz,607,96,0,2,False,0.15762927,0.0010747964,0.66367584,0.17762007
42,7,none,pz,608,96,0,0,True,0.73237836,0.0011737938,0.14174122,0.12470657
42,7,none,pz,609,96,3,3,True,0.1022609,0.011811141,0.04023277,0.8456952
42,7,none,pz,610,96,2,2,True,0.000117462114,0.0069514494,0.9905793,0.0023518507
42,7,none,pz,611,96,3,1,False,0.0241284,0.5990273,0.35833597,0.018508364
42,7,none,pz,612,96,2,0,False,0.8375717,0.013020735,0.059559226,0.0898483
42,7,none,pz,613,96,3,3,True,0.016861029,0.2384172,0.010921077,0.7338007
42,7,none,pz,614,96,2,2,True,0.0016837752,0.0017131066,0.9928824,0.003720801
42,7,none,pz,615,96,2,2,True,0.005205139,0.03406757,0.8781445,0.08258283
42,7,none,pz,616,96,3,2,False,0.007961725,0.002512201,0.84230787,0.14721815
42,7,none,pz,617,96,2,2,True,0.038371734,0.004548741,0.8746666,0.082412876
42,7,none,pz,618,96,3,0,False,0.76623034,0.049478743,0.02823329,0.15605763
42,7,none,pz,619,96,2,2,True,0.016546054,0.01674637,0.68022764,0.28647998
42,7,none,pz,620,96,3,3,True,0.033616237,0.009189573,0.036374394,0.9208198
42,7,none,pz,621,96,2,0,False,0.63348764,0.0048246216,0.3349226,0.026765075
42,7,none,pz,622,96,3,3,True,0.07757681,0.016654082,0.023988588,0.8817805
42,7,none,pz,623,96,3,3,True,0.014531588,0.009152027,0.43437558,0.54194087
42,7,none,pz,624,96,1,1,True,0.00042477803,0.97581303,0.008392293,0.01536977
42,7,none,pz,625,96,0,0,True,0.90919465,0.0012504508,0.08245597,0.007098996
42,7,none,pz,626,96,1,2,False,0.04531095,0.04649575,0.90408325,0.004110024
42,7,none,pz,627,96,0,2,False,0.17131053,0.26450732,0.56269395,0.0014882132
42,7,none,pz,628,96,1,1,True,0.012658235,0.7213491,0.24525414,0.020738462
42,7,none,pz,629,96,0,0,True,0.9430908,0.02064352,0.027416768,0.008848845
42,7,none,pz,630,96,0,0,True,0.9939254,3.0242552e-05,0.006018653,2.5724134e-05
42,7,none,pz,631,96,1,0,False,0.45762113,0.352975,0.13485695,0.05454686
42,7,none,pz,632,96,1,1,True,5.497643e-05,0.9972241,0.0023820784,0.0003389664
42,7,none,pz,633,96,0,0,True,0.81234425,0.029155962,0.119542636,0.038957164
42,7,none,pz,634,96,0,0,True,0.9928665,3.2911907e-05,0.0070474967,5.311882e-05
42,7,none,pz,635,96,1,1,True,6.550332e-05,0.9856866,0.012702245,0.0015457774
42,7,none,pz,636,96,1,1,True,0.00091234123,0.58106595,0.41540694,0.0026147815
42,7,none,pz,637,96,0,0,True,0.8576103,0.12910837,0.01155213,0.0017292451
42,7,none,pz,638,96,0,0,True,0.4808661,0.06941223,0.1204686,0.32925305
42,7,none,pz,639,96,2,2,True,0.00055983645,0.11060045,0.8884512,0.00038843715
42,7,none,pz,640,96,3,2,False,0.017403789,0.028659731,0.9142525,0.039683998
42,7,none,pz,641,96,2,2,True,0.09394359,0.008852392,0.7911809,0.10602308
42,7,none,pz,642,96,3,2,False,0.0048649046,0.117867924,0.5577529,0.31951424
42,7,none,pz,643,96,3,3,True,0.06513839,0.064434685,0.013762475,0.8566644
42,7,none,pz,644,96,2,2,True,0.0019649416,0.4679018,0.5180923,0.01204102
42,7,none,pz,645,96,3,3,True,0.36093262,0.14874765,0.04803,0.4422897
42,7,none,pz,646,96,2,1,False,0.01395733,0.61010695,0.36596462,0.009971098
42,7,none,pz,647,96,2,2,True,0.004046172,0.17378554,0.8159773,0.0061909375
42,7,none,pz,648,96,3,1,False,0.27171826,0.41480634,0.2831106,0.030364836
42,7,none,pz,649,96,2,2,True,0.021028996,0.08600271,0.73785925,0.15510911
42,7,none,pz,650,96,3,3,True,0.02110872,0.023414388,0.31005445,0.6454224
42,7,none,pz,651,96,2,2,True,0.019416703,0.13458692,0.7811876,0.064808816
42,7,none,pz,652,96,3,0,False,0.6653262,0.039069273,0.20873022,0.08687433
42,7,none,pz,653,96,3,1,False,0.00565252,0.8111059,0.081852704,0.101388924
42,7,none,pz,654,97,0,0,True,0.4508717,0.25509194,0.19256902,0.10146739
42,7,none,pz,655,97,1,1,True,0.005532157,0.93871576,0.0057444028,0.050007723
42,7,none,pz,656,97,1,1,True,0.079293646,0.894548,0.0055355015,0.020622803
42,7,none,pz,657,97,0,0,True,0.6595929,0.21058074,0.046527904,0.08329838
42,7,none,pz,658,97,0,0,True,0.9960722,0.0009395821,0.0013674581,0.001620844
42,7,none,pz,659,97,1,1,True,0.0012765261,0.98370105,0.0026923835,0.012329922
42,7,none,pz,660,97,0,0,True,0.58056355,0.070140965,0.30195117,0.047344353
42,7,none,pz,661,97,1,1,True,3.6340825e-05,0.99278367,0.0039784256,0.0032015601
42,7,none,pz,662,97,0,3,False,0.05364254,0.22609866,0.10246408,0.6177947
42,7,none,pz,663,97,1,1,True,0.07439984,0.86003655,0.004150629,0.06141296
42,7,none,pz,664,97,1,1,True,0.00041782347,0.9991966,8.823174e-06,0.00037672473
42,7,none,pz,665,97,0,0,True,0.8944472,0.0046272743,0.0006812363,0.10024427
42,7,none,pz,666,97,1,2,False,0.2923358,0.12442145,0.3284174,0.2548253
42,7,none,pz,667,97,0,3,False,0.07536539,0.23823364,0.05739719,0.62900376
42,7,none,pz,668,97,0,0,True,0.7268149,0.25357243,0.0013988648,0.018213734
42,7,none,pz,669,97,3,3,True,0.24038331,0.08358434,0.031510465,0.64452183
42,7,none,pz,670,97,2,0,False,0.59065676,0.1718168,0.018901573,0.21862489
42,7,none,pz,671,97,3,3,True,0.00040840937,0.02569178,0.0035269277,0.9703729
42,7,none,pz,672,97,2,1,False,0.0019429501,0.7254402,0.009901375,0.26271555
42,7,none,pz,673,97,3,1,False,0.06532153,0.61518633,0.00090897264,0.31858316
42,7,none,pz,674,97,2,3,False,0.086346604,0.17888762,0.093860604,0.6409052
42,7,none,pz,675,97,3,1,False,0.010454235,0.5291657,0.24852283,0.21185727
42,7,none,pz,676,97,2,1,False,0.006610168,0.8874813,0.007563284,0.098345354
42,7,none,pz,677,97,3,1,False,0.0070576663,0.6249408,0.17890847,0.18909307
42,7,none,pz,678,97,2,2,True,0.20872225,0.25542107,0.39764544,0.13821122
42,7,none,pz,679,97,3,3,True,0.03868823,0.01042357,0.0023357808,0.9485524
42,7,none,pz,680,97,2,3,False,0.0020458982,0.0012708626,0.00013474711,0.9965485
42,7,none,pz,681,97,3,3,True,0.02872366,0.0044148937,0.009876249,0.95698524
42,7,none,pz,682,97,2,1,False,0.00031082184,0.82870615,0.020869536,0.15011342
42,7,none,pz,683,97,2,1,False,0.009989455,0.8458514,0.0210454,0.123113684
42,7,none,pz,684,97,0,1,False,0.053717196,0.5084974,0.13683419,0.30095118
42,7,none,pz,685,97,1,1,True,0.42560127,0.51422477,0.054038648,0.0061352835
42,7,none,pz,686,97,1,1,True,0.0014741884,0.98071516,0.0018806532,0.01592993
42,7,none,pz,687,97,0,3,False,0.30612478,0.010547216,0.05127693,0.63205105
42,7,none,pz,688,97,1,3,False,0.113343254,0.3932274,0.05416456,0.43926477
42,7,none,pz,689,97,0,0,True,0.53034014,0.21964554,0.077661425,0.17235287
42,7,none,pz,690,97,1,3,False,0.026282895,0.031660054,0.094312996,0.84774405
42,7,none,pz,691,97,0,3,False,0.036535006,0.02238692,0.01906069,0.92201734
42,7,none,pz,692,97,1,1,True,0.026632166,0.7595167,0.006153317,0.20769785
42,7,none,pz,693,97,0,3,False,0.13740407,0.009096309,0.023579761,0.82991993
42,7,none,pz,694,97,0,0,True,0.913777,0.021176161,0.05139856,0.013648374
42,7,none,pz,695,97,1,1,True,0.0016153969,0.82272226,0.03356656,0.14209579
42,7,none,pz,696,97,0,3,False,0.02010538,0.0019360939,0.0007903818,0.9771681
42,7,none,pz,697,97,1,1,True,0.05744782,0.7195329,0.007448887,0.21557039
42,7,none,pz,698,97,1,3,False,0.0005666163,0.22541513,0.00046182546,0.7735564
42,7,none,pz,699,97,3,3,True,0.0021085853,0.16659594,0.12410288,0.7071926
42,7,none,pz,700,97,2,0,False,0.56565183,0.04489757,0.27726787,0.11218276
42,7,none,pz,701,97,2,1,False,0.055096883,0.43724945,0.20008597,0.30756775
42,7,none,pz,702,97,3,3,True,0.0016219964,0.2222799,0.068199344,0.70789874
42,7,none,pz,703,97,3,1,False,0.07355527,0.59397537,0.12911904,0.20335035
42,7,none,pz,704,97,2,1,False,0.018571608,0.9496629,0.0038860587,0.027879277
42,7,none,pz,705,97,2,3,False,0.0028304716,0.23101531,0.1995432,0.566611
42,7,none,pz,706,97,3,3,True,0.06356988,0.21150447,0.2157312,0.50919443
42,7,none,pz,707,97,2,2,True,0.007825224,0.066567644,0.53209215,0.393515
42,7,none,pz,708,97,3,3,True,0.0029371814,0.3239415,0.0149404695,0.65818083
42,7,none,pz,709,97,3,3,True,0.14782985,0.014157283,0.034447584,0.8035653
42,7,none,pz,710,97,2,3,False,0.041628387,0.14464615,0.2938601,0.51986533
42,7,none,pz,711,97,3,3,True,0.16518055,0.038728997,0.2433619,0.5527286
42,7,none,pz,712,97,2,3,False,0.36417824,0.019468844,0.09228158,0.52407134
42,7,none,pz,713,97,3,1,False,0.057836607,0.5537913,0.007833967,0.38053805
42,7,none,pz,714,97,1,3,False,0.005633019,0.25380358,0.12303498,0.6175285
42,7,none,pz,715,97,0,2,False,0.034621097,0.46391994,0.47047797,0.030980965
42,7,none,pz,716,97,1,1,True,0.015628995,0.891012,0.029744232,0.06361476
42,7,none,pz,717,97,0,0,True,0.92435944,0.062487293,0.010889865,0.0022634715
42,7,none,pz,718,97,1,2,False,0.023575792,0.18699507,0.68800205,0.10142714
42,7,none,pz,719,97,0,0,True,0.6296745,0.028044818,0.04500103,0.2972796
42,7,none,pz,720,97,0,0,True,0.8475533,0.007170028,0.013904836,0.13137186
42,7,none,pz,721,97,1,1,True,0.0039454447,0.8129735,0.018774284,0.1643067
42,7,none,pz,722,97,1,1,True,0.0018002306,0.73438334,0.03083477,0.23298174
42,7,none,pz,723,97,0,0,True,0.84806114,0.040033467,0.00988244,0.10202296
42,7,none,pz,724,97,1,1,True,0.00694527,0.8978818,0.007736435,0.08743652
42,7,none,pz,725,97,0,3,False,0.3394417,0.27307177,0.043320123,0.34416643
42,7,none,pz,726,97,0,0,True,0.97417283,0.005780045,0.008494115,0.011553035
42,7,none,pz,727,97,1,2,False,0.067118764,0.102796905,0.43417117,0.39591318
42,7,none,pz,728,97,0,0,True,0.82829785,0.0035441671,0.03396695,0.13419102
42,7,none,pz,729,97,3,3,True,0.08789875,0.078766644,0.10922979,0.7241048
42,7,none,pz,730,97,2,1,False,0.00083533616,0.8074146,0.009664371,0.1820856
42,7,none,pz,731,97,2,2,True,0.019298531,0.14785329,0.66795856,0.16488965
42,7,none,pz,732,97,3,2,False,0.117201746,0.15208243,0.41820127,0.3125146
42,7,none,pz,733,97,2,3,False,0.07864814,0.20483479,0.089125864,0.6273912
42,7,none,pz,734,97,3,1,False,0.2821747,0.55144197,0.039366107,0.12701724
42,7,none,pz,735,97,2,0,False,0.36801976,0.19759275,0.23045692,0.20393059
42,7,none,pz,736,97,3,3,True,0.006487063,0.11465746,0.045192722,0.83366275
42,7,none,pz,737,97,3,3,True,0.028066348,0.058358457,0.052494854,0.86108035
42,7,none,pz,738,97,2,2,True,0.030263828,0.19548178,0.614668,0.15958638
42,7,none,pz,739,97,3,3,True,0.007063176,0.0504641,0.03161726,0.9108555
42,7,none,pz,740,97,2,1,False,0.020251052,0.6615644,0.026475297,0.29170927
42,7,none,pz,741,97,2,3,False,0.056936245,0.4010375,0.124913074,0.41711316
42,7,none,pz,742,97,3,3,True,0.10915251,0.28227186,0.20972417,0.39885148
42,7,none,pz,743,97,2,0,False,0.62847984,0.21512668,0.058239654,0.09815386
42,7,none,pz,744,98,0,0,True,0.8424191,0.0077342987,0.14843003,0.0014165883
42,7,none,pz,745,98,1,2,False,0.03185011,0.18743429,0.76156765,0.019147983
42,7,none,pz,746,98,1,1,True,0.055091277,0.800683,0.12521017,0.019015498
42,7,none,pz,747,98,0,0,True,0.58951515,0.018331196,0.38199523,0.010158503
42,7,none,pz,748,98,0,0,True,0.69378346,0.0069732764,0.20273949,0.09650374
42,7,none,pz,749,98,1,1,True,0.029036963,0.5228007,0.42957732,0.018585006
42,7,none,pz,750,98,1,1,True,0.025861073,0.9119223,0.040696535,0.021520184
42,7,none,pz,751,98,0,2,False,0.11335226,0.3633257,0.42122364,0.102098465
42,7,none,pz,752,98,1,2,False,0.11222228,0.43578616,0.4415139,0.010477652
42,7,none,pz,753,98,0,2,False,0.41651314,0.03497415,0.5404175,0.0080952495
42,7,none,pz,754,98,1,1,True,0.14146298,0.809558,0.041861277,0.0071177185
42,7,none,pz,755,98,0,0,True,0.61796176,0.05854565,0.29961938,0.02387318
42,7,none,pz,756,98,0,2,False,0.16695726,0.18669873,0.64079905,0.0055449475
42,7,none,pz,757,98,1,2,False,0.022617608,0.15390374,0.41632238,0.40715623
42,7,none,pz,758,98,0,2,False,0.07203224,0.044413127,0.8495818,0.03397295
42,7,none,pz,759,98,3,3,True,0.009119063,0.0025023276,0.0068564336,0.9815222
42,7,none,pz,760,98,2,2,True,0.10314979,0.034521963,0.7696122,0.092716046
42,7,none,pz,761,98,3,3,True,0.008487253,0.013362829,0.101807624,0.8763423
42,7,none,pz,762,98,2,2,True,0.20286325,0.20229988,0.5875022,0.0073346775
42,7,none,pz,763,98,2,0,False,0.45268407,0.078293435,0.43787542,0.031146988
42,7,none,pz,764,98,3,2,False,0.011586648,0.1470354,0.55574274,0.28563517
42,7,none,pz,765,98,2,2,True,0.016064579,0.015598861,0.9480932,0.020243432
42,7,none,pz,766,98,3,2,False,0.056292847,0.15439792,0.49501714,0.2942921
42,7,none,pz,767,98,2,2,True,0.08951318,0.0019953803,0.8345372,0.073954254
42,7,none,pz,768,98,3,3,True,0.01688595,0.017493961,0.034286052,0.9313341
42,7,none,pz,769,98,3,3,True,0.2516492,0.026763935,0.264895,0.45669183
42,7,none,pz,770,98,2,2,True,0.040419247,0.01156252,0.90583104,0.042187158
42,7,none,pz,771,98,2,2,True,0.083903454,0.008962785,0.7081855,0.19894832
42,7,none,pz,772,98,3,0,False,0.560556,0.073169254,0.18442082,0.18185398
42,7,none,pz,773,98,3,2,False,0.029178549,0.022579338,0.76743686,0.18080531
42,7,none,pz,774,98,1,1,True,0.010856778,0.82608557,0.15522248,0.007835166
42,7,none,pz,775,98,0,2,False,0.32652465,0.039250337,0.60801303,0.02621201
42,7,none,pz,776,98,0,0,True,0.7871996,0.007909472,0.17432143,0.03056949
42,7,none,pz,777,98,1,2,False,0.082206294,0.27193132,0.50889885,0.13696352
42,7,none,pz,778,98,0,0,True,0.9578499,0.0082234405,0.027903087,0.0060235937
42,7,none,pz,779,98,1,2,False,0.020196391,0.037619438,0.8904707,0.05171355
42,7,none,pz,780,98,1,2,False,0.012332694,0.28268817,0.4676211,0.23735806
42,7,none,pz,781,98,0,0,True,0.909575,0.0010211935,0.06800453,0.021399284
42,7,none,pz,782,98,0,0,True,0.6506424,0.06692993,0.24414048,0.038287193
42,7,none,pz,783,98,1,1,True,0.075100645,0.4435281,0.39787954,0.0834918
42,7,none,pz,784,98,0,0,True,0.6650776,0.009830278,0.22769472,0.097397394
42,7,none,pz,785,98,1,1,True,0.043232013,0.49156016,0.4355104,0.029697444
42,7,none,pz,786,98,1,1,True,0.023383623,0.45220426,0.16197488,0.36243725
42,7,none,pz,787,98,0,0,True,0.95199037,0.002467235,0.039159495,0.006382875
42,7,none,pz,788,98,0,2,False,0.04419696,0.02312448,0.9038756,0.028802993
42,7,none,pz,789,98,3,3,True,0.060590304,0.024146236,0.16700132,0.7482621
42,7,none,pz,790,98,2,2,True,0.29062042,0.014085283,0.6566204,0.038673937
42,7,none,pz,791,98,3,3,True,0.14339691,0.03628954,0.36266977,0.4576438
42,7,none,pz,792,98,2,2,True,0.0088527985,0.029083911,0.9601182,0.001945148
42,7,none,pz,793,98,2,0,False,0.5993496,0.02283973,0.32424417,0.05356654
42,7,none,pz,794,98,3,3,True,0.05983524,0.030460779,0.0757106,0.8339934
42,7,none,pz,795,98,2,2,True,0.23211019,0.03094052,0.7160123,0.020937005
42,7,none,pz,796,98,3,3,True,0.025261248,0.008486702,0.023888266,0.9423638
42,7,none,pz,797,98,3,3,True,0.04013487,0.0019343946,0.40928373,0.548647
42,7,none,pz,798,98,2,2,True,0.026915507,0.02478003,0.66711855,0.2811859
42,7,none,pz,799,98,2,2,True,0.04101813,0.051705435,0.8946687,0.012607769
42,7,none,pz,800,98,3,2,False,0.16292946,0.2846035,0.5438826,0.008584386
42,7,none,pz,801,98,2,3,False,0.05291901,0.041649062,0.30472314,0.6007087
42,7,none,pz,802,98,3,3,True,0.015908338,0.007120076,0.1688961,0.80807555
42,7,none,pz,803,98,3,2,False,0.057581235,0.0032978763,0.614649,0.3244719
42,7,none,pz,804,98,0,2,False,0.22190951,0.027521051,0.7270257,0.023543706
42,7,none,pz,805,98,1,3,False,0.26466057,0.037336677,0.10051653,0.59748626
42,7,none,pz,806,98,1,3,False,0.21318918,0.04117553,0.3162274,0.42940786
42,7,none,pz,807,98,0,2,False,0.10974075,0.16160588,0.7021145,0.026538853
42,7,none,pz,808,98,0,1,False,0.06315586,0.854609,0.062292993,0.019942097
42,7,none,pz,809,98,1,3,False,0.14225684,0.025780128,0.06427299,0.76769
42,7,none,pz,810,98,1,2,False,0.19982247,0.032109875,0.5775138,0.19055375
42,7,none,pz,811,98,0,0,True,0.55101866,0.010089083,0.38478857,0.054103713
42,7,none,pz,812,98,0,0,True,0.40470868,0.28598478,0.25706124,0.05224528
42,7,none,pz,813,98,1,0,False,0.9873562,0.004420548,0.003610805,0.004612429
42,7,none,pz,814,98,0,2,False,0.09930089,0.13632949,0.61808586,0.14628378
42,7,none,pz,815,98,1,0,False,0.6159393,0.072185375,0.22164829,0.09022699
42,7,none,pz,816,98,1,0,False,0.4349536,0.038809963,0.2864028,0.2398337
42,7,none,pz,817,98,0,2,False,0.036894068,0.03745639,0.8968083,0.028841209
42,7,none,pz,818,98,1,2,False,0.21853893,0.25630558,0.4723703,0.05278515
42,7,none,pz,819,98,2,0,False,0.41567868,0.06371957,0.40824163,0.11236012
42,7,none,pz,820,98,3,1,False,0.0018662118,0.977772,0.018567406,0.0017942898
42,7,none,pz,821,98,3,2,False,0.09057936,0.23781484,0.38257414,0.2890317
42,7,none,pz,822,98,2,0,False,0.63217086,0.004522284,0.18873389,0.17457293
42,7,none,pz,823,98,2,2,True,0.24118826,0.02392499,0.58970296,0.14518379
42,7,none,pz,824,98,3,2,False,0.008902988,0.12542714,0.77492714,0.090742804
42,7,none,pz,825,98,3,2,False,0.038142305,0.004558534,0.5247707,0.43252853
42,7,none,pz,826,98,2,2,True,0.20485516,0.03914214,0.6402257,0.11577699
42,7,none,pz,827,98,3,3,True,0.07743119,0.29648224,0.099018976,0.5270676
42,7,none,pz,828,98,2,2,True,0.12946065,0.03694422,0.82504517,0.008549977
42,7,none,pz,829,98,3,3,True,0.0936872,0.06896428,0.38167965,0.45566893
42,7,none,pz,830,98,2,3,False,0.32079774,0.028893026,0.32181454,0.32849476
42,7,none,pz,831,98,3,3,True,0.0357083,0.04320434,0.26800758,0.6530798
42,7,none,pz,832,98,2,0,False,0.651612,0.0112139415,0.26657063,0.07060341
42,7,none,pz,833,98,3,1,False,0.39325443,0.511759,0.028470859,0.06651575
42,7,none,pz,834,99,1,1,True,0.04188823,0.5215823,0.09748991,0.33903956
42,7,none,pz,835,99,0,2,False,0.023436131,0.008666793,0.94985205,0.01804497
42,7,none,pz,836,99,0,0,True,0.59684074,0.065203756,0.083286434,0.25466913
42,7,none,pz,837,99,1,3,False,0.03949814,0.07684291,0.0025441684,0.8811147
42,7,none,pz,838,99,0,1,False,0.053952508,0.6833577,0.13615535,0.12653443
42,7,none,pz,839,99,1,3,False,0.12446545,0.0142440535,0.0071100183,0.85418046
42,7,none,pz,840,99,1,3,False,0.0768916,0.07887168,0.22107588,0.6231608
42,7,none,pz,841,99,0,3,False,0.05375203,0.12341759,0.103263766,0.7195666
42,7,none,pz,842,99,0,3,False,0.14673914,0.06798119,0.03555665,0.749723
42,7,none,pz,843,99,1,3,False,0.014268485,0.0065404763,0.3784927,0.60069835
42,7,none,pz,844,99,1,1,True,0.0008032191,0.9976706,0.0009912311,0.0005349417
42,7,none,pz,845,99,0,3,False,0.03468651,0.15107712,0.33933508,0.4749013
42,7,none,pz,846,99,1,1,True,0.12630615,0.41753587,0.16149318,0.2946648
42,7,none,pz,847,99,0,3,False,0.41814297,0.0030786714,0.082724124,0.49605426
42,7,none,pz,848,99,1,1,True,0.013162857,0.7060487,0.111692876,0.16909553
42,7,none,pz,849,99,3,1,False,0.044026207,0.41946858,0.17658804,0.35991713
42,7,none,pz,850,99,2,3,False,0.02153389,0.03390539,0.05971411,0.8848466
42,7,none,pz,851,99,3,2,False,0.18576884,0.07728841,0.4402523,0.2966904
42,7,none,pz,852,99,2,2,True,0.023007585,0.0044764187,0.9647724,0.007743637
42,7,none,pz,853,99,3,2,False,0.18537624,0.0688867,0.42845762,0.31727946
42,7,none,pz,854,99,2,2,True,0.27570647,0.017577067,0.696353,0.010363455
42,7,none,pz,855,99,3,2,False,0.024993379,0.31821296,0.6073986,0.04939503
42,7,none,pz,856,99,2,3,False,0.053430825,0.010177771,0.32326117,0.6131303
42,7,none,pz,857,99,2,1,False,0.08347242,0.40305004,0.24205402,0.27142352
42,7,none,pz,858,99,3,0,False,0.51558,0.028613778,0.21200544,0.2438008
42,7,none,pz,859,99,3,3,True,0.08618392,0.057327252,0.22647624,0.6300126
42,7,none,pz,860,99,2,3,False,0.083386555,0.16341513,0.09609632,0.657102
42,7,none,pz,861,99,2,2,True,0.30187643,0.026393166,0.53213006,0.13960035
42,7,none,pz,862,99,3,3,True,0.0030563404,0.026372798,0.19951376,0.7710571
42,7,none,pz,863,99,3,3,True,0.07977668,0.07126776,0.105633646,0.74332196
42,7,none,pz,864,99,0,0,True,0.96629643,0.0003842329,0.012065362,0.021253904
42,7,none,pz,865,99,1,3,False,0.20156558,0.05419015,0.18741474,0.5568295
42,7,none,pz,866,99,0,3,False,0.066884294,0.21288587,0.008434913,0.7117949
42,7,none,pz,867,99,1,1,True,0.2891422,0.579029,0.02930811,0.102520704
42,7,none,pz,868,99,1,1,True,0.0007988534,0.95594245,0.0026246456,0.04063409
42,7,none,pz,869,99,0,0,True,0.8132265,0.0030811082,0.052122492,0.13156989
42,7,none,pz,870,99,1,0,False,0.53515494,0.3997384,0.03236865,0.03273799
42,7,none,pz,871,99,0,0,True,0.45244431,0.0026233082,0.3180952,0.22683716
42,7,none,pz,872,99,1,2,False,0.31262955,0.20733045,0.33691072,0.14312932
42,7,none,pz,873,99,0,3,False,0.16953526,0.0016899371,0.0062633553,0.8225115
42,7,none,pz,874,99,1,3,False,0.16909137,0.023944419,0.10834108,0.6986231
42,7,none,pz,875,99,0,2,False,0.15644878,0.03213596,0.61594576,0.19546953
42,7,none,pz,876,99,1,2,False,0.30040717,0.039763294,0.61547214,0.04435741
42,7,none,pz,877,99,0,3,False,0.35378507,0.1510216,0.06410852,0.43108487
42,7,none,pz,878,99,0,0,True,0.9864628,0.0007446971,0.0062541063,0.0065384707
42,7,none,pz,879,99,2,3,False,0.03787746,0.039036695,0.028305026,0.8947809
42,7,none,pz,880,99,3,2,False,0.012714438,0.021413747,0.73102444,0.2348473
42,7,none,pz,881,99,2,1,False,0.029537294,0.6841358,0.02558982,0.26073718
42,7,none,pz,882,99,3,0,False,0.34186342,0.056956414,0.2809434,0.32023677
42,7,none,pz,883,99,3,0,False,0.7505221,0.04566085,0.14136133,0.062455647
42,7,none,pz,884,99,2,0,False,0.5343922,0.006317134,0.44347343,0.01581733
42,7,none,pz,885,99,3,3,True,0.17970097,0.049046163,0.23186554,0.53938735
42,7,none,pz,886,99,2,0,False,0.36463356,0.0089904545,0.3557452,0.2706308
42,7,none,pz,887,99,2,1,False,0.017595774,0.9282583,0.0019531744,0.05219266
42,7,none,pz,888,99,3,0,False,0.66241086,0.013480987,0.009098564,0.31500962
42,7,none,pz,889,99,2,3,False,0.33072695,0.009166566,0.009265545,0.65084094
42,7,none,pz,890,99,3,3,True,0.048651684,0.067967296,0.21757467,0.66580635
42,7,none,pz,891,99,2,3,False,0.039124414,0.010993232,0.2791403,0.6707421
42,7,none,pz,892,99,3,3,True,0.03905136,0.01674206,0.13263386,0.81157273
42,7,none,pz,893,99,3,2,False,0.022510447,0.11075299,0.5986199,0.2681167
42,7,none,pz,894,99,0,2,False,0.18616135,0.009416868,0.73609567,0.068326086
42,7,none,pz,895,99,1,0,False,0.59405434,0.0077411416,0.05432209,0.34388247
42,7,none,pz,896,99,0,2,False,0.053529177,0.23724076,0.4416087,0.2676214
42,7,none,pz,897,99,1,1,True,0.10661409,0.53056926,0.326913,0.03590359
42,7,none,pz,898,99,1,1,True,0.031734724,0.8707771,0.057896715,0.039591547
42,7,none,pz,899,99,0,3,False,0.08808967,0.0072710905,0.2656949,0.6389444
42,7,none,pz,900,99,0,2,False,0.030136175,0.012959417,0.9025928,0.054311685
42,7,none,pz,901,99,1,1,True,0.002762842,0.66754574,0.17077264,0.15891877
42,7,none,pz,902,99,0,1,False,0.004376648,0.5280935,0.38287967,0.08465016
42,7,none,pz,903,99,1,0,False,0.5511625,0.15401661,0.023753261,0.27106765
42,7,none,pz,904,99,1,3,False,0.013167601,0.095893964,0.2508267,0.64011174
42,7,none,pz,905,99,0,2,False,0.022045827,0.03316185,0.58600247,0.35878983
42,7,none,pz,906,99,0,0,True,0.514431,0.004579355,0.06475148,0.41623816
42,7,none,pz,907,99,1,2,False,0.06099094,0.15595478,0.6529651,0.13008916
42,7,none,pz,908,99,1,2,False,0.026575735,0.046375055,0.6895574,0.23749188
42,7,none,pz,909,99,2,3,False,0.013761092,0.011348826,0.27168486,0.7032052
42,7,none,pz,910,99,3,3,True,0.03540401,0.3327983,0.014672706,0.617125
42,7,none,pz,911,99,2,2,True,0.21326278,0.14558755,0.41930076,0.22184893
42,7,none,pz,912,99,3,2,False,0.029001668,0.10825555,0.6456489,0.21709386
42,7,none,pz,913,99,3,2,False,0.16655292,0.022429235,0.56145513,0.24956274
42,7,none,pz,914,99,2,3,False,0.02231246,0.02440126,0.3827153,0.570571
42,7,none,pz,915,99,2,3,False,0.013429944,0.039838884,0.18719387,0.7595373
42,7,none,pz,916,99,3,3,True,0.011051741,0.013175679,0.15545961,0.820313
42,7,none,pz,917,99,3,0,False,0.68825173,0.0009924457,0.18229578,0.12846008
42,7,none,pz,918,99,2,0,False,0.58318233,0.004079133,0.28123984,0.13149871
42,7,none,pz,919,99,3,1,False,0.064159505,0.60578924,0.029436491,0.30061477
42,7,none,pz,920,99,2,3,False,0.15664358,0.039701577,0.31372312,0.48993173
42,7,none,pz,921,99,3,2,False,0.010371035,0.12557074,0.63176966,0.23228858
42,7,none,pz,922,99,2,1,False,0.0023081207,0.59991384,0.37467527,0.023102734
42,7,none,pz,923,99,3,3,True,0.0039410978,0.030029602,0.045691013,0.9203383
42,7,none,pz,924,100,0,0,True,0.7676478,0.04784288,0.16873805,0.015771247
42,7,none,pz,925,100,1,1,True,0.0051205526,0.46258822,0.0754396,0.45685166
42,7,none,pz,926,100,1,1,True,0.0013709267,0.967673,0.0022272367,0.028728854
42,7,none,pz,927,100,0,1,False,0.007540607,0.6403791,0.09416812,0.25791216
42,7,none,pz,928,100,0,0,True,0.94087887,0.0008879008,0.001006464,0.057226818
42,7,none,pz,929,100,1,3,False,0.027775064,0.25065365,0.10373688,0.6178344
42,7,none,pz,930,100,0,0,True,0.99861383,4.797004e-06,0.00027468597,0.0011067897
42,7,none,pz,931,100,1,3,False,0.0049200593,0.05603692,0.09468056,0.8443625
42,7,none,pz,932,100,1,1,True,4.2805405e-05,0.9995493,0.00035366262,5.4181844e-05
42,7,none,pz,933,100,0,2,False,0.16520661,0.020836344,0.43020576,0.38375127
42,7,none,pz,934,100,1,1,True,0.00079068827,0.85672164,0.07446829,0.06801939
42,7,none,pz,935,100,0,2,False,0.21618018,0.005491418,0.7463024,0.032025922
42,7,none,pz,936,100,3,3,True,0.029551111,0.0043318975,0.0027609665,0.9633561
42,7,none,pz,937,100,2,2,True,0.11361324,0.058754306,0.6469174,0.18071507
42,7,none,pz,938,100,3,3,True,0.06623946,0.020602271,0.003605674,0.9095526
42,7,none,pz,939,100,2,1,False,0.06843915,0.45863858,0.29377133,0.17915094
42,7,none,pz,940,100,3,3,True,0.37507963,0.0034524135,0.049365364,0.5721026
42,7,none,pz,941,100,2,2,True,0.20481423,0.19156536,0.5942516,0.009368872
42,7,none,pz,942,100,3,0,False,0.32911304,0.30463564,0.09526608,0.27098528
42,7,none,pz,943,100,2,2,True,0.10366023,0.033500765,0.855768,0.007071005
42,7,none,pz,944,100,3,2,False,0.21987973,0.14171788,0.5831135,0.055288877
42,7,none,pz,945,100,2,2,True,0.018291702,0.1077753,0.87025565,0.003677374
42,7,none,pz,946,100,3,1,False,0.00018236511,0.96310514,0.016295591,0.020416955
42,7,none,pz,947,100,2,2,True,0.07615627,0.09323854,0.5145432,0.31606203
42,7,none,pz,948,100,1,1,True,0.00015575282,0.99608636,0.003413861,0.00034402075
42,7,none,pz,949,100,0,0,True,0.61207515,0.13053095,0.21547313,0.041920766
42,7,none,pz,950,100,0,0,True,0.7803584,0.010601897,0.0396697,0.16937004
42,7,none,pz,951,100,1,1,True,0.011118157,0.7339636,0.18236361,0.07255461
42,7,none,pz,952,100,1,1,True,0.11848034,0.8077086,0.018432595,0.055378426
42,7,none,pz,953,100,0,2,False,0.066688046,0.34375355,0.5017228,0.0878356
42,7,none,pz,954,100,0,0,True,0.844428,0.093266934,0.008225714,0.054079365
42,7,none,pz,955,100,1,1,True,0.00011988868,0.99219996,0.001093303,0.006586902
42,7,none,pz,956,100,1,1,True,0.06436809,0.5063375,0.006168542,0.42312583
42,7,none,pz,957,100,0,1,False,0.0036280686,0.8593214,0.08224924,0.05480123
42,7,none,pz,958,100,0,0,True,0.9918549,0.003997869,0.0031042306,0.0010429417
42,7,none,pz,959,100,1,1,True,0.0002596914,0.998287,0.000864209,0.0005891272
42,7,none,pz,960,100,3,3,True,0.03998834,0.016667573,0.034785517,0.9085586
42,7,none,pz,961,100,2,2,True,0.011765058,0.0050800163,0.873046,0.11010891
42,7,none,pz,962,100,2,2,True,0.07145572,0.04559315,0.76812243,0.114828676
42,7,none,pz,963,100,3,3,True,0.081665285,0.10995025,0.015837986,0.79254645
42,7,none,pz,964,100,2,0,False,0.40297598,0.3896898,0.19738363,0.009950578
42,7,none,pz,965,100,3,0,False,0.8072045,0.0015524286,0.0028661308,0.18837698
42,7,none,pz,966,100,2,1,False,0.011566095,0.5058608,0.22896682,0.25360626
42,7,none,pz,967,100,3,0,False,0.49634653,0.09761935,0.10663192,0.2994022
42,7,none,pz,968,100,2,1,False,0.079021096,0.6666984,0.24694696,0.007333532
42,7,none,pz,969,100,3,1,False,0.014889906,0.68990886,0.07410559,0.22109576
42,7,none,pz,970,100,2,3,False,0.300264,0.045751285,0.047832165,0.6061526
42,7,none,pz,971,100,3,3,True,0.09943337,0.10906591,0.16759712,0.6239036
42,7,none,pz,972,100,1,1,True,0.00013197902,0.98867434,0.0006168157,0.010576956
42,7,none,pz,973,100,0,0,True,0.7689892,0.04613211,0.053872783,0.13100594
42,7,none,pz,974,100,0,3,False,0.00034347066,0.0026742073,0.13996391,0.8570185
42,7,none,pz,975,100,1,2,False,0.087405354,0.00864041,0.82492435,0.0790299
42,7,none,pz,976,100,1,1,True,0.00025056396,0.9964637,0.0030851462,0.00020058405
42,7,none,pz,977,100,0,0,True,0.99907047,3.2926306e-05,0.0007831674,0.000113535374
42,7,none,pz,978,100,0,0,True,0.80605245,0.011573409,0.12543106,0.05694305
42,7,none,pz,979,100,1,1,True,0.028963054,0.8515838,0.0046651526,0.11478795
42,7,none,pz,980,100,1,1,True,0.0074793315,0.5108533,0.3000251,0.18164225
42,7,none,pz,981,100,0,0,True,0.7821775,0.007943367,0.203298,0.006581157
42,7,none,pz,982,100,0,3,False,0.28792763,0.08912736,0.18148482,0.44146013
42,7,none,pz,983,100,1,1,True,0.011533327,0.757467,0.15796207,0.07303772
42,7,none,pz,984,100,2,2,True,0.09153622,0.15563542,0.6536236,0.09920473
42,7,none,pz,985,100,3,3,True,0.005149815,0.053574543,0.23562102,0.7056547
42,7,none,pz,986,100,2,3,False,0.03215278,0.19472687,0.06355098,0.7095694
42,7,none,pz,987,100,3,3,True,0.0005796547,0.07258034,0.021299886,0.90554005
42,7,none,pz,988,100,3,1,False,0.0072805434,0.5410498,0.018797552,0.43287215
42,7,none,pz,989,100,2,0,False,0.7357406,0.19092318,0.07164948,0.0016868248
42,7,none,pz,990,100,2,2,True,0.054787744,0.24616055,0.6388502,0.060201485
42,7,none,pz,991,100,3,2,False,0.0226558,0.18873107,0.41733658,0.3712766
42,7,none,pz,992,100,3,3,True,0.00078512385,0.09449487,0.031974025,0.87274605
42,7,none,pz,993,100,2,1,False,0.12926532,0.3465251,0.18335764,0.34085193
42,7,none,pz,994,100,2,2,True,0.0059654065,0.017164813,0.5126857,0.46418408
42,7,none,pz,995,100,3,3,True,0.00014103517,0.006766887,0.029692682,0.96339947
42,7,none,pz,996,101,0,0,True,0.81605816,0.053897157,0.089227095,0.0408176
42,7,none,pz,997,101,1,1,True,9.293345e-05,0.9954364,0.0014803949,0.002990417
42,7,none,pz,998,101,1,1,True,0.053080507,0.8903117,0.0027242613,0.053883553
42,7,none,pz,999,101,0,0,True,0.99848586,0.0009477308,4.722379e-06,0.0005617262
42,7,none,pz,1000,101,1,1,True,0.00031423467,0.9979347,0.00030277207,0.0014483524
42,7,none,pz,1001,101,0,0,True,0.99997044,2.6720238e-05,1.9982504e-06,8.866456e-07
42,7,none,pz,1002,101,1,1,True,0.001005403,0.99685234,4.5865604e-06,0.0021375378
42,7,none,pz,1003,101,0,0,True,0.9998049,0.00018097014,6.787101e-06,7.3470374e-06
42,7,none,pz,1004,101,1,1,True,0.0012370349,0.9977584,2.2263464e-05,0.0009823791
42,7,none,pz,1005,101,0,0,True,0.9977985,0.0021310484,3.3426903e-05,3.7033962e-05
42,7,none,pz,1006,101,0,0,True,0.9995677,0.00035234675,5.303502e-05,2.6911617e-05
42,7,none,pz,1007,101,1,1,True,9.673662e-05,0.99868995,0.00015355353,0.0010597457
42,7,none,pz,1008,101,1,1,True,0.00012068921,0.99946827,9.231808e-05,0.00031876707
42,7,none,pz,1009,101,0,0,True,0.9963691,2.3240813e-05,0.0002955871,0.0033119626
42,7,none,pz,1010,101,0,0,True,0.999295,0.00034133455,5.479215e-05,0.00030889042
42,7,none,pz,1011,101,2,1,False,0.017948536,0.96415526,0.016433366,0.0014628152
42,7,none,pz,1012,101,3,1,False,0.18348609,0.76136965,0.0157142,0.03943008
42,7,none,pz,1013,101,2,0,False,0.7658036,0.029455062,0.04649368,0.1582477
42,7,none,pz,1014,101,3,0,False,0.5622025,0.03650669,0.0064922674,0.39479852
42,7,none,pz,1015,101,3,3,True,0.15391345,0.23039009,0.05224122,0.5634552
42,7,none,pz,1016,101,2,0,False,0.69490856,0.17383346,0.094661616,0.036596395
42,7,none,pz,1017,101,2,1,False,0.13816568,0.6299469,0.21588607,0.016001249
42,7,none,pz,1018,101,3,3,True,0.10912636,0.42940027,0.0051573566,0.45631596
42,7,none,pz,1019,101,2,1,False,0.29355207,0.66155785,0.035768285,0.009121761
42,7,none,pz,1020,101,3,3,True,0.27706257,0.03141979,0.0022504565,0.6892672
42,7,none,pz,1021,101,3,3,True,0.036753573,0.11764534,0.010640379,0.8349607
42,7,none,pz,1022,101,2,1,False,0.174697,0.82267904,0.0005307447,0.00209324
42,7,none,pz,1023,101,2,0,False,0.98153967,0.013660027,0.0045237755,0.00027652943
42,7,none,pz,1024,101,3,3,True,0.026205642,0.0123271635,0.00060690194,0.96086025
42,7,none,pz,1025,101,2,0,False,0.88275963,0.10293598,0.008927867,0.005376473
42,7,none,pz,1026,101,1,1,True,0.010688899,0.98277736,0.0026740006,0.0038598566
42,7,none,pz,1027,101,0,0,True,0.999813,0.00015692794,1.6182268e-05,1.3812919e-05
42,7,none,pz,1028,101,0,0,True,0.9989202,0.00085230323,0.0001356967,9.1840186e-05
42,7,none,pz,1029,101,1,1,True,0.13952692,0.8276725,0.0037476842,0.029052943
42,7,none,pz,1030,101,1,1,True,5.904057e-05,0.999627,8.376621e-05,0.00023019579
42,7,none,pz,1031,101,0,0,True,0.99976283,0.000111106936,0.000120639736,5.48091e-06
42,7,none,pz,1032,101,0,0,True,0.9997178,0.00024774348,7.628787e-06,2.6770485e-05
42,7,none,pz,1033,101,1,1,True,5.758433e-05,0.9997315,0.00014857066,6.2377025e-05
42,7,none,pz,1034,101,1,1,True,0.007575778,0.9922018,3.2192296e-05,0.0001901913
42,7,none,pz,1035,101,0,0,True,0.9999833,4.1578637e-06,2.7997653e-06,9.728976e-06
42,7,none,pz,1036,101,1,1,True,0.0033356044,0.99395895,0.00020312642,0.0025023797
42,7,none,pz,1037,101,0,0,True,0.99927336,0.0006555194,3.728279e-05,3.3787426e-05
42,7,none,pz,1038,101,1,1,True,0.011959206,0.9875064,7.687883e-05,0.00045761507
42,7,none,pz,1039,101,0,0,True,0.9616904,0.01039394,0.0026752588,0.025240334
42,7,none,pz,1040,101,1,1,True,0.38614988,0.50481427,0.02262157,0.08641427
42,7,none,pz,1041,101,2,0,False,0.67909807,0.25132692,0.06674462,0.0028303012
42,7,none,pz,1042,101,3,0,False,0.59159595,0.07197918,0.040988676,0.29543623
42,7,none,pz,1043,101,2,1,False,0.14669156,0.7968174,0.048900127,0.007590845
42,7,none,pz,1044,101,3,3,True,0.15694073,0.06786916,0.00041794282,0.77477217
42,7,none,pz,1045,101,3,0,False,0.57629395,0.0234833,0.013514066,0.3867087
42,7,none,pz,1046,101,2,1,False,0.2771906,0.43910554,0.13261744,0.15108648
42,7,none,pz,1047,101,2,0,False,0.9149323,0.03814782,0.040560264,0.0063596372
42,7,none,pz,1048,101,3,3,True,0.2793859,0.30043033,0.0008946468,0.41928917
42,7,none,pz,1049,101,3,3,True,0.31540623,0.0065838764,0.0036469914,0.6743629
42,7,none,pz,1050,101,2,0,False,0.6444927,0.30918425,0.010203245,0.03611978
42,7,none,pz,1051,101,2,2,True,0.29715106,0.13959812,0.5616801,0.0015706824
42,7,none,pz,1052,101,3,0,False,0.5007324,0.08281344,0.005332915,0.41112116
42,7,none,pz,1053,101,2,0,False,0.98288214,0.009432406,0.004965173,0.0027202659
42,7,none,pz,1054,101,3,0,False,0.53044546,0.010284832,0.006471556,0.4527981
42,7,none,pz,1055,101,2,1,False,0.18989319,0.77124614,0.006843511,0.032017145
42,7,none,pz,1056,101,0,0,True,0.99955314,0.00013788545,0.00024758364,6.142172e-05
42,7,none,pz,1057,101,1,1,True,0.0073030633,0.97670764,0.013366354,0.0026228416
42,7,none,pz,1058,101,0,0,True,0.9993831,0.0005484192,4.735012e-05,2.1178204e-05
42,7,none,pz,1059,101,1,1,True,0.057980016,0.83747846,0.0009815885,0.10355992
42,7,none,pz,1060,101,1,1,True,0.022127884,0.9346687,0.0030774416,0.04012586
42,7,none,pz,1061,101,0,0,True,0.9987237,0.00026963072,0.00022351868,0.00078317407
42,7,none,pz,1062,101,1,1,True,0.00051309436,0.9994204,7.4078166e-06,5.9121372e-05
42,7,none,pz,1063,101,0,0,True,0.9999337,6.326556e-05,1.9576012e-06,1.0463106e-06
42,7,none,pz,1064,101,1,1,True,0.00038365807,0.99799937,0.00034298393,0.0012739297
42,7,none,pz,1065,101,0,0,True,0.99882144,0.00033129632,6.2256746e-05,0.0007849639
42,7,none,pz,1066,101,1,1,True,0.009188341,0.974584,0.0013700054,0.014857725
42,7,none,pz,1067,101,0,0,True,0.99993956,9.910679e-06,9.372188e-06,4.109038e-05
42,7,none,pz,1068,101,0,0,True,0.9865958,0.012604211,0.00067275914,0.00012729225
42,7,none,pz,1069,101,1,1,True,0.0008560662,0.99505794,3.2898e-05,0.004053157
42,7,none,pz,1070,101,1,1,True,0.006336497,0.99123514,0.0014034436,0.0010249699
42,7,none,pz,1071,101,3,3,True,0.0051551736,0.014107754,0.0014400184,0.9792971
42,7,none,pz,1072,101,2,2,True,0.055092733,0.06577748,0.84784806,0.031281658
42,7,none,pz,1073,101,3,0,False,0.48836908,0.22284415,0.026788402,0.26199833
42,7,none,pz,1074,101,2,0,False,0.64621407,0.1006769,0.14036039,0.11274864
42,7,none,pz,1075,101,2,1,False,0.13547836,0.751795,0.06788584,0.04484083
42,7,none,pz,1076,101,3,0,False,0.5495154,0.2562382,0.0059903213,0.18825607
42,7,none,pz,1077,101,3,0,False,0.6556803,0.015846912,0.000786814,0.32768604
42,7,none,pz,1078,101,2,3,False,0.109404944,0.050392512,0.013077327,0.8271252
42,7,none,pz,1079,101,2,2,True,0.034095805,0.006697861,0.9543687,0.004837589
42,7,none,pz,1080,101,3,3,True,0.14371891,0.017201267,0.004995903,0.8340839
42,7,none,pz,1081,101,3,3,True,0.029381106,0.028813742,0.0023836822,0.9394215
42,7,none,pz,1082,101,2,3,False,0.13845664,0.30886173,0.038034678,0.51464695
42,7,none,pz,1083,101,3,3,True,0.0654273,0.02711193,0.0028355063,0.90462524
42,7,none,pz,1084,101,2,1,False,0.050352886,0.6192852,0.108931206,0.2214306
42,7,none,pz,1085,101,2,1,False,0.07332009,0.73856074,0.058937322,0.12918185
42,7,none,pz,1086,102,1,1,True,0.00023423666,0.99491173,0.0028110272,0.002043024
42,7,none,pz,1087,102,0,0,True,0.8854135,0.026169915,0.06257242,0.025844125
42,7,none,pz,1088,102,1,1,True,0.0018636252,0.76781607,0.2145994,0.015720835
42,7,none,pz,1089,102,0,0,True,0.9821148,0.0031783695,0.0050446717,0.009662165
42,7,none,pz,1090,102,1,1,True,0.013406108,0.5232408,0.45969936,0.0036537189
42,7,none,pz,1091,102,0,0,True,0.671111,0.02317032,0.24076755,0.064951174
42,7,none,pz,1092,102,0,0,True,0.99466336,0.00077153806,0.0039340653,0.00063104014
42,7,none,pz,1093,102,1,2,False,0.2789584,0.13908409,0.33061498,0.25134254
42,7,none,pz,1094,102,0,0,True,0.5749832,0.057768952,0.22323734,0.14401057
42,7,none,pz,1095,102,1,2,False,0.019596957,0.12231859,0.8527377,0.0053467387
42,7,none,pz,1096,102,0,0,True,0.558855,0.0098628765,0.23794256,0.19333959
42,7,none,pz,1097,102,1,2,False,0.0073145316,0.21366125,0.7705734,0.008450897
42,7,none,pz,1098,102,0,3,False,0.24750406,0.18016079,0.22022931,0.35210583
42,7,none,pz,1099,102,1,2,False,0.060000956,0.07203501,0.8535947,0.014369286
42,7,none,pz,1100,102,1,1,True,0.00057107926,0.9973882,0.001942124,9.8667944e-05
42,7,none,pz,1101,102,2,2,True,0.0945287,0.3010705,0.51450515,0.089895666
42,7,none,pz,1102,102,3,3,True,0.051444698,0.039456807,0.12021852,0.78888
42,7,none,pz,1103,102,2,2,True,0.088414125,0.39083382,0.41320908,0.10754291
42,7,none,pz,1104,102,3,3,True,0.15777071,0.17614022,0.3290574,0.33703172
42,7,none,pz,1105,102,2,2,True,0.37332195,0.021634199,0.59399706,0.011046777
42,7,none,pz,1106,102,3,3,True,0.045333575,0.18006691,0.30951777,0.46508175
42,7,none,pz,1107,102,2,2,True,0.11438422,0.036558807,0.79624593,0.05281108
42,7,none,pz,1108,102,3,3,True,0.100322194,0.08758891,0.1456725,0.6664164
42,7,none,pz,1109,102,3,3,True,0.105452575,0.03343085,0.13055149,0.7305651
42,7,none,pz,1110,102,2,2,True,0.01232596,0.027194757,0.9585938,0.0018855497
42,7,none,pz,1111,102,3,2,False,0.00814712,0.11510298,0.79562366,0.08112621
42,7,none,pz,1112,102,2,2,True,0.12757637,0.013390364,0.6958888,0.16314441
42,7,none,pz,1113,102,2,2,True,0.026282297,0.05644243,0.88928616,0.027989069
42,7,none,pz,1114,102,3,0,False,0.48505965,0.051768027,0.32719204,0.13598025
42,7,none,pz,1115,102,2,2,True,0.016713647,0.11071773,0.76553786,0.10703072
42,7,none,pz,1116,102,1,1,True,0.00027097377,0.9818299,0.017619245,0.0002800186
42,7,none,pz,1117,102,0,3,False,0.1906788,0.2802262,0.22627155,0.30282348
42,7,none,pz,1118,102,1,1,True,0.0047652316,0.67859566,0.20227526,0.11436389
42,7,none,pz,1119,102,0,0,True,0.53283536,0.03729425,0.2709664,0.15890405
42,7,none,pz,1120,102,0,0,True,0.8866204,0.03170915,0.06922233,0.012448121
42,7,none,pz,1121,102,1,2,False,0.015640492,0.20609309,0.7670404,0.0112260785
42,7,none,pz,1122,102,0,1,False,0.13893655,0.43017524,0.30948207,0.1214062
42,7,none,pz,1123,102,1,2,False,0.034217525,0.2668612,0.66661364,0.032307714
42,7,none,pz,1124,102,0,2,False,0.39799982,0.02366816,0.5444643,0.033867747
42,7,none,pz,1125,102,1,2,False,0.16050127,0.1373013,0.5710864,0.13111109
42,7,none,pz,1126,102,1,1,True,0.00019455915,0.99601656,0.0020973522,0.0016914348
42,7,none,pz,1127,102,0,3,False,0.11604193,0.09560084,0.35600847,0.43234873
42,7,none,pz,1128,102,1,1,True,0.00016162673,0.99779534,0.001687638,0.00035540265
42,7,none,pz,1129,102,0,3,False,0.11709354,0.08243683,0.3559919,0.44447774
42,7,none,pz,1130,102,1,2,False,0.044416737,0.27438515,0.41856697,0.26263115
42,7,none,pz,1131,102,2,2,True,0.009668812,0.044739418,0.93983907,0.0057526487
42,7,none,pz,1132,102,3,2,False,0.011267404,0.24856721,0.5501425,0.1900229
42,7,none,pz,1133,102,3,3,True,0.015240599,0.019099362,0.468849,0.496811
42,7,none,pz,1134,102,2,2,True,0.020353515,0.03591353,0.9332236,0.010509298
42,7,none,pz,1135,102,2,1,False,0.03440592,0.4859848,0.311916,0.16769332
42,7,none,pz,1136,102,3,2,False,0.021206303,0.01728183,0.8538446,0.107667275
42,7,none,pz,1137,102,3,2,False,0.0725813,0.09112732,0.55661917,0.27967227
42,7,none,pz,1138,102,2,2,True,0.0014450852,0.09973291,0.89546216,0.0033598633
42,7,none,pz,1139,102,2,2,True,0.016933963,0.039908707,0.8684074,0.07474989
42,7,none,pz,1140,102,3,3,True,0.18540551,0.08527044,0.32647318,0.40285084
42,7,none,pz,1141,102,2,2,True,0.005555874,0.050764218,0.52070457,0.42297536
42,7,none,pz,1142,102,3,3,True,0.01027564,0.16949776,0.2134328,0.60679376
42,7,none,pz,1143,102,3,2,False,0.014812308,0.001808978,0.8301317,0.15324697
42,7,none,pz,1144,102,2,2,True,0.14868678,0.104132585,0.5454936,0.20168698
42,7,none,pz,1145,102,2,2,True,0.003815906,0.118733026,0.8613484,0.016102694
42,7,none,pz,1146,102,0,2,False,0.16021928,0.027122984,0.7636245,0.04903329
42,7,none,pz,1147,102,1,1,True,0.0003250334,0.99560297,0.0033516085,0.0007203956
42,7,none,pz,1148,102,0,2,False,0.022041108,0.011080356,0.9339472,0.03293135
42,7,none,pz,1149,102,1,1,True,0.000882221,0.9855333,0.010061868,0.0035226902
42,7,none,pz,1150,102,1,2,False,0.016611142,0.19017911,0.7836633,0.009546485
42,7,none,pz,1151,102,0,2,False,0.084560245,0.12311435,0.7419551,0.05037032
42,7,none,pz,1152,102,0,2,False,0.059304584,0.028374279,0.90682566,0.005495512
42,7,none,pz,1153,102,1,1,True,0.019164179,0.780897,0.1399721,0.05996668
42,7,none,pz,1154,102,0,2,False,0.16411327,0.16842155,0.6317363,0.03572895
42,7,none,pz,1155,102,1,2,False,0.08047671,0.0713326,0.71007156,0.13811915
42,7,none,pz,1156,102,1,1,True,0.0018869626,0.8297048,0.08148605,0.08692206
42,7,none,pz,1157,102,0,3,False,0.08063804,0.23276812,0.30616993,0.38042387
42,7,none,pz,1158,102,1,2,False,0.1694339,0.31774807,0.37017924,0.14263874
42,7,none,pz,1159,102,0,2,False,0.3513679,0.06377344,0.50161517,0.0832435
42,7,none,pz,1160,102,0,0,True,0.8953847,0.010668812,0.030129636,0.06381683
42,7,none,pz,1161,102,2,2,True,0.0036668284,0.036892038,0.95590705,0.0035341182
42,7,none,pz,1162,102,3,3,True,0.04139791,0.048704796,0.20522985,0.70466745
42,7,none,pz,1163,102,3,3,True,0.0066427984,0.025093378,0.057254728,0.9110091
42,7,none,pz,1164,102,2,2,True,0.065142,0.23479298,0.5932831,0.10678196
42,7,none,pz,1165,102,2,2,True,0.0029924174,0.018629791,0.7567724,0.2216054
42,7,none,pz,1166,102,3,0,False,0.5952869,0.0030559716,0.0783378,0.32331938
42,7,none,pz,1167,102,2,2,True,0.07945413,0.025086762,0.868952,0.026507149
42,7,none,pz,1168,102,3,3,True,0.098150484,0.03888763,0.2696337,0.5933282
42,7,none,pz,1169,102,2,2,True,0.029071458,0.106388226,0.5809511,0.2835892
42,7,none,pz,1170,102,3,2,False,0.05556715,0.060796123,0.6855126,0.19812414
42,7,none,pz,1171,102,2,1,False,0.0076910807,0.6323896,0.20800084,0.15191846
42,7,none,pz,1172,102,3,3,True,0.010985375,0.0035218503,0.1797717,0.8057211
42,7,none,pz,1173,102,2,2,True,0.032571353,0.29086873,0.63549143,0.04106848
42,7,none,pz,1174,102,3,2,False,0.03490967,0.019888686,0.6928566,0.25234503
42,7,none,pz,1175,102,3,3,True,0.03252268,0.08435495,0.034646727,0.84847564
42,7,none,pz,1176,103,0,0,True,0.6280663,0.005873789,0.008879964,0.35717988
42,7,none,pz,1177,103,1,1,True,0.0045015947,0.9337258,0.032783695,0.028988991
42,7,none,pz,1178,103,1,1,True,0.030850831,0.9082208,0.04665182,0.014276441
42,7,none,pz,1179,103,0,1,False,0.058613274,0.838571,0.018429425,0.08438629
42,7,none,pz,1180,103,1,1,True,0.025005149,0.9316521,0.0048646033,0.038478073
42,7,none,pz,1181,103,0,3,False,0.2050206,0.07652297,0.0061000898,0.7123563
42,7,none,pz,1182,103,0,0,True,0.9991892,8.637107e-05,0.00024381706,0.00048063157
42,7,none,pz,1183,103,1,1,True,0.017543437,0.94576347,0.018376512,0.018316582
42,7,none,pz,1184,103,0,0,True,0.9208288,0.03215541,0.035182673,0.011832993
42,7,none,pz,1185,103,1,1,True,0.38256323,0.4977398,0.09029848,0.029398523
42,7,none,pz,1186,103,0,0,True,0.9718962,0.013725782,0.0118581755,0.0025197687
42,7,none,pz,1187,103,1,0,False,0.9207325,0.038019545,0.019959884,0.021288164
42,7,none,pz,1188,103,1,1,True,0.0155214295,0.82650685,0.07042448,0.087547295
42,7,none,pz,1189,103,0,2,False,0.4478426,0.049006008,0.4998073,0.003344125
42,7,none,pz,1190,103,1,1,True,0.059642304,0.50898093,0.07488228,0.35649446
42,7,none,pz,1191,103,3,2,False,0.0040092287,0.08285219,0.6590839,0.25405464
42,7,none,pz,1192,103,2,2,True,0.3171553,0.0035724686,0.57862604,0.100646205
42,7,none,pz,1193,103,2,2,True,0.21560614,0.051368635,0.6579676,0.07505764
42,7,none,pz,1194,103,3,0,False,0.8578515,0.023641896,0.007865312,0.110641286
42,7,none,pz,1195,103,2,3,False,0.091026016,0.41233116,0.010498714,0.48614416
42,7,none,pz,1196,103,3,0,False,0.8426287,0.04025382,0.025120271,0.09199725
42,7,none,pz,1197,103,3,0,False,0.50825983,0.011754389,0.14878128,0.33120444
42,7,none,pz,1198,103,2,2,True,0.15015402,0.06981668,0.763135,0.016894275
42,7,none,pz,1199,103,2,0,False,0.3671592,0.34214687,0.28810325,0.0025906754
42,7,none,pz,1200,103,3,1,False,0.26705933,0.39859727,0.0017971487,0.33254617
42,7,none,pz,1201,103,3,2,False,0.07245283,0.16016501,0.40097666,0.36640552
42,7,none,pz,1202,103,2,2,True,0.19559978,0.013515017,0.7882703,0.0026148611
42,7,none,pz,1203,103,3,3,True,0.15842254,0.08948032,0.017084617,0.7350125
42,7,none,pz,1204,103,2,1,False,0.060209084,0.7927137,0.07513776,0.071939476
42,7,none,pz,1205,103,2,1,False,0.015417821,0.49124363,0.03173267,0.46160588
42,7,none,pz,1206,103,1,2,False,0.26950163,0.21427539,0.5112402,0.004982817
42,7,none,pz,1207,103,0,3,False,0.43846214,0.0096842805,0.07722037,0.4746332
42,7,none,pz,1208,103,1,1,True,0.017228458,0.8292295,0.1369224,0.016619679
42,7,none,pz,1209,103,0,0,True,0.94521666,0.01853564,0.006565701,0.029682022
42,7,none,pz,1210,103,0,0,True,0.98519844,0.0015430485,0.0021756673,0.011082916
42,7,none,pz,1211,103,1,1,True,0.0029927196,0.8118281,0.01870733,0.16647181
42,7,none,pz,1212,103,1,3,False,0.0067207892,0.12226827,0.011708768,0.85930216
42,7,none,pz,1213,103,0,0,True,0.9681806,0.015317928,0.0095713865,0.0069301776
42,7,none,pz,1214,103,0,0,True,0.45631504,0.39897493,0.13716866,0.0075414297
42,7,none,pz,1215,103,1,0,False,0.7351412,0.0052071577,0.07747579,0.18217587
42,7,none,pz,1216,103,1,1,True,0.0012661393,0.99779284,0.00038369134,0.0005572087
42,7,none,pz,1217,103,0,0,True,0.9561437,0.01196798,0.0117285205,0.020159798
42,7,none,pz,1218,103,0,0,True,0.9660162,0.0028256823,0.030599788,0.00055842777
42,7,none,pz,1219,103,1,2,False,0.1815535,0.15487121,0.657454,0.0061212587
42,7,none,pz,1220,103,0,0,True,0.9811174,0.0006975367,0.015615552,0.0025694566
42,7,none,pz,1221,103,2,2,True,0.020447759,0.03677552,0.9138462,0.028930547
42,7,none,pz,1222,103,3,2,False,0.0023699324,0.004654879,0.71629745,0.27667776
42,7,none,pz,1223,103,2,1,False,0.02526469,0.53144944,0.44189367,0.0013922261
42,7,none,pz,1224,103,3,2,False,0.11738465,0.023521144,0.6918073,0.16728689
42,7,none,pz,1225,103,3,3,True,0.21789622,0.036201183,0.02400921,0.7218934
42,7,none,pz,1226,103,2,0,False,0.53356606,0.045208517,0.3212968,0.099928595
42,7,none,pz,1227,103,3,0,False,0.41855288,0.19713014,0.099760674,0.28455633
42,7,none,pz,1228,103,2,2,True,0.24798395,0.1425691,0.38436085,0.22508605
42,7,none,pz,1229,103,3,3,True,0.25586426,0.03561118,0.006357141,0.70216745
42,7,none,pz,1230,103,2,2,True,0.19714151,0.05806716,0.67627335,0.06851805
42,7,none,pz,1231,103,2,2,True,0.13492464,0.051873896,0.8087152,0.0044863108
42,7,none,pz,1232,103,3,0,False,0.3765804,0.26890984,0.16351655,0.19099323
42,7,none,pz,1233,103,3,0,False,0.38082516,0.2861781,0.08309944,0.24989729
42,7,none,pz,1234,103,2,0,False,0.79726595,0.06342901,0.12771562,0.0115894675
42,7,none,pz,1235,103,3,3,True,0.103161216,0.07876849,0.24922231,0.568848
42,7,none,pz,1236,103,1,1,True,0.0075933374,0.95939857,0.009230802,0.02377723
42,7,none,pz,1237,103,0,0,True,0.5226823,0.01351121,0.27165607,0.19215046
42,7,none,pz,1238,103,0,0,True,0.92240345,0.015866168,0.020656077,0.041074354
42,7,none,pz,1239,103,1,2,False,0.07137053,0.35440746,0.44572905,0.12849297
42,7,none,pz,1240,103,1,1,True,0.00825636,0.6701915,0.005659877,0.3158922
42,7,none,pz,1241,103,0,2,False,0.14011265,0.016963271,0.5924356,0.25048846
42,7,none,pz,1242,103,1,1,True,0.00057844725,0.95870376,0.0016735691,0.03904423
42,7,none,pz,1243,103,0,0,True,0.8984053,0.001196822,0.09176434,0.008633529
42,7,none,pz,1244,103,0,0,True,0.90295273,0.015972504,0.024592387,0.056482304
42,7,none,pz,1245,103,1,1,True,0.032726236,0.54019994,0.05041634,0.37665752
42,7,none,pz,1246,103,0,0,True,0.9868259,0.0010062052,0.009459124,0.0027088234
42,7,none,pz,1247,103,1,0,False,0.4669035,0.2937735,0.08432371,0.15499924
42,7,none,pz,1248,103,1,1,True,0.045691498,0.89169717,0.05795637,0.0046550157
42,7,none,pz,1249,103,0,0,True,0.99831355,0.0002958407,0.0011716617,0.00021901059
42,7,none,pz,1250,103,1,1,True,0.343684,0.5250056,0.0037604833,0.12754998
42,7,none,pz,1251,103,3,3,True,0.0019895353,0.0022452024,0.00089737715,0.9948679
42,7,none,pz,1252,103,2,1,False,0.024430888,0.7839891,0.054985598,0.13659441
42,7,none,pz,1253,103,3,3,True,0.09097994,0.21125905,0.025912525,0.6718485
42,7,none,pz,1254,103,2,3,False,0.21573426,0.09094051,0.018665593,0.6746596
42,7,none,pz,1255,103,2,0,False,0.42766824,0.38504675,0.11974118,0.06754387
42,7,none,pz,1256,103,3,0,False,0.6762258,0.07288641,0.049775634,0.20111212
42,7,none,pz,1257,103,2,1,False,0.13678053,0.76936513,0.0024552552,0.091399096
42,7,none,pz,1258,103,3,0,False,0.4906227,0.23058742,0.012074502,0.2667154
42,7,none,pz,1259,103,2,2,True,0.30754703,0.037312835,0.62447196,0.03066819
42,7,none,pz,1260,103,3,3,True,0.124411866,0.11563753,0.13199715,0.62795347
42,7,none,pz,1261,103,3,3,True,0.024303345,0.1507925,0.010534966,0.8143692
42,7,none,pz,1262,103,2,2,True,0.020666618,0.2567104,0.71628296,0.0063400473
42,7,none,pz,1263,103,2,0,False,0.56572497,0.04882925,0.34873202,0.03671381
42,7,none,pz,1264,103,3,3,True,0.06402688,0.012337184,0.0006442367,0.9229917
42,7,none,pz,1265,103,3,3,True,0.00052461744,0.08969236,0.009479626,0.90030336
42,7,none,pz,1266,104,0,1,False,0.33770552,0.5606549,0.04217844,0.059461154
42,7,none,pz,1267,104,1,1,True,0.058361925,0.9364271,0.004410731,0.0008001291
42,7,none,pz,1268,104,1,2,False,0.10791282,0.40239078,0.4537712,0.03592517
42,7,none,pz,1269,104,0,1,False,0.104438156,0.73280805,0.0076085753,0.15514511
42,7,none,pz,1270,104,1,1,True,0.025063483,0.8729068,0.052001454,0.050028317
42,7,none,pz,1271,104,0,2,False,0.08025645,0.41341698,0.46535942,0.040967193
42,7,none,pz,1272,104,1,1,True,0.117120184,0.79359615,0.016705237,0.07257846
42,7,none,pz,1273,104,0,0,True,0.5231633,0.14852263,0.19156799,0.13674605
42,7,none,pz,1274,104,0,1,False,0.08438952,0.8779484,0.035355642,0.002306395
42,7,none,pz,1275,104,1,1,True,0.037898485,0.8625503,0.09145487,0.008096366
42,7,none,pz,1276,104,0,1,False,0.17154273,0.6923244,0.10919867,0.026934234
42,7,none,pz,1277,104,1,1,True,0.011262594,0.70806324,0.16524997,0.1154242
42,7,none,pz,1278,104,1,0,False,0.44310927,0.17328583,0.28223446,0.101370454
42,7,none,pz,1279,104,0,0,True,0.7036604,0.10159248,0.12217716,0.072569996
42,7,none,pz,1280,104,1,1,True,0.0002098196,0.99306023,0.0003737825,0.006356231
42,7,none,pz,1281,104,2,1,False,0.13836376,0.3607351,0.35322613,0.14767505
42,7,none,pz,1282,104,3,3,True,0.04731866,0.25591996,0.21955438,0.477207
42,7,none,pz,1283,104,3,3,True,0.14031596,0.024773423,0.012544107,0.82236654
42,7,none,pz,1284,104,2,1,False,0.007002646,0.92347,0.06469735,0.00482993
42,7,none,pz,1285,104,3,3,True,0.20005375,0.20676719,0.22296034,0.37021878
42,7,none,pz,1286,104,2,1,False,0.010377477,0.9736626,0.0058328593,0.010127096
42,7,none,pz,1287,104,2,1,False,0.016021058,0.7709795,0.14272024,0.07027926
42,7,none,pz,1288,104,3,3,True,0.08011627,0.11100091,0.0038588832,0.80502397
42,7,none,pz,1289,104,2,1,False,0.0044438997,0.9666722,0.028257398,0.0006265818
42,7,none,pz,1290,104,3,1,False,0.035499427,0.4603873,0.11725919,0.38685414
42,7,none,pz,1291,104,3,3,True,0.029802807,0.027931979,0.022642564,0.9196226
42,7,none,pz,1292,104,2,3,False,0.068077646,0.08043032,0.040717296,0.81077474
42,7,none,pz,1293,104,3,3,True,0.044404026,0.11046527,0.004263025,0.8408677
42,7,none,pz,1294,104,2,1,False,0.030306807,0.5897096,0.2040829,0.17590067
42,7,none,pz,1295,104,3,0,False,0.62963766,0.1319446,0.054360125,0.18405767
42,7,none,pz,1296,104,0,3,False,0.19573598,0.10916027,0.0072801406,0.6878236
42,7,none,pz,1297,104,1,1,True,0.038663153,0.7482358,0.10533979,0.10776115
42,7,none,pz,1298,104,1,1,True,0.0016636864,0.99374866,0.0006653898,0.00392218
42,7,none,pz,1299,104,0,0,True,0.9306001,0.0457915,0.014058525,0.009549996
42,7,none,pz,1300,104,0,0,True,0.97781724,0.005662359,0.005533069,0.010987305
42,7,none,pz,1301,104,1,1,True,0.0009053868,0.9787564,0.01402457,0.006313561
42,7,none,pz,1302,104,0,1,False,0.2878361,0.5328514,0.062150914,0.11716167
42,7,none,pz,1303,104,1,1,True,0.12499664,0.74739057,0.06256616,0.065046616
42,7,none,pz,1304,104,0,0,True,0.55675787,0.2545449,0.16394839,0.024748815
42,7,none,pz,1305,104,1,1,True,0.10189123,0.8759559,0.011459416,0.010693535
42,7,none,pz,1306,104,1,1,True,1.9832314e-05,0.98067,0.015930464,0.0033797058
42,7,none,pz,1307,104,0,0,True,0.98446226,0.014822482,0.00042158505,0.00029371306
42,7,none,pz,1308,104,3,3,True,0.002282386,0.13562623,0.01810957,0.8439818
42,7,none,pz,1309,104,2,1,False,0.04277436,0.6488293,0.13882145,0.16957489
42,7,none,pz,1310,104,3,3,True,0.22190696,0.09587159,0.018641865,0.6635796
42,7,none,pz,1311,104,2,0,False,0.652934,0.18161204,0.044865247,0.12058864
42,7,none,pz,1312,104,3,3,True,0.38415775,0.118150376,0.0050347843,0.49265707
42,7,none,pz,1313,104,2,1,False,0.08868629,0.4962966,0.40378553,0.011231594
42,7,none,pz,1314,104,3,3,True,0.0136992065,0.10573317,0.03445834,0.8461093
42,7,none,pz,1315,104,2,3,False,0.10214317,0.3473556,0.0863446,0.46415663
42,7,none,pz,1316,104,3,1,False,0.052532196,0.82152,0.07505167,0.05089607
42,7,none,pz,1317,104,2,2,True,0.08917567,0.37648278,0.5009481,0.033393476
42,7,none,pz,1318,104,2,2,True,0.2774843,0.15864676,0.4681357,0.095733225
42,7,none,pz,1319,104,3,3,True,0.09662857,0.12867455,0.20204248,0.57265437
42,7,none,pz,1320,104,3,3,True,0.10488063,0.015518161,0.0065713725,0.87302977
42,7,none,pz,1321,104,2,1,False,0.04389625,0.77576727,0.15591851,0.024417985
42,7,none,pz,1322,104,2,2,True,0.36027402,0.01703335,0.6188706,0.0038219672
42,7,none,pz,1323,104,0,0,True,0.7763936,0.062041283,0.07360423,0.08796093
42,7,none,pz,1324,104,1,1,True,0.017359732,0.639184,0.2944129,0.049043305
42,7,none,pz,1325,104,0,0,True,0.42056262,0.21964385,0.25705606,0.10273744
42,7,none,pz,1326,104,1,1,True,0.04162117,0.49319363,0.42516562,0.04001961
42,7,none,pz,1327,104,0,1,False,0.18802337,0.39346984,0.3746297,0.04387705
42,7,none,pz,1328,104,1,1,True,0.0021150673,0.63638824,0.089481585,0.2720151
42,7,none,pz,1329,104,0,0,True,0.99947256,2.3766212e-05,0.00013440537,0.00036941285
42,7,none,pz,1330,104,1,3,False,0.19701765,0.23631296,0.2553431,0.3113263
42,7,none,pz,1331,104,1,1,True,0.01275397,0.9716617,0.0035980518,0.011986371
42,7,none,pz,1332,104,0,1,False,0.06371456,0.9158845,0.009470978,0.0109299775
42,7,none,pz,1333,104,0,0,True,0.65057474,0.10785421,0.21554296,0.026028097
42,7,none,pz,1334,104,1,0,False,0.3772045,0.33103114,0.024718383,0.26704594
42,7,none,pz,1335,104,1,3,False,0.2442743,0.04544643,0.21208361,0.49819574
42,7,none,pz,1336,104,0,0,True,0.610863,0.028203607,0.33863577,0.022297682
42,7,none,pz,1337,104,0,0,True,0.538612,0.036759388,0.16587456,0.25875401
42,7,none,pz,1338,104,2,2,True,0.0025003848,0.010318591,0.96679986,0.02038123
42,7,none,pz,1339,104,3,1,False,0.07468567,0.6760296,0.21090294,0.03838175
42,7,none,pz,1340,104,2,1,False,0.24737485,0.5184669,0.20662378,0.027534515
42,7,none,pz,1341,104,3,3,True,0.020257177,0.046420425,0.022517465,0.9108049
42,7,none,pz,1342,104,3,3,True,0.019541485,0.11737534,0.01183528,0.8512479
42,7,none,pz,1343,104,2,2,True,0.020895518,0.3780595,0.58853835,0.01250669
42,7,none,pz,1344,104,3,3,True,0.0037743114,0.007874604,0.0074290764,0.98092204
42,7,none,pz,1345,104,2,2,True,0.10564711,0.34554765,0.4465909,0.10221429
42,7,none,pz,1346,104,3,3,True,0.083753586,0.14140502,0.16401872,0.6108227
42,7,none,pz,1347,104,2,2,True,0.11318691,0.17435001,0.6923519,0.020111164
42,7,none,pz,1348,104,3,3,True,0.008234463,0.2266387,0.088153295,0.6769735
42,7,none,pz,1349,104,2,1,False,0.0028364782,0.9374897,0.04048202,0.019191768
42,7,none,pz,1350,104,2,2,True,0.03418993,0.3892783,0.4915309,0.08500097
42,7,none,pz,1351,104,3,3,True,0.39240292,0.075781725,0.09251154,0.43930382
42,7,none,pz,1352,104,3,3,True,0.025562136,0.16397026,0.34854734,0.46192026
42,7,none,pz,1353,105,0,0,True,0.96857285,0.00027386146,0.0040958207,0.027057413
42,7,none,pz,1354,105,1,1,True,0.0002186892,0.9882802,0.008008275,0.003492884
42,7,none,pz,1355,105,1,1,True,0.0006307808,0.97584915,0.015187814,0.008332293
42,7,none,pz,1356,105,0,0,True,0.9270767,0.0003265224,0.00912761,0.06346906
42,7,none,pz,1357,105,1,1,True,1.7965163e-05,0.9813059,0.015278015,0.0033980424
42,7,none,pz,1358,105,0,0,True,0.9995801,2.2390157e-06,0.00019563285,0.00022194699
42,7,none,pz,1359,105,1,1,True,5.983067e-05,0.9865784,0.0006021181,0.012759543
42,7,none,pz,1360,105,0,0,True,0.9798911,0.00021184165,0.0006995629,0.019197397
42,7,none,pz,1361,105,0,0,True,0.9961009,0.00010248731,0.0027625696,0.0010339803
42,7,none,pz,1362,105,1,1,True,0.0015852774,0.65433156,0.0007914434,0.34329182
42,7,none,pz,1363,105,1,1,True,2.314158e-05,0.9812299,0.00077693287,0.01797001
42,7,none,pz,1364,105,0,0,True,0.9989986,6.0169652e-05,9.258727e-05,0.0008487852
42,7,none,pz,1365,105,1,1,True,0.004845425,0.43040738,0.2454908,0.31925645
42,7,none,pz,1366,105,0,0,True,0.9869556,2.0795615e-05,0.0058794976,0.007144114
42,7,none,pz,1367,105,0,0,True,0.84797156,0.009342728,0.057103027,0.08558273
42,7,none,pz,1368,105,3,3,True,0.0011570245,0.0012847303,0.0029461314,0.9946121
42,7,none,pz,1369,105,2,3,False,0.007718737,0.017939933,0.23449674,0.73984456
42,7,none,pz,1370,105,2,3,False,0.0060240645,0.02281882,0.17965825,0.79149884
42,7,none,pz,1371,105,3,3,True,0.0006675681,0.0035844296,0.038545832,0.9572022
42,7,none,pz,1372,105,3,3,True,0.05407274,0.0019348847,0.122891195,0.8211012
42,7,none,pz,1373,105,2,2,True,0.010034816,0.008409377,0.5039091,0.47764665
42,7,none,pz,1374,105,3,3,True,0.00023931431,0.0032685627,0.0027594336,0.99373263
42,7,none,pz,1375,105,2,2,True,0.006487118,0.032202996,0.8611001,0.10020983
42,7,none,pz,1376,105,3,3,True,0.004292322,0.26038283,0.058557514,0.6767673
42,7,none,pz,1377,105,2,2,True,0.02946909,0.08636045,0.7296147,0.15455583
42,7,none,pz,1378,105,3,2,False,0.09358994,0.018815123,0.72733283,0.16026208
42,7,none,pz,1379,105,2,3,False,0.00031784675,0.01459533,0.14672326,0.8383636
42,7,none,pz,1380,105,3,3,True,0.0010005394,0.00021390394,0.003914412,0.99487114
42,7,none,pz,1381,105,2,2,True,0.001816782,0.00468315,0.96312803,0.030372065
42,7,none,pz,1382,105,2,3,False,0.0010700049,0.009478856,0.11573739,0.8737138
42,7,none,pz,1383,105,1,1,True,1.2912738e-05,0.99624985,0.0033902095,0.00034705643
42,7,none,pz,1384,105,0,2,False,0.11643492,0.0013585701,0.5061936,0.37601295
42,7,none,pz,1385,105,1,1,True,8.475987e-05,0.9425775,0.045224566,0.012113171
42,7,none,pz,1386,105,0,3,False,0.110840276,0.0001645603,0.039182883,0.8498123
42,7,none,pz,1387,105,0,2,False,0.2279854,0.00023476145,0.6827168,0.08906305
42,7,none,pz,1388,105,1,1,True,0.0058175344,0.97195405,0.018589275,0.0036391402
42,7,none,pz,1389,105,1,1,True,3.8853876e-05,0.99131835,0.008455966,0.00018688478
42,7,none,pz,1390,105,0,0,True,0.9877742,0.0005708122,0.010388672,0.001266349
42,7,none,pz,1391,105,0,0,True,0.88630366,0.012400494,0.080978625,0.020317242
42,7,none,pz,1392,105,1,1,True,0.00047300337,0.87632704,0.117302805,0.005897087
42,7,none,pz,1393,105,0,0,True,0.95574844,0.0007885282,0.008486873,0.03497612
42,7,none,pz,1394,105,1,1,True,0.00043293388,0.99431413,0.0047176816,0.0005352968
42,7,none,pz,1395,105,0,2,False,0.2923065,0.0012495011,0.7041484,0.0022955188
42,7,none,pz,1396,105,1,1,True,1.960954e-05,0.9973954,0.0024598527,0.00012511069
42,7,none,pz,1397,105,1,1,True,0.002279732,0.8726336,0.049900476,0.07518623
42,7,none,pz,1398,105,3,2,False,0.008122564,0.008710753,0.56457317,0.41859353
42,7,none,pz,1399,105,2,2,True,0.0013701255,0.007819971,0.8519031,0.13890679
42,7,none,pz,1400,105,3,3,True,0.0027384285,0.0067339935,0.147156,0.84337157
42,7,none,pz,1401,105,2,2,True,0.0024513633,0.0027324315,0.98490477,0.00991149
42,7,none,pz,1402,105,3,2,False,0.0009662666,0.010364152,0.82739437,0.1612753
42,7,none,pz,1403,105,2,2,True,0.0012168557,0.005183925,0.954709,0.03889021
42,7,none,pz,1404,105,3,2,False,0.0039869864,0.027763559,0.69812423,0.27012518
42,7,none,pz,1405,105,2,3,False,0.043889295,0.029059537,0.099020064,0.8280311
42,7,none,pz,1406,105,3,3,True,0.0021703814,0.0013659785,0.38610086,0.61036277
42,7,none,pz,1407,105,2,2,True,0.0021203528,0.12633847,0.5603364,0.31120473
42,7,none,pz,1408,105,2,3,False,0.013928657,0.14359158,0.33294407,0.5095357
42,7,none,pz,1409,105,3,1,False,0.02372721,0.42411226,0.19719543,0.35496512
42,7,none,pz,1410,105,3,3,True,0.0015276573,0.013447051,0.019471891,0.9655534
42,7,none,pz,1411,105,2,2,True,0.0011691883,0.014031888,0.9035965,0.081202395
42,7,none,pz,1412,105,2,2,True,0.0018002051,0.041492507,0.9308003,0.025906928
42,7,none,pz,1413,105,1,3,False,0.0002374016,0.24134336,0.032829918,0.72558933
42,7,none,pz,1414,105,0,0,True,0.8430413,0.003932905,0.14368626,0.009339503
42,7,none,pz,1415,105,1,1,True,0.0003472567,0.8761046,0.06900901,0.05453905
42,7,none,pz,1416,105,0,2,False,0.09476457,0.035682667,0.688404,0.18114878
42,7,none,pz,1417,105,1,1,True,0.00013444855,0.83843964,0.05381452,0.10761143
42,7,none,pz,1418,105,0,2,False,0.1934159,0.0030966303,0.72072154,0.082765885
42,7,none,pz,1419,105,1,2,False,0.015927266,0.37366024,0.43585685,0.17455566
42,7,none,pz,1420,105,0,0,True,0.6245487,0.018160546,0.28347498,0.07381581
42,7,none,pz,1421,105,0,2,False,0.11424001,0.07857317,0.66831636,0.13887046
42,7,none,pz,1422,105,1,1,True,0.004984834,0.95406675,0.033687502,0.007260836
42,7,none,pz,1423,105,1,1,True,8.352168e-05,0.98980546,0.0021499377,0.007961088
42,7,none,pz,1424,105,0,0,True,0.8542383,0.0023424863,0.06790325,0.07551594
42,7,none,pz,1425,105,1,1,True,7.5142096e-05,0.832749,0.13872418,0.028451685
42,7,none,pz,1426,105,0,2,False,0.021680862,0.00084712135,0.9646805,0.012791499
42,7,none,pz,1427,105,0,3,False,0.03483221,0.0041859387,0.19516811,0.7658137
42,7,none,pz,1428,105,2,3,False,0.0019176675,0.032947224,0.27615362,0.6889814
42,7,none,pz,1429,105,3,3,True,0.0025086587,0.008519567,0.2165797,0.77239203
42,7,none,pz,1430,105,3,3,True,0.0033821652,0.013449155,0.07957261,0.90359604
42,7,none,pz,1431,105,2,2,True,0.0012652761,0.011100857,0.86060685,0.12702698
42,7,none,pz,1432,105,3,3,True,0.026632618,0.030358154,0.4644904,0.4785188
42,7,none,pz,1433,105,2,2,True,0.007041822,0.045394532,0.9012196,0.04634402
42,7,none,pz,1434,105,3,2,False,0.024011036,0.061738584,0.59730333,0.31694707
42,7,none,pz,1435,105,2,2,True,0.052271847,0.05279395,0.74841446,0.14651974
42,7,none,pz,1436,105,3,3,True,0.0021644358,0.07073425,0.28037447,0.6467268
42,7,none,pz,1437,105,2,2,True,0.0013049027,0.009228475,0.9760147,0.013451902
42,7,none,pz,1438,105,2,2,True,0.0022384974,0.054659814,0.7157613,0.22734039
42,7,none,pz,1439,105,3,2,False,0.022664713,0.028637039,0.48185235,0.466846
42,7,none,pz,1440,105,2,2,True,0.0011696786,0.009053617,0.8090704,0.18070632
42,7,none,pz,1441,105,3,2,False,0.0008067338,0.0061930125,0.8548245,0.13817579
42,7,none,pz,1442,105,2,3,False,0.021451686,0.0047090934,0.3602115,0.61362773
42,7,none,pz,1443,106,0,2,False,0.013992351,0.008125091,0.685204,0.29267853
42,7,none,pz,1444,106,1,3,False,0.03782045,0.30665812,0.10157962,0.5539417
42,7,none,pz,1445,106,0,2,False,0.044664156,0.014269583,0.8723483,0.0687179
42,7,none,pz,1446,106,1,3,False,0.014172645,0.0642707,0.087629385,0.8339273
42,7,none,pz,1447,106,0,2,False,0.02539311,0.01383736,0.95870125,0.002068295
42,7,none,pz,1448,106,1,2,False,0.012137649,0.011782936,0.86253417,0.11354523
42,7,none,pz,1449,106,0,3,False,0.10270296,0.30928063,0.2782111,0.3098053
42,7,none,pz,1450,106,1,3,False,0.028372934,0.33550358,0.054745134,0.5813784
42,7,none,pz,1451,106,0,1,False,0.34779385,0.39453164,0.03313548,0.22453906
42,7,none,pz,1452,106,1,1,True,0.01666167,0.4334233,0.40949312,0.1404219
42,7,none,pz,1453,106,0,1,False,0.009956395,0.53429383,0.037642147,0.41810763
42,7,none,pz,1454,106,1,1,True,0.013228762,0.6474421,0.3355249,0.0038042464
42,7,none,pz,1455,106,1,1,True,0.013682736,0.94914544,0.0066095702,0.030562293
42,7,none,pz,1456,106,0,0,True,0.95098865,0.0031810189,0.018665949,0.027164383
42,7,none,pz,1457,106,0,0,True,0.9884503,0.0032233458,0.007229264,0.001097193
42,7,none,pz,1458,106,3,3,True,0.018745515,0.03974257,0.2909476,0.6505643
42,7,none,pz,1459,106,2,3,False,0.0009183601,0.10968175,0.018219398,0.8711805
42,7,none,pz,1460,106,3,3,True,0.08575033,0.1451683,0.12660488,0.64247644
42,7,none,pz,1461,106,2,1,False,0.17216243,0.6569993,0.061287466,0.10955085
42,7,none,pz,1462,106,2,2,True,0.034711473,0.16627218,0.40903893,0.3899774
42,7,none,pz,1463,106,3,1,False,0.023904976,0.5967963,0.02207764,0.3572211
42,7,none,pz,1464,106,3,3,True,0.002526215,0.040497288,0.011892222,0.94508433
42,7,none,pz,1465,106,2,2,True,0.16791229,0.11262806,0.66011333,0.059346303
42,7,none,pz,1466,106,3,1,False,0.043084323,0.6692606,0.044239983,0.24341515
42,7,none,pz,1467,106,2,2,True,0.1421651,0.106875084,0.696162,0.054797903
42,7,none,pz,1468,106,3,3,True,0.18079029,0.048511274,0.26346353,0.50723493
42,7,none,pz,1469,106,2,1,False,0.16750862,0.5861156,0.12040436,0.12597148
42,7,none,pz,1470,106,3,3,True,0.14749871,0.024034584,0.039087698,0.78937906
42,7,none,pz,1471,106,2,3,False,0.30302364,0.12570764,0.039905403,0.5313633
42,7,none,pz,1472,106,3,3,True,0.1457579,0.020976288,0.013503104,0.8197627
42,7,none,pz,1473,106,1,1,True,8.427863e-06,0.99985814,1.4879375e-05,0.00011846937
42,7,none,pz,1474,106,0,3,False,0.4483398,0.00560342,0.024341974,0.52171475
42,7,none,pz,1475,106,1,2,False,0.060395844,0.26853773,0.64407134,0.026995026
42,7,none,pz,1476,106,0,1,False,0.11307702,0.58804923,0.28966442,0.009209345
42,7,none,pz,1477,106,0,3,False,0.04939852,0.1905392,0.017558355,0.74250394
42,7,none,pz,1478,106,1,3,False,0.024588963,0.09565683,0.046297163,0.83345705
42,7,none,pz,1479,106,1,1,True,0.00016232372,0.99776506,0.00013216397,0.0019404201
42,7,none,pz,1480,106,0,1,False,0.3117533,0.34864038,0.22011128,0.119495034
42,7,none,pz,1481,106,0,1,False,0.005892368,0.47467926,0.046441067,0.47298723
42,7,none,pz,1482,106,1,1,True,0.18496524,0.74556947,0.063304104,0.0061611547
42,7,none,pz,1483,106,1,1,True,0.00025022417,0.9988624,0.00055144343,0.00033606123
42,7,none,pz,1484,106,0,0,True,0.9645971,0.021742791,0.0077607254,0.005899352
42,7,none,pz,1485,106,0,1,False,0.0564494,0.45496973,0.1012447,0.38733622
42,7,none,pz,1486,106,1,1,True,0.00080435816,0.9968278,0.0019885001,0.0003793031
42,7,none,pz,1487,106,0,1,False,0.030059975,0.5909998,0.068466425,0.31047392
42,7,none,pz,1488,106,2,2,True,0.04041576,0.021334773,0.9316264,0.006623123
42,7,none,pz,1489,106,3,3,True,0.05861216,0.020982975,0.0045408458,0.915864
42,7,none,pz,1490,106,2,2,True,0.1108963,0.3049158,0.34208915,0.24209875
42,7,none,pz,1491,106,3,3,True,0.031209584,0.0030300259,0.4072748,0.55848557
42,7,none,pz,1492,106,3,1,False,0.2333737,0.37302983,0.051189058,0.34240744
42,7,none,pz,1493,106,2,0,False,0.68672025,0.0888565,0.19125715,0.03316606
42,7,none,pz,1494,106,2,1,False,0.047095418,0.6903198,0.24631599,0.016268808
42,7,none,pz,1495,106,3,0,False,0.7819911,0.07027281,0.045824766,0.101911426
42,7,none,pz,1496,106,2,1,False,0.013365289,0.8136264,0.17220908,0.00079926057
42,7,none,pz,1497,106,3,2,False,0.208821,0.13598137,0.64921594,0.005981718
42,7,none,pz,1498,106,3,2,False,0.2199476,0.14054516,0.4539441,0.18556318
42,7,none,pz,1499,106,2,2,True,0.0892245,0.11843514,0.7413422,0.050998136
42,7,none,pz,1500,106,2,3,False,0.014311319,0.0693187,0.24131694,0.67505306
42,7,none,pz,1501,106,3,3,True,0.0013447803,0.008509189,0.011542609,0.9786034
42,7,none,pz,1502,106,2,0,False,0.60798556,0.0513722,0.3305406,0.010101728
42,7,none,pz,1503,106,1,1,True,0.0030368387,0.98633206,0.009313932,0.0013171721
42,7,none,pz,1504,106,0,1,False,0.082649715,0.6906173,0.19906007,0.027672902
42,7,none,pz,1505,106,0,2,False,0.0953003,0.013557996,0.4612246,0.42991716
42,7,none,pz,1506,106,1,0,False,0.606406,0.053209238,0.3308373,0.009547505
42,7,none,pz,1507,106,0,0,True,0.8523402,0.074456684,0.020596223,0.052606843
42,7,none,pz,1508,106,1,1,True,0.0033981707,0.8590804,0.0062891776,0.13123223
42,7,none,pz,1509,106,0,3,False,0.28593713,0.20756435,0.050635714,0.45586288
42,7,none,pz,1510,106,1,2,False,0.3096719,0.23475349,0.4298611,0.02571343
42,7,none,pz,1511,106,1,1,True,0.0036837452,0.9840387,0.0016745104,0.010602981
42,7,none,pz,1512,106,0,0,True,0.96780884,0.015793005,0.0034660099,0.012932131
42,7,none,pz,1513,106,0,0,True,0.989581,0.0060580433,0.00427511,8.581997e-05
42,7,none,pz,1514,106,1,2,False,0.062949546,0.052749977,0.85888684,0.025413653
42,7,none,pz,1515,106,1,3,False,0.012466532,0.115973026,0.004674769,0.86688566
42,7,none,pz,1516,106,0,0,True,0.80910665,0.0014826506,0.099071324,0.09033934
42,7,none,pz,1517,106,0,0,True,0.5368084,0.16263177,0.011376684,0.28918323
42,7,none,pz,1518,106,2,1,False,0.01791373,0.88937336,0.067030326,0.025682515
42,7,none,pz,1519,106,3,1,False,0.09006854,0.6732698,0.06837669,0.16828498
42,7,none,pz,1520,106,2,1,False,0.070069894,0.574274,0.1160674,0.2395887
42,7,none,pz,1521,106,3,2,False,0.07993789,0.16941562,0.45440653,0.29624003
42,7,none,pz,1522,106,2,1,False,0.05182201,0.82258064,0.05829601,0.06730144
42,7,none,pz,1523,106,3,0,False,0.44501176,0.05758329,0.18590297,0.31150192
42,7,none,pz,1524,106,2,2,True,0.11141586,0.19188103,0.55640996,0.14029318
42,7,none,pz,1525,106,3,1,False,0.06664514,0.60040283,0.1675182,0.16543385
42,7,none,pz,1526,106,2,2,True,0.002864972,0.07131306,0.7414622,0.18435977
42,7,none,pz,1527,106,3,0,False,0.41248754,0.2572837,0.30866686,0.021561928
42,7,none,pz,1528,106,3,0,False,0.898243,0.009443605,0.013085347,0.07922798
42,7,none,pz,1529,106,2,3,False,0.076289006,0.005519914,0.2250133,0.6931778
42,7,none,pz,1530,106,3,0,False,0.75483024,0.046829347,0.1827033,0.015637092
42,7,none,pz,1531,106,2,2,True,0.013611321,0.075332984,0.8581917,0.05286397
42,7,none,pz,1532,106,2,0,False,0.7637892,0.012674563,0.19750953,0.02602675
42,7,none,pz,1533,107,1,1,True,0.00019609531,0.99652267,0.00026694586,0.0030143214
42,7,none,pz,1534,107,0,0,True,0.47908884,0.38158298,0.037968375,0.101359926
42,7,none,pz,1535,107,0,0,True,0.9308905,0.054038707,0.010932279,0.0041385945
42,7,none,pz,1536,107,1,1,True,1.576935e-05,0.9967526,8.287466e-06,0.003223304
42,7,none,pz,1537,107,0,0,True,0.6239866,0.3713432,0.0026138937,0.002056372
42,7,none,pz,1538,107,1,1,True,0.00017055159,0.9977622,0.0007393921,0.0013278549
42,7,none,pz,1539,107,0,0,True,0.9307201,0.04918568,0.010192106,0.009902061
42,7,none,pz,1540,107,1,1,True,0.0012750936,0.99791044,0.00048539738,0.00032905003
42,7,none,pz,1541,107,0,0,True,0.97887325,0.0019531074,0.00041471326,0.018758928
42,7,none,pz,1542,107,1,1,True,0.0056826104,0.9897704,0.0019382532,0.0026087656
42,7,none,pz,1543,107,0,0,True,0.780402,0.06861784,0.01867018,0.13231002
42,7,none,pz,1544,107,1,1,True,0.0072797206,0.9265301,0.008168972,0.05802119
42,7,none,pz,1545,107,0,0,True,0.97955394,0.0019776975,0.0020842543,0.016384115
42,7,none,pz,1546,107,1,1,True,0.0007520044,0.8995274,0.0049702157,0.094750464
42,7,none,pz,1547,107,0,0,True,0.9946069,0.0030583893,0.0016274452,0.0007073049
42,7,none,pz,1548,107,3,1,False,0.08010496,0.55765676,0.01694768,0.3452906
42,7,none,pz,1549,107,2,1,False,0.015060591,0.9147216,0.024127094,0.04609068
42,7,none,pz,1550,107,3,1,False,0.060272876,0.47263768,0.045346014,0.42174336
42,7,none,pz,1551,107,2,1,False,0.0014788077,0.9913605,0.0036316863,0.003529097
42,7,none,pz,1552,107,3,0,False,0.64326906,0.24741298,0.067841224,0.041476704
42,7,none,pz,1553,107,2,3,False,0.240762,0.25875565,0.16361071,0.33687162
42,7,none,pz,1554,107,2,1,False,0.36249942,0.4961505,0.0020783024,0.13927178
42,7,none,pz,1555,107,3,3,True,0.37379342,0.027546346,0.00014189583,0.5985183
42,7,none,pz,1556,107,3,0,False,0.9022958,0.019069903,0.07647243,0.002161878
42,7,none,pz,1557,107,2,1,False,0.05633507,0.627976,0.2598434,0.055845544
42,7,none,pz,1558,107,2,1,False,0.00715828,0.98247004,0.002014315,0.008357472
42,7,none,pz,1559,107,3,0,False,0.5254277,0.42990232,0.00250111,0.04216882
42,7,none,pz,1560,107,2,3,False,0.080352284,0.41299847,0.039954927,0.4666943
42,7,none,pz,1561,107,3,1,False,0.049449276,0.51325566,0.037644677,0.39965045
42,7,none,pz,1562,107,3,3,True,0.2327903,0.023572886,0.028175825,0.71546096
42,7,none,pz,1563,107,1,1,True,0.03220757,0.8875449,0.0041280575,0.07611956
42,7,none,pz,1564,107,0,0,True,0.81883055,0.16685486,0.0038081023,0.010506374
42,7,none,pz,1565,107,1,1,True,0.005047448,0.9892513,0.003070174,0.002631051
42,7,none,pz,1566,107,0,0,True,0.6962211,0.29170486,0.0010305747,0.011043486
42,7,none,pz,1567,107,1,1,True,2.129568e-05,0.99992025,1.1828023e-05,4.663668e-05
42,7,none,pz,1568,107,0,0,True,0.54839253,0.34401497,0.0057222964,0.10187017
42,7,none,pz,1569,107,0,0,True,0.42090243,0.30124652,0.010806133,0.26704487
42,7,none,pz,1570,107,1,2,False,0.20926344,0.05122985,0.45071995,0.28878674
42,7,none,pz,1571,107,0,0,True,0.99450964,0.0030899504,0.0023105347,8.994099e-05
42,7,none,pz,1572,107,1,0,False,0.48846853,0.35027972,0.09048864,0.07076313
42,7,none,pz,1573,107,0,0,True,0.4144166,0.3677102,0.02074794,0.19712523
42,7,none,pz,1574,107,1,2,False,0.08009333,0.11294939,0.45466572,0.35229155
42,7,none,pz,1575,107,1,2,False,0.07238823,0.37245047,0.541275,0.013886328
42,7,none,pz,1576,107,0,1,False,0.07924851,0.89994174,0.005611565,0.0151980985
42,7,none,pz,1577,107,0,0,True,0.6965228,0.21152005,0.021583421,0.070373714
42,7,none,pz,1578,107,3,0,False,0.38313907,0.18017603,0.06789671,0.36878815
42,7,none,pz,1579,107,2,3,False,0.26700354,0.032169964,0.008356888,0.69246954
42,7,none,pz,1580,107,3,0,False,0.696644,0.19119887,0.018947091,0.09320995
42,7,none,pz,1581,107,2,1,False,0.04605918,0.702571,0.042867713,0.20850211
42,7,none,pz,1582,107,2,1,False,0.009492793,0.9522638,0.025479587,0.012763823
42,7,none,pz,1583,107,3,0,False,0.61875695,0.014389114,0.020959651,0.34589434
42,7,none,pz,1584,107,3,0,False,0.8676442,0.063429154,0.017440066,0.051486593
42,7,none,pz,1585,107,2,0,False,0.4701747,0.43745735,0.087813124,0.004554778
42,7,none,pz,1586,107,2,1,False,0.12034046,0.75588423,0.0018393246,0.12193602
42,7,none,pz,1587,107,3,1,False,0.009062044,0.58227414,0.0027393743,0.40592447
42,7,none,pz,1588,107,2,2,True,0.1257052,0.19945998,0.53419393,0.14064088
42,7,none,pz,1589,107,3,1,False,0.008971768,0.52514696,0.057952657,0.40792856
42,7,none,pz,1590,107,3,0,False,0.43192774,0.4200219,0.016955847,0.13109459
42,7,none,pz,1591,107,2,3,False,0.020731071,0.17141913,0.0013639183,0.8064859
42,7,none,pz,1592,107,2,3,False,0.01938048,0.15686111,0.018439498,0.80531895
42,7,none,pz,1593,107,0,0,True,0.9905494,0.0065953513,0.00070872926,0.0021464925
42,7,none,pz,1594,107,1,1,True,0.024987055,0.8384962,0.002133998,0.13438274
42,7,none,pz,1595,107,1,1,True,0.03245425,0.8661194,0.019562153,0.08186426
42,7,none,pz,1596,107,0,0,True,0.70715326,0.22559978,0.0130512705,0.054195624
42,7,none,pz,1597,107,1,1,True,0.033970892,0.88583595,0.07030452,0.009888704
42,7,none,pz,1598,107,0,1,False,0.30632392,0.6318079,0.050108053,0.011760095
42,7,none,pz,1599,107,1,3,False,0.00986307,0.44540903,0.0030656902,0.5416622
42,7,none,pz,1600,107,0,1,False,0.054281417,0.8655622,0.05797047,0.022185925
42,7,none,pz,1601,107,1,1,True,0.06839728,0.83933544,0.02638677,0.06588052
42,7,none,pz,1602,107,0,3,False,0.018623285,0.16283217,0.017964015,0.8005805
42,7,none,pz,1603,107,0,0,True,0.8581115,0.106937,0.0023767797,0.032574672
42,7,none,pz,1604,107,1,1,True,0.010524857,0.9887631,0.0005899997,0.000121982805
42,7,none,pz,1605,107,0,3,False,0.2291682,0.30754375,0.057998974,0.40528905
42,7,none,pz,1606,107,1,1,True,0.060224533,0.4643954,0.2521969,0.22318316
42,7,none,pz,1607,107,0,1,False,0.002056411,0.9852402,0.0006725925,0.012030706
42,7,none,pz,1608,107,3,0,False,0.5853432,0.32673874,0.064042486,0.023875587
42,7,none,pz,1609,107,2,1,False,0.022903202,0.6958036,0.01786336,0.26342982
42,7,none,pz,1610,107,2,0,False,0.84609133,0.09899152,0.007753744,0.047163334
42,7,none,pz,1611,107,3,3,True,0.062946804,0.06712505,0.008368217,0.86155987
42,7,none,pz,1612,107,2,1,False,0.015688887,0.9833528,0.00048708255,0.00047122603
42,7,none,pz,1613,107,3,0,False,0.7979941,0.17816131,0.014521149,0.009323411
42,7,none,pz,1614,107,3,1,False,0.037278544,0.90824103,0.0048762388,0.04960424
42,7,none,pz,1615,107,2,1,False,0.038272478,0.5540131,0.35061002,0.057104453
42,7,none,pz,1616,107,2,0,False,0.88058263,0.037743654,0.042411484,0.039262217
42,7,none,pz,1617,107,3,1,False,0.007122034,0.5119091,0.007448315,0.47352052
42,7,none,pz,1618,107,2,2,True,0.14866051,0.13193192,0.5488606,0.17054696
42,7,none,pz,1619,107,3,1,False,0.009222874,0.7370296,0.08976053,0.16398707
42,7,none,pz,1620,107,2,3,False,0.029504227,0.29314283,0.09373863,0.5836143
42,7,none,pz,1621,107,3,1,False,0.00077736843,0.69286495,0.014984611,0.291373
42,7,none,pz,1622,107,3,3,True,0.34445298,0.21264681,0.07417288,0.36872736
42,7,none,pz,1623,108,0,0,True,0.91120124,0.00037524034,0.002239638,0.08618391
42,7,none,pz,1624,108,1,1,True,4.879768e-06,0.9989654,3.8320468e-05,0.0009913837
42,7,none,pz,1625,108,0,3,False,0.08042126,0.008279881,0.00062076224,0.910678
42,7,none,pz,1626,108,1,3,False,0.12912893,0.43263128,0.0007623083,0.43747747
42,7,none,pz,1627,108,0,0,True,0.9928918,0.0008472174,5.4673317e-05,0.0062062806
42,7,none,pz,1628,108,1,1,True,1.0586559e-05,0.9997689,8.581424e-07,0.00021970374
42,7,none,pz,1629,108,1,1,True,1.1708154e-06,0.996915,2.1181286e-06,0.003081729
42,7,none,pz,1630,108,0,0,True,0.9500801,0.0017256711,0.00014985679,0.04804435
42,7,none,pz,1631,108,0,0,True,0.99926895,1.6568916e-05,2.732817e-06,0.0007116986
42,7,none,pz,1632,108,1,1,True,0.001431903,0.93351203,0.00057989196,0.064476185
42,7,none,pz,1633,108,0,0,True,0.9978169,0.00078655593,0.0009108993,0.0004855373
42,7,none,pz,1634,108,1,1,True,0.009201502,0.8658053,0.00078794465,0.124205254
42,7,none,pz,1635,108,0,1,False,0.06658475,0.6586129,0.03321319,0.2415892
42,7,none,pz,1636,108,1,1,True,0.0007046694,0.9928215,0.0011967412,0.0052770455
42,7,none,pz,1637,108,1,1,True,1.0174013e-05,0.9778196,3.449261e-05,0.02213577
42,7,none,pz,1638,108,2,1,False,0.0060152574,0.77374935,0.14753965,0.07269581
42,7,none,pz,1639,108,3,3,True,0.00010045818,0.005922338,0.002873714,0.99110353
42,7,none,pz,1640,108,2,3,False,0.016859094,0.059318002,0.061979078,0.8618438
42,7,none,pz,1641,108,3,3,True,0.00040464234,0.09012562,0.0045717517,0.904898
42,7,none,pz,1642,108,3,3,True,0.0005534757,0.011288616,0.0034983896,0.98465955
42,7,none,pz,1643,108,2,1,False,0.09338743,0.7488962,0.10601948,0.051696837
42,7,none,pz,1644,108,2,0,False,0.66090906,0.03168587,0.028749876,0.2786551
42,7,none,pz,1645,108,3,3,True,0.0025018726,0.02973564,0.0027030506,0.9650594
42,7,none,pz,1646,108,2,1,False,0.009848437,0.9876744,0.00095831713,0.0015188699
42,7,none,pz,1647,108,3,3,True,0.006052099,0.17530663,0.001772519,0.8168687
42,7,none,pz,1648,108,3,3,True,0.001859806,0.033084173,0.0053720945,0.95968395
42,7,none,pz,1649,108,2,1,False,0.016134778,0.8663839,0.028741682,0.08873966
42,7,none,pz,1650,108,3,3,True,0.053730346,0.0055671977,0.011836061,0.9288664
42,7,none,pz,1651,108,2,1,False,0.01721147,0.62064135,0.25630245,0.10584466
42,7,none,pz,1652,108,3,3,True,0.06956211,0.030034775,0.045056675,0.8553464
42,7,none,pz,1653,108,1,1,True,2.3610148e-05,0.9015506,0.09049482,0.007931004
42,7,none,pz,1654,108,0,1,False,0.049471863,0.69838077,0.1076321,0.14451528
42,7,none,pz,1655,108,1,1,True,0.009855524,0.6321223,0.1791154,0.17890678
42,7,none,pz,1656,108,0,0,True,0.9623612,0.0002376838,0.0030867753,0.034314364
42,7,none,pz,1657,108,0,0,True,0.6940225,0.015817938,0.000414364,0.28974524
42,7,none,pz,1658,108,1,1,True,0.00014191099,0.99324703,0.0008767459,0.0057341433
42,7,none,pz,1659,108,1,1,True,0.00014454017,0.9972697,0.0006585226,0.0019272438
42,7,none,pz,1660,108,0,0,True,0.9549781,0.015427262,0.0016372608,0.027957393
42,7,none,pz,1661,108,0,0,True,0.9917105,0.001827007,0.000517252,0.0059453896
42,7,none,pz,1662,108,1,1,True,2.1401236e-06,0.99986875,7.2310126e-05,5.668281e-05
42,7,none,pz,1663,108,1,1,True,3.6079357e-05,0.99547845,0.00047141267,0.0040141847
42,7,none,pz,1664,108,0,0,True,0.7435735,0.017512603,0.015370861,0.22354305
42,7,none,pz,1665,108,1,1,True,0.00050203427,0.9630348,0.0256326,0.010830551
42,7,none,pz,1666,108,0,0,True,0.8171995,0.018966127,0.011829446,0.15200488
42,7,none,pz,1667,108,1,1,True,0.041431386,0.8783112,0.0034535476,0.07680399
42,7,none,pz,1668,108,3,3,True,0.0012840278,0.008195632,0.0017313724,0.988789
42,7,none,pz,1669,108,2,3,False,0.090088606,0.12089592,0.16308181,0.6259337
42,7,none,pz,1670,108,3,3,True,0.0045689824,0.0029755158,0.0037046522,0.9887509
42,7,none,pz,1671,108,2,2,True,0.018340435,0.1282527,0.8281805,0.025226384
42,7,none,pz,1672,108,2,3,False,0.02914708,0.24786638,0.1434639,0.57952267
42,7,none,pz,1673,108,3,3,True,0.0016335577,0.035283964,0.0022072294,0.9608752
42,7,none,pz,1674,108,2,2,True,0.017271744,0.32429856,0.5680629,0.09036688
42,7,none,pz,1675,108,3,1,False,0.008513233,0.8188868,0.1266168,0.04598313
42,7,none,pz,1676,108,2,1,False,0.0010594347,0.9839076,0.008915177,0.006117759
42,7,none,pz,1677,108,3,1,False,0.0064380094,0.85069424,0.05229752,0.090570234
42,7,none,pz,1678,108,2,1,False,0.03928111,0.7027375,0.12472726,0.13325411
42,7,none,pz,1679,108,3,1,False,0.021570982,0.6444612,0.040500496,0.2934673
42,7,none,pz,1680,108,2,3,False,0.008418886,0.0070735523,0.41508177,0.56942576
42,7,none,pz,1681,108,3,3,True,0.14128718,0.12091882,0.03053213,0.7072619
42,7,none,pz,1682,108,3,3,True,0.14049774,0.19146468,0.09305623,0.5749814
42,7,none,pz,1683,108,1,1,True,0.0008693024,0.91903764,0.021560466,0.058532547
42,7,none,pz,1684,108,0,0,True,0.66648835,0.16576144,0.091463335,0.07628682
42,7,none,pz,1685,108,0,3,False,0.02153038,0.23182201,0.36806193,0.37858564
42,7,none,pz,1686,108,1,1,True,0.040691596,0.5018042,0.42819193,0.029312301
42,7,none,pz,1687,108,0,1,False,0.03606374,0.54662186,0.008474403,0.40884003
42,7,none,pz,1688,108,1,1,True,0.1890755,0.6536131,0.15403424,0.003277093
42,7,none,pz,1689,108,1,1,True,5.124024e-06,0.9997211,0.00018891228,8.486093e-05
42,7,none,pz,1690,108,0,0,True,0.76393694,0.0065526757,0.011130433,0.21837999
42,7,none,pz,1691,108,0,1,False,0.11402577,0.48466215,0.112759605,0.2885524
42,7,none,pz,1692,108,1,1,True,0.00031058228,0.99775285,0.0015949274,0.00034174937
42,7,none,pz,1693,108,0,3,False,0.12629795,0.12866573,0.004294707,0.74074167
42,7,none,pz,1694,108,1,1,True,0.028510517,0.88376397,0.0053908015,0.08233478
42,7,none,pz,1695,108,1,1,True,1.138416e-05,0.99994636,4.787476e-06,3.7488688e-05
42,7,none,pz,1696,108,0,0,True,0.8105102,0.051236447,0.049495663,0.088757716
42,7,none,pz,1697,108,0,0,True,0.9985701,0.0008896033,1.5757867e-05,0.00052458025
42,7,none,pz,1698,108,3,3,True,0.022937873,0.34131157,0.020560892,0.6151897
42,7,none,pz,1699,108,2,3,False,0.013032651,0.23333035,0.23940997,0.51422703
42,7,none,pz,1700,108,2,2,True,0.0070757135,0.04526495,0.76129264,0.18636666
42,7,none,pz,1701,108,3,3,True,0.0001233741,0.0027760763,0.00026584536,0.9968347
42,7,none,pz,1702,108,2,3,False,0.11963747,0.14044304,0.052248638,0.6876709
42,7,none,pz,1703,108,3,2,False,0.071338534,0.052107785,0.70764875,0.16890487
42,7,none,pz,1704,108,3,3,True,0.0017320183,0.00925832,0.022577642,0.96643203
42,7,none,pz,1705,108,2,2,True,0.0032504536,0.08422529,0.8566594,0.05586482
42,7,none,pz,1706,108,3,3,True,0.012650234,0.05129576,0.1794707,0.7565833
42,7,none,pz,1707,108,2,1,False,0.011411444,0.81963414,0.05392337,0.11503106
42,7,none,pz,1708,108,2,2,True,0.14886871,0.038190275,0.4846319,0.3283091
42,7,none,pz,1709,108,3,3,True,0.00212275,0.063085504,0.004560527,0.9302313
42,7,none,pz,1710,108,2,1,False,0.0017855802,0.8798352,0.009670658,0.10870858
42,7,none,pz,1711,108,3,1,False,0.00096717273,0.75220734,0.0021901443,0.2446354
42,7,none,pz,1712,108,2,1,False,0.32996672,0.5201524,0.028795786,0.12108505
42,7,none,pz,1713,109,0,0,True,0.9630944,0.0010742311,0.0010584857,0.03477289
42,7,none,pz,1714,109,1,1,True,0.27126834,0.55362165,0.07864457,0.09646541
42,7,none,pz,1715,109,1,1,True,1.904313e-05,0.999956,3.7240059e-06,2.11839e-05
42,7,none,pz,1716,109,0,1,False,0.04214278,0.46428648,0.21184492,0.28172585
42,7,none,pz,1717,109,1,1,True,0.0031314373,0.9958262,0.00063835614,0.00040414179
42,7,none,pz,1718,109,0,0,True,0.8110234,0.097648986,0.066840455,0.024487093
42,7,none,pz,1719,109,1,1,True,0.0228958,0.9100428,0.060416218,0.006645188
42,7,none,pz,1720,109,0,0,True,0.96110964,0.008006761,0.028430646,0.0024530648
42,7,none,pz,1721,109,1,1,True,0.008761416,0.9475741,0.001352585,0.04231192
42,7,none,pz,1722,109,0,2,False,0.05664474,0.2186073,0.58094543,0.14380251
42,7,none,pz,1723,109,0,0,True,0.8883844,0.0038445205,0.009130766,0.09864025
42,7,none,pz,1724,109,1,1,True,0.0028067569,0.81189495,0.0028428065,0.18245552
42,7,none,pz,1725,109,0,0,True,0.9999052,5.683571e-06,5.6520887e-05,3.251518e-05
42,7,none,pz,1726,109,1,3,False,0.22524431,0.33259672,0.010467688,0.4316912
42,7,none,pz,1727,109,1,1,True,0.012969912,0.96923804,0.015162279,0.0026297532
42,7,none,pz,1728,109,3,1,False,0.0029793554,0.68987286,0.10313356,0.20401421
42,7,none,pz,1729,109,2,1,False,0.005553721,0.52302784,0.19109514,0.28032327
42,7,none,pz,1730,109,2,1,False,0.100235574,0.6209009,0.061959557,0.21690395
42,7,none,pz,1731,109,3,3,True,0.0559026,0.006167788,0.043867372,0.8940623
42,7,none,pz,1732,109,3,3,True,0.014156045,0.052003108,0.18872751,0.7451133
42,7,none,pz,1733,109,2,2,True,0.19257717,0.088526875,0.36020282,0.35869312
42,7,none,pz,1734,109,2,2,True,0.13994776,0.08084093,0.74917597,0.030035349
42,7,none,pz,1735,109,3,1,False,0.12589909,0.4122023,0.061394386,0.4005042
42,7,none,pz,1736,109,2,3,False,0.14027257,0.087727346,0.085929126,0.686071
42,7,none,pz,1737,109,3,3,True,0.034721885,0.18125945,0.019153042,0.76486564
42,7,none,pz,1738,109,2,1,False,0.35781288,0.35829875,0.0038281637,0.28006023
42,7,none,pz,1739,109,3,1,False,0.34197664,0.5418406,0.0718861,0.044296637
42,7,none,pz,1740,109,3,3,True,0.052130338,0.06293793,0.38853905,0.49639267
42,7,none,pz,1741,109,2,3,False,0.11344181,0.12030821,0.013808529,0.7524414
42,7,none,pz,1742,109,2,1,False,0.0020975166,0.91173553,0.00076070434,0.085406184
42,7,none,pz,1743,109,1,1,True,0.005180949,0.9051261,0.019085586,0.0706075
42,7,none,pz,1744,109,0,0,True,0.5795205,0.14679742,0.11244501,0.16123708
42,7,none,pz,1745,109,1,0,False,0.749149,0.10988003,0.01156023,0.1294108
42,7,none,pz,1746,109,0,3,False,0.050344452,0.013531065,0.07574796,0.8603765
42,7,none,pz,1747,109,0,0,True,0.97602886,0.00066133874,0.00076853967,0.022541253
42,7,none,pz,1748,109,1,0,False,0.49578813,0.20420657,0.28677577,0.013229522
42,7,none,pz,1749,109,0,3,False,0.28606674,0.15931341,0.07693856,0.47768128
42,7,none,pz,1750,109,1,1,True,0.07664993,0.75105834,0.007149296,0.16514248
42,7,none,pz,1751,109,1,1,True,0.018383257,0.8242379,0.09351492,0.06386392
42,7,none,pz,1752,109,0,2,False,0.15145244,0.028567215,0.7674053,0.052575193
42,7,none,pz,1753,109,1,3,False,0.30430818,0.14360833,0.0020889922,0.54999447
42,7,none,pz,1754,109,0,1,False,0.0762013,0.73075354,0.003907851,0.18913727
42,7,none,pz,1755,109,1,1,True,0.0004745438,0.99806696,0.0011196805,0.00033886975
42,7,none,pz,1756,109,0,1,False,0.0593239,0.7995625,0.0072301026,0.13388343
42,7,none,pz,1757,109,0,0,True,0.97027886,0.022270977,0.00039620438,0.007054063
42,7,none,pz,1758,109,2,3,False,0.07227187,0.024640085,0.0013565223,0.9017315
42,7,none,pz,1759,109,3,0,False,0.460642,0.07907477,0.008456177,0.45182702
42,7,none,pz,1760,109,2,3,False,0.037940405,0.10420767,0.049580585,0.8082713
42,7,none,pz,1761,109,3,3,True,0.11909226,0.050430514,0.020254444,0.8102228
42,7,none,pz,1762,109,3,1,False,0.05128738,0.49678722,0.0037072585,0.4482181
42,7,none,pz,1763,109,2,3,False,0.011133575,0.042077098,0.01984613,0.9269432
42,7,none,pz,1764,109,3,3,True,0.005651461,0.012996508,0.010665351,0.9706867
42,7,none,pz,1765,109,2,3,False,0.07790362,0.4345892,0.016889902,0.47061726
42,7,none,pz,1766,109,3,1,False,0.0076365997,0.7444099,0.005348734,0.24260476
42,7,none,pz,1767,109,2,3,False,0.25749812,0.041097086,0.14073053,0.5606743
42,7,none,pz,1768,109,2,3,False,0.024017308,0.13101049,0.349276,0.49569613
42,7,none,pz,1769,109,3,3,True,0.06354706,0.004498272,0.00027853146,0.93167615
42,7,none,pz,1770,109,2,1,False,0.034234785,0.6768389,0.031187207,0.25773916
42,7,none,pz,1771,109,3,3,True,0.0013353594,0.034071203,0.013854491,0.9507389
42,7,none,pz,1772,109,2,0,False,0.4418834,0.1390577,0.21772015,0.2013388
42,7,none,pz,1773,109,1,1,True,0.007225403,0.54042226,0.014983924,0.43736842
42,7,none,pz,1774,109,0,0,True,0.43872032,0.06956633,0.3738313,0.11788197
42,7,none,pz,1775,109,1,0,False,0.668218,0.14584966,0.17483254,0.011099775
42,7,none,pz,1776,109,0,3,False,0.0038394986,0.0037472066,0.0011593591,0.9912539
42,7,none,pz,1777,109,0,2,False,0.14881557,0.08024449,0.61816376,0.15277614
42,7,none,pz,1778,109,1,1,True,0.010546216,0.7535632,0.0036056137,0.23228492
42,7,none,pz,1779,109,1,0,False,0.4286396,0.21847261,0.06671833,0.28616947
42,7,none,pz,1780,109,0,3,False,0.0061718696,0.010558128,0.082416266,0.90085375
42,7,none,pz,1781,109,1,1,True,0.41184726,0.45801446,0.014401029,0.115737274
42,7,none,pz,1782,109,0,1,False,0.037325587,0.9080097,0.03996828,0.014696422
42,7,none,pz,1783,109,0,0,True,0.6707533,0.06310664,0.01692235,0.2492177
42,7,none,pz,1784,109,1,3,False,0.25927594,0.06292005,0.18985265,0.48795137
42,7,none,pz,1785,109,0,0,True,0.9619264,0.003269308,0.007988125,0.026816208
42,7,none,pz,1786,109,1,3,False,0.41368458,0.014521465,0.1247581,0.44703594
42,7,none,pz,1787,109,0,2,False,0.19659978,0.1378905,0.4308895,0.23462021
42,7,none,pz,1788,109,2,1,False,0.0027420027,0.9473118,0.036130838,0.013815269
42,7,none,pz,1789,109,3,3,True,0.12018883,0.027593222,0.16555296,0.68666494
42,7,none,pz,1790,109,2,1,False,0.011272519,0.6642002,0.019649426,0.30487788
42,7,none,pz,1791,109,3,3,True,0.058775708,0.010019501,0.05248449,0.8787202
42,7,none,pz,1792,109,2,3,False,0.015993282,0.0102623105,0.09665399,0.87709033
42,7,none,pz,1793,109,3,3,True,0.02457363,0.025358621,0.0384939,0.9115738
42,7,none,pz,1794,109,2,0,False,0.8787359,0.007339026,0.091640726,0.022284351
42,7,none,pz,1795,109,3,3,True,0.012007094,0.0343987,0.06439263,0.8892015
42,7,none,pz,1796,109,3,1,False,0.0122303795,0.49394402,0.004447795,0.4893778
42,7,none,pz,1797,109,2,3,False,0.020666748,0.050924353,0.29972434,0.62868464
42,7,none,pz,1798,109,3,1,False,0.00502126,0.82412064,0.0007245966,0.17013343
42,7,none,pz,1799,109,2,3,False,0.013148206,0.1011938,0.0061994344,0.87945855
42,7,none,pz,1800,109,2,3,False,0.019681249,0.010041975,0.13997748,0.83029926
42,7,none,pz,1801,109,3,3,True,0.1479067,0.092686534,0.3100409,0.44936588
42,7,none,pz,1802,109,3,3,True,0.3662599,0.05716178,0.088567026,0.4880113
42,7,none,fcz,0,90,0,0,True,0.7276009,0.0070708604,0.0074631227,0.25786516
42,7,none,fcz,1,90,1,1,True,0.033052877,0.959347,0.0008704231,0.006729679
42,7,none,fcz,2,90,1,1,True,0.00043111356,0.9990695,4.062493e-06,0.00049535575
42,7,none,fcz,3,90,0,0,True,0.8995127,0.0075698034,0.01501979,0.077897705
42,7,none,fcz,4,90,1,1,True,0.0048973076,0.99208426,0.0010055318,0.0020129548
42,7,none,fcz,5,90,0,0,True,0.9110593,0.0008112017,0.018039238,0.07009022
42,7,none,fcz,6,90,1,1,True,0.06301431,0.9052215,0.00045821044,0.031306047
42,7,none,fcz,7,90,0,0,True,0.98352575,0.0067274976,0.00078306376,0.008963669
42,7,none,fcz,8,90,0,0,True,0.5965311,0.202298,0.0032443688,0.19792658
42,7,none,fcz,9,90,1,1,True,7.2916075e-05,0.99929523,0.0003273483,0.0003044513
42,7,none,fcz,10,90,0,0,True,0.5536687,0.4215758,0.010891982,0.013863515
42,7,none,fcz,11,90,1,1,True,0.00022956138,0.9997378,1.1933937e-05,2.0733753e-05
42,7,none,fcz,12,90,0,0,True,0.7703112,0.00455628,0.014469812,0.21066275
42,7,none,fcz,13,90,1,2,False,0.10744664,0.27134386,0.57588166,0.045327812
42,7,none,fcz,14,90,1,1,True,0.013230213,0.97963035,0.006777277,0.000362131
42,7,none,fcz,15,90,3,1,False,0.2797937,0.5242882,0.08863487,0.10728322
42,7,none,fcz,16,90,2,2,True,0.046936464,0.034047175,0.5768565,0.34215987
42,7,none,fcz,17,90,2,3,False,0.1621676,0.06426926,0.07814118,0.69542193
42,7,none,fcz,18,90,3,3,True,0.0624486,0.026224397,0.006662591,0.90466434
42,7,none,fcz,19,90,3,3,True,0.024188176,0.035429906,0.07817598,0.862206
42,7,none,fcz,20,90,2,1,False,0.21093358,0.5535685,0.22072747,0.014770454
42,7,none,fcz,21,90,3,3,True,0.030073564,0.05125145,0.052426383,0.8662486
42,7,none,fcz,22,90,2,1,False,0.41047198,0.4594548,0.089301184,0.040772084
42,7,none,fcz,23,90,2,2,True,0.058755487,0.050753377,0.55375844,0.33673272
42,7,none,fcz,24,90,3,0,False,0.648058,0.2734834,0.034798797,0.043659855
42,7,none,fcz,25,90,2,2,True,0.18548274,0.22465277,0.5487152,0.04114934
42,7,none,fcz,26,90,3,3,True,0.24590968,0.28715697,0.10050155,0.36643177
42,7,none,fcz,27,90,3,3,True,0.14611244,0.040036164,0.08474419,0.7291072
42,7,none,fcz,28,90,2,1,False,0.25684908,0.43981448,0.106683984,0.19665246
42,7,none,fcz,29,90,2,1,False,0.02070572,0.6835696,0.26767585,0.028048757
42,7,none,fcz,30,90,1,1,True,0.015968872,0.9835435,0.00035440992,0.00013320343
42,7,none,fcz,31,90,0,0,True,0.71429527,0.14324151,0.050193816,0.0922694
42,7,none,fcz,32,90,1,1,True,5.1034635e-06,0.9999052,2.68005e-06,8.701323e-05
42,7,none,fcz,33,90,0,0,True,0.86806834,0.027884565,0.04860699,0.055440154
42,7,none,fcz,34,90,1,1,True,0.008009517,0.95477355,0.009543033,0.027673915
42,7,none,fcz,35,90,0,0,True,0.40475756,0.17033704,0.37421474,0.050690614
42,7,none,fcz,36,90,1,1,True,0.012049878,0.8225183,0.002533004,0.16289885
42,7,none,fcz,37,90,0,0,True,0.9017069,0.07949832,0.0073770136,0.011417797
42,7,none,fcz,38,90,1,1,True,0.006528624,0.9235892,0.06621053,0.0036715963
42,7,none,fcz,39,90,0,0,True,0.5797029,0.07098356,0.1301602,0.21915334
42,7,none,fcz,40,90,1,1,True,0.12784001,0.8357513,0.0069094924,0.029499285
42,7,none,fcz,41,90,0,0,True,0.49685997,0.0016208708,0.20829253,0.29322657
42,7,none,fcz,42,90,1,1,True,0.00250023,0.9795904,0.01576928,0.002140116
42,7,none,fcz,43,90,0,2,False,0.18422128,0.25856715,0.38411987,0.17309172
42,7,none,fcz,44,90,1,1,True,1.4560134e-05,0.99737597,0.0024076656,0.00020183103
42,7,none,fcz,45,90,2,2,True,0.19670811,0.03462002,0.48756567,0.28110623
42,7,none,fcz,46,90,3,2,False,0.044771682,0.016413322,0.59508216,0.34373283
42,7,none,fcz,47,90,3,3,True,0.034519143,0.1118888,0.06863759,0.7849544
42,7,none,fcz,48,90,2,3,False,0.06471071,0.016495358,0.15476064,0.7640333
42,7,none,fcz,49,90,3,3,True,0.057341486,0.3419287,0.083333485,0.51739633
42,7,none,fcz,50,90,2,2,True,0.05328867,0.09246774,0.6031237,0.25111982
42,7,none,fcz,51,90,3,3,True,0.01316858,0.03805202,0.006245227,0.9425342
42,7,none,fcz,52,90,2,3,False,0.076405555,0.30797455,0.28058815,0.3350317
42,7,none,fcz,53,90,3,3,True,0.19265805,0.023042923,0.2765836,0.50771546
42,7,none,fcz,54,90,2,3,False,0.17055675,0.074780144,0.30337632,0.45128682
42,7,none,fcz,55,90,2,2,True,0.044202596,0.36887807,0.4196015,0.16731787
42,7,none,fcz,56,90,3,2,False,0.044955272,0.011750147,0.6887296,0.254565
42,7,none,fcz,57,90,2,2,True,0.026682882,0.028253008,0.70720166,0.23786242
42,7,none,fcz,58,90,3,3,True,0.14281163,0.010676392,0.14733692,0.69917506
42,7,none,fcz,59,90,3,3,True,0.060781837,0.13691437,0.13679774,0.66550606
42,7,none,fcz,60,90,1,1,True,0.008971366,0.9751109,0.013632899,0.0022848246
42,7,none,fcz,61,90,0,0,True,0.84589475,0.06742107,0.018817114,0.06786711
42,7,none,fcz,62,90,1,1,True,0.005250677,0.9931225,0.0014432808,0.0001835555
42,7,none,fcz,63,90,0,0,True,0.54783356,0.02899361,0.18088417,0.24228865
42,7,none,fcz,64,90,0,0,True,0.96794355,0.00027511234,0.028392384,0.0033890922
42,7,none,fcz,65,90,1,1,True,0.00049806,0.99842465,0.0009513791,0.00012591477
42,7,none,fcz,66,90,1,1,True,0.0042699687,0.93579245,0.056632545,0.0033050906
42,7,none,fcz,67,90,0,0,True,0.88359714,0.0070168376,0.025374439,0.084011614
42,7,none,fcz,68,90,0,0,True,0.9745059,0.0038191015,0.016650172,0.0050248364
42,7,none,fcz,69,90,1,3,False,0.085856445,0.14377156,0.16806664,0.60230535
42,7,none,fcz,70,90,1,1,True,0.0036732412,0.98990566,0.0010447138,0.0053762957
42,7,none,fcz,71,90,0,0,True,0.3884415,0.060576085,0.34676287,0.20421958
42,7,none,fcz,72,90,1,2,False,0.01834794,0.21800001,0.56582403,0.197828
42,7,none,fcz,73,90,0,0,True,0.6514903,0.06034239,0.27569473,0.012472582
42,7,none,fcz,74,90,0,0,True,0.70889586,0.021598406,0.06948747,0.20001829
42,7,none,fcz,75,90,2,3,False,0.00728008,0.01859221,0.28789145,0.68623626
42,7,none,fcz,76,90,3,0,False,0.9371158,0.025101421,0.020139012,0.017643662
42,7,none,fcz,77,90,2,2,True,0.13065359,0.13050076,0.63592005,0.10292552
42,7,none,fcz,78,90,3,3,True,0.031364,0.019626059,0.09401466,0.85499525
42,7,none,fcz,79,90,2,1,False,0.0016076452,0.9327445,0.06315892,0.0024888786
42,7,none,fcz,80,90,3,1,False,0.12140773,0.4742846,0.17725848,0.22704922
42,7,none,fcz,81,90,2,2,True,0.015238035,0.015419501,0.57272726,0.39661524
42,7,none,fcz,82,90,3,2,False,0.05891895,0.32843548,0.37845603,0.23418957
42,7,none,fcz,83,90,2,2,True,0.029389158,0.013594998,0.937263,0.01975279
42,7,none,fcz,84,90,3,3,True,0.02188516,0.09428495,0.32451496,0.5593149
42,7,none,fcz,85,90,2,0,False,0.40244243,0.22458048,0.21792279,0.15505436
42,7,none,fcz,86,90,3,3,True,0.3034937,0.12650783,0.04466902,0.5253294
42,7,none,fcz,87,90,3,0,False,0.47250107,0.18613088,0.22130257,0.12006549
42,7,none,fcz,88,90,2,2,True,0.02851945,0.06542568,0.47181064,0.4342442
42,7,none,fcz,89,90,3,1,False,0.26340163,0.5306299,0.03428741,0.17168108
42,7,none,fcz,90,91,0,0,True,0.46272877,0.3927658,0.104252726,0.040252734
42,7,none,fcz,91,91,1,0,False,0.41725928,0.25000143,0.12389676,0.2088425
42,7,none,fcz,92,91,0,2,False,0.084326915,0.13485916,0.5092838,0.2715301
42,7,none,fcz,93,91,1,1,True,0.0036885964,0.90488726,0.0126731135,0.07875099
42,7,none,fcz,94,91,1,1,True,7.484313e-05,0.999856,4.1929048e-05,2.7155465e-05
42,7,none,fcz,95,91,0,0,True,0.9927356,0.004411714,0.0012645589,0.0015880822
42,7,none,fcz,96,91,1,1,True,0.04476607,0.9514926,0.0025176047,0.0012238052
42,7,none,fcz,97,91,0,0,True,0.8043672,0.13206467,0.005210058,0.058358055
42,7,none,fcz,98,91,0,0,True,0.9990631,0.0005655046,0.00018985063,0.00018167456
42,7,none,fcz,99,91,1,1,True,0.04470327,0.8211496,0.016652672,0.11749435
42,7,none,fcz,100,91,0,0,True,0.99910825,0.0003181867,0.00024998904,0.00032348608
42,7,none,fcz,101,91,1,1,True,0.009642388,0.5454146,0.38079706,0.06414593
42,7,none,fcz,102,91,1,1,True,0.0011832414,0.9935905,0.00093651656,0.004289683
42,7,none,fcz,103,91,0,0,True,0.9860627,0.0012965931,0.011284926,0.001355829
42,7,none,fcz,104,91,0,0,True,0.99009025,0.005367088,0.004351022,0.00019164298
42,7,none,fcz,105,91,2,3,False,0.0021329941,0.3155702,0.046933994,0.63536286
42,7,none,fcz,106,91,3,1,False,0.0015510555,0.5296979,0.085241474,0.3835096
42,7,none,fcz,107,91,3,3,True,0.011486457,0.14763185,0.013248796,0.8276329
42,7,none,fcz,108,91,2,2,True,0.0023504659,0.04255464,0.94958806,0.0055068457
42,7,none,fcz,109,91,2,2,True,0.002482313,0.04303368,0.8746201,0.07986394
42,7,none,fcz,110,91,3,2,False,0.118108734,0.21900079,0.4098401,0.25305036
42,7,none,fcz,111,91,3,3,True,0.0020056427,0.35633925,0.029997732,0.6116574
42,7,none,fcz,112,91,2,1,False,0.09597995,0.5499486,0.27730024,0.076771244
42,7,none,fcz,113,91,3,2,False,0.051267385,0.021267962,0.84066784,0.08679691
42,7,none,fcz,114,91,2,2,True,0.00063779065,0.06384227,0.93479633,0.0007236587
42,7,none,fcz,115,91,3,2,False,0.0021427746,0.025110062,0.9374764,0.035270832
42,7,none,fcz,116,91,2,1,False,0.06402954,0.3870747,0.2928914,0.25600433
42,7,none,fcz,117,91,2,3,False,0.0053562433,0.11298325,0.30666232,0.57499814
42,7,none,fcz,118,91,3,2,False,0.041861586,0.10725544,0.7642091,0.08667386
42,7,none,fcz,119,91,2,2,True,0.00042397718,0.26185122,0.72771406,0.010010745
42,7,none,fcz,120,91,0,0,True,0.8829053,0.096077904,0.014385252,0.0066315
42,7,none,fcz,121,91,1,3,False,0.049056683,0.035204083,0.39436704,0.52137214
42,7,none,fcz,122,91,1,1,True,0.0055123433,0.9453723,0.027562514,0.021552887
42,7,none,fcz,123,91,0,3,False,0.0044034133,0.11115008,0.05600882,0.82843775
42,7,none,fcz,124,91,0,0,True,0.99032146,0.006652766,0.0014558649,0.0015698946
42,7,none,fcz,125,91,1,1,True,0.033150766,0.3429126,0.32444674,0.29948986
42,7,none,fcz,126,91,1,1,True,7.331877e-05,0.9122042,0.076184444,0.011538062
42,7,none,fcz,127,91,0,3,False,0.044439275,0.04963796,0.21319513,0.6927277
42,7,none,fcz,128,91,0,0,True,0.99959844,2.5930387e-05,5.5675515e-05,0.00031991294
42,7,none,fcz,129,91,1,1,True,0.0019376115,0.96253884,0.014720133,0.020803448
42,7,none,fcz,130,91,1,3,False,0.0013441727,0.4036509,0.050201714,0.5448032
42,7,none,fcz,131,91,0,0,True,0.9925835,0.0006475673,0.0065711616,0.00019776978
42,7,none,fcz,132,91,1,1,True,0.023139907,0.9171167,0.009469522,0.050273888
42,7,none,fcz,133,91,0,3,False,0.01236764,0.03314529,0.0020436298,0.9524435
42,7,none,fcz,134,91,1,0,False,0.7825389,0.0018964441,0.086329445,0.12923522
42,7,none,fcz,135,91,2,1,False,0.13286556,0.68060994,0.039450303,0.14707421
42,7,none,fcz,136,91,3,2,False,0.03188152,0.10008893,0.57586956,0.29215997
42,7,none,fcz,137,91,2,2,True,0.12748775,0.30734295,0.3581919,0.20697743
42,7,none,fcz,138,91,3,2,False,0.009460728,0.018573236,0.77104074,0.20092529
42,7,none,fcz,139,91,2,3,False,0.0056814877,0.12259971,0.29445007,0.5772687
42,7,none,fcz,140,91,3,3,True,5.3046704e-05,0.0034827008,0.002668912,0.9937954
42,7,none,fcz,141,91,2,2,True,0.010190863,0.04122645,0.9474375,0.0011451116
42,7,none,fcz,142,91,3,3,True,0.0026015518,0.00859208,0.032102354,0.95670396
42,7,none,fcz,143,91,2,1,False,0.0023112313,0.69696873,0.23880376,0.06191629
42,7,none,fcz,144,91,3,3,True,0.00023287283,0.21349466,0.32051912,0.4657533
42,7,none,fcz,145,91,3,3,True,0.014533208,0.08342843,0.0050675105,0.89697087
42,7,none,fcz,146,91,2,0,False,0.57130736,0.0068739606,0.009396773,0.41242188
42,7,none,fcz,147,91,2,3,False,0.0009376335,0.08451705,0.04238986,0.8721555
42,7,none,fcz,148,91,3,3,True,0.053119518,0.08139707,0.29172468,0.5737587
42,7,none,fcz,149,91,3,3,True,0.0014849553,0.34874728,0.006380558,0.64338714
42,7,none,fcz,150,91,1,1,True,1.0985382e-07,0.999597,0.00038406215,1.8862698e-05
42,7,none,fcz,151,91,0,3,False,0.19119732,0.057638597,0.014395583,0.73676854
42,7,none,fcz,152,91,1,1,True,0.0008214056,0.81556743,0.020052379,0.16355869
42,7,none,fcz,153,91,0,0,True,0.95366186,0.00025232282,0.03926568,0.0068202075
42,7,none,fcz,154,91,0,2,False,0.06475185,0.0062775505,0.9287188,0.00025177005
42,7,none,fcz,155,91,1,2,False,0.0118788015,0.0015522324,0.96218437,0.024384616
42,7,none,fcz,156,91,1,2,False,6.0423616e-05,0.24954489,0.7404585,0.009936248
42,7,none,fcz,157,91,0,0,True,0.9989992,0.00024387953,0.0005277845,0.0002291093
42,7,none,fcz,158,91,0,0,True,0.9352153,0.031960513,0.018717313,0.014106892
42,7,none,fcz,159,91,1,3,False,0.01609919,0.3278209,0.038302865,0.61777705
42,7,none,fcz,160,91,0,0,True,0.94306165,0.016237486,0.033901744,0.006799011
42,7,none,fcz,161,91,1,1,True,0.00029556383,0.98444504,0.0028647399,0.012394609
42,7,none,fcz,162,91,1,2,False,0.0536803,0.30419803,0.52017534,0.1219463
42,7,none,fcz,163,91,0,0,True,0.72353864,0.0012244392,0.13115726,0.14407967
42,7,none,fcz,164,91,1,2,False,0.0045345863,0.065870404,0.7974851,0.13210991
42,7,none,fcz,165,91,2,2,True,0.005600367,0.0011941355,0.9673246,0.025880812
42,7,none,fcz,166,91,3,2,False,0.035993487,0.035535954,0.8232832,0.10518736
42,7,none,fcz,167,91,3,2,False,8.977709e-05,0.037143175,0.8796546,0.083112374
42,7,none,fcz,168,91,2,2,True,0.0026452027,0.09731114,0.8425733,0.057470396
42,7,none,fcz,169,91,2,2,True,0.0009784632,0.0008136553,0.7641053,0.23410258
42,7,none,fcz,170,91,3,2,False,0.0075426186,0.18008085,0.50957394,0.30280262
42,7,none,fcz,171,91,3,3,True,0.0014940466,0.03147477,0.09990498,0.86712617
42,7,none,fcz,172,91,2,2,True,0.00048586202,0.054819193,0.75941116,0.18528378
42,7,none,fcz,173,91,3,3,True,0.0042540673,0.20099504,0.15243766,0.64231324
42,7,none,fcz,174,91,2,2,True,0.05126944,0.0070523247,0.47652662,0.4651516
42,7,none,fcz,175,91,2,2,True,0.0008574218,0.04533375,0.91245407,0.04135468
42,7,none,fcz,176,91,3,2,False,0.008358737,0.1253891,0.5333795,0.33287266
42,7,none,fcz,177,91,3,3,True,0.20614707,0.024416074,0.335288,0.43414882
42,7,none,fcz,178,91,2,2,True,0.011138644,0.39897054,0.549127,0.04076382
42,7,none,fcz,179,91,3,3,True,0.0020279433,0.052642908,0.42835724,0.5169719
42,7,none,fcz,180,92,1,3,False,0.13993815,0.109197184,0.020616796,0.73024786
42,7,none,fcz,181,92,0,3,False,0.08466904,0.15957761,0.033162776,0.72259057
42,7,none,fcz,182,92,1,2,False,0.3708887,0.09934878,0.44074038,0.089022025
42,7,none,fcz,183,92,0,2,False,0.21898004,0.030360809,0.7437758,0.006883408
42,7,none,fcz,184,92,0,0,True,0.59129685,0.14206964,0.16252594,0.1041076
42,7,none,fcz,185,92,1,1,True,0.0052452725,0.9870099,0.0055336035,0.0022111905
42,7,none,fcz,186,92,0,0,True,0.97026676,0.015759252,0.008145249,0.005828847
42,7,none,fcz,187,92,1,1,True,0.1202161,0.87839776,0.0012560579,0.00013012368
42,7,none,fcz,188,92,1,1,True,0.0010005671,0.99886596,2.3027258e-05,0.000110536
42,7,none,fcz,189,92,0,2,False,0.32999405,0.019494347,0.6224863,0.028025324
42,7,none,fcz,190,92,0,0,True,0.8989878,0.038622268,0.02122459,0.04116539
42,7,none,fcz,191,92,1,0,False,0.4469538,0.10385805,0.04475503,0.4044331
42,7,none,fcz,192,92,0,0,True,0.9612363,0.026023516,0.011837691,0.00090260437
42,7,none,fcz,193,92,1,1,True,0.014151513,0.61171556,0.037345294,0.33678767
42,7,none,fcz,194,92,0,0,True,0.52184254,0.13858113,0.2749435,0.06463282
42,7,none,fcz,195,92,1,1,True,0.028680472,0.9554885,0.002532384,0.013298685
42,7,none,fcz,196,92,1,1,True,0.0029403775,0.9953793,0.0011889301,0.00049141265
42,7,none,fcz,197,92,0,0,True,0.99170566,0.0060264445,0.0014834201,0.00078451
42,7,none,fcz,198,92,1,1,True,0.013434314,0.80570656,0.17583919,0.005020037
42,7,none,fcz,199,92,2,0,False,0.43439576,0.15599445,0.22603811,0.18357164
42,7,none,fcz,200,92,3,0,False,0.520584,0.062969506,0.11185355,0.30459294
42,7,none,fcz,201,92,2,3,False,0.29798117,0.025289988,0.16091816,0.51581067
42,7,none,fcz,202,92,3,3,True,0.22045293,0.04830754,0.25004044,0.48119915
42,7,none,fcz,203,92,2,0,False,0.43881133,0.30779448,0.24426082,0.009133369
42,7,none,fcz,204,92,3,3,True,0.04989111,0.2641054,0.12896958,0.5570339
42,7,none,fcz,205,92,2,2,True,0.11362666,0.30381855,0.3844273,0.19812748
42,7,none,fcz,206,92,3,1,False,0.30206853,0.3904874,0.042372577,0.2650715
42,7,none,fcz,207,92,3,1,False,0.33686885,0.41692513,0.15584509,0.09036094
42,7,none,fcz,208,92,2,0,False,0.702533,0.047262605,0.1832958,0.0669086
42,7,none,fcz,209,92,2,2,True,0.0019241419,0.10006412,0.8939741,0.0040375884
42,7,none,fcz,210,92,3,1,False,0.04290309,0.75853705,0.0026389179,0.19592099
42,7,none,fcz,211,92,3,3,True,0.14072472,0.31896147,0.03724749,0.50306636
42,7,none,fcz,212,92,2,1,False,0.10131083,0.777351,0.0129914945,0.10834663
42,7,none,fcz,213,92,3,0,False,0.53286463,0.27937952,0.055756792,0.13199899
42,7,none,fcz,214,92,2,0,False,0.92697626,0.04691562,0.022274187,0.0038338625
42,7,none,fcz,215,92,2,3,False,0.035059474,0.1347018,0.24132502,0.58891374
42,7,none,fcz,216,92,3,1,False,0.015794124,0.7844619,0.064167894,0.13557614
42,7,none,fcz,217,92,2,2,True,0.007945051,0.18434748,0.7819701,0.025737436
42,7,none,fcz,218,92,0,0,True,0.99856347,0.00015128139,0.00089892565,0.00038630358
42,7,none,fcz,219,92,1,1,True,0.28822398,0.6958403,0.011564282,0.0043714023
42,7,none,fcz,220,92,0,0,True,0.90753585,0.07471362,0.013259663,0.0044908505
42,7,none,fcz,221,92,1,1,True,0.14301533,0.8158513,0.015703913,0.02542951
42,7,none,fcz,222,92,1,1,True,0.091838814,0.8992155,0.008236932,0.00070866634
42,7,none,fcz,223,92,0,0,True,0.929692,0.051376034,0.012153247,0.006778625
42,7,none,fcz,224,92,1,1,True,0.0036206797,0.98456997,8.2402716e-05,0.011727031
42,7,none,fcz,225,92,0,1,False,0.14070702,0.83733803,0.019828614,0.00212629
42,7,none,fcz,226,92,0,0,True,0.9846384,0.01263684,0.000313334,0.0024115222
42,7,none,fcz,227,92,1,1,True,0.004827861,0.9817441,0.0064915563,0.006936382
42,7,none,fcz,228,92,1,1,True,0.00013405862,0.9948074,0.0008698633,0.0041887825
42,7,none,fcz,229,92,0,0,True,0.9798614,0.0032154592,0.0073577017,0.00956541
42,7,none,fcz,230,92,1,1,True,0.0004867288,0.9988556,0.0003680127,0.00028963434
42,7,none,fcz,231,92,0,2,False,0.120158486,0.2002996,0.40560934,0.27393258
42,7,none,fcz,232,92,0,0,True,0.9908557,0.0016747204,0.0030888203,0.0043807873
42,7,none,fcz,233,92,1,1,True,0.00091491226,0.9985464,0.000108882676,0.00042968348
42,7,none,fcz,234,92,0,0,True,0.8048316,0.0017504432,0.13761182,0.055806063
42,7,none,fcz,235,92,1,1,True,0.0008118129,0.9912048,0.0071958653,0.0007874854
42,7,none,fcz,236,92,1,1,True,0.004907992,0.9940376,0.0001308774,0.0009235997
42,7,none,fcz,237,92,3,3,True,0.07080149,0.24477413,0.014370905,0.6700535
42,7,none,fcz,238,92,2,3,False,0.31540102,0.10584475,0.030672291,0.54808193
42,7,none,fcz,239,92,3,1,False,0.3687648,0.42745677,0.050644677,0.15313374
42,7,none,fcz,240,92,2,1,False,0.10244732,0.44131932,0.3869969,0.06923642
42,7,none,fcz,241,92,2,2,True,0.19366618,0.31687033,0.45066732,0.038796127
42,7,none,fcz,242,92,3,2,False,0.13856082,0.14196806,0.6555285,0.063942626
42,7,none,fcz,243,92,2,0,False,0.40062958,0.2737461,0.19851887,0.12710541
42,7,none,fcz,244,92,3,1,False,0.29659295,0.5183488,0.16312596,0.021932302
42,7,none,fcz,245,92,2,2,True,0.22951348,0.17373028,0.5077097,0.08904655
42,7,none,fcz,246,92,3,3,True,0.0073088757,0.22179611,0.09984551,0.6710495
42,7,none,fcz,247,92,2,2,True,0.03800938,0.23514427,0.5016766,0.2251698
42,7,none,fcz,248,92,3,1,False,0.013685368,0.45894375,0.1416717,0.3856992
42,7,none,fcz,249,92,3,3,True,0.03830352,0.24697763,0.011441809,0.70327705
42,7,none,fcz,250,92,2,2,True,0.033734858,0.26475736,0.6842812,0.01722667
42,7,none,fcz,251,92,3,3,True,0.019966047,0.0233741,0.043786585,0.91287327
42,7,none,fcz,252,92,2,0,False,0.43328288,0.055945218,0.3492761,0.16149577
42,7,none,fcz,253,92,2,2,True,0.3243433,0.117436476,0.5442671,0.013953156
42,7,none,fcz,254,92,3,0,False,0.44055974,0.05691257,0.40572512,0.09680255
42,7,none,fcz,255,92,2,2,True,0.026268953,0.29527515,0.6612027,0.017253175
42,7,none,fcz,256,92,0,0,True,0.9912884,0.006385211,0.000108187574,0.002218097
42,7,none,fcz,257,92,1,0,False,0.77721965,0.19972502,0.020750338,0.0023050325
42,7,none,fcz,258,92,1,1,True,0.005182237,0.98734206,0.0014349084,0.006040882
42,7,none,fcz,259,92,0,0,True,0.9284775,0.011332156,0.011346809,0.048843432
42,7,none,fcz,260,92,0,0,True,0.80795974,0.020457327,0.0424754,0.12910753
42,7,none,fcz,261,92,1,1,True,0.011292618,0.978647,0.0087327445,0.0013276592
42,7,none,fcz,262,92,1,1,True,0.010633751,0.841402,0.011888806,0.13607544
42,7,none,fcz,263,92,0,0,True,0.89904004,0.04319645,0.054110896,0.0036526239
42,7,none,fcz,264,92,0,0,True,0.9248575,0.018216617,0.041230563,0.01569531
42,7,none,fcz,265,92,1,1,True,0.0010996307,0.99869245,5.0679988e-05,0.00015729343
42,7,none,fcz,266,92,0,0,True,0.828145,0.14597738,0.02121618,0.004661482
42,7,none,fcz,267,92,1,1,True,0.27783054,0.42818078,0.14309259,0.1508961
42,7,none,fcz,268,92,0,0,True,0.93911415,0.052584764,0.0036379218,0.004663125
42,7,none,fcz,269,92,1,1,True,0.0016211794,0.95583665,0.038366675,0.004175544
42,7,none,fcz,270,92,1,1,True,0.035528503,0.9349526,0.022579864,0.006939002
42,7,none,fcz,271,92,0,0,True,0.910252,0.07468768,0.0063394927,0.008720852
42,7,none,fcz,272,92,1,1,True,0.08975829,0.8622834,0.04366511,0.004293261
42,7,none,fcz,273,92,0,2,False,0.4810201,0.02164298,0.48452303,0.012813945
42,7,none,fcz,274,92,1,2,False,0.095232755,0.29203197,0.52830106,0.084434226
42,7,none,fcz,275,92,3,1,False,0.16522774,0.62410814,0.0904967,0.12016746
42,7,none,fcz,276,92,2,1,False,0.2656684,0.3948171,0.07456068,0.26495388
42,7,none,fcz,277,92,3,3,True,0.016120125,0.24541076,0.15647869,0.58199036
42,7,none,fcz,278,92,2,1,False,0.15598062,0.60181296,0.15223265,0.08997378
42,7,none,fcz,279,92,3,2,False,0.2337778,0.003487473,0.5542492,0.20848548
42,7,none,fcz,280,92,2,0,False,0.512023,0.1757377,0.26242486,0.049814485
42,7,none,fcz,281,92,3,3,True,0.009433094,0.37747043,0.22592619,0.38717028
42,7,none,fcz,282,92,2,1,False,0.098740034,0.67952013,0.1927992,0.028940577
42,7,none,fcz,283,92,2,2,True,0.006393468,0.19581673,0.7917998,0.00599004
42,7,none,fcz,284,92,3,1,False,0.2553359,0.5193228,0.18274276,0.042598557
42,7,none,fcz,285,92,3,1,False,0.0041993503,0.5873115,0.027455673,0.38103348
42,7,none,fcz,286,92,2,1,False,0.10773592,0.67119807,0.19125167,0.029814404
42,7,none,fcz,287,92,2,1,False,0.016936697,0.9587448,0.017836433,0.0064820587
42,7,none,fcz,288,92,3,1,False,0.27895656,0.48643315,0.06311225,0.17149799
42,7,none,fcz,289,92,3,3,True,0.015397491,0.26131484,0.0068177343,0.71646994
42,7,none,fcz,290,92,2,1,False,0.13149366,0.49550983,0.09005408,0.28294244
42,7,none,fcz,291,92,2,0,False,0.5747046,0.034538858,0.111997336,0.27875918
42,7,none,fcz,292,92,3,3,True,0.31221485,0.088605784,0.100417174,0.49876222
42,7,none,fcz,293,92,2,1,False,0.07052256,0.8686466,0.022613931,0.038216807
42,7,none,fcz,294,93,1,1,True,0.13824025,0.6719083,0.014702818,0.1751486
42,7,none,fcz,295,93,0,1,False,0.1853559,0.6652428,0.08590119,0.06350007
42,7,none,fcz,296,93,1,1,True,5.2845804e-05,0.9959512,0.000982676,0.0030132465
42,7,none,fcz,297,93,0,1,False,0.4012643,0.4552986,0.060699657,0.0827374
42,7,none,fcz,298,93,1,2,False,0.007804261,0.30057305,0.6364106,0.05521215
42,7,none,fcz,299,93,0,3,False,0.06854705,0.18990025,0.25961447,0.4819382
42,7,none,fcz,300,93,0,0,True,0.9856682,0.013377539,0.00028793342,0.0006663486
42,7,none,fcz,301,93,1,1,True,0.010245582,0.7612437,0.06706492,0.16144584
42,7,none,fcz,302,93,1,0,False,0.7187356,0.01378059,0.2224199,0.04506396
42,7,none,fcz,303,93,0,0,True,0.59836143,0.21263386,0.14614263,0.042862028
42,7,none,fcz,304,93,1,1,True,0.007348846,0.85876745,0.048168994,0.08571476
42,7,none,fcz,305,93,0,0,True,0.9991825,0.00030034146,6.688831e-05,0.00045009502
42,7,none,fcz,306,93,1,1,True,0.0021330945,0.83159024,0.048276365,0.11800046
42,7,none,fcz,307,93,0,0,True,0.99992454,1.532346e-05,2.1358579e-05,3.869502e-05
42,7,none,fcz,308,93,0,0,True,0.9815668,0.007976573,0.004714954,0.00574169
42,7,none,fcz,309,93,3,3,True,0.0015005346,0.038847115,0.0009202668,0.9587321
42,7,none,fcz,310,93,2,1,False,0.00236802,0.88489527,0.06349447,0.049242303
42,7,none,fcz,311,93,2,2,True,0.019138422,0.26460874,0.5041697,0.21208322
42,7,none,fcz,312,93,3,3,True,0.027677651,0.017460609,0.0019347867,0.95292693
42,7,none,fcz,313,93,3,3,True,0.00030613944,0.016078543,0.0015318085,0.98208356
42,7,none,fcz,314,93,2,2,True,0.09728294,0.34562656,0.44386584,0.11322465
42,7,none,fcz,315,93,3,1,False,0.007071335,0.7718121,0.13894956,0.08216702
42,7,none,fcz,316,93,2,2,True,0.00011425748,0.0012156703,0.99863607,3.406045e-05
42,7,none,fcz,317,93,2,2,True,0.22677374,0.07859048,0.65072864,0.04390712
42,7,none,fcz,318,93,3,3,True,0.015805911,0.16241525,0.011647121,0.8101317
42,7,none,fcz,319,93,3,0,False,0.7779402,0.02930032,0.0013227587,0.1914368
42,7,none,fcz,320,93,2,1,False,0.034450617,0.6013944,0.28474352,0.079411425
42,7,none,fcz,321,93,2,0,False,0.4739348,0.009804162,0.4476426,0.06861845
42,7,none,fcz,322,93,3,3,True,0.001931791,0.0032598819,0.0018899415,0.9929183
42,7,none,fcz,323,93,2,2,True,0.047368947,0.04724191,0.8706945,0.034694582
42,7,none,fcz,324,93,0,0,True,0.9996111,5.105932e-05,3.7665337e-05,0.00030031014
42,7,none,fcz,325,93,1,1,True,0.0041854284,0.50154257,0.10797151,0.38630053
42,7,none,fcz,326,93,1,1,True,9.2320604e-08,0.9998412,1.3484365e-06,0.00015731508
42,7,none,fcz,327,93,0,0,True,0.876844,0.009097389,0.100726835,0.013331822
42,7,none,fcz,328,93,0,0,True,0.9219203,0.0025858665,0.013842756,0.061651114
42,7,none,fcz,329,93,1,1,True,0.025843194,0.929321,0.021774929,0.02306083
42,7,none,fcz,330,93,0,3,False,0.14564596,0.27415383,0.17945558,0.4007446
42,7,none,fcz,331,93,1,1,True,0.002225594,0.8324222,0.06994745,0.09540475
42,7,none,fcz,332,93,1,1,True,0.009297586,0.635133,0.26796705,0.08760236
42,7,none,fcz,333,93,0,3,False,0.36239287,0.10092054,0.062183525,0.474503
42,7,none,fcz,334,93,1,1,True,0.009561258,0.47874427,0.09619715,0.41549733
42,7,none,fcz,335,93,0,0,True,0.9636355,0.0012231123,0.03257366,0.002567797
42,7,none,fcz,336,93,0,0,True,0.9922496,0.00033049224,0.0003070481,0.007112883
42,7,none,fcz,337,93,1,2,False,0.00832548,0.1903417,0.7419663,0.059366517
42,7,none,fcz,338,93,0,3,False,0.37440038,0.00047386248,0.050734855,0.5743909
42,7,none,fcz,339,93,2,0,False,0.80095404,0.05481684,0.13636842,0.007860643
42,7,none,fcz,340,93,3,3,True,0.00039099986,0.0009435358,0.0016332678,0.99703217
42,7,none,fcz,341,93,3,3,True,0.010370167,0.17294751,0.061255906,0.75542635
42,7,none,fcz,342,93,2,2,True,0.15489396,0.28332964,0.3711683,0.19060813
42,7,none,fcz,343,93,2,1,False,0.002223517,0.9339715,0.05059991,0.013205079
42,7,none,fcz,344,93,3,1,False,0.0005881129,0.54763055,0.0006764872,0.4511049
42,7,none,fcz,345,93,3,3,True,0.00018203713,0.0013953651,0.00030087619,0.9981217
42,7,none,fcz,346,93,2,1,False,0.030560149,0.6572118,0.2862017,0.026026301
42,7,none,fcz,347,93,3,3,True,0.040758714,0.009076368,0.0048992014,0.94526577
42,7,none,fcz,348,93,2,1,False,0.010996702,0.7227419,0.07938527,0.18687603
42,7,none,fcz,349,93,3,1,False,0.027302252,0.38878816,0.22824799,0.35566163
42,7,none,fcz,350,93,2,2,True,0.012202203,0.0731075,0.85401076,0.06067951
42,7,none,fcz,351,93,3,3,True,0.00158774,0.0052721426,0.003057877,0.9900822
42,7,none,fcz,352,93,2,2,True,0.10941635,0.10558551,0.725645,0.05935318
42,7,none,fcz,353,93,2,2,True,0.08443907,0.30112895,0.31877232,0.29565966
42,7,none,fcz,354,93,0,1,False,0.2425388,0.62909544,0.06591377,0.06245204
42,7,none,fcz,355,93,1,2,False,0.0065281615,0.25018165,0.56966716,0.17362304
42,7,none,fcz,356,93,0,0,True,0.9544962,0.002589702,0.037333112,0.0055809203
42,7,none,fcz,357,93,1,1,True,0.00022677485,0.99874383,0.00010086939,0.00092849944
42,7,none,fcz,358,93,1,1,True,0.0003541978,0.9736549,0.00054594595,0.025444802
42,7,none,fcz,359,93,0,0,True,0.96503353,0.021996688,0.003301878,0.009667975
42,7,none,fcz,360,93,1,3,False,0.0052409787,0.2350466,0.2617608,0.4979516
42,7,none,fcz,361,93,0,1,False,0.027245576,0.9265691,0.0010600198,0.045125317
42,7,none,fcz,362,93,1,1,True,0.016859744,0.967119,0.0038884503,0.0121329
42,7,none,fcz,363,93,0,0,True,0.9781108,0.0008280896,0.0046559414,0.016405089
42,7,none,fcz,364,93,0,0,True,0.992077,0.0017234196,0.0012447182,0.004954806
42,7,none,fcz,365,93,1,3,False,0.0016939272,0.0663972,0.075681925,0.856227
42,7,none,fcz,366,93,1,1,True,0.00023911415,0.98431164,0.0013867083,0.014062494
42,7,none,fcz,367,93,0,1,False,0.0482195,0.79678094,0.045695994,0.10930353
42,7,none,fcz,368,93,1,1,True,0.010209985,0.9407108,0.03317729,0.015901867
42,7,none,fcz,369,93,2,0,False,0.6713995,0.13855061,0.067515,0.122534886
42,7,none,fcz,370,93,3,2,False,0.043997075,0.10083012,0.44460675,0.41056606
42,7,none,fcz,371,93,3,3,True,0.0103905,0.017827282,0.011727545,0.96005464
42,7,none,fcz,372,93,2,1,False,0.07166388,0.9185113,0.00849181,0.0013331206
42,7,none,fcz,373,93,3,1,False,0.00017493484,0.9497892,0.00028859437,0.049747173
42,7,none,fcz,374,93,2,1,False,0.00068782066,0.994282,0.0034826933,0.00154748
42,7,none,fcz,375,93,2,2,True,0.16295823,0.052202936,0.7025709,0.08226794
42,7,none,fcz,376,93,3,3,True,0.00010966908,0.029194133,0.0020443064,0.96865195
42,7,none,fcz,377,93,3,3,True,8.891715e-05,0.04947973,0.0021187258,0.9483127
42,7,none,fcz,378,93,2,2,True,0.01198681,0.024859004,0.67341655,0.28973758
42,7,none,fcz,379,93,2,2,True,0.049089924,0.2607794,0.41660106,0.27352965
42,7,none,fcz,380,93,3,3,True,0.037716564,0.02876609,0.027921494,0.9055959
42,7,none,fcz,381,93,3,3,True,0.02054047,0.016817901,0.15036681,0.8122748
42,7,none,fcz,382,93,2,1,False,5.6439774e-05,0.99767464,0.0019916864,0.0002771971
42,7,none,fcz,383,93,3,2,False,0.030630428,0.02927447,0.73136085,0.20873427
42,7,none,fcz,384,94,0,0,True,0.99877983,0.00053727196,0.00065519725,2.7771688e-05
42,7,none,fcz,385,94,1,1,True,0.00020927544,0.9869027,0.012607903,0.00028011765
42,7,none,fcz,386,94,1,1,True,0.025996001,0.5505974,0.3266405,0.09676616
42,7,none,fcz,387,94,0,0,True,0.9998802,5.88813e-05,4.035245e-05,2.0514046e-05
42,7,none,fcz,388,94,1,1,True,0.006985348,0.7416389,0.18235663,0.069019005
42,7,none,fcz,389,94,0,0,True,0.99503565,0.0038761713,0.00053815433,0.0005499892
42,7,none,fcz,390,94,1,2,False,0.0365163,0.029649947,0.9285896,0.0052440846
42,7,none,fcz,391,94,0,0,True,0.99914813,6.365281e-05,0.0005472554,0.00024094779
42,7,none,fcz,392,94,1,2,False,0.054030705,0.38362336,0.46759024,0.094755664
42,7,none,fcz,393,94,0,0,True,0.80818164,0.08816166,0.10348163,0.0001751011
42,7,none,fcz,394,94,0,0,True,0.9946839,0.00030395377,0.0015014882,0.0035106253
42,7,none,fcz,395,94,1,2,False,0.078448236,0.24718355,0.61955994,0.054808274
42,7,none,fcz,396,94,1,1,True,0.022729835,0.9358051,0.018668992,0.022796163
42,7,none,fcz,397,94,0,0,True,0.94376373,0.00084982073,0.044899136,0.010487349
42,7,none,fcz,398,94,1,1,True,0.050194543,0.7218201,0.09809232,0.12989311
42,7,none,fcz,399,94,2,2,True,0.008805971,0.07365432,0.9019261,0.015613643
42,7,none,fcz,400,94,3,3,True,0.02500367,0.105276994,0.093657374,0.776062
42,7,none,fcz,401,94,3,3,True,8.836754e-05,0.002974725,0.00026120583,0.9966757
42,7,none,fcz,402,94,2,2,True,0.01998089,0.025810901,0.943496,0.0107121775
42,7,none,fcz,403,94,3,3,True,0.073279485,0.06307836,0.07549983,0.78814226
42,7,none,fcz,404,94,2,2,True,0.0458252,0.3128728,0.5194198,0.12188219
42,7,none,fcz,405,94,2,2,True,0.003722921,0.10361575,0.87018716,0.022474146
42,7,none,fcz,406,94,3,3,True,0.0017094796,0.4708175,0.019293701,0.50817937
42,7,none,fcz,407,94,2,2,True,0.17908667,0.054087523,0.60711676,0.15970905
42,7,none,fcz,408,94,3,3,True,0.009619176,0.014856092,0.025724107,0.94980067
42,7,none,fcz,409,94,3,3,True,0.003238027,0.0063958857,0.012066638,0.9782995
42,7,none,fcz,410,94,2,2,True,0.01975545,0.042270355,0.93170524,0.006269016
42,7,none,fcz,411,94,3,3,True,0.019853925,0.04143037,0.14041507,0.79830056
42,7,none,fcz,412,94,2,0,False,0.61891246,0.11361177,0.11499745,0.15247825
42,7,none,fcz,413,94,3,1,False,0.009995592,0.52379763,0.43743104,0.0287757
42,7,none,fcz,414,94,1,1,True,0.0014747452,0.9950597,0.0029034205,0.0005621135
42,7,none,fcz,415,94,0,1,False,0.10431132,0.8375494,0.057082877,0.001056417
42,7,none,fcz,416,94,1,1,True,0.0010407383,0.99814355,0.0007590242,5.6585006e-05
42,7,none,fcz,417,94,0,0,True,0.8837501,0.069535345,0.03650326,0.010211297
42,7,none,fcz,418,94,0,0,True,0.9850911,0.0012637527,0.01360253,4.259381e-05
42,7,none,fcz,419,94,1,1,True,1.4922171e-05,0.9954288,0.0043065557,0.00024961674
42,7,none,fcz,420,94,1,2,False,0.066568136,0.27528098,0.35776147,0.30038935
42,7,none,fcz,421,94,0,0,True,0.98347664,0.00396408,0.011574667,0.0009846252
42,7,none,fcz,422,94,0,0,True,0.82672584,0.14971295,0.023446348,0.00011485473
42,7,none,fcz,423,94,1,2,False,0.20248212,0.037539493,0.7406763,0.019302137
42,7,none,fcz,424,94,1,1,True,8.613607e-06,0.99926037,0.0007077289,2.334124e-05
42,7,none,fcz,425,94,0,1,False,0.008710106,0.7774303,0.20682012,0.007039463
42,7,none,fcz,426,94,1,1,True,0.0092820795,0.6640309,0.31829867,0.008388395
42,7,none,fcz,427,94,0,0,True,0.98597497,7.6429875e-05,0.012506756,0.0014418655
42,7,none,fcz,428,94,1,2,False,0.018925676,0.011337343,0.9434259,0.026311124
42,7,none,fcz,429,94,3,3,True,0.31780463,0.025224745,0.0684883,0.5884823
42,7,none,fcz,430,94,2,0,False,0.49548525,0.025221314,0.47623253,0.0030609318
42,7,none,fcz,431,94,3,3,True,0.00047855004,0.121498235,0.042661715,0.8353615
42,7,none,fcz,432,94,2,2,True,0.00080209447,0.022290248,0.9709265,0.0059811734
42,7,none,fcz,433,94,3,3,True,0.0021201523,0.09037058,0.0075467317,0.8999625
42,7,none,fcz,434,94,2,2,True,0.012300735,0.17197447,0.80008566,0.015639056
42,7,none,fcz,435,94,2,2,True,0.005266486,0.081968136,0.70076925,0.21199614
42,7,none,fcz,436,94,3,3,True,0.0076614916,0.079307735,0.26421162,0.64881915
42,7,none,fcz,437,94,3,3,True,0.009177493,0.28938508,0.011346133,0.6900913
42,7,none,fcz,438,94,2,2,True,0.010027929,0.45242888,0.4948267,0.042716447
42,7,none,fcz,439,94,3,3,True,0.020138139,0.31023264,0.087563045,0.5820661
42,7,none,fcz,440,94,2,2,True,0.14923422,0.07059132,0.75094634,0.029228134
42,7,none,fcz,441,94,3,2,False,0.0050871805,0.028272899,0.77073467,0.19590531
42,7,none,fcz,442,94,2,2,True,0.00623817,0.035818506,0.95710564,0.00083767367
42,7,none,fcz,443,94,2,3,False,0.09873453,0.31467888,0.057183634,0.5294029
42,7,none,fcz,444,94,0,0,True,0.9881952,0.0097038755,0.0018641348,0.00023694604
42,7,none,fcz,445,94,1,2,False,0.3000424,0.12027571,0.5745835,0.005098407
42,7,none,fcz,446,94,1,1,True,0.00076564087,0.7553248,0.2418735,0.002036142
42,7,none,fcz,447,94,0,0,True,0.7618272,0.0042126733,0.22877753,0.005182608
42,7,none,fcz,448,94,1,1,True,0.001169986,0.85804594,0.0991495,0.041634582
42,7,none,fcz,449,94,0,0,True,0.84561574,0.014991719,0.12716411,0.012228378
42,7,none,fcz,450,94,1,1,True,0.062783554,0.5164156,0.3873268,0.033474088
42,7,none,fcz,451,94,0,2,False,0.301434,0.009514402,0.67525595,0.013795618
42,7,none,fcz,452,94,1,1,True,0.12313587,0.613416,0.118108526,0.14533961
42,7,none,fcz,453,94,0,2,False,0.09446021,0.121682875,0.7347084,0.0491484
42,7,none,fcz,454,94,1,1,True,0.01072123,0.6131296,0.32131603,0.05483314
42,7,none,fcz,455,94,0,0,True,0.98503613,0.0006685946,0.0119140735,0.002381112
42,7,none,fcz,456,94,0,1,False,0.23611137,0.4318285,0.32787123,0.0041888673
42,7,none,fcz,457,94,1,3,False,0.0031101494,0.013325789,0.07323937,0.91032463
42,7,none,fcz,458,94,0,2,False,0.020977177,0.049722828,0.85054415,0.07875594
42,7,none,fcz,459,94,2,2,True,0.0035661128,0.021343049,0.9703297,0.004761206
42,7,none,fcz,460,94,3,2,False,0.0008823742,0.05049681,0.876875,0.07174586
42,7,none,fcz,461,94,2,2,True,0.012465293,0.049936928,0.9344531,0.0031446985
42,7,none,fcz,462,94,3,2,False,0.25740036,0.107853144,0.6108931,0.023853466
42,7,none,fcz,463,94,2,2,True,0.02723569,0.3806513,0.5890431,0.003069892
42,7,none,fcz,464,94,3,3,True,0.008158839,0.029441325,0.15131417,0.81108564
42,7,none,fcz,465,94,3,3,True,0.003472749,0.30104685,0.15617383,0.5393066
42,7,none,fcz,466,94,2,2,True,0.02103877,0.011739504,0.9291124,0.038109392
42,7,none,fcz,467,94,2,2,True,0.0015024778,0.00933393,0.9806707,0.00849296
42,7,none,fcz,468,94,3,2,False,0.03207526,0.005579566,0.7207561,0.24158913
42,7,none,fcz,469,94,3,3,True,0.0048372243,0.29258874,0.042554848,0.66001916
42,7,none,fcz,470,94,2,2,True,0.011256081,0.1596363,0.70639795,0.12270964
42,7,none,fcz,471,94,2,3,False,0.05190756,0.056308184,0.36628312,0.5255012
42,7,none,fcz,472,94,3,2,False,0.0065509533,0.30157995,0.4145377,0.2773314
42,7,none,fcz,473,94,3,2,False,0.02101236,0.3109216,0.6473346,0.020731414
42,7,none,fcz,474,95,0,0,True,0.99578434,0.0026617504,0.0009668179,0.00058702804
42,7,none,fcz,475,95,1,1,True,0.06258854,0.787308,0.005642929,0.14446062
42,7,none,fcz,476,95,1,1,True,8.028978e-05,0.99941516,0.00027494127,0.00022954465
42,7,none,fcz,477,95,0,0,True,0.99612147,0.0009925067,7.9307145e-05,0.002806734
42,7,none,fcz,478,95,0,0,True,0.99896944,0.00015431212,6.754847e-05,0.00080872735
42,7,none,fcz,479,95,1,1,True,0.030230895,0.9625012,0.0018988908,0.005369004
42,7,none,fcz,480,95,0,0,True,0.98126125,0.006432353,0.0071000787,0.0052063125
42,7,none,fcz,481,95,1,1,True,0.0051810797,0.9669439,0.001443227,0.026431642
42,7,none,fcz,482,95,0,0,True,0.9973546,0.0009201126,0.000793184,0.00093216635
42,7,none,fcz,483,95,1,3,False,0.05359533,0.068418846,0.036617078,0.84136873
42,7,none,fcz,484,95,1,1,True,0.009832546,0.77983797,0.060382873,0.14994664
42,7,none,fcz,485,95,0,0,True,0.99980754,1.6726306e-06,8.510906e-05,0.00010574896
42,7,none,fcz,486,95,0,0,True,0.9866045,0.002036022,0.0037284198,0.0076310756
42,7,none,fcz,487,95,1,3,False,0.06932151,0.30146903,0.010797658,0.61841184
42,7,none,fcz,488,95,1,1,True,0.0008761885,0.7324109,0.077642284,0.18907072
42,7,none,fcz,489,95,2,3,False,0.054992005,0.061659735,0.12453515,0.75881314
42,7,none,fcz,490,95,3,3,True,0.015958115,0.033118695,0.1489336,0.80198956
42,7,none,fcz,491,95,2,2,True,0.016052293,0.32862452,0.44595745,0.20936573
42,7,none,fcz,492,95,3,3,True,0.004094275,0.00020367317,0.00016757296,0.9955344
42,7,none,fcz,493,95,3,3,True,0.00096339505,0.024013907,0.00024388777,0.9747788
42,7,none,fcz,494,95,2,3,False,0.18046604,0.007312795,0.0060418625,0.8061793
42,7,none,fcz,495,95,2,2,True,0.009946214,0.030223487,0.56745756,0.39237282
42,7,none,fcz,496,95,3,3,True,0.042961784,0.0020878532,0.00032368395,0.9546267
42,7,none,fcz,497,95,3,3,True,0.00030713386,0.00333061,0.01744055,0.9789217
42,7,none,fcz,498,95,2,3,False,0.00085324293,0.10392399,0.030135693,0.86508715
42,7,none,fcz,499,95,3,3,True,0.0007533216,0.034931377,0.0013781472,0.9629372
42,7,none,fcz,500,95,2,3,False,0.0016477925,0.0013413164,0.031435914,0.9655749
42,7,none,fcz,501,95,3,3,True,0.0082144,0.0055479095,0.00972777,0.9765099
42,7,none,fcz,502,95,2,3,False,0.008514479,0.019968787,0.15188135,0.81963545
42,7,none,fcz,503,95,2,3,False,0.117763475,0.045905013,0.031129671,0.8052018
42,7,none,fcz,504,95,1,1,True,0.0030364806,0.66559243,0.018053776,0.31331733
42,7,none,fcz,505,95,0,0,True,0.5474374,0.002148128,0.00045908685,0.44995534
42,7,none,fcz,506,95,1,1,True,0.005514777,0.53980327,0.005078067,0.4496039
42,7,none,fcz,507,95,0,0,True,0.8228574,0.0005599582,0.04445494,0.13212782
42,7,none,fcz,508,95,0,0,True,0.9904163,0.0002508511,0.00014045958,0.009192371
42,7,none,fcz,509,95,1,3,False,0.0045877,0.013755518,0.0010291496,0.9806276
42,7,none,fcz,510,95,1,3,False,0.0032956074,0.09452283,0.07421356,0.82796794
42,7,none,fcz,511,95,0,0,True,0.92090577,7.9331934e-05,0.000115563416,0.0788993
42,7,none,fcz,512,95,0,0,True,0.77563894,0.0031523649,0.032704495,0.18850428
42,7,none,fcz,513,95,1,3,False,0.004908907,0.17125393,0.06306789,0.7607692
42,7,none,fcz,514,95,0,0,True,0.9649,6.108206e-05,0.003892038,0.031146996
42,7,none,fcz,515,95,1,1,True,0.0024906194,0.87533396,0.012795846,0.10937956
42,7,none,fcz,516,95,0,0,True,0.6574106,0.0478664,0.0020270385,0.29269594
42,7,none,fcz,517,95,1,1,True,0.0030632047,0.68156636,0.13276069,0.18260983
42,7,none,fcz,518,95,0,0,True,0.78892225,0.0012989271,0.010751066,0.19902782
42,7,none,fcz,519,95,3,3,True,5.5523833e-05,0.027747912,0.001971791,0.9702248
42,7,none,fcz,520,95,2,3,False,0.0144610945,0.0005316181,0.03465221,0.95035505
42,7,none,fcz,521,95,3,3,True,9.242415e-05,0.036443148,0.004163345,0.95930105
42,7,none,fcz,522,95,2,0,False,0.770598,0.0011031617,0.07020938,0.15808949
42,7,none,fcz,523,95,2,2,True,0.076892495,0.051762175,0.66864204,0.20270328
42,7,none,fcz,524,95,3,1,False,0.018196633,0.6792401,0.027284048,0.27527922
42,7,none,fcz,525,95,2,2,True,0.012719477,0.1340458,0.8249464,0.028288286
42,7,none,fcz,526,95,3,3,True,0.008488969,0.2718018,0.0046743355,0.7150349
42,7,none,fcz,527,95,2,3,False,0.06929745,0.04189314,0.28929767,0.5995118
42,7,none,fcz,528,95,3,3,True,0.00012307389,0.0048890957,0.00044699694,0.99454087
42,7,none,fcz,529,95,2,0,False,0.6650788,0.10109396,0.17187002,0.06195717
42,7,none,fcz,530,95,3,3,True,0.014704896,0.008825041,0.018076299,0.95839375
42,7,none,fcz,531,95,2,3,False,0.0008344289,0.00976363,0.007059495,0.9823424
42,7,none,fcz,532,95,3,3,True,0.009001295,0.29354805,0.032201257,0.6652494
42,7,none,fcz,533,95,3,3,True,0.000513309,0.036559246,0.17252849,0.7903989
42,7,none,fcz,534,95,0,1,False,0.056528408,0.5977257,0.097817145,0.24792872
42,7,none,fcz,535,95,1,3,False,0.2987731,0.0060131554,0.124967426,0.5702463
42,7,none,fcz,536,95,1,3,False,0.010731977,0.0036839354,0.0014867844,0.9840973
42,7,none,fcz,537,95,0,3,False,0.41867945,0.024651535,0.05296747,0.5037015
42,7,none,fcz,538,95,0,3,False,0.33489093,0.012281814,0.01919729,0.63363
42,7,none,fcz,539,95,1,1,True,0.1279839,0.7639444,0.020787485,0.087284274
42,7,none,fcz,540,95,1,3,False,0.0008339946,0.009332911,0.0010494669,0.98878366
42,7,none,fcz,541,95,0,0,True,0.53519714,0.009804546,0.2535051,0.20149325
42,7,none,fcz,542,95,0,1,False,0.11575869,0.4577943,0.2736067,0.15284035
42,7,none,fcz,543,95,1,1,True,0.0044875923,0.66139776,0.0032407732,0.3308739
42,7,none,fcz,544,95,0,3,False,0.14435822,0.03613524,0.16824202,0.65126455
42,7,none,fcz,545,95,1,0,False,0.39446038,0.030669946,0.21362288,0.3612468
42,7,none,fcz,546,95,1,3,False,0.251273,0.24104576,0.14318112,0.36450014
42,7,none,fcz,547,95,0,2,False,0.010362798,0.2068878,0.75019807,0.032551374
42,7,none,fcz,548,95,0,0,True,0.8095849,0.012594086,0.16367443,0.014146495
42,7,none,fcz,549,95,2,2,True,0.0043560653,0.012611399,0.5468484,0.4361841
42,7,none,fcz,550,95,3,3,True,0.10443495,0.24209878,0.02935512,0.6241111
42,7,none,fcz,551,95,3,3,True,0.030545391,0.059330694,0.0047581936,0.9053657
42,7,none,fcz,552,95,2,0,False,0.45427978,0.13417569,0.11209794,0.29944658
42,7,none,fcz,553,95,2,3,False,0.034917794,0.04916261,0.06529995,0.8506197
42,7,none,fcz,554,95,3,3,True,0.0055248933,0.010864692,0.0015310769,0.98207927
42,7,none,fcz,555,95,2,1,False,0.03803734,0.42383152,0.2722351,0.26589605
42,7,none,fcz,556,95,3,3,True,0.0013071655,0.14009145,0.0018924153,0.85670894
42,7,none,fcz,557,95,2,2,True,0.085631244,0.2545273,0.36515698,0.2946845
42,7,none,fcz,558,95,3,1,False,0.0013961998,0.8600462,0.0041341865,0.13442348
42,7,none,fcz,559,95,2,3,False,0.0349839,0.008656625,0.1101499,0.84620965
42,7,none,fcz,560,95,3,3,True,0.036640357,0.028165575,0.029625691,0.9055684
42,7,none,fcz,561,95,3,2,False,0.007752083,0.13776922,0.4975799,0.35689873
42,7,none,fcz,562,95,2,2,True,0.007466555,0.30086926,0.41051593,0.28114825
42,7,none,fcz,563,95,3,3,True,0.00018596317,0.0053583705,0.007619412,0.9868362
42,7,none,fcz,564,96,1,1,True,0.00056745746,0.9977514,0.0014006966,0.0002804835
42,7,none,fcz,565,96,0,0,True,0.94433254,0.031065756,0.023545323,0.0010564288
42,7,none,fcz,566,96,0,0,True,0.9196675,0.041864533,0.02431134,0.014156705
42,7,none,fcz,567,96,1,1,True,0.00060274545,0.905952,0.058066864,0.035378423
42,7,none,fcz,568,96,1,1,True,0.00042513688,0.9961069,0.0015676729,0.0019002523
42,7,none,fcz,569,96,0,3,False,0.30789265,0.0027833453,0.29969823,0.38962576
42,7,none,fcz,570,96,1,1,True,0.00034661082,0.99861777,0.00081740937,0.00021815664
42,7,none,fcz,571,96,0,0,True,0.99142766,0.00013500848,0.007240439,0.001197031
42,7,none,fcz,572,96,0,0,True,0.5791409,0.05744908,0.26501778,0.09839228
42,7,none,fcz,573,96,1,1,True,0.000112984795,0.99892527,0.00091889326,4.272046e-05
42,7,none,fcz,574,96,1,1,True,0.00024118775,0.99866974,0.0010423798,4.6629422e-05
42,7,none,fcz,575,96,0,0,True,0.7341727,0.0009670938,0.26358306,0.0012771812
42,7,none,fcz,576,96,0,0,True,0.68626726,0.063389525,0.013669561,0.23667365
42,7,none,fcz,577,96,1,1,True,0.004298207,0.71911514,0.07183369,0.204753
42,7,none,fcz,578,96,1,1,True,9.8239434e-05,0.86688066,0.0037002638,0.12932073
42,7,none,fcz,579,96,3,3,True,0.0015570874,0.031098953,0.08254898,0.88479495
42,7,none,fcz,580,96,2,2,True,0.002801773,0.00022056018,0.99679714,0.00018050607
42,7,none,fcz,581,96,3,2,False,0.010517348,0.14807907,0.79626673,0.04513685
42,7,none,fcz,582,96,2,2,True,0.012599997,0.006223461,0.8481012,0.13307536
42,7,none,fcz,583,96,2,2,True,0.038916204,0.019733563,0.79039115,0.15095907
42,7,none,fcz,584,96,3,2,False,0.013696188,0.004826015,0.9023026,0.07917521
42,7,none,fcz,585,96,3,3,True,0.22905228,0.053843338,0.20995457,0.5071498
42,7,none,fcz,586,96,2,2,True,0.00655568,0.018069003,0.9110633,0.06431196
42,7,none,fcz,587,96,3,3,True,0.019208886,0.0067416653,0.051807687,0.9222418
42,7,none,fcz,588,96,2,1,False,0.0102808345,0.78134555,0.19305332,0.015320231
42,7,none,fcz,589,96,2,2,True,0.015039386,0.114761405,0.8695816,0.0006176535
42,7,none,fcz,590,96,3,1,False,0.18752219,0.41189504,0.067295685,0.33328706
42,7,none,fcz,591,96,3,3,True,0.025126109,0.019401517,0.097407915,0.8580645
42,7,none,fcz,592,96,2,2,True,0.12505604,0.1306658,0.5706401,0.17363812
42,7,none,fcz,593,96,3,3,True,0.037505336,0.25867826,0.14121984,0.56259656
42,7,none,fcz,594,96,0,0,True,0.8365342,0.011680518,0.14671402,0.0050711944
42,7,none,fcz,595,96,1,2,False,0.025234934,0.070279695,0.8995472,0.004938129
42,7,none,fcz,596,96,1,3,False,0.057439454,0.33558333,0.14651112,0.46046603
42,7,none,fcz,597,96,0,0,True,0.96511793,0.00021911132,0.021504689,0.013158338
42,7,none,fcz,598,96,1,1,True,0.1943258,0.7547983,0.039519023,0.01135685
42,7,none,fcz,599,96,0,0,True,0.44800046,0.029003918,0.24108323,0.28191245
42,7,none,fcz,600,96,0,0,True,0.77791005,0.00017972161,0.22063197,0.0012782824
42,7,none,fcz,601,96,1,1,True,0.0033194495,0.9915353,0.0013502733,0.0037949795
42,7,none,fcz,602,96,0,0,True,0.8757097,0.035665464,0.082930505,0.0056943395
42,7,none,fcz,603,96,1,1,True,0.014132984,0.90996045,0.07459474,0.001311824
42,7,none,fcz,604,96,1,1,True,0.0017017433,0.77418214,0.031593814,0.1925223
42,7,none,fcz,605,96,0,0,True,0.9732266,6.893434e-05,0.01808899,0.008615474
42,7,none,fcz,606,96,1,2,False,0.012876723,0.30175194,0.4206156,0.2647557
42,7,none,fcz,607,96,0,0,True,0.49997616,0.0012565281,0.2656721,0.2330952
42,7,none,fcz,608,96,0,0,True,0.6455268,0.0006788943,0.1871216,0.16667269
42,7,none,fcz,609,96,3,3,True,0.032706544,0.008531557,0.0059675854,0.9527943
42,7,none,fcz,610,96,2,2,True,0.0012240296,0.0047156215,0.9923717,0.0016887692
42,7,none,fcz,611,96,3,1,False,0.06260711,0.6823485,0.2315125,0.023531932
42,7,none,fcz,612,96,2,0,False,0.5999544,0.029247448,0.24208467,0.12871347
42,7,none,fcz,613,96,3,3,True,0.029539358,0.27379966,0.0052297274,0.6914313
42,7,none,fcz,614,96,2,2,True,0.0038941149,0.0020756735,0.9888786,0.0051516322
42,7,none,fcz,615,96,2,2,True,0.004233042,0.010946715,0.9348657,0.04995447
42,7,none,fcz,616,96,3,2,False,0.018867197,0.0024154054,0.64959407,0.32912335
42,7,none,fcz,617,96,2,2,True,0.049885795,0.009288706,0.7895886,0.15123694
42,7,none,fcz,618,96,3,0,False,0.7928431,0.053264916,0.05308263,0.10080936
42,7,none,fcz,619,96,2,2,True,0.027261406,0.0071902983,0.69299275,0.27255562
42,7,none,fcz,620,96,3,3,True,0.05594221,0.010446888,0.019323925,0.91428703
42,7,none,fcz,621,96,2,0,False,0.7643209,0.025383567,0.19286655,0.017428987
42,7,none,fcz,622,96,3,3,True,0.0429668,0.040411487,0.044799704,0.87182206
42,7,none,fcz,623,96,3,3,True,0.047705647,0.048712667,0.22178344,0.6817982
42,7,none,fcz,624,96,1,1,True,0.00045884008,0.9802479,0.01056467,0.008728409
42,7,none,fcz,625,96,0,0,True,0.9213983,0.00080585503,0.06779931,0.009996591
42,7,none,fcz,626,96,1,2,False,0.10150778,0.023995485,0.8695313,0.0049654916
42,7,none,fcz,627,96,0,2,False,0.24293366,0.2766326,0.47849566,0.0019380505
42,7,none,fcz,628,96,1,1,True,0.01612344,0.73555595,0.20436372,0.04395693
42,7,none,fcz,629,96,0,0,True,0.9859352,0.0022930596,0.0060365037,0.0057352283
42,7,none,fcz,630,96,0,0,True,0.98991674,2.208615e-05,0.010046933,1.4310884e-05
42,7,none,fcz,631,96,1,1,True,0.19883311,0.6555116,0.070383064,0.075272195
42,7,none,fcz,632,96,1,1,True,0.000112975125,0.99509287,0.0032892036,0.0015049408
42,7,none,fcz,633,96,0,0,True,0.88264763,0.033917416,0.03368393,0.049751114
42,7,none,fcz,634,96,0,0,True,0.9985721,1.4742288e-05,0.0013768688,3.6235415e-05
42,7,none,fcz,635,96,1,1,True,0.00010534559,0.9969072,0.0020248096,0.00096272136
42,7,none,fcz,636,96,1,1,True,0.00073862076,0.90735495,0.09000457,0.0019018966
42,7,none,fcz,637,96,0,0,True,0.95222825,0.045824453,0.0014765264,0.00047086255
42,7,none,fcz,638,96,0,0,True,0.550871,0.06439849,0.19339529,0.19133517
42,7,none,fcz,639,96,2,2,True,0.0007809792,0.04749972,0.94946235,0.0022570188
42,7,none,fcz,640,96,3,2,False,0.018735174,0.018907947,0.84234476,0.120012194
42,7,none,fcz,641,96,2,2,True,0.18308651,0.010829891,0.6808878,0.12519577
42,7,none,fcz,642,96,3,2,False,0.005412739,0.33971283,0.41169822,0.24317616
42,7,none,fcz,643,96,3,3,True,0.1382356,0.027685616,0.015028584,0.8190502
42,7,none,fcz,644,96,2,1,False,0.010977842,0.5165498,0.46737894,0.0050934134
42,7,none,fcz,645,96,3,3,True,0.3084923,0.12866634,0.043621585,0.51921976
42,7,none,fcz,646,96,2,1,False,0.044512607,0.69697005,0.24343733,0.015079977
42,7,none,fcz,647,96,2,2,True,0.015653767,0.045996945,0.93086433,0.0074848887
42,7,none,fcz,648,96,3,0,False,0.41131708,0.25836006,0.27774692,0.052575916
42,7,none,fcz,649,96,2,2,True,0.0104690315,0.15389228,0.67184025,0.16379847
42,7,none,fcz,650,96,3,3,True,0.11761307,0.04410677,0.23249066,0.60578954
42,7,none,fcz,651,96,2,2,True,0.054986548,0.15110654,0.72109085,0.072816074
42,7,none,fcz,652,96,3,0,False,0.6024149,0.03676321,0.23072302,0.13009885
42,7,none,fcz,653,96,3,1,False,0.007973912,0.8365112,0.052226733,0.10328818
42,7,none,fcz,654,97,0,0,True,0.7856378,0.108586915,0.0843614,0.02141392
42,7,none,fcz,655,97,1,1,True,0.007089702,0.9459695,0.002337357,0.04460337
42,7,none,fcz,656,97,1,1,True,0.048049804,0.93021685,0.0017563473,0.0199769
42,7,none,fcz,657,97,0,0,True,0.6474283,0.27011317,0.04071135,0.041747298
42,7,none,fcz,658,97,0,0,True,0.98987645,0.0010415515,0.003899965,0.005181904
42,7,none,fcz,659,97,1,1,True,0.0007325914,0.9901753,0.0011939432,0.007898195
42,7,none,fcz,660,97,0,0,True,0.5635867,0.11515175,0.27254972,0.048711788
42,7,none,fcz,661,97,1,1,True,5.9052374e-05,0.9925033,0.0042293444,0.0032084046
42,7,none,fcz,662,97,0,1,False,0.04783286,0.548055,0.040830832,0.3632812
42,7,none,fcz,663,97,1,1,True,0.022901032,0.55091023,0.0037663516,0.42242235
42,7,none,fcz,664,97,1,1,True,0.00034993523,0.9976903,3.5160498e-05,0.0019245367
42,7,none,fcz,665,97,0,0,True,0.7997532,0.010624021,0.0033636796,0.18625912
42,7,none,fcz,666,97,1,2,False,0.30857584,0.10702121,0.38415506,0.2002479
42,7,none,fcz,667,97,0,3,False,0.120178565,0.37289378,0.021578733,0.48534888
42,7,none,fcz,668,97,0,0,True,0.87081635,0.11942947,0.0010508047,0.008703365
42,7,none,fcz,669,97,3,3,True,0.2443739,0.10605971,0.03949927,0.61006707
42,7,none,fcz,670,97,2,0,False,0.5134377,0.1972596,0.041510336,0.24779232
42,7,none,fcz,671,97,3,3,True,0.00037173385,0.057021484,0.004229884,0.9383769
42,7,none,fcz,672,97,2,1,False,0.0008021329,0.8330366,0.019439986,0.1467213
42,7,none,fcz,673,97,3,1,False,0.04715284,0.7116629,0.00060489756,0.24057938
42,7,none,fcz,674,97,2,3,False,0.10365899,0.31707302,0.10170667,0.47756132
42,7,none,fcz,675,97,3,2,False,0.0070651597,0.3366363,0.4458285,0.21047004
42,7,none,fcz,676,97,2,1,False,0.005313281,0.891502,0.0037833767,0.09940138
42,7,none,fcz,677,97,3,1,False,0.006124056,0.67544365,0.0930225,0.22540984
42,7,none,fcz,678,97,2,1,False,0.09361459,0.39331293,0.3853593,0.12771317
42,7,none,fcz,679,97,3,3,True,0.13461253,0.006805022,0.0025282141,0.85605425
42,7,none,fcz,680,97,2,3,False,0.0017090166,0.0025407607,0.00021580889,0.9955344
42,7,none,fcz,681,97,3,3,True,0.042765416,0.0043712747,0.005860702,0.94700265
42,7,none,fcz,682,97,2,1,False,0.00022607177,0.94107914,0.012822901,0.045871913
42,7,none,fcz,683,97,2,1,False,0.004375136,0.92825675,0.0051104464,0.06225768
42,7,none,fcz,684,97,0,1,False,0.13451265,0.6066598,0.05460325,0.20422424
42,7,none,fcz,685,97,1,0,False,0.72775126,0.23849793,0.028418202,0.0053326553
42,7,none,fcz,686,97,1,1,True,0.0009900468,0.99415934,0.0009884166,0.0038621866
42,7,none,fcz,687,97,0,0,True,0.5144465,0.02131588,0.06366083,0.40057674
42,7,none,fcz,688,97,1,1,True,0.07325822,0.56537825,0.045407996,0.31595552
42,7,none,fcz,689,97,0,0,True,0.9386933,0.024559733,0.0151124885,0.021634545
42,7,none,fcz,690,97,1,3,False,0.008282265,0.019122133,0.27296785,0.69962776
42,7,none,fcz,691,97,0,3,False,0.018109377,0.016799971,0.017586939,0.9475036
42,7,none,fcz,692,97,1,1,True,0.027868336,0.8387982,0.005635121,0.12769839
42,7,none,fcz,693,97,0,3,False,0.14630125,0.010422692,0.01609085,0.8271853
42,7,none,fcz,694,97,0,0,True,0.896316,0.030068493,0.04895836,0.024657022
42,7,none,fcz,695,97,1,1,True,0.0012481313,0.85843825,0.037643407,0.10267014
42,7,none,fcz,696,97,0,3,False,0.015021435,0.0019053404,0.0009012606,0.98217195
42,7,none,fcz,697,97,1,1,True,0.017504754,0.9300235,0.0040456266,0.04842609
42,7,none,fcz,698,97,1,3,False,0.001301698,0.3307957,0.0006575941,0.667245
42,7,none,fcz,699,97,3,3,True,0.003525776,0.18046059,0.1193165,0.6966971
42,7,none,fcz,700,97,2,0,False,0.7044913,0.061505582,0.14930284,0.08470019
42,7,none,fcz,701,97,2,1,False,0.048938654,0.422988,0.116387665,0.41168573
42,7,none,fcz,702,97,3,3,True,0.0025438596,0.14174554,0.16802289,0.6876877
42,7,none,fcz,703,97,3,1,False,0.04536167,0.8289153,0.07530062,0.050422467
42,7,none,fcz,704,97,2,1,False,0.011052221,0.9638981,0.003261035,0.0217886
42,7,none,fcz,705,97,2,3,False,0.0042824093,0.31705326,0.2265357,0.45212865
42,7,none,fcz,706,97,3,3,True,0.083798066,0.21563853,0.17648898,0.52407444
42,7,none,fcz,707,97,2,2,True,0.031592343,0.08995323,0.5410492,0.33740523
42,7,none,fcz,708,97,3,3,True,0.0012436586,0.2646318,0.018597158,0.71552736
42,7,none,fcz,709,97,3,3,True,0.01595447,0.005474893,0.020081954,0.9584887
42,7,none,fcz,710,97,2,3,False,0.012251784,0.06443641,0.30725864,0.61605316
42,7,none,fcz,711,97,3,3,True,0.13612089,0.04448973,0.22841506,0.59097433
42,7,none,fcz,712,97,2,0,False,0.4420534,0.028252862,0.2589597,0.27073407
42,7,none,fcz,713,97,3,3,True,0.05901382,0.4363399,0.004597232,0.50004905
42,7,none,fcz,714,97,1,3,False,0.012139168,0.4038872,0.10102479,0.48294884
42,7,none,fcz,715,97,0,1,False,0.05453037,0.57744867,0.3103894,0.057631608
42,7,none,fcz,716,97,1,1,True,0.010061326,0.92002887,0.015019109,0.054890584
42,7,none,fcz,717,97,0,0,True,0.8678496,0.1260046,0.004196548,0.0019491796
42,7,none,fcz,718,97,1,2,False,0.055793732,0.29606646,0.46366256,0.1844772
42,7,none,fcz,719,97,0,0,True,0.47601864,0.047748215,0.027348612,0.44888458
42,7,none,fcz,720,97,0,0,True,0.7955444,0.007832763,0.007291029,0.18933193
42,7,none,fcz,721,97,1,1,True,0.008277476,0.8916265,0.021390082,0.07870605
42,7,none,fcz,722,97,1,1,True,0.000878197,0.80858994,0.028880533,0.16165128
42,7,none,fcz,723,97,0,0,True,0.9138122,0.0075592203,0.010642743,0.06798588
42,7,none,fcz,724,97,1,1,True,0.0052631344,0.858611,0.0048907297,0.13123517
42,7,none,fcz,725,97,0,0,True,0.5332734,0.20882341,0.057529863,0.20037335
42,7,none,fcz,726,97,0,0,True,0.99063724,0.0014846851,0.0027090316,0.005169094
42,7,none,fcz,727,97,1,3,False,0.025978206,0.32824287,0.19341727,0.45236164
42,7,none,fcz,728,97,0,0,True,0.6301319,0.0065014176,0.027896015,0.33547068
42,7,none,fcz,729,97,3,3,True,0.1655,0.17392431,0.06170927,0.59886646
42,7,none,fcz,730,97,2,1,False,0.000996231,0.74442154,0.012200638,0.24238168
42,7,none,fcz,731,97,2,2,True,0.02327405,0.09191887,0.58112067,0.30368638
42,7,none,fcz,732,97,3,3,True,0.22567976,0.16202267,0.13108473,0.48121282
42,7,none,fcz,733,97,2,3,False,0.1483061,0.3530061,0.10433185,0.39435595
42,7,none,fcz,734,97,3,1,False,0.12784058,0.72771376,0.028099535,0.11634609
42,7,none,fcz,735,97,2,0,False,0.473554,0.12984717,0.2715127,0.12508623
42,7,none,fcz,736,97,3,3,True,0.028138334,0.11140741,0.03338375,0.8270705
42,7,none,fcz,737,97,3,3,True,0.05502316,0.056481853,0.1629748,0.7255202
42,7,none,fcz,738,97,2,2,True,0.042083357,0.21249522,0.51102275,0.23439862
42,7,none,fcz,739,97,3,3,True,0.0025296563,0.025268517,0.029675124,0.9425267
42,7,none,fcz,740,97,2,1,False,0.15564078,0.43965214,0.05094125,0.3537658
42,7,none,fcz,741,97,2,1,False,0.050510135,0.5933487,0.08905374,0.26708743
42,7,none,fcz,742,97,3,3,True,0.17130388,0.17528594,0.23818442,0.41522577
42,7,none,fcz,743,97,2,0,False,0.6304113,0.17336407,0.056693472,0.13953115
42,7,none,fcz,744,98,0,0,True,0.80887765,0.009829804,0.17962305,0.0016695174
42,7,none,fcz,745,98,1,2,False,0.01861615,0.10173648,0.8642896,0.015357712
42,7,none,fcz,746,98,1,1,True,0.040134165,0.8398065,0.11144525,0.008613978
42,7,none,fcz,747,98,0,2,False,0.4588416,0.04360292,0.49335954,0.0041959854
42,7,none,fcz,748,98,0,0,True,0.4931033,0.03422342,0.35890892,0.113764435
42,7,none,fcz,749,98,1,1,True,0.040211543,0.5001899,0.4496911,0.009907477
42,7,none,fcz,750,98,1,1,True,0.023237988,0.91428083,0.046469435,0.016011687
42,7,none,fcz,751,98,0,2,False,0.058577627,0.26256305,0.6263289,0.05253043
42,7,none,fcz,752,98,1,1,True,0.06613551,0.6914556,0.23594658,0.0064623477
42,7,none,fcz,753,98,0,2,False,0.3569659,0.025657995,0.61277765,0.0045985174
42,7,none,fcz,754,98,1,1,True,0.03252743,0.93863696,0.025799368,0.0030362022
42,7,none,fcz,755,98,0,0,True,0.6103956,0.034317408,0.3366315,0.018655434
42,7,none,fcz,756,98,0,2,False,0.16689128,0.24011733,0.5887684,0.004222966
42,7,none,fcz,757,98,1,2,False,0.026944185,0.20785697,0.56668574,0.19851312
42,7,none,fcz,758,98,0,2,False,0.05289629,0.08445944,0.8127438,0.049900465
42,7,none,fcz,759,98,3,3,True,0.01015821,0.0018035518,0.012387299,0.97565097
42,7,none,fcz,760,98,2,2,True,0.051513974,0.057701126,0.8260378,0.064747095
42,7,none,fcz,761,98,3,3,True,0.006720767,0.028598938,0.14300051,0.82167983
42,7,none,fcz,762,98,2,1,False,0.14767341,0.4590157,0.38969833,0.003612568
42,7,none,fcz,763,98,2,0,False,0.46892616,0.083679885,0.36402664,0.08336734
42,7,none,fcz,764,98,3,2,False,0.016133672,0.1554317,0.6193418,0.20909281
42,7,none,fcz,765,98,2,2,True,0.02128028,0.009180752,0.9347253,0.034813665
42,7,none,fcz,766,98,3,2,False,0.05615498,0.1504889,0.61176145,0.1815947
42,7,none,fcz,767,98,2,2,True,0.037453726,0.0015974727,0.9374446,0.023504136
42,7,none,fcz,768,98,3,3,True,0.03192309,0.034801915,0.04887494,0.88440007
42,7,none,fcz,769,98,3,3,True,0.10753163,0.020156458,0.27510858,0.5972033
42,7,none,fcz,770,98,2,2,True,0.028306486,0.012311048,0.92020357,0.03917883
42,7,none,fcz,771,98,2,2,True,0.18542801,0.009893441,0.63454944,0.17012909
42,7,none,fcz,772,98,3,0,False,0.62794495,0.06777994,0.19387695,0.110398196
42,7,none,fcz,773,98,3,2,False,0.06642256,0.038777374,0.7516322,0.1431679
42,7,none,fcz,774,98,1,1,True,0.0057922383,0.8924169,0.0954102,0.0063806837
42,7,none,fcz,775,98,0,2,False,0.3461656,0.095913865,0.5222974,0.035623185
42,7,none,fcz,776,98,0,0,True,0.6401068,0.01862315,0.31637195,0.024898032
42,7,none,fcz,777,98,1,1,True,0.045731597,0.4348487,0.42967933,0.089740396
42,7,none,fcz,778,98,0,0,True,0.9482899,0.016980616,0.026640343,0.008089297
42,7,none,fcz,779,98,1,2,False,0.02941659,0.12841599,0.80322117,0.038946226
42,7,none,fcz,780,98,1,2,False,0.030231155,0.38253483,0.3901796,0.19705442
42,7,none,fcz,781,98,0,0,True,0.922961,0.0022405568,0.054712407,0.02008607
42,7,none,fcz,782,98,0,0,True,0.6145023,0.12989806,0.20095643,0.0546432
42,7,none,fcz,783,98,1,1,True,0.06898012,0.51145184,0.2916888,0.12787916
42,7,none,fcz,784,98,0,0,True,0.77798444,0.009481872,0.17999876,0.03253496
42,7,none,fcz,785,98,1,1,True,0.031161532,0.67080253,0.28259134,0.015444607
42,7,none,fcz,786,98,1,1,True,0.04700534,0.48294607,0.13562916,0.33441946
42,7,none,fcz,787,98,0,0,True,0.98528117,0.0019170202,0.00915609,0.0036458445
42,7,none,fcz,788,98,0,2,False,0.026698036,0.01617974,0.8968888,0.06023349
42,7,none,fcz,789,98,3,3,True,0.12650283,0.053034842,0.21661474,0.6038476
42,7,none,fcz,790,98,2,2,True,0.3473846,0.025616376,0.587969,0.039030053
42,7,none,fcz,791,98,3,2,False,0.12261129,0.028916493,0.4526001,0.39587218
42,7,none,fcz,792,98,2,2,True,0.008891463,0.05291066,0.93651915,0.0016787491
42,7,none,fcz,793,98,2,0,False,0.49122867,0.09442977,0.34774107,0.06660051
42,7,none,fcz,794,98,3,3,True,0.10395384,0.093973905,0.06286618,0.7392061
42,7,none,fcz,795,98,2,2,True,0.28849435,0.085768476,0.58020425,0.04553288
42,7,none,fcz,796,98,3,3,True,0.012089203,0.0039306073,0.012280401,0.9716997
42,7,none,fcz,797,98,3,3,True,0.040031362,0.0035071291,0.23742364,0.7190379
42,7,none,fcz,798,98,2,2,True,0.045318935,0.06540829,0.6163138,0.27295893
42,7,none,fcz,799,98,2,2,True,0.029058235,0.080089465,0.8732272,0.017625183
42,7,none,fcz,800,98,3,2,False,0.18125218,0.28732646,0.5241558,0.0072655254
42,7,none,fcz,801,98,2,3,False,0.05040693,0.08027826,0.24966985,0.61964494
42,7,none,fcz,802,98,3,3,True,0.018157449,0.011872965,0.08304863,0.8869209
42,7,none,fcz,803,98,3,2,False,0.22291416,0.01054138,0.43168068,0.3348638
42,7,none,fcz,804,98,0,2,False,0.3018404,0.06608977,0.61404574,0.0180241
42,7,none,fcz,805,98,1,3,False,0.26566222,0.05253693,0.10982463,0.57197624
42,7,none,fcz,806,98,1,3,False,0.2290033,0.12318798,0.26204878,0.38575995
42,7,none,fcz,807,98,0,2,False,0.18904854,0.19444792,0.5643459,0.052157655
42,7,none,fcz,808,98,0,1,False,0.10541177,0.8099626,0.059971225,0.024654487
42,7,none,fcz,809,98,1,3,False,0.10872733,0.02005337,0.08620775,0.78501153
42,7,none,fcz,810,98,1,2,False,0.25156245,0.042845435,0.54764175,0.15795028
42,7,none,fcz,811,98,0,0,True,0.4349994,0.014555885,0.40318546,0.14725922
42,7,none,fcz,812,98,0,0,True,0.44048396,0.34097478,0.15716824,0.061372988
42,7,none,fcz,813,98,1,0,False,0.9886643,0.0036759614,0.0030080953,0.004651664
42,7,none,fcz,814,98,0,2,False,0.10191305,0.17657349,0.5815686,0.1399448
42,7,none,fcz,815,98,1,0,False,0.610905,0.15708981,0.1774378,0.054567352
42,7,none,fcz,816,98,1,0,False,0.52345496,0.022845104,0.22552995,0.22817002
42,7,none,fcz,817,98,0,2,False,0.05702585,0.11999624,0.7602576,0.06272038
42,7,none,fcz,818,98,1,2,False,0.25363922,0.3235143,0.36190552,0.060940944
42,7,none,fcz,819,98,2,0,False,0.5452863,0.053805422,0.25645146,0.14445686
42,7,none,fcz,820,98,3,1,False,0.0015555298,0.99018925,0.0068840566,0.0013711009
42,7,none,fcz,821,98,3,1,False,0.12108829,0.44241977,0.26678213,0.16970982
42,7,none,fcz,822,98,2,0,False,0.54961187,0.00746458,0.23112333,0.21180029
42,7,none,fcz,823,98,2,0,False,0.4873853,0.018630086,0.3779964,0.11598818
42,7,none,fcz,824,98,3,2,False,0.019271493,0.09387436,0.796263,0.09059122
42,7,none,fcz,825,98,3,2,False,0.059811942,0.007589478,0.4772298,0.45536876
42,7,none,fcz,826,98,2,2,True,0.14663336,0.09168879,0.6054214,0.15625642
42,7,none,fcz,827,98,3,3,True,0.12446821,0.21993048,0.11407714,0.5415242
42,7,none,fcz,828,98,2,2,True,0.13862911,0.088981695,0.7591796,0.013209577
42,7,none,fcz,829,98,3,2,False,0.26074958,0.05401798,0.36628434,0.31894806
42,7,none,fcz,830,98,2,0,False,0.45553285,0.020867856,0.20590496,0.31769428
42,7,none,fcz,831,98,3,3,True,0.062019512,0.056184873,0.33122784,0.55056775
42,7,none,fcz,832,98,2,0,False,0.64913523,0.026359092,0.2825103,0.04199536
42,7,none,fcz,833,98,3,1,False,0.16455358,0.74170285,0.047103096,0.04664039
42,7,none,fcz,834,99,1,1,True,0.076676935,0.78702766,0.03216224,0.10413329
42,7,none,fcz,835,99,0,2,False,0.29970282,0.019312046,0.63346654,0.04751854
42,7,none,fcz,836,99,0,0,True,0.7636347,0.047379784,0.037910506,0.15107498
42,7,none,fcz,837,99,1,3,False,0.028032767,0.07812959,0.001259387,0.8925782
42,7,none,fcz,838,99,0,1,False,0.03612994,0.77043515,0.050559122,0.1428758
42,7,none,fcz,839,99,1,3,False,0.34372723,0.03420042,0.007145619,0.61492676
42,7,none,fcz,840,99,1,3,False,0.08739117,0.13899575,0.36703265,0.40658042
42,7,none,fcz,841,99,0,3,False,0.12322069,0.21346697,0.13895951,0.52435285
42,7,none,fcz,842,99,0,3,False,0.22304493,0.13585368,0.04009987,0.6010015
42,7,none,fcz,843,99,1,3,False,0.00897421,0.0025377453,0.20712982,0.78135824
42,7,none,fcz,844,99,1,1,True,0.0014930093,0.9953945,0.0017390511,0.0013733326
42,7,none,fcz,845,99,0,3,False,0.041337337,0.25063628,0.23495872,0.47306767
42,7,none,fcz,846,99,1,1,True,0.08997502,0.42576122,0.20371604,0.28054777
42,7,none,fcz,847,99,0,0,True,0.51194394,0.0052103563,0.14061606,0.34222957
42,7,none,fcz,848,99,1,1,True,0.0103808725,0.7179774,0.10225079,0.16939096
42,7,none,fcz,849,99,3,1,False,0.111126624,0.36931127,0.29137728,0.22818483
42,7,none,fcz,850,99,2,3,False,0.08995134,0.093454696,0.033890557,0.7827034
42,7,none,fcz,851,99,3,2,False,0.22345334,0.14551324,0.35253873,0.27849466
42,7,none,fcz,852,99,2,2,True,0.07184098,0.0080361385,0.9052222,0.014900627
42,7,none,fcz,853,99,3,3,True,0.22544469,0.11305248,0.26445943,0.39704338
42,7,none,fcz,854,99,2,2,True,0.3784605,0.023406893,0.58949316,0.008639442
42,7,none,fcz,855,99,3,1,False,0.097391926,0.7064564,0.16061027,0.035541352
42,7,none,fcz,856,99,2,3,False,0.33267954,0.02665908,0.2312899,0.40937144
42,7,none,fcz,857,99,2,1,False,0.17701705,0.49738276,0.06391706,0.26168314
42,7,none,fcz,858,99,3,0,False,0.7520796,0.021424828,0.08703415,0.13946138
42,7,none,fcz,859,99,3,3,True,0.1120462,0.13384442,0.1783918,0.5757176
42,7,none,fcz,860,99,2,3,False,0.14861049,0.27610028,0.02495449,0.5503348
42,7,none,fcz,861,99,2,2,True,0.33492327,0.045286022,0.47151467,0.14827609
42,7,none,fcz,862,99,3,3,True,0.0040367413,0.01474759,0.0403065,0.94090915
42,7,none,fcz,863,99,3,3,True,0.18377043,0.1523037,0.07518,0.58874583
42,7,none,fcz,864,99,0,0,True,0.95724183,0.0010077523,0.025982255,0.015768182
42,7,none,fcz,865,99,1,3,False,0.31661093,0.08351648,0.22658706,0.37328556
42,7,none,fcz,866,99,0,3,False,0.16033334,0.36950177,0.008673697,0.46149117
42,7,none,fcz,867,99,1,1,True,0.2455951,0.6682756,0.012577235,0.07355209
42,7,none,fcz,868,99,1,1,True,0.00096997403,0.95056427,0.0014310085,0.047034808
42,7,none,fcz,869,99,0,0,True,0.90575594,0.0023138565,0.02067285,0.071257375
42,7,none,fcz,870,99,1,0,False,0.5066485,0.4559072,0.03130656,0.006137759
42,7,none,fcz,871,99,0,0,True,0.65188444,0.0035476596,0.18786265,0.15670526
42,7,none,fcz,872,99,1,1,True,0.25005051,0.57458603,0.12256713,0.052796323
42,7,none,fcz,873,99,0,3,False,0.42565224,0.0036276176,0.007795338,0.5629248
42,7,none,fcz,874,99,1,0,False,0.47965822,0.02709831,0.036703423,0.45654002
42,7,none,fcz,875,99,0,2,False,0.23971736,0.051026992,0.54856354,0.16069208
42,7,none,fcz,876,99,1,2,False,0.43685448,0.041007034,0.4705962,0.051542234
42,7,none,fcz,877,99,0,0,True,0.43927738,0.23653711,0.053852864,0.2703326
42,7,none,fcz,878,99,0,0,True,0.9871001,0.00052464224,0.0062899156,0.006085226
42,7,none,fcz,879,99,2,3,False,0.19506024,0.06581213,0.10451323,0.6346144
42,7,none,fcz,880,99,3,3,True,0.008939352,0.010905021,0.3918944,0.58826125
42,7,none,fcz,881,99,2,1,False,0.041583665,0.4758564,0.009001842,0.4735581
42,7,none,fcz,882,99,3,0,False,0.54458034,0.12270909,0.104954705,0.22775587
42,7,none,fcz,883,99,3,0,False,0.8872126,0.047443274,0.056231864,0.009112354
42,7,none,fcz,884,99,2,0,False,0.6741254,0.024464907,0.2943428,0.0070669227
42,7,none,fcz,885,99,3,0,False,0.5771056,0.037913077,0.2031472,0.18183413
42,7,none,fcz,886,99,2,0,False,0.8253915,0.008996167,0.07736811,0.08824415
42,7,none,fcz,887,99,2,1,False,0.0352646,0.91549355,0.00067478674,0.04856703
42,7,none,fcz,888,99,3,3,True,0.41775346,0.01868237,0.022633728,0.54093045
42,7,none,fcz,889,99,2,3,False,0.23712936,0.0092821065,0.007920898,0.74566764
42,7,none,fcz,890,99,3,3,True,0.062116668,0.039051227,0.23010083,0.6687313
42,7,none,fcz,891,99,2,3,False,0.031784862,0.022343751,0.13594337,0.80992806
42,7,none,fcz,892,99,3,3,True,0.09643942,0.024577972,0.14796032,0.7310223
42,7,none,fcz,893,99,3,3,True,0.053068478,0.08289893,0.39658743,0.4674452
42,7,none,fcz,894,99,0,2,False,0.31391996,0.11346587,0.49778837,0.074825846
42,7,none,fcz,895,99,1,0,False,0.7481145,0.010948497,0.027739374,0.21319754
42,7,none,fcz,896,99,0,0,True,0.36273292,0.21373558,0.32458392,0.09894765
42,7,none,fcz,897,99,1,1,True,0.037906267,0.88509554,0.060579743,0.016418418
42,7,none,fcz,898,99,1,1,True,0.0066646715,0.9728089,0.0072417497,0.013284698
42,7,none,fcz,899,99,0,0,True,0.65535283,0.016585808,0.15326959,0.17479178
42,7,none,fcz,900,99,0,2,False,0.0392731,0.04028033,0.8083082,0.11213832
42,7,none,fcz,901,99,1,1,True,0.00068996666,0.7688108,0.04522336,0.18527587
42,7,none,fcz,902,99,0,1,False,0.010439183,0.86172724,0.067609414,0.0602241
42,7,none,fcz,903,99,1,3,False,0.30135733,0.13991293,0.011358312,0.54737145
42,7,none,fcz,904,99,1,3,False,0.020105116,0.13532071,0.22985163,0.61472255
42,7,none,fcz,905,99,0,2,False,0.23901497,0.22966841,0.33737576,0.19394091
42,7,none,fcz,906,99,0,0,True,0.6339849,0.012764956,0.046443105,0.30680704
42,7,none,fcz,907,99,1,1,True,0.1729474,0.3384414,0.2506988,0.23791242
42,7,none,fcz,908,99,1,2,False,0.06795847,0.067176975,0.5266935,0.33817098
42,7,none,fcz,909,99,2,3,False,0.02861948,0.041888885,0.18888639,0.7406053
42,7,none,fcz,910,99,3,1,False,0.038361646,0.63628644,0.01912563,0.30622634
42,7,none,fcz,911,99,2,2,True,0.09941439,0.047185045,0.5689744,0.28442618
42,7,none,fcz,912,99,3,2,False,0.030602975,0.107381016,0.79143643,0.07057967
42,7,none,fcz,913,99,3,2,False,0.15191455,0.0456142,0.5236359,0.27883527
42,7,none,fcz,914,99,2,2,True,0.08227298,0.041968066,0.49700022,0.3787587
42,7,none,fcz,915,99,2,3,False,0.012841375,0.10066578,0.20767692,0.67881596
42,7,none,fcz,916,99,3,3,True,0.02711235,0.022417374,0.1387278,0.8117425
42,7,none,fcz,917,99,3,0,False,0.69126314,0.0025760785,0.18968365,0.11647713
42,7,none,fcz,918,99,2,0,False,0.5105649,0.0061536976,0.3967303,0.086551026
42,7,none,fcz,919,99,3,1,False,0.13006015,0.54512817,0.051599946,0.27321166
42,7,none,fcz,920,99,2,2,True,0.1578554,0.0532794,0.45248526,0.33638
42,7,none,fcz,921,99,3,2,False,0.011425753,0.3678989,0.415431,0.20524436
42,7,none,fcz,922,99,2,1,False,0.006377543,0.68661857,0.2824988,0.024505066
42,7,none,fcz,923,99,3,3,True,0.013885781,0.041183136,0.06487158,0.88005954
42,7,none,fcz,924,100,0,0,True,0.850177,0.014261525,0.13144024,0.004121219
42,7,none,fcz,925,100,1,3,False,0.006091806,0.21234097,0.115051664,0.6665155
42,7,none,fcz,926,100,1,1,True,0.0015537755,0.9361918,0.006739908,0.0555146
42,7,none,fcz,927,100,0,1,False,0.0332085,0.53999156,0.24510787,0.18169203
42,7,none,fcz,928,100,0,0,True,0.9544961,0.00073314586,0.0015295388,0.04324132
42,7,none,fcz,929,100,1,3,False,0.08225962,0.2180287,0.26230597,0.43740568
42,7,none,fcz,930,100,0,0,True,0.99838066,5.6167823e-06,0.000663452,0.0009503896
42,7,none,fcz,931,100,1,3,False,0.04648693,0.22568779,0.31837815,0.40944716
42,7,none,fcz,932,100,1,1,True,4.8784306e-05,0.9986303,0.0012454743,7.547616e-05
42,7,none,fcz,933,100,0,2,False,0.16549902,0.025424482,0.677181,0.13189547
42,7,none,fcz,934,100,1,1,True,0.0012855504,0.8034254,0.16739671,0.027892254
42,7,none,fcz,935,100,0,0,True,0.5040475,0.0046954486,0.4608087,0.030448405
42,7,none,fcz,936,100,3,3,True,0.03637972,0.0049500135,0.005261458,0.9534088
42,7,none,fcz,937,100,2,2,True,0.22116968,0.08924024,0.5071996,0.18239051
42,7,none,fcz,938,100,3,3,True,0.14902394,0.029703284,0.008044434,0.8132283
42,7,none,fcz,939,100,2,1,False,0.08030098,0.40462682,0.27877727,0.23629501
42,7,none,fcz,940,100,3,0,False,0.43060243,0.0042455117,0.1441322,0.4210199
42,7,none,fcz,941,100,2,2,True,0.26617923,0.10836605,0.615073,0.010381685
42,7,none,fcz,942,100,3,0,False,0.31494853,0.29921794,0.13653347,0.24930002
42,7,none,fcz,943,100,2,2,True,0.059315257,0.0109996,0.92277575,0.0069093723
42,7,none,fcz,944,100,3,2,False,0.16837734,0.036339346,0.68861645,0.1066668
42,7,none,fcz,945,100,2,2,True,0.020763459,0.19646907,0.77722275,0.0055446895
42,7,none,fcz,946,100,3,1,False,0.00030361844,0.95509726,0.016622432,0.027976558
42,7,none,fcz,947,100,2,0,False,0.4738184,0.06428665,0.33558178,0.12631318
42,7,none,fcz,948,100,1,1,True,0.0006043717,0.98473823,0.013941825,0.00071558973
42,7,none,fcz,949,100,0,0,True,0.6870598,0.047541283,0.23926963,0.026129216
42,7,none,fcz,950,100,0,0,True,0.77300125,0.011245363,0.029242236,0.18651111
42,7,none,fcz,951,100,1,1,True,0.019813165,0.7108109,0.18401258,0.08536334
42,7,none,fcz,952,100,1,1,True,0.08622651,0.7700575,0.030836465,0.11287952
42,7,none,fcz,953,100,0,2,False,0.08752734,0.1818154,0.7102605,0.020396778
42,7,none,fcz,954,100,0,0,True,0.8774693,0.06820247,0.0048090243,0.049519245
42,7,none,fcz,955,100,1,1,True,0.00054484536,0.9789822,0.0054883356,0.014984585
42,7,none,fcz,956,100,1,1,True,0.010857758,0.8755286,0.004083699,0.10953003
42,7,none,fcz,957,100,0,1,False,0.0037213545,0.8859665,0.06918688,0.041125238
42,7,none,fcz,958,100,0,0,True,0.9212401,0.038229723,0.031547178,0.008982931
42,7,none,fcz,959,100,1,1,True,0.00023792051,0.99734145,0.001604614,0.000816091
42,7,none,fcz,960,100,3,3,True,0.016897282,0.008062164,0.030691572,0.94434905
42,7,none,fcz,961,100,2,2,True,0.0102447085,0.004168776,0.9529818,0.032604758
42,7,none,fcz,962,100,2,2,True,0.0926207,0.030934295,0.73679894,0.13964605
42,7,none,fcz,963,100,3,3,True,0.101956844,0.11244905,0.015871374,0.76972276
42,7,none,fcz,964,100,2,1,False,0.33171538,0.42185226,0.22698097,0.019451356
42,7,none,fcz,965,100,3,0,False,0.7677315,0.001817371,0.0075179655,0.22293325
42,7,none,fcz,966,100,2,1,False,0.028957007,0.39809936,0.35817814,0.21476549
42,7,none,fcz,967,100,3,0,False,0.65837497,0.035153963,0.1451441,0.16132702
42,7,none,fcz,968,100,2,2,True,0.3426603,0.20404622,0.44840416,0.0048892936
42,7,none,fcz,969,100,3,1,False,0.011321488,0.6111047,0.17687361,0.20070013
42,7,none,fcz,970,100,2,3,False,0.2710599,0.044465013,0.124959596,0.55951554
42,7,none,fcz,971,100,3,3,True,0.22894847,0.18111548,0.2262807,0.3636554
42,7,none,fcz,972,100,1,1,True,0.00045772467,0.9804601,0.0023873511,0.016694738
42,7,none,fcz,973,100,0,0,True,0.941759,0.01782785,0.012270781,0.02814238
42,7,none,fcz,974,100,0,3,False,0.0010512151,0.006236752,0.43375707,0.55895495
42,7,none,fcz,975,100,1,2,False,0.13590883,0.006725837,0.7802064,0.07715895
42,7,none,fcz,976,100,1,1,True,0.00019081862,0.99410456,0.005462689,0.00024196177
42,7,none,fcz,977,100,0,0,True,0.9995223,2.587469e-05,0.0003821131,6.9692695e-05
42,7,none,fcz,978,100,0,0,True,0.7556095,0.011881273,0.18601313,0.046496186
42,7,none,fcz,979,100,1,1,True,0.016160445,0.74773365,0.0031773585,0.23292854
42,7,none,fcz,980,100,1,1,True,0.0027490677,0.6652586,0.2869532,0.045039225
42,7,none,fcz,981,100,0,0,True,0.66751736,0.012112171,0.30961278,0.010757705
42,7,none,fcz,982,100,0,0,True,0.56767064,0.06623331,0.10953476,0.25656128
42,7,none,fcz,983,100,1,1,True,0.0033754832,0.87157875,0.068208665,0.056837063
42,7,none,fcz,984,100,2,2,True,0.10571979,0.06686447,0.7162043,0.11121145
42,7,none,fcz,985,100,3,3,True,0.0042151767,0.020321473,0.36070886,0.6147545
42,7,none,fcz,986,100,2,3,False,0.044739913,0.040297735,0.07794478,0.83701754
42,7,none,fcz,987,100,3,3,True,0.0009512882,0.35442817,0.068923675,0.5756969
42,7,none,fcz,988,100,3,1,False,0.01995307,0.48444802,0.04425566,0.45134327
42,7,none,fcz,989,100,2,0,False,0.43337613,0.2591982,0.30549026,0.0019353612
42,7,none,fcz,990,100,2,2,True,0.11012943,0.14790466,0.6452412,0.09672475
42,7,none,fcz,991,100,3,2,False,0.019779604,0.114870325,0.6543996,0.2109505
42,7,none,fcz,992,100,3,3,True,0.0010976717,0.15146635,0.057961274,0.7894747
42,7,none,fcz,993,100,2,1,False,0.10684953,0.3940403,0.23350337,0.26560685
42,7,none,fcz,994,100,2,2,True,0.0311951,0.025950879,0.6190642,0.32378978
42,7,none,fcz,995,100,3,3,True,0.00066674926,0.004243609,0.01867456,0.97641504
42,7,none,fcz,996,101,0,0,True,0.94975805,0.021416219,0.018255172,0.010570584
42,7,none,fcz,997,101,1,1,True,0.00016436151,0.9982273,0.000472934,0.0011355157
42,7,none,fcz,998,101,1,1,True,0.05143708,0.94344443,0.0013563985,0.0037621437
42,7,none,fcz,999,101,0,0,True,0.9997793,0.00016366718,2.1051405e-06,5.5001412e-05
42,7,none,fcz,1000,101,1,1,True,0.00059644016,0.9984189,0.00011040522,0.00087419804
42,7,none,fcz,1001,101,0,0,True,0.99998415,1.3452078e-05,2.0744133e-06,3.7429368e-07
42,7,none,fcz,1002,101,1,1,True,0.00017806051,0.9997135,1.1823406e-06,0.00010731517
42,7,none,fcz,1003,101,0,0,True,0.99995375,4.2583997e-05,2.6726505e-06,1.0643283e-06
42,7,none,fcz,1004,101,1,1,True,0.00021789476,0.9996884,2.8585484e-06,9.097986e-05
42,7,none,fcz,1005,101,0,0,True,0.9989208,0.0010642712,1.238196e-05,2.5829133e-06
42,7,none,fcz,1006,101,0,0,True,0.99981457,0.00013581703,3.6633563e-05,1.29696355e-05
42,7,none,fcz,1007,101,1,1,True,0.00010598513,0.99959046,0.00011217259,0.00019153836
42,7,none,fcz,1008,101,1,1,True,0.00015698619,0.9995442,0.0002007635,9.804074e-05
42,7,none,fcz,1009,101,0,0,True,0.9998074,9.231449e-06,5.468934e-05,0.00012868473
42,7,none,fcz,1010,101,0,0,True,0.99991286,2.4688283e-05,9.746557e-06,5.2692503e-05
42,7,none,fcz,1011,101,2,1,False,0.032513294,0.9325495,0.034399208,0.000538077
42,7,none,fcz,1012,101,3,1,False,0.097255886,0.88904583,0.004226309,0.009471943
42,7,none,fcz,1013,101,2,0,False,0.96176094,0.00614645,0.01732366,0.014768935
42,7,none,fcz,1014,101,3,0,False,0.7744895,0.08456811,0.003304154,0.13763817
42,7,none,fcz,1015,101,3,0,False,0.3382224,0.2393757,0.11244806,0.30995387
42,7,none,fcz,1016,101,2,0,False,0.89643085,0.067841865,0.030355608,0.0053716726
42,7,none,fcz,1017,101,2,1,False,0.036833473,0.92123973,0.038913064,0.0030137354
42,7,none,fcz,1018,101,3,1,False,0.18401359,0.44363075,0.0038952255,0.36846045
42,7,none,fcz,1019,101,2,1,False,0.2821029,0.671638,0.043360293,0.0028987753
42,7,none,fcz,1020,101,3,0,False,0.7094307,0.046185423,0.0037537918,0.24063008
42,7,none,fcz,1021,101,3,3,True,0.077227145,0.052964162,0.01643068,0.85337794
42,7,none,fcz,1022,101,2,1,False,0.1992947,0.79788464,0.0013206,0.0015000874
42,7,none,fcz,1023,101,2,0,False,0.95209247,0.032737546,0.013955694,0.0012142304
42,7,none,fcz,1024,101,3,3,True,0.07272132,0.06176598,0.000943843,0.8645688
42,7,none,fcz,1025,101,2,0,False,0.87535256,0.09964962,0.018791936,0.0062059504
42,7,none,fcz,1026,101,1,1,True,0.009865592,0.9846347,0.0029529855,0.0025467628
42,7,none,fcz,1027,101,0,0,True,0.9998605,8.860232e-05,4.5432185e-05,5.478122e-06
42,7,none,fcz,1028,101,0,0,True,0.9993237,0.0005432355,8.807459e-05,4.505855e-05
42,7,none,fcz,1029,101,1,1,True,0.14615875,0.8456512,0.0015113861,0.0066786106
42,7,none,fcz,1030,101,1,1,True,2.1553116e-05,0.99982375,6.446291e-05,9.0227186e-05
42,7,none,fcz,1031,101,0,0,True,0.9998222,7.410621e-05,0.00010017461,3.563634e-06
42,7,none,fcz,1032,101,0,0,True,0.99993694,5.2419407e-05,2.9034331e-06,7.692939e-06
42,7,none,fcz,1033,101,1,1,True,0.00082568626,0.99902344,0.00011902282,3.1895397e-05
42,7,none,fcz,1034,101,1,1,True,0.0040475414,0.9959065,1.3898067e-05,3.2011118e-05
42,7,none,fcz,1035,101,0,0,True,0.99997616,5.5099895e-06,1.4285414e-06,1.6926235e-05
42,7,none,fcz,1036,101,1,1,True,0.0076083196,0.99147624,0.00015797847,0.0007574246
42,7,none,fcz,1037,101,0,0,True,0.99994445,5.2283645e-05,1.5144942e-06,1.6521471e-06
42,7,none,fcz,1038,101,1,1,True,0.011997472,0.987938,2.311033e-05,4.1426778e-05
42,7,none,fcz,1039,101,0,0,True,0.97910553,0.00605544,0.0012754758,0.013563562
42,7,none,fcz,1040,101,1,1,True,0.24083425,0.7104642,0.017401988,0.03129954
42,7,none,fcz,1041,101,2,0,False,0.81751555,0.13549048,0.045943618,0.001050362
42,7,none,fcz,1042,101,3,0,False,0.588588,0.2133542,0.0440441,0.15401374
42,7,none,fcz,1043,101,2,1,False,0.07699007,0.8984623,0.021524195,0.0030234552
42,7,none,fcz,1044,101,3,3,True,0.36769465,0.16978677,0.0005164031,0.4620022
42,7,none,fcz,1045,101,3,0,False,0.7952229,0.008669265,0.003396685,0.19271114
42,7,none,fcz,1046,101,2,1,False,0.40747535,0.5594609,0.017414037,0.015649678
42,7,none,fcz,1047,101,2,0,False,0.9332426,0.052263916,0.012987582,0.0015058668
42,7,none,fcz,1048,101,3,0,False,0.43562058,0.4166393,0.001204697,0.1465354
42,7,none,fcz,1049,101,3,3,True,0.4056417,0.0138448,0.0049872897,0.5755262
42,7,none,fcz,1050,101,2,0,False,0.7414883,0.24208209,0.0032407527,0.013188896
42,7,none,fcz,1051,101,2,2,True,0.09374289,0.143841,0.76054657,0.001869464
42,7,none,fcz,1052,101,3,0,False,0.6844858,0.257396,0.0026215485,0.055496696
42,7,none,fcz,1053,101,2,0,False,0.97689134,0.017528875,0.003129591,0.0024501705
42,7,none,fcz,1054,101,3,0,False,0.61708564,0.008635666,0.008099588,0.36617917
42,7,none,fcz,1055,101,2,1,False,0.035403334,0.94019026,0.0018770084,0.022529399
42,7,none,fcz,1056,101,0,0,True,0.9997137,0.00012988658,0.00013947107,1.6970538e-05
42,7,none,fcz,1057,101,1,1,True,0.01616925,0.97800136,0.005215569,0.00061400107
42,7,none,fcz,1058,101,0,0,True,0.9998331,0.000111395704,4.348943e-05,1.1861568e-05
42,7,none,fcz,1059,101,1,1,True,0.056605823,0.8898785,0.0015071189,0.0520085
42,7,none,fcz,1060,101,1,1,True,0.013337724,0.9518466,0.0007297389,0.03408596
42,7,none,fcz,1061,101,0,0,True,0.9967899,0.0020090162,0.00013251012,0.0010685772
42,7,none,fcz,1062,101,1,1,True,0.0002911911,0.99969506,1.2393243e-06,1.2687362e-05
42,7,none,fcz,1063,101,0,0,True,0.99997556,2.3312326e-05,6.4014114e-07,5.055189e-07
42,7,none,fcz,1064,101,1,1,True,0.00056345284,0.9986455,0.00034541285,0.00044567388
42,7,none,fcz,1065,101,0,0,True,0.99965703,0.00012554516,1.7601564e-05,0.00019976968
42,7,none,fcz,1066,101,1,1,True,0.00926438,0.9832545,0.0003562626,0.0071249334
42,7,none,fcz,1067,101,0,0,True,0.99991274,7.898339e-06,1.4361844e-05,6.5125896e-05
42,7,none,fcz,1068,101,0,0,True,0.9826462,0.016552474,0.0005772336,0.00022404146
42,7,none,fcz,1069,101,1,1,True,0.00236984,0.99599165,5.6116016e-05,0.0015823019
42,7,none,fcz,1070,101,1,1,True,0.0010312607,0.99760616,0.0011640644,0.00019846692
42,7,none,fcz,1071,101,3,3,True,0.008684438,0.02422258,0.0006312994,0.96646166
42,7,none,fcz,1072,101,2,2,True,0.222386,0.25332963,0.4874371,0.03684732
42,7,none,fcz,1073,101,3,0,False,0.68289405,0.18614905,0.011542833,0.119414054
42,7,none,fcz,1074,101,2,0,False,0.437801,0.116695,0.37047327,0.07503066
42,7,none,fcz,1075,101,2,1,False,0.32288447,0.5689779,0.09258428,0.015553431
42,7,none,fcz,1076,101,3,0,False,0.5643656,0.22343671,0.004758033,0.20743969
42,7,none,fcz,1077,101,3,0,False,0.5650207,0.023617929,0.0010122131,0.4103492
42,7,none,fcz,1078,101,2,3,False,0.15786232,0.17030531,0.0113574,0.66047496
42,7,none,fcz,1079,101,2,2,True,0.09477229,0.03939301,0.8620425,0.0037922019
42,7,none,fcz,1080,101,3,3,True,0.3758488,0.13855465,0.006913567,0.47868294
42,7,none,fcz,1081,101,3,3,True,0.17436683,0.079331726,0.007161205,0.7391402
42,7,none,fcz,1082,101,2,1,False,0.17025061,0.6153602,0.05959019,0.15479906
42,7,none,fcz,1083,101,3,1,False,0.24777651,0.3891659,0.0027373563,0.3603202
42,7,none,fcz,1084,101,2,1,False,0.03586423,0.7069219,0.09502656,0.16218725
42,7,none,fcz,1085,101,2,1,False,0.016899293,0.9097114,0.04623451,0.027154755
42,7,none,fcz,1086,102,1,1,True,0.0004267802,0.9958138,0.002749269,0.0010102002
42,7,none,fcz,1087,102,0,0,True,0.8683429,0.033074066,0.06624876,0.03233428
42,7,none,fcz,1088,102,1,1,True,0.004100821,0.6679386,0.29029557,0.037664995
42,7,none,fcz,1089,102,0,0,True,0.9852373,0.0036770029,0.0038662076,0.0072194804
42,7,none,fcz,1090,102,1,1,True,0.033146657,0.5893905,0.36963713,0.007825718
42,7,none,fcz,1091,102,0,0,True,0.7608236,0.030021688,0.15723303,0.051921748
42,7,none,fcz,1092,102,0,0,True,0.99638724,0.00068980374,0.00240051,0.0005224625
42,7,none,fcz,1093,102,1,0,False,0.32311785,0.16754581,0.2608139,0.24852243
42,7,none,fcz,1094,102,0,0,True,0.752978,0.056883067,0.09753373,0.0926052
42,7,none,fcz,1095,102,1,2,False,0.034509216,0.13180004,0.8254172,0.008273472
42,7,none,fcz,1096,102,0,0,True,0.81413597,0.008551838,0.10563185,0.071680285
42,7,none,fcz,1097,102,1,2,False,0.01007824,0.21023457,0.76723224,0.012454958
42,7,none,fcz,1098,102,0,3,False,0.3200373,0.1305357,0.18679653,0.36263046
42,7,none,fcz,1099,102,1,2,False,0.11964046,0.1558078,0.69460016,0.029951518
42,7,none,fcz,1100,102,1,1,True,0.00057150284,0.99872774,0.00064635364,5.4386528e-05
42,7,none,fcz,1101,102,2,2,True,0.10452669,0.3696714,0.42128646,0.10451544
42,7,none,fcz,1102,102,3,3,True,0.15720782,0.0490575,0.09790493,0.6958298
42,7,none,fcz,1103,102,2,1,False,0.1540819,0.46177164,0.25824404,0.12590246
42,7,none,fcz,1104,102,3,3,True,0.21934249,0.2529174,0.23376027,0.29397982
42,7,none,fcz,1105,102,2,0,False,0.5435833,0.04775277,0.3904813,0.018182632
42,7,none,fcz,1106,102,3,3,True,0.061291233,0.0973157,0.14593063,0.6954624
42,7,none,fcz,1107,102,2,2,True,0.17859814,0.022757882,0.6822035,0.116440475
42,7,none,fcz,1108,102,3,3,True,0.094259344,0.0879846,0.10228465,0.71547145
42,7,none,fcz,1109,102,3,3,True,0.14310707,0.014249975,0.06995205,0.77269095
42,7,none,fcz,1110,102,2,2,True,0.045023713,0.04700335,0.90399617,0.0039767427
42,7,none,fcz,1111,102,3,2,False,0.01456613,0.15850314,0.6412165,0.18571419
42,7,none,fcz,1112,102,2,2,True,0.19475256,0.010288291,0.49555522,0.29940388
42,7,none,fcz,1113,102,2,2,True,0.06254334,0.088978946,0.80220956,0.046268247
42,7,none,fcz,1114,102,3,0,False,0.68462247,0.06484297,0.14868179,0.10185286
42,7,none,fcz,1115,102,2,2,True,0.035101514,0.25451893,0.55805224,0.1523273
42,7,none,fcz,1116,102,1,1,True,0.00026360867,0.9926818,0.006602037,0.000452513
42,7,none,fcz,1117,102,0,1,False,0.22733548,0.3643475,0.13082315,0.27749386
42,7,none,fcz,1118,102,1,1,True,0.0075595384,0.67526776,0.1596688,0.157504
42,7,none,fcz,1119,102,0,0,True,0.6306054,0.039647605,0.19295248,0.13679455
42,7,none,fcz,1120,102,0,0,True,0.9229021,0.036194164,0.0289737,0.011930119
42,7,none,fcz,1121,102,1,2,False,0.02743904,0.2919194,0.67008966,0.0105518615
42,7,none,fcz,1122,102,0,1,False,0.2186004,0.34907147,0.28154212,0.15078594
42,7,none,fcz,1123,102,1,1,True,0.060699936,0.47938657,0.40549618,0.05441729
42,7,none,fcz,1124,102,0,0,True,0.5247614,0.0121089695,0.42861953,0.034510043
42,7,none,fcz,1125,102,1,2,False,0.23179156,0.18581255,0.4318831,0.15051284
42,7,none,fcz,1126,102,1,1,True,0.00027601875,0.9971782,0.0009946228,0.0015512137
42,7,none,fcz,1127,102,0,2,False,0.24329789,0.10697322,0.3623175,0.28741142
42,7,none,fcz,1128,102,1,1,True,0.0003511998,0.99787426,0.0014267424,0.0003478007
42,7,none,fcz,1129,102,0,3,False,0.2540027,0.14582214,0.21933605,0.3808391
42,7,none,fcz,1130,102,1,1,True,0.20153156,0.3854223,0.22602215,0.18702395
42,7,none,fcz,1131,102,2,2,True,0.010583841,0.06962523,0.91436845,0.0054225083
42,7,none,fcz,1132,102,3,2,False,0.012851691,0.23680499,0.49840105,0.25194228
42,7,none,fcz,1133,102,3,3,True,0.028745098,0.028286144,0.30900413,0.63396466
42,7,none,fcz,1134,102,2,2,True,0.03020481,0.05093834,0.8988805,0.019976374
42,7,none,fcz,1135,102,2,1,False,0.06916396,0.47948626,0.29904678,0.15230301
42,7,none,fcz,1136,102,3,2,False,0.02228611,0.013412079,0.79919076,0.16511108
42,7,none,fcz,1137,102,3,2,False,0.09389161,0.10395633,0.49740872,0.30474332
42,7,none,fcz,1138,102,2,2,True,0.0029427686,0.08391575,0.9079559,0.005185589
42,7,none,fcz,1139,102,2,2,True,0.025741931,0.056721278,0.84723026,0.07030655
42,7,none,fcz,1140,102,3,3,True,0.14418319,0.09041124,0.31685394,0.44855163
42,7,none,fcz,1141,102,2,2,True,0.010126599,0.06383027,0.46907428,0.4569688
42,7,none,fcz,1142,102,3,3,True,0.013354707,0.15934435,0.24006465,0.5872363
42,7,none,fcz,1143,102,3,2,False,0.02903532,0.0017964308,0.71217376,0.25699452
42,7,none,fcz,1144,102,2,2,True,0.17084904,0.14435363,0.4129479,0.2718494
42,7,none,fcz,1145,102,2,2,True,0.0031838163,0.08981306,0.87644804,0.030555062
42,7,none,fcz,1146,102,0,2,False,0.18482079,0.03269701,0.71495956,0.06752268
42,7,none,fcz,1147,102,1,1,True,0.0006033727,0.9940188,0.004695824,0.0006820323
42,7,none,fcz,1148,102,0,2,False,0.077695064,0.033271264,0.82445955,0.06457417
42,7,none,fcz,1149,102,1,1,True,0.0014014555,0.98645264,0.008260754,0.003885105
42,7,none,fcz,1150,102,1,2,False,0.013281697,0.17407016,0.8005551,0.012093024
42,7,none,fcz,1151,102,0,2,False,0.22964858,0.16366479,0.5329048,0.073781796
42,7,none,fcz,1152,102,0,2,False,0.093819134,0.07434867,0.8149061,0.016926005
42,7,none,fcz,1153,102,1,1,True,0.02367843,0.85049504,0.06952107,0.056305476
42,7,none,fcz,1154,102,0,2,False,0.12239877,0.19819781,0.6474889,0.031914424
42,7,none,fcz,1155,102,1,2,False,0.12971963,0.13270551,0.5807766,0.15679827
42,7,none,fcz,1156,102,1,1,True,0.0012708482,0.8453117,0.0577199,0.095697656
42,7,none,fcz,1157,102,0,3,False,0.1002147,0.24771793,0.17348804,0.4785793
42,7,none,fcz,1158,102,1,1,True,0.26275524,0.31557947,0.2284847,0.19318053
42,7,none,fcz,1159,102,0,0,True,0.50888884,0.08305142,0.27507767,0.13298213
42,7,none,fcz,1160,102,0,0,True,0.9061037,0.015129281,0.010913223,0.067853935
42,7,none,fcz,1161,102,2,2,True,0.0043426706,0.04023573,0.95029074,0.0051308554
42,7,none,fcz,1162,102,3,3,True,0.06936585,0.09318901,0.1446527,0.6927924
42,7,none,fcz,1163,102,3,3,True,0.007012595,0.045324076,0.02753414,0.9201292
42,7,none,fcz,1164,102,2,2,True,0.08372995,0.2106687,0.6228363,0.082765035
42,7,none,fcz,1165,102,2,2,True,0.0064568995,0.020972408,0.6358147,0.336756
42,7,none,fcz,1166,102,3,0,False,0.5487069,0.0051804865,0.06035069,0.3857619
42,7,none,fcz,1167,102,2,2,True,0.18911673,0.04975197,0.7157214,0.045409832
42,7,none,fcz,1168,102,3,3,True,0.20721471,0.04705928,0.24370246,0.5020236
42,7,none,fcz,1169,102,2,2,True,0.043389287,0.19346473,0.4414903,0.3216557
42,7,none,fcz,1170,102,3,2,False,0.05418205,0.08272721,0.64441276,0.21867801
42,7,none,fcz,1171,102,2,1,False,0.010197224,0.66945416,0.16433401,0.15601452
42,7,none,fcz,1172,102,3,3,True,0.009553199,0.0062103765,0.12598327,0.8582532
42,7,none,fcz,1173,102,2,2,True,0.1136739,0.38288298,0.43776277,0.065680295
42,7,none,fcz,1174,102,3,2,False,0.06868534,0.032181073,0.66415673,0.2349768
42,7,none,fcz,1175,102,3,3,True,0.03846733,0.14140293,0.029160794,0.79096895
42,7,none,fcz,1176,103,0,3,False,0.43989035,0.013293998,0.056608975,0.49020675
42,7,none,fcz,1177,103,1,1,True,0.0061701187,0.8613042,0.10166468,0.030861033
42,7,none,fcz,1178,103,1,1,True,0.019481977,0.90512294,0.059614245,0.015780883
42,7,none,fcz,1179,103,0,1,False,0.023128076,0.8728551,0.013577141,0.090439714
42,7,none,fcz,1180,103,1,1,True,0.055287335,0.91370016,0.0075895954,0.023422888
42,7,none,fcz,1181,103,0,3,False,0.385014,0.07439844,0.009658593,0.5309289
42,7,none,fcz,1182,103,0,0,True,0.9989863,2.9129907e-05,0.0006695654,0.00031501224
42,7,none,fcz,1183,103,1,1,True,0.0068043605,0.9620666,0.025715336,0.0054136994
42,7,none,fcz,1184,103,0,0,True,0.9073633,0.03182006,0.051989708,0.008826874
42,7,none,fcz,1185,103,1,1,True,0.1716816,0.7475267,0.07158311,0.009208543
42,7,none,fcz,1186,103,0,0,True,0.76659006,0.050232735,0.17441112,0.008766064
42,7,none,fcz,1187,103,1,0,False,0.84190756,0.02905002,0.110696524,0.018345878
42,7,none,fcz,1188,103,1,1,True,0.007315531,0.77606595,0.15889212,0.057726327
42,7,none,fcz,1189,103,0,2,False,0.19843324,0.05198739,0.74743605,0.0021433635
42,7,none,fcz,1190,103,1,1,True,0.02168382,0.6165084,0.07466117,0.2871466
42,7,none,fcz,1191,103,3,2,False,0.0064934143,0.050762717,0.5619063,0.3808375
42,7,none,fcz,1192,103,2,2,True,0.12447794,0.0036733502,0.8618748,0.00997378
42,7,none,fcz,1193,103,2,2,True,0.102705926,0.029785044,0.8057968,0.061712295
42,7,none,fcz,1194,103,3,0,False,0.7431028,0.02237994,0.013459189,0.22105798
42,7,none,fcz,1195,103,2,3,False,0.14255077,0.3025853,0.04904375,0.50582016
42,7,none,fcz,1196,103,3,0,False,0.3092627,0.16848803,0.30475366,0.21749565
42,7,none,fcz,1197,103,3,2,False,0.35553873,0.02735687,0.44415852,0.17294593
42,7,none,fcz,1198,103,2,2,True,0.029595222,0.007517616,0.9584549,0.0044321925
42,7,none,fcz,1199,103,2,2,True,0.2554876,0.3342257,0.40940446,0.0008822451
42,7,none,fcz,1200,103,3,1,False,0.12185872,0.7362712,0.002699173,0.13917091
42,7,none,fcz,1201,103,3,2,False,0.029620765,0.24427085,0.52608466,0.20002376
42,7,none,fcz,1202,103,2,2,True,0.06985722,0.01096044,0.9187551,0.00042723856
42,7,none,fcz,1203,103,3,3,True,0.28586516,0.16163246,0.030848762,0.5216536
42,7,none,fcz,1204,103,2,1,False,0.11619856,0.8113789,0.051317308,0.021105107
42,7,none,fcz,1205,103,2,1,False,0.02146139,0.7149691,0.039734814,0.2238346
42,7,none,fcz,1206,103,1,2,False,0.16165344,0.14797725,0.68894744,0.001421932
42,7,none,fcz,1207,103,0,0,True,0.5469888,0.042401288,0.15979241,0.25081757
42,7,none,fcz,1208,103,1,1,True,0.010829773,0.7343447,0.2500631,0.0047624195
42,7,none,fcz,1209,103,0,0,True,0.8961196,0.03956403,0.04199631,0.022320075
42,7,none,fcz,1210,103,0,0,True,0.9830443,0.000430525,0.0031800661,0.01334514
42,7,none,fcz,1211,103,1,1,True,0.0015490735,0.697682,0.067295425,0.23347351
42,7,none,fcz,1212,103,1,3,False,0.016689295,0.16667849,0.01079133,0.8058409
42,7,none,fcz,1213,103,0,0,True,0.9710354,0.015673175,0.0058509125,0.007440445
42,7,none,fcz,1214,103,0,1,False,0.35901648,0.43547925,0.20375477,0.0017496028
42,7,none,fcz,1215,103,1,0,False,0.7831126,0.012237097,0.15294975,0.05170064
42,7,none,fcz,1216,103,1,1,True,0.0024903694,0.9937264,0.0021849705,0.0015982003
42,7,none,fcz,1217,103,0,0,True,0.96644765,0.0037831315,0.021637877,0.0081314035
42,7,none,fcz,1218,103,0,0,True,0.9463477,0.0009489816,0.052350976,0.0003522965
42,7,none,fcz,1219,103,1,2,False,0.03646402,0.43620807,0.52430403,0.0030238642
42,7,none,fcz,1220,103,0,0,True,0.9705658,0.0016215969,0.024861053,0.0029516015
42,7,none,fcz,1221,103,2,2,True,0.03811706,0.038822576,0.898363,0.024697455
42,7,none,fcz,1222,103,3,2,False,0.0027117925,0.0018277933,0.80721366,0.18824668
42,7,none,fcz,1223,103,2,2,True,0.015336638,0.3443122,0.6396773,0.000673887
42,7,none,fcz,1224,103,3,2,False,0.0946928,0.011443298,0.72753096,0.16633293
42,7,none,fcz,1225,103,3,3,True,0.17461611,0.013055464,0.017050618,0.79527783
42,7,none,fcz,1226,103,2,0,False,0.6364943,0.081121616,0.17935075,0.103033274
42,7,none,fcz,1227,103,3,0,False,0.41978025,0.151206,0.18871036,0.24030332
42,7,none,fcz,1228,103,2,1,False,0.32429647,0.4685174,0.093092896,0.114093296
42,7,none,fcz,1229,103,3,3,True,0.17721441,0.04294742,0.010657306,0.76918083
42,7,none,fcz,1230,103,2,2,True,0.14301659,0.03756229,0.7675136,0.051907573
42,7,none,fcz,1231,103,2,2,True,0.063143834,0.015785111,0.9058055,0.015265481
42,7,none,fcz,1232,103,3,0,False,0.60267895,0.18067868,0.16169406,0.05494838
42,7,none,fcz,1233,103,3,0,False,0.42917025,0.26885432,0.15351665,0.14845875
42,7,none,fcz,1234,103,2,0,False,0.60550153,0.16491935,0.19776224,0.031816855
42,7,none,fcz,1235,103,3,3,True,0.018327536,0.096717715,0.3386598,0.5462949
42,7,none,fcz,1236,103,1,1,True,0.021002887,0.9447434,0.02670309,0.0075506377
42,7,none,fcz,1237,103,0,0,True,0.6571015,0.0034310098,0.15693873,0.18252867
42,7,none,fcz,1238,103,0,0,True,0.92553973,0.008889486,0.012577702,0.05299297
42,7,none,fcz,1239,103,1,2,False,0.044065602,0.4112947,0.44875047,0.09588924
42,7,none,fcz,1240,103,1,1,True,0.009156079,0.74607825,0.006899523,0.23786616
42,7,none,fcz,1241,103,0,2,False,0.25872412,0.013842917,0.5984291,0.12900384
42,7,none,fcz,1242,103,1,1,True,0.0006759702,0.9327101,0.002376361,0.06423743
42,7,none,fcz,1243,103,0,0,True,0.7729037,0.0007600861,0.22461718,0.0017190817
42,7,none,fcz,1244,103,0,0,True,0.78709567,0.029822627,0.068850055,0.11423173
42,7,none,fcz,1245,103,1,1,True,0.07955434,0.4954581,0.15437609,0.27061144
42,7,none,fcz,1246,103,0,0,True,0.9178888,0.0043237093,0.060333878,0.01745358
42,7,none,fcz,1247,103,1,0,False,0.46970215,0.41438442,0.02800606,0.08790731
42,7,none,fcz,1248,103,1,1,True,0.049649067,0.87735695,0.06355001,0.0094439825
42,7,none,fcz,1249,103,0,0,True,0.9971084,0.0014102312,0.0011017312,0.00037961887
42,7,none,fcz,1250,103,1,1,True,0.25011858,0.6089222,0.010356282,0.13060296
42,7,none,fcz,1251,103,3,3,True,0.0077603892,0.0056957845,0.0056621544,0.9808817
42,7,none,fcz,1252,103,2,1,False,0.010257265,0.8007893,0.115914404,0.07303904
42,7,none,fcz,1253,103,3,1,False,0.05899784,0.46467856,0.015480979,0.46084258
42,7,none,fcz,1254,103,2,0,False,0.42717323,0.14549653,0.046710946,0.3806193
42,7,none,fcz,1255,103,2,1,False,0.06818621,0.63263005,0.20232242,0.096861295
42,7,none,fcz,1256,103,3,0,False,0.40028325,0.25026956,0.052245203,0.29720202
42,7,none,fcz,1257,103,2,1,False,0.17369543,0.7729771,0.0016050193,0.051722515
42,7,none,fcz,1258,103,3,1,False,0.25816882,0.593914,0.009844956,0.13807225
42,7,none,fcz,1259,103,2,2,True,0.1196685,0.01814326,0.8493613,0.012827022
42,7,none,fcz,1260,103,3,3,True,0.09921917,0.14849189,0.24864325,0.5036457
42,7,none,fcz,1261,103,3,3,True,0.014052993,0.15112393,0.027688272,0.8071348
42,7,none,fcz,1262,103,2,2,True,0.009785148,0.1426459,0.8433408,0.0042281374
42,7,none,fcz,1263,103,2,2,True,0.13684194,0.071184285,0.7744505,0.017523322
42,7,none,fcz,1264,103,3,3,True,0.09963214,0.01811402,0.0012803323,0.8809735
42,7,none,fcz,1265,103,3,3,True,0.00090250076,0.10472709,0.012312998,0.8820574
42,7,none,fcz,1266,104,0,0,True,0.44443917,0.413058,0.04893885,0.09356403
42,7,none,fcz,1267,104,1,1,True,0.053871956,0.94317764,0.0021619808,0.0007884031
42,7,none,fcz,1268,104,1,0,False,0.31736255,0.30708075,0.2997313,0.075825416
42,7,none,fcz,1269,104,0,1,False,0.28140432,0.48624244,0.003802241,0.22855096
42,7,none,fcz,1270,104,1,1,True,0.043617252,0.7767582,0.048317775,0.13130674
42,7,none,fcz,1271,104,0,1,False,0.12529679,0.4315432,0.3828561,0.0603038
42,7,none,fcz,1272,104,1,1,True,0.1759824,0.68135047,0.026078723,0.116588436
42,7,none,fcz,1273,104,0,0,True,0.37061763,0.30380738,0.14907508,0.17649998
42,7,none,fcz,1274,104,0,1,False,0.08825146,0.8213206,0.087804586,0.0026232388
42,7,none,fcz,1275,104,1,1,True,0.050716653,0.7878552,0.12777413,0.033654053
42,7,none,fcz,1276,104,0,1,False,0.21591572,0.657708,0.09674755,0.029628702
42,7,none,fcz,1277,104,1,1,True,0.022238325,0.54871964,0.10500495,0.32403708
42,7,none,fcz,1278,104,1,0,False,0.5661762,0.222822,0.1710818,0.03991999
42,7,none,fcz,1279,104,0,0,True,0.75011146,0.08860052,0.07077784,0.090510204
42,7,none,fcz,1280,104,1,1,True,7.930749e-05,0.99325526,0.00015933732,0.006505955
42,7,none,fcz,1281,104,2,2,True,0.29206342,0.14517225,0.48468277,0.078081615
42,7,none,fcz,1282,104,3,3,True,0.09526171,0.20327795,0.15532482,0.54613554
42,7,none,fcz,1283,104,3,3,True,0.15632778,0.01821553,0.013742568,0.81171405
42,7,none,fcz,1284,104,2,1,False,0.009075648,0.9185038,0.067772575,0.0046479637
42,7,none,fcz,1285,104,3,0,False,0.38943312,0.19552025,0.2987449,0.11630178
42,7,none,fcz,1286,104,2,1,False,0.0093120625,0.97363734,0.005866296,0.011184374
42,7,none,fcz,1287,104,2,1,False,0.039786886,0.6424484,0.18813868,0.12962604
42,7,none,fcz,1288,104,3,3,True,0.105144374,0.14281763,0.002386384,0.7496516
42,7,none,fcz,1289,104,2,1,False,0.0040352037,0.9644337,0.031147404,0.00038370845
42,7,none,fcz,1290,104,3,1,False,0.047481254,0.48965815,0.16583589,0.2970246
42,7,none,fcz,1291,104,3,3,True,0.068096384,0.028342837,0.05261652,0.8509442
42,7,none,fcz,1292,104,2,3,False,0.08530845,0.059605494,0.039355677,0.81573033
42,7,none,fcz,1293,104,3,3,True,0.044466928,0.07833646,0.0028605463,0.874336
42,7,none,fcz,1294,104,2,1,False,0.050535433,0.56483555,0.25438365,0.13024539
42,7,none,fcz,1295,104,3,0,False,0.58347297,0.17709218,0.07417419,0.1652607
42,7,none,fcz,1296,104,0,3,False,0.403037,0.108299345,0.013361523,0.47530216
42,7,none,fcz,1297,104,1,1,True,0.040277753,0.8515868,0.06784903,0.040286478
42,7,none,fcz,1298,104,1,1,True,0.0013943347,0.996119,0.00033759512,0.0021490217
42,7,none,fcz,1299,104,0,0,True,0.8914572,0.058551937,0.036016032,0.0139748035
42,7,none,fcz,1300,104,0,0,True,0.9795721,0.0076870224,0.004002018,0.008738907
42,7,none,fcz,1301,104,1,1,True,0.0012840738,0.9796872,0.008561705,0.010467037
42,7,none,fcz,1302,104,0,1,False,0.45955798,0.46870488,0.022577342,0.049159784
42,7,none,fcz,1303,104,1,1,True,0.13170463,0.68888175,0.11110892,0.068304636
42,7,none,fcz,1304,104,0,0,True,0.7229201,0.1419624,0.12835066,0.0067668865
42,7,none,fcz,1305,104,1,1,True,0.19985817,0.7841097,0.009180536,0.0068515944
42,7,none,fcz,1306,104,1,1,True,4.3525084e-05,0.98339695,0.01561906,0.00094051805
42,7,none,fcz,1307,104,0,0,True,0.9858343,0.013180357,0.0007029114,0.0002824539
42,7,none,fcz,1308,104,3,3,True,0.003342606,0.11949814,0.03141095,0.8457483
42,7,none,fcz,1309,104,2,1,False,0.043530084,0.48267752,0.15802802,0.31576443
42,7,none,fcz,1310,104,3,3,True,0.21483947,0.17335495,0.02318391,0.5886217
42,7,none,fcz,1311,104,2,0,False,0.76410174,0.09358369,0.035381895,0.10693274
42,7,none,fcz,1312,104,3,3,True,0.33245236,0.18661958,0.0046112025,0.47631687
42,7,none,fcz,1313,104,2,2,True,0.092892006,0.24244167,0.655779,0.008887322
42,7,none,fcz,1314,104,3,3,True,0.07014662,0.18487686,0.09103744,0.65393907
42,7,none,fcz,1315,104,2,1,False,0.30958837,0.46481812,0.059697635,0.16589579
42,7,none,fcz,1316,104,3,1,False,0.11972691,0.5945711,0.18756467,0.09813731
42,7,none,fcz,1317,104,2,2,True,0.14849256,0.3747158,0.45206213,0.02472945
42,7,none,fcz,1318,104,2,2,True,0.29845372,0.16469483,0.50882953,0.028021958
42,7,none,fcz,1319,104,3,2,False,0.2519612,0.1027412,0.35332286,0.29197475
42,7,none,fcz,1320,104,3,3,True,0.12419968,0.023832962,0.028418418,0.823549
42,7,none,fcz,1321,104,2,1,False,0.09385588,0.6278265,0.27096245,0.007355206
42,7,none,fcz,1322,104,2,2,True,0.24766582,0.029726254,0.7205273,0.0020806114
42,7,none,fcz,1323,104,0,0,True,0.63104916,0.13758457,0.12754531,0.10382102
42,7,none,fcz,1324,104,1,1,True,0.016864019,0.513285,0.38806522,0.08178579
42,7,none,fcz,1325,104,0,0,True,0.506893,0.096500725,0.3691847,0.027421627
42,7,none,fcz,1326,104,1,1,True,0.08126924,0.59055376,0.27113947,0.057037506
42,7,none,fcz,1327,104,0,2,False,0.33778927,0.2788898,0.34940067,0.03392023
42,7,none,fcz,1328,104,1,1,True,0.0028099057,0.5855118,0.07071542,0.3409629
42,7,none,fcz,1329,104,0,0,True,0.9998274,1.0615205e-05,3.6137517e-05,0.00012581036
42,7,none,fcz,1330,104,1,1,True,0.18962316,0.5001311,0.12909432,0.18115146
42,7,none,fcz,1331,104,1,1,True,0.027979014,0.9622072,0.0060470044,0.003766764
42,7,none,fcz,1332,104,0,1,False,0.13014407,0.84456635,0.016603712,0.008685918
42,7,none,fcz,1333,104,0,0,True,0.62078446,0.15082712,0.20305239,0.025336085
42,7,none,fcz,1334,104,1,0,False,0.450856,0.44893497,0.040899295,0.05930976
42,7,none,fcz,1335,104,1,3,False,0.26916763,0.029808572,0.2544356,0.44658825
42,7,none,fcz,1336,104,0,0,True,0.63200784,0.012962484,0.34791303,0.007116645
42,7,none,fcz,1337,104,0,0,True,0.49371877,0.049358375,0.35932964,0.09759319
42,7,none,fcz,1338,104,2,2,True,0.0026069398,0.017904002,0.95730805,0.022181088
42,7,none,fcz,1339,104,3,1,False,0.038718067,0.7664045,0.18344933,0.011428109
42,7,none,fcz,1340,104,2,1,False,0.41561526,0.42113373,0.14926933,0.013981774
42,7,none,fcz,1341,104,3,3,True,0.06968514,0.05398511,0.026020333,0.8503094
42,7,none,fcz,1342,104,3,3,True,0.05067423,0.38037774,0.014815674,0.5541324
42,7,none,fcz,1343,104,2,2,True,0.03419037,0.21777308,0.7441744,0.0038620664
42,7,none,fcz,1344,104,3,3,True,0.015362714,0.019185998,0.007841726,0.95760953
42,7,none,fcz,1345,104,2,2,True,0.045679238,0.31428617,0.5663054,0.07372927
42,7,none,fcz,1346,104,3,0,False,0.48095712,0.100023024,0.16219029,0.25682953
42,7,none,fcz,1347,104,2,2,True,0.16055372,0.13636954,0.6932201,0.009856586
42,7,none,fcz,1348,104,3,3,True,0.011006189,0.23530573,0.15186502,0.6018231
42,7,none,fcz,1349,104,2,1,False,0.0029606607,0.9183109,0.0487141,0.03001438
42,7,none,fcz,1350,104,2,2,True,0.116902165,0.3201036,0.35004562,0.21294867
42,7,none,fcz,1351,104,3,3,True,0.32702267,0.24114192,0.07698776,0.3548477
42,7,none,fcz,1352,104,3,3,True,0.060883157,0.13688648,0.27139968,0.5308307
42,7,none,fcz,1353,105,0,0,True,0.9581846,0.00022162436,0.0031790868,0.038414758
42,7,none,fcz,1354,105,1,1,True,0.000423079,0.9296238,0.05449742,0.015455683
42,7,none,fcz,1355,105,1,1,True,0.0020142368,0.94497806,0.027478779,0.025529046
42,7,none,fcz,1356,105,0,0,True,0.82595825,0.00018056076,0.012687813,0.16117334
42,7,none,fcz,1357,105,1,1,True,0.00037826883,0.8771323,0.113038205,0.009451146
42,7,none,fcz,1358,105,0,0,True,0.9998542,2.5168578e-07,4.9443486e-05,9.609929e-05
42,7,none,fcz,1359,105,1,1,True,0.00039968532,0.9825988,0.0010192354,0.015982406
42,7,none,fcz,1360,105,0,0,True,0.9689005,5.8250316e-05,0.0008778453,0.03016345
42,7,none,fcz,1361,105,0,0,True,0.99664706,1.7060736e-05,0.002233252,0.0011024966
42,7,none,fcz,1362,105,1,3,False,0.0017892075,0.28962636,0.0005900701,0.70799434
42,7,none,fcz,1363,105,1,1,True,8.11984e-05,0.9326541,0.0027405599,0.06452415
42,7,none,fcz,1364,105,0,0,True,0.9991259,1.9166864e-05,3.8849026e-05,0.0008160929
42,7,none,fcz,1365,105,1,2,False,0.01120627,0.32084337,0.42336747,0.24458282
42,7,none,fcz,1366,105,0,0,True,0.9714156,1.5689682e-05,0.0066250497,0.021943776
42,7,none,fcz,1367,105,0,0,True,0.7925628,0.0034780144,0.05570569,0.1482535
42,7,none,fcz,1368,105,3,3,True,0.0042142943,0.00093616795,0.004352172,0.99049735
42,7,none,fcz,1369,105,2,3,False,0.013028119,0.009803137,0.25215387,0.72501487
42,7,none,fcz,1370,105,2,3,False,0.0011206229,0.0029162257,0.09600238,0.89996076
42,7,none,fcz,1371,105,3,3,True,0.00068524206,0.001210606,0.033477332,0.96462685
42,7,none,fcz,1372,105,3,3,True,0.05234842,0.0016827931,0.1623265,0.78364223
42,7,none,fcz,1373,105,2,2,True,0.005721196,0.004875036,0.5015766,0.48782718
42,7,none,fcz,1374,105,3,3,True,0.0009335701,0.002394838,0.008869597,0.98780197
42,7,none,fcz,1375,105,2,2,True,0.0144011555,0.013007431,0.86583126,0.10676021
42,7,none,fcz,1376,105,3,3,True,0.008058579,0.2674533,0.107771575,0.6167165
42,7,none,fcz,1377,105,2,2,True,0.0073560094,0.027521055,0.7885253,0.17659764
42,7,none,fcz,1378,105,3,2,False,0.06655682,0.006580647,0.78256303,0.14429948
42,7,none,fcz,1379,105,2,3,False,0.0004786295,0.0062658354,0.15771155,0.83554393
42,7,none,fcz,1380,105,3,3,True,0.0004349598,0.00019999813,0.0038924788,0.9954725
42,7,none,fcz,1381,105,2,2,True,0.0027735615,0.0042200284,0.91063386,0.082372576
42,7,none,fcz,1382,105,2,3,False,0.0012686956,0.0080823675,0.1639525,0.82669646
42,7,none,fcz,1383,105,1,1,True,3.5810976e-05,0.9878991,0.009852321,0.0022127435
42,7,none,fcz,1384,105,0,3,False,0.025848595,0.00037202443,0.4681594,0.50562
42,7,none,fcz,1385,105,1,1,True,0.00038459734,0.7250712,0.23765324,0.03689092
42,7,none,fcz,1386,105,0,3,False,0.15098692,6.253245e-05,0.021616522,0.82733405
42,7,none,fcz,1387,105,0,2,False,0.35007143,0.00011240741,0.46399915,0.18581706
42,7,none,fcz,1388,105,1,1,True,0.00478321,0.95244,0.02909845,0.013678412
42,7,none,fcz,1389,105,1,1,True,8.402719e-05,0.9844379,0.015108503,0.00036953136
42,7,none,fcz,1390,105,0,0,True,0.9866818,0.00029222958,0.010552026,0.0024739853
42,7,none,fcz,1391,105,0,0,True,0.9314925,0.0040653027,0.054413408,0.010028852
42,7,none,fcz,1392,105,1,1,True,0.0009078103,0.85151637,0.13606735,0.0115084415
42,7,none,fcz,1393,105,0,0,True,0.9537355,0.00041827108,0.007847253,0.03799899
42,7,none,fcz,1394,105,1,1,True,0.001609322,0.9885152,0.008479875,0.0013955679
42,7,none,fcz,1395,105,0,2,False,0.25610557,0.000935974,0.7389034,0.0040550297
42,7,none,fcz,1396,105,1,1,True,1.3372805e-05,0.994942,0.0047159162,0.00032862203
42,7,none,fcz,1397,105,1,1,True,0.0021931513,0.9224377,0.028031144,0.047338087
42,7,none,fcz,1398,105,3,2,False,0.0035098002,0.0016883085,0.62324554,0.37155634
42,7,none,fcz,1399,105,2,2,True,0.0013696899,0.0046664476,0.72715145,0.2668125
42,7,none,fcz,1400,105,3,3,True,0.0030434777,0.0045506894,0.19849253,0.7939133
42,7,none,fcz,1401,105,2,2,True,0.0033352477,0.0030137212,0.9614958,0.032155145
42,7,none,fcz,1402,105,3,2,False,0.0014357404,0.0059788814,0.77096856,0.22161677
42,7,none,fcz,1403,105,2,2,True,0.0019260936,0.0059948415,0.8883467,0.103732355
42,7,none,fcz,1404,105,3,3,True,0.015163885,0.023017028,0.47284496,0.48897403
42,7,none,fcz,1405,105,2,3,False,0.02705299,0.015593968,0.084611274,0.87274176
42,7,none,fcz,1406,105,3,3,True,0.0023606403,0.00087490387,0.32713547,0.669629
42,7,none,fcz,1407,105,2,2,True,0.0012920413,0.06421,0.69609964,0.23839836
42,7,none,fcz,1408,105,2,3,False,0.008741047,0.1442207,0.1742251,0.6728131
42,7,none,fcz,1409,105,3,3,True,0.01110197,0.09278191,0.09775654,0.7983595
42,7,none,fcz,1410,105,3,3,True,0.001546536,0.009697785,0.021058096,0.96769756
42,7,none,fcz,1411,105,2,2,True,0.0015136718,0.01404013,0.8239988,0.16044745
42,7,none,fcz,1412,105,2,2,True,0.0044719274,0.018392717,0.91982335,0.057311952
42,7,none,fcz,1413,105,1,3,False,0.00024907448,0.0949587,0.026834687,0.8779576
42,7,none,fcz,1414,105,0,0,True,0.93460315,0.0014393249,0.053815734,0.010141769
42,7,none,fcz,1415,105,1,1,True,0.0005427518,0.6662532,0.13547844,0.19772561
42,7,none,fcz,1416,105,0,2,False,0.35179517,0.017938025,0.37812358,0.25214323
42,7,none,fcz,1417,105,1,1,True,0.00032408262,0.69329673,0.058763944,0.24761528
42,7,none,fcz,1418,105,0,2,False,0.14631006,0.0023962536,0.6312021,0.22009154
42,7,none,fcz,1419,105,1,2,False,0.014232039,0.36277044,0.45254028,0.17045718
42,7,none,fcz,1420,105,0,0,True,0.60547,0.004288956,0.28121293,0.109028086
42,7,none,fcz,1421,105,0,2,False,0.14724003,0.04309764,0.60909456,0.20056775
42,7,none,fcz,1422,105,1,1,True,0.0249434,0.7681386,0.1438803,0.06303771
42,7,none,fcz,1423,105,1,1,True,0.000289059,0.9764423,0.0032876981,0.019980965
42,7,none,fcz,1424,105,0,0,True,0.90717715,0.00052218477,0.037770886,0.054529734
42,7,none,fcz,1425,105,1,1,True,0.00024733227,0.6030183,0.34546387,0.051270545
42,7,none,fcz,1426,105,0,2,False,0.012743214,0.00031101605,0.9731199,0.013825857
42,7,none,fcz,1427,105,0,3,False,0.03323407,0.00083290646,0.17643227,0.7895007
42,7,none,fcz,1428,105,2,3,False,0.0009398744,0.0064019277,0.03313886,0.95951927
42,7,none,fcz,1429,105,3,3,True,0.00431568,0.0019318508,0.06580933,0.92794317
42,7,none,fcz,1430,105,3,3,True,0.0017233187,0.0038324464,0.060386762,0.93405753
42,7,none,fcz,1431,105,2,2,True,0.0017735437,0.0018162308,0.6899939,0.30641627
42,7,none,fcz,1432,105,3,3,True,0.015766816,0.007421583,0.26515448,0.7116571
42,7,none,fcz,1433,105,2,2,True,0.0091428375,0.04684834,0.8734601,0.07054862
42,7,none,fcz,1434,105,3,3,True,0.011456976,0.030617017,0.2989755,0.6589505
42,7,none,fcz,1435,105,2,2,True,0.028205601,0.012345142,0.79830235,0.16114688
42,7,none,fcz,1436,105,3,3,True,0.0015670727,0.0245736,0.1476954,0.8261639
42,7,none,fcz,1437,105,2,2,True,0.0011562655,0.005821289,0.9820504,0.010971985
42,7,none,fcz,1438,105,2,2,True,0.0024692588,0.029339282,0.6378931,0.33029836
42,7,none,fcz,1439,105,3,2,False,0.015852766,0.02793526,0.5743244,0.38188756
42,7,none,fcz,1440,105,2,2,True,0.0024240608,0.0059161065,0.7319256,0.2597342
42,7,none,fcz,1441,105,3,2,False,0.0016342738,0.001976572,0.8373066,0.15908259
42,7,none,fcz,1442,105,2,3,False,0.022897355,0.0035220045,0.39391556,0.57966506
42,7,none,fcz,1443,106,0,2,False,0.006118672,0.0072830515,0.59687877,0.38971952
42,7,none,fcz,1444,106,1,1,True,0.019218134,0.47469506,0.19851579,0.30757102
42,7,none,fcz,1445,106,0,2,False,0.014306741,0.0077691814,0.8649235,0.11300066
42,7,none,fcz,1446,106,1,3,False,0.023162408,0.04380829,0.22689183,0.7061375
42,7,none,fcz,1447,106,0,2,False,0.020495972,0.0061933184,0.9717605,0.001550192
42,7,none,fcz,1448,106,1,2,False,0.008970743,0.009245153,0.91330314,0.068481
42,7,none,fcz,1449,106,0,0,True,0.33270356,0.113894664,0.28629994,0.26710182
42,7,none,fcz,1450,106,1,3,False,0.0071567674,0.34906653,0.05044991,0.59332687
42,7,none,fcz,1451,106,0,1,False,0.35991335,0.36276895,0.07770441,0.19961324
42,7,none,fcz,1452,106,1,2,False,0.036949914,0.21287972,0.66892654,0.081243776
42,7,none,fcz,1453,106,0,3,False,0.006181967,0.3475687,0.056529462,0.58971983
42,7,none,fcz,1454,106,1,2,False,0.004889822,0.43098179,0.5635036,0.00062470866
42,7,none,fcz,1455,106,1,1,True,0.006479081,0.8377553,0.029748613,0.12601699
42,7,none,fcz,1456,106,0,0,True,0.9190699,0.005616302,0.04120509,0.034108754
42,7,none,fcz,1457,106,0,0,True,0.9903294,0.00056292326,0.008456765,0.0006509524
42,7,none,fcz,1458,106,3,3,True,0.005806373,0.0090762535,0.25563312,0.72948426
42,7,none,fcz,1459,106,2,3,False,0.0006030436,0.038000166,0.020396566,0.9410003
42,7,none,fcz,1460,106,3,3,True,0.1096381,0.21966028,0.19065501,0.48004666
42,7,none,fcz,1461,106,2,1,False,0.25111732,0.60594964,0.09203133,0.0509017
42,7,none,fcz,1462,106,2,2,True,0.019363543,0.081290364,0.5521639,0.34718215
42,7,none,fcz,1463,106,3,1,False,0.009015713,0.56653756,0.038010366,0.3864363
42,7,none,fcz,1464,106,3,3,True,0.0089797685,0.09784835,0.11589533,0.7772766
42,7,none,fcz,1465,106,2,2,True,0.14886191,0.17111363,0.6156863,0.06433817
42,7,none,fcz,1466,106,3,1,False,0.021587955,0.89194244,0.035861988,0.050607562
42,7,none,fcz,1467,106,2,2,True,0.059717055,0.12967098,0.7913281,0.019283887
42,7,none,fcz,1468,106,3,2,False,0.18446586,0.16432492,0.3969734,0.25423577
42,7,none,fcz,1469,106,2,1,False,0.1441859,0.5755079,0.18327384,0.09703241
42,7,none,fcz,1470,106,3,3,True,0.08113055,0.038290795,0.053404443,0.82717425
42,7,none,fcz,1471,106,2,3,False,0.2404053,0.15659729,0.05190197,0.5510954
42,7,none,fcz,1472,106,3,3,True,0.12504333,0.029384313,0.032306723,0.8132656
42,7,none,fcz,1473,106,1,1,True,2.1774853e-05,0.99950886,5.8443893e-05,0.0004108712
42,7,none,fcz,1474,106,0,0,True,0.5226815,0.016472645,0.03368791,0.42715803
42,7,none,fcz,1475,106,1,2,False,0.0075823646,0.09029955,0.8934849,0.008633153
42,7,none,fcz,1476,106,0,2,False,0.12853834,0.21640758,0.6485327,0.0065213637
42,7,none,fcz,1477,106,0,3,False,0.19558458,0.1262209,0.035942595,0.64225197
42,7,none,fcz,1478,106,1,3,False,0.09744732,0.19789279,0.15965305,0.5450068
42,7,none,fcz,1479,106,1,1,True,0.00043679075,0.99778605,0.00016984003,0.0016073522
42,7,none,fcz,1480,106,0,0,True,0.50781816,0.08598559,0.2593954,0.14680086
42,7,none,fcz,1481,106,0,1,False,0.009442407,0.6104243,0.10834625,0.27178702
42,7,none,fcz,1482,106,1,1,True,0.10184467,0.8400619,0.052212015,0.0058814464
42,7,none,fcz,1483,106,1,1,True,0.00021153482,0.99685943,0.0025553973,0.00037365544
42,7,none,fcz,1484,106,0,0,True,0.86006737,0.09274337,0.021973586,0.025215631
42,7,none,fcz,1485,106,0,3,False,0.041893836,0.26369265,0.32380995,0.3706036
42,7,none,fcz,1486,106,1,1,True,0.0008416423,0.99496245,0.003093422,0.0011024845
42,7,none,fcz,1487,106,0,1,False,0.017244251,0.6057246,0.09846332,0.27856788
42,7,none,fcz,1488,106,2,2,True,0.02334764,0.019145338,0.95023286,0.007274128
42,7,none,fcz,1489,106,3,3,True,0.0077137514,0.003752933,0.0036426308,0.98489064
42,7,none,fcz,1490,106,2,1,False,0.12482502,0.35487112,0.26864463,0.25165924
42,7,none,fcz,1491,106,3,3,True,0.06282219,0.000856127,0.4405078,0.4958138
42,7,none,fcz,1492,106,3,3,True,0.1982373,0.19419877,0.14351636,0.46404755
42,7,none,fcz,1493,106,2,2,True,0.37972394,0.09726648,0.4247351,0.09827453
42,7,none,fcz,1494,106,2,2,True,0.20138995,0.31863105,0.45703197,0.022947075
42,7,none,fcz,1495,106,3,0,False,0.75666314,0.07822212,0.077478655,0.08763616
42,7,none,fcz,1496,106,2,1,False,0.099870205,0.55280244,0.34308678,0.0042405613
42,7,none,fcz,1497,106,3,2,False,0.18374318,0.0839094,0.7266256,0.00572184
42,7,none,fcz,1498,106,3,2,False,0.115338676,0.122582175,0.42494664,0.33713248
42,7,none,fcz,1499,106,2,2,True,0.063927814,0.33811286,0.570795,0.027164316
42,7,none,fcz,1500,106,2,3,False,0.0073680407,0.13672975,0.22475067,0.63115156
42,7,none,fcz,1501,106,3,3,True,0.0053943414,0.016333783,0.029384997,0.9488869
42,7,none,fcz,1502,106,2,2,True,0.20447068,0.084236555,0.705906,0.0053868117
42,7,none,fcz,1503,106,1,1,True,0.0028813288,0.9795145,0.016615205,0.0009890074
42,7,none,fcz,1504,106,0,2,False,0.11453375,0.36463082,0.48548028,0.035355132
42,7,none,fcz,1505,106,0,2,False,0.073689945,0.009295307,0.47717905,0.43983576
42,7,none,fcz,1506,106,1,0,False,0.49210095,0.052661255,0.42830247,0.026935374
42,7,none,fcz,1507,106,0,0,True,0.81584513,0.051307525,0.102337554,0.030509667
42,7,none,fcz,1508,106,1,1,True,0.0014697249,0.8883522,0.008644292,0.101533785
42,7,none,fcz,1509,106,0,0,True,0.42981222,0.23446822,0.0773887,0.2583309
42,7,none,fcz,1510,106,1,2,False,0.31426436,0.16699481,0.510467,0.008273872
42,7,none,fcz,1511,106,1,1,True,0.0015544362,0.9938501,0.0018191459,0.0027763008
42,7,none,fcz,1512,106,0,0,True,0.9875707,0.0039117793,0.002290743,0.0062267985
42,7,none,fcz,1513,106,0,0,True,0.9771279,0.0019956678,0.020693276,0.00018313686
42,7,none,fcz,1514,106,1,2,False,0.03428943,0.028716436,0.921445,0.0155491335
42,7,none,fcz,1515,106,1,3,False,0.0113184005,0.071673214,0.013304386,0.903704
42,7,none,fcz,1516,106,0,0,True,0.8646445,0.0005442116,0.09718622,0.03762506
42,7,none,fcz,1517,106,0,0,True,0.5282215,0.120298885,0.011267751,0.34021184
42,7,none,fcz,1518,106,2,1,False,0.027744249,0.8950318,0.062148083,0.015075887
42,7,none,fcz,1519,106,3,1,False,0.21483386,0.43420208,0.11959186,0.2313722
42,7,none,fcz,1520,106,2,2,True,0.07550981,0.13629772,0.40879717,0.3793953
42,7,none,fcz,1521,106,3,2,False,0.05544326,0.085349895,0.64354336,0.21566355
42,7,none,fcz,1522,106,2,1,False,0.31543744,0.3804611,0.22720295,0.07689842
42,7,none,fcz,1523,106,3,2,False,0.2941621,0.029221296,0.50131917,0.17529747
42,7,none,fcz,1524,106,2,2,True,0.093787424,0.12587655,0.7378956,0.042440455
42,7,none,fcz,1525,106,3,1,False,0.03903238,0.7558979,0.13687606,0.068193644
42,7,none,fcz,1526,106,2,2,True,0.0023343232,0.051883236,0.82076794,0.12501454
42,7,none,fcz,1527,106,3,2,False,0.3281559,0.09126545,0.5532254,0.02735328
42,7,none,fcz,1528,106,3,0,False,0.8203306,0.008420023,0.02827183,0.14297749
42,7,none,fcz,1529,106,2,3,False,0.1891987,0.013870261,0.37176692,0.42516407
42,7,none,fcz,1530,106,3,0,False,0.6679273,0.029566197,0.28354934,0.018957075
42,7,none,fcz,1531,106,2,2,True,0.012045277,0.06387667,0.89685386,0.02722417
42,7,none,fcz,1532,106,2,0,False,0.90122795,0.005112988,0.08599441,0.0076646423
42,7,none,fcz,1533,107,1,1,True,0.00035229494,0.995419,0.00030872817,0.0039198683
42,7,none,fcz,1534,107,0,1,False,0.378878,0.5318324,0.038271926,0.051017635
42,7,none,fcz,1535,107,0,0,True,0.93505317,0.060354803,0.003841797,0.00075022073
42,7,none,fcz,1536,107,1,1,True,6.212684e-05,0.99148893,2.3113e-05,0.008425698
42,7,none,fcz,1537,107,0,0,True,0.7971974,0.20018949,0.0015240118,0.0010890563
42,7,none,fcz,1538,107,1,1,True,0.00044578375,0.9972988,0.0012996433,0.00095571176
42,7,none,fcz,1539,107,0,0,True,0.8952846,0.085986786,0.014049983,0.004678649
42,7,none,fcz,1540,107,1,1,True,0.0027307263,0.9964573,0.00050639897,0.00030567346
42,7,none,fcz,1541,107,0,0,True,0.9934058,0.0029043145,0.0003164962,0.003373285
42,7,none,fcz,1542,107,1,1,True,0.015027182,0.9770452,0.0031196594,0.0048079807
42,7,none,fcz,1543,107,0,0,True,0.74095595,0.091503166,0.006647082,0.16089383
42,7,none,fcz,1544,107,1,1,True,0.009857219,0.8301489,0.033777665,0.12621622
42,7,none,fcz,1545,107,0,0,True,0.98054725,0.0032107623,0.00513806,0.011104042
42,7,none,fcz,1546,107,1,1,True,0.003402987,0.73908067,0.010317158,0.2471992
42,7,none,fcz,1547,107,0,0,True,0.99884015,0.00044762174,0.00041699462,0.0002952671
42,7,none,fcz,1548,107,3,1,False,0.09649741,0.69088924,0.02701421,0.18559913
42,7,none,fcz,1549,107,2,1,False,0.0073019043,0.94115037,0.029893586,0.02165409
42,7,none,fcz,1550,107,3,1,False,0.16075568,0.56534064,0.049138613,0.22476515
42,7,none,fcz,1551,107,2,1,False,0.006766509,0.939138,0.03649164,0.017603846
42,7,none,fcz,1552,107,3,0,False,0.913235,0.057141304,0.021570282,0.008053388
42,7,none,fcz,1553,107,2,3,False,0.25812903,0.1415379,0.27600932,0.3243237
42,7,none,fcz,1554,107,2,0,False,0.6733511,0.2972461,0.001601504,0.02780124
42,7,none,fcz,1555,107,3,3,True,0.30477744,0.0072366614,0.0001955647,0.68779033
42,7,none,fcz,1556,107,3,0,False,0.9347984,0.015950087,0.047029745,0.0022217897
42,7,none,fcz,1557,107,2,1,False,0.11014446,0.5046241,0.30329,0.08194139
42,7,none,fcz,1558,107,2,1,False,0.0033557576,0.9934901,0.001082098,0.0020719452
42,7,none,fcz,1559,107,3,0,False,0.66036004,0.315587,0.0028283785,0.021224592
42,7,none,fcz,1560,107,2,1,False,0.07583609,0.57049674,0.034399115,0.31926802
42,7,none,fcz,1561,107,3,1,False,0.07077175,0.6543513,0.075639606,0.19923738
42,7,none,fcz,1562,107,3,3,True,0.31068027,0.028595842,0.051039472,0.60968435
42,7,none,fcz,1563,107,1,1,True,0.09503064,0.78579944,0.007330277,0.11183956
42,7,none,fcz,1564,107,0,0,True,0.9283157,0.06638133,0.0016875069,0.0036154476
42,7,none,fcz,1565,107,1,1,True,0.0036707981,0.9929207,0.002087401,0.0013212163
42,7,none,fcz,1566,107,0,0,True,0.91277266,0.057206597,0.0014910483,0.028529674
42,7,none,fcz,1567,107,1,1,True,0.000107248154,0.9997706,6.0206396e-05,6.2025974e-05
42,7,none,fcz,1568,107,0,0,True,0.6901555,0.1700963,0.054375593,0.08537264
42,7,none,fcz,1569,107,0,1,False,0.25992677,0.44753984,0.009290037,0.28324333
42,7,none,fcz,1570,107,1,3,False,0.26623914,0.070423156,0.21380992,0.4495277
42,7,none,fcz,1571,107,0,0,True,0.99604154,0.0026400944,0.0012674839,5.0828297e-05
42,7,none,fcz,1572,107,1,1,True,0.43987584,0.46024033,0.060152467,0.039731383
42,7,none,fcz,1573,107,0,0,True,0.5428095,0.340233,0.015875954,0.10108148
42,7,none,fcz,1574,107,1,2,False,0.12768047,0.17983918,0.48485124,0.20762914
42,7,none,fcz,1575,107,1,2,False,0.05879019,0.33211303,0.6033055,0.005791266
42,7,none,fcz,1576,107,0,1,False,0.08701027,0.88181925,0.0049441615,0.026226321
42,7,none,fcz,1577,107,0,0,True,0.80398035,0.11906944,0.01317515,0.06377506
42,7,none,fcz,1578,107,3,1,False,0.2720034,0.4507486,0.050585672,0.2266623
42,7,none,fcz,1579,107,2,3,False,0.14104308,0.031026537,0.012265673,0.8156647
42,7,none,fcz,1580,107,3,0,False,0.49641287,0.45246705,0.023461834,0.027658246
42,7,none,fcz,1581,107,2,1,False,0.09107754,0.80407,0.06994641,0.03490603
42,7,none,fcz,1582,107,2,1,False,0.02774307,0.8082518,0.11017343,0.053831644
42,7,none,fcz,1583,107,3,0,False,0.707951,0.009895691,0.02736434,0.25478896
42,7,none,fcz,1584,107,3,0,False,0.9507209,0.027534772,0.007574103,0.014170245
42,7,none,fcz,1585,107,2,0,False,0.43807596,0.35766557,0.1989732,0.0052852375
42,7,none,fcz,1586,107,2,1,False,0.2371907,0.6535087,0.0072485907,0.10205189
42,7,none,fcz,1587,107,3,3,True,0.02202828,0.45505357,0.0041563464,0.5187618
42,7,none,fcz,1588,107,2,2,True,0.16519454,0.12394689,0.61180836,0.099050224
42,7,none,fcz,1589,107,3,3,True,0.014165434,0.38687998,0.07919184,0.51976275
42,7,none,fcz,1590,107,3,1,False,0.2751678,0.6283634,0.0094156535,0.08705319
42,7,none,fcz,1591,107,2,3,False,0.06852161,0.3100367,0.0014720731,0.61996967
42,7,none,fcz,1592,107,2,3,False,0.046542987,0.41182244,0.03560036,0.5060342
42,7,none,fcz,1593,107,0,0,True,0.99291575,0.0038258263,0.0018013474,0.0014571007
42,7,none,fcz,1594,107,1,1,True,0.007228148,0.8874485,0.00087447756,0.10444888
42,7,none,fcz,1595,107,1,1,True,0.01658401,0.8991368,0.022444187,0.061834946
42,7,none,fcz,1596,107,0,0,True,0.7419093,0.22540587,0.015766617,0.016918167
42,7,none,fcz,1597,107,1,1,True,0.018803999,0.94210345,0.036490556,0.002601917
42,7,none,fcz,1598,107,0,1,False,0.22109906,0.7379945,0.036936596,0.0039698035
42,7,none,fcz,1599,107,1,1,True,0.032918748,0.63460886,0.002137478,0.33033487
42,7,none,fcz,1600,107,0,1,False,0.030904265,0.88491935,0.06705882,0.017117532
42,7,none,fcz,1601,107,1,1,True,0.048786145,0.8782767,0.02525674,0.047680356
42,7,none,fcz,1602,107,0,3,False,0.0109884655,0.3029426,0.010428802,0.6756401
42,7,none,fcz,1603,107,0,0,True,0.965154,0.03116304,0.0003763679,0.0033065348
42,7,none,fcz,1604,107,1,1,True,0.16590422,0.8316907,0.002329365,7.576154e-05
42,7,none,fcz,1605,107,0,0,True,0.41101438,0.22798869,0.044585794,0.31641114
42,7,none,fcz,1606,107,1,2,False,0.0495866,0.26139373,0.46999353,0.21902616
42,7,none,fcz,1607,107,0,1,False,0.0042073573,0.9799973,0.000954025,0.014841364
42,7,none,fcz,1608,107,3,0,False,0.5201481,0.28328237,0.17175046,0.024819063
42,7,none,fcz,1609,107,2,3,False,0.021723164,0.44059247,0.022808757,0.51487565
42,7,none,fcz,1610,107,2,0,False,0.86954105,0.12257146,0.0033552067,0.0045322794
42,7,none,fcz,1611,107,3,3,True,0.08126233,0.083192274,0.016965954,0.81857944
42,7,none,fcz,1612,107,2,1,False,0.11468302,0.88379127,0.0005774805,0.0009482921
42,7,none,fcz,1613,107,3,0,False,0.9701138,0.023358177,0.0036825507,0.0028454417
42,7,none,fcz,1614,107,3,1,False,0.029023414,0.9504006,0.0027925125,0.017783526
42,7,none,fcz,1615,107,2,1,False,0.015169367,0.71724534,0.2473775,0.020207776
42,7,none,fcz,1616,107,2,0,False,0.77945256,0.061827924,0.1385236,0.02019588
42,7,none,fcz,1617,107,3,1,False,0.0074066827,0.70895666,0.014841491,0.26879525
42,7,none,fcz,1618,107,2,1,False,0.26204038,0.38917896,0.18528527,0.1634954
42,7,none,fcz,1619,107,3,3,True,0.035833944,0.38872138,0.084312804,0.4911318
42,7,none,fcz,1620,107,2,3,False,0.017540477,0.306999,0.061974995,0.6134855
42,7,none,fcz,1621,107,3,1,False,0.0013712792,0.6743587,0.016055929,0.30821404
42,7,none,fcz,1622,107,3,0,False,0.43820527,0.20146675,0.066223286,0.29410467
42,7,none,fcz,1623,108,0,0,True,0.9461796,5.267498e-05,0.00064265204,0.053124998
42,7,none,fcz,1624,108,1,1,True,4.6848936e-06,0.99872893,2.1899734e-05,0.0012445697
42,7,none,fcz,1625,108,0,3,False,0.2576202,0.007396394,0.00083079905,0.73415256
42,7,none,fcz,1626,108,1,3,False,0.17497832,0.38063928,0.0011803486,0.44320202
42,7,none,fcz,1627,108,0,0,True,0.9909965,0.0027193832,0.00021454366,0.006069639
42,7,none,fcz,1628,108,1,1,True,1.1681111e-05,0.99959844,1.2339895e-06,0.00038874487
42,7,none,fcz,1629,108,1,1,True,5.44328e-06,0.9966348,3.4002517e-06,0.0033562707
42,7,none,fcz,1630,108,0,0,True,0.9027817,0.0017392463,0.0003241648,0.09515492
42,7,none,fcz,1631,108,0,0,True,0.99965274,8.355131e-06,2.005916e-06,0.0003369352
42,7,none,fcz,1632,108,1,1,True,0.0024166922,0.8536941,0.00061978603,0.14326948
42,7,none,fcz,1633,108,0,0,True,0.99567974,0.00077545276,0.002123588,0.0014212154
42,7,none,fcz,1634,108,1,1,True,0.037567817,0.6718921,0.0010469505,0.28949317
42,7,none,fcz,1635,108,0,1,False,0.16526102,0.34501216,0.1485586,0.34116825
42,7,none,fcz,1636,108,1,1,True,0.0046063494,0.9684834,0.006552948,0.020357367
42,7,none,fcz,1637,108,1,1,True,8.569496e-06,0.97636515,4.185392e-05,0.023584316
42,7,none,fcz,1638,108,2,1,False,0.0181878,0.6874833,0.18446606,0.109862775
42,7,none,fcz,1639,108,3,3,True,0.00017267659,0.0074014654,0.0011091318,0.9913167
42,7,none,fcz,1640,108,2,3,False,0.008536635,0.029563278,0.02039338,0.9415067
42,7,none,fcz,1641,108,3,3,True,0.0003687584,0.03938945,0.0038996898,0.95634204
42,7,none,fcz,1642,108,3,3,True,0.00029400302,0.009481021,0.002859581,0.98736537
42,7,none,fcz,1643,108,2,1,False,0.1468683,0.73968124,0.07821167,0.035238802
42,7,none,fcz,1644,108,2,3,False,0.15639433,0.009145734,0.013972843,0.8204871
42,7,none,fcz,1645,108,3,3,True,0.0013334713,0.009064669,0.0019036127,0.98769826
42,7,none,fcz,1646,108,2,1,False,0.009408856,0.9874978,0.00086334825,0.0022300417
42,7,none,fcz,1647,108,3,3,True,0.0064683123,0.09321231,0.00072031294,0.899599
42,7,none,fcz,1648,108,3,3,True,0.0039137183,0.03417097,0.009564827,0.9523505
42,7,none,fcz,1649,108,2,1,False,0.049625788,0.6672617,0.036786888,0.24632566
42,7,none,fcz,1650,108,3,3,True,0.11163748,0.0055673136,0.013174418,0.86962074
42,7,none,fcz,1651,108,2,1,False,0.05898446,0.49743232,0.18387052,0.25971273
42,7,none,fcz,1652,108,3,3,True,0.023773327,0.012626768,0.00883571,0.9547642
42,7,none,fcz,1653,108,1,1,True,6.5477114e-05,0.8777279,0.10515938,0.017047163
42,7,none,fcz,1654,108,0,1,False,0.09958509,0.7635948,0.025203386,0.111616805
42,7,none,fcz,1655,108,1,1,True,0.007763888,0.5297262,0.230407,0.23210283
42,7,none,fcz,1656,108,0,0,True,0.9389284,0.00063633884,0.0027168584,0.057718407
42,7,none,fcz,1657,108,0,0,True,0.6823167,0.011628706,0.00034327415,0.3057113
42,7,none,fcz,1658,108,1,1,True,0.00078212563,0.97539926,0.00064570794,0.023172999
42,7,none,fcz,1659,108,1,1,True,0.0006431013,0.99048316,0.0009125615,0.007961044
42,7,none,fcz,1660,108,0,0,True,0.98610955,0.0031262122,0.00059409917,0.010170079
42,7,none,fcz,1661,108,0,0,True,0.9890382,0.002035053,0.0019430628,0.0069836634
42,7,none,fcz,1662,108,1,1,True,2.0071824e-05,0.999508,0.0003404659,0.00013150743
42,7,none,fcz,1663,108,1,1,True,4.7171667e-05,0.9959442,0.0001876797,0.0038209239
42,7,none,fcz,1664,108,0,3,False,0.37194565,0.00671586,0.010935037,0.6104035
42,7,none,fcz,1665,108,1,1,True,0.0037890028,0.82429236,0.14350788,0.028410815
42,7,none,fcz,1666,108,0,0,True,0.8032795,0.01750854,0.012809038,0.1664029
42,7,none,fcz,1667,108,1,1,True,0.07158927,0.79449546,0.0020694109,0.1318458
42,7,none,fcz,1668,108,3,3,True,0.00013392886,0.0078011174,0.00016540907,0.9918996
42,7,none,fcz,1669,108,2,3,False,0.06457819,0.36704352,0.058023512,0.51035476
42,7,none,fcz,1670,108,3,3,True,0.007971768,0.0050006947,0.00403668,0.98299086
42,7,none,fcz,1671,108,2,2,True,0.01797209,0.18526126,0.7277604,0.06900623
42,7,none,fcz,1672,108,2,3,False,0.02207764,0.2859098,0.29361713,0.39839536
42,7,none,fcz,1673,108,3,3,True,0.0010914854,0.029014427,0.0017675962,0.9681265
42,7,none,fcz,1674,108,2,2,True,0.014003308,0.3157995,0.6028417,0.06735548
42,7,none,fcz,1675,108,3,1,False,0.008242629,0.71869904,0.13095245,0.14210595
42,7,none,fcz,1676,108,2,1,False,0.0039221193,0.954196,0.024188677,0.017693177
42,7,none,fcz,1677,108,3,1,False,0.033771623,0.74848765,0.051217414,0.16652334
42,7,none,fcz,1678,108,2,1,False,0.08008233,0.42725608,0.23227169,0.2603899
42,7,none,fcz,1679,108,3,3,True,0.09560665,0.35348183,0.10383589,0.44707564
42,7,none,fcz,1680,108,2,2,True,0.020167155,0.004576148,0.8183874,0.15686938
42,7,none,fcz,1681,108,3,3,True,0.17100911,0.11205462,0.04229247,0.6746438
42,7,none,fcz,1682,108,3,3,True,0.059569173,0.06421761,0.27374214,0.6024711
42,7,none,fcz,1683,108,1,1,True,0.006792667,0.72901505,0.058588758,0.2056035
42,7,none,fcz,1684,108,0,0,True,0.63970685,0.16417442,0.08297781,0.11314089
42,7,none,fcz,1685,108,0,3,False,0.012703811,0.39775637,0.10242338,0.48711646
42,7,none,fcz,1686,108,1,2,False,0.07542132,0.33950004,0.5139899,0.07108872
42,7,none,fcz,1687,108,0,1,False,0.1049491,0.472004,0.006693706,0.4163532
42,7,none,fcz,1688,108,1,1,True,0.09995599,0.81619316,0.081883006,0.0019678865
42,7,none,fcz,1689,108,1,1,True,1.3167867e-05,0.9990096,0.00043873288,0.0005383558
42,7,none,fcz,1690,108,0,3,False,0.4008425,0.007948182,0.011128619,0.58008075
42,7,none,fcz,1691,108,0,3,False,0.20496581,0.23302558,0.14978783,0.41222078
42,7,none,fcz,1692,108,1,1,True,0.00034602734,0.9981254,0.0011562131,0.00037245976
42,7,none,fcz,1693,108,0,3,False,0.23325011,0.06543185,0.004350581,0.6969675
42,7,none,fcz,1694,108,1,1,True,0.036063027,0.7354823,0.0108991405,0.21755551
42,7,none,fcz,1695,108,1,1,True,9.166747e-05,0.99963415,2.1013982e-05,0.0002532674
42,7,none,fcz,1696,108,0,0,True,0.8278171,0.04466248,0.051478792,0.07604169
42,7,none,fcz,1697,108,0,0,True,0.9998323,0.00011690025,7.8194325e-06,4.28816e-05
42,7,none,fcz,1698,108,3,3,True,0.050211888,0.351633,0.05593806,0.5422171
42,7,none,fcz,1699,108,2,3,False,0.0109382775,0.31488198,0.10332131,0.5708584
42,7,none,fcz,1700,108,2,2,True,0.007560239,0.17672913,0.6387761,0.17693447
42,7,none,fcz,1701,108,3,3,True,0.00024653124,0.001570766,0.00053961243,0.99764305
42,7,none,fcz,1702,108,2,3,False,0.42159286,0.08356838,0.035157148,0.4596816
42,7,none,fcz,1703,108,3,2,False,0.035726186,0.12281817,0.50061774,0.34083793
42,7,none,fcz,1704,108,3,3,True,0.00089520594,0.0018971463,0.004155516,0.9930521
42,7,none,fcz,1705,108,2,2,True,0.009910436,0.04159261,0.84819657,0.100300364
42,7,none,fcz,1706,108,3,3,True,0.0072824946,0.06176091,0.17054413,0.76041245
42,7,none,fcz,1707,108,2,1,False,0.011142944,0.9140673,0.0073361197,0.06745362
42,7,none,fcz,1708,108,2,2,True,0.17374937,0.034518562,0.46452022,0.32721183
42,7,none,fcz,1709,108,3,3,True,0.011046039,0.06751512,0.01266553,0.90877324
42,7,none,fcz,1710,108,2,1,False,0.003171303,0.8899328,0.0135822445,0.09331369
42,7,none,fcz,1711,108,3,1,False,0.0005881837,0.7389003,0.0013246424,0.2591869
42,7,none,fcz,1712,108,2,1,False,0.3665242,0.46203843,0.014275674,0.15716176
42,7,none,fcz,1713,109,0,0,True,0.9663607,0.0021346104,0.0008903087,0.030614378
42,7,none,fcz,1714,109,1,1,True,0.23254465,0.6363425,0.0790488,0.052063994
42,7,none,fcz,1715,109,1,1,True,1.1727562e-05,0.99989927,3.63158e-05,5.270797e-05
42,7,none,fcz,1716,109,0,1,False,0.08288396,0.37993556,0.27304503,0.26413548
42,7,none,fcz,1717,109,1,1,True,0.003758406,0.9955733,0.00046422318,0.00020399955
42,7,none,fcz,1718,109,0,0,True,0.78680944,0.13962328,0.055514455,0.018052852
42,7,none,fcz,1719,109,1,1,True,0.037746273,0.7828452,0.16899253,0.010416033
42,7,none,fcz,1720,109,0,0,True,0.8795016,0.0042742365,0.11319673,0.0030274559
42,7,none,fcz,1721,109,1,1,True,0.0071784817,0.9578102,0.006353074,0.028658265
42,7,none,fcz,1722,109,0,2,False,0.10744985,0.19012451,0.60721517,0.09521045
42,7,none,fcz,1723,109,0,0,True,0.85079265,0.0035555516,0.026610645,0.1190412
42,7,none,fcz,1724,109,1,1,True,0.00044870464,0.96331424,0.0038506393,0.032386452
42,7,none,fcz,1725,109,0,0,True,0.99968827,2.6734717e-05,0.00019579758,8.920976e-05
42,7,none,fcz,1726,109,1,3,False,0.053276647,0.17606463,0.031464435,0.73919433
42,7,none,fcz,1727,109,1,1,True,0.010883428,0.9732198,0.012455709,0.003441072
42,7,none,fcz,1728,109,3,1,False,0.0024657918,0.65313834,0.052125756,0.29227015
42,7,none,fcz,1729,109,2,2,True,0.010158646,0.33296618,0.4994527,0.15742253
42,7,none,fcz,1730,109,2,1,False,0.08783432,0.58376336,0.20101756,0.12738475
42,7,none,fcz,1731,109,3,3,True,0.030475158,0.014048075,0.038090862,0.91738594
42,7,none,fcz,1732,109,3,3,True,0.00348771,0.04181037,0.19786696,0.75683504
42,7,none,fcz,1733,109,2,2,True,0.1812338,0.08133376,0.55790854,0.17952396
42,7,none,fcz,1734,109,2,2,True,0.12564339,0.2373169,0.5925367,0.044503003
42,7,none,fcz,1735,109,3,3,True,0.18035278,0.21038847,0.14410649,0.46515226
42,7,none,fcz,1736,109,2,3,False,0.034935586,0.031466924,0.0787886,0.85480887
42,7,none,fcz,1737,109,3,3,True,0.15676239,0.06247791,0.04685766,0.73390204
42,7,none,fcz,1738,109,2,0,False,0.7191356,0.20325623,0.0034861823,0.07412202
42,7,none,fcz,1739,109,3,1,False,0.32154408,0.50536895,0.1564979,0.016589021
42,7,none,fcz,1740,109,3,2,False,0.062269732,0.07875405,0.4846355,0.37434077
42,7,none,fcz,1741,109,2,3,False,0.12619036,0.12191701,0.098426275,0.65346634
42,7,none,fcz,1742,109,2,1,False,0.0048889234,0.83157283,0.0032657082,0.16027252
42,7,none,fcz,1743,109,1,1,True,0.0033088592,0.9138802,0.027170101,0.055640902
42,7,none,fcz,1744,109,0,0,True,0.3362693,0.15118513,0.33379868,0.17874686
42,7,none,fcz,1745,109,1,0,False,0.4582826,0.31876683,0.021970244,0.20098038
42,7,none,fcz,1746,109,0,3,False,0.031222273,0.019027082,0.26084623,0.6889044
42,7,none,fcz,1747,109,0,0,True,0.9939866,0.00036364718,0.0006504059,0.004999346
42,7,none,fcz,1748,109,1,0,False,0.5521748,0.14458422,0.26306018,0.040180806
42,7,none,fcz,1749,109,0,3,False,0.10344946,0.052364234,0.087056905,0.75712943
42,7,none,fcz,1750,109,1,1,True,0.05864821,0.7017776,0.019589717,0.21998446
42,7,none,fcz,1751,109,1,1,True,0.00880442,0.88833857,0.06944952,0.03340748
42,7,none,fcz,1752,109,0,2,False,0.02874611,0.008293947,0.95283663,0.010123281
42,7,none,fcz,1753,109,1,3,False,0.38975203,0.114372544,0.008171907,0.48770353
42,7,none,fcz,1754,109,0,1,False,0.034330666,0.7467064,0.006728537,0.2122344
42,7,none,fcz,1755,109,1,1,True,0.0019111584,0.9933809,0.0029430795,0.0017648662
42,7,none,fcz,1756,109,0,1,False,0.09770651,0.7411827,0.01873119,0.14237966
42,7,none,fcz,1757,109,0,0,True,0.9886918,0.008981602,0.000851703,0.0014749626
42,7,none,fcz,1758,109,2,3,False,0.050961167,0.020734828,0.0025022894,0.92580175
42,7,none,fcz,1759,109,3,0,False,0.6530049,0.034602,0.016187645,0.29620546
42,7,none,fcz,1760,109,2,3,False,0.061458908,0.20536111,0.11762914,0.6155508
42,7,none,fcz,1761,109,3,3,True,0.12556264,0.10065833,0.114602566,0.6591764
42,7,none,fcz,1762,109,3,1,False,0.032480665,0.7000014,0.007770231,0.25974762
42,7,none,fcz,1763,109,2,3,False,0.012260997,0.016522901,0.0658254,0.90539074
42,7,none,fcz,1764,109,3,3,True,0.005444611,0.02679335,0.056787003,0.91097504
42,7,none,fcz,1765,109,2,1,False,0.05463198,0.5298497,0.0611569,0.35436141
42,7,none,fcz,1766,109,3,3,True,0.0072919666,0.4143805,0.039215937,0.53911155
42,7,none,fcz,1767,109,2,3,False,0.10981065,0.05558324,0.1079994,0.7266067
42,7,none,fcz,1768,109,2,1,False,0.033875406,0.41739738,0.16559316,0.38313407
42,7,none,fcz,1769,109,3,3,True,0.0663582,0.0018888488,0.000806221,0.9309467
42,7,none,fcz,1770,109,2,1,False,0.02818019,0.4666321,0.08324669,0.42194104
42,7,none,fcz,1771,109,3,3,True,0.009855602,0.106539905,0.12115701,0.7624475
42,7,none,fcz,1772,109,2,2,True,0.06939424,0.18709077,0.5008757,0.24263932
42,7,none,fcz,1773,109,1,3,False,0.005492424,0.2554031,0.04727947,0.69182503
42,7,none,fcz,1774,109,0,0,True,0.45690158,0.071893886,0.3682594,0.102945104
42,7,none,fcz,1775,109,1,0,False,0.51026136,0.24996741,0.2257214,0.014049828
42,7,none,fcz,1776,109,0,3,False,0.0051289727,0.008617835,0.0034826193,0.98277056
42,7,none,fcz,1777,109,0,2,False,0.05064746,0.03224855,0.78107613,0.13602781
42,7,none,fcz,1778,109,1,1,True,0.0035108738,0.7292691,0.009743062,0.25747696
42,7,none,fcz,1779,109,1,0,False,0.50747895,0.15754208,0.08488011,0.25009885
42,7,none,fcz,1780,109,0,3,False,0.008957089,0.024530025,0.21112546,0.7553874
42,7,none,fcz,1781,109,1,1,True,0.39274302,0.4017438,0.045962732,0.15955041
42,7,none,fcz,1782,109,0,1,False,0.04499465,0.8097583,0.120335765,0.02491131
42,7,none,fcz,1783,109,0,0,True,0.43263236,0.12498872,0.06965757,0.3727213
42,7,none,fcz,1784,109,1,3,False,0.16823743,0.06718129,0.23282576,0.53175557
42,7,none,fcz,1785,109,0,0,True,0.9257727,0.0024150796,0.0099928165,0.061819296
42,7,none,fcz,1786,109,1,0,False,0.6197252,0.015248233,0.08444146,0.2805851
42,7,none,fcz,1787,109,0,1,False,0.09879685,0.3426097,0.32599318,0.23260021
42,7,none,fcz,1788,109,2,1,False,0.0019615977,0.9007388,0.0831947,0.01410492
42,7,none,fcz,1789,109,3,3,True,0.07289155,0.043253403,0.11056407,0.773291
42,7,none,fcz,1790,109,2,3,False,0.0071235416,0.4387817,0.019376216,0.5347186
42,7,none,fcz,1791,109,3,3,True,0.05156872,0.022737384,0.17095397,0.7547399
42,7,none,fcz,1792,109,2,3,False,0.022684038,0.01658443,0.18764284,0.77308875
42,7,none,fcz,1793,109,3,3,True,0.05865108,0.069248684,0.08354256,0.7885576
42,7,none,fcz,1794,109,2,2,True,0.44873965,0.007880454,0.50485384,0.038525995
42,7,none,fcz,1795,109,3,3,True,0.0034283495,0.004019477,0.053400684,0.93915147
42,7,none,fcz,1796,109,3,1,False,0.017067697,0.49116677,0.005154192,0.4866113
42,7,none,fcz,1797,109,2,2,True,0.020208297,0.016307183,0.63156265,0.33192188
42,7,none,fcz,1798,109,3,1,False,0.0046928213,0.7088825,0.0014699181,0.2849548
42,7,none,fcz,1799,109,2,3,False,0.009124024,0.10356956,0.00966093,0.87764555
42,7,none,fcz,1800,109,2,3,False,0.010680472,0.019040065,0.12366371,0.84661573
42,7,none,fcz,1801,109,3,3,True,0.04134538,0.060558766,0.31926116,0.5788347
42,7,none,fcz,1802,109,3,0,False,0.42948627,0.035822295,0.20783073,0.3268607
42,7,none,random_linear,0,90,0,0,True,0.842177,0.010816808,0.005410795,0.14159544
42,7,none,random_linear,1,90,1,1,True,0.016206313,0.97593653,0.001010232,0.006847048
42,7,none,random_linear,2,90,1,1,True,0.0002447098,0.99922764,6.6080024e-06,0.0005211581
42,7,none,random_linear,3,90,0,0,True,0.9010536,0.003596185,0.014935427,0.080414705
42,7,none,random_linear,4,90,1,1,True,0.0023965253,0.99491924,0.0012893106,0.0013949337
42,7,none,random_linear,5,90,0,0,True,0.8902088,0.0013207105,0.029532153,0.078938425
42,7,none,random_linear,6,90,1,1,True,0.05167313,0.9168451,0.000911253,0.030570524
42,7,none,random_linear,7,90,0,0,True,0.9587691,0.012809336,0.0007718807,0.027649773
42,7,none,random_linear,8,90,0,0,True,0.71942383,0.14790659,0.0023893586,0.13028018
42,7,none,random_linear,9,90,1,1,True,8.788338e-05,0.9993333,0.0003096329,0.0002690681
42,7,none,random_linear,10,90,0,0,True,0.55315375,0.4214683,0.008588608,0.016789358
42,7,none,random_linear,11,90,1,1,True,0.0004619214,0.9994679,2.2384731e-05,4.7769663e-05
42,7,none,random_linear,12,90,0,0,True,0.6489536,0.00280089,0.024503756,0.32374176
42,7,none,random_linear,13,90,1,1,True,0.10531593,0.48131454,0.37902987,0.034339655
42,7,none,random_linear,14,90,1,1,True,0.005557101,0.99008816,0.0042191558,0.00013558581
42,7,none,random_linear,15,90,3,0,False,0.59687924,0.14841393,0.14340977,0.111297034
42,7,none,random_linear,16,90,2,2,True,0.06564756,0.025004104,0.5989081,0.31044015
42,7,none,random_linear,17,90,2,3,False,0.16583563,0.049877927,0.08083107,0.7034553
42,7,none,random_linear,18,90,3,3,True,0.15523961,0.03263738,0.013334589,0.7987885
42,7,none,random_linear,19,90,3,3,True,0.032630786,0.07464553,0.04757487,0.8451488
42,7,none,random_linear,20,90,2,1,False,0.35361874,0.40714413,0.22401921,0.015217911
42,7,none,random_linear,21,90,3,3,True,0.02940024,0.0729104,0.059124585,0.8385648
42,7,none,random_linear,22,90,2,1,False,0.26245093,0.40666738,0.2805083,0.05037341
42,7,none,random_linear,23,90,2,3,False,0.056463633,0.05902352,0.43847707,0.44603577
42,7,none,random_linear,24,90,3,0,False,0.71090984,0.2449568,0.019853946,0.024279412
42,7,none,random_linear,25,90,2,2,True,0.12861894,0.28442168,0.53907526,0.04788412
42,7,none,random_linear,26,90,3,1,False,0.32868066,0.3887235,0.08613459,0.19646135
42,7,none,random_linear,27,90,3,3,True,0.11167409,0.07607906,0.17143083,0.640816
42,7,none,random_linear,28,90,2,1,False,0.18452337,0.4543229,0.12426306,0.23689069
42,7,none,random_linear,29,90,2,1,False,0.033845447,0.5690467,0.36916205,0.027945831
42,7,none,random_linear,30,90,1,1,True,0.015696634,0.98390156,0.0002827151,0.00011922011
42,7,none,random_linear,31,90,0,0,True,0.5350004,0.2763869,0.06564088,0.12297187
42,7,none,random_linear,32,90,1,1,True,3.1605687e-06,0.9999275,3.170316e-06,6.607503e-05
42,7,none,random_linear,33,90,0,0,True,0.8854617,0.02230144,0.040946454,0.05129051
42,7,none,random_linear,34,90,1,1,True,0.0113715865,0.9358751,0.008747978,0.044005323
42,7,none,random_linear,35,90,0,2,False,0.3197061,0.079105526,0.54946417,0.05172422
42,7,none,random_linear,36,90,1,1,True,0.010605086,0.8298663,0.0029941427,0.15653451
42,7,none,random_linear,37,90,0,0,True,0.8023442,0.1648401,0.01840905,0.014406629
42,7,none,random_linear,38,90,1,1,True,0.004977082,0.84893453,0.1387385,0.007349929
42,7,none,random_linear,39,90,0,0,True,0.40990233,0.09854509,0.1597762,0.33177632
42,7,none,random_linear,40,90,1,1,True,0.07376026,0.8746617,0.008331896,0.043246064
42,7,none,random_linear,41,90,0,0,True,0.45765403,0.0028872823,0.26528573,0.27417296
42,7,none,random_linear,42,90,1,1,True,0.0034943738,0.9734178,0.020535354,0.00255257
42,7,none,random_linear,43,90,0,2,False,0.11687021,0.32335284,0.39581907,0.16395779
42,7,none,random_linear,44,90,1,1,True,1.3209097e-05,0.99778146,0.001772102,0.00043322673
42,7,none,random_linear,45,90,2,2,True,0.10199717,0.024901425,0.7039882,0.16911322
42,7,none,random_linear,46,90,3,2,False,0.023250576,0.010666758,0.6885486,0.277534
42,7,none,random_linear,47,90,3,3,True,0.08614545,0.18312709,0.13073722,0.59999025
42,7,none,random_linear,48,90,2,3,False,0.14851247,0.03728295,0.1641405,0.6500641
42,7,none,random_linear,49,90,3,3,True,0.059533488,0.1918158,0.115938306,0.6327124
42,7,none,random_linear,50,90,2,2,True,0.033769026,0.054950316,0.61371917,0.2975616
42,7,none,random_linear,51,90,3,3,True,0.023678765,0.048677243,0.008722176,0.9189219
42,7,none,random_linear,52,90,2,3,False,0.07310758,0.2998015,0.24040481,0.38668606
42,7,none,random_linear,53,90,3,3,True,0.13241386,0.014311719,0.15295798,0.7003164
42,7,none,random_linear,54,90,2,2,True,0.15837736,0.10724587,0.4501323,0.28424448
42,7,none,random_linear,55,90,2,2,True,0.056322306,0.3301255,0.35387957,0.25967258
42,7,none,random_linear,56,90,3,2,False,0.03921371,0.034490716,0.6418182,0.2844773
42,7,none,random_linear,57,90,2,2,True,0.009576279,0.031785212,0.65797853,0.30065998
42,7,none,random_linear,58,90,3,3,True,0.07336237,0.025736935,0.1127646,0.78813607
42,7,none,random_linear,59,90,3,1,False,0.04734803,0.4112713,0.13164525,0.40973547
42,7,none,random_linear,60,90,1,1,True,0.0038486426,0.9768038,0.016847976,0.0024997029
42,7,none,random_linear,61,90,0,0,True,0.8824694,0.05317669,0.02061897,0.043734834
42,7,none,random_linear,62,90,1,1,True,0.0024412642,0.99657494,0.0008972219,8.656245e-05
42,7,none,random_linear,63,90,0,0,True,0.6111497,0.026803011,0.16011637,0.20193084
42,7,none,random_linear,64,90,0,0,True,0.9521931,0.0005995069,0.043996032,0.0032113139
42,7,none,random_linear,65,90,1,1,True,0.00039361918,0.99808854,0.0014513094,6.655065e-05
42,7,none,random_linear,66,90,1,1,True,0.0015326114,0.9420308,0.05265565,0.0037808565
42,7,none,random_linear,67,90,0,0,True,0.8376086,0.008232358,0.028560203,0.12559885
42,7,none,random_linear,68,90,0,0,True,0.9749351,0.0059873876,0.016488839,0.002588744
42,7,none,random_linear,69,90,1,3,False,0.09099687,0.29434076,0.18304096,0.43162146
42,7,none,random_linear,70,90,1,1,True,0.0035827619,0.9881259,0.0029791472,0.00531212
42,7,none,random_linear,71,90,0,2,False,0.33339676,0.043532655,0.3679669,0.25510374
42,7,none,random_linear,72,90,1,2,False,0.0153222615,0.23979993,0.54365516,0.20122266
42,7,none,random_linear,73,90,0,0,True,0.72668844,0.02639497,0.21775039,0.029166244
42,7,none,random_linear,74,90,0,0,True,0.5096031,0.020548077,0.11525466,0.35459423
42,7,none,random_linear,75,90,2,3,False,0.011660412,0.012909402,0.4236661,0.5517641
42,7,none,random_linear,76,90,3,0,False,0.9724098,0.0053261374,0.017138265,0.005125769
42,7,none,random_linear,77,90,2,2,True,0.1399838,0.15589574,0.6444595,0.059661075
42,7,none,random_linear,78,90,3,3,True,0.045292728,0.032349873,0.082102366,0.840255
42,7,none,random_linear,79,90,2,1,False,0.0031898262,0.91390014,0.0781805,0.0047294875
42,7,none,random_linear,80,90,3,1,False,0.1314534,0.44272774,0.22745268,0.19836618
42,7,none,random_linear,81,90,2,2,True,0.040354956,0.030813107,0.63856816,0.29026377
42,7,none,random_linear,82,90,3,2,False,0.04874982,0.25782147,0.47300732,0.22042133
42,7,none,random_linear,83,90,2,2,True,0.0076897833,0.00772993,0.9619374,0.0226429
42,7,none,random_linear,84,90,3,3,True,0.04826155,0.12447155,0.3922057,0.4350612
42,7,none,random_linear,85,90,2,1,False,0.30793336,0.32028645,0.26791745,0.10386276
42,7,none,random_linear,86,90,3,3,True,0.17163631,0.06939633,0.07039204,0.6885753
42,7,none,random_linear,87,90,3,0,False,0.4526722,0.14254096,0.31879818,0.08598864
42,7,none,random_linear,88,90,2,2,True,0.023394646,0.079964645,0.5616437,0.33499703
42,7,none,random_linear,89,90,3,1,False,0.21251777,0.41468614,0.07320227,0.2995938
42,7,none,random_linear,90,91,0,1,False,0.4347638,0.43903306,0.08690714,0.03929604
42,7,none,random_linear,91,91,1,0,False,0.40326118,0.22372247,0.051900692,0.3211156
42,7,none,random_linear,92,91,0,3,False,0.09723347,0.12409199,0.2929064,0.4857681
42,7,none,random_linear,93,91,1,1,True,0.0017709578,0.9491046,0.014449306,0.034675095
42,7,none,random_linear,94,91,1,1,True,6.388462e-05,0.99981314,3.3968427e-05,8.907331e-05
42,7,none,random_linear,95,91,0,0,True,0.97830963,0.010982899,0.003756001,0.006951475
42,7,none,random_linear,96,91,1,1,True,0.023782047,0.9734851,0.001953798,0.0007790629
42,7,none,random_linear,97,91,0,0,True,0.58029366,0.29119614,0.015384018,0.113126226
42,7,none,random_linear,98,91,0,0,True,0.99861324,0.00075630145,0.00023188003,0.00039860353
42,7,none,random_linear,99,91,1,1,True,0.047166612,0.7221373,0.014254974,0.21644115
42,7,none,random_linear,100,91,0,0,True,0.9986895,0.00046667937,0.00038929653,0.0004545926
42,7,none,random_linear,101,91,1,1,True,0.007699719,0.6985803,0.26169923,0.03202072
42,7,none,random_linear,102,91,1,1,True,0.0007914235,0.9927371,0.0009702056,0.00550124
42,7,none,random_linear,103,91,0,0,True,0.9825601,0.0011831728,0.013820526,0.0024361515
42,7,none,random_linear,104,91,0,0,True,0.997618,0.0010969922,0.00093136885,0.00035360781
42,7,none,random_linear,105,91,2,3,False,0.0046721795,0.2538554,0.12474611,0.6167263
42,7,none,random_linear,106,91,3,3,True,0.005708843,0.33513927,0.23900808,0.4201438
42,7,none,random_linear,107,91,3,3,True,0.02436099,0.11284622,0.02724332,0.8355494
42,7,none,random_linear,108,91,2,2,True,0.004938449,0.025783474,0.96015805,0.009120074
42,7,none,random_linear,109,91,2,2,True,0.0011249029,0.015401239,0.97150934,0.011964482
42,7,none,random_linear,110,91,3,2,False,0.18531536,0.12403143,0.5025324,0.18812081
42,7,none,random_linear,111,91,3,3,True,0.001560625,0.102236696,0.031912584,0.8642901
42,7,none,random_linear,112,91,2,2,True,0.086036205,0.32101694,0.37520403,0.2177428
42,7,none,random_linear,113,91,3,2,False,0.13616835,0.027391843,0.79580134,0.04063847
42,7,none,random_linear,114,91,2,2,True,0.0003769211,0.017593235,0.9811452,0.0008846621
42,7,none,random_linear,115,91,3,2,False,0.002601739,0.009653091,0.9723779,0.015367236
42,7,none,random_linear,116,91,2,2,True,0.108398385,0.30114314,0.49128604,0.099172436
42,7,none,random_linear,117,91,2,2,True,0.009350702,0.084913604,0.5880798,0.3176559
42,7,none,random_linear,118,91,3,2,False,0.0431901,0.047338903,0.8728453,0.03662572
42,7,none,random_linear,119,91,2,2,True,0.00012293892,0.059168212,0.9327857,0.007923103
42,7,none,random_linear,120,91,0,0,True,0.9217747,0.053688157,0.016063115,0.008474072
42,7,none,random_linear,121,91,1,3,False,0.05109951,0.02275715,0.34671572,0.5794276
42,7,none,random_linear,122,91,1,1,True,0.007276411,0.91422105,0.05953594,0.018966662
42,7,none,random_linear,123,91,0,3,False,0.0058644954,0.17423405,0.0629562,0.75694525
42,7,none,random_linear,124,91,0,0,True,0.99103373,0.006494621,0.0013136646,0.001157874
42,7,none,random_linear,125,91,1,1,True,0.035566945,0.39976478,0.34798726,0.21668106
42,7,none,random_linear,126,91,1,1,True,0.00012431512,0.8973043,0.098688036,0.0038832806
42,7,none,random_linear,127,91,0,3,False,0.050417494,0.028267788,0.2574898,0.6638249
42,7,none,random_linear,128,91,0,0,True,0.9998242,6.9101116e-06,3.334252e-05,0.00013552514
42,7,none,random_linear,129,91,1,1,True,0.006508615,0.9312533,0.029568838,0.032669213
42,7,none,random_linear,130,91,1,3,False,0.0054765954,0.27515727,0.058785893,0.6605802
42,7,none,random_linear,131,91,0,0,True,0.9914766,0.00036890234,0.008069189,8.5307176e-05
42,7,none,random_linear,132,91,1,1,True,0.041529514,0.9011368,0.005611632,0.051722057
42,7,none,random_linear,133,91,0,3,False,0.00923732,0.019130753,0.0036045774,0.9680273
42,7,none,random_linear,134,91,1,0,False,0.8275722,0.001025974,0.09652864,0.07487309
42,7,none,random_linear,135,91,2,1,False,0.1197508,0.6319005,0.08685179,0.16149694
42,7,none,random_linear,136,91,3,2,False,0.042312525,0.039754044,0.84668887,0.0712446
42,7,none,random_linear,137,91,2,2,True,0.23405167,0.10141988,0.47201127,0.19251718
42,7,none,random_linear,138,91,3,2,False,0.0121494625,0.017039482,0.85962313,0.11118791
42,7,none,random_linear,139,91,2,2,True,0.012984992,0.039364677,0.6394303,0.30822006
42,7,none,random_linear,140,91,3,3,True,0.000112913025,0.004796569,0.0035146857,0.9915759
42,7,none,random_linear,141,91,2,2,True,0.004427825,0.018305752,0.97693354,0.00033288926
42,7,none,random_linear,142,91,3,3,True,0.0034060497,0.006664729,0.024693536,0.9652357
42,7,none,random_linear,143,91,2,2,True,0.004441283,0.3985444,0.53607756,0.060936764
42,7,none,random_linear,144,91,3,2,False,0.0002758248,0.07747049,0.53600407,0.38624966
42,7,none,random_linear,145,91,3,3,True,0.05698317,0.10614141,0.005692142,0.83118325
42,7,none,random_linear,146,91,2,0,False,0.6463019,0.0066188597,0.021613304,0.32546586
42,7,none,random_linear,147,91,2,3,False,0.0013564178,0.07838569,0.08838348,0.8318744
42,7,none,random_linear,148,91,3,3,True,0.09072607,0.045039818,0.33836037,0.5258738
42,7,none,random_linear,149,91,3,3,True,0.0036846169,0.35162503,0.012765646,0.63192475
42,7,none,random_linear,150,91,1,1,True,3.8585634e-07,0.99763644,0.002307908,5.5248194e-05
42,7,none,random_linear,151,91,0,3,False,0.44209406,0.032122277,0.055381525,0.47040215
42,7,none,random_linear,152,91,1,1,True,0.003102276,0.77957124,0.08608118,0.13124534
42,7,none,random_linear,153,91,0,0,True,0.9673768,0.00015367207,0.028570825,0.00389867
42,7,none,random_linear,154,91,0,2,False,0.06224002,0.0016757273,0.93561876,0.00046559662
42,7,none,random_linear,155,91,1,2,False,0.009487501,0.00049931795,0.98206365,0.007949444
42,7,none,random_linear,156,91,1,2,False,5.8546513e-05,0.23833914,0.7586866,0.0029156536
42,7,none,random_linear,157,91,0,0,True,0.99913967,0.00019107459,0.00057316833,9.613829e-05
42,7,none,random_linear,158,91,0,0,True,0.96772254,0.013444128,0.016122926,0.0027104388
42,7,none,random_linear,159,91,1,1,True,0.02436705,0.49245757,0.17345797,0.30971736
42,7,none,random_linear,160,91,0,0,True,0.96868324,0.0046985853,0.023381408,0.0032367425
42,7,none,random_linear,161,91,1,1,True,0.0004051095,0.9870597,0.0031218277,0.009413318
42,7,none,random_linear,162,91,1,2,False,0.03144034,0.42142,0.46511796,0.0820217
42,7,none,random_linear,163,91,0,0,True,0.7481873,0.0011416672,0.17771354,0.07295751
42,7,none,random_linear,164,91,1,2,False,0.002739073,0.025671331,0.9189339,0.052655604
42,7,none,random_linear,165,91,2,2,True,0.0056672404,0.0013028531,0.97932017,0.01370976
42,7,none,random_linear,166,91,3,2,False,0.04435305,0.009556374,0.8598342,0.086256385
42,7,none,random_linear,167,91,3,2,False,0.00047005774,0.112345204,0.7649342,0.12225054
42,7,none,random_linear,168,91,2,2,True,0.0029258423,0.030024193,0.9473015,0.019748444
42,7,none,random_linear,169,91,2,2,True,0.0004652395,0.00033559575,0.9570657,0.042133566
42,7,none,random_linear,170,91,3,2,False,0.013660385,0.10185726,0.7790262,0.105456166
42,7,none,random_linear,171,91,3,3,True,0.00392771,0.021325054,0.08303418,0.8917131
42,7,none,random_linear,172,91,2,2,True,0.0008991918,0.023519104,0.8215227,0.15405898
42,7,none,random_linear,173,91,3,3,True,0.01131694,0.22523125,0.19441107,0.5690407
42,7,none,random_linear,174,91,2,2,True,0.026158355,0.0027687447,0.7536367,0.2174362
42,7,none,random_linear,175,91,2,2,True,0.0014365023,0.051254578,0.9359905,0.011318423
42,7,none,random_linear,176,91,3,2,False,0.01200686,0.11764731,0.65149754,0.21884832
42,7,none,random_linear,177,91,3,2,False,0.17128864,0.009698696,0.5095922,0.30942044
42,7,none,random_linear,178,91,2,2,True,0.012142758,0.3575658,0.6148784,0.0154130915
42,7,none,random_linear,179,91,3,2,False,0.00388001,0.047408897,0.5973463,0.35136488
42,7,none,random_linear,180,92,1,3,False,0.084577926,0.2725274,0.021043573,0.6218511
42,7,none,random_linear,181,92,0,3,False,0.13526075,0.17668094,0.045080975,0.64297736
42,7,none,random_linear,182,92,1,0,False,0.39004406,0.19566484,0.35286582,0.061425265
42,7,none,random_linear,183,92,0,2,False,0.2356817,0.02573716,0.7324252,0.0061559505
42,7,none,random_linear,184,92,0,0,True,0.47655445,0.13777286,0.18320942,0.20246324
42,7,none,random_linear,185,92,1,1,True,0.006160759,0.97513586,0.014563079,0.0041403486
42,7,none,random_linear,186,92,0,0,True,0.9615281,0.008763354,0.01306576,0.016642695
42,7,none,random_linear,187,92,1,1,True,0.0678784,0.93057597,0.0013671302,0.00017846032
42,7,none,random_linear,188,92,1,1,True,0.00043092854,0.99950385,1.79051e-05,4.732641e-05
42,7,none,random_linear,189,92,0,0,True,0.46406424,0.048875522,0.45621303,0.030847155
42,7,none,random_linear,190,92,0,0,True,0.89221585,0.0537303,0.021203717,0.03285016
42,7,none,random_linear,191,92,1,3,False,0.29346892,0.051186487,0.069716915,0.5856277
42,7,none,random_linear,192,92,0,0,True,0.9762131,0.017464228,0.0059886137,0.00033415452
42,7,none,random_linear,193,92,1,3,False,0.017115844,0.41392317,0.023839401,0.54512155
42,7,none,random_linear,194,92,0,2,False,0.3440628,0.1472161,0.4616538,0.047067247
42,7,none,random_linear,195,92,1,1,True,0.01980138,0.95034665,0.005612804,0.02423907
42,7,none,random_linear,196,92,1,1,True,0.0010286834,0.99816304,0.00054705795,0.00026133683
42,7,none,random_linear,197,92,0,0,True,0.984278,0.011517185,0.0030556119,0.0011491282
42,7,none,random_linear,198,92,1,1,True,0.017244304,0.83464384,0.14271265,0.0053992434
42,7,none,random_linear,199,92,2,0,False,0.41615048,0.09051561,0.2007947,0.2925392
42,7,none,random_linear,200,92,3,3,True,0.3795324,0.04290017,0.14085259,0.43671483
42,7,none,random_linear,201,92,2,3,False,0.24016993,0.034401983,0.210195,0.51523304
42,7,none,random_linear,202,92,3,3,True,0.09874986,0.023406731,0.16125107,0.7165924
42,7,none,random_linear,203,92,2,0,False,0.42642298,0.42567816,0.13809904,0.009799841
42,7,none,random_linear,204,92,3,3,True,0.0465535,0.19903895,0.08180468,0.67260283
42,7,none,random_linear,205,92,2,2,True,0.08609517,0.21183977,0.49329576,0.20876928
42,7,none,random_linear,206,92,3,1,False,0.3188573,0.35507023,0.048499394,0.27757308
42,7,none,random_linear,207,92,3,0,False,0.36598563,0.21928643,0.2705594,0.14416859
42,7,none,random_linear,208,92,2,0,False,0.49000108,0.04889731,0.31646717,0.14463441
42,7,none,random_linear,209,92,2,2,True,0.0015115035,0.2282579,0.76680076,0.003429816
42,7,none,random_linear,210,92,3,1,False,0.031369496,0.64340836,0.00416274,0.3210594
42,7,none,random_linear,211,92,3,3,True,0.053166356,0.26840395,0.025837174,0.6525925
42,7,none,random_linear,212,92,2,1,False,0.10737003,0.6562074,0.019281618,0.21714097
42,7,none,random_linear,213,92,3,0,False,0.46378928,0.20510514,0.089755416,0.24135014
42,7,none,random_linear,214,92,2,0,False,0.90801615,0.04126086,0.03894527,0.011777679
42,7,none,random_linear,215,92,2,3,False,0.03975923,0.11905823,0.38831076,0.4528717
42,7,none,random_linear,216,92,3,1,False,0.024195783,0.62603754,0.1476561,0.20211063
42,7,none,random_linear,217,92,2,2,True,0.00880312,0.13092043,0.8291716,0.031104865
42,7,none,random_linear,218,92,0,0,True,0.99867636,0.00018287191,0.00081272185,0.00032800122
42,7,none,random_linear,219,92,1,1,True,0.38932604,0.59459275,0.011248035,0.0048331856
42,7,none,random_linear,220,92,0,0,True,0.9629949,0.024706727,0.008754399,0.0035440691
42,7,none,random_linear,221,92,1,1,True,0.0764226,0.8699558,0.01732355,0.036298003
42,7,none,random_linear,222,92,1,1,True,0.030715764,0.9592054,0.0088289855,0.0012498596
42,7,none,random_linear,223,92,0,0,True,0.8683949,0.087310165,0.022865666,0.021429224
42,7,none,random_linear,224,92,1,1,True,0.0008672215,0.977652,4.0811377e-05,0.02143999
42,7,none,random_linear,225,92,0,1,False,0.10873902,0.86929345,0.019798584,0.0021689497
42,7,none,random_linear,226,92,0,0,True,0.9892953,0.007877509,0.00028269237,0.0025445053
42,7,none,random_linear,227,92,1,1,True,0.0038372234,0.97984934,0.0044245836,0.011888894
42,7,none,random_linear,228,92,1,1,True,3.2224572e-05,0.9952502,0.00045283383,0.0042646346
42,7,none,random_linear,229,92,0,0,True,0.97122836,0.0009937184,0.0092837345,0.018494142
42,7,none,random_linear,230,92,1,1,True,0.0004467611,0.9990107,0.00027983708,0.000262737
42,7,none,random_linear,231,92,0,0,True,0.40608108,0.25097463,0.19151181,0.1514325
42,7,none,random_linear,232,92,0,0,True,0.996847,0.00037967338,0.0011072381,0.0016660136
42,7,none,random_linear,233,92,1,1,True,0.00087921397,0.99832255,0.00014911109,0.00064904155
42,7,none,random_linear,234,92,0,0,True,0.7662133,0.0011117805,0.17846519,0.05420976
42,7,none,random_linear,235,92,1,1,True,0.0012956391,0.9910925,0.0062898556,0.0013220812
42,7,none,random_linear,236,92,1,1,True,0.0027855951,0.995823,5.2254243e-05,0.0013391906
42,7,none,random_linear,237,92,3,3,True,0.09233816,0.25963163,0.007934636,0.64009553
42,7,none,random_linear,238,92,2,3,False,0.2879004,0.050930455,0.019216457,0.6419527
42,7,none,random_linear,239,92,3,1,False,0.21065082,0.48131382,0.09832972,0.20970556
42,7,none,random_linear,240,92,2,2,True,0.07724904,0.35521182,0.47191307,0.09562604
42,7,none,random_linear,241,92,2,2,True,0.11204826,0.27758318,0.58046144,0.0299071
42,7,none,random_linear,242,92,3,2,False,0.16823144,0.09622953,0.61968094,0.11585811
42,7,none,random_linear,243,92,2,1,False,0.31224272,0.35959515,0.21745865,0.11070358
42,7,none,random_linear,244,92,3,1,False,0.29613882,0.45448747,0.22678925,0.022584455
42,7,none,random_linear,245,92,2,0,False,0.31560898,0.29418713,0.2884993,0.101704545
42,7,none,random_linear,246,92,3,3,True,0.004018911,0.13065799,0.04501509,0.820308
42,7,none,random_linear,247,92,2,2,True,0.022970166,0.33361465,0.45429003,0.1891252
42,7,none,random_linear,248,92,3,3,True,0.011463336,0.35341644,0.1257413,0.50937885
42,7,none,random_linear,249,92,3,3,True,0.015728248,0.29750875,0.01064958,0.6761134
42,7,none,random_linear,250,92,2,2,True,0.029603695,0.13198942,0.8285827,0.009824146
42,7,none,random_linear,251,92,3,3,True,0.027387816,0.037194025,0.03944589,0.8959722
42,7,none,random_linear,252,92,2,0,False,0.47671604,0.09003051,0.23298283,0.20027058
42,7,none,random_linear,253,92,2,2,True,0.20154746,0.11065065,0.6708689,0.016933031
42,7,none,random_linear,254,92,3,2,False,0.23076524,0.066945404,0.5213131,0.18097632
42,7,none,random_linear,255,92,2,1,False,0.025235932,0.51610017,0.44933537,0.009328484
42,7,none,random_linear,256,92,0,0,True,0.9872127,0.0070172204,0.00019456813,0.0055755763
42,7,none,random_linear,257,92,1,0,False,0.7736589,0.20006292,0.022544889,0.0037333746
42,7,none,random_linear,258,92,1,1,True,0.0031318201,0.9914954,0.0015671524,0.0038056774
42,7,none,random_linear,259,92,0,0,True,0.94380766,0.0077490034,0.007244023,0.041199308
42,7,none,random_linear,260,92,0,0,True,0.80056477,0.019059215,0.031487286,0.14888881
42,7,none,random_linear,261,92,1,1,True,0.010465753,0.975904,0.012509297,0.0011209358
42,7,none,random_linear,262,92,1,1,True,0.002659085,0.8593342,0.009012593,0.12899417
42,7,none,random_linear,263,92,0,0,True,0.88595086,0.040870823,0.06664311,0.006535159
42,7,none,random_linear,264,92,0,0,True,0.9371518,0.009263988,0.04266484,0.010919362
42,7,none,random_linear,265,92,1,1,True,0.0005629527,0.9991722,6.4786866e-05,0.00020005569
42,7,none,random_linear,266,92,0,0,True,0.85859096,0.1262177,0.012936362,0.002254994
42,7,none,random_linear,267,92,1,1,True,0.32772666,0.4383488,0.09960243,0.13432217
42,7,none,random_linear,268,92,0,0,True,0.8733721,0.11124047,0.0057613673,0.009626055
42,7,none,random_linear,269,92,1,1,True,0.002133418,0.96318793,0.026262473,0.008416298
42,7,none,random_linear,270,92,1,1,True,0.030653697,0.90755904,0.046609737,0.015177591
42,7,none,random_linear,271,92,0,0,True,0.9123187,0.06962319,0.007568291,0.010489773
42,7,none,random_linear,272,92,1,1,True,0.09106636,0.8590026,0.043123227,0.0068078595
42,7,none,random_linear,273,92,0,0,True,0.57830113,0.044248175,0.36655682,0.010893769
42,7,none,random_linear,274,92,1,2,False,0.11326228,0.16448356,0.5243766,0.19787759
42,7,none,random_linear,275,92,3,1,False,0.12911674,0.66106707,0.0665789,0.14323726
42,7,none,random_linear,276,92,2,1,False,0.17994897,0.3812224,0.08342697,0.35540164
42,7,none,random_linear,277,92,3,3,True,0.0100074,0.15757102,0.11156164,0.72085994
42,7,none,random_linear,278,92,2,1,False,0.13057631,0.4839918,0.1289807,0.2564512
42,7,none,random_linear,279,92,3,2,False,0.21081324,0.003346668,0.4126027,0.37323743
42,7,none,random_linear,280,92,2,2,True,0.31839886,0.17768577,0.4251806,0.07873467
42,7,none,random_linear,281,92,3,1,False,0.009511047,0.45320672,0.20009074,0.3371915
42,7,none,random_linear,282,92,2,1,False,0.07234141,0.7033955,0.20207843,0.022184595
42,7,none,random_linear,283,92,2,2,True,0.0059606503,0.17070942,0.8181877,0.005142152
42,7,none,random_linear,284,92,3,1,False,0.20100601,0.4601983,0.2732833,0.06551244
42,7,none,random_linear,285,92,3,1,False,0.0026138972,0.6293182,0.017125053,0.35094294
42,7,none,random_linear,286,92,2,1,False,0.041709896,0.5617846,0.35393974,0.04256575
42,7,none,random_linear,287,92,2,1,False,0.010065551,0.9668432,0.01579294,0.0072982474
42,7,none,random_linear,288,92,3,1,False,0.20057641,0.4513931,0.119573206,0.22845733
42,7,none,random_linear,289,92,3,3,True,0.009093411,0.1355959,0.012279536,0.8430311
42,7,none,random_linear,290,92,2,1,False,0.11275516,0.55179447,0.06502255,0.2704278
42,7,none,random_linear,291,92,2,0,False,0.680044,0.027939627,0.09066143,0.20135497
42,7,none,random_linear,292,92,3,3,True,0.1429857,0.117080055,0.075384095,0.6645501
42,7,none,random_linear,293,92,2,1,False,0.058638796,0.84144384,0.046192523,0.053724825
42,7,none,random_linear,294,93,1,1,True,0.19882786,0.5720654,0.015521329,0.21358542
42,7,none,random_linear,295,93,0,0,True,0.44919592,0.3145747,0.1550146,0.08121479
42,7,none,random_linear,296,93,1,1,True,0.00013674203,0.99350363,0.00074889016,0.005610678
42,7,none,random_linear,297,93,0,0,True,0.54119587,0.31014892,0.0468493,0.1018059
42,7,none,random_linear,298,93,1,2,False,0.008352273,0.16950674,0.7446416,0.07749947
42,7,none,random_linear,299,93,0,3,False,0.10786573,0.14594565,0.3076218,0.43856683
42,7,none,random_linear,300,93,0,0,True,0.9983083,0.0013249434,0.0001414734,0.00022525345
42,7,none,random_linear,301,93,1,1,True,0.022003777,0.6198822,0.081939645,0.2761743
42,7,none,random_linear,302,93,1,0,False,0.8648937,0.0032036486,0.11860678,0.013295849
42,7,none,random_linear,303,93,0,0,True,0.7875935,0.054844905,0.08676251,0.070799045
42,7,none,random_linear,304,93,1,1,True,0.0067072725,0.8455866,0.058382556,0.089323625
42,7,none,random_linear,305,93,0,0,True,0.9986003,0.0003233342,0.00012674226,0.00094964734
42,7,none,random_linear,306,93,1,1,True,0.0056845904,0.6926973,0.066305265,0.23531279
42,7,none,random_linear,307,93,0,0,True,0.99995184,5.347155e-06,1.0081822e-05,3.2631357e-05
42,7,none,random_linear,308,93,0,0,True,0.9633853,0.005410382,0.00812111,0.023083135
42,7,none,random_linear,309,93,3,3,True,0.00056424533,0.014635563,0.00067073683,0.9841294
42,7,none,random_linear,310,93,2,1,False,0.008081573,0.7954016,0.07980293,0.116713986
42,7,none,random_linear,311,93,2,2,True,0.031340696,0.11094515,0.55386955,0.30384466
42,7,none,random_linear,312,93,3,3,True,0.018592617,0.0067744693,0.0027841593,0.9718488
42,7,none,random_linear,313,93,3,3,True,0.00011828263,0.004250774,0.0008025369,0.9948284
42,7,none,random_linear,314,93,2,2,True,0.20532583,0.19938469,0.32816368,0.26712576
42,7,none,random_linear,315,93,3,1,False,0.0049250843,0.7983124,0.13192211,0.06484043
42,7,none,random_linear,316,93,2,2,True,0.00011293523,0.00084902684,0.999012,2.5932011e-05
42,7,none,random_linear,317,93,2,2,True,0.3545018,0.027678177,0.5553424,0.062477652
42,7,none,random_linear,318,93,3,3,True,0.06284494,0.18111965,0.013364231,0.7426712
42,7,none,random_linear,319,93,3,0,False,0.73063415,0.019410493,0.0020434204,0.2479119
42,7,none,random_linear,320,93,2,2,True,0.04770234,0.38185698,0.535402,0.03503869
42,7,none,random_linear,321,93,2,0,False,0.53109825,0.012970669,0.3730458,0.08288526
42,7,none,random_linear,322,93,3,3,True,0.0006595214,0.0021362086,0.00088969234,0.9963146
42,7,none,random_linear,323,93,2,2,True,0.04602478,0.046480387,0.8637107,0.043784138
42,7,none,random_linear,324,93,0,0,True,0.9996006,2.2443648e-05,6.1679406e-05,0.00031535086
42,7,none,random_linear,325,93,1,3,False,0.011030615,0.30231464,0.1428773,0.5437774
42,7,none,random_linear,326,93,1,1,True,5.1674927e-08,0.9997162,1.3107176e-06,0.00028243166
42,7,none,random_linear,327,93,0,0,True,0.8628865,0.012092135,0.08946298,0.035558447
42,7,none,random_linear,328,93,0,0,True,0.8759494,0.0009038863,0.008735576,0.11441117
42,7,none,random_linear,329,93,1,1,True,0.016637126,0.9394465,0.02390557,0.020010788
42,7,none,random_linear,330,93,0,3,False,0.29381105,0.08741988,0.14093749,0.47783154
42,7,none,random_linear,331,93,1,1,True,0.0009686353,0.7014376,0.053688895,0.24390492
42,7,none,random_linear,332,93,1,1,True,0.008208397,0.5463156,0.24948213,0.19599392
42,7,none,random_linear,333,93,0,3,False,0.34755963,0.038832348,0.116232224,0.49737576
42,7,none,random_linear,334,93,1,3,False,0.0080314055,0.22864927,0.08678424,0.67653507
42,7,none,random_linear,335,93,0,0,True,0.95949304,0.00042732028,0.036528386,0.0035511975
42,7,none,random_linear,336,93,0,0,True,0.9934675,8.4598396e-05,0.0002530555,0.0061948965
42,7,none,random_linear,337,93,1,2,False,0.00827496,0.15603133,0.7128059,0.122887835
42,7,none,random_linear,338,93,0,3,False,0.15970072,0.0003836343,0.049868286,0.7900474
42,7,none,random_linear,339,93,2,0,False,0.8405009,0.03747456,0.109797776,0.012226882
42,7,none,random_linear,340,93,3,3,True,0.00014522548,0.00021172343,0.00061422714,0.9990288
42,7,none,random_linear,341,93,3,3,True,0.0063153794,0.06939437,0.028678345,0.8956119
42,7,none,random_linear,342,93,2,2,True,0.06741556,0.27867913,0.42437205,0.2295333
42,7,none,random_linear,343,93,2,1,False,0.0017998962,0.90021175,0.0711715,0.026816932
42,7,none,random_linear,344,93,3,3,True,0.00044619807,0.34670508,0.00047979987,0.6523689
42,7,none,random_linear,345,93,3,3,True,0.00024003009,0.0018225489,0.000113096336,0.9978243
42,7,none,random_linear,346,93,2,1,False,0.038067628,0.48719347,0.4434673,0.031271607
42,7,none,random_linear,347,93,3,3,True,0.04161044,0.006907848,0.0051015583,0.9463802
42,7,none,random_linear,348,93,2,1,False,0.0071604685,0.8183371,0.04437678,0.13012563
42,7,none,random_linear,349,93,3,1,False,0.036355525,0.35706723,0.26007038,0.34650692
42,7,none,random_linear,350,93,2,2,True,0.00950797,0.04392036,0.8677336,0.078838
42,7,none,random_linear,351,93,3,3,True,0.002507001,0.0070516868,0.0039976784,0.98644364
42,7,none,random_linear,352,93,2,2,True,0.10115232,0.09283328,0.7165235,0.08949086
42,7,none,random_linear,353,93,2,3,False,0.052237228,0.16348405,0.15770698,0.6265717
42,7,none,random_linear,354,93,0,1,False,0.24024278,0.5643847,0.08434602,0.111026466
42,7,none,random_linear,355,93,1,2,False,0.0063859797,0.40433785,0.46653375,0.12274246
42,7,none,random_linear,356,93,0,0,True,0.8763541,0.0037816856,0.10675916,0.013104962
42,7,none,random_linear,357,93,1,1,True,0.00032427642,0.99695694,0.00015996241,0.002558735
42,7,none,random_linear,358,93,1,1,True,0.00019232204,0.9751373,0.00047896788,0.024191516
42,7,none,random_linear,359,93,0,0,True,0.9567989,0.018103959,0.004656415,0.020440651
42,7,none,random_linear,360,93,1,3,False,0.0021019652,0.09398585,0.24248272,0.66142946
42,7,none,random_linear,361,93,0,1,False,0.017560543,0.9358008,0.0018264926,0.044812247
42,7,none,random_linear,362,93,1,1,True,0.008083317,0.95205986,0.0097308215,0.03012601
42,7,none,random_linear,363,93,0,0,True,0.96859837,0.00028751022,0.0042579733,0.026856184
42,7,none,random_linear,364,93,0,0,True,0.97159487,0.0029784974,0.003023076,0.022403548
42,7,none,random_linear,365,93,1,3,False,0.005344522,0.08978937,0.09017402,0.81469214
42,7,none,random_linear,366,93,1,1,True,0.00020706421,0.9745101,0.00079002895,0.024492797
42,7,none,random_linear,367,93,0,1,False,0.076587215,0.68592423,0.052587077,0.18490154
42,7,none,random_linear,368,93,1,1,True,0.02887275,0.915434,0.030416103,0.025277145
42,7,none,random_linear,369,93,2,0,False,0.7671558,0.033969514,0.03319804,0.16567665
42,7,none,random_linear,370,93,3,3,True,0.051873527,0.08866262,0.3772284,0.4822355
42,7,none,random_linear,371,93,3,3,True,0.003577981,0.005031217,0.004045471,0.9873453
42,7,none,random_linear,372,93,2,1,False,0.09595984,0.8727697,0.029279882,0.0019905106
42,7,none,random_linear,373,93,3,1,False,0.00015752915,0.91912776,0.0003852292,0.080329455
42,7,none,random_linear,374,93,2,1,False,0.001113277,0.98298246,0.011645561,0.004258707
42,7,none,random_linear,375,93,2,2,True,0.1966141,0.057869732,0.64027774,0.10523839
42,7,none,random_linear,376,93,3,3,True,0.00015179307,0.016320031,0.00088400353,0.98264414
42,7,none,random_linear,377,93,3,3,True,2.9545561e-05,0.009294712,0.0018812928,0.98879445
42,7,none,random_linear,378,93,2,2,True,0.012926025,0.00883512,0.77009463,0.20814423
42,7,none,random_linear,379,93,2,2,True,0.027604604,0.15633768,0.63943994,0.17661773
42,7,none,random_linear,380,93,3,3,True,0.065890454,0.02099561,0.023684684,0.88942933
42,7,none,random_linear,381,93,3,3,True,0.009888227,0.004132768,0.11398409,0.871995
42,7,none,random_linear,382,93,2,1,False,2.2506005e-05,0.998432,0.0014316067,0.000113897775
42,7,none,random_linear,383,93,3,2,False,0.04768598,0.04757055,0.6700329,0.23471051
42,7,none,random_linear,384,94,0,0,True,0.9992125,0.00030505445,0.00046475517,1.7577871e-05
42,7,none,random_linear,385,94,1,1,True,0.00035691322,0.98641557,0.012905466,0.00032209078
42,7,none,random_linear,386,94,1,1,True,0.085444964,0.46506742,0.3608763,0.08861131
42,7,none,random_linear,387,94,0,0,True,0.9999062,6.1952145e-05,2.4497584e-05,7.230251e-06
42,7,none,random_linear,388,94,1,1,True,0.014006294,0.8541834,0.10660866,0.025201643
42,7,none,random_linear,389,94,0,0,True,0.9981194,0.0014981282,0.00025339882,0.00012894064
42,7,none,random_linear,390,94,1,2,False,0.049833044,0.041994628,0.90407646,0.0040958202
42,7,none,random_linear,391,94,0,0,True,0.9997743,4.078876e-05,0.00013272952,5.2247786e-05
42,7,none,random_linear,392,94,1,1,True,0.06191076,0.6706811,0.2308681,0.036539994
42,7,none,random_linear,393,94,0,0,True,0.93281174,0.019650975,0.04745433,8.291789e-05
42,7,none,random_linear,394,94,0,0,True,0.9986553,0.00020659175,0.0004990432,0.0006390134
42,7,none,random_linear,395,94,1,2,False,0.08463634,0.22719231,0.6671204,0.02105093
42,7,none,random_linear,396,94,1,1,True,0.0430889,0.9249983,0.018430157,0.013482655
42,7,none,random_linear,397,94,0,0,True,0.98035675,0.0005678305,0.015750147,0.0033252304
42,7,none,random_linear,398,94,1,1,True,0.07488185,0.79310226,0.043145582,0.08887031
42,7,none,random_linear,399,94,2,2,True,0.014549802,0.06371864,0.91386735,0.007864184
42,7,none,random_linear,400,94,3,3,True,0.017449344,0.22100927,0.054584764,0.7069566
42,7,none,random_linear,401,94,3,3,True,0.00030365502,0.008481793,0.00023870436,0.9909759
42,7,none,random_linear,402,94,2,2,True,0.009900822,0.037615832,0.94940454,0.003078769
42,7,none,random_linear,403,94,3,3,True,0.09521368,0.034625158,0.056654282,0.8135069
42,7,none,random_linear,404,94,2,2,True,0.08535661,0.23115419,0.6347197,0.04876953
42,7,none,random_linear,405,94,2,2,True,0.0031776817,0.054547552,0.9384135,0.0038611926
42,7,none,random_linear,406,94,3,3,True,0.005627426,0.45471087,0.020015543,0.51964617
42,7,none,random_linear,407,94,2,2,True,0.11308829,0.022616714,0.75792044,0.106374584
42,7,none,random_linear,408,94,3,3,True,0.006642497,0.029126458,0.016868228,0.94736284
42,7,none,random_linear,409,94,3,3,True,0.0036024938,0.0030758553,0.012048014,0.98127365
42,7,none,random_linear,410,94,2,2,True,0.018756324,0.068833195,0.9101363,0.002274193
42,7,none,random_linear,411,94,3,3,True,0.0783816,0.04568443,0.16777515,0.7081588
42,7,none,random_linear,412,94,2,0,False,0.6040232,0.13764964,0.17988315,0.07844403
42,7,none,random_linear,413,94,3,2,False,0.020120649,0.46264163,0.4795118,0.037725966
42,7,none,random_linear,414,94,1,1,True,0.0019874678,0.99356246,0.0035705946,0.0008795254
42,7,none,random_linear,415,94,0,1,False,0.10810989,0.82352924,0.06648297,0.0018778719
42,7,none,random_linear,416,94,1,1,True,0.0021348333,0.9960801,0.0017658845,1.9116074e-05
42,7,none,random_linear,417,94,0,0,True,0.9392599,0.030379253,0.026336065,0.004024751
42,7,none,random_linear,418,94,0,0,True,0.9893189,0.001269168,0.009385711,2.6336771e-05
42,7,none,random_linear,419,94,1,1,True,5.14844e-06,0.99611855,0.003731396,0.00014504
42,7,none,random_linear,420,94,1,3,False,0.114333965,0.2705951,0.26230496,0.352766
42,7,none,random_linear,421,94,0,0,True,0.98202044,0.00060501124,0.016948497,0.00042616113
42,7,none,random_linear,422,94,0,0,True,0.93526036,0.057275243,0.0074147,4.978692e-05
42,7,none,random_linear,423,94,1,2,False,0.21175395,0.01939795,0.74961627,0.019231819
42,7,none,random_linear,424,94,1,1,True,9.260638e-06,0.9994444,0.00052841066,1.7873532e-05
42,7,none,random_linear,425,94,0,1,False,0.024486504,0.81586,0.15560919,0.004044377
42,7,none,random_linear,426,94,1,1,True,0.0077327816,0.7415415,0.24505067,0.0056750807
42,7,none,random_linear,427,94,0,0,True,0.99440706,1.5910176e-05,0.004906771,0.00067035214
42,7,none,random_linear,428,94,1,2,False,0.050853074,0.0072557423,0.93281734,0.009073869
42,7,none,random_linear,429,94,3,3,True,0.07043421,0.01777347,0.038210347,0.873582
42,7,none,random_linear,430,94,2,0,False,0.57864547,0.019832766,0.39714667,0.004375074
42,7,none,random_linear,431,94,3,3,True,0.0006723001,0.210066,0.047255702,0.742006
42,7,none,random_linear,432,94,2,2,True,0.0014224288,0.00657609,0.9891502,0.0028512976
42,7,none,random_linear,433,94,3,3,True,0.0073459144,0.20772552,0.00621585,0.7787127
42,7,none,random_linear,434,94,2,2,True,0.014036799,0.13764042,0.8436044,0.00471846
42,7,none,random_linear,435,94,2,2,True,0.012355888,0.21623763,0.66737807,0.10402842
42,7,none,random_linear,436,94,3,3,True,0.027191069,0.14099096,0.3086441,0.5231739
42,7,none,random_linear,437,94,3,1,False,0.006376093,0.5106182,0.003705206,0.4793005
42,7,none,random_linear,438,94,2,2,True,0.017315805,0.30825448,0.64715546,0.02727426
42,7,none,random_linear,439,94,3,3,True,0.018546578,0.25628227,0.14451249,0.5806586
42,7,none,random_linear,440,94,2,2,True,0.07837641,0.057269234,0.85661674,0.0077375737
42,7,none,random_linear,441,94,3,2,False,0.006686268,0.0183661,0.87280095,0.102146626
42,7,none,random_linear,442,94,2,2,True,0.001355183,0.007322278,0.9908766,0.00044594437
42,7,none,random_linear,443,94,2,1,False,0.083914675,0.49556768,0.045469493,0.3750482
42,7,none,random_linear,444,94,0,0,True,0.99572456,0.0028809041,0.0013099409,8.455755e-05
42,7,none,random_linear,445,94,1,2,False,0.21744193,0.22054365,0.5601924,0.0018220011
42,7,none,random_linear,446,94,1,1,True,0.00081251236,0.6792231,0.31833848,0.001625889
42,7,none,random_linear,447,94,0,0,True,0.7552887,0.002867693,0.24095304,0.0008906004
42,7,none,random_linear,448,94,1,1,True,0.00080145313,0.8452065,0.12792832,0.026063817
42,7,none,random_linear,449,94,0,0,True,0.9427218,0.0030565816,0.051481158,0.002740554
42,7,none,random_linear,450,94,1,1,True,0.12838142,0.46275726,0.3840032,0.024858126
42,7,none,random_linear,451,94,0,2,False,0.1779369,0.00876919,0.8084144,0.004879562
42,7,none,random_linear,452,94,1,1,True,0.06522384,0.72738194,0.076049104,0.13134506
42,7,none,random_linear,453,94,0,2,False,0.12605329,0.102534585,0.7609288,0.010483262
42,7,none,random_linear,454,94,1,1,True,0.009060429,0.79803455,0.17124605,0.02165905
42,7,none,random_linear,455,94,0,0,True,0.99533784,0.0001155144,0.00416149,0.00038498006
42,7,none,random_linear,456,94,0,0,True,0.45952994,0.22582154,0.3126997,0.0019487034
42,7,none,random_linear,457,94,1,3,False,0.0076866494,0.053575378,0.060874924,0.87786305
42,7,none,random_linear,458,94,0,2,False,0.036597893,0.08076007,0.77188087,0.11076124
42,7,none,random_linear,459,94,2,2,True,0.0050049066,0.013255341,0.977466,0.004273813
42,7,none,random_linear,460,94,3,2,False,0.0010479403,0.06312718,0.8851823,0.050642658
42,7,none,random_linear,461,94,2,2,True,0.0063174805,0.046931915,0.9458489,0.0009017355
42,7,none,random_linear,462,94,3,2,False,0.23635311,0.078903444,0.67620385,0.008539657
42,7,none,random_linear,463,94,2,2,True,0.015100643,0.48571986,0.49830234,0.00087714836
42,7,none,random_linear,464,94,3,3,True,0.026361896,0.060359515,0.23710251,0.6761761
42,7,none,random_linear,465,94,3,1,False,0.0045549897,0.54032964,0.13010558,0.32500976
42,7,none,random_linear,466,94,2,2,True,0.009969452,0.015522712,0.95347345,0.021034285
42,7,none,random_linear,467,94,2,2,True,0.0010402309,0.0039584376,0.9915697,0.003431675
42,7,none,random_linear,468,94,3,2,False,0.038733043,0.006521644,0.70281947,0.25192586
42,7,none,random_linear,469,94,3,3,True,0.0025759512,0.40776327,0.022230333,0.56743044
42,7,none,random_linear,470,94,2,2,True,0.0025885683,0.07901429,0.8832416,0.035155594
42,7,none,random_linear,471,94,2,2,True,0.09964124,0.110582545,0.42203733,0.36773887
42,7,none,random_linear,472,94,3,2,False,0.0048354715,0.3834593,0.41172087,0.19998434
42,7,none,random_linear,473,94,3,2,False,0.01476711,0.4828753,0.48600683,0.0163508
42,7,none,random_linear,474,95,0,0,True,0.99674267,0.0027070108,0.00033803305,0.00021233423
42,7,none,random_linear,475,95,1,1,True,0.027542202,0.8800849,0.002527834,0.08984513
42,7,none,random_linear,476,95,1,1,True,0.00011995104,0.9995073,0.00014979445,0.00022292079
42,7,none,random_linear,477,95,0,0,True,0.9994979,5.9197504e-05,1.1038533e-05,0.0004318458
42,7,none,random_linear,478,95,0,0,True,0.9999676,1.2365536e-05,2.3957953e-06,1.7626991e-05
42,7,none,random_linear,479,95,1,1,True,0.007105375,0.9888319,0.00033209266,0.0037307679
42,7,none,random_linear,480,95,0,0,True,0.99567777,0.0034943225,0.0003778793,0.00044998727
42,7,none,random_linear,481,95,1,1,True,0.007713399,0.9781305,0.00030647885,0.013849608
42,7,none,random_linear,482,95,0,0,True,0.99913555,0.00056859787,6.104506e-05,0.00023476023
42,7,none,random_linear,483,95,1,3,False,0.014692296,0.21144798,0.016450604,0.75740916
42,7,none,random_linear,484,95,1,1,True,0.003766672,0.98238915,0.0018400395,0.012004115
42,7,none,random_linear,485,95,0,0,True,0.9998648,2.1074045e-07,2.6379847e-05,0.000108555716
42,7,none,random_linear,486,95,0,0,True,0.9982139,0.00060219975,0.00033854845,0.00084531645
42,7,none,random_linear,487,95,1,3,False,0.02191142,0.40568843,0.010403017,0.5619971
42,7,none,random_linear,488,95,1,1,True,2.5146654e-05,0.993341,0.0014412304,0.0051926794
42,7,none,random_linear,489,95,2,3,False,0.028390326,0.07634109,0.024193902,0.87107474
42,7,none,random_linear,490,95,3,3,True,0.024055853,0.08684531,0.03340076,0.85569805
42,7,none,random_linear,491,95,2,1,False,0.0039651706,0.77548367,0.12188318,0.09866797
42,7,none,random_linear,492,95,3,3,True,0.0022958096,0.000539246,0.00011702069,0.99704796
42,7,none,random_linear,493,95,3,3,True,0.0013855919,0.045451727,7.590831e-05,0.95308673
42,7,none,random_linear,494,95,2,0,False,0.5117499,0.027188126,0.0040681055,0.45699388
42,7,none,random_linear,495,95,2,3,False,0.020782268,0.12683637,0.35713094,0.49525034
42,7,none,random_linear,496,95,3,3,True,0.052208003,0.005190472,9.249051e-05,0.942509
42,7,none,random_linear,497,95,3,3,True,0.0025094952,0.008801506,0.020557411,0.96813166
42,7,none,random_linear,498,95,2,3,False,0.0030786933,0.22238153,0.03707083,0.7374689
42,7,none,random_linear,499,95,3,3,True,0.0013471093,0.18083183,0.0013078583,0.81651324
42,7,none,random_linear,500,95,2,3,False,0.0008702041,0.0009791604,0.021314953,0.9768357
42,7,none,random_linear,501,95,3,3,True,0.004148445,0.0014480494,0.0013877254,0.99301577
42,7,none,random_linear,502,95,2,3,False,0.011138799,0.05430154,0.16975565,0.764804
42,7,none,random_linear,503,95,2,3,False,0.117540106,0.102527924,0.0077893073,0.77214265
42,7,none,random_linear,504,95,1,1,True,0.00094836374,0.93290293,0.0017724391,0.0643762
42,7,none,random_linear,505,95,0,0,True,0.7887723,0.0011922184,0.000101259386,0.2099343
42,7,none,random_linear,506,95,1,1,True,0.0011303433,0.86817825,0.00022063508,0.1304708
42,7,none,random_linear,507,95,0,0,True,0.51724315,0.0009839941,0.024290115,0.45748278
42,7,none,random_linear,508,95,0,0,True,0.9866316,0.00022768839,4.617902e-05,0.013094462
42,7,none,random_linear,509,95,1,3,False,0.010191947,0.02221438,0.0017095968,0.96588415
42,7,none,random_linear,510,95,1,3,False,0.008436831,0.11019706,0.030012675,0.8513534
42,7,none,random_linear,511,95,0,0,True,0.97768456,2.1317916e-05,3.2711934e-05,0.022261292
42,7,none,random_linear,512,95,0,0,True,0.76883036,0.0031446181,0.02354967,0.20447531
42,7,none,random_linear,513,95,1,3,False,0.0028061627,0.35899943,0.013908048,0.6242864
42,7,none,random_linear,514,95,0,0,True,0.97568524,8.211893e-05,0.0009887946,0.023243835
42,7,none,random_linear,515,95,1,1,True,0.00042217204,0.8922313,0.020016236,0.08733038
42,7,none,random_linear,516,95,0,0,True,0.69237584,0.036697257,0.0006400672,0.27028686
42,7,none,random_linear,517,95,1,1,True,0.0013330743,0.92820334,0.020451032,0.050012466
42,7,none,random_linear,518,95,0,0,True,0.7078569,0.0019543855,0.0061252485,0.2840634
42,7,none,random_linear,519,95,3,3,True,0.00014495313,0.021662932,0.0005371546,0.97765493
42,7,none,random_linear,520,95,2,3,False,0.044640295,0.0004623829,0.023907112,0.9309902
42,7,none,random_linear,521,95,3,3,True,0.00054192764,0.24144867,0.005292581,0.7527169
42,7,none,random_linear,522,95,2,0,False,0.7487338,0.00065621466,0.09141379,0.15919615
42,7,none,random_linear,523,95,2,2,True,0.15851057,0.09416876,0.55669117,0.19062948
42,7,none,random_linear,524,95,3,3,True,0.017384073,0.4565209,0.009893537,0.5162015
42,7,none,random_linear,525,95,2,2,True,0.02278716,0.38047192,0.52575165,0.07098925
42,7,none,random_linear,526,95,3,3,True,0.00069621607,0.025873773,0.0006745142,0.97275555
42,7,none,random_linear,527,95,2,3,False,0.09576458,0.054765675,0.1576429,0.6918268
42,7,none,random_linear,528,95,3,3,True,0.00031478904,0.013801805,0.00015415788,0.9857292
42,7,none,random_linear,529,95,2,0,False,0.8232034,0.025295619,0.06532002,0.08618103
42,7,none,random_linear,530,95,3,3,True,0.014669092,0.009337796,0.005986464,0.97000664
42,7,none,random_linear,531,95,2,3,False,0.00034476738,0.009730623,0.00870096,0.9812237
42,7,none,random_linear,532,95,3,3,True,0.033658322,0.2802745,0.06779003,0.61827713
42,7,none,random_linear,533,95,3,3,True,0.000797739,0.21982063,0.12350476,0.65587693
42,7,none,random_linear,534,95,0,1,False,0.068808824,0.75174284,0.041358877,0.13808945
42,7,none,random_linear,535,95,1,3,False,0.39407808,0.022460012,0.042944714,0.54051715
42,7,none,random_linear,536,95,1,3,False,0.01750562,0.0037053896,0.0014099801,0.9773791
42,7,none,random_linear,537,95,0,3,False,0.18634774,0.040329907,0.06377124,0.7095511
42,7,none,random_linear,538,95,0,3,False,0.16582677,0.009970794,0.0124886455,0.81171376
42,7,none,random_linear,539,95,1,1,True,0.08562802,0.7904182,0.017528668,0.10642513
42,7,none,random_linear,540,95,1,3,False,0.00041169554,0.007393147,0.0009626734,0.99123245
42,7,none,random_linear,541,95,0,0,True,0.7343184,0.00842537,0.14553179,0.11172437
42,7,none,random_linear,542,95,0,1,False,0.12722388,0.6494013,0.09226133,0.13111348
42,7,none,random_linear,543,95,1,1,True,0.0028636311,0.92810947,0.00094442524,0.06808239
42,7,none,random_linear,544,95,0,3,False,0.049411483,0.053861413,0.10954018,0.7871869
42,7,none,random_linear,545,95,1,3,False,0.39727917,0.017042223,0.1741748,0.41150376
42,7,none,random_linear,546,95,1,1,True,0.12353906,0.5269811,0.060650453,0.28882936
42,7,none,random_linear,547,95,0,2,False,0.004583671,0.11468418,0.85491544,0.02581672
42,7,none,random_linear,548,95,0,0,True,0.89468443,0.009633415,0.078255,0.017427217
42,7,none,random_linear,549,95,2,2,True,0.008066107,0.05999358,0.68787503,0.2440653
42,7,none,random_linear,550,95,3,1,False,0.12753457,0.6654653,0.050478406,0.15652177
42,7,none,random_linear,551,95,3,3,True,0.037255872,0.19922876,0.009378822,0.75413656
42,7,none,random_linear,552,95,2,0,False,0.6883371,0.0524448,0.09016855,0.16904952
42,7,none,random_linear,553,95,2,3,False,0.037972473,0.039208505,0.034009375,0.88880956
42,7,none,random_linear,554,95,3,3,True,0.008047109,0.012028943,0.0010716935,0.9788522
42,7,none,random_linear,555,95,2,1,False,0.005306319,0.77483916,0.021487132,0.19836739
42,7,none,random_linear,556,95,3,3,True,0.000679969,0.2515235,0.0012415105,0.746555
42,7,none,random_linear,557,95,2,1,False,0.10659914,0.4806464,0.15474081,0.2580136
42,7,none,random_linear,558,95,3,1,False,0.0023163122,0.880906,0.0009968377,0.11578077
42,7,none,random_linear,559,95,2,3,False,0.017906187,0.018832467,0.04458814,0.9186732
42,7,none,random_linear,560,95,3,3,True,0.060762767,0.14463419,0.021341823,0.7732612
42,7,none,random_linear,561,95,3,3,True,0.013371842,0.24368255,0.25959936,0.48334628
42,7,none,random_linear,562,95,2,1,False,0.0053793043,0.42895693,0.30066207,0.26500165
42,7,none,random_linear,563,95,3,3,True,0.0003286454,0.004572419,0.0047174124,0.99038154
42,7,none,random_linear,564,96,1,1,True,0.0007183682,0.99797696,0.00085033756,0.00045432267
42,7,none,random_linear,565,96,0,0,True,0.9256875,0.03474254,0.038411394,0.001158614
42,7,none,random_linear,566,96,0,0,True,0.93363076,0.053231385,0.008583608,0.004554244
42,7,none,random_linear,567,96,1,1,True,0.00082327396,0.9533998,0.031227745,0.014549184
42,7,none,random_linear,568,96,1,1,True,6.970817e-05,0.9987997,0.0003960812,0.0007344784
42,7,none,random_linear,569,96,0,0,True,0.61454254,0.0029790401,0.18748409,0.1949944
42,7,none,random_linear,570,96,1,1,True,8.3573796e-05,0.9996371,0.00022678034,5.251345e-05
42,7,none,random_linear,571,96,0,0,True,0.9964011,5.718058e-05,0.0027939451,0.0007478722
42,7,none,random_linear,572,96,0,0,True,0.70941126,0.053923424,0.1654889,0.07117645
42,7,none,random_linear,573,96,1,1,True,3.815189e-05,0.99964786,0.00027859796,3.540213e-05
42,7,none,random_linear,574,96,1,1,True,0.000121018355,0.99846774,0.0013403869,7.0777656e-05
42,7,none,random_linear,575,96,0,0,True,0.934925,0.00075410196,0.06378073,0.000540173
42,7,none,random_linear,576,96,0,0,True,0.7978995,0.06544344,0.01981525,0.116841756
42,7,none,random_linear,577,96,1,1,True,0.0018963444,0.71785694,0.09586984,0.18437685
42,7,none,random_linear,578,96,1,1,True,2.8564995e-05,0.95796496,0.0017712949,0.04023521
42,7,none,random_linear,579,96,3,3,True,0.0010456175,0.04535336,0.069307506,0.8842935
42,7,none,random_linear,580,96,2,2,True,0.004739905,0.00030306142,0.9942827,0.000674349
42,7,none,random_linear,581,96,3,2,False,0.02923544,0.12283144,0.7606018,0.087331295
42,7,none,random_linear,582,96,2,2,True,0.012950456,0.011792917,0.838466,0.13679068
42,7,none,random_linear,583,96,2,2,True,0.0666174,0.016447201,0.5665013,0.35043398
42,7,none,random_linear,584,96,3,2,False,0.015572071,0.0050946353,0.9132859,0.066047385
42,7,none,random_linear,585,96,3,3,True,0.12649177,0.13168746,0.18441498,0.55740577
42,7,none,random_linear,586,96,2,2,True,0.0095788175,0.023341957,0.883305,0.08377431
42,7,none,random_linear,587,96,3,3,True,0.009421407,0.004453092,0.027608145,0.9585173
42,7,none,random_linear,588,96,2,1,False,0.013251844,0.5937751,0.3670654,0.02590765
42,7,none,random_linear,589,96,2,2,True,0.012932999,0.11510921,0.8713427,0.00061506097
42,7,none,random_linear,590,96,3,1,False,0.07215378,0.7023118,0.016976232,0.20855817
42,7,none,random_linear,591,96,3,3,True,0.022176825,0.035936054,0.076334365,0.8655527
42,7,none,random_linear,592,96,2,2,True,0.08405107,0.08620982,0.70138484,0.1283543
42,7,none,random_linear,593,96,3,3,True,0.026144514,0.24102628,0.11375099,0.6190782
42,7,none,random_linear,594,96,0,0,True,0.876394,0.0043211835,0.110278055,0.009006808
42,7,none,random_linear,595,96,1,2,False,0.016065901,0.088181056,0.8889882,0.0067648324
42,7,none,random_linear,596,96,1,1,True,0.040917635,0.42159766,0.13121998,0.40626466
42,7,none,random_linear,597,96,0,0,True,0.97187626,0.00018448738,0.009661457,0.018277867
42,7,none,random_linear,598,96,1,1,True,0.17066295,0.8001855,0.023555722,0.005595851
42,7,none,random_linear,599,96,0,3,False,0.3146201,0.019265192,0.25371385,0.41240087
42,7,none,random_linear,600,96,0,0,True,0.7890822,0.00014811003,0.20961611,0.0011535112
42,7,none,random_linear,601,96,1,1,True,0.0018738072,0.99617046,0.0012193293,0.0007363504
42,7,none,random_linear,602,96,0,0,True,0.91994435,0.01915979,0.05865987,0.0022359923
42,7,none,random_linear,603,96,1,1,True,0.0040570735,0.892861,0.10137066,0.0017112417
42,7,none,random_linear,604,96,1,1,True,0.0005255745,0.8606908,0.013298386,0.12548533
42,7,none,random_linear,605,96,0,0,True,0.92969686,0.00021834137,0.05319043,0.016894415
42,7,none,random_linear,606,96,1,3,False,0.0031457746,0.30421764,0.29180315,0.4008335
42,7,none,random_linear,607,96,0,2,False,0.316485,0.00073339767,0.45731393,0.22546764
42,7,none,random_linear,608,96,0,0,True,0.7122955,0.0013107498,0.12710963,0.15928416
42,7,none,random_linear,609,96,3,3,True,0.08790977,0.012651939,0.029896943,0.86954135
42,7,none,random_linear,610,96,2,2,True,0.00023868695,0.0075193825,0.9903424,0.001899546
42,7,none,random_linear,611,96,3,1,False,0.061045434,0.5464634,0.3404733,0.052017856
42,7,none,random_linear,612,96,2,0,False,0.8660625,0.018052105,0.05512094,0.060764458
42,7,none,random_linear,613,96,3,3,True,0.01746321,0.151952,0.0044143884,0.8261704
42,7,none,random_linear,614,96,2,2,True,0.0015115746,0.0036892614,0.99210185,0.0026973176
42,7,none,random_linear,615,96,2,2,True,0.003122633,0.011250451,0.9183822,0.067244686
42,7,none,random_linear,616,96,3,2,False,0.006691401,0.0030460157,0.72381246,0.26645008
42,7,none,random_linear,617,96,2,2,True,0.030137345,0.005279929,0.87133455,0.09324815
42,7,none,random_linear,618,96,3,0,False,0.7807255,0.040646758,0.04469292,0.13393486
42,7,none,random_linear,619,96,2,2,True,0.03272711,0.011893981,0.6993339,0.25604498
42,7,none,random_linear,620,96,3,3,True,0.041317634,0.012264433,0.027812641,0.91860527
42,7,none,random_linear,621,96,2,0,False,0.85041666,0.008389642,0.10037523,0.040818438
42,7,none,random_linear,622,96,3,3,True,0.1350769,0.034190748,0.022850655,0.8078817
42,7,none,random_linear,623,96,3,3,True,0.025156388,0.028758354,0.26244035,0.68364483
42,7,none,random_linear,624,96,1,1,True,0.00035835875,0.98654175,0.00791897,0.005180968
42,7,none,random_linear,625,96,0,0,True,0.9163674,0.0007322023,0.06583129,0.017069016
42,7,none,random_linear,626,96,1,2,False,0.17066717,0.073594406,0.73894536,0.016793165
42,7,none,random_linear,627,96,0,1,False,0.37185428,0.40512708,0.21926337,0.0037551865
42,7,none,random_linear,628,96,1,1,True,0.010488056,0.81590176,0.13898249,0.03462765
42,7,none,random_linear,629,96,0,0,True,0.98309696,0.0038456866,0.0060287807,0.0070285406
42,7,none,random_linear,630,96,0,0,True,0.9835051,4.5592336e-05,0.016405772,4.3520653e-05
42,7,none,random_linear,631,96,1,1,True,0.17195545,0.7180487,0.05998393,0.050011914
42,7,none,random_linear,632,96,1,1,True,3.5698034e-05,0.99792755,0.0013274507,0.0007092428
42,7,none,random_linear,633,96,0,0,True,0.8485201,0.05868179,0.052895688,0.039902426
42,7,none,random_linear,634,96,0,0,True,0.9983192,1.44179385e-05,0.0015680538,9.827142e-05
42,7,none,random_linear,635,96,1,1,True,5.6917535e-05,0.9901059,0.008199324,0.0016378461
42,7,none,random_linear,636,96,1,1,True,0.00030849266,0.9456775,0.053404998,0.00060894183
42,7,none,random_linear,637,96,0,0,True,0.9805783,0.017409824,0.0017105722,0.00030119022
42,7,none,random_linear,638,96,0,0,True,0.47269106,0.0298674,0.12342166,0.37401983
42,7,none,random_linear,639,96,2,2,True,0.0008658287,0.041112926,0.95664245,0.0013788898
42,7,none,random_linear,640,96,3,2,False,0.021252824,0.020296993,0.8850257,0.073424526
42,7,none,random_linear,641,96,2,2,True,0.14079417,0.018525817,0.46476266,0.37591738
42,7,none,random_linear,642,96,3,2,False,0.026126651,0.25448248,0.38766032,0.3317305
42,7,none,random_linear,643,96,3,3,True,0.15520385,0.071704015,0.030240012,0.74285215
42,7,none,random_linear,644,96,2,2,True,0.004678768,0.46549702,0.515863,0.013961149
42,7,none,random_linear,645,96,3,3,True,0.20323646,0.11108398,0.033365402,0.6523141
42,7,none,random_linear,646,96,2,2,True,0.046214134,0.4280228,0.4887742,0.036988817
42,7,none,random_linear,647,96,2,2,True,0.019104525,0.056380406,0.90898085,0.015534241
42,7,none,random_linear,648,96,3,0,False,0.44375542,0.22505388,0.26075917,0.070431456
42,7,none,random_linear,649,96,2,2,True,0.015416658,0.17401218,0.55916613,0.25140497
42,7,none,random_linear,650,96,3,3,True,0.111315146,0.037881527,0.3087152,0.54208815
42,7,none,random_linear,651,96,2,2,True,0.042441607,0.21044151,0.6279865,0.119130485
42,7,none,random_linear,652,96,3,0,False,0.5867289,0.037695114,0.19321302,0.18236311
42,7,none,random_linear,653,96,3,1,False,0.003868606,0.76727635,0.04921233,0.17964274
42,7,none,random_linear,654,97,0,0,True,0.73544765,0.06435534,0.15503082,0.045166176
42,7,none,random_linear,655,97,1,1,True,0.009044384,0.9595336,0.004509081,0.026913067
42,7,none,random_linear,656,97,1,1,True,0.032330416,0.94066674,0.0040514944,0.022951363
42,7,none,random_linear,657,97,0,0,True,0.8597572,0.09490698,0.012658697,0.032677077
42,7,none,random_linear,658,97,0,0,True,0.994206,0.00034677805,0.0015042227,0.0039429883
42,7,none,random_linear,659,97,1,1,True,0.00089267705,0.9770166,0.0017337515,0.020357009
42,7,none,random_linear,660,97,0,0,True,0.6296135,0.10042749,0.2368135,0.033145424
42,7,none,random_linear,661,97,1,1,True,3.420301e-05,0.9911101,0.0049181017,0.003937743
42,7,none,random_linear,662,97,0,3,False,0.06840632,0.24557166,0.09233387,0.59368813
42,7,none,random_linear,663,97,1,1,True,0.03746819,0.7389112,0.0039010453,0.2197195
42,7,none,random_linear,664,97,1,1,True,0.00035964392,0.99819916,3.14138e-05,0.001409794
42,7,none,random_linear,665,97,0,0,True,0.82451886,0.0041062725,0.0024871172,0.16888773
42,7,none,random_linear,666,97,1,2,False,0.29332826,0.17130075,0.3261301,0.20924093
42,7,none,random_linear,667,97,0,3,False,0.2129851,0.21707901,0.037002306,0.5329336
42,7,none,random_linear,668,97,0,0,True,0.83031094,0.14483732,0.0015033804,0.023348343
42,7,none,random_linear,669,97,3,3,True,0.16606243,0.13050617,0.069839366,0.63359207
42,7,none,random_linear,670,97,2,0,False,0.764584,0.11421173,0.015011282,0.106192976
42,7,none,random_linear,671,97,3,3,True,0.00040516228,0.02346443,0.0021788003,0.9739516
42,7,none,random_linear,672,97,2,1,False,0.0010157026,0.7399617,0.02763238,0.23139013
42,7,none,random_linear,673,97,3,1,False,0.04928457,0.5197803,0.00064161373,0.43029353
42,7,none,random_linear,674,97,2,1,False,0.12977041,0.38512468,0.11005231,0.37505257
42,7,none,random_linear,675,97,3,1,False,0.007730356,0.46479174,0.30341753,0.22406031
42,7,none,random_linear,676,97,2,1,False,0.009952573,0.8866159,0.0047387527,0.09869286
42,7,none,random_linear,677,97,3,1,False,0.0044461344,0.59885484,0.068099976,0.3285991
42,7,none,random_linear,678,97,2,2,True,0.06926929,0.24090612,0.54556066,0.1442639
42,7,none,random_linear,679,97,3,3,True,0.08559538,0.021457452,0.0037998355,0.88914734
42,7,none,random_linear,680,97,2,3,False,0.0023781166,0.0040056063,0.00026572536,0.99335057
42,7,none,random_linear,681,97,3,3,True,0.05390417,0.006302886,0.024410374,0.91538256
42,7,none,random_linear,682,97,2,1,False,0.0006140518,0.85107785,0.016005704,0.13230245
42,7,none,random_linear,683,97,2,1,False,0.004368441,0.9000752,0.0030740378,0.09248237
42,7,none,random_linear,684,97,0,1,False,0.100228906,0.54302436,0.1193508,0.23739593
42,7,none,random_linear,685,97,1,1,True,0.33920628,0.6021995,0.05307085,0.0055233687
42,7,none,random_linear,686,97,1,1,True,0.00063766964,0.9884106,0.0014381753,0.009513491
42,7,none,random_linear,687,97,0,3,False,0.35443243,0.02002543,0.10166203,0.52388006
42,7,none,random_linear,688,97,1,1,True,0.08353526,0.5329188,0.042470865,0.34107506
42,7,none,random_linear,689,97,0,0,True,0.7949576,0.09321335,0.06120507,0.05062388
42,7,none,random_linear,690,97,1,3,False,0.0073369932,0.014680627,0.15946987,0.8185125
42,7,none,random_linear,691,97,0,3,False,0.022635464,0.049858727,0.022508753,0.9049971
42,7,none,random_linear,692,97,1,1,True,0.020123417,0.6590485,0.013099977,0.30772808
42,7,none,random_linear,693,97,0,3,False,0.27716142,0.016952906,0.04127603,0.66460973
42,7,none,random_linear,694,97,0,0,True,0.9132069,0.023230383,0.0402364,0.023326354
42,7,none,random_linear,695,97,1,1,True,0.0006260371,0.88778335,0.045367457,0.06622324
42,7,none,random_linear,696,97,0,3,False,0.015351413,0.0031699166,0.00092588144,0.98055285
42,7,none,random_linear,697,97,1,1,True,0.013625063,0.8890056,0.0035165627,0.09385284
42,7,none,random_linear,698,97,1,3,False,0.0007728178,0.27350685,0.000491452,0.7252289
42,7,none,random_linear,699,97,3,3,True,0.0012769147,0.12253964,0.08992365,0.78625983
42,7,none,random_linear,700,97,2,0,False,0.76042193,0.025526805,0.1180217,0.09602956
42,7,none,random_linear,701,97,2,1,False,0.03361157,0.43140912,0.23099664,0.30398265
42,7,none,random_linear,702,97,3,3,True,0.002560907,0.20225532,0.2678351,0.52734864
42,7,none,random_linear,703,97,3,1,False,0.05080487,0.82043874,0.048223466,0.08053296
42,7,none,random_linear,704,97,2,1,False,0.019271381,0.9358608,0.004211821,0.04065604
42,7,none,random_linear,705,97,2,3,False,0.0032173805,0.32376942,0.26483965,0.40817353
42,7,none,random_linear,706,97,3,3,True,0.09457682,0.17807813,0.26410222,0.4632428
42,7,none,random_linear,707,97,2,2,True,0.012735982,0.06538471,0.55088174,0.37099752
42,7,none,random_linear,708,97,3,3,True,0.002002569,0.2747951,0.024804717,0.69839764
42,7,none,random_linear,709,97,3,3,True,0.04440732,0.006675099,0.04194091,0.90697664
42,7,none,random_linear,710,97,2,3,False,0.01850471,0.14981398,0.19693828,0.63474303
42,7,none,random_linear,711,97,3,3,True,0.14207195,0.05641893,0.11380585,0.6877032
42,7,none,random_linear,712,97,2,0,False,0.5614828,0.016153293,0.16477656,0.2575873
42,7,none,random_linear,713,97,3,3,True,0.058463335,0.43510902,0.00480204,0.5016256
42,7,none,random_linear,714,97,1,3,False,0.01002934,0.42182454,0.07660274,0.49154335
42,7,none,random_linear,715,97,0,1,False,0.07002975,0.6462077,0.24765861,0.03610394
42,7,none,random_linear,716,97,1,1,True,0.0049385685,0.92983204,0.025359947,0.03986951
42,7,none,random_linear,717,97,0,0,True,0.8665106,0.12765907,0.0036435612,0.0021866558
42,7,none,random_linear,718,97,1,2,False,0.039036788,0.31053934,0.5127931,0.13763079
42,7,none,random_linear,719,97,0,0,True,0.65276945,0.044101138,0.046147212,0.25698215
42,7,none,random_linear,720,97,0,0,True,0.9276623,0.005108192,0.008518868,0.058710683
42,7,none,random_linear,721,97,1,1,True,0.0028114754,0.85032636,0.012367167,0.13449503
42,7,none,random_linear,722,97,1,1,True,0.00077505904,0.7341878,0.038259946,0.22677718
42,7,none,random_linear,723,97,0,0,True,0.8826897,0.019992832,0.010456809,0.08686067
42,7,none,random_linear,724,97,1,1,True,0.005606725,0.8981803,0.003800892,0.09241208
42,7,none,random_linear,725,97,0,0,True,0.4548964,0.116856,0.0541438,0.37410378
42,7,none,random_linear,726,97,0,0,True,0.9937815,0.0009401982,0.002488002,0.0027903973
42,7,none,random_linear,727,97,1,3,False,0.04543896,0.22884782,0.2076098,0.5181034
42,7,none,random_linear,728,97,0,0,True,0.7891524,0.0030349984,0.031808924,0.1760036
42,7,none,random_linear,729,97,3,3,True,0.16991268,0.11944613,0.07397176,0.63666946
42,7,none,random_linear,730,97,2,1,False,0.00034305817,0.79245526,0.009403179,0.19779858
42,7,none,random_linear,731,97,2,2,True,0.025261968,0.18031259,0.5868919,0.20753352
42,7,none,random_linear,732,97,3,3,True,0.23660669,0.21987556,0.22969668,0.3138211
42,7,none,random_linear,733,97,2,3,False,0.14374143,0.30173343,0.14068417,0.41384098
42,7,none,random_linear,734,97,3,1,False,0.24143144,0.5495476,0.059577752,0.14944322
42,7,none,random_linear,735,97,2,0,False,0.31606087,0.28384802,0.23947003,0.16062105
42,7,none,random_linear,736,97,3,3,True,0.033562165,0.12613401,0.073517345,0.76678646
42,7,none,random_linear,737,97,3,3,True,0.05113397,0.067467205,0.12570171,0.7556971
42,7,none,random_linear,738,97,2,2,True,0.043166555,0.19819476,0.5633418,0.19529693
42,7,none,random_linear,739,97,3,3,True,0.0034863898,0.03089793,0.046153158,0.91946256
42,7,none,random_linear,740,97,2,1,False,0.051960662,0.47820243,0.047357723,0.42247918
42,7,none,random_linear,741,97,2,1,False,0.047963556,0.58684343,0.08011762,0.28507543
42,7,none,random_linear,742,97,3,3,True,0.16373564,0.18433055,0.23254983,0.419384
42,7,none,random_linear,743,97,2,0,False,0.4900567,0.19491681,0.09631384,0.21871264
42,7,none,random_linear,744,98,0,0,True,0.85480547,0.010730899,0.13334882,0.0011148035
42,7,none,random_linear,745,98,1,2,False,0.016660372,0.20528367,0.76779336,0.010262576
42,7,none,random_linear,746,98,1,1,True,0.03526697,0.88062555,0.07692567,0.0071818097
42,7,none,random_linear,747,98,0,0,True,0.6470842,0.043139514,0.30485082,0.0049254894
42,7,none,random_linear,748,98,0,0,True,0.5128861,0.031543206,0.34568995,0.10988077
42,7,none,random_linear,749,98,1,1,True,0.030852333,0.66708887,0.2935789,0.0084798895
42,7,none,random_linear,750,98,1,1,True,0.017535605,0.95654774,0.019445134,0.006471677
42,7,none,random_linear,751,98,0,2,False,0.068295866,0.35372144,0.53742146,0.040561207
42,7,none,random_linear,752,98,1,1,True,0.055858135,0.77274513,0.16559854,0.0057981727
42,7,none,random_linear,753,98,0,2,False,0.30435428,0.045984346,0.6456408,0.0040205866
42,7,none,random_linear,754,98,1,1,True,0.030744756,0.9550224,0.012650283,0.001582637
42,7,none,random_linear,755,98,0,0,True,0.63756335,0.072056614,0.2680643,0.022315755
42,7,none,random_linear,756,98,0,2,False,0.12160889,0.2587386,0.61471695,0.004935521
42,7,none,random_linear,757,98,1,2,False,0.040719707,0.25609446,0.48699915,0.21618666
42,7,none,random_linear,758,98,0,2,False,0.06357903,0.07529813,0.8368403,0.024282526
42,7,none,random_linear,759,98,3,3,True,0.014686981,0.00474818,0.0077544698,0.9728104
42,7,none,random_linear,760,98,2,2,True,0.050188176,0.031956438,0.839998,0.07785737
42,7,none,random_linear,761,98,3,3,True,0.011460474,0.02789998,0.102423094,0.8582165
42,7,none,random_linear,762,98,2,1,False,0.22716545,0.43949354,0.32953343,0.003807666
42,7,none,random_linear,763,98,2,0,False,0.47039348,0.10170075,0.3832431,0.044662632
42,7,none,random_linear,764,98,3,2,False,0.009029963,0.2137861,0.4688127,0.30837122
42,7,none,random_linear,765,98,2,2,True,0.02091331,0.018568305,0.9384087,0.022109684
42,7,none,random_linear,766,98,3,2,False,0.061321303,0.26674783,0.45740324,0.21452758
42,7,none,random_linear,767,98,2,2,True,0.06505956,0.002578386,0.8898666,0.042495456
42,7,none,random_linear,768,98,3,3,True,0.027438944,0.045990776,0.04469209,0.8818782
42,7,none,random_linear,769,98,3,3,True,0.17918459,0.032897674,0.20004621,0.58787155
42,7,none,random_linear,770,98,2,2,True,0.041760035,0.02099605,0.8808431,0.056400828
42,7,none,random_linear,771,98,2,2,True,0.17985441,0.010500276,0.6065014,0.2031439
42,7,none,random_linear,772,98,3,0,False,0.6239224,0.09290692,0.14735118,0.13581951
42,7,none,random_linear,773,98,3,2,False,0.06060544,0.048728555,0.6958365,0.19482951
42,7,none,random_linear,774,98,1,1,True,0.005065021,0.8769707,0.11230171,0.0056626042
42,7,none,random_linear,775,98,0,2,False,0.3075867,0.109439634,0.54198396,0.04098971
42,7,none,random_linear,776,98,0,0,True,0.80447125,0.017776864,0.16053413,0.017217794
42,7,none,random_linear,777,98,1,2,False,0.04266703,0.35501838,0.5417249,0.060589675
42,7,none,random_linear,778,98,0,0,True,0.96424353,0.0074058757,0.023023432,0.0053271814
42,7,none,random_linear,779,98,1,2,False,0.016587332,0.08174197,0.86500937,0.036661323
42,7,none,random_linear,780,98,1,1,True,0.01957426,0.50453085,0.3066795,0.16921541
42,7,none,random_linear,781,98,0,0,True,0.91125846,0.0015010098,0.06896169,0.018278837
42,7,none,random_linear,782,98,0,0,True,0.57596797,0.11557331,0.2699101,0.038548645
42,7,none,random_linear,783,98,1,1,True,0.06624228,0.5824231,0.2808069,0.07052782
42,7,none,random_linear,784,98,0,0,True,0.7414567,0.009645503,0.1844838,0.064414
42,7,none,random_linear,785,98,1,1,True,0.024996806,0.6482832,0.31296244,0.0137575865
42,7,none,random_linear,786,98,1,1,True,0.028858041,0.5794112,0.09357189,0.29815888
42,7,none,random_linear,787,98,0,0,True,0.98390627,0.0019539704,0.011016642,0.003123131
42,7,none,random_linear,788,98,0,2,False,0.04393183,0.026668062,0.88744825,0.04195187
42,7,none,random_linear,789,98,3,3,True,0.10315693,0.077943675,0.20594943,0.61294997
42,7,none,random_linear,790,98,2,2,True,0.279329,0.028738862,0.66279596,0.029136168
42,7,none,random_linear,791,98,3,2,False,0.14806382,0.06644062,0.4211865,0.36430907
42,7,none,random_linear,792,98,2,2,True,0.013361537,0.054354135,0.931184,0.0011004035
42,7,none,random_linear,793,98,2,0,False,0.4713085,0.08880345,0.3849731,0.05491487
42,7,none,random_linear,794,98,3,3,True,0.06382888,0.055079833,0.09138135,0.78971
42,7,none,random_linear,795,98,2,2,True,0.26604998,0.05233619,0.6444695,0.03714434
42,7,none,random_linear,796,98,3,3,True,0.020719973,0.009851014,0.018096097,0.95133287
42,7,none,random_linear,797,98,3,3,True,0.05334408,0.004342402,0.28308034,0.6592332
42,7,none,random_linear,798,98,2,2,True,0.030169543,0.04887921,0.6003382,0.32061306
42,7,none,random_linear,799,98,2,2,True,0.03632151,0.060090244,0.8917004,0.01188779
42,7,none,random_linear,800,98,3,2,False,0.20039135,0.39258185,0.4015641,0.005462781
42,7,none,random_linear,801,98,2,3,False,0.0712355,0.07136896,0.27253023,0.58486533
42,7,none,random_linear,802,98,3,3,True,0.016821152,0.011580022,0.10744212,0.8641567
42,7,none,random_linear,803,98,3,2,False,0.1288851,0.007824594,0.59657884,0.2667114
42,7,none,random_linear,804,98,0,2,False,0.23547159,0.0402129,0.7093046,0.015010901
42,7,none,random_linear,805,98,1,3,False,0.26398277,0.05269831,0.1314149,0.551904
42,7,none,random_linear,806,98,1,3,False,0.22794896,0.07155573,0.2294236,0.47107172
42,7,none,random_linear,807,98,0,2,False,0.16498202,0.21198604,0.5674183,0.05561366
42,7,none,random_linear,808,98,0,1,False,0.07036414,0.87850124,0.039748896,0.011385744
42,7,none,random_linear,809,98,1,3,False,0.14485735,0.017851595,0.059543505,0.7777476
42,7,none,random_linear,810,98,1,2,False,0.17860107,0.035218745,0.6107703,0.17540996
42,7,none,random_linear,811,98,0,0,True,0.59197605,0.014917952,0.31576028,0.07734579
42,7,none,random_linear,812,98,0,0,True,0.43257684,0.26842344,0.25718415,0.041815553
42,7,none,random_linear,813,98,1,0,False,0.9902114,0.004373159,0.0024563177,0.0029591047
42,7,none,random_linear,814,98,0,2,False,0.066459775,0.22627473,0.537157,0.17010856
42,7,none,random_linear,815,98,1,0,False,0.54717135,0.1473024,0.22962359,0.075902626
42,7,none,random_linear,816,98,1,0,False,0.5826686,0.036389608,0.21966107,0.16128072
42,7,none,random_linear,817,98,0,2,False,0.037207287,0.09470078,0.8191388,0.048953075
42,7,none,random_linear,818,98,1,1,True,0.17332731,0.4086147,0.38352206,0.034535993
42,7,none,random_linear,819,98,2,0,False,0.5965304,0.045588985,0.2800137,0.07786693
42,7,none,random_linear,820,98,3,1,False,0.00153158,0.98807204,0.00879361,0.0016027892
42,7,none,random_linear,821,98,3,1,False,0.0954892,0.40360105,0.3152995,0.18561018
42,7,none,random_linear,822,98,2,0,False,0.61949116,0.0075630895,0.20036668,0.17257902
42,7,none,random_linear,823,98,2,2,True,0.327757,0.013882328,0.45158544,0.20677522
42,7,none,random_linear,824,98,3,2,False,0.009890804,0.12773173,0.792323,0.07005448
42,7,none,random_linear,825,98,3,3,True,0.048119266,0.0075975857,0.40124908,0.543034
42,7,none,random_linear,826,98,2,2,True,0.18373773,0.10591024,0.60276765,0.10758442
42,7,none,random_linear,827,98,3,3,True,0.06847022,0.30552757,0.13507591,0.49092636
42,7,none,random_linear,828,98,2,2,True,0.14376222,0.072746396,0.7738838,0.009607563
42,7,none,random_linear,829,98,3,3,True,0.17947848,0.08540665,0.33277386,0.40234104
42,7,none,random_linear,830,98,2,0,False,0.5241535,0.01890842,0.18173213,0.275206
42,7,none,random_linear,831,98,3,3,True,0.06570867,0.06034604,0.29232195,0.5816233
42,7,none,random_linear,832,98,2,0,False,0.7120397,0.011232723,0.204859,0.07186857
42,7,none,random_linear,833,98,3,1,False,0.19942307,0.7540232,0.022040376,0.024513429
42,7,none,random_linear,834,99,1,1,True,0.023484226,0.7434179,0.04663728,0.18646057
42,7,none,random_linear,835,99,0,2,False,0.075412944,0.010791935,0.89417577,0.01961934
42,7,none,random_linear,836,99,0,0,True,0.493213,0.1338251,0.117206685,0.25575534
42,7,none,random_linear,837,99,1,3,False,0.021281917,0.06247191,0.0015951134,0.9146511
42,7,none,random_linear,838,99,0,1,False,0.044042464,0.60306484,0.060099687,0.29279304
42,7,none,random_linear,839,99,1,3,False,0.1563796,0.0403938,0.010833266,0.79239327
42,7,none,random_linear,840,99,1,3,False,0.09129382,0.1779636,0.18034711,0.5503955
42,7,none,random_linear,841,99,0,3,False,0.0787839,0.19807827,0.13387497,0.58926284
42,7,none,random_linear,842,99,0,3,False,0.13828856,0.069210395,0.030314656,0.76218635
42,7,none,random_linear,843,99,1,3,False,0.018437902,0.004008156,0.20066969,0.77688426
42,7,none,random_linear,844,99,1,1,True,0.0006503575,0.99825436,0.0006721581,0.00042315797
42,7,none,random_linear,845,99,0,3,False,0.031951986,0.20156287,0.3711827,0.39530244
42,7,none,random_linear,846,99,1,1,True,0.079036064,0.5705659,0.09958583,0.25081217
42,7,none,random_linear,847,99,0,3,False,0.39168838,0.0057256813,0.08843301,0.5141529
42,7,none,random_linear,848,99,1,1,True,0.008731995,0.67729384,0.06957203,0.24440214
42,7,none,random_linear,849,99,3,1,False,0.07776712,0.45078307,0.26298454,0.20846528
42,7,none,random_linear,850,99,2,3,False,0.04835906,0.06873459,0.04883149,0.83407485
42,7,none,random_linear,851,99,3,3,True,0.1161909,0.13117528,0.35010046,0.40253338
42,7,none,random_linear,852,99,2,2,True,0.022017954,0.0049229637,0.9681349,0.0049242824
42,7,none,random_linear,853,99,3,2,False,0.16284382,0.07659382,0.51518023,0.24538206
42,7,none,random_linear,854,99,2,2,True,0.15623577,0.014779381,0.8237002,0.005284632
42,7,none,random_linear,855,99,3,1,False,0.027332537,0.544552,0.39912373,0.028991662
42,7,none,random_linear,856,99,2,3,False,0.15069227,0.026031291,0.29206258,0.5312139
42,7,none,random_linear,857,99,2,1,False,0.09104405,0.49725398,0.20775492,0.20394705
42,7,none,random_linear,858,99,3,0,False,0.6002,0.017743677,0.15434621,0.22771011
42,7,none,random_linear,859,99,3,3,True,0.081904046,0.096903406,0.21637376,0.60481876
42,7,none,random_linear,860,99,2,3,False,0.13022624,0.25564453,0.05461301,0.55951625
42,7,none,random_linear,861,99,2,2,True,0.32106405,0.028415792,0.5030502,0.14746997
42,7,none,random_linear,862,99,3,3,True,0.0026420571,0.009873721,0.037444957,0.9500392
42,7,none,random_linear,863,99,3,3,True,0.088096224,0.06982374,0.09936298,0.742717
42,7,none,random_linear,864,99,0,0,True,0.9479196,0.0013500762,0.032825585,0.017904729
42,7,none,random_linear,865,99,1,3,False,0.2739564,0.09912091,0.20159528,0.42532745
42,7,none,random_linear,866,99,0,3,False,0.0636822,0.30059153,0.009113836,0.6266124
42,7,none,random_linear,867,99,1,1,True,0.16442245,0.70645165,0.021318475,0.107807435
42,7,none,random_linear,868,99,1,1,True,0.0005970355,0.9644395,0.0021903291,0.032773174
42,7,none,random_linear,869,99,0,0,True,0.913681,0.0014631578,0.01651387,0.06834203
42,7,none,random_linear,870,99,1,1,True,0.35012108,0.57411903,0.05832033,0.017439539
42,7,none,random_linear,871,99,0,0,True,0.5298263,0.004937624,0.28362417,0.18161193
42,7,none,random_linear,872,99,1,0,False,0.34713882,0.2477063,0.27928606,0.12586886
42,7,none,random_linear,873,99,0,3,False,0.17875414,0.0023409727,0.0067806765,0.8121242
42,7,none,random_linear,874,99,1,3,False,0.24207179,0.011674174,0.0339604,0.7122936
42,7,none,random_linear,875,99,0,2,False,0.21018873,0.0349251,0.5830979,0.17178829
42,7,none,random_linear,876,99,1,2,False,0.4554213,0.034571793,0.46377844,0.04622852
42,7,none,random_linear,877,99,0,3,False,0.2486113,0.11455603,0.057172697,0.57966
42,7,none,random_linear,878,99,0,0,True,0.9843871,0.0007876173,0.0065224017,0.008302887
42,7,none,random_linear,879,99,2,3,False,0.023444047,0.026538428,0.03879773,0.9112198
42,7,none,random_linear,880,99,3,2,False,0.013637895,0.015246531,0.6356076,0.33550802
42,7,none,random_linear,881,99,2,1,False,0.050351065,0.5995815,0.026920304,0.32314718
42,7,none,random_linear,882,99,3,3,True,0.36611286,0.06597884,0.13640843,0.4314998
42,7,none,random_linear,883,99,3,0,False,0.74777585,0.04713858,0.17344274,0.0316429
42,7,none,random_linear,884,99,2,2,True,0.47839355,0.011764697,0.499899,0.00994278
42,7,none,random_linear,885,99,3,3,True,0.2805375,0.04554868,0.30631185,0.367602
42,7,none,random_linear,886,99,2,0,False,0.5925119,0.017298017,0.1983266,0.19186352
42,7,none,random_linear,887,99,2,1,False,0.036335856,0.8377284,0.00080971123,0.125126
42,7,none,random_linear,888,99,3,3,True,0.37703353,0.0059924955,0.007194383,0.6097796
42,7,none,random_linear,889,99,2,3,False,0.18545894,0.007870364,0.01185875,0.7948119
42,7,none,random_linear,890,99,3,3,True,0.024621902,0.023002034,0.14574835,0.8066277
42,7,none,random_linear,891,99,2,3,False,0.024223458,0.016779838,0.23639004,0.72260666
42,7,none,random_linear,892,99,3,3,True,0.022410719,0.010611614,0.10312254,0.8638551
42,7,none,random_linear,893,99,3,2,False,0.023776049,0.09688799,0.45996162,0.41937435
42,7,none,random_linear,894,99,0,2,False,0.17918186,0.01852849,0.7263325,0.07595712
42,7,none,random_linear,895,99,1,0,False,0.6415668,0.007742604,0.032973383,0.3177172
42,7,none,random_linear,896,99,0,2,False,0.077403136,0.26756707,0.39356345,0.26146626
42,7,none,random_linear,897,99,1,1,True,0.06732339,0.7590582,0.14455616,0.029062273
42,7,none,random_linear,898,99,1,1,True,0.014410738,0.9359369,0.019837843,0.029814614
42,7,none,random_linear,899,99,0,3,False,0.20856467,0.008718029,0.24202576,0.54069155
42,7,none,random_linear,900,99,0,2,False,0.03858305,0.022137273,0.8886448,0.050634842
42,7,none,random_linear,901,99,1,1,True,0.0011135159,0.7201807,0.0946061,0.1840997
42,7,none,random_linear,902,99,0,1,False,0.007819345,0.45534566,0.4388215,0.09801349
42,7,none,random_linear,903,99,1,0,False,0.5299127,0.09225064,0.014245904,0.3635908
42,7,none,random_linear,904,99,1,3,False,0.008679032,0.11177152,0.27491996,0.6046295
42,7,none,random_linear,905,99,0,2,False,0.041765425,0.062017664,0.7205209,0.17569605
42,7,none,random_linear,906,99,0,3,False,0.38486248,0.0034753813,0.042118374,0.5695438
42,7,none,random_linear,907,99,1,3,False,0.119643755,0.20897858,0.26669928,0.40467837
42,7,none,random_linear,908,99,1,2,False,0.03960234,0.036442906,0.67200124,0.25195348
42,7,none,random_linear,909,99,2,3,False,0.020670163,0.030095825,0.21263018,0.73660386
42,7,none,random_linear,910,99,3,3,True,0.019571323,0.39404967,0.009989077,0.57638997
42,7,none,random_linear,911,99,2,2,True,0.11179337,0.09264783,0.52254146,0.2730174
42,7,none,random_linear,912,99,3,2,False,0.050889667,0.12817103,0.7076677,0.11327158
42,7,none,random_linear,913,99,3,2,False,0.08443961,0.019157033,0.65711266,0.23929077
42,7,none,random_linear,914,99,2,3,False,0.03832409,0.026133826,0.27786145,0.6576806
42,7,none,random_linear,915,99,2,3,False,0.014731617,0.07834537,0.18598461,0.72093844
42,7,none,random_linear,916,99,3,3,True,0.010739995,0.01163553,0.12864856,0.8489759
42,7,none,random_linear,917,99,3,0,False,0.8066367,0.001129981,0.115099125,0.07713416
42,7,none,random_linear,918,99,2,0,False,0.6489864,0.0033943912,0.2704135,0.077205755
42,7,none,random_linear,919,99,3,1,False,0.10922439,0.560794,0.034540165,0.29544154
42,7,none,random_linear,920,99,2,2,True,0.08133485,0.050299775,0.5717852,0.29658017
42,7,none,random_linear,921,99,3,2,False,0.007770549,0.124976575,0.6344745,0.2327784
42,7,none,random_linear,922,99,2,1,False,0.002221179,0.65581614,0.3196174,0.022345325
42,7,none,random_linear,923,99,3,3,True,0.008777217,0.035895247,0.0509828,0.90434474
42,7,none,random_linear,924,100,0,0,True,0.8678019,0.015051494,0.106478,0.010668589
42,7,none,random_linear,925,100,1,3,False,0.008789326,0.42948684,0.08090812,0.4808157
42,7,none,random_linear,926,100,1,1,True,0.0016144767,0.8719967,0.0054796934,0.12090911
42,7,none,random_linear,927,100,0,1,False,0.01907858,0.59204155,0.059111223,0.32976863
42,7,none,random_linear,928,100,0,0,True,0.9689348,0.0005546402,0.00075114233,0.029759398
42,7,none,random_linear,929,100,1,3,False,0.078633934,0.123027496,0.07199085,0.72634774
42,7,none,random_linear,930,100,0,0,True,0.9989305,2.9894336e-06,0.00023207872,0.0008344478
42,7,none,random_linear,931,100,1,3,False,0.0148499515,0.084828086,0.16855131,0.73177063
42,7,none,random_linear,932,100,1,1,True,5.0851308e-05,0.99929595,0.0005203465,0.00013277437
42,7,none,random_linear,933,100,0,2,False,0.15330596,0.042824667,0.4471398,0.3567296
42,7,none,random_linear,934,100,1,1,True,0.00093848933,0.90037227,0.074772924,0.023916356
42,7,none,random_linear,935,100,0,2,False,0.4453325,0.0024605482,0.5126502,0.039556794
42,7,none,random_linear,936,100,3,3,True,0.043389093,0.00838517,0.0015681277,0.94665766
42,7,none,random_linear,937,100,2,2,True,0.16794355,0.057437904,0.6833708,0.09124768
42,7,none,random_linear,938,100,3,3,True,0.07400432,0.0076212296,0.0047883573,0.91358614
42,7,none,random_linear,939,100,2,1,False,0.045210887,0.43043345,0.23692513,0.28743047
42,7,none,random_linear,940,100,3,3,True,0.35215688,0.0040834593,0.1325236,0.5112361
42,7,none,random_linear,941,100,2,2,True,0.23871064,0.06274891,0.6848436,0.01369687
42,7,none,random_linear,942,100,3,1,False,0.3007143,0.3372152,0.09961507,0.2624554
42,7,none,random_linear,943,100,2,2,True,0.080230065,0.006896567,0.9088232,0.0040502264
42,7,none,random_linear,944,100,3,2,False,0.13861619,0.053571917,0.74748534,0.06032653
42,7,none,random_linear,945,100,2,2,True,0.006882651,0.1766405,0.8123058,0.0041710185
42,7,none,random_linear,946,100,3,1,False,0.00017178777,0.954413,0.01253257,0.032882668
42,7,none,random_linear,947,100,2,2,True,0.31898135,0.077194504,0.39581558,0.20800859
42,7,none,random_linear,948,100,1,1,True,0.00025789865,0.9891977,0.01006416,0.00048030826
42,7,none,random_linear,949,100,0,0,True,0.5324339,0.06138568,0.35259488,0.053585604
42,7,none,random_linear,950,100,0,0,True,0.83962864,0.012113469,0.02042781,0.12783009
42,7,none,random_linear,951,100,1,1,True,0.01312055,0.68374467,0.23351046,0.06962436
42,7,none,random_linear,952,100,1,1,True,0.076202065,0.7105439,0.042870592,0.1703834
42,7,none,random_linear,953,100,0,2,False,0.0550063,0.18505353,0.69417155,0.065768555
42,7,none,random_linear,954,100,0,0,True,0.79694957,0.06489701,0.00818759,0.1299659
42,7,none,random_linear,955,100,1,1,True,0.00016278731,0.9855159,0.0017377588,0.012583465
42,7,none,random_linear,956,100,1,1,True,0.011537248,0.551978,0.002185071,0.4342997
42,7,none,random_linear,957,100,0,1,False,0.0029455847,0.74913967,0.13580805,0.11210664
42,7,none,random_linear,958,100,0,0,True,0.9635823,0.0123513965,0.018304234,0.005762159
42,7,none,random_linear,959,100,1,1,True,0.000120743556,0.9982729,0.0011222529,0.0004841412
42,7,none,random_linear,960,100,3,3,True,0.014232258,0.00519928,0.014027973,0.9665405
42,7,none,random_linear,961,100,2,2,True,0.008784159,0.00545417,0.8612941,0.12446757
42,7,none,random_linear,962,100,2,2,True,0.10198159,0.018136699,0.79181516,0.088066496
42,7,none,random_linear,963,100,3,3,True,0.042418875,0.16122031,0.006338633,0.7900222
42,7,none,random_linear,964,100,2,1,False,0.39264077,0.48037028,0.11073634,0.016252661
42,7,none,random_linear,965,100,3,0,False,0.6810861,0.0007208825,0.0051967306,0.31299618
42,7,none,random_linear,966,100,2,1,False,0.012076687,0.47296962,0.2941771,0.2207766
42,7,none,random_linear,967,100,3,0,False,0.73001814,0.046970807,0.10234359,0.120667405
42,7,none,random_linear,968,100,2,1,False,0.30441147,0.45780718,0.23130827,0.0064729745
42,7,none,random_linear,969,100,3,1,False,0.016618643,0.740756,0.101774156,0.1408512
42,7,none,random_linear,970,100,2,3,False,0.25516337,0.15303369,0.10356364,0.4882393
42,7,none,random_linear,971,100,3,3,True,0.119873255,0.20047472,0.082545474,0.5971066
42,7,none,random_linear,972,100,1,1,True,0.0005186293,0.9642118,0.0012704366,0.033999078
42,7,none,random_linear,973,100,0,0,True,0.8986394,0.027813658,0.022152828,0.051394124
42,7,none,random_linear,974,100,0,2,False,0.0015119476,0.01664015,0.4910861,0.49076176
42,7,none,random_linear,975,100,1,2,False,0.15867276,0.012161099,0.7923642,0.03680195
42,7,none,random_linear,976,100,1,1,True,0.00015039928,0.9950546,0.004534689,0.00026029674
42,7,none,random_linear,977,100,0,0,True,0.9995189,2.0173731e-05,0.00036874536,9.220854e-05
42,7,none,random_linear,978,100,0,0,True,0.8514274,0.0066475905,0.09482928,0.04709572
42,7,none,random_linear,979,100,1,1,True,0.041664477,0.8503129,0.0026485801,0.1053741
42,7,none,random_linear,980,100,1,1,True,0.0023049738,0.60770154,0.2837672,0.10622634
42,7,none,random_linear,981,100,0,0,True,0.8920132,0.0040065437,0.100343496,0.003636757
42,7,none,random_linear,982,100,0,0,True,0.58690614,0.10765432,0.10548925,0.19995032
42,7,none,random_linear,983,100,1,1,True,0.011852964,0.8340203,0.10754135,0.04658534
42,7,none,random_linear,984,100,2,2,True,0.092422195,0.15754046,0.62762624,0.12241112
42,7,none,random_linear,985,100,3,3,True,0.0044762297,0.026415369,0.20303959,0.7660688
42,7,none,random_linear,986,100,2,3,False,0.09787882,0.21729115,0.060067926,0.62476206
42,7,none,random_linear,987,100,3,3,True,0.0010291085,0.14068514,0.025504332,0.83278143
42,7,none,random_linear,988,100,3,1,False,0.017867412,0.7731486,0.011674162,0.1973099
42,7,none,random_linear,989,100,2,0,False,0.61745834,0.17482232,0.20493121,0.0027881276
42,7,none,random_linear,990,100,2,2,True,0.048413046,0.3652966,0.47906333,0.10722703
42,7,none,random_linear,991,100,3,2,False,0.02477222,0.16059144,0.49378505,0.32085127
42,7,none,random_linear,992,100,3,3,True,0.00088445336,0.1754961,0.013702275,0.8099171
42,7,none,random_linear,993,100,2,3,False,0.17169645,0.22171265,0.22686826,0.3797226
42,7,none,random_linear,994,100,2,2,True,0.038460396,0.03152067,0.49141613,0.4386028
42,7,none,random_linear,995,100,3,3,True,0.00018922146,0.0034428178,0.00967735,0.98669064
42,7,none,random_linear,996,101,0,0,True,0.8592121,0.042143393,0.06561979,0.033024743
42,7,none,random_linear,997,101,1,1,True,0.00015927295,0.99703383,0.0007219747,0.0020849197
42,7,none,random_linear,998,101,1,1,True,0.17867185,0.77956605,0.005530735,0.03623136
42,7,none,random_linear,999,101,0,0,True,0.99985147,8.936603e-05,2.1727558e-06,5.7009052e-05
42,7,none,random_linear,1000,101,1,1,True,0.00033546193,0.99913186,6.547868e-05,0.00046707512
42,7,none,random_linear,1001,101,0,0,True,0.99998915,9.027907e-06,9.602273e-07,8.346739e-07
42,7,none,random_linear,1002,101,1,1,True,0.00013607627,0.99947673,1.3854077e-06,0.00038577433
42,7,none,random_linear,1003,101,0,0,True,0.99998736,7.761242e-06,2.1600051e-06,2.7921876e-06
42,7,none,random_linear,1004,101,1,1,True,0.00034601078,0.99932396,4.9317327e-06,0.00032510396
42,7,none,random_linear,1005,101,0,0,True,0.999688,0.00029946727,8.1557255e-06,4.447065e-06
42,7,none,random_linear,1006,101,0,0,True,0.9999676,1.3672791e-05,1.558105e-05,3.0559079e-06
42,7,none,random_linear,1007,101,1,1,True,0.00022870283,0.9985487,0.00013353814,0.0010890629
42,7,none,random_linear,1008,101,1,1,True,0.00010319831,0.9991761,0.00023943077,0.0004813861
42,7,none,random_linear,1009,101,0,0,True,0.99970764,4.0282184e-06,5.1631607e-05,0.0002366575
42,7,none,random_linear,1010,101,0,0,True,0.9997135,9.3335526e-05,2.6765674e-05,0.0001664265
42,7,none,random_linear,1011,101,2,1,False,0.16276039,0.80274475,0.033395134,0.0010997126
42,7,none,random_linear,1012,101,3,1,False,0.17768067,0.7994064,0.0073010568,0.015611895
42,7,none,random_linear,1013,101,2,0,False,0.9218528,0.009834803,0.035668936,0.032643344
42,7,none,random_linear,1014,101,3,3,True,0.42539784,0.1306613,0.003241761,0.44069916
42,7,none,random_linear,1015,101,3,3,True,0.25390533,0.09583717,0.20449851,0.44575897
42,7,none,random_linear,1016,101,2,0,False,0.6640201,0.15914916,0.15791205,0.01891867
42,7,none,random_linear,1017,101,2,1,False,0.07489558,0.78898525,0.1288855,0.007233585
42,7,none,random_linear,1018,101,3,3,True,0.09731348,0.26699653,0.0037564242,0.6319335
42,7,none,random_linear,1019,101,2,1,False,0.19189264,0.7605957,0.04402357,0.00348808
42,7,none,random_linear,1020,101,3,3,True,0.35114726,0.061411396,0.0030113966,0.5844299
42,7,none,random_linear,1021,101,3,3,True,0.049831506,0.0647459,0.01022805,0.8751945
42,7,none,random_linear,1022,101,2,1,False,0.12662844,0.87104225,0.0009438581,0.001385483
42,7,none,random_linear,1023,101,2,0,False,0.98378986,0.010279128,0.005797265,0.00013381876
42,7,none,random_linear,1024,101,3,3,True,0.018958148,0.016882258,0.00043306377,0.9637265
42,7,none,random_linear,1025,101,2,0,False,0.9350771,0.056538995,0.0065623447,0.0018216161
42,7,none,random_linear,1026,101,1,1,True,0.007079199,0.986091,0.0047714533,0.0020584764
42,7,none,random_linear,1027,101,0,0,True,0.9999559,2.4050147e-05,1.3375726e-05,6.6799935e-06
42,7,none,random_linear,1028,101,0,0,True,0.9996847,0.00023551958,4.8157803e-05,3.1735675e-05
42,7,none,random_linear,1029,101,1,1,True,0.13352154,0.85083044,0.0021243403,0.0135236075
42,7,none,random_linear,1030,101,1,1,True,2.5377316e-05,0.99988425,4.1083636e-05,4.918339e-05
42,7,none,random_linear,1031,101,0,0,True,0.9998754,2.6873347e-05,9.599507e-05,1.7799038e-06
42,7,none,random_linear,1032,101,0,0,True,0.999941,3.5682016e-05,6.50333e-06,1.6834654e-05
42,7,none,random_linear,1033,101,1,1,True,0.00039142245,0.99939084,0.00016071822,5.703607e-05
42,7,none,random_linear,1034,101,1,1,True,0.0050607226,0.9948167,4.2586813e-05,7.9932404e-05
42,7,none,random_linear,1035,101,0,0,True,0.9999721,2.306911e-06,3.9373604e-06,2.1665688e-05
42,7,none,random_linear,1036,101,1,1,True,0.012572435,0.9861924,0.00024699536,0.0009881213
42,7,none,random_linear,1037,101,0,0,True,0.9999671,3.0335697e-05,1.9074087e-06,6.714222e-07
42,7,none,random_linear,1038,101,1,1,True,0.005728745,0.9941941,2.165533e-05,5.551129e-05
42,7,none,random_linear,1039,101,0,0,True,0.98603547,0.0014432641,0.0006535548,0.011867713
42,7,none,random_linear,1040,101,1,1,True,0.46077424,0.4713867,0.02238074,0.045458302
42,7,none,random_linear,1041,101,2,0,False,0.808004,0.11891411,0.07128557,0.00179627
42,7,none,random_linear,1042,101,3,0,False,0.7747859,0.069592744,0.03279677,0.12282461
42,7,none,random_linear,1043,101,2,1,False,0.04924496,0.93754846,0.010890007,0.0023165774
42,7,none,random_linear,1044,101,3,3,True,0.18052077,0.08513037,0.0004094374,0.73393947
42,7,none,random_linear,1045,101,3,0,False,0.56140876,0.012047029,0.0073007923,0.4192434
42,7,none,random_linear,1046,101,2,1,False,0.14616247,0.79224676,0.033016372,0.028574381
42,7,none,random_linear,1047,101,2,0,False,0.8805017,0.06004351,0.055393178,0.0040616603
42,7,none,random_linear,1048,101,3,0,False,0.54742396,0.32207263,0.0003461436,0.13015729
42,7,none,random_linear,1049,101,3,3,True,0.2764641,0.004881782,0.0021491416,0.716505
42,7,none,random_linear,1050,101,2,0,False,0.51209587,0.4352508,0.011256524,0.0413968
42,7,none,random_linear,1051,101,2,2,True,0.22145003,0.15154727,0.6227144,0.004288304
42,7,none,random_linear,1052,101,3,0,False,0.7188949,0.11628449,0.0011803926,0.16364019
42,7,none,random_linear,1053,101,2,0,False,0.9889625,0.005602976,0.0026574088,0.0027771415
42,7,none,random_linear,1054,101,3,0,False,0.8259284,0.0033375742,0.0021744724,0.16855963
42,7,none,random_linear,1055,101,2,1,False,0.19168617,0.76278156,0.0077094166,0.03782283
42,7,none,random_linear,1056,101,0,0,True,0.9999263,1.9850899e-05,4.5818175e-05,8.00558e-06
42,7,none,random_linear,1057,101,1,1,True,0.017614074,0.9761202,0.005062048,0.001203788
42,7,none,random_linear,1058,101,0,0,True,0.9998437,0.00011948259,2.613295e-05,1.0687835e-05
42,7,none,random_linear,1059,101,1,1,True,0.036074758,0.87468857,0.0011330645,0.088103585
42,7,none,random_linear,1060,101,1,1,True,0.010451039,0.9517059,0.0004710677,0.037372086
42,7,none,random_linear,1061,101,0,0,True,0.9991598,0.00014290234,0.00011132981,0.00058595545
42,7,none,random_linear,1062,101,1,1,True,0.000102920145,0.99987185,1.4140055e-06,2.38087e-05
42,7,none,random_linear,1063,101,0,0,True,0.99997795,2.002639e-05,1.1921906e-06,7.964394e-07
42,7,none,random_linear,1064,101,1,1,True,0.0003162124,0.9980268,0.00038106937,0.0012759339
42,7,none,random_linear,1065,101,0,0,True,0.99985135,3.286796e-05,1.322503e-05,0.00010247086
42,7,none,random_linear,1066,101,1,1,True,0.0043006083,0.98337513,0.0003968845,0.011927276
42,7,none,random_linear,1067,101,0,0,True,0.99998033,3.3207848e-06,3.304219e-06,1.3049833e-05
42,7,none,random_linear,1068,101,0,0,True,0.9898113,0.007858141,0.002126274,0.00020436323
42,7,none,random_linear,1069,101,1,1,True,0.0009601816,0.99796593,1.2195208e-05,0.0010616931
42,7,none,random_linear,1070,101,1,1,True,0.0012410171,0.99632084,0.0017301657,0.0007080198
42,7,none,random_linear,1071,101,3,3,True,0.005782459,0.013891149,0.000749458,0.97957695
42,7,none,random_linear,1072,101,2,2,True,0.120910645,0.11328989,0.7470693,0.018730162
42,7,none,random_linear,1073,101,3,0,False,0.81848615,0.06259611,0.008139151,0.1107786
42,7,none,random_linear,1074,101,2,0,False,0.5665695,0.067162536,0.24278508,0.12348288
42,7,none,random_linear,1075,101,2,1,False,0.45637423,0.45649004,0.0771207,0.010015106
42,7,none,random_linear,1076,101,3,0,False,0.6225348,0.16185834,0.0053357463,0.21027115
42,7,none,random_linear,1077,101,3,0,False,0.7081024,0.009946376,0.00052452175,0.28142667
42,7,none,random_linear,1078,101,2,3,False,0.18969058,0.044106327,0.0036172678,0.7625858
42,7,none,random_linear,1079,101,2,2,True,0.12171832,0.020745488,0.84977335,0.0077628545
42,7,none,random_linear,1080,101,3,3,True,0.28001863,0.024102774,0.0016074294,0.69427115
42,7,none,random_linear,1081,101,3,3,True,0.09848824,0.058243938,0.006532814,0.836735
42,7,none,random_linear,1082,101,2,3,False,0.22688726,0.34740093,0.029401874,0.3963099
42,7,none,random_linear,1083,101,3,3,True,0.25149018,0.1649226,0.0053348076,0.5782524
42,7,none,random_linear,1084,101,2,1,False,0.09320179,0.7382592,0.07137902,0.09716006
42,7,none,random_linear,1085,101,2,1,False,0.050998542,0.8477671,0.08002402,0.02121034
42,7,none,random_linear,1086,102,1,1,True,0.00016731395,0.9959637,0.0019911507,0.001877797
42,7,none,random_linear,1087,102,0,0,True,0.8720117,0.031696975,0.058407318,0.03788397
42,7,none,random_linear,1088,102,1,1,True,0.0019666357,0.7559447,0.22397947,0.018109245
42,7,none,random_linear,1089,102,0,0,True,0.9888571,0.002541286,0.0028474976,0.005754164
42,7,none,random_linear,1090,102,1,1,True,0.021691976,0.63232565,0.3391688,0.006813501
42,7,none,random_linear,1091,102,0,0,True,0.64844793,0.030086,0.22913562,0.092330426
42,7,none,random_linear,1092,102,0,0,True,0.99410784,0.0005887687,0.004508775,0.00079463265
42,7,none,random_linear,1093,102,1,0,False,0.33152634,0.17990388,0.24395882,0.24461092
42,7,none,random_linear,1094,102,0,0,True,0.7005422,0.05533191,0.12320083,0.12092509
42,7,none,random_linear,1095,102,1,2,False,0.026474182,0.16035071,0.8063095,0.006865677
42,7,none,random_linear,1096,102,0,0,True,0.73285294,0.012071109,0.1726195,0.082456395
42,7,none,random_linear,1097,102,1,2,False,0.00701683,0.25951853,0.72244155,0.011023032
42,7,none,random_linear,1098,102,0,0,True,0.4353492,0.12663613,0.15661214,0.2814026
42,7,none,random_linear,1099,102,1,2,False,0.09905839,0.12473616,0.747979,0.028226525
42,7,none,random_linear,1100,102,1,1,True,0.00059360213,0.99798405,0.0012811881,0.00014108542
42,7,none,random_linear,1101,102,2,2,True,0.081753895,0.34979233,0.45215017,0.1163037
42,7,none,random_linear,1102,102,3,3,True,0.07952555,0.07041465,0.114951424,0.7351083
42,7,none,random_linear,1103,102,2,2,True,0.11158795,0.402933,0.4068533,0.078625716
42,7,none,random_linear,1104,102,3,3,True,0.23116237,0.21856624,0.24538974,0.30488166
42,7,none,random_linear,1105,102,2,0,False,0.5025557,0.026639823,0.4516327,0.019171754
42,7,none,random_linear,1106,102,3,3,True,0.068033785,0.1494102,0.20582362,0.5767324
42,7,none,random_linear,1107,102,2,2,True,0.16135447,0.020952668,0.746139,0.07155389
42,7,none,random_linear,1108,102,3,3,True,0.10338247,0.055567317,0.12247202,0.71857816
42,7,none,random_linear,1109,102,3,3,True,0.09805725,0.016220005,0.077654935,0.80806774
42,7,none,random_linear,1110,102,2,2,True,0.021628786,0.028850012,0.94726294,0.002258391
42,7,none,random_linear,1111,102,3,2,False,0.010743893,0.14079408,0.6869471,0.16151488
42,7,none,random_linear,1112,102,2,2,True,0.2180451,0.012262679,0.5267042,0.24298804
42,7,none,random_linear,1113,102,2,2,True,0.061735313,0.09253124,0.7996348,0.04609862
42,7,none,random_linear,1114,102,3,0,False,0.6274471,0.056505036,0.18573414,0.1303137
42,7,none,random_linear,1115,102,2,2,True,0.040989477,0.1615131,0.6511457,0.14635172
42,7,none,random_linear,1116,102,1,1,True,0.00022260039,0.99382126,0.0057380744,0.00021800303
42,7,none,random_linear,1117,102,0,3,False,0.226052,0.26492542,0.15616605,0.3528566
42,7,none,random_linear,1118,102,1,1,True,0.0064576124,0.704702,0.12910935,0.15973096
42,7,none,random_linear,1119,102,0,0,True,0.62733126,0.0283064,0.2077592,0.13660324
42,7,none,random_linear,1120,102,0,0,True,0.93771654,0.026291594,0.028342683,0.007649209
42,7,none,random_linear,1121,102,1,2,False,0.015243315,0.26667112,0.7005109,0.017574646
42,7,none,random_linear,1122,102,0,1,False,0.14409259,0.38308752,0.26447603,0.20834394
42,7,none,random_linear,1123,102,1,2,False,0.053392306,0.3462731,0.5579383,0.042396218
42,7,none,random_linear,1124,102,0,2,False,0.45881876,0.019129336,0.4785715,0.043480415
42,7,none,random_linear,1125,102,1,2,False,0.23904619,0.1602689,0.4431183,0.15756659
42,7,none,random_linear,1126,102,1,1,True,0.0002362045,0.9956989,0.0018417788,0.0022230989
42,7,none,random_linear,1127,102,0,3,False,0.15091796,0.09731263,0.3528017,0.3989677
42,7,none,random_linear,1128,102,1,1,True,0.00020621522,0.9981489,0.0012965137,0.0003484343
42,7,none,random_linear,1129,102,0,3,False,0.16286635,0.120856635,0.2566799,0.45959717
42,7,none,random_linear,1130,102,1,1,True,0.08762761,0.39505985,0.29711816,0.22019431
42,7,none,random_linear,1131,102,2,2,True,0.013858092,0.052580226,0.9282086,0.005353047
42,7,none,random_linear,1132,102,3,2,False,0.020269929,0.29179266,0.3836312,0.3043062
42,7,none,random_linear,1133,102,3,3,True,0.036815856,0.049979888,0.34173676,0.5714675
42,7,none,random_linear,1134,102,2,2,True,0.041323822,0.049810443,0.89387304,0.014992693
42,7,none,random_linear,1135,102,2,1,False,0.043840103,0.555793,0.24450225,0.15586463
42,7,none,random_linear,1136,102,3,2,False,0.041407406,0.026888765,0.80510634,0.12659751
42,7,none,random_linear,1137,102,3,2,False,0.08091834,0.07438307,0.5694591,0.27523947
42,7,none,random_linear,1138,102,2,2,True,0.005341894,0.14442268,0.84279215,0.007443177
42,7,none,random_linear,1139,102,2,2,True,0.022450786,0.041568406,0.8558978,0.08008296
42,7,none,random_linear,1140,102,3,3,True,0.20414418,0.10217829,0.2747041,0.4189734
42,7,none,random_linear,1141,102,2,2,True,0.011469161,0.08037293,0.5064366,0.4017213
42,7,none,random_linear,1142,102,3,3,True,0.016933303,0.17595781,0.1549055,0.6522034
42,7,none,random_linear,1143,102,3,2,False,0.04646361,0.0052017677,0.6870582,0.26127642
42,7,none,random_linear,1144,102,2,2,True,0.20077881,0.11441481,0.45720315,0.22760323
42,7,none,random_linear,1145,102,2,2,True,0.005736196,0.16580856,0.8038984,0.024556909
42,7,none,random_linear,1146,102,0,2,False,0.16262546,0.032300543,0.72969747,0.07537652
42,7,none,random_linear,1147,102,1,1,True,0.00042954175,0.994058,0.0043646465,0.001147754
42,7,none,random_linear,1148,102,0,2,False,0.024978802,0.013690731,0.92312765,0.038202852
42,7,none,random_linear,1149,102,1,1,True,0.0019619626,0.9787162,0.012157266,0.0071646543
42,7,none,random_linear,1150,102,1,2,False,0.016144844,0.19938049,0.772625,0.01184952
42,7,none,random_linear,1151,102,0,2,False,0.23811698,0.1610748,0.5572453,0.04356296
42,7,none,random_linear,1152,102,0,2,False,0.068936676,0.04679364,0.8759405,0.008329222
42,7,none,random_linear,1153,102,1,1,True,0.018865356,0.82531995,0.091999486,0.063815214
42,7,none,random_linear,1154,102,0,2,False,0.1760848,0.20601879,0.58259594,0.035300452
42,7,none,random_linear,1155,102,1,2,False,0.123706765,0.094572455,0.5614415,0.22027926
42,7,none,random_linear,1156,102,1,1,True,0.0014954691,0.82653487,0.075296536,0.09667314
42,7,none,random_linear,1157,102,0,3,False,0.09879868,0.25345752,0.211813,0.43593082
42,7,none,random_linear,1158,102,1,1,True,0.21639344,0.38030255,0.23422888,0.16907515
42,7,none,random_linear,1159,102,0,0,True,0.5015698,0.04508168,0.3611572,0.09219126
42,7,none,random_linear,1160,102,0,0,True,0.8749841,0.009252983,0.020273954,0.095488906
42,7,none,random_linear,1161,102,2,2,True,0.0065042274,0.035804886,0.9527924,0.004898571
42,7,none,random_linear,1162,102,3,3,True,0.03600663,0.049917147,0.12959588,0.78448033
42,7,none,random_linear,1163,102,3,3,True,0.009073825,0.041667093,0.032643367,0.9166158
42,7,none,random_linear,1164,102,2,2,True,0.087977104,0.26435676,0.51658,0.13108614
42,7,none,random_linear,1165,102,2,2,True,0.00457523,0.02057285,0.69894165,0.27591032
42,7,none,random_linear,1166,102,3,0,False,0.5460005,0.0029266938,0.050216503,0.40085635
42,7,none,random_linear,1167,102,2,2,True,0.113379814,0.019507114,0.83007413,0.037038963
42,7,none,random_linear,1168,102,3,3,True,0.17834304,0.050650783,0.23362753,0.53737867
42,7,none,random_linear,1169,102,2,2,True,0.035749663,0.10975836,0.4459843,0.40850762
42,7,none,random_linear,1170,102,3,2,False,0.056140937,0.07295529,0.65040183,0.22050196
42,7,none,random_linear,1171,102,2,1,False,0.01063748,0.655797,0.16285169,0.17071384
42,7,none,random_linear,1172,102,3,3,True,0.011336101,0.0035896641,0.13585883,0.8492154
42,7,none,random_linear,1173,102,2,2,True,0.07288583,0.30322316,0.56446666,0.05942429
42,7,none,random_linear,1174,102,3,2,False,0.059977993,0.031037368,0.6154308,0.2935538
42,7,none,random_linear,1175,102,3,3,True,0.032123063,0.086581364,0.02877948,0.85251606
42,7,none,random_linear,1176,103,0,0,True,0.7275769,0.009345889,0.015297249,0.24777988
42,7,none,random_linear,1177,103,1,1,True,0.004283271,0.8715407,0.10873241,0.0154436175
42,7,none,random_linear,1178,103,1,1,True,0.026754703,0.84385985,0.09865305,0.030732494
42,7,none,random_linear,1179,103,0,1,False,0.018171998,0.8769988,0.009714381,0.095114864
42,7,none,random_linear,1180,103,1,1,True,0.055072974,0.8970241,0.010686181,0.03721673
42,7,none,random_linear,1181,103,0,3,False,0.3547993,0.092218466,0.0031092074,0.54987305
42,7,none,random_linear,1182,103,0,0,True,0.9995647,2.4216975e-05,0.00017046208,0.00024059718
42,7,none,random_linear,1183,103,1,1,True,0.00555131,0.98194915,0.0096913325,0.0028081872
42,7,none,random_linear,1184,103,0,0,True,0.941462,0.031377167,0.021846954,0.005313779
42,7,none,random_linear,1185,103,1,1,True,0.12263468,0.77137065,0.094644375,0.011350357
42,7,none,random_linear,1186,103,0,0,True,0.85657877,0.035933208,0.101595454,0.0058926167
42,7,none,random_linear,1187,103,1,0,False,0.8435897,0.079074375,0.04934705,0.027988931
42,7,none,random_linear,1188,103,1,1,True,0.004464698,0.91869503,0.06207336,0.014766912
42,7,none,random_linear,1189,103,0,2,False,0.3835565,0.047881573,0.56452924,0.0040327255
42,7,none,random_linear,1190,103,1,1,True,0.037238665,0.57489616,0.05088342,0.33698174
42,7,none,random_linear,1191,103,3,2,False,0.016448779,0.09837453,0.60035735,0.28481933
42,7,none,random_linear,1192,103,2,2,True,0.12495691,0.0050476226,0.8588253,0.011170204
42,7,none,random_linear,1193,103,2,2,True,0.12023942,0.045671113,0.7855168,0.048572652
42,7,none,random_linear,1194,103,3,0,False,0.77454334,0.02893936,0.01070232,0.18581499
42,7,none,random_linear,1195,103,2,3,False,0.20162007,0.37709492,0.019529289,0.4017558
42,7,none,random_linear,1196,103,3,0,False,0.57965493,0.07370833,0.102394834,0.2442419
42,7,none,random_linear,1197,103,3,0,False,0.39352843,0.016006531,0.19872567,0.39173934
42,7,none,random_linear,1198,103,2,2,True,0.09635299,0.009397762,0.8876066,0.0066426317
42,7,none,random_linear,1199,103,2,0,False,0.4102207,0.39189965,0.19697538,0.0009043102
42,7,none,random_linear,1200,103,3,1,False,0.17453071,0.46834752,0.00445668,0.352665
42,7,none,random_linear,1201,103,3,1,False,0.092850424,0.41540775,0.2652827,0.22645913
42,7,none,random_linear,1202,103,2,2,True,0.026866887,0.011457826,0.9607534,0.0009218417
42,7,none,random_linear,1203,103,3,3,True,0.10232161,0.042429812,0.022544095,0.8327044
42,7,none,random_linear,1204,103,2,1,False,0.14290933,0.7995952,0.036136925,0.021358518
42,7,none,random_linear,1205,103,2,1,False,0.02617372,0.7910814,0.036421936,0.14632297
42,7,none,random_linear,1206,103,1,2,False,0.251024,0.14786136,0.5979686,0.0031460254
42,7,none,random_linear,1207,103,0,3,False,0.20181008,0.030926809,0.07698671,0.69027644
42,7,none,random_linear,1208,103,1,1,True,0.0051833475,0.8945888,0.097151354,0.003076478
42,7,none,random_linear,1209,103,0,0,True,0.9423382,0.023334913,0.011751149,0.022575717
42,7,none,random_linear,1210,103,0,0,True,0.99259394,0.00063171407,0.0010586451,0.0057156584
42,7,none,random_linear,1211,103,1,1,True,0.001645228,0.77725565,0.024323342,0.19677581
42,7,none,random_linear,1212,103,1,3,False,0.014656575,0.07422427,0.0076945866,0.90342456
42,7,none,random_linear,1213,103,0,0,True,0.9494296,0.03519264,0.0073184776,0.008059244
42,7,none,random_linear,1214,103,0,0,True,0.6299232,0.28083462,0.08702125,0.002220941
42,7,none,random_linear,1215,103,1,0,False,0.7331114,0.016611872,0.12573485,0.12454187
42,7,none,random_linear,1216,103,1,1,True,0.001277577,0.9960885,0.0010732757,0.0015606176
42,7,none,random_linear,1217,103,0,0,True,0.99038285,0.0013788228,0.0048592137,0.003379043
42,7,none,random_linear,1218,103,0,0,True,0.9011532,0.0034264722,0.095002726,0.00041767568
42,7,none,random_linear,1219,103,1,1,True,0.048035275,0.6287803,0.32037276,0.0028117495
42,7,none,random_linear,1220,103,0,0,True,0.9581748,0.0024132463,0.036280923,0.0031310467
42,7,none,random_linear,1221,103,2,2,True,0.10187134,0.05734772,0.8109268,0.0298541
42,7,none,random_linear,1222,103,3,2,False,0.0022857406,0.0026455373,0.79472655,0.2003422
42,7,none,random_linear,1223,103,2,1,False,0.014048067,0.6232651,0.3608903,0.0017964622
42,7,none,random_linear,1224,103,3,2,False,0.17466179,0.01795401,0.56434226,0.24304192
42,7,none,random_linear,1225,103,3,3,True,0.16208732,0.018782813,0.0094229905,0.8097069
42,7,none,random_linear,1226,103,2,0,False,0.4755875,0.054934524,0.31175965,0.1577183
42,7,none,random_linear,1227,103,3,3,True,0.35665336,0.14578204,0.13133247,0.3662321
42,7,none,random_linear,1228,103,2,0,False,0.33747804,0.25053978,0.19860898,0.21337321
42,7,none,random_linear,1229,103,3,3,True,0.0808461,0.016790578,0.0028648209,0.8994985
42,7,none,random_linear,1230,103,2,2,True,0.22858115,0.05446512,0.6333354,0.083618306
42,7,none,random_linear,1231,103,2,2,True,0.16633599,0.15571555,0.66677123,0.011177221
42,7,none,random_linear,1232,103,3,1,False,0.23418562,0.47605744,0.16288528,0.12687168
42,7,none,random_linear,1233,103,3,3,True,0.20601867,0.25449675,0.10804734,0.43143725
42,7,none,random_linear,1234,103,2,0,False,0.5221668,0.1016875,0.35284075,0.023304963
42,7,none,random_linear,1235,103,3,3,True,0.024709107,0.093024224,0.27668762,0.605579
42,7,none,random_linear,1236,103,1,1,True,0.0075532785,0.9744169,0.0085616065,0.009468167
42,7,none,random_linear,1237,103,0,0,True,0.83081263,0.0039220713,0.087565005,0.07770018
42,7,none,random_linear,1238,103,0,0,True,0.9641635,0.006829494,0.0037891944,0.025217833
42,7,none,random_linear,1239,103,1,2,False,0.04544101,0.42419082,0.45804486,0.072323285
42,7,none,random_linear,1240,103,1,1,True,0.0051994664,0.8266219,0.0060690893,0.16210964
42,7,none,random_linear,1241,103,0,2,False,0.34595904,0.0117005985,0.5375135,0.10482681
42,7,none,random_linear,1242,103,1,1,True,0.00017227826,0.9744776,0.00063854095,0.024711577
42,7,none,random_linear,1243,103,0,0,True,0.8608826,0.0016484458,0.13578229,0.0016866549
42,7,none,random_linear,1244,103,0,0,True,0.89671487,0.00849583,0.036658127,0.05813115
42,7,none,random_linear,1245,103,1,1,True,0.030269457,0.6049555,0.042904396,0.32187068
42,7,none,random_linear,1246,103,0,0,True,0.969132,0.0021096556,0.024430366,0.0043279333
42,7,none,random_linear,1247,103,1,0,False,0.55069935,0.19185895,0.04190814,0.2155335
42,7,none,random_linear,1248,103,1,1,True,0.05767714,0.818346,0.11132601,0.012650855
42,7,none,random_linear,1249,103,0,0,True,0.99842405,0.00036056677,0.00088340504,0.00033211647
42,7,none,random_linear,1250,103,1,1,True,0.26535484,0.53518933,0.005608003,0.19384785
42,7,none,random_linear,1251,103,3,3,True,0.003273417,0.0025325601,0.0025870965,0.99160695
42,7,none,random_linear,1252,103,2,1,False,0.0073512113,0.8246616,0.093006656,0.07498045
42,7,none,random_linear,1253,103,3,3,True,0.100997284,0.27202228,0.027206702,0.5997737
42,7,none,random_linear,1254,103,2,0,False,0.45994407,0.14409637,0.04739451,0.34856504
42,7,none,random_linear,1255,103,2,1,False,0.13568744,0.43559834,0.36744604,0.06126814
42,7,none,random_linear,1256,103,3,0,False,0.43834457,0.122189246,0.075604364,0.36386177
42,7,none,random_linear,1257,103,2,1,False,0.14830749,0.6812727,0.003809331,0.16661052
42,7,none,random_linear,1258,103,3,1,False,0.34749207,0.43949106,0.012191045,0.20082584
42,7,none,random_linear,1259,103,2,2,True,0.13460542,0.027150244,0.82803905,0.0102052335
42,7,none,random_linear,1260,103,3,3,True,0.10894976,0.24818428,0.20462719,0.43823877
42,7,none,random_linear,1261,103,3,3,True,0.012814557,0.14822297,0.017591752,0.8213707
42,7,none,random_linear,1262,103,2,2,True,0.005819268,0.19287756,0.79539657,0.0059065493
42,7,none,random_linear,1263,103,2,2,True,0.20015654,0.05016334,0.74283123,0.0068488833
42,7,none,random_linear,1264,103,3,3,True,0.14055024,0.036307923,0.0014588365,0.82168305
42,7,none,random_linear,1265,103,3,3,True,0.0004888402,0.0763716,0.007844556,0.915295
42,7,none,random_linear,1266,104,0,0,True,0.62817264,0.28848073,0.029404677,0.053941905
42,7,none,random_linear,1267,104,1,1,True,0.11357546,0.8781308,0.005300351,0.0029933904
42,7,none,random_linear,1268,104,1,1,True,0.24219903,0.5082538,0.1985703,0.050976846
42,7,none,random_linear,1269,104,0,1,False,0.15691698,0.6303119,0.0191901,0.19358101
42,7,none,random_linear,1270,104,1,1,True,0.039364196,0.83528584,0.048543777,0.07680618
42,7,none,random_linear,1271,104,0,1,False,0.14566405,0.49102402,0.3143563,0.048955675
42,7,none,random_linear,1272,104,1,1,True,0.2756214,0.67551905,0.010920582,0.037938938
42,7,none,random_linear,1273,104,0,0,True,0.583971,0.1526425,0.11197863,0.15140785
42,7,none,random_linear,1274,104,0,1,False,0.0632646,0.909901,0.025019422,0.0018150287
42,7,none,random_linear,1275,104,1,1,True,0.04690446,0.8714984,0.07544394,0.006153097
42,7,none,random_linear,1276,104,0,1,False,0.29742822,0.6018059,0.06349626,0.03726956
42,7,none,random_linear,1277,104,1,1,True,0.020713557,0.4964101,0.12627825,0.3565981
42,7,none,random_linear,1278,104,1,0,False,0.47610137,0.20398809,0.26792777,0.051982824
42,7,none,random_linear,1279,104,0,0,True,0.7608389,0.086017825,0.0849239,0.068219416
42,7,none,random_linear,1280,104,1,1,True,9.330258e-05,0.99328244,0.00010217414,0.0065220734
42,7,none,random_linear,1281,104,2,2,True,0.26258585,0.18450224,0.4334306,0.11948129
42,7,none,random_linear,1282,104,3,3,True,0.08700213,0.19734038,0.24992235,0.46573514
42,7,none,random_linear,1283,104,3,3,True,0.14783067,0.024786962,0.015068262,0.81231403
42,7,none,random_linear,1284,104,2,1,False,0.010163867,0.9114943,0.070693955,0.0076478804
42,7,none,random_linear,1285,104,3,3,True,0.2859689,0.261019,0.15533268,0.29767945
42,7,none,random_linear,1286,104,2,1,False,0.0104454905,0.9762162,0.0040596384,0.009278758
42,7,none,random_linear,1287,104,2,1,False,0.031489503,0.69820124,0.18417479,0.086134486
42,7,none,random_linear,1288,104,3,3,True,0.032080658,0.065564334,0.0009732768,0.90138173
42,7,none,random_linear,1289,104,2,1,False,0.0034161177,0.98266095,0.013445941,0.00047696667
42,7,none,random_linear,1290,104,3,1,False,0.029597089,0.61258996,0.09988301,0.25792992
42,7,none,random_linear,1291,104,3,3,True,0.06246577,0.044269457,0.029148037,0.8641168
42,7,none,random_linear,1292,104,2,3,False,0.05373389,0.054449614,0.022462327,0.8693542
42,7,none,random_linear,1293,104,3,3,True,0.065423906,0.100597106,0.0036402824,0.8303387
42,7,none,random_linear,1294,104,2,1,False,0.048436977,0.5181689,0.27587464,0.15751942
42,7,none,random_linear,1295,104,3,0,False,0.53164667,0.21499765,0.06524143,0.18811418
42,7,none,random_linear,1296,104,0,3,False,0.2506044,0.13377273,0.0063734204,0.6092495
42,7,none,random_linear,1297,104,1,1,True,0.042760562,0.86956507,0.040098622,0.04757584
42,7,none,random_linear,1298,104,1,1,True,0.0010100865,0.9963356,0.00030185276,0.002352533
42,7,none,random_linear,1299,104,0,0,True,0.94545764,0.0351538,0.008633393,0.010755216
42,7,none,random_linear,1300,104,0,0,True,0.9684965,0.007246183,0.004754818,0.019502418
42,7,none,random_linear,1301,104,1,1,True,0.001035797,0.9838537,0.008163141,0.0069475155
42,7,none,random_linear,1302,104,0,1,False,0.45816112,0.46306127,0.02274384,0.056033798
42,7,none,random_linear,1303,104,1,1,True,0.09357429,0.8561858,0.025046302,0.025193626
42,7,none,random_linear,1304,104,0,0,True,0.83274907,0.116289824,0.04532961,0.0056314976
42,7,none,random_linear,1305,104,1,1,True,0.117090784,0.8613473,0.01376408,0.0077977893
42,7,none,random_linear,1306,104,1,1,True,1.6888955e-05,0.9903791,0.008571384,0.0010326449
42,7,none,random_linear,1307,104,0,0,True,0.9871749,0.012020799,0.00040740176,0.00039686591
42,7,none,random_linear,1308,104,3,3,True,0.001771002,0.07448055,0.0085890135,0.91515946
42,7,none,random_linear,1309,104,2,1,False,0.038380325,0.64780426,0.13826577,0.17554967
42,7,none,random_linear,1310,104,3,3,True,0.19885048,0.2281646,0.016124329,0.55686057
42,7,none,random_linear,1311,104,2,0,False,0.8465915,0.056505896,0.017077122,0.0798255
42,7,none,random_linear,1312,104,3,0,False,0.45576018,0.15819156,0.0069812713,0.379067
42,7,none,random_linear,1313,104,2,2,True,0.11260151,0.40706185,0.47192693,0.008409681
42,7,none,random_linear,1314,104,3,3,True,0.022520512,0.120278805,0.020060977,0.8371397
42,7,none,random_linear,1315,104,2,3,False,0.23145314,0.36345798,0.030289037,0.37479985
42,7,none,random_linear,1316,104,3,1,False,0.07358903,0.72788644,0.11060125,0.08792335
42,7,none,random_linear,1317,104,2,2,True,0.18300726,0.37330088,0.4187403,0.02495153
42,7,none,random_linear,1318,104,2,0,False,0.35634664,0.24933557,0.33983457,0.054483168
42,7,none,random_linear,1319,104,3,3,True,0.2192807,0.116327904,0.24500366,0.41938776
42,7,none,random_linear,1320,104,3,3,True,0.32941604,0.022720005,0.010949207,0.63691473
42,7,none,random_linear,1321,104,2,1,False,0.08340923,0.74444145,0.1327082,0.03944116
42,7,none,random_linear,1322,104,2,2,True,0.20898515,0.016587915,0.7704356,0.0039914167
42,7,none,random_linear,1323,104,0,0,True,0.74034226,0.09214403,0.06901551,0.09849819
42,7,none,random_linear,1324,104,1,1,True,0.014002413,0.6133944,0.3129259,0.059677284
42,7,none,random_linear,1325,104,0,0,True,0.4556312,0.11613824,0.38871792,0.039512623
42,7,none,random_linear,1326,104,1,1,True,0.07859685,0.62686706,0.2612828,0.03325331
42,7,none,random_linear,1327,104,0,1,False,0.34464958,0.4101093,0.2141749,0.031066176
42,7,none,random_linear,1328,104,1,1,True,0.0028779292,0.68608874,0.046854746,0.26417857
42,7,none,random_linear,1329,104,0,0,True,0.9998692,7.1866207e-06,3.165106e-05,9.1844195e-05
42,7,none,random_linear,1330,104,1,1,True,0.2357523,0.29165873,0.2526496,0.21993935
42,7,none,random_linear,1331,104,1,1,True,0.023556706,0.96224594,0.0030749948,0.011122374
42,7,none,random_linear,1332,104,0,1,False,0.08870607,0.89732367,0.008167272,0.005803029
42,7,none,random_linear,1333,104,0,0,True,0.7236934,0.102000654,0.13867952,0.035626344
42,7,none,random_linear,1334,104,1,0,False,0.48430735,0.37295473,0.018034624,0.124703266
42,7,none,random_linear,1335,104,1,3,False,0.18125142,0.057199076,0.32836595,0.43318355
42,7,none,random_linear,1336,104,0,0,True,0.52709204,0.017861001,0.44580212,0.009244835
42,7,none,random_linear,1337,104,0,0,True,0.53180665,0.026552474,0.2808201,0.1608208
42,7,none,random_linear,1338,104,2,2,True,0.004735063,0.018310431,0.92829865,0.04865577
42,7,none,random_linear,1339,104,3,1,False,0.067075156,0.76735103,0.13894843,0.026625387
42,7,none,random_linear,1340,104,2,0,False,0.51834244,0.383672,0.08148599,0.016499545
42,7,none,random_linear,1341,104,3,3,True,0.032728903,0.0735204,0.01604554,0.87770516
42,7,none,random_linear,1342,104,3,3,True,0.041121896,0.21266969,0.010559532,0.7356488
42,7,none,random_linear,1343,104,2,2,True,0.026416747,0.21676616,0.749827,0.0069900756
42,7,none,random_linear,1344,104,3,3,True,0.0050774673,0.011871036,0.005070739,0.97798073
42,7,none,random_linear,1345,104,2,2,True,0.06671328,0.38129538,0.47085878,0.08113253
42,7,none,random_linear,1346,104,3,3,True,0.1812386,0.09970996,0.1217274,0.597324
42,7,none,random_linear,1347,104,2,2,True,0.10523315,0.1272439,0.75759053,0.009932427
42,7,none,random_linear,1348,104,3,3,True,0.005894924,0.22403632,0.048126664,0.72194207
42,7,none,random_linear,1349,104,2,1,False,0.002200274,0.94906014,0.027022133,0.021717424
42,7,none,random_linear,1350,104,2,1,False,0.03816907,0.5449331,0.289725,0.12717281
42,7,none,random_linear,1351,104,3,3,True,0.32892802,0.12214645,0.08422978,0.46469572
42,7,none,random_linear,1352,104,3,3,True,0.036807887,0.128247,0.2672853,0.56765985
42,7,none,random_linear,1353,105,0,0,True,0.99600095,0.00016783657,0.0009667644,0.002864464
42,7,none,random_linear,1354,105,1,1,True,0.00013762494,0.9911129,0.0066637453,0.0020856862
42,7,none,random_linear,1355,105,1,1,True,0.00027028148,0.98760414,0.0066241208,0.00550138
42,7,none,random_linear,1356,105,0,0,True,0.94115525,0.0003335916,0.0065669897,0.051944282
42,7,none,random_linear,1357,105,1,1,True,3.6406127e-05,0.9770822,0.021556055,0.0013253238
42,7,none,random_linear,1358,105,0,0,True,0.99991345,2.6919412e-07,5.1411913e-05,3.492409e-05
42,7,none,random_linear,1359,105,1,1,True,0.00017681874,0.9909566,0.0011576719,0.007708912
42,7,none,random_linear,1360,105,0,0,True,0.98502547,0.00013270826,0.00070471043,0.014137113
42,7,none,random_linear,1361,105,0,0,True,0.9965048,3.5107067e-05,0.0028826294,0.00057742634
42,7,none,random_linear,1362,105,1,1,True,0.0020505788,0.61245316,0.0010115679,0.38448468
42,7,none,random_linear,1363,105,1,1,True,2.8413942e-05,0.97222453,0.0015635511,0.026183544
42,7,none,random_linear,1364,105,0,0,True,0.9995759,1.8506313e-05,3.7252135e-05,0.0003682944
42,7,none,random_linear,1365,105,1,1,True,0.009625521,0.41942504,0.31810254,0.25284696
42,7,none,random_linear,1366,105,0,0,True,0.9843945,1.4442976e-05,0.0068827732,0.008708348
42,7,none,random_linear,1367,105,0,0,True,0.9498128,0.0026780528,0.022143804,0.025365371
42,7,none,random_linear,1368,105,3,3,True,0.0033265713,0.0013783876,0.0030257883,0.9922693
42,7,none,random_linear,1369,105,2,3,False,0.016391577,0.02322899,0.19914836,0.76123106
42,7,none,random_linear,1370,105,2,3,False,0.0027680853,0.009220882,0.22815575,0.75985533
42,7,none,random_linear,1371,105,3,3,True,0.00090246263,0.0030417186,0.040177558,0.95587826
42,7,none,random_linear,1372,105,3,3,True,0.06595439,0.002847129,0.161702,0.76949656
42,7,none,random_linear,1373,105,2,2,True,0.0067681456,0.008527695,0.5538493,0.43085486
42,7,none,random_linear,1374,105,3,3,True,0.000815691,0.0040848604,0.0059019895,0.98919743
42,7,none,random_linear,1375,105,2,2,True,0.009169452,0.0280335,0.8986334,0.064163655
42,7,none,random_linear,1376,105,3,3,True,0.008543485,0.3479436,0.07818667,0.5653262
42,7,none,random_linear,1377,105,2,2,True,0.0064759906,0.033153113,0.90311986,0.05725101
42,7,none,random_linear,1378,105,3,2,False,0.04771303,0.009545283,0.8798658,0.06287582
42,7,none,random_linear,1379,105,2,3,False,0.00023606549,0.0051832316,0.076914094,0.9176666
42,7,none,random_linear,1380,105,3,3,True,0.0005920737,0.00020428648,0.0032251289,0.9959785
42,7,none,random_linear,1381,105,2,2,True,0.001839233,0.003766751,0.9708322,0.023561763
42,7,none,random_linear,1382,105,2,3,False,0.0019552635,0.012096226,0.26438162,0.72156686
42,7,none,random_linear,1383,105,1,1,True,1.7945185e-05,0.9957724,0.0037388466,0.00047076942
42,7,none,random_linear,1384,105,0,2,False,0.054267358,0.000696332,0.67059326,0.27444297
42,7,none,random_linear,1385,105,1,1,True,0.00010833969,0.90768963,0.075173795,0.017028235
42,7,none,random_linear,1386,105,0,3,False,0.13075396,0.00011070945,0.054921962,0.81421334
42,7,none,random_linear,1387,105,0,2,False,0.34651062,9.5366435e-05,0.55825305,0.09514105
42,7,none,random_linear,1388,105,1,1,True,0.0027820887,0.97256035,0.02058842,0.004069171
42,7,none,random_linear,1389,105,1,1,True,4.560547e-05,0.9887707,0.011008454,0.00017525282
42,7,none,random_linear,1390,105,0,0,True,0.98519146,0.00045694373,0.012826669,0.0015248694
42,7,none,random_linear,1391,105,0,0,True,0.9410879,0.008154489,0.043747105,0.0070105596
42,7,none,random_linear,1392,105,1,1,True,0.000260549,0.9342707,0.057780497,0.0076883296
42,7,none,random_linear,1393,105,0,0,True,0.9502361,0.00045057762,0.010311966,0.039001357
42,7,none,random_linear,1394,105,1,1,True,0.00023954127,0.9935004,0.0059631173,0.0002967804
42,7,none,random_linear,1395,105,0,2,False,0.23776843,0.0006309898,0.75866264,0.0029379197
42,7,none,random_linear,1396,105,1,1,True,3.6009262e-06,0.9973574,0.002563175,7.581338e-05
42,7,none,random_linear,1397,105,1,1,True,0.0010893431,0.887618,0.0726105,0.038682133
42,7,none,random_linear,1398,105,3,2,False,0.0050536213,0.0033988697,0.7888137,0.2027338
42,7,none,random_linear,1399,105,2,2,True,0.0014583471,0.007651689,0.84430426,0.14658564
42,7,none,random_linear,1400,105,3,3,True,0.0025865245,0.006891274,0.2817823,0.7087399
42,7,none,random_linear,1401,105,2,2,True,0.0019090871,0.0028999087,0.98244596,0.012744993
42,7,none,random_linear,1402,105,3,2,False,0.0013692122,0.009174953,0.8413772,0.14807865
42,7,none,random_linear,1403,105,2,2,True,0.0013986193,0.0047466224,0.9568874,0.03696728
42,7,none,random_linear,1404,105,3,2,False,0.0067376695,0.033185825,0.7457942,0.21428229
42,7,none,random_linear,1405,105,2,3,False,0.049158227,0.024220876,0.088734604,0.83788633
42,7,none,random_linear,1406,105,3,3,True,0.0021960533,0.0008840389,0.3189566,0.6779633
42,7,none,random_linear,1407,105,2,2,True,0.0016794659,0.12876539,0.7097875,0.15976758
42,7,none,random_linear,1408,105,2,3,False,0.006604661,0.11206701,0.2534037,0.6279246
42,7,none,random_linear,1409,105,3,3,True,0.013484823,0.31649023,0.14628802,0.52373695
42,7,none,random_linear,1410,105,3,3,True,0.0018452951,0.009089221,0.0134562235,0.9756092
42,7,none,random_linear,1411,105,2,2,True,0.0020848373,0.01645665,0.850048,0.13141045
42,7,none,random_linear,1412,105,2,2,True,0.004311909,0.036910858,0.9209884,0.03778882
42,7,none,random_linear,1413,105,1,3,False,0.0003083867,0.21122077,0.03503516,0.7534357
42,7,none,random_linear,1414,105,0,0,True,0.95354486,0.002035569,0.042130325,0.0022891874
42,7,none,random_linear,1415,105,1,1,True,0.00058845617,0.83052176,0.08702277,0.08186699
42,7,none,random_linear,1416,105,0,2,False,0.21616866,0.027716618,0.5769067,0.1792081
42,7,none,random_linear,1417,105,1,1,True,0.000102823906,0.8912784,0.032707863,0.075910896
42,7,none,random_linear,1418,105,0,2,False,0.14043513,0.0018086754,0.7909608,0.066795416
42,7,none,random_linear,1419,105,1,2,False,0.007916506,0.3206559,0.5021134,0.16931422
42,7,none,random_linear,1420,105,0,0,True,0.548268,0.01246466,0.3477167,0.09155057
42,7,none,random_linear,1421,105,0,2,False,0.13931645,0.040806334,0.6309727,0.18890451
42,7,none,random_linear,1422,105,1,1,True,0.0041053705,0.92991316,0.057508536,0.00847294
42,7,none,random_linear,1423,105,1,1,True,3.1607095e-05,0.9955545,0.0012603092,0.0031536322
42,7,none,random_linear,1424,105,0,0,True,0.91791505,0.00088479614,0.04329191,0.037908193
42,7,none,random_linear,1425,105,1,1,True,0.00010930417,0.7331627,0.24792688,0.018801138
42,7,none,random_linear,1426,105,0,2,False,0.011665309,0.0003436668,0.979026,0.008965004
42,7,none,random_linear,1427,105,0,3,False,0.10968685,0.0025619941,0.23836473,0.64938647
42,7,none,random_linear,1428,105,2,3,False,0.0045102253,0.036597006,0.19131191,0.76758087
42,7,none,random_linear,1429,105,3,3,True,0.008976543,0.007928831,0.30064636,0.68244827
42,7,none,random_linear,1430,105,3,3,True,0.003632241,0.0073419823,0.07730499,0.9117208
42,7,none,random_linear,1431,105,2,2,True,0.0014209453,0.006182794,0.77097696,0.2214193
42,7,none,random_linear,1432,105,3,2,False,0.020667661,0.015455919,0.49423248,0.46964386
42,7,none,random_linear,1433,105,2,2,True,0.0049699578,0.026880024,0.9164974,0.05165256
42,7,none,random_linear,1434,105,3,2,False,0.016428625,0.06492938,0.52042335,0.3982186
42,7,none,random_linear,1435,105,2,2,True,0.037049893,0.029301781,0.82230693,0.11134135
42,7,none,random_linear,1436,105,3,3,True,0.0015604673,0.03805454,0.20216261,0.75822234
42,7,none,random_linear,1437,105,2,2,True,0.0008522503,0.0055023325,0.98724896,0.0063964482
42,7,none,random_linear,1438,105,2,2,True,0.002750846,0.054719646,0.70233196,0.24019755
42,7,none,random_linear,1439,105,3,2,False,0.012481066,0.02856761,0.62540185,0.33354947
42,7,none,random_linear,1440,105,2,2,True,0.0030629823,0.010005519,0.7809619,0.20596965
42,7,none,random_linear,1441,105,3,2,False,0.0014506596,0.0038607558,0.8600093,0.13467932
42,7,none,random_linear,1442,105,2,3,False,0.021610724,0.007825732,0.443799,0.5267646
42,7,none,random_linear,1443,106,0,3,False,0.013069011,0.013548394,0.4723993,0.5009833
42,7,none,random_linear,1444,106,1,1,True,0.060382638,0.40270042,0.28736714,0.24954982
42,7,none,random_linear,1445,106,0,2,False,0.04035831,0.01606277,0.8410298,0.10254908
42,7,none,random_linear,1446,106,1,3,False,0.020927427,0.10339466,0.24571301,0.6299649
42,7,none,random_linear,1447,106,0,2,False,0.024638388,0.005283044,0.9692304,0.0008481084
42,7,none,random_linear,1448,106,1,2,False,0.008047381,0.008140055,0.8768857,0.10692682
42,7,none,random_linear,1449,106,0,3,False,0.21654814,0.26390088,0.252585,0.26696602
42,7,none,random_linear,1450,106,1,3,False,0.042472024,0.39409834,0.03943106,0.52399856
42,7,none,random_linear,1451,106,0,0,True,0.4851351,0.36070156,0.03548486,0.11867845
42,7,none,random_linear,1452,106,1,2,False,0.051223103,0.35544914,0.55524707,0.0380807
42,7,none,random_linear,1453,106,0,1,False,0.018006388,0.55080223,0.081727885,0.3494635
42,7,none,random_linear,1454,106,1,2,False,0.00849515,0.47999412,0.510604,0.00090672163
42,7,none,random_linear,1455,106,1,1,True,0.006616938,0.87697107,0.014165236,0.10224675
42,7,none,random_linear,1456,106,0,0,True,0.94600517,0.0028596793,0.029719355,0.02141586
42,7,none,random_linear,1457,106,0,0,True,0.9874265,0.00096698,0.011008691,0.0005977387
42,7,none,random_linear,1458,106,3,3,True,0.017191892,0.021854283,0.4054612,0.5554926
42,7,none,random_linear,1459,106,2,3,False,0.002408899,0.10126918,0.043111905,0.85321
42,7,none,random_linear,1460,106,3,1,False,0.11208124,0.3700256,0.27345693,0.24443628
42,7,none,random_linear,1461,106,2,1,False,0.10329419,0.71066725,0.11343414,0.07260447
42,7,none,random_linear,1462,106,2,2,True,0.022301484,0.101152375,0.617203,0.2593432
42,7,none,random_linear,1463,106,3,1,False,0.019816142,0.5241127,0.04228347,0.4137877
42,7,none,random_linear,1464,106,3,3,True,0.018253649,0.14044705,0.060564626,0.78073466
42,7,none,random_linear,1465,106,2,2,True,0.2805829,0.07874072,0.53301454,0.10766182
42,7,none,random_linear,1466,106,3,1,False,0.021216195,0.93916714,0.012662564,0.02695404
42,7,none,random_linear,1467,106,2,2,True,0.090577,0.18368104,0.7036501,0.022091819
42,7,none,random_linear,1468,106,3,2,False,0.22805329,0.068237506,0.512622,0.19108723
42,7,none,random_linear,1469,106,2,1,False,0.13772354,0.6287895,0.1508062,0.08268081
42,7,none,random_linear,1470,106,3,3,True,0.12001272,0.031930365,0.044950522,0.8031064
42,7,none,random_linear,1471,106,2,0,False,0.46973282,0.082895026,0.044609014,0.4027632
42,7,none,random_linear,1472,106,3,3,True,0.291841,0.035867196,0.02200113,0.6502906
42,7,none,random_linear,1473,106,1,1,True,1.6314201e-05,0.99979705,2.3170578e-05,0.00016348646
42,7,none,random_linear,1474,106,0,0,True,0.5423444,0.008092961,0.024611609,0.42495105
42,7,none,random_linear,1475,106,1,2,False,0.020486187,0.37226275,0.59225494,0.014996142
42,7,none,random_linear,1476,106,0,2,False,0.12530878,0.4090133,0.4589453,0.006732607
42,7,none,random_linear,1477,106,0,3,False,0.22712727,0.23975049,0.04479384,0.48832837
42,7,none,random_linear,1478,106,1,3,False,0.04016909,0.19213952,0.089086086,0.6786053
42,7,none,random_linear,1479,106,1,1,True,9.1140086e-05,0.9988078,0.000108745946,0.0009924754
42,7,none,random_linear,1480,106,0,0,True,0.49154806,0.20848759,0.20252219,0.097442195
42,7,none,random_linear,1481,106,0,1,False,0.015176492,0.5835776,0.08891027,0.3123357
42,7,none,random_linear,1482,106,1,1,True,0.10856207,0.8327018,0.0544296,0.004306512
42,7,none,random_linear,1483,106,1,1,True,0.0001705948,0.99853766,0.001107323,0.00018440119
42,7,none,random_linear,1484,106,0,0,True,0.9363308,0.04457997,0.010402677,0.0086865295
42,7,none,random_linear,1485,106,0,1,False,0.052334387,0.40788662,0.18079107,0.35898793
42,7,none,random_linear,1486,106,1,1,True,0.00069881097,0.9967084,0.002246331,0.00034646862
42,7,none,random_linear,1487,106,0,1,False,0.04689467,0.72432935,0.08332041,0.1454556
42,7,none,random_linear,1488,106,2,2,True,0.03792959,0.015268906,0.9434761,0.0033254486
42,7,none,random_linear,1489,106,3,3,True,0.097877495,0.023529645,0.01098801,0.8676049
42,7,none,random_linear,1490,106,2,1,False,0.15682557,0.47623712,0.2507515,0.116185874
42,7,none,random_linear,1491,106,3,3,True,0.10048097,0.0026181794,0.39520463,0.5016962
42,7,none,random_linear,1492,106,3,0,False,0.3468747,0.25520766,0.13088281,0.2670348
42,7,none,random_linear,1493,106,2,0,False,0.71559596,0.09520925,0.14698365,0.0422111
42,7,none,random_linear,1494,106,2,1,False,0.12042057,0.5654257,0.30194774,0.012206027
42,7,none,random_linear,1495,106,3,0,False,0.90495527,0.028489357,0.04101665,0.02553863
42,7,none,random_linear,1496,106,2,1,False,0.05343242,0.656699,0.28891084,0.0009577871
42,7,none,random_linear,1497,106,3,2,False,0.21653308,0.05798226,0.7211594,0.0043252255
42,7,none,random_linear,1498,106,3,2,False,0.169285,0.15045393,0.48505348,0.19520757
42,7,none,random_linear,1499,106,2,2,True,0.13802703,0.31633744,0.5128376,0.032797873
42,7,none,random_linear,1500,106,2,3,False,0.015951566,0.12621982,0.41743225,0.4403964
42,7,none,random_linear,1501,106,3,3,True,0.00641319,0.020584138,0.020570628,0.95243204
42,7,none,random_linear,1502,106,2,2,True,0.35739714,0.06916165,0.5678324,0.00560878
42,7,none,random_linear,1503,106,1,1,True,0.004420939,0.98204505,0.012603202,0.0009308475
42,7,none,random_linear,1504,106,0,1,False,0.19623865,0.48360565,0.26760182,0.05255385
42,7,none,random_linear,1505,106,0,2,False,0.083990134,0.0048936475,0.4658678,0.44524843
42,7,none,random_linear,1506,106,1,0,False,0.6928164,0.03867932,0.25162843,0.016876003
42,7,none,random_linear,1507,106,0,0,True,0.845098,0.06261274,0.05395094,0.038338218
42,7,none,random_linear,1508,106,1,1,True,0.0013648303,0.91946566,0.006616728,0.07255268
42,7,none,random_linear,1509,106,0,0,True,0.6923853,0.14173779,0.08720732,0.078669585
42,7,none,random_linear,1510,106,1,0,False,0.5260454,0.11921709,0.3407799,0.013957713
42,7,none,random_linear,1511,106,1,1,True,0.0005893776,0.99306595,0.0030991018,0.0032454976
42,7,none,random_linear,1512,106,0,0,True,0.9693281,0.012973319,0.0046660784,0.01303253
42,7,none,random_linear,1513,106,0,0,True,0.9702449,0.0038270317,0.02557778,0.00035039725
42,7,none,random_linear,1514,106,1,2,False,0.029709557,0.03231443,0.923245,0.01473096
42,7,none,random_linear,1515,106,1,3,False,0.015403495,0.36209086,0.01985093,0.60265476
42,7,none,random_linear,1516,106,0,0,True,0.86410666,0.0005981989,0.10049011,0.034805093
42,7,none,random_linear,1517,106,0,0,True,0.7792433,0.10717274,0.009260954,0.10432301
42,7,none,random_linear,1518,106,2,1,False,0.021618467,0.8807574,0.086278215,0.011345948
42,7,none,random_linear,1519,106,3,1,False,0.22042412,0.49931347,0.06559456,0.21466781
42,7,none,random_linear,1520,106,2,1,False,0.09808497,0.3906563,0.26681274,0.24444593
42,7,none,random_linear,1521,106,3,2,False,0.13962445,0.08195039,0.58850265,0.18992254
42,7,none,random_linear,1522,106,2,1,False,0.37428346,0.41860554,0.18332839,0.023782628
42,7,none,random_linear,1523,106,3,0,False,0.49765942,0.05356492,0.30056277,0.14821282
42,7,none,random_linear,1524,106,2,2,True,0.17379987,0.18578482,0.5809892,0.059426147
42,7,none,random_linear,1525,106,3,1,False,0.048065193,0.611348,0.26619318,0.07439369
42,7,none,random_linear,1526,106,2,2,True,0.005219036,0.03241071,0.79988176,0.16248845
42,7,none,random_linear,1527,106,3,2,False,0.43850374,0.101535045,0.4430066,0.016954605
42,7,none,random_linear,1528,106,3,0,False,0.93654907,0.0052422676,0.01973222,0.038476434
42,7,none,random_linear,1529,106,2,3,False,0.1875961,0.014882531,0.29005343,0.5074679
42,7,none,random_linear,1530,106,3,0,False,0.7209686,0.042655867,0.22581376,0.010561723
42,7,none,random_linear,1531,106,2,2,True,0.02143004,0.06250485,0.89882416,0.017240996
42,7,none,random_linear,1532,106,2,0,False,0.8728462,0.0023575535,0.12128227,0.00351388
42,7,none,random_linear,1533,107,1,1,True,0.00023406923,0.9944101,0.00019424739,0.0051615
42,7,none,random_linear,1534,107,0,1,False,0.27037117,0.59447694,0.044147506,0.09100439
42,7,none,random_linear,1535,107,0,0,True,0.9567372,0.037546635,0.004559976,0.0011561257
42,7,none,random_linear,1536,107,1,1,True,2.4181456e-05,0.9972289,5.9116287e-06,0.0027409897
42,7,none,random_linear,1537,107,0,0,True,0.6887651,0.3068424,0.0016322763,0.002760232
42,7,none,random_linear,1538,107,1,1,True,0.00023666737,0.99785185,0.00059207086,0.0013194318
42,7,none,random_linear,1539,107,0,0,True,0.9600764,0.031501383,0.0042937472,0.0041285064
42,7,none,random_linear,1540,107,1,1,True,0.0015418336,0.9976186,0.0004932204,0.00034636905
42,7,none,random_linear,1541,107,0,0,True,0.99039537,0.0012825275,0.00029299725,0.008029102
42,7,none,random_linear,1542,107,1,1,True,0.008562146,0.98057806,0.0023538002,0.008506006
42,7,none,random_linear,1543,107,0,0,True,0.82657397,0.07819747,0.015052497,0.080175966
42,7,none,random_linear,1544,107,1,1,True,0.006123427,0.8564269,0.022469096,0.11498068
42,7,none,random_linear,1545,107,0,0,True,0.9807911,0.0010386303,0.0011301023,0.017040228
42,7,none,random_linear,1546,107,1,1,True,0.0015281742,0.72582245,0.0052689463,0.26738045
42,7,none,random_linear,1547,107,0,0,True,0.99842596,0.00076642947,0.00049493916,0.00031283294
42,7,none,random_linear,1548,107,3,1,False,0.07002952,0.6937634,0.010892759,0.2253143
42,7,none,random_linear,1549,107,2,1,False,0.008175677,0.9088934,0.03515557,0.04777537
42,7,none,random_linear,1550,107,3,1,False,0.13455358,0.509853,0.045158837,0.31043458
42,7,none,random_linear,1551,107,2,1,False,0.007885837,0.9610692,0.0074809254,0.023564016
42,7,none,random_linear,1552,107,3,0,False,0.7799703,0.16369691,0.033556983,0.022775784
42,7,none,random_linear,1553,107,2,1,False,0.24331045,0.27725968,0.20464605,0.27478385
42,7,none,random_linear,1554,107,2,0,False,0.614918,0.22891115,0.0012828788,0.15488791
42,7,none,random_linear,1555,107,3,3,True,0.34282297,0.017601058,0.0001514864,0.63942444
42,7,none,random_linear,1556,107,3,0,False,0.94355565,0.009821546,0.044110317,0.002512452
42,7,none,random_linear,1557,107,2,1,False,0.05826829,0.5969333,0.28351468,0.061283696
42,7,none,random_linear,1558,107,2,1,False,0.006401912,0.98916316,0.0014483877,0.0029865822
42,7,none,random_linear,1559,107,3,0,False,0.7418742,0.21372075,0.0012970922,0.0431079
42,7,none,random_linear,1560,107,2,1,False,0.08514512,0.45340106,0.030439239,0.4310146
42,7,none,random_linear,1561,107,3,1,False,0.028828269,0.672851,0.01892612,0.27939457
42,7,none,random_linear,1562,107,3,3,True,0.24637671,0.026110405,0.042099483,0.6854134
42,7,none,random_linear,1563,107,1,1,True,0.044263575,0.86645246,0.0027271686,0.086556844
42,7,none,random_linear,1564,107,0,0,True,0.94230103,0.05075761,0.00091825036,0.0060230964
42,7,none,random_linear,1565,107,1,1,True,0.006265998,0.98571926,0.002930315,0.0050844476
42,7,none,random_linear,1566,107,0,0,True,0.8744454,0.098449506,0.00071313913,0.02639198
42,7,none,random_linear,1567,107,1,1,True,5.20309e-05,0.99982977,2.715149e-05,9.096375e-05
42,7,none,random_linear,1568,107,0,0,True,0.7802419,0.18194112,0.0098141655,0.028002817
42,7,none,random_linear,1569,107,0,3,False,0.17437716,0.35169086,0.0068054874,0.46712655
42,7,none,random_linear,1570,107,1,3,False,0.24518867,0.15717335,0.20481099,0.39282697
42,7,none,random_linear,1571,107,0,0,True,0.9939971,0.0043184552,0.001625542,5.8934795e-05
42,7,none,random_linear,1572,107,1,1,True,0.41991606,0.48839796,0.02611375,0.065572225
42,7,none,random_linear,1573,107,0,0,True,0.6584759,0.2142504,0.008152802,0.11912092
42,7,none,random_linear,1574,107,1,3,False,0.04424921,0.18951966,0.30930644,0.45692468
42,7,none,random_linear,1575,107,1,2,False,0.07891609,0.33376488,0.56852746,0.01879157
42,7,none,random_linear,1576,107,0,1,False,0.04226842,0.9383732,0.002238285,0.01712003
42,7,none,random_linear,1577,107,0,0,True,0.6805669,0.18236375,0.013594936,0.123474315
42,7,none,random_linear,1578,107,3,0,False,0.39745352,0.23626892,0.046212934,0.32006463
42,7,none,random_linear,1579,107,2,3,False,0.15561388,0.024953235,0.010901966,0.8085309
42,7,none,random_linear,1580,107,3,0,False,0.72636837,0.20330419,0.029631007,0.040696494
42,7,none,random_linear,1581,107,2,1,False,0.15338017,0.69020206,0.08353046,0.07288728
42,7,none,random_linear,1582,107,2,1,False,0.06839009,0.6935137,0.1624649,0.075631335
42,7,none,random_linear,1583,107,3,0,False,0.63180494,0.010181534,0.03530639,0.32270724
42,7,none,random_linear,1584,107,3,0,False,0.8601751,0.0615695,0.008980277,0.069275044
42,7,none,random_linear,1585,107,2,0,False,0.49562854,0.36887765,0.12998176,0.005512066
42,7,none,random_linear,1586,107,2,1,False,0.2865501,0.56146234,0.0024073715,0.14958023
42,7,none,random_linear,1587,107,3,3,True,0.018988935,0.477338,0.004725094,0.49894804
42,7,none,random_linear,1588,107,2,2,True,0.17935368,0.27085117,0.49046624,0.059328943
42,7,none,random_linear,1589,107,3,1,False,0.01460937,0.55556625,0.13230926,0.2975151
42,7,none,random_linear,1590,107,3,1,False,0.41804406,0.457795,0.0064377296,0.11772322
42,7,none,random_linear,1591,107,2,3,False,0.03749838,0.18015124,0.0016903721,0.78066003
42,7,none,random_linear,1592,107,2,3,False,0.036159143,0.18082361,0.018258229,0.764759
42,7,none,random_linear,1593,107,0,0,True,0.99224347,0.003739427,0.0011591708,0.0028578734
42,7,none,random_linear,1594,107,1,1,True,0.006081953,0.9145554,0.00039543616,0.07896726
42,7,none,random_linear,1595,107,1,1,True,0.02320815,0.767881,0.034512203,0.17439872
42,7,none,random_linear,1596,107,0,0,True,0.7059691,0.23729251,0.014931269,0.041807164
42,7,none,random_linear,1597,107,1,1,True,0.028867245,0.92875373,0.035297006,0.0070820125
42,7,none,random_linear,1598,107,0,1,False,0.21314925,0.7640799,0.019245367,0.0035254392
42,7,none,random_linear,1599,107,1,3,False,0.017397115,0.3182448,0.0012897279,0.66306835
42,7,none,random_linear,1600,107,0,1,False,0.058054365,0.89574546,0.03050783,0.01569236
42,7,none,random_linear,1601,107,1,1,True,0.06297227,0.8836984,0.011529514,0.04179991
42,7,none,random_linear,1602,107,0,3,False,0.0084392,0.22907422,0.009242376,0.7532442
42,7,none,random_linear,1603,107,0,0,True,0.9248532,0.05761597,0.0008037321,0.016727103
42,7,none,random_linear,1604,107,1,1,True,0.050406992,0.94749784,0.0017129199,0.00038222523
42,7,none,random_linear,1605,107,0,3,False,0.29063165,0.27935997,0.054542832,0.3754655
42,7,none,random_linear,1606,107,1,1,True,0.02834936,0.4101177,0.3174815,0.24405146
42,7,none,random_linear,1607,107,0,1,False,0.0050900676,0.96357393,0.0005541316,0.030781766
42,7,none,random_linear,1608,107,3,0,False,0.72947335,0.16120316,0.09315682,0.016166655
42,7,none,random_linear,1609,107,2,1,False,0.017484207,0.68333095,0.019318728,0.2798661
42,7,none,random_linear,1610,107,2,0,False,0.7947843,0.17125118,0.007846566,0.026118007
42,7,none,random_linear,1611,107,3,3,True,0.050522413,0.029119954,0.00623076,0.9141269
42,7,none,random_linear,1612,107,2,1,False,0.30654708,0.6916295,0.00051278446,0.0013106328
42,7,none,random_linear,1613,107,3,0,False,0.91027063,0.073836684,0.0063107945,0.0095818555
42,7,none,random_linear,1614,107,3,1,False,0.04265094,0.9197432,0.003302463,0.034303464
42,7,none,random_linear,1615,107,2,1,False,0.04373894,0.5194761,0.3142832,0.12250176
42,7,none,random_linear,1616,107,2,0,False,0.8013123,0.03675241,0.122291364,0.039643828
42,7,none,random_linear,1617,107,3,1,False,0.003251265,0.86906624,0.004413511,0.12326893
42,7,none,random_linear,1618,107,2,0,False,0.38525674,0.2916814,0.19312546,0.12993632
42,7,none,random_linear,1619,107,3,1,False,0.015636832,0.62143964,0.044818036,0.31810552
42,7,none,random_linear,1620,107,2,3,False,0.01688475,0.19667608,0.04359992,0.7428392
42,7,none,random_linear,1621,107,3,1,False,0.00035346166,0.9083744,0.006590856,0.08468125
42,7,none,random_linear,1622,107,3,0,False,0.5042938,0.22533251,0.043125845,0.2272478
42,7,none,random_linear,1623,108,0,0,True,0.95136493,0.00014082632,0.00055088795,0.047943313
42,7,none,random_linear,1624,108,1,1,True,2.5891109e-06,0.9992762,2.1995858e-05,0.00069915934
42,7,none,random_linear,1625,108,0,3,False,0.21551166,0.021286484,0.0011386885,0.76206315
42,7,none,random_linear,1626,108,1,1,True,0.11504023,0.71647364,0.0015870297,0.16689907
42,7,none,random_linear,1627,108,0,0,True,0.9915508,0.0019182881,0.00021361072,0.006317318
42,7,none,random_linear,1628,108,1,1,True,7.936488e-06,0.9996605,1.2866274e-06,0.0003302564
42,7,none,random_linear,1629,108,1,1,True,2.2222334e-06,0.99812347,2.6178266e-06,0.0018716126
42,7,none,random_linear,1630,108,0,0,True,0.91849667,0.0022698662,0.0004003273,0.07883311
42,7,none,random_linear,1631,108,0,0,True,0.99941885,1.6201488e-05,7.831435e-06,0.0005571031
42,7,none,random_linear,1632,108,1,1,True,0.0016292239,0.9493754,0.0007484529,0.048246946
42,7,none,random_linear,1633,108,0,0,True,0.99699926,0.0012599134,0.0012664698,0.00047437235
42,7,none,random_linear,1634,108,1,1,True,0.012192135,0.8587726,0.0009555639,0.12807983
42,7,none,random_linear,1635,108,0,1,False,0.13382164,0.5062538,0.12751876,0.23240575
42,7,none,random_linear,1636,108,1,1,True,0.0020757285,0.99001455,0.0033313958,0.0045783
42,7,none,random_linear,1637,108,1,1,True,1.0225622e-05,0.97895926,5.9250055e-05,0.02097121
42,7,none,random_linear,1638,108,2,1,False,0.0076632793,0.8315318,0.10579482,0.055010002
42,7,none,random_linear,1639,108,3,3,True,0.00019099478,0.011276197,0.0020095888,0.9865232
42,7,none,random_linear,1640,108,2,3,False,0.024656206,0.09593956,0.07364116,0.805763
42,7,none,random_linear,1641,108,3,3,True,0.00037730735,0.049494468,0.003003337,0.94712484
42,7,none,random_linear,1642,108,3,3,True,0.0005437681,0.012176541,0.0019199322,0.9853597
42,7,none,random_linear,1643,108,2,1,False,0.09978844,0.8124182,0.06336121,0.024432087
42,7,none,random_linear,1644,108,2,3,False,0.20970578,0.014154443,0.027520211,0.74861956
42,7,none,random_linear,1645,108,3,3,True,0.0029774974,0.045500305,0.002106331,0.9494159
42,7,none,random_linear,1646,108,2,1,False,0.016428022,0.9808802,0.0007501639,0.0019417298
42,7,none,random_linear,1647,108,3,3,True,0.0131938495,0.089100756,0.0011925322,0.89651287
42,7,none,random_linear,1648,108,3,3,True,0.0047722114,0.06685405,0.0042267293,0.924147
42,7,none,random_linear,1649,108,2,1,False,0.021220958,0.87704325,0.024304666,0.07743111
42,7,none,random_linear,1650,108,3,3,True,0.02893,0.004374957,0.008642241,0.9580528
42,7,none,random_linear,1651,108,2,1,False,0.04295626,0.42058477,0.2743922,0.2620668
42,7,none,random_linear,1652,108,3,3,True,0.056182195,0.025217906,0.0183958,0.9002041
42,7,none,random_linear,1653,108,1,1,True,4.2098472e-05,0.9177361,0.070493415,0.011728415
42,7,none,random_linear,1654,108,0,1,False,0.040365763,0.7502513,0.043631148,0.16575176
42,7,none,random_linear,1655,108,1,1,True,0.00492636,0.7328428,0.121125326,0.14110558
42,7,none,random_linear,1656,108,0,0,True,0.9553161,0.00082068826,0.003255098,0.040608104
42,7,none,random_linear,1657,108,0,0,True,0.57836336,0.02160304,0.0006026259,0.3994309
42,7,none,random_linear,1658,108,1,1,True,0.00067786605,0.978965,0.000826755,0.019530397
42,7,none,random_linear,1659,108,1,1,True,0.00035929846,0.9912416,0.000971572,0.007427544
42,7,none,random_linear,1660,108,0,0,True,0.9873023,0.0063735177,0.00077975594,0.0055444143
42,7,none,random_linear,1661,108,0,0,True,0.99309325,0.0016920493,0.001469989,0.0037446239
42,7,none,random_linear,1662,108,1,1,True,7.0052347e-06,0.99986804,9.073737e-05,3.4224387e-05
42,7,none,random_linear,1663,108,1,1,True,4.290328e-05,0.9963676,0.00026699752,0.003322568
42,7,none,random_linear,1664,108,0,3,False,0.48176104,0.01396505,0.016388705,0.4878853
42,7,none,random_linear,1665,108,1,1,True,0.0020163746,0.919416,0.06746768,0.011099911
42,7,none,random_linear,1666,108,0,0,True,0.76785284,0.017903188,0.012003492,0.20224051
42,7,none,random_linear,1667,108,1,1,True,0.027904663,0.9154558,0.0012830513,0.055356484
42,7,none,random_linear,1668,108,3,3,True,0.0002449356,0.0044064866,0.00041797513,0.99493057
42,7,none,random_linear,1669,108,2,3,False,0.100863084,0.3225284,0.12662137,0.44998717
42,7,none,random_linear,1670,108,3,3,True,0.0041862377,0.0025453307,0.002316443,0.990952
42,7,none,random_linear,1671,108,2,2,True,0.021533463,0.108765475,0.8185952,0.051105853
42,7,none,random_linear,1672,108,2,3,False,0.020906733,0.23355408,0.25710422,0.4884349
42,7,none,random_linear,1673,108,3,3,True,0.0010507171,0.04737911,0.001441134,0.9501291
42,7,none,random_linear,1674,108,2,2,True,0.018249758,0.3462137,0.5766007,0.058935925
42,7,none,random_linear,1675,108,3,1,False,0.008300442,0.8136809,0.112745814,0.06527286
42,7,none,random_linear,1676,108,2,1,False,0.0011871976,0.9844126,0.010611376,0.0037887446
42,7,none,random_linear,1677,108,3,1,False,0.01355647,0.9075204,0.021110408,0.057812702
42,7,none,random_linear,1678,108,2,1,False,0.048461046,0.7422302,0.081917785,0.12739106
42,7,none,random_linear,1679,108,3,1,False,0.1056524,0.55987203,0.09031487,0.24416071
42,7,none,random_linear,1680,108,2,2,True,0.0073715462,0.006004426,0.8509569,0.13566715
42,7,none,random_linear,1681,108,3,3,True,0.21069355,0.16417786,0.060798533,0.5643301
42,7,none,random_linear,1682,108,3,3,True,0.10521591,0.038429346,0.09911196,0.7572428
42,7,none,random_linear,1683,108,1,1,True,0.0015495447,0.92764956,0.017220013,0.053580888
42,7,none,random_linear,1684,108,0,0,True,0.51888025,0.21967505,0.14867726,0.1127675
42,7,none,random_linear,1685,108,0,3,False,0.014405416,0.24759042,0.23793945,0.50006473
42,7,none,random_linear,1686,108,1,1,True,0.058442704,0.5692566,0.32520854,0.0470921
42,7,none,random_linear,1687,108,0,3,False,0.06929666,0.38797668,0.006241221,0.5364855
42,7,none,random_linear,1688,108,1,1,True,0.1612467,0.7258555,0.11089767,0.0020001233
42,7,none,random_linear,1689,108,1,1,True,2.1873197e-05,0.9991572,0.0006205171,0.00020032952
42,7,none,random_linear,1690,108,0,0,True,0.56468666,0.009020147,0.027390443,0.39890274
42,7,none,random_linear,1691,108,0,3,False,0.2876854,0.2722213,0.14204569,0.2980476
42,7,none,random_linear,1692,108,1,1,True,0.00052214065,0.99820566,0.001001799,0.0002703493
42,7,none,random_linear,1693,108,0,3,False,0.20542252,0.07477384,0.005643852,0.7141598
42,7,none,random_linear,1694,108,1,1,True,0.03606581,0.8418865,0.007954665,0.1140929
42,7,none,random_linear,1695,108,1,1,True,4.6143534e-05,0.99979645,2.4601553e-05,0.00013283997
42,7,none,random_linear,1696,108,0,0,True,0.8169311,0.043897472,0.06194493,0.07722644
42,7,none,random_linear,1697,108,0,0,True,0.99959546,0.00026981303,1.7075961e-05,0.000117711264
42,7,none,random_linear,1698,108,3,3,True,0.08196974,0.39616945,0.024049902,0.49781093
42,7,none,random_linear,1699,108,2,3,False,0.010186233,0.2183216,0.13858527,0.6329069
42,7,none,random_linear,1700,108,2,2,True,0.006294532,0.059342153,0.7262551,0.20810822
42,7,none,random_linear,1701,108,3,3,True,0.00023860899,0.002095987,0.0003733446,0.997292
42,7,none,random_linear,1702,108,2,3,False,0.22354755,0.09358476,0.048204653,0.63466305
42,7,none,random_linear,1703,108,3,2,False,0.013067016,0.049052633,0.8062473,0.13163313
42,7,none,random_linear,1704,108,3,3,True,0.0007373824,0.0019907276,0.004557629,0.9927142
42,7,none,random_linear,1705,108,2,2,True,0.004382489,0.023719063,0.86976266,0.10213576
42,7,none,random_linear,1706,108,3,3,True,0.0070743016,0.04114539,0.12608744,0.8256929
42,7,none,random_linear,1707,108,2,1,False,0.008983112,0.896078,0.013573631,0.081365354
42,7,none,random_linear,1708,108,2,2,True,0.2360503,0.039789457,0.5102964,0.21386386
42,7,none,random_linear,1709,108,3,3,True,0.0084348805,0.09545652,0.008764667,0.88734394
42,7,none,random_linear,1710,108,2,1,False,0.002501309,0.8843816,0.02113393,0.091983125
42,7,none,random_linear,1711,108,3,1,False,0.0006266789,0.83019495,0.001606479,0.16757195
42,7,none,random_linear,1712,108,2,1,False,0.35413054,0.49165016,0.028364373,0.12585492
42,7,none,random_linear,1713,109,0,0,True,0.9906722,0.0005496105,0.00057052105,0.0082076285
42,7,none,random_linear,1714,109,1,1,True,0.24653569,0.5730338,0.12654252,0.05388798
42,7,none,random_linear,1715,109,1,1,True,7.3910746e-06,0.99997866,6.5552517e-06,7.3903843e-06
42,7,none,random_linear,1716,109,0,1,False,0.122861855,0.5461005,0.18583165,0.14520593
42,7,none,random_linear,1717,109,1,1,True,0.0022529347,0.9974712,0.00015471058,0.00012113242
42,7,none,random_linear,1718,109,0,0,True,0.905661,0.06253296,0.026279049,0.005527105
42,7,none,random_linear,1719,109,1,1,True,0.02003028,0.86209416,0.115097724,0.002777731
42,7,none,random_linear,1720,109,0,0,True,0.95074195,0.004976111,0.042342346,0.0019396547
42,7,none,random_linear,1721,109,1,1,True,0.008322196,0.97675645,0.0026622987,0.0122590475
42,7,none,random_linear,1722,109,0,2,False,0.08990104,0.14840947,0.71539825,0.04629129
42,7,none,random_linear,1723,109,0,0,True,0.9420971,0.0014151159,0.014497408,0.041990362
42,7,none,random_linear,1724,109,1,1,True,0.0012876596,0.9648748,0.0018679246,0.031969514
42,7,none,random_linear,1725,109,0,0,True,0.99992836,3.5147257e-06,5.3314045e-05,1.48668305e-05
42,7,none,random_linear,1726,109,1,3,False,0.22429499,0.34263012,0.03492538,0.39814946
42,7,none,random_linear,1727,109,1,1,True,0.009477739,0.9803601,0.008724552,0.0014375742
42,7,none,random_linear,1728,109,3,1,False,0.0017426226,0.7103146,0.07835918,0.20958355
42,7,none,random_linear,1729,109,2,1,False,0.0027923128,0.5948509,0.33031926,0.07203755
42,7,none,random_linear,1730,109,2,1,False,0.11737548,0.6247616,0.13910948,0.11875351
42,7,none,random_linear,1731,109,3,3,True,0.049956493,0.009198596,0.0355996,0.90524536
42,7,none,random_linear,1732,109,3,3,True,0.010991381,0.12433511,0.21099728,0.6536762
42,7,none,random_linear,1733,109,2,2,True,0.27132523,0.024795175,0.58638847,0.11749114
42,7,none,random_linear,1734,109,2,2,True,0.122241795,0.3013683,0.5259869,0.050403006
42,7,none,random_linear,1735,109,3,1,False,0.1450122,0.38680938,0.20846272,0.25971577
42,7,none,random_linear,1736,109,2,3,False,0.12906058,0.04898328,0.097381875,0.72457427
42,7,none,random_linear,1737,109,3,3,True,0.027444148,0.04780528,0.022060962,0.90268964
42,7,none,random_linear,1738,109,2,0,False,0.7043028,0.14495248,0.001830585,0.1489142
42,7,none,random_linear,1739,109,3,0,False,0.69844276,0.16062988,0.12471272,0.016214719
42,7,none,random_linear,1740,109,3,3,True,0.05163061,0.060557917,0.3691055,0.51870596
42,7,none,random_linear,1741,109,2,3,False,0.28870904,0.32054278,0.059070665,0.33167753
42,7,none,random_linear,1742,109,2,1,False,0.0021687057,0.9568231,0.0017563552,0.039251935
42,7,none,random_linear,1743,109,1,1,True,0.0028441455,0.9216935,0.02069699,0.054765515
42,7,none,random_linear,1744,109,0,0,True,0.60848325,0.10799201,0.20086335,0.08266139
42,7,none,random_linear,1745,109,1,0,False,0.49866167,0.34071156,0.018702175,0.14192463
42,7,none,random_linear,1746,109,0,3,False,0.0845308,0.05135168,0.17205925,0.6920582
42,7,none,random_linear,1747,109,0,0,True,0.9952766,0.00048771763,0.0005111914,0.0037244272
42,7,none,random_linear,1748,109,1,2,False,0.43403,0.08155884,0.4647108,0.019700367
42,7,none,random_linear,1749,109,0,3,False,0.32391173,0.041180354,0.09178031,0.54312766
42,7,none,random_linear,1750,109,1,1,True,0.017898573,0.88004214,0.0055526267,0.09650671
42,7,none,random_linear,1751,109,1,1,True,0.014229229,0.8325434,0.09024779,0.06297962
42,7,none,random_linear,1752,109,0,2,False,0.042798214,0.0058507402,0.9399584,0.011392591
42,7,none,random_linear,1753,109,1,0,False,0.47036052,0.1643976,0.008603874,0.35663804
42,7,none,random_linear,1754,109,0,1,False,0.10222861,0.7361369,0.0077639148,0.15387058
42,7,none,random_linear,1755,109,1,1,True,0.0009507117,0.9977404,0.0011706434,0.00013833414
42,7,none,random_linear,1756,109,0,1,False,0.080847785,0.833055,0.026530005,0.05956727
42,7,none,random_linear,1757,109,0,0,True,0.9947819,0.0042612194,0.00041648274,0.00054042996
42,7,none,random_linear,1758,109,2,3,False,0.116400726,0.037708744,0.005505616,0.8403849
42,7,none,random_linear,1759,109,3,0,False,0.7849272,0.072254606,0.019495832,0.12332246
42,7,none,random_linear,1760,109,2,3,False,0.048883453,0.27740064,0.09687327,0.5768426
42,7,none,random_linear,1761,109,3,3,True,0.13650642,0.02373656,0.07061412,0.7691429
42,7,none,random_linear,1762,109,3,1,False,0.028393198,0.7926945,0.002254386,0.17665786
42,7,none,random_linear,1763,109,2,3,False,0.06430078,0.047036976,0.09827176,0.79039043
42,7,none,random_linear,1764,109,3,3,True,0.0075600767,0.0060239853,0.044640586,0.9417754
42,7,none,random_linear,1765,109,2,1,False,0.06302728,0.785329,0.03363439,0.11800932
42,7,none,random_linear,1766,109,3,1,False,0.004442649,0.6966616,0.01862528,0.28027046
42,7,none,random_linear,1767,109,2,3,False,0.19922236,0.10027904,0.22015922,0.4803394
42,7,none,random_linear,1768,109,2,2,True,0.059805583,0.18390076,0.44016823,0.31612545
42,7,none,random_linear,1769,109,3,3,True,0.06972748,0.00915642,0.0012281939,0.91988796
42,7,none,random_linear,1770,109,2,1,False,0.042610656,0.74315304,0.06297451,0.15126179
42,7,none,random_linear,1771,109,3,3,True,0.007939178,0.29625955,0.07386714,0.6219341
42,7,none,random_linear,1772,109,2,2,True,0.21211125,0.16967975,0.48562166,0.13258734
42,7,none,random_linear,1773,109,1,3,False,0.010128248,0.38872275,0.03267084,0.56847817
42,7,none,random_linear,1774,109,0,2,False,0.21766417,0.04837465,0.6672501,0.066711076
42,7,none,random_linear,1775,109,1,0,False,0.515503,0.114013195,0.36743206,0.0030517904
42,7,none,random_linear,1776,109,0,3,False,0.0043063243,0.004356899,0.0032450552,0.9880917
42,7,none,random_linear,1777,109,0,2,False,0.07814709,0.029401438,0.8667517,0.025699766
42,7,none,random_linear,1778,109,1,1,True,0.011825711,0.7311809,0.017532147,0.23946121
42,7,none,random_linear,1779,109,1,1,True,0.27932712,0.3552085,0.14196023,0.22350425
42,7,none,random_linear,1780,109,0,3,False,0.011640857,0.018308556,0.21641831,0.75363225
42,7,none,random_linear,1781,109,1,1,True,0.36168942,0.5497504,0.024652151,0.06390797
42,7,none,random_linear,1782,109,0,1,False,0.035884526,0.8244551,0.11397821,0.02568226
42,7,none,random_linear,1783,109,0,0,True,0.63229865,0.10832228,0.027661372,0.23171769
42,7,none,random_linear,1784,109,1,2,False,0.1166973,0.04636046,0.4273841,0.40955815
42,7,none,random_linear,1785,109,0,0,True,0.95901996,0.0029169926,0.0155496765,0.022513367
42,7,none,random_linear,1786,109,1,0,False,0.7547289,0.034130584,0.10470359,0.10643699
42,7,none,random_linear,1787,109,0,2,False,0.06955749,0.20558403,0.493188,0.2316705
42,7,none,random_linear,1788,109,2,1,False,0.0027151506,0.88444024,0.10359948,0.009245141
42,7,none,random_linear,1789,109,3,3,True,0.08988026,0.1094478,0.17503689,0.6256351
42,7,none,random_linear,1790,109,2,1,False,0.016094275,0.63864845,0.031913713,0.3133435
42,7,none,random_linear,1791,109,3,3,True,0.18615004,0.021427657,0.2841032,0.5083191
42,7,none,random_linear,1792,109,2,3,False,0.040674396,0.04114798,0.35039386,0.5677838
42,7,none,random_linear,1793,109,3,3,True,0.029935995,0.24949591,0.13756995,0.58299816
42,7,none,random_linear,1794,109,2,0,False,0.486146,0.008021475,0.48114136,0.024691213
42,7,none,random_linear,1795,109,3,3,True,0.006428449,0.013847075,0.13186714,0.84785736
42,7,none,random_linear,1796,109,3,1,False,0.00966872,0.71041423,0.0027565102,0.27716053
42,7,none,random_linear,1797,109,2,3,False,0.014271068,0.077308014,0.35282394,0.55559695
42,7,none,random_linear,1798,109,3,1,False,0.00406058,0.9197892,0.0010517463,0.07509847
42,7,none,random_linear,1799,109,2,3,False,0.017018536,0.22997089,0.015608912,0.73740166
42,7,none,random_linear,1800,109,2,3,False,0.046379913,0.029879512,0.41403523,0.50970536
42,7,none,random_linear,1801,109,3,2,False,0.15600078,0.21356429,0.39630747,0.23412745
42,7,none,random_linear,1802,109,3,0,False,0.40648293,0.09328247,0.20392507,0.2963096
