probe_seed,reference_seed,defense,test_view,trial_index,subject_id,y_true,y_pred,correct,prob_left_fist,prob_right_fist,prob_both_fists,prob_both_feet
21,7,none,car,0,90,0,0,True,0.86826944,0.012953615,0.0089968825,0.109780006
21,7,none,car,1,90,1,1,True,0.109669656,0.85598737,0.014724334,0.019618642
21,7,none,car,2,90,1,1,True,0.0010945547,0.9967721,7.337753e-05,0.0020598026
21,7,none,car,3,90,0,0,True,0.87639356,0.0025627303,0.048277017,0.07276662
21,7,none,car,4,90,1,1,True,0.024683984,0.95081586,0.01736914,0.007131013
21,7,none,car,5,90,0,0,True,0.91405606,0.001089378,0.033696737,0.0511577
21,7,none,car,6,90,1,1,True,0.2505442,0.70267814,0.010864988,0.035912618
21,7,none,car,7,90,0,0,True,0.98049223,0.0027577484,0.0011627775,0.015587299
21,7,none,car,8,90,0,0,True,0.8090244,0.06011081,0.0049765976,0.12588817
21,7,none,car,9,90,1,1,True,0.0027144689,0.98017657,0.013891072,0.0032179803
21,7,none,car,10,90,0,0,True,0.8139879,0.13639867,0.02453858,0.02507476
21,7,none,car,11,90,1,1,True,0.004438964,0.99511516,0.00022550981,0.0002203361
21,7,none,car,12,90,0,0,True,0.76563054,0.0023506116,0.029667964,0.20235096
21,7,none,car,13,90,1,2,False,0.18668577,0.17864996,0.62064236,0.014021879
21,7,none,car,14,90,1,1,True,0.03472418,0.9137917,0.050360333,0.0011237197
21,7,none,car,15,90,3,0,False,0.753252,0.062161423,0.117423125,0.06716344
21,7,none,car,16,90,2,2,True,0.08477378,0.01174044,0.5760149,0.32747087
21,7,none,car,17,90,2,3,False,0.21550226,0.026916109,0.16041589,0.5971657
21,7,none,car,18,90,3,3,True,0.26036498,0.011552024,0.05233359,0.6757494
21,7,none,car,19,90,3,3,True,0.0799832,0.050360817,0.18896675,0.6806892
21,7,none,car,20,90,2,2,True,0.37412253,0.14640759,0.46796805,0.011501718
21,7,none,car,21,90,3,3,True,0.054749925,0.052995183,0.2600907,0.6321642
21,7,none,car,22,90,2,2,True,0.24827076,0.2671827,0.41973647,0.064810105
21,7,none,car,23,90,2,2,True,0.052138556,0.028864868,0.7767041,0.14229256
21,7,none,car,24,90,3,0,False,0.75938076,0.089506164,0.09892708,0.052186012
21,7,none,car,25,90,2,2,True,0.08178129,0.07636364,0.80409485,0.03776023
21,7,none,car,26,90,3,0,False,0.38834128,0.16118708,0.27503616,0.17543551
21,7,none,car,27,90,3,3,True,0.093204156,0.045042094,0.3650307,0.4967231
21,7,none,car,28,90,2,1,False,0.27069557,0.3315038,0.21915598,0.17864469
21,7,none,car,29,90,2,2,True,0.052325968,0.08562378,0.83890885,0.023141382
21,7,none,car,30,90,1,1,True,0.07951803,0.91811347,0.0018660993,0.00050248404
21,7,none,car,31,90,0,0,True,0.6845093,0.07694823,0.16517843,0.07336402
21,7,none,car,32,90,1,1,True,5.2312163e-05,0.99921775,6.22143e-05,0.0006677855
21,7,none,car,33,90,0,0,True,0.8312907,0.013540753,0.1255447,0.029623797
21,7,none,car,34,90,1,1,True,0.053016454,0.6714587,0.10870712,0.16681771
21,7,none,car,35,90,0,2,False,0.25268435,0.036698654,0.6466615,0.063955426
21,7,none,car,36,90,1,3,False,0.04838271,0.37721178,0.021394582,0.5530109
21,7,none,car,37,90,0,0,True,0.82204247,0.07903836,0.08345469,0.015464461
21,7,none,car,38,90,1,1,True,0.0129925655,0.5924234,0.3835772,0.011006906
21,7,none,car,39,90,0,0,True,0.61742103,0.017135378,0.23885685,0.12658681
21,7,none,car,40,90,1,1,True,0.37004328,0.4847148,0.034386046,0.11085593
21,7,none,car,41,90,0,0,True,0.5249923,0.001180643,0.15265751,0.32116964
21,7,none,car,42,90,1,1,True,0.03143363,0.828066,0.12913942,0.0113609815
21,7,none,car,43,90,0,2,False,0.16123292,0.20222118,0.45137653,0.18516934
21,7,none,car,44,90,1,1,True,0.00035564115,0.95974743,0.031958003,0.007938951
21,7,none,car,45,90,2,2,True,0.36958256,0.015779883,0.43219858,0.18243897
21,7,none,car,46,90,3,2,False,0.039570555,0.004601533,0.750706,0.20512195
21,7,none,car,47,90,3,3,True,0.11586897,0.027952215,0.21998876,0.6361901
21,7,none,car,48,90,2,3,False,0.30313006,0.017410731,0.2616668,0.4177924
21,7,none,car,49,90,3,3,True,0.1260534,0.05606444,0.17637622,0.64150596
21,7,none,car,50,90,2,2,True,0.15778045,0.025937367,0.6135848,0.20269734
21,7,none,car,51,90,3,3,True,0.0526439,0.016539188,0.020134274,0.9106826
21,7,none,car,52,90,2,2,True,0.20293994,0.09443629,0.4462598,0.25636393
21,7,none,car,53,90,3,3,True,0.22821195,0.0057423944,0.14261709,0.6234285
21,7,none,car,54,90,2,2,True,0.32512507,0.018143136,0.44121453,0.21551728
21,7,none,car,55,90,2,3,False,0.12645747,0.09289414,0.3770673,0.4035811
21,7,none,car,56,90,3,2,False,0.055957045,0.008482771,0.59973174,0.33582842
21,7,none,car,57,90,2,2,True,0.021524558,0.010208409,0.6339459,0.33432117
21,7,none,car,58,90,3,3,True,0.09570738,0.008826656,0.19743936,0.69802666
21,7,none,car,59,90,3,3,True,0.07396163,0.11692625,0.117019266,0.69209284
21,7,none,car,60,90,1,1,True,0.07849833,0.86921376,0.034874216,0.017413652
21,7,none,car,61,90,0,0,True,0.9433624,0.012801953,0.025885342,0.017950252
21,7,none,car,62,90,1,1,True,0.031262036,0.9509881,0.01713205,0.00061775156
21,7,none,car,63,90,0,0,True,0.73785204,0.00965994,0.16677411,0.08571392
21,7,none,car,64,90,0,0,True,0.9486916,0.00038171714,0.045471203,0.005455473
21,7,none,car,65,90,1,1,True,0.013136355,0.96419495,0.022037644,0.00063100545
21,7,none,car,66,90,1,1,True,0.026419176,0.745816,0.21240683,0.015358035
21,7,none,car,67,90,0,0,True,0.90209264,0.0022327763,0.021779891,0.07389475
21,7,none,car,68,90,0,0,True,0.97905195,0.0018607359,0.016435962,0.0026513513
21,7,none,car,69,90,1,3,False,0.14891165,0.10470781,0.19671792,0.5496626
21,7,none,car,70,90,1,1,True,0.057384256,0.8750843,0.029717162,0.037814327
21,7,none,car,71,90,0,0,True,0.6566757,0.015421022,0.18510029,0.14280295
21,7,none,car,72,90,1,2,False,0.16544718,0.06946348,0.54176646,0.22332281
21,7,none,car,73,90,0,0,True,0.7932113,0.006634461,0.17531253,0.024841709
21,7,none,car,74,90,0,0,True,0.73551095,0.004799297,0.08970953,0.16998018
21,7,none,car,75,90,2,2,True,0.017715868,0.008096729,0.57491755,0.3992699
21,7,none,car,76,90,3,0,False,0.9468651,0.0027735399,0.039834566,0.010526814
21,7,none,car,77,90,2,2,True,0.16562536,0.019044671,0.72324413,0.092085846
21,7,none,car,78,90,3,3,True,0.070607364,0.009914764,0.1927882,0.7266897
21,7,none,car,79,90,2,1,False,0.025789492,0.7177706,0.21524888,0.041190945
21,7,none,car,80,90,3,2,False,0.21613835,0.089499936,0.37666628,0.31769547
21,7,none,car,81,90,2,2,True,0.037751954,0.010067417,0.5810599,0.37112075
21,7,none,car,82,90,3,2,False,0.14434434,0.04085132,0.5109587,0.30384558
21,7,none,car,83,90,2,2,True,0.026449323,0.002455645,0.9364767,0.034618292
21,7,none,car,84,90,3,2,False,0.10811421,0.045357164,0.5060864,0.34044227
21,7,none,car,85,90,2,0,False,0.426324,0.14856231,0.20185636,0.22325732
21,7,none,car,86,90,3,0,False,0.42901033,0.03477356,0.13140596,0.4048101
21,7,none,car,87,90,3,2,False,0.40883172,0.028857188,0.41667795,0.14563306
21,7,none,car,88,90,2,2,True,0.06380817,0.04871027,0.6182204,0.26926118
21,7,none,car,89,90,3,0,False,0.4189734,0.12198613,0.123755485,0.335285
21,7,none,car,90,91,0,0,True,0.8511777,0.03622402,0.06639041,0.04620797
21,7,none,car,91,91,1,3,False,0.34353197,0.036999874,0.07619568,0.54327244
21,7,none,car,92,91,0,3,False,0.08291863,0.02776983,0.123626396,0.7656852
21,7,none,car,93,91,1,1,True,0.031143744,0.6736065,0.077167965,0.21808177
21,7,none,car,94,91,1,1,True,0.0016430359,0.99249285,0.001052486,0.00481165
21,7,none,car,95,91,0,0,True,0.9409094,0.00381432,0.016500037,0.038776245
21,7,none,car,96,91,1,1,True,0.086548075,0.8843396,0.019118592,0.009993695
21,7,none,car,97,91,0,0,True,0.5183077,0.060362488,0.08561853,0.3357113
21,7,none,car,98,91,0,0,True,0.99518627,0.0005997343,0.0009339726,0.003280078
21,7,none,car,99,91,1,3,False,0.09737989,0.22973345,0.045073655,0.62781304
21,7,none,car,100,91,0,0,True,0.993536,0.00035564584,0.0021825682,0.003925748
21,7,none,car,101,91,1,2,False,0.009993052,0.11701525,0.7781377,0.09485406
21,7,none,car,102,91,1,1,True,0.011002937,0.8153244,0.026251355,0.14742123
21,7,none,car,103,91,0,0,True,0.9386929,0.0009422955,0.04880414,0.011560631
21,7,none,car,104,91,0,0,True,0.9965205,0.00042990007,0.0016458423,0.0014036741
21,7,none,car,105,91,2,3,False,0.003935619,0.061113164,0.14643402,0.7885171
21,7,none,car,106,91,3,3,True,0.0026333737,0.023736626,0.23927847,0.7343516
21,7,none,car,107,91,3,3,True,0.004561224,0.0070848,0.0215458,0.9668082
21,7,none,car,108,91,2,2,True,0.021497864,0.017074421,0.8964135,0.06501424
21,7,none,car,109,91,2,2,True,0.0011374648,0.0033632086,0.9734761,0.022023208
21,7,none,car,110,91,3,2,False,0.05565548,0.015545411,0.47549593,0.45330325
21,7,none,car,111,91,3,3,True,0.0022529808,0.00850536,0.03268184,0.95655984
21,7,none,car,112,91,2,2,True,0.019542806,0.016868716,0.565817,0.39777142
21,7,none,car,113,91,3,2,False,0.05517658,0.0056845,0.8603976,0.078741305
21,7,none,car,114,91,2,2,True,0.00072053,0.0009953396,0.9962998,0.0019843532
21,7,none,car,115,91,3,2,False,0.0040709767,0.0019796486,0.95933867,0.03461062
21,7,none,car,116,91,2,2,True,0.069350235,0.039200358,0.765936,0.12551339
21,7,none,car,117,91,2,2,True,0.0063934396,0.008035234,0.52311283,0.4624585
21,7,none,car,118,91,3,2,False,0.019602777,0.00526471,0.9204903,0.0546422
21,7,none,car,119,91,2,2,True,0.00026849812,0.0033015143,0.9896429,0.006787043
21,7,none,car,120,91,0,0,True,0.90249634,0.033880506,0.047362424,0.016260682
21,7,none,car,121,91,1,3,False,0.042980976,0.0056151524,0.38352913,0.5678748
21,7,none,car,122,91,1,1,True,0.026545828,0.46209595,0.39989924,0.111459
21,7,none,car,123,91,0,3,False,0.004318977,0.016225785,0.14946637,0.8299889
21,7,none,car,124,91,0,0,True,0.99023765,0.0025183216,0.0021767428,0.005067379
21,7,none,car,125,91,1,2,False,0.018107127,0.062259477,0.54222685,0.37740663
21,7,none,car,126,91,1,2,False,0.0007946929,0.2911242,0.6138839,0.09419726
21,7,none,car,127,91,0,3,False,0.10157867,0.0048916927,0.21819049,0.6753391
21,7,none,car,128,91,0,0,True,0.9987556,1.094533e-05,0.00017630166,0.00105716
21,7,none,car,129,91,1,1,True,0.027958646,0.3930701,0.20946047,0.36951083
21,7,none,car,130,91,1,3,False,0.013922403,0.054007336,0.20226865,0.72980165
21,7,none,car,131,91,0,0,True,0.98670876,0.00019430324,0.012038399,0.0010585268
21,7,none,car,132,91,1,3,False,0.23640399,0.2547368,0.028796917,0.4800623
21,7,none,car,133,91,0,3,False,0.02237683,0.005174141,0.018779073,0.95366997
21,7,none,car,134,91,1,0,False,0.78637654,0.00021623942,0.08373386,0.12967339
21,7,none,car,135,91,2,3,False,0.06817898,0.22042096,0.118848026,0.59255207
21,7,none,car,136,91,3,2,False,0.029605553,0.009692324,0.7493238,0.21137829
21,7,none,car,137,91,2,3,False,0.13226265,0.031346515,0.40872186,0.42766902
21,7,none,car,138,91,3,2,False,0.017463973,0.010119099,0.7821269,0.19029002
21,7,none,car,139,91,2,2,True,0.026253,0.0055105323,0.73407614,0.23416029
21,7,none,car,140,91,3,3,True,8.9604204e-05,0.00037478318,0.00378551,0.99575007
21,7,none,car,141,91,2,2,True,0.0045468053,0.007849105,0.9868297,0.0007744274
21,7,none,car,142,91,3,3,True,0.0021493647,0.00056577264,0.018860225,0.97842467
21,7,none,car,143,91,2,2,True,0.014511977,0.0775737,0.7630058,0.14490843
21,7,none,car,144,91,3,2,False,0.0013481241,0.009933091,0.6329686,0.35575017
21,7,none,car,145,91,3,3,True,0.024636703,0.012238561,0.008902241,0.9542225
21,7,none,car,146,91,2,3,False,0.35277098,0.0015621149,0.02060218,0.6250648
21,7,none,car,147,91,2,3,False,0.0014976395,0.005645985,0.10611072,0.8867456
21,7,none,car,148,91,3,3,True,0.030301755,0.004503173,0.19352417,0.77167094
21,7,none,car,149,91,3,3,True,0.0034637514,0.02110949,0.014407373,0.96101934
21,7,none,car,150,91,1,1,True,2.046352e-05,0.9259949,0.07233078,0.0016539805
21,7,none,car,151,91,0,3,False,0.27114773,0.0043144724,0.097796984,0.6267408
21,7,none,car,152,91,1,3,False,0.005871127,0.14427325,0.35816437,0.49169132
21,7,none,car,153,91,0,0,True,0.96955955,4.1449573e-05,0.020031389,0.01036758
21,7,none,car,154,91,0,2,False,0.04884134,0.00048718043,0.9497841,0.0008873902
21,7,none,car,155,91,1,2,False,0.018405348,0.00014518134,0.9688325,0.012616968
21,7,none,car,156,91,1,2,False,5.695295e-05,0.06460542,0.9293977,0.0059399134
21,7,none,car,157,91,0,0,True,0.9975349,9.749056e-05,0.0017834721,0.0005841646
21,7,none,car,158,91,0,0,True,0.95898956,0.0027617328,0.025064941,0.013183711
21,7,none,car,159,91,1,2,False,0.028885428,0.05387518,0.46861324,0.44862622
21,7,none,car,160,91,0,0,True,0.937347,0.0014896564,0.054180976,0.006982425
21,7,none,car,161,91,1,1,True,0.013308709,0.72667754,0.06387808,0.1961356
21,7,none,car,162,91,1,2,False,0.06052934,0.047151525,0.7327448,0.1595743
21,7,none,car,163,91,0,0,True,0.7457523,0.00022874858,0.13868853,0.115330346
21,7,none,car,164,91,1,2,False,0.0031207986,0.0035496205,0.9186852,0.074644424
21,7,none,car,165,91,2,2,True,0.0091144815,0.0024821232,0.9316955,0.05670786
21,7,none,car,166,91,3,2,False,0.018558377,0.0016696474,0.7205551,0.25921682
21,7,none,car,167,91,3,2,False,0.00034461907,0.0139829265,0.84876883,0.13690367
21,7,none,car,168,91,2,2,True,0.0045164907,0.0074402583,0.8916491,0.09639407
21,7,none,car,169,91,2,2,True,0.0006575112,8.952953e-05,0.91205734,0.08719563
21,7,none,car,170,91,3,2,False,0.015424991,0.023181058,0.7234726,0.23792139
21,7,none,car,171,91,3,3,True,0.0021100582,0.0016138699,0.06479675,0.9314793
21,7,none,car,172,91,2,2,True,0.004009443,0.009707771,0.78507376,0.20120904
21,7,none,car,173,91,3,3,True,0.03579599,0.040186293,0.2131217,0.710896
21,7,none,car,174,91,2,2,True,0.02138851,0.0005569608,0.69706774,0.2809868
21,7,none,car,175,91,2,2,True,0.0013578555,0.007554932,0.9620365,0.029050749
21,7,none,car,176,91,3,2,False,0.0076035406,0.01024163,0.5220936,0.46006128
21,7,none,car,177,91,3,2,False,0.08161269,0.0014723751,0.5362015,0.3807135
21,7,none,car,178,91,2,2,True,0.007691995,0.049885895,0.896759,0.04566319
21,7,none,car,179,91,3,2,False,0.0034096644,0.0024227384,0.6918449,0.3023227
21,7,none,car,180,92,1,3,False,0.05104251,0.1453394,0.038891625,0.76472646
21,7,none,car,181,92,0,3,False,0.11377372,0.08339478,0.09212325,0.7107083
21,7,none,car,182,92,1,0,False,0.6363667,0.088712856,0.15981965,0.11510072
21,7,none,car,183,92,0,2,False,0.2039058,0.015816566,0.76655555,0.013722181
21,7,none,car,184,92,0,3,False,0.25571018,0.050408974,0.19483832,0.49904245
21,7,none,car,185,92,1,1,True,0.08256944,0.7798731,0.09255984,0.04499771
21,7,none,car,186,92,0,0,True,0.9181608,0.0146595435,0.037102845,0.030076921
21,7,none,car,187,92,1,1,True,0.092836395,0.9030048,0.002928369,0.0012303449
21,7,none,car,188,92,1,1,True,0.0042879754,0.99481744,0.00025184065,0.0006426075
21,7,none,car,189,92,0,2,False,0.39918882,0.05549343,0.46806133,0.07725642
21,7,none,car,190,92,0,0,True,0.91526353,0.027370503,0.02478483,0.0325812
21,7,none,car,191,92,1,3,False,0.3428583,0.031039242,0.1279809,0.49812156
21,7,none,car,192,92,0,0,True,0.9590235,0.019624094,0.01972876,0.001623673
21,7,none,car,193,92,1,3,False,0.0124427015,0.06341399,0.01477031,0.90937304
21,7,none,car,194,92,0,2,False,0.24911481,0.07236872,0.6024001,0.07611627
21,7,none,car,195,92,1,1,True,0.09679157,0.79681396,0.030424597,0.07596989
21,7,none,car,196,92,1,1,True,0.0061835283,0.98962176,0.0022010969,0.0019935563
21,7,none,car,197,92,0,0,True,0.98210436,0.009415818,0.0054686503,0.0030111372
21,7,none,car,198,92,1,1,True,0.052094065,0.604239,0.31578508,0.027881905
21,7,none,car,199,92,2,0,False,0.5761949,0.06147831,0.12356746,0.23875937
21,7,none,car,200,92,3,3,True,0.3341868,0.03688305,0.1919937,0.43693653
21,7,none,car,201,92,2,3,False,0.2317672,0.022404486,0.19774716,0.54808116
21,7,none,car,202,92,3,3,True,0.17442924,0.018793672,0.16820832,0.63856876
21,7,none,car,203,92,2,1,False,0.34343427,0.37956798,0.23841411,0.038583618
21,7,none,car,204,92,3,3,True,0.11521868,0.06498542,0.076661006,0.7431349
21,7,none,car,205,92,2,2,True,0.10540128,0.1145368,0.48431113,0.29575077
21,7,none,car,206,92,3,0,False,0.4679768,0.14036778,0.051421765,0.34023356
21,7,none,car,207,92,3,0,False,0.42976013,0.21320249,0.12672557,0.23031186
21,7,none,car,208,92,2,0,False,0.6187617,0.030864792,0.12026359,0.23010992
21,7,none,car,209,92,2,2,True,0.008478913,0.1908696,0.7896026,0.011048895
21,7,none,car,210,92,3,3,True,0.04698708,0.24632463,0.003950391,0.7027379
21,7,none,car,211,92,3,3,True,0.05309974,0.09984345,0.015051812,0.832005
21,7,none,car,212,92,2,3,False,0.1923773,0.37977302,0.041593604,0.3862561
21,7,none,car,213,92,3,0,False,0.5479252,0.13372968,0.07383553,0.24450962
21,7,none,car,214,92,2,0,False,0.91568476,0.021530086,0.045349516,0.017435659
21,7,none,car,215,92,2,3,False,0.045904413,0.051439375,0.26031253,0.6423437
21,7,none,car,216,92,3,1,False,0.06252613,0.41121477,0.19377711,0.332482
21,7,none,car,217,92,2,2,True,0.016808027,0.106599614,0.78921527,0.08737708
21,7,none,car,218,92,0,0,True,0.9970907,0.00033874658,0.0016504602,0.00092016254
21,7,none,car,219,92,1,0,False,0.57839906,0.3933464,0.014464838,0.0137896165
21,7,none,car,220,92,0,0,True,0.96537626,0.017452294,0.009426366,0.0077451034
21,7,none,car,221,92,1,1,True,0.11009739,0.7957443,0.026443318,0.06771506
21,7,none,car,222,92,1,1,True,0.09432635,0.8884057,0.0136311855,0.0036368065
21,7,none,car,223,92,0,0,True,0.8479711,0.06614203,0.03222597,0.05366103
21,7,none,car,224,92,1,1,True,0.0031432405,0.91659874,0.00026854553,0.079989456
21,7,none,car,225,92,0,1,False,0.28228608,0.66154605,0.04369676,0.0124711655
21,7,none,car,226,92,0,0,True,0.98048455,0.013747066,0.0009760097,0.004792469
21,7,none,car,227,92,1,1,True,0.012996364,0.90692526,0.012398609,0.06767975
21,7,none,car,228,92,1,1,True,0.0003127793,0.97306144,0.0019730246,0.024652772
21,7,none,car,229,92,0,0,True,0.90810597,0.0016928785,0.011007481,0.07919373
21,7,none,car,230,92,1,1,True,0.0059634196,0.99007237,0.0010889856,0.0028752137
21,7,none,car,231,92,0,3,False,0.31215036,0.16105898,0.15182701,0.37496364
21,7,none,car,232,92,0,0,True,0.991561,0.00043083043,0.002198667,0.005809509
21,7,none,car,233,92,1,1,True,0.010930268,0.983185,0.0010586971,0.004826077
21,7,none,car,234,92,0,0,True,0.5490963,0.0015387064,0.19205198,0.25731307
21,7,none,car,235,92,1,1,True,0.01617316,0.9311232,0.03624512,0.016458508
21,7,none,car,236,92,1,1,True,0.0064033316,0.9869827,0.00029227382,0.006321739
21,7,none,car,237,92,3,3,True,0.09031211,0.07254662,0.008184124,0.82895714
21,7,none,car,238,92,2,3,False,0.25700557,0.049601257,0.037193708,0.6561994
21,7,none,car,239,92,3,0,False,0.40283826,0.23710527,0.15743928,0.20261715
21,7,none,car,240,92,2,2,True,0.116966926,0.1567928,0.5699655,0.1562748
21,7,none,car,241,92,2,2,True,0.2653285,0.2065102,0.4848088,0.043352507
21,7,none,car,242,92,3,2,False,0.21890412,0.07536983,0.43374127,0.27198482
21,7,none,car,243,92,2,0,False,0.40567714,0.28814855,0.18381505,0.12235932
21,7,none,car,244,92,3,0,False,0.40259546,0.37127405,0.16835794,0.05777258
21,7,none,car,245,92,2,0,False,0.37269723,0.2736903,0.23254712,0.121065415
21,7,none,car,246,92,3,3,True,0.0056304424,0.061295792,0.023965009,0.9091087
21,7,none,car,247,92,2,2,True,0.04059882,0.19782558,0.40827566,0.35329995
21,7,none,car,248,92,3,3,True,0.021433393,0.18334553,0.10132324,0.69389784
21,7,none,car,249,92,3,3,True,0.0159663,0.10372951,0.008372491,0.8719317
21,7,none,car,250,92,2,2,True,0.027067913,0.041594747,0.8983615,0.032975797
21,7,none,car,251,92,3,3,True,0.020920249,0.011050091,0.02821735,0.93981236
21,7,none,car,252,92,2,0,False,0.38758165,0.053311463,0.22529313,0.3338138
21,7,none,car,253,92,2,2,True,0.27288938,0.102176905,0.54701424,0.0779195
21,7,none,car,254,92,3,2,False,0.27551135,0.05057193,0.40986213,0.2640546
21,7,none,car,255,92,2,2,True,0.13556407,0.23511918,0.6003161,0.029000666
21,7,none,car,256,92,0,0,True,0.9754286,0.005862758,0.00048246316,0.018226247
21,7,none,car,257,92,1,0,False,0.9251694,0.058899462,0.010223672,0.0057074563
21,7,none,car,258,92,1,1,True,0.022615947,0.9200734,0.012684279,0.044626355
21,7,none,car,259,92,0,0,True,0.93070275,0.006329203,0.008691894,0.05427613
21,7,none,car,260,92,0,0,True,0.7607914,0.008119873,0.035129577,0.19595918
21,7,none,car,261,92,1,1,True,0.03134105,0.9414773,0.023603432,0.0035782258
21,7,none,car,262,92,1,1,True,0.0071238987,0.8158972,0.006833387,0.17014547
21,7,none,car,263,92,0,0,True,0.85870725,0.027096344,0.09421161,0.019984744
21,7,none,car,264,92,0,0,True,0.9076343,0.008175103,0.057198405,0.026992174
21,7,none,car,265,92,1,1,True,0.001520392,0.9966274,0.00021767717,0.0016345646
21,7,none,car,266,92,0,0,True,0.92189586,0.059809025,0.010851188,0.0074439915
21,7,none,car,267,92,1,0,False,0.37856424,0.18374242,0.14142118,0.29627216
21,7,none,car,268,92,0,0,True,0.82854605,0.13131782,0.008706072,0.031430025
21,7,none,car,269,92,1,1,True,0.0159777,0.77965206,0.114861265,0.08950896
21,7,none,car,270,92,1,1,True,0.084261395,0.7898394,0.05816719,0.06773202
21,7,none,car,271,92,0,0,True,0.94283813,0.036284946,0.00578445,0.015092504
21,7,none,car,272,92,1,1,True,0.1593736,0.71418506,0.09872675,0.027714616
21,7,none,car,273,92,0,0,True,0.75914353,0.039596267,0.16455153,0.03670864
21,7,none,car,274,92,1,2,False,0.1642601,0.10401172,0.4533008,0.27842736
21,7,none,car,275,92,3,1,False,0.24122496,0.35104185,0.07563743,0.33209577
21,7,none,car,276,92,2,3,False,0.21998085,0.24600421,0.22753936,0.3064756
21,7,none,car,277,92,3,3,True,0.027290475,0.08752968,0.10422002,0.7809598
21,7,none,car,278,92,2,3,False,0.21615699,0.27448577,0.11928896,0.39006823
21,7,none,car,279,92,3,3,True,0.10628762,0.0020787634,0.14603172,0.74560195
21,7,none,car,280,92,2,2,True,0.28514257,0.079263374,0.463331,0.17226303
21,7,none,car,281,92,3,3,True,0.016681775,0.20447493,0.25457898,0.52426434
21,7,none,car,282,92,2,2,True,0.15772681,0.31143185,0.475631,0.055210374
21,7,none,car,283,92,2,2,True,0.05119592,0.28522834,0.6412437,0.02233204
21,7,none,car,284,92,3,3,True,0.25818428,0.19980025,0.19446993,0.3475455
21,7,none,car,285,92,3,3,True,0.0054016877,0.22008133,0.017468946,0.757048
21,7,none,car,286,92,2,2,True,0.051063176,0.2820591,0.589668,0.077209726
21,7,none,car,287,92,2,1,False,0.039342646,0.89434546,0.041579526,0.02473238
21,7,none,car,288,92,3,1,False,0.24289052,0.26550466,0.23571678,0.25588802
21,7,none,car,289,92,3,3,True,0.0069390307,0.086357795,0.020833664,0.88586956
21,7,none,car,290,92,2,3,False,0.10835539,0.30783972,0.06330263,0.52050227
21,7,none,car,291,92,2,0,False,0.6952817,0.023004197,0.09974941,0.18196464
21,7,none,car,292,92,3,3,True,0.19339788,0.059463087,0.034253456,0.71288556
21,7,none,car,293,92,2,1,False,0.102888055,0.47543666,0.21969679,0.20197847
21,7,none,car,294,93,1,1,True,0.0767006,0.60088104,0.0768941,0.2455243
21,7,none,car,295,93,0,2,False,0.16630785,0.2638676,0.48161814,0.08820648
21,7,none,car,296,93,1,1,True,0.0001816467,0.9753338,0.0076634153,0.01682125
21,7,none,car,297,93,0,0,True,0.35408702,0.27415112,0.25668228,0.11507957
21,7,none,car,298,93,1,2,False,0.0037756434,0.09998376,0.8490747,0.047165915
21,7,none,car,299,93,0,3,False,0.051352646,0.06712037,0.36217988,0.51934713
21,7,none,car,300,93,0,0,True,0.992046,0.004303727,0.0019591816,0.0016910463
21,7,none,car,301,93,1,3,False,0.018949647,0.4295836,0.11707496,0.4343917
21,7,none,car,302,93,1,0,False,0.65292954,0.009541626,0.3155133,0.022015514
21,7,none,car,303,93,0,0,True,0.5419362,0.050400846,0.24348451,0.16417836
21,7,none,car,304,93,1,2,False,0.01839815,0.32248488,0.33106774,0.3280492
21,7,none,car,305,93,0,0,True,0.9946026,0.0010694694,0.00081142684,0.003516368
21,7,none,car,306,93,1,3,False,0.0052516656,0.34016153,0.22031373,0.43427306
21,7,none,car,307,93,0,0,True,0.99932444,5.5433742e-05,0.00019671679,0.00042345744
21,7,none,car,308,93,0,0,True,0.7325783,0.014658598,0.09520345,0.15755966
21,7,none,car,309,93,3,3,True,0.00024634396,0.011588054,0.0014510998,0.98671454
21,7,none,car,310,93,2,1,False,0.007961479,0.48061302,0.3325135,0.17891198
21,7,none,car,311,93,2,2,True,0.009925485,0.04896983,0.7398817,0.20122293
21,7,none,car,312,93,3,3,True,0.0066802674,0.00552055,0.0049527627,0.98284644
21,7,none,car,313,93,3,3,True,0.00010224754,0.0024563412,0.002204677,0.99523675
21,7,none,car,314,93,2,2,True,0.14891104,0.07255101,0.5944122,0.18412578
21,7,none,car,315,93,3,1,False,0.006763507,0.61421114,0.26066938,0.11835593
21,7,none,car,316,93,2,2,True,5.6913745e-05,0.0004628946,0.9994295,5.064572e-05
21,7,none,car,317,93,2,2,True,0.10578224,0.015625967,0.788016,0.09057574
21,7,none,car,318,93,3,3,True,0.017325552,0.0412778,0.015711388,0.9256853
21,7,none,car,319,93,3,3,True,0.4489255,0.02559485,0.004345077,0.5211346
21,7,none,car,320,93,2,2,True,0.03723069,0.12518263,0.8101042,0.027482433
21,7,none,car,321,93,2,2,True,0.30447868,0.009330334,0.5544502,0.13174076
21,7,none,car,322,93,3,3,True,0.00025751922,0.0010892125,0.0012891043,0.9973642
21,7,none,car,323,93,2,2,True,0.050876234,0.020546395,0.8867817,0.04179572
21,7,none,car,324,93,0,0,True,0.9973484,0.00016237762,0.00092587987,0.0015633778
21,7,none,car,325,93,1,3,False,0.00705252,0.14332974,0.13304028,0.7165774
21,7,none,car,326,93,1,1,True,5.8617485e-07,0.9987704,2.8718725e-05,0.0012003225
21,7,none,car,327,93,0,0,True,0.56541294,0.0147592435,0.28834817,0.13147967
21,7,none,car,328,93,0,0,True,0.7428567,0.0019554677,0.027750036,0.22743776
21,7,none,car,329,93,1,1,True,0.016401118,0.81791854,0.099835925,0.06584444
21,7,none,car,330,93,0,3,False,0.16467316,0.043846283,0.25589928,0.5355813
21,7,none,car,331,93,1,3,False,0.0015097304,0.38962165,0.08810421,0.52076435
21,7,none,car,332,93,1,2,False,0.0052629216,0.1868695,0.5540539,0.2538137
21,7,none,car,333,93,0,3,False,0.16985866,0.033629574,0.22270417,0.5738076
21,7,none,car,334,93,1,3,False,0.0053591644,0.12687391,0.1602694,0.70749754
21,7,none,car,335,93,0,0,True,0.81996655,0.0014564834,0.16254494,0.016032035
21,7,none,car,336,93,0,0,True,0.9535838,0.00067732704,0.0043781744,0.04136085
21,7,none,car,337,93,1,2,False,0.0030685097,0.05063541,0.73200864,0.21428749
21,7,none,car,338,93,0,3,False,0.099321134,0.0005936782,0.122778505,0.7773067
21,7,none,car,339,93,2,0,False,0.5087159,0.062469468,0.37599507,0.05281953
21,7,none,car,340,93,3,3,True,5.015892e-05,7.824083e-05,0.00033587305,0.9995358
21,7,none,car,341,93,3,3,True,0.0029833687,0.021573042,0.035304766,0.9401389
21,7,none,car,342,93,2,2,True,0.027250893,0.18037026,0.5635279,0.22885099
21,7,none,car,343,93,2,1,False,0.0044492283,0.49144664,0.39724952,0.10685455
21,7,none,car,344,93,3,3,True,0.0005252218,0.17305331,0.0014451538,0.82497627
21,7,none,car,345,93,3,3,True,0.00013041553,0.0009597841,0.0002504058,0.9986594
21,7,none,car,346,93,2,2,True,0.024893198,0.2589678,0.6708712,0.045267895
21,7,none,car,347,93,3,3,True,0.018801728,0.0030967381,0.014138547,0.963963
21,7,none,car,348,93,2,1,False,0.009547621,0.4401902,0.25491607,0.2953461
21,7,none,car,349,93,3,3,True,0.013125408,0.29784873,0.23218541,0.45684052
21,7,none,car,350,93,2,2,True,0.0078002405,0.014953733,0.8957053,0.0815408
21,7,none,car,351,93,3,3,True,0.0005569448,0.003967246,0.0029219303,0.9925539
21,7,none,car,352,93,2,2,True,0.049469076,0.042172022,0.8140806,0.09427833
21,7,none,car,353,93,2,3,False,0.02931086,0.07603029,0.13653632,0.75812256
21,7,none,car,354,93,0,1,False,0.18427627,0.48034886,0.14844911,0.18692577
21,7,none,car,355,93,1,2,False,0.0030606552,0.2410459,0.70514435,0.050749045
21,7,none,car,356,93,0,0,True,0.57750654,0.012988841,0.3769657,0.032538924
21,7,none,car,357,93,1,1,True,0.00056239584,0.9899442,0.0007420079,0.008751361
21,7,none,car,358,93,1,1,True,0.0010209269,0.8977241,0.0045280443,0.096726924
21,7,none,car,359,93,0,0,True,0.7216839,0.069403395,0.023060365,0.18585235
21,7,none,car,360,93,1,3,False,0.0019683663,0.07000251,0.23754534,0.6904838
21,7,none,car,361,93,0,1,False,0.015749635,0.9076338,0.008139678,0.068476886
21,7,none,car,362,93,1,1,True,0.0155710075,0.8235143,0.050067917,0.110846765
21,7,none,car,363,93,0,0,True,0.83029944,0.0019225585,0.02390236,0.14387569
21,7,none,car,364,93,0,0,True,0.9008284,0.018162182,0.019183937,0.061825406
21,7,none,car,365,93,1,3,False,0.0060394974,0.05855571,0.069072954,0.8663318
21,7,none,car,366,93,1,1,True,0.0002859815,0.8888542,0.0035822617,0.1072775
21,7,none,car,367,93,0,1,False,0.1001743,0.45173243,0.16454147,0.28355184
21,7,none,car,368,93,1,1,True,0.045254227,0.7189905,0.1732666,0.062488697
21,7,none,car,369,93,2,0,False,0.59180343,0.027783565,0.11194153,0.26847154
21,7,none,car,370,93,3,3,True,0.04376168,0.046192545,0.42362052,0.48642525
21,7,none,car,371,93,3,3,True,0.0030789522,0.006982103,0.008339434,0.9815995
21,7,none,car,372,93,2,1,False,0.28306317,0.59507763,0.10652037,0.015338801
21,7,none,car,373,93,3,1,False,0.0004699052,0.64296186,0.0015418896,0.35502633
21,7,none,car,374,93,2,1,False,0.002347515,0.90892243,0.07950347,0.009226488
21,7,none,car,375,93,2,2,True,0.07719408,0.031776633,0.7269184,0.16411084
21,7,none,car,376,93,3,3,True,0.00012291934,0.0064754453,0.001957154,0.9914445
21,7,none,car,377,93,3,3,True,2.5347801e-05,0.0042346516,0.0020841213,0.9936559
21,7,none,car,378,93,2,2,True,0.009874045,0.0070482376,0.86100125,0.12207642
21,7,none,car,379,93,2,2,True,0.02008801,0.04313712,0.631349,0.30542585
21,7,none,car,380,93,3,3,True,0.05429899,0.015814062,0.032708347,0.8971786
21,7,none,car,381,93,3,3,True,0.006624075,0.0034752684,0.09376022,0.8961404
21,7,none,car,382,93,2,1,False,7.193732e-05,0.99541414,0.003614406,0.00089951535
21,7,none,car,383,93,3,2,False,0.036924325,0.023553368,0.71611005,0.2234122
21,7,none,car,384,94,0,0,True,0.9985482,0.00026183712,0.0010688422,0.000121050616
21,7,none,car,385,94,1,1,True,0.0029494956,0.8851936,0.10847197,0.0033849531
21,7,none,car,386,94,1,2,False,0.1581809,0.17532459,0.51110584,0.1553887
21,7,none,car,387,94,0,0,True,0.9998443,4.361194e-05,9.857071e-05,1.3499326e-05
21,7,none,car,388,94,1,1,True,0.056523893,0.5532232,0.3060264,0.08422652
21,7,none,car,389,94,0,0,True,0.9978771,0.00093915506,0.00084307283,0.00034066566
21,7,none,car,390,94,1,2,False,0.08609885,0.015119691,0.89132243,0.0074590514
21,7,none,car,391,94,0,0,True,0.999059,2.6322637e-05,0.00067869463,0.00023588765
21,7,none,car,392,94,1,2,False,0.1558386,0.2110053,0.5266499,0.10650624
21,7,none,car,393,94,0,0,True,0.9533498,0.0077638286,0.038650587,0.00023573455
21,7,none,car,394,94,0,0,True,0.99624914,0.00011940312,0.0017970625,0.0018344115
21,7,none,car,395,94,1,2,False,0.08960939,0.04768907,0.82641107,0.03629048
21,7,none,car,396,94,1,1,True,0.32180333,0.4716093,0.0954786,0.111108765
21,7,none,car,397,94,0,0,True,0.94729704,0.00035750438,0.036147702,0.016197788
21,7,none,car,398,94,1,1,True,0.16347334,0.3647034,0.24021028,0.23161301
21,7,none,car,399,94,2,2,True,0.028615039,0.02143392,0.9417351,0.008215882
21,7,none,car,400,94,3,3,True,0.020309528,0.031706646,0.07635813,0.8716257
21,7,none,car,401,94,3,3,True,0.0017253241,0.0042446386,0.0024647843,0.9915652
21,7,none,car,402,94,2,2,True,0.011533295,0.004201337,0.9759891,0.00827619
21,7,none,car,403,94,3,3,True,0.0685412,0.005249876,0.08693289,0.839276
21,7,none,car,404,94,2,2,True,0.052013762,0.05349464,0.86645186,0.02803982
21,7,none,car,405,94,2,2,True,0.0055661746,0.010077022,0.9801318,0.0042250203
21,7,none,car,406,94,3,3,True,0.0131818885,0.088525005,0.032793082,0.86550003
21,7,none,car,407,94,2,2,True,0.06876706,0.00500291,0.8954067,0.030823374
21,7,none,car,408,94,3,3,True,0.011200921,0.014791379,0.034248725,0.93975896
21,7,none,car,409,94,3,3,True,0.007856492,0.0015064833,0.017054675,0.97358227
21,7,none,car,410,94,2,2,True,0.01790468,0.009983461,0.9678551,0.004256741
21,7,none,car,411,94,3,3,True,0.081991516,0.008381301,0.088077806,0.82154936
21,7,none,car,412,94,2,0,False,0.4904195,0.022586903,0.37613127,0.11086232
21,7,none,car,413,94,3,2,False,0.15204835,0.031742297,0.64108104,0.1751284
21,7,none,car,414,94,1,1,True,0.02840518,0.9269313,0.030706638,0.013956864
21,7,none,car,415,94,0,0,True,0.60796463,0.22336559,0.15573518,0.012934522
21,7,none,car,416,94,1,1,True,0.025492115,0.9575804,0.016555747,0.00037174096
21,7,none,car,417,94,0,0,True,0.96050566,0.008757058,0.021922912,0.008814456
21,7,none,car,418,94,0,0,True,0.9889075,0.000709795,0.01026349,0.00011919722
21,7,none,car,419,94,1,1,True,0.00013657377,0.9473281,0.04823555,0.004299776
21,7,none,car,420,94,1,2,False,0.12922451,0.052147593,0.4158214,0.40280652
21,7,none,car,421,94,0,0,True,0.9675126,0.00018914416,0.03189237,0.0004058726
21,7,none,car,422,94,0,0,True,0.9513494,0.02782176,0.02059909,0.00022975814
21,7,none,car,423,94,1,2,False,0.26213214,0.0069056987,0.69637185,0.034590308
21,7,none,car,424,94,1,1,True,0.00017514918,0.9895808,0.00982311,0.00042086243
21,7,none,car,425,94,0,1,False,0.1087041,0.46749893,0.4115796,0.012217404
21,7,none,car,426,94,1,2,False,0.018957805,0.29191923,0.65943176,0.029691255
21,7,none,car,427,94,0,0,True,0.9902272,1.5045393e-05,0.0063774106,0.0033802846
21,7,none,car,428,94,1,2,False,0.053738445,0.0039939955,0.9263768,0.015890665
21,7,none,car,429,94,3,3,True,0.09574923,0.0055486937,0.065216385,0.83348566
21,7,none,car,430,94,2,2,True,0.40990272,0.006851198,0.5668518,0.016394319
21,7,none,car,431,94,3,3,True,0.001165111,0.055047274,0.061850056,0.88193756
21,7,none,car,432,94,2,2,True,0.0015015018,0.0017220534,0.9918745,0.0049019465
21,7,none,car,433,94,3,3,True,0.016007904,0.046306573,0.006098823,0.9315866
21,7,none,car,434,94,2,2,True,0.024170168,0.02803122,0.9405002,0.0072984886
21,7,none,car,435,94,2,2,True,0.028210318,0.061222572,0.6710737,0.23949343
21,7,none,car,436,94,3,3,True,0.023758471,0.01854225,0.40389016,0.5538091
21,7,none,car,437,94,3,3,True,0.019539079,0.23532027,0.016525516,0.72861516
21,7,none,car,438,94,2,2,True,0.038869467,0.040351987,0.8980408,0.022737782
21,7,none,car,439,94,3,3,True,0.061074458,0.07509845,0.28096014,0.5828669
21,7,none,car,440,94,2,2,True,0.19118036,0.031866033,0.7580679,0.018885693
21,7,none,car,441,94,3,2,False,0.023447722,0.0044482453,0.7749833,0.19712079
21,7,none,car,442,94,2,2,True,0.0048580263,0.0025642784,0.99121886,0.0013588202
21,7,none,car,443,94,2,3,False,0.15257742,0.10494495,0.089678474,0.6527991
21,7,none,car,444,94,0,0,True,0.9944125,0.0013860612,0.003983281,0.00021818119
21,7,none,car,445,94,1,2,False,0.20784397,0.058612306,0.73028743,0.0032562693
21,7,none,car,446,94,1,2,False,0.004002238,0.16401182,0.8259767,0.00600926
21,7,none,car,447,94,0,0,True,0.7819528,0.002518251,0.21265286,0.0028760605
21,7,none,car,448,94,1,2,False,0.0029122315,0.46247417,0.47382686,0.060786795
21,7,none,car,449,94,0,0,True,0.9123471,0.0014322684,0.07896126,0.0072593708
21,7,none,car,450,94,1,2,False,0.24253431,0.17093465,0.52713865,0.059392385
21,7,none,car,451,94,0,2,False,0.19676219,0.005539359,0.782682,0.015016469
21,7,none,car,452,94,1,2,False,0.118095525,0.26419,0.31767556,0.30003896
21,7,none,car,453,94,0,2,False,0.1250109,0.023913894,0.8289218,0.022153502
21,7,none,car,454,94,1,2,False,0.049142975,0.2580969,0.5966347,0.096125394
21,7,none,car,455,94,0,0,True,0.98461944,0.00017118646,0.013441316,0.0017681693
21,7,none,car,456,94,0,0,True,0.49756932,0.04624996,0.4521507,0.004029952
21,7,none,car,457,94,1,3,False,0.01699036,0.019589547,0.10713707,0.856283
21,7,none,car,458,94,0,2,False,0.17188609,0.017356925,0.6595853,0.15117171
21,7,none,car,459,94,2,2,True,0.025262421,0.010180995,0.94564265,0.018913826
21,7,none,car,460,94,3,2,False,0.0020714684,0.012084578,0.8990257,0.08681828
21,7,none,car,461,94,2,2,True,0.014048706,0.013365764,0.9703869,0.0021985725
21,7,none,car,462,94,3,2,False,0.20553273,0.0147074275,0.75608504,0.023674753
21,7,none,car,463,94,2,2,True,0.0304158,0.23093237,0.73693615,0.0017157062
21,7,none,car,464,94,3,3,True,0.03138756,0.020192351,0.25798893,0.69043124
21,7,none,car,465,94,3,3,True,0.009313384,0.10216876,0.17394158,0.71457624
21,7,none,car,466,94,2,2,True,0.01876222,0.0049598445,0.94772,0.028557995
21,7,none,car,467,94,2,2,True,0.003013319,0.0010826602,0.9891461,0.006757817
21,7,none,car,468,94,3,2,False,0.028305992,0.0016531482,0.6540462,0.31599474
21,7,none,car,469,94,3,3,True,0.0023888089,0.05016746,0.028901625,0.91854215
21,7,none,car,470,94,2,2,True,0.0038242878,0.017307483,0.9232704,0.055597756
21,7,none,car,471,94,2,2,True,0.14312907,0.029408325,0.4794529,0.34800968
21,7,none,car,472,94,3,2,False,0.016938455,0.085271135,0.5113764,0.38641402
21,7,none,car,473,94,3,2,False,0.03898238,0.11356042,0.8077035,0.039753728
21,7,none,car,474,95,0,0,True,0.9436349,0.039023515,0.00965948,0.0076821083
21,7,none,car,475,95,1,1,True,0.033694208,0.66174436,0.0056386217,0.2989228
21,7,none,car,476,95,1,1,True,0.00022782774,0.9981299,0.0008345551,0.0008076872
21,7,none,car,477,95,0,0,True,0.983213,0.0006540699,0.00029825,0.01583473
21,7,none,car,478,95,0,0,True,0.9994184,0.00016357111,0.00011506295,0.00030292076
21,7,none,car,479,95,1,1,True,0.012544063,0.9081319,0.0033932484,0.07593083
21,7,none,car,480,95,0,0,True,0.9691927,0.020871524,0.005517608,0.0044182832
21,7,none,car,481,95,1,1,True,0.0022064634,0.9353636,0.00093034015,0.06149962
21,7,none,car,482,95,0,0,True,0.9926846,0.002821668,0.0011355132,0.0033581748
21,7,none,car,483,95,1,3,False,0.004092898,0.13361567,0.01899935,0.8432921
21,7,none,car,484,95,1,1,True,0.004221506,0.9202586,0.011947622,0.06357235
21,7,none,car,485,95,0,0,True,0.99593157,5.636887e-06,0.0003588572,0.0037040168
21,7,none,car,486,95,0,0,True,0.9812816,0.0026312834,0.0034499052,0.012637196
21,7,none,car,487,95,1,3,False,0.021981923,0.3056572,0.026767356,0.64559346
21,7,none,car,488,95,1,1,True,3.0241188e-05,0.96284556,0.0075667063,0.029557645
21,7,none,car,489,95,2,3,False,0.0062808255,0.018722279,0.028221695,0.9467752
21,7,none,car,490,95,3,3,True,0.0071822153,0.015923996,0.007909022,0.9689848
21,7,none,car,491,95,2,1,False,0.0029159382,0.69814736,0.14167069,0.15726595
21,7,none,car,492,95,3,3,True,0.00066940696,0.00026312663,0.0003351438,0.99873227
21,7,none,car,493,95,3,3,True,0.00062387047,0.03587112,0.00022931998,0.9632757
21,7,none,car,494,95,2,3,False,0.12808637,0.034622427,0.008655155,0.8286361
21,7,none,car,495,95,2,3,False,0.02737171,0.123144604,0.2519663,0.59751743
21,7,none,car,496,95,3,3,True,0.016544946,0.00337227,0.00055366114,0.97952914
21,7,none,car,497,95,3,3,True,0.00033426692,0.0028557847,0.0055733607,0.99123657
21,7,none,car,498,95,2,3,False,0.0013805422,0.07076972,0.039752726,0.888097
21,7,none,car,499,95,3,3,True,0.00036137167,0.042959377,0.0010570879,0.95562214
21,7,none,car,500,95,2,3,False,0.00040466947,0.0011882741,0.019666962,0.9787401
21,7,none,car,501,95,3,3,True,0.0013477143,0.0017139845,0.0015423294,0.99539596
21,7,none,car,502,95,2,3,False,0.0011621807,0.008053074,0.113768116,0.87701666
21,7,none,car,503,95,2,3,False,0.043905206,0.043508653,0.019221175,0.893365
21,7,none,car,504,95,1,1,True,0.0010165351,0.7541368,0.0055338866,0.23931281
21,7,none,car,505,95,0,3,False,0.22228651,0.004418819,0.0012088527,0.77208585
21,7,none,car,506,95,1,3,False,0.0007073052,0.36761415,0.00068253936,0.630996
21,7,none,car,507,95,0,3,False,0.14958197,0.0010014281,0.015734293,0.8336823
21,7,none,car,508,95,0,0,True,0.86274344,0.001973894,0.00086290017,0.13441977
21,7,none,car,509,95,1,3,False,0.0073245293,0.027303329,0.0070000878,0.9583721
21,7,none,car,510,95,1,3,False,0.001923714,0.09760788,0.0475928,0.8528756
21,7,none,car,511,95,0,0,True,0.8819031,0.00018394238,0.00035298048,0.11755989
21,7,none,car,512,95,0,3,False,0.17160733,0.0072571556,0.06809406,0.7530415
21,7,none,car,513,95,1,3,False,0.0008396272,0.17858692,0.01296121,0.80761224
21,7,none,car,514,95,0,0,True,0.58858955,0.00059628376,0.013067163,0.39774704
21,7,none,car,515,95,1,1,True,0.00057252526,0.631286,0.17745224,0.19068924
21,7,none,car,516,95,0,3,False,0.18802571,0.06016697,0.00087760127,0.7509297
21,7,none,car,517,95,1,1,True,0.00060942373,0.7684526,0.027240135,0.20369779
21,7,none,car,518,95,0,3,False,0.16208997,0.0016021146,0.017992223,0.8183157
21,7,none,car,519,95,3,3,True,4.242848e-05,0.008565923,0.0004104757,0.99098116
21,7,none,car,520,95,2,3,False,0.018170165,0.00034806647,0.03400163,0.9474801
21,7,none,car,521,95,3,3,True,9.185686e-05,0.044709492,0.0022218842,0.9529767
21,7,none,car,522,95,2,3,False,0.15087429,0.0017550506,0.23619999,0.6111707
21,7,none,car,523,95,2,2,True,0.019418567,0.01730442,0.6339273,0.3293497
21,7,none,car,524,95,3,3,True,0.0020394495,0.1000759,0.012748165,0.8851364
21,7,none,car,525,95,2,2,True,0.013990187,0.10075007,0.5296098,0.35564992
21,7,none,car,526,95,3,3,True,0.00013824258,0.00399547,0.00032247923,0.9955438
21,7,none,car,527,95,2,3,False,0.046378437,0.028216051,0.20410506,0.7213004
21,7,none,car,528,95,3,3,True,0.00020696243,0.0058649313,0.0006926329,0.9932355
21,7,none,car,529,95,2,0,False,0.5632511,0.015539934,0.056151096,0.36505792
21,7,none,car,530,95,3,3,True,0.007567826,0.0051203594,0.007008677,0.98030317
21,7,none,car,531,95,2,3,False,0.0002602843,0.0013669519,0.006341826,0.992031
21,7,none,car,532,95,3,3,True,0.0022549005,0.033866312,0.026116325,0.9377625
21,7,none,car,533,95,3,3,True,0.000352694,0.072699785,0.17560594,0.7513416
21,7,none,car,534,95,0,3,False,0.012121499,0.15162744,0.06142229,0.7748288
21,7,none,car,535,95,1,3,False,0.10544734,0.015173792,0.015048744,0.8643301
21,7,none,car,536,95,1,3,False,0.003673179,0.0009532827,0.0007479651,0.9946255
21,7,none,car,537,95,0,3,False,0.047201347,0.020248618,0.04965123,0.8828988
21,7,none,car,538,95,0,3,False,0.018981537,0.002422526,0.00460271,0.9739932
21,7,none,car,539,95,1,3,False,0.051056862,0.424147,0.041636247,0.48315987
21,7,none,car,540,95,1,3,False,0.00090457784,0.004231449,0.00045288328,0.99441105
21,7,none,car,541,95,0,2,False,0.15606603,0.0058298735,0.46914542,0.36895868
21,7,none,car,542,95,0,3,False,0.08929367,0.3363406,0.13079932,0.4435664
21,7,none,car,543,95,1,1,True,0.00274466,0.70991904,0.0055529713,0.28178322
21,7,none,car,544,95,0,3,False,0.009999639,0.017733864,0.05550379,0.9167627
21,7,none,car,545,95,1,2,False,0.094649844,0.009217436,0.47173676,0.42439592
21,7,none,car,546,95,1,3,False,0.03674354,0.14922455,0.049111042,0.7649209
21,7,none,car,547,95,0,2,False,0.0006474938,0.017866043,0.96600825,0.015478146
21,7,none,car,548,95,0,0,True,0.5178289,0.02100756,0.39210898,0.06905461
21,7,none,car,549,95,2,2,True,0.0011435702,0.015260143,0.75735325,0.22624302
21,7,none,car,550,95,3,3,True,0.111263,0.25807327,0.09310634,0.5375574
21,7,none,car,551,95,3,3,True,0.0043923235,0.038292713,0.0052512656,0.95206374
21,7,none,car,552,95,2,3,False,0.27703214,0.043027095,0.13519022,0.5447505
21,7,none,car,553,95,2,3,False,0.013481027,0.016469209,0.03749257,0.9325572
21,7,none,car,554,95,3,3,True,0.0017215175,0.0032874641,0.0007416239,0.99424934
21,7,none,car,555,95,2,3,False,0.007013704,0.32707956,0.030251345,0.6356554
21,7,none,car,556,95,3,3,True,0.0006617882,0.09787464,0.0024177216,0.8990459
21,7,none,car,557,95,2,3,False,0.04411742,0.2066772,0.15619011,0.59301525
21,7,none,car,558,95,3,3,True,0.0054218587,0.35913765,0.003167855,0.63227266
21,7,none,car,559,95,2,3,False,0.0073065646,0.0051466594,0.030158514,0.9573882
21,7,none,car,560,95,3,3,True,0.01695517,0.0290101,0.03933128,0.9147034
21,7,none,car,561,95,3,3,True,0.007292643,0.074195586,0.33229715,0.5862146
21,7,none,car,562,95,2,2,True,0.0016885112,0.15749532,0.42426687,0.41654935
21,7,none,car,563,95,3,3,True,0.00025942066,0.0037131174,0.00508014,0.9909473
21,7,none,car,564,96,1,1,True,0.044054214,0.93152696,0.00829515,0.016123686
21,7,none,car,565,96,0,0,True,0.9141531,0.007187994,0.07733546,0.0013233977
21,7,none,car,566,96,0,0,True,0.9721469,0.011720723,0.011072193,0.0050602043
21,7,none,car,567,96,1,1,True,0.008371075,0.78861654,0.13938704,0.06362542
21,7,none,car,568,96,1,1,True,0.00041763674,0.9781098,0.010465448,0.011007187
21,7,none,car,569,96,0,0,True,0.6028069,0.0013408093,0.26805392,0.1277983
21,7,none,car,570,96,1,1,True,0.0015135487,0.99399734,0.0038195476,0.000669661
21,7,none,car,571,96,0,0,True,0.99305964,5.5762783e-05,0.0046410556,0.0022435966
21,7,none,car,572,96,0,0,True,0.7765692,0.0049126213,0.17775346,0.040764708
21,7,none,car,573,96,1,1,True,0.0009717167,0.9915439,0.0062710484,0.001213366
21,7,none,car,574,96,1,1,True,0.001482222,0.97566074,0.021991959,0.0008650966
21,7,none,car,575,96,0,0,True,0.89050114,0.00045588278,0.10724385,0.0017991258
21,7,none,car,576,96,0,0,True,0.87589246,0.014468038,0.03166923,0.07797028
21,7,none,car,577,96,1,2,False,0.012976529,0.3173054,0.3995459,0.27017215
21,7,none,car,578,96,1,1,True,0.001679396,0.8693648,0.027410474,0.101545304
21,7,none,car,579,96,3,3,True,0.001133095,0.011746692,0.119056605,0.86806357
21,7,none,car,580,96,2,2,True,0.0051156804,0.00014142576,0.99352705,0.001215831
21,7,none,car,581,96,3,2,False,0.035258196,0.04914211,0.73346496,0.18213466
21,7,none,car,582,96,2,2,True,0.0157426,0.004313096,0.8942706,0.08567371
21,7,none,car,583,96,2,2,True,0.09962484,0.0042858897,0.49434817,0.40174103
21,7,none,car,584,96,3,2,False,0.029445445,0.0027194286,0.84267795,0.12515713
21,7,none,car,585,96,3,3,True,0.16129723,0.047816504,0.27188644,0.5189999
21,7,none,car,586,96,2,2,True,0.020524863,0.0037835462,0.84197474,0.13371679
21,7,none,car,587,96,3,3,True,0.0040210863,0.0005968288,0.040986735,0.9543953
21,7,none,car,588,96,2,2,True,0.02308374,0.04793024,0.88351625,0.045469742
21,7,none,car,589,96,2,2,True,0.023395998,0.03657119,0.93768483,0.0023479941
21,7,none,car,590,96,3,3,True,0.3406971,0.19475563,0.047056388,0.4174908
21,7,none,car,591,96,3,3,True,0.017713668,0.013861377,0.075255975,0.8931689
21,7,none,car,592,96,2,2,True,0.028913394,0.008894044,0.79847974,0.16371289
21,7,none,car,593,96,3,3,True,0.057459336,0.11279189,0.20837374,0.621375
21,7,none,car,594,96,0,0,True,0.9634074,0.00031300756,0.033173587,0.003106037
21,7,none,car,595,96,1,2,False,0.060883086,0.00987195,0.9201201,0.009124843
21,7,none,car,596,96,1,3,False,0.11750602,0.1670269,0.2828205,0.43264657
21,7,none,car,597,96,0,0,True,0.9733387,5.5291173e-05,0.005787468,0.020818407
21,7,none,car,598,96,1,1,True,0.39784896,0.45126182,0.13660416,0.014285084
21,7,none,car,599,96,0,3,False,0.19998404,0.0017328638,0.26027963,0.53800344
21,7,none,car,600,96,0,0,True,0.7838909,0.00013654801,0.21073931,0.005233183
21,7,none,car,601,96,1,1,True,0.017624168,0.93231267,0.040157307,0.009905774
21,7,none,car,602,96,0,0,True,0.9307214,0.005620403,0.057019997,0.0066381437
21,7,none,car,603,96,1,2,False,0.025101438,0.29749224,0.66921335,0.008192931
21,7,none,car,604,96,1,3,False,0.0045076255,0.33114406,0.090241514,0.5741068
21,7,none,car,605,96,0,0,True,0.84878874,0.00015043566,0.10509974,0.045961056
21,7,none,car,606,96,1,3,False,0.010611415,0.03702785,0.2231097,0.729251
21,7,none,car,607,96,0,2,False,0.21096888,0.00025383377,0.64034164,0.14843567
21,7,none,car,608,96,0,0,True,0.60108787,0.00049946544,0.19071303,0.20769961
21,7,none,car,609,96,3,3,True,0.12937549,0.0045695645,0.068348564,0.7977063
21,7,none,car,610,96,2,2,True,0.0005083778,0.0010653189,0.9951879,0.0032384489
21,7,none,car,611,96,3,2,False,0.29109263,0.03238784,0.6154979,0.061021693
21,7,none,car,612,96,2,0,False,0.84787816,0.003744174,0.047669422,0.10070823
21,7,none,car,613,96,3,3,True,0.06507984,0.043036405,0.019579114,0.8723046
21,7,none,car,614,96,2,2,True,0.0065671727,0.0013274957,0.98354316,0.008562207
21,7,none,car,615,96,2,2,True,0.009040953,0.0017721045,0.8546866,0.13450035
21,7,none,car,616,96,3,2,False,0.01851333,0.0011252325,0.71111053,0.269251
21,7,none,car,617,96,2,2,True,0.057878587,0.004879559,0.72473377,0.2125081
21,7,none,car,618,96,3,0,False,0.7545835,0.009345195,0.065330245,0.17074107
21,7,none,car,619,96,2,2,True,0.057565425,0.0029720308,0.53757155,0.401891
21,7,none,car,620,96,3,3,True,0.051881634,0.004875487,0.09762954,0.84561336
21,7,none,car,621,96,2,0,False,0.80260426,0.0016790207,0.13780148,0.05791521
21,7,none,car,622,96,3,3,True,0.09245749,0.007241992,0.019779718,0.8805208
21,7,none,car,623,96,3,3,True,0.0494082,0.008904431,0.17705683,0.76463056
21,7,none,car,624,96,1,1,True,0.004209284,0.91478133,0.060715757,0.020293685
21,7,none,car,625,96,0,0,True,0.71997803,0.00044668076,0.22332856,0.056246772
21,7,none,car,626,96,1,2,False,0.19178887,0.013325022,0.7496998,0.04518632
21,7,none,car,627,96,0,0,True,0.69002134,0.12121427,0.1779425,0.010821878
21,7,none,car,628,96,1,2,False,0.015858661,0.22774246,0.67595917,0.08043971
21,7,none,car,629,96,0,0,True,0.9722545,0.0018347055,0.015823377,0.010087388
21,7,none,car,630,96,0,0,True,0.90182185,5.0892275e-05,0.097895145,0.00023215575
21,7,none,car,631,96,1,0,False,0.6506448,0.09298789,0.13624175,0.12012551
21,7,none,car,632,96,1,1,True,0.006184831,0.9500023,0.036503986,0.007308775
21,7,none,car,633,96,0,0,True,0.9061387,0.008716236,0.05172016,0.033424873
21,7,none,car,634,96,0,0,True,0.995295,7.5606304e-06,0.0043790573,0.0003183228
21,7,none,car,635,96,1,1,True,0.0074665854,0.7522843,0.22485794,0.015391082
21,7,none,car,636,96,1,2,False,0.018409537,0.28859395,0.686079,0.0069174524
21,7,none,car,637,96,0,0,True,0.9937856,0.0024058798,0.0019559038,0.0018526332
21,7,none,car,638,96,0,0,True,0.6694089,0.0062540025,0.103350304,0.22098677
21,7,none,car,639,96,2,2,True,0.0038138253,0.017258264,0.9750422,0.003885658
21,7,none,car,640,96,3,2,False,0.027120978,0.0087854,0.89821935,0.06587432
21,7,none,car,641,96,2,2,True,0.1269258,0.0053187516,0.6191297,0.2486257
21,7,none,car,642,96,3,2,False,0.014153999,0.019649973,0.69119704,0.27499896
21,7,none,car,643,96,3,3,True,0.17899773,0.015543313,0.04080051,0.76465845
21,7,none,car,644,96,2,2,True,0.010463456,0.035176985,0.9235096,0.030849999
21,7,none,car,645,96,3,3,True,0.3527893,0.033662383,0.10535256,0.50819576
21,7,none,car,646,96,2,2,True,0.16492818,0.060686138,0.7143873,0.05999842
21,7,none,car,647,96,2,2,True,0.024410183,0.0077833417,0.94931394,0.018492505
21,7,none,car,648,96,3,2,False,0.23999724,0.0577889,0.5489191,0.15329482
21,7,none,car,649,96,2,2,True,0.07564099,0.018812323,0.559595,0.34595168
21,7,none,car,650,96,3,3,True,0.15293996,0.0076319547,0.17052592,0.66890216
21,7,none,car,651,96,2,2,True,0.13454778,0.06547457,0.62376344,0.17621417
21,7,none,car,652,96,3,0,False,0.6008083,0.010840251,0.22090593,0.16744542
21,7,none,car,653,96,3,1,False,0.035034835,0.44672185,0.13463111,0.38361225
21,7,none,car,654,97,0,0,True,0.5103504,0.07449699,0.3368077,0.0783449
21,7,none,car,655,97,1,1,True,0.03396996,0.87511736,0.020696087,0.07021662
21,7,none,car,656,97,1,1,True,0.22720486,0.6269445,0.06454683,0.08130386
21,7,none,car,657,97,0,0,True,0.8493951,0.056059323,0.06751381,0.027031729
21,7,none,car,658,97,0,0,True,0.9852663,0.00094934425,0.008166165,0.0056181145
21,7,none,car,659,97,1,1,True,0.004320421,0.8952693,0.025740722,0.074669495
21,7,none,car,660,97,0,2,False,0.4240483,0.029287593,0.5256783,0.02098584
21,7,none,car,661,97,1,1,True,0.00031601204,0.9505775,0.026858168,0.022248182
21,7,none,car,662,97,0,3,False,0.09794411,0.17783758,0.25259802,0.4716203
21,7,none,car,663,97,1,1,True,0.11409478,0.5793805,0.027695455,0.27882922
21,7,none,car,664,97,1,1,True,0.0025179042,0.9886002,0.00052634027,0.0083555775
21,7,none,car,665,97,0,0,True,0.7498009,0.0046879547,0.015139492,0.23037164
21,7,none,car,666,97,1,2,False,0.09310332,0.068187356,0.5592913,0.279418
21,7,none,car,667,97,0,3,False,0.22769974,0.09511156,0.14156725,0.53562146
21,7,none,car,668,97,0,0,True,0.85725266,0.08907367,0.010604881,0.04306883
21,7,none,car,669,97,3,3,True,0.23436524,0.04161126,0.17751507,0.54650843
21,7,none,car,670,97,2,0,False,0.70536274,0.08894644,0.08414692,0.12154393
21,7,none,car,671,97,3,3,True,0.0013012523,0.007975877,0.0064789555,0.984244
21,7,none,car,672,97,2,1,False,0.0046412726,0.43788886,0.12780781,0.429662
21,7,none,car,673,97,3,3,True,0.056770924,0.26910883,0.002168428,0.67195183
21,7,none,car,674,97,2,3,False,0.07412963,0.12015508,0.38371894,0.42199638
21,7,none,car,675,97,3,2,False,0.014207872,0.14193447,0.743238,0.100619644
21,7,none,car,676,97,2,1,False,0.03777318,0.6697815,0.029472085,0.26297325
21,7,none,car,677,97,3,3,True,0.010138076,0.2082557,0.39008802,0.39151818
21,7,none,car,678,97,2,2,True,0.07465647,0.048098356,0.7427379,0.13450728
21,7,none,car,679,97,3,3,True,0.05454687,0.013433006,0.028627219,0.90339285
21,7,none,car,680,97,2,3,False,0.0047812425,0.002464255,0.0010569524,0.99169755
21,7,none,car,681,97,3,3,True,0.043429412,0.0029633103,0.05757074,0.8960365
21,7,none,car,682,97,2,1,False,0.007181125,0.6168462,0.07709629,0.29887643
21,7,none,car,683,97,2,1,False,0.02567459,0.710969,0.03657217,0.22678424
21,7,none,car,684,97,0,2,False,0.1217915,0.17712252,0.37797135,0.32311463
21,7,none,car,685,97,1,0,False,0.6160215,0.219466,0.15108745,0.013425035
21,7,none,car,686,97,1,1,True,0.0060728854,0.9534904,0.02155889,0.018877853
21,7,none,car,687,97,0,3,False,0.32605702,0.0073287133,0.30247572,0.36413857
21,7,none,car,688,97,1,3,False,0.14613838,0.27801806,0.22552769,0.35031587
21,7,none,car,689,97,0,2,False,0.37831113,0.022270806,0.46698514,0.1324329
21,7,none,car,690,97,1,3,False,0.017500859,0.008371019,0.2739101,0.700218
21,7,none,car,691,97,0,3,False,0.06888002,0.036472663,0.07581711,0.81883025
21,7,none,car,692,97,1,3,False,0.064646214,0.31175032,0.080314495,0.54328895
21,7,none,car,693,97,0,3,False,0.3744476,0.00991048,0.11005416,0.50558776
21,7,none,car,694,97,0,0,True,0.8996899,0.0057817698,0.07566172,0.018866548
21,7,none,car,695,97,1,1,True,0.001443094,0.44312024,0.37156183,0.18387482
21,7,none,car,696,97,0,3,False,0.044536036,0.002236896,0.005468818,0.9477582
21,7,none,car,697,97,1,1,True,0.039782,0.56561124,0.01806395,0.3765428
21,7,none,car,698,97,1,3,False,0.0009867953,0.0828365,0.0022933406,0.9138833
21,7,none,car,699,97,3,3,True,0.004599444,0.045893464,0.20705886,0.7424483
21,7,none,car,700,97,2,0,False,0.49935478,0.022269873,0.3842684,0.09410701
21,7,none,car,701,97,2,2,True,0.042150985,0.13218664,0.4862826,0.33937973
21,7,none,car,702,97,3,2,False,0.0071027605,0.043128744,0.5569138,0.39285466
21,7,none,car,703,97,3,1,False,0.19154516,0.38455972,0.2793312,0.14456388
21,7,none,car,704,97,2,1,False,0.11120296,0.6558278,0.0591771,0.17379212
21,7,none,car,705,97,2,2,True,0.006576769,0.17071317,0.53475493,0.2879551
21,7,none,car,706,97,3,2,False,0.06363634,0.06469861,0.54325104,0.32841402
21,7,none,car,707,97,2,2,True,0.01035863,0.03024723,0.7179906,0.24140352
21,7,none,car,708,97,3,3,True,0.0031967715,0.12247264,0.07301951,0.80131114
21,7,none,car,709,97,3,3,True,0.09321048,0.0050918274,0.1133841,0.78831357
21,7,none,car,710,97,2,3,False,0.010235496,0.034340948,0.42136535,0.5340582
21,7,none,car,711,97,3,3,True,0.11909947,0.028607618,0.12680876,0.7254842
21,7,none,car,712,97,2,2,True,0.31543273,0.0035103532,0.3954045,0.2856524
21,7,none,car,713,97,3,3,True,0.095409475,0.22058669,0.06452049,0.61948335
21,7,none,car,714,97,1,3,False,0.031239165,0.14940317,0.20013984,0.6192178
21,7,none,car,715,97,0,2,False,0.18371995,0.2639585,0.4181326,0.13418892
21,7,none,car,716,97,1,1,True,0.031977776,0.5970878,0.24341114,0.12752333
21,7,none,car,717,97,0,0,True,0.9630833,0.022735875,0.012383806,0.0017969545
21,7,none,car,718,97,1,2,False,0.05447071,0.065235384,0.7727786,0.10751526
21,7,none,car,719,97,0,0,True,0.6684249,0.023602957,0.13761328,0.1703589
21,7,none,car,720,97,0,0,True,0.9082925,0.002602053,0.024907127,0.064198345
21,7,none,car,721,97,1,3,False,0.013932295,0.36045665,0.16908108,0.45652995
21,7,none,car,722,97,1,3,False,0.0051267133,0.24696976,0.11872884,0.6291747
21,7,none,car,723,97,0,0,True,0.83899385,0.01596243,0.034608837,0.110434875
21,7,none,car,724,97,1,1,True,0.02848757,0.71522844,0.039037835,0.21724619
21,7,none,car,725,97,0,0,True,0.5241731,0.03848042,0.13978606,0.2975604
21,7,none,car,726,97,0,0,True,0.9645603,0.0019427447,0.015475535,0.018021405
21,7,none,car,727,97,1,3,False,0.06719912,0.071324416,0.37307346,0.48840308
21,7,none,car,728,97,0,0,True,0.7522172,0.0034420688,0.094604924,0.14973587
21,7,none,car,729,97,3,3,True,0.1182302,0.03103379,0.21367176,0.6370642
21,7,none,car,730,97,2,1,False,0.0014407034,0.64061034,0.046549875,0.31139907
21,7,none,car,731,97,2,2,True,0.022935348,0.07029802,0.814533,0.09223364
21,7,none,car,732,97,3,0,False,0.4650874,0.08998532,0.2347219,0.21020529
21,7,none,car,733,97,2,2,True,0.05868329,0.105145,0.45313028,0.38304138
21,7,none,car,734,97,3,0,False,0.3388279,0.22996673,0.26499796,0.16620736
21,7,none,car,735,97,2,0,False,0.35584235,0.20797068,0.2692926,0.16689433
21,7,none,car,736,97,3,3,True,0.029184783,0.099301115,0.15739982,0.7141143
21,7,none,car,737,97,3,3,True,0.053884998,0.025430106,0.16762836,0.75305647
21,7,none,car,738,97,2,2,True,0.045467667,0.09894095,0.730617,0.12497444
21,7,none,car,739,97,3,3,True,0.0063173547,0.013670071,0.11490705,0.8651055
21,7,none,car,740,97,2,3,False,0.12192417,0.3172591,0.15626419,0.4045525
21,7,none,car,741,97,2,3,False,0.05534459,0.16075848,0.28759065,0.49630624
21,7,none,car,742,97,3,3,True,0.11354105,0.03532805,0.2602401,0.5908908
21,7,none,car,743,97,2,0,False,0.5093435,0.14876935,0.1850684,0.15681869
21,7,none,car,744,98,0,0,True,0.91544193,0.015778758,0.06538629,0.0033930482
21,7,none,car,745,98,1,2,False,0.052410346,0.26854035,0.6464703,0.03257894
21,7,none,car,746,98,1,1,True,0.10581766,0.78097016,0.080691725,0.032520432
21,7,none,car,747,98,0,0,True,0.78364253,0.07710525,0.11882213,0.020430004
21,7,none,car,748,98,0,0,True,0.6150193,0.05821395,0.16607264,0.16069405
21,7,none,car,749,98,1,1,True,0.05992346,0.7315741,0.17647733,0.032025184
21,7,none,car,750,98,1,1,True,0.028494902,0.93128157,0.018866897,0.021356622
21,7,none,car,751,98,0,1,False,0.112321064,0.45046458,0.3592183,0.077996075
21,7,none,car,752,98,1,1,True,0.09896506,0.7766017,0.10450953,0.019923763
21,7,none,car,753,98,0,0,True,0.49283248,0.1273499,0.3667878,0.013029905
21,7,none,car,754,98,1,1,True,0.07275642,0.9068241,0.010376932,0.010042505
21,7,none,car,755,98,0,0,True,0.8254543,0.055310573,0.10079367,0.018441502
21,7,none,car,756,98,0,2,False,0.121967174,0.37614992,0.48507866,0.016804341
21,7,none,car,757,98,1,3,False,0.09025476,0.23550348,0.31436977,0.359872
21,7,none,car,758,98,0,2,False,0.20557566,0.16283137,0.53953755,0.09205541
21,7,none,car,759,98,3,3,True,0.01278933,0.002181004,0.0027383557,0.98229134
21,7,none,car,760,98,2,2,True,0.12390811,0.039464384,0.59786856,0.238759
21,7,none,car,761,98,3,3,True,0.013119722,0.0147115495,0.03768668,0.93448204
21,7,none,car,762,98,2,0,False,0.36223787,0.30778638,0.31252372,0.017452056
21,7,none,car,763,98,2,0,False,0.5961532,0.07232548,0.26260468,0.068916656
21,7,none,car,764,98,3,3,True,0.012263313,0.18680029,0.17182769,0.62910867
21,7,none,car,765,98,2,2,True,0.08785081,0.023241734,0.8418045,0.04710287
21,7,none,car,766,98,3,3,True,0.105062045,0.1995662,0.26688558,0.4284862
21,7,none,car,767,98,2,2,True,0.17246372,0.0060489597,0.62332004,0.19816732
21,7,none,car,768,98,3,3,True,0.026100973,0.025257612,0.013956722,0.9346847
21,7,none,car,769,98,3,3,True,0.14717895,0.025885537,0.074031726,0.7529038
21,7,none,car,770,98,2,2,True,0.08070712,0.03409222,0.73790157,0.14729914
21,7,none,car,771,98,2,3,False,0.29681075,0.0146258185,0.27459472,0.41396874
21,7,none,car,772,98,3,0,False,0.67905337,0.054652337,0.046739746,0.21955459
21,7,none,car,773,98,3,3,True,0.17863393,0.07120754,0.36530578,0.38485277
21,7,none,car,774,98,1,1,True,0.012498894,0.9139356,0.058849696,0.014715804
21,7,none,car,775,98,0,0,True,0.46051058,0.12105007,0.3342773,0.08416207
21,7,none,car,776,98,0,0,True,0.82008785,0.018219082,0.11996413,0.041728992
21,7,none,car,777,98,1,1,True,0.09079667,0.36598656,0.2940684,0.24914844
21,7,none,car,778,98,0,0,True,0.9455505,0.011941984,0.023041712,0.019465942
21,7,none,car,779,98,1,2,False,0.06652239,0.18129064,0.5047078,0.24747911
21,7,none,car,780,98,1,3,False,0.03746346,0.32933718,0.13772386,0.49547547
21,7,none,car,781,98,0,0,True,0.8527341,0.004966886,0.07105126,0.07124779
21,7,none,car,782,98,0,0,True,0.6837332,0.13374676,0.114282824,0.06823722
21,7,none,car,783,98,1,1,True,0.12305178,0.5435801,0.18541242,0.14795572
21,7,none,car,784,98,0,0,True,0.60624075,0.012462698,0.13670366,0.24459292
21,7,none,car,785,98,1,1,True,0.03584165,0.7191714,0.21748103,0.027505873
21,7,none,car,786,98,1,3,False,0.03313137,0.41583872,0.043808296,0.50722164
21,7,none,car,787,98,0,0,True,0.97626185,0.004008168,0.010465433,0.0092645455
21,7,none,car,788,98,0,2,False,0.07712858,0.035073448,0.8088847,0.07891331
21,7,none,car,789,98,3,3,True,0.09893637,0.06715342,0.066769175,0.76714104
21,7,none,car,790,98,2,2,True,0.39943585,0.029700624,0.46480936,0.10605414
21,7,none,car,791,98,3,3,True,0.15063919,0.056547947,0.19213597,0.6006769
21,7,none,car,792,98,2,2,True,0.056672566,0.098817244,0.83611894,0.008391296
21,7,none,car,793,98,2,0,False,0.4710412,0.12160662,0.2866072,0.12074494
21,7,none,car,794,98,3,3,True,0.05420038,0.05108337,0.040886212,0.85383004
21,7,none,car,795,98,2,2,True,0.24354902,0.086047515,0.49756828,0.17283525
21,7,none,car,796,98,3,3,True,0.032360617,0.009403683,0.01044126,0.94779444
21,7,none,car,797,98,3,3,True,0.055373132,0.004424866,0.23225914,0.70794284
21,7,none,car,798,98,2,3,False,0.046153944,0.041635796,0.33955535,0.57265496
21,7,none,car,799,98,2,2,True,0.096788675,0.07011328,0.7970762,0.03602186
21,7,none,car,800,98,3,1,False,0.33937547,0.39455298,0.25337386,0.012697792
21,7,none,car,801,98,2,3,False,0.09984779,0.043402787,0.1291256,0.7276238
21,7,none,car,802,98,3,3,True,0.018572796,0.0088496525,0.034241002,0.9383366
21,7,none,car,803,98,3,3,True,0.17085117,0.009671586,0.37077463,0.4487027
21,7,none,car,804,98,0,2,False,0.33254844,0.0718163,0.519523,0.0761123
21,7,none,car,805,98,1,3,False,0.2618062,0.05085428,0.057750326,0.6295892
21,7,none,car,806,98,1,3,False,0.29531512,0.07434019,0.08194926,0.54839545
21,7,none,car,807,98,0,0,True,0.39963922,0.28132787,0.23094545,0.088087335
21,7,none,car,808,98,0,1,False,0.15548846,0.7892531,0.033335574,0.021922814
21,7,none,car,809,98,1,3,False,0.13749927,0.020605188,0.016234964,0.8256605
21,7,none,car,810,98,1,3,False,0.31779063,0.069628604,0.19242711,0.42015365
21,7,none,car,811,98,0,0,True,0.73672014,0.020662071,0.1137645,0.12885323
21,7,none,car,812,98,0,0,True,0.526813,0.2655383,0.14070651,0.066942245
21,7,none,car,813,98,1,0,False,0.9844944,0.007103176,0.0019692795,0.0064331586
21,7,none,car,814,98,0,3,False,0.17701161,0.21260703,0.2654986,0.34488273
21,7,none,car,815,98,1,0,False,0.65485245,0.1098622,0.07801441,0.15727097
21,7,none,car,816,98,1,0,False,0.56015724,0.04019213,0.09143967,0.308211
21,7,none,car,817,98,0,2,False,0.103636175,0.15176012,0.62253577,0.1220679
21,7,none,car,818,98,1,1,True,0.24849938,0.4023765,0.25258836,0.09653576
21,7,none,car,819,98,2,0,False,0.7135574,0.043921564,0.12610959,0.11641143
21,7,none,car,820,98,3,1,False,0.0048004026,0.9795941,0.010632713,0.0049726637
21,7,none,car,821,98,3,3,True,0.10448559,0.349732,0.15688385,0.38889852
21,7,none,car,822,98,2,0,False,0.53833234,0.013278656,0.14545889,0.30293006
21,7,none,car,823,98,2,3,False,0.28669864,0.01473394,0.23596977,0.4625976
21,7,none,car,824,98,3,2,False,0.019222818,0.16184524,0.49684525,0.32208663
21,7,none,car,825,98,3,3,True,0.05799839,0.009659737,0.22013731,0.71220464
21,7,none,car,826,98,2,2,True,0.26390398,0.10719855,0.36246642,0.266431
21,7,none,car,827,98,3,3,True,0.073273756,0.14423192,0.068304814,0.7141895
21,7,none,car,828,98,2,2,True,0.42591628,0.07283464,0.4570263,0.044222914
21,7,none,car,829,98,3,3,True,0.19316033,0.06819188,0.14576374,0.5928841
21,7,none,car,830,98,2,3,False,0.3593121,0.019899493,0.10701647,0.513772
21,7,none,car,831,98,3,3,True,0.08318958,0.044132967,0.12035282,0.75232464
21,7,none,car,832,98,2,0,False,0.74953294,0.010060677,0.08940394,0.15100244
21,7,none,car,833,98,3,1,False,0.22493824,0.734476,0.011424525,0.029161278
21,7,none,car,834,99,1,3,False,0.047247007,0.19451977,0.21633008,0.5419031
21,7,none,car,835,99,0,2,False,0.07657597,0.004332743,0.9081491,0.010942168
21,7,none,car,836,99,0,0,True,0.6485817,0.043860253,0.08570461,0.22185344
21,7,none,car,837,99,1,3,False,0.052912936,0.029159209,0.0036332624,0.9142946
21,7,none,car,838,99,0,3,False,0.07585355,0.2477792,0.13396394,0.54240334
21,7,none,car,839,99,1,3,False,0.2774721,0.022676377,0.028812094,0.67103934
21,7,none,car,840,99,1,3,False,0.07007123,0.06609142,0.15677568,0.70706165
21,7,none,car,841,99,0,2,False,0.10033047,0.07704934,0.4748663,0.34775388
21,7,none,car,842,99,0,3,False,0.116679296,0.017563196,0.025738059,0.84001946
21,7,none,car,843,99,1,3,False,0.029342903,0.0020575896,0.39550874,0.5730908
21,7,none,car,844,99,1,1,True,0.0018437909,0.9888854,0.007591645,0.0016791733
21,7,none,car,845,99,0,2,False,0.06489507,0.045110554,0.49211857,0.39787576
21,7,none,car,846,99,1,2,False,0.049765438,0.34156734,0.40237674,0.20629051
21,7,none,car,847,99,0,3,False,0.3230169,0.0026932638,0.2155586,0.45873117
21,7,none,car,848,99,1,3,False,0.031454887,0.3676508,0.14938533,0.45150894
21,7,none,car,849,99,3,2,False,0.062854886,0.26936892,0.37046456,0.29731163
21,7,none,car,850,99,2,3,False,0.05885723,0.01760977,0.06594553,0.8575874
21,7,none,car,851,99,3,2,False,0.10072263,0.027868211,0.5406135,0.33079574
21,7,none,car,852,99,2,2,True,0.05600532,0.0041753813,0.93021584,0.009603542
21,7,none,car,853,99,3,2,False,0.22354518,0.034816794,0.45700538,0.28463268
21,7,none,car,854,99,2,2,True,0.104770765,0.00765635,0.8731785,0.014394457
21,7,none,car,855,99,3,2,False,0.074251465,0.16179964,0.68988335,0.074065536
21,7,none,car,856,99,2,3,False,0.16019043,0.009005546,0.2360819,0.59472215
21,7,none,car,857,99,2,3,False,0.2995251,0.15307273,0.19265139,0.35475075
21,7,none,car,858,99,3,0,False,0.7101874,0.008870448,0.08482982,0.19611236
21,7,none,car,859,99,3,3,True,0.059960376,0.020182276,0.32300058,0.5968568
21,7,none,car,860,99,2,3,False,0.20654693,0.06656209,0.07399418,0.6528968
21,7,none,car,861,99,2,0,False,0.47079566,0.012449044,0.412881,0.10387433
21,7,none,car,862,99,3,3,True,0.006916349,0.0041293674,0.08640999,0.9025443
21,7,none,car,863,99,3,3,True,0.065123305,0.023702273,0.10694494,0.8042295
21,7,none,car,864,99,0,0,True,0.9166051,0.0008313608,0.025955904,0.056607652
21,7,none,car,865,99,1,3,False,0.35261515,0.031060454,0.18854992,0.42777443
21,7,none,car,866,99,0,3,False,0.18873633,0.044200074,0.013162441,0.7539012
21,7,none,car,867,99,1,3,False,0.3111868,0.2599317,0.094313905,0.3345676
21,7,none,car,868,99,1,1,True,0.0051751747,0.57982564,0.031700667,0.38329855
21,7,none,car,869,99,0,0,True,0.81885,0.0018971688,0.048536707,0.13071622
21,7,none,car,870,99,1,0,False,0.42193905,0.18048525,0.3368596,0.060716074
21,7,none,car,871,99,0,0,True,0.6597665,0.0011634419,0.17113857,0.16793148
21,7,none,car,872,99,1,2,False,0.28291577,0.09890716,0.3843262,0.23385085
21,7,none,car,873,99,0,3,False,0.18328859,0.00040016728,0.015573166,0.80073804
21,7,none,car,874,99,1,3,False,0.15586525,0.005961451,0.06850822,0.76966506
21,7,none,car,875,99,0,2,False,0.25726888,0.013357405,0.4719394,0.25743434
21,7,none,car,876,99,1,2,False,0.44814968,0.018952683,0.44983628,0.083061434
21,7,none,car,877,99,0,0,True,0.44312683,0.02793953,0.09002498,0.43890864
21,7,none,car,878,99,0,0,True,0.9888809,0.0001698035,0.003024244,0.007925254
21,7,none,car,879,99,2,3,False,0.025922023,0.0042231055,0.029992376,0.9398625
21,7,none,car,880,99,3,2,False,0.018922186,0.0066214185,0.63635886,0.3380975
21,7,none,car,881,99,2,3,False,0.20482793,0.16308945,0.08253036,0.5495523
21,7,none,car,882,99,3,3,True,0.07603032,0.015004509,0.15863131,0.75033385
21,7,none,car,883,99,3,0,False,0.7763527,0.0122502195,0.16337003,0.048027135
21,7,none,car,884,99,2,0,False,0.7077823,0.0036573806,0.26273942,0.025820855
21,7,none,car,885,99,3,3,True,0.31310448,0.008650667,0.23539262,0.44285223
21,7,none,car,886,99,2,0,False,0.5513783,0.005383845,0.20757192,0.23566599
21,7,none,car,887,99,2,1,False,0.12880741,0.53954625,0.0037400036,0.3279063
21,7,none,car,888,99,3,0,False,0.5048319,0.0067075286,0.011089976,0.47737053
21,7,none,car,889,99,2,3,False,0.23708947,0.004013334,0.015624035,0.74327314
21,7,none,car,890,99,3,3,True,0.024228532,0.015577213,0.23217508,0.7280192
21,7,none,car,891,99,2,3,False,0.035423864,0.0047670626,0.40501094,0.5547981
21,7,none,car,892,99,3,3,True,0.029647214,0.0051846155,0.2789401,0.68622804
21,7,none,car,893,99,3,3,True,0.034357056,0.061288275,0.4490464,0.45530823
21,7,none,car,894,99,0,0,True,0.5845597,0.0031499446,0.34455523,0.06773513
21,7,none,car,895,99,1,0,False,0.6711189,0.002736327,0.022898667,0.30324605
21,7,none,car,896,99,0,3,False,0.12357577,0.1278222,0.35768867,0.3909133
21,7,none,car,897,99,1,2,False,0.19527553,0.23118472,0.3677816,0.2057581
21,7,none,car,898,99,1,1,True,0.085766286,0.4358514,0.1362126,0.3421697
21,7,none,car,899,99,0,3,False,0.19280307,0.0025148527,0.30480024,0.4998819
21,7,none,car,900,99,0,2,False,0.053735625,0.0068646297,0.8571268,0.082273036
21,7,none,car,901,99,1,3,False,0.0050299754,0.24099508,0.1426481,0.6113269
21,7,none,car,902,99,0,2,False,0.01864977,0.017340783,0.9261421,0.037867375
21,7,none,car,903,99,1,0,False,0.50665563,0.04612807,0.012875966,0.43434036
21,7,none,car,904,99,1,3,False,0.0487124,0.0128671415,0.26901218,0.66940826
21,7,none,car,905,99,0,2,False,0.028781699,0.007536805,0.7210596,0.24262188
21,7,none,car,906,99,0,3,False,0.2882389,0.00081888627,0.06450595,0.6464363
21,7,none,car,907,99,1,2,False,0.12958756,0.051872116,0.47946504,0.33907527
21,7,none,car,908,99,1,2,False,0.030846458,0.006406651,0.6606901,0.3020568
21,7,none,car,909,99,2,3,False,0.018542653,0.007922033,0.3636127,0.60992265
21,7,none,car,910,99,3,3,True,0.03366399,0.22735259,0.025866307,0.7131171
21,7,none,car,911,99,2,2,True,0.06844969,0.066000946,0.73435014,0.13119921
21,7,none,car,912,99,3,2,False,0.015365249,0.026022399,0.84961486,0.10899742
21,7,none,car,913,99,3,2,False,0.09074372,0.014921517,0.5392352,0.35509956
21,7,none,car,914,99,2,3,False,0.04029061,0.009782232,0.2149897,0.7349375
21,7,none,car,915,99,2,3,False,0.014671173,0.016724316,0.14155608,0.8270484
21,7,none,car,916,99,3,3,True,0.043722175,0.028889779,0.14206497,0.785323
21,7,none,car,917,99,3,0,False,0.7768131,0.0013033665,0.115840025,0.10604353
21,7,none,car,918,99,2,0,False,0.7666904,0.0012756006,0.12920952,0.10282449
21,7,none,car,919,99,3,3,True,0.2841143,0.10688256,0.07995819,0.529045
21,7,none,car,920,99,2,2,True,0.14457288,0.024925679,0.54318815,0.28731325
21,7,none,car,921,99,3,2,False,0.015359344,0.018294383,0.75864816,0.20769809
21,7,none,car,922,99,2,2,True,0.017527029,0.35441536,0.54231936,0.085738234
21,7,none,car,923,99,3,3,True,0.019302908,0.006861218,0.032122597,0.94171333
21,7,none,car,924,100,0,0,True,0.9422807,0.005682482,0.04059142,0.011445442
21,7,none,car,925,100,1,3,False,0.024147866,0.16309448,0.050683647,0.76207405
21,7,none,car,926,100,1,1,True,0.011760371,0.7190678,0.02768907,0.24148269
21,7,none,car,927,100,0,3,False,0.047256283,0.33916837,0.06998241,0.54359293
21,7,none,car,928,100,0,0,True,0.9839452,0.00032324588,0.001381857,0.014349634
21,7,none,car,929,100,1,3,False,0.12016903,0.08390148,0.14092241,0.65500706
21,7,none,car,930,100,0,0,True,0.99626833,1.7156615e-05,0.0005160984,0.0031984975
21,7,none,car,931,100,1,3,False,0.023670146,0.04679474,0.22512981,0.7044053
21,7,none,car,932,100,1,1,True,0.00056108856,0.99619114,0.0024838694,0.0007638102
21,7,none,car,933,100,0,3,False,0.17673238,0.026244082,0.340571,0.45645255
21,7,none,car,934,100,1,1,True,0.013570314,0.52653426,0.30895498,0.15094046
21,7,none,car,935,100,0,2,False,0.3963743,0.0016794745,0.5385039,0.06344237
21,7,none,car,936,100,3,3,True,0.05152579,0.0038599207,0.0020215926,0.94259274
21,7,none,car,937,100,2,2,True,0.3448309,0.021418972,0.5717225,0.06202763
21,7,none,car,938,100,3,3,True,0.091439664,0.002896878,0.0075268103,0.8981367
21,7,none,car,939,100,2,2,True,0.1104831,0.17904034,0.43385994,0.2766167
21,7,none,car,940,100,3,3,True,0.3071987,0.0018497017,0.13041927,0.5605323
21,7,none,car,941,100,2,2,True,0.24527073,0.032581646,0.70832944,0.01381817
21,7,none,car,942,100,3,3,True,0.36231455,0.11390141,0.05514418,0.46863994
21,7,none,car,943,100,2,2,True,0.07707037,0.0033408413,0.9119432,0.007645665
21,7,none,car,944,100,3,2,False,0.24723196,0.020731144,0.6673882,0.064648695
21,7,none,car,945,100,2,2,True,0.059991773,0.098954275,0.8316392,0.009414742
21,7,none,car,946,100,3,1,False,0.0024818983,0.77471626,0.051048696,0.1717532
21,7,none,car,947,100,2,2,True,0.27851886,0.018863562,0.6141593,0.088458285
21,7,none,car,948,100,1,1,True,0.0026764227,0.96597713,0.02958386,0.0017626006
21,7,none,car,949,100,0,0,True,0.6234324,0.024505332,0.28214908,0.06991319
21,7,none,car,950,100,0,0,True,0.83514076,0.008331443,0.02572046,0.13080728
21,7,none,car,951,100,1,2,False,0.08256795,0.28176033,0.4946132,0.14105843
21,7,none,car,952,100,1,3,False,0.13295394,0.39243728,0.05995817,0.41465056
21,7,none,car,953,100,0,2,False,0.17981316,0.10772503,0.57802886,0.13443294
21,7,none,car,954,100,0,0,True,0.71450925,0.03781479,0.009245849,0.23843008
21,7,none,car,955,100,1,1,True,0.002165179,0.94890773,0.008925935,0.040001113
21,7,none,car,956,100,1,3,False,0.04302682,0.34030417,0.005656356,0.6110127
21,7,none,car,957,100,0,1,False,0.016191822,0.4735666,0.32686758,0.18337399
21,7,none,car,958,100,0,0,True,0.9665405,0.0069346214,0.018865425,0.007659378
21,7,none,car,959,100,1,1,True,0.0016287745,0.9884426,0.0040703947,0.005858199
21,7,none,car,960,100,3,3,True,0.07658572,0.007415103,0.038206726,0.8777925
21,7,none,car,961,100,2,2,True,0.042050794,0.0019051529,0.71001405,0.24602997
21,7,none,car,962,100,2,2,True,0.19744647,0.0067816987,0.7181161,0.077655695
21,7,none,car,963,100,3,3,True,0.040700622,0.06633784,0.012473421,0.88048816
21,7,none,car,964,100,2,0,False,0.5471367,0.20893773,0.19315109,0.050774466
21,7,none,car,965,100,3,0,False,0.67078733,0.00087675126,0.01085553,0.31748042
21,7,none,car,966,100,2,2,True,0.03736016,0.29751265,0.49530312,0.16982411
21,7,none,car,967,100,3,0,False,0.74825424,0.017301371,0.038108118,0.19633618
21,7,none,car,968,100,2,0,False,0.69806796,0.18076894,0.10462622,0.016536888
21,7,none,car,969,100,3,1,False,0.08162682,0.5537276,0.14626059,0.218385
21,7,none,car,970,100,2,0,False,0.4670269,0.0909526,0.083350584,0.35866985
21,7,none,car,971,100,3,3,True,0.32906616,0.1520196,0.038335197,0.48057908
21,7,none,car,972,100,1,1,True,0.0071337065,0.87627345,0.007326477,0.10926631
21,7,none,car,973,100,0,0,True,0.880197,0.011747437,0.026706006,0.08134971
21,7,none,car,974,100,0,3,False,0.0054314733,0.009051509,0.4847973,0.50071967
21,7,none,car,975,100,1,2,False,0.39286867,0.008998598,0.51848656,0.07964617
21,7,none,car,976,100,1,1,True,0.0009060097,0.9827315,0.0146402195,0.0017222697
21,7,none,car,977,100,0,0,True,0.9984692,2.9442663e-05,0.0010486423,0.00045281518
21,7,none,car,978,100,0,0,True,0.8181683,0.004909765,0.13504384,0.041878108
21,7,none,car,979,100,1,1,True,0.1569058,0.6230698,0.009742413,0.21028195
21,7,none,car,980,100,1,2,False,0.009913898,0.32352826,0.48392928,0.18262856
21,7,none,car,981,100,0,0,True,0.8594478,0.00536813,0.13142845,0.0037556696
21,7,none,car,982,100,0,0,True,0.64934903,0.035256837,0.09986383,0.21553026
21,7,none,car,983,100,1,1,True,0.07170048,0.60339725,0.16070604,0.16419628
21,7,none,car,984,100,2,2,True,0.17172931,0.0763504,0.59902966,0.15289068
21,7,none,car,985,100,3,3,True,0.007945188,0.016205851,0.16869344,0.8071555
21,7,none,car,986,100,2,3,False,0.2028128,0.09215976,0.08259125,0.6224362
21,7,none,car,987,100,3,3,True,0.004364314,0.12129252,0.055070903,0.8192722
21,7,none,car,988,100,3,1,False,0.037605565,0.6780764,0.010301724,0.2740163
21,7,none,car,989,100,2,0,False,0.74843407,0.067272395,0.18044022,0.0038532987
21,7,none,car,990,100,2,2,True,0.1163781,0.1411562,0.45524973,0.28721598
21,7,none,car,991,100,3,3,True,0.04028311,0.051705156,0.42010245,0.48790935
21,7,none,car,992,100,3,3,True,0.0025047231,0.09373789,0.022915782,0.8808416
21,7,none,car,993,100,2,3,False,0.18058442,0.07847221,0.30055532,0.4403881
21,7,none,car,994,100,2,3,False,0.07445924,0.031206444,0.40729037,0.48704398
21,7,none,car,995,100,3,3,True,0.0007016137,0.0035708635,0.019594219,0.9761332
21,7,none,car,996,101,0,0,True,0.62277377,0.037532724,0.29251537,0.047178183
21,7,none,car,997,101,1,1,True,0.00088629965,0.974537,0.0065259156,0.018050712
21,7,none,car,998,101,1,1,True,0.31253162,0.5725895,0.030644095,0.08423476
21,7,none,car,999,101,0,0,True,0.9995555,0.00030394044,2.5701203e-05,0.00011480437
21,7,none,car,1000,101,1,1,True,0.0020945552,0.9962525,0.00038168917,0.0012713767
21,7,none,car,1001,101,0,0,True,0.9999466,3.6289544e-05,1.0747936e-05,6.442599e-06
21,7,none,car,1002,101,1,1,True,0.00061004475,0.9980128,2.2952867e-05,0.0013541734
21,7,none,car,1003,101,0,0,True,0.9999486,2.2590315e-05,1.5725314e-05,1.3028764e-05
21,7,none,car,1004,101,1,1,True,0.0016628893,0.9972161,8.756273e-05,0.0010334403
21,7,none,car,1005,101,0,0,True,0.9996767,0.00028763447,2.9255283e-05,6.4158594e-06
21,7,none,car,1006,101,0,0,True,0.9998586,3.6589056e-05,9.6207834e-05,8.639683e-06
21,7,none,car,1007,101,1,1,True,0.0013999161,0.99419147,0.001165426,0.0032431919
21,7,none,car,1008,101,1,1,True,0.0015371608,0.989585,0.0045685363,0.004309325
21,7,none,car,1009,101,0,0,True,0.9975241,1.852159e-05,0.0010771635,0.0013802532
21,7,none,car,1010,101,0,0,True,0.99898034,0.00017437285,0.000525527,0.00031975628
21,7,none,car,1011,101,2,1,False,0.22299434,0.6813625,0.09477669,0.0008665451
21,7,none,car,1012,101,3,1,False,0.18214288,0.7576049,0.032466125,0.027786171
21,7,none,car,1013,101,2,0,False,0.7687467,0.009863172,0.17504688,0.046343185
21,7,none,car,1014,101,3,3,True,0.33508182,0.11798827,0.012428161,0.5345018
21,7,none,car,1015,101,3,2,False,0.13434117,0.103624046,0.47097135,0.29106343
21,7,none,car,1016,101,2,2,True,0.36165956,0.14419544,0.44312805,0.05101698
21,7,none,car,1017,101,2,2,True,0.06418732,0.39473385,0.5240514,0.017027413
21,7,none,car,1018,101,3,3,True,0.14121087,0.1776935,0.033656593,0.64743906
21,7,none,car,1019,101,2,1,False,0.20978576,0.5929445,0.19058488,0.006684862
21,7,none,car,1020,101,3,3,True,0.26847693,0.10342652,0.017617885,0.61047864
21,7,none,car,1021,101,3,3,True,0.074646875,0.107480265,0.08455724,0.73331565
21,7,none,car,1022,101,2,1,False,0.28387967,0.7094509,0.0037268316,0.0029426105
21,7,none,car,1023,101,2,0,False,0.9574181,0.0131065035,0.029048124,0.00042725945
21,7,none,car,1024,101,3,3,True,0.08373031,0.025822818,0.0027204219,0.8877264
21,7,none,car,1025,101,2,0,False,0.8684013,0.0627942,0.064460784,0.004343711
21,7,none,car,1026,101,1,1,True,0.019202378,0.9429048,0.029867133,0.008025719
21,7,none,car,1027,101,0,0,True,0.99976796,9.502705e-05,0.00011306802,2.4005458e-05
21,7,none,car,1028,101,0,0,True,0.9981097,0.0013560879,0.00041069277,0.00012350647
21,7,none,car,1029,101,1,1,True,0.46403435,0.50381005,0.0122867115,0.019868892
21,7,none,car,1030,101,1,1,True,0.00025237718,0.99921644,0.00030287053,0.00022819302
21,7,none,car,1031,101,0,0,True,0.99957293,4.175543e-05,0.00037717403,8.2337765e-06
21,7,none,car,1032,101,0,0,True,0.9997124,0.00020392769,3.7571317e-05,4.6118053e-05
21,7,none,car,1033,101,1,1,True,0.00147332,0.99713886,0.0012170016,0.00017080219
21,7,none,car,1034,101,1,1,True,0.030418066,0.9682009,0.0005288161,0.0008520817
21,7,none,car,1035,101,0,0,True,0.9998128,1.21630765e-05,5.3262247e-05,0.00012177558
21,7,none,car,1036,101,1,1,True,0.024630351,0.9700248,0.0018462415,0.0034986027
21,7,none,car,1037,101,0,0,True,0.9999261,6.196946e-05,7.9228585e-06,4.039879e-06
21,7,none,car,1038,101,1,1,True,0.009903353,0.98934937,0.0003765964,0.00037064293
21,7,none,car,1039,101,0,0,True,0.9675608,0.0035811497,0.0026490744,0.026208973
21,7,none,car,1040,101,1,0,False,0.44684497,0.35730547,0.11975204,0.07609744
21,7,none,car,1041,101,2,0,False,0.6807956,0.08487089,0.23163982,0.0026936918
21,7,none,car,1042,101,3,0,False,0.56816554,0.07567563,0.24727704,0.108881794
21,7,none,car,1043,101,2,1,False,0.061137855,0.8748995,0.059149142,0.0048134406
21,7,none,car,1044,101,3,3,True,0.2897424,0.05525331,0.002054148,0.6529501
21,7,none,car,1045,101,3,0,False,0.6145418,0.038032778,0.041745584,0.3056798
21,7,none,car,1046,101,2,1,False,0.14367148,0.6635231,0.14193922,0.050866283
21,7,none,car,1047,101,2,0,False,0.65042895,0.06072763,0.28039068,0.0084527265
21,7,none,car,1048,101,3,0,False,0.6110854,0.2667656,0.0017512063,0.12039778
21,7,none,car,1049,101,3,3,True,0.28759906,0.008902844,0.010693804,0.6928043
21,7,none,car,1050,101,2,0,False,0.72994787,0.16306421,0.04298319,0.06400475
21,7,none,car,1051,101,2,2,True,0.11596511,0.056795597,0.8240577,0.0031816792
21,7,none,car,1052,101,3,0,False,0.6235135,0.114388876,0.0029768767,0.25912073
21,7,none,car,1053,101,2,0,False,0.9688861,0.004258428,0.015669668,0.011185798
21,7,none,car,1054,101,3,0,False,0.77445036,0.006116832,0.01146846,0.20796423
21,7,none,car,1055,101,2,0,False,0.46689692,0.4197865,0.05148817,0.06182843
21,7,none,car,1056,101,0,0,True,0.9998592,3.728153e-05,8.586491e-05,1.7669141e-05
21,7,none,car,1057,101,1,1,True,0.06955691,0.8871245,0.03369941,0.009619263
21,7,none,car,1058,101,0,0,True,0.99958557,0.00020510904,0.00018872261,2.0625921e-05
21,7,none,car,1059,101,1,1,True,0.082574494,0.82129586,0.00379695,0.092332646
21,7,none,car,1060,101,1,1,True,0.018399144,0.8601145,0.0036802816,0.11780615
21,7,none,car,1061,101,0,0,True,0.9966273,0.00069605716,0.00052186276,0.0021547368
21,7,none,car,1062,101,1,1,True,0.0005065307,0.9993635,1.5844453e-05,0.0001141446
21,7,none,car,1063,101,0,0,True,0.99985826,0.000101507496,2.6581627e-05,1.3621075e-05
21,7,none,car,1064,101,1,1,True,0.00095524185,0.9919525,0.0024964819,0.004595733
21,7,none,car,1065,101,0,0,True,0.9994659,0.00011997409,0.00014138683,0.0002727632
21,7,none,car,1066,101,1,1,True,0.005522562,0.9826736,0.0016004159,0.010203489
21,7,none,car,1067,101,0,0,True,0.99987483,2.0578322e-05,2.2564209e-05,8.2019986e-05
21,7,none,car,1068,101,0,0,True,0.9703982,0.014496334,0.014369319,0.00073611643
21,7,none,car,1069,101,1,1,True,0.0028089392,0.9931772,0.00016190435,0.0038520605
21,7,none,car,1070,101,1,1,True,0.0026273748,0.9842547,0.010914028,0.0022037996
21,7,none,car,1071,101,3,3,True,0.022791509,0.008359679,0.0026078334,0.966241
21,7,none,car,1072,101,2,2,True,0.073716104,0.02061669,0.88551897,0.02014824
21,7,none,car,1073,101,3,0,False,0.7671586,0.043494105,0.011686102,0.17766114
21,7,none,car,1074,101,2,0,False,0.55653906,0.030358821,0.28879607,0.12430603
21,7,none,car,1075,101,2,0,False,0.46330568,0.32635045,0.1838631,0.02648078
21,7,none,car,1076,101,3,0,False,0.67467374,0.09313459,0.011358002,0.22083366
21,7,none,car,1077,101,3,0,False,0.74166054,0.009531155,0.0038140258,0.2449942
21,7,none,car,1078,101,2,3,False,0.1889999,0.033262834,0.009855235,0.767882
21,7,none,car,1079,101,2,2,True,0.06375376,0.0043149176,0.9274984,0.0044329287
21,7,none,car,1080,101,3,3,True,0.20660073,0.020106386,0.009261789,0.76403105
21,7,none,car,1081,101,3,3,True,0.07870192,0.03326527,0.04120594,0.8468269
21,7,none,car,1082,101,2,3,False,0.20485704,0.07461522,0.047539275,0.6729885
21,7,none,car,1083,101,3,3,True,0.20226195,0.08792849,0.011592434,0.6982171
21,7,none,car,1084,101,2,3,False,0.12674175,0.2731909,0.20932467,0.39074266
21,7,none,car,1085,101,2,1,False,0.12773639,0.4837096,0.29551068,0.09304339
21,7,none,car,1086,102,1,1,True,0.00084555295,0.9921874,0.0038329167,0.0031341827
21,7,none,car,1087,102,0,0,True,0.8827509,0.03481587,0.052464638,0.029968638
21,7,none,car,1088,102,1,1,True,0.0047542774,0.7582935,0.21413298,0.022819325
21,7,none,car,1089,102,0,0,True,0.98935854,0.0024157614,0.0022649404,0.0059607574
21,7,none,car,1090,102,1,1,True,0.053242818,0.65401214,0.27696207,0.01578284
21,7,none,car,1091,102,0,0,True,0.72256577,0.042673275,0.13460934,0.100151576
21,7,none,car,1092,102,0,0,True,0.9925201,0.0012637263,0.005164103,0.001052114
21,7,none,car,1093,102,1,0,False,0.4054503,0.17018089,0.15884069,0.26552802
21,7,none,car,1094,102,0,0,True,0.7754488,0.043699007,0.09168421,0.08916799
21,7,none,car,1095,102,1,2,False,0.090721376,0.2744696,0.6211632,0.013645757
21,7,none,car,1096,102,0,0,True,0.8097642,0.012941782,0.09471852,0.08257546
21,7,none,car,1097,102,1,2,False,0.023540316,0.43592203,0.5186694,0.021868216
21,7,none,car,1098,102,0,0,True,0.55285835,0.12214553,0.106908195,0.2180879
21,7,none,car,1099,102,1,2,False,0.15379862,0.18485449,0.6283286,0.033018265
21,7,none,car,1100,102,1,1,True,0.00516936,0.9894112,0.0048840754,0.00053538295
21,7,none,car,1101,102,2,1,False,0.1687699,0.37173912,0.33507246,0.12441846
21,7,none,car,1102,102,3,3,True,0.13645242,0.10839551,0.13164592,0.6235061
21,7,none,car,1103,102,2,1,False,0.19800326,0.37229374,0.32116225,0.10854075
21,7,none,car,1104,102,3,3,True,0.3034273,0.20046078,0.1539539,0.34215802
21,7,none,car,1105,102,2,0,False,0.68835807,0.023954814,0.26531547,0.02237165
21,7,none,car,1106,102,3,3,True,0.11258528,0.16332705,0.22921853,0.49486914
21,7,none,car,1107,102,2,2,True,0.22243665,0.035136323,0.6594213,0.08300578
21,7,none,car,1108,102,3,3,True,0.16509487,0.044158377,0.117880814,0.672866
21,7,none,car,1109,102,3,3,True,0.1897733,0.026837323,0.047369372,0.73602
21,7,none,car,1110,102,2,2,True,0.0953118,0.053620692,0.8428293,0.008238305
21,7,none,car,1111,102,3,2,False,0.026744613,0.20037879,0.4970696,0.27580693
21,7,none,car,1112,102,2,2,True,0.29262808,0.020590857,0.3989543,0.28782678
21,7,none,car,1113,102,2,2,True,0.11329641,0.13538663,0.7025257,0.04879125
21,7,none,car,1114,102,3,0,False,0.6169189,0.047667366,0.17687505,0.15853865
21,7,none,car,1115,102,2,2,True,0.040123478,0.15909386,0.5223362,0.2784465
21,7,none,car,1116,102,1,1,True,0.00154816,0.987041,0.010529562,0.0008813557
21,7,none,car,1117,102,0,3,False,0.29727778,0.18433875,0.12617552,0.39220795
21,7,none,car,1118,102,1,1,True,0.023687316,0.5992345,0.12974814,0.24732997
21,7,none,car,1119,102,0,0,True,0.76047796,0.023855392,0.14210097,0.07356565
21,7,none,car,1120,102,0,0,True,0.9494225,0.0244166,0.01814651,0.00801445
21,7,none,car,1121,102,1,2,False,0.038647626,0.27608716,0.6467188,0.038546454
21,7,none,car,1122,102,0,1,False,0.24575385,0.29052868,0.24249585,0.22122167
21,7,none,car,1123,102,1,2,False,0.121457875,0.22638516,0.52569604,0.12646088
21,7,none,car,1124,102,0,0,True,0.57173854,0.02408721,0.37006846,0.034105726
21,7,none,car,1125,102,1,2,False,0.19523358,0.14587617,0.4151584,0.2437319
21,7,none,car,1126,102,1,1,True,0.001251864,0.9907047,0.0024093878,0.0056339875
21,7,none,car,1127,102,0,3,False,0.21584903,0.08791232,0.32829452,0.36794412
21,7,none,car,1128,102,1,1,True,0.0006299481,0.9958853,0.0023297719,0.0011549777
21,7,none,car,1129,102,0,3,False,0.21417607,0.12582305,0.17796066,0.48204026
21,7,none,car,1130,102,1,1,True,0.16057034,0.33040673,0.2646597,0.2443632
21,7,none,car,1131,102,2,2,True,0.026513418,0.048756234,0.91127914,0.01345112
21,7,none,car,1132,102,3,3,True,0.030221647,0.15839407,0.28716812,0.5242162
21,7,none,car,1133,102,3,3,True,0.02896931,0.04494147,0.2805772,0.645512
21,7,none,car,1134,102,2,2,True,0.048029535,0.07161414,0.8514215,0.028934823
21,7,none,car,1135,102,2,1,False,0.08993827,0.46894982,0.20705287,0.23405908
21,7,none,car,1136,102,3,2,False,0.054799095,0.046416663,0.69860184,0.20018238
21,7,none,car,1137,102,3,2,False,0.09192039,0.07936272,0.419284,0.40943292
21,7,none,car,1138,102,2,2,True,0.00958752,0.12149957,0.84749,0.021422813
21,7,none,car,1139,102,2,2,True,0.10394301,0.066005275,0.71189725,0.11815444
21,7,none,car,1140,102,3,3,True,0.32962215,0.073280595,0.17854796,0.4185493
21,7,none,car,1141,102,2,3,False,0.013186359,0.07713135,0.33095968,0.5787226
21,7,none,car,1142,102,3,3,True,0.0149220405,0.11887166,0.11504672,0.7511596
21,7,none,car,1143,102,3,2,False,0.06896706,0.006829873,0.4693584,0.45484468
21,7,none,car,1144,102,2,2,True,0.27031845,0.072296,0.34470794,0.31267765
21,7,none,car,1145,102,2,2,True,0.025891913,0.28926364,0.61327314,0.07157131
21,7,none,car,1146,102,0,2,False,0.33978817,0.039257843,0.52546525,0.095488764
21,7,none,car,1147,102,1,1,True,0.0016559005,0.98858964,0.0067225713,0.003031903
21,7,none,car,1148,102,0,2,False,0.052697495,0.024133641,0.77477354,0.14839536
21,7,none,car,1149,102,1,1,True,0.0054937433,0.9581963,0.017861957,0.018448029
21,7,none,car,1150,102,1,2,False,0.037715837,0.14376763,0.7928446,0.025672024
21,7,none,car,1151,102,0,2,False,0.33388352,0.16586798,0.4134498,0.086798735
21,7,none,car,1152,102,0,2,False,0.127586,0.06909122,0.77663875,0.02668408
21,7,none,car,1153,102,1,1,True,0.044890914,0.65876395,0.12781063,0.16853443
21,7,none,car,1154,102,0,2,False,0.25783113,0.22590272,0.43740377,0.078862436
21,7,none,car,1155,102,1,2,False,0.20654011,0.099416085,0.34927645,0.3447674
21,7,none,car,1156,102,1,1,True,0.0048913346,0.79135376,0.056749247,0.14700568
21,7,none,car,1157,102,0,3,False,0.16366778,0.1947645,0.17172135,0.46984643
21,7,none,car,1158,102,1,1,True,0.27881578,0.30607754,0.21393053,0.20117618
21,7,none,car,1159,102,0,0,True,0.5655877,0.043452878,0.22879438,0.16216503
21,7,none,car,1160,102,0,0,True,0.8604322,0.0075517944,0.017473156,0.11454281
21,7,none,car,1161,102,2,2,True,0.017665032,0.06782026,0.9021707,0.012343977
21,7,none,car,1162,102,3,3,True,0.03299687,0.040357925,0.09718584,0.82945937
21,7,none,car,1163,102,3,3,True,0.023787023,0.046499386,0.02379683,0.90591675
21,7,none,car,1164,102,2,2,True,0.18467358,0.2671893,0.32130668,0.22683042
21,7,none,car,1165,102,2,2,True,0.009823257,0.030295733,0.6088137,0.35106733
21,7,none,car,1166,102,3,3,True,0.433756,0.0054526823,0.039425,0.5213663
21,7,none,car,1167,102,2,2,True,0.17343052,0.018960396,0.7230174,0.08459169
21,7,none,car,1168,102,3,3,True,0.20398894,0.047185093,0.18184994,0.566976
21,7,none,car,1169,102,2,3,False,0.07153668,0.08129121,0.26855883,0.5786133
21,7,none,car,1170,102,3,2,False,0.092316695,0.060950883,0.47878242,0.36795002
21,7,none,car,1171,102,2,1,False,0.03286525,0.5557879,0.22415937,0.18718752
21,7,none,car,1172,102,3,3,True,0.01307338,0.0066601858,0.06615914,0.91410726
21,7,none,car,1173,102,2,2,True,0.13934343,0.32886216,0.41165465,0.12013981
21,7,none,car,1174,102,3,2,False,0.104618184,0.035577185,0.43075317,0.42905146
21,7,none,car,1175,102,3,3,True,0.057199482,0.10995763,0.03265283,0.8001901
21,7,none,car,1176,103,0,0,True,0.52464217,0.005332742,0.059715234,0.4103098
21,7,none,car,1177,103,1,1,True,0.0073916647,0.48913547,0.34971154,0.15376134
21,7,none,car,1178,103,1,1,True,0.021779403,0.4960606,0.37963632,0.10252368
21,7,none,car,1179,103,0,1,False,0.024038859,0.5916986,0.0387115,0.34555104
21,7,none,car,1180,103,1,1,True,0.18318109,0.5096636,0.051334925,0.25582042
21,7,none,car,1181,103,0,3,False,0.20243657,0.02443759,0.0078382,0.76528764
21,7,none,car,1182,103,0,0,True,0.9933227,6.9538735e-05,0.004063383,0.0025445067
21,7,none,car,1183,103,1,1,True,0.01734909,0.87937826,0.093075596,0.010197123
21,7,none,car,1184,103,0,0,True,0.8216199,0.017786453,0.13845648,0.022137051
21,7,none,car,1185,103,1,2,False,0.14173572,0.37576228,0.4283207,0.054181278
21,7,none,car,1186,103,0,0,True,0.8595005,0.011091631,0.12621419,0.0031936995
21,7,none,car,1187,103,1,0,False,0.59725374,0.053045277,0.24760012,0.102100864
21,7,none,car,1188,103,1,1,True,0.027339,0.6275979,0.22951894,0.11554418
21,7,none,car,1189,103,0,2,False,0.39732063,0.024398547,0.5755088,0.0027720013
21,7,none,car,1190,103,1,3,False,0.02592418,0.100636825,0.21268174,0.66075724
21,7,none,car,1191,103,3,2,False,0.0075334897,0.028849768,0.52408487,0.43953183
21,7,none,car,1192,103,2,2,True,0.0830375,0.0019620692,0.887738,0.027262408
21,7,none,car,1193,103,2,2,True,0.09720291,0.010967932,0.78547674,0.10635239
21,7,none,car,1194,103,3,0,False,0.5755861,0.0113269435,0.029357743,0.38372922
21,7,none,car,1195,103,2,3,False,0.2559504,0.08332381,0.024514224,0.6362116
21,7,none,car,1196,103,3,0,False,0.55793655,0.028317327,0.14968258,0.2640636
21,7,none,car,1197,103,3,3,True,0.26076886,0.004937245,0.34695658,0.38733727
21,7,none,car,1198,103,2,2,True,0.101785116,0.004991287,0.88816965,0.0050539337
21,7,none,car,1199,103,2,0,False,0.6201449,0.08824093,0.2854005,0.006213723
21,7,none,car,1200,103,3,3,True,0.2807856,0.15241908,0.006954434,0.5598409
21,7,none,car,1201,103,3,3,True,0.106813304,0.07791566,0.32857835,0.48669264
21,7,none,car,1202,103,2,2,True,0.04934821,0.0033995914,0.9462296,0.0010226303
21,7,none,car,1203,103,3,0,False,0.6055009,0.029822718,0.19349925,0.17117716
21,7,none,car,1204,103,2,1,False,0.25455266,0.3963964,0.30553773,0.043513253
21,7,none,car,1205,103,2,1,False,0.08436825,0.433866,0.14896151,0.3328042
21,7,none,car,1206,103,1,2,False,0.053887025,0.021594413,0.9214088,0.0031098125
21,7,none,car,1207,103,0,3,False,0.21040475,0.008697522,0.090437025,0.6904607
21,7,none,car,1208,103,1,1,True,0.008409385,0.63739157,0.34430435,0.0098946355
21,7,none,car,1209,103,0,0,True,0.7715065,0.020829136,0.08773012,0.11993415
21,7,none,car,1210,103,0,0,True,0.97891986,0.00095474365,0.002589449,0.017535906
21,7,none,car,1211,103,1,3,False,0.0183762,0.20630376,0.098863654,0.6764564
21,7,none,car,1212,103,1,3,False,0.026651412,0.03723347,0.011525012,0.9245901
21,7,none,car,1213,103,0,0,True,0.9189,0.031395927,0.03683208,0.012871984
21,7,none,car,1214,103,0,0,True,0.7960319,0.044285942,0.1530137,0.0066684526
21,7,none,car,1215,103,1,0,False,0.68894863,0.006536883,0.24065235,0.0638621
21,7,none,car,1216,103,1,1,True,0.0060631037,0.97314286,0.0106807,0.010113315
21,7,none,car,1217,103,0,0,True,0.9519839,0.003957918,0.030613322,0.013444868
21,7,none,car,1218,103,0,0,True,0.7038333,0.0021662426,0.29202604,0.001974512
21,7,none,car,1219,103,1,2,False,0.16862091,0.057151176,0.7697785,0.004449425
21,7,none,car,1220,103,0,0,True,0.6557077,0.0025577848,0.33564785,0.006086682
21,7,none,car,1221,103,2,2,True,0.04210154,0.01371143,0.9135071,0.03067991
21,7,none,car,1222,103,3,2,False,0.002443654,0.0007335085,0.9101596,0.08666316
21,7,none,car,1223,103,2,2,True,0.028402673,0.18589558,0.77968484,0.006016944
21,7,none,car,1224,103,3,2,False,0.17496723,0.013242437,0.45070094,0.36108944
21,7,none,car,1225,103,3,3,True,0.07903799,0.0061925096,0.014552184,0.9002173
21,7,none,car,1226,103,2,2,True,0.32813215,0.027986458,0.3541655,0.28971595
21,7,none,car,1227,103,3,3,True,0.20788252,0.052106716,0.24963993,0.49037078
21,7,none,car,1228,103,2,2,True,0.18317509,0.049757887,0.39154354,0.37552345
21,7,none,car,1229,103,3,3,True,0.07282127,0.0042663338,0.008485107,0.91442734
21,7,none,car,1230,103,2,2,True,0.1675879,0.01334651,0.58991504,0.22915061
21,7,none,car,1231,103,2,2,True,0.092485175,0.022366177,0.87458944,0.010559184
21,7,none,car,1232,103,3,2,False,0.1294767,0.0645285,0.65513116,0.15086365
21,7,none,car,1233,103,3,3,True,0.2242375,0.15227965,0.16944236,0.4540405
21,7,none,car,1234,103,2,2,True,0.18937576,0.066360585,0.6946849,0.049578782
21,7,none,car,1235,103,3,2,False,0.024698589,0.044751965,0.5032068,0.42734268
21,7,none,car,1236,103,1,1,True,0.038905557,0.79478115,0.06786557,0.09844777
21,7,none,car,1237,103,0,0,True,0.5595169,0.00213359,0.3221421,0.11620747
21,7,none,car,1238,103,0,0,True,0.9166912,0.0045152456,0.017086973,0.06170663
21,7,none,car,1239,103,1,2,False,0.04519988,0.09832779,0.60443443,0.2520379
21,7,none,car,1240,103,1,3,False,0.013082195,0.39808092,0.031339675,0.5574972
21,7,none,car,1241,103,0,2,False,0.2622708,0.0049486603,0.5701286,0.16265196
21,7,none,car,1242,103,1,1,True,0.00262792,0.6786343,0.006368823,0.31236896
21,7,none,car,1243,103,0,0,True,0.7261402,0.0008426293,0.26817182,0.004845398
21,7,none,car,1244,103,0,0,True,0.6670386,0.01036786,0.10373921,0.21885443
21,7,none,car,1245,103,1,3,False,0.033314694,0.34869218,0.085036546,0.5329566
21,7,none,car,1246,103,0,0,True,0.85754377,0.0040650642,0.11856021,0.019830966
21,7,none,car,1247,103,1,0,False,0.4027784,0.09489386,0.25384086,0.24848694
21,7,none,car,1248,103,1,1,True,0.107610404,0.5356714,0.3193685,0.03734963
21,7,none,car,1249,103,0,0,True,0.9870494,0.0007031008,0.008307205,0.003940396
21,7,none,car,1250,103,1,3,False,0.2721862,0.21396953,0.015021008,0.49882326
21,7,none,car,1251,103,3,3,True,0.0064373985,0.0033044233,0.011727494,0.9785307
21,7,none,car,1252,103,2,1,False,0.020217221,0.5102549,0.3222641,0.14726374
21,7,none,car,1253,103,3,3,True,0.19941664,0.050079368,0.04246101,0.708043
21,7,none,car,1254,103,2,0,False,0.5836925,0.02840851,0.064940415,0.32295856
21,7,none,car,1255,103,2,2,True,0.12368511,0.10328595,0.6939323,0.07909668
21,7,none,car,1256,103,3,3,True,0.37748414,0.08495599,0.09519363,0.4423663
21,7,none,car,1257,103,2,3,False,0.2609888,0.2980657,0.02651469,0.4144309
21,7,none,car,1258,103,3,0,False,0.44263262,0.2750284,0.03288245,0.24945647
21,7,none,car,1259,103,2,2,True,0.0596044,0.0051079807,0.92348164,0.01180599
21,7,none,car,1260,103,3,3,True,0.14580114,0.091540255,0.22924757,0.53341097
21,7,none,car,1261,103,3,3,True,0.017522713,0.066034816,0.0557263,0.86071616
21,7,none,car,1262,103,2,2,True,0.019868543,0.105778575,0.8564009,0.017951993
21,7,none,car,1263,103,2,2,True,0.061452422,0.009027369,0.9219132,0.00760702
21,7,none,car,1264,103,3,3,True,0.04521278,0.00517602,0.0022103894,0.9474008
21,7,none,car,1265,103,3,3,True,0.0012685851,0.020892078,0.010266534,0.96757287
21,7,none,car,1266,104,0,0,True,0.5993579,0.25301453,0.07031684,0.07731073
21,7,none,car,1267,104,1,1,True,0.13519186,0.83696723,0.021378148,0.0064627477
21,7,none,car,1268,104,1,2,False,0.20144814,0.28071693,0.46711352,0.050721478
21,7,none,car,1269,104,0,1,False,0.22737588,0.4602433,0.088395946,0.22398481
21,7,none,car,1270,104,1,1,True,0.16521382,0.48133963,0.25796607,0.095480405
21,7,none,car,1271,104,0,2,False,0.12123947,0.13679986,0.7034198,0.038540903
21,7,none,car,1272,104,1,0,False,0.49370694,0.41161823,0.056818746,0.03785601
21,7,none,car,1273,104,0,0,True,0.53791904,0.06717063,0.32826036,0.066649936
21,7,none,car,1274,104,0,1,False,0.12118382,0.8001285,0.074132144,0.004555609
21,7,none,car,1275,104,1,1,True,0.106684804,0.68516195,0.19924262,0.0089106485
21,7,none,car,1276,104,0,1,False,0.3020936,0.44536152,0.21044026,0.042104647
21,7,none,car,1277,104,1,3,False,0.03327743,0.32102877,0.22964723,0.41604653
21,7,none,car,1278,104,1,0,False,0.41381472,0.1425642,0.39594606,0.04767492
21,7,none,car,1279,104,0,0,True,0.615118,0.09084251,0.22337253,0.070666976
21,7,none,car,1280,104,1,1,True,0.0007501133,0.9851195,0.00079723966,0.013333166
21,7,none,car,1281,104,2,2,True,0.22063333,0.1622569,0.52443796,0.092671804
21,7,none,car,1282,104,3,2,False,0.08291368,0.15473405,0.38743415,0.3749181
21,7,none,car,1283,104,3,3,True,0.1889128,0.027561657,0.03544257,0.748083
21,7,none,car,1284,104,2,1,False,0.021611871,0.75430256,0.21462888,0.0094566895
21,7,none,car,1285,104,3,0,False,0.33816922,0.17985292,0.26166043,0.22031744
21,7,none,car,1286,104,2,1,False,0.03996304,0.9315749,0.014280857,0.0141811995
21,7,none,car,1287,104,2,1,False,0.05766954,0.43684232,0.37022862,0.13525958
21,7,none,car,1288,104,3,3,True,0.038867675,0.069226086,0.0066977204,0.88520855
21,7,none,car,1289,104,2,1,False,0.022594487,0.8268633,0.14813179,0.0024105078
21,7,none,car,1290,104,3,1,False,0.12746654,0.45113742,0.14771193,0.27368408
21,7,none,car,1291,104,3,3,True,0.09154935,0.037130628,0.039920017,0.8314
21,7,none,car,1292,104,2,3,False,0.102220155,0.051474296,0.065851286,0.7804543
21,7,none,car,1293,104,3,3,True,0.23087306,0.13325466,0.023106895,0.61276543
21,7,none,car,1294,104,2,2,True,0.03254263,0.2577508,0.5726419,0.13706471
21,7,none,car,1295,104,3,0,False,0.5542453,0.07999975,0.14750738,0.21824755
21,7,none,car,1296,104,0,3,False,0.36206454,0.11752361,0.023183921,0.49722794
21,7,none,car,1297,104,1,1,True,0.14608784,0.6747658,0.109071575,0.07007474
21,7,none,car,1298,104,1,1,True,0.0073301042,0.9818423,0.001898609,0.008928971
21,7,none,car,1299,104,0,0,True,0.95229656,0.020601079,0.018468281,0.008634104
21,7,none,car,1300,104,0,0,True,0.9635618,0.005502304,0.0058925645,0.025043296
21,7,none,car,1301,104,1,1,True,0.0061269305,0.94173044,0.028277338,0.023865188
21,7,none,car,1302,104,0,0,True,0.6520757,0.23242882,0.04740225,0.06809322
21,7,none,car,1303,104,1,1,True,0.38996094,0.44183305,0.10834994,0.059856027
21,7,none,car,1304,104,0,0,True,0.8377231,0.08637842,0.066523045,0.009375471
21,7,none,car,1305,104,1,1,True,0.21525039,0.6999875,0.04220548,0.042556606
21,7,none,car,1306,104,1,1,True,0.00011924877,0.94765466,0.045938343,0.006287593
21,7,none,car,1307,104,0,0,True,0.9737922,0.022753492,0.0024558587,0.000998452
21,7,none,car,1308,104,3,3,True,0.004449493,0.093057014,0.01722717,0.8852663
21,7,none,car,1309,104,2,1,False,0.1056824,0.46989623,0.21625,0.20817134
21,7,none,car,1310,104,3,3,True,0.24142939,0.15945663,0.042620365,0.55649364
21,7,none,car,1311,104,2,0,False,0.8192759,0.0380816,0.06303779,0.07960477
21,7,none,car,1312,104,3,0,False,0.5961688,0.076539315,0.009046726,0.31824514
21,7,none,car,1313,104,2,2,True,0.16132337,0.3933828,0.4309678,0.014326013
21,7,none,car,1314,104,3,3,True,0.031091187,0.13010032,0.039632633,0.79917586
21,7,none,car,1315,104,2,0,False,0.43502942,0.22284152,0.0861954,0.2559336
21,7,none,car,1316,104,3,1,False,0.07816598,0.5576567,0.2554052,0.10877211
21,7,none,car,1317,104,2,2,True,0.33749655,0.24858393,0.3698447,0.044074774
21,7,none,car,1318,104,2,2,True,0.27383763,0.120621175,0.5414711,0.06407008
21,7,none,car,1319,104,3,3,True,0.24580786,0.11718014,0.27945116,0.35756084
21,7,none,car,1320,104,3,3,True,0.44832265,0.03307422,0.03214562,0.48645753
21,7,none,car,1321,104,2,1,False,0.09723875,0.59212595,0.2608717,0.04976356
21,7,none,car,1322,104,2,2,True,0.1548299,0.015062048,0.82198083,0.008127174
21,7,none,car,1323,104,0,0,True,0.79739225,0.059647862,0.064314514,0.07864538
21,7,none,car,1324,104,1,2,False,0.032617386,0.3868988,0.5351589,0.045324933
21,7,none,car,1325,104,0,2,False,0.34162903,0.03426655,0.5952656,0.028838756
21,7,none,car,1326,104,1,2,False,0.12837037,0.4042816,0.425869,0.04147897
21,7,none,car,1327,104,0,2,False,0.19221352,0.1879475,0.57346445,0.04637451
21,7,none,car,1328,104,1,3,False,0.011053063,0.25050676,0.0802073,0.65823287
21,7,none,car,1329,104,0,0,True,0.9996313,3.3399512e-05,0.00010231835,0.00023291446
21,7,none,car,1330,104,1,2,False,0.12081387,0.23319027,0.46956754,0.17642835
21,7,none,car,1331,104,1,1,True,0.09913128,0.8566838,0.020570125,0.023614746
21,7,none,car,1332,104,0,1,False,0.1917734,0.7862887,0.012110118,0.0098278355
21,7,none,car,1333,104,0,0,True,0.6391219,0.084257916,0.22721745,0.0494027
21,7,none,car,1334,104,1,0,False,0.46926838,0.3525298,0.0625644,0.11563747
21,7,none,car,1335,104,1,3,False,0.25562912,0.03460173,0.27290198,0.4368672
21,7,none,car,1336,104,0,0,True,0.63762116,0.011661345,0.336617,0.014100482
21,7,none,car,1337,104,0,2,False,0.39988747,0.017546607,0.46952102,0.11304497
21,7,none,car,1338,104,2,2,True,0.00573567,0.017016498,0.9292297,0.04801817
21,7,none,car,1339,104,3,1,False,0.19036509,0.47590688,0.26860908,0.06511897
21,7,none,car,1340,104,2,0,False,0.4861189,0.30316544,0.18887463,0.021841025
21,7,none,car,1341,104,3,3,True,0.03574435,0.05469757,0.030675927,0.87888217
21,7,none,car,1342,104,3,3,True,0.0572559,0.15215017,0.019097453,0.7714965
21,7,none,car,1343,104,2,2,True,0.030254113,0.08367592,0.8744101,0.01165983
21,7,none,car,1344,104,3,3,True,0.014310762,0.009663049,0.011480628,0.9645455
21,7,none,car,1345,104,2,2,True,0.08184213,0.15436395,0.6988911,0.06490283
21,7,none,car,1346,104,3,3,True,0.29660064,0.058394622,0.12824433,0.5167604
21,7,none,car,1347,104,2,2,True,0.20350142,0.11416258,0.6639229,0.01841307
21,7,none,car,1348,104,3,3,True,0.007355033,0.25228408,0.10087386,0.639487
21,7,none,car,1349,104,2,1,False,0.00982866,0.8438949,0.094201386,0.052075174
21,7,none,car,1350,104,2,2,True,0.0686731,0.3257801,0.434777,0.17076991
21,7,none,car,1351,104,3,3,True,0.33959478,0.05325461,0.19869514,0.40845546
21,7,none,car,1352,104,3,3,True,0.08853825,0.102786236,0.2904344,0.5182411
21,7,none,car,1353,105,0,0,True,0.9866066,0.0004889936,0.0074200383,0.005484303
21,7,none,car,1354,105,1,1,True,0.0006357558,0.9833468,0.011290653,0.0047268504
21,7,none,car,1355,105,1,1,True,0.00041805563,0.9791805,0.011846825,0.008554674
21,7,none,car,1356,105,0,0,True,0.9539272,0.00079824816,0.010796971,0.034477506
21,7,none,car,1357,105,1,1,True,0.00015489785,0.9218323,0.074016444,0.0039962893
21,7,none,car,1358,105,0,0,True,0.9994955,2.9323592e-06,0.00034530586,0.00015623747
21,7,none,car,1359,105,1,1,True,0.0008918308,0.98713624,0.0035819449,0.008389918
21,7,none,car,1360,105,0,0,True,0.9706207,0.00039002736,0.0020989222,0.026890337
21,7,none,car,1361,105,0,0,True,0.98236877,0.0003700931,0.013495203,0.0037659532
21,7,none,car,1362,105,1,1,True,0.011652268,0.5117082,0.004850738,0.4717887
21,7,none,car,1363,105,1,1,True,0.00011514476,0.97086436,0.0047323257,0.024288118
21,7,none,car,1364,105,0,0,True,0.99873024,0.00010918172,0.00024296064,0.00091759214
21,7,none,car,1365,105,1,2,False,0.025559157,0.27088642,0.42754018,0.2760142
21,7,none,car,1366,105,0,0,True,0.97501284,7.252178e-05,0.01705749,0.007857089
21,7,none,car,1367,105,0,0,True,0.93040687,0.005595182,0.044342224,0.019655647
21,7,none,car,1368,105,3,3,True,0.012801163,0.004578501,0.005333536,0.9772868
21,7,none,car,1369,105,2,3,False,0.031916056,0.049022276,0.2865771,0.6324845
21,7,none,car,1370,105,2,3,False,0.0068511814,0.016456261,0.22319053,0.7535021
21,7,none,car,1371,105,3,3,True,0.0031476258,0.011927771,0.09893854,0.88598603
21,7,none,car,1372,105,3,3,True,0.07288118,0.0069313142,0.19370987,0.7264776
21,7,none,car,1373,105,2,3,False,0.012962095,0.008067321,0.43939063,0.53958
21,7,none,car,1374,105,3,3,True,0.0019972315,0.006977455,0.011667405,0.9793579
21,7,none,car,1375,105,2,2,True,0.01367492,0.028588453,0.90729564,0.05044093
21,7,none,car,1376,105,3,3,True,0.02186238,0.19709225,0.13458505,0.6464603
21,7,none,car,1377,105,2,2,True,0.026488863,0.048788615,0.8188584,0.1058641
21,7,none,car,1378,105,3,2,False,0.036219828,0.011705641,0.90963763,0.042436942
21,7,none,car,1379,105,2,3,False,0.00073802314,0.0075374907,0.080852754,0.91087174
21,7,none,car,1380,105,3,3,True,0.001847875,0.0005441557,0.02147945,0.97612846
21,7,none,car,1381,105,2,2,True,0.0073082363,0.005591118,0.9636386,0.023461994
21,7,none,car,1382,105,2,3,False,0.0025583683,0.014819044,0.39655057,0.586072
21,7,none,car,1383,105,1,1,True,8.6927925e-05,0.98754054,0.010938782,0.0014338061
21,7,none,car,1384,105,0,2,False,0.06444402,0.00080498087,0.7603827,0.17436829
21,7,none,car,1385,105,1,1,True,0.00028440423,0.8560336,0.12098054,0.022701366
21,7,none,car,1386,105,0,3,False,0.10167975,0.0003359007,0.0827903,0.8151941
21,7,none,car,1387,105,0,2,False,0.32867154,0.0002165164,0.5824938,0.088618144
21,7,none,car,1388,105,1,1,True,0.009869969,0.9247166,0.052585676,0.012827751
21,7,none,car,1389,105,1,1,True,0.00042806676,0.95571655,0.043158855,0.0006965618
21,7,none,car,1390,105,0,0,True,0.97580487,0.0018292622,0.018996507,0.0033694669
21,7,none,car,1391,105,0,0,True,0.9019969,0.010710395,0.0758654,0.011427323
21,7,none,car,1392,105,1,1,True,0.0011079066,0.8488586,0.13887121,0.011162313
21,7,none,car,1393,105,0,0,True,0.9425629,0.0012897743,0.021395423,0.034751818
21,7,none,car,1394,105,1,1,True,0.001320228,0.9822089,0.015713528,0.00075740105
21,7,none,car,1395,105,0,2,False,0.17798908,0.0017855208,0.81445146,0.0057739783
21,7,none,car,1396,105,1,1,True,4.0223447e-05,0.9899221,0.009779334,0.00025827144
21,7,none,car,1397,105,1,1,True,0.004097408,0.67794836,0.23555942,0.082394876
21,7,none,car,1398,105,3,2,False,0.007634429,0.005129185,0.84506065,0.14217573
21,7,none,car,1399,105,2,2,True,0.0038949403,0.0062743663,0.9168631,0.072967544
21,7,none,car,1400,105,3,3,True,0.012912317,0.011384484,0.41765118,0.558052
21,7,none,car,1401,105,2,2,True,0.004848646,0.0031697194,0.9759542,0.01602749
21,7,none,car,1402,105,3,2,False,0.00220061,0.008214986,0.8666364,0.12294798
21,7,none,car,1403,105,2,2,True,0.0022906468,0.003254349,0.96127725,0.033177756
21,7,none,car,1404,105,3,2,False,0.0064000855,0.023886576,0.8552027,0.1145107
21,7,none,car,1405,105,2,3,False,0.12174184,0.021130983,0.09989443,0.7572328
21,7,none,car,1406,105,3,2,False,0.0055633388,0.0012468802,0.53215617,0.46103364
21,7,none,car,1407,105,2,2,True,0.004238257,0.10938194,0.7501094,0.13627045
21,7,none,car,1408,105,2,3,False,0.013166505,0.08262969,0.31366622,0.59053755
21,7,none,car,1409,105,3,3,True,0.034713637,0.22794111,0.21149948,0.52584577
21,7,none,car,1410,105,3,3,True,0.0074681276,0.016403483,0.044849675,0.93127877
21,7,none,car,1411,105,2,2,True,0.003322966,0.014309648,0.89814174,0.084225625
21,7,none,car,1412,105,2,2,True,0.007530119,0.029594416,0.9379146,0.024960812
21,7,none,car,1413,105,1,3,False,0.0008590806,0.2668812,0.02583733,0.7064224
21,7,none,car,1414,105,0,0,True,0.9160584,0.005520755,0.073584795,0.004836052
21,7,none,car,1415,105,1,1,True,0.0015423847,0.80617815,0.10776894,0.084510535
21,7,none,car,1416,105,0,2,False,0.22820832,0.029360145,0.6114365,0.13099504
21,7,none,car,1417,105,1,1,True,0.0004615847,0.8229835,0.11949866,0.057056274
21,7,none,car,1418,105,0,2,False,0.16666622,0.0014802971,0.78875846,0.04309502
21,7,none,car,1419,105,1,2,False,0.010758217,0.20013304,0.55860025,0.23050849
21,7,none,car,1420,105,0,0,True,0.6718598,0.010741522,0.2355454,0.081853315
21,7,none,car,1421,105,0,2,False,0.24288787,0.03258392,0.46746615,0.25706208
21,7,none,car,1422,105,1,1,True,0.009029325,0.8836162,0.09939178,0.007962635
21,7,none,car,1423,105,1,1,True,0.00021229769,0.98736364,0.0048125675,0.0076114875
21,7,none,car,1424,105,0,0,True,0.83531946,0.0024937422,0.09346308,0.06872379
21,7,none,car,1425,105,1,2,False,0.0003304123,0.44080526,0.5333053,0.025559109
21,7,none,car,1426,105,0,2,False,0.010924385,0.00042156674,0.97738683,0.011267246
21,7,none,car,1427,105,0,3,False,0.1915016,0.0037583634,0.33600745,0.46873254
21,7,none,car,1428,105,2,3,False,0.00964059,0.02838787,0.20134634,0.7606252
21,7,none,car,1429,105,3,3,True,0.012488145,0.01177987,0.26908836,0.7066436
21,7,none,car,1430,105,3,3,True,0.013751639,0.012572695,0.1344846,0.8391911
21,7,none,car,1431,105,2,2,True,0.0024823255,0.0067844284,0.68397397,0.3067593
21,7,none,car,1432,105,3,2,False,0.019213596,0.024355564,0.5149864,0.4414444
21,7,none,car,1433,105,2,2,True,0.010963194,0.022324577,0.9005749,0.06613731
21,7,none,car,1434,105,3,2,False,0.025658984,0.058617912,0.5873896,0.32833356
21,7,none,car,1435,105,2,2,True,0.038586393,0.02836522,0.7878714,0.14517692
21,7,none,car,1436,105,3,3,True,0.0020827376,0.02536604,0.23310824,0.739443
21,7,none,car,1437,105,2,2,True,0.00094613165,0.0045014834,0.9899441,0.004608262
21,7,none,car,1438,105,2,2,True,0.005465011,0.048522074,0.73332113,0.21269178
21,7,none,car,1439,105,3,2,False,0.014326102,0.028010601,0.56072116,0.39694217
21,7,none,car,1440,105,2,2,True,0.008463148,0.013768817,0.71178925,0.2659788
21,7,none,car,1441,105,3,2,False,0.00237665,0.0038664518,0.8789536,0.11480334
21,7,none,car,1442,105,2,3,False,0.026411057,0.0076907557,0.33128524,0.634613
21,7,none,car,1443,106,0,2,False,0.00479294,0.002566155,0.77876157,0.21387938
21,7,none,car,1444,106,1,2,False,0.014007835,0.10563272,0.8004868,0.079872645
21,7,none,car,1445,106,0,2,False,0.010596419,0.005822625,0.9418142,0.041766778
21,7,none,car,1446,106,1,2,False,0.02193991,0.013749579,0.7047123,0.25959828
21,7,none,car,1447,106,0,2,False,0.010369921,0.0020158559,0.9852055,0.002408729
21,7,none,car,1448,106,1,2,False,0.004978267,0.004061729,0.84020126,0.15075873
21,7,none,car,1449,106,0,2,False,0.10503792,0.09617756,0.43347928,0.36530516
21,7,none,car,1450,106,1,3,False,0.033069406,0.18287553,0.08288859,0.70116645
21,7,none,car,1451,106,0,0,True,0.40169838,0.28255978,0.18921396,0.12652779
21,7,none,car,1452,106,1,2,False,0.006494303,0.023866482,0.95191944,0.01771981
21,7,none,car,1453,106,0,1,False,0.01737969,0.36779422,0.34510005,0.26972607
21,7,none,car,1454,106,1,2,False,0.0036531277,0.16755731,0.82755476,0.0012348098
21,7,none,car,1455,106,1,1,True,0.016284779,0.59771734,0.12784235,0.25815555
21,7,none,car,1456,106,0,0,True,0.81027293,0.004291671,0.14082436,0.04461107
21,7,none,car,1457,106,0,0,True,0.944112,0.0009597065,0.05345849,0.0014698975
21,7,none,car,1458,106,3,2,False,0.008472905,0.005381778,0.784792,0.20135333
21,7,none,car,1459,106,2,3,False,0.0067386054,0.043179397,0.43294933,0.5171327
21,7,none,car,1460,106,3,2,False,0.050241478,0.05350589,0.6581479,0.23810475
21,7,none,car,1461,106,2,2,True,0.11511738,0.3783049,0.43698642,0.06959122
21,7,none,car,1462,106,2,2,True,0.009972924,0.022699883,0.8459062,0.12142098
21,7,none,car,1463,106,3,1,False,0.046856582,0.44549087,0.25818717,0.24946538
21,7,none,car,1464,106,3,3,True,0.028286759,0.087899014,0.1463873,0.73742694
21,7,none,car,1465,106,2,2,True,0.08349081,0.010792227,0.85547316,0.050243784
21,7,none,car,1466,106,3,1,False,0.038240075,0.7987531,0.11262144,0.050385375
21,7,none,car,1467,106,2,2,True,0.037746213,0.03380732,0.91430455,0.014141901
21,7,none,car,1468,106,3,2,False,0.11141298,0.026340699,0.73751307,0.12473327
21,7,none,car,1469,106,2,1,False,0.16128911,0.46291748,0.3161941,0.059599318
21,7,none,car,1470,106,3,3,True,0.04932718,0.019765187,0.17930745,0.75160015
21,7,none,car,1471,106,2,3,False,0.4141893,0.026906384,0.08579975,0.4731046
21,7,none,car,1472,106,3,3,True,0.18541576,0.011395109,0.06618635,0.7370028
21,7,none,car,1473,106,1,1,True,0.0003047583,0.9958406,0.0015514467,0.0023031451
21,7,none,car,1474,106,0,3,False,0.33083472,0.0049163797,0.033747274,0.6305017
21,7,none,car,1475,106,1,2,False,0.01978977,0.12826177,0.8315402,0.020408256
21,7,none,car,1476,106,0,2,False,0.04368669,0.1182696,0.82683825,0.011205465
21,7,none,car,1477,106,0,3,False,0.10334511,0.09586656,0.17312591,0.62766236
21,7,none,car,1478,106,1,3,False,0.018775785,0.044108905,0.30098587,0.63612944
21,7,none,car,1479,106,1,1,True,0.0009687576,0.98799753,0.0018764379,0.009157259
21,7,none,car,1480,106,0,2,False,0.13106376,0.043589894,0.771518,0.053828336
21,7,none,car,1481,106,0,3,False,0.04530621,0.18705541,0.33756405,0.43007436
21,7,none,car,1482,106,1,2,False,0.14735308,0.3417581,0.50287664,0.0080121495
21,7,none,car,1483,106,1,1,True,0.001346992,0.97040063,0.026570097,0.0016822268
21,7,none,car,1484,106,0,0,True,0.86464727,0.033849,0.0697985,0.0317052
21,7,none,car,1485,106,0,2,False,0.03222477,0.17627792,0.4919932,0.29950404
21,7,none,car,1486,106,1,1,True,0.004881085,0.95781153,0.035225548,0.0020818196
21,7,none,car,1487,106,0,2,False,0.030428331,0.25375506,0.56108826,0.15472835
21,7,none,car,1488,106,2,2,True,0.005780253,0.0033201259,0.98853636,0.0023632646
21,7,none,car,1489,106,3,3,True,0.21254365,0.034801833,0.07872987,0.6739246
21,7,none,car,1490,106,2,2,True,0.04394655,0.21103805,0.59933627,0.14567909
21,7,none,car,1491,106,3,2,False,0.031401563,0.000832955,0.75597596,0.21178949
21,7,none,car,1492,106,3,2,False,0.2924137,0.076186515,0.4576706,0.17372915
21,7,none,car,1493,106,2,2,True,0.32784662,0.041129503,0.6074586,0.023565335
21,7,none,car,1494,106,2,2,True,0.040127315,0.14516558,0.7987594,0.015947746
21,7,none,car,1495,106,3,0,False,0.71547586,0.027320245,0.21417692,0.04302694
21,7,none,car,1496,106,2,2,True,0.032808404,0.14949478,0.8161578,0.0015389533
21,7,none,car,1497,106,3,2,False,0.071161754,0.0118240155,0.91463214,0.0023821113
21,7,none,car,1498,106,3,2,False,0.07833579,0.13215631,0.67070997,0.1187979
21,7,none,car,1499,106,2,2,True,0.1542348,0.04711505,0.7330128,0.06563741
21,7,none,car,1500,106,2,2,True,0.0043553156,0.031272735,0.80530137,0.1590705
21,7,none,car,1501,106,3,3,True,0.0073826816,0.005318888,0.07810986,0.9091885
21,7,none,car,1502,106,2,2,True,0.086630344,0.011622522,0.897949,0.0037981318
21,7,none,car,1503,106,1,1,True,0.008653297,0.86270696,0.12423123,0.0044085584
21,7,none,car,1504,106,0,2,False,0.18528704,0.20022105,0.534998,0.079493955
21,7,none,car,1505,106,0,2,False,0.02895941,0.0030905239,0.7839937,0.18395638
21,7,none,car,1506,106,1,2,False,0.21398509,0.018535145,0.7488307,0.018649053
21,7,none,car,1507,106,0,0,True,0.51809484,0.063560896,0.334956,0.083388306
21,7,none,car,1508,106,1,1,True,0.0028052777,0.5775389,0.094423726,0.32523206
21,7,none,car,1509,106,0,2,False,0.36223748,0.13246934,0.42248747,0.082805686
21,7,none,car,1510,106,1,2,False,0.099941,0.046986867,0.8373707,0.01570147
21,7,none,car,1511,106,1,1,True,0.0025131104,0.92289346,0.051122718,0.023470674
21,7,none,car,1512,106,0,0,True,0.8704349,0.027632672,0.06942649,0.032506023
21,7,none,car,1513,106,0,0,True,0.82753253,0.007733954,0.16145177,0.0032817416
21,7,none,car,1514,106,1,2,False,0.013344178,0.01044894,0.96959764,0.006609219
21,7,none,car,1515,106,1,3,False,0.023346012,0.22713698,0.2397889,0.50972813
21,7,none,car,1516,106,0,2,False,0.45464665,0.0009555028,0.4791584,0.06523941
21,7,none,car,1517,106,0,0,True,0.5908194,0.10983972,0.10401062,0.19533028
21,7,none,car,1518,106,2,2,True,0.024913479,0.34116492,0.61013377,0.023787806
21,7,none,car,1519,106,3,1,False,0.117942505,0.31226984,0.25984332,0.30994436
21,7,none,car,1520,106,2,2,True,0.09175979,0.11920758,0.50138444,0.2876482
21,7,none,car,1521,106,3,2,False,0.03836404,0.024909152,0.8210507,0.11567605
21,7,none,car,1522,106,2,2,True,0.254793,0.20037518,0.49869967,0.046132203
21,7,none,car,1523,106,3,2,False,0.13327867,0.036210924,0.6474399,0.18307047
21,7,none,car,1524,106,2,2,True,0.037603848,0.020280318,0.91131264,0.03080324
21,7,none,car,1525,106,3,2,False,0.04512713,0.33338594,0.5375991,0.08388781
21,7,none,car,1526,106,2,2,True,0.0010653272,0.0028735786,0.9444287,0.051632453
21,7,none,car,1527,106,3,2,False,0.1276461,0.028055463,0.8337876,0.010510881
21,7,none,car,1528,106,3,0,False,0.7498948,0.007900057,0.12703454,0.11517057
21,7,none,car,1529,106,2,3,False,0.041690435,0.0049403817,0.45371234,0.4996568
21,7,none,car,1530,106,3,2,False,0.41005215,0.029018687,0.5425959,0.01833321
21,7,none,car,1531,106,2,2,True,0.0050801956,0.007362408,0.98354465,0.0040128045
21,7,none,car,1532,106,2,2,True,0.42078343,0.002493141,0.5668259,0.009897491
21,7,none,car,1533,107,1,1,True,0.0053312904,0.93633926,0.006943225,0.05138625
21,7,none,car,1534,107,0,0,True,0.40368414,0.23231322,0.16666125,0.19734147
21,7,none,car,1535,107,0,0,True,0.9833862,0.009094683,0.005491511,0.0020275912
21,7,none,car,1536,107,1,1,True,0.0005712079,0.9721959,0.00017015346,0.027062742
21,7,none,car,1537,107,0,0,True,0.9055014,0.08268395,0.0026842258,0.009130403
21,7,none,car,1538,107,1,1,True,0.0033214195,0.9748668,0.0053528235,0.016459031
21,7,none,car,1539,107,0,0,True,0.9671892,0.019577412,0.005387506,0.007845897
21,7,none,car,1540,107,1,1,True,0.027229741,0.96493405,0.005001407,0.002834872
21,7,none,car,1541,107,0,0,True,0.9879771,0.000665348,0.00022924582,0.011128387
21,7,none,car,1542,107,1,1,True,0.04693617,0.88589984,0.0076689227,0.05949499
21,7,none,car,1543,107,0,0,True,0.9387429,0.010142451,0.006156021,0.044958718
21,7,none,car,1544,107,1,3,False,0.07146869,0.3560938,0.053425487,0.51901203
21,7,none,car,1545,107,0,0,True,0.9852347,0.00022721625,0.00072055974,0.013817499
21,7,none,car,1546,107,1,3,False,0.008375674,0.3539133,0.010475564,0.6272355
21,7,none,car,1547,107,0,0,True,0.9978315,0.0004178707,0.0005480691,0.0012024252
21,7,none,car,1548,107,3,1,False,0.089931734,0.5127306,0.035658997,0.36167872
21,7,none,car,1549,107,2,1,False,0.07218701,0.4601014,0.2973347,0.17037687
21,7,none,car,1550,107,3,3,True,0.18032652,0.16496736,0.023979938,0.6307262
21,7,none,car,1551,107,2,1,False,0.052152924,0.75375116,0.020174053,0.17392185
21,7,none,car,1552,107,3,0,False,0.9404333,0.027415136,0.009767965,0.022383602
21,7,none,car,1553,107,2,0,False,0.35976008,0.077194974,0.30997843,0.25306654
21,7,none,car,1554,107,2,0,False,0.78156674,0.030053625,0.0014392831,0.18694036
21,7,none,car,1555,107,3,0,False,0.5544166,0.0044623436,5.0284256e-05,0.4410707
21,7,none,car,1556,107,3,0,False,0.9525486,0.0049678115,0.035409536,0.0070739444
21,7,none,car,1557,107,2,1,False,0.2715511,0.39015514,0.21514155,0.12315219
21,7,none,car,1558,107,2,1,False,0.0697496,0.89525104,0.010607275,0.024392063
21,7,none,car,1559,107,3,0,False,0.8949985,0.061058644,0.0015559521,0.042386867
21,7,none,car,1560,107,2,3,False,0.29441798,0.16980807,0.028240368,0.5075336
21,7,none,car,1561,107,3,3,True,0.11379525,0.3146478,0.026692634,0.5448644
21,7,none,car,1562,107,3,3,True,0.3767269,0.010826388,0.040784486,0.57166225
21,7,none,car,1563,107,1,1,True,0.116858594,0.601729,0.0052496525,0.27616277
21,7,none,car,1564,107,0,0,True,0.9791515,0.012504227,0.0010822533,0.0072621163
21,7,none,car,1565,107,1,1,True,0.07383245,0.8522706,0.014810425,0.05908648
21,7,none,car,1566,107,0,0,True,0.94770867,0.02484832,0.00045464095,0.026988452
21,7,none,car,1567,107,1,1,True,0.0015555437,0.9974287,0.00021493419,0.0008008601
21,7,none,car,1568,107,0,0,True,0.86086845,0.062494863,0.010147117,0.06648954
21,7,none,car,1569,107,0,3,False,0.36670083,0.08406875,0.010088574,0.5391419
21,7,none,car,1570,107,1,0,False,0.4223969,0.08139239,0.14543192,0.35077873
21,7,none,car,1571,107,0,0,True,0.99633276,0.002417366,0.0010051621,0.00024461644
21,7,none,car,1572,107,1,0,False,0.68173736,0.19735135,0.03158466,0.08932665
21,7,none,car,1573,107,0,0,True,0.539058,0.19719283,0.042769745,0.22097938
21,7,none,car,1574,107,1,3,False,0.05563727,0.08357805,0.3743387,0.48644596
21,7,none,car,1575,107,1,2,False,0.11430537,0.14713918,0.66915643,0.06939896
21,7,none,car,1576,107,0,1,False,0.11775822,0.81354386,0.016258499,0.052439287
21,7,none,car,1577,107,0,0,True,0.7206068,0.024061795,0.013790024,0.24154139
21,7,none,car,1578,107,3,0,False,0.54488343,0.069669984,0.072989285,0.31245732
21,7,none,car,1579,107,2,3,False,0.11577268,0.0081324,0.012960945,0.863134
21,7,none,car,1580,107,3,0,False,0.9022466,0.027556347,0.00962853,0.06056852
21,7,none,car,1581,107,2,3,False,0.2101813,0.0778459,0.14894812,0.5630247
21,7,none,car,1582,107,2,0,False,0.5393736,0.17332475,0.06078513,0.22651656
21,7,none,car,1583,107,3,0,False,0.577935,0.0046040667,0.025896374,0.39156455
21,7,none,car,1584,107,3,0,False,0.94024074,0.00795353,0.0043047913,0.0475009
21,7,none,car,1585,107,2,0,False,0.7796889,0.1032641,0.10350318,0.013543799
21,7,none,car,1586,107,2,0,False,0.6015906,0.17141318,0.002049637,0.22494659
21,7,none,car,1587,107,3,3,True,0.06819827,0.13621123,0.007151289,0.7884392
21,7,none,car,1588,107,2,2,True,0.31756344,0.1570228,0.459915,0.06549866
21,7,none,car,1589,107,3,3,True,0.046549562,0.3233223,0.11022767,0.5199005
21,7,none,car,1590,107,3,0,False,0.49471056,0.21984775,0.015325168,0.27011648
21,7,none,car,1591,107,2,3,False,0.038255688,0.04731728,0.0018649166,0.91256213
21,7,none,car,1592,107,2,3,False,0.10271653,0.044037767,0.020948708,0.83229697
21,7,none,car,1593,107,0,0,True,0.9872224,0.002566837,0.00076818437,0.009442654
21,7,none,car,1594,107,1,1,True,0.06113274,0.718505,0.0017916723,0.21857058
21,7,none,car,1595,107,1,3,False,0.16721213,0.30399895,0.048305105,0.4804838
21,7,none,car,1596,107,0,0,True,0.89901614,0.06403516,0.006095178,0.030853631
21,7,none,car,1597,107,1,1,True,0.14735913,0.71126103,0.08744221,0.05393762
21,7,none,car,1598,107,0,0,True,0.6608014,0.3051431,0.019332793,0.014722755
21,7,none,car,1599,107,1,3,False,0.06066995,0.09712115,0.0027980916,0.8394108
21,7,none,car,1600,107,0,1,False,0.16793254,0.6718559,0.062975705,0.09723589
21,7,none,car,1601,107,1,1,True,0.09814612,0.77994967,0.016504666,0.10539959
21,7,none,car,1602,107,0,3,False,0.011527676,0.16359672,0.010865286,0.81401026
21,7,none,car,1603,107,0,0,True,0.967725,0.01586767,0.0004934801,0.015913866
21,7,none,car,1604,107,1,1,True,0.21941093,0.77097684,0.0062609706,0.0033512756
21,7,none,car,1605,107,0,3,False,0.38157323,0.14313178,0.05052819,0.42476675
21,7,none,car,1606,107,1,3,False,0.094925,0.27749667,0.2681352,0.35944322
21,7,none,car,1607,107,0,1,False,0.030149404,0.77889335,0.0024626206,0.18849464
21,7,none,car,1608,107,3,0,False,0.68494743,0.04541608,0.23688531,0.03275125
21,7,none,car,1609,107,2,3,False,0.07427668,0.12640624,0.02924403,0.770073
21,7,none,car,1610,107,2,0,False,0.8292262,0.031218506,0.050744403,0.08881088
21,7,none,car,1611,107,3,3,True,0.11933838,0.008278778,0.006032732,0.8663501
21,7,none,car,1612,107,2,0,False,0.7886366,0.20263089,0.002765199,0.0059672794
21,7,none,car,1613,107,3,0,False,0.9383186,0.03425853,0.0050240816,0.022398751
21,7,none,car,1614,107,3,1,False,0.077190205,0.7583072,0.024332076,0.14017051
21,7,none,car,1615,107,2,0,False,0.29490918,0.25396574,0.18041131,0.27071378
21,7,none,car,1616,107,2,0,False,0.7823136,0.014206931,0.105476975,0.09800253
21,7,none,car,1617,107,3,1,False,0.014695967,0.59389675,0.014466366,0.3769409
21,7,none,car,1618,107,2,0,False,0.5060816,0.09647764,0.19134228,0.20609854
21,7,none,car,1619,107,3,3,True,0.02964574,0.28389347,0.055201437,0.6312594
21,7,none,car,1620,107,2,3,False,0.040432155,0.11861693,0.030506609,0.8104443
21,7,none,car,1621,107,3,1,False,0.0026801873,0.7167132,0.027729586,0.252877
21,7,none,car,1622,107,3,0,False,0.39306378,0.15400286,0.08794954,0.36498386
21,7,none,car,1623,108,0,0,True,0.9542675,0.00014339712,0.0006078783,0.044981092
21,7,none,car,1624,108,1,1,True,8.6254295e-05,0.9966439,0.00022988977,0.003040028
21,7,none,car,1625,108,0,3,False,0.21423323,0.0032643862,0.0017880078,0.7807144
21,7,none,car,1626,108,1,0,False,0.44955975,0.21582396,0.004496888,0.3301194
21,7,none,car,1627,108,0,0,True,0.9938087,0.00021524259,0.00023736597,0.0057386174
21,7,none,car,1628,108,1,1,True,0.0003904253,0.994443,2.883745e-05,0.0051378612
21,7,none,car,1629,108,1,1,True,0.00014010916,0.98228896,6.1902334e-05,0.017508946
21,7,none,car,1630,108,0,0,True,0.9377647,0.00071504124,0.0005010489,0.06101924
21,7,none,car,1631,108,0,0,True,0.9995647,8.109412e-06,1.516288e-05,0.0004120278
21,7,none,car,1632,108,1,1,True,0.017670466,0.7657035,0.0020235537,0.21460247
21,7,none,car,1633,108,0,0,True,0.9988734,0.00016941525,0.00047677764,0.00048034862
21,7,none,car,1634,108,1,3,False,0.08547268,0.32811305,0.006730889,0.5796834
21,7,none,car,1635,108,0,3,False,0.34435186,0.1193932,0.17398989,0.36226505
21,7,none,car,1636,108,1,1,True,0.045517374,0.88095886,0.028642531,0.044881232
21,7,none,car,1637,108,1,1,True,0.0004137693,0.86756253,0.0004632265,0.13156043
21,7,none,car,1638,108,2,1,False,0.024975112,0.5111036,0.26707932,0.19684204
21,7,none,car,1639,108,3,3,True,0.00038970343,0.007209349,0.004686565,0.9877144
21,7,none,car,1640,108,2,3,False,0.027428517,0.07912391,0.066768155,0.8266794
21,7,none,car,1641,108,3,3,True,0.0012358746,0.014038654,0.00582761,0.9788978
21,7,none,car,1642,108,3,3,True,0.002584997,0.0075006713,0.003015382,0.986899
21,7,none,car,1643,108,2,1,False,0.14921239,0.4006439,0.3278441,0.12229963
21,7,none,car,1644,108,2,3,False,0.16881783,0.005922555,0.047673844,0.7775858
21,7,none,car,1645,108,3,3,True,0.008456114,0.008991576,0.0016778685,0.9808745
21,7,none,car,1646,108,2,1,False,0.10830588,0.8735414,0.0022365868,0.015916133
21,7,none,car,1647,108,3,3,True,0.05700743,0.041927967,0.007870363,0.89319426
21,7,none,car,1648,108,3,3,True,0.0119811995,0.02374782,0.01013901,0.95413196
21,7,none,car,1649,108,2,1,False,0.069500156,0.48183784,0.1247871,0.323875
21,7,none,car,1650,108,3,3,True,0.045207173,0.001993463,0.006199431,0.94659996
21,7,none,car,1651,108,2,3,False,0.049683068,0.13866007,0.3486655,0.46299136
21,7,none,car,1652,108,3,3,True,0.040326677,0.008026241,0.043276392,0.9083707
21,7,none,car,1653,108,1,1,True,0.00077642413,0.61285204,0.3437931,0.04257847
21,7,none,car,1654,108,0,3,False,0.102181725,0.29655275,0.07777081,0.5234947
21,7,none,car,1655,108,1,1,True,0.015554775,0.53151613,0.2558668,0.19706228
21,7,none,car,1656,108,0,0,True,0.9030088,0.0005044135,0.0028569174,0.0936298
21,7,none,car,1657,108,0,0,True,0.7683725,0.0056132805,0.0005633299,0.22545093
21,7,none,car,1658,108,1,1,True,0.0066045104,0.82529896,0.004452748,0.16364378
21,7,none,car,1659,108,1,1,True,0.0076922993,0.9365072,0.0055020405,0.050298415
21,7,none,car,1660,108,0,0,True,0.99125767,0.001104613,0.0016020224,0.006035689
21,7,none,car,1661,108,0,0,True,0.9908069,0.0005112101,0.0023191439,0.00636278
21,7,none,car,1662,108,1,1,True,0.0002558251,0.996923,0.0019782898,0.0008428862
21,7,none,car,1663,108,1,1,True,0.0013698359,0.95462674,0.003283533,0.04071994
21,7,none,car,1664,108,0,0,True,0.69063985,0.0015739708,0.012997179,0.294789
21,7,none,car,1665,108,1,1,True,0.01737418,0.5908962,0.34294224,0.04878739
21,7,none,car,1666,108,0,0,True,0.94116324,0.0017544458,0.0054704607,0.05161187
21,7,none,car,1667,108,1,1,True,0.39884055,0.42043728,0.0060384357,0.1746837
21,7,none,car,1668,108,3,3,True,0.0011783559,0.0023883618,0.0019275292,0.9945057
21,7,none,car,1669,108,2,3,False,0.1533631,0.13575684,0.14374183,0.56713825
21,7,none,car,1670,108,3,3,True,0.011674772,0.0018624737,0.002847622,0.9836151
21,7,none,car,1671,108,2,2,True,0.03824904,0.03145556,0.87659216,0.053703245
21,7,none,car,1672,108,2,3,False,0.03165102,0.107825674,0.16005437,0.700469
21,7,none,car,1673,108,3,3,True,0.002294238,0.019248217,0.002952047,0.97550553
21,7,none,car,1674,108,2,2,True,0.027392983,0.12289314,0.8082683,0.04144549
21,7,none,car,1675,108,3,1,False,0.045506466,0.49297318,0.27214062,0.1893798
21,7,none,car,1676,108,2,1,False,0.025624152,0.88653153,0.06859107,0.019253163
21,7,none,car,1677,108,3,3,True,0.06075455,0.39208728,0.08776976,0.4593884
21,7,none,car,1678,108,2,3,False,0.16725242,0.27394113,0.27053285,0.28827357
21,7,none,car,1679,108,3,0,False,0.40970686,0.07669905,0.12436356,0.38923052
21,7,none,car,1680,108,2,2,True,0.026393447,0.002610582,0.7206069,0.25038904
21,7,none,car,1681,108,3,3,True,0.3274307,0.051331714,0.090321384,0.5309162
21,7,none,car,1682,108,3,3,True,0.09603067,0.006226139,0.072209366,0.82553387
21,7,none,car,1683,108,1,1,True,0.011980746,0.61608213,0.08724627,0.28469092
21,7,none,car,1684,108,0,0,True,0.51468545,0.032389987,0.31420845,0.13871606
21,7,none,car,1685,108,0,3,False,0.046199415,0.07091625,0.3455247,0.53735965
21,7,none,car,1686,108,1,2,False,0.11857651,0.20414834,0.5909992,0.08627591
21,7,none,car,1687,108,0,3,False,0.086829394,0.09968905,0.013693646,0.7997879
21,7,none,car,1688,108,1,1,True,0.29819295,0.38436466,0.30603284,0.011409617
21,7,none,car,1689,108,1,1,True,0.00054244744,0.9770347,0.0187832,0.003639792
21,7,none,car,1690,108,0,0,True,0.6549508,0.0028404694,0.036699068,0.3055096
21,7,none,car,1691,108,0,3,False,0.33055916,0.18972428,0.14504158,0.334675
21,7,none,car,1692,108,1,1,True,0.006233116,0.9868687,0.0028712119,0.0040269555
21,7,none,car,1693,108,0,3,False,0.3555697,0.018096078,0.0093271565,0.6170071
21,7,none,car,1694,108,1,1,True,0.25181216,0.43513444,0.030138038,0.28291538
21,7,none,car,1695,108,1,1,True,0.0011488576,0.9965413,0.00033295143,0.0019768404
21,7,none,car,1696,108,0,0,True,0.9050389,0.0073332586,0.03667288,0.050955042
21,7,none,car,1697,108,0,0,True,0.9994417,4.9512288e-05,3.338206e-05,0.00047537216
21,7,none,car,1698,108,3,3,True,0.12672707,0.14993516,0.014977192,0.7083606
21,7,none,car,1699,108,2,3,False,0.024622107,0.06439974,0.3408535,0.57012457
21,7,none,car,1700,108,2,2,True,0.064032346,0.014415216,0.58220124,0.3393512
21,7,none,car,1701,108,3,3,True,0.0008192853,0.00042580557,0.00058291707,0.9981719
21,7,none,car,1702,108,2,3,False,0.27547196,0.05909806,0.10938151,0.55604845
21,7,none,car,1703,108,3,2,False,0.072700664,0.01737741,0.78032714,0.12959474
21,7,none,car,1704,108,3,3,True,0.0023434567,0.00049386587,0.006001744,0.99116087
21,7,none,car,1705,108,2,2,True,0.005502696,0.019848181,0.90441036,0.07023874
21,7,none,car,1706,108,3,3,True,0.034977067,0.019823696,0.037580416,0.9076188
21,7,none,car,1707,108,2,1,False,0.05171746,0.590455,0.033088893,0.32473862
21,7,none,car,1708,108,2,2,True,0.25099623,0.02109761,0.45312956,0.27477658
21,7,none,car,1709,108,3,3,True,0.015813846,0.015074891,0.013140117,0.9559712
21,7,none,car,1710,108,2,1,False,0.06178992,0.4779986,0.16666624,0.2935453
21,7,none,car,1711,108,3,3,True,0.015334127,0.26320115,0.009808951,0.71165574
21,7,none,car,1712,108,2,0,False,0.77407414,0.081731156,0.037801277,0.10639339
21,7,none,car,1713,109,0,0,True,0.94528335,0.0011325936,0.0040669604,0.049517117
21,7,none,car,1714,109,1,1,True,0.15054847,0.3890509,0.38040525,0.07999549
21,7,none,car,1715,109,1,1,True,8.876508e-05,0.99943966,0.00025225693,0.00021929464
21,7,none,car,1716,109,0,2,False,0.18571661,0.20354025,0.39399204,0.21675108
21,7,none,car,1717,109,1,1,True,0.01700743,0.97975963,0.001318845,0.001914083
21,7,none,car,1718,109,0,0,True,0.7815987,0.054733578,0.1409403,0.022727385
21,7,none,car,1719,109,1,1,True,0.070204094,0.51210374,0.4052236,0.012468544
21,7,none,car,1720,109,0,0,True,0.87229943,0.0031834743,0.12053725,0.0039799046
21,7,none,car,1721,109,1,1,True,0.04546536,0.8876464,0.015750458,0.051137812
21,7,none,car,1722,109,0,2,False,0.04442987,0.024729636,0.8972485,0.033591945
21,7,none,car,1723,109,0,0,True,0.83758384,0.0018204809,0.09878542,0.06181029
21,7,none,car,1724,109,1,1,True,0.014668757,0.8286659,0.033864133,0.122801214
21,7,none,car,1725,109,0,0,True,0.99931526,1.44992455e-05,0.00058522617,8.4889994e-05
21,7,none,car,1726,109,1,0,False,0.3755206,0.20944989,0.07265156,0.34237793
21,7,none,car,1727,109,1,1,True,0.033540823,0.8837568,0.0691674,0.013534979
21,7,none,car,1728,109,3,3,True,0.012009723,0.38901034,0.14148334,0.45749658
21,7,none,car,1729,109,2,2,True,0.013416325,0.23686072,0.5855694,0.16415362
21,7,none,car,1730,109,2,0,False,0.31578326,0.27170715,0.29198685,0.12052277
21,7,none,car,1731,109,3,3,True,0.05232201,0.0067943535,0.09447362,0.84641004
21,7,none,car,1732,109,3,3,True,0.006669743,0.022058746,0.17697515,0.7942963
21,7,none,car,1733,109,2,2,True,0.2559751,0.043749206,0.5254771,0.1747986
21,7,none,car,1734,109,2,2,True,0.124646656,0.23234288,0.53522146,0.10778902
21,7,none,car,1735,109,3,2,False,0.25844666,0.15560976,0.3135406,0.27240297
21,7,none,car,1736,109,2,3,False,0.073056765,0.013546444,0.06738124,0.8460156
21,7,none,car,1737,109,3,3,True,0.01906131,0.037095442,0.110539846,0.8333034
21,7,none,car,1738,109,2,0,False,0.6192205,0.18951987,0.011131692,0.1801279
21,7,none,car,1739,109,3,2,False,0.28897238,0.08523533,0.58304584,0.042746443
21,7,none,car,1740,109,3,3,True,0.050018318,0.03600851,0.21006724,0.70390594
21,7,none,car,1741,109,2,0,False,0.47481126,0.16672382,0.09046947,0.26799545
21,7,none,car,1742,109,2,1,False,0.008241539,0.81351423,0.018695895,0.15954839
21,7,none,car,1743,109,1,1,True,0.008117165,0.805455,0.07229247,0.11413527
21,7,none,car,1744,109,0,0,True,0.63573354,0.061969724,0.18869196,0.11360476
21,7,none,car,1745,109,1,0,False,0.83914787,0.044086806,0.030383922,0.086381435
21,7,none,car,1746,109,0,3,False,0.18304458,0.016270341,0.22773962,0.5729455
21,7,none,car,1747,109,0,0,True,0.9887249,0.00021402023,0.0020642532,0.0089968
21,7,none,car,1748,109,1,2,False,0.27941498,0.015600444,0.6801876,0.024796994
21,7,none,car,1749,109,0,3,False,0.16523007,0.0106393965,0.28430963,0.5398209
21,7,none,car,1750,109,1,1,True,0.09212405,0.6386536,0.02522225,0.24400015
21,7,none,car,1751,109,1,1,True,0.06376951,0.6248963,0.24380775,0.06752646
21,7,none,car,1752,109,0,2,False,0.075365774,0.00315169,0.894209,0.0272735
21,7,none,car,1753,109,1,3,False,0.4435223,0.056090362,0.005430466,0.49495697
21,7,none,car,1754,109,0,3,False,0.16877837,0.39844456,0.013522816,0.4192543
21,7,none,car,1755,109,1,1,True,0.021453584,0.9415373,0.035318702,0.0016904967
21,7,none,car,1756,109,0,1,False,0.15901212,0.52683455,0.113189794,0.20096354
21,7,none,car,1757,109,0,0,True,0.99710685,0.00094485376,0.00061542634,0.0013328638
21,7,none,car,1758,109,2,3,False,0.060864516,0.010355989,0.0056919386,0.92308754
21,7,none,car,1759,109,3,0,False,0.81031865,0.015580678,0.045379106,0.12872154
21,7,none,car,1760,109,2,3,False,0.059291888,0.10459864,0.06800106,0.7681084
21,7,none,car,1761,109,3,3,True,0.056737732,0.018912194,0.05073804,0.87361205
21,7,none,car,1762,109,3,1,False,0.05863003,0.6742937,0.0032191013,0.26385713
21,7,none,car,1763,109,2,3,False,0.07285705,0.011854628,0.21029888,0.70498943
21,7,none,car,1764,109,3,3,True,0.013570065,0.004857933,0.09824569,0.8833263
21,7,none,car,1765,109,2,3,False,0.08209131,0.3534599,0.073235735,0.49121302
21,7,none,car,1766,109,3,3,True,0.020812642,0.122260354,0.074010275,0.7829167
21,7,none,car,1767,109,2,3,False,0.24391714,0.027035799,0.13333097,0.5957161
21,7,none,car,1768,109,2,3,False,0.11897834,0.12617448,0.35080555,0.4040416
21,7,none,car,1769,109,3,3,True,0.103712745,0.007427285,0.0034380874,0.8854219
21,7,none,car,1770,109,2,3,False,0.057651307,0.38471606,0.081116006,0.4765166
21,7,none,car,1771,109,3,3,True,0.007841699,0.03163574,0.05424928,0.9062733
21,7,none,car,1772,109,2,3,False,0.28474814,0.08825654,0.25577113,0.3712242
21,7,none,car,1773,109,1,3,False,0.016093235,0.2105494,0.107743226,0.66561407
21,7,none,car,1774,109,0,2,False,0.11777237,0.03657525,0.7509515,0.09470089
21,7,none,car,1775,109,1,0,False,0.516229,0.07031147,0.39946184,0.013997679
21,7,none,car,1776,109,0,3,False,0.021191435,0.0061125755,0.0070524593,0.9656435
21,7,none,car,1777,109,0,2,False,0.08285012,0.023497215,0.839678,0.05397473
21,7,none,car,1778,109,1,1,True,0.02572378,0.47311622,0.037168942,0.46399096
21,7,none,car,1779,109,1,3,False,0.23912528,0.1409441,0.11361708,0.5063136
21,7,none,car,1780,109,0,3,False,0.011796844,0.009773462,0.0672543,0.91117543
21,7,none,car,1781,109,1,0,False,0.5091175,0.23388866,0.03502375,0.2219701
21,7,none,car,1782,109,0,1,False,0.12367069,0.69468015,0.110228516,0.07142069
21,7,none,car,1783,109,0,0,True,0.7656318,0.048716433,0.013100001,0.1725518
21,7,none,car,1784,109,1,2,False,0.14849691,0.01653967,0.49451476,0.34044868
21,7,none,car,1785,109,0,0,True,0.9247292,0.0030436034,0.027667347,0.044559833
21,7,none,car,1786,109,1,0,False,0.73176193,0.016406821,0.1820649,0.069766305
21,7,none,car,1787,109,0,2,False,0.07937019,0.113783844,0.5899079,0.21693811
21,7,none,car,1788,109,2,2,True,0.011029989,0.46594962,0.49651998,0.026500354
21,7,none,car,1789,109,3,3,True,0.1651516,0.036604103,0.16093194,0.6373124
21,7,none,car,1790,109,2,3,False,0.050574973,0.3543839,0.023344664,0.57169646
21,7,none,car,1791,109,3,3,True,0.21620677,0.024595674,0.24610196,0.5130956
21,7,none,car,1792,109,2,3,False,0.09143945,0.02068589,0.15908277,0.7287919
21,7,none,car,1793,109,3,3,True,0.09341755,0.11342738,0.28327888,0.50987613
21,7,none,car,1794,109,2,0,False,0.46577832,0.011967117,0.45065907,0.071595564
21,7,none,car,1795,109,3,3,True,0.030804664,0.004868301,0.117055565,0.8472715
21,7,none,car,1796,109,3,3,True,0.032459944,0.33275443,0.004529407,0.63025624
21,7,none,car,1797,109,2,3,False,0.035759076,0.03732286,0.30511913,0.6217989
21,7,none,car,1798,109,3,1,False,0.0063095684,0.809609,0.0040786266,0.18000288
21,7,none,car,1799,109,2,3,False,0.04912495,0.12649882,0.014494181,0.8098821
21,7,none,car,1800,109,2,3,False,0.031017449,0.0063033258,0.44125292,0.5214263
21,7,none,car,1801,109,3,2,False,0.1620565,0.085189916,0.43956974,0.31318384
21,7,none,car,1802,109,3,0,False,0.55768335,0.07689844,0.08623659,0.27918163
21,7,none,cz,0,90,0,0,True,0.59639895,0.010783911,0.01765946,0.3751577
21,7,none,cz,1,90,1,1,True,0.27249512,0.67326903,0.00837928,0.04585652
21,7,none,cz,2,90,1,1,True,0.0011968263,0.99567753,3.0470736e-05,0.0030951924
21,7,none,cz,3,90,0,0,True,0.80865216,0.0043200334,0.04984057,0.13718724
21,7,none,cz,4,90,1,1,True,0.026380269,0.94562894,0.01637079,0.011620003
21,7,none,cz,5,90,0,0,True,0.86384493,0.0014514459,0.030300776,0.104402855
21,7,none,cz,6,90,1,1,True,0.22047785,0.70547205,0.004407508,0.069642544
21,7,none,cz,7,90,0,0,True,0.96587175,0.0067685973,0.0015177756,0.025841862
21,7,none,cz,8,90,0,0,True,0.6089317,0.044206142,0.0074484665,0.33941367
21,7,none,cz,9,90,1,1,True,0.001254561,0.9883221,0.0077782264,0.0026451906
21,7,none,cz,10,90,0,0,True,0.6850529,0.21079457,0.035787906,0.068364635
21,7,none,cz,11,90,1,1,True,0.018020103,0.9794063,0.0006567278,0.0019168219
21,7,none,cz,12,90,0,0,True,0.54539996,0.002862459,0.02081035,0.43092722
21,7,none,cz,13,90,1,2,False,0.09876644,0.113745965,0.74712193,0.040365588
21,7,none,cz,14,90,1,1,True,0.055284526,0.8784945,0.05818205,0.008038944
21,7,none,cz,15,90,3,0,False,0.38779587,0.16371949,0.21655273,0.23193191
21,7,none,cz,16,90,2,3,False,0.056839243,0.016570684,0.37511542,0.5514747
21,7,none,cz,17,90,2,3,False,0.09675674,0.020894272,0.06131021,0.8210388
21,7,none,cz,18,90,3,3,True,0.073374175,0.007348869,0.029101592,0.8901754
21,7,none,cz,19,90,3,3,True,0.034085378,0.025178395,0.14292672,0.79780954
21,7,none,cz,20,90,2,2,True,0.17290995,0.25290215,0.5279301,0.04625784
21,7,none,cz,21,90,3,3,True,0.04104239,0.037908785,0.22758171,0.6934671
21,7,none,cz,22,90,2,1,False,0.28001547,0.32941514,0.23727538,0.15329398
21,7,none,cz,23,90,2,2,True,0.04295627,0.01849084,0.64129084,0.29726207
21,7,none,cz,24,90,3,0,False,0.72740483,0.11648638,0.08054575,0.075563006
21,7,none,cz,25,90,2,2,True,0.106403746,0.07540716,0.74441916,0.07376988
21,7,none,cz,26,90,3,3,True,0.24381578,0.086229704,0.15772557,0.5122289
21,7,none,cz,27,90,3,3,True,0.0609375,0.018243726,0.106713936,0.81410486
21,7,none,cz,28,90,2,1,False,0.18713675,0.33650917,0.23129188,0.24506213
21,7,none,cz,29,90,2,2,True,0.017346574,0.17501731,0.7630199,0.044616282
21,7,none,cz,30,90,1,1,True,0.06835605,0.92907727,0.0015014048,0.0010652221
21,7,none,cz,31,90,0,0,True,0.66070354,0.089666046,0.09519767,0.15443273
21,7,none,cz,32,90,1,1,True,3.6668036e-05,0.9982608,5.5672957e-05,0.0016468717
21,7,none,cz,33,90,0,0,True,0.63817245,0.025490431,0.26939663,0.066940516
21,7,none,cz,34,90,1,1,True,0.029658865,0.6121414,0.0881823,0.2700175
21,7,none,cz,35,90,0,2,False,0.17440544,0.08078135,0.56918526,0.17562793
21,7,none,cz,36,90,1,3,False,0.02872535,0.2781474,0.014119204,0.67900807
21,7,none,cz,37,90,0,0,True,0.7819601,0.07364883,0.06560591,0.078785144
21,7,none,cz,38,90,1,1,True,0.017322088,0.71085465,0.24751799,0.02430525
21,7,none,cz,39,90,0,0,True,0.38142928,0.021870269,0.27284274,0.32385772
21,7,none,cz,40,90,1,0,False,0.36652282,0.32858482,0.037408542,0.2674838
21,7,none,cz,41,90,0,3,False,0.32562938,0.00034417657,0.1499348,0.52409166
21,7,none,cz,42,90,1,1,True,0.02100237,0.86240923,0.09977639,0.016812027
21,7,none,cz,43,90,0,2,False,0.06451219,0.24921419,0.35330006,0.3329735
21,7,none,cz,44,90,1,1,True,0.00023664942,0.95777005,0.028384373,0.0136089055
21,7,none,cz,45,90,2,3,False,0.23662114,0.017075244,0.2822789,0.4640247
21,7,none,cz,46,90,3,2,False,0.026357217,0.0042100493,0.7647752,0.2046575
21,7,none,cz,47,90,3,3,True,0.023978546,0.030059619,0.099819474,0.84614235
21,7,none,cz,48,90,2,3,False,0.11365908,0.00538128,0.17306045,0.7078992
21,7,none,cz,49,90,3,3,True,0.06620784,0.04111269,0.08047159,0.8122079
21,7,none,cz,50,90,2,2,True,0.10715325,0.034607287,0.60022855,0.25801095
21,7,none,cz,51,90,3,3,True,0.03227792,0.017290032,0.012778174,0.9376539
21,7,none,cz,52,90,2,3,False,0.092351064,0.08735751,0.29441705,0.5258744
21,7,none,cz,53,90,3,3,True,0.08095195,0.004191308,0.09620826,0.81864846
21,7,none,cz,54,90,2,3,False,0.18134017,0.011911653,0.28635794,0.5203903
21,7,none,cz,55,90,2,2,True,0.03826008,0.085260324,0.5944442,0.28203538
21,7,none,cz,56,90,3,3,True,0.02529082,0.004671938,0.3297567,0.6402805
21,7,none,cz,57,90,2,3,False,0.01573717,0.009451085,0.41639516,0.55841655
21,7,none,cz,58,90,3,3,True,0.095149286,0.0054663513,0.0975204,0.8018639
21,7,none,cz,59,90,3,3,True,0.018680634,0.011924062,0.02803807,0.9413573
21,7,none,cz,60,90,1,1,True,0.1408499,0.82288635,0.021194845,0.015068873
21,7,none,cz,61,90,0,0,True,0.8205701,0.02574375,0.047369935,0.10631622
21,7,none,cz,62,90,1,1,True,0.04870818,0.92983246,0.020115826,0.0013435959
21,7,none,cz,63,90,0,0,True,0.7035551,0.0139727285,0.15540156,0.12707065
21,7,none,cz,64,90,0,0,True,0.9636633,0.0002459425,0.02460199,0.011488825
21,7,none,cz,65,90,1,1,True,0.02554956,0.9571552,0.015682388,0.0016128644
21,7,none,cz,66,90,1,1,True,0.036866818,0.6711435,0.2510009,0.040988807
21,7,none,cz,67,90,0,0,True,0.8216537,0.0028684463,0.046279006,0.12919885
21,7,none,cz,68,90,0,0,True,0.95508486,0.0049430546,0.020701211,0.019270862
21,7,none,cz,69,90,1,3,False,0.10761361,0.04179908,0.079324044,0.7712633
21,7,none,cz,70,90,1,1,True,0.040542565,0.87048376,0.01272114,0.0762526
21,7,none,cz,71,90,0,0,True,0.53277653,0.02557834,0.19832264,0.24332249
21,7,none,cz,72,90,1,2,False,0.11743099,0.047506027,0.6703904,0.16467258
21,7,none,cz,73,90,0,0,True,0.7173742,0.019384319,0.22200212,0.041239336
21,7,none,cz,74,90,0,0,True,0.67928195,0.0034605104,0.07035707,0.24690044
21,7,none,cz,75,90,2,2,True,0.007791674,0.016216172,0.51981837,0.4561738
21,7,none,cz,76,90,3,0,False,0.91206366,0.006131422,0.040703826,0.041101128
21,7,none,cz,77,90,2,2,True,0.08493094,0.022498135,0.5935464,0.29902458
21,7,none,cz,78,90,3,3,True,0.031445652,0.005971522,0.16519442,0.7973884
21,7,none,cz,79,90,2,1,False,0.016036648,0.78641194,0.151916,0.04563544
21,7,none,cz,80,90,3,3,True,0.1724453,0.13385543,0.29210475,0.4015945
21,7,none,cz,81,90,2,3,False,0.019215792,0.005156253,0.4163305,0.5592975
21,7,none,cz,82,90,3,3,True,0.11204675,0.04498543,0.37399364,0.46897423
21,7,none,cz,83,90,2,2,True,0.086428516,0.00845637,0.7979418,0.10717334
21,7,none,cz,84,90,3,3,True,0.027710428,0.027060973,0.27205986,0.6731687
21,7,none,cz,85,90,2,0,False,0.5249548,0.061126146,0.14793354,0.26598546
21,7,none,cz,86,90,3,3,True,0.34331632,0.03576225,0.06134818,0.55957323
21,7,none,cz,87,90,3,0,False,0.42912593,0.033130046,0.34674025,0.19100381
21,7,none,cz,88,90,2,3,False,0.033421475,0.03211808,0.3567776,0.57768285
21,7,none,cz,89,90,3,0,False,0.48794553,0.14715406,0.043725114,0.32117528
21,7,none,cz,90,91,0,0,True,0.8698719,0.021479977,0.0707788,0.037869316
21,7,none,cz,91,91,1,3,False,0.25415137,0.03286019,0.14750186,0.5654866
21,7,none,cz,92,91,0,3,False,0.08411188,0.014169582,0.23455556,0.667163
21,7,none,cz,93,91,1,3,False,0.041965533,0.23873559,0.10597242,0.61332643
21,7,none,cz,94,91,1,1,True,0.0066337544,0.98671526,0.0031275135,0.0035234892
21,7,none,cz,95,91,0,0,True,0.96902925,0.0012070729,0.0057439255,0.02401969
21,7,none,cz,96,91,1,1,True,0.17363285,0.7671711,0.029429318,0.029766737
21,7,none,cz,97,91,0,0,True,0.67639196,0.038278937,0.05403669,0.23129244
21,7,none,cz,98,91,0,0,True,0.9953694,0.00046633047,0.0009077893,0.003256452
21,7,none,cz,99,91,1,3,False,0.09015954,0.3735048,0.044614084,0.49172163
21,7,none,cz,100,91,0,0,True,0.99702626,0.00015518969,0.0011307785,0.0016877279
21,7,none,cz,101,91,1,2,False,0.011609257,0.11636782,0.5823382,0.28968468
21,7,none,cz,102,91,1,1,True,0.012687664,0.7521474,0.039588217,0.19557667
21,7,none,cz,103,91,0,0,True,0.97023565,0.0006666853,0.022418063,0.006679695
21,7,none,cz,104,91,0,0,True,0.9976368,0.0006031686,0.0014031555,0.00035684707
21,7,none,cz,105,91,2,3,False,0.004976313,0.041233756,0.06307298,0.8907169
21,7,none,cz,106,91,3,3,True,0.0019320442,0.014046607,0.0508642,0.93315715
21,7,none,cz,107,91,3,3,True,0.0035928662,0.0039121406,0.0057821223,0.98671293
21,7,none,cz,108,91,2,2,True,0.012643897,0.00890936,0.9268961,0.05155058
21,7,none,cz,109,91,2,2,True,0.003938792,0.0050609494,0.92111427,0.06988597
21,7,none,cz,110,91,3,3,True,0.17025797,0.009186869,0.26296833,0.5575868
21,7,none,cz,111,91,3,3,True,0.00457017,0.010284787,0.022122063,0.96302295
21,7,none,cz,112,91,2,3,False,0.058181737,0.023037696,0.34088755,0.577893
21,7,none,cz,113,91,3,2,False,0.10515071,0.005094125,0.63593006,0.25382516
21,7,none,cz,114,91,2,2,True,0.0016226313,0.0021722016,0.9927819,0.0034232063
21,7,none,cz,115,91,3,2,False,0.014851323,0.003062439,0.8291524,0.15293388
21,7,none,cz,116,91,2,2,True,0.18275735,0.052064836,0.45724997,0.3079279
21,7,none,cz,117,91,2,3,False,0.0078321155,0.005794448,0.16996685,0.8164066
21,7,none,cz,118,91,3,2,False,0.075476386,0.010456906,0.7281984,0.18586826
21,7,none,cz,119,91,2,2,True,0.002368988,0.021056063,0.9569245,0.01965041
21,7,none,cz,120,91,0,0,True,0.8971587,0.028496338,0.056034654,0.018310364
21,7,none,cz,121,91,1,3,False,0.0881682,0.005494293,0.4145794,0.49175808
21,7,none,cz,122,91,1,1,True,0.049501862,0.55390525,0.18981016,0.20678277
21,7,none,cz,123,91,0,3,False,0.009821619,0.011326926,0.053710103,0.92514133
21,7,none,cz,124,91,0,0,True,0.9931819,0.0015354749,0.0018021067,0.0034804577
21,7,none,cz,125,91,1,3,False,0.028780544,0.038159896,0.36274612,0.57031345
21,7,none,cz,126,91,1,2,False,0.0007359396,0.30277392,0.4366811,0.25980905
21,7,none,cz,127,91,0,3,False,0.111147285,0.004322774,0.23516478,0.6493651
21,7,none,cz,128,91,0,0,True,0.99866295,1.8892257e-05,0.00014046664,0.0011776779
21,7,none,cz,129,91,1,1,True,0.01534341,0.5796164,0.0660559,0.3389843
21,7,none,cz,130,91,1,3,False,0.0065116026,0.06684554,0.16855685,0.75808597
21,7,none,cz,131,91,0,0,True,0.9907873,0.00019391457,0.007459945,0.0015587956
21,7,none,cz,132,91,1,3,False,0.1926819,0.2274097,0.021522027,0.5583864
21,7,none,cz,133,91,0,3,False,0.039993886,0.005668866,0.0038710916,0.95046616
21,7,none,cz,134,91,1,0,False,0.8320423,0.0001652011,0.04726049,0.12053193
21,7,none,cz,135,91,2,3,False,0.09463572,0.075390264,0.031590916,0.7983831
21,7,none,cz,136,91,3,3,True,0.061809152,0.011435792,0.44274893,0.4840061
21,7,none,cz,137,91,2,3,False,0.13337432,0.054590493,0.19174989,0.6202853
21,7,none,cz,138,91,3,2,False,0.016215356,0.0058930023,0.6773134,0.30057824
21,7,none,cz,139,91,2,3,False,0.017737847,0.0065646,0.31802443,0.6576732
21,7,none,cz,140,91,3,3,True,8.383529e-05,0.0003570374,0.0019106654,0.9976484
21,7,none,cz,141,91,2,2,True,0.036516216,0.0128915785,0.94429946,0.00629276
21,7,none,cz,142,91,3,3,True,0.0025983956,0.0007733771,0.01533691,0.9812913
21,7,none,cz,143,91,2,2,True,0.01969371,0.16132455,0.5212199,0.2977618
21,7,none,cz,144,91,3,3,True,0.0021334968,0.027249768,0.46851254,0.50210416
21,7,none,cz,145,91,3,3,True,0.0063728117,0.010846346,0.0044774152,0.9783035
21,7,none,cz,146,91,2,3,False,0.23297425,0.0017172901,0.0065455935,0.7587629
21,7,none,cz,147,91,2,3,False,0.0011502454,0.006454142,0.037150584,0.95524496
21,7,none,cz,148,91,3,3,True,0.020147754,0.0042266776,0.06791643,0.9077092
21,7,none,cz,149,91,3,3,True,0.0033205275,0.019293673,0.009661347,0.96772444
21,7,none,cz,150,91,1,1,True,1.5112987e-05,0.9821523,0.016710296,0.0011223699
21,7,none,cz,151,91,0,3,False,0.25237402,0.003690377,0.032334853,0.7116008
21,7,none,cz,152,91,1,3,False,0.004232844,0.13434531,0.071898974,0.7895229
21,7,none,cz,153,91,0,0,True,0.96786046,7.812732e-05,0.013922622,0.018138785
21,7,none,cz,154,91,0,2,False,0.088799745,0.003544228,0.90587205,0.0017839583
21,7,none,cz,155,91,1,2,False,0.03074885,0.00019002879,0.9492687,0.019792385
21,7,none,cz,156,91,1,2,False,0.00021126175,0.10956092,0.86469203,0.02553579
21,7,none,cz,157,91,0,0,True,0.99885654,6.385777e-05,0.00076813996,0.00031153046
21,7,none,cz,158,91,0,0,True,0.9590091,0.0019899642,0.008896127,0.030104714
21,7,none,cz,159,91,1,3,False,0.038743507,0.03587433,0.14060417,0.784778
21,7,none,cz,160,91,0,0,True,0.92611593,0.0029639024,0.058981232,0.0119389715
21,7,none,cz,161,91,1,1,True,0.015689682,0.65962076,0.054205023,0.27048445
21,7,none,cz,162,91,1,2,False,0.069566764,0.036252055,0.64005667,0.25412446
21,7,none,cz,163,91,0,0,True,0.574354,0.0003675627,0.10632232,0.31895614
21,7,none,cz,164,91,1,2,False,0.007971612,0.005217585,0.8663763,0.120434545
21,7,none,cz,165,91,2,2,True,0.017259723,0.0020032558,0.7239627,0.25677428
21,7,none,cz,166,91,3,2,False,0.030055355,0.0025723807,0.59652823,0.37084398
21,7,none,cz,167,91,3,2,False,0.00014940725,0.004045386,0.86727715,0.12852804
21,7,none,cz,168,91,2,2,True,0.0064483196,0.013321621,0.6269678,0.35326225
21,7,none,cz,169,91,2,2,True,0.0015875525,0.00012003971,0.62367857,0.3746139
21,7,none,cz,170,91,3,3,True,0.0058947983,0.017370438,0.22151951,0.7552153
21,7,none,cz,171,91,3,3,True,0.0018747058,0.0020025172,0.060004417,0.93611836
21,7,none,cz,172,91,2,2,True,0.005063446,0.013446103,0.55901855,0.42247194
21,7,none,cz,173,91,3,3,True,0.016154636,0.029271739,0.09220618,0.86236745
21,7,none,cz,174,91,2,3,False,0.046872973,0.0006645878,0.2433666,0.70909584
21,7,none,cz,175,91,2,2,True,0.0012971737,0.007937003,0.82946986,0.16129597
21,7,none,cz,176,91,3,3,True,0.012697778,0.0071953353,0.36556986,0.61453706
21,7,none,cz,177,91,3,3,True,0.19333208,0.0021463623,0.28057423,0.52394736
21,7,none,cz,178,91,2,2,True,0.023307882,0.046473235,0.7607166,0.16950223
21,7,none,cz,179,91,3,3,True,0.0036751803,0.0037249888,0.4162817,0.5763181
21,7,none,cz,180,92,1,3,False,0.069553465,0.07087126,0.03160322,0.82797205
21,7,none,cz,181,92,0,3,False,0.08928348,0.100940265,0.07291396,0.73686224
21,7,none,cz,182,92,1,0,False,0.4861387,0.034745205,0.2139494,0.26516667
21,7,none,cz,183,92,0,2,False,0.24804553,0.011434923,0.712835,0.027684538
21,7,none,cz,184,92,0,3,False,0.24677368,0.0405522,0.17034553,0.5423286
21,7,none,cz,185,92,1,1,True,0.10679113,0.7601285,0.045318577,0.08776178
21,7,none,cz,186,92,0,0,True,0.91319215,0.036764726,0.03051898,0.019524135
21,7,none,cz,187,92,1,1,True,0.13270058,0.8640771,0.0023895227,0.00083281455
21,7,none,cz,188,92,1,1,True,0.0071229683,0.9913715,0.00013297923,0.0013725134
21,7,none,cz,189,92,0,2,False,0.40355444,0.014733202,0.48692027,0.09479215
21,7,none,cz,190,92,0,0,True,0.8537393,0.042461857,0.045110118,0.058688633
21,7,none,cz,191,92,1,0,False,0.5159523,0.027916783,0.06522623,0.39090475
21,7,none,cz,192,92,0,0,True,0.95233935,0.024884878,0.019730454,0.0030453024
21,7,none,cz,193,92,1,3,False,0.024292685,0.11022591,0.039238606,0.82624274
21,7,none,cz,194,92,0,0,True,0.4823529,0.045922685,0.37243727,0.09928715
21,7,none,cz,195,92,1,1,True,0.168317,0.6980254,0.025978714,0.1076789
21,7,none,cz,196,92,1,1,True,0.029183315,0.9597987,0.005355165,0.005662828
21,7,none,cz,197,92,0,0,True,0.9923868,0.0022120823,0.0023338723,0.0030672231
21,7,none,cz,198,92,1,1,True,0.16184586,0.5122862,0.2568095,0.06905849
21,7,none,cz,199,92,2,0,False,0.5158445,0.07570795,0.10617038,0.30227718
21,7,none,cz,200,92,3,3,True,0.3395062,0.028585969,0.14224674,0.48966113
21,7,none,cz,201,92,2,3,False,0.16811992,0.01958043,0.09946662,0.712833
21,7,none,cz,202,92,3,3,True,0.15082528,0.014976885,0.12405395,0.71014386
21,7,none,cz,203,92,2,2,True,0.32314092,0.24497609,0.3646901,0.067192905
21,7,none,cz,204,92,3,3,True,0.11506598,0.02276532,0.062170304,0.7999984
21,7,none,cz,205,92,2,3,False,0.09961241,0.06951375,0.35037455,0.48049933
21,7,none,cz,206,92,3,3,True,0.32386667,0.10824009,0.02383398,0.54405934
21,7,none,cz,207,92,3,0,False,0.46507877,0.14554375,0.096975744,0.2924017
21,7,none,cz,208,92,2,0,False,0.5539478,0.04772055,0.21423444,0.18409719
21,7,none,cz,209,92,2,2,True,0.007857184,0.06635768,0.88462853,0.041156627
21,7,none,cz,210,92,3,3,True,0.0493714,0.15147202,0.0030819743,0.79607457
21,7,none,cz,211,92,3,3,True,0.06918666,0.047701076,0.012298138,0.8708141
21,7,none,cz,212,92,2,3,False,0.20242785,0.33361605,0.037096765,0.4268593
21,7,none,cz,213,92,3,3,True,0.3609191,0.16189858,0.05143824,0.4257441
21,7,none,cz,214,92,2,0,False,0.9317228,0.016759578,0.03936329,0.012154239
21,7,none,cz,215,92,2,3,False,0.01836782,0.023221107,0.08447151,0.8739395
21,7,none,cz,216,92,3,3,True,0.06096074,0.30285808,0.06690627,0.5692749
21,7,none,cz,217,92,2,2,True,0.029572254,0.124623515,0.7271972,0.11860707
21,7,none,cz,218,92,0,0,True,0.9944813,0.00037825544,0.0025709108,0.0025694869
21,7,none,cz,219,92,1,1,True,0.46146792,0.49447235,0.011666249,0.03239344
21,7,none,cz,220,92,0,0,True,0.934994,0.03056736,0.015956149,0.018482525
21,7,none,cz,221,92,1,1,True,0.32508507,0.58517224,0.03312371,0.05661894
21,7,none,cz,222,92,1,1,True,0.18856406,0.7881065,0.017352842,0.005976571
21,7,none,cz,223,92,0,0,True,0.88390774,0.036532007,0.020632142,0.05892812
21,7,none,cz,224,92,1,1,True,0.007058753,0.8814687,0.00033093852,0.11114165
21,7,none,cz,225,92,0,0,True,0.5260541,0.42621395,0.030137295,0.017594699
21,7,none,cz,226,92,0,0,True,0.9694855,0.02003626,0.001418887,0.009059321
21,7,none,cz,227,92,1,1,True,0.030575676,0.83797497,0.015178202,0.11627119
21,7,none,cz,228,92,1,1,True,0.0012965293,0.90969914,0.004279317,0.08472492
21,7,none,cz,229,92,0,0,True,0.9314949,0.0021021338,0.00767372,0.05872922
21,7,none,cz,230,92,1,1,True,0.0064506647,0.9878548,0.0011401187,0.004554483
21,7,none,cz,231,92,0,3,False,0.13309237,0.040848758,0.10324021,0.7228186
21,7,none,cz,232,92,0,0,True,0.98648214,0.0009687977,0.0030072776,0.009541764
21,7,none,cz,233,92,1,1,True,0.03414451,0.95366955,0.001286864,0.010899101
21,7,none,cz,234,92,0,0,True,0.5966123,0.0022851168,0.16529612,0.23580644
21,7,none,cz,235,92,1,1,True,0.013129091,0.92384434,0.03640549,0.026621088
21,7,none,cz,236,92,1,1,True,0.019896757,0.9717539,0.00042241623,0.007926959
21,7,none,cz,237,92,3,3,True,0.073928475,0.0505142,0.015169919,0.86038744
21,7,none,cz,238,92,2,3,False,0.096545056,0.03601833,0.026804712,0.8406319
21,7,none,cz,239,92,3,0,False,0.48394853,0.17547525,0.09531657,0.2452596
21,7,none,cz,240,92,2,2,True,0.10783013,0.10989711,0.5996282,0.18264456
21,7,none,cz,241,92,2,2,True,0.23893729,0.10880782,0.6034375,0.048817366
21,7,none,cz,242,92,3,2,False,0.18316086,0.07392783,0.45476708,0.28814423
21,7,none,cz,243,92,2,0,False,0.4434366,0.16464333,0.19052592,0.20139408
21,7,none,cz,244,92,3,0,False,0.44787475,0.28867853,0.19054778,0.07289888
21,7,none,cz,245,92,2,0,False,0.42465076,0.10276234,0.24238293,0.23020394
21,7,none,cz,246,92,3,3,True,0.0037361397,0.03594337,0.014607796,0.94571275
21,7,none,cz,247,92,2,3,False,0.093760535,0.09762053,0.3172018,0.4914171
21,7,none,cz,248,92,3,3,True,0.031311117,0.17760797,0.09381241,0.6972685
21,7,none,cz,249,92,3,3,True,0.010576529,0.027076468,0.003737579,0.9586094
21,7,none,cz,250,92,2,2,True,0.03875976,0.036280144,0.844389,0.08057112
21,7,none,cz,251,92,3,3,True,0.020465687,0.0035519255,0.019340204,0.9566422
21,7,none,cz,252,92,2,3,False,0.2762065,0.018165952,0.16149011,0.5441375
21,7,none,cz,253,92,2,0,False,0.53393584,0.056873508,0.36039603,0.048794653
21,7,none,cz,254,92,3,0,False,0.43811235,0.03695075,0.2628229,0.26211408
21,7,none,cz,255,92,2,2,True,0.1627629,0.12537259,0.6696484,0.042216066
21,7,none,cz,256,92,0,0,True,0.9600769,0.008465994,0.0002884897,0.031168584
21,7,none,cz,257,92,1,0,False,0.92449826,0.051389895,0.015133969,0.008977779
21,7,none,cz,258,92,1,1,True,0.06381081,0.8423369,0.013769339,0.08008296
21,7,none,cz,259,92,0,0,True,0.859075,0.011113715,0.018071136,0.11174014
21,7,none,cz,260,92,0,0,True,0.85984683,0.0061511397,0.039799575,0.09420245
21,7,none,cz,261,92,1,1,True,0.07507992,0.89315623,0.016419398,0.0153444195
21,7,none,cz,262,92,1,1,True,0.025467975,0.6050265,0.009423141,0.36008236
21,7,none,cz,263,92,0,0,True,0.92949975,0.020929825,0.03743343,0.012136959
21,7,none,cz,264,92,0,0,True,0.8686703,0.013275105,0.058689483,0.059365038
21,7,none,cz,265,92,1,1,True,0.0042613437,0.9908777,0.00037938135,0.004481493
21,7,none,cz,266,92,0,0,True,0.8980897,0.057722732,0.016578224,0.027609311
21,7,none,cz,267,92,1,0,False,0.33322713,0.1915296,0.14237088,0.33287242
21,7,none,cz,268,92,0,0,True,0.9221895,0.043677513,0.0043386435,0.029794408
21,7,none,cz,269,92,1,1,True,0.024945427,0.65010613,0.24739073,0.07755775
21,7,none,cz,270,92,1,1,True,0.15664782,0.72650313,0.037339088,0.07950997
21,7,none,cz,271,92,0,0,True,0.9470224,0.025397502,0.0056699896,0.021910062
21,7,none,cz,272,92,1,1,True,0.2410519,0.5666704,0.11992295,0.07235478
21,7,none,cz,273,92,0,0,True,0.5479188,0.030444978,0.3061727,0.11546347
21,7,none,cz,274,92,1,2,False,0.24960934,0.062484894,0.4496058,0.23829998
21,7,none,cz,275,92,3,0,False,0.29596916,0.29557896,0.122439355,0.2860125
21,7,none,cz,276,92,2,3,False,0.29333043,0.24784,0.12639044,0.33243912
21,7,none,cz,277,92,3,3,True,0.03753345,0.07055526,0.11108397,0.78082734
21,7,none,cz,278,92,2,0,False,0.3936018,0.18619323,0.1571907,0.26301435
21,7,none,cz,279,92,3,3,True,0.09933812,0.0011045282,0.053517193,0.8460401
21,7,none,cz,280,92,2,0,False,0.4588666,0.06306972,0.22899686,0.2490668
21,7,none,cz,281,92,3,3,True,0.014005762,0.08923435,0.19915375,0.69760615
21,7,none,cz,282,92,2,2,True,0.25001448,0.24164507,0.43716764,0.07117281
21,7,none,cz,283,92,2,2,True,0.045461748,0.16597497,0.71188205,0.076681234
21,7,none,cz,284,92,3,0,False,0.42651477,0.16718872,0.17335956,0.23293698
21,7,none,cz,285,92,3,3,True,0.011387318,0.17352648,0.029877698,0.7852085
21,7,none,cz,286,92,2,2,True,0.13936529,0.34492877,0.3946616,0.12104427
21,7,none,cz,287,92,2,1,False,0.081964284,0.77587825,0.031943228,0.110214226
21,7,none,cz,288,92,3,3,True,0.24251221,0.13242237,0.14675736,0.47830805
21,7,none,cz,289,92,3,3,True,0.01224936,0.0806829,0.008682325,0.8983854
21,7,none,cz,290,92,2,3,False,0.13680205,0.15336655,0.063739166,0.64609224
21,7,none,cz,291,92,2,0,False,0.5962158,0.013219956,0.08485174,0.30571243
21,7,none,cz,292,92,3,3,True,0.3790494,0.05833292,0.022626434,0.53999126
21,7,none,cz,293,92,2,1,False,0.10058746,0.39494616,0.11751386,0.38695252
21,7,none,cz,294,93,1,1,True,0.02474787,0.52682495,0.08630756,0.3621197
21,7,none,cz,295,93,0,1,False,0.08330502,0.53048337,0.32127714,0.06493448
21,7,none,cz,296,93,1,1,True,0.000118456875,0.97762966,0.0086347535,0.013617158
21,7,none,cz,297,93,0,1,False,0.26622492,0.31511268,0.24795952,0.1707029
21,7,none,cz,298,93,1,2,False,0.0023086562,0.17025965,0.7846655,0.04276609
21,7,none,cz,299,93,0,3,False,0.020770973,0.06473961,0.2431408,0.67134863
21,7,none,cz,300,93,0,0,True,0.96811944,0.021881051,0.0041069603,0.0058925455
21,7,none,cz,301,93,1,3,False,0.013282316,0.35571995,0.16654365,0.46445403
21,7,none,cz,302,93,1,2,False,0.13283491,0.015643254,0.7967289,0.054793023
21,7,none,cz,303,93,0,0,True,0.3259177,0.118560754,0.26390287,0.2916187
21,7,none,cz,304,93,1,3,False,0.011456812,0.27115858,0.19579984,0.5215848
21,7,none,cz,305,93,0,0,True,0.99630356,0.0010116398,0.00030301837,0.002381805
21,7,none,cz,306,93,1,3,False,0.002374516,0.39501932,0.20508209,0.39752412
21,7,none,cz,307,93,0,0,True,0.9991345,3.9120503e-05,0.00026439392,0.0005620278
21,7,none,cz,308,93,0,0,True,0.7967455,0.031196127,0.12423069,0.047827777
21,7,none,cz,309,93,3,3,True,0.000364924,0.02575964,0.0027387892,0.97113657
21,7,none,cz,310,93,2,1,False,0.0027979221,0.553126,0.3239733,0.120102756
21,7,none,cz,311,93,2,2,True,0.005868713,0.08189674,0.65806663,0.25416794
21,7,none,cz,312,93,3,3,True,0.00756971,0.01298608,0.011717348,0.9677269
21,7,none,cz,313,93,3,3,True,5.2728876e-05,0.001863105,0.0014999007,0.9965843
21,7,none,cz,314,93,2,2,True,0.0521534,0.15553561,0.63728213,0.15502885
21,7,none,cz,315,93,3,1,False,0.004015682,0.5754265,0.25354302,0.1670148
21,7,none,cz,316,93,2,2,True,4.4976226e-05,0.0002524821,0.9996549,4.7707348e-05
21,7,none,cz,317,93,2,2,True,0.04067515,0.014613271,0.88159764,0.06311391
21,7,none,cz,318,93,3,3,True,0.010815735,0.05904766,0.013454894,0.91668177
21,7,none,cz,319,93,3,0,False,0.4937622,0.030838277,0.0023905488,0.47300896
21,7,none,cz,320,93,2,2,True,0.032792002,0.10603421,0.7360377,0.12513606
21,7,none,cz,321,93,2,2,True,0.17188725,0.009196543,0.6668211,0.152095
21,7,none,cz,322,93,3,3,True,0.00038551996,0.0015761154,0.0020058304,0.99603254
21,7,none,cz,323,93,2,2,True,0.027393214,0.008243693,0.92373514,0.04062792
21,7,none,cz,324,93,0,0,True,0.9952924,0.00029324213,0.00069964037,0.0037146094
21,7,none,cz,325,93,1,3,False,0.0020806575,0.114856616,0.14891002,0.73415273
21,7,none,cz,326,93,1,1,True,1.2120834e-06,0.9985923,2.2027432e-05,0.001384438
21,7,none,cz,327,93,0,2,False,0.3262588,0.026135972,0.5065284,0.14107685
21,7,none,cz,328,93,0,0,True,0.62607276,0.0040358924,0.057137184,0.3127542
21,7,none,cz,329,93,1,1,True,0.022721106,0.82096505,0.051606975,0.1047069
21,7,none,cz,330,93,0,2,False,0.12160314,0.10685742,0.4019781,0.3695613
21,7,none,cz,331,93,1,3,False,0.0035869589,0.3595935,0.1251107,0.51170886
21,7,none,cz,332,93,1,2,False,0.0032839049,0.25120202,0.5133489,0.23216517
21,7,none,cz,333,93,0,3,False,0.15080835,0.051404964,0.22736154,0.57042515
21,7,none,cz,334,93,1,3,False,0.008797323,0.18154503,0.22990626,0.57975143
21,7,none,cz,335,93,0,0,True,0.769675,0.0025894404,0.20141886,0.026316749
21,7,none,cz,336,93,0,0,True,0.9254352,0.00365093,0.0054735676,0.06544033
21,7,none,cz,337,93,1,2,False,0.003994681,0.051178258,0.8556834,0.08914379
21,7,none,cz,338,93,0,3,False,0.094928525,0.0010353168,0.14924325,0.75479287
21,7,none,cz,339,93,2,0,False,0.45295364,0.06510502,0.44045973,0.04148157
21,7,none,cz,340,93,3,3,True,3.193774e-05,0.00019681477,0.00057059573,0.99920064
21,7,none,cz,341,93,3,3,True,0.004057915,0.043795053,0.11868514,0.8334619
21,7,none,cz,342,93,2,2,True,0.030128773,0.13361341,0.5188817,0.31737614
21,7,none,cz,343,93,2,2,True,0.0030086336,0.44535416,0.46154296,0.09009422
21,7,none,cz,344,93,3,3,True,0.00058458775,0.22735733,0.0018846983,0.77017343
21,7,none,cz,345,93,3,3,True,8.695682e-05,0.0012255582,0.000496132,0.9981913
21,7,none,cz,346,93,2,2,True,0.011268061,0.27371767,0.64231527,0.07269901
21,7,none,cz,347,93,3,3,True,0.019713003,0.001769149,0.0068285908,0.9716893
21,7,none,cz,348,93,2,3,False,0.011699298,0.1816443,0.23797688,0.5686795
21,7,none,cz,349,93,3,3,True,0.007655444,0.31250203,0.11045463,0.5693879
21,7,none,cz,350,93,2,2,True,0.0075721573,0.020601222,0.8822324,0.08959422
21,7,none,cz,351,93,3,3,True,0.0006353606,0.005511329,0.003656103,0.9901972
21,7,none,cz,352,93,2,2,True,0.07175146,0.08575703,0.70000196,0.14248958
21,7,none,cz,353,93,2,3,False,0.035927873,0.06769737,0.28935397,0.6070208
21,7,none,cz,354,93,0,1,False,0.08172241,0.4736117,0.2223802,0.22228561
21,7,none,cz,355,93,1,2,False,0.0013127626,0.24282205,0.67009753,0.08576759
21,7,none,cz,356,93,0,0,True,0.7713274,0.013140843,0.18783589,0.0276959
21,7,none,cz,357,93,1,1,True,0.00045486036,0.99010277,0.0006843432,0.008758062
21,7,none,cz,358,93,1,1,True,0.00092076644,0.7957266,0.0070807203,0.19627194
21,7,none,cz,359,93,0,0,True,0.70859957,0.12179488,0.012975904,0.15662959
21,7,none,cz,360,93,1,3,False,0.0066923043,0.19986486,0.21719848,0.57624435
21,7,none,cz,361,93,0,1,False,0.0152871,0.8123649,0.010271942,0.1620761
21,7,none,cz,362,93,1,1,True,0.015067477,0.90173197,0.02611103,0.057089515
21,7,none,cz,363,93,0,0,True,0.6509279,0.0051113064,0.051136848,0.29282403
21,7,none,cz,364,93,0,0,True,0.95011777,0.013475824,0.0062635215,0.03014285
21,7,none,cz,365,93,1,3,False,0.0014663844,0.059882943,0.06841743,0.87023324
21,7,none,cz,366,93,1,1,True,0.0001419614,0.9238539,0.0040718964,0.07193225
21,7,none,cz,367,93,0,1,False,0.07375087,0.37540367,0.25512132,0.2957241
21,7,none,cz,368,93,1,1,True,0.010207345,0.832152,0.12739453,0.030246118
21,7,none,cz,369,93,2,0,False,0.6217175,0.050782826,0.13553992,0.19195977
21,7,none,cz,370,93,3,3,True,0.03588958,0.055604577,0.31803665,0.5904692
21,7,none,cz,371,93,3,3,True,0.002052577,0.008907834,0.006710949,0.9823286
21,7,none,cz,372,93,2,1,False,0.27897426,0.66327965,0.04036821,0.017377902
21,7,none,cz,373,93,3,1,False,0.0006075767,0.6068214,0.0009914573,0.3915796
21,7,none,cz,374,93,2,1,False,0.002142964,0.9506263,0.037572395,0.009658373
21,7,none,cz,375,93,2,2,True,0.03447306,0.020441266,0.6770335,0.26805216
21,7,none,cz,376,93,3,3,True,8.059931e-05,0.007084706,0.0029802716,0.9898544
21,7,none,cz,377,93,3,3,True,3.2785865e-05,0.005856807,0.0010444631,0.99306595
21,7,none,cz,378,93,2,2,True,0.006251277,0.011465819,0.7538891,0.22839388
21,7,none,cz,379,93,2,3,False,0.026872354,0.04866717,0.45685175,0.4676087
21,7,none,cz,380,93,3,3,True,0.019904995,0.010935002,0.028238127,0.94092184
21,7,none,cz,381,93,3,3,True,0.005222201,0.0063570794,0.055727586,0.9326932
21,7,none,cz,382,93,2,1,False,7.375799e-05,0.9945766,0.0028218122,0.0025278851
21,7,none,cz,383,93,3,2,False,0.021925779,0.007300586,0.5578709,0.41290265
21,7,none,cz,384,94,0,0,True,0.99731064,0.00047052343,0.0017739071,0.00044482673
21,7,none,cz,385,94,1,1,True,0.0039825356,0.9287422,0.064111724,0.0031637014
21,7,none,cz,386,94,1,3,False,0.074799486,0.22042403,0.34729278,0.35748374
21,7,none,cz,387,94,0,0,True,0.9997522,0.00011196168,0.00010599208,2.9888e-05
21,7,none,cz,388,94,1,1,True,0.017854663,0.4853322,0.39088988,0.1059232
21,7,none,cz,389,94,0,0,True,0.99456006,0.0015806132,0.001373089,0.0024862578
21,7,none,cz,390,94,1,2,False,0.072583385,0.00833494,0.90266746,0.016414162
21,7,none,cz,391,94,0,0,True,0.9982498,6.583967e-05,0.0006729854,0.0010114405
21,7,none,cz,392,94,1,2,False,0.0743985,0.10796672,0.6156495,0.20198524
21,7,none,cz,393,94,0,0,True,0.9174679,0.027119676,0.053847294,0.0015651808
21,7,none,cz,394,94,0,0,True,0.9941544,0.00011261463,0.0019977854,0.0037352622
21,7,none,cz,395,94,1,2,False,0.10217194,0.10101403,0.6924776,0.10433637
21,7,none,cz,396,94,1,1,True,0.15223399,0.50985545,0.07736325,0.26054728
21,7,none,cz,397,94,0,0,True,0.7892864,0.0014294685,0.06995587,0.13932832
21,7,none,cz,398,94,1,3,False,0.06912125,0.14723586,0.22150274,0.5621402
21,7,none,cz,399,94,2,2,True,0.0108652795,0.037932683,0.92529297,0.025909118
21,7,none,cz,400,94,3,3,True,0.017803852,0.027015267,0.0784045,0.8767764
21,7,none,cz,401,94,3,3,True,0.00046078293,0.0039099744,0.0017025694,0.9939267
21,7,none,cz,402,94,2,2,True,0.010516752,0.0070996596,0.9634676,0.018915962
21,7,none,cz,403,94,3,3,True,0.046897903,0.0153794,0.06432837,0.8733943
21,7,none,cz,404,94,2,2,True,0.044283666,0.07709565,0.8019684,0.076652296
21,7,none,cz,405,94,2,2,True,0.0034810868,0.021310156,0.95556456,0.019644156
21,7,none,cz,406,94,3,3,True,0.006381914,0.10502604,0.02315047,0.8654416
21,7,none,cz,407,94,2,2,True,0.10962728,0.013368569,0.7350792,0.14192495
21,7,none,cz,408,94,3,3,True,0.01207648,0.010704109,0.036472432,0.94074696
21,7,none,cz,409,94,3,3,True,0.0026017958,0.0021049217,0.0042499364,0.9910433
21,7,none,cz,410,94,2,2,True,0.042164758,0.02713464,0.9081054,0.02259519
21,7,none,cz,411,94,3,3,True,0.040860873,0.009265652,0.0500715,0.89980197
21,7,none,cz,412,94,2,0,False,0.5652593,0.025252113,0.14884503,0.26064354
21,7,none,cz,413,94,3,2,False,0.12073681,0.058175307,0.5822001,0.23888779
21,7,none,cz,414,94,1,1,True,0.0069976035,0.9680548,0.016265828,0.008681899
21,7,none,cz,415,94,0,1,False,0.4332144,0.49640042,0.06796046,0.0024246243
21,7,none,cz,416,94,1,1,True,0.024843719,0.9614501,0.011945115,0.001761027
21,7,none,cz,417,94,0,0,True,0.8789083,0.05039069,0.050246775,0.020454295
21,7,none,cz,418,94,0,0,True,0.9841606,0.0013521055,0.014139073,0.00034817008
21,7,none,cz,419,94,1,1,True,0.00048063626,0.8691094,0.1140771,0.016332947
21,7,none,cz,420,94,1,3,False,0.090920255,0.05236429,0.24075764,0.6159578
21,7,none,cz,421,94,0,0,True,0.9794663,0.0004834638,0.019379973,0.00067018805
21,7,none,cz,422,94,0,0,True,0.85291946,0.104624376,0.041725323,0.0007308292
21,7,none,cz,423,94,1,0,False,0.46161473,0.013352845,0.44745794,0.07757453
21,7,none,cz,424,94,1,1,True,9.468174e-05,0.9942275,0.005223784,0.00045391885
21,7,none,cz,425,94,0,2,False,0.09152129,0.37657222,0.45465925,0.077247225
21,7,none,cz,426,94,1,1,True,0.02469083,0.48136202,0.42054084,0.0734063
21,7,none,cz,427,94,0,0,True,0.9744406,7.129349e-05,0.0134499855,0.012038151
21,7,none,cz,428,94,1,2,False,0.026154907,0.009585248,0.9265116,0.03774829
21,7,none,cz,429,94,3,3,True,0.08887694,0.0068936083,0.082056664,0.82217276
21,7,none,cz,430,94,2,2,True,0.32719404,0.0043408666,0.64442915,0.024035998
21,7,none,cz,431,94,3,3,True,0.0010331904,0.05135108,0.044428166,0.9031875
21,7,none,cz,432,94,2,2,True,0.00083551323,0.004447068,0.97825855,0.016458934
21,7,none,cz,433,94,3,3,True,0.002374351,0.016325977,0.004587438,0.9767122
21,7,none,cz,434,94,2,2,True,0.009123937,0.021473883,0.93585485,0.033547316
21,7,none,cz,435,94,2,2,True,0.03087707,0.036774818,0.71063775,0.22171038
21,7,none,cz,436,94,3,3,True,0.0069015645,0.02005858,0.30651343,0.6665264
21,7,none,cz,437,94,3,3,True,0.010920507,0.08804606,0.009676648,0.8913568
21,7,none,cz,438,94,2,2,True,0.059140995,0.052028123,0.8208977,0.06793312
21,7,none,cz,439,94,3,3,True,0.04818683,0.025248809,0.10442653,0.82213783
21,7,none,cz,440,94,2,0,False,0.44669548,0.029261675,0.35902482,0.16501804
21,7,none,cz,441,94,3,3,True,0.026649293,0.0072944816,0.3849662,0.58109003
21,7,none,cz,442,94,2,2,True,0.011263271,0.006392714,0.97306824,0.0092758285
21,7,none,cz,443,94,2,3,False,0.14906214,0.032499466,0.04748834,0.77095
21,7,none,cz,444,94,0,0,True,0.98827296,0.004405219,0.006729144,0.00059273135
21,7,none,cz,445,94,1,2,False,0.23904675,0.032674007,0.7191058,0.009173404
21,7,none,cz,446,94,1,2,False,0.0034264678,0.195213,0.7820408,0.019319782
21,7,none,cz,447,94,0,0,True,0.7558549,0.0019790994,0.23052873,0.011637255
21,7,none,cz,448,94,1,1,True,0.0049223704,0.468749,0.38336232,0.14296632
21,7,none,cz,449,94,0,0,True,0.7131518,0.0034777496,0.23780744,0.045563042
21,7,none,cz,450,94,1,0,False,0.4295799,0.11118892,0.26663747,0.19259377
21,7,none,cz,451,94,0,2,False,0.33356693,0.0049918843,0.6036901,0.057751063
21,7,none,cz,452,94,1,3,False,0.09061305,0.094483435,0.2041124,0.61079115
21,7,none,cz,453,94,0,2,False,0.15898646,0.025279757,0.6368215,0.17891228
21,7,none,cz,454,94,1,2,False,0.04101039,0.07741266,0.62494725,0.25662965
21,7,none,cz,455,94,0,0,True,0.98954624,0.00020847269,0.0077426354,0.002502659
21,7,none,cz,456,94,0,0,True,0.57231575,0.045645528,0.37026316,0.011775564
21,7,none,cz,457,94,1,3,False,0.013183515,0.006328359,0.111001916,0.8694862
21,7,none,cz,458,94,0,2,False,0.12259583,0.0056358543,0.5541012,0.31766713
21,7,none,cz,459,94,2,2,True,0.020989014,0.01840717,0.9355245,0.02507931
21,7,none,cz,460,94,3,2,False,0.0020761965,0.024140883,0.75067145,0.2231114
21,7,none,cz,461,94,2,2,True,0.09012218,0.023823043,0.8683056,0.01774921
21,7,none,cz,462,94,3,0,False,0.49553373,0.02203216,0.42793468,0.054499406
21,7,none,cz,463,94,2,2,True,0.15142725,0.2000259,0.632521,0.016025772
21,7,none,cz,464,94,3,3,True,0.012743912,0.009292712,0.05852807,0.9194353
21,7,none,cz,465,94,3,3,True,0.01074831,0.029424569,0.104064934,0.8557622
21,7,none,cz,466,94,2,2,True,0.039752528,0.0017774707,0.8201451,0.1383249
21,7,none,cz,467,94,2,2,True,0.006032695,0.001467301,0.95749927,0.035000775
21,7,none,cz,468,94,3,3,True,0.010816907,0.0003584798,0.2716543,0.7171703
21,7,none,cz,469,94,3,3,True,0.0034241076,0.01604675,0.0195235,0.9610057
21,7,none,cz,470,94,2,2,True,0.01766205,0.011309691,0.73812866,0.23289964
21,7,none,cz,471,94,2,3,False,0.092842,0.023787081,0.30872753,0.5746434
21,7,none,cz,472,94,3,3,True,0.03229964,0.075930625,0.3037663,0.5880034
21,7,none,cz,473,94,3,2,False,0.1500933,0.10092321,0.48614404,0.2628394
21,7,none,cz,474,95,0,0,True,0.6838513,0.19044974,0.068465814,0.057233185
21,7,none,cz,475,95,1,1,True,0.037071448,0.4976786,0.020231282,0.44501868
21,7,none,cz,476,95,1,1,True,0.00039144725,0.97785234,0.012308933,0.009447393
21,7,none,cz,477,95,0,0,True,0.65124553,0.0061432305,0.03155309,0.31105816
21,7,none,cz,478,95,0,0,True,0.9801491,0.0027034716,0.009536789,0.0076105944
21,7,none,cz,479,95,1,1,True,0.01997202,0.73933595,0.05253019,0.18816182
21,7,none,cz,480,95,0,0,True,0.8826713,0.031851027,0.044680707,0.040797055
21,7,none,cz,481,95,1,1,True,0.001376212,0.79306185,0.011743055,0.19381885
21,7,none,cz,482,95,0,0,True,0.97493285,0.0028883645,0.009536091,0.0126427645
21,7,none,cz,483,95,1,3,False,0.0005665752,0.024752457,0.028877031,0.945804
21,7,none,cz,484,95,1,1,True,0.0034939048,0.65638864,0.09418627,0.24593118
21,7,none,cz,485,95,0,0,True,0.9842545,3.988377e-05,0.0055542695,0.010151334
21,7,none,cz,486,95,0,0,True,0.9174405,0.005513582,0.020136423,0.056909543
21,7,none,cz,487,95,1,1,True,0.013044293,0.44018036,0.12790804,0.4188673
21,7,none,cz,488,95,1,1,True,0.00047919713,0.44034392,0.33821657,0.22096035
21,7,none,cz,489,95,2,3,False,0.0040691406,0.009793699,0.077171475,0.9089657
21,7,none,cz,490,95,3,3,True,0.0076206992,0.017645992,0.09946457,0.87526876
21,7,none,cz,491,95,2,2,True,0.0054726657,0.18316391,0.543431,0.26793244
21,7,none,cz,492,95,3,3,True,0.00031783638,0.000108494554,0.0005180079,0.9990557
21,7,none,cz,493,95,3,3,True,4.7851587e-05,0.005402246,0.00035650484,0.9941934
21,7,none,cz,494,95,2,3,False,0.01701888,0.008337961,0.03307923,0.94156396
21,7,none,cz,495,95,2,3,False,0.0025487442,0.012724589,0.38849956,0.5962271
21,7,none,cz,496,95,3,3,True,0.010122697,0.002146873,0.0061707143,0.98155975
21,7,none,cz,497,95,3,3,True,2.4890236e-05,0.00020422734,0.00736166,0.9924092
21,7,none,cz,498,95,2,3,False,0.00028043482,0.018502709,0.06622404,0.91499275
21,7,none,cz,499,95,3,3,True,4.9346778e-05,0.006313437,0.0013291009,0.99230814
21,7,none,cz,500,95,2,3,False,0.00041833083,0.00092982093,0.056744143,0.94190764
21,7,none,cz,501,95,3,3,True,0.0012269316,0.004171714,0.006541457,0.98805994
21,7,none,cz,502,95,2,3,False,0.0006591921,0.0033963514,0.36242986,0.63351464
21,7,none,cz,503,95,2,3,False,0.0033459223,0.011999282,0.0393649,0.94528985
21,7,none,cz,504,95,1,3,False,0.00026179143,0.41367,0.08480459,0.5012636
21,7,none,cz,505,95,0,3,False,0.03896526,0.0021864534,0.010947558,0.9479008
21,7,none,cz,506,95,1,3,False,0.0019950166,0.074257396,0.0096577965,0.91408974
21,7,none,cz,507,95,0,3,False,0.10323729,0.0011757899,0.07514291,0.820444
21,7,none,cz,508,95,0,0,True,0.7765764,0.003337148,0.0056448714,0.2144416
21,7,none,cz,509,95,1,3,False,0.0017362209,0.018305512,0.016020488,0.9639378
21,7,none,cz,510,95,1,3,False,0.0020227467,0.05786641,0.05718485,0.8829259
21,7,none,cz,511,95,0,0,True,0.5344693,0.00011247827,0.009009534,0.4564087
21,7,none,cz,512,95,0,3,False,0.020291919,0.016240915,0.059017837,0.9044493
21,7,none,cz,513,95,1,3,False,0.0015687352,0.15608984,0.07627035,0.766071
21,7,none,cz,514,95,0,3,False,0.34473613,0.0005979499,0.01833088,0.636335
21,7,none,cz,515,95,1,2,False,0.0015721647,0.28020567,0.36977193,0.34845024
21,7,none,cz,516,95,0,3,False,0.08548992,0.031953055,0.026315408,0.85624164
21,7,none,cz,517,95,1,2,False,0.0010246333,0.24951339,0.54458183,0.20488009
21,7,none,cz,518,95,0,3,False,0.43025672,0.0021331992,0.08476641,0.48284367
21,7,none,cz,519,95,3,3,True,7.403771e-06,0.0032555258,0.00064591627,0.9960912
21,7,none,cz,520,95,2,3,False,0.0031653305,0.0003919382,0.06150093,0.93494177
21,7,none,cz,521,95,3,3,True,1.3713174e-05,0.0063127787,0.020788325,0.9728852
21,7,none,cz,522,95,2,3,False,0.048506483,0.0010133217,0.44132236,0.50915784
21,7,none,cz,523,95,2,2,True,0.0033777119,0.002090579,0.8277064,0.16682532
21,7,none,cz,524,95,3,3,True,0.0016724194,0.09962773,0.05601272,0.84268713
21,7,none,cz,525,95,2,2,True,0.0036748522,0.0111416895,0.877618,0.10756548
21,7,none,cz,526,95,3,3,True,0.00031625497,0.012528201,0.003072105,0.9840835
21,7,none,cz,527,95,2,3,False,0.0072192727,0.0025162946,0.113615386,0.876649
21,7,none,cz,528,95,3,3,True,2.799054e-05,0.0015170816,0.0015128873,0.996942
21,7,none,cz,529,95,2,0,False,0.33249986,0.036804162,0.32922205,0.30147386
21,7,none,cz,530,95,3,3,True,0.0023488933,0.0013594085,0.034378592,0.96191317
21,7,none,cz,531,95,2,3,False,0.00029398818,0.0029132753,0.0177293,0.97906345
21,7,none,cz,532,95,3,3,True,0.00021472224,0.014307462,0.021262825,0.96421504
21,7,none,cz,533,95,3,3,True,8.9283545e-05,0.013249886,0.3199714,0.66668946
21,7,none,cz,534,95,0,3,False,0.009289283,0.014836224,0.043055054,0.9328194
21,7,none,cz,535,95,1,3,False,0.024205958,0.0028202343,0.022601312,0.95037246
21,7,none,cz,536,95,1,3,False,0.00079451915,0.00013048976,0.0003062829,0.9987686
21,7,none,cz,537,95,0,3,False,0.06702676,0.003235799,0.10108448,0.828653
21,7,none,cz,538,95,0,3,False,0.0051101516,0.0014078096,0.025583344,0.9678987
21,7,none,cz,539,95,1,3,False,0.08375224,0.17513618,0.22093295,0.5201787
21,7,none,cz,540,95,1,3,False,0.0009768759,0.001799115,0.00039955764,0.9968245
21,7,none,cz,541,95,0,2,False,0.026610818,0.0011635392,0.8828797,0.08934597
21,7,none,cz,542,95,0,2,False,0.031858545,0.05898695,0.62549466,0.28365988
21,7,none,cz,543,95,1,3,False,0.001793298,0.06498994,0.01736827,0.9158485
21,7,none,cz,544,95,0,3,False,0.022907874,0.0052197906,0.27173117,0.70014113
21,7,none,cz,545,95,1,2,False,0.023834048,0.0025484276,0.56180376,0.41181368
21,7,none,cz,546,95,1,3,False,0.03850205,0.09292995,0.2140104,0.6545576
21,7,none,cz,547,95,0,2,False,0.00045092098,0.013878123,0.8228293,0.16284165
21,7,none,cz,548,95,0,2,False,0.032178797,0.0024050612,0.9538591,0.01155705
21,7,none,cz,549,95,2,2,True,0.0022197175,0.013856038,0.7525748,0.23134944
21,7,none,cz,550,95,3,3,True,0.009094648,0.050196305,0.13470806,0.80600095
21,7,none,cz,551,95,3,3,True,0.0048024263,0.027042903,0.018063229,0.9500914
21,7,none,cz,552,95,2,3,False,0.070093215,0.015065004,0.38881204,0.52602977
21,7,none,cz,553,95,2,3,False,0.0015949927,0.014441158,0.08280103,0.9011628
21,7,none,cz,554,95,3,3,True,0.00046156478,0.0011498283,0.0012807337,0.9971079
21,7,none,cz,555,95,2,3,False,0.011621963,0.09797503,0.42750636,0.46289662
21,7,none,cz,556,95,3,3,True,0.00083180197,0.005848505,0.0042775623,0.9890421
21,7,none,cz,557,95,2,3,False,0.01589869,0.056162734,0.42200953,0.50592905
21,7,none,cz,558,95,3,3,True,0.0005901698,0.22501993,0.033527404,0.7408625
21,7,none,cz,559,95,2,3,False,0.002903584,0.0062322286,0.25341213,0.7374521
21,7,none,cz,560,95,3,3,True,0.006178752,0.014502215,0.16579014,0.8135289
21,7,none,cz,561,95,3,3,True,0.0021647403,0.025724808,0.23074083,0.7413696
21,7,none,cz,562,95,2,2,True,0.0007914593,0.061348025,0.88094044,0.05692011
21,7,none,cz,563,95,3,3,True,2.8884044e-05,0.0010813423,0.004447022,0.99444276
21,7,none,cz,564,96,1,1,True,0.07147973,0.8871296,0.019541398,0.021849327
21,7,none,cz,565,96,0,0,True,0.94646174,0.0058120107,0.045446467,0.002279705
21,7,none,cz,566,96,0,0,True,0.9075062,0.00848878,0.030998448,0.053006466
21,7,none,cz,567,96,1,1,True,0.0064401175,0.6272954,0.119682044,0.24658239
21,7,none,cz,568,96,1,1,True,0.00045557157,0.93882966,0.041628018,0.01908667
21,7,none,cz,569,96,0,3,False,0.28641742,0.00083572464,0.2399146,0.4728322
21,7,none,cz,570,96,1,1,True,0.0024361326,0.9789534,0.011402282,0.0072081313
21,7,none,cz,571,96,0,0,True,0.96587443,9.749531e-05,0.010203185,0.023824796
21,7,none,cz,572,96,0,0,True,0.5164214,0.012901536,0.32825184,0.14242528
21,7,none,cz,573,96,1,1,True,0.0014970164,0.9666631,0.025502224,0.006337576
21,7,none,cz,574,96,1,1,True,0.0037591783,0.9705211,0.022500554,0.0032191821
21,7,none,cz,575,96,0,0,True,0.7308638,0.00076333754,0.26283363,0.0055393237
21,7,none,cz,576,96,0,0,True,0.6473381,0.016516749,0.020486461,0.3156587
21,7,none,cz,577,96,1,1,True,0.017043605,0.4276377,0.27008477,0.2852339
21,7,none,cz,578,96,1,1,True,0.0015545487,0.642867,0.051126335,0.30445203
21,7,none,cz,579,96,3,3,True,0.00068157987,0.0048612235,0.060137354,0.9343199
21,7,none,cz,580,96,2,2,True,0.005706251,0.00014129505,0.99256814,0.0015843934
21,7,none,cz,581,96,3,2,False,0.002583762,0.05086242,0.81400794,0.13254589
21,7,none,cz,582,96,2,2,True,0.006318353,0.0017968158,0.92594755,0.065937325
21,7,none,cz,583,96,2,3,False,0.03740014,0.0045307786,0.4390229,0.5190461
21,7,none,cz,584,96,3,2,False,0.023386568,0.0019122111,0.66498065,0.3097206
21,7,none,cz,585,96,3,3,True,0.1027169,0.02099779,0.1411862,0.7350991
21,7,none,cz,586,96,2,2,True,0.010424925,0.0017863337,0.8591125,0.12867627
21,7,none,cz,587,96,3,3,True,0.006642891,0.00041827362,0.043329474,0.9496094
21,7,none,cz,588,96,2,2,True,0.034041435,0.054780867,0.7515633,0.1596144
21,7,none,cz,589,96,2,2,True,0.023179859,0.028773347,0.9447223,0.0033243774
21,7,none,cz,590,96,3,3,True,0.13854688,0.0495404,0.05467723,0.7572355
21,7,none,cz,591,96,3,3,True,0.0066686557,0.0061644493,0.05027695,0.93688995
21,7,none,cz,592,96,2,3,False,0.07087033,0.0212225,0.34285644,0.5650508
21,7,none,cz,593,96,3,3,True,0.015277799,0.09910416,0.14381658,0.74180144
21,7,none,cz,594,96,0,0,True,0.93660235,0.00037008908,0.05537147,0.007656068
21,7,none,cz,595,96,1,2,False,0.14982517,0.0077660703,0.8277428,0.014665915
21,7,none,cz,596,96,1,3,False,0.03483837,0.096296504,0.18961139,0.6792537
21,7,none,cz,597,96,0,0,True,0.9497531,3.9425733e-05,0.014225579,0.0359819
21,7,none,cz,598,96,1,1,True,0.31966195,0.531568,0.08064692,0.06812314
21,7,none,cz,599,96,0,3,False,0.11434743,0.0014110237,0.17651722,0.7077243
21,7,none,cz,600,96,0,0,True,0.658387,0.00048352135,0.31154978,0.029579641
21,7,none,cz,601,96,1,1,True,0.011945757,0.90418285,0.034214046,0.049657322
21,7,none,cz,602,96,0,0,True,0.8935538,0.00886857,0.062174447,0.035403177
21,7,none,cz,603,96,1,1,True,0.016830267,0.47784063,0.47440776,0.030921387
21,7,none,cz,604,96,1,3,False,0.0033412906,0.22590761,0.1393032,0.63144785
21,7,none,cz,605,96,0,0,True,0.81403476,5.938721e-05,0.049806405,0.13609937
21,7,none,cz,606,96,1,3,False,0.0111507,0.02054765,0.14826493,0.8200367
21,7,none,cz,607,96,0,2,False,0.107747406,0.00021840526,0.4817557,0.4102785
21,7,none,cz,608,96,0,0,True,0.5482026,0.00021719081,0.16492993,0.28665033
21,7,none,cz,609,96,3,3,True,0.03805965,0.0021107679,0.019953514,0.939876
21,7,none,cz,610,96,2,2,True,0.0013649295,0.002921637,0.98709273,0.0086206375
21,7,none,cz,611,96,3,2,False,0.24406433,0.034617152,0.68376076,0.03755776
21,7,none,cz,612,96,2,3,False,0.45227873,0.005248671,0.07418488,0.4682877
21,7,none,cz,613,96,3,3,True,0.020996794,0.033666853,0.0075461324,0.9377903
21,7,none,cz,614,96,2,2,True,0.0035876564,0.00038207963,0.98877114,0.0072590974
21,7,none,cz,615,96,2,2,True,0.0046504256,0.0014395511,0.66590965,0.32800028
21,7,none,cz,616,96,3,2,False,0.029662302,0.0013738279,0.6327225,0.33624142
21,7,none,cz,617,96,2,2,True,0.09085,0.0060151466,0.52725166,0.3758832
21,7,none,cz,618,96,3,0,False,0.5919143,0.015179186,0.06126879,0.33163774
21,7,none,cz,619,96,2,3,False,0.026672382,0.0009399105,0.32501173,0.64737606
21,7,none,cz,620,96,3,3,True,0.035031777,0.0027241844,0.025559457,0.93668455
21,7,none,cz,621,96,2,0,False,0.7141241,0.0034692432,0.17096312,0.11144356
21,7,none,cz,622,96,3,3,True,0.008664549,0.0028276367,0.0116926255,0.9768152
21,7,none,cz,623,96,3,3,True,0.033191264,0.0070387013,0.08331769,0.8764524
21,7,none,cz,624,96,1,1,True,0.0036692622,0.7819522,0.102465615,0.1119129
21,7,none,cz,625,96,0,0,True,0.6990465,0.00028522193,0.14173763,0.15893064
21,7,none,cz,626,96,1,2,False,0.100349315,0.006387679,0.8559287,0.0373343
21,7,none,cz,627,96,0,0,True,0.6377736,0.07316253,0.2785631,0.010500768
21,7,none,cz,628,96,1,2,False,0.028230587,0.19681337,0.58044386,0.19451219
21,7,none,cz,629,96,0,0,True,0.96665937,0.0007389758,0.009476555,0.02312505
21,7,none,cz,630,96,0,0,True,0.90510476,6.398139e-05,0.09413744,0.00069378415
21,7,none,cz,631,96,1,3,False,0.38962543,0.05583152,0.03156644,0.52297664
21,7,none,cz,632,96,1,1,True,0.017519971,0.8882658,0.059429847,0.034784358
21,7,none,cz,633,96,0,0,True,0.90580946,0.009401383,0.026822735,0.057966366
21,7,none,cz,634,96,0,0,True,0.9968784,1.577468e-05,0.0027188237,0.0003869012
21,7,none,cz,635,96,1,1,True,0.019934,0.82261807,0.094552025,0.06289595
21,7,none,cz,636,96,1,2,False,0.025611047,0.30864638,0.60742193,0.05832065
21,7,none,cz,637,96,0,0,True,0.99659026,0.0016924816,0.00074417784,0.0009730818
21,7,none,cz,638,96,0,0,True,0.76076466,0.014959509,0.065739326,0.15853646
21,7,none,cz,639,96,2,2,True,0.0019487946,0.03248464,0.9609316,0.004635041
21,7,none,cz,640,96,3,2,False,0.011890886,0.011348363,0.74878424,0.22797652
21,7,none,cz,641,96,2,2,True,0.05035601,0.0018669748,0.88412267,0.06365437
21,7,none,cz,642,96,3,3,True,0.0042541395,0.012917501,0.44731325,0.5355151
21,7,none,cz,643,96,3,3,True,0.06221121,0.0047718156,0.018296363,0.9147206
21,7,none,cz,644,96,2,2,True,0.009884631,0.026362244,0.9403214,0.02343183
21,7,none,cz,645,96,3,3,True,0.24954031,0.018743515,0.09269458,0.63902164
21,7,none,cz,646,96,2,2,True,0.11710036,0.10202376,0.69793594,0.082939945
21,7,none,cz,647,96,2,2,True,0.005255972,0.004017773,0.9761839,0.014542365
21,7,none,cz,648,96,3,2,False,0.1135752,0.083195135,0.5498043,0.25342545
21,7,none,cz,649,96,2,3,False,0.038812336,0.0081248265,0.23755041,0.71551245
21,7,none,cz,650,96,3,3,True,0.023848705,0.0013773183,0.07580896,0.89896506
21,7,none,cz,651,96,2,2,True,0.082122244,0.03486533,0.64302623,0.23998621
21,7,none,cz,652,96,3,0,False,0.43626666,0.01772028,0.22421467,0.3217984
21,7,none,cz,653,96,3,1,False,0.05075304,0.50886613,0.13539663,0.30498424
21,7,none,cz,654,97,0,0,True,0.8598227,0.0192262,0.01441347,0.106537566
21,7,none,cz,655,97,1,1,True,0.025377851,0.8248182,0.012770076,0.13703388
21,7,none,cz,656,97,1,1,True,0.254,0.5596715,0.05509791,0.13123058
21,7,none,cz,657,97,0,0,True,0.5237179,0.22255315,0.20439376,0.049335204
21,7,none,cz,658,97,0,0,True,0.95446414,0.0028350002,0.03242979,0.01027107
21,7,none,cz,659,97,1,1,True,0.001537753,0.9444744,0.014412382,0.039575405
21,7,none,cz,660,97,0,2,False,0.31173795,0.055330344,0.58852863,0.044403058
21,7,none,cz,661,97,1,1,True,0.00023150795,0.9549578,0.013641639,0.031169046
21,7,none,cz,662,97,0,3,False,0.060650785,0.18726788,0.11410882,0.63797253
21,7,none,cz,663,97,1,1,True,0.07236248,0.65427166,0.01053024,0.26283562
21,7,none,cz,664,97,1,1,True,0.0021958011,0.9831434,0.0010358135,0.013624948
21,7,none,cz,665,97,0,0,True,0.58343863,0.0075374283,0.020599987,0.38842395
21,7,none,cz,666,97,1,2,False,0.06299915,0.035743695,0.48082033,0.42043686
21,7,none,cz,667,97,0,3,False,0.082045,0.10534,0.054756477,0.7578585
21,7,none,cz,668,97,0,0,True,0.8066992,0.12998138,0.01629766,0.04702177
21,7,none,cz,669,97,3,3,True,0.19060399,0.06259007,0.0685516,0.67825437
21,7,none,cz,670,97,2,0,False,0.6176422,0.10078646,0.054709032,0.22686218
21,7,none,cz,671,97,3,3,True,0.0007548639,0.008997479,0.0030408832,0.98720676
21,7,none,cz,672,97,2,1,False,0.0045106253,0.5312963,0.07817694,0.38601613
21,7,none,cz,673,97,3,3,True,0.09033049,0.33150604,0.0016619778,0.5765014
21,7,none,cz,674,97,2,3,False,0.042332668,0.12099568,0.19960804,0.6370636
21,7,none,cz,675,97,3,2,False,0.019323103,0.118363544,0.6379219,0.22439143
21,7,none,cz,676,97,2,1,False,0.0144973975,0.7304054,0.0061676395,0.24892949
21,7,none,cz,677,97,3,3,True,0.015572874,0.31072834,0.30965126,0.36404753
21,7,none,cz,678,97,2,2,True,0.097179875,0.19612437,0.53647876,0.17021702
21,7,none,cz,679,97,3,3,True,0.02195294,0.003554815,0.006309668,0.9681826
21,7,none,cz,680,97,2,3,False,0.0020971298,0.0014484586,0.00027886068,0.9961755
21,7,none,cz,681,97,3,3,True,0.01365992,0.002119644,0.013352145,0.9708683
21,7,none,cz,682,97,2,1,False,0.0028560455,0.54717803,0.10919621,0.3407697
21,7,none,cz,683,97,2,1,False,0.01685732,0.74401826,0.046807744,0.19231664
21,7,none,cz,684,97,0,3,False,0.121160924,0.31355256,0.15864249,0.40664405
21,7,none,cz,685,97,1,0,False,0.76854527,0.15069042,0.06898268,0.011781708
21,7,none,cz,686,97,1,1,True,0.008350253,0.9615447,0.009759702,0.02034532
21,7,none,cz,687,97,0,3,False,0.33787453,0.018716915,0.14819227,0.49521634
21,7,none,cz,688,97,1,3,False,0.06551604,0.2091861,0.12524338,0.6000545
21,7,none,cz,689,97,0,0,True,0.3985748,0.029164568,0.23938689,0.33287376
21,7,none,cz,690,97,1,3,False,0.012561484,0.01580488,0.2524362,0.71919745
21,7,none,cz,691,97,0,3,False,0.030174237,0.011689778,0.019781748,0.9383542
21,7,none,cz,692,97,1,3,False,0.045060262,0.40270808,0.01875623,0.53347546
21,7,none,cz,693,97,0,3,False,0.10767078,0.0052117817,0.030201016,0.85691637
21,7,none,cz,694,97,0,0,True,0.88121533,0.009341222,0.08909133,0.0203521
21,7,none,cz,695,97,1,3,False,0.0024042383,0.2964781,0.18299755,0.5181201
21,7,none,cz,696,97,0,3,False,0.015938884,0.0018428414,0.003242827,0.9789755
21,7,none,cz,697,97,1,1,True,0.025702728,0.6656224,0.012279859,0.296395
21,7,none,cz,698,97,1,3,False,0.00014467313,0.02972631,0.0004552523,0.96967375
21,7,none,cz,699,97,3,3,True,0.004223794,0.041702073,0.16748394,0.78659016
21,7,none,cz,700,97,2,2,True,0.26765344,0.053753994,0.45997316,0.21861947
21,7,none,cz,701,97,2,3,False,0.056781437,0.18848273,0.2644981,0.4902378
21,7,none,cz,702,97,3,3,True,0.0042318534,0.029528117,0.1620625,0.8041775
21,7,none,cz,703,97,3,1,False,0.05391554,0.5370948,0.22851399,0.18047571
21,7,none,cz,704,97,2,1,False,0.034756143,0.8543976,0.012652925,0.09819342
21,7,none,cz,705,97,2,3,False,0.0023894324,0.19821067,0.23707989,0.56232
21,7,none,cz,706,97,3,3,True,0.029427616,0.12642609,0.28900927,0.55513704
21,7,none,cz,707,97,2,3,False,0.007820083,0.039628614,0.41809177,0.5344595
21,7,none,cz,708,97,3,3,True,0.0016643716,0.20221107,0.0323521,0.7637725
21,7,none,cz,709,97,3,3,True,0.02923357,0.008302213,0.02411509,0.93834907
21,7,none,cz,710,97,2,3,False,0.004434583,0.03234402,0.33765286,0.6255685
21,7,none,cz,711,97,3,3,True,0.06468603,0.031529296,0.20129585,0.70248884
21,7,none,cz,712,97,2,3,False,0.22383487,0.004719249,0.23631936,0.5351265
21,7,none,cz,713,97,3,3,True,0.058815405,0.21541184,0.03270735,0.6930654
21,7,none,cz,714,97,1,3,False,0.019551706,0.12276645,0.20552257,0.65215933
21,7,none,cz,715,97,0,2,False,0.06309513,0.3781796,0.45572588,0.10299942
21,7,none,cz,716,97,1,1,True,0.041283987,0.6446709,0.1484681,0.16557696
21,7,none,cz,717,97,0,0,True,0.90692055,0.063691884,0.025689745,0.0036978049
21,7,none,cz,718,97,1,2,False,0.040960662,0.07010072,0.7602071,0.12873147
21,7,none,cz,719,97,0,3,False,0.35628888,0.02368538,0.020836879,0.59918886
21,7,none,cz,720,97,0,0,True,0.5488166,0.0030529685,0.01648728,0.43164322
21,7,none,cz,721,97,1,1,True,0.012743151,0.51340944,0.21526128,0.25858605
21,7,none,cz,722,97,1,3,False,0.0026038343,0.4412963,0.05379923,0.5023006
21,7,none,cz,723,97,0,0,True,0.7591013,0.023540204,0.036818646,0.18053988
21,7,none,cz,724,97,1,1,True,0.01773671,0.586013,0.023587085,0.37266323
21,7,none,cz,725,97,0,3,False,0.37730488,0.057358794,0.17206271,0.39327362
21,7,none,cz,726,97,0,0,True,0.88605803,0.0037578677,0.018434623,0.09174943
21,7,none,cz,727,97,1,3,False,0.016877713,0.048996057,0.27880782,0.65531844
21,7,none,cz,728,97,0,0,True,0.5123584,0.0112574445,0.06216859,0.41421553
21,7,none,cz,729,97,3,3,True,0.059579458,0.029323058,0.14466707,0.76643044
21,7,none,cz,730,97,2,3,False,0.0011799257,0.45294672,0.026426159,0.5194472
21,7,none,cz,731,97,2,2,True,0.016939161,0.048667878,0.8375795,0.09681352
21,7,none,cz,732,97,3,3,True,0.20786735,0.0818923,0.27546254,0.4347778
21,7,none,cz,733,97,2,3,False,0.08255561,0.16792597,0.2686315,0.480887
21,7,none,cz,734,97,3,1,False,0.18596631,0.38381884,0.094102114,0.33611268
21,7,none,cz,735,97,2,3,False,0.19638784,0.13131055,0.21882142,0.45348018
21,7,none,cz,736,97,3,3,True,0.021038588,0.11806096,0.10984132,0.7510591
21,7,none,cz,737,97,3,3,True,0.022865456,0.03152111,0.09433683,0.8512766
21,7,none,cz,738,97,2,2,True,0.04128919,0.2180109,0.431979,0.30872092
21,7,none,cz,739,97,3,3,True,0.0019228488,0.011821888,0.04700457,0.9392507
21,7,none,cz,740,97,2,3,False,0.091250286,0.15511988,0.11148707,0.6421428
21,7,none,cz,741,97,2,3,False,0.035585027,0.23187251,0.23290998,0.49963245
21,7,none,cz,742,97,3,3,True,0.03563139,0.019707805,0.09602117,0.84863967
21,7,none,cz,743,97,2,0,False,0.3905573,0.158169,0.17085887,0.2804148
21,7,none,cz,744,98,0,0,True,0.8455103,0.017393976,0.13024305,0.006852621
21,7,none,cz,745,98,1,2,False,0.027835732,0.112097755,0.81174415,0.04832236
21,7,none,cz,746,98,1,1,True,0.10344753,0.6694528,0.14515395,0.08194574
21,7,none,cz,747,98,0,0,True,0.60387486,0.10524986,0.2494374,0.04143786
21,7,none,cz,748,98,0,0,True,0.5375928,0.045073424,0.1968806,0.22045323
21,7,none,cz,749,98,1,1,True,0.08336233,0.5034871,0.33364427,0.07950636
21,7,none,cz,750,98,1,1,True,0.029871698,0.8287843,0.05349468,0.08784929
21,7,none,cz,751,98,0,2,False,0.11176497,0.3121666,0.44802928,0.12803912
21,7,none,cz,752,98,1,1,True,0.12222175,0.6292675,0.20383255,0.044678103
21,7,none,cz,753,98,0,2,False,0.38340738,0.07543272,0.51000905,0.031150846
21,7,none,cz,754,98,1,1,True,0.089781635,0.8525736,0.029189102,0.028455637
21,7,none,cz,755,98,0,0,True,0.808907,0.029096102,0.14131108,0.020685919
21,7,none,cz,756,98,0,2,False,0.14272529,0.4027237,0.4335689,0.020982115
21,7,none,cz,757,98,1,3,False,0.048512205,0.22403365,0.25818822,0.46926597
21,7,none,cz,758,98,0,2,False,0.18177563,0.15051316,0.4771693,0.19054185
21,7,none,cz,759,98,3,3,True,0.009447736,0.0014663874,0.0062522828,0.9828336
21,7,none,cz,760,98,2,2,True,0.10300068,0.04811147,0.6142063,0.23468156
21,7,none,cz,761,98,3,3,True,0.009890321,0.01876854,0.058362495,0.9129787
21,7,none,cz,762,98,2,1,False,0.18812974,0.4275989,0.36221266,0.02205867
21,7,none,cz,763,98,2,0,False,0.5337627,0.07765541,0.28938746,0.0991944
21,7,none,cz,764,98,3,3,True,0.013874991,0.09459325,0.22287896,0.66865283
21,7,none,cz,765,98,2,2,True,0.052675497,0.012837431,0.8768815,0.05760549
21,7,none,cz,766,98,3,2,False,0.086659044,0.10699262,0.405874,0.40047437
21,7,none,cz,767,98,2,2,True,0.061159242,0.0043639913,0.808802,0.1256748
21,7,none,cz,768,98,3,3,True,0.038136996,0.028499277,0.020888325,0.9124754
21,7,none,cz,769,98,3,3,True,0.09820649,0.016549105,0.11920602,0.7660384
21,7,none,cz,770,98,2,2,True,0.058820076,0.027759086,0.7741952,0.13922563
21,7,none,cz,771,98,2,3,False,0.2352548,0.023195839,0.3587594,0.38278997
21,7,none,cz,772,98,3,0,False,0.6145168,0.048521996,0.07391611,0.26304513
21,7,none,cz,773,98,3,2,False,0.17963754,0.07306517,0.4425018,0.30479544
21,7,none,cz,774,98,1,1,True,0.0099830385,0.8834593,0.08634708,0.020210594
21,7,none,cz,775,98,0,2,False,0.39654955,0.11822823,0.40545654,0.0797657
21,7,none,cz,776,98,0,0,True,0.5756436,0.028815383,0.296134,0.09940699
21,7,none,cz,777,98,1,1,True,0.075130224,0.39920652,0.22340168,0.30226156
21,7,none,cz,778,98,0,0,True,0.90430677,0.027820015,0.035859514,0.032013774
21,7,none,cz,779,98,1,2,False,0.08083864,0.17776917,0.4946583,0.24673393
21,7,none,cz,780,98,1,3,False,0.022413427,0.26231954,0.16893014,0.5463369
21,7,none,cz,781,98,0,0,True,0.81846285,0.008672484,0.06907162,0.103793174
21,7,none,cz,782,98,0,0,True,0.58555615,0.17509595,0.11848781,0.120860055
21,7,none,cz,783,98,1,1,True,0.106627956,0.41459978,0.20378838,0.27498385
21,7,none,cz,784,98,0,0,True,0.5453389,0.016191669,0.1507348,0.28773463
21,7,none,cz,785,98,1,1,True,0.033955503,0.70542276,0.22706603,0.0335558
21,7,none,cz,786,98,1,3,False,0.04648552,0.35612658,0.056621186,0.5407667
21,7,none,cz,787,98,0,0,True,0.96343416,0.0068683214,0.014868548,0.014829054
21,7,none,cz,788,98,0,2,False,0.032460116,0.020213667,0.8818819,0.0654443
21,7,none,cz,789,98,3,3,True,0.12848258,0.036934394,0.079582736,0.75500035
21,7,none,cz,790,98,2,2,True,0.27551755,0.018761998,0.6150077,0.090712674
21,7,none,cz,791,98,3,3,True,0.10716151,0.03306232,0.21021554,0.64956063
21,7,none,cz,792,98,2,2,True,0.03710167,0.06465591,0.89062667,0.0076157977
21,7,none,cz,793,98,2,0,False,0.50120115,0.08906229,0.2638819,0.14585467
21,7,none,cz,794,98,3,3,True,0.06903887,0.044762436,0.030993182,0.8552055
21,7,none,cz,795,98,2,2,True,0.2262076,0.11323704,0.5005416,0.16001374
21,7,none,cz,796,98,3,3,True,0.026895551,0.004686995,0.011329939,0.9570875
21,7,none,cz,797,98,3,3,True,0.029962393,0.0025143235,0.16612531,0.8013979
21,7,none,cz,798,98,2,3,False,0.066132836,0.043947622,0.38299626,0.50692326
21,7,none,cz,799,98,2,2,True,0.046354122,0.07539248,0.83743626,0.040817168
21,7,none,cz,800,98,3,2,False,0.28698045,0.32086492,0.36955652,0.022598056
21,7,none,cz,801,98,2,3,False,0.06593385,0.04510666,0.11771142,0.7712481
21,7,none,cz,802,98,3,3,True,0.013729474,0.008330373,0.029929062,0.9480111
21,7,none,cz,803,98,3,3,True,0.23027012,0.013852317,0.2367992,0.5190784
21,7,none,cz,804,98,0,2,False,0.3515481,0.08330571,0.44922364,0.11592261
21,7,none,cz,805,98,1,3,False,0.20079382,0.044008795,0.041873734,0.71332365
21,7,none,cz,806,98,1,3,False,0.28235775,0.11456842,0.09589256,0.5071812
21,7,none,cz,807,98,0,0,True,0.34696102,0.26591775,0.2772662,0.109854974
21,7,none,cz,808,98,0,1,False,0.1276756,0.7746378,0.049890965,0.047795605
21,7,none,cz,809,98,1,3,False,0.11224881,0.034075517,0.01869123,0.8349845
21,7,none,cz,810,98,1,0,False,0.38890058,0.07998839,0.1628434,0.36826763
21,7,none,cz,811,98,0,0,True,0.4883597,0.037439007,0.18396255,0.29023877
21,7,none,cz,812,98,0,0,True,0.43152106,0.31080732,0.12500943,0.13266227
21,7,none,cz,813,98,1,0,False,0.97748774,0.0070733987,0.0027161678,0.012722662
21,7,none,cz,814,98,0,3,False,0.23210771,0.1870287,0.2410486,0.339815
21,7,none,cz,815,98,1,0,False,0.69179636,0.13729055,0.057490174,0.113422975
21,7,none,cz,816,98,1,0,False,0.56989413,0.03685253,0.08553643,0.30771694
21,7,none,cz,817,98,0,2,False,0.081161186,0.1697066,0.5596201,0.1895122
21,7,none,cz,818,98,1,2,False,0.28326908,0.28504035,0.28708103,0.14460959
21,7,none,cz,819,98,2,0,False,0.6317304,0.06446115,0.13421467,0.16959386
21,7,none,cz,820,98,3,1,False,0.0050398656,0.9810379,0.008872072,0.005050027
21,7,none,cz,821,98,3,3,True,0.10180129,0.34991947,0.17390062,0.37437862
21,7,none,cz,822,98,2,0,False,0.45324934,0.009714529,0.1418303,0.39520583
21,7,none,cz,823,98,2,3,False,0.3620983,0.021791534,0.24064702,0.37546313
21,7,none,cz,824,98,3,2,False,0.04500252,0.13986066,0.49554715,0.3195897
21,7,none,cz,825,98,3,3,True,0.073888086,0.011199606,0.29046556,0.62444675
21,7,none,cz,826,98,2,3,False,0.1521523,0.13261865,0.32765177,0.3875773
21,7,none,cz,827,98,3,3,True,0.09653543,0.1223945,0.057486065,0.723584
21,7,none,cz,828,98,2,2,True,0.33994988,0.12245384,0.47421446,0.06338184
21,7,none,cz,829,98,3,3,True,0.17261566,0.049295034,0.20945443,0.5686349
21,7,none,cz,830,98,2,3,False,0.38339022,0.025624013,0.09861233,0.49237347
21,7,none,cz,831,98,3,3,True,0.062353663,0.030784605,0.10945853,0.79740316
21,7,none,cz,832,98,2,0,False,0.6538115,0.029740134,0.20787935,0.108569056
21,7,none,cz,833,98,3,1,False,0.2223799,0.7138358,0.016820284,0.046964034
21,7,none,cz,834,99,1,3,False,0.08166687,0.14901325,0.13271037,0.63660944
21,7,none,cz,835,99,0,2,False,0.12179291,0.005539447,0.8395652,0.033102512
21,7,none,cz,836,99,0,0,True,0.77654564,0.025843007,0.039430562,0.15818088
21,7,none,cz,837,99,1,3,False,0.059302643,0.014697566,0.0020781835,0.92392164
21,7,none,cz,838,99,0,3,False,0.05662126,0.29093647,0.1427435,0.5096988
21,7,none,cz,839,99,1,3,False,0.47868592,0.016655639,0.022000035,0.48265836
21,7,none,cz,840,99,1,3,False,0.037589822,0.031764023,0.28697714,0.643669
21,7,none,cz,841,99,0,2,False,0.06450162,0.02241341,0.5417339,0.37135106
21,7,none,cz,842,99,0,3,False,0.081515305,0.0192805,0.021927238,0.87727696
21,7,none,cz,843,99,1,3,False,0.00696873,0.00063157245,0.16579886,0.82660085
21,7,none,cz,844,99,1,1,True,0.0057407673,0.97679454,0.011293773,0.0061708996
21,7,none,cz,845,99,0,3,False,0.095554724,0.043729182,0.18657482,0.6741413
21,7,none,cz,846,99,1,2,False,0.03640484,0.19970208,0.46976012,0.29413298
21,7,none,cz,847,99,0,0,True,0.44069466,0.002105137,0.13646257,0.42073762
21,7,none,cz,848,99,1,3,False,0.033309393,0.235061,0.171636,0.5599936
21,7,none,cz,849,99,3,3,True,0.10661668,0.17959078,0.30203268,0.41175982
21,7,none,cz,850,99,2,3,False,0.02754494,0.006174682,0.021374213,0.94490623
21,7,none,cz,851,99,3,3,True,0.19929437,0.014001957,0.38498127,0.40172237
21,7,none,cz,852,99,2,2,True,0.13079055,0.004343218,0.8396151,0.025251074
21,7,none,cz,853,99,3,3,True,0.21721573,0.023651168,0.247309,0.5118241
21,7,none,cz,854,99,2,2,True,0.13888365,0.00977769,0.7964174,0.05492127
21,7,none,cz,855,99,3,2,False,0.16733888,0.1730004,0.46020865,0.19945206
21,7,none,cz,856,99,2,3,False,0.11517129,0.0037998953,0.13140656,0.7496223
21,7,none,cz,857,99,2,3,False,0.12914395,0.09649064,0.06867843,0.7056869
21,7,none,cz,858,99,3,0,False,0.67110395,0.00817191,0.08404959,0.2366745
21,7,none,cz,859,99,3,3,True,0.06534345,0.00998981,0.20258905,0.7220777
21,7,none,cz,860,99,2,3,False,0.18768105,0.040089775,0.035774693,0.7364544
21,7,none,cz,861,99,2,2,True,0.33363578,0.010385116,0.40444645,0.25153264
21,7,none,cz,862,99,3,3,True,0.010345578,0.00576808,0.07355877,0.9103276
21,7,none,cz,863,99,3,3,True,0.138057,0.035354663,0.061458483,0.7651298
21,7,none,cz,864,99,0,0,True,0.858294,0.0008473563,0.024510708,0.11634795
21,7,none,cz,865,99,1,3,False,0.3163357,0.025694912,0.14057449,0.5173949
21,7,none,cz,866,99,0,3,False,0.14940476,0.022106435,0.006796253,0.8216925
21,7,none,cz,867,99,1,3,False,0.29867628,0.19852504,0.04819558,0.45460314
21,7,none,cz,868,99,1,3,False,0.007925964,0.47291166,0.018162528,0.50099987
21,7,none,cz,869,99,0,0,True,0.6276365,0.0027946767,0.045471683,0.32409716
21,7,none,cz,870,99,1,0,False,0.64313096,0.14940026,0.14949133,0.057977382
21,7,none,cz,871,99,0,0,True,0.510204,0.00072553643,0.11614836,0.3729221
21,7,none,cz,872,99,1,3,False,0.21382408,0.20364664,0.26849705,0.3140322
21,7,none,cz,873,99,0,3,False,0.2531039,0.00022384526,0.010765086,0.73590714
21,7,none,cz,874,99,1,3,False,0.23676836,0.007142822,0.044857923,0.7112309
21,7,none,cz,875,99,0,3,False,0.32816613,0.010203472,0.19288734,0.46874312
21,7,none,cz,876,99,1,2,False,0.2142482,0.0128470445,0.5947173,0.17818742
21,7,none,cz,877,99,0,3,False,0.43875545,0.028005587,0.042888552,0.49035037
21,7,none,cz,878,99,0,0,True,0.9858289,0.00018695115,0.0031165003,0.010867711
21,7,none,cz,879,99,2,3,False,0.062529825,0.008735863,0.032518998,0.8962154
21,7,none,cz,880,99,3,3,True,0.0060203373,0.0045646075,0.3694582,0.61995685
21,7,none,cz,881,99,2,3,False,0.06867485,0.10620385,0.03311235,0.79200894
21,7,none,cz,882,99,3,3,True,0.1938138,0.0077890162,0.067511894,0.7308853
21,7,none,cz,883,99,3,0,False,0.83958536,0.020466685,0.08036746,0.059580486
21,7,none,cz,884,99,2,0,False,0.8577744,0.0036887089,0.11081117,0.027725719
21,7,none,cz,885,99,3,3,True,0.35162404,0.01041909,0.1185739,0.51938295
21,7,none,cz,886,99,2,3,False,0.4350008,0.0014754524,0.12663876,0.43688497
21,7,none,cz,887,99,2,1,False,0.112774804,0.60757464,0.004023244,0.27562732
21,7,none,cz,888,99,3,0,False,0.5880889,0.0068516,0.015470143,0.38958937
21,7,none,cz,889,99,2,3,False,0.22848938,0.0032666947,0.008587122,0.7596568
21,7,none,cz,890,99,3,3,True,0.03127202,0.010814057,0.13416079,0.8237532
21,7,none,cz,891,99,2,3,False,0.023069387,0.0031104756,0.15665272,0.8171674
21,7,none,cz,892,99,3,3,True,0.08536278,0.006717691,0.17203712,0.73588246
21,7,none,cz,893,99,3,3,True,0.048429,0.018174952,0.36497408,0.56842196
21,7,none,cz,894,99,0,0,True,0.66475683,0.0066384613,0.24814661,0.0804581
21,7,none,cz,895,99,1,0,False,0.60272604,0.002128148,0.021709945,0.37343588
21,7,none,cz,896,99,0,0,True,0.37746912,0.07332611,0.22450374,0.32470107
21,7,none,cz,897,99,1,3,False,0.18435842,0.18074845,0.20366481,0.43122834
21,7,none,cz,898,99,1,1,True,0.057869695,0.48834875,0.074913196,0.3788684
21,7,none,cz,899,99,0,3,False,0.26152807,0.0031408384,0.12502393,0.61030716
21,7,none,cz,900,99,0,2,False,0.051283807,0.015143065,0.5331246,0.4004486
21,7,none,cz,901,99,1,3,False,0.0021480853,0.099110655,0.11413862,0.78460264
21,7,none,cz,902,99,0,2,False,0.03733068,0.054935392,0.7628155,0.14491846
21,7,none,cz,903,99,1,3,False,0.2180001,0.0333728,0.0041261245,0.74450094
21,7,none,cz,904,99,1,3,False,0.07649259,0.007285746,0.2064224,0.7097993
21,7,none,cz,905,99,0,2,False,0.10979751,0.017789382,0.4778532,0.39455992
21,7,none,cz,906,99,0,3,False,0.44779453,0.001291611,0.07720814,0.4737057
21,7,none,cz,907,99,1,3,False,0.075793006,0.03041927,0.22777699,0.66601074
21,7,none,cz,908,99,1,2,False,0.036081374,0.011341047,0.5855862,0.36699143
21,7,none,cz,909,99,2,3,False,0.026634235,0.0071765035,0.20703323,0.75915605
21,7,none,cz,910,99,3,3,True,0.049699016,0.39828926,0.022864271,0.52914745
21,7,none,cz,911,99,2,2,True,0.046706565,0.048448253,0.7197772,0.18506798
21,7,none,cz,912,99,3,2,False,0.0065061324,0.02574196,0.8907887,0.0769632
21,7,none,cz,913,99,3,3,True,0.1711617,0.027244011,0.28482857,0.5167657
21,7,none,cz,914,99,2,3,False,0.04726104,0.011024527,0.24638131,0.6953331
21,7,none,cz,915,99,2,3,False,0.0064535397,0.010046754,0.07490364,0.9085961
21,7,none,cz,916,99,3,3,True,0.07879069,0.05014827,0.14282736,0.72823364
21,7,none,cz,917,99,3,0,False,0.59277314,0.0016170696,0.109697476,0.2959123
21,7,none,cz,918,99,2,0,False,0.5742715,0.0026665588,0.20566341,0.21739854
21,7,none,cz,919,99,3,3,True,0.18950965,0.058940284,0.07527024,0.67627984
21,7,none,cz,920,99,2,3,False,0.20612113,0.025483882,0.30514345,0.4632515
21,7,none,cz,921,99,3,2,False,0.022457749,0.03439007,0.53312725,0.41002497
21,7,none,cz,922,99,2,1,False,0.044991825,0.4213732,0.3653462,0.16828886
21,7,none,cz,923,99,3,3,True,0.010988396,0.0047352943,0.015285877,0.9689904
21,7,none,cz,924,100,0,0,True,0.8969097,0.004337366,0.09031892,0.008434103
21,7,none,cz,925,100,1,3,False,0.019021314,0.120759405,0.08403345,0.7761858
21,7,none,cz,926,100,1,1,True,0.01705907,0.727099,0.08095443,0.17488752
21,7,none,cz,927,100,0,1,False,0.09527054,0.34278175,0.23812734,0.32382038
21,7,none,cz,928,100,0,0,True,0.9815456,0.00045337365,0.0041757203,0.013825204
21,7,none,cz,929,100,1,3,False,0.09525462,0.12989397,0.30247623,0.47237515
21,7,none,cz,930,100,0,0,True,0.99127793,2.1614225e-05,0.0007784611,0.007922006
21,7,none,cz,931,100,1,3,False,0.046971872,0.09024187,0.36246675,0.5003195
21,7,none,cz,932,100,1,1,True,0.001258332,0.98002976,0.016869323,0.0018425457
21,7,none,cz,933,100,0,2,False,0.08732699,0.015801998,0.59158874,0.30528224
21,7,none,cz,934,100,1,2,False,0.011962379,0.23516673,0.55979115,0.19307978
21,7,none,cz,935,100,0,0,True,0.49791422,0.0029164075,0.42979372,0.06937567
21,7,none,cz,936,100,3,3,True,0.033305716,0.0011710703,0.0024341717,0.9630891
21,7,none,cz,937,100,2,2,True,0.17730764,0.026288942,0.5380807,0.25832272
21,7,none,cz,938,100,3,3,True,0.056469806,0.001589195,0.004957154,0.9369838
21,7,none,cz,939,100,2,2,True,0.13054864,0.17231663,0.47152653,0.22560823
21,7,none,cz,940,100,3,3,True,0.32184133,0.0008360611,0.09419359,0.583129
21,7,none,cz,941,100,2,2,True,0.34031686,0.08191961,0.5535402,0.024223255
21,7,none,cz,942,100,3,3,True,0.32651016,0.07311788,0.08268079,0.5176912
21,7,none,cz,943,100,2,2,True,0.069014035,0.0025259182,0.92104644,0.007413573
21,7,none,cz,944,100,3,2,False,0.14601485,0.0059618275,0.676825,0.17119835
21,7,none,cz,945,100,2,2,True,0.06585191,0.04805176,0.87872595,0.0073704044
21,7,none,cz,946,100,3,1,False,0.0034276596,0.53052574,0.05889448,0.40715215
21,7,none,cz,947,100,2,2,True,0.19139396,0.008426147,0.65951526,0.1406646
21,7,none,cz,948,100,1,1,True,0.0020200694,0.9515621,0.04481793,0.0015999401
21,7,none,cz,949,100,0,0,True,0.5130073,0.02080635,0.41169813,0.05448819
21,7,none,cz,950,100,0,0,True,0.6567302,0.0044865552,0.05120293,0.2875804
21,7,none,cz,951,100,1,2,False,0.06898986,0.2439106,0.39813086,0.28896868
21,7,none,cz,952,100,1,3,False,0.1649397,0.23515984,0.03687791,0.56302255
21,7,none,cz,953,100,0,2,False,0.16904354,0.08571763,0.6537128,0.09152601
21,7,none,cz,954,100,0,0,True,0.6643002,0.037326362,0.007763034,0.29061037
21,7,none,cz,955,100,1,1,True,0.0035979284,0.93757343,0.027098969,0.03172973
21,7,none,cz,956,100,1,1,True,0.08434132,0.49234134,0.013362295,0.40995514
21,7,none,cz,957,100,0,1,False,0.014376736,0.5641485,0.2813216,0.14015326
21,7,none,cz,958,100,0,0,True,0.97540605,0.006787847,0.011949025,0.0058570784
21,7,none,cz,959,100,1,1,True,0.0031182396,0.97394234,0.008151717,0.014787737
21,7,none,cz,960,100,3,3,True,0.07599942,0.008402975,0.08582838,0.8297692
21,7,none,cz,961,100,2,2,True,0.023555236,0.00077491684,0.8552957,0.12037417
21,7,none,cz,962,100,2,2,True,0.05062692,0.005509043,0.8888967,0.0549673
21,7,none,cz,963,100,3,3,True,0.055225287,0.016366264,0.02162006,0.9067884
21,7,none,cz,964,100,2,2,True,0.37283352,0.14232168,0.4483122,0.036532536
21,7,none,cz,965,100,3,0,False,0.6081493,0.0008362272,0.01438082,0.3766337
21,7,none,cz,966,100,2,2,True,0.030997932,0.14871931,0.7167654,0.1035173
21,7,none,cz,967,100,3,0,False,0.64833885,0.010598926,0.05673042,0.28433186
21,7,none,cz,968,100,2,0,False,0.5024006,0.15750225,0.31541666,0.02468044
21,7,none,cz,969,100,3,1,False,0.05746833,0.39751565,0.2269945,0.31802154
21,7,none,cz,970,100,2,3,False,0.42312995,0.014082399,0.11385056,0.44893715
21,7,none,cz,971,100,3,3,True,0.16308272,0.07191922,0.07296476,0.6920333
21,7,none,cz,972,100,1,1,True,0.009521395,0.8980409,0.013183022,0.0792547
21,7,none,cz,973,100,0,0,True,0.86061776,0.010473442,0.037605107,0.09130371
21,7,none,cz,974,100,0,3,False,0.0025803188,0.0034585234,0.49039465,0.5035665
21,7,none,cz,975,100,1,2,False,0.26469296,0.0036827317,0.651041,0.080583364
21,7,none,cz,976,100,1,1,True,0.0017770317,0.9487383,0.043990884,0.0054939077
21,7,none,cz,977,100,0,0,True,0.9989291,1.8269966e-05,0.00083648675,0.00021627235
21,7,none,cz,978,100,0,0,True,0.6405538,0.0036852146,0.3046385,0.05112249
21,7,none,cz,979,100,1,1,True,0.07452906,0.64788616,0.008664723,0.26892006
21,7,none,cz,980,100,1,2,False,0.0054654772,0.17010805,0.6567793,0.16764714
21,7,none,cz,981,100,0,0,True,0.5481759,0.012228556,0.4297906,0.009805001
21,7,none,cz,982,100,0,0,True,0.35773924,0.034857213,0.26759133,0.3398122
21,7,none,cz,983,100,1,3,False,0.033241566,0.3899559,0.119216025,0.45758647
21,7,none,cz,984,100,2,2,True,0.13446318,0.049148265,0.6559131,0.16047545
21,7,none,cz,985,100,3,3,True,0.014322935,0.007973161,0.25071055,0.7269934
21,7,none,cz,986,100,2,3,False,0.07115098,0.029110339,0.06395908,0.8357796
21,7,none,cz,987,100,3,3,True,0.0050782533,0.10882453,0.11508045,0.7710168
21,7,none,cz,988,100,3,3,True,0.0454515,0.36221653,0.03639705,0.5559349
21,7,none,cz,989,100,2,0,False,0.60653937,0.05318043,0.33454645,0.0057337824
21,7,none,cz,990,100,2,2,True,0.053853236,0.034052197,0.74234194,0.16975267
21,7,none,cz,991,100,3,3,True,0.031516187,0.050109513,0.4332882,0.48508614
21,7,none,cz,992,100,3,3,True,0.0017298113,0.022379467,0.0510205,0.9248702
21,7,none,cz,993,100,2,2,True,0.23187348,0.109995715,0.34959123,0.30853957
21,7,none,cz,994,100,2,3,False,0.034378696,0.027823715,0.34403396,0.59376365
21,7,none,cz,995,100,3,3,True,0.0009807509,0.00242597,0.06044577,0.9361475
21,7,none,cz,996,101,0,0,True,0.47077554,0.06606911,0.41904175,0.044113543
21,7,none,cz,997,101,1,1,True,0.000875727,0.9667441,0.007822962,0.024557233
21,7,none,cz,998,101,1,1,True,0.10376024,0.8248937,0.030893302,0.040452804
21,7,none,cz,999,101,0,0,True,0.9973882,0.0021567368,6.965972e-05,0.00038552115
21,7,none,cz,1000,101,1,1,True,0.0008968362,0.99724954,0.00034364098,0.0015098784
21,7,none,cz,1001,101,0,0,True,0.9998958,7.4328054e-05,1.720026e-05,1.2689935e-05
21,7,none,cz,1002,101,1,1,True,0.00059346977,0.9982974,7.6547185e-06,0.0011015696
21,7,none,cz,1003,101,0,0,True,0.99982685,0.00011078213,3.362922e-05,2.8869219e-05
21,7,none,cz,1004,101,1,1,True,0.000517706,0.9979487,5.2470565e-05,0.0014811638
21,7,none,cz,1005,101,0,0,True,0.9983607,0.0015509418,7.055253e-05,1.773294e-05
21,7,none,cz,1006,101,0,0,True,0.99851197,0.0008728461,0.0005664837,4.8695336e-05
21,7,none,cz,1007,101,1,1,True,0.00089553185,0.99445206,0.0012475536,0.0034047558
21,7,none,cz,1008,101,1,1,True,0.000752078,0.9927366,0.004559738,0.0019516532
21,7,none,cz,1009,101,0,0,True,0.99393624,7.0594244e-05,0.0042895847,0.0017035553
21,7,none,cz,1010,101,0,0,True,0.9987961,0.00026543578,0.00059933984,0.000339127
21,7,none,cz,1011,101,2,1,False,0.059538554,0.86944044,0.069297045,0.001723948
21,7,none,cz,1012,101,3,1,False,0.102193095,0.81035304,0.02606837,0.061385524
21,7,none,cz,1013,101,2,0,False,0.755685,0.016855754,0.17846736,0.0489919
21,7,none,cz,1014,101,3,3,True,0.12424086,0.07694663,0.009788312,0.78902423
21,7,none,cz,1015,101,3,3,True,0.10723171,0.20087907,0.20356315,0.48832607
21,7,none,cz,1016,101,2,0,False,0.47136268,0.17796105,0.22882046,0.121855855
21,7,none,cz,1017,101,2,1,False,0.014970814,0.55291426,0.41386476,0.018250111
21,7,none,cz,1018,101,3,3,True,0.070472494,0.14167728,0.019447144,0.76840305
21,7,none,cz,1019,101,2,1,False,0.19893152,0.4368717,0.34172454,0.02247218
21,7,none,cz,1020,101,3,3,True,0.15484405,0.09381662,0.015907481,0.7354318
21,7,none,cz,1021,101,3,3,True,0.021493139,0.043254025,0.059928667,0.8753242
21,7,none,cz,1022,101,2,1,False,0.13555095,0.85424393,0.005748579,0.0044564293
21,7,none,cz,1023,101,2,0,False,0.9310519,0.009799491,0.056539655,0.0026089502
21,7,none,cz,1024,101,3,3,True,0.053820048,0.024593536,0.0021035962,0.9194828
21,7,none,cz,1025,101,2,0,False,0.53787065,0.14439288,0.23855284,0.07918367
21,7,none,cz,1026,101,1,1,True,0.008366472,0.95995706,0.017124847,0.014551498
21,7,none,cz,1027,101,0,0,True,0.9993476,0.00027438154,0.00026992627,0.00010807389
21,7,none,cz,1028,101,0,0,True,0.9681648,0.023377074,0.006495625,0.0019624792
21,7,none,cz,1029,101,1,1,True,0.2516879,0.70706403,0.010813144,0.03043492
21,7,none,cz,1030,101,1,1,True,0.00021172054,0.99865425,0.00060009287,0.00053398317
21,7,none,cz,1031,101,0,0,True,0.9986743,0.0002290315,0.001062667,3.406185e-05
21,7,none,cz,1032,101,0,0,True,0.99858046,0.0011966195,9.2020906e-05,0.00013090037
21,7,none,cz,1033,101,1,1,True,0.0001854026,0.9991788,0.00055637956,7.929764e-05
21,7,none,cz,1034,101,1,1,True,0.008540769,0.99032533,0.00024732304,0.00088656484
21,7,none,cz,1035,101,0,0,True,0.9992508,6.759632e-05,8.550208e-05,0.00059604377
21,7,none,cz,1036,101,1,1,True,0.028428612,0.9352487,0.0050975136,0.031225154
21,7,none,cz,1037,101,0,0,True,0.9995321,0.00040599372,2.8325878e-05,3.3625303e-05
21,7,none,cz,1038,101,1,1,True,0.004604416,0.99501073,0.00017460214,0.0002102903
21,7,none,cz,1039,101,0,0,True,0.9114573,0.01639794,0.0065150834,0.065629676
21,7,none,cz,1040,101,1,1,True,0.23779212,0.5127346,0.16159627,0.087877
21,7,none,cz,1041,101,2,0,False,0.4430181,0.22741373,0.32532346,0.004244713
21,7,none,cz,1042,101,3,2,False,0.2403143,0.2542819,0.2699307,0.23547304
21,7,none,cz,1043,101,2,1,False,0.037041105,0.89108735,0.06625169,0.005619904
21,7,none,cz,1044,101,3,3,True,0.16026333,0.10840636,0.0014017207,0.7299286
21,7,none,cz,1045,101,3,3,True,0.3163391,0.03848899,0.053657748,0.59151417
21,7,none,cz,1046,101,2,1,False,0.26049095,0.5559529,0.05155184,0.13200432
21,7,none,cz,1047,101,2,0,False,0.6703683,0.10378111,0.21021484,0.015635785
21,7,none,cz,1048,101,3,3,True,0.19840667,0.31839395,0.0019423156,0.4812571
21,7,none,cz,1049,101,3,3,True,0.10661439,0.016384467,0.016225511,0.86077565
21,7,none,cz,1050,101,2,0,False,0.5469783,0.27387494,0.020300528,0.15884633
21,7,none,cz,1051,101,2,2,True,0.06198134,0.052820954,0.8793132,0.005884554
21,7,none,cz,1052,101,3,0,False,0.39080104,0.2459201,0.0063837203,0.35689512
21,7,none,cz,1053,101,2,0,False,0.91749686,0.010906824,0.036191713,0.035404652
21,7,none,cz,1054,101,3,3,True,0.40983734,0.020697933,0.028032556,0.5414322
21,7,none,cz,1055,101,2,1,False,0.21228981,0.57977074,0.031467505,0.17647198
21,7,none,cz,1056,101,0,0,True,0.9993393,0.00019673981,0.0003333126,0.00013073029
21,7,none,cz,1057,101,1,1,True,0.0609517,0.8836258,0.04505927,0.010363273
21,7,none,cz,1058,101,0,0,True,0.9992925,0.00050218357,0.000171365,3.3882006e-05
21,7,none,cz,1059,101,1,1,True,0.019467095,0.88196516,0.0057885107,0.092779204
21,7,none,cz,1060,101,1,1,True,0.016846607,0.86978686,0.0049310736,0.10843551
21,7,none,cz,1061,101,0,0,True,0.99059945,0.0020676462,0.00035064892,0.0069823903
21,7,none,cz,1062,101,1,1,True,0.00055832905,0.9993754,9.253183e-06,5.6899094e-05
21,7,none,cz,1063,101,0,0,True,0.99982554,0.00014915166,1.1426048e-05,1.3950522e-05
21,7,none,cz,1064,101,1,1,True,0.0012127344,0.9852566,0.0065707895,0.006959841
21,7,none,cz,1065,101,0,0,True,0.9950891,0.000991357,0.00051976915,0.003399811
21,7,none,cz,1066,101,1,1,True,0.0028030467,0.98455065,0.0018226724,0.010823522
21,7,none,cz,1067,101,0,0,True,0.99889094,0.00010777373,0.00010797783,0.000893355
21,7,none,cz,1068,101,0,0,True,0.9542496,0.037790474,0.0070866486,0.0008732993
21,7,none,cz,1069,101,1,1,True,0.0033134331,0.9871164,0.00019009932,0.009380087
21,7,none,cz,1070,101,1,1,True,0.0038333344,0.9739754,0.01743719,0.0047539687
21,7,none,cz,1071,101,3,3,True,0.0069976137,0.0112360045,0.0021174254,0.979649
21,7,none,cz,1072,101,2,2,True,0.03693161,0.011878119,0.91779596,0.033394374
21,7,none,cz,1073,101,3,3,True,0.3222835,0.17705266,0.04295188,0.45771196
21,7,none,cz,1074,101,2,2,True,0.27516043,0.05843693,0.3930027,0.2734
21,7,none,cz,1075,101,2,1,False,0.3290029,0.47718516,0.12365001,0.070162006
21,7,none,cz,1076,101,3,1,False,0.27043894,0.36481568,0.024183773,0.34056157
21,7,none,cz,1077,101,3,3,True,0.4535597,0.02254642,0.0069751595,0.5169187
21,7,none,cz,1078,101,2,3,False,0.0667572,0.10668682,0.008464965,0.81809103
21,7,none,cz,1079,101,2,2,True,0.025801158,0.011346828,0.9560221,0.006829958
21,7,none,cz,1080,101,3,3,True,0.15703982,0.11614056,0.019943623,0.70687604
21,7,none,cz,1081,101,3,3,True,0.046815753,0.032310423,0.043446474,0.87742734
21,7,none,cz,1082,101,2,3,False,0.114023834,0.22198103,0.09183643,0.5721587
21,7,none,cz,1083,101,3,3,True,0.12215751,0.09341107,0.0068809805,0.77755046
21,7,none,cz,1084,101,2,1,False,0.0059345253,0.7241481,0.12283988,0.14707758
21,7,none,cz,1085,101,2,1,False,0.05886807,0.5035831,0.24950078,0.18804808
21,7,none,cz,1086,102,1,1,True,0.0012472596,0.9933931,0.0032645946,0.002094961
21,7,none,cz,1087,102,0,0,True,0.8279914,0.05011503,0.06923729,0.05265624
21,7,none,cz,1088,102,1,1,True,0.008612297,0.60159487,0.32329097,0.0665019
21,7,none,cz,1089,102,0,0,True,0.9790045,0.0049010995,0.003868614,0.012225825
21,7,none,cz,1090,102,1,1,True,0.03869911,0.64432204,0.29912773,0.017851125
21,7,none,cz,1091,102,0,0,True,0.6740158,0.068901755,0.12649171,0.1305907
21,7,none,cz,1092,102,0,0,True,0.98917294,0.00356971,0.005807111,0.0014501547
21,7,none,cz,1093,102,1,3,False,0.2503646,0.16909799,0.16010259,0.42043483
21,7,none,cz,1094,102,0,0,True,0.74230325,0.056399975,0.070341766,0.13095498
21,7,none,cz,1095,102,1,2,False,0.094643325,0.37157327,0.50514907,0.028634386
21,7,none,cz,1096,102,0,0,True,0.6710629,0.018037282,0.13742898,0.17347085
21,7,none,cz,1097,102,1,2,False,0.031655535,0.36838615,0.57396936,0.025988992
21,7,none,cz,1098,102,0,0,True,0.49054518,0.13933651,0.095584,0.27453429
21,7,none,cz,1099,102,1,2,False,0.15324144,0.14778537,0.651378,0.047595233
21,7,none,cz,1100,102,1,1,True,0.004509489,0.9927355,0.002454128,0.00030100596
21,7,none,cz,1101,102,2,2,True,0.19157173,0.2994476,0.3115491,0.19743161
21,7,none,cz,1102,102,3,3,True,0.0774809,0.06488442,0.062890545,0.79474413
21,7,none,cz,1103,102,2,1,False,0.22084485,0.3532762,0.21689819,0.20898071
21,7,none,cz,1104,102,3,3,True,0.21584411,0.16701575,0.13807206,0.47906804
21,7,none,cz,1105,102,2,0,False,0.7031741,0.044270843,0.22808756,0.024467403
21,7,none,cz,1106,102,3,3,True,0.07543246,0.19979805,0.15652414,0.56824535
21,7,none,cz,1107,102,2,2,True,0.19501153,0.04607922,0.5939172,0.16499206
21,7,none,cz,1108,102,3,3,True,0.092459425,0.057948604,0.08703073,0.7625612
21,7,none,cz,1109,102,3,3,True,0.17964162,0.030629521,0.06075304,0.72897583
21,7,none,cz,1110,102,2,2,True,0.10557804,0.06635857,0.8155691,0.0124942465
21,7,none,cz,1111,102,3,2,False,0.028415242,0.15923005,0.4404085,0.37194622
21,7,none,cz,1112,102,2,3,False,0.25476056,0.019930182,0.31812897,0.40718025
21,7,none,cz,1113,102,2,2,True,0.092804834,0.11478841,0.7387668,0.053639993
21,7,none,cz,1114,102,3,0,False,0.55498856,0.0688863,0.15400161,0.22212353
21,7,none,cz,1115,102,2,2,True,0.027770659,0.21039334,0.45737898,0.30445698
21,7,none,cz,1116,102,1,1,True,0.0018697793,0.9777068,0.01823102,0.0021924982
21,7,none,cz,1117,102,0,3,False,0.23504372,0.22621574,0.08498611,0.45375443
21,7,none,cz,1118,102,1,1,True,0.029687732,0.5672572,0.11862165,0.28443336
21,7,none,cz,1119,102,0,0,True,0.5609819,0.0596265,0.18983482,0.18955673
21,7,none,cz,1120,102,0,0,True,0.94415283,0.022979299,0.022532482,0.010335429
21,7,none,cz,1121,102,1,2,False,0.0451347,0.30375358,0.609141,0.041970663
21,7,none,cz,1122,102,0,1,False,0.2853461,0.29812792,0.12631768,0.29020828
21,7,none,cz,1123,102,1,2,False,0.12226713,0.19476902,0.49996835,0.18299557
21,7,none,cz,1124,102,0,2,False,0.4369171,0.026606772,0.46943977,0.06703639
21,7,none,cz,1125,102,1,2,False,0.23908025,0.15176629,0.3724926,0.23666084
21,7,none,cz,1126,102,1,1,True,0.0012920481,0.9892972,0.0022006624,0.0072100926
21,7,none,cz,1127,102,0,3,False,0.24897285,0.0676837,0.23917796,0.44416553
21,7,none,cz,1128,102,1,1,True,0.0007626602,0.9951448,0.0025650805,0.0015274507
21,7,none,cz,1129,102,0,3,False,0.16096851,0.100111194,0.100398496,0.6385218
21,7,none,cz,1130,102,1,1,True,0.23953064,0.30227438,0.18248849,0.27570653
21,7,none,cz,1131,102,2,2,True,0.016720481,0.047672752,0.91708666,0.01852012
21,7,none,cz,1132,102,3,3,True,0.0070551867,0.049074624,0.3393024,0.6045678
21,7,none,cz,1133,102,3,3,True,0.008184001,0.014094881,0.2925756,0.6851455
21,7,none,cz,1134,102,2,2,True,0.033469632,0.05797076,0.87004215,0.038517468
21,7,none,cz,1135,102,2,1,False,0.08204868,0.45830947,0.17357406,0.2860678
21,7,none,cz,1136,102,3,2,False,0.023111442,0.017337617,0.6399658,0.31958517
21,7,none,cz,1137,102,3,3,True,0.101742916,0.09414438,0.36205143,0.44206128
21,7,none,cz,1138,102,2,2,True,0.003237555,0.06150357,0.92000437,0.015254498
21,7,none,cz,1139,102,2,2,True,0.10188471,0.07206611,0.64757276,0.17847645
21,7,none,cz,1140,102,3,3,True,0.25275582,0.04300111,0.1709432,0.5332999
21,7,none,cz,1141,102,2,3,False,0.0049782204,0.030818924,0.18206947,0.78213346
21,7,none,cz,1142,102,3,3,True,0.010662077,0.08519083,0.13094239,0.77320474
21,7,none,cz,1143,102,3,3,True,0.033317134,0.00232619,0.4508242,0.51353246
21,7,none,cz,1144,102,2,3,False,0.19922405,0.10126451,0.19898185,0.5005296
21,7,none,cz,1145,102,2,2,True,0.020883348,0.1779902,0.64200646,0.15911998
21,7,none,cz,1146,102,0,2,False,0.34419358,0.025145406,0.50297743,0.12768357
21,7,none,cz,1147,102,1,1,True,0.0018061852,0.9896848,0.0058155265,0.0026935255
21,7,none,cz,1148,102,0,2,False,0.07692806,0.038534693,0.62797433,0.2565629
21,7,none,cz,1149,102,1,1,True,0.001673642,0.9836437,0.0073627606,0.007319955
21,7,none,cz,1150,102,1,2,False,0.043020986,0.21104127,0.70422685,0.041710947
21,7,none,cz,1151,102,0,2,False,0.24762587,0.149215,0.3893727,0.21378647
21,7,none,cz,1152,102,0,2,False,0.14141533,0.098155946,0.69271016,0.06771855
21,7,none,cz,1153,102,1,1,True,0.062841706,0.59024084,0.10053521,0.2463823
21,7,none,cz,1154,102,0,2,False,0.18713148,0.28884926,0.43900865,0.08501061
21,7,none,cz,1155,102,1,3,False,0.18602575,0.10826443,0.30436614,0.40134367
21,7,none,cz,1156,102,1,1,True,0.0033073558,0.8022949,0.03990161,0.15449615
21,7,none,cz,1157,102,0,3,False,0.09439384,0.27626276,0.12516086,0.5041825
21,7,none,cz,1158,102,1,0,False,0.27795413,0.21538985,0.23945811,0.26719797
21,7,none,cz,1159,102,0,0,True,0.4049885,0.07589756,0.2298225,0.2892914
21,7,none,cz,1160,102,0,0,True,0.8023434,0.011772545,0.01452014,0.17136383
21,7,none,cz,1161,102,2,2,True,0.010282735,0.06730915,0.9071857,0.015222463
21,7,none,cz,1162,102,3,3,True,0.031588,0.045933902,0.066919304,0.85555875
21,7,none,cz,1163,102,3,3,True,0.018423703,0.04723538,0.0256098,0.90873116
21,7,none,cz,1164,102,2,2,True,0.16564097,0.2595844,0.3684255,0.20634913
21,7,none,cz,1165,102,2,3,False,0.004968898,0.014175841,0.31985238,0.6610029
21,7,none,cz,1166,102,3,3,True,0.39729518,0.004037053,0.034731697,0.5639361
21,7,none,cz,1167,102,2,2,True,0.1754464,0.053147554,0.602415,0.168991
21,7,none,cz,1168,102,3,3,True,0.13601533,0.0501451,0.11692303,0.6969165
21,7,none,cz,1169,102,2,3,False,0.074222215,0.111771025,0.24748836,0.5665184
21,7,none,cz,1170,102,3,2,False,0.0843615,0.063358955,0.45433554,0.39794397
21,7,none,cz,1171,102,2,1,False,0.020732898,0.5331544,0.13249898,0.3136137
21,7,none,cz,1172,102,3,3,True,0.0058721057,0.0042463234,0.03295034,0.9569312
21,7,none,cz,1173,102,2,2,True,0.14493401,0.3000328,0.39176193,0.16327125
21,7,none,cz,1174,102,3,3,True,0.1215504,0.039071992,0.32498303,0.5143946
21,7,none,cz,1175,102,3,3,True,0.038726237,0.098271966,0.023566589,0.8394352
21,7,none,cz,1176,103,0,3,False,0.12134652,0.0017103406,0.048992865,0.82795024
21,7,none,cz,1177,103,1,3,False,0.0018072008,0.3024325,0.23235431,0.463406
21,7,none,cz,1178,103,1,1,True,0.0065573473,0.5485451,0.33881482,0.10608266
21,7,none,cz,1179,103,0,1,False,0.0104623735,0.514372,0.028624477,0.44654116
21,7,none,cz,1180,103,1,1,True,0.08376331,0.48608387,0.068169124,0.3619837
21,7,none,cz,1181,103,0,3,False,0.1715495,0.008016287,0.0149645405,0.80546963
21,7,none,cz,1182,103,0,0,True,0.9784459,5.9776066e-05,0.013338969,0.0081554735
21,7,none,cz,1183,103,1,1,True,0.0047483435,0.82602537,0.12535532,0.043870993
21,7,none,cz,1184,103,0,0,True,0.62366897,0.026198149,0.24836817,0.10176468
21,7,none,cz,1185,103,1,2,False,0.06985204,0.32673863,0.46728,0.13612929
21,7,none,cz,1186,103,0,0,True,0.7377897,0.013500149,0.22128417,0.027425954
21,7,none,cz,1187,103,1,2,False,0.3852208,0.014690632,0.4599078,0.14018084
21,7,none,cz,1188,103,1,1,True,0.0137198055,0.45917964,0.2422889,0.28481162
21,7,none,cz,1189,103,0,2,False,0.3096555,0.011436007,0.67333275,0.005575732
21,7,none,cz,1190,103,1,3,False,0.013419789,0.04786843,0.35058174,0.58813006
21,7,none,cz,1191,103,3,3,True,0.002363776,0.014952938,0.44728294,0.5354003
21,7,none,cz,1192,103,2,2,True,0.053726893,0.0018987178,0.88773197,0.05664249
21,7,none,cz,1193,103,2,2,True,0.04575518,0.021301046,0.7429541,0.1899897
21,7,none,cz,1194,103,3,3,True,0.44747055,0.008360484,0.04772716,0.49644184
21,7,none,cz,1195,103,2,3,False,0.101399794,0.05858813,0.029024169,0.81098795
21,7,none,cz,1196,103,3,3,True,0.3398318,0.03269184,0.13980818,0.48766825
21,7,none,cz,1197,103,3,2,False,0.08005244,0.006586599,0.57413113,0.3392298
21,7,none,cz,1198,103,2,2,True,0.029946718,0.0038322923,0.95931244,0.0069085346
21,7,none,cz,1199,103,2,0,False,0.4736514,0.12030388,0.39090252,0.015142192
21,7,none,cz,1200,103,3,3,True,0.2273126,0.16174668,0.007880617,0.60306007
21,7,none,cz,1201,103,3,2,False,0.022134576,0.044986717,0.5443687,0.38851005
21,7,none,cz,1202,103,2,2,True,0.031289708,0.0053659994,0.96225303,0.0010913024
21,7,none,cz,1203,103,3,0,False,0.3761472,0.05175821,0.2052526,0.366842
21,7,none,cz,1204,103,2,2,True,0.081335194,0.3897096,0.4449134,0.08404182
21,7,none,cz,1205,103,2,3,False,0.01609153,0.14522205,0.090881154,0.74780524
21,7,none,cz,1206,103,1,2,False,0.023083763,0.011318803,0.96180284,0.0037945274
21,7,none,cz,1207,103,0,3,False,0.16589117,0.004622057,0.21912202,0.61036474
21,7,none,cz,1208,103,1,2,False,0.012040038,0.4436604,0.51827794,0.02602165
21,7,none,cz,1209,103,0,3,False,0.3308854,0.03487315,0.29257673,0.34166467
21,7,none,cz,1210,103,0,0,True,0.85633814,0.0024448705,0.012331386,0.12888555
21,7,none,cz,1211,103,1,3,False,0.0020481232,0.036647014,0.22274399,0.73856086
21,7,none,cz,1212,103,1,3,False,0.0074835652,0.063149,0.016648607,0.91271883
21,7,none,cz,1213,103,0,0,True,0.8450679,0.034942977,0.08414171,0.035847355
21,7,none,cz,1214,103,0,0,True,0.48236445,0.13952212,0.35750473,0.020608762
21,7,none,cz,1215,103,1,0,False,0.5615267,0.007633543,0.27812392,0.15271589
21,7,none,cz,1216,103,1,1,True,0.005382452,0.9476049,0.024438456,0.022574142
21,7,none,cz,1217,103,0,0,True,0.58298904,0.011399184,0.1706566,0.23495522
21,7,none,cz,1218,103,0,2,False,0.47755626,0.004306637,0.513737,0.0044000917
21,7,none,cz,1219,103,1,2,False,0.086942635,0.041936122,0.860759,0.01036221
21,7,none,cz,1220,103,0,0,True,0.75000936,0.001283985,0.22674856,0.02195811
21,7,none,cz,1221,103,2,2,True,0.016097514,0.008094779,0.95113754,0.024670163
21,7,none,cz,1222,103,3,2,False,0.0021818667,0.0005063528,0.7633034,0.23400839
21,7,none,cz,1223,103,2,2,True,0.028274948,0.08280993,0.88425416,0.0046609673
21,7,none,cz,1224,103,3,2,False,0.10288793,0.0063820505,0.5905895,0.30014047
21,7,none,cz,1225,103,3,3,True,0.1484325,0.0058555687,0.020354113,0.8253578
21,7,none,cz,1226,103,2,0,False,0.39257148,0.03794023,0.24688268,0.3226056
21,7,none,cz,1227,103,3,3,True,0.26571518,0.02242791,0.31484196,0.39701495
21,7,none,cz,1228,103,2,2,True,0.14207643,0.046735436,0.4607902,0.35039797
21,7,none,cz,1229,103,3,3,True,0.09802124,0.0055626365,0.01903421,0.8773819
21,7,none,cz,1230,103,2,2,True,0.1071994,0.018134981,0.68938106,0.18528454
21,7,none,cz,1231,103,2,2,True,0.030469108,0.0042928876,0.9431541,0.022083905
21,7,none,cz,1232,103,3,2,False,0.18179777,0.030349867,0.63339955,0.15445285
21,7,none,cz,1233,103,3,2,False,0.19318998,0.20647013,0.39228982,0.20805009
21,7,none,cz,1234,103,2,2,True,0.16950265,0.04911028,0.6475046,0.13388246
21,7,none,cz,1235,103,3,2,False,0.015411261,0.027083015,0.59074473,0.36676106
21,7,none,cz,1236,103,1,1,True,0.042156186,0.6349309,0.19144888,0.13146399
21,7,none,cz,1237,103,0,2,False,0.29506865,0.0042306324,0.50431377,0.196387
21,7,none,cz,1238,103,0,0,True,0.79890615,0.008156734,0.12140513,0.071531974
21,7,none,cz,1239,103,1,2,False,0.065363154,0.09835868,0.4831016,0.3531766
21,7,none,cz,1240,103,1,3,False,0.007771699,0.19050626,0.050553497,0.75116855
21,7,none,cz,1241,103,0,2,False,0.13503805,0.0019210605,0.6278558,0.23518516
21,7,none,cz,1242,103,1,3,False,0.0029585673,0.34938028,0.028450483,0.61921066
21,7,none,cz,1243,103,0,2,False,0.43560156,0.0006196737,0.5566171,0.007161709
21,7,none,cz,1244,103,0,3,False,0.29482105,0.028868102,0.15804774,0.5182631
21,7,none,cz,1245,103,1,3,False,0.025902193,0.07244391,0.07630193,0.82535195
21,7,none,cz,1246,103,0,0,True,0.78538626,0.0029825198,0.17363544,0.037995778
21,7,none,cz,1247,103,1,2,False,0.19000459,0.1187635,0.47099397,0.2202379
21,7,none,cz,1248,103,1,2,False,0.037104674,0.43587342,0.45048532,0.076536626
21,7,none,cz,1249,103,0,0,True,0.9591225,0.0019509593,0.02678795,0.012138686
21,7,none,cz,1250,103,1,3,False,0.10053133,0.10911743,0.023967749,0.76638347
21,7,none,cz,1251,103,3,3,True,0.004864591,0.0038839886,0.02445976,0.9667917
21,7,none,cz,1252,103,2,2,True,0.018420506,0.25390956,0.55071414,0.17695579
21,7,none,cz,1253,103,3,3,True,0.034667037,0.09328616,0.05639271,0.81565416
21,7,none,cz,1254,103,2,3,False,0.41382793,0.016321851,0.11889031,0.4509599
21,7,none,cz,1255,103,2,2,True,0.070134744,0.16066751,0.58022135,0.18897645
21,7,none,cz,1256,103,3,0,False,0.38500065,0.114282146,0.1354769,0.36524028
21,7,none,cz,1257,103,2,3,False,0.18052593,0.28484294,0.03458577,0.50004536
21,7,none,cz,1258,103,3,3,True,0.23170726,0.36202428,0.03658479,0.36968362
21,7,none,cz,1259,103,2,2,True,0.05787117,0.006487109,0.916622,0.019019732
21,7,none,cz,1260,103,3,3,True,0.059428234,0.13947998,0.40028545,0.4008063
21,7,none,cz,1261,103,3,3,True,0.01116154,0.036341667,0.027756535,0.9247402
21,7,none,cz,1262,103,2,2,True,0.012770693,0.12086709,0.85514915,0.011213083
21,7,none,cz,1263,103,2,2,True,0.026378887,0.01789647,0.9165776,0.039147113
21,7,none,cz,1264,103,3,3,True,0.032339565,0.0029043355,0.0039169155,0.96083915
21,7,none,cz,1265,103,3,3,True,0.0016548412,0.017353315,0.022796912,0.958195
21,7,none,cz,1266,104,0,0,True,0.37949252,0.22044502,0.15833582,0.24172667
21,7,none,cz,1267,104,1,1,True,0.07360812,0.90021497,0.017832188,0.008344717
21,7,none,cz,1268,104,1,2,False,0.09957159,0.22256942,0.5571471,0.120711885
21,7,none,cz,1269,104,0,3,False,0.15223299,0.3148214,0.038980704,0.4939649
21,7,none,cz,1270,104,1,1,True,0.046464138,0.5659622,0.24607413,0.1414995
21,7,none,cz,1271,104,0,2,False,0.062535636,0.053382523,0.80361015,0.08047172
21,7,none,cz,1272,104,1,1,True,0.20556362,0.5324783,0.106384054,0.15557408
21,7,none,cz,1273,104,0,2,False,0.22794802,0.112347856,0.5529524,0.106751665
21,7,none,cz,1274,104,0,1,False,0.10796112,0.72750443,0.15647972,0.008054656
21,7,none,cz,1275,104,1,1,True,0.09707254,0.5168074,0.32739273,0.058727328
21,7,none,cz,1276,104,0,1,False,0.10379233,0.47642845,0.36055097,0.0592283
21,7,none,cz,1277,104,1,3,False,0.019024713,0.3997698,0.17163864,0.4095668
21,7,none,cz,1278,104,1,0,False,0.34111008,0.26421496,0.31540325,0.07927168
21,7,none,cz,1279,104,0,0,True,0.39667454,0.10411337,0.33963016,0.15958188
21,7,none,cz,1280,104,1,1,True,0.00043546225,0.9475831,0.0013582426,0.050623234
21,7,none,cz,1281,104,2,2,True,0.16453767,0.1411885,0.5906563,0.103617564
21,7,none,cz,1282,104,3,2,False,0.048996225,0.13206038,0.4184871,0.4004563
21,7,none,cz,1283,104,3,3,True,0.12589747,0.017468892,0.042425733,0.8142079
21,7,none,cz,1284,104,2,1,False,0.017786888,0.696442,0.2757772,0.009993921
21,7,none,cz,1285,104,3,2,False,0.19528925,0.15912326,0.509625,0.13596246
21,7,none,cz,1286,104,2,1,False,0.01771852,0.94408363,0.011428386,0.02676954
21,7,none,cz,1287,104,2,1,False,0.040990133,0.40842268,0.30134237,0.24924481
21,7,none,cz,1288,104,3,3,True,0.042617116,0.07037457,0.007965888,0.87904245
21,7,none,cz,1289,104,2,1,False,0.017850576,0.7389243,0.2407366,0.0024885202
21,7,none,cz,1290,104,3,1,False,0.07277994,0.4105795,0.29675722,0.21988332
21,7,none,cz,1291,104,3,3,True,0.09714334,0.0642192,0.098796085,0.73984134
21,7,none,cz,1292,104,2,3,False,0.06533873,0.04097325,0.09760707,0.796081
21,7,none,cz,1293,104,3,3,True,0.105536476,0.13632494,0.028656036,0.72948253
21,7,none,cz,1294,104,2,2,True,0.022482278,0.19579867,0.60048044,0.18123862
21,7,none,cz,1295,104,3,0,False,0.36863148,0.078640185,0.22012562,0.33260274
21,7,none,cz,1296,104,0,3,False,0.23177032,0.10283665,0.049906973,0.615486
21,7,none,cz,1297,104,1,1,True,0.08348983,0.68958557,0.17241442,0.054510213
21,7,none,cz,1298,104,1,1,True,0.009066477,0.98223186,0.002379657,0.0063219736
21,7,none,cz,1299,104,0,0,True,0.7645484,0.050569873,0.16224436,0.022637213
21,7,none,cz,1300,104,0,0,True,0.94733983,0.011579078,0.011913847,0.029167198
21,7,none,cz,1301,104,1,1,True,0.0070086075,0.8638841,0.06680399,0.062303297
21,7,none,cz,1302,104,0,0,True,0.49154255,0.31718984,0.08110771,0.11015989
21,7,none,cz,1303,104,1,2,False,0.22698958,0.27766535,0.31015733,0.18518779
21,7,none,cz,1304,104,0,0,True,0.5667882,0.173872,0.22855072,0.030789081
21,7,none,cz,1305,104,1,1,True,0.2840478,0.6487315,0.04127202,0.02594864
21,7,none,cz,1306,104,1,1,True,6.20627e-05,0.93822515,0.05588235,0.005830441
21,7,none,cz,1307,104,0,0,True,0.9090315,0.078532346,0.009890784,0.002545434
21,7,none,cz,1308,104,3,3,True,0.007295919,0.16540799,0.058943335,0.76835275
21,7,none,cz,1309,104,2,3,False,0.05535712,0.31893677,0.24375777,0.38194835
21,7,none,cz,1310,104,3,3,True,0.061786477,0.067350805,0.028949535,0.84191316
21,7,none,cz,1311,104,2,0,False,0.60611826,0.07239796,0.15417643,0.16730732
21,7,none,cz,1312,104,3,0,False,0.55713475,0.091615036,0.012196,0.33905423
21,7,none,cz,1313,104,2,2,True,0.09508802,0.35895666,0.519701,0.026254363
21,7,none,cz,1314,104,3,3,True,0.026923198,0.14881842,0.10036711,0.7238913
21,7,none,cz,1315,104,2,1,False,0.18341056,0.42361927,0.1760418,0.21692835
21,7,none,cz,1316,104,3,1,False,0.045717914,0.47839758,0.3322997,0.14358479
21,7,none,cz,1317,104,2,2,True,0.20323594,0.32757595,0.3516606,0.1175275
21,7,none,cz,1318,104,2,2,True,0.14491615,0.10988495,0.6513432,0.093855634
21,7,none,cz,1319,104,3,2,False,0.23411585,0.06434161,0.41055262,0.29098994
21,7,none,cz,1320,104,3,3,True,0.10354301,0.028583726,0.045338973,0.8225343
21,7,none,cz,1321,104,2,1,False,0.07570288,0.45027718,0.42814746,0.04587253
21,7,none,cz,1322,104,2,2,True,0.11258859,0.02618828,0.85556513,0.0056579714
21,7,none,cz,1323,104,0,0,True,0.52681416,0.08510101,0.20712806,0.18095681
21,7,none,cz,1324,104,1,2,False,0.023313386,0.35976925,0.4723837,0.14453365
21,7,none,cz,1325,104,0,2,False,0.2281717,0.027457625,0.6775577,0.06681304
21,7,none,cz,1326,104,1,2,False,0.07881049,0.33529127,0.51980484,0.06609348
21,7,none,cz,1327,104,0,2,False,0.11488715,0.076235205,0.7552128,0.053664908
21,7,none,cz,1328,104,1,3,False,0.004830644,0.17220919,0.112002835,0.7109573
21,7,none,cz,1329,104,0,0,True,0.9987203,6.957325e-05,0.00031732905,0.0008929132
21,7,none,cz,1330,104,1,2,False,0.15697636,0.2679239,0.29274297,0.28235683
21,7,none,cz,1331,104,1,1,True,0.050785054,0.88510805,0.03943029,0.024676697
21,7,none,cz,1332,104,0,1,False,0.340228,0.59109926,0.025191037,0.043481693
21,7,none,cz,1333,104,0,0,True,0.4800645,0.051492967,0.38750607,0.08093641
21,7,none,cz,1334,104,1,1,True,0.19297332,0.47877946,0.11749904,0.21074821
21,7,none,cz,1335,104,1,3,False,0.27121255,0.016644437,0.15591988,0.55622315
21,7,none,cz,1336,104,0,0,True,0.5334302,0.01317619,0.41938818,0.034005344
21,7,none,cz,1337,104,0,2,False,0.18292704,0.034195106,0.50015616,0.28272164
21,7,none,cz,1338,104,2,2,True,0.0016618117,0.012288211,0.96070534,0.025344564
21,7,none,cz,1339,104,3,1,False,0.12882815,0.46953037,0.35129488,0.050346594
21,7,none,cz,1340,104,2,1,False,0.25928918,0.36552337,0.32706288,0.048124503
21,7,none,cz,1341,104,3,3,True,0.037505228,0.035458967,0.057673577,0.8693622
21,7,none,cz,1342,104,3,3,True,0.020584216,0.091843896,0.02372428,0.8638476
21,7,none,cz,1343,104,2,2,True,0.023696102,0.10057239,0.8659901,0.009741343
21,7,none,cz,1344,104,3,3,True,0.013319083,0.010966295,0.017804112,0.9579105
21,7,none,cz,1345,104,2,2,True,0.050348535,0.105243236,0.708751,0.1356572
21,7,none,cz,1346,104,3,3,True,0.32384634,0.07287204,0.19549458,0.40778702
21,7,none,cz,1347,104,2,2,True,0.1379133,0.088619344,0.7324492,0.04101819
21,7,none,cz,1348,104,3,3,True,0.004423314,0.16145603,0.34716287,0.48695776
21,7,none,cz,1349,104,2,1,False,0.004233431,0.8161071,0.13256001,0.047099408
21,7,none,cz,1350,104,2,2,True,0.08799854,0.16011332,0.549461,0.2024271
21,7,none,cz,1351,104,3,3,True,0.23754889,0.053552475,0.20797643,0.5009222
21,7,none,cz,1352,104,3,2,False,0.09040085,0.101151355,0.46429232,0.34415552
21,7,none,cz,1353,105,0,0,True,0.9410787,0.0002596125,0.009559135,0.049102627
21,7,none,cz,1354,105,1,1,True,0.0009530473,0.9004124,0.07836974,0.020264847
21,7,none,cz,1355,105,1,1,True,0.0034475268,0.86959887,0.08690137,0.0400522
21,7,none,cz,1356,105,0,0,True,0.88368994,0.00048160713,0.015154558,0.1006738
21,7,none,cz,1357,105,1,1,True,0.00070991303,0.70123595,0.26767752,0.030376675
21,7,none,cz,1358,105,0,0,True,0.99840087,1.015313e-05,0.00087199156,0.00071691716
21,7,none,cz,1359,105,1,1,True,0.0017622929,0.9643391,0.0031362697,0.030762315
21,7,none,cz,1360,105,0,0,True,0.96428055,0.0002940397,0.0024234438,0.03300201
21,7,none,cz,1361,105,0,0,True,0.9792685,0.0002324464,0.007947908,0.012551222
21,7,none,cz,1362,105,1,3,False,0.013661363,0.31738904,0.005426642,0.663523
21,7,none,cz,1363,105,1,1,True,0.00026402358,0.89396906,0.011596782,0.09417016
21,7,none,cz,1364,105,0,0,True,0.9973182,0.00016045375,0.00031557653,0.0022057188
21,7,none,cz,1365,105,1,2,False,0.028823374,0.22814313,0.47121632,0.27181718
21,7,none,cz,1366,105,0,0,True,0.9497195,0.000100413825,0.02274162,0.0274385
21,7,none,cz,1367,105,0,0,True,0.87095594,0.0065858476,0.05277816,0.06967989
21,7,none,cz,1368,105,3,3,True,0.007859582,0.0011692973,0.0038169876,0.9871542
21,7,none,cz,1369,105,2,3,False,0.025580883,0.021267401,0.33821547,0.61493623
21,7,none,cz,1370,105,2,3,False,0.0034973712,0.007272938,0.09134003,0.8978897
21,7,none,cz,1371,105,3,3,True,0.0044719516,0.0062505305,0.10508317,0.8841943
21,7,none,cz,1372,105,3,3,True,0.08590809,0.004686921,0.16421746,0.7451875
21,7,none,cz,1373,105,2,3,False,0.008944752,0.0038099864,0.31175855,0.6754867
21,7,none,cz,1374,105,3,3,True,0.0027168987,0.0055787987,0.026049593,0.96565473
21,7,none,cz,1375,105,2,2,True,0.020744182,0.021048503,0.8447942,0.113413095
21,7,none,cz,1376,105,3,3,True,0.02424863,0.14192683,0.19890966,0.6349149
21,7,none,cz,1377,105,2,2,True,0.044483572,0.05984185,0.5523698,0.34330478
21,7,none,cz,1378,105,3,2,False,0.08762069,0.016574563,0.70529485,0.1905099
21,7,none,cz,1379,105,2,3,False,0.00096541474,0.00998266,0.13290173,0.85615027
21,7,none,cz,1380,105,3,3,True,0.0027090418,0.00034292557,0.020547228,0.9764008
21,7,none,cz,1381,105,2,2,True,0.008250883,0.0035715438,0.9332639,0.0549137
21,7,none,cz,1382,105,2,3,False,0.0019485595,0.01349505,0.20862536,0.775931
21,7,none,cz,1383,105,1,1,True,0.00022023478,0.9609022,0.030999776,0.00787777
21,7,none,cz,1384,105,0,2,False,0.0647142,0.00043438037,0.5027973,0.43205413
21,7,none,cz,1385,105,1,1,True,0.000704676,0.609885,0.3129933,0.07641707
21,7,none,cz,1386,105,0,3,False,0.15004046,0.0002621905,0.05085573,0.79884166
21,7,none,cz,1387,105,0,2,False,0.26625165,0.00029825143,0.37145722,0.36199287
21,7,none,cz,1388,105,1,1,True,0.022224318,0.81602514,0.12095997,0.040790632
21,7,none,cz,1389,105,1,1,True,0.0007284215,0.9422134,0.055548858,0.0015093338
21,7,none,cz,1390,105,0,0,True,0.9564923,0.001874943,0.029387793,0.012244888
21,7,none,cz,1391,105,0,0,True,0.85993373,0.015122583,0.09259611,0.0323476
21,7,none,cz,1392,105,1,1,True,0.0032525503,0.6008967,0.38679126,0.009059474
21,7,none,cz,1393,105,0,0,True,0.9326755,0.0019059182,0.018453823,0.046964888
21,7,none,cz,1394,105,1,1,True,0.005316833,0.9696257,0.023453046,0.0016044514
21,7,none,cz,1395,105,0,2,False,0.27115762,0.002030897,0.7171846,0.009626864
21,7,none,cz,1396,105,1,1,True,0.0003127673,0.9844919,0.0137756085,0.0014197265
21,7,none,cz,1397,105,1,1,True,0.0074584642,0.635145,0.2033335,0.15406299
21,7,none,cz,1398,105,3,2,False,0.0057931654,0.0044419626,0.6069935,0.38277128
21,7,none,cz,1399,105,2,2,True,0.0047085094,0.0044111535,0.8762451,0.11463526
21,7,none,cz,1400,105,3,3,True,0.019792112,0.00767709,0.16923977,0.803291
21,7,none,cz,1401,105,2,2,True,0.0059581893,0.0017222598,0.97552615,0.01679335
21,7,none,cz,1402,105,3,2,False,0.0019171853,0.0062252637,0.7621293,0.2297283
21,7,none,cz,1403,105,2,2,True,0.002792991,0.0024912525,0.92827535,0.0664405
21,7,none,cz,1404,105,3,2,False,0.012126157,0.022990203,0.6219452,0.34293842
21,7,none,cz,1405,105,2,3,False,0.10847979,0.014666986,0.11705444,0.7597987
21,7,none,cz,1406,105,3,2,False,0.007960392,0.0018359756,0.59716266,0.39304098
21,7,none,cz,1407,105,2,2,True,0.0042081485,0.06150914,0.74512976,0.18915299
21,7,none,cz,1408,105,2,3,False,0.021122217,0.11242295,0.3137255,0.55272937
21,7,none,cz,1409,105,3,3,True,0.029007237,0.1061231,0.16656733,0.6983023
21,7,none,cz,1410,105,3,3,True,0.0089364005,0.021649413,0.06587191,0.90354234
21,7,none,cz,1411,105,2,2,True,0.004596699,0.025165524,0.85428214,0.11595562
21,7,none,cz,1412,105,2,2,True,0.0056899516,0.022520714,0.94487363,0.026915697
21,7,none,cz,1413,105,1,3,False,0.00044799538,0.120586544,0.017966578,0.86099887
21,7,none,cz,1414,105,0,0,True,0.8346892,0.005315696,0.12734964,0.032645464
21,7,none,cz,1415,105,1,1,True,0.0026166276,0.6038585,0.1714244,0.22210053
21,7,none,cz,1416,105,0,2,False,0.2290197,0.012363258,0.5931388,0.16547823
21,7,none,cz,1417,105,1,1,True,0.0007606545,0.71801686,0.12717241,0.15405008
21,7,none,cz,1418,105,0,2,False,0.20158063,0.0037963658,0.67731625,0.11730676
21,7,none,cz,1419,105,1,2,False,0.021289267,0.17417407,0.62888724,0.17564945
21,7,none,cz,1420,105,0,0,True,0.6398691,0.011477718,0.22272123,0.12593198
21,7,none,cz,1421,105,0,2,False,0.20635264,0.029627278,0.5855042,0.17851593
21,7,none,cz,1422,105,1,1,True,0.03749247,0.7864472,0.14593796,0.03012231
21,7,none,cz,1423,105,1,1,True,0.0008317951,0.9689498,0.009466073,0.020752374
21,7,none,cz,1424,105,0,0,True,0.83952576,0.0016763331,0.06429332,0.09450456
21,7,none,cz,1425,105,1,2,False,0.00077686174,0.41911754,0.5214007,0.058704868
21,7,none,cz,1426,105,0,2,False,0.013881162,0.0008055131,0.9523666,0.032946646
21,7,none,cz,1427,105,0,3,False,0.09084228,0.0022852712,0.22942114,0.6774513
21,7,none,cz,1428,105,2,3,False,0.0077294367,0.017586542,0.09612567,0.8785584
21,7,none,cz,1429,105,3,3,True,0.012105764,0.008772176,0.17149515,0.8076269
21,7,none,cz,1430,105,3,3,True,0.01747236,0.008665557,0.09314068,0.8807214
21,7,none,cz,1431,105,2,2,True,0.0017295928,0.0025580304,0.7184856,0.2772268
21,7,none,cz,1432,105,3,3,True,0.021279126,0.01858293,0.2833262,0.67681175
21,7,none,cz,1433,105,2,2,True,0.01835308,0.036702666,0.8706427,0.074301556
21,7,none,cz,1434,105,3,3,True,0.03364705,0.035849836,0.40089583,0.52960724
21,7,none,cz,1435,105,2,2,True,0.083839886,0.03286278,0.6878557,0.1954417
21,7,none,cz,1436,105,3,3,True,0.0036785225,0.024013791,0.28958118,0.6827265
21,7,none,cz,1437,105,2,2,True,0.0037707489,0.009833111,0.9787684,0.0076276693
21,7,none,cz,1438,105,2,2,True,0.004000877,0.029983042,0.65129006,0.31472602
21,7,none,cz,1439,105,3,3,True,0.02974909,0.020980356,0.4714688,0.47780177
21,7,none,cz,1440,105,2,2,True,0.007066572,0.019207569,0.70355386,0.270172
21,7,none,cz,1441,105,3,2,False,0.0015520372,0.0020734477,0.8933676,0.10300696
21,7,none,cz,1442,105,2,3,False,0.026938934,0.0032313482,0.33097818,0.6388515
21,7,none,cz,1443,106,0,2,False,0.0016093232,0.0006849708,0.75103205,0.24667364
21,7,none,cz,1444,106,1,2,False,0.005785745,0.049575076,0.5692481,0.37539116
21,7,none,cz,1445,106,0,2,False,0.00086949376,0.0016169149,0.9704443,0.027069261
21,7,none,cz,1446,106,1,3,False,0.013328041,0.006104729,0.4666072,0.51396
21,7,none,cz,1447,106,0,2,False,0.0023843544,0.0032009429,0.98989713,0.0045176037
21,7,none,cz,1448,106,1,2,False,0.0061978814,0.0034946657,0.7726162,0.21769118
21,7,none,cz,1449,106,0,3,False,0.020679414,0.030631064,0.4537375,0.49495202
21,7,none,cz,1450,106,1,3,False,0.0056787003,0.062911816,0.058630675,0.87277883
21,7,none,cz,1451,106,0,2,False,0.10649351,0.102461904,0.4039887,0.38705584
21,7,none,cz,1452,106,1,2,False,0.0028180862,0.028242901,0.9001736,0.06876538
21,7,none,cz,1453,106,0,3,False,0.0059497464,0.08255375,0.13717946,0.7743171
21,7,none,cz,1454,106,1,2,False,0.0016708244,0.2721346,0.7242085,0.0019860815
21,7,none,cz,1455,106,1,1,True,0.0034316063,0.53250015,0.16762747,0.2964408
21,7,none,cz,1456,106,0,0,True,0.6545481,0.008221625,0.1697886,0.16744168
21,7,none,cz,1457,106,0,0,True,0.8486211,0.00283917,0.12830906,0.020230738
21,7,none,cz,1458,106,3,3,True,0.0013068652,0.0023415543,0.39384562,0.6025059
21,7,none,cz,1459,106,2,3,False,0.0012089264,0.0063047484,0.20411718,0.7883691
21,7,none,cz,1460,106,3,3,True,0.019938799,0.029298343,0.41313893,0.53762394
21,7,none,cz,1461,106,2,2,True,0.074208096,0.35314554,0.35659876,0.21604764
21,7,none,cz,1462,106,2,2,True,0.0023645107,0.016387181,0.70326984,0.2779785
21,7,none,cz,1463,106,3,3,True,0.014855104,0.2655451,0.23827416,0.48132572
21,7,none,cz,1464,106,3,3,True,0.0021104463,0.023793751,0.21935119,0.7547446
21,7,none,cz,1465,106,2,2,True,0.017232332,0.011470739,0.81778395,0.15351295
21,7,none,cz,1466,106,3,3,True,0.022356965,0.26388264,0.21558304,0.49817735
21,7,none,cz,1467,106,2,2,True,0.016975047,0.013774247,0.93796766,0.031282984
21,7,none,cz,1468,106,3,2,False,0.044671647,0.012640904,0.51711804,0.42556942
21,7,none,cz,1469,106,2,2,True,0.08191046,0.2572153,0.46416104,0.19671324
21,7,none,cz,1470,106,3,3,True,0.023389418,0.016348327,0.0682793,0.8919829
21,7,none,cz,1471,106,2,3,False,0.0886137,0.011424915,0.04789764,0.8520638
21,7,none,cz,1472,106,3,3,True,0.013741422,0.0035484268,0.02496413,0.957746
21,7,none,cz,1473,106,1,1,True,9.669349e-05,0.99506617,0.0029764455,0.0018607442
21,7,none,cz,1474,106,0,3,False,0.047435768,0.001432465,0.027611174,0.92352057
21,7,none,cz,1475,106,1,2,False,0.0039939815,0.069473274,0.8995201,0.027012562
21,7,none,cz,1476,106,0,2,False,0.023163041,0.060975563,0.8685882,0.047273144
21,7,none,cz,1477,106,0,3,False,0.015110232,0.031209486,0.053524744,0.90015554
21,7,none,cz,1478,106,1,3,False,0.009909597,0.0658158,0.40682474,0.51744986
21,7,none,cz,1479,106,1,1,True,0.0030349605,0.9635938,0.002557412,0.030813767
21,7,none,cz,1480,106,0,2,False,0.06820181,0.03974397,0.6937391,0.19831514
21,7,none,cz,1481,106,0,3,False,0.0071435017,0.104372226,0.16836251,0.7201218
21,7,none,cz,1482,106,1,2,False,0.06755327,0.42084274,0.48731446,0.024289649
21,7,none,cz,1483,106,1,1,True,0.0007853212,0.9511939,0.044889685,0.0031311065
21,7,none,cz,1484,106,0,0,True,0.53136003,0.02342854,0.23860562,0.20660585
21,7,none,cz,1485,106,0,3,False,0.018043054,0.24269532,0.3127676,0.426494
21,7,none,cz,1486,106,1,1,True,0.0035762482,0.911353,0.06827346,0.016797196
21,7,none,cz,1487,106,0,2,False,0.0073845317,0.21630836,0.4191653,0.35714182
21,7,none,cz,1488,106,2,2,True,0.0014969304,0.0031290932,0.98994863,0.005425332
21,7,none,cz,1489,106,3,3,True,0.010740117,0.008266018,0.013935568,0.9670583
21,7,none,cz,1490,106,2,2,True,0.009947939,0.19141625,0.42407238,0.37456343
21,7,none,cz,1491,106,3,2,False,0.007114412,0.00032436827,0.50933444,0.48322678
21,7,none,cz,1492,106,3,3,True,0.06341089,0.03307823,0.2388474,0.6646635
21,7,none,cz,1493,106,2,2,True,0.10273884,0.020273628,0.82176584,0.055221666
21,7,none,cz,1494,106,2,2,True,0.023339467,0.17643736,0.7593413,0.04088188
21,7,none,cz,1495,106,3,2,False,0.2164402,0.023139471,0.42721343,0.33320692
21,7,none,cz,1496,106,2,2,True,0.028156362,0.103479676,0.86089796,0.007466006
21,7,none,cz,1497,106,3,2,False,0.048499826,0.013598165,0.9221883,0.015713766
21,7,none,cz,1498,106,3,3,True,0.013158286,0.03678879,0.3597984,0.5902545
21,7,none,cz,1499,106,2,2,True,0.05892574,0.036145877,0.6528903,0.25203803
21,7,none,cz,1500,106,2,2,True,0.0016384207,0.014894095,0.5463052,0.4371623
21,7,none,cz,1501,106,3,3,True,0.00044969295,0.0015492983,0.03246097,0.96554005
21,7,none,cz,1502,106,2,2,True,0.02387372,0.007105178,0.964732,0.004289137
21,7,none,cz,1503,106,1,1,True,0.0041513112,0.66877484,0.31709206,0.009981783
21,7,none,cz,1504,106,0,2,False,0.07982522,0.14032856,0.6527635,0.12708268
21,7,none,cz,1505,106,0,3,False,0.014395039,0.002630245,0.4069809,0.57599384
21,7,none,cz,1506,106,1,2,False,0.031724688,0.0069341306,0.9267299,0.034611322
21,7,none,cz,1507,106,0,0,True,0.44292027,0.05820206,0.35917687,0.13970083
21,7,none,cz,1508,106,1,3,False,0.002544929,0.3258946,0.037501786,0.6340587
21,7,none,cz,1509,106,0,3,False,0.17077819,0.0689215,0.306947,0.45335338
21,7,none,cz,1510,106,1,2,False,0.020505484,0.039445266,0.92686874,0.013180497
21,7,none,cz,1511,106,1,1,True,0.0042527416,0.88687176,0.06013954,0.048735924
21,7,none,cz,1512,106,0,0,True,0.77801543,0.03263767,0.08230343,0.10704354
21,7,none,cz,1513,106,0,0,True,0.76992786,0.009931896,0.20807818,0.012062106
21,7,none,cz,1514,106,1,2,False,0.009632403,0.0068919817,0.9495121,0.03396352
21,7,none,cz,1515,106,1,3,False,0.0040887636,0.024339614,0.03902718,0.9325444
21,7,none,cz,1516,106,0,3,False,0.16144663,0.0009612586,0.41092223,0.42666987
21,7,none,cz,1517,106,0,3,False,0.12386143,0.094503306,0.08103467,0.70060056
21,7,none,cz,1518,106,2,2,True,0.015188,0.3838774,0.5408907,0.06004391
21,7,none,cz,1519,106,3,3,True,0.06008082,0.13552321,0.25354567,0.5508503
21,7,none,cz,1520,106,2,3,False,0.023373432,0.029279158,0.38455564,0.56279176
21,7,none,cz,1521,106,3,2,False,0.008695791,0.023487737,0.5401489,0.42766753
21,7,none,cz,1522,106,2,2,True,0.083732456,0.19751176,0.45587248,0.26288322
21,7,none,cz,1523,106,3,3,True,0.11819449,0.008928675,0.31590083,0.556976
21,7,none,cz,1524,106,2,2,True,0.015580995,0.0327199,0.89584535,0.055853765
21,7,none,cz,1525,106,3,3,True,0.022559501,0.262061,0.32833582,0.3870437
21,7,none,cz,1526,106,2,2,True,0.0006452314,0.0040601054,0.9313468,0.06394789
21,7,none,cz,1527,106,3,2,False,0.0392685,0.014666241,0.9251249,0.020940308
21,7,none,cz,1528,106,3,3,True,0.36184987,0.0043158093,0.06582976,0.56800455
21,7,none,cz,1529,106,2,3,False,0.031395957,0.0021802187,0.26088524,0.7055386
21,7,none,cz,1530,106,3,2,False,0.17318884,0.021323455,0.76627135,0.039216347
21,7,none,cz,1531,106,2,2,True,0.0012928252,0.0050188857,0.9806898,0.012998453
21,7,none,cz,1532,106,2,2,True,0.20243156,0.0057481057,0.74490404,0.046916302
21,7,none,cz,1533,107,1,1,True,0.0036055194,0.9283459,0.006714133,0.061334394
21,7,none,cz,1534,107,0,3,False,0.19546537,0.12229541,0.20954396,0.47269532
21,7,none,cz,1535,107,0,0,True,0.9664344,0.012092468,0.009095224,0.012377911
21,7,none,cz,1536,107,1,1,True,0.0022221964,0.7185389,0.0018750177,0.27736393
21,7,none,cz,1537,107,0,0,True,0.9417125,0.04979191,0.002118858,0.006376726
21,7,none,cz,1538,107,1,1,True,0.0023786763,0.9642373,0.0118706515,0.021513281
21,7,none,cz,1539,107,0,0,True,0.9390006,0.04433186,0.008551034,0.008116447
21,7,none,cz,1540,107,1,1,True,0.01841658,0.9728309,0.0046453164,0.0041072336
21,7,none,cz,1541,107,0,0,True,0.98102814,0.0008076757,0.00060214294,0.017562056
21,7,none,cz,1542,107,1,1,True,0.09346562,0.8097327,0.016186794,0.080614865
21,7,none,cz,1543,107,0,0,True,0.8085052,0.006034071,0.0043463814,0.18111444
21,7,none,cz,1544,107,1,3,False,0.10284449,0.30514246,0.08078242,0.5112306
21,7,none,cz,1545,107,0,0,True,0.968661,0.00069088564,0.0063308184,0.024317289
21,7,none,cz,1546,107,1,3,False,0.006608421,0.40529162,0.008422023,0.5796779
21,7,none,cz,1547,107,0,0,True,0.9969428,0.0006135994,0.001499637,0.0009439499
21,7,none,cz,1548,107,3,1,False,0.0731566,0.4428939,0.04166874,0.44228074
21,7,none,cz,1549,107,2,1,False,0.041673224,0.5277845,0.26579332,0.1647489
21,7,none,cz,1550,107,3,3,True,0.24167714,0.20632906,0.045432765,0.50656104
21,7,none,cz,1551,107,2,1,False,0.015431969,0.8913462,0.022865904,0.07035594
21,7,none,cz,1552,107,3,0,False,0.9664648,0.013187632,0.00907823,0.0112694055
21,7,none,cz,1553,107,2,2,True,0.28554755,0.054299526,0.39000535,0.27014753
21,7,none,cz,1554,107,2,0,False,0.86689156,0.049994685,0.0014731535,0.081640616
21,7,none,cz,1555,107,3,3,True,0.43783608,0.0061155357,0.00016563525,0.55588275
21,7,none,cz,1556,107,3,0,False,0.96335155,0.004922484,0.026664795,0.0050611817
21,7,none,cz,1557,107,2,1,False,0.23262936,0.32844695,0.3215191,0.117404565
21,7,none,cz,1558,107,2,1,False,0.041363757,0.9287949,0.0117191635,0.018122109
21,7,none,cz,1559,107,3,0,False,0.9153537,0.054611724,0.0027273516,0.027307274
21,7,none,cz,1560,107,2,3,False,0.25304192,0.1632557,0.022791069,0.56091136
21,7,none,cz,1561,107,3,3,True,0.09037064,0.12781453,0.075299054,0.7065157
21,7,none,cz,1562,107,3,3,True,0.2711608,0.011127626,0.031351823,0.68635976
21,7,none,cz,1563,107,1,3,False,0.22833022,0.33967906,0.014302799,0.4176879
21,7,none,cz,1564,107,0,0,True,0.97817117,0.01008652,0.0018578974,0.009884489
21,7,none,cz,1565,107,1,1,True,0.043310646,0.90486306,0.01316704,0.038659286
21,7,none,cz,1566,107,0,0,True,0.8921827,0.02345174,0.0013406774,0.08302481
21,7,none,cz,1567,107,1,1,True,0.0014100508,0.9977174,0.00027360758,0.0005991206
21,7,none,cz,1568,107,0,0,True,0.6322833,0.23376624,0.011269308,0.12268122
21,7,none,cz,1569,107,0,3,False,0.21158428,0.06905686,0.009889998,0.70946884
21,7,none,cz,1570,107,1,3,False,0.21394031,0.012813208,0.20871472,0.56453174
21,7,none,cz,1571,107,0,0,True,0.99453944,0.0027133399,0.0016555459,0.0010916936
21,7,none,cz,1572,107,1,0,False,0.6015105,0.19447869,0.10127483,0.102735974
21,7,none,cz,1573,107,0,0,True,0.38023376,0.22702628,0.058834735,0.33390525
21,7,none,cz,1574,107,1,2,False,0.019678175,0.035742775,0.47469926,0.46987978
21,7,none,cz,1575,107,1,2,False,0.070437744,0.16492681,0.73413414,0.030501286
21,7,none,cz,1576,107,0,1,False,0.30834487,0.5891125,0.01269057,0.089852005
21,7,none,cz,1577,107,0,0,True,0.5520335,0.04103556,0.02463627,0.38229474
21,7,none,cz,1578,107,3,0,False,0.46501514,0.12991817,0.08835558,0.3167111
21,7,none,cz,1579,107,2,3,False,0.12176613,0.008520127,0.016846217,0.85286754
21,7,none,cz,1580,107,3,0,False,0.8480184,0.032019764,0.008664999,0.11129685
21,7,none,cz,1581,107,2,3,False,0.08534462,0.13252667,0.2381125,0.54401624
21,7,none,cz,1582,107,2,3,False,0.26046818,0.32311082,0.08610481,0.3303162
21,7,none,cz,1583,107,3,0,False,0.6800106,0.003312369,0.01907075,0.29760632
21,7,none,cz,1584,107,3,0,False,0.94815063,0.009102654,0.005945042,0.036801692
21,7,none,cz,1585,107,2,0,False,0.7287645,0.08212604,0.16272637,0.026383102
21,7,none,cz,1586,107,2,0,False,0.4693187,0.21694325,0.0059575946,0.30778053
21,7,none,cz,1587,107,3,3,True,0.066696584,0.07075719,0.007384437,0.8551618
21,7,none,cz,1588,107,2,2,True,0.16731726,0.056999538,0.6389073,0.13677591
21,7,none,cz,1589,107,3,3,True,0.021933863,0.09699774,0.06251606,0.8185524
21,7,none,cz,1590,107,3,3,True,0.1736946,0.30859062,0.024443982,0.49327087
21,7,none,cz,1591,107,2,3,False,0.043942954,0.043602265,0.0005349243,0.9119198
21,7,none,cz,1592,107,2,3,False,0.050445795,0.029666279,0.037178423,0.8827095
21,7,none,cz,1593,107,0,0,True,0.9796061,0.005950394,0.002300505,0.012142961
21,7,none,cz,1594,107,1,1,True,0.04798899,0.62581444,0.0022325977,0.32396406
21,7,none,cz,1595,107,1,3,False,0.18581343,0.35412094,0.055856243,0.4042094
21,7,none,cz,1596,107,0,0,True,0.90698135,0.047463614,0.00849216,0.037062857
21,7,none,cz,1597,107,1,1,True,0.075559594,0.7727431,0.11752399,0.034173373
21,7,none,cz,1598,107,0,0,True,0.7082093,0.23525426,0.02814983,0.028386593
21,7,none,cz,1599,107,1,3,False,0.057285413,0.11674754,0.004653062,0.821314
21,7,none,cz,1600,107,0,1,False,0.1041242,0.6710304,0.15223555,0.07260979
21,7,none,cz,1601,107,1,1,True,0.03420698,0.83833843,0.046255637,0.081198946
21,7,none,cz,1602,107,0,3,False,0.0102653885,0.19642547,0.0061087464,0.78720045
21,7,none,cz,1603,107,0,0,True,0.9768599,0.01367161,0.0006442069,0.00882434
21,7,none,cz,1604,107,1,1,True,0.37958944,0.6132709,0.005518379,0.0016212831
21,7,none,cz,1605,107,0,3,False,0.17246957,0.13109721,0.09149982,0.60493344
21,7,none,cz,1606,107,1,3,False,0.08363538,0.24477552,0.29780823,0.37378088
21,7,none,cz,1607,107,0,1,False,0.013388377,0.9125876,0.0038686907,0.070155464
21,7,none,cz,1608,107,3,0,False,0.63053626,0.05890834,0.23554376,0.07501172
21,7,none,cz,1609,107,2,3,False,0.078612395,0.08555481,0.03526252,0.8005703
21,7,none,cz,1610,107,2,0,False,0.9554247,0.009972211,0.009505863,0.025097188
21,7,none,cz,1611,107,3,3,True,0.036370493,0.009115671,0.0075600436,0.9469538
21,7,none,cz,1612,107,2,1,False,0.4732166,0.5018866,0.0066011776,0.018295651
21,7,none,cz,1613,107,3,0,False,0.90103346,0.053481333,0.0112361405,0.03424912
21,7,none,cz,1614,107,3,1,False,0.09063297,0.7261388,0.030239066,0.1529892
21,7,none,cz,1615,107,2,1,False,0.13751054,0.44584838,0.29388836,0.12275269
21,7,none,cz,1616,107,2,0,False,0.66945845,0.028604263,0.13895762,0.16297966
21,7,none,cz,1617,107,3,3,True,0.020207405,0.40505353,0.032945205,0.5417938
21,7,none,cz,1618,107,2,0,False,0.35170624,0.0690742,0.24758199,0.33163756
21,7,none,cz,1619,107,3,3,True,0.058656108,0.15701161,0.08022272,0.70410955
21,7,none,cz,1620,107,2,3,False,0.03315251,0.100206025,0.040127207,0.82651424
21,7,none,cz,1621,107,3,3,True,0.0020068244,0.25021574,0.032634035,0.7151434
21,7,none,cz,1622,107,3,3,True,0.28269413,0.078974605,0.073203355,0.5651279
21,7,none,cz,1623,108,0,0,True,0.8322755,0.00014797306,0.0012522509,0.1663243
21,7,none,cz,1624,108,1,1,True,9.02428e-05,0.9820806,0.0004345984,0.017394582
21,7,none,cz,1625,108,0,3,False,0.1915703,0.0010760664,0.0016492194,0.8057045
21,7,none,cz,1626,108,1,3,False,0.35464692,0.11484102,0.0016755809,0.52883655
21,7,none,cz,1627,108,0,0,True,0.98606586,0.0002261833,0.00028271996,0.013425351
21,7,none,cz,1628,108,1,1,True,0.0007446052,0.9939207,4.0636118e-05,0.0052941553
21,7,none,cz,1629,108,1,1,True,0.0002834071,0.9395516,9.178096e-05,0.06007334
21,7,none,cz,1630,108,0,0,True,0.86335576,0.00052039354,0.00052114524,0.1356027
21,7,none,cz,1631,108,0,0,True,0.99931705,4.471044e-06,8.452223e-06,0.00066994067
21,7,none,cz,1632,108,1,3,False,0.012407385,0.27822036,0.001497443,0.7078748
21,7,none,cz,1633,108,0,0,True,0.9974837,0.00014122583,0.00064895145,0.0017260928
21,7,none,cz,1634,108,1,3,False,0.092514046,0.071092874,0.0028965278,0.8334966
21,7,none,cz,1635,108,0,3,False,0.22222547,0.043743107,0.104899,0.62913245
21,7,none,cz,1636,108,1,1,True,0.07301842,0.7434303,0.057717666,0.12583362
21,7,none,cz,1637,108,1,1,True,0.00021531351,0.82301015,0.0003457764,0.17642882
21,7,none,cz,1638,108,2,3,False,0.017380377,0.2781345,0.2920883,0.41239685
21,7,none,cz,1639,108,3,3,True,0.0001881332,0.0023844966,0.0019734972,0.99545383
21,7,none,cz,1640,108,2,3,False,0.0077318824,0.00840917,0.008320274,0.9755387
21,7,none,cz,1641,108,3,3,True,0.00042516115,0.0032960814,0.0023013835,0.9939773
21,7,none,cz,1642,108,3,3,True,0.0012141393,0.0029240625,0.0032195074,0.99264234
21,7,none,cz,1643,108,2,2,True,0.19287443,0.19830059,0.30741313,0.3014119
21,7,none,cz,1644,108,2,3,False,0.09821341,0.0037269213,0.03084936,0.86721027
21,7,none,cz,1645,108,3,3,True,0.0024359142,0.0013347409,0.0009151764,0.9953141
21,7,none,cz,1646,108,2,1,False,0.06253665,0.8569724,0.0046003666,0.07589056
21,7,none,cz,1647,108,3,3,True,0.022306863,0.014330661,0.003796112,0.95956635
21,7,none,cz,1648,108,3,3,True,0.0058241813,0.010580512,0.01755332,0.966042
21,7,none,cz,1649,108,2,3,False,0.07175426,0.16479224,0.09235267,0.67110085
21,7,none,cz,1650,108,3,3,True,0.039390832,0.0007993377,0.003157388,0.95665246
21,7,none,cz,1651,108,2,3,False,0.02450932,0.12727983,0.31666893,0.53154194
21,7,none,cz,1652,108,3,3,True,0.022364879,0.0034576862,0.03275046,0.941427
21,7,none,cz,1653,108,1,2,False,0.0009001316,0.36292902,0.56422275,0.07194819
21,7,none,cz,1654,108,0,3,False,0.2068185,0.25236052,0.06634483,0.47447613
21,7,none,cz,1655,108,1,2,False,0.027201714,0.23085482,0.40354905,0.33839446
21,7,none,cz,1656,108,0,0,True,0.9090566,0.00017370199,0.0013400576,0.089429624
21,7,none,cz,1657,108,0,0,True,0.6191775,0.002976775,0.00040611628,0.3774396
21,7,none,cz,1658,108,1,1,True,0.004239759,0.58909416,0.003968886,0.40269724
21,7,none,cz,1659,108,1,1,True,0.0049062273,0.94365776,0.0058245,0.045611385
21,7,none,cz,1660,108,0,0,True,0.9294901,0.001218778,0.0045103994,0.06478079
21,7,none,cz,1661,108,0,0,True,0.9869713,0.00017313361,0.0016312873,0.01122412
21,7,none,cz,1662,108,1,1,True,0.00026595333,0.9860952,0.0047456566,0.00889322
21,7,none,cz,1663,108,1,1,True,0.0028928602,0.8668353,0.009891482,0.12038034
21,7,none,cz,1664,108,0,3,False,0.36658508,0.00052015035,0.009876035,0.6230187
21,7,none,cz,1665,108,1,2,False,0.016869998,0.25184637,0.51972914,0.21155454
21,7,none,cz,1666,108,0,0,True,0.87078834,0.0018274852,0.0107445475,0.116639644
21,7,none,cz,1667,108,1,0,False,0.4559438,0.16461313,0.010785006,0.3686581
21,7,none,cz,1668,108,3,3,True,0.00065249717,0.0007527818,0.0024157863,0.996179
21,7,none,cz,1669,108,2,3,False,0.16769914,0.06036443,0.09342339,0.6785131
21,7,none,cz,1670,108,3,3,True,0.014148747,0.002073635,0.004114964,0.9796626
21,7,none,cz,1671,108,2,2,True,0.044214524,0.037059702,0.83905745,0.079668276
21,7,none,cz,1672,108,2,3,False,0.01512631,0.074061655,0.07322021,0.8375918
21,7,none,cz,1673,108,3,3,True,0.0016367431,0.0054547545,0.002122332,0.9907862
21,7,none,cz,1674,108,2,2,True,0.01190083,0.04750792,0.86575055,0.0748407
21,7,none,cz,1675,108,3,3,True,0.039359555,0.3338008,0.28744698,0.33939266
21,7,none,cz,1676,108,2,1,False,0.038272437,0.74147654,0.11784996,0.102401026
21,7,none,cz,1677,108,3,3,True,0.018170401,0.050678417,0.07586375,0.85528743
21,7,none,cz,1678,108,2,2,True,0.05326016,0.05983232,0.46452588,0.4223816
21,7,none,cz,1679,108,3,3,True,0.21053675,0.049193203,0.13598284,0.60428715
21,7,none,cz,1680,108,2,2,True,0.016192358,0.0007477583,0.5179334,0.46512648
21,7,none,cz,1681,108,3,3,True,0.2915776,0.013447427,0.031880513,0.66309446
21,7,none,cz,1682,108,3,3,True,0.042821318,0.008825466,0.11273032,0.8356229
21,7,none,cz,1683,108,1,3,False,0.010617948,0.20598339,0.17639588,0.60700285
21,7,none,cz,1684,108,0,0,True,0.6578844,0.01919678,0.21115291,0.11176588
21,7,none,cz,1685,108,0,3,False,0.06407638,0.050987776,0.35938075,0.5255551
21,7,none,cz,1686,108,1,2,False,0.07686479,0.14325354,0.64893395,0.13094774
21,7,none,cz,1687,108,0,3,False,0.041614417,0.050038557,0.010519753,0.8978273
21,7,none,cz,1688,108,1,1,True,0.27576894,0.3694194,0.32364225,0.031169368
21,7,none,cz,1689,108,1,1,True,0.0006854304,0.9434386,0.03577211,0.020103745
21,7,none,cz,1690,108,0,0,True,0.52486044,0.0021136338,0.019412147,0.4536138
21,7,none,cz,1691,108,0,3,False,0.08158667,0.10053591,0.059488077,0.7583893
21,7,none,cz,1692,108,1,1,True,0.0045050806,0.9798994,0.004910131,0.010685306
21,7,none,cz,1693,108,0,3,False,0.34796718,0.026147353,0.004799987,0.62108546
21,7,none,cz,1694,108,1,3,False,0.22999251,0.33477598,0.023270512,0.41196105
21,7,none,cz,1695,108,1,1,True,0.0026568742,0.9863657,0.00042412477,0.01055333
21,7,none,cz,1696,108,0,0,True,0.7544739,0.013498118,0.07388857,0.15813936
21,7,none,cz,1697,108,0,0,True,0.99929,3.9855324e-05,2.1951442e-05,0.0006481259
21,7,none,cz,1698,108,3,3,True,0.091865204,0.06244209,0.028832557,0.81686014
21,7,none,cz,1699,108,2,3,False,0.034925673,0.09427695,0.4142009,0.45659652
21,7,none,cz,1700,108,2,3,False,0.065232635,0.012990176,0.44357896,0.4781983
21,7,none,cz,1701,108,3,3,True,0.00091769884,0.00018416045,0.00046505296,0.99843305
21,7,none,cz,1702,108,2,3,False,0.27126968,0.0458709,0.071265705,0.61159366
21,7,none,cz,1703,108,3,3,True,0.22556703,0.011027561,0.3244085,0.43899688
21,7,none,cz,1704,108,3,3,True,0.0025415532,0.000253333,0.0045178123,0.99268734
21,7,none,cz,1705,108,2,2,True,0.011693141,0.017555317,0.8341448,0.13660672
21,7,none,cz,1706,108,3,3,True,0.029681614,0.014778879,0.04413475,0.9114048
21,7,none,cz,1707,108,2,3,False,0.052457333,0.45372975,0.03919926,0.4546137
21,7,none,cz,1708,108,2,3,False,0.15426922,0.010340431,0.35649225,0.4788981
21,7,none,cz,1709,108,3,3,True,0.009300322,0.005169751,0.013579864,0.97195
21,7,none,cz,1710,108,2,3,False,0.040938787,0.3711362,0.07129227,0.51663274
21,7,none,cz,1711,108,3,3,True,0.009059698,0.112224266,0.0070594284,0.8716566
21,7,none,cz,1712,108,2,0,False,0.72948617,0.084720634,0.02945859,0.15633468
21,7,none,cz,1713,109,0,0,True,0.643963,0.024803342,0.024356237,0.3068775
21,7,none,cz,1714,109,1,2,False,0.11763209,0.32260698,0.5045904,0.05517059
21,7,none,cz,1715,109,1,1,True,0.00020527377,0.99821836,0.00061288924,0.00096354686
21,7,none,cz,1716,109,0,2,False,0.027455116,0.20026283,0.5191486,0.25313348
21,7,none,cz,1717,109,1,1,True,0.01707526,0.9368944,0.04151527,0.0045150253
21,7,none,cz,1718,109,0,0,True,0.41245505,0.16137885,0.37454507,0.051621
21,7,none,cz,1719,109,1,2,False,0.05071167,0.36779052,0.5198235,0.061674394
21,7,none,cz,1720,109,0,2,False,0.43677244,0.0039216783,0.5429816,0.016324336
21,7,none,cz,1721,109,1,1,True,0.022613728,0.83108634,0.07713167,0.06916826
21,7,none,cz,1722,109,0,2,False,0.019482454,0.021664355,0.9134749,0.04537826
21,7,none,cz,1723,109,0,0,True,0.52874655,0.010165974,0.24175103,0.21933651
21,7,none,cz,1724,109,1,1,True,0.0038351514,0.79179215,0.03858243,0.1657903
21,7,none,cz,1725,109,0,0,True,0.9946567,0.00019171264,0.004414842,0.00073676853
21,7,none,cz,1726,109,1,3,False,0.0836977,0.21826221,0.13993582,0.5581043
21,7,none,cz,1727,109,1,1,True,0.0134585425,0.7491544,0.16900694,0.06838016
21,7,none,cz,1728,109,3,1,False,0.0061342283,0.56699896,0.08108604,0.34578082
21,7,none,cz,1729,109,2,3,False,0.004743276,0.13068782,0.43042615,0.43414277
21,7,none,cz,1730,109,2,2,True,0.13966794,0.27032056,0.39555535,0.19445613
21,7,none,cz,1731,109,3,3,True,0.013628235,0.005818657,0.17806455,0.80248857
21,7,none,cz,1732,109,3,3,True,0.0018939903,0.010255986,0.24351847,0.7443316
21,7,none,cz,1733,109,2,2,True,0.061465107,0.054062754,0.56546384,0.3190083
21,7,none,cz,1734,109,2,2,True,0.042321265,0.03349487,0.81862706,0.10555682
21,7,none,cz,1735,109,3,3,True,0.048032083,0.120074935,0.23756053,0.59433246
21,7,none,cz,1736,109,2,3,False,0.00959951,0.008281938,0.034423344,0.94769526
21,7,none,cz,1737,109,3,3,True,0.00916119,0.021914778,0.10672186,0.86220217
21,7,none,cz,1738,109,2,3,False,0.27608636,0.1799643,0.04180414,0.5021452
21,7,none,cz,1739,109,3,2,False,0.10973541,0.05891984,0.7624834,0.06886128
21,7,none,cz,1740,109,3,2,False,0.03849995,0.04959241,0.4567385,0.4551691
21,7,none,cz,1741,109,2,3,False,0.092565775,0.11979338,0.13826841,0.64937246
21,7,none,cz,1742,109,2,1,False,0.008386239,0.5518735,0.046400756,0.39333946
21,7,none,cz,1743,109,1,1,True,0.0030117354,0.75493205,0.16933034,0.07272579
21,7,none,cz,1744,109,0,2,False,0.3428237,0.041900117,0.4164625,0.19881357
21,7,none,cz,1745,109,1,0,False,0.6923722,0.0665512,0.065515704,0.17556086
21,7,none,cz,1746,109,0,3,False,0.033592533,0.006944622,0.2734977,0.6859651
21,7,none,cz,1747,109,0,0,True,0.96298337,0.00055987446,0.0062168823,0.030239802
21,7,none,cz,1748,109,1,2,False,0.41826913,0.019226091,0.51434577,0.048159014
21,7,none,cz,1749,109,0,3,False,0.0490476,0.02459315,0.268963,0.65739626
21,7,none,cz,1750,109,1,1,True,0.027209627,0.59056556,0.05411439,0.32811046
21,7,none,cz,1751,109,1,1,True,0.0073036263,0.5388154,0.3976965,0.056184534
21,7,none,cz,1752,109,0,2,False,0.011861688,0.0012977888,0.9748216,0.0120188845
21,7,none,cz,1753,109,1,3,False,0.1850431,0.12401673,0.011212417,0.67972773
21,7,none,cz,1754,109,0,3,False,0.023174627,0.16265345,0.023987534,0.7901843
21,7,none,cz,1755,109,1,1,True,0.008904039,0.91260433,0.0679405,0.010551188
21,7,none,cz,1756,109,0,1,False,0.07486781,0.43869966,0.10550854,0.38092393
21,7,none,cz,1757,109,0,0,True,0.98634094,0.005097652,0.0008869519,0.0076745246
21,7,none,cz,1758,109,2,3,False,0.015939537,0.006266069,0.0045718825,0.97322255
21,7,none,cz,1759,109,3,3,True,0.3512323,0.039552428,0.09175444,0.5174608
21,7,none,cz,1760,109,2,3,False,0.022429895,0.066492796,0.056076743,0.85500056
21,7,none,cz,1761,109,3,3,True,0.010719065,0.017309988,0.17333625,0.7986347
21,7,none,cz,1762,109,3,3,True,0.03338389,0.3792489,0.014795594,0.5725717
21,7,none,cz,1763,109,2,3,False,0.009705063,0.0083768265,0.12021892,0.86169916
21,7,none,cz,1764,109,3,3,True,0.0090588825,0.013657727,0.07344545,0.903838
21,7,none,cz,1765,109,2,3,False,0.047121502,0.26981717,0.10384387,0.5792175
21,7,none,cz,1766,109,3,3,True,0.008383327,0.09789727,0.032705348,0.861014
21,7,none,cz,1767,109,2,3,False,0.077979006,0.00957932,0.2272369,0.68520474
21,7,none,cz,1768,109,2,2,True,0.052277707,0.2576219,0.39723173,0.29286864
21,7,none,cz,1769,109,3,3,True,0.040622707,0.0015434535,0.0018654873,0.9559684
21,7,none,cz,1770,109,2,3,False,0.019554967,0.32335564,0.100703284,0.5563861
21,7,none,cz,1771,109,3,3,True,0.0147711625,0.021958977,0.11472583,0.84854406
21,7,none,cz,1772,109,2,3,False,0.08546343,0.04097785,0.27779293,0.5957658
21,7,none,cz,1773,109,1,3,False,0.0032659841,0.1792609,0.4035695,0.4139036
21,7,none,cz,1774,109,0,2,False,0.07733785,0.047687594,0.74372077,0.1312538
21,7,none,cz,1775,109,1,2,False,0.34417924,0.16922899,0.43361005,0.052981813
21,7,none,cz,1776,109,0,3,False,0.007215073,0.0028996351,0.0051198574,0.9847654
21,7,none,cz,1777,109,0,2,False,0.053715322,0.017308822,0.827175,0.10180081
21,7,none,cz,1778,109,1,3,False,0.003881198,0.36865357,0.034782838,0.5926824
21,7,none,cz,1779,109,1,3,False,0.15516923,0.16728793,0.11261984,0.56492305
21,7,none,cz,1780,109,0,3,False,0.007327966,0.020633005,0.4679018,0.5041373
21,7,none,cz,1781,109,1,3,False,0.34058264,0.13656142,0.070405275,0.4524507
21,7,none,cz,1782,109,0,1,False,0.08135898,0.7063819,0.16965945,0.042599685
21,7,none,cz,1783,109,0,0,True,0.600258,0.041102815,0.086901516,0.27173766
21,7,none,cz,1784,109,1,2,False,0.09530684,0.011672289,0.6543204,0.23870043
21,7,none,cz,1785,109,0,0,True,0.8014967,0.0040969914,0.0652978,0.12910852
21,7,none,cz,1786,109,1,3,False,0.33401248,0.012707383,0.31091172,0.34236836
21,7,none,cz,1787,109,0,2,False,0.015313372,0.056665845,0.6100144,0.31800637
21,7,none,cz,1788,109,2,2,True,0.003486184,0.35557774,0.5928042,0.04813187
21,7,none,cz,1789,109,3,3,True,0.08883999,0.014184103,0.1657709,0.73120505
21,7,none,cz,1790,109,2,3,False,0.012690432,0.2986725,0.020350078,0.668287
21,7,none,cz,1791,109,3,3,True,0.038099453,0.024979495,0.34858453,0.5883365
21,7,none,cz,1792,109,2,3,False,0.0787131,0.012466459,0.2828111,0.62600935
21,7,none,cz,1793,109,3,3,True,0.038254403,0.04291128,0.25576064,0.6630737
21,7,none,cz,1794,109,2,2,True,0.12261789,0.0044782115,0.75167567,0.121228226
21,7,none,cz,1795,109,3,3,True,0.0063803256,0.0023578252,0.12698568,0.86427623
21,7,none,cz,1796,109,3,3,True,0.021165056,0.15170646,0.008289409,0.818839
21,7,none,cz,1797,109,2,3,False,0.010018281,0.019587472,0.24541155,0.7249827
21,7,none,cz,1798,109,3,1,False,0.0024358232,0.5682852,0.0024954388,0.42678353
21,7,none,cz,1799,109,2,3,False,0.0032743523,0.04827515,0.008422062,0.9400284
21,7,none,cz,1800,109,2,3,False,0.0032288916,0.001400461,0.16744655,0.8279241
21,7,none,cz,1801,109,3,2,False,0.021570193,0.03662721,0.6047217,0.33708084
21,7,none,cz,1802,109,3,3,True,0.2329538,0.044206105,0.16073518,0.56210494
21,7,none,pz,0,90,0,0,True,0.7522211,0.020558938,0.025885604,0.2013343
21,7,none,pz,1,90,1,1,True,0.11094288,0.8430062,0.01089225,0.035158694
21,7,none,pz,2,90,1,1,True,0.0007915802,0.9978452,4.992869e-05,0.0013131796
21,7,none,pz,3,90,0,0,True,0.9429389,0.0018358111,0.023580093,0.03164514
21,7,none,pz,4,90,1,1,True,0.032262824,0.93971306,0.018383669,0.00964043
21,7,none,pz,5,90,0,0,True,0.89907056,0.0028498285,0.034105673,0.063973896
21,7,none,pz,6,90,1,1,True,0.26794222,0.68007004,0.005777429,0.04621039
21,7,none,pz,7,90,0,0,True,0.9848018,0.0035046644,0.0006399985,0.011053501
21,7,none,pz,8,90,0,0,True,0.78748274,0.047324453,0.0070308116,0.15816198
21,7,none,pz,9,90,1,1,True,0.0014027137,0.9904603,0.0059107332,0.0022263804
21,7,none,pz,10,90,0,0,True,0.7058788,0.22319616,0.022945365,0.047979582
21,7,none,pz,11,90,1,1,True,0.008972732,0.9908222,7.832339e-05,0.00012679251
21,7,none,pz,12,90,0,0,True,0.6957912,0.00281404,0.019313868,0.2820809
21,7,none,pz,13,90,1,2,False,0.14613663,0.13208862,0.6847175,0.037057318
21,7,none,pz,14,90,1,1,True,0.040981803,0.9208923,0.034217563,0.0039083944
21,7,none,pz,15,90,3,0,False,0.42700627,0.10837204,0.38200876,0.08261304
21,7,none,pz,16,90,2,2,True,0.12472088,0.0070383674,0.5346415,0.33359924
21,7,none,pz,17,90,2,3,False,0.24349645,0.04705074,0.099488676,0.6099642
21,7,none,pz,18,90,3,3,True,0.20602633,0.020744095,0.034318883,0.73891073
21,7,none,pz,19,90,3,3,True,0.118930504,0.09577522,0.16370295,0.6215914
21,7,none,pz,20,90,2,2,True,0.12549874,0.2933568,0.54517454,0.035969928
21,7,none,pz,21,90,3,2,False,0.069124065,0.13074999,0.44104996,0.35907596
21,7,none,pz,22,90,2,1,False,0.32578805,0.34383887,0.22619094,0.10418213
21,7,none,pz,23,90,2,2,True,0.10357875,0.073919475,0.6482091,0.17429268
21,7,none,pz,24,90,3,0,False,0.70900154,0.12164455,0.076419026,0.09293485
21,7,none,pz,25,90,2,2,True,0.13088475,0.04993732,0.7780186,0.041159417
21,7,none,pz,26,90,3,0,False,0.36117408,0.18059902,0.28939557,0.16883141
21,7,none,pz,27,90,3,3,True,0.09507844,0.10209693,0.25172272,0.5511019
21,7,none,pz,28,90,2,1,False,0.21594681,0.5907546,0.13364816,0.059650403
21,7,none,pz,29,90,2,2,True,0.044964265,0.14789832,0.7571493,0.049988177
21,7,none,pz,30,90,1,1,True,0.09722034,0.89991266,0.0019857073,0.00088125654
21,7,none,pz,31,90,0,0,True,0.6405946,0.09991538,0.10414556,0.15534449
21,7,none,pz,32,90,1,1,True,0.000110783854,0.9991788,0.00011854094,0.0005918214
21,7,none,pz,33,90,0,0,True,0.68332094,0.022987721,0.27476013,0.018931223
21,7,none,pz,34,90,1,1,True,0.049804136,0.7853312,0.06710864,0.09775602
21,7,none,pz,35,90,0,2,False,0.33014327,0.08604139,0.5387401,0.04507521
21,7,none,pz,36,90,1,1,True,0.026233815,0.5014081,0.008531541,0.46382654
21,7,none,pz,37,90,0,0,True,0.73560405,0.122028925,0.10737941,0.03498758
21,7,none,pz,38,90,1,1,True,0.015257073,0.68844837,0.2816045,0.014690021
21,7,none,pz,39,90,0,2,False,0.29139596,0.03319058,0.47705996,0.19835351
21,7,none,pz,40,90,1,1,True,0.29551947,0.5625648,0.025874102,0.116041735
21,7,none,pz,41,90,0,0,True,0.4335688,0.0008913718,0.18339255,0.38214722
21,7,none,pz,42,90,1,1,True,0.030257057,0.8759764,0.08405716,0.0097095445
21,7,none,pz,43,90,0,2,False,0.068939514,0.20296696,0.603586,0.124507524
21,7,none,pz,44,90,1,1,True,0.00025932814,0.9595015,0.033811048,0.00642813
21,7,none,pz,45,90,2,2,True,0.29988337,0.028845662,0.37696296,0.29430798
21,7,none,pz,46,90,3,2,False,0.03928936,0.0054077795,0.815667,0.13963589
21,7,none,pz,47,90,3,3,True,0.09583043,0.053131863,0.27335986,0.57767785
21,7,none,pz,48,90,2,3,False,0.27233276,0.023749048,0.22303538,0.48088285
21,7,none,pz,49,90,3,3,True,0.08116457,0.030060947,0.092852205,0.7959223
21,7,none,pz,50,90,2,2,True,0.18606041,0.042314563,0.6656641,0.10596101
21,7,none,pz,51,90,3,3,True,0.10019603,0.031690788,0.06555056,0.80256265
21,7,none,pz,52,90,2,2,True,0.22446218,0.17089954,0.38426462,0.22037369
21,7,none,pz,53,90,3,3,True,0.13840142,0.002746093,0.09177898,0.76707345
21,7,none,pz,54,90,2,3,False,0.16340902,0.024542572,0.35457286,0.45747554
21,7,none,pz,55,90,2,2,True,0.08449551,0.059504267,0.58366406,0.27233618
21,7,none,pz,56,90,3,2,False,0.034074094,0.017382646,0.6848896,0.26365367
21,7,none,pz,57,90,2,3,False,0.026439184,0.013147758,0.39258072,0.5678323
21,7,none,pz,58,90,3,3,True,0.09491339,0.0075086,0.22942905,0.66814893
21,7,none,pz,59,90,3,3,True,0.051197093,0.084583566,0.085707396,0.77851194
21,7,none,pz,60,90,1,1,True,0.14341556,0.83849716,0.010681802,0.007405514
21,7,none,pz,61,90,0,0,True,0.89940304,0.013486986,0.02660295,0.060507007
21,7,none,pz,62,90,1,1,True,0.08838775,0.88976353,0.020910142,0.0009385286
21,7,none,pz,63,90,0,0,True,0.64400136,0.024071895,0.18169191,0.15023483
21,7,none,pz,64,90,0,0,True,0.9556766,0.0010607402,0.03522737,0.008035337
21,7,none,pz,65,90,1,1,True,0.035739973,0.9405448,0.019910736,0.0038044886
21,7,none,pz,66,90,1,1,True,0.035249036,0.66134125,0.2738511,0.029558692
21,7,none,pz,67,90,0,0,True,0.8719693,0.0024217023,0.034944844,0.09066415
21,7,none,pz,68,90,0,0,True,0.9806764,0.0022751743,0.015722793,0.0013255465
21,7,none,pz,69,90,1,3,False,0.15846576,0.087359674,0.06224507,0.6919296
21,7,none,pz,70,90,1,1,True,0.09416086,0.8574376,0.025892362,0.022509158
21,7,none,pz,71,90,0,0,True,0.702376,0.016565202,0.12508298,0.15597588
21,7,none,pz,72,90,1,2,False,0.30510876,0.073306516,0.46347976,0.15810496
21,7,none,pz,73,90,0,0,True,0.81653535,0.016511433,0.14515659,0.021796655
21,7,none,pz,74,90,0,0,True,0.6821804,0.0043072854,0.098267324,0.2152449
21,7,none,pz,75,90,2,2,True,0.008713538,0.0149067445,0.5105502,0.4658295
21,7,none,pz,76,90,3,0,False,0.92639035,0.00638719,0.054970585,0.012251919
21,7,none,pz,77,90,2,2,True,0.17158774,0.015334147,0.6883906,0.12468748
21,7,none,pz,78,90,3,3,True,0.20372047,0.019800784,0.2684215,0.50805724
21,7,none,pz,79,90,2,1,False,0.025825579,0.7327095,0.19659378,0.044871103
21,7,none,pz,80,90,3,2,False,0.23542963,0.11574013,0.45386666,0.19496354
21,7,none,pz,81,90,2,2,True,0.03938921,0.009718382,0.6234355,0.32745692
21,7,none,pz,82,90,3,2,False,0.20400213,0.097024836,0.57729185,0.12168118
21,7,none,pz,83,90,2,2,True,0.12894912,0.008587736,0.82167464,0.040788446
21,7,none,pz,84,90,3,2,False,0.103512585,0.03380209,0.4791328,0.38355258
21,7,none,pz,85,90,2,0,False,0.683847,0.0564364,0.1189122,0.14080429
21,7,none,pz,86,90,3,0,False,0.44124827,0.056335136,0.123684265,0.37873238
21,7,none,pz,87,90,3,0,False,0.49540612,0.026372166,0.3735571,0.10466457
21,7,none,pz,88,90,2,2,True,0.10370695,0.117962204,0.39722347,0.38110733
21,7,none,pz,89,90,3,0,False,0.56392896,0.17782114,0.050316107,0.2079337
21,7,none,pz,90,91,0,0,True,0.9785801,0.011225618,0.006548882,0.003645346
21,7,none,pz,91,91,1,3,False,0.2680923,0.08018381,0.10812598,0.5435979
21,7,none,pz,92,91,0,3,False,0.14687057,0.06893045,0.20057769,0.58362126
21,7,none,pz,93,91,1,1,True,0.03212051,0.9247506,0.014474329,0.028654542
21,7,none,pz,94,91,1,1,True,0.004263235,0.9934918,0.0008569185,0.0013880141
21,7,none,pz,95,91,0,0,True,0.9838485,0.0023188605,0.0056373794,0.008195356
21,7,none,pz,96,91,1,1,True,0.23046936,0.7616315,0.0045951353,0.0033040154
21,7,none,pz,97,91,0,0,True,0.79926157,0.1017741,0.043070126,0.055894207
21,7,none,pz,98,91,0,0,True,0.9977653,0.0011878483,0.00022631079,0.0008204333
21,7,none,pz,99,91,1,1,True,0.07049093,0.73106235,0.01789774,0.18054906
21,7,none,pz,100,91,0,0,True,0.99814904,0.00020286854,0.000614082,0.0010340645
21,7,none,pz,101,91,1,2,False,0.03597798,0.17190498,0.65521234,0.13690466
21,7,none,pz,102,91,1,1,True,0.00599777,0.9713595,0.0049421987,0.017700544
21,7,none,pz,103,91,0,0,True,0.99069184,0.0005827952,0.0067537534,0.001971597
21,7,none,pz,104,91,0,0,True,0.9993243,0.0002657211,0.00024132096,0.00016856288
21,7,none,pz,105,91,2,3,False,0.008682416,0.05110676,0.10322182,0.836989
21,7,none,pz,106,91,3,3,True,0.0017157384,0.011553992,0.049949564,0.9367807
21,7,none,pz,107,91,3,3,True,0.0053566233,0.008267378,0.011244256,0.97513175
21,7,none,pz,108,91,2,2,True,0.022293374,0.026629904,0.8165247,0.134552
21,7,none,pz,109,91,2,2,True,0.0018325321,0.011401893,0.91489357,0.07187195
21,7,none,pz,110,91,3,3,True,0.07145511,0.011608856,0.38724807,0.52968794
21,7,none,pz,111,91,3,3,True,0.0017901235,0.0045923167,0.038286593,0.9553309
21,7,none,pz,112,91,2,3,False,0.026516968,0.021356652,0.3316064,0.62051994
21,7,none,pz,113,91,3,2,False,0.028790956,0.0056368634,0.88444465,0.08112759
21,7,none,pz,114,91,2,2,True,0.0002462406,0.0006392666,0.9982343,0.00088019494
21,7,none,pz,115,91,3,2,False,0.011872115,0.009087878,0.8327648,0.14627522
21,7,none,pz,116,91,2,2,True,0.13645786,0.027537813,0.5739127,0.26209167
21,7,none,pz,117,91,2,3,False,0.011260251,0.009053475,0.2626534,0.7170329
21,7,none,pz,118,91,3,2,False,0.029838575,0.019479213,0.82916045,0.121521756
21,7,none,pz,119,91,2,2,True,0.0004012239,0.008551027,0.98424625,0.006801469
21,7,none,pz,120,91,0,0,True,0.9520094,0.035091296,0.010222242,0.0026770346
21,7,none,pz,121,91,1,3,False,0.08402163,0.007647135,0.15541495,0.75291634
21,7,none,pz,122,91,1,1,True,0.07539055,0.70194227,0.12620893,0.09645828
21,7,none,pz,123,91,0,3,False,0.020205738,0.022740683,0.14862858,0.80842495
21,7,none,pz,124,91,0,0,True,0.9976986,0.0010421341,0.00036397984,0.0008952882
21,7,none,pz,125,91,1,2,False,0.010418711,0.03850298,0.62356603,0.32751226
21,7,none,pz,126,91,1,1,True,0.0015652062,0.60021925,0.31833014,0.07988538
21,7,none,pz,127,91,0,3,False,0.10140115,0.00612081,0.17764167,0.71483636
21,7,none,pz,128,91,0,0,True,0.9992174,8.11707e-06,1.938052e-05,0.00075506425
21,7,none,pz,129,91,1,1,True,0.013637048,0.70301586,0.041647144,0.24169992
21,7,none,pz,130,91,1,3,False,0.016718296,0.23229258,0.28471705,0.4662721
21,7,none,pz,131,91,0,0,True,0.9929726,0.00017854424,0.0062207533,0.0006281087
21,7,none,pz,132,91,1,0,False,0.5501767,0.28842777,0.01631202,0.14508356
21,7,none,pz,133,91,0,3,False,0.047481894,0.012644643,0.011443901,0.92842954
21,7,none,pz,134,91,1,0,False,0.93354803,4.494861e-05,0.029459612,0.036947355
21,7,none,pz,135,91,2,3,False,0.043507505,0.1868586,0.05284015,0.7167938
21,7,none,pz,136,91,3,2,False,0.061959445,0.020615963,0.6178482,0.2995764
21,7,none,pz,137,91,2,2,True,0.21959949,0.061862133,0.42175058,0.29678783
21,7,none,pz,138,91,3,3,True,0.12071288,0.029008744,0.3419976,0.50828075
21,7,none,pz,139,91,2,3,False,0.04338977,0.007974335,0.32691193,0.62172395
21,7,none,pz,140,91,3,3,True,0.00020702518,0.00021157942,0.002601181,0.99698013
21,7,none,pz,141,91,2,2,True,0.01613245,0.0022589536,0.97946656,0.0021419656
21,7,none,pz,142,91,3,3,True,0.0041415324,0.00068586064,0.012148414,0.9830241
21,7,none,pz,143,91,2,2,True,0.013140321,0.06862386,0.7112067,0.20702912
21,7,none,pz,144,91,3,2,False,0.0009900561,0.014967325,0.6135655,0.3704771
21,7,none,pz,145,91,3,3,True,0.005483739,0.015542233,0.0035769963,0.97539705
21,7,none,pz,146,91,2,3,False,0.2611406,0.0029029548,0.012385958,0.72357047
21,7,none,pz,147,91,2,3,False,0.0008691554,0.006355952,0.067767896,0.925007
21,7,none,pz,148,91,3,3,True,0.04014544,0.007027129,0.09603117,0.85679626
21,7,none,pz,149,91,3,3,True,0.003099402,0.016309142,0.005942807,0.97464865
21,7,none,pz,150,91,1,1,True,1.2740158e-05,0.9757033,0.02315446,0.0011295171
21,7,none,pz,151,91,0,3,False,0.15106867,0.0050230133,0.037132483,0.8067758
21,7,none,pz,152,91,1,3,False,0.002116748,0.11841668,0.13073204,0.7487346
21,7,none,pz,153,91,0,0,True,0.98027796,6.328619e-05,0.007996801,0.0116619
21,7,none,pz,154,91,0,2,False,0.04113716,0.000721206,0.9572542,0.00088743365
21,7,none,pz,155,91,1,2,False,0.06693308,0.00035499418,0.89908653,0.0336254
21,7,none,pz,156,91,1,2,False,0.0004103328,0.119619064,0.87011766,0.009852923
21,7,none,pz,157,91,0,0,True,0.9994104,6.972359e-05,0.00039147827,0.00012842182
21,7,none,pz,158,91,0,0,True,0.9844891,0.00267081,0.0055544088,0.007285688
21,7,none,pz,159,91,1,2,False,0.05085875,0.16452537,0.43353406,0.35108185
21,7,none,pz,160,91,0,0,True,0.9509899,0.0017521515,0.04234924,0.004908721
21,7,none,pz,161,91,1,1,True,0.006098414,0.8474831,0.057651207,0.08876718
21,7,none,pz,162,91,1,2,False,0.089891486,0.08438115,0.5382045,0.28752285
21,7,none,pz,163,91,0,0,True,0.8041935,0.000393188,0.08317976,0.11223361
21,7,none,pz,164,91,1,2,False,0.0018736069,0.009917982,0.9480873,0.040121105
21,7,none,pz,165,91,2,2,True,0.00784505,0.0017076419,0.9080586,0.082388796
21,7,none,pz,166,91,3,2,False,0.025456287,0.003040737,0.5371619,0.43434104
21,7,none,pz,167,91,3,2,False,0.00034293102,0.010375049,0.8592356,0.13004643
21,7,none,pz,168,91,2,2,True,0.0061232815,0.0067918017,0.82786787,0.15921703
21,7,none,pz,169,91,2,2,True,0.010284241,0.0001894402,0.7776687,0.21185762
21,7,none,pz,170,91,3,3,True,0.00616296,0.02052028,0.37890163,0.5944151
21,7,none,pz,171,91,3,3,True,0.004289489,0.0065933554,0.063080855,0.9260363
21,7,none,pz,172,91,2,3,False,0.0031531756,0.01572523,0.45677996,0.52434164
21,7,none,pz,173,91,3,3,True,0.009391875,0.02749742,0.05947297,0.9036377
21,7,none,pz,174,91,2,2,True,0.04304456,0.0011516741,0.56314886,0.39265487
21,7,none,pz,175,91,2,2,True,0.0014838065,0.008137822,0.9114669,0.078911506
21,7,none,pz,176,91,3,3,True,0.009402737,0.03871227,0.4131865,0.5386985
21,7,none,pz,177,91,3,2,False,0.15792772,0.002139605,0.43089902,0.40903357
21,7,none,pz,178,91,2,2,True,0.0113491155,0.06813376,0.81349087,0.107026204
21,7,none,pz,179,91,3,3,True,0.004567995,0.0065144203,0.3148146,0.674103
21,7,none,pz,180,92,1,3,False,0.07233113,0.1257187,0.10561099,0.69633925
21,7,none,pz,181,92,0,3,False,0.124048874,0.06550121,0.095815234,0.7146347
21,7,none,pz,182,92,1,0,False,0.57005006,0.0918414,0.20548399,0.13262455
21,7,none,pz,183,92,0,2,False,0.17135689,0.0030706115,0.8195273,0.006045167
21,7,none,pz,184,92,0,3,False,0.19911245,0.042441502,0.22567199,0.53277403
21,7,none,pz,185,92,1,1,True,0.067840435,0.81508034,0.06874293,0.048336394
21,7,none,pz,186,92,0,0,True,0.94077665,0.017287694,0.018047152,0.023888493
21,7,none,pz,187,92,1,1,True,0.16076073,0.83505327,0.003395419,0.00079059217
21,7,none,pz,188,92,1,1,True,0.005032851,0.99377656,0.00021184252,0.0009787618
21,7,none,pz,189,92,0,2,False,0.24826612,0.062550016,0.541745,0.14743884
21,7,none,pz,190,92,0,0,True,0.92315227,0.016680915,0.022104198,0.03806259
21,7,none,pz,191,92,1,3,False,0.32923833,0.032581456,0.14404468,0.4941356
21,7,none,pz,192,92,0,0,True,0.97888625,0.008953271,0.011182682,0.0009778308
21,7,none,pz,193,92,1,3,False,0.028701281,0.119292505,0.03589874,0.81610745
21,7,none,pz,194,92,0,0,True,0.4441518,0.05224661,0.40580377,0.097797856
21,7,none,pz,195,92,1,1,True,0.2565205,0.58920914,0.054416385,0.09985398
21,7,none,pz,196,92,1,1,True,0.032114774,0.95661485,0.005375531,0.005894969
21,7,none,pz,197,92,0,0,True,0.98792124,0.0036339203,0.003911446,0.0045334618
21,7,none,pz,198,92,1,1,True,0.09772248,0.5579675,0.24887243,0.09543755
21,7,none,pz,199,92,2,0,False,0.4814457,0.06839707,0.17944032,0.27071694
21,7,none,pz,200,92,3,3,True,0.30799866,0.019406376,0.14219129,0.5304037
21,7,none,pz,201,92,2,3,False,0.099201605,0.0082169715,0.15728651,0.73529494
21,7,none,pz,202,92,3,3,True,0.08547569,0.007341041,0.10221065,0.80497265
21,7,none,pz,203,92,2,0,False,0.48907548,0.30569017,0.12865709,0.07657733
21,7,none,pz,204,92,3,3,True,0.13346654,0.03480845,0.04154612,0.79017884
21,7,none,pz,205,92,2,2,True,0.098543495,0.06966598,0.5317826,0.30000788
21,7,none,pz,206,92,3,0,False,0.5099558,0.07199936,0.060390726,0.35765406
21,7,none,pz,207,92,3,0,False,0.4846062,0.12421354,0.141978,0.2492022
21,7,none,pz,208,92,2,0,False,0.6043856,0.03046515,0.20021245,0.1649368
21,7,none,pz,209,92,2,2,True,0.0121428305,0.11012752,0.8447895,0.0329401
21,7,none,pz,210,92,3,3,True,0.049153343,0.25100952,0.0060741766,0.69376296
21,7,none,pz,211,92,3,3,True,0.08257473,0.049831226,0.006918715,0.8606753
21,7,none,pz,212,92,2,1,False,0.29405758,0.37697178,0.05511771,0.2738529
21,7,none,pz,213,92,3,0,False,0.49411848,0.12771606,0.03756745,0.34059808
21,7,none,pz,214,92,2,0,False,0.9462272,0.014451639,0.029857675,0.009463544
21,7,none,pz,215,92,2,3,False,0.058554295,0.074044995,0.08310764,0.78429306
21,7,none,pz,216,92,3,3,True,0.103059486,0.33009323,0.05610317,0.5107441
21,7,none,pz,217,92,2,2,True,0.030585157,0.119674765,0.756292,0.09344802
21,7,none,pz,218,92,0,0,True,0.9937012,0.00050916354,0.0030192023,0.0027705305
21,7,none,pz,219,92,1,0,False,0.5416571,0.4355439,0.013522643,0.009276399
21,7,none,pz,220,92,0,0,True,0.9715537,0.015231195,0.00648921,0.006726037
21,7,none,pz,221,92,1,1,True,0.2570067,0.6265409,0.060813762,0.055638608
21,7,none,pz,222,92,1,1,True,0.07567403,0.9009603,0.019910173,0.003455564
21,7,none,pz,223,92,0,0,True,0.73520225,0.14959055,0.02471921,0.090487994
21,7,none,pz,224,92,1,1,True,0.0057973545,0.9474709,0.00030952517,0.0464223
21,7,none,pz,225,92,0,1,False,0.26660404,0.6372702,0.07714373,0.018982066
21,7,none,pz,226,92,0,0,True,0.98367095,0.009306773,0.0007981632,0.0062240534
21,7,none,pz,227,92,1,1,True,0.023512667,0.8995243,0.012217042,0.064746074
21,7,none,pz,228,92,1,1,True,0.0023251455,0.9257739,0.004504162,0.06739667
21,7,none,pz,229,92,0,0,True,0.87152624,0.0025063558,0.0032424896,0.12272496
21,7,none,pz,230,92,1,1,True,0.006403989,0.98859334,0.0012012251,0.0038014709
21,7,none,pz,231,92,0,3,False,0.34412393,0.1993901,0.07253015,0.3839558
21,7,none,pz,232,92,0,0,True,0.9918446,0.00061502884,0.002603028,0.004937381
21,7,none,pz,233,92,1,1,True,0.024238324,0.961708,0.0009768656,0.013076722
21,7,none,pz,234,92,0,0,True,0.54544336,0.001875051,0.15645593,0.29622567
21,7,none,pz,235,92,1,1,True,0.027639195,0.9199878,0.026005521,0.026367402
21,7,none,pz,236,92,1,1,True,0.008773598,0.98444474,0.00029473,0.0064870785
21,7,none,pz,237,92,3,3,True,0.16054584,0.087449834,0.014748075,0.7372563
21,7,none,pz,238,92,2,3,False,0.11594253,0.12126451,0.04379503,0.71899796
21,7,none,pz,239,92,3,0,False,0.26060045,0.24797782,0.2579637,0.23345804
21,7,none,pz,240,92,2,2,True,0.082352884,0.14093229,0.5300003,0.2467145
21,7,none,pz,241,92,2,2,True,0.28617445,0.20772947,0.45720854,0.048887584
21,7,none,pz,242,92,3,2,False,0.20148967,0.08283676,0.4449655,0.27070805
21,7,none,pz,243,92,2,2,True,0.33257973,0.1578007,0.34761488,0.16200472
21,7,none,pz,244,92,3,0,False,0.52357787,0.26419425,0.16192777,0.05030007
21,7,none,pz,245,92,2,0,False,0.4495884,0.13170588,0.17880541,0.23990032
21,7,none,pz,246,92,3,3,True,0.010036069,0.08047706,0.060928643,0.8485582
21,7,none,pz,247,92,2,2,True,0.028653909,0.09224856,0.47205064,0.40704682
21,7,none,pz,248,92,3,3,True,0.015881248,0.064349435,0.034610078,0.88515925
21,7,none,pz,249,92,3,3,True,0.01721413,0.059596814,0.00555582,0.9176333
21,7,none,pz,250,92,2,2,True,0.029051086,0.040706195,0.8231808,0.107062
21,7,none,pz,251,92,3,3,True,0.03036453,0.005435326,0.05512837,0.9090718
21,7,none,pz,252,92,2,0,False,0.51817805,0.067979574,0.16824281,0.24559958
21,7,none,pz,253,92,2,2,True,0.4245697,0.073253274,0.44783476,0.054342307
21,7,none,pz,254,92,3,2,False,0.40286314,0.042202026,0.4247547,0.13018024
21,7,none,pz,255,92,2,2,True,0.25168645,0.14706361,0.5775861,0.023663737
21,7,none,pz,256,92,0,0,True,0.95434046,0.013833758,0.000978189,0.030847648
21,7,none,pz,257,92,1,0,False,0.95302445,0.027726064,0.009742691,0.009506787
21,7,none,pz,258,92,1,1,True,0.10628383,0.84509057,0.017889572,0.030736087
21,7,none,pz,259,92,0,0,True,0.9594767,0.004318617,0.0054810313,0.030723691
21,7,none,pz,260,92,0,0,True,0.8100679,0.008994897,0.047167085,0.13377008
21,7,none,pz,261,92,1,1,True,0.083549574,0.893621,0.016250877,0.006578656
21,7,none,pz,262,92,1,1,True,0.012018011,0.83307403,0.0036857566,0.15122214
21,7,none,pz,263,92,0,0,True,0.9033985,0.023604773,0.05426711,0.018729614
21,7,none,pz,264,92,0,0,True,0.94383293,0.006499811,0.02858651,0.021080786
21,7,none,pz,265,92,1,1,True,0.009512605,0.9852534,0.0009876706,0.0042462903
21,7,none,pz,266,92,0,0,True,0.935564,0.048115827,0.010598219,0.0057219495
21,7,none,pz,267,92,1,3,False,0.36012864,0.12618421,0.10945368,0.40423346
21,7,none,pz,268,92,0,0,True,0.8786496,0.09185715,0.003724815,0.025768528
21,7,none,pz,269,92,1,1,True,0.038301986,0.7585361,0.062023938,0.14113796
21,7,none,pz,270,92,1,1,True,0.18134594,0.6330047,0.07968092,0.10596846
21,7,none,pz,271,92,0,0,True,0.9227548,0.062773086,0.003830916,0.0106411595
21,7,none,pz,272,92,1,1,True,0.20470162,0.6503034,0.0837918,0.06120313
21,7,none,pz,273,92,0,0,True,0.5889658,0.056837272,0.29263946,0.061557453
21,7,none,pz,274,92,1,3,False,0.16680172,0.05705738,0.12689766,0.64924324
21,7,none,pz,275,92,3,3,True,0.23320559,0.30213892,0.104852945,0.35980254
21,7,none,pz,276,92,2,3,False,0.12293445,0.21350263,0.14482431,0.5187386
21,7,none,pz,277,92,3,3,True,0.059355546,0.20734735,0.1674149,0.5658822
21,7,none,pz,278,92,2,3,False,0.30644444,0.18999675,0.17259474,0.3309641
21,7,none,pz,279,92,3,3,True,0.08390198,0.001485285,0.05527236,0.8593404
21,7,none,pz,280,92,2,0,False,0.6520835,0.03873925,0.21149665,0.097680554
21,7,none,pz,281,92,3,3,True,0.016428338,0.16196364,0.21103732,0.61057067
21,7,none,pz,282,92,2,2,True,0.3154742,0.20035966,0.39543554,0.08873061
21,7,none,pz,283,92,2,2,True,0.12802963,0.2715458,0.5741548,0.026269803
21,7,none,pz,284,92,3,3,True,0.30931106,0.14993641,0.1735791,0.36717343
21,7,none,pz,285,92,3,3,True,0.01098525,0.18993779,0.039804373,0.75927263
21,7,none,pz,286,92,2,2,True,0.09978348,0.2508389,0.57424617,0.075131446
21,7,none,pz,287,92,2,1,False,0.06292092,0.8653377,0.028573306,0.043168157
21,7,none,pz,288,92,3,3,True,0.1581165,0.15666097,0.13078608,0.55443645
21,7,none,pz,289,92,3,3,True,0.0060215173,0.07331208,0.01935325,0.9013131
21,7,none,pz,290,92,2,3,False,0.111137085,0.26422027,0.1190384,0.50560427
21,7,none,pz,291,92,2,0,False,0.8027604,0.014520955,0.047727168,0.1349914
21,7,none,pz,292,92,3,3,True,0.43128648,0.0806054,0.027425079,0.46068305
21,7,none,pz,293,92,2,3,False,0.20600113,0.2939003,0.2027235,0.29737502
21,7,none,pz,294,93,1,1,True,0.061807107,0.5034205,0.07977042,0.355002
21,7,none,pz,295,93,0,2,False,0.2655076,0.18096752,0.35394347,0.19958135
21,7,none,pz,296,93,1,1,True,0.0004166452,0.9015734,0.023704216,0.07430562
21,7,none,pz,297,93,0,2,False,0.1343143,0.23306392,0.43419623,0.19842553
21,7,none,pz,298,93,1,2,False,0.0028431425,0.047259495,0.9210974,0.028799972
21,7,none,pz,299,93,0,3,False,0.02423876,0.038555633,0.16316962,0.774036
21,7,none,pz,300,93,0,0,True,0.9886696,0.0063271527,0.00347295,0.0015303425
21,7,none,pz,301,93,1,3,False,0.0032657927,0.19994448,0.16696474,0.629825
21,7,none,pz,302,93,1,2,False,0.05961012,0.009315425,0.8706605,0.060413998
21,7,none,pz,303,93,0,2,False,0.13395292,0.024740444,0.6972015,0.14410514
21,7,none,pz,304,93,1,3,False,0.018039463,0.12984876,0.2970477,0.555064
21,7,none,pz,305,93,0,0,True,0.9948873,0.0017239221,0.0005551157,0.0028335776
21,7,none,pz,306,93,1,3,False,0.0030406816,0.18375051,0.38029602,0.43291277
21,7,none,pz,307,93,0,0,True,0.9991941,5.8103324e-05,0.00023285879,0.000514897
21,7,none,pz,308,93,0,0,True,0.6860322,0.033623967,0.16049944,0.11984446
21,7,none,pz,309,93,3,3,True,0.0003557058,0.0066992324,0.002189201,0.99075586
21,7,none,pz,310,93,2,2,True,0.004114168,0.3486593,0.49186972,0.15535688
21,7,none,pz,311,93,2,2,True,0.0058174627,0.05656939,0.75046015,0.18715306
21,7,none,pz,312,93,3,3,True,0.03078461,0.010695587,0.014079157,0.94444066
21,7,none,pz,313,93,3,3,True,5.7098237e-05,0.002297477,0.0017384419,0.99590695
21,7,none,pz,314,93,2,2,True,0.12193519,0.06459962,0.68241113,0.13105401
21,7,none,pz,315,93,3,2,False,0.015606991,0.4091073,0.41960207,0.15568356
21,7,none,pz,316,93,2,2,True,6.688531e-05,0.00019078377,0.9996381,0.00010424651
21,7,none,pz,317,93,2,2,True,0.043962535,0.034307335,0.8585967,0.063133515
21,7,none,pz,318,93,3,3,True,0.005425852,0.049842685,0.032245234,0.9124862
21,7,none,pz,319,93,3,3,True,0.33027524,0.021887932,0.0039699804,0.6438669
21,7,none,pz,320,93,2,2,True,0.013452106,0.031058047,0.93944705,0.01604277
21,7,none,pz,321,93,2,2,True,0.16511822,0.007758896,0.66015375,0.16696915
21,7,none,pz,322,93,3,3,True,7.662651e-05,0.00027784234,0.0012989433,0.99834657
21,7,none,pz,323,93,2,2,True,0.039643165,0.009979462,0.91978616,0.03059123
21,7,none,pz,324,93,0,0,True,0.99469334,0.0003168786,0.001372513,0.0036172473
21,7,none,pz,325,93,1,3,False,0.005544994,0.14821392,0.16435972,0.68188137
21,7,none,pz,326,93,1,1,True,1.9722718e-06,0.99841,8.362259e-05,0.0015042688
21,7,none,pz,327,93,0,0,True,0.3833146,0.029617721,0.36865565,0.21841201
21,7,none,pz,328,93,0,0,True,0.80680513,0.0035606003,0.035346016,0.1542882
21,7,none,pz,329,93,1,1,True,0.0196931,0.75096697,0.12810078,0.10123921
21,7,none,pz,330,93,0,2,False,0.13095367,0.06323294,0.4980475,0.30776587
21,7,none,pz,331,93,1,3,False,0.0010741221,0.17710602,0.07599798,0.7458219
21,7,none,pz,332,93,1,2,False,0.007873229,0.12093226,0.6115926,0.2596019
21,7,none,pz,333,93,0,3,False,0.06705161,0.050668266,0.16100538,0.7212747
21,7,none,pz,334,93,1,3,False,0.0058459034,0.11863385,0.31873184,0.55678844
21,7,none,pz,335,93,0,0,True,0.6051757,0.0018041147,0.35178316,0.041237067
21,7,none,pz,336,93,0,0,True,0.91373676,0.0026487645,0.0068898443,0.07672453
21,7,none,pz,337,93,1,2,False,0.0059941243,0.037191804,0.82894707,0.12786701
21,7,none,pz,338,93,0,3,False,0.13991435,0.0009896007,0.1960662,0.6630298
21,7,none,pz,339,93,2,2,True,0.30224422,0.066362426,0.60274816,0.028645229
21,7,none,pz,340,93,3,3,True,5.0439437e-05,0.00011137478,0.00050933915,0.99932885
21,7,none,pz,341,93,3,3,True,0.0022408594,0.01693013,0.0710798,0.9097492
21,7,none,pz,342,93,2,2,True,0.021959366,0.17504612,0.63301563,0.1699789
21,7,none,pz,343,93,2,2,True,0.004719726,0.2866045,0.63648254,0.07219325
21,7,none,pz,344,93,3,3,True,0.00071839895,0.14512268,0.0012167036,0.85294217
21,7,none,pz,345,93,3,3,True,9.9434685e-05,0.0005624933,0.00039272572,0.9989454
21,7,none,pz,346,93,2,2,True,0.03143343,0.27802065,0.5806338,0.1099121
21,7,none,pz,347,93,3,3,True,0.01627839,0.0019274938,0.008152162,0.97364193
21,7,none,pz,348,93,2,1,False,0.0059140474,0.40350655,0.20469324,0.38588616
21,7,none,pz,349,93,3,3,True,0.0152733335,0.28284895,0.2659442,0.4359335
21,7,none,pz,350,93,2,2,True,0.009657643,0.021929897,0.9028678,0.0655447
21,7,none,pz,351,93,3,3,True,0.0009402217,0.004767778,0.0056432267,0.98864883
21,7,none,pz,352,93,2,2,True,0.0356952,0.039588187,0.8376625,0.08705407
21,7,none,pz,353,93,2,3,False,0.03165168,0.021904195,0.41042703,0.53601706
21,7,none,pz,354,93,0,2,False,0.14193746,0.25986236,0.40943462,0.18876551
21,7,none,pz,355,93,1,2,False,0.0021179242,0.1820884,0.7544562,0.061337397
21,7,none,pz,356,93,0,0,True,0.6407077,0.027440188,0.28915974,0.042692423
21,7,none,pz,357,93,1,1,True,0.00063259195,0.98468935,0.00081421155,0.01386391
21,7,none,pz,358,93,1,1,True,0.0013415867,0.87195915,0.008183205,0.118515976
21,7,none,pz,359,93,0,0,True,0.72847,0.06961512,0.039053615,0.1628613
21,7,none,pz,360,93,1,3,False,0.0035865637,0.06418139,0.18522249,0.7470096
21,7,none,pz,361,93,0,1,False,0.01648178,0.82941943,0.008694579,0.14540417
21,7,none,pz,362,93,1,1,True,0.01180578,0.84332055,0.07087545,0.07399829
21,7,none,pz,363,93,0,0,True,0.6631884,0.002439771,0.04433843,0.29003337
21,7,none,pz,364,93,0,0,True,0.94645345,0.019792499,0.007568623,0.026185432
21,7,none,pz,365,93,1,3,False,0.002287512,0.043957368,0.062310304,0.8914448
21,7,none,pz,366,93,1,1,True,0.000462036,0.7822591,0.00996249,0.20731635
21,7,none,pz,367,93,0,3,False,0.06895092,0.16692238,0.28023028,0.48389637
21,7,none,pz,368,93,1,1,True,0.013498749,0.74048495,0.19629706,0.049719274
21,7,none,pz,369,93,2,0,False,0.40252897,0.11297908,0.12774752,0.35674444
21,7,none,pz,370,93,3,2,False,0.021527084,0.04377578,0.49054655,0.44415054
21,7,none,pz,371,93,3,3,True,0.0010751464,0.010810804,0.0050258776,0.9830882
21,7,none,pz,372,93,2,1,False,0.21277875,0.72045857,0.056084648,0.010678082
21,7,none,pz,373,93,3,3,True,0.0008019217,0.40429845,0.0021200816,0.5927796
21,7,none,pz,374,93,2,1,False,0.004071269,0.9134064,0.0477674,0.034754977
21,7,none,pz,375,93,2,2,True,0.03462761,0.018426597,0.77671635,0.17022951
21,7,none,pz,376,93,3,3,True,8.059492e-05,0.0038145026,0.001250103,0.9948548
21,7,none,pz,377,93,3,3,True,8.0363665e-05,0.0075797415,0.0024933033,0.9898465
21,7,none,pz,378,93,2,2,True,0.0134567395,0.010504515,0.8198248,0.15621403
21,7,none,pz,379,93,2,2,True,0.018341083,0.025470257,0.52942574,0.42676288
21,7,none,pz,380,93,3,3,True,0.04947062,0.03052353,0.04715475,0.87285113
21,7,none,pz,381,93,3,3,True,0.010460641,0.0077140345,0.11106268,0.8707626
21,7,none,pz,382,93,2,1,False,0.00017595553,0.9899086,0.0049986728,0.0049168216
21,7,none,pz,383,93,3,2,False,0.044880897,0.016272984,0.54048973,0.39835638
21,7,none,pz,384,94,0,0,True,0.99935573,0.00013174045,0.00042108522,9.1409325e-05
21,7,none,pz,385,94,1,1,True,0.004078126,0.6407826,0.3502715,0.004867732
21,7,none,pz,386,94,1,2,False,0.10728366,0.16300903,0.57074577,0.1589615
21,7,none,pz,387,94,0,0,True,0.9998797,3.7459526e-05,6.263283e-05,2.0311636e-05
21,7,none,pz,388,94,1,1,True,0.028428692,0.7423413,0.15746,0.07177008
21,7,none,pz,389,94,0,0,True,0.99562293,0.002861572,0.0006598811,0.00085561344
21,7,none,pz,390,94,1,2,False,0.08147981,0.011977936,0.89620125,0.0103409
21,7,none,pz,391,94,0,0,True,0.999164,1.431492e-05,0.00048300053,0.00033873867
21,7,none,pz,392,94,1,2,False,0.030363215,0.09968101,0.8207914,0.04916439
21,7,none,pz,393,94,0,0,True,0.9720186,0.007870464,0.019771658,0.0003392296
21,7,none,pz,394,94,0,0,True,0.9962999,0.00015656171,0.0013132502,0.0022303418
21,7,none,pz,395,94,1,2,False,0.1016362,0.04332499,0.8348045,0.020234248
21,7,none,pz,396,94,1,0,False,0.48667157,0.29285702,0.0698939,0.15057749
21,7,none,pz,397,94,0,0,True,0.947922,0.000196203,0.03217345,0.01970843
21,7,none,pz,398,94,1,3,False,0.110022485,0.16768451,0.28446105,0.43783194
21,7,none,pz,399,94,2,2,True,0.0150399925,0.011897028,0.965735,0.007327978
21,7,none,pz,400,94,3,3,True,0.026131088,0.03004008,0.11392404,0.8299048
21,7,none,pz,401,94,3,3,True,0.00026152408,0.0012287782,0.0015349308,0.9969748
21,7,none,pz,402,94,2,2,True,0.011101196,0.007513863,0.9696779,0.011707043
21,7,none,pz,403,94,3,3,True,0.039246798,0.0035728049,0.0836452,0.87353516
21,7,none,pz,404,94,2,2,True,0.06648324,0.088724606,0.8069682,0.03782391
21,7,none,pz,405,94,2,2,True,0.0050015897,0.014990931,0.9738834,0.006124006
21,7,none,pz,406,94,3,3,True,0.006592204,0.13513924,0.030172482,0.82809603
21,7,none,pz,407,94,2,2,True,0.060385883,0.013522338,0.8017316,0.124360226
21,7,none,pz,408,94,3,3,True,0.014362352,0.0111413095,0.03314517,0.9413512
21,7,none,pz,409,94,3,3,True,0.0061342097,0.0013868008,0.008506827,0.9839722
21,7,none,pz,410,94,2,2,True,0.035434254,0.011721529,0.9421524,0.01069194
21,7,none,pz,411,94,3,3,True,0.05472254,0.011867282,0.10059455,0.83281565
21,7,none,pz,412,94,2,0,False,0.3940126,0.021795202,0.3663246,0.21786766
21,7,none,pz,413,94,3,2,False,0.039828666,0.044909842,0.67523843,0.24002305
21,7,none,pz,414,94,1,1,True,0.018495783,0.9603694,0.016646793,0.004487993
21,7,none,pz,415,94,0,0,True,0.71501523,0.13905253,0.14210612,0.0038260801
21,7,none,pz,416,94,1,1,True,0.023823598,0.96981466,0.005979563,0.00038222095
21,7,none,pz,417,94,0,0,True,0.9377197,0.016615178,0.034476496,0.011188704
21,7,none,pz,418,94,0,0,True,0.9798696,0.002277443,0.017572727,0.0002802594
21,7,none,pz,419,94,1,1,True,0.00055561477,0.90783924,0.08982146,0.001783772
21,7,none,pz,420,94,1,3,False,0.14422971,0.06794947,0.17989223,0.6079286
21,7,none,pz,421,94,0,0,True,0.9943243,0.000114836206,0.005422348,0.00013839387
21,7,none,pz,422,94,0,0,True,0.790971,0.15078527,0.057848554,0.00039528427
21,7,none,pz,423,94,1,2,False,0.25048208,0.01307846,0.6943211,0.04211846
21,7,none,pz,424,94,1,1,True,7.021384e-05,0.9972217,0.002608675,9.94311e-05
21,7,none,pz,425,94,0,1,False,0.07043018,0.4610063,0.41757357,0.050989944
21,7,none,pz,426,94,1,1,True,0.062692955,0.5112743,0.3669578,0.059074976
21,7,none,pz,427,94,0,0,True,0.9809934,6.8777066e-05,0.009900187,0.009037632
21,7,none,pz,428,94,1,2,False,0.046054598,0.014827063,0.9198128,0.019305538
21,7,none,pz,429,94,3,3,True,0.053336307,0.006359935,0.07044143,0.8698623
21,7,none,pz,430,94,2,2,True,0.4808703,0.004617571,0.50584835,0.008663744
21,7,none,pz,431,94,3,3,True,0.00071254483,0.03623977,0.042322524,0.92072517
21,7,none,pz,432,94,2,2,True,0.0035009943,0.0023721661,0.9832998,0.010827071
21,7,none,pz,433,94,3,3,True,0.037615824,0.08258117,0.006921779,0.8728812
21,7,none,pz,434,94,2,2,True,0.07108581,0.01597535,0.9081255,0.0048132725
21,7,none,pz,435,94,2,2,True,0.054109387,0.10724511,0.64809394,0.1905515
21,7,none,pz,436,94,3,3,True,0.021285329,0.011685098,0.2641047,0.70292485
21,7,none,pz,437,94,3,3,True,0.0094536375,0.26972252,0.021269675,0.6995542
21,7,none,pz,438,94,2,2,True,0.011531201,0.015062985,0.95662963,0.016776184
21,7,none,pz,439,94,3,3,True,0.121363424,0.07598067,0.20074719,0.60190874
21,7,none,pz,440,94,2,2,True,0.37229103,0.019797966,0.51855344,0.08935762
21,7,none,pz,441,94,3,2,False,0.027286608,0.014834036,0.48750246,0.47037688
21,7,none,pz,442,94,2,2,True,0.009434238,0.0021047702,0.98648363,0.00197739
21,7,none,pz,443,94,2,3,False,0.24989195,0.07596848,0.07586799,0.59827155
21,7,none,pz,444,94,0,0,True,0.9861479,0.002478277,0.010516679,0.00085726916
21,7,none,pz,445,94,1,2,False,0.19452487,0.042588513,0.7551479,0.0077387486
21,7,none,pz,446,94,1,2,False,0.0028915913,0.31179026,0.67323524,0.012082921
21,7,none,pz,447,94,0,0,True,0.9316243,0.0015076805,0.0647177,0.0021503386
21,7,none,pz,448,94,1,2,False,0.0024119413,0.29970258,0.5856579,0.1122276
21,7,none,pz,449,94,0,0,True,0.883959,0.003664622,0.084309965,0.028066449
21,7,none,pz,450,94,1,0,False,0.42193413,0.062328614,0.3575742,0.15816313
21,7,none,pz,451,94,0,2,False,0.18048732,0.0055894265,0.790345,0.02357827
21,7,none,pz,452,94,1,1,True,0.14648232,0.33219752,0.24976085,0.27155936
21,7,none,pz,453,94,0,2,False,0.14730589,0.008696626,0.7981271,0.04587032
21,7,none,pz,454,94,1,2,False,0.049552955,0.1288295,0.6637001,0.15791747
21,7,none,pz,455,94,0,0,True,0.9846645,0.0011317999,0.009093266,0.0051104375
21,7,none,pz,456,94,0,0,True,0.6241792,0.048748396,0.31663606,0.010436398
21,7,none,pz,457,94,1,3,False,0.020277333,0.009881164,0.09922368,0.8706178
21,7,none,pz,458,94,0,3,False,0.17290199,0.018682381,0.37029687,0.43811876
21,7,none,pz,459,94,2,2,True,0.06481038,0.010060037,0.9125928,0.012536794
21,7,none,pz,460,94,3,2,False,0.0033903394,0.0037000708,0.9408391,0.052070446
21,7,none,pz,461,94,2,2,True,0.08116186,0.009108576,0.90657735,0.003152261
21,7,none,pz,462,94,3,2,False,0.3057002,0.01981111,0.6126746,0.061814178
21,7,none,pz,463,94,2,2,True,0.056409378,0.16548319,0.7755076,0.00259978
21,7,none,pz,464,94,3,3,True,0.031890303,0.019548297,0.19660987,0.7519515
21,7,none,pz,465,94,3,3,True,0.011644838,0.0531477,0.20554806,0.7296594
21,7,none,pz,466,94,2,2,True,0.03011848,0.005058191,0.9279486,0.036874775
21,7,none,pz,467,94,2,2,True,0.002610564,0.00039024343,0.99464214,0.0023570764
21,7,none,pz,468,94,3,2,False,0.0097228335,0.0010306479,0.55957526,0.42967126
21,7,none,pz,469,94,3,3,True,0.008029011,0.104506716,0.046475884,0.84098834
21,7,none,pz,470,94,2,2,True,0.0132258,0.00713962,0.93927294,0.04036161
21,7,none,pz,471,94,2,3,False,0.14122413,0.04316093,0.4077349,0.40788004
21,7,none,pz,472,94,3,3,True,0.05191474,0.07175003,0.3689601,0.5073751
21,7,none,pz,473,94,3,2,False,0.12883912,0.060406245,0.7685407,0.042213906
21,7,none,pz,474,95,0,0,True,0.75870657,0.080835715,0.06939972,0.09105798
21,7,none,pz,475,95,1,1,True,0.01770492,0.48914,0.0071140127,0.48604107
21,7,none,pz,476,95,1,1,True,0.00045582384,0.99223834,0.00384313,0.0034625959
21,7,none,pz,477,95,0,0,True,0.8390657,0.002169049,0.0052380646,0.15352719
21,7,none,pz,478,95,0,0,True,0.99528754,0.000921331,0.0020800554,0.0017111849
21,7,none,pz,479,95,1,1,True,0.042678267,0.85203516,0.011111319,0.094175294
21,7,none,pz,480,95,0,0,True,0.9427767,0.024378018,0.007843244,0.025002163
21,7,none,pz,481,95,1,1,True,0.0011053684,0.8046855,0.0055086743,0.18870054
21,7,none,pz,482,95,0,0,True,0.9195317,0.009612954,0.045039997,0.025815379
21,7,none,pz,483,95,1,3,False,0.0022285192,0.04989732,0.040396385,0.90747774
21,7,none,pz,484,95,1,1,True,0.0039758366,0.89585537,0.03212532,0.06804345
21,7,none,pz,485,95,0,0,True,0.99471456,2.0803911e-05,0.0015613427,0.0037033078
21,7,none,pz,486,95,0,0,True,0.91934526,0.008441093,0.009368964,0.06284463
21,7,none,pz,487,95,1,3,False,0.05958478,0.34387898,0.15563057,0.4409057
21,7,none,pz,488,95,1,1,True,5.7405952e-05,0.7217934,0.120879956,0.15726922
21,7,none,pz,489,95,2,3,False,0.0044864053,0.011285267,0.15880685,0.82542145
21,7,none,pz,490,95,3,3,True,0.0021643036,0.010369475,0.02312631,0.96434
21,7,none,pz,491,95,2,2,True,0.0026390713,0.37431672,0.5336053,0.089438945
21,7,none,pz,492,95,3,3,True,0.00048205332,0.00023088248,0.0006535496,0.99863344
21,7,none,pz,493,95,3,3,True,0.00024557707,0.01473117,0.00056297577,0.9844603
21,7,none,pz,494,95,2,3,False,0.0861578,0.021909218,0.009679914,0.8822531
21,7,none,pz,495,95,2,3,False,0.029510716,0.042257536,0.25024,0.6779918
21,7,none,pz,496,95,3,3,True,0.0026971225,0.0009848616,0.0006226934,0.99569535
21,7,none,pz,497,95,3,3,True,0.00012255445,0.0014975413,0.005255915,0.99312395
21,7,none,pz,498,95,2,3,False,0.001266278,0.10691135,0.06875952,0.82306284
21,7,none,pz,499,95,3,3,True,0.00010185785,0.051436316,0.00069324457,0.9477686
21,7,none,pz,500,95,2,3,False,0.00030671342,0.00063016894,0.042661697,0.9564014
21,7,none,pz,501,95,3,3,True,0.00090699125,0.0027052,0.0036047478,0.99278307
21,7,none,pz,502,95,2,3,False,0.0012362485,0.004462606,0.091405615,0.9028955
21,7,none,pz,503,95,2,3,False,0.025504412,0.028789856,0.0494205,0.89628524
21,7,none,pz,504,95,1,3,False,0.0007044364,0.47889626,0.010015704,0.5103836
21,7,none,pz,505,95,0,3,False,0.124006376,0.0043124547,0.002508162,0.86917305
21,7,none,pz,506,95,1,3,False,0.00083625456,0.23115478,0.0028973678,0.7651116
21,7,none,pz,507,95,0,3,False,0.047840826,0.00047965912,0.026083264,0.9255963
21,7,none,pz,508,95,0,0,True,0.8190115,0.003283391,0.0007844306,0.17692074
21,7,none,pz,509,95,1,3,False,0.0070181326,0.024134256,0.03276055,0.93608713
21,7,none,pz,510,95,1,3,False,0.0022487745,0.11260365,0.07338182,0.8117658
21,7,none,pz,511,95,0,3,False,0.12614138,0.0007069919,0.0023104642,0.87084115
21,7,none,pz,512,95,0,3,False,0.20348564,0.0072655766,0.03685593,0.7523929
21,7,none,pz,513,95,1,3,False,0.00024011609,0.06793939,0.01582611,0.9159944
21,7,none,pz,514,95,0,3,False,0.3256018,0.0005672414,0.008819001,0.665012
21,7,none,pz,515,95,1,1,True,0.0016144167,0.56534225,0.32738715,0.105656125
21,7,none,pz,516,95,0,3,False,0.09878899,0.019570038,0.0017040258,0.87993693
21,7,none,pz,517,95,1,3,False,0.0013505497,0.27638328,0.023067186,0.69919896
21,7,none,pz,518,95,0,3,False,0.18962428,0.0061084493,0.030208237,0.77405906
21,7,none,pz,519,95,3,3,True,7.1856615e-05,0.020559257,0.0017805591,0.9775883
21,7,none,pz,520,95,2,3,False,0.004542879,0.00025193248,0.048364762,0.94684035
21,7,none,pz,521,95,3,3,True,6.3941816e-06,0.009090891,0.0018411872,0.9890616
21,7,none,pz,522,95,2,3,False,0.05681536,0.0006228142,0.21649572,0.7260661
21,7,none,pz,523,95,2,2,True,0.004170273,0.004242551,0.60962284,0.3819644
21,7,none,pz,524,95,3,3,True,0.002667235,0.059984807,0.031948775,0.90539914
21,7,none,pz,525,95,2,2,True,0.008014724,0.05843793,0.73055667,0.20299065
21,7,none,pz,526,95,3,3,True,0.0003945936,0.00521614,0.0061424524,0.98824686
21,7,none,pz,527,95,2,2,True,0.07679899,0.04736724,0.50314313,0.37269062
21,7,none,pz,528,95,3,3,True,3.2667165e-05,0.0027649326,0.00062445336,0.9965779
21,7,none,pz,529,95,2,0,False,0.56700593,0.027839532,0.09461513,0.31053942
21,7,none,pz,530,95,3,3,True,0.0066726604,0.0027391107,0.016654199,0.97393405
21,7,none,pz,531,95,2,3,False,0.00032682944,0.0027202899,0.003856886,0.99309593
21,7,none,pz,532,95,3,3,True,0.002622938,0.056439765,0.020162473,0.9207749
21,7,none,pz,533,95,3,3,True,0.00012148511,0.116848856,0.16597685,0.7170528
21,7,none,pz,534,95,0,3,False,0.0014965809,0.017152643,0.025301687,0.9560491
21,7,none,pz,535,95,1,3,False,0.015656233,0.004887112,0.01575052,0.96370614
21,7,none,pz,536,95,1,3,False,0.0028569982,0.0021917992,0.0009750804,0.9939761
21,7,none,pz,537,95,0,3,False,0.030055124,0.011150966,0.06474278,0.89405113
21,7,none,pz,538,95,0,3,False,0.0032154473,0.00070285087,0.0056494484,0.9904323
21,7,none,pz,539,95,1,3,False,0.012405243,0.26329798,0.08597777,0.63831896
21,7,none,pz,540,95,1,3,False,0.0005822336,0.0048679467,0.0002805464,0.99426925
21,7,none,pz,541,95,0,2,False,0.021606158,0.0028810063,0.73990476,0.23560815
21,7,none,pz,542,95,0,3,False,0.037451416,0.15365706,0.2965948,0.51229674
21,7,none,pz,543,95,1,3,False,0.0020639864,0.17253067,0.024995556,0.80040973
21,7,none,pz,544,95,0,3,False,0.004873764,0.0118133705,0.028185766,0.95512706
21,7,none,pz,545,95,1,3,False,0.008855388,0.0014844545,0.2770738,0.71258634
21,7,none,pz,546,95,1,3,False,0.01572772,0.06846116,0.098003164,0.817808
21,7,none,pz,547,95,0,2,False,0.00018136724,0.0087094195,0.9649998,0.026109507
21,7,none,pz,548,95,0,2,False,0.24435915,0.012178174,0.67190844,0.07155423
21,7,none,pz,549,95,2,2,True,0.0020095075,0.013778144,0.7305838,0.25362858
21,7,none,pz,550,95,3,3,True,0.07672984,0.14264536,0.122699045,0.6579257
21,7,none,pz,551,95,3,3,True,0.0022868519,0.013730326,0.00199412,0.98198867
21,7,none,pz,552,95,2,3,False,0.112081744,0.021086823,0.21225068,0.6545807
21,7,none,pz,553,95,2,3,False,0.0026455715,0.0119969575,0.021441035,0.9639164
21,7,none,pz,554,95,3,3,True,0.0013422223,0.0009690534,0.0005299586,0.99715877
21,7,none,pz,555,95,2,3,False,0.008986212,0.40134177,0.10947062,0.48020142
21,7,none,pz,556,95,3,3,True,0.0002919662,0.05509557,0.013647431,0.93096507
21,7,none,pz,557,95,2,3,False,0.009334839,0.15390965,0.12160476,0.7151507
21,7,none,pz,558,95,3,3,True,0.00054585614,0.20575212,0.004975192,0.7887268
21,7,none,pz,559,95,2,3,False,0.002912346,0.004493708,0.03727659,0.9553173
21,7,none,pz,560,95,3,3,True,0.018059257,0.0350026,0.023799818,0.9231383
21,7,none,pz,561,95,3,2,False,0.0017058968,0.021720449,0.7011397,0.27543393
21,7,none,pz,562,95,2,2,True,0.0006720542,0.09282507,0.68647534,0.22002758
21,7,none,pz,563,95,3,3,True,0.00017070156,0.0046439855,0.007820544,0.9873648
21,7,none,pz,564,96,1,1,True,0.11133526,0.8254056,0.027875284,0.03538381
21,7,none,pz,565,96,0,0,True,0.6592393,0.008470411,0.32936445,0.0029259045
21,7,none,pz,566,96,0,0,True,0.9744747,0.0074226586,0.0075380104,0.0105645815
21,7,none,pz,567,96,1,1,True,0.025712969,0.6836619,0.19641869,0.09420645
21,7,none,pz,568,96,1,1,True,0.00036500918,0.9787274,0.009237103,0.011670519
21,7,none,pz,569,96,0,0,True,0.58559155,0.001293771,0.2067968,0.20631793
21,7,none,pz,570,96,1,1,True,0.0015997707,0.9820011,0.015376265,0.0010227334
21,7,none,pz,571,96,0,0,True,0.99298346,2.9673021e-05,0.005728878,0.0012579575
21,7,none,pz,572,96,0,0,True,0.8677338,0.009381733,0.10552486,0.017359573
21,7,none,pz,573,96,1,1,True,0.0010602841,0.9881677,0.00966394,0.0011080661
21,7,none,pz,574,96,1,1,True,0.0019782616,0.9839765,0.01222976,0.001815599
21,7,none,pz,575,96,0,0,True,0.65862155,0.0007474495,0.3380593,0.0025717374
21,7,none,pz,576,96,0,0,True,0.90898067,0.011358466,0.026501233,0.05315958
21,7,none,pz,577,96,1,1,True,0.032426286,0.3888873,0.3069469,0.2717395
21,7,none,pz,578,96,1,1,True,0.00059970526,0.64255625,0.021813778,0.33503023
21,7,none,pz,579,96,3,3,True,0.0011136655,0.010500567,0.0929357,0.89545
21,7,none,pz,580,96,2,2,True,0.0059231105,9.79527e-05,0.9909526,0.0030263618
21,7,none,pz,581,96,3,2,False,0.005157433,0.01348033,0.9013512,0.080011085
21,7,none,pz,582,96,2,2,True,0.019756159,0.0018577757,0.935306,0.043080054
21,7,none,pz,583,96,2,2,True,0.043255135,0.0027174198,0.61758804,0.3364395
21,7,none,pz,584,96,3,2,False,0.04530044,0.0038762614,0.5937384,0.35708493
21,7,none,pz,585,96,3,3,True,0.06213868,0.02514598,0.19880033,0.71391505
21,7,none,pz,586,96,2,2,True,0.012758174,0.0013098194,0.8510005,0.13493149
21,7,none,pz,587,96,3,3,True,0.0033227159,0.00051422627,0.058990397,0.93717265
21,7,none,pz,588,96,2,2,True,0.035553697,0.083661355,0.4728153,0.40796962
21,7,none,pz,589,96,2,2,True,0.07242923,0.025373973,0.8933073,0.0088893585
21,7,none,pz,590,96,3,3,True,0.21664117,0.12864427,0.101594955,0.55311954
21,7,none,pz,591,96,3,3,True,0.00854563,0.013833164,0.18523966,0.7923815
21,7,none,pz,592,96,2,2,True,0.03458613,0.0038611111,0.70789236,0.25366044
21,7,none,pz,593,96,3,3,True,0.011238306,0.11341182,0.12507808,0.75027186
21,7,none,pz,594,96,0,0,True,0.96785474,0.0001532377,0.029249469,0.0027425722
21,7,none,pz,595,96,1,2,False,0.03342707,0.014549697,0.9335912,0.018432125
21,7,none,pz,596,96,1,3,False,0.069017515,0.11241859,0.30973434,0.5088296
21,7,none,pz,597,96,0,0,True,0.973969,4.4393684e-05,0.008024213,0.017962389
21,7,none,pz,598,96,1,0,False,0.57719696,0.3279547,0.078384444,0.016463883
21,7,none,pz,599,96,0,2,False,0.3298119,0.0026459,0.45395583,0.21358627
21,7,none,pz,600,96,0,2,False,0.47257754,0.00036059532,0.5124304,0.014631366
21,7,none,pz,601,96,1,1,True,0.022775833,0.922878,0.032669283,0.021676768
21,7,none,pz,602,96,0,0,True,0.9779349,0.004428318,0.011493217,0.0061435713
21,7,none,pz,603,96,1,1,True,0.027421294,0.6065313,0.34423617,0.021811275
21,7,none,pz,604,96,1,1,True,0.0021347012,0.495549,0.09205448,0.41026178
21,7,none,pz,605,96,0,0,True,0.9174698,5.899512e-05,0.050793935,0.03167733
21,7,none,pz,606,96,1,3,False,0.0114508,0.024820235,0.19901465,0.7647143
21,7,none,pz,607,96,0,2,False,0.09765076,0.00021847922,0.7867706,0.1153602
21,7,none,pz,608,96,0,0,True,0.6240327,0.0003955204,0.17123476,0.204337
21,7,none,pz,609,96,3,3,True,0.07491612,0.001562714,0.025584564,0.8979366
21,7,none,pz,610,96,2,2,True,0.00070583716,0.0018011727,0.987976,0.009516993
21,7,none,pz,611,96,3,2,False,0.12107166,0.036962904,0.81428707,0.0276783
21,7,none,pz,612,96,2,0,False,0.8231295,0.0030942364,0.032273546,0.14150272
21,7,none,pz,613,96,3,3,True,0.036031347,0.021899106,0.017961994,0.9241075
21,7,none,pz,614,96,2,2,True,0.006137765,0.0007310677,0.97629863,0.016832449
21,7,none,pz,615,96,2,2,True,0.009289873,0.0027320618,0.85237217,0.13560581
21,7,none,pz,616,96,3,2,False,0.01633395,0.0011649004,0.68614,0.29636118
21,7,none,pz,617,96,2,2,True,0.11133564,0.0033206206,0.7003396,0.1850041
21,7,none,pz,618,96,3,0,False,0.7852702,0.008883392,0.032526776,0.17331961
21,7,none,pz,619,96,2,3,False,0.023581909,0.0036881873,0.47021738,0.5025125
21,7,none,pz,620,96,3,3,True,0.011690641,0.0015026571,0.030098906,0.9567078
21,7,none,pz,621,96,2,0,False,0.57988524,0.0013116958,0.3441018,0.07470136
21,7,none,pz,622,96,3,3,True,0.041758843,0.0020427497,0.013269602,0.94292885
21,7,none,pz,623,96,3,3,True,0.031589832,0.0039582998,0.19730787,0.767144
21,7,none,pz,624,96,1,1,True,0.004413802,0.86012095,0.037873555,0.0975917
21,7,none,pz,625,96,0,0,True,0.7229764,0.0005098298,0.24645151,0.030062377
21,7,none,pz,626,96,1,2,False,0.118384786,0.02380921,0.838169,0.019636942
21,7,none,pz,627,96,0,0,True,0.5683325,0.058086053,0.36624902,0.0073324027
21,7,none,pz,628,96,1,2,False,0.013046112,0.13260739,0.790093,0.06425347
21,7,none,pz,629,96,0,0,True,0.96886694,0.0036128548,0.017742176,0.0097779
21,7,none,pz,630,96,0,0,True,0.9665688,4.762736e-05,0.03322475,0.00015893072
21,7,none,pz,631,96,1,0,False,0.78637457,0.022336626,0.07750225,0.11378651
21,7,none,pz,632,96,1,1,True,0.0064801956,0.95750266,0.030418606,0.00559856
21,7,none,pz,633,96,0,0,True,0.9210988,0.002158188,0.053144336,0.023598652
21,7,none,pz,634,96,0,0,True,0.9954863,1.11835725e-05,0.004249014,0.0002534281
21,7,none,pz,635,96,1,1,True,0.004988894,0.75827026,0.21703784,0.019702978
21,7,none,pz,636,96,1,2,False,0.018919548,0.08134072,0.88974875,0.009990975
21,7,none,pz,637,96,0,0,True,0.98010284,0.007539675,0.0072383024,0.005119203
21,7,none,pz,638,96,0,0,True,0.52407455,0.014376142,0.077563554,0.3839858
21,7,none,pz,639,96,2,2,True,0.0029601478,0.036239605,0.9591593,0.0016408552
21,7,none,pz,640,96,3,2,False,0.02270399,0.026519552,0.8328867,0.1178898
21,7,none,pz,641,96,2,2,True,0.14483859,0.006422467,0.7165102,0.13222882
21,7,none,pz,642,96,3,2,False,0.0036124445,0.011006423,0.5826358,0.4027453
21,7,none,pz,643,96,3,3,True,0.051183056,0.0069284877,0.012416142,0.92947227
21,7,none,pz,644,96,2,2,True,0.0053118546,0.04681205,0.9129769,0.034899242
21,7,none,pz,645,96,3,0,False,0.570709,0.02304136,0.07810427,0.32814547
21,7,none,pz,646,96,2,2,True,0.05909382,0.124378756,0.7635015,0.053025898
21,7,none,pz,647,96,2,2,True,0.013525929,0.03541693,0.94234955,0.008707516
21,7,none,pz,648,96,3,2,False,0.23289819,0.13573697,0.47088414,0.16048074
21,7,none,pz,649,96,2,2,True,0.06307074,0.008093501,0.5298502,0.3989856
21,7,none,pz,650,96,3,3,True,0.034036532,0.0028252373,0.11549545,0.8476428
21,7,none,pz,651,96,2,2,True,0.070222914,0.04230422,0.71874183,0.16873105
21,7,none,pz,652,96,3,0,False,0.80520076,0.009318781,0.109510496,0.07597
21,7,none,pz,653,96,3,1,False,0.052687887,0.46899256,0.1597741,0.31854546
21,7,none,pz,654,97,0,2,False,0.3319507,0.123657644,0.37237358,0.17201805
21,7,none,pz,655,97,1,1,True,0.0331623,0.6739119,0.041367132,0.25155866
21,7,none,pz,656,97,1,0,False,0.46078923,0.38787583,0.062552914,0.088782
21,7,none,pz,657,97,0,0,True,0.72273314,0.06569699,0.12789087,0.08367899
21,7,none,pz,658,97,0,0,True,0.98723865,0.0018506768,0.007854538,0.0030561953
21,7,none,pz,659,97,1,1,True,0.011108701,0.8957189,0.035449337,0.057723098
21,7,none,pz,660,97,0,0,True,0.5515191,0.014707634,0.40747327,0.02629997
21,7,none,pz,661,97,1,1,True,0.00040982277,0.9531215,0.024352854,0.022115862
21,7,none,pz,662,97,0,3,False,0.15026073,0.15197884,0.2693175,0.42844296
21,7,none,pz,663,97,1,1,True,0.28474253,0.56419456,0.03034709,0.12071586
21,7,none,pz,664,97,1,1,True,0.005606525,0.9911327,0.00021555457,0.0030452353
21,7,none,pz,665,97,0,0,True,0.8797842,0.0019952294,0.002538509,0.11568207
21,7,none,pz,666,97,1,2,False,0.11138107,0.04638674,0.5720317,0.2702005
21,7,none,pz,667,97,0,3,False,0.12637284,0.057521474,0.13861221,0.6774935
21,7,none,pz,668,97,0,0,True,0.8977412,0.0735008,0.005280035,0.023477938
21,7,none,pz,669,97,3,3,True,0.3627592,0.020471621,0.059184138,0.557585
21,7,none,pz,670,97,2,0,False,0.6478544,0.05565255,0.055780604,0.24071236
21,7,none,pz,671,97,3,3,True,0.0011576131,0.0056771664,0.0076450715,0.9855202
21,7,none,pz,672,97,2,1,False,0.008762094,0.4758629,0.06782957,0.4475454
21,7,none,pz,673,97,3,3,True,0.16134435,0.32246202,0.0035676481,0.512626
21,7,none,pz,674,97,2,3,False,0.053962767,0.04528609,0.23173383,0.6690173
21,7,none,pz,675,97,3,2,False,0.026836036,0.13374846,0.6819355,0.15747997
21,7,none,pz,676,97,2,1,False,0.03133552,0.6313586,0.029260773,0.30804518
21,7,none,pz,677,97,3,2,False,0.0122181885,0.19230676,0.5456907,0.24978432
21,7,none,pz,678,97,2,2,True,0.31447706,0.06619821,0.504557,0.114767775
21,7,none,pz,679,97,3,3,True,0.0455991,0.003950637,0.019942097,0.93050814
21,7,none,pz,680,97,2,3,False,0.0023858715,0.0004238033,0.000335218,0.996855
21,7,none,pz,681,97,3,3,True,0.02966942,0.0020776044,0.02194807,0.9463049
21,7,none,pz,682,97,2,1,False,0.0051243757,0.47561547,0.07752247,0.44173762
21,7,none,pz,683,97,2,1,False,0.049883947,0.50754076,0.14491342,0.29766193
21,7,none,pz,684,97,0,3,False,0.1452026,0.15102017,0.35078773,0.35298952
21,7,none,pz,685,97,1,0,False,0.72043085,0.14452751,0.11815926,0.01688233
21,7,none,pz,686,97,1,1,True,0.01652806,0.91923714,0.03159962,0.032635193
21,7,none,pz,687,97,0,3,False,0.35792342,0.0041427407,0.13416503,0.5037688
21,7,none,pz,688,97,1,3,False,0.21023197,0.15328202,0.20371981,0.43276626
21,7,none,pz,689,97,0,3,False,0.29865468,0.026042996,0.28795093,0.38735142
21,7,none,pz,690,97,1,3,False,0.042321812,0.009218622,0.21776511,0.7306945
21,7,none,pz,691,97,0,3,False,0.10520686,0.015986962,0.0756329,0.80317324
21,7,none,pz,692,97,1,3,False,0.116319925,0.26488352,0.04007929,0.5787173
21,7,none,pz,693,97,0,3,False,0.30485472,0.0037298398,0.10190717,0.5895083
21,7,none,pz,694,97,0,0,True,0.91789395,0.0032181826,0.06305537,0.015832568
21,7,none,pz,695,97,1,3,False,0.0042038676,0.30624935,0.22421065,0.46533617
21,7,none,pz,696,97,0,3,False,0.035652123,0.0014937012,0.0026957048,0.96015847
21,7,none,pz,697,97,1,3,False,0.09974131,0.19845551,0.015328084,0.6864751
21,7,none,pz,698,97,1,3,False,0.0010520602,0.05636261,0.001784369,0.940801
21,7,none,pz,699,97,3,3,True,0.0045037577,0.029934743,0.1435475,0.82201403
21,7,none,pz,700,97,2,2,True,0.29151693,0.019324454,0.54406667,0.14509198
21,7,none,pz,701,97,2,2,True,0.07599064,0.069926515,0.5895961,0.26448682
21,7,none,pz,702,97,3,3,True,0.0068706884,0.04100074,0.18207751,0.77005106
21,7,none,pz,703,97,3,2,False,0.20231675,0.15383518,0.34446803,0.29938003
21,7,none,pz,704,97,2,1,False,0.20122617,0.6584385,0.03000165,0.11033367
21,7,none,pz,705,97,2,3,False,0.008179525,0.11067771,0.29087287,0.5902699
21,7,none,pz,706,97,3,3,True,0.070378125,0.050990753,0.3441607,0.5344704
21,7,none,pz,707,97,2,2,True,0.009910415,0.024613602,0.58936065,0.37611532
21,7,none,pz,708,97,3,3,True,0.0065903896,0.1006258,0.038970627,0.85381323
21,7,none,pz,709,97,3,3,True,0.21723555,0.0058039376,0.037982818,0.7389777
21,7,none,pz,710,97,2,3,False,0.0345821,0.019659586,0.42090684,0.52485144
21,7,none,pz,711,97,3,3,True,0.16703615,0.014550119,0.24392304,0.57449067
21,7,none,pz,712,97,2,3,False,0.27140844,0.0012973559,0.11616411,0.6111301
21,7,none,pz,713,97,3,3,True,0.16026832,0.17844327,0.0798517,0.5814367
21,7,none,pz,714,97,1,3,False,0.021147585,0.059335917,0.24881619,0.67070025
21,7,none,pz,715,97,0,2,False,0.08474331,0.14615686,0.6634769,0.10562296
21,7,none,pz,716,97,1,1,True,0.10485058,0.4323358,0.22426079,0.2385528
21,7,none,pz,717,97,0,0,True,0.9543039,0.016942596,0.027239796,0.0015137009
21,7,none,pz,718,97,1,2,False,0.124445476,0.06932752,0.7010441,0.10518296
21,7,none,pz,719,97,0,0,True,0.6388803,0.009672026,0.051672492,0.2997752
21,7,none,pz,720,97,0,0,True,0.867694,0.0022728443,0.023233874,0.10679931
21,7,none,pz,721,97,1,3,False,0.037980713,0.29731748,0.17924859,0.4854533
21,7,none,pz,722,97,1,3,False,0.012022379,0.2274193,0.07748528,0.6830731
21,7,none,pz,723,97,0,0,True,0.86602545,0.025196504,0.015321744,0.093456335
21,7,none,pz,724,97,1,1,True,0.0536923,0.5639523,0.09011846,0.29223686
21,7,none,pz,725,97,0,0,True,0.4687404,0.060794707,0.10443672,0.36602822
21,7,none,pz,726,97,0,0,True,0.92808604,0.007188935,0.025227627,0.039497387
21,7,none,pz,727,97,1,2,False,0.06839069,0.01657343,0.621573,0.29346293
21,7,none,pz,728,97,0,0,True,0.7800973,0.0047549247,0.097974405,0.11717336
21,7,none,pz,729,97,3,3,True,0.084752314,0.0143217435,0.14413163,0.75679433
21,7,none,pz,730,97,2,1,False,0.002265091,0.5754923,0.04224812,0.37999442
21,7,none,pz,731,97,2,2,True,0.028055632,0.024154382,0.84277195,0.10501811
21,7,none,pz,732,97,3,2,False,0.30236045,0.04753568,0.37241125,0.27769265
21,7,none,pz,733,97,2,3,False,0.0670055,0.05402252,0.34818387,0.5307881
21,7,none,pz,734,97,3,0,False,0.37878168,0.19038671,0.17130974,0.25952184
21,7,none,pz,735,97,2,0,False,0.33387196,0.09046262,0.28771353,0.28795192
21,7,none,pz,736,97,3,3,True,0.01610729,0.06302741,0.08317507,0.83769023
21,7,none,pz,737,97,3,3,True,0.027534984,0.011909061,0.051964756,0.90859115
21,7,none,pz,738,97,2,2,True,0.05283291,0.096473,0.69226724,0.1584268
21,7,none,pz,739,97,3,3,True,0.007856628,0.023256533,0.06552027,0.90336657
21,7,none,pz,740,97,2,3,False,0.09928575,0.26703915,0.13082016,0.5028549
21,7,none,pz,741,97,2,3,False,0.07028238,0.06981741,0.37014252,0.48975763
21,7,none,pz,742,97,3,3,True,0.13559547,0.031892825,0.22738895,0.6051228
21,7,none,pz,743,97,2,0,False,0.59788793,0.081638716,0.16820145,0.15227187
21,7,none,pz,744,98,0,0,True,0.91539997,0.013899349,0.06590246,0.0047981846
21,7,none,pz,745,98,1,2,False,0.08644668,0.2780738,0.56133026,0.07414924
21,7,none,pz,746,98,1,1,True,0.14981252,0.66392887,0.09864006,0.08761858
21,7,none,pz,747,98,0,0,True,0.769507,0.05007903,0.13588631,0.044527736
21,7,none,pz,748,98,0,0,True,0.75656545,0.018281378,0.07263055,0.15252264
21,7,none,pz,749,98,1,1,True,0.048716832,0.6819302,0.21178482,0.057568107
21,7,none,pz,750,98,1,1,True,0.032938074,0.8718258,0.03342404,0.061812084
21,7,none,pz,751,98,0,1,False,0.17129943,0.41652507,0.1725469,0.23962854
21,7,none,pz,752,98,1,1,True,0.17501992,0.50196296,0.2717177,0.051299408
21,7,none,pz,753,98,0,0,True,0.6339831,0.08256547,0.2589333,0.02451811
21,7,none,pz,754,98,1,1,True,0.24202454,0.6988643,0.02148579,0.03762537
21,7,none,pz,755,98,0,0,True,0.8563267,0.043134503,0.071627624,0.0289112
21,7,none,pz,756,98,0,2,False,0.28187913,0.32547113,0.36706316,0.025586542
21,7,none,pz,757,98,1,3,False,0.050093345,0.14113018,0.19601385,0.61276263
21,7,none,pz,758,98,0,2,False,0.26905718,0.11386441,0.44108364,0.17599477
21,7,none,pz,759,98,3,3,True,0.0055440585,0.0010503776,0.0018546702,0.9915509
21,7,none,pz,760,98,2,2,True,0.26544073,0.04915753,0.3881475,0.29725432
21,7,none,pz,761,98,3,3,True,0.0064359074,0.005839283,0.018335134,0.9693897
21,7,none,pz,762,98,2,0,False,0.39878312,0.19466135,0.36417004,0.042385455
21,7,none,pz,763,98,2,0,False,0.6011388,0.054820172,0.27314398,0.07089704
21,7,none,pz,764,98,3,3,True,0.018612713,0.18372549,0.17351545,0.62414634
21,7,none,pz,765,98,2,2,True,0.10213516,0.028225156,0.8103102,0.059329424
21,7,none,pz,766,98,3,3,True,0.09608585,0.13894196,0.23313248,0.5318397
21,7,none,pz,767,98,2,2,True,0.27595112,0.006489693,0.45593858,0.26162055
21,7,none,pz,768,98,3,3,True,0.019011667,0.020038866,0.0109071415,0.95004237
21,7,none,pz,769,98,3,3,True,0.22585492,0.02135956,0.108541295,0.6442442
21,7,none,pz,770,98,2,2,True,0.09105028,0.025227977,0.71893626,0.1647855
21,7,none,pz,771,98,2,3,False,0.20497787,0.017891165,0.29025197,0.48687896
21,7,none,pz,772,98,3,0,False,0.6507104,0.036974378,0.052864756,0.25945044
21,7,none,pz,773,98,3,3,True,0.12813419,0.047368612,0.36881196,0.45568517
21,7,none,pz,774,98,1,1,True,0.026336623,0.8874556,0.066156805,0.020051073
21,7,none,pz,775,98,0,0,True,0.49202546,0.060391515,0.37497228,0.07261073
21,7,none,pz,776,98,0,0,True,0.8296872,0.009366685,0.10208121,0.058864985
21,7,none,pz,777,98,1,3,False,0.13181263,0.3148134,0.16055916,0.39281482
21,7,none,pz,778,98,0,0,True,0.95602065,0.012635947,0.012922,0.018421419
21,7,none,pz,779,98,1,2,False,0.073190145,0.11859676,0.4145922,0.39362094
21,7,none,pz,780,98,1,3,False,0.017348152,0.14925231,0.1258565,0.7075431
21,7,none,pz,781,98,0,0,True,0.84863806,0.003637435,0.05680887,0.09091564
21,7,none,pz,782,98,0,0,True,0.74111336,0.09870407,0.07266166,0.08752092
21,7,none,pz,783,98,1,1,True,0.13267785,0.48993984,0.18024899,0.19713326
21,7,none,pz,784,98,0,0,True,0.51471734,0.0141512705,0.14024663,0.33088475
21,7,none,pz,785,98,1,1,True,0.05715099,0.61285955,0.26764905,0.062340405
21,7,none,pz,786,98,1,3,False,0.0239338,0.30338642,0.057918042,0.6147617
21,7,none,pz,787,98,0,0,True,0.9498057,0.005119221,0.026116306,0.018958703
21,7,none,pz,788,98,0,2,False,0.07477129,0.028823595,0.8095447,0.08686043
21,7,none,pz,789,98,3,3,True,0.04615329,0.019010924,0.047227222,0.8876085
21,7,none,pz,790,98,2,0,False,0.44352138,0.019750925,0.33290094,0.20382679
21,7,none,pz,791,98,3,3,True,0.14846788,0.024390992,0.14977701,0.6773641
21,7,none,pz,792,98,2,2,True,0.049726132,0.08424747,0.8430144,0.023011975
21,7,none,pz,793,98,2,0,False,0.58683985,0.056562707,0.22063066,0.13596678
21,7,none,pz,794,98,3,3,True,0.056248616,0.03357958,0.029695386,0.8804764
21,7,none,pz,795,98,2,2,True,0.2955189,0.077815175,0.48285043,0.14381543
21,7,none,pz,796,98,3,3,True,0.019266378,0.0043749837,0.006496312,0.96986234
21,7,none,pz,797,98,3,3,True,0.040861826,0.0019188637,0.2553435,0.7018758
21,7,none,pz,798,98,2,3,False,0.03318063,0.025101418,0.33353874,0.6081792
21,7,none,pz,799,98,2,2,True,0.13213557,0.09932768,0.70673245,0.06180438
21,7,none,pz,800,98,3,0,False,0.41075268,0.3188386,0.24256723,0.027841464
21,7,none,pz,801,98,2,3,False,0.057275094,0.02948491,0.09413143,0.81910855
21,7,none,pz,802,98,3,3,True,0.019352496,0.007190571,0.045750424,0.92770654
21,7,none,pz,803,98,3,3,True,0.08927763,0.005904059,0.42438757,0.48043078
21,7,none,pz,804,98,0,2,False,0.36693388,0.059206676,0.46014574,0.113713704
21,7,none,pz,805,98,1,3,False,0.27155587,0.036641594,0.026464814,0.66533774
21,7,none,pz,806,98,1,3,False,0.26927432,0.067243345,0.09798478,0.5654975
21,7,none,pz,807,98,0,0,True,0.33890414,0.32390052,0.27979255,0.057402868
21,7,none,pz,808,98,0,1,False,0.16069096,0.76571536,0.03964393,0.03394977
21,7,none,pz,809,98,1,3,False,0.100640416,0.035529517,0.01481087,0.84901917
21,7,none,pz,810,98,1,0,False,0.38562524,0.103149414,0.13665125,0.37457404
21,7,none,pz,811,98,0,0,True,0.6674707,0.021224212,0.15820199,0.1531031
21,7,none,pz,812,98,0,0,True,0.46253413,0.3640094,0.09929175,0.074164696
21,7,none,pz,813,98,1,0,False,0.980806,0.008059923,0.0022186993,0.00891541
21,7,none,pz,814,98,0,3,False,0.27565137,0.14284676,0.23506092,0.34644094
21,7,none,pz,815,98,1,0,False,0.6484676,0.08585067,0.039960448,0.22572137
21,7,none,pz,816,98,1,0,False,0.4824887,0.040434208,0.08265722,0.39441982
21,7,none,pz,817,98,0,2,False,0.14377093,0.091153614,0.6747165,0.090359
21,7,none,pz,818,98,1,0,False,0.30703923,0.28631294,0.26430926,0.14233859
21,7,none,pz,819,98,2,0,False,0.50822854,0.06702348,0.15562825,0.2691197
21,7,none,pz,820,98,3,1,False,0.006038371,0.97264457,0.0157618,0.0055553573
21,7,none,pz,821,98,3,3,True,0.09562575,0.17922592,0.13249777,0.5926506
21,7,none,pz,822,98,2,0,False,0.54168916,0.0061657988,0.10453531,0.34760967
21,7,none,pz,823,98,2,3,False,0.26086268,0.02772946,0.32863057,0.38277733
21,7,none,pz,824,98,3,3,True,0.017985346,0.16158055,0.3420455,0.47838864
21,7,none,pz,825,98,3,3,True,0.06359078,0.0069453665,0.17091008,0.7585538
21,7,none,pz,826,98,2,3,False,0.2976951,0.061138067,0.2931033,0.34806356
21,7,none,pz,827,98,3,3,True,0.086079106,0.15809079,0.042362537,0.7134676
21,7,none,pz,828,98,2,0,False,0.44076318,0.07243121,0.41619542,0.07061015
21,7,none,pz,829,98,3,3,True,0.106714904,0.053139694,0.09629411,0.74385136
21,7,none,pz,830,98,2,3,False,0.2611266,0.037068896,0.13811442,0.56369007
21,7,none,pz,831,98,3,3,True,0.039464153,0.030757362,0.05021501,0.87956345
21,7,none,pz,832,98,2,0,False,0.696066,0.0127232,0.12555003,0.16566074
21,7,none,pz,833,98,3,1,False,0.42942417,0.46926686,0.010854465,0.090454504
21,7,none,pz,834,99,1,3,False,0.05830306,0.11092877,0.15021102,0.68055713
21,7,none,pz,835,99,0,2,False,0.040991493,0.0065379753,0.93494093,0.017529521
21,7,none,pz,836,99,0,0,True,0.58369935,0.021873739,0.043363098,0.35106382
21,7,none,pz,837,99,1,3,False,0.056039803,0.02549884,0.002600508,0.9158609
21,7,none,pz,838,99,0,1,False,0.14875121,0.3031454,0.26627195,0.2818314
21,7,none,pz,839,99,1,3,False,0.2543107,0.010494095,0.015624963,0.7195702
21,7,none,pz,840,99,1,3,False,0.06463819,0.046649892,0.113846995,0.7748649
21,7,none,pz,841,99,0,3,False,0.036464978,0.038549863,0.38065162,0.5443336
21,7,none,pz,842,99,0,3,False,0.115594156,0.01471634,0.020731814,0.8489577
21,7,none,pz,843,99,1,3,False,0.022726156,0.0027457038,0.472446,0.50208217
21,7,none,pz,844,99,1,1,True,0.0017553442,0.98777163,0.00846953,0.0020034923
21,7,none,pz,845,99,0,3,False,0.05828579,0.025567636,0.29870233,0.6174443
21,7,none,pz,846,99,1,2,False,0.071509965,0.33170146,0.3446914,0.25209722
21,7,none,pz,847,99,0,3,False,0.23039395,0.0017671674,0.20396489,0.563874
21,7,none,pz,848,99,1,3,False,0.048167642,0.3502266,0.18133134,0.42027444
21,7,none,pz,849,99,3,3,True,0.07922171,0.20266517,0.22173834,0.49637485
21,7,none,pz,850,99,2,3,False,0.04002034,0.0093186945,0.06574888,0.8849121
21,7,none,pz,851,99,3,2,False,0.17219831,0.022126233,0.5715954,0.23408008
21,7,none,pz,852,99,2,2,True,0.060950045,0.003964253,0.91842544,0.016660213
21,7,none,pz,853,99,3,2,False,0.24941155,0.028841985,0.37187532,0.34987116
21,7,none,pz,854,99,2,2,True,0.21122524,0.008220558,0.7599279,0.020626228
21,7,none,pz,855,99,3,2,False,0.097880766,0.07419954,0.7214879,0.1064319
21,7,none,pz,856,99,2,3,False,0.07898371,0.0047932575,0.24547005,0.67075294
21,7,none,pz,857,99,2,3,False,0.1925457,0.14939429,0.1896496,0.4684104
21,7,none,pz,858,99,3,0,False,0.69319355,0.009775403,0.07519098,0.22184002
21,7,none,pz,859,99,3,3,True,0.081092045,0.012068826,0.3192153,0.58762383
21,7,none,pz,860,99,2,3,False,0.12477992,0.052606914,0.1230113,0.6996019
21,7,none,pz,861,99,2,0,False,0.56074005,0.010890614,0.30094227,0.12742709
21,7,none,pz,862,99,3,3,True,0.014545983,0.02093061,0.31879866,0.6457247
21,7,none,pz,863,99,3,3,True,0.087852255,0.02866215,0.09184724,0.7916384
21,7,none,pz,864,99,0,0,True,0.93310994,0.0002741349,0.011936399,0.054679472
21,7,none,pz,865,99,1,3,False,0.25984064,0.021323718,0.18994291,0.52889276
21,7,none,pz,866,99,0,3,False,0.20951967,0.032950528,0.0071721375,0.7503576
21,7,none,pz,867,99,1,0,False,0.4724761,0.20545179,0.07320524,0.24886695
21,7,none,pz,868,99,1,1,True,0.0063264295,0.60944915,0.024480278,0.35974404
21,7,none,pz,869,99,0,0,True,0.74804634,0.0030114127,0.10576067,0.1431816
21,7,none,pz,870,99,1,0,False,0.6938871,0.105074994,0.11641909,0.08461877
21,7,none,pz,871,99,0,0,True,0.60487133,0.0005441895,0.12725885,0.2673256
21,7,none,pz,872,99,1,2,False,0.28364244,0.10808532,0.33065483,0.27761742
21,7,none,pz,873,99,0,3,False,0.15351409,0.00030940687,0.008688243,0.83748823
21,7,none,pz,874,99,1,3,False,0.11072394,0.016810765,0.19665368,0.67581165
21,7,none,pz,875,99,0,2,False,0.307253,0.013673409,0.39857405,0.28049958
21,7,none,pz,876,99,1,2,False,0.2747465,0.021663962,0.58492476,0.118664786
21,7,none,pz,877,99,0,0,True,0.5110605,0.028835164,0.06559459,0.3945097
21,7,none,pz,878,99,0,0,True,0.99112076,0.00017729618,0.0025042791,0.006197574
21,7,none,pz,879,99,2,3,False,0.043067828,0.007369102,0.029633317,0.9199298
21,7,none,pz,880,99,3,2,False,0.027742071,0.012635187,0.71691734,0.24270537
21,7,none,pz,881,99,2,3,False,0.13750531,0.1670875,0.071603484,0.62380373
21,7,none,pz,882,99,3,3,True,0.12436308,0.022470867,0.27459645,0.5785696
21,7,none,pz,883,99,3,0,False,0.7554441,0.015708752,0.17923199,0.049615126
21,7,none,pz,884,99,2,0,False,0.7928388,0.0027563064,0.17183676,0.032568075
21,7,none,pz,885,99,3,3,True,0.21754393,0.011210631,0.1413615,0.62988394
21,7,none,pz,886,99,2,2,True,0.32920218,0.0022985886,0.33459103,0.33390826
21,7,none,pz,887,99,2,1,False,0.08149939,0.74644256,0.010377183,0.16168085
21,7,none,pz,888,99,3,0,False,0.71693003,0.01564075,0.011238633,0.25619063
21,7,none,pz,889,99,2,3,False,0.43715888,0.00603092,0.017266577,0.53954357
21,7,none,pz,890,99,3,3,True,0.046613127,0.033232614,0.2304032,0.689751
21,7,none,pz,891,99,2,3,False,0.05426951,0.0022477529,0.3848511,0.5586316
21,7,none,pz,892,99,3,3,True,0.053568315,0.008205052,0.22508962,0.71313703
21,7,none,pz,893,99,3,2,False,0.05010888,0.09644136,0.52820814,0.32524154
21,7,none,pz,894,99,0,0,True,0.65620816,0.002984477,0.2840442,0.056763202
21,7,none,pz,895,99,1,0,False,0.6466418,0.00264837,0.033051036,0.3176588
21,7,none,pz,896,99,0,3,False,0.1042854,0.11647442,0.38959488,0.38964534
21,7,none,pz,897,99,1,2,False,0.23147504,0.14547062,0.45285454,0.17019981
21,7,none,pz,898,99,1,1,True,0.13014914,0.44812936,0.22174779,0.19997369
21,7,none,pz,899,99,0,3,False,0.10754555,0.003917952,0.33394703,0.5545895
21,7,none,pz,900,99,0,2,False,0.037656236,0.0043401024,0.8827984,0.07520525
21,7,none,pz,901,99,1,3,False,0.0072579184,0.3425519,0.16270696,0.48748326
21,7,none,pz,902,99,0,2,False,0.016734267,0.03461031,0.8578307,0.09082469
21,7,none,pz,903,99,1,0,False,0.5902548,0.1020063,0.01420662,0.2935323
21,7,none,pz,904,99,1,3,False,0.06053261,0.021093683,0.2198325,0.6985412
21,7,none,pz,905,99,0,2,False,0.027075108,0.007671958,0.57052594,0.394727
21,7,none,pz,906,99,0,0,True,0.5632054,0.0014379533,0.09783806,0.33751857
21,7,none,pz,907,99,1,2,False,0.0919489,0.059813727,0.6671998,0.18103756
21,7,none,pz,908,99,1,2,False,0.025959292,0.007839427,0.78314394,0.18305737
21,7,none,pz,909,99,2,3,False,0.020636989,0.0054008914,0.38558313,0.588379
21,7,none,pz,910,99,3,3,True,0.086763255,0.20695396,0.039902374,0.6663804
21,7,none,pz,911,99,2,2,True,0.20182723,0.10107044,0.56772614,0.12937619
21,7,none,pz,912,99,3,2,False,0.015165176,0.028189722,0.7482019,0.2084432
21,7,none,pz,913,99,3,3,True,0.21120971,0.01964637,0.366573,0.4025709
21,7,none,pz,914,99,2,3,False,0.025559729,0.010167779,0.26933905,0.6949334
21,7,none,pz,915,99,2,3,False,0.014714468,0.016242364,0.16313805,0.8059051
21,7,none,pz,916,99,3,3,True,0.05542237,0.02758146,0.104489855,0.8125063
21,7,none,pz,917,99,3,0,False,0.7082746,0.00089703983,0.12593979,0.1648886
21,7,none,pz,918,99,2,0,False,0.7075259,0.0018675519,0.10880339,0.1818032
21,7,none,pz,919,99,3,3,True,0.1891538,0.15762389,0.06697842,0.5862439
21,7,none,pz,920,99,2,3,False,0.24579667,0.025735177,0.34867734,0.37979087
21,7,none,pz,921,99,3,2,False,0.023520602,0.031580552,0.6844866,0.26041222
21,7,none,pz,922,99,2,2,True,0.02197735,0.4100264,0.48869216,0.07930401
21,7,none,pz,923,99,3,3,True,0.01250618,0.0046445252,0.025410887,0.9574384
21,7,none,pz,924,100,0,0,True,0.9009014,0.012650751,0.07422975,0.012218056
21,7,none,pz,925,100,1,3,False,0.010526723,0.19576445,0.059659254,0.73404956
21,7,none,pz,926,100,1,1,True,0.008703159,0.89488405,0.016030483,0.08038232
21,7,none,pz,927,100,0,3,False,0.018924193,0.40341812,0.13510808,0.4425496
21,7,none,pz,928,100,0,0,True,0.9731381,0.00046695012,0.0015295971,0.024865419
21,7,none,pz,929,100,1,3,False,0.060942054,0.1558382,0.123246595,0.6599731
21,7,none,pz,930,100,0,0,True,0.9929843,2.553521e-05,0.0005279058,0.006462214
21,7,none,pz,931,100,1,3,False,0.007256125,0.02427359,0.08419896,0.8842713
21,7,none,pz,932,100,1,1,True,0.0005845276,0.9965802,0.0023590657,0.0004762609
21,7,none,pz,933,100,0,3,False,0.12855408,0.011907734,0.34890243,0.51063573
21,7,none,pz,934,100,1,1,True,0.013792825,0.37591407,0.23509859,0.37519458
21,7,none,pz,935,100,0,2,False,0.37382388,0.007716303,0.53366405,0.0847958
21,7,none,pz,936,100,3,3,True,0.039141424,0.0029778604,0.0047600004,0.9531207
21,7,none,pz,937,100,2,2,True,0.31575498,0.013632418,0.47766656,0.19294605
21,7,none,pz,938,100,3,3,True,0.07527822,0.007490663,0.005994256,0.9112369
21,7,none,pz,939,100,2,2,True,0.16363752,0.28404194,0.3883525,0.16396794
21,7,none,pz,940,100,3,3,True,0.44625834,0.0020223649,0.057922658,0.49379656
21,7,none,pz,941,100,2,2,True,0.28553924,0.10055108,0.6054746,0.008435127
21,7,none,pz,942,100,3,3,True,0.25292963,0.09506536,0.06030069,0.5917043
21,7,none,pz,943,100,2,2,True,0.05132719,0.010411291,0.93128216,0.006979306
21,7,none,pz,944,100,3,2,False,0.2978615,0.02412552,0.6318551,0.04615792
21,7,none,pz,945,100,2,2,True,0.10594869,0.051412936,0.83343387,0.009204436
21,7,none,pz,946,100,3,1,False,0.0046136095,0.81357396,0.07943931,0.102373086
21,7,none,pz,947,100,2,2,True,0.10737079,0.012347951,0.7120452,0.16823608
21,7,none,pz,948,100,1,1,True,0.0027150612,0.9848289,0.010932596,0.001523503
21,7,none,pz,949,100,0,0,True,0.712543,0.04650937,0.19141501,0.049532607
21,7,none,pz,950,100,0,0,True,0.7731488,0.011331272,0.026013354,0.1895066
21,7,none,pz,951,100,1,3,False,0.08711257,0.31569704,0.2738783,0.32331207
21,7,none,pz,952,100,1,1,True,0.21565819,0.59885734,0.027305169,0.1581793
21,7,none,pz,953,100,0,2,False,0.13525005,0.1793039,0.51806456,0.1673815
21,7,none,pz,954,100,0,0,True,0.8480611,0.044246186,0.0085222265,0.09917047
21,7,none,pz,955,100,1,1,True,0.0010405267,0.9736602,0.0046131173,0.020686261
21,7,none,pz,956,100,1,3,False,0.1486916,0.35251772,0.007409379,0.4913813
21,7,none,pz,957,100,0,1,False,0.018326415,0.59471416,0.24475297,0.14220645
21,7,none,pz,958,100,0,0,True,0.99536884,0.0017664225,0.0018806017,0.0009841284
21,7,none,pz,959,100,1,1,True,0.0030987125,0.9861908,0.00319029,0.0075201658
21,7,none,pz,960,100,3,3,True,0.11317208,0.010240781,0.052566342,0.82402086
21,7,none,pz,961,100,2,2,True,0.032638807,0.0010975082,0.80353725,0.16272643
21,7,none,pz,962,100,2,2,True,0.16837244,0.0235955,0.6985045,0.10952759
21,7,none,pz,963,100,3,3,True,0.049713466,0.025039596,0.019835936,0.90541106
21,7,none,pz,964,100,2,0,False,0.68466693,0.12794453,0.15369493,0.03369356
21,7,none,pz,965,100,3,0,False,0.7357,0.0014021837,0.004174096,0.25872374
21,7,none,pz,966,100,2,1,False,0.04823754,0.37933812,0.3518518,0.22057255
21,7,none,pz,967,100,3,0,False,0.6226933,0.034990657,0.031348616,0.3109674
21,7,none,pz,968,100,2,1,False,0.35440943,0.4817364,0.13938195,0.024472246
21,7,none,pz,969,100,3,1,False,0.07069882,0.4993146,0.08508142,0.34490514
21,7,none,pz,970,100,2,0,False,0.57616234,0.016184708,0.028214304,0.37943867
21,7,none,pz,971,100,3,3,True,0.1543926,0.05787125,0.037254065,0.7504821
21,7,none,pz,972,100,1,1,True,0.0024011454,0.9573431,0.0039647403,0.03629095
21,7,none,pz,973,100,0,0,True,0.7719476,0.013414194,0.055069376,0.15956882
21,7,none,pz,974,100,0,3,False,0.0014218048,0.0013066689,0.09405972,0.90321183
21,7,none,pz,975,100,1,2,False,0.30165842,0.00803595,0.505258,0.18504764
21,7,none,pz,976,100,1,1,True,0.0011367477,0.98683214,0.010669619,0.0013613853
21,7,none,pz,977,100,0,0,True,0.9980901,5.117521e-05,0.0015146289,0.00034411368
21,7,none,pz,978,100,0,0,True,0.7702804,0.01157686,0.156909,0.061233666
21,7,none,pz,979,100,1,1,True,0.13045439,0.59306437,0.009794461,0.2666868
21,7,none,pz,980,100,1,2,False,0.02697112,0.23487139,0.46866423,0.26949325
21,7,none,pz,981,100,0,0,True,0.6970265,0.010399749,0.28115538,0.011418414
21,7,none,pz,982,100,0,3,False,0.36220297,0.038559593,0.20126186,0.39797556
21,7,none,pz,983,100,1,1,True,0.07049139,0.50031126,0.17459215,0.2546052
21,7,none,pz,984,100,2,2,True,0.14992356,0.05902471,0.6314188,0.15963289
21,7,none,pz,985,100,3,3,True,0.0065152994,0.020441763,0.17881991,0.79422307
21,7,none,pz,986,100,2,3,False,0.08175603,0.07566994,0.13591462,0.7066594
21,7,none,pz,987,100,3,3,True,0.0036907382,0.062217303,0.039504018,0.8945879
21,7,none,pz,988,100,3,3,True,0.015140654,0.43176767,0.015470069,0.53762156
21,7,none,pz,989,100,2,0,False,0.8570182,0.09371972,0.046333034,0.0029291043
21,7,none,pz,990,100,2,2,True,0.123954706,0.083234236,0.606747,0.18606414
21,7,none,pz,991,100,3,3,True,0.041179948,0.06664591,0.3192365,0.57293767
21,7,none,pz,992,100,3,3,True,0.0016242095,0.036802214,0.034762714,0.92681086
21,7,none,pz,993,100,2,3,False,0.17211346,0.10198071,0.2423146,0.48359114
21,7,none,pz,994,100,2,3,False,0.018885659,0.014509149,0.39257792,0.5740273
21,7,none,pz,995,100,3,3,True,0.0002510465,0.0024010967,0.023479385,0.9738685
21,7,none,pz,996,101,0,2,False,0.35374203,0.024783086,0.587785,0.033689868
21,7,none,pz,997,101,1,1,True,0.000699967,0.9737845,0.011464939,0.014050553
21,7,none,pz,998,101,1,1,True,0.1089984,0.6029774,0.051680643,0.23634353
21,7,none,pz,999,101,0,0,True,0.9980307,0.0013056558,5.6575158e-05,0.00060704973
21,7,none,pz,1000,101,1,1,True,0.001893338,0.9924561,0.0018964915,0.003754126
21,7,none,pz,1001,101,0,0,True,0.99986315,8.6714324e-05,3.592912e-05,1.4149057e-05
21,7,none,pz,1002,101,1,1,True,0.0023266762,0.9920455,6.372493e-05,0.0055640903
21,7,none,pz,1003,101,0,0,True,0.99970204,0.00014706598,9.3353774e-05,5.760488e-05
21,7,none,pz,1004,101,1,1,True,0.0041323556,0.992902,0.00055507524,0.002410477
21,7,none,pz,1005,101,0,0,True,0.9976774,0.0020297847,0.00019590398,9.698782e-05
21,7,none,pz,1006,101,0,0,True,0.99758947,0.0006934052,0.0015829387,0.00013409945
21,7,none,pz,1007,101,1,1,True,0.000873514,0.9924541,0.002637115,0.004035309
21,7,none,pz,1008,101,1,1,True,0.0013250876,0.9934094,0.0031540568,0.0021114438
21,7,none,pz,1009,101,0,0,True,0.98084325,0.000108457985,0.01245921,0.00658898
21,7,none,pz,1010,101,0,0,True,0.9979346,0.0003476952,0.0011811247,0.000536615
21,7,none,pz,1011,101,2,1,False,0.026831428,0.90049464,0.07087402,0.0017999461
21,7,none,pz,1012,101,3,1,False,0.17578156,0.5878598,0.14383364,0.09252501
21,7,none,pz,1013,101,2,0,False,0.5862691,0.016980404,0.26537207,0.13137843
21,7,none,pz,1014,101,3,0,False,0.4637712,0.03590568,0.051763248,0.44855994
21,7,none,pz,1015,101,3,3,True,0.10346115,0.10017646,0.24376856,0.5525939
21,7,none,pz,1016,101,2,2,True,0.25526142,0.04379976,0.63857603,0.062362786
21,7,none,pz,1017,101,2,2,True,0.05717533,0.12146507,0.7896361,0.031723518
21,7,none,pz,1018,101,3,3,True,0.10952746,0.1726365,0.07279506,0.6450409
21,7,none,pz,1019,101,2,2,True,0.270787,0.29325044,0.4027223,0.03324027
21,7,none,pz,1020,101,3,3,True,0.27481487,0.060114488,0.018074673,0.64699596
21,7,none,pz,1021,101,3,3,True,0.048816375,0.113666,0.12790327,0.70961434
21,7,none,pz,1022,101,2,1,False,0.37704352,0.60330415,0.00957971,0.010072603
21,7,none,pz,1023,101,2,0,False,0.93088275,0.021793688,0.046282783,0.001040831
21,7,none,pz,1024,101,3,3,True,0.032699253,0.0067143557,0.003689798,0.9568966
21,7,none,pz,1025,101,2,0,False,0.50500464,0.17086965,0.3005389,0.023586804
21,7,none,pz,1026,101,1,1,True,0.061444,0.89235586,0.02217898,0.024021087
21,7,none,pz,1027,101,0,0,True,0.9987431,0.0007321039,0.00040027022,0.0001245647
21,7,none,pz,1028,101,0,0,True,0.98971856,0.0046535516,0.004454056,0.0011739078
21,7,none,pz,1029,101,1,1,True,0.43620357,0.45753676,0.04127092,0.064988784
21,7,none,pz,1030,101,1,1,True,0.0006168544,0.9972579,0.0012870573,0.00083821017
21,7,none,pz,1031,101,0,0,True,0.99844474,0.00014417007,0.0013698769,4.1335523e-05
21,7,none,pz,1032,101,0,0,True,0.998429,0.0012592031,0.00014314606,0.00016856662
21,7,none,pz,1033,101,1,1,True,0.0004489458,0.9966252,0.002524221,0.0004016458
21,7,none,pz,1034,101,1,1,True,0.034553092,0.96282876,0.0008961094,0.0017220787
21,7,none,pz,1035,101,0,0,True,0.9998565,1.4202093e-05,5.1993502e-05,7.741448e-05
21,7,none,pz,1036,101,1,1,True,0.014818868,0.9691795,0.0037499582,0.012251728
21,7,none,pz,1037,101,0,0,True,0.99820673,0.0013273013,0.00031359697,0.0001524044
21,7,none,pz,1038,101,1,1,True,0.051396083,0.94282967,0.003015849,0.0027583477
21,7,none,pz,1039,101,0,0,True,0.886607,0.019848643,0.01115217,0.082392216
21,7,none,pz,1040,101,1,0,False,0.4310453,0.26700774,0.18166243,0.120284475
21,7,none,pz,1041,101,2,0,False,0.49387458,0.105862856,0.39359656,0.006665975
21,7,none,pz,1042,101,3,0,False,0.4346148,0.05209087,0.29653734,0.21675695
21,7,none,pz,1043,101,2,1,False,0.11584373,0.49251285,0.37384915,0.017794188
21,7,none,pz,1044,101,3,3,True,0.32387304,0.07915787,0.0030772223,0.5938919
21,7,none,pz,1045,101,3,0,False,0.5064346,0.030923547,0.14639851,0.31624338
21,7,none,pz,1046,101,2,2,True,0.13485238,0.24703458,0.50465375,0.11345926
21,7,none,pz,1047,101,2,0,False,0.5842282,0.038425803,0.36125007,0.01609586
21,7,none,pz,1048,101,3,3,True,0.31790468,0.13792187,0.00593669,0.53823674
21,7,none,pz,1049,101,3,3,True,0.2040888,0.0161655,0.031916384,0.7478293
21,7,none,pz,1050,101,2,0,False,0.72864187,0.11043219,0.065885276,0.09504065
21,7,none,pz,1051,101,2,2,True,0.061973926,0.023913216,0.91335034,0.00076252484
21,7,none,pz,1052,101,3,3,True,0.36742097,0.031850368,0.012296645,0.588432
21,7,none,pz,1053,101,2,0,False,0.9334146,0.0063994657,0.048932694,0.011253235
21,7,none,pz,1054,101,3,3,True,0.3545905,0.0146654025,0.030148044,0.6005961
21,7,none,pz,1055,101,2,1,False,0.37406045,0.4556582,0.09918696,0.07109433
21,7,none,pz,1056,101,0,0,True,0.99800104,0.0002420991,0.0015118982,0.0002449809
21,7,none,pz,1057,101,1,1,True,0.019152194,0.7770765,0.18674007,0.017031291
21,7,none,pz,1058,101,0,0,True,0.99867284,0.0008159881,0.0004691135,4.2131644e-05
21,7,none,pz,1059,101,1,1,True,0.09846728,0.6957248,0.003933228,0.20187473
21,7,none,pz,1060,101,1,1,True,0.046197027,0.808732,0.045336988,0.099733986
21,7,none,pz,1061,101,0,0,True,0.9954939,0.0010104202,0.0013732084,0.002122576
21,7,none,pz,1062,101,1,1,True,0.0011020381,0.99863666,8.027163e-05,0.00018107027
21,7,none,pz,1063,101,0,0,True,0.99985206,0.00010178236,3.1712392e-05,1.4472683e-05
21,7,none,pz,1064,101,1,1,True,0.0017698976,0.98210746,0.0071339873,0.00898878
21,7,none,pz,1065,101,0,0,True,0.9973014,0.0005952197,0.000706882,0.0013964118
21,7,none,pz,1066,101,1,1,True,0.013473083,0.9310735,0.0322943,0.023159204
21,7,none,pz,1067,101,0,0,True,0.9995369,8.4897394e-05,0.00013132911,0.00024692857
21,7,none,pz,1068,101,0,0,True,0.9885146,0.00794936,0.0032878597,0.0002481454
21,7,none,pz,1069,101,1,1,True,0.0044100755,0.9665591,0.00068218034,0.028348576
21,7,none,pz,1070,101,1,1,True,0.009059067,0.97298425,0.015092583,0.0028641575
21,7,none,pz,1071,101,3,3,True,0.021132762,0.01091811,0.0041273343,0.9638218
21,7,none,pz,1072,101,2,2,True,0.025604485,0.008705448,0.93686557,0.028824553
21,7,none,pz,1073,101,3,3,True,0.35893074,0.11735614,0.099090986,0.42462218
21,7,none,pz,1074,101,2,0,False,0.664322,0.018923353,0.20154208,0.11521252
21,7,none,pz,1075,101,2,1,False,0.16401626,0.4101515,0.26374695,0.16208531
21,7,none,pz,1076,101,3,0,False,0.53264475,0.11043974,0.016660228,0.34025535
21,7,none,pz,1077,101,3,0,False,0.64105934,0.019791272,0.007877572,0.3312719
21,7,none,pz,1078,101,2,3,False,0.04213521,0.02213436,0.050965678,0.8847648
21,7,none,pz,1079,101,2,2,True,0.02323358,0.001597462,0.9730198,0.002149167
21,7,none,pz,1080,101,3,3,True,0.11880708,0.019109048,0.05805487,0.804029
21,7,none,pz,1081,101,3,3,True,0.021535171,0.01245115,0.031511903,0.9345018
21,7,none,pz,1082,101,2,3,False,0.0537363,0.05373656,0.10125522,0.791272
21,7,none,pz,1083,101,3,3,True,0.040251847,0.0163974,0.014501483,0.9288493
21,7,none,pz,1084,101,2,3,False,0.0144444425,0.20022698,0.29378107,0.4915475
21,7,none,pz,1085,101,2,1,False,0.08189123,0.31698075,0.303614,0.297514
21,7,none,pz,1086,102,1,1,True,0.001141483,0.99138546,0.0041732653,0.0032997224
21,7,none,pz,1087,102,0,0,True,0.892879,0.032541916,0.054696806,0.01988228
21,7,none,pz,1088,102,1,1,True,0.0087088235,0.795343,0.17589907,0.020049175
21,7,none,pz,1089,102,0,0,True,0.98380995,0.0030464076,0.0035964742,0.009547155
21,7,none,pz,1090,102,1,1,True,0.0350287,0.55033225,0.40603232,0.008606674
21,7,none,pz,1091,102,0,0,True,0.6829694,0.043046065,0.16221705,0.11176737
21,7,none,pz,1092,102,0,0,True,0.9950589,0.0014784982,0.0027809478,0.000681665
21,7,none,pz,1093,102,1,0,False,0.37703472,0.108727925,0.22041818,0.29381913
21,7,none,pz,1094,102,0,0,True,0.75279164,0.04040792,0.096799895,0.11000058
21,7,none,pz,1095,102,1,2,False,0.081325196,0.24808872,0.65318954,0.01739658
21,7,none,pz,1096,102,0,0,True,0.65690887,0.010265846,0.12953365,0.20329167
21,7,none,pz,1097,102,1,2,False,0.02785975,0.36138606,0.5860847,0.024669431
21,7,none,pz,1098,102,0,0,True,0.3761062,0.16897343,0.13940166,0.31551877
21,7,none,pz,1099,102,1,2,False,0.13590683,0.11182224,0.72707754,0.025193317
21,7,none,pz,1100,102,1,1,True,0.004939039,0.9896315,0.0050889608,0.0003404914
21,7,none,pz,1101,102,2,2,True,0.19728388,0.3441379,0.37350038,0.085077874
21,7,none,pz,1102,102,3,3,True,0.11576045,0.06500212,0.14739218,0.6718452
21,7,none,pz,1103,102,2,1,False,0.22650008,0.39749244,0.24371645,0.13229103
21,7,none,pz,1104,102,3,3,True,0.2158511,0.19087191,0.19684453,0.3964325
21,7,none,pz,1105,102,2,0,False,0.6648047,0.024481254,0.2983844,0.012329715
21,7,none,pz,1106,102,3,3,True,0.09796807,0.15851197,0.27249575,0.47102422
21,7,none,pz,1107,102,2,2,True,0.2124914,0.05157266,0.6669701,0.06896592
21,7,none,pz,1108,102,3,3,True,0.15994428,0.06281425,0.12258209,0.6546594
21,7,none,pz,1109,102,3,3,True,0.2884336,0.055282135,0.089848526,0.56643575
21,7,none,pz,1110,102,2,2,True,0.05507204,0.043138247,0.894725,0.0070646866
21,7,none,pz,1111,102,3,2,False,0.024294842,0.2036893,0.6067857,0.16523013
21,7,none,pz,1112,102,2,2,True,0.324449,0.029555649,0.42226958,0.22372574
21,7,none,pz,1113,102,2,2,True,0.09046252,0.09546804,0.78490824,0.029161118
21,7,none,pz,1114,102,3,0,False,0.55656976,0.057807516,0.23468442,0.15093824
21,7,none,pz,1115,102,2,2,True,0.028925357,0.14575857,0.60783404,0.21748205
21,7,none,pz,1116,102,1,1,True,0.0011127784,0.9762496,0.0218967,0.00074092037
21,7,none,pz,1117,102,0,0,True,0.30944905,0.22863588,0.15438087,0.30753422
21,7,none,pz,1118,102,1,1,True,0.017140914,0.673513,0.14649823,0.16284786
21,7,none,pz,1119,102,0,0,True,0.74489826,0.03087974,0.13715498,0.087067
21,7,none,pz,1120,102,0,0,True,0.923925,0.029273013,0.035709113,0.011092853
21,7,none,pz,1121,102,1,2,False,0.051713042,0.29944825,0.62279373,0.02604493
21,7,none,pz,1122,102,0,1,False,0.25364888,0.38292235,0.24337688,0.12005187
21,7,none,pz,1123,102,1,2,False,0.096007705,0.22209024,0.5919049,0.08999718
21,7,none,pz,1124,102,0,0,True,0.5520018,0.027847506,0.38862014,0.03153056
21,7,none,pz,1125,102,1,2,False,0.19619384,0.13878295,0.47727102,0.1877522
21,7,none,pz,1126,102,1,1,True,0.0015107257,0.9895487,0.0031129376,0.0058276397
21,7,none,pz,1127,102,0,3,False,0.19908687,0.103290685,0.2981696,0.39945284
21,7,none,pz,1128,102,1,1,True,0.00065544556,0.99537224,0.002760395,0.0012118878
21,7,none,pz,1129,102,0,3,False,0.19014546,0.10470072,0.21147764,0.49367625
21,7,none,pz,1130,102,1,2,False,0.1182015,0.2341987,0.37803897,0.26956078
21,7,none,pz,1131,102,2,2,True,0.016612437,0.05499327,0.9142895,0.014104884
21,7,none,pz,1132,102,3,2,False,0.019359786,0.20763484,0.39396665,0.37903872
21,7,none,pz,1133,102,3,3,True,0.013309365,0.025706556,0.2955741,0.66541
21,7,none,pz,1134,102,2,2,True,0.04105787,0.057400588,0.88096946,0.02057206
21,7,none,pz,1135,102,2,1,False,0.06316084,0.4819638,0.19171055,0.26316485
21,7,none,pz,1136,102,3,2,False,0.040472884,0.046545014,0.67728895,0.23569311
21,7,none,pz,1137,102,3,3,True,0.114515215,0.13663463,0.36040917,0.388441
21,7,none,pz,1138,102,2,2,True,0.0036834923,0.10287539,0.8821236,0.011317592
21,7,none,pz,1139,102,2,2,True,0.119510494,0.100094594,0.6404647,0.1399302
21,7,none,pz,1140,102,3,3,True,0.33693254,0.07850307,0.16991754,0.41464677
21,7,none,pz,1141,102,2,3,False,0.0071877316,0.06091596,0.25341168,0.6784847
21,7,none,pz,1142,102,3,3,True,0.013007158,0.1510647,0.16115487,0.6747733
21,7,none,pz,1143,102,3,2,False,0.05884997,0.0060106,0.4926911,0.44244832
21,7,none,pz,1144,102,2,2,True,0.28784534,0.10233807,0.3298787,0.27993786
21,7,none,pz,1145,102,2,2,True,0.022798866,0.30843008,0.62355596,0.045215078
21,7,none,pz,1146,102,0,2,False,0.3857471,0.046121594,0.48091885,0.087212406
21,7,none,pz,1147,102,1,1,True,0.0014683802,0.99198145,0.004708246,0.0018419513
21,7,none,pz,1148,102,0,2,False,0.0688052,0.023519946,0.78333366,0.12434119
21,7,none,pz,1149,102,1,1,True,0.0030886573,0.97909445,0.011154014,0.0066629257
21,7,none,pz,1150,102,1,2,False,0.063233815,0.18901153,0.72676426,0.020990469
21,7,none,pz,1151,102,0,2,False,0.21960564,0.15160885,0.48119512,0.14759043
21,7,none,pz,1152,102,0,2,False,0.19037907,0.05423325,0.7348564,0.020531187
21,7,none,pz,1153,102,1,1,True,0.050358005,0.64317316,0.14324483,0.163224
21,7,none,pz,1154,102,0,2,False,0.2969276,0.23887758,0.375754,0.08844084
21,7,none,pz,1155,102,1,2,False,0.17104642,0.11389809,0.46836776,0.24668777
21,7,none,pz,1156,102,1,1,True,0.007331365,0.8061953,0.058192812,0.12828055
21,7,none,pz,1157,102,0,3,False,0.15022378,0.22830614,0.15963152,0.4618386
21,7,none,pz,1158,102,1,0,False,0.34649393,0.23899983,0.22672103,0.18778522
21,7,none,pz,1159,102,0,0,True,0.52384883,0.071244866,0.23986481,0.16504148
21,7,none,pz,1160,102,0,0,True,0.92521876,0.007004195,0.013949218,0.053827863
21,7,none,pz,1161,102,2,2,True,0.009269647,0.07693284,0.90387917,0.009918375
21,7,none,pz,1162,102,3,3,True,0.05054565,0.04718988,0.11527274,0.7869918
21,7,none,pz,1163,102,3,3,True,0.021110823,0.031934347,0.037500247,0.9094546
21,7,none,pz,1164,102,2,1,False,0.19673252,0.30957523,0.2831217,0.2105706
21,7,none,pz,1165,102,2,2,True,0.0078006187,0.03395725,0.5951395,0.36310264
21,7,none,pz,1166,102,3,0,False,0.6033356,0.0053266953,0.04373075,0.34760693
21,7,none,pz,1167,102,2,2,True,0.2521252,0.02502085,0.65167826,0.071175694
21,7,none,pz,1168,102,3,3,True,0.11857309,0.040167622,0.1480453,0.69321406
21,7,none,pz,1169,102,2,3,False,0.08327563,0.107736945,0.31147248,0.49751493
21,7,none,pz,1170,102,3,2,False,0.14376463,0.07164796,0.49040207,0.2941853
21,7,none,pz,1171,102,2,1,False,0.033561416,0.5831385,0.22062498,0.16267508
21,7,none,pz,1172,102,3,3,True,0.014338633,0.007576913,0.07212492,0.9059595
21,7,none,pz,1173,102,2,2,True,0.11033838,0.39863363,0.41195455,0.079073414
21,7,none,pz,1174,102,3,2,False,0.10396554,0.036935475,0.43089706,0.42820188
21,7,none,pz,1175,102,3,3,True,0.06382745,0.10781568,0.031664595,0.79669225
21,7,none,pz,1176,103,0,0,True,0.5439057,0.0037411812,0.031822495,0.42053068
21,7,none,pz,1177,103,1,1,True,0.009002393,0.5695282,0.18292743,0.23854192
21,7,none,pz,1178,103,1,1,True,0.047860768,0.7021504,0.19464962,0.055339094
21,7,none,pz,1179,103,0,1,False,0.16913038,0.52703774,0.10003698,0.20379485
21,7,none,pz,1180,103,1,1,True,0.1445622,0.55024165,0.030000344,0.2751958
21,7,none,pz,1181,103,0,3,False,0.17992148,0.02691033,0.014375833,0.7787924
21,7,none,pz,1182,103,0,0,True,0.9901722,0.00013200664,0.0046313903,0.005064392
21,7,none,pz,1183,103,1,1,True,0.03816246,0.8460558,0.08790112,0.027880637
21,7,none,pz,1184,103,0,0,True,0.84205735,0.013534074,0.116999984,0.027408643
21,7,none,pz,1185,103,1,0,False,0.39248922,0.22794484,0.25090417,0.12866178
21,7,none,pz,1186,103,0,0,True,0.9732714,0.0060423086,0.018556567,0.0021295913
21,7,none,pz,1187,103,1,0,False,0.8240632,0.016464898,0.1188255,0.040646378
21,7,none,pz,1188,103,1,3,False,0.07096603,0.3600776,0.17268388,0.3962725
21,7,none,pz,1189,103,0,0,True,0.63717407,0.02483843,0.33430517,0.0036824227
21,7,none,pz,1190,103,1,3,False,0.044936117,0.09383917,0.2604839,0.60074085
21,7,none,pz,1191,103,3,2,False,0.0039312905,0.024835933,0.7270947,0.24413805
21,7,none,pz,1192,103,2,2,True,0.23349865,0.0019652895,0.6242674,0.14026871
21,7,none,pz,1193,103,2,2,True,0.18092003,0.023106532,0.65309954,0.14287388
21,7,none,pz,1194,103,3,0,False,0.79116213,0.0047427416,0.019199349,0.18489571
21,7,none,pz,1195,103,2,3,False,0.18336132,0.11422974,0.016559057,0.6858499
21,7,none,pz,1196,103,3,0,False,0.8405177,0.014070177,0.03703274,0.10837948
21,7,none,pz,1197,103,3,0,False,0.3749177,0.0031826647,0.33670387,0.28519574
21,7,none,pz,1198,103,2,2,True,0.1390879,0.03324174,0.8174401,0.010230188
21,7,none,pz,1199,103,2,0,False,0.66861236,0.07170827,0.2534736,0.0062057744
21,7,none,pz,1200,103,3,3,True,0.2658902,0.09350189,0.0014808876,0.63912696
21,7,none,pz,1201,103,3,3,True,0.08730309,0.049894378,0.3193764,0.54342616
21,7,none,pz,1202,103,2,2,True,0.34405416,0.004465027,0.6496812,0.0017995731
21,7,none,pz,1203,103,3,0,False,0.6186557,0.04791682,0.15910429,0.17432316
21,7,none,pz,1204,103,2,1,False,0.11738254,0.4325771,0.29972085,0.15031952
21,7,none,pz,1205,103,2,3,False,0.028856263,0.17086618,0.07415317,0.7261244
21,7,none,pz,1206,103,1,2,False,0.118797,0.027210211,0.8490451,0.0049477085
21,7,none,pz,1207,103,0,0,True,0.49913514,0.0042013917,0.08600173,0.4106617
21,7,none,pz,1208,103,1,1,True,0.02081891,0.5571613,0.38527316,0.03674668
21,7,none,pz,1209,103,0,0,True,0.7759054,0.013391664,0.044679802,0.16602322
21,7,none,pz,1210,103,0,0,True,0.9624282,0.0016469398,0.005036447,0.03088843
21,7,none,pz,1211,103,1,3,False,0.016468724,0.10333505,0.040701214,0.83949494
21,7,none,pz,1212,103,1,3,False,0.019964643,0.06696727,0.023615934,0.8894521
21,7,none,pz,1213,103,0,0,True,0.94215417,0.01557353,0.037035353,0.0052369703
21,7,none,pz,1214,103,0,0,True,0.66870916,0.0942775,0.21627538,0.020737998
21,7,none,pz,1215,103,1,0,False,0.71972096,0.0016369697,0.095957,0.18268515
21,7,none,pz,1216,103,1,1,True,0.009601208,0.97904676,0.0065842546,0.004767756
21,7,none,pz,1217,103,0,0,True,0.86139196,0.021789102,0.028254004,0.08856487
21,7,none,pz,1218,103,0,0,True,0.8977744,0.0018607444,0.09815548,0.002209534
21,7,none,pz,1219,103,1,2,False,0.2909024,0.01024633,0.69495374,0.003897556
21,7,none,pz,1220,103,0,0,True,0.8645474,0.00072592567,0.13293833,0.0017883152
21,7,none,pz,1221,103,2,2,True,0.010595608,0.010287897,0.9432768,0.0358397
21,7,none,pz,1222,103,3,2,False,0.003887114,0.00123744,0.76753515,0.22734028
21,7,none,pz,1223,103,2,2,True,0.052573256,0.14980939,0.7914336,0.0061837737
21,7,none,pz,1224,103,3,2,False,0.15914243,0.013732531,0.49991152,0.32721356
21,7,none,pz,1225,103,3,3,True,0.20390168,0.0086985575,0.0319892,0.7554106
21,7,none,pz,1226,103,2,0,False,0.5302447,0.02746986,0.26440245,0.17788301
21,7,none,pz,1227,103,3,3,True,0.2880236,0.06538469,0.2007778,0.4458139
21,7,none,pz,1228,103,2,3,False,0.20095874,0.029979844,0.3436376,0.42542386
21,7,none,pz,1229,103,3,3,True,0.21389015,0.009492986,0.013694359,0.7629225
21,7,none,pz,1230,103,2,0,False,0.37604123,0.018537648,0.3508885,0.25453267
21,7,none,pz,1231,103,2,2,True,0.114335194,0.023140894,0.8560971,0.0064268145
21,7,none,pz,1232,103,3,2,False,0.20940742,0.04418076,0.5708482,0.17556356
21,7,none,pz,1233,103,3,0,False,0.37062618,0.17110842,0.13386752,0.32439786
21,7,none,pz,1234,103,2,0,False,0.49995494,0.071847536,0.38532218,0.042875342
21,7,none,pz,1235,103,3,2,False,0.061083954,0.049193468,0.5011335,0.3885891
21,7,none,pz,1236,103,1,1,True,0.068708606,0.68369967,0.057917822,0.18967387
21,7,none,pz,1237,103,0,2,False,0.33371252,0.004400709,0.4611792,0.20070764
21,7,none,pz,1238,103,0,0,True,0.77801794,0.010430638,0.078676134,0.13287534
21,7,none,pz,1239,103,1,2,False,0.08030838,0.084338434,0.42451552,0.41083762
21,7,none,pz,1240,103,1,3,False,0.008193464,0.18575127,0.016216693,0.7898386
21,7,none,pz,1241,103,0,2,False,0.11931713,0.00816477,0.476877,0.3956411
21,7,none,pz,1242,103,1,1,True,0.007628162,0.64685625,0.014624759,0.3308908
21,7,none,pz,1243,103,0,0,True,0.7914097,0.0010170509,0.18713255,0.020440746
21,7,none,pz,1244,103,0,0,True,0.65074,0.021333288,0.07398285,0.2539438
21,7,none,pz,1245,103,1,3,False,0.011600487,0.119386986,0.035482675,0.8335299
21,7,none,pz,1246,103,0,0,True,0.9274534,0.001188326,0.051559895,0.019798435
21,7,none,pz,1247,103,1,0,False,0.39325863,0.086033866,0.30115545,0.219552
21,7,none,pz,1248,103,1,1,True,0.13831747,0.5603314,0.2862631,0.015087984
21,7,none,pz,1249,103,0,0,True,0.9897754,0.00048884086,0.007488929,0.0022467987
21,7,none,pz,1250,103,1,0,False,0.3976952,0.23980105,0.009932556,0.35257116
21,7,none,pz,1251,103,3,3,True,0.006058742,0.0028248325,0.0040925923,0.98702383
21,7,none,pz,1252,103,2,1,False,0.053359494,0.5198549,0.16816348,0.25862214
21,7,none,pz,1253,103,3,3,True,0.122712374,0.02655537,0.021925163,0.82880706
21,7,none,pz,1254,103,2,3,False,0.29537246,0.029412275,0.0629608,0.61225444
21,7,none,pz,1255,103,2,0,False,0.38013342,0.1384964,0.32808822,0.15328202
21,7,none,pz,1256,103,3,0,False,0.63093334,0.06774416,0.061714083,0.23960842
21,7,none,pz,1257,103,2,0,False,0.3626468,0.28341332,0.015043675,0.33889616
21,7,none,pz,1258,103,3,0,False,0.58718616,0.13153794,0.017489763,0.2637861
21,7,none,pz,1259,103,2,2,True,0.29732215,0.012272097,0.6381382,0.052267577
21,7,none,pz,1260,103,3,3,True,0.2050126,0.054967057,0.21801381,0.5220065
21,7,none,pz,1261,103,3,3,True,0.035258148,0.05717669,0.016328244,0.8912369
21,7,none,pz,1262,103,2,2,True,0.07389812,0.1614142,0.73791206,0.026775584
21,7,none,pz,1263,103,2,2,True,0.20733702,0.01671439,0.7116282,0.064320356
21,7,none,pz,1264,103,3,3,True,0.030117389,0.002146816,0.00057193474,0.9671639
21,7,none,pz,1265,103,3,3,True,0.0018096004,0.042728595,0.009962694,0.9454991
21,7,none,pz,1266,104,0,0,True,0.42705703,0.38037306,0.0985845,0.09398546
21,7,none,pz,1267,104,1,1,True,0.08031364,0.8963007,0.021219589,0.002166083
21,7,none,pz,1268,104,1,2,False,0.11282451,0.16692573,0.67277026,0.047479477
21,7,none,pz,1269,104,0,1,False,0.21731256,0.49698436,0.03036986,0.2553333
21,7,none,pz,1270,104,1,1,True,0.1552356,0.5139449,0.23168735,0.099132106
21,7,none,pz,1271,104,0,2,False,0.059127904,0.09024568,0.81332964,0.037296742
21,7,none,pz,1272,104,1,1,True,0.367619,0.43404195,0.10225145,0.09608757
21,7,none,pz,1273,104,0,2,False,0.41315728,0.044531196,0.45315775,0.08915364
21,7,none,pz,1274,104,0,1,False,0.16062862,0.73150545,0.100642234,0.0072237593
21,7,none,pz,1275,104,1,1,True,0.09743787,0.6184825,0.2699833,0.014096353
21,7,none,pz,1276,104,0,1,False,0.20663244,0.40103063,0.35609835,0.036238495
21,7,none,pz,1277,104,1,1,True,0.02338022,0.52280736,0.30349818,0.15031427
21,7,none,pz,1278,104,1,0,False,0.46447778,0.09887149,0.3252665,0.11138422
21,7,none,pz,1279,104,0,0,True,0.61310387,0.08027327,0.24662368,0.059999105
21,7,none,pz,1280,104,1,1,True,0.0015756193,0.9842795,0.0026246738,0.011520174
21,7,none,pz,1281,104,2,2,True,0.21486352,0.32852164,0.33083972,0.12577517
21,7,none,pz,1282,104,3,3,True,0.04554865,0.18041675,0.2921871,0.48184752
21,7,none,pz,1283,104,3,3,True,0.25658816,0.016217882,0.02119525,0.7059987
21,7,none,pz,1284,104,2,1,False,0.019234238,0.808151,0.1677027,0.004912095
21,7,none,pz,1285,104,3,0,False,0.29770243,0.12994775,0.29598844,0.27636138
21,7,none,pz,1286,104,2,1,False,0.04282618,0.9185802,0.016016815,0.022576863
21,7,none,pz,1287,104,2,1,False,0.051628765,0.49247098,0.27962145,0.17627877
21,7,none,pz,1288,104,3,3,True,0.12328236,0.074149944,0.017341783,0.78522587
21,7,none,pz,1289,104,2,1,False,0.027043503,0.77972686,0.1884751,0.0047545545
21,7,none,pz,1290,104,3,3,True,0.12414472,0.24578457,0.2211737,0.40889698
21,7,none,pz,1291,104,3,3,True,0.051172443,0.021320235,0.040329494,0.8871778
21,7,none,pz,1292,104,2,3,False,0.16147861,0.06692187,0.108340636,0.6632589
21,7,none,pz,1293,104,3,3,True,0.20988297,0.16877314,0.02342613,0.59791774
21,7,none,pz,1294,104,2,2,True,0.04306477,0.29961506,0.4417243,0.21559581
21,7,none,pz,1295,104,3,0,False,0.61342305,0.047122523,0.13930826,0.20014623
21,7,none,pz,1296,104,0,3,False,0.35534385,0.069180295,0.025526412,0.5499494
21,7,none,pz,1297,104,1,1,True,0.12915878,0.5332361,0.20337985,0.1342253
21,7,none,pz,1298,104,1,1,True,0.010729431,0.97799325,0.0025040132,0.00877334
21,7,none,pz,1299,104,0,0,True,0.95381683,0.020424614,0.017467257,0.008291283
21,7,none,pz,1300,104,0,0,True,0.9691159,0.004681346,0.008200972,0.018001894
21,7,none,pz,1301,104,1,1,True,0.0051966193,0.9378874,0.036093913,0.020822182
21,7,none,pz,1302,104,0,0,True,0.45135,0.29914585,0.11633859,0.13316546
21,7,none,pz,1303,104,1,0,False,0.37813646,0.34301373,0.13062246,0.14822729
21,7,none,pz,1304,104,0,0,True,0.65979517,0.14858125,0.17114267,0.020480854
21,7,none,pz,1305,104,1,1,True,0.2778697,0.62099695,0.044985984,0.05614733
21,7,none,pz,1306,104,1,1,True,0.00022172349,0.91036123,0.06658424,0.022832787
21,7,none,pz,1307,104,0,0,True,0.9727551,0.024106096,0.0024498547,0.0006890951
21,7,none,pz,1308,104,3,3,True,0.007104005,0.13744201,0.036168177,0.81928575
21,7,none,pz,1309,104,2,1,False,0.11975997,0.44724387,0.20172212,0.23127404
21,7,none,pz,1310,104,3,3,True,0.2741727,0.04936974,0.036172744,0.6402848
21,7,none,pz,1311,104,2,0,False,0.72370034,0.051356982,0.102861024,0.12208168
21,7,none,pz,1312,104,3,0,False,0.5441446,0.040274367,0.0056707873,0.40991026
21,7,none,pz,1313,104,2,1,False,0.20320877,0.445452,0.32787824,0.023461038
21,7,none,pz,1314,104,3,3,True,0.018180221,0.11645084,0.0749154,0.79045355
21,7,none,pz,1315,104,2,3,False,0.25208464,0.22155069,0.16934262,0.35702202
21,7,none,pz,1316,104,3,1,False,0.08230627,0.66236144,0.17550562,0.07982662
21,7,none,pz,1317,104,2,2,True,0.2065546,0.270775,0.44333905,0.079331346
21,7,none,pz,1318,104,2,2,True,0.28848645,0.07135055,0.5177365,0.12242651
21,7,none,pz,1319,104,3,3,True,0.19040924,0.11000561,0.22522533,0.47435984
21,7,none,pz,1320,104,3,3,True,0.1821703,0.018432746,0.012414287,0.78698266
21,7,none,pz,1321,104,2,1,False,0.103761695,0.63355684,0.22018754,0.042493958
21,7,none,pz,1322,104,2,2,True,0.29287082,0.014612843,0.68500715,0.0075091603
21,7,none,pz,1323,104,0,0,True,0.8306196,0.03638395,0.07325859,0.059737943
21,7,none,pz,1324,104,1,1,True,0.041919198,0.51215106,0.39388344,0.052046284
21,7,none,pz,1325,104,0,2,False,0.41947788,0.060775224,0.43011507,0.089631744
21,7,none,pz,1326,104,1,2,False,0.07592723,0.20806335,0.65809524,0.057914153
21,7,none,pz,1327,104,0,2,False,0.10719212,0.17318486,0.654291,0.06533198
21,7,none,pz,1328,104,1,3,False,0.0072869123,0.17311884,0.11619067,0.7034036
21,7,none,pz,1329,104,0,0,True,0.9987986,4.7731082e-05,0.00025502025,0.0008985869
21,7,none,pz,1330,104,1,2,False,0.08298314,0.13723709,0.4069567,0.3728231
21,7,none,pz,1331,104,1,1,True,0.06672789,0.85761577,0.02702831,0.048628148
21,7,none,pz,1332,104,0,1,False,0.20522715,0.75277096,0.014900336,0.02710153
21,7,none,pz,1333,104,0,0,True,0.60245335,0.07487085,0.2704068,0.052268974
21,7,none,pz,1334,104,1,0,False,0.43408018,0.280838,0.048916604,0.23616521
21,7,none,pz,1335,104,1,3,False,0.27189377,0.022090185,0.13217267,0.5738433
21,7,none,pz,1336,104,0,0,True,0.6916106,0.013422854,0.25340244,0.04156423
21,7,none,pz,1337,104,0,0,True,0.52279466,0.030181048,0.22967029,0.217354
21,7,none,pz,1338,104,2,2,True,0.0033382683,0.005830892,0.9690205,0.021810228
21,7,none,pz,1339,104,3,2,False,0.18449128,0.3578893,0.36529732,0.09232219
21,7,none,pz,1340,104,2,1,False,0.29839715,0.3468093,0.30759618,0.047197342
21,7,none,pz,1341,104,3,3,True,0.023523692,0.019779634,0.023559475,0.93313724
21,7,none,pz,1342,104,3,3,True,0.02290223,0.05989807,0.009654947,0.9075448
21,7,none,pz,1343,104,2,2,True,0.045572404,0.16445073,0.76340634,0.026570601
21,7,none,pz,1344,104,3,3,True,0.010171572,0.005716516,0.011425619,0.9726863
21,7,none,pz,1345,104,2,2,True,0.16709088,0.15442573,0.56555736,0.11292605
21,7,none,pz,1346,104,3,3,True,0.17273986,0.07079022,0.15232022,0.6041497
21,7,none,pz,1347,104,2,2,True,0.23733008,0.17445864,0.5459599,0.04225134
21,7,none,pz,1348,104,3,3,True,0.0114776045,0.24163346,0.11992993,0.626959
21,7,none,pz,1349,104,2,1,False,0.012165699,0.8276736,0.10547341,0.054687355
21,7,none,pz,1350,104,2,2,True,0.07805626,0.19654848,0.5996615,0.12573372
21,7,none,pz,1351,104,3,0,False,0.43839446,0.0325666,0.13891849,0.39012048
21,7,none,pz,1352,104,3,3,True,0.06860366,0.07646693,0.28809518,0.5668343
21,7,none,pz,1353,105,0,0,True,0.93841606,0.00049353595,0.020268165,0.0408223
21,7,none,pz,1354,105,1,1,True,0.00086766726,0.97657824,0.014923326,0.007630835
21,7,none,pz,1355,105,1,1,True,0.0015688852,0.94275206,0.02606075,0.029618254
21,7,none,pz,1356,105,0,0,True,0.9504837,0.00037556735,0.010159781,0.038980894
21,7,none,pz,1357,105,1,1,True,0.00015783163,0.92471737,0.058514636,0.016610129
21,7,none,pz,1358,105,0,0,True,0.9990069,8.944459e-06,0.00048397,0.0005002225
21,7,none,pz,1359,105,1,1,True,0.0006171064,0.9747039,0.0013337698,0.02334515
21,7,none,pz,1360,105,0,0,True,0.9727836,0.00040849266,0.0012850777,0.02552276
21,7,none,pz,1361,105,0,0,True,0.98547137,0.0006240755,0.0066222707,0.007282244
21,7,none,pz,1362,105,1,1,True,0.012035278,0.5680208,0.0040027355,0.41594112
21,7,none,pz,1363,105,1,1,True,0.0001782154,0.96525586,0.002742201,0.031823732
21,7,none,pz,1364,105,0,0,True,0.9978174,0.00018211652,0.00026321947,0.0017372437
21,7,none,pz,1365,105,1,3,False,0.015416741,0.31403112,0.24970818,0.42084393
21,7,none,pz,1366,105,0,0,True,0.97351235,7.64421e-05,0.016688203,0.009722941
21,7,none,pz,1367,105,0,0,True,0.88074905,0.009156358,0.057962716,0.052131843
21,7,none,pz,1368,105,3,3,True,0.0046191127,0.0028210313,0.0027922017,0.98976773
21,7,none,pz,1369,105,2,3,False,0.016917508,0.03283809,0.17827028,0.7719741
21,7,none,pz,1370,105,2,3,False,0.01436694,0.030345768,0.17250846,0.78277886
21,7,none,pz,1371,105,3,3,True,0.002440063,0.006618953,0.050152283,0.9407887
21,7,none,pz,1372,105,3,3,True,0.05824847,0.003824697,0.12012799,0.81779885
21,7,none,pz,1373,105,2,3,False,0.021638243,0.009794823,0.3710703,0.5974966
21,7,none,pz,1374,105,3,3,True,0.0007163082,0.003859185,0.0040302,0.99139434
21,7,none,pz,1375,105,2,2,True,0.019917704,0.043003958,0.79636866,0.14070968
21,7,none,pz,1376,105,3,3,True,0.013783799,0.15671048,0.092319764,0.73718596
21,7,none,pz,1377,105,2,2,True,0.09977615,0.1155472,0.5244101,0.2602665
21,7,none,pz,1378,105,3,2,False,0.09627182,0.016423892,0.72930163,0.15800267
21,7,none,pz,1379,105,2,3,False,0.0012530156,0.019890174,0.12429324,0.8545636
21,7,none,pz,1380,105,3,3,True,0.003456265,0.00057867664,0.019110423,0.9768546
21,7,none,pz,1381,105,2,2,True,0.014779476,0.008842508,0.905693,0.070685014
21,7,none,pz,1382,105,2,3,False,0.001018664,0.007877179,0.105184674,0.8859195
21,7,none,pz,1383,105,1,1,True,9.1624046e-05,0.9862833,0.012298098,0.0013269188
21,7,none,pz,1384,105,0,3,False,0.16045307,0.0013451301,0.40292817,0.43527368
21,7,none,pz,1385,105,1,1,True,0.00041206367,0.85588783,0.1074609,0.036239184
21,7,none,pz,1386,105,0,3,False,0.079827234,0.00029865708,0.026780285,0.8930938
21,7,none,pz,1387,105,0,2,False,0.4196665,0.0003649613,0.46480504,0.11516348
21,7,none,pz,1388,105,1,1,True,0.01680029,0.8975841,0.051318143,0.034297492
21,7,none,pz,1389,105,1,1,True,0.00050375046,0.96443075,0.03417762,0.0008877769
21,7,none,pz,1390,105,0,0,True,0.9821708,0.0018474641,0.012537405,0.0034442255
21,7,none,pz,1391,105,0,0,True,0.8345465,0.01762322,0.10557074,0.0422595
21,7,none,pz,1392,105,1,1,True,0.0017445687,0.82643235,0.16212182,0.009701306
21,7,none,pz,1393,105,0,0,True,0.9633124,0.00083900563,0.009199418,0.02664922
21,7,none,pz,1394,105,1,1,True,0.0033690997,0.98742944,0.0077950936,0.0014063615
21,7,none,pz,1395,105,0,2,False,0.36385444,0.003942486,0.62591815,0.006284907
21,7,none,pz,1396,105,1,1,True,0.00022648441,0.9923185,0.006510024,0.0009449873
21,7,none,pz,1397,105,1,1,True,0.011257229,0.67543316,0.1033994,0.20991021
21,7,none,pz,1398,105,3,2,False,0.010288951,0.011444386,0.5478839,0.43038276
21,7,none,pz,1399,105,2,2,True,0.0057843532,0.006911878,0.8740996,0.113204144
21,7,none,pz,1400,105,3,3,True,0.019199504,0.009779026,0.11131931,0.8597021
21,7,none,pz,1401,105,2,2,True,0.011391983,0.003695056,0.96546793,0.019445078
21,7,none,pz,1402,105,3,2,False,0.0018924227,0.010391396,0.7071181,0.28059804
21,7,none,pz,1403,105,2,2,True,0.0027405308,0.0029302204,0.94678575,0.047543563
21,7,none,pz,1404,105,3,2,False,0.007862909,0.02642297,0.72234666,0.24336743
21,7,none,pz,1405,105,2,3,False,0.07862705,0.016149217,0.06866326,0.8365605
21,7,none,pz,1406,105,3,3,True,0.006728358,0.0019330337,0.33013517,0.66120344
21,7,none,pz,1407,105,2,2,True,0.0046614083,0.0891462,0.6325511,0.27364135
21,7,none,pz,1408,105,2,3,False,0.03503792,0.12340903,0.31645033,0.5251027
21,7,none,pz,1409,105,3,3,True,0.06487901,0.2446907,0.19243017,0.49800017
21,7,none,pz,1410,105,3,3,True,0.0062427414,0.020684626,0.030564496,0.94250816
21,7,none,pz,1411,105,2,2,True,0.0042387163,0.018728847,0.8732587,0.10377371
21,7,none,pz,1412,105,2,2,True,0.0059129964,0.026336754,0.9410955,0.026654834
21,7,none,pz,1413,105,1,3,False,0.0010687641,0.26800898,0.022945136,0.7079771
21,7,none,pz,1414,105,0,0,True,0.8033006,0.008446986,0.17394558,0.0143069085
21,7,none,pz,1415,105,1,1,True,0.0013388755,0.8413677,0.049290884,0.10800254
21,7,none,pz,1416,105,0,2,False,0.1427523,0.032541312,0.6149005,0.20980585
21,7,none,pz,1417,105,1,1,True,0.00064266217,0.7751983,0.10625175,0.11790739
21,7,none,pz,1418,105,0,0,True,0.4542723,0.0030686841,0.43792966,0.10472934
21,7,none,pz,1419,105,1,2,False,0.02815917,0.2843969,0.3882126,0.2992313
21,7,none,pz,1420,105,0,0,True,0.8261774,0.010357843,0.100089215,0.06337547
21,7,none,pz,1421,105,0,2,False,0.23515789,0.05687518,0.4993763,0.20859069
21,7,none,pz,1422,105,1,1,True,0.0143938605,0.9304043,0.047499124,0.0077027883
21,7,none,pz,1423,105,1,1,True,0.000420392,0.97829264,0.004642464,0.0166445
21,7,none,pz,1424,105,0,0,True,0.80146515,0.0034653733,0.08853196,0.10653747
21,7,none,pz,1425,105,1,1,True,0.00040362895,0.57659566,0.37559766,0.047403146
21,7,none,pz,1426,105,0,2,False,0.02883599,0.0014070385,0.94125533,0.028501686
21,7,none,pz,1427,105,0,3,False,0.1180571,0.00654823,0.30151245,0.5738822
21,7,none,pz,1428,105,2,3,False,0.005437625,0.01902311,0.23314281,0.7423965
21,7,none,pz,1429,105,3,3,True,0.0045439247,0.008825201,0.15728217,0.8293487
21,7,none,pz,1430,105,3,3,True,0.014594737,0.013840029,0.053540453,0.9180247
21,7,none,pz,1431,105,2,2,True,0.0024109532,0.012232208,0.8256882,0.15966862
21,7,none,pz,1432,105,3,3,True,0.043264847,0.052062597,0.40562126,0.49905124
21,7,none,pz,1433,105,2,2,True,0.025511773,0.039801,0.81302327,0.12166392
21,7,none,pz,1434,105,3,2,False,0.05472665,0.064514756,0.45324484,0.42751378
21,7,none,pz,1435,105,2,2,True,0.11071271,0.066200085,0.6218247,0.2012626
21,7,none,pz,1436,105,3,3,True,0.0028566725,0.02339819,0.23673072,0.7370144
21,7,none,pz,1437,105,2,2,True,0.003412938,0.008584082,0.9697804,0.018222658
21,7,none,pz,1438,105,2,2,True,0.007878482,0.053562123,0.70713043,0.23142895
21,7,none,pz,1439,105,3,3,True,0.034144104,0.033749413,0.2632885,0.668818
21,7,none,pz,1440,105,2,2,True,0.00496175,0.015692776,0.61748743,0.36185807
21,7,none,pz,1441,105,3,2,False,0.0018205857,0.0054713576,0.8052836,0.18742447
21,7,none,pz,1442,105,2,3,False,0.038180593,0.0051052407,0.2556312,0.70108294
21,7,none,pz,1443,106,0,2,False,0.008173146,0.0015940153,0.8737746,0.11645828
21,7,none,pz,1444,106,1,3,False,0.026608827,0.11677876,0.40413067,0.45248175
21,7,none,pz,1445,106,0,2,False,0.009953689,0.0043647485,0.94149095,0.044190604
21,7,none,pz,1446,106,1,3,False,0.021081751,0.014499591,0.38874236,0.5756763
21,7,none,pz,1447,106,0,2,False,0.0154869845,0.004884938,0.97556686,0.0040611657
21,7,none,pz,1448,106,1,2,False,0.009008969,0.0056002117,0.816722,0.16866879
21,7,none,pz,1449,106,0,3,False,0.049939513,0.046237726,0.3693081,0.5345146
21,7,none,pz,1450,106,1,3,False,0.021936292,0.18061785,0.18700776,0.61043817
21,7,none,pz,1451,106,0,1,False,0.23846132,0.32031533,0.18838379,0.25283962
21,7,none,pz,1452,106,1,2,False,0.0037243208,0.039937846,0.84657514,0.109762676
21,7,none,pz,1453,106,0,3,False,0.011874858,0.37692708,0.13105336,0.4801447
21,7,none,pz,1454,106,1,2,False,0.008710548,0.27173716,0.715101,0.004451292
21,7,none,pz,1455,106,1,1,True,0.056038577,0.69132406,0.07613775,0.1764996
21,7,none,pz,1456,106,0,0,True,0.84691626,0.0058680954,0.0661232,0.08109238
21,7,none,pz,1457,106,0,0,True,0.9737181,0.002515396,0.020561071,0.0032054377
21,7,none,pz,1458,106,3,2,False,0.007289363,0.0069026775,0.6910997,0.29470825
21,7,none,pz,1459,106,2,3,False,0.0033296857,0.033880897,0.16466443,0.79812497
21,7,none,pz,1460,106,3,3,True,0.06320851,0.020247785,0.26660326,0.6499405
21,7,none,pz,1461,106,2,1,False,0.12586474,0.5155053,0.21729916,0.14133075
21,7,none,pz,1462,106,2,2,True,0.010374275,0.05649443,0.6744572,0.25867411
21,7,none,pz,1463,106,3,1,False,0.13480887,0.49564674,0.105860256,0.26368415
21,7,none,pz,1464,106,3,3,True,0.0043259263,0.0183273,0.018454723,0.95889205
21,7,none,pz,1465,106,2,2,True,0.083754025,0.017114278,0.8703457,0.028785918
21,7,none,pz,1466,106,3,3,True,0.054060906,0.38898382,0.11843435,0.43852097
21,7,none,pz,1467,106,2,2,True,0.061858255,0.01773391,0.89711,0.02329779
21,7,none,pz,1468,106,3,2,False,0.087831296,0.015299027,0.50566715,0.39120257
21,7,none,pz,1469,106,2,1,False,0.13094917,0.52508956,0.24701323,0.09694804
21,7,none,pz,1470,106,3,3,True,0.07072428,0.013374018,0.07344278,0.84245896
21,7,none,pz,1471,106,2,3,False,0.27510744,0.045013655,0.057751678,0.62212723
21,7,none,pz,1472,106,3,3,True,0.05504799,0.0048920754,0.029266221,0.9107937
21,7,none,pz,1473,106,1,1,True,0.00012571835,0.9974681,0.00051421724,0.0018919088
21,7,none,pz,1474,106,0,3,False,0.23100957,0.0028858015,0.03545802,0.7306466
21,7,none,pz,1475,106,1,2,False,0.05998711,0.0900088,0.8080555,0.04194854
21,7,none,pz,1476,106,0,2,False,0.07470711,0.2495195,0.64084464,0.034928776
21,7,none,pz,1477,106,0,3,False,0.023075,0.042841733,0.042523548,0.8915597
21,7,none,pz,1478,106,1,3,False,0.015531259,0.012409027,0.11440385,0.8576559
21,7,none,pz,1479,106,1,1,True,0.0026696688,0.96380836,0.0038493676,0.029672636
21,7,none,pz,1480,106,0,2,False,0.13085505,0.13784792,0.6493581,0.08193892
21,7,none,pz,1481,106,0,3,False,0.014126231,0.08278,0.12641886,0.7766749
21,7,none,pz,1482,106,1,1,True,0.2305675,0.4240579,0.33689672,0.008477929
21,7,none,pz,1483,106,1,1,True,0.0014715047,0.98194766,0.013440473,0.003140261
21,7,none,pz,1484,106,0,0,True,0.8928601,0.022223337,0.057560235,0.02735623
21,7,none,pz,1485,106,0,3,False,0.081533946,0.23114821,0.14275393,0.5445639
21,7,none,pz,1486,106,1,1,True,0.008627134,0.95062256,0.036014583,0.004735659
21,7,none,pz,1487,106,0,3,False,0.02451495,0.23166272,0.28628367,0.4575387
21,7,none,pz,1488,106,2,2,True,0.013872993,0.0060969726,0.9716684,0.00836154
21,7,none,pz,1489,106,3,3,True,0.08529362,0.026774604,0.018822636,0.8691091
21,7,none,pz,1490,106,2,2,True,0.0305982,0.13025263,0.54550445,0.29364476
21,7,none,pz,1491,106,3,2,False,0.018405408,0.0014496275,0.6817718,0.29837316
21,7,none,pz,1492,106,3,3,True,0.29152927,0.15602654,0.25091156,0.30153263
21,7,none,pz,1493,106,2,2,True,0.3986333,0.05013574,0.5296756,0.021555364
21,7,none,pz,1494,106,2,2,True,0.035184473,0.3000469,0.63768506,0.027083507
21,7,none,pz,1495,106,3,0,False,0.7258269,0.046402313,0.10564612,0.12212471
21,7,none,pz,1496,106,2,2,True,0.036885135,0.43225175,0.527114,0.0037491804
21,7,none,pz,1497,106,3,2,False,0.09374257,0.038002566,0.862474,0.005780782
21,7,none,pz,1498,106,3,2,False,0.06972416,0.09502045,0.7381974,0.09705804
21,7,none,pz,1499,106,2,2,True,0.0810299,0.016650435,0.8030133,0.0993064
21,7,none,pz,1500,106,2,3,False,0.008162207,0.024788639,0.4174727,0.54957646
21,7,none,pz,1501,106,3,3,True,0.00131584,0.0029626526,0.039752007,0.95596945
21,7,none,pz,1502,106,2,2,True,0.26938033,0.012934056,0.7040964,0.013589233
21,7,none,pz,1503,106,1,1,True,0.011452855,0.8364126,0.13997085,0.012163599
21,7,none,pz,1504,106,0,2,False,0.14784794,0.33551657,0.4219904,0.09464503
21,7,none,pz,1505,106,0,2,False,0.04916347,0.009099875,0.57973486,0.36200184
21,7,none,pz,1506,106,1,2,False,0.23293701,0.019336138,0.7355424,0.012184519
21,7,none,pz,1507,106,0,0,True,0.74749845,0.07743075,0.06366042,0.1114104
21,7,none,pz,1508,106,1,1,True,0.0051478846,0.4975403,0.053211022,0.44410083
21,7,none,pz,1509,106,0,3,False,0.22390278,0.1562418,0.2021297,0.41772574
21,7,none,pz,1510,106,1,2,False,0.12817444,0.06801597,0.76603425,0.03777531
21,7,none,pz,1511,106,1,1,True,0.011814447,0.88126695,0.030800715,0.07611794
21,7,none,pz,1512,106,0,0,True,0.92277706,0.018526156,0.024005868,0.034690943
21,7,none,pz,1513,106,0,0,True,0.9766218,0.0086747585,0.013955854,0.0007475358
21,7,none,pz,1514,106,1,2,False,0.04225489,0.014715835,0.9254889,0.017540378
21,7,none,pz,1515,106,1,3,False,0.011942761,0.044970226,0.037217293,0.9058697
21,7,none,pz,1516,106,0,0,True,0.57017803,0.0020360881,0.2770796,0.15070628
21,7,none,pz,1517,106,0,3,False,0.38508627,0.10223455,0.070677824,0.44200128
21,7,none,pz,1518,106,2,2,True,0.019212278,0.2986599,0.622485,0.059642818
21,7,none,pz,1519,106,3,1,False,0.07894401,0.3502128,0.26474312,0.3061
21,7,none,pz,1520,106,2,3,False,0.09689333,0.16544476,0.31019768,0.42746425
21,7,none,pz,1521,106,3,2,False,0.05925009,0.073332414,0.5869044,0.28051305
21,7,none,pz,1522,106,2,1,False,0.11869175,0.4372504,0.2336725,0.21038538
21,7,none,pz,1523,106,3,2,False,0.28408414,0.048142824,0.37059522,0.29717785
21,7,none,pz,1524,106,2,2,True,0.030872717,0.042315435,0.771086,0.15572591
21,7,none,pz,1525,106,3,2,False,0.05466849,0.30160317,0.33655173,0.30717662
21,7,none,pz,1526,106,2,2,True,0.0010307922,0.008535925,0.88584906,0.10458423
21,7,none,pz,1527,106,3,2,False,0.27607715,0.09489744,0.60162455,0.027400801
21,7,none,pz,1528,106,3,0,False,0.60943604,0.014385091,0.05391147,0.32226735
21,7,none,pz,1529,106,2,3,False,0.03724835,0.0015259493,0.42248982,0.53873587
21,7,none,pz,1530,106,3,2,False,0.4545461,0.04285872,0.46861976,0.033975396
21,7,none,pz,1531,106,2,2,True,0.0060220324,0.013146305,0.9508292,0.030002503
21,7,none,pz,1532,106,2,2,True,0.3267002,0.009055676,0.6326618,0.031582274
21,7,none,pz,1533,107,1,1,True,0.003039001,0.9556146,0.0072939745,0.034052413
21,7,none,pz,1534,107,0,0,True,0.57014173,0.14389239,0.08050531,0.20546058
21,7,none,pz,1535,107,0,0,True,0.9416394,0.018140666,0.028684488,0.011535523
21,7,none,pz,1536,107,1,1,True,0.00076612266,0.9324282,0.00022995958,0.0665757
21,7,none,pz,1537,107,0,0,True,0.88046783,0.10699181,0.0053229025,0.007217447
21,7,none,pz,1538,107,1,1,True,0.002712506,0.96412903,0.004011502,0.029146912
21,7,none,pz,1539,107,0,0,True,0.9444562,0.024831126,0.01550924,0.015203391
21,7,none,pz,1540,107,1,1,True,0.010607535,0.9801459,0.00457784,0.004668733
21,7,none,pz,1541,107,0,0,True,0.96431935,0.0008250182,0.00066411425,0.034191538
21,7,none,pz,1542,107,1,1,True,0.025053233,0.9376822,0.006994214,0.030270401
21,7,none,pz,1543,107,0,0,True,0.89638036,0.007692012,0.00978738,0.08614033
21,7,none,pz,1544,107,1,1,True,0.13590632,0.55991316,0.03767806,0.26650238
21,7,none,pz,1545,107,0,0,True,0.9837329,0.0004199436,0.001768745,0.01407834
21,7,none,pz,1546,107,1,1,True,0.0067545967,0.7519587,0.014482728,0.22680394
21,7,none,pz,1547,107,0,0,True,0.99264234,0.0012800626,0.0023753582,0.0037021635
21,7,none,pz,1548,107,3,3,True,0.05608146,0.32804626,0.024060603,0.59181166
21,7,none,pz,1549,107,2,1,False,0.097378336,0.44162613,0.22711134,0.23388422
21,7,none,pz,1550,107,3,3,True,0.07360426,0.16112539,0.031357583,0.73391277
21,7,none,pz,1551,107,2,1,False,0.024456242,0.9179262,0.012805551,0.04481209
21,7,none,pz,1552,107,3,0,False,0.87647885,0.045292936,0.018419389,0.05980882
21,7,none,pz,1553,107,2,3,False,0.2937316,0.07759878,0.20874107,0.41992855
21,7,none,pz,1554,107,2,0,False,0.84351844,0.051119916,0.0015231052,0.10383858
21,7,none,pz,1555,107,3,0,False,0.55114084,0.005263373,5.891325e-05,0.44353682
21,7,none,pz,1556,107,3,0,False,0.90944153,0.0077230274,0.07802526,0.0048101335
21,7,none,pz,1557,107,2,1,False,0.21738438,0.40477332,0.23536569,0.14247665
21,7,none,pz,1558,107,2,1,False,0.085837044,0.8149769,0.014621548,0.08456453
21,7,none,pz,1559,107,3,0,False,0.839245,0.093652025,0.0046555917,0.06244733
21,7,none,pz,1560,107,2,3,False,0.24241413,0.08113351,0.03604952,0.64040285
21,7,none,pz,1561,107,3,3,True,0.098585956,0.1947179,0.032163475,0.6745327
21,7,none,pz,1562,107,3,3,True,0.20931481,0.009603982,0.023771381,0.7573099
21,7,none,pz,1563,107,1,1,True,0.09148511,0.6724182,0.008018068,0.22807857
21,7,none,pz,1564,107,0,0,True,0.9505556,0.033831745,0.0037832996,0.011829343
21,7,none,pz,1565,107,1,1,True,0.09429664,0.8381019,0.028556583,0.039044943
21,7,none,pz,1566,107,0,0,True,0.8719296,0.1041581,0.00091854116,0.022993725
21,7,none,pz,1567,107,1,1,True,0.0004624606,0.9991093,5.0196893e-05,0.00037800896
21,7,none,pz,1568,107,0,0,True,0.6517728,0.17810898,0.0076278406,0.16249038
21,7,none,pz,1569,107,0,0,True,0.5293697,0.06705575,0.01208992,0.3914846
21,7,none,pz,1570,107,1,2,False,0.27050182,0.023796607,0.393585,0.31211656
21,7,none,pz,1571,107,0,0,True,0.99758875,0.001234984,0.0008970604,0.00027919374
21,7,none,pz,1572,107,1,0,False,0.7683297,0.090852946,0.06368273,0.07713462
21,7,none,pz,1573,107,0,3,False,0.29660255,0.24530976,0.08020794,0.37787974
21,7,none,pz,1574,107,1,2,False,0.0980976,0.03269135,0.5124904,0.35672063
21,7,none,pz,1575,107,1,2,False,0.12103776,0.15850702,0.6761904,0.044264834
21,7,none,pz,1576,107,0,1,False,0.23124716,0.69220454,0.015446268,0.06110207
21,7,none,pz,1577,107,0,0,True,0.8283934,0.020644736,0.015337112,0.13562477
21,7,none,pz,1578,107,3,3,True,0.42059442,0.04377209,0.111975335,0.42365813
21,7,none,pz,1579,107,2,3,False,0.13148177,0.008070135,0.008812515,0.8516356
21,7,none,pz,1580,107,3,0,False,0.84952563,0.016277162,0.0046036146,0.12959363
21,7,none,pz,1581,107,2,3,False,0.030139824,0.031395108,0.06905458,0.8694105
21,7,none,pz,1582,107,2,1,False,0.2602491,0.5751142,0.035761375,0.12887533
21,7,none,pz,1583,107,3,0,False,0.5852455,0.0111553455,0.024581816,0.37901738
21,7,none,pz,1584,107,3,0,False,0.9482813,0.009555282,0.007550731,0.03461267
21,7,none,pz,1585,107,2,0,False,0.7867777,0.10819823,0.09569604,0.009328053
21,7,none,pz,1586,107,2,1,False,0.35375917,0.39112893,0.0025590935,0.2525528
21,7,none,pz,1587,107,3,3,True,0.02477439,0.1253512,0.003594832,0.84627956
21,7,none,pz,1588,107,2,2,True,0.18902384,0.122048154,0.53903884,0.1498891
21,7,none,pz,1589,107,3,3,True,0.02073388,0.2530559,0.038463347,0.6877469
21,7,none,pz,1590,107,3,0,False,0.5431716,0.10755879,0.023603244,0.32566637
21,7,none,pz,1591,107,2,3,False,0.018785413,0.03843828,0.0021212576,0.940655
21,7,none,pz,1592,107,2,3,False,0.05395822,0.027289394,0.019319804,0.89943254
21,7,none,pz,1593,107,0,0,True,0.9842928,0.0066706543,0.0010679628,0.007968579
21,7,none,pz,1594,107,1,1,True,0.14177245,0.5405498,0.007394555,0.31028312
21,7,none,pz,1595,107,1,1,True,0.19086091,0.52725816,0.019743813,0.26213712
21,7,none,pz,1596,107,0,0,True,0.90725845,0.043703947,0.0072682286,0.04176942
21,7,none,pz,1597,107,1,1,True,0.11032284,0.67853886,0.1396999,0.07143835
21,7,none,pz,1598,107,0,0,True,0.7064695,0.21358931,0.03992792,0.040013257
21,7,none,pz,1599,107,1,3,False,0.0390688,0.14271045,0.006237913,0.81198287
21,7,none,pz,1600,107,0,1,False,0.16579548,0.47090355,0.116500966,0.24679999
21,7,none,pz,1601,107,1,1,True,0.11961149,0.6247521,0.038918946,0.21671745
21,7,none,pz,1602,107,0,3,False,0.022667537,0.07464919,0.011012678,0.89167064
21,7,none,pz,1603,107,0,0,True,0.94035965,0.029915525,0.0009923329,0.028732486
21,7,none,pz,1604,107,1,1,True,0.08245072,0.91191775,0.003982266,0.0016493754
21,7,none,pz,1605,107,0,3,False,0.37018785,0.13777357,0.046046592,0.4459919
21,7,none,pz,1606,107,1,1,True,0.23012562,0.29952317,0.21019074,0.26016048
21,7,none,pz,1607,107,0,1,False,0.017485887,0.8906937,0.0022887825,0.089531556
21,7,none,pz,1608,107,3,0,False,0.6979394,0.0740289,0.1664903,0.061541412
21,7,none,pz,1609,107,2,3,False,0.06097893,0.16217554,0.021025097,0.75582045
21,7,none,pz,1610,107,2,0,False,0.843362,0.009913512,0.041995358,0.10472917
21,7,none,pz,1611,107,3,3,True,0.096316606,0.022598347,0.0052133617,0.8758717
21,7,none,pz,1612,107,2,1,False,0.4033845,0.5823688,0.0046271994,0.0096194735
21,7,none,pz,1613,107,3,0,False,0.8040701,0.13304429,0.022425853,0.04045969
21,7,none,pz,1614,107,3,1,False,0.077580966,0.6478409,0.0370423,0.23753583
21,7,none,pz,1615,107,2,2,True,0.17279913,0.2172722,0.34685305,0.26307562
21,7,none,pz,1616,107,2,0,False,0.789277,0.01857948,0.049406108,0.14273733
21,7,none,pz,1617,107,3,3,True,0.015001917,0.15118568,0.0095017385,0.8243107
21,7,none,pz,1618,107,2,2,True,0.16780028,0.03796489,0.39825282,0.39598203
21,7,none,pz,1619,107,3,3,True,0.05269196,0.30856475,0.1146566,0.5240867
21,7,none,pz,1620,107,2,3,False,0.04792051,0.1205411,0.037449893,0.7940885
21,7,none,pz,1621,107,3,3,True,0.0053587244,0.45777774,0.042524494,0.49433896
21,7,none,pz,1622,107,3,3,True,0.2627908,0.08840616,0.08754781,0.5612553
21,7,none,pz,1623,108,0,0,True,0.94416153,0.0002704048,0.0013323135,0.05423588
21,7,none,pz,1624,108,1,1,True,0.0001858223,0.99437064,0.00040277845,0.0050407173
21,7,none,pz,1625,108,0,3,False,0.055068895,0.0013010637,0.00093805767,0.942692
21,7,none,pz,1626,108,1,3,False,0.34270903,0.11661364,0.0021286516,0.53854865
21,7,none,pz,1627,108,0,0,True,0.98984045,0.00019978342,0.000117375625,0.00984234
21,7,none,pz,1628,108,1,1,True,0.0006594408,0.9935869,1.4527689e-05,0.0057391203
21,7,none,pz,1629,108,1,1,True,8.03908e-05,0.96427387,6.522985e-05,0.035580657
21,7,none,pz,1630,108,0,0,True,0.97103083,0.0005457291,0.0001784058,0.028245136
21,7,none,pz,1631,108,0,0,True,0.9994505,9.584064e-06,9.140766e-06,0.0005307831
21,7,none,pz,1632,108,1,1,True,0.016098676,0.75394684,0.0013379279,0.22861654
21,7,none,pz,1633,108,0,0,True,0.9987325,0.00014924572,0.0005755859,0.00054262066
21,7,none,pz,1634,108,1,3,False,0.10904871,0.3987611,0.010814709,0.4813755
21,7,none,pz,1635,108,0,3,False,0.30838728,0.16392595,0.07367672,0.45401004
21,7,none,pz,1636,108,1,1,True,0.019450383,0.91049767,0.015303279,0.05474875
21,7,none,pz,1637,108,1,1,True,0.00035609285,0.89272666,0.00027892986,0.10663828
21,7,none,pz,1638,108,2,1,False,0.01646314,0.46559384,0.3020449,0.21589807
21,7,none,pz,1639,108,3,3,True,0.0002996209,0.0043557663,0.005163909,0.99018073
21,7,none,pz,1640,108,2,3,False,0.020953737,0.045840107,0.04664458,0.8865615
21,7,none,pz,1641,108,3,3,True,0.001273283,0.023368621,0.005468316,0.9698898
21,7,none,pz,1642,108,3,3,True,0.001978628,0.0056226626,0.0038348753,0.9885639
21,7,none,pz,1643,108,2,1,False,0.14683488,0.3957945,0.31449744,0.14287314
21,7,none,pz,1644,108,2,0,False,0.53497255,0.008619411,0.036520425,0.41988763
21,7,none,pz,1645,108,3,3,True,0.007497889,0.007649965,0.002073022,0.9827792
21,7,none,pz,1646,108,2,1,False,0.08298538,0.90405226,0.0032708768,0.009691459
21,7,none,pz,1647,108,3,3,True,0.026037594,0.07079241,0.007009113,0.8961609
21,7,none,pz,1648,108,3,3,True,0.004385088,0.011388521,0.010965548,0.9732608
21,7,none,pz,1649,108,2,1,False,0.0858543,0.53415436,0.10923621,0.2707551
21,7,none,pz,1650,108,3,3,True,0.07443501,0.002954414,0.009559034,0.91305155
21,7,none,pz,1651,108,2,2,True,0.0403592,0.2311249,0.40692154,0.32159433
21,7,none,pz,1652,108,3,3,True,0.034867804,0.0065935766,0.07273596,0.8858027
21,7,none,pz,1653,108,1,1,True,0.0003583995,0.528863,0.45095748,0.019821076
21,7,none,pz,1654,108,0,1,False,0.1273324,0.35716283,0.1699344,0.3455704
21,7,none,pz,1655,108,1,1,True,0.03949278,0.34699672,0.3074057,0.3061048
21,7,none,pz,1656,108,0,0,True,0.877076,0.00020315796,0.003288182,0.11943258
21,7,none,pz,1657,108,0,0,True,0.8180738,0.004709948,0.00031324578,0.17690304
21,7,none,pz,1658,108,1,1,True,0.0025491207,0.9298345,0.006566324,0.061050016
21,7,none,pz,1659,108,1,1,True,0.0046774154,0.97979146,0.004882872,0.010648364
21,7,none,pz,1660,108,0,0,True,0.9782486,0.0017559682,0.0026042445,0.017391067
21,7,none,pz,1661,108,0,0,True,0.9911561,0.0002876491,0.000877266,0.007678917
21,7,none,pz,1662,108,1,1,True,9.2838876e-05,0.99737906,0.0016052322,0.00092282466
21,7,none,pz,1663,108,1,1,True,0.0012809129,0.950315,0.0048444313,0.04355965
21,7,none,pz,1664,108,0,0,True,0.8710655,0.0017437373,0.010435334,0.11675541
21,7,none,pz,1665,108,1,1,True,0.007972206,0.65142316,0.22869456,0.11191007
21,7,none,pz,1666,108,0,0,True,0.9482209,0.0021852676,0.005790438,0.043803483
21,7,none,pz,1667,108,1,0,False,0.44950682,0.31557357,0.011216056,0.22370353
21,7,none,pz,1668,108,3,3,True,0.0015513239,0.0015633629,0.0036681,0.9932172
21,7,none,pz,1669,108,2,3,False,0.1373403,0.060908236,0.13775666,0.66399485
21,7,none,pz,1670,108,3,3,True,0.021274496,0.0026651768,0.0079166405,0.9681437
21,7,none,pz,1671,108,2,2,True,0.045496393,0.053573377,0.8393964,0.061533727
21,7,none,pz,1672,108,2,3,False,0.034034077,0.082982235,0.13069293,0.7522908
21,7,none,pz,1673,108,3,3,True,0.0044722427,0.025218574,0.006462689,0.96384656
21,7,none,pz,1674,108,2,2,True,0.026247984,0.14459054,0.73883206,0.09032939
21,7,none,pz,1675,108,3,1,False,0.045178603,0.5987155,0.22334346,0.13276249
21,7,none,pz,1676,108,2,1,False,0.021951457,0.90514463,0.0540262,0.018877579
21,7,none,pz,1677,108,3,3,True,0.041909378,0.26321563,0.14232856,0.55254644
21,7,none,pz,1678,108,2,2,True,0.09953771,0.24596053,0.39388523,0.26061663
21,7,none,pz,1679,108,3,3,True,0.13041395,0.113240466,0.13700108,0.61934453
21,7,none,pz,1680,108,2,3,False,0.016668733,0.0018938757,0.21943422,0.7620032
21,7,none,pz,1681,108,3,3,True,0.3584484,0.022611111,0.02274582,0.5961947
21,7,none,pz,1682,108,3,3,True,0.12034404,0.02624705,0.091721974,0.761687
21,7,none,pz,1683,108,1,1,True,0.0061091324,0.61844176,0.0934855,0.28196362
21,7,none,pz,1684,108,0,0,True,0.75245017,0.026626965,0.12293553,0.09798731
21,7,none,pz,1685,108,0,3,False,0.06794542,0.06374332,0.35484785,0.51346344
21,7,none,pz,1686,108,1,2,False,0.11619286,0.21842726,0.58626896,0.07911091
21,7,none,pz,1687,108,0,3,False,0.07693653,0.14937125,0.017219953,0.7564723
21,7,none,pz,1688,108,1,1,True,0.31005684,0.39565882,0.27617916,0.018105246
21,7,none,pz,1689,108,1,1,True,0.00019848072,0.9918412,0.0059876544,0.001972642
21,7,none,pz,1690,108,0,0,True,0.73913264,0.0031714872,0.019360945,0.23833497
21,7,none,pz,1691,108,0,3,False,0.12366422,0.2914488,0.14282905,0.44205794
21,7,none,pz,1692,108,1,1,True,0.0040737633,0.9895111,0.0036254437,0.0027897733
21,7,none,pz,1693,108,0,3,False,0.27012068,0.02448126,0.0077477493,0.6976503
21,7,none,pz,1694,108,1,1,True,0.25883722,0.3985567,0.025065493,0.31754056
21,7,none,pz,1695,108,1,1,True,0.0003719548,0.99912864,8.767563e-05,0.00041175945
21,7,none,pz,1696,108,0,0,True,0.9015258,0.00814254,0.031091046,0.059240602
21,7,none,pz,1697,108,0,0,True,0.9991086,7.631323e-05,2.0447764e-05,0.0007944986
21,7,none,pz,1698,108,3,3,True,0.04534372,0.07148138,0.010812246,0.8723627
21,7,none,pz,1699,108,2,3,False,0.019422041,0.044843234,0.3995528,0.5361819
21,7,none,pz,1700,108,2,2,True,0.04169009,0.011863061,0.5935252,0.35292172
21,7,none,pz,1701,108,3,3,True,0.00070638506,0.00054447155,0.0005821046,0.99816704
21,7,none,pz,1702,108,2,3,False,0.15879272,0.053343166,0.10257817,0.685286
21,7,none,pz,1703,108,3,2,False,0.25612682,0.025729408,0.5105247,0.20761901
21,7,none,pz,1704,108,3,3,True,0.002952428,0.0007730314,0.012565309,0.9837092
21,7,none,pz,1705,108,2,2,True,0.005410222,0.030847767,0.88876694,0.074975125
21,7,none,pz,1706,108,3,3,True,0.05215682,0.034938145,0.05757026,0.8553347
21,7,none,pz,1707,108,2,1,False,0.034562953,0.5453152,0.06842773,0.35169417
21,7,none,pz,1708,108,2,3,False,0.12748069,0.026386952,0.3175446,0.52858776
21,7,none,pz,1709,108,3,3,True,0.0064379983,0.0063763293,0.0071900617,0.97999567
21,7,none,pz,1710,108,2,1,False,0.02712239,0.6507192,0.04407826,0.27808017
21,7,none,pz,1711,108,3,3,True,0.011753738,0.15891874,0.008116505,0.821211
21,7,none,pz,1712,108,2,0,False,0.72878295,0.10485915,0.040904127,0.12545384
21,7,none,pz,1713,109,0,0,True,0.8659979,0.0011660327,0.008861835,0.12397427
21,7,none,pz,1714,109,1,1,True,0.30782714,0.33768803,0.30771318,0.046771605
21,7,none,pz,1715,109,1,1,True,0.0005128327,0.9983884,0.00045551773,0.00064323173
21,7,none,pz,1716,109,0,2,False,0.06475636,0.08064801,0.6891953,0.16540034
21,7,none,pz,1717,109,1,1,True,0.04228987,0.9248449,0.024709733,0.008155514
21,7,none,pz,1718,109,0,0,True,0.5728677,0.028285133,0.34185752,0.056989625
21,7,none,pz,1719,109,1,2,False,0.14328648,0.40470466,0.4242893,0.02771963
21,7,none,pz,1720,109,0,0,True,0.8370434,0.0025904689,0.15782265,0.002543488
21,7,none,pz,1721,109,1,1,True,0.089602225,0.77762955,0.014708244,0.11805996
21,7,none,pz,1722,109,0,2,False,0.025171796,0.027435223,0.87248635,0.07490661
21,7,none,pz,1723,109,0,0,True,0.89515465,0.0011376403,0.04564295,0.05806474
21,7,none,pz,1724,109,1,1,True,0.032074664,0.48260838,0.061486892,0.42383
21,7,none,pz,1725,109,0,0,True,0.9994431,1.090228e-05,0.0004707282,7.518156e-05
21,7,none,pz,1726,109,1,0,False,0.39301765,0.19988966,0.03581464,0.37127805
21,7,none,pz,1727,109,1,1,True,0.09365736,0.6112644,0.27088463,0.024193551
21,7,none,pz,1728,109,3,3,True,0.032529686,0.33118638,0.22917332,0.40711066
21,7,none,pz,1729,109,2,3,False,0.021651294,0.12430162,0.42181724,0.43222985
21,7,none,pz,1730,109,2,0,False,0.35222107,0.24323946,0.20362173,0.20091777
21,7,none,pz,1731,109,3,3,True,0.07447663,0.0016112992,0.11262937,0.8112827
21,7,none,pz,1732,109,3,3,True,0.01040756,0.010038606,0.28979966,0.6897542
21,7,none,pz,1733,109,2,2,True,0.23378602,0.07183955,0.4316391,0.2627353
21,7,none,pz,1734,109,2,2,True,0.12624003,0.01699893,0.83009106,0.02666999
21,7,none,pz,1735,109,3,3,True,0.31348395,0.108674526,0.18392499,0.39391652
21,7,none,pz,1736,109,2,3,False,0.15601633,0.017429823,0.16653684,0.660017
21,7,none,pz,1737,109,3,3,True,0.018631063,0.061038673,0.10805575,0.8122746
21,7,none,pz,1738,109,2,0,False,0.4546204,0.15456647,0.022935085,0.36787805
21,7,none,pz,1739,109,3,2,False,0.20318556,0.12200389,0.6071168,0.06769377
21,7,none,pz,1740,109,3,2,False,0.08453089,0.024864297,0.52077216,0.3698327
21,7,none,pz,1741,109,2,3,False,0.24431497,0.036201432,0.049254183,0.67022943
21,7,none,pz,1742,109,2,1,False,0.021465205,0.7604935,0.036084276,0.18195705
21,7,none,pz,1743,109,1,1,True,0.017445812,0.6655817,0.25077173,0.066200756
21,7,none,pz,1744,109,0,0,True,0.58583087,0.068506345,0.23425493,0.11140781
21,7,none,pz,1745,109,1,0,False,0.9183977,0.01428972,0.025895372,0.041417144
21,7,none,pz,1746,109,0,3,False,0.15476747,0.0064577586,0.17745078,0.661324
21,7,none,pz,1747,109,0,0,True,0.9495095,0.00021480107,0.005121848,0.045153778
21,7,none,pz,1748,109,1,2,False,0.30998427,0.016202765,0.660285,0.013527949
21,7,none,pz,1749,109,0,0,True,0.37683567,0.042452242,0.24568878,0.3350232
21,7,none,pz,1750,109,1,3,False,0.31634372,0.23159674,0.028505597,0.4235539
21,7,none,pz,1751,109,1,2,False,0.08478719,0.4243118,0.43909666,0.0518044
21,7,none,pz,1752,109,0,2,False,0.19149475,0.0055113677,0.75097704,0.05201681
21,7,none,pz,1753,109,1,0,False,0.56877595,0.031133158,0.0022429244,0.39784795
21,7,none,pz,1754,109,0,3,False,0.19621107,0.29719514,0.021766003,0.48482785
21,7,none,pz,1755,109,1,1,True,0.020733964,0.93062156,0.045632496,0.0030118485
21,7,none,pz,1756,109,0,1,False,0.21249722,0.3889177,0.077198125,0.3213869
21,7,none,pz,1757,109,0,0,True,0.99236274,0.0015663864,0.00039852582,0.0056723272
21,7,none,pz,1758,109,2,3,False,0.0638585,0.0058885403,0.0040471572,0.9262058
21,7,none,pz,1759,109,3,0,False,0.6288318,0.013080198,0.037281066,0.32080692
21,7,none,pz,1760,109,2,3,False,0.04732294,0.028443173,0.071026534,0.8532073
21,7,none,pz,1761,109,3,3,True,0.16901068,0.02786042,0.040447917,0.76268095
21,7,none,pz,1762,109,3,3,True,0.14197503,0.301222,0.013989421,0.5428136
21,7,none,pz,1763,109,2,3,False,0.030050987,0.0109225,0.1096799,0.8493466
21,7,none,pz,1764,109,3,3,True,0.0203294,0.0077309906,0.054173328,0.91776633
21,7,none,pz,1765,109,2,3,False,0.09188548,0.09413751,0.04307673,0.7709003
21,7,none,pz,1766,109,3,3,True,0.056460403,0.13986368,0.03902688,0.76464903
21,7,none,pz,1767,109,2,0,False,0.43094158,0.007963598,0.21431576,0.34677902
21,7,none,pz,1768,109,2,2,True,0.09353336,0.08230184,0.5029186,0.32124618
21,7,none,pz,1769,109,3,3,True,0.09845217,0.0021660563,0.0013344425,0.8980473
21,7,none,pz,1770,109,2,3,False,0.10231085,0.2950139,0.09540781,0.5072675
21,7,none,pz,1771,109,3,3,True,0.0036688382,0.0055110804,0.042957738,0.9478623
21,7,none,pz,1772,109,2,0,False,0.5311846,0.03830102,0.16560186,0.26491252
21,7,none,pz,1773,109,1,3,False,0.031077828,0.3209745,0.10068082,0.5472669
21,7,none,pz,1774,109,0,2,False,0.22794491,0.01895161,0.7001435,0.052959953
21,7,none,pz,1775,109,1,0,False,0.62339973,0.02442852,0.34473473,0.007437003
21,7,none,pz,1776,109,0,3,False,0.04260778,0.0039243517,0.009945868,0.94352204
21,7,none,pz,1777,109,0,2,False,0.1426577,0.017337577,0.72135276,0.11865206
21,7,none,pz,1778,109,1,3,False,0.059652064,0.44838104,0.022823105,0.4691439
21,7,none,pz,1779,109,1,3,False,0.39625108,0.06998105,0.066975534,0.46679226
21,7,none,pz,1780,109,0,3,False,0.01139822,0.0022660298,0.09270405,0.89363164
21,7,none,pz,1781,109,1,0,False,0.7189929,0.09647993,0.033548843,0.15097836
21,7,none,pz,1782,109,0,1,False,0.3350703,0.47806782,0.14832605,0.03853582
21,7,none,pz,1783,109,0,0,True,0.8528758,0.022095917,0.016605034,0.108423226
21,7,none,pz,1784,109,1,3,False,0.2859447,0.01123657,0.32255924,0.3802595
21,7,none,pz,1785,109,0,0,True,0.94294953,0.001396326,0.022383997,0.033270147
21,7,none,pz,1786,109,1,0,False,0.4934416,0.0055884533,0.32561538,0.17535451
21,7,none,pz,1787,109,0,2,False,0.13821147,0.026614955,0.7364466,0.09872694
21,7,none,pz,1788,109,2,2,True,0.02248475,0.4442658,0.49500674,0.038242638
21,7,none,pz,1789,109,3,3,True,0.20184764,0.006125937,0.2656715,0.5263549
21,7,none,pz,1790,109,2,3,False,0.09903686,0.19828622,0.024822207,0.6778547
21,7,none,pz,1791,109,3,3,True,0.15285984,0.008589811,0.111181825,0.72736853
21,7,none,pz,1792,109,2,3,False,0.09214082,0.004771435,0.11618446,0.7869033
21,7,none,pz,1793,109,3,3,True,0.07947733,0.010159818,0.11639185,0.79397094
21,7,none,pz,1794,109,2,0,False,0.8234961,0.0030963114,0.14730282,0.026104713
21,7,none,pz,1795,109,3,3,True,0.08629839,0.01655759,0.16288945,0.7342546
21,7,none,pz,1796,109,3,3,True,0.046017196,0.10256215,0.011863321,0.8395573
21,7,none,pz,1797,109,2,2,True,0.04716368,0.018862173,0.47964936,0.4543248
21,7,none,pz,1798,109,3,1,False,0.020588873,0.62226844,0.0069349636,0.35020775
21,7,none,pz,1799,109,2,3,False,0.07636367,0.0562803,0.0146472,0.8527088
21,7,none,pz,1800,109,2,3,False,0.020714961,0.0020187625,0.39007476,0.5871915
21,7,none,pz,1801,109,3,2,False,0.078018546,0.015731577,0.60127306,0.30497685
21,7,none,pz,1802,109,3,0,False,0.50751054,0.024915017,0.09304658,0.37452787
21,7,none,fcz,0,90,0,0,True,0.7516011,0.006960955,0.0117808,0.22965722
21,7,none,fcz,1,90,1,1,True,0.22058287,0.7548528,0.0073877512,0.017176624
21,7,none,fcz,2,90,1,1,True,0.002434956,0.99350935,5.2766994e-05,0.004002897
21,7,none,fcz,3,90,0,0,True,0.91725624,0.0028682742,0.028138954,0.051736604
21,7,none,fcz,4,90,1,1,True,0.05311974,0.9240104,0.011792614,0.011077322
21,7,none,fcz,5,90,0,0,True,0.9334518,0.0006186976,0.0225313,0.043398213
21,7,none,fcz,6,90,1,1,True,0.3599957,0.597071,0.0055785235,0.037354812
21,7,none,fcz,7,90,0,0,True,0.9937011,0.0013418898,0.0009850952,0.0039718747
21,7,none,fcz,8,90,0,0,True,0.7632584,0.07753023,0.005287057,0.15392429
21,7,none,fcz,9,90,1,1,True,0.0033916004,0.97796655,0.014587844,0.004053972
21,7,none,fcz,10,90,0,0,True,0.843276,0.121322535,0.0225568,0.01284461
21,7,none,fcz,11,90,1,1,True,0.0064072376,0.99324024,0.00016656276,0.00018583583
21,7,none,fcz,12,90,0,0,True,0.8444345,0.0032107546,0.018526118,0.13382861
21,7,none,fcz,13,90,1,2,False,0.17244308,0.11381245,0.6916199,0.022124564
21,7,none,fcz,14,90,1,1,True,0.08201022,0.82631505,0.08869903,0.002975761
21,7,none,fcz,15,90,3,0,False,0.6947937,0.17359944,0.06678632,0.06482053
21,7,none,fcz,16,90,2,2,True,0.09218265,0.022991497,0.50836295,0.37646285
21,7,none,fcz,17,90,2,3,False,0.19399478,0.031639576,0.11994059,0.6544251
21,7,none,fcz,18,90,3,3,True,0.13875428,0.009446198,0.02459961,0.82719994
21,7,none,fcz,19,90,3,3,True,0.08394798,0.022229398,0.2993867,0.59443593
21,7,none,fcz,20,90,2,2,True,0.36145398,0.19146109,0.43235648,0.014728469
21,7,none,fcz,21,90,3,3,True,0.0734757,0.044339057,0.28713503,0.59505016
21,7,none,fcz,22,90,2,0,False,0.52036697,0.24813406,0.18357243,0.047926553
21,7,none,fcz,23,90,2,2,True,0.06813034,0.019920506,0.78128874,0.13066046
21,7,none,fcz,24,90,3,0,False,0.7248348,0.08724872,0.118496604,0.06941984
21,7,none,fcz,25,90,2,2,True,0.13127804,0.045638278,0.79475045,0.028333154
21,7,none,fcz,26,90,3,0,False,0.3981852,0.08533174,0.26318365,0.25329944
21,7,none,fcz,27,90,3,3,True,0.21813741,0.021751184,0.15673098,0.60338044
21,7,none,fcz,28,90,2,0,False,0.37823504,0.2511931,0.2283438,0.14222807
21,7,none,fcz,29,90,2,2,True,0.04712197,0.11689711,0.80358726,0.03239366
21,7,none,fcz,30,90,1,1,True,0.15063329,0.84610176,0.0025725793,0.0006922967
21,7,none,fcz,31,90,0,0,True,0.84814537,0.030419711,0.08722232,0.034212656
21,7,none,fcz,32,90,1,1,True,9.112243e-05,0.998762,5.2079926e-05,0.0010949371
21,7,none,fcz,33,90,0,0,True,0.7854211,0.016932411,0.14981142,0.047835108
21,7,none,fcz,34,90,1,1,True,0.046804752,0.79767233,0.075259626,0.080263235
21,7,none,fcz,35,90,0,2,False,0.2950449,0.053512122,0.5403779,0.111065134
21,7,none,fcz,36,90,1,3,False,0.074289314,0.43925396,0.017323319,0.46913344
21,7,none,fcz,37,90,0,0,True,0.933396,0.029016187,0.026721243,0.010866596
21,7,none,fcz,38,90,1,1,True,0.026021974,0.69532007,0.27122572,0.007432306
21,7,none,fcz,39,90,0,0,True,0.72904754,0.010730242,0.19298121,0.067241065
21,7,none,fcz,40,90,1,1,True,0.45760643,0.46171826,0.027693057,0.052982245
21,7,none,fcz,41,90,0,0,True,0.6325115,0.00065286993,0.13528514,0.23155043
21,7,none,fcz,42,90,1,1,True,0.021180658,0.87918276,0.09303976,0.006596858
21,7,none,fcz,43,90,0,2,False,0.2606883,0.14731002,0.36439443,0.22760727
21,7,none,fcz,44,90,1,1,True,0.00059309666,0.9730705,0.023472887,0.002863502
21,7,none,fcz,45,90,2,0,False,0.53010535,0.01767307,0.23353742,0.21868417
21,7,none,fcz,46,90,3,2,False,0.07984213,0.0076259086,0.76479113,0.1477408
21,7,none,fcz,47,90,3,3,True,0.09082814,0.015338243,0.10072283,0.7931108
21,7,none,fcz,48,90,2,3,False,0.18682207,0.008795669,0.25352666,0.5508556
21,7,none,fcz,49,90,3,3,True,0.15535934,0.13740574,0.1323614,0.57487357
21,7,none,fcz,50,90,2,2,True,0.20091328,0.032756533,0.57145685,0.19487335
21,7,none,fcz,51,90,3,3,True,0.036832437,0.013756076,0.013155463,0.93625605
21,7,none,fcz,52,90,2,2,True,0.14056832,0.086402126,0.44558978,0.32743979
21,7,none,fcz,53,90,3,3,True,0.25301155,0.009212481,0.29794937,0.4398266
21,7,none,fcz,54,90,2,0,False,0.37985805,0.01860828,0.28058136,0.32095233
21,7,none,fcz,55,90,2,2,True,0.09941882,0.08640741,0.57489467,0.23927914
21,7,none,fcz,56,90,3,2,False,0.06482779,0.003796941,0.54514265,0.38623264
21,7,none,fcz,57,90,2,2,True,0.074701115,0.010388264,0.5834795,0.33143106
21,7,none,fcz,58,90,3,3,True,0.21854413,0.0025204897,0.15310037,0.62583506
21,7,none,fcz,59,90,3,3,True,0.08750304,0.04844398,0.08067489,0.7833781
21,7,none,fcz,60,90,1,1,True,0.14027631,0.8166554,0.03149248,0.011575816
21,7,none,fcz,61,90,0,0,True,0.93426913,0.013680017,0.020803114,0.031247713
21,7,none,fcz,62,90,1,1,True,0.095102705,0.8739064,0.029300798,0.0016900715
21,7,none,fcz,63,90,0,0,True,0.8164758,0.011124701,0.10363206,0.06876743
21,7,none,fcz,64,90,0,0,True,0.9644395,0.00015251784,0.027363706,0.008044281
21,7,none,fcz,65,90,1,1,True,0.022103664,0.96242356,0.014161437,0.0013113052
21,7,none,fcz,66,90,1,1,True,0.088953346,0.67055917,0.22536133,0.01512612
21,7,none,fcz,67,90,0,0,True,0.9413573,0.0020917032,0.019440213,0.03711076
21,7,none,fcz,68,90,0,0,True,0.9862403,0.0009777886,0.009362914,0.0034189534
21,7,none,fcz,69,90,1,3,False,0.16864544,0.066175066,0.11648502,0.64869446
21,7,none,fcz,70,90,1,1,True,0.05291846,0.9052691,0.006662315,0.035150167
21,7,none,fcz,71,90,0,0,True,0.6747146,0.020496972,0.19499005,0.10979839
21,7,none,fcz,72,90,1,2,False,0.15086839,0.053730264,0.66272146,0.13267992
21,7,none,fcz,73,90,0,0,True,0.80043674,0.010982748,0.18098156,0.007598943
21,7,none,fcz,74,90,0,0,True,0.83883756,0.004282541,0.07242775,0.08445208
21,7,none,fcz,75,90,2,2,True,0.017861085,0.014190264,0.51971984,0.44822878
21,7,none,fcz,76,90,3,0,False,0.9426718,0.0059617506,0.03374084,0.017625557
21,7,none,fcz,77,90,2,2,True,0.1279751,0.01536925,0.7506882,0.105967425
21,7,none,fcz,78,90,3,3,True,0.06536741,0.008432873,0.22002602,0.7061737
21,7,none,fcz,79,90,2,1,False,0.021751761,0.74341375,0.21446513,0.0203694
21,7,none,fcz,80,90,3,3,True,0.28709534,0.10347531,0.27500483,0.33442456
21,7,none,fcz,81,90,2,2,True,0.016527003,0.005116183,0.5906813,0.38767552
21,7,none,fcz,82,90,3,2,False,0.13736051,0.04889998,0.48575422,0.3279853
21,7,none,fcz,83,90,2,2,True,0.06290123,0.002943728,0.89823985,0.035915162
21,7,none,fcz,84,90,3,2,False,0.06167572,0.031426273,0.4786326,0.42826533
21,7,none,fcz,85,90,2,0,False,0.6428742,0.064076126,0.11260288,0.1804468
21,7,none,fcz,86,90,3,0,False,0.55746853,0.039415978,0.076715805,0.32639965
21,7,none,fcz,87,90,3,0,False,0.5359436,0.034588657,0.30406675,0.12540096
21,7,none,fcz,88,90,2,2,True,0.08027598,0.03703525,0.5921784,0.29051036
21,7,none,fcz,89,90,3,0,False,0.53115004,0.20406914,0.039060127,0.22572063
21,7,none,fcz,90,91,0,0,True,0.8531081,0.033852004,0.06852543,0.04451438
21,7,none,fcz,91,91,1,0,False,0.5532206,0.03580212,0.10196671,0.30901057
21,7,none,fcz,92,91,0,3,False,0.10929256,0.027060246,0.260981,0.60266614
21,7,none,fcz,93,91,1,3,False,0.05244718,0.40875795,0.10175762,0.43703732
21,7,none,fcz,94,91,1,1,True,0.0030698846,0.994234,0.0015722605,0.001123786
21,7,none,fcz,95,91,0,0,True,0.9868911,0.0015724121,0.004105365,0.007431078
21,7,none,fcz,96,91,1,1,True,0.19827543,0.7743473,0.014704342,0.012672925
21,7,none,fcz,97,91,0,0,True,0.7594698,0.047454897,0.032454483,0.16062085
21,7,none,fcz,98,91,0,0,True,0.9973265,0.0005537401,0.0007547376,0.0013649587
21,7,none,fcz,99,91,1,3,False,0.14047341,0.3445207,0.0723383,0.4426676
21,7,none,fcz,100,91,0,0,True,0.99756867,0.00021402074,0.0006628065,0.0015543851
21,7,none,fcz,101,91,1,2,False,0.0075232713,0.11295815,0.76395893,0.11555962
21,7,none,fcz,102,91,1,1,True,0.016638627,0.8498443,0.022780096,0.11073694
21,7,none,fcz,103,91,0,0,True,0.9530723,0.0011126705,0.04153631,0.004278779
21,7,none,fcz,104,91,0,0,True,0.9950547,0.0015513501,0.0030677635,0.0003262173
21,7,none,fcz,105,91,2,3,False,0.007916094,0.152126,0.08255677,0.7574011
21,7,none,fcz,106,91,3,3,True,0.0022359393,0.039740637,0.07185275,0.8861707
21,7,none,fcz,107,91,3,3,True,0.0041845962,0.0106955385,0.008379026,0.97674084
21,7,none,fcz,108,91,2,2,True,0.011328271,0.02464922,0.9178613,0.046161227
21,7,none,fcz,109,91,2,2,True,0.003746459,0.00908695,0.9120228,0.07514382
21,7,none,fcz,110,91,3,3,True,0.17068814,0.034002297,0.27109468,0.5242149
21,7,none,fcz,111,91,3,3,True,0.004118635,0.027624415,0.025686134,0.9425708
21,7,none,fcz,112,91,2,2,True,0.08158417,0.060014285,0.48406532,0.3743362
21,7,none,fcz,113,91,3,2,False,0.056287568,0.005794418,0.74187475,0.19604328
21,7,none,fcz,114,91,2,2,True,0.0015451843,0.0045898277,0.9914274,0.0024376262
21,7,none,fcz,115,91,3,2,False,0.009452348,0.0065755458,0.91068506,0.07328705
21,7,none,fcz,116,91,2,2,True,0.112901375,0.06821566,0.56019425,0.2586887
21,7,none,fcz,117,91,2,3,False,0.0065855063,0.013000635,0.24080911,0.7396048
21,7,none,fcz,118,91,3,2,False,0.048547316,0.016647747,0.7355391,0.19926582
21,7,none,fcz,119,91,2,2,True,0.0017408442,0.029769039,0.95029247,0.018197652
21,7,none,fcz,120,91,0,0,True,0.88364184,0.054980762,0.046128966,0.0152483955
21,7,none,fcz,121,91,1,3,False,0.06727575,0.009639512,0.43148023,0.49160454
21,7,none,fcz,122,91,1,1,True,0.037730277,0.69568425,0.12807447,0.138511
21,7,none,fcz,123,91,0,3,False,0.007817837,0.02130569,0.06298247,0.90789396
21,7,none,fcz,124,91,0,0,True,0.9904722,0.0023970797,0.002095547,0.0050350716
21,7,none,fcz,125,91,1,3,False,0.02881751,0.05727734,0.2781296,0.6357755
21,7,none,fcz,126,91,1,1,True,0.0004944715,0.43144786,0.3461162,0.22194149
21,7,none,fcz,127,91,0,3,False,0.087573536,0.008707824,0.2123643,0.6913544
21,7,none,fcz,128,91,0,0,True,0.9989686,2.5890904e-05,0.00015937748,0.0008462569
21,7,none,fcz,129,91,1,1,True,0.008074322,0.5609664,0.063346826,0.36761254
21,7,none,fcz,130,91,1,3,False,0.004864398,0.13076878,0.16965054,0.69471633
21,7,none,fcz,131,91,0,0,True,0.9885626,0.0004108724,0.009140193,0.0018862819
21,7,none,fcz,132,91,1,3,False,0.12828457,0.38163894,0.02795344,0.46212298
21,7,none,fcz,133,91,0,3,False,0.042679437,0.011059954,0.0071031167,0.9391575
21,7,none,fcz,134,91,1,0,False,0.8279746,0.00048177515,0.05323153,0.11831212
21,7,none,fcz,135,91,2,3,False,0.14314353,0.20738217,0.031244332,0.61823
21,7,none,fcz,136,91,3,3,True,0.043341786,0.017884994,0.45951068,0.4792625
21,7,none,fcz,137,91,2,3,False,0.118432574,0.10332316,0.25523227,0.52301204
21,7,none,fcz,138,91,3,2,False,0.012838699,0.008822535,0.65421546,0.3241233
21,7,none,fcz,139,91,2,3,False,0.013417369,0.016017405,0.32721072,0.6433545
21,7,none,fcz,140,91,3,3,True,0.00011095246,0.0006057444,0.0031739476,0.9961093
21,7,none,fcz,141,91,2,2,True,0.021340568,0.024574833,0.9480721,0.0060125324
21,7,none,fcz,142,91,3,3,True,0.0020213148,0.0009140526,0.015771115,0.9812935
21,7,none,fcz,143,91,2,2,True,0.015803648,0.27700242,0.45450413,0.25268972
21,7,none,fcz,144,91,3,3,True,0.0011947091,0.03105477,0.31044415,0.6573064
21,7,none,fcz,145,91,3,3,True,0.009206031,0.01640986,0.0077107777,0.9666734
21,7,none,fcz,146,91,2,3,False,0.3122854,0.0025750417,0.008015271,0.6771243
21,7,none,fcz,147,91,2,3,False,0.001000532,0.008042041,0.031705014,0.9592525
21,7,none,fcz,148,91,3,3,True,0.022292588,0.009715642,0.12157829,0.8464135
21,7,none,fcz,149,91,3,3,True,0.0025239843,0.037597917,0.009386687,0.9504915
21,7,none,fcz,150,91,1,1,True,8.249624e-06,0.9862146,0.013365706,0.00041145622
21,7,none,fcz,151,91,0,3,False,0.16398278,0.0059594866,0.02512131,0.8049364
21,7,none,fcz,152,91,1,3,False,0.00425643,0.19027363,0.10660647,0.6988635
21,7,none,fcz,153,91,0,0,True,0.96804124,0.000103687606,0.017349554,0.014505483
21,7,none,fcz,154,91,0,2,False,0.07420043,0.005062615,0.91919696,0.0015400287
21,7,none,fcz,155,91,1,2,False,0.027032917,0.00043659165,0.92940223,0.043128245
21,7,none,fcz,156,91,1,2,False,0.00017016448,0.10650151,0.87669563,0.016632745
21,7,none,fcz,157,91,0,0,True,0.99783957,0.0001445825,0.0012710501,0.00074488344
21,7,none,fcz,158,91,0,0,True,0.9531305,0.0038828016,0.0127835795,0.030203084
21,7,none,fcz,159,91,1,3,False,0.040770188,0.047217645,0.13751622,0.774496
21,7,none,fcz,160,91,0,0,True,0.9250744,0.0047249706,0.057494476,0.012706181
21,7,none,fcz,161,91,1,1,True,0.009412941,0.7795867,0.044159975,0.16684045
21,7,none,fcz,162,91,1,2,False,0.079938516,0.05654398,0.65010506,0.21341245
21,7,none,fcz,163,91,0,0,True,0.5514225,0.0005345006,0.111740395,0.33630258
21,7,none,fcz,164,91,1,2,False,0.0065526394,0.0110734785,0.8380898,0.14428405
21,7,none,fcz,165,91,2,2,True,0.015175734,0.0031633468,0.8070521,0.17460881
21,7,none,fcz,166,91,3,2,False,0.030765466,0.0054151714,0.6788598,0.28495952
21,7,none,fcz,167,91,3,2,False,0.00012966059,0.0057739476,0.8947251,0.09937125
21,7,none,fcz,168,91,2,2,True,0.0068563516,0.024187883,0.7348136,0.23414218
21,7,none,fcz,169,91,2,2,True,0.0010540554,0.00017510353,0.65318817,0.34558266
21,7,none,fcz,170,91,3,3,True,0.0055748615,0.021222157,0.2785176,0.6946854
21,7,none,fcz,171,91,3,3,True,0.0017357715,0.002838018,0.09073547,0.9046907
21,7,none,fcz,172,91,2,2,True,0.0038583782,0.023566108,0.7225531,0.25002244
21,7,none,fcz,173,91,3,3,True,0.011722356,0.03899037,0.09577357,0.85351366
21,7,none,fcz,174,91,2,3,False,0.057207298,0.0011481056,0.32729623,0.61434835
21,7,none,fcz,175,91,2,2,True,0.0012952402,0.007977493,0.8589358,0.13179149
21,7,none,fcz,176,91,3,3,True,0.008816894,0.00972895,0.42254528,0.5589089
21,7,none,fcz,177,91,3,3,True,0.1655106,0.0035959661,0.24996431,0.5809291
21,7,none,fcz,178,91,2,2,True,0.018934814,0.083512075,0.78642863,0.11112438
21,7,none,fcz,179,91,3,3,True,0.0019886084,0.003316716,0.37984627,0.61484843
21,7,none,fcz,180,92,1,3,False,0.09496612,0.08624862,0.03718568,0.7815996
21,7,none,fcz,181,92,0,3,False,0.1489049,0.14323586,0.09780557,0.61005366
21,7,none,fcz,182,92,1,0,False,0.5932302,0.038673747,0.21089154,0.1572045
21,7,none,fcz,183,92,0,2,False,0.15404731,0.013414514,0.82480884,0.007729299
21,7,none,fcz,184,92,0,0,True,0.4417655,0.053380318,0.30751887,0.19733527
21,7,none,fcz,185,92,1,1,True,0.06365285,0.8853184,0.034767028,0.016261771
21,7,none,fcz,186,92,0,0,True,0.9467148,0.02338318,0.023997942,0.005904056
21,7,none,fcz,187,92,1,1,True,0.13499643,0.8627578,0.0019880268,0.00025778226
21,7,none,fcz,188,92,1,1,True,0.008254551,0.9907224,0.00027259148,0.00075048243
21,7,none,fcz,189,92,0,2,False,0.39800733,0.016505387,0.5425354,0.042951893
21,7,none,fcz,190,92,0,0,True,0.9063911,0.03285087,0.028595267,0.03216277
21,7,none,fcz,191,92,1,0,False,0.67813975,0.07037925,0.055940505,0.19554049
21,7,none,fcz,192,92,0,0,True,0.960585,0.017227555,0.02079462,0.0013928426
21,7,none,fcz,193,92,1,3,False,0.048557706,0.29101357,0.08764608,0.57278264
21,7,none,fcz,194,92,0,0,True,0.45097643,0.06545798,0.44053057,0.043035045
21,7,none,fcz,195,92,1,1,True,0.15310122,0.80832684,0.015035677,0.023536364
21,7,none,fcz,196,92,1,1,True,0.021491267,0.97226036,0.0044377767,0.0018106285
21,7,none,fcz,197,92,0,0,True,0.99414885,0.002323928,0.002599663,0.0009276003
21,7,none,fcz,198,92,1,1,True,0.05238611,0.5973124,0.3352062,0.015095294
21,7,none,fcz,199,92,2,0,False,0.6673448,0.10209801,0.10891674,0.121640414
21,7,none,fcz,200,92,3,0,False,0.59354436,0.051201932,0.15682614,0.1984275
21,7,none,fcz,201,92,2,3,False,0.34553054,0.033060174,0.19666457,0.42474473
21,7,none,fcz,202,92,3,0,False,0.38266274,0.053354707,0.24982317,0.3141594
21,7,none,fcz,203,92,2,0,False,0.37892017,0.22428162,0.37557667,0.021221526
21,7,none,fcz,204,92,3,3,True,0.20655984,0.089178756,0.1659364,0.538325
21,7,none,fcz,205,92,2,2,True,0.18413338,0.2060808,0.42642394,0.1833619
21,7,none,fcz,206,92,3,0,False,0.43330845,0.18938805,0.037208416,0.34009507
21,7,none,fcz,207,92,3,0,False,0.6064781,0.2123693,0.08200549,0.09914716
21,7,none,fcz,208,92,2,0,False,0.7789164,0.03775761,0.12763388,0.055692103
21,7,none,fcz,209,92,2,2,True,0.009553132,0.07240895,0.9111551,0.0068828245
21,7,none,fcz,210,92,3,3,True,0.078572124,0.4410272,0.004721599,0.47567913
21,7,none,fcz,211,92,3,3,True,0.16752031,0.18960263,0.03727476,0.6056023
21,7,none,fcz,212,92,2,1,False,0.25003082,0.5308556,0.03077911,0.18833447
21,7,none,fcz,213,92,3,0,False,0.5785255,0.21836528,0.06510682,0.13800243
21,7,none,fcz,214,92,2,0,False,0.93242043,0.030802237,0.03141438,0.0053630555
21,7,none,fcz,215,92,2,3,False,0.04083076,0.06372659,0.33952886,0.5559138
21,7,none,fcz,216,92,3,1,False,0.059856847,0.5802457,0.10981586,0.2500816
21,7,none,fcz,217,92,2,2,True,0.02229757,0.20178486,0.7408254,0.035092153
21,7,none,fcz,218,92,0,0,True,0.99722975,0.00031644176,0.0016589211,0.0007947821
21,7,none,fcz,219,92,1,1,True,0.4803251,0.4918018,0.020123722,0.007749408
21,7,none,fcz,220,92,0,0,True,0.93145484,0.045303114,0.0177735,0.0054685096
21,7,none,fcz,221,92,1,1,True,0.22383109,0.7162442,0.03115803,0.028766658
21,7,none,fcz,222,92,1,1,True,0.15596096,0.83368653,0.009076103,0.0012765063
21,7,none,fcz,223,92,0,0,True,0.93777746,0.03275149,0.019166784,0.010304137
21,7,none,fcz,224,92,1,1,True,0.0123333465,0.9561972,0.0006402405,0.030829208
21,7,none,fcz,225,92,0,1,False,0.4281061,0.52301806,0.042418994,0.006456819
21,7,none,fcz,226,92,0,0,True,0.9629139,0.03093535,0.0021500308,0.004000864
21,7,none,fcz,227,92,1,1,True,0.016231602,0.9359596,0.018700313,0.029108468
21,7,none,fcz,228,92,1,1,True,0.0005386714,0.9860599,0.0030086236,0.010392693
21,7,none,fcz,229,92,0,0,True,0.9573937,0.0034959426,0.011961739,0.027148623
21,7,none,fcz,230,92,1,1,True,0.0053513874,0.9915167,0.0010762318,0.002055749
21,7,none,fcz,231,92,0,2,False,0.21245442,0.114003,0.38178045,0.2917621
21,7,none,fcz,232,92,0,0,True,0.9872437,0.0011126384,0.00402233,0.007621334
21,7,none,fcz,233,92,1,1,True,0.01867753,0.97739446,0.0009349052,0.0029931632
21,7,none,fcz,234,92,0,0,True,0.60695297,0.0027832238,0.26399055,0.1262732
21,7,none,fcz,235,92,1,1,True,0.0074382736,0.94526917,0.03901728,0.008275269
21,7,none,fcz,236,92,1,1,True,0.012333867,0.9845169,0.0005760707,0.002573191
21,7,none,fcz,237,92,3,3,True,0.130089,0.10714918,0.021161629,0.7416002
21,7,none,fcz,238,92,2,3,False,0.31855384,0.08453961,0.061977766,0.5349288
21,7,none,fcz,239,92,3,0,False,0.5642073,0.25495642,0.07325448,0.10758182
21,7,none,fcz,240,92,2,2,True,0.15758468,0.2079524,0.56016105,0.074301906
21,7,none,fcz,241,92,2,2,True,0.24893604,0.15636593,0.5652456,0.029452357
21,7,none,fcz,242,92,3,2,False,0.1696303,0.12573893,0.61011237,0.09451839
21,7,none,fcz,243,92,2,0,False,0.49043036,0.17209043,0.20960765,0.12787159
21,7,none,fcz,244,92,3,0,False,0.4598492,0.38140866,0.12851399,0.030228157
21,7,none,fcz,245,92,2,2,True,0.29149935,0.12695204,0.52531415,0.056234453
21,7,none,fcz,246,92,3,3,True,0.023586854,0.14978586,0.09328039,0.7333469
21,7,none,fcz,247,92,2,2,True,0.14859177,0.15182954,0.47074857,0.2288301
21,7,none,fcz,248,92,3,3,True,0.028934814,0.37862384,0.098301135,0.4941402
21,7,none,fcz,249,92,3,3,True,0.041972496,0.1048189,0.014949849,0.83825874
21,7,none,fcz,250,92,2,2,True,0.03473294,0.074141435,0.8683948,0.022730777
21,7,none,fcz,251,92,3,3,True,0.029161373,0.009083944,0.03506736,0.9266873
21,7,none,fcz,252,92,2,2,True,0.3727834,0.03665959,0.42143694,0.16912004
21,7,none,fcz,253,92,2,0,False,0.487521,0.07529123,0.40927812,0.027909683
21,7,none,fcz,254,92,3,0,False,0.6043421,0.05833259,0.2575488,0.079776555
21,7,none,fcz,255,92,2,2,True,0.113617115,0.14645725,0.7035613,0.036364324
21,7,none,fcz,256,92,0,0,True,0.98570824,0.007354687,0.00027739888,0.0066596344
21,7,none,fcz,257,92,1,0,False,0.92221653,0.06060789,0.01516952,0.00200601
21,7,none,fcz,258,92,1,1,True,0.023130056,0.9380131,0.010284403,0.028572446
21,7,none,fcz,259,92,0,0,True,0.9355123,0.009935377,0.014555151,0.03999721
21,7,none,fcz,260,92,0,0,True,0.8333606,0.00718051,0.06254883,0.09691004
21,7,none,fcz,261,92,1,1,True,0.0328406,0.9402193,0.021125646,0.00581447
21,7,none,fcz,262,92,1,1,True,0.01984849,0.80842596,0.010978604,0.16074699
21,7,none,fcz,263,92,0,0,True,0.9030969,0.035416815,0.055421654,0.006064598
21,7,none,fcz,264,92,0,0,True,0.8945301,0.014200674,0.06813426,0.023134964
21,7,none,fcz,265,92,1,1,True,0.0028388966,0.99629897,0.00025232928,0.0006097799
21,7,none,fcz,266,92,0,0,True,0.90549356,0.07103842,0.015186,0.008282067
21,7,none,fcz,267,92,1,0,False,0.42667478,0.20016058,0.21550785,0.15765685
21,7,none,fcz,268,92,0,0,True,0.93044734,0.052092817,0.0046169856,0.012842879
21,7,none,fcz,269,92,1,1,True,0.013781765,0.82018846,0.14738852,0.01864136
21,7,none,fcz,270,92,1,1,True,0.13070919,0.80363065,0.037959464,0.02770061
21,7,none,fcz,271,92,0,0,True,0.9501602,0.035785347,0.006067284,0.007987153
21,7,none,fcz,272,92,1,1,True,0.19898145,0.68779117,0.10000376,0.013223674
21,7,none,fcz,273,92,0,0,True,0.6340465,0.02382418,0.303698,0.038431346
21,7,none,fcz,274,92,1,2,False,0.2535084,0.16293903,0.49781206,0.08574052
21,7,none,fcz,275,92,3,1,False,0.31382662,0.43621925,0.10596104,0.14399311
21,7,none,fcz,276,92,2,0,False,0.34310052,0.2948631,0.17983696,0.18219943
21,7,none,fcz,277,92,3,3,True,0.061608016,0.17691024,0.16410658,0.59737515
21,7,none,fcz,278,92,2,0,False,0.4065354,0.29262936,0.20069805,0.10013723
21,7,none,fcz,279,92,3,2,False,0.1913997,0.0027835297,0.407951,0.3978657
21,7,none,fcz,280,92,2,0,False,0.51780236,0.08965019,0.26656064,0.12598684
21,7,none,fcz,281,92,3,2,False,0.028049633,0.21103813,0.4063438,0.35456842
21,7,none,fcz,282,92,2,2,True,0.1868492,0.2981773,0.48427027,0.030703215
21,7,none,fcz,283,92,2,2,True,0.059580058,0.31116953,0.61033374,0.018916698
21,7,none,fcz,284,92,3,0,False,0.4049858,0.32816896,0.17705798,0.089787245
21,7,none,fcz,285,92,3,3,True,0.01074229,0.41103375,0.044939905,0.53328407
21,7,none,fcz,286,92,2,1,False,0.12122527,0.46848422,0.3761515,0.034139056
21,7,none,fcz,287,92,2,1,False,0.10606332,0.8184523,0.050064478,0.025419818
21,7,none,fcz,288,92,3,0,False,0.41165406,0.24008323,0.15722145,0.1910413
21,7,none,fcz,289,92,3,3,True,0.024417805,0.21672529,0.024333883,0.734523
21,7,none,fcz,290,92,2,3,False,0.22603744,0.23052767,0.10536507,0.4380698
21,7,none,fcz,291,92,2,0,False,0.7164298,0.022818211,0.12456591,0.13618614
21,7,none,fcz,292,92,3,0,False,0.47207567,0.07316376,0.04495542,0.40980518
21,7,none,fcz,293,92,2,1,False,0.13921678,0.5969299,0.15635528,0.10749808
21,7,none,fcz,294,93,1,1,True,0.06348663,0.7287784,0.07716564,0.13056937
21,7,none,fcz,295,93,0,1,False,0.15959328,0.5461295,0.2302586,0.06401855
21,7,none,fcz,296,93,1,1,True,0.00011771285,0.9812943,0.009475798,0.009112243
21,7,none,fcz,297,93,0,1,False,0.32141003,0.3340567,0.252954,0.09157923
21,7,none,fcz,298,93,1,2,False,0.006767626,0.29314336,0.66291374,0.037175275
21,7,none,fcz,299,93,0,3,False,0.039054696,0.06430013,0.34248903,0.5541561
21,7,none,fcz,300,93,0,0,True,0.971168,0.022912962,0.0032704086,0.0026486928
21,7,none,fcz,301,93,1,1,True,0.018032994,0.5364848,0.16411404,0.28136817
21,7,none,fcz,302,93,1,2,False,0.4704746,0.012002394,0.47442418,0.043098778
21,7,none,fcz,303,93,0,0,True,0.42229733,0.15887977,0.2972637,0.12155913
21,7,none,fcz,304,93,1,1,True,0.036525242,0.49003357,0.20787653,0.26556468
21,7,none,fcz,305,93,0,0,True,0.996899,0.000790436,0.00040250958,0.0019080305
21,7,none,fcz,306,93,1,1,True,0.0040565566,0.5400465,0.21523067,0.24066627
21,7,none,fcz,307,93,0,0,True,0.9992273,5.286806e-05,0.00031853706,0.00040130207
21,7,none,fcz,308,93,0,0,True,0.90695155,0.021858178,0.0463075,0.024882825
21,7,none,fcz,309,93,3,3,True,0.0007383862,0.028531121,0.0019193172,0.9688111
21,7,none,fcz,310,93,2,1,False,0.0063715563,0.58065933,0.31674254,0.09622659
21,7,none,fcz,311,93,2,2,True,0.015689794,0.10223508,0.7924365,0.08963864
21,7,none,fcz,312,93,3,3,True,0.020955648,0.013942229,0.0034584817,0.96164364
21,7,none,fcz,313,93,3,3,True,0.0002848681,0.0111424215,0.004463753,0.984109
21,7,none,fcz,314,93,2,2,True,0.07350914,0.12750229,0.7133705,0.08561805
21,7,none,fcz,315,93,3,1,False,0.011926019,0.6383116,0.22486891,0.124893405
21,7,none,fcz,316,93,2,2,True,6.325977e-05,0.00077281904,0.9991141,4.983187e-05
21,7,none,fcz,317,93,2,2,True,0.07071109,0.03395946,0.85208535,0.04324415
21,7,none,fcz,318,93,3,3,True,0.008792906,0.071768396,0.018876864,0.9005618
21,7,none,fcz,319,93,3,0,False,0.5963006,0.03093364,0.0037615502,0.3690041
21,7,none,fcz,320,93,2,2,True,0.04202765,0.20399329,0.6857843,0.06819478
21,7,none,fcz,321,93,2,2,True,0.18784837,0.009694762,0.6846972,0.117759645
21,7,none,fcz,322,93,3,3,True,0.0014008111,0.0029472979,0.0038978106,0.99175406
21,7,none,fcz,323,93,2,2,True,0.08245037,0.018491192,0.8595646,0.03949385
21,7,none,fcz,324,93,0,0,True,0.9980357,0.0002433724,0.0004014942,0.0013193118
21,7,none,fcz,325,93,1,3,False,0.004048186,0.18353546,0.15024923,0.66216713
21,7,none,fcz,326,93,1,1,True,1.7911422e-06,0.9990471,4.4991386e-05,0.0009060556
21,7,none,fcz,327,93,0,0,True,0.68207717,0.00989944,0.27336213,0.03466132
21,7,none,fcz,328,93,0,0,True,0.8380984,0.003921569,0.03507479,0.122905254
21,7,none,fcz,329,93,1,1,True,0.035073936,0.8093807,0.0829033,0.07264209
21,7,none,fcz,330,93,0,3,False,0.19499144,0.14058115,0.2417482,0.4226792
21,7,none,fcz,331,93,1,1,True,0.0069310404,0.5887703,0.16574112,0.23855753
21,7,none,fcz,332,93,1,2,False,0.008078671,0.29169336,0.5639634,0.13626456
21,7,none,fcz,333,93,0,3,False,0.2179787,0.07255811,0.14531411,0.5641491
21,7,none,fcz,334,93,1,3,False,0.014239282,0.22888468,0.22452047,0.5323556
21,7,none,fcz,335,93,0,0,True,0.89078814,0.0022432704,0.09973919,0.007229428
21,7,none,fcz,336,93,0,0,True,0.9575172,0.0018073001,0.0038921256,0.036783397
21,7,none,fcz,337,93,1,2,False,0.005335569,0.07096668,0.8274363,0.096261375
21,7,none,fcz,338,93,0,3,False,0.28548494,0.0006300823,0.09819328,0.61569166
21,7,none,fcz,339,93,2,0,False,0.5814015,0.05594756,0.33841157,0.024239251
21,7,none,fcz,340,93,3,3,True,0.00015019873,0.0003939974,0.0010609658,0.9983948
21,7,none,fcz,341,93,3,3,True,0.00695953,0.07395496,0.12848987,0.7905956
21,7,none,fcz,342,93,2,2,True,0.056572925,0.20148842,0.5117356,0.23020296
21,7,none,fcz,343,93,2,1,False,0.00772796,0.60633975,0.30569735,0.08023494
21,7,none,fcz,344,93,3,3,True,0.001618095,0.3192362,0.0022483605,0.67689735
21,7,none,fcz,345,93,3,3,True,0.00015474108,0.0012147789,0.00062580017,0.99800473
21,7,none,fcz,346,93,2,2,True,0.037366536,0.4269524,0.48897657,0.046704542
21,7,none,fcz,347,93,3,3,True,0.027027445,0.004740826,0.009886848,0.9583448
21,7,none,fcz,348,93,2,1,False,0.015122029,0.35233286,0.30199048,0.33055457
21,7,none,fcz,349,93,3,3,True,0.016492806,0.30879363,0.18806328,0.4866503
21,7,none,fcz,350,93,2,2,True,0.015174268,0.0345312,0.87872493,0.07156965
21,7,none,fcz,351,93,3,3,True,0.0010712814,0.0051781014,0.0034693861,0.9902812
21,7,none,fcz,352,93,2,2,True,0.08081662,0.055462416,0.77557796,0.088143066
21,7,none,fcz,353,93,2,3,False,0.11497998,0.1411234,0.36226147,0.3816351
21,7,none,fcz,354,93,0,1,False,0.25112537,0.47408092,0.15182133,0.12297247
21,7,none,fcz,355,93,1,2,False,0.0045730197,0.18311456,0.713709,0.09860337
21,7,none,fcz,356,93,0,0,True,0.83352673,0.009225978,0.14217779,0.015069536
21,7,none,fcz,357,93,1,1,True,0.000833009,0.9957712,0.00043818398,0.0029576335
21,7,none,fcz,358,93,1,1,True,0.0016149947,0.8767798,0.008156894,0.11344839
21,7,none,fcz,359,93,0,0,True,0.9098073,0.04803668,0.00432968,0.037826315
21,7,none,fcz,360,93,1,3,False,0.010222555,0.16492209,0.26570538,0.55915
21,7,none,fcz,361,93,0,1,False,0.03420362,0.8668451,0.004650182,0.09430113
21,7,none,fcz,362,93,1,1,True,0.03182093,0.8929628,0.024447897,0.050768334
21,7,none,fcz,363,93,0,0,True,0.903935,0.0024548438,0.017170697,0.07643947
21,7,none,fcz,364,93,0,0,True,0.97096133,0.00714061,0.006671821,0.015226307
21,7,none,fcz,365,93,1,3,False,0.002573374,0.041420672,0.06330371,0.8927023
21,7,none,fcz,366,93,1,1,True,0.00041565762,0.9150636,0.007246004,0.077274755
21,7,none,fcz,367,93,0,1,False,0.085744835,0.4803141,0.16542931,0.2685117
21,7,none,fcz,368,93,1,1,True,0.039084624,0.7731527,0.15525669,0.03250605
21,7,none,fcz,369,93,2,0,False,0.70606446,0.05781256,0.10442326,0.13169973
21,7,none,fcz,370,93,3,3,True,0.054902706,0.06906138,0.30886814,0.5671678
21,7,none,fcz,371,93,3,3,True,0.006315643,0.01361412,0.010665799,0.9694045
21,7,none,fcz,372,93,2,1,False,0.37431172,0.593722,0.024650397,0.007315794
21,7,none,fcz,373,93,3,1,False,0.0006786881,0.7642404,0.0009770704,0.23410384
21,7,none,fcz,374,93,2,1,False,0.002466047,0.9570223,0.032994144,0.0075174468
21,7,none,fcz,375,93,2,2,True,0.10075858,0.029037407,0.70310986,0.16709419
21,7,none,fcz,376,93,3,3,True,0.0001417325,0.010217506,0.003807213,0.9858336
21,7,none,fcz,377,93,3,3,True,0.000114727016,0.02283286,0.0022134741,0.9748389
21,7,none,fcz,378,93,2,2,True,0.012849624,0.016675659,0.7280593,0.24241538
21,7,none,fcz,379,93,2,2,True,0.06766381,0.058931746,0.47378328,0.39962116
21,7,none,fcz,380,93,3,3,True,0.03198702,0.013100685,0.02338496,0.9315274
21,7,none,fcz,381,93,3,3,True,0.014361759,0.009906574,0.08448758,0.8912441
21,7,none,fcz,382,93,2,1,False,0.00023612902,0.9902896,0.006388103,0.003086067
21,7,none,fcz,383,93,3,2,False,0.032807857,0.014041096,0.6365934,0.3165576
21,7,none,fcz,384,94,0,0,True,0.9981312,0.00044966754,0.0012298058,0.00018931087
21,7,none,fcz,385,94,1,1,True,0.0036169542,0.9307042,0.06409083,0.0015881652
21,7,none,fcz,386,94,1,2,False,0.07965246,0.29447165,0.4429358,0.18294007
21,7,none,fcz,387,94,0,0,True,0.99985075,3.5809837e-05,9.47259e-05,1.873586e-05
21,7,none,fcz,388,94,1,1,True,0.024168823,0.4279259,0.37768793,0.17021729
21,7,none,fcz,389,94,0,0,True,0.9962817,0.0012483562,0.0011488388,0.0013211375
21,7,none,fcz,390,94,1,2,False,0.08529652,0.010156871,0.89200497,0.012541671
21,7,none,fcz,391,94,0,0,True,0.9980825,3.4359706e-05,0.0012139726,0.00066914526
21,7,none,fcz,392,94,1,2,False,0.17881054,0.10553641,0.5070735,0.20857954
21,7,none,fcz,393,94,0,0,True,0.9055115,0.03745613,0.056287445,0.0007449759
21,7,none,fcz,394,94,0,0,True,0.9905319,0.00016526009,0.0035298616,0.0057728244
21,7,none,fcz,395,94,1,2,False,0.10711486,0.060631104,0.6755663,0.15668769
21,7,none,fcz,396,94,1,1,True,0.10996244,0.53699535,0.11580287,0.23723936
21,7,none,fcz,397,94,0,0,True,0.8536635,0.0011057971,0.085662976,0.059567768
21,7,none,fcz,398,94,1,2,False,0.1271558,0.2841756,0.38158822,0.20708042
21,7,none,fcz,399,94,2,2,True,0.020886393,0.023142561,0.937684,0.018287122
21,7,none,fcz,400,94,3,3,True,0.021638552,0.015288111,0.12286764,0.8402057
21,7,none,fcz,401,94,3,3,True,0.0008216453,0.0029375728,0.0031869756,0.99305385
21,7,none,fcz,402,94,2,2,True,0.03254691,0.006106908,0.92215747,0.03918869
21,7,none,fcz,403,94,3,3,True,0.0860779,0.012903318,0.088687286,0.8123315
21,7,none,fcz,404,94,2,2,True,0.04674848,0.07208744,0.7996948,0.08146935
21,7,none,fcz,405,94,2,2,True,0.0047074314,0.018807903,0.96198606,0.01449859
21,7,none,fcz,406,94,3,3,True,0.0036119935,0.07783831,0.019350827,0.89919883
21,7,none,fcz,407,94,2,2,True,0.15872909,0.017496737,0.71465594,0.10911819
21,7,none,fcz,408,94,3,3,True,0.016195845,0.007459444,0.05263861,0.92370605
21,7,none,fcz,409,94,3,3,True,0.0065668863,0.0035266303,0.009267141,0.9806394
21,7,none,fcz,410,94,2,2,True,0.032613214,0.018684821,0.932115,0.01658698
21,7,none,fcz,411,94,3,3,True,0.031471953,0.00684844,0.06937631,0.89230335
21,7,none,fcz,412,94,2,0,False,0.58539575,0.019800954,0.2124161,0.18238708
21,7,none,fcz,413,94,3,2,False,0.14153858,0.046395153,0.6741079,0.1379584
21,7,none,fcz,414,94,1,1,True,0.025372123,0.9519534,0.017216332,0.005458091
21,7,none,fcz,415,94,0,0,True,0.5978805,0.22266522,0.17572294,0.003731356
21,7,none,fcz,416,94,1,1,True,0.01721503,0.97198343,0.009464596,0.0013368474
21,7,none,fcz,417,94,0,0,True,0.92307955,0.019431809,0.03813983,0.019348778
21,7,none,fcz,418,94,0,0,True,0.98782384,0.0011322815,0.010864653,0.00017921788
21,7,none,fcz,419,94,1,1,True,0.00028748854,0.9571868,0.03954768,0.0029780357
21,7,none,fcz,420,94,1,2,False,0.098201506,0.0655423,0.49305275,0.34320349
21,7,none,fcz,421,94,0,0,True,0.9663274,0.001683805,0.03095735,0.0010314237
21,7,none,fcz,422,94,0,0,True,0.85250777,0.089793816,0.057112385,0.00058606773
21,7,none,fcz,423,94,1,2,False,0.35702917,0.012396749,0.5943118,0.03626226
21,7,none,fcz,424,94,1,1,True,0.00015035302,0.99295443,0.0063372594,0.00055801583
21,7,none,fcz,425,94,0,2,False,0.066097304,0.39594188,0.5193943,0.018566497
21,7,none,fcz,426,94,1,2,False,0.017944733,0.31279045,0.6119599,0.05730484
21,7,none,fcz,427,94,0,0,True,0.9791955,8.7158565e-05,0.015762052,0.0049552196
21,7,none,fcz,428,94,1,2,False,0.016311241,0.007178523,0.9457244,0.03078575
21,7,none,fcz,429,94,3,0,False,0.45069852,0.008977163,0.13143764,0.40888664
21,7,none,fcz,430,94,2,0,False,0.52651685,0.008201554,0.45491454,0.010367068
21,7,none,fcz,431,94,3,3,True,0.0012215844,0.042716935,0.08149599,0.8745655
21,7,none,fcz,432,94,2,2,True,0.0016631214,0.0071394136,0.9766028,0.014594623
21,7,none,fcz,433,94,3,3,True,0.006965777,0.037998684,0.012560426,0.9424751
21,7,none,fcz,434,94,2,2,True,0.015554208,0.027208505,0.9388658,0.018371478
21,7,none,fcz,435,94,2,2,True,0.021779934,0.025782803,0.59216994,0.36026734
21,7,none,fcz,436,94,3,3,True,0.005527067,0.011400663,0.32506096,0.6580113
21,7,none,fcz,437,94,3,3,True,0.02315763,0.110795714,0.04834423,0.8177024
21,7,none,fcz,438,94,2,2,True,0.039642744,0.092585325,0.80574614,0.06202576
21,7,none,fcz,439,94,3,3,True,0.06122604,0.09061931,0.19738683,0.6507678
21,7,none,fcz,440,94,2,0,False,0.4921474,0.056432806,0.36995652,0.081463255
21,7,none,fcz,441,94,3,2,False,0.016025051,0.010618096,0.51152414,0.46183273
21,7,none,fcz,442,94,2,2,True,0.033041246,0.018706167,0.9455184,0.002734272
21,7,none,fcz,443,94,2,3,False,0.1575688,0.07115784,0.09798388,0.6732895
21,7,none,fcz,444,94,0,0,True,0.99351466,0.0024868844,0.0034887653,0.00050967437
21,7,none,fcz,445,94,1,2,False,0.27148762,0.03542744,0.68151426,0.011570669
21,7,none,fcz,446,94,1,2,False,0.0045708115,0.27724913,0.7044613,0.013718754
21,7,none,fcz,447,94,0,0,True,0.82642853,0.003724529,0.14323041,0.02661646
21,7,none,fcz,448,94,1,1,True,0.0036692857,0.46099678,0.41128764,0.124046326
21,7,none,fcz,449,94,0,0,True,0.7911415,0.0043781325,0.18758284,0.016897526
21,7,none,fcz,450,94,1,2,False,0.23691046,0.19016178,0.46863,0.10429787
21,7,none,fcz,451,94,0,2,False,0.3701785,0.008666261,0.56601435,0.055140913
21,7,none,fcz,452,94,1,2,False,0.12521403,0.13410027,0.42153364,0.31915206
21,7,none,fcz,453,94,0,2,False,0.116177015,0.045588557,0.7686422,0.06959225
21,7,none,fcz,454,94,1,2,False,0.037918486,0.1558178,0.63631856,0.16994514
21,7,none,fcz,455,94,0,0,True,0.9750621,0.00070188794,0.0183769,0.005859208
21,7,none,fcz,456,94,0,2,False,0.33612248,0.085387684,0.5719696,0.0065202527
21,7,none,fcz,457,94,1,3,False,0.007602492,0.0059933797,0.13256869,0.85383546
21,7,none,fcz,458,94,0,2,False,0.09674347,0.010475958,0.7355678,0.15721276
21,7,none,fcz,459,94,2,2,True,0.014896023,0.01568852,0.9514889,0.01792653
21,7,none,fcz,460,94,3,2,False,0.003253787,0.018459044,0.7857408,0.19254644
21,7,none,fcz,461,94,2,2,True,0.030003253,0.01580407,0.9470056,0.0071870075
21,7,none,fcz,462,94,3,2,False,0.29797506,0.017126178,0.609258,0.07564069
21,7,none,fcz,463,94,2,2,True,0.061150517,0.20655201,0.7263755,0.005921972
21,7,none,fcz,464,94,3,3,True,0.025139065,0.013675481,0.14113408,0.8200514
21,7,none,fcz,465,94,3,3,True,0.004998736,0.054434463,0.26885083,0.671716
21,7,none,fcz,466,94,2,2,True,0.04140632,0.002779958,0.9090373,0.046776347
21,7,none,fcz,467,94,2,2,True,0.0060362224,0.0030571818,0.97694075,0.01396587
21,7,none,fcz,468,94,3,2,False,0.028547151,0.0015219877,0.6999194,0.27001145
21,7,none,fcz,469,94,3,3,True,0.005657146,0.046443734,0.06171197,0.8861872
21,7,none,fcz,470,94,2,2,True,0.023316039,0.039814632,0.7476623,0.18920709
21,7,none,fcz,471,94,2,2,True,0.0707977,0.020271365,0.46065217,0.4482787
21,7,none,fcz,472,94,3,3,True,0.032170646,0.065477416,0.43546423,0.46688777
21,7,none,fcz,473,94,3,2,False,0.073216125,0.06448221,0.80206263,0.060239054
21,7,none,fcz,474,95,0,0,True,0.9220342,0.021034136,0.041743893,0.015187892
21,7,none,fcz,475,95,1,3,False,0.10383807,0.39136675,0.024329009,0.48046613
21,7,none,fcz,476,95,1,1,True,0.00031341647,0.99524707,0.0032704691,0.0011689386
21,7,none,fcz,477,95,0,0,True,0.94286144,0.0038966523,0.001997496,0.051244475
21,7,none,fcz,478,95,0,0,True,0.9918573,0.00050716166,0.0034678055,0.004167824
21,7,none,fcz,479,95,1,1,True,0.1410889,0.75121456,0.03663147,0.07106509
21,7,none,fcz,480,95,0,0,True,0.806441,0.029954346,0.11833081,0.045273963
21,7,none,fcz,481,95,1,1,True,0.004661316,0.8083889,0.018528637,0.16842116
21,7,none,fcz,482,95,0,0,True,0.9752574,0.0018095585,0.01612969,0.0068034315
21,7,none,fcz,483,95,1,3,False,0.01982831,0.026120597,0.059940476,0.89411056
21,7,none,fcz,484,95,1,1,True,0.004338612,0.43104526,0.36839768,0.19621845
21,7,none,fcz,485,95,0,0,True,0.99564385,1.6009877e-05,0.0018735025,0.0024666672
21,7,none,fcz,486,95,0,0,True,0.9259408,0.0047344887,0.034267846,0.03505696
21,7,none,fcz,487,95,1,3,False,0.11891894,0.2165049,0.036355365,0.62822086
21,7,none,fcz,488,95,1,3,False,0.0008894929,0.2597969,0.3183988,0.4209149
21,7,none,fcz,489,95,2,3,False,0.019985182,0.0131647745,0.28291038,0.68393964
21,7,none,fcz,490,95,3,3,True,0.0042785113,0.003644013,0.07187918,0.9201983
21,7,none,fcz,491,95,2,2,True,0.011206755,0.103246726,0.7106532,0.17489329
21,7,none,fcz,492,95,3,3,True,0.0039111534,0.00018162664,0.0011231026,0.9947842
21,7,none,fcz,493,95,3,3,True,0.0011018048,0.019383265,0.0023803387,0.97713464
21,7,none,fcz,494,95,2,3,False,0.04123355,0.0037464316,0.026395813,0.9286242
21,7,none,fcz,495,95,2,3,False,0.012625036,0.01847445,0.43649375,0.53240675
21,7,none,fcz,496,95,3,3,True,0.033313956,0.001822651,0.003213711,0.9616497
21,7,none,fcz,497,95,3,3,True,0.00019373363,0.0014075884,0.022724522,0.9756741
21,7,none,fcz,498,95,2,3,False,0.0009752738,0.062488586,0.060690306,0.87584585
21,7,none,fcz,499,95,3,3,True,0.0003864379,0.004628895,0.0016560245,0.9933287
21,7,none,fcz,500,95,2,3,False,0.0019970476,0.0023543832,0.072592944,0.92305565
21,7,none,fcz,501,95,3,3,True,0.008086266,0.0043024807,0.032309994,0.9553012
21,7,none,fcz,502,95,2,3,False,0.004495289,0.005479583,0.4022839,0.5877412
21,7,none,fcz,503,95,2,3,False,0.029297173,0.016822102,0.16759485,0.7862859
21,7,none,fcz,504,95,1,3,False,0.0013673507,0.13810931,0.024493245,0.83603007
21,7,none,fcz,505,95,0,3,False,0.16119027,0.0026377935,0.0040748096,0.8320971
21,7,none,fcz,506,95,1,3,False,0.0038718153,0.08025446,0.0071855253,0.90868825
21,7,none,fcz,507,95,0,0,True,0.5489386,0.00036846276,0.08157526,0.3691177
21,7,none,fcz,508,95,0,0,True,0.92902076,0.0009958058,0.0034361868,0.06654718
21,7,none,fcz,509,95,1,3,False,0.0057505337,0.01569333,0.006208601,0.9723476
21,7,none,fcz,510,95,1,3,False,0.0013017082,0.03190349,0.14601687,0.8207779
21,7,none,fcz,511,95,0,0,True,0.7858117,0.00021433546,0.00079348305,0.21318053
21,7,none,fcz,512,95,0,3,False,0.3337575,0.0040629995,0.13881265,0.52336687
21,7,none,fcz,513,95,1,3,False,0.0021794818,0.08747124,0.11060738,0.7997419
21,7,none,fcz,514,95,0,0,True,0.5955382,0.00019765564,0.053798776,0.35046533
21,7,none,fcz,515,95,1,1,True,0.008479742,0.67088705,0.07500818,0.24562499
21,7,none,fcz,516,95,0,3,False,0.3663792,0.0264796,0.007758077,0.5993831
21,7,none,fcz,517,95,1,1,True,0.0022319015,0.3534793,0.3082473,0.3360415
21,7,none,fcz,518,95,0,0,True,0.563134,0.0017834404,0.03911893,0.39596352
21,7,none,fcz,519,95,3,3,True,6.093227e-05,0.020699402,0.0039069694,0.9753327
21,7,none,fcz,520,95,2,3,False,0.008311683,0.0005471881,0.055926394,0.93521476
21,7,none,fcz,521,95,3,3,True,2.8699289e-05,0.0043458506,0.0033043255,0.9923211
21,7,none,fcz,522,95,2,3,False,0.27362743,0.0020326553,0.30200878,0.42233112
21,7,none,fcz,523,95,2,2,True,0.010084072,0.0087586045,0.8515734,0.12958388
21,7,none,fcz,524,95,3,3,True,0.008147096,0.22384898,0.0700271,0.6979768
21,7,none,fcz,525,95,2,2,True,0.0062121823,0.029198261,0.8808921,0.08369735
21,7,none,fcz,526,95,3,3,True,0.0030788921,0.039692596,0.008841589,0.94838685
21,7,none,fcz,527,95,2,3,False,0.0434209,0.018062448,0.36681098,0.5717057
21,7,none,fcz,528,95,3,3,True,0.00021289024,0.0020593212,0.0028045196,0.9949233
21,7,none,fcz,529,95,2,0,False,0.64961976,0.034498345,0.20458248,0.11129938
21,7,none,fcz,530,95,3,3,True,0.03052522,0.007369821,0.0740474,0.8880576
21,7,none,fcz,531,95,2,3,False,0.0013365168,0.0021439043,0.016128529,0.980391
21,7,none,fcz,532,95,3,3,True,0.001273481,0.045943163,0.020257493,0.9325258
21,7,none,fcz,533,95,3,3,True,0.00046637416,0.014800785,0.23317458,0.7515583
21,7,none,fcz,534,95,0,3,False,0.016573235,0.104210585,0.14830951,0.7309066
21,7,none,fcz,535,95,1,3,False,0.102780074,0.005920744,0.09890715,0.792392
21,7,none,fcz,536,95,1,3,False,0.0050752913,0.0010328861,0.0019215973,0.99197024
21,7,none,fcz,537,95,0,3,False,0.23950514,0.015759593,0.13368201,0.6110533
21,7,none,fcz,538,95,0,3,False,0.08835048,0.0039740405,0.023119066,0.8845565
21,7,none,fcz,539,95,1,1,True,0.21014045,0.4349486,0.13286272,0.22204825
21,7,none,fcz,540,95,1,3,False,0.004222169,0.004732658,0.000915943,0.9901293
21,7,none,fcz,541,95,0,2,False,0.05455953,0.0041888147,0.76805097,0.17320074
21,7,none,fcz,542,95,0,2,False,0.096030794,0.1370141,0.5273012,0.2396539
21,7,none,fcz,543,95,1,3,False,0.0044354084,0.36573747,0.022296885,0.60753024
21,7,none,fcz,544,95,0,3,False,0.09066275,0.025329772,0.18769589,0.6963116
21,7,none,fcz,545,95,1,2,False,0.12429153,0.010568733,0.63723487,0.22790489
21,7,none,fcz,546,95,1,3,False,0.10459312,0.073674574,0.16451532,0.65721697
21,7,none,fcz,547,95,0,2,False,0.0018495715,0.03613201,0.9498084,0.012210008
21,7,none,fcz,548,95,0,2,False,0.4382716,0.014756998,0.51699114,0.029980218
21,7,none,fcz,549,95,2,2,True,0.00065711373,0.0019718923,0.75426215,0.2431088
21,7,none,fcz,550,95,3,3,True,0.08923318,0.06098574,0.060073767,0.7897073
21,7,none,fcz,551,95,3,3,True,0.0060349074,0.013712931,0.0050894404,0.9751627
21,7,none,fcz,552,95,2,3,False,0.22760789,0.054021303,0.2691907,0.44918013
21,7,none,fcz,553,95,2,3,False,0.018410437,0.027978307,0.16772886,0.7858824
21,7,none,fcz,554,95,3,3,True,0.0023033035,0.003667947,0.0021560024,0.9918727
21,7,none,fcz,555,95,2,3,False,0.034363918,0.1735967,0.30338126,0.4886581
21,7,none,fcz,556,95,3,3,True,0.0015152544,0.028724596,0.005456909,0.96430326
21,7,none,fcz,557,95,2,3,False,0.06649122,0.08242198,0.3718349,0.47925186
21,7,none,fcz,558,95,3,3,True,0.0044689877,0.327651,0.018340006,0.64954
21,7,none,fcz,559,95,2,3,False,0.014259833,0.0025746385,0.17431876,0.8088468
21,7,none,fcz,560,95,3,3,True,0.021729944,0.010505319,0.1309071,0.8368577
21,7,none,fcz,561,95,3,2,False,0.005437915,0.03669245,0.672882,0.28498766
21,7,none,fcz,562,95,2,2,True,0.0040177903,0.081818044,0.65748775,0.25667644
21,7,none,fcz,563,95,3,3,True,0.00022693127,0.0046800855,0.02207736,0.9730156
21,7,none,fcz,564,96,1,1,True,0.0610746,0.91411835,0.012277309,0.012529901
21,7,none,fcz,565,96,0,0,True,0.9633159,0.004653758,0.030630818,0.0013995046
21,7,none,fcz,566,96,0,0,True,0.9536251,0.00611554,0.021778878,0.01848048
21,7,none,fcz,567,96,1,1,True,0.0039291396,0.5576935,0.25072625,0.18765111
21,7,none,fcz,568,96,1,1,True,0.0012637002,0.949443,0.031570215,0.017723095
21,7,none,fcz,569,96,0,2,False,0.29375494,0.0018811921,0.38493612,0.3194278
21,7,none,fcz,570,96,1,1,True,0.004611846,0.9819886,0.009456621,0.003942935
21,7,none,fcz,571,96,0,0,True,0.98843503,0.00010554295,0.007835351,0.003623942
21,7,none,fcz,572,96,0,0,True,0.67359,0.009687442,0.25521672,0.061505817
21,7,none,fcz,573,96,1,1,True,0.0016731841,0.97745466,0.019209577,0.0016626262
21,7,none,fcz,574,96,1,1,True,0.003714659,0.97220594,0.02317586,0.0009035613
21,7,none,fcz,575,96,0,0,True,0.79008424,0.00049933663,0.2050335,0.0043829586
21,7,none,fcz,576,96,0,0,True,0.77321446,0.01955944,0.025242759,0.18198335
21,7,none,fcz,577,96,1,2,False,0.020184716,0.32591322,0.34228298,0.31161907
21,7,none,fcz,578,96,1,1,True,0.0025510385,0.7690147,0.041245688,0.18718866
21,7,none,fcz,579,96,3,3,True,0.0017423618,0.0068431613,0.113190055,0.8782244
21,7,none,fcz,580,96,2,2,True,0.0046030423,9.785476e-05,0.9947561,0.00054303417
21,7,none,fcz,581,96,3,2,False,0.008194251,0.07502698,0.84101963,0.075759135
21,7,none,fcz,582,96,2,2,True,0.012011155,0.0021501672,0.9057284,0.080110386
21,7,none,fcz,583,96,2,2,True,0.036475867,0.007038169,0.7868365,0.16964948
21,7,none,fcz,584,96,3,2,False,0.017400917,0.0019220492,0.8260464,0.15463062
21,7,none,fcz,585,96,3,3,True,0.2671637,0.02034082,0.19873245,0.513763
21,7,none,fcz,586,96,2,2,True,0.0090823965,0.0026780309,0.88291043,0.105329156
21,7,none,fcz,587,96,3,3,True,0.012519826,0.0015721782,0.10836025,0.87754774
21,7,none,fcz,588,96,2,2,True,0.032910734,0.05581677,0.87951785,0.031754736
21,7,none,fcz,589,96,2,2,True,0.029494986,0.036888618,0.93016875,0.0034476132
21,7,none,fcz,590,96,3,3,True,0.29943162,0.07210919,0.10475556,0.52370363
21,7,none,fcz,591,96,3,3,True,0.02597934,0.011684022,0.099343024,0.86299366
21,7,none,fcz,592,96,2,2,True,0.10081566,0.023864325,0.59001374,0.28530622
21,7,none,fcz,593,96,3,3,True,0.050635673,0.114998974,0.21234684,0.6220185
21,7,none,fcz,594,96,0,0,True,0.93678886,0.001146402,0.058510777,0.0035539167
21,7,none,fcz,595,96,1,2,False,0.09959575,0.009205095,0.8834026,0.0077966056
21,7,none,fcz,596,96,1,3,False,0.1347256,0.09791818,0.27493697,0.49241924
21,7,none,fcz,597,96,0,0,True,0.9719517,6.846965e-05,0.008630293,0.019349625
21,7,none,fcz,598,96,1,0,False,0.5096512,0.2892185,0.1552229,0.045907456
21,7,none,fcz,599,96,0,3,False,0.2952147,0.004425878,0.33305043,0.36730894
21,7,none,fcz,600,96,0,0,True,0.7600459,0.00022083386,0.23344544,0.0062878192
21,7,none,fcz,601,96,1,1,True,0.022138163,0.8974282,0.04685031,0.03358329
21,7,none,fcz,602,96,0,0,True,0.8946794,0.00831947,0.07716132,0.019839779
21,7,none,fcz,603,96,1,2,False,0.055350132,0.33335006,0.60326225,0.008037615
21,7,none,fcz,604,96,1,3,False,0.0057370346,0.2522602,0.14359078,0.5984119
21,7,none,fcz,605,96,0,0,True,0.93498576,7.068325e-05,0.0420148,0.022928735
21,7,none,fcz,606,96,1,2,False,0.024606127,0.050064716,0.4704243,0.45490488
21,7,none,fcz,607,96,0,2,False,0.26590064,0.0005951808,0.44950753,0.2839967
21,7,none,fcz,608,96,0,0,True,0.5279065,0.000263938,0.2643783,0.2074513
21,7,none,fcz,609,96,3,3,True,0.049369097,0.003109896,0.012436093,0.935085
21,7,none,fcz,610,96,2,2,True,0.0017514292,0.00087636407,0.99382716,0.0035450514
21,7,none,fcz,611,96,3,2,False,0.31072354,0.0390974,0.61559284,0.03458619
21,7,none,fcz,612,96,2,0,False,0.733189,0.008267462,0.13620204,0.12234159
21,7,none,fcz,613,96,3,3,True,0.145933,0.07121364,0.019166673,0.7636867
21,7,none,fcz,614,96,2,2,True,0.006792136,0.00054605864,0.98566496,0.0069969706
21,7,none,fcz,615,96,2,2,True,0.011296821,0.0017308374,0.8713459,0.11562639
21,7,none,fcz,616,96,3,2,False,0.05536197,0.0011701938,0.5921277,0.35134014
21,7,none,fcz,617,96,2,2,True,0.1337619,0.00944963,0.482069,0.37471947
21,7,none,fcz,618,96,3,0,False,0.7692492,0.016456537,0.06595619,0.14833808
21,7,none,fcz,619,96,2,2,True,0.0646433,0.001887182,0.556971,0.37649852
21,7,none,fcz,620,96,3,3,True,0.075438984,0.004358973,0.036699772,0.88350224
21,7,none,fcz,621,96,2,0,False,0.73395026,0.0031639198,0.23868151,0.024204286
21,7,none,fcz,622,96,3,3,True,0.032148477,0.008243711,0.03864415,0.9209637
21,7,none,fcz,623,96,3,3,True,0.08680002,0.01690665,0.15100797,0.74528533
21,7,none,fcz,624,96,1,1,True,0.004720597,0.8857235,0.060887463,0.048668496
21,7,none,fcz,625,96,0,0,True,0.8381323,0.00039606667,0.12874219,0.032729447
21,7,none,fcz,626,96,1,2,False,0.13724564,0.006448572,0.83539593,0.020909877
21,7,none,fcz,627,96,0,0,True,0.61266774,0.07885546,0.30147237,0.007004415
21,7,none,fcz,628,96,1,2,False,0.013820468,0.19130948,0.7306591,0.06421093
21,7,none,fcz,629,96,0,0,True,0.98465306,0.00067402754,0.0073795747,0.007293409
21,7,none,fcz,630,96,0,0,True,0.9285486,3.2484702e-05,0.07130026,0.00011879565
21,7,none,fcz,631,96,1,0,False,0.58545625,0.04598255,0.0883671,0.28019407
21,7,none,fcz,632,96,1,1,True,0.018970776,0.9063749,0.059005048,0.01564928
21,7,none,fcz,633,96,0,0,True,0.8803672,0.008139065,0.036847614,0.07464615
21,7,none,fcz,634,96,0,0,True,0.99726415,6.003515e-06,0.0025286798,0.00020130651
21,7,none,fcz,635,96,1,1,True,0.013430802,0.9127655,0.06235119,0.011452586
21,7,none,fcz,636,96,1,2,False,0.029567845,0.2759584,0.6772137,0.017260067
21,7,none,fcz,637,96,0,0,True,0.99762005,0.001145381,0.0007004331,0.00053407485
21,7,none,fcz,638,96,0,0,True,0.81047606,0.009075,0.07757242,0.10287654
21,7,none,fcz,639,96,2,2,True,0.0024162747,0.020832727,0.9689971,0.007753783
21,7,none,fcz,640,96,3,2,False,0.016001776,0.014033006,0.78655106,0.18341419
21,7,none,fcz,641,96,2,2,True,0.089434326,0.0039241025,0.7951509,0.111490674
21,7,none,fcz,642,96,3,2,False,0.0049221753,0.053759888,0.8087975,0.13252047
21,7,none,fcz,643,96,3,3,True,0.1389053,0.00583296,0.021785483,0.8334762
21,7,none,fcz,644,96,2,2,True,0.04149361,0.104306825,0.8416177,0.012581957
21,7,none,fcz,645,96,3,3,True,0.41138247,0.032922346,0.110899486,0.44479567
21,7,none,fcz,646,96,2,2,True,0.20469472,0.12878397,0.62719893,0.03932237
21,7,none,fcz,647,96,2,2,True,0.0092151575,0.0074361316,0.9747294,0.008619328
21,7,none,fcz,648,96,3,2,False,0.26904595,0.07532141,0.47954315,0.17608953
21,7,none,fcz,649,96,2,2,True,0.035287414,0.01656708,0.6728824,0.27526316
21,7,none,fcz,650,96,3,3,True,0.14054629,0.008240794,0.10869856,0.7425144
21,7,none,fcz,651,96,2,2,True,0.13186732,0.07571966,0.6641432,0.12826976
21,7,none,fcz,652,96,3,0,False,0.6507667,0.013903015,0.19958732,0.13574295
21,7,none,fcz,653,96,3,1,False,0.07853298,0.56779104,0.13179319,0.2218828
21,7,none,fcz,654,97,0,0,True,0.68750465,0.1269304,0.17134999,0.014214915
21,7,none,fcz,655,97,1,1,True,0.037541475,0.88963485,0.0101541355,0.06266952
21,7,none,fcz,656,97,1,1,True,0.2975498,0.6134781,0.025010554,0.06396145
21,7,none,fcz,657,97,0,0,True,0.68764514,0.109755315,0.16952273,0.033076826
21,7,none,fcz,658,97,0,0,True,0.98266476,0.0015045224,0.011569475,0.004261348
21,7,none,fcz,659,97,1,1,True,0.0063414164,0.958184,0.015593941,0.019880673
21,7,none,fcz,660,97,0,0,True,0.5227626,0.05127246,0.39944488,0.026520135
21,7,none,fcz,661,97,1,1,True,0.0005087981,0.96353954,0.026585257,0.009366408
21,7,none,fcz,662,97,0,1,False,0.11436008,0.4271994,0.14128242,0.31715813
21,7,none,fcz,663,97,1,1,True,0.047696397,0.54808015,0.019589806,0.3846336
21,7,none,fcz,664,97,1,1,True,0.002660028,0.98907185,0.00083464594,0.007433562
21,7,none,fcz,665,97,0,0,True,0.6793448,0.019463317,0.0243073,0.27688453
21,7,none,fcz,666,97,1,2,False,0.1423083,0.07204586,0.6406906,0.14495523
21,7,none,fcz,667,97,0,3,False,0.299507,0.22221638,0.110260926,0.3680157
21,7,none,fcz,668,97,0,0,True,0.92405903,0.061572112,0.0057934383,0.008575393
21,7,none,fcz,669,97,3,3,True,0.38554862,0.056695037,0.167539,0.39021736
21,7,none,fcz,670,97,2,0,False,0.71328306,0.12196361,0.092387795,0.07236558
21,7,none,fcz,671,97,3,3,True,0.0027340618,0.030025767,0.015173981,0.95206624
21,7,none,fcz,672,97,2,1,False,0.004644661,0.6775027,0.12336978,0.19448285
21,7,none,fcz,673,97,3,1,False,0.1503906,0.5071694,0.0019865055,0.34045348
21,7,none,fcz,674,97,2,3,False,0.080075994,0.17353341,0.35222113,0.39416945
21,7,none,fcz,675,97,3,2,False,0.01518966,0.102416135,0.7987591,0.08363508
21,7,none,fcz,676,97,2,1,False,0.02558527,0.78032416,0.016395736,0.17769477
21,7,none,fcz,677,97,3,1,False,0.015691113,0.39803356,0.33945033,0.24682502
21,7,none,fcz,678,97,2,2,True,0.10126209,0.091125436,0.7260043,0.081608154
21,7,none,fcz,679,97,3,3,True,0.17319512,0.006831588,0.023031218,0.7969421
21,7,none,fcz,680,97,2,3,False,0.008978132,0.0037576384,0.0014870212,0.9857772
21,7,none,fcz,681,97,3,3,True,0.055881873,0.002846767,0.02688739,0.914384
21,7,none,fcz,682,97,2,1,False,0.003815275,0.8540136,0.07197741,0.07019365
21,7,none,fcz,683,97,2,1,False,0.03071633,0.7873753,0.07155593,0.110352434
21,7,none,fcz,684,97,0,1,False,0.29944262,0.3535769,0.16160148,0.18537895
21,7,none,fcz,685,97,1,0,False,0.891448,0.051678985,0.051680535,0.005192441
21,7,none,fcz,686,97,1,1,True,0.014377446,0.9584416,0.01949092,0.007690029
21,7,none,fcz,687,97,0,0,True,0.42252013,0.008356776,0.29842573,0.2706974
21,7,none,fcz,688,97,1,3,False,0.17996073,0.19613613,0.2535021,0.37040108
21,7,none,fcz,689,97,0,0,True,0.7456461,0.013024293,0.14436994,0.09695971
21,7,none,fcz,690,97,1,2,False,0.0147387795,0.007855961,0.51528466,0.46212062
21,7,none,fcz,691,97,0,3,False,0.064626664,0.017916644,0.06635515,0.8511015
21,7,none,fcz,692,97,1,1,True,0.10805098,0.51546526,0.040240444,0.33624342
21,7,none,fcz,693,97,0,3,False,0.25982904,0.005598966,0.051526286,0.6830457
21,7,none,fcz,694,97,0,0,True,0.9216438,0.0037397104,0.06529825,0.009318263
21,7,none,fcz,695,97,1,1,True,0.0035558804,0.4696283,0.33693153,0.1898842
21,7,none,fcz,696,97,0,3,False,0.036275648,0.0018678794,0.005314682,0.9565417
21,7,none,fcz,697,97,1,1,True,0.040022027,0.6998284,0.0248024,0.2353471
21,7,none,fcz,698,97,1,3,False,0.000978198,0.064539894,0.0021921976,0.9322898
21,7,none,fcz,699,97,3,3,True,0.014494629,0.07312521,0.31303337,0.59934676
21,7,none,fcz,700,97,2,0,False,0.542751,0.05125254,0.33603084,0.069965586
21,7,none,fcz,701,97,2,2,True,0.11039988,0.13650219,0.4062788,0.34681913
21,7,none,fcz,702,97,3,3,True,0.015908081,0.048482846,0.42375422,0.5118548
21,7,none,fcz,703,97,3,1,False,0.16504267,0.44238296,0.28647637,0.10609794
21,7,none,fcz,704,97,2,1,False,0.082192294,0.84924054,0.022859663,0.045707457
21,7,none,fcz,705,97,2,2,True,0.009630204,0.19991954,0.4734137,0.3170365
21,7,none,fcz,706,97,3,2,False,0.07236999,0.1022049,0.47549805,0.34992704
21,7,none,fcz,707,97,2,2,True,0.027445791,0.05768276,0.62100476,0.29386666
21,7,none,fcz,708,97,3,3,True,0.0029286144,0.23690069,0.06377852,0.6963922
21,7,none,fcz,709,97,3,3,True,0.068963915,0.00872562,0.066663265,0.8556472
21,7,none,fcz,710,97,2,2,True,0.011648789,0.026893714,0.5786042,0.38285324
21,7,none,fcz,711,97,3,3,True,0.16456889,0.029943595,0.26937965,0.53610784
21,7,none,fcz,712,97,2,2,True,0.24595596,0.0041012727,0.53825605,0.21168669
21,7,none,fcz,713,97,3,3,True,0.21251546,0.25163755,0.05208395,0.48376304
21,7,none,fcz,714,97,1,3,False,0.05761462,0.162344,0.32185715,0.45818415
21,7,none,fcz,715,97,0,2,False,0.21289796,0.2630714,0.38294327,0.14108743
21,7,none,fcz,716,97,1,1,True,0.081242144,0.6155098,0.20064731,0.10260075
21,7,none,fcz,717,97,0,0,True,0.94380367,0.037243668,0.017108714,0.0018439785
21,7,none,fcz,718,97,1,2,False,0.09284124,0.06176812,0.7375018,0.10788888
21,7,none,fcz,719,97,0,0,True,0.6957947,0.024855563,0.06841614,0.2109336
21,7,none,fcz,720,97,0,0,True,0.7329949,0.0034213336,0.026779246,0.23680453
21,7,none,fcz,721,97,1,1,True,0.029054455,0.4687812,0.2628742,0.23929018
21,7,none,fcz,722,97,1,1,True,0.007736346,0.4664557,0.12996574,0.39584222
21,7,none,fcz,723,97,0,0,True,0.88641334,0.0075220447,0.035149224,0.070915475
21,7,none,fcz,724,97,1,1,True,0.025808029,0.67049825,0.04039884,0.26329485
21,7,none,fcz,725,97,0,0,True,0.649665,0.09225459,0.13357115,0.12450929
21,7,none,fcz,726,97,0,0,True,0.9701633,0.0018644336,0.009435487,0.018536747
21,7,none,fcz,727,97,1,2,False,0.058274135,0.13008007,0.5048538,0.30679202
21,7,none,fcz,728,97,0,0,True,0.6687114,0.0075888364,0.07354215,0.25015756
21,7,none,fcz,729,97,3,3,True,0.20904331,0.061489034,0.22384189,0.5056257
21,7,none,fcz,730,97,2,1,False,0.005429936,0.6541785,0.094337,0.24605455
21,7,none,fcz,731,97,2,2,True,0.02376904,0.032469418,0.8725944,0.07116714
21,7,none,fcz,732,97,3,0,False,0.5244285,0.10266242,0.12782182,0.2450873
21,7,none,fcz,733,97,2,3,False,0.12398408,0.21935639,0.28382263,0.3728369
21,7,none,fcz,734,97,3,1,False,0.28624892,0.40466022,0.17744759,0.13164315
21,7,none,fcz,735,97,2,0,False,0.4684695,0.09263632,0.28949612,0.14939809
21,7,none,fcz,736,97,3,3,True,0.05538864,0.14254686,0.13069084,0.6713736
21,7,none,fcz,737,97,3,3,True,0.05294806,0.016136311,0.17291239,0.75800323
21,7,none,fcz,738,97,2,2,True,0.06480174,0.14768867,0.6645952,0.122914456
21,7,none,fcz,739,97,3,3,True,0.003403707,0.008849833,0.09344446,0.89430195
21,7,none,fcz,740,97,2,3,False,0.274664,0.25053343,0.15726572,0.3175368
21,7,none,fcz,741,97,2,2,True,0.089348234,0.14775327,0.39566478,0.36723372
21,7,none,fcz,742,97,3,3,True,0.101736434,0.052067205,0.21705736,0.62913895
21,7,none,fcz,743,97,2,0,False,0.6710365,0.108534284,0.13348857,0.0869407
21,7,none,fcz,744,98,0,0,True,0.87877095,0.015372029,0.10012639,0.005730582
21,7,none,fcz,745,98,1,2,False,0.048485488,0.13719733,0.7596049,0.05471235
21,7,none,fcz,746,98,1,1,True,0.146963,0.71453637,0.09998858,0.038512006
21,7,none,fcz,747,98,0,0,True,0.6854175,0.08482349,0.2079348,0.021824272
21,7,none,fcz,748,98,0,0,True,0.57558006,0.0664225,0.18589708,0.1721003
21,7,none,fcz,749,98,1,1,True,0.09687915,0.59321064,0.26230934,0.047600888
21,7,none,fcz,750,98,1,1,True,0.032832075,0.8765053,0.03597114,0.05469148
21,7,none,fcz,751,98,0,2,False,0.13769886,0.33255687,0.40881535,0.12092888
21,7,none,fcz,752,98,1,1,True,0.11156342,0.7147103,0.1502543,0.023472067
21,7,none,fcz,753,98,0,0,True,0.6674514,0.054034762,0.26556227,0.01295161
21,7,none,fcz,754,98,1,1,True,0.0918307,0.85895926,0.02616662,0.023043342
21,7,none,fcz,755,98,0,0,True,0.82662827,0.031553347,0.12492952,0.016888836
21,7,none,fcz,756,98,0,2,False,0.14983489,0.35748613,0.48018822,0.012490777
21,7,none,fcz,757,98,1,3,False,0.07352064,0.22880936,0.34445965,0.3532104
21,7,none,fcz,758,98,0,2,False,0.19955352,0.14761351,0.4333787,0.21945432
21,7,none,fcz,759,98,3,3,True,0.012498448,0.0011719373,0.005401263,0.98092836
21,7,none,fcz,760,98,2,2,True,0.13710758,0.05092785,0.6461972,0.16576737
21,7,none,fcz,761,98,3,3,True,0.012211758,0.019630905,0.06311849,0.9050389
21,7,none,fcz,762,98,2,1,False,0.27754384,0.3961841,0.3090085,0.01726352
21,7,none,fcz,763,98,2,0,False,0.56891453,0.057794597,0.2636245,0.10966636
21,7,none,fcz,764,98,3,3,True,0.03166017,0.12334819,0.3316533,0.5133383
21,7,none,fcz,765,98,2,2,True,0.07838934,0.010546953,0.8521189,0.058944795
21,7,none,fcz,766,98,3,2,False,0.11294821,0.10277695,0.39780256,0.38647223
21,7,none,fcz,767,98,2,2,True,0.087142915,0.00451562,0.79966325,0.1086783
21,7,none,fcz,768,98,3,3,True,0.05763876,0.03083484,0.018333742,0.89319265
21,7,none,fcz,769,98,3,3,True,0.1112904,0.018262893,0.1415817,0.728865
21,7,none,fcz,770,98,2,2,True,0.07546813,0.025357118,0.7622622,0.13691257
21,7,none,fcz,771,98,2,2,True,0.2622782,0.014003084,0.3911377,0.33258107
21,7,none,fcz,772,98,3,0,False,0.7679735,0.032846726,0.05398395,0.14519593
21,7,none,fcz,773,98,3,2,False,0.23013155,0.06333546,0.43234566,0.2741874
21,7,none,fcz,774,98,1,1,True,0.013103387,0.9081626,0.06305394,0.015680011
21,7,none,fcz,775,98,0,0,True,0.4630381,0.10715313,0.3711699,0.0586388
21,7,none,fcz,776,98,0,0,True,0.6900007,0.0204408,0.23438568,0.05517277
21,7,none,fcz,777,98,1,1,True,0.09890664,0.38107905,0.23386188,0.2861524
21,7,none,fcz,778,98,0,0,True,0.9303974,0.023891704,0.023071652,0.022639228
21,7,none,fcz,779,98,1,2,False,0.09098628,0.23659983,0.4771535,0.19526033
21,7,none,fcz,780,98,1,3,False,0.05575918,0.2540699,0.18683018,0.5033408
21,7,none,fcz,781,98,0,0,True,0.8300705,0.00889876,0.06442261,0.096608184
21,7,none,fcz,782,98,0,0,True,0.71268165,0.124106854,0.09314357,0.07006787
21,7,none,fcz,783,98,1,1,True,0.14124583,0.41034478,0.1795095,0.2688999
21,7,none,fcz,784,98,0,0,True,0.7202346,0.011454296,0.12349223,0.14481887
21,7,none,fcz,785,98,1,1,True,0.046626575,0.72305,0.20122164,0.029101763
21,7,none,fcz,786,98,1,3,False,0.07170493,0.30396804,0.0645869,0.5597401
21,7,none,fcz,787,98,0,0,True,0.97619665,0.0045512975,0.009906218,0.009345777
21,7,none,fcz,788,98,0,2,False,0.053832214,0.021012008,0.83423793,0.09091781
21,7,none,fcz,789,98,3,3,True,0.1590745,0.05330073,0.079937756,0.707687
21,7,none,fcz,790,98,2,2,True,0.39666125,0.021613635,0.49626303,0.08546209
21,7,none,fcz,791,98,3,3,True,0.13459897,0.030390343,0.20491827,0.6300924
21,7,none,fcz,792,98,2,2,True,0.037554655,0.07155324,0.8830503,0.0078417715
21,7,none,fcz,793,98,2,0,False,0.53149545,0.106249414,0.25081334,0.11144172
21,7,none,fcz,794,98,3,3,True,0.093537554,0.0653168,0.028930288,0.81221545
21,7,none,fcz,795,98,2,2,True,0.2571314,0.120586835,0.45279077,0.16949108
21,7,none,fcz,796,98,3,3,True,0.026418239,0.003657102,0.008631378,0.96129334
21,7,none,fcz,797,98,3,3,True,0.04532046,0.003738328,0.17464364,0.77629757
21,7,none,fcz,798,98,2,3,False,0.08619967,0.052742228,0.3159743,0.54508376
21,7,none,fcz,799,98,2,2,True,0.058505617,0.079857625,0.8337813,0.027855378
21,7,none,fcz,800,98,3,0,False,0.39607072,0.2781373,0.30474094,0.02105102
21,7,none,fcz,801,98,2,3,False,0.09428186,0.049273405,0.108538575,0.74790615
21,7,none,fcz,802,98,3,3,True,0.028127996,0.0099234255,0.026658956,0.9352896
21,7,none,fcz,803,98,3,3,True,0.28094015,0.014683571,0.25942987,0.44494638
21,7,none,fcz,804,98,0,2,False,0.39635846,0.112876765,0.40449065,0.086274095
21,7,none,fcz,805,98,1,3,False,0.2873698,0.044833645,0.04907457,0.61872196
21,7,none,fcz,806,98,1,3,False,0.36572957,0.12552957,0.105308615,0.40343222
21,7,none,fcz,807,98,0,0,True,0.41858277,0.23448102,0.25431964,0.09261652
21,7,none,fcz,808,98,0,1,False,0.20668888,0.71894157,0.041325733,0.033043765
21,7,none,fcz,809,98,1,3,False,0.12897815,0.026976384,0.020152055,0.82389337
21,7,none,fcz,810,98,1,0,False,0.3947911,0.09476181,0.17135969,0.3390874
21,7,none,fcz,811,98,0,0,True,0.53927195,0.028085796,0.18557884,0.24706338
21,7,none,fcz,812,98,0,0,True,0.4752094,0.3623513,0.08463847,0.077800915
21,7,none,fcz,813,98,1,0,False,0.9835384,0.0058753733,0.0018220369,0.008764213
21,7,none,fcz,814,98,0,0,True,0.32054004,0.1693911,0.24521519,0.26485366
21,7,none,fcz,815,98,1,0,False,0.70518255,0.15211603,0.05457513,0.08812622
21,7,none,fcz,816,98,1,0,False,0.58805263,0.02249524,0.07685742,0.3125947
21,7,none,fcz,817,98,0,2,False,0.123452246,0.17985953,0.55769604,0.13899222
21,7,none,fcz,818,98,1,1,True,0.28044575,0.306856,0.24926403,0.16343419
21,7,none,fcz,819,98,2,0,False,0.6519066,0.05565703,0.12802659,0.16440979
21,7,none,fcz,820,98,3,1,False,0.008619032,0.9787991,0.008251028,0.0043307855
21,7,none,fcz,821,98,3,1,False,0.12220939,0.3643383,0.15709761,0.3563547
21,7,none,fcz,822,98,2,0,False,0.49634197,0.012230486,0.17016603,0.32126155
21,7,none,fcz,823,98,2,0,False,0.47237095,0.029260695,0.271118,0.2272504
21,7,none,fcz,824,98,3,2,False,0.044962235,0.13855223,0.45771202,0.3587735
21,7,none,fcz,825,98,3,3,True,0.08442875,0.008558686,0.33299807,0.57401454
21,7,none,fcz,826,98,2,2,True,0.2096147,0.09446036,0.36825028,0.32767463
21,7,none,fcz,827,98,3,3,True,0.14500527,0.11534643,0.059428502,0.6802198
21,7,none,fcz,828,98,2,2,True,0.3761307,0.07871329,0.49784178,0.047314215
21,7,none,fcz,829,98,3,3,True,0.32869592,0.04037301,0.21568036,0.41525075
21,7,none,fcz,830,98,2,0,False,0.4525021,0.022138385,0.1127262,0.41263336
21,7,none,fcz,831,98,3,3,True,0.09272938,0.040046073,0.15640324,0.7108213
21,7,none,fcz,832,98,2,0,False,0.73416066,0.023648119,0.1642256,0.07796563
21,7,none,fcz,833,98,3,1,False,0.22317228,0.7012782,0.02074673,0.054802712
21,7,none,fcz,834,99,1,3,False,0.19014917,0.31563997,0.16484864,0.3293622
21,7,none,fcz,835,99,0,2,False,0.314321,0.0092547145,0.6545643,0.021859894
21,7,none,fcz,836,99,0,0,True,0.8359237,0.02706549,0.029824229,0.10718662
21,7,none,fcz,837,99,1,3,False,0.12674198,0.050535813,0.0043819454,0.81834024
21,7,none,fcz,838,99,0,1,False,0.11500305,0.38075534,0.21411072,0.29013088
21,7,none,fcz,839,99,1,0,False,0.6917737,0.022669984,0.017479373,0.26807693
21,7,none,fcz,840,99,1,3,False,0.060270544,0.0488474,0.37540373,0.51547825
21,7,none,fcz,841,99,0,2,False,0.18353099,0.06324099,0.4430518,0.31017625
21,7,none,fcz,842,99,0,3,False,0.21200022,0.049364097,0.04272106,0.6959146
21,7,none,fcz,843,99,1,3,False,0.020327758,0.0009842924,0.38169688,0.59699106
21,7,none,fcz,844,99,1,1,True,0.0049641533,0.9753483,0.015613945,0.004073595
21,7,none,fcz,845,99,0,3,False,0.18053313,0.07923217,0.23444936,0.50578535
21,7,none,fcz,846,99,1,2,False,0.054064214,0.24931782,0.5446892,0.15192875
21,7,none,fcz,847,99,0,0,True,0.5411895,0.002933465,0.20905225,0.24682476
21,7,none,fcz,848,99,1,3,False,0.06869528,0.37379357,0.17653605,0.38097513
21,7,none,fcz,849,99,3,2,False,0.12652555,0.2409574,0.40151212,0.23100492
21,7,none,fcz,850,99,2,3,False,0.11740823,0.024428267,0.05753516,0.80062836
21,7,none,fcz,851,99,3,2,False,0.2681973,0.042357113,0.54626,0.14318551
21,7,none,fcz,852,99,2,2,True,0.21508133,0.0042046113,0.76432204,0.016392017
21,7,none,fcz,853,99,3,3,True,0.37096968,0.035219133,0.18612097,0.4076902
21,7,none,fcz,854,99,2,2,True,0.3275055,0.014079349,0.6355557,0.02285937
21,7,none,fcz,855,99,3,0,False,0.37788108,0.2656909,0.28813347,0.06829453
21,7,none,fcz,856,99,2,3,False,0.2635847,0.009626324,0.22832444,0.49846455
21,7,none,fcz,857,99,2,0,False,0.38219577,0.17068326,0.088540085,0.35858092
21,7,none,fcz,858,99,3,0,False,0.87650275,0.0101679815,0.054464813,0.058864437
21,7,none,fcz,859,99,3,3,True,0.09779257,0.01563508,0.15378693,0.7327854
21,7,none,fcz,860,99,2,3,False,0.30901578,0.0767582,0.02798321,0.58624285
21,7,none,fcz,861,99,2,0,False,0.5086884,0.014739921,0.3815824,0.094989255
21,7,none,fcz,862,99,3,3,True,0.016021034,0.006354394,0.08437662,0.89324796
21,7,none,fcz,863,99,3,3,True,0.22949404,0.04052403,0.07156137,0.65842056
21,7,none,fcz,864,99,0,0,True,0.93658805,0.0006688601,0.020506443,0.0422366
21,7,none,fcz,865,99,1,0,False,0.44150642,0.0249944,0.18125102,0.35224813
21,7,none,fcz,866,99,0,3,False,0.4567218,0.049973276,0.0105332,0.4827717
21,7,none,fcz,867,99,1,0,False,0.51732945,0.1965634,0.035529036,0.25057805
21,7,none,fcz,868,99,1,1,True,0.011329222,0.52435774,0.016673027,0.44764006
21,7,none,fcz,869,99,0,0,True,0.8562655,0.002603969,0.05445414,0.08667638
21,7,none,fcz,870,99,1,0,False,0.71222186,0.14896676,0.11225214,0.026559262
21,7,none,fcz,871,99,0,0,True,0.72074765,0.0012231931,0.11578721,0.16224205
21,7,none,fcz,872,99,1,0,False,0.32283705,0.27011386,0.25312984,0.1539193
21,7,none,fcz,873,99,0,0,True,0.5639552,0.00036890127,0.011892302,0.42378366
21,7,none,fcz,874,99,1,0,False,0.5178941,0.011656796,0.054793973,0.41565517
21,7,none,fcz,875,99,0,2,False,0.33521372,0.009774164,0.3720583,0.28295386
21,7,none,fcz,876,99,1,2,False,0.43774423,0.011624911,0.4813156,0.06931522
21,7,none,fcz,877,99,0,0,True,0.6714089,0.039890777,0.05568793,0.23301238
21,7,none,fcz,878,99,0,0,True,0.9922202,0.00014077366,0.0027990856,0.00483987
21,7,none,fcz,879,99,2,3,False,0.23629735,0.016661024,0.11884408,0.62819755
21,7,none,fcz,880,99,3,2,False,0.010952878,0.0059535764,0.5451178,0.43797573
21,7,none,fcz,881,99,2,3,False,0.18638024,0.11732927,0.029441344,0.66684914
21,7,none,fcz,882,99,3,3,True,0.3245033,0.031143555,0.16377372,0.48057944
21,7,none,fcz,883,99,3,0,False,0.9207973,0.012384001,0.05270512,0.014113587
21,7,none,fcz,884,99,2,0,False,0.8561839,0.0061735753,0.12582985,0.011812723
21,7,none,fcz,885,99,3,0,False,0.61480325,0.009037927,0.15411425,0.2220446
21,7,none,fcz,886,99,2,0,False,0.76720846,0.0024000471,0.07968091,0.15071057
21,7,none,fcz,887,99,2,1,False,0.20247155,0.66972274,0.0032306241,0.12457514
21,7,none,fcz,888,99,3,0,False,0.791392,0.007172799,0.02043164,0.18100356
21,7,none,fcz,889,99,2,3,False,0.31594318,0.0037294792,0.0120416805,0.6682856
21,7,none,fcz,890,99,3,3,True,0.07401175,0.017900752,0.26859653,0.63949096
21,7,none,fcz,891,99,2,3,False,0.07075963,0.008069992,0.19214995,0.7290204
21,7,none,fcz,892,99,3,3,True,0.18864436,0.010933216,0.25161186,0.54881054
21,7,none,fcz,893,99,3,3,True,0.12815408,0.028549755,0.41847944,0.42481664
21,7,none,fcz,894,99,0,0,True,0.8305139,0.014320216,0.119660005,0.035505958
21,7,none,fcz,895,99,1,0,False,0.81561154,0.0041548093,0.015717193,0.16451654
21,7,none,fcz,896,99,0,0,True,0.6683693,0.057796113,0.20759894,0.06623561
21,7,none,fcz,897,99,1,1,True,0.27089462,0.33015257,0.25496095,0.14399178
21,7,none,fcz,898,99,1,1,True,0.05545212,0.6949996,0.056120515,0.1934278
21,7,none,fcz,899,99,0,0,True,0.7140587,0.0036449127,0.10298915,0.17930727
21,7,none,fcz,900,99,0,2,False,0.09671456,0.019080501,0.68987626,0.19432868
21,7,none,fcz,901,99,1,3,False,0.0039836736,0.2843207,0.09315266,0.61854297
21,7,none,fcz,902,99,0,2,False,0.1161954,0.19902657,0.5668787,0.11789939
21,7,none,fcz,903,99,1,3,False,0.33830482,0.048487145,0.00745036,0.60575765
21,7,none,fcz,904,99,1,3,False,0.13699867,0.014700093,0.26186302,0.58643824
21,7,none,fcz,905,99,0,2,False,0.31381756,0.050676182,0.44763532,0.18787086
21,7,none,fcz,906,99,0,0,True,0.68962824,0.002394201,0.057643306,0.25033426
21,7,none,fcz,907,99,1,2,False,0.25455827,0.068454556,0.34162748,0.3353597
21,7,none,fcz,908,99,1,2,False,0.07824835,0.027803272,0.61385804,0.28009033
21,7,none,fcz,909,99,2,3,False,0.041551955,0.011050158,0.21751055,0.7298873
21,7,none,fcz,910,99,3,1,False,0.115683764,0.43696046,0.05764473,0.389711
21,7,none,fcz,911,99,2,2,True,0.049713902,0.034481917,0.8288429,0.0869612
21,7,none,fcz,912,99,3,2,False,0.009162389,0.022613637,0.93637156,0.031852428
21,7,none,fcz,913,99,3,2,False,0.21133913,0.03689749,0.40621528,0.34554815
21,7,none,fcz,914,99,2,3,False,0.08553149,0.01311408,0.34365213,0.5577023
21,7,none,fcz,915,99,2,3,False,0.019562114,0.026357012,0.17747521,0.7766056
21,7,none,fcz,916,99,3,3,True,0.16213977,0.058017626,0.1994787,0.58036387
21,7,none,fcz,917,99,3,0,False,0.689895,0.0021239144,0.17358442,0.13439678
21,7,none,fcz,918,99,2,0,False,0.673564,0.0022425842,0.2169659,0.10722748
21,7,none,fcz,919,99,3,0,False,0.5085176,0.11176524,0.075356,0.3043611
21,7,none,fcz,920,99,2,2,True,0.33701363,0.019030519,0.39144045,0.25251538
21,7,none,fcz,921,99,3,2,False,0.049922705,0.06817036,0.6371561,0.24475077
21,7,none,fcz,922,99,2,1,False,0.1147733,0.419015,0.3752288,0.09098294
21,7,none,fcz,923,99,3,3,True,0.061288025,0.01100585,0.033277955,0.89442813
21,7,none,fcz,924,100,0,0,True,0.872695,0.007651676,0.11582751,0.003825818
21,7,none,fcz,925,100,1,3,False,0.014508611,0.13039443,0.11197091,0.74312603
21,7,none,fcz,926,100,1,1,True,0.009419655,0.9039489,0.030293621,0.056337737
21,7,none,fcz,927,100,0,1,False,0.09835652,0.39770103,0.18117906,0.3227634
21,7,none,fcz,928,100,0,0,True,0.9783392,0.0006305777,0.0042256895,0.016804576
21,7,none,fcz,929,100,1,2,False,0.13968709,0.1548204,0.3775067,0.32798585
21,7,none,fcz,930,100,0,0,True,0.9945146,3.375182e-05,0.0016963013,0.0037554172
21,7,none,fcz,931,100,1,2,False,0.07761436,0.10844448,0.57699686,0.23694424
21,7,none,fcz,932,100,1,1,True,0.0008298387,0.98313785,0.015523674,0.00050868455
21,7,none,fcz,933,100,0,2,False,0.10818907,0.018006679,0.7322464,0.1415579
21,7,none,fcz,934,100,1,2,False,0.012461078,0.40117028,0.50391406,0.08245457
21,7,none,fcz,935,100,0,0,True,0.5781791,0.0022360242,0.37978247,0.039802317
21,7,none,fcz,936,100,3,3,True,0.07912908,0.0026910987,0.0053402265,0.9128396
21,7,none,fcz,937,100,2,2,True,0.31412235,0.04447594,0.55695945,0.08444231
21,7,none,fcz,938,100,3,3,True,0.17692053,0.010808351,0.011737957,0.8005332
21,7,none,fcz,939,100,2,2,True,0.158897,0.17457175,0.54890084,0.117630474
21,7,none,fcz,940,100,3,0,False,0.5164451,0.0026374385,0.16884908,0.31206846
21,7,none,fcz,941,100,2,2,True,0.32607085,0.0535226,0.6133793,0.007027276
21,7,none,fcz,942,100,3,0,False,0.41609958,0.1399933,0.1031699,0.34073725
21,7,none,fcz,943,100,2,2,True,0.075468026,0.0045254105,0.9124866,0.0075199353
21,7,none,fcz,944,100,3,2,False,0.13885929,0.008925985,0.76700896,0.08520578
21,7,none,fcz,945,100,2,2,True,0.05497612,0.0436235,0.8988932,0.0025071772
21,7,none,fcz,946,100,3,1,False,0.0042051035,0.8161685,0.04537802,0.13424847
21,7,none,fcz,947,100,2,2,True,0.44335008,0.017721934,0.50500584,0.033922162
21,7,none,fcz,948,100,1,1,True,0.0047080973,0.9425,0.05154342,0.0012485147
21,7,none,fcz,949,100,0,0,True,0.7389194,0.019400846,0.21747729,0.024202477
21,7,none,fcz,950,100,0,0,True,0.8545946,0.008935126,0.039553896,0.09691646
21,7,none,fcz,951,100,1,2,False,0.10669067,0.3689954,0.41827688,0.10603712
21,7,none,fcz,952,100,1,1,True,0.2787396,0.4988678,0.06594882,0.15644373
21,7,none,fcz,953,100,0,2,False,0.24775007,0.11130714,0.61332595,0.027616845
21,7,none,fcz,954,100,0,0,True,0.88068855,0.04797955,0.008689942,0.062641956
21,7,none,fcz,955,100,1,1,True,0.0061204233,0.9438921,0.022761798,0.027225668
21,7,none,fcz,956,100,1,1,True,0.08783063,0.735995,0.019677706,0.15649676
21,7,none,fcz,957,100,0,1,False,0.022156721,0.61992615,0.2827748,0.07514236
21,7,none,fcz,958,100,0,0,True,0.94477576,0.020686481,0.027349913,0.007187961
21,7,none,fcz,959,100,1,1,True,0.0021387122,0.9865578,0.007004173,0.0042993333
21,7,none,fcz,960,100,3,3,True,0.090967834,0.018621659,0.17776404,0.7126464
21,7,none,fcz,961,100,2,2,True,0.04129089,0.0015196436,0.91115177,0.046037693
21,7,none,fcz,962,100,2,2,True,0.089665845,0.00764645,0.8536079,0.049079843
21,7,none,fcz,963,100,3,3,True,0.14346746,0.061874095,0.062989816,0.7316686
21,7,none,fcz,964,100,2,2,True,0.29475233,0.16481039,0.5145511,0.025886241
21,7,none,fcz,965,100,3,0,False,0.847328,0.0012980329,0.014020989,0.13735297
21,7,none,fcz,966,100,2,2,True,0.057098955,0.1686691,0.7096979,0.064533986
21,7,none,fcz,967,100,3,0,False,0.77524805,0.011147819,0.051911015,0.16169299
21,7,none,fcz,968,100,2,0,False,0.7592018,0.07219319,0.16085763,0.0077473004
21,7,none,fcz,969,100,3,1,False,0.0403161,0.48791385,0.2687732,0.20299686
21,7,none,fcz,970,100,2,0,False,0.53933513,0.023214018,0.11471639,0.32273445
21,7,none,fcz,971,100,3,0,False,0.44372585,0.11452637,0.11815217,0.32359558
21,7,none,fcz,972,100,1,1,True,0.009230983,0.9223526,0.015646279,0.052770097
21,7,none,fcz,973,100,0,0,True,0.9440255,0.007947831,0.01943958,0.028587127
21,7,none,fcz,974,100,0,2,False,0.0041722646,0.004336876,0.6272834,0.36420748
21,7,none,fcz,975,100,1,2,False,0.21221179,0.004028324,0.6968925,0.08686744
21,7,none,fcz,976,100,1,1,True,0.0018347559,0.9685185,0.027625255,0.002021499
21,7,none,fcz,977,100,0,0,True,0.99836606,3.4686036e-05,0.0012650497,0.00033436334
21,7,none,fcz,978,100,0,0,True,0.69114065,0.0043121255,0.27550006,0.029047051
21,7,none,fcz,979,100,1,1,True,0.07325443,0.6191867,0.01092212,0.29663673
21,7,none,fcz,980,100,1,2,False,0.008921358,0.308129,0.5696208,0.11332883
21,7,none,fcz,981,100,0,0,True,0.6999892,0.009320632,0.28411224,0.0065779286
21,7,none,fcz,982,100,0,0,True,0.5334202,0.034494277,0.17381158,0.2582739
21,7,none,fcz,983,100,1,1,True,0.028252263,0.7031933,0.108357795,0.16019663
21,7,none,fcz,984,100,2,2,True,0.12345718,0.022041004,0.79146457,0.063037254
21,7,none,fcz,985,100,3,3,True,0.012882783,0.01594495,0.42043096,0.5507414
21,7,none,fcz,986,100,2,3,False,0.082936935,0.017465321,0.106444076,0.79315364
21,7,none,fcz,987,100,3,3,True,0.007411675,0.17319201,0.1354671,0.6839292
21,7,none,fcz,988,100,3,3,True,0.05486414,0.34818545,0.042092722,0.55485773
21,7,none,fcz,989,100,2,0,False,0.5882169,0.04528939,0.36425197,0.0022417423
21,7,none,fcz,990,100,2,2,True,0.1608349,0.050967783,0.69484824,0.09334907
21,7,none,fcz,991,100,3,2,False,0.044008486,0.047110606,0.58715063,0.32173032
21,7,none,fcz,992,100,3,3,True,0.0028107073,0.05087459,0.13679975,0.809515
21,7,none,fcz,993,100,2,2,True,0.19742864,0.16777892,0.4309105,0.20388193
21,7,none,fcz,994,100,2,2,True,0.08981406,0.044650137,0.5305281,0.3350077
21,7,none,fcz,995,100,3,3,True,0.0046399236,0.008491686,0.060390458,0.9264779
21,7,none,fcz,996,101,0,0,True,0.7442542,0.020298848,0.2223715,0.013075378
21,7,none,fcz,997,101,1,1,True,0.0013655078,0.98800653,0.0033720091,0.007255978
21,7,none,fcz,998,101,1,1,True,0.16122018,0.78265923,0.04158206,0.014538512
21,7,none,fcz,999,101,0,0,True,0.99955946,0.0003317989,1.5708301e-05,9.295838e-05
21,7,none,fcz,1000,101,1,1,True,0.00351436,0.99402136,0.00048971036,0.0019744546
21,7,none,fcz,1001,101,0,0,True,0.99992585,3.937988e-05,2.932594e-05,5.4587763e-06
21,7,none,fcz,1002,101,1,1,True,0.0008460712,0.9988555,1.1193665e-05,0.0002873154
21,7,none,fcz,1003,101,0,0,True,0.9999124,6.745734e-05,1.6860442e-05,3.3132583e-06
21,7,none,fcz,1004,101,1,1,True,0.0015436532,0.99754804,0.00013215854,0.00077612797
21,7,none,fcz,1005,101,0,0,True,0.9986168,0.0013207209,5.5325694e-05,7.1016325e-06
21,7,none,fcz,1006,101,0,0,True,0.99891794,0.00070221274,0.0003340139,4.5826695e-05
21,7,none,fcz,1007,101,1,1,True,0.0007591288,0.9977748,0.00082804187,0.00063802366
21,7,none,fcz,1008,101,1,1,True,0.0019385718,0.99327266,0.003966297,0.0008224944
21,7,none,fcz,1009,101,0,0,True,0.99874336,3.725132e-05,0.00075760885,0.00046186039
21,7,none,fcz,1010,101,0,0,True,0.9995932,5.0744526e-05,0.00022483639,0.00013117153
21,7,none,fcz,1011,101,2,1,False,0.04990008,0.83892524,0.1106899,0.00048487395
21,7,none,fcz,1012,101,3,1,False,0.14368466,0.8268401,0.014996075,0.01447912
21,7,none,fcz,1013,101,2,0,False,0.80334854,0.009049939,0.15869448,0.028907012
21,7,none,fcz,1014,101,3,0,False,0.6603638,0.09655925,0.016726157,0.22635078
21,7,none,fcz,1015,101,3,2,False,0.18621163,0.23173663,0.37974948,0.20230228
21,7,none,fcz,1016,101,2,0,False,0.69964284,0.07256055,0.17974737,0.04804916
21,7,none,fcz,1017,101,2,1,False,0.043713182,0.68276227,0.25344825,0.020076333
21,7,none,fcz,1018,101,3,1,False,0.336901,0.3740051,0.037115883,0.251978
21,7,none,fcz,1019,101,2,1,False,0.23653051,0.46951744,0.28610247,0.007849585
21,7,none,fcz,1020,101,3,0,False,0.5222359,0.082214296,0.016529392,0.37902042
21,7,none,fcz,1021,101,3,3,True,0.07607323,0.071535714,0.18859582,0.6637953
21,7,none,fcz,1022,101,2,1,False,0.36261585,0.6278042,0.0069205714,0.0026594058
21,7,none,fcz,1023,101,2,0,False,0.8938176,0.032923874,0.07126084,0.0019976888
21,7,none,fcz,1024,101,3,3,True,0.19000651,0.11571841,0.0045599965,0.6897151
21,7,none,fcz,1025,101,2,0,False,0.73565394,0.08650053,0.16747765,0.010367968
21,7,none,fcz,1026,101,1,1,True,0.030207464,0.95373535,0.009639576,0.006417537
21,7,none,fcz,1027,101,0,0,True,0.9996314,0.00013353131,0.0002198846,1.5104976e-05
21,7,none,fcz,1028,101,0,0,True,0.9969537,0.0022651437,0.0006481714,0.00013301546
21,7,none,fcz,1029,101,1,0,False,0.59499687,0.38332292,0.00812499,0.013555218
21,7,none,fcz,1030,101,1,1,True,0.00021613971,0.99878496,0.0006009206,0.00039805807
21,7,none,fcz,1031,101,0,0,True,0.9996793,7.185698e-05,0.0002297641,1.9122203e-05
21,7,none,fcz,1032,101,0,0,True,0.9997111,0.0002380427,2.2363778e-05,2.8494827e-05
21,7,none,fcz,1033,101,1,1,True,0.0020125858,0.99719197,0.0007350216,6.0483897e-05
21,7,none,fcz,1034,101,1,1,True,0.024277946,0.97538084,0.00014082473,0.00020030564
21,7,none,fcz,1035,101,0,0,True,0.9998368,2.3631312e-05,1.6247837e-05,0.00012339225
21,7,none,fcz,1036,101,1,1,True,0.019710984,0.97499657,0.0017790787,0.003513417
21,7,none,fcz,1037,101,0,0,True,0.9998915,9.819761e-05,6.2057525e-06,4.0616196e-06
21,7,none,fcz,1038,101,1,1,True,0.021645194,0.97756577,0.0005710533,0.00021804005
21,7,none,fcz,1039,101,0,0,True,0.9717971,0.0077554043,0.002712305,0.017735206
21,7,none,fcz,1040,101,1,0,False,0.49157122,0.31541026,0.11939774,0.07362078
21,7,none,fcz,1041,101,2,0,False,0.83551633,0.050517354,0.11273542,0.001230873
21,7,none,fcz,1042,101,3,0,False,0.499001,0.18539217,0.2082597,0.10734706
21,7,none,fcz,1043,101,2,1,False,0.083322026,0.83198917,0.07852446,0.0061644013
21,7,none,fcz,1044,101,3,0,False,0.53086054,0.13074142,0.0023088984,0.3360891
21,7,none,fcz,1045,101,3,0,False,0.8847722,0.023434576,0.021504102,0.07028924
21,7,none,fcz,1046,101,2,1,False,0.43825403,0.4874478,0.056564443,0.01773367
21,7,none,fcz,1047,101,2,0,False,0.8774868,0.050798435,0.06864864,0.0030662087
21,7,none,fcz,1048,101,3,0,False,0.5146105,0.2800646,0.0069030295,0.19842176
21,7,none,fcz,1049,101,3,3,True,0.37360424,0.017152734,0.026408121,0.58283484
21,7,none,fcz,1050,101,2,0,False,0.8134675,0.15007444,0.01578279,0.020675194
21,7,none,fcz,1051,101,2,2,True,0.046535887,0.0298142,0.9222741,0.0013756941
21,7,none,fcz,1052,101,3,0,False,0.6739594,0.20431466,0.009040127,0.11268581
21,7,none,fcz,1053,101,2,0,False,0.9503533,0.013057617,0.026764728,0.009824344
21,7,none,fcz,1054,101,3,0,False,0.6350354,0.012643988,0.053567816,0.29875275
21,7,none,fcz,1055,101,2,1,False,0.17035075,0.7406202,0.019786,0.069243014
21,7,none,fcz,1056,101,0,0,True,0.9994423,0.00022136091,0.00030826294,2.8104016e-05
21,7,none,fcz,1057,101,1,1,True,0.09287186,0.8666574,0.037038065,0.003432696
21,7,none,fcz,1058,101,0,0,True,0.99898416,0.00030296214,0.00067539484,3.7528844e-05
21,7,none,fcz,1059,101,1,1,True,0.23974359,0.7006701,0.0073086596,0.052277587
21,7,none,fcz,1060,101,1,1,True,0.0395482,0.8735407,0.0060400236,0.08087109
21,7,none,fcz,1061,101,0,0,True,0.9959906,0.0028065538,0.0002670546,0.00093578704
21,7,none,fcz,1062,101,1,1,True,0.0016001944,0.9983582,8.536929e-06,3.3129883e-05
21,7,none,fcz,1063,101,0,0,True,0.99988925,9.986655e-05,6.7560554e-06,4.0248638e-06
21,7,none,fcz,1064,101,1,1,True,0.0020687878,0.9945892,0.0021479344,0.0011940835
21,7,none,fcz,1065,101,0,0,True,0.9990306,0.00027879607,0.00016276412,0.0005277933
21,7,none,fcz,1066,101,1,1,True,0.010868436,0.9789914,0.0024339778,0.00770617
21,7,none,fcz,1067,101,0,0,True,0.9996387,2.500937e-05,7.7501536e-05,0.00025879467
21,7,none,fcz,1068,101,0,0,True,0.9891691,0.009716321,0.00092503225,0.00018951434
21,7,none,fcz,1069,101,1,1,True,0.009419435,0.9816471,0.00043055354,0.008502993
21,7,none,fcz,1070,101,1,1,True,0.0029671222,0.9857508,0.0102707,0.0010114496
21,7,none,fcz,1071,101,3,3,True,0.042320408,0.016824773,0.0014481932,0.93940663
21,7,none,fcz,1072,101,2,2,True,0.108899094,0.043242153,0.80216104,0.045697685
21,7,none,fcz,1073,101,3,0,False,0.54326934,0.12881863,0.051170208,0.27674186
21,7,none,fcz,1074,101,2,2,True,0.35928997,0.036138974,0.49938166,0.10518937
21,7,none,fcz,1075,101,2,1,False,0.37334985,0.3885342,0.20846757,0.02964835
21,7,none,fcz,1076,101,3,0,False,0.57496125,0.22790393,0.0155358305,0.181599
21,7,none,fcz,1077,101,3,0,False,0.5795389,0.025668396,0.0066244863,0.38816825
21,7,none,fcz,1078,101,2,3,False,0.20771743,0.1688394,0.038211156,0.585232
21,7,none,fcz,1079,101,2,2,True,0.06990962,0.021274682,0.90581757,0.002998151
21,7,none,fcz,1080,101,3,3,True,0.42606947,0.118321665,0.026288029,0.42932084
21,7,none,fcz,1081,101,3,3,True,0.2534979,0.042029366,0.036183394,0.66828936
21,7,none,fcz,1082,101,2,3,False,0.295744,0.1974953,0.13066204,0.37609863
21,7,none,fcz,1083,101,3,0,False,0.37441927,0.28709248,0.009676429,0.32881176
21,7,none,fcz,1084,101,2,3,False,0.020945024,0.31422684,0.21400739,0.45082077
21,7,none,fcz,1085,101,2,1,False,0.044809513,0.6938006,0.16953047,0.09185936
21,7,none,fcz,1086,102,1,1,True,0.0021348246,0.99031633,0.0051459386,0.002403041
21,7,none,fcz,1087,102,0,0,True,0.887384,0.035377093,0.049725577,0.027513336
21,7,none,fcz,1088,102,1,1,True,0.010880403,0.63230795,0.29762384,0.059187807
21,7,none,fcz,1089,102,0,0,True,0.9847044,0.0033547028,0.0032005627,0.008740457
21,7,none,fcz,1090,102,1,1,True,0.07731942,0.6175186,0.2837294,0.021432653
21,7,none,fcz,1091,102,0,0,True,0.81131864,0.037353482,0.067277506,0.08405038
21,7,none,fcz,1092,102,0,0,True,0.99425733,0.0017363405,0.002950366,0.0010558846
21,7,none,fcz,1093,102,1,0,False,0.35511503,0.16270675,0.13586567,0.34631258
21,7,none,fcz,1094,102,0,0,True,0.8210056,0.044067867,0.06054977,0.07437677
21,7,none,fcz,1095,102,1,2,False,0.15528168,0.2539838,0.5650318,0.02570279
21,7,none,fcz,1096,102,0,0,True,0.8288501,0.009382724,0.06620247,0.09556478
21,7,none,fcz,1097,102,1,2,False,0.036071572,0.35320756,0.5773462,0.033374626
21,7,none,fcz,1098,102,0,0,True,0.41024598,0.11299673,0.11897796,0.35777932
21,7,none,fcz,1099,102,1,2,False,0.19405648,0.20712808,0.55242556,0.046389833
21,7,none,fcz,1100,102,1,1,True,0.00629452,0.9913741,0.0020867612,0.0002445815
21,7,none,fcz,1101,102,2,1,False,0.1828207,0.40065303,0.2553333,0.16119298
21,7,none,fcz,1102,102,3,3,True,0.22662322,0.06398366,0.07341441,0.63597864
21,7,none,fcz,1103,102,2,1,False,0.23985897,0.3820728,0.17696041,0.20110777
21,7,none,fcz,1104,102,3,3,True,0.31666866,0.19068326,0.119673684,0.3729745
21,7,none,fcz,1105,102,2,0,False,0.7068349,0.0461901,0.21864189,0.028333103
21,7,none,fcz,1106,102,3,3,True,0.08374029,0.08317069,0.1095904,0.72349864
21,7,none,fcz,1107,102,2,2,True,0.25664157,0.034312166,0.5416357,0.1674106
21,7,none,fcz,1108,102,3,3,True,0.11980771,0.048915405,0.067845434,0.7634315
21,7,none,fcz,1109,102,3,3,True,0.25217366,0.018988512,0.042113576,0.6867242
21,7,none,fcz,1110,102,2,2,True,0.18245745,0.06264727,0.7395851,0.015310229
21,7,none,fcz,1111,102,3,3,True,0.04034602,0.18411349,0.36511746,0.41042304
21,7,none,fcz,1112,102,2,3,False,0.3299705,0.015106266,0.27871856,0.3762047
21,7,none,fcz,1113,102,2,2,True,0.13522066,0.12306051,0.66626674,0.075452134
21,7,none,fcz,1114,102,3,0,False,0.70119154,0.053129,0.10602526,0.13965419
21,7,none,fcz,1115,102,2,2,True,0.049918115,0.2181893,0.4077067,0.3241859
21,7,none,fcz,1116,102,1,1,True,0.0016571896,0.98765624,0.009026695,0.0016598144
21,7,none,fcz,1117,102,0,3,False,0.30260688,0.2192031,0.08298331,0.39520675
21,7,none,fcz,1118,102,1,1,True,0.031565115,0.56881535,0.122644395,0.27697513
21,7,none,fcz,1119,102,0,0,True,0.7435452,0.034419347,0.12208667,0.099948905
21,7,none,fcz,1120,102,0,0,True,0.94685906,0.023638282,0.016558852,0.012943718
21,7,none,fcz,1121,102,1,2,False,0.077717796,0.31963307,0.5607972,0.04185199
21,7,none,fcz,1122,102,0,0,True,0.36537609,0.20484541,0.1553541,0.27442437
21,7,none,fcz,1123,102,1,2,False,0.17779717,0.25702658,0.41085768,0.15431856
21,7,none,fcz,1124,102,0,0,True,0.6758572,0.015843801,0.25678158,0.051517524
21,7,none,fcz,1125,102,1,2,False,0.25575572,0.15886448,0.34280968,0.24257006
21,7,none,fcz,1126,102,1,1,True,0.0016310057,0.992564,0.0011371127,0.004667928
21,7,none,fcz,1127,102,0,3,False,0.3277392,0.07690161,0.26290387,0.3324553
21,7,none,fcz,1128,102,1,1,True,0.0010555688,0.9944871,0.0029249883,0.0015322315
21,7,none,fcz,1129,102,0,3,False,0.29018354,0.11603214,0.11279772,0.48098668
21,7,none,fcz,1130,102,1,0,False,0.37960938,0.2693448,0.15022804,0.20081772
21,7,none,fcz,1131,102,2,2,True,0.022417465,0.06246071,0.9001906,0.014931264
21,7,none,fcz,1132,102,3,3,True,0.018438742,0.120419815,0.3026381,0.5585033
21,7,none,fcz,1133,102,3,3,True,0.034207232,0.02946469,0.25991026,0.6764178
21,7,none,fcz,1134,102,2,2,True,0.04393572,0.064497665,0.84547335,0.04609331
21,7,none,fcz,1135,102,2,1,False,0.138583,0.45630878,0.17488445,0.2302237
21,7,none,fcz,1136,102,3,2,False,0.035014536,0.020661369,0.6730248,0.2712993
21,7,none,fcz,1137,102,3,3,True,0.113968015,0.11795783,0.27824414,0.48983005
21,7,none,fcz,1138,102,2,2,True,0.0060852314,0.056496702,0.91760176,0.019816274
21,7,none,fcz,1139,102,2,2,True,0.19080494,0.10452259,0.58150697,0.1231655
21,7,none,fcz,1140,102,3,3,True,0.21919754,0.055646263,0.25562236,0.4695339
21,7,none,fcz,1141,102,2,3,False,0.011597635,0.040553004,0.22286335,0.724986
21,7,none,fcz,1142,102,3,3,True,0.010271834,0.086992264,0.124367215,0.77836865
21,7,none,fcz,1143,102,3,3,True,0.047840532,0.0022934931,0.35514647,0.5947195
21,7,none,fcz,1144,102,2,3,False,0.26189527,0.07230436,0.20106678,0.46473357
21,7,none,fcz,1145,102,2,2,True,0.021840727,0.18173698,0.6594826,0.13693972
21,7,none,fcz,1146,102,0,0,True,0.44585583,0.031006984,0.41550082,0.10763625
21,7,none,fcz,1147,102,1,1,True,0.0027987207,0.9897104,0.005287511,0.0022034848
21,7,none,fcz,1148,102,0,2,False,0.15756972,0.06289006,0.52349377,0.25604644
21,7,none,fcz,1149,102,1,1,True,0.0035344462,0.9735801,0.01182809,0.011057207
21,7,none,fcz,1150,102,1,2,False,0.03864938,0.15686838,0.77100056,0.03348165
21,7,none,fcz,1151,102,0,2,False,0.2885901,0.14245343,0.37493473,0.19402172
21,7,none,fcz,1152,102,0,2,False,0.20844509,0.100130655,0.6044808,0.08694344
21,7,none,fcz,1153,102,1,1,True,0.07278424,0.6407179,0.09323681,0.19326101
21,7,none,fcz,1154,102,0,2,False,0.2089068,0.3147507,0.3914909,0.084851615
21,7,none,fcz,1155,102,1,2,False,0.24769117,0.106654406,0.33565438,0.31000006
21,7,none,fcz,1156,102,1,1,True,0.004292471,0.7664383,0.03804342,0.19122586
21,7,none,fcz,1157,102,0,3,False,0.16297634,0.16120546,0.093595125,0.5822231
21,7,none,fcz,1158,102,1,0,False,0.31215027,0.23258618,0.17816016,0.27710345
21,7,none,fcz,1159,102,0,0,True,0.4534725,0.06902135,0.17954807,0.29795802
21,7,none,fcz,1160,102,0,0,True,0.87878513,0.009099061,0.0073092477,0.10480651
21,7,none,fcz,1161,102,2,2,True,0.020192904,0.099603556,0.8603809,0.019822573
21,7,none,fcz,1162,102,3,3,True,0.05316873,0.056595564,0.08784874,0.802387
21,7,none,fcz,1163,102,3,3,True,0.017636785,0.03928393,0.0164392,0.9266401
21,7,none,fcz,1164,102,2,2,True,0.21288292,0.23318657,0.35882074,0.1951098
21,7,none,fcz,1165,102,2,3,False,0.015507466,0.02657266,0.44157365,0.5163462
21,7,none,fcz,1166,102,3,3,True,0.39661306,0.008187289,0.03836129,0.5568384
21,7,none,fcz,1167,102,2,2,True,0.23030871,0.035290524,0.5970346,0.13736625
21,7,none,fcz,1168,102,3,3,True,0.21488743,0.042085156,0.1371936,0.60583377
21,7,none,fcz,1169,102,2,3,False,0.11969417,0.1270592,0.24723864,0.50600797
21,7,none,fcz,1170,102,3,2,False,0.103467956,0.0634019,0.4583193,0.3748108
21,7,none,fcz,1171,102,2,1,False,0.038588136,0.4980105,0.17750439,0.28589696
21,7,none,fcz,1172,102,3,3,True,0.009764604,0.0069929706,0.048119567,0.9351229
21,7,none,fcz,1173,102,2,1,False,0.24783798,0.34833,0.22211881,0.18171325
21,7,none,fcz,1174,102,3,2,False,0.14106824,0.03810639,0.4205553,0.4002701
21,7,none,fcz,1175,102,3,3,True,0.057559103,0.118192516,0.025801789,0.79844666
21,7,none,fcz,1176,103,0,0,True,0.53858656,0.0039081806,0.07671264,0.38079265
21,7,none,fcz,1177,103,1,1,True,0.01509574,0.46669638,0.2594771,0.25873068
21,7,none,fcz,1178,103,1,1,True,0.0151345385,0.5749383,0.36171526,0.048211906
21,7,none,fcz,1179,103,0,1,False,0.042063035,0.5138065,0.049371287,0.39475912
21,7,none,fcz,1180,103,1,1,True,0.26517868,0.63060385,0.034589846,0.069627665
21,7,none,fcz,1181,103,0,3,False,0.40945894,0.027535772,0.024818737,0.53818655
21,7,none,fcz,1182,103,0,0,True,0.9933183,4.2375472e-05,0.0049628275,0.0016764454
21,7,none,fcz,1183,103,1,1,True,0.030576259,0.7630729,0.19565897,0.010691768
21,7,none,fcz,1184,103,0,0,True,0.80200475,0.014751933,0.1518269,0.03141637
21,7,none,fcz,1185,103,1,1,True,0.26862434,0.41217473,0.27736762,0.041833248
21,7,none,fcz,1186,103,0,0,True,0.80513823,0.019282678,0.17121644,0.004362703
21,7,none,fcz,1187,103,1,0,False,0.67201656,0.012943027,0.27728418,0.037756328
21,7,none,fcz,1188,103,1,1,True,0.041365545,0.47171012,0.22398071,0.2629436
21,7,none,fcz,1189,103,0,2,False,0.308027,0.036998253,0.6535178,0.0014569984
21,7,none,fcz,1190,103,1,3,False,0.014539423,0.16918169,0.37586963,0.4404092
21,7,none,fcz,1191,103,3,2,False,0.006733628,0.043697167,0.48743975,0.46212953
21,7,none,fcz,1192,103,2,2,True,0.15139243,0.0016718012,0.8149659,0.03196988
21,7,none,fcz,1193,103,2,2,True,0.1418355,0.021656359,0.63009316,0.20641497
21,7,none,fcz,1194,103,3,0,False,0.7301159,0.00855263,0.020476464,0.240855
21,7,none,fcz,1195,103,2,3,False,0.31581476,0.0960015,0.044050742,0.544133
21,7,none,fcz,1196,103,3,2,False,0.3440623,0.051562585,0.35315308,0.25122204
21,7,none,fcz,1197,103,3,2,False,0.31598166,0.013802688,0.5062632,0.16395243
21,7,none,fcz,1198,103,2,2,True,0.029517513,0.0025292784,0.96480286,0.003150352
21,7,none,fcz,1199,103,2,0,False,0.5121297,0.0817249,0.40155366,0.004591675
21,7,none,fcz,1200,103,3,0,False,0.38183567,0.3180296,0.009970858,0.29016393
21,7,none,fcz,1201,103,3,2,False,0.06215377,0.120800294,0.55716246,0.25988352
21,7,none,fcz,1202,103,2,2,True,0.124040075,0.0064391866,0.86892354,0.0005971884
21,7,none,fcz,1203,103,3,0,False,0.6345462,0.06900919,0.18049653,0.115948126
21,7,none,fcz,1204,103,2,1,False,0.13104843,0.44032857,0.3884318,0.040191334
21,7,none,fcz,1205,103,2,1,False,0.055306204,0.49884564,0.1554977,0.2903506
21,7,none,fcz,1206,103,1,2,False,0.0765283,0.031620245,0.89043146,0.0014199744
21,7,none,fcz,1207,103,0,0,True,0.62587243,0.011582773,0.080114394,0.28243038
21,7,none,fcz,1208,103,1,2,False,0.020521488,0.40139535,0.5671898,0.01089334
21,7,none,fcz,1209,103,0,0,True,0.6887785,0.024237039,0.23355229,0.05343217
21,7,none,fcz,1210,103,0,0,True,0.9622732,0.0010904934,0.0062593827,0.030376986
21,7,none,fcz,1211,103,1,2,False,0.011311721,0.16880444,0.5032874,0.31659645
21,7,none,fcz,1212,103,1,3,False,0.044723984,0.12625764,0.01473163,0.81428677
21,7,none,fcz,1213,103,0,0,True,0.9327124,0.021508759,0.029645119,0.016133754
21,7,none,fcz,1214,103,0,0,True,0.7326108,0.08448968,0.17803273,0.0048667006
21,7,none,fcz,1215,103,1,0,False,0.75227654,0.0049821693,0.21660174,0.026139528
21,7,none,fcz,1216,103,1,1,True,0.010104633,0.9678593,0.015191781,0.0068441946
21,7,none,fcz,1217,103,0,0,True,0.9007942,0.0068062204,0.061681602,0.03071797
21,7,none,fcz,1218,103,0,0,True,0.7939203,0.0013976241,0.20281632,0.0018657412
21,7,none,fcz,1219,103,1,2,False,0.16015524,0.06320313,0.77317375,0.003467906
21,7,none,fcz,1220,103,0,0,True,0.6750632,0.0034738337,0.30690277,0.014560216
21,7,none,fcz,1221,103,2,2,True,0.037799124,0.011438464,0.92295897,0.027803369
21,7,none,fcz,1222,103,3,2,False,0.0061544734,0.0008553995,0.8111975,0.18179266
21,7,none,fcz,1223,103,2,2,True,0.053364225,0.088143386,0.8561578,0.0023346725
21,7,none,fcz,1224,103,3,2,False,0.16598229,0.012572858,0.6962323,0.12521255
21,7,none,fcz,1225,103,3,3,True,0.17589974,0.007201277,0.045955893,0.77094305
21,7,none,fcz,1226,103,2,0,False,0.5182928,0.06985811,0.20532013,0.20652893
21,7,none,fcz,1227,103,3,0,False,0.40723866,0.10450208,0.2313337,0.2569256
21,7,none,fcz,1228,103,2,2,True,0.2678402,0.14342047,0.39294693,0.19579245
21,7,none,fcz,1229,103,3,3,True,0.30104443,0.025656367,0.027369745,0.64592946
21,7,none,fcz,1230,103,2,2,True,0.21336813,0.020738719,0.6426838,0.12320931
21,7,none,fcz,1231,103,2,2,True,0.08126977,0.009069434,0.8956744,0.013986346
21,7,none,fcz,1232,103,3,2,False,0.31829807,0.03512387,0.5725564,0.07402163
21,7,none,fcz,1233,103,3,0,False,0.42304426,0.24975803,0.20442934,0.12276839
21,7,none,fcz,1234,103,2,2,True,0.40398106,0.107883595,0.40971628,0.07841909
21,7,none,fcz,1235,103,3,2,False,0.03254908,0.039572634,0.6512871,0.2765912
21,7,none,fcz,1236,103,1,1,True,0.09661278,0.69066244,0.16941202,0.04331269
21,7,none,fcz,1237,103,0,0,True,0.4007953,0.0018798778,0.3682986,0.22902618
21,7,none,fcz,1238,103,0,0,True,0.88254684,0.0051398296,0.036782503,0.07553072
21,7,none,fcz,1239,103,1,2,False,0.08048383,0.13821965,0.5435466,0.2377499
21,7,none,fcz,1240,103,1,3,False,0.027313951,0.37017643,0.036176946,0.5663327
21,7,none,fcz,1241,103,0,2,False,0.30907232,0.0066620256,0.5465099,0.13775569
21,7,none,fcz,1242,103,1,1,True,0.0064486647,0.51395595,0.021748602,0.45784682
21,7,none,fcz,1243,103,0,2,False,0.45070067,0.0007415072,0.54478604,0.0037717838
21,7,none,fcz,1244,103,0,0,True,0.65721864,0.020310167,0.109970465,0.21250072
21,7,none,fcz,1245,103,1,2,False,0.1751186,0.28824675,0.2970803,0.23955429
21,7,none,fcz,1246,103,0,0,True,0.8420466,0.007242607,0.12671883,0.023991989
21,7,none,fcz,1247,103,1,0,False,0.42505428,0.26242098,0.19180964,0.1207151
21,7,none,fcz,1248,103,1,1,True,0.09190071,0.66650516,0.21774584,0.023848217
21,7,none,fcz,1249,103,0,0,True,0.9901742,0.0018051837,0.0060486235,0.001972022
21,7,none,fcz,1250,103,1,3,False,0.34859374,0.26429442,0.03486596,0.35224584
21,7,none,fcz,1251,103,3,3,True,0.014346586,0.005585732,0.02549293,0.9545747
21,7,none,fcz,1252,103,2,1,False,0.031703502,0.5379838,0.32547107,0.10484171
21,7,none,fcz,1253,103,3,3,True,0.2346714,0.17909592,0.042925,0.54330766
21,7,none,fcz,1254,103,2,0,False,0.5894664,0.03024376,0.062664695,0.31762514
21,7,none,fcz,1255,103,2,2,True,0.1156532,0.32979748,0.47582963,0.07871976
21,7,none,fcz,1256,103,3,0,False,0.47437122,0.23779131,0.051005557,0.23683187
21,7,none,fcz,1257,103,2,0,False,0.41287595,0.40940586,0.011164556,0.16655362
21,7,none,fcz,1258,103,3,1,False,0.35121927,0.45163572,0.019617721,0.17752726
21,7,none,fcz,1259,103,2,2,True,0.093440376,0.007209642,0.8800108,0.019339228
21,7,none,fcz,1260,103,3,3,True,0.19976906,0.090401255,0.23363726,0.47619244
21,7,none,fcz,1261,103,3,3,True,0.026104238,0.04417224,0.0525925,0.8771311
21,7,none,fcz,1262,103,2,2,True,0.030685836,0.08759454,0.875608,0.0061115865
21,7,none,fcz,1263,103,2,2,True,0.050226234,0.015319948,0.92218965,0.012264166
21,7,none,fcz,1264,103,3,3,True,0.086464524,0.00375364,0.001471806,0.90831
21,7,none,fcz,1265,103,3,3,True,0.0043839156,0.033163488,0.03263673,0.9298158
21,7,none,fcz,1266,104,0,0,True,0.6218375,0.19049573,0.11016509,0.07750163
21,7,none,fcz,1267,104,1,1,True,0.10756305,0.877817,0.01201039,0.0026095042
21,7,none,fcz,1268,104,1,2,False,0.33127698,0.13655783,0.44919553,0.082969666
21,7,none,fcz,1269,104,0,0,True,0.42287433,0.31818277,0.012865257,0.24607763
21,7,none,fcz,1270,104,1,1,True,0.12821193,0.49936274,0.19520098,0.1772244
21,7,none,fcz,1271,104,0,2,False,0.100592524,0.12320901,0.7347258,0.04147275
21,7,none,fcz,1272,104,1,0,False,0.45124546,0.33285147,0.110139035,0.10576396
21,7,none,fcz,1273,104,0,2,False,0.34971577,0.11101253,0.45913488,0.08013684
21,7,none,fcz,1274,104,0,1,False,0.18710575,0.61225533,0.19637837,0.0042604934
21,7,none,fcz,1275,104,1,1,True,0.1439317,0.44236004,0.37157613,0.04213208
21,7,none,fcz,1276,104,0,1,False,0.23219557,0.41277966,0.32893723,0.026087562
21,7,none,fcz,1277,104,1,1,True,0.03143898,0.48037246,0.11472161,0.3734669
21,7,none,fcz,1278,104,1,0,False,0.5254604,0.19418365,0.23072703,0.049628828
21,7,none,fcz,1279,104,0,0,True,0.66573286,0.08306952,0.17480154,0.076396026
21,7,none,fcz,1280,104,1,1,True,0.0011752186,0.9680569,0.0017751891,0.028992591
21,7,none,fcz,1281,104,2,2,True,0.27962813,0.12437283,0.528881,0.06711798
21,7,none,fcz,1282,104,3,3,True,0.12723075,0.2000772,0.27357233,0.39911976
21,7,none,fcz,1283,104,3,3,True,0.18535924,0.019752413,0.03555648,0.7593319
21,7,none,fcz,1284,104,2,1,False,0.023037098,0.79771376,0.17488745,0.0043616625
21,7,none,fcz,1285,104,3,0,False,0.43439096,0.082950935,0.42545986,0.05719825
21,7,none,fcz,1286,104,2,1,False,0.036142603,0.9143805,0.028648738,0.020828268
21,7,none,fcz,1287,104,2,2,True,0.08509614,0.31448054,0.36149478,0.23892845
21,7,none,fcz,1288,104,3,3,True,0.1085907,0.124764904,0.009152895,0.7574915
21,7,none,fcz,1289,104,2,1,False,0.028985754,0.7921676,0.17698416,0.0018624347
21,7,none,fcz,1290,104,3,1,False,0.15250157,0.37118918,0.24452887,0.23178035
21,7,none,fcz,1291,104,3,3,True,0.10100501,0.036587786,0.10302199,0.7593852
21,7,none,fcz,1292,104,2,3,False,0.15919635,0.041946236,0.13397451,0.6648829
21,7,none,fcz,1293,104,3,3,True,0.12646075,0.08885472,0.017218431,0.7674661
21,7,none,fcz,1294,104,2,2,True,0.028132059,0.19981086,0.6336784,0.13837871
21,7,none,fcz,1295,104,3,0,False,0.55752736,0.058816303,0.15438002,0.2292763
21,7,none,fcz,1296,104,0,0,True,0.59178936,0.08230717,0.042406585,0.28349692
21,7,none,fcz,1297,104,1,1,True,0.12156432,0.65516907,0.17125857,0.052007996
21,7,none,fcz,1298,104,1,1,True,0.005643052,0.98794717,0.0018259749,0.004583855
21,7,none,fcz,1299,104,0,0,True,0.89455134,0.029920554,0.06703369,0.008494409
21,7,none,fcz,1300,104,0,0,True,0.9815185,0.0053877747,0.0051039746,0.007989759
21,7,none,fcz,1301,104,1,1,True,0.0070046308,0.9205486,0.034909375,0.037537325
21,7,none,fcz,1302,104,0,0,True,0.7558138,0.17515577,0.0283834,0.040647034
21,7,none,fcz,1303,104,1,0,False,0.3935987,0.2563404,0.27656877,0.07349205
21,7,none,fcz,1304,104,0,0,True,0.74015206,0.089658126,0.16033642,0.009853378
21,7,none,fcz,1305,104,1,1,True,0.30207762,0.6330164,0.033819877,0.031086093
21,7,none,fcz,1306,104,1,1,True,0.00021157476,0.9435824,0.051549044,0.0046569314
21,7,none,fcz,1307,104,0,0,True,0.9745088,0.020469867,0.0043019266,0.00071946
21,7,none,fcz,1308,104,3,3,True,0.01149603,0.16446166,0.08123456,0.74280775
21,7,none,fcz,1309,104,2,3,False,0.095672324,0.32523233,0.22170605,0.35738927
21,7,none,fcz,1310,104,3,3,True,0.23963359,0.10018678,0.05957681,0.60060287
21,7,none,fcz,1311,104,2,0,False,0.7804996,0.051592197,0.0852237,0.08268453
21,7,none,fcz,1312,104,3,0,False,0.55637956,0.06839882,0.008288782,0.36693287
21,7,none,fcz,1313,104,2,2,True,0.17395848,0.23009557,0.5673517,0.02859426
21,7,none,fcz,1314,104,3,3,True,0.0802831,0.17714871,0.15901604,0.5835521
21,7,none,fcz,1315,104,2,0,False,0.48780164,0.28252488,0.10867913,0.1209944
21,7,none,fcz,1316,104,3,2,False,0.09963293,0.31524423,0.49464726,0.090475656
21,7,none,fcz,1317,104,2,2,True,0.3254563,0.2869241,0.33367527,0.053944405
21,7,none,fcz,1318,104,2,2,True,0.18128541,0.08035473,0.7007287,0.03763109
21,7,none,fcz,1319,104,3,2,False,0.35063478,0.08075865,0.38004652,0.18855998
21,7,none,fcz,1320,104,3,3,True,0.20694365,0.045521453,0.07963157,0.6679033
21,7,none,fcz,1321,104,2,1,False,0.123240516,0.46977484,0.3994243,0.00756029
21,7,none,fcz,1322,104,2,2,True,0.23205483,0.029776797,0.7340011,0.0041672424
21,7,none,fcz,1323,104,0,0,True,0.7360262,0.0742528,0.12668571,0.06303529
21,7,none,fcz,1324,104,1,2,False,0.0543403,0.30979782,0.5592008,0.07666105
21,7,none,fcz,1325,104,0,2,False,0.31470314,0.02478866,0.63443,0.026078207
21,7,none,fcz,1326,104,1,2,False,0.12630436,0.3924401,0.43129134,0.04996413
21,7,none,fcz,1327,104,0,2,False,0.2199271,0.10714866,0.61742795,0.055496275
21,7,none,fcz,1328,104,1,3,False,0.0074129207,0.21350186,0.15353912,0.6255461
21,7,none,fcz,1329,104,0,0,True,0.999464,4.025687e-05,0.00014297965,0.00035279937
21,7,none,fcz,1330,104,1,1,True,0.22308071,0.34407723,0.23711127,0.19573073
21,7,none,fcz,1331,104,1,1,True,0.10802795,0.84424233,0.037439443,0.01029027
21,7,none,fcz,1332,104,0,1,False,0.3077448,0.65132314,0.02566536,0.015266667
21,7,none,fcz,1333,104,0,0,True,0.57887423,0.10639752,0.2745764,0.0401518
21,7,none,fcz,1334,104,1,0,False,0.432607,0.35864207,0.13608137,0.07266949
21,7,none,fcz,1335,104,1,3,False,0.34686258,0.017116027,0.18961194,0.44640946
21,7,none,fcz,1336,104,0,0,True,0.7454436,0.009443748,0.2349185,0.010194157
21,7,none,fcz,1337,104,0,2,False,0.33516738,0.025107775,0.5674439,0.072280966
21,7,none,fcz,1338,104,2,2,True,0.0040106075,0.015210954,0.9620837,0.018694693
21,7,none,fcz,1339,104,3,1,False,0.19352357,0.49152496,0.28269598,0.03225544
21,7,none,fcz,1340,104,2,0,False,0.34881616,0.2901823,0.33641034,0.024591267
21,7,none,fcz,1341,104,3,3,True,0.06754987,0.041568875,0.056996875,0.83388436
21,7,none,fcz,1342,104,3,3,True,0.079155326,0.24813125,0.029112088,0.6436013
21,7,none,fcz,1343,104,2,2,True,0.029996572,0.07587738,0.88876516,0.0053609074
21,7,none,fcz,1344,104,3,3,True,0.030518517,0.012738044,0.0145355845,0.9422078
21,7,none,fcz,1345,104,2,2,True,0.074309014,0.14950812,0.70352125,0.072661616
21,7,none,fcz,1346,104,3,0,False,0.6097002,0.049482223,0.19572057,0.14509699
21,7,none,fcz,1347,104,2,2,True,0.20894739,0.0819035,0.6956739,0.013475274
21,7,none,fcz,1348,104,3,3,True,0.007750138,0.23490162,0.25373778,0.50361043
21,7,none,fcz,1349,104,2,1,False,0.010719577,0.7916508,0.1345445,0.06308517
21,7,none,fcz,1350,104,2,2,True,0.1657572,0.18104725,0.3267668,0.32642877
21,7,none,fcz,1351,104,3,3,True,0.30353186,0.14305675,0.23040046,0.32301092
21,7,none,fcz,1352,104,3,2,False,0.11546434,0.113516405,0.39286017,0.3781591
21,7,none,fcz,1353,105,0,0,True,0.9545331,0.00034501415,0.009982627,0.03513929
21,7,none,fcz,1354,105,1,1,True,0.0022917523,0.8795663,0.090859585,0.027282262
21,7,none,fcz,1355,105,1,1,True,0.004086167,0.8968439,0.05790991,0.04116001
21,7,none,fcz,1356,105,0,0,True,0.8863883,0.00033759864,0.015770538,0.09750355
21,7,none,fcz,1357,105,1,1,True,0.0012722259,0.6926957,0.28540945,0.020622574
21,7,none,fcz,1358,105,0,0,True,0.9997603,1.1553793e-06,0.00012574374,0.00011280306
21,7,none,fcz,1359,105,1,1,True,0.00284433,0.97203845,0.0035409837,0.021576315
21,7,none,fcz,1360,105,0,0,True,0.9782034,0.00013785594,0.0013194158,0.020339308
21,7,none,fcz,1361,105,0,0,True,0.98846495,0.0001440654,0.006243705,0.0051471894
21,7,none,fcz,1362,105,1,3,False,0.014275369,0.27045402,0.0032992517,0.71197134
21,7,none,fcz,1363,105,1,1,True,0.00038288173,0.9051151,0.010088005,0.084413916
21,7,none,fcz,1364,105,0,0,True,0.9982078,9.707354e-05,0.0001789605,0.0015161755
21,7,none,fcz,1365,105,1,2,False,0.044413317,0.19520596,0.5292694,0.23111135
21,7,none,fcz,1366,105,0,0,True,0.9810601,4.5733475e-05,0.008791834,0.010102387
21,7,none,fcz,1367,105,0,0,True,0.85305357,0.0055583674,0.05650793,0.08488013
21,7,none,fcz,1368,105,3,3,True,0.015448892,0.0019999712,0.006245993,0.9763051
21,7,none,fcz,1369,105,2,3,False,0.036034264,0.028754639,0.36802486,0.5671863
21,7,none,fcz,1370,105,2,3,False,0.0051709977,0.004786787,0.104499884,0.88554233
21,7,none,fcz,1371,105,3,3,True,0.003571166,0.00459325,0.09064324,0.9011923
21,7,none,fcz,1372,105,3,3,True,0.10117844,0.005004495,0.2091209,0.68469614
21,7,none,fcz,1373,105,2,3,False,0.014270494,0.0053609214,0.42870426,0.5516643
21,7,none,fcz,1374,105,3,3,True,0.00543658,0.0070052296,0.025062585,0.96249557
21,7,none,fcz,1375,105,2,2,True,0.036046907,0.019543722,0.8428078,0.1016015
21,7,none,fcz,1376,105,3,3,True,0.025619686,0.20422567,0.18722507,0.58292955
21,7,none,fcz,1377,105,2,2,True,0.03510094,0.05694013,0.6785881,0.22937094
21,7,none,fcz,1378,105,3,2,False,0.08320696,0.010377042,0.78181547,0.124600545
21,7,none,fcz,1379,105,2,3,False,0.0011396863,0.0058159735,0.11074054,0.88230383
21,7,none,fcz,1380,105,3,3,True,0.0016998486,0.0006887325,0.020205528,0.97740597
21,7,none,fcz,1381,105,2,2,True,0.014029001,0.0051930402,0.92384756,0.05693032
21,7,none,fcz,1382,105,2,3,False,0.002259211,0.01564451,0.24940857,0.7326877
21,7,none,fcz,1383,105,1,1,True,0.00034277857,0.9597511,0.03183967,0.008066472
21,7,none,fcz,1384,105,0,2,False,0.058805753,0.0005287262,0.652623,0.28804258
21,7,none,fcz,1385,105,1,1,True,0.0010934598,0.6480834,0.28615066,0.06467253
21,7,none,fcz,1386,105,0,3,False,0.20768654,0.00025265812,0.034213465,0.7578473
21,7,none,fcz,1387,105,0,2,False,0.34746015,0.00022402815,0.52090865,0.13140713
21,7,none,fcz,1388,105,1,1,True,0.01846199,0.88960147,0.06366953,0.028266978
21,7,none,fcz,1389,105,1,1,True,0.0007035775,0.9559957,0.04232941,0.00097132684
21,7,none,fcz,1390,105,0,0,True,0.9796761,0.0009557839,0.014164691,0.005203432
21,7,none,fcz,1391,105,0,0,True,0.93408775,0.0043363823,0.051816225,0.009759667
21,7,none,fcz,1392,105,1,1,True,0.0036776715,0.72895575,0.25599393,0.011372556
21,7,none,fcz,1393,105,0,0,True,0.95209044,0.0008969452,0.011694884,0.035317786
21,7,none,fcz,1394,105,1,1,True,0.008115699,0.9697375,0.020113608,0.0020330553
21,7,none,fcz,1395,105,0,2,False,0.32098913,0.0029867506,0.6691935,0.0068306206
21,7,none,fcz,1396,105,1,1,True,0.0001782346,0.98597187,0.013078669,0.00077129237
21,7,none,fcz,1397,105,1,1,True,0.009438399,0.8282904,0.09377153,0.06849972
21,7,none,fcz,1398,105,3,2,False,0.007892943,0.002833189,0.6649105,0.32436335
21,7,none,fcz,1399,105,2,2,True,0.0058437274,0.0064580366,0.84916747,0.13853075
21,7,none,fcz,1400,105,3,3,True,0.01982783,0.009199829,0.26936194,0.7016104
21,7,none,fcz,1401,105,2,2,True,0.0092133675,0.0033923625,0.9544078,0.03298647
21,7,none,fcz,1402,105,3,2,False,0.0043583983,0.008905333,0.8331145,0.15362182
21,7,none,fcz,1403,105,2,2,True,0.0040392107,0.0042758672,0.89407104,0.097613916
21,7,none,fcz,1404,105,3,2,False,0.017209701,0.021160167,0.56865716,0.392973
21,7,none,fcz,1405,105,2,3,False,0.10540565,0.014561013,0.109083846,0.7709495
21,7,none,fcz,1406,105,3,2,False,0.0075104022,0.0011414265,0.6308647,0.36048347
21,7,none,fcz,1407,105,2,2,True,0.0054405136,0.08974079,0.73013705,0.1746817
21,7,none,fcz,1408,105,2,3,False,0.022496702,0.16300465,0.24579537,0.56870323
21,7,none,fcz,1409,105,3,3,True,0.03801964,0.10599515,0.16327153,0.69271374
21,7,none,fcz,1410,105,3,3,True,0.0074396036,0.023020513,0.05467463,0.91486526
21,7,none,fcz,1411,105,2,2,True,0.0050098295,0.021883756,0.86381745,0.109288976
21,7,none,fcz,1412,105,2,2,True,0.0097384555,0.01828272,0.93356144,0.038417395
21,7,none,fcz,1413,105,1,3,False,0.0009211896,0.15144114,0.026949963,0.8206877
21,7,none,fcz,1414,105,0,0,True,0.90621114,0.003525861,0.07159476,0.018668186
21,7,none,fcz,1415,105,1,1,True,0.0024862036,0.6546599,0.15768255,0.18517138
21,7,none,fcz,1416,105,0,0,True,0.43121296,0.013050908,0.39139614,0.16434005
21,7,none,fcz,1417,105,1,1,True,0.0014822746,0.7592797,0.13048846,0.10874962
21,7,none,fcz,1418,105,0,2,False,0.2333866,0.002472925,0.5797447,0.18439575
21,7,none,fcz,1419,105,1,2,False,0.03533148,0.2848627,0.49791938,0.18188645
21,7,none,fcz,1420,105,0,0,True,0.684123,0.004864039,0.21744074,0.09357223
21,7,none,fcz,1421,105,0,2,False,0.30605134,0.04029326,0.4600698,0.19358566
21,7,none,fcz,1422,105,1,1,True,0.058655865,0.73465276,0.1653741,0.04131726
21,7,none,fcz,1423,105,1,1,True,0.0012328768,0.975311,0.006499267,0.016956793
21,7,none,fcz,1424,105,0,0,True,0.86828977,0.0008398245,0.055247504,0.075622916
21,7,none,fcz,1425,105,1,2,False,0.00082245475,0.41815346,0.5280723,0.052951787
21,7,none,fcz,1426,105,0,2,False,0.026811225,0.00084258296,0.94503653,0.027309656
21,7,none,fcz,1427,105,0,3,False,0.12516958,0.0027102118,0.2868155,0.58530474
21,7,none,fcz,1428,105,2,3,False,0.0054280427,0.008785819,0.058046054,0.92774004
21,7,none,fcz,1429,105,3,3,True,0.011682156,0.005098981,0.11182858,0.87139034
21,7,none,fcz,1430,105,3,3,True,0.012181028,0.01005769,0.10748679,0.8702745
21,7,none,fcz,1431,105,2,2,True,0.0018994167,0.001888752,0.70387995,0.29233193
21,7,none,fcz,1432,105,3,3,True,0.018510569,0.015123708,0.27553508,0.69083065
21,7,none,fcz,1433,105,2,2,True,0.01892637,0.037665773,0.86067337,0.08273453
21,7,none,fcz,1434,105,3,3,True,0.02835375,0.03484264,0.40653524,0.5302684
21,7,none,fcz,1435,105,2,2,True,0.05503797,0.021470932,0.7643959,0.15909518
21,7,none,fcz,1436,105,3,3,True,0.0045270836,0.017169382,0.21294661,0.7653569
21,7,none,fcz,1437,105,2,2,True,0.0023967554,0.005670031,0.9879921,0.003941139
21,7,none,fcz,1438,105,2,2,True,0.0063986853,0.032991104,0.664901,0.29570925
21,7,none,fcz,1439,105,3,3,True,0.027720232,0.033200547,0.40467975,0.53439945
21,7,none,fcz,1440,105,2,2,True,0.013966382,0.0144074755,0.72527015,0.24635601
21,7,none,fcz,1441,105,3,2,False,0.003234905,0.0021492108,0.8940356,0.1005803
21,7,none,fcz,1442,105,2,3,False,0.039829478,0.004894469,0.30748105,0.64779496
21,7,none,fcz,1443,106,0,2,False,0.003477423,0.0026455782,0.8651081,0.12876897
21,7,none,fcz,1444,106,1,2,False,0.009878032,0.194493,0.6270497,0.16857931
21,7,none,fcz,1445,106,0,2,False,0.0035790957,0.0036610637,0.94651645,0.04624333
21,7,none,fcz,1446,106,1,2,False,0.033775702,0.010174746,0.66431034,0.2917392
21,7,none,fcz,1447,106,0,2,False,0.015953068,0.004246717,0.97519195,0.0046082293
21,7,none,fcz,1448,106,1,2,False,0.0067978897,0.0038430684,0.92018044,0.06917852
21,7,none,fcz,1449,106,0,2,False,0.17224903,0.038297117,0.46965796,0.31979582
21,7,none,fcz,1450,106,1,3,False,0.015098671,0.26449138,0.114236064,0.60617393
21,7,none,fcz,1451,106,0,2,False,0.3080885,0.17881185,0.3195865,0.1935132
21,7,none,fcz,1452,106,1,2,False,0.012774557,0.019302687,0.91122025,0.056702543
21,7,none,fcz,1453,106,0,3,False,0.01571021,0.20024846,0.19678624,0.58725506
21,7,none,fcz,1454,106,1,2,False,0.0028688486,0.15726003,0.8387791,0.00109204
21,7,none,fcz,1455,106,1,1,True,0.012424879,0.42051247,0.22119926,0.3458633
21,7,none,fcz,1456,106,0,0,True,0.8749598,0.0046506226,0.085710466,0.034679167
21,7,none,fcz,1457,106,0,0,True,0.958366,0.0006446267,0.039529677,0.0014597524
21,7,none,fcz,1458,106,3,2,False,0.0045371787,0.00317377,0.71974605,0.27254295
21,7,none,fcz,1459,106,2,3,False,0.0028184745,0.017415198,0.3113199,0.6684464
21,7,none,fcz,1460,106,3,3,True,0.07145982,0.03704913,0.4368737,0.45461738
21,7,none,fcz,1461,106,2,0,False,0.40172243,0.25273475,0.26965573,0.0758871
21,7,none,fcz,1462,106,2,2,True,0.022348925,0.03191234,0.7335143,0.21222445
21,7,none,fcz,1463,106,3,1,False,0.037680164,0.45671284,0.21516614,0.2904409
21,7,none,fcz,1464,106,3,3,True,0.02449722,0.04911474,0.2868414,0.63954663
21,7,none,fcz,1465,106,2,2,True,0.050472368,0.032032173,0.882948,0.034547515
21,7,none,fcz,1466,106,3,1,False,0.06477481,0.5868531,0.21776481,0.13060735
21,7,none,fcz,1467,106,2,2,True,0.043901622,0.020027082,0.92692274,0.009148543
21,7,none,fcz,1468,106,3,2,False,0.2022516,0.06653699,0.52110595,0.21010554
21,7,none,fcz,1469,106,2,2,True,0.18229897,0.3551769,0.3879482,0.0745759
21,7,none,fcz,1470,106,3,3,True,0.040748708,0.01775784,0.10157935,0.839914
21,7,none,fcz,1471,106,2,3,False,0.25729436,0.046410743,0.079873495,0.6164214
21,7,none,fcz,1472,106,3,3,True,0.07979588,0.009059148,0.10933261,0.80181235
21,7,none,fcz,1473,106,1,1,True,0.00038028797,0.9931832,0.0025726643,0.0038638993
21,7,none,fcz,1474,106,0,3,False,0.35816246,0.0069249664,0.044219628,0.59069294
21,7,none,fcz,1475,106,1,2,False,0.016188845,0.056610316,0.9135296,0.013671284
21,7,none,fcz,1476,106,0,2,False,0.07761072,0.060219433,0.85291463,0.0092551755
21,7,none,fcz,1477,106,0,3,False,0.075342536,0.039466042,0.101424076,0.7837673
21,7,none,fcz,1478,106,1,3,False,0.042507976,0.061474126,0.36653447,0.52948344
21,7,none,fcz,1479,106,1,1,True,0.006951818,0.97620994,0.0021388584,0.014699458
21,7,none,fcz,1480,106,0,2,False,0.15256615,0.0152422665,0.74678475,0.08540679
21,7,none,fcz,1481,106,0,3,False,0.02268008,0.22182043,0.36472222,0.3907772
21,7,none,fcz,1482,106,1,2,False,0.13841705,0.35572258,0.49560428,0.010256117
21,7,none,fcz,1483,106,1,1,True,0.003650237,0.94742906,0.045839064,0.0030816356
21,7,none,fcz,1484,106,0,0,True,0.782001,0.05936159,0.10330806,0.055329368
21,7,none,fcz,1485,106,0,2,False,0.023369595,0.078616366,0.67908376,0.2189302
21,7,none,fcz,1486,106,1,1,True,0.0030348334,0.9608904,0.031153386,0.00492145
21,7,none,fcz,1487,106,0,2,False,0.017021589,0.26138452,0.39914462,0.32244927
21,7,none,fcz,1488,106,2,2,True,0.0045894277,0.0023201008,0.9878236,0.0052668294
21,7,none,fcz,1489,106,3,3,True,0.012041703,0.00431963,0.01658827,0.9670504
21,7,none,fcz,1490,106,2,2,True,0.046899855,0.17521298,0.6004063,0.17748083
21,7,none,fcz,1491,106,3,2,False,0.028659316,0.0003156132,0.7053824,0.26564264
21,7,none,fcz,1492,106,3,3,True,0.28121072,0.038820975,0.31778666,0.3621817
21,7,none,fcz,1493,106,2,2,True,0.16063589,0.017830852,0.7801083,0.041424993
21,7,none,fcz,1494,106,2,2,True,0.13065784,0.107048646,0.71898496,0.043308616
21,7,none,fcz,1495,106,3,0,False,0.57898146,0.039043017,0.27192208,0.110053495
21,7,none,fcz,1496,106,2,2,True,0.07001752,0.113899544,0.8097452,0.006337704
21,7,none,fcz,1497,106,3,2,False,0.1384123,0.016557906,0.836319,0.008710714
21,7,none,fcz,1498,106,3,2,False,0.10191673,0.08404828,0.5275113,0.2865237
21,7,none,fcz,1499,106,2,2,True,0.1292806,0.066105776,0.7192495,0.085364126
21,7,none,fcz,1500,106,2,2,True,0.003481514,0.034486957,0.60257775,0.35945374
21,7,none,fcz,1501,106,3,3,True,0.005938468,0.0032024619,0.07832449,0.91253453
21,7,none,fcz,1502,106,2,2,True,0.05187717,0.009733095,0.9361649,0.002224789
21,7,none,fcz,1503,106,1,1,True,0.0072984183,0.84949166,0.13796347,0.0052464944
21,7,none,fcz,1504,106,0,2,False,0.150377,0.10485457,0.7052252,0.03954322
21,7,none,fcz,1505,106,0,2,False,0.034497023,0.004702818,0.7948667,0.16593343
21,7,none,fcz,1506,106,1,2,False,0.13398439,0.013093953,0.8246157,0.028305896
21,7,none,fcz,1507,106,0,0,True,0.57660216,0.044679374,0.33158457,0.047133878
21,7,none,fcz,1508,106,1,1,True,0.005939889,0.5426229,0.08193648,0.36950073
21,7,none,fcz,1509,106,0,2,False,0.21122782,0.16391355,0.36103937,0.26381934
21,7,none,fcz,1510,106,1,2,False,0.0861548,0.02697119,0.8786606,0.008213455
21,7,none,fcz,1511,106,1,1,True,0.0051597096,0.96494114,0.01393065,0.015968433
21,7,none,fcz,1512,106,0,0,True,0.9665973,0.005781812,0.015827615,0.011793288
21,7,none,fcz,1513,106,0,0,True,0.85688424,0.0065500736,0.1338975,0.0026682445
21,7,none,fcz,1514,106,1,2,False,0.015063397,0.00924996,0.9676853,0.008001441
21,7,none,fcz,1515,106,1,3,False,0.031428702,0.055536218,0.18620631,0.72682875
21,7,none,fcz,1516,106,0,0,True,0.548237,0.0013559696,0.35140228,0.09900463
21,7,none,fcz,1517,106,0,3,False,0.34121662,0.06631957,0.04957686,0.5428869
21,7,none,fcz,1518,106,2,1,False,0.04564461,0.5181986,0.40386626,0.032290578
21,7,none,fcz,1519,106,3,2,False,0.14199042,0.1593706,0.38252768,0.3161113
21,7,none,fcz,1520,106,2,2,True,0.054976717,0.033946343,0.56820565,0.34287128
21,7,none,fcz,1521,106,3,2,False,0.049995676,0.039732102,0.7373736,0.17289865
21,7,none,fcz,1522,106,2,2,True,0.28186974,0.13770492,0.45667857,0.12374683
21,7,none,fcz,1523,106,3,2,False,0.10556137,0.010488676,0.662065,0.22188495
21,7,none,fcz,1524,106,2,2,True,0.025053078,0.01358131,0.94184107,0.019524634
21,7,none,fcz,1525,106,3,1,False,0.072079085,0.40228927,0.33735138,0.18828027
21,7,none,fcz,1526,106,2,2,True,0.0006239003,0.003427756,0.9635818,0.03236653
21,7,none,fcz,1527,106,3,2,False,0.09091574,0.017628895,0.87581694,0.015638353
21,7,none,fcz,1528,106,3,0,False,0.5925962,0.0081587685,0.09883122,0.30041382
21,7,none,fcz,1529,106,2,2,True,0.11383215,0.0064119883,0.5215046,0.35825127
21,7,none,fcz,1530,106,3,0,False,0.49095494,0.020673474,0.45868614,0.029685488
21,7,none,fcz,1531,106,2,2,True,0.0077970633,0.013193279,0.966426,0.012583618
21,7,none,fcz,1532,106,2,0,False,0.56733257,0.0034709957,0.41649893,0.012697543
21,7,none,fcz,1533,107,1,1,True,0.004211826,0.96483976,0.0048119877,0.026136449
21,7,none,fcz,1534,107,0,0,True,0.42575833,0.31371394,0.16264835,0.09787931
21,7,none,fcz,1535,107,0,0,True,0.97188985,0.020608338,0.0042677554,0.0032340328
21,7,none,fcz,1536,107,1,1,True,0.0013776084,0.9148317,0.0012646173,0.082526065
21,7,none,fcz,1537,107,0,0,True,0.93985593,0.055356275,0.0014681894,0.0033196195
21,7,none,fcz,1538,107,1,1,True,0.0033321728,0.9724301,0.010654439,0.0135832755
21,7,none,fcz,1539,107,0,0,True,0.9361238,0.04532437,0.013506369,0.005045411
21,7,none,fcz,1540,107,1,1,True,0.026348826,0.9681662,0.0034620226,0.0020229556
21,7,none,fcz,1541,107,0,0,True,0.9859803,0.0019710467,0.0005089188,0.011539706
21,7,none,fcz,1542,107,1,1,True,0.086449586,0.8606462,0.0070274,0.0458769
21,7,none,fcz,1543,107,0,0,True,0.88302344,0.010920482,0.0029236698,0.103132434
21,7,none,fcz,1544,107,1,3,False,0.07206056,0.30886212,0.07625712,0.5428202
21,7,none,fcz,1545,107,0,0,True,0.9791469,0.0008438825,0.004862296,0.015146807
21,7,none,fcz,1546,107,1,3,False,0.008958656,0.43767658,0.0128711015,0.54049367
21,7,none,fcz,1547,107,0,0,True,0.9980124,0.00037806705,0.00072958966,0.0008799184
21,7,none,fcz,1548,107,3,3,True,0.1307446,0.3945391,0.077538386,0.39717788
21,7,none,fcz,1549,107,2,1,False,0.06753169,0.501389,0.34957862,0.08150066
21,7,none,fcz,1550,107,3,3,True,0.2530862,0.23470944,0.03361798,0.47858635
21,7,none,fcz,1551,107,2,1,False,0.09080929,0.6704816,0.13131283,0.10739629
21,7,none,fcz,1552,107,3,0,False,0.9712019,0.011031827,0.008818257,0.008948044
21,7,none,fcz,1553,107,2,2,True,0.34123147,0.061033126,0.3533012,0.24443418
21,7,none,fcz,1554,107,2,0,False,0.9199413,0.04091723,0.0009977557,0.038143717
21,7,none,fcz,1555,107,3,0,False,0.6345196,0.0030274987,0.00012573184,0.36232713
21,7,none,fcz,1556,107,3,0,False,0.95538306,0.006838586,0.032084625,0.0056937155
21,7,none,fcz,1557,107,2,1,False,0.34655717,0.36533216,0.16931653,0.1187942
21,7,none,fcz,1558,107,2,1,False,0.024388943,0.96218854,0.0044830814,0.008939367
21,7,none,fcz,1559,107,3,0,False,0.81109273,0.14229997,0.0063061905,0.040301036
21,7,none,fcz,1560,107,2,3,False,0.23672399,0.28602844,0.027312681,0.4499348
21,7,none,fcz,1561,107,3,3,True,0.21783869,0.19925551,0.054999996,0.5279058
21,7,none,fcz,1562,107,3,3,True,0.46479067,0.013328347,0.03504692,0.48683402
21,7,none,fcz,1563,107,1,1,True,0.25793537,0.41097778,0.011990158,0.31909668
21,7,none,fcz,1564,107,0,0,True,0.9790429,0.012490041,0.0016084287,0.0068586376
21,7,none,fcz,1565,107,1,1,True,0.054671165,0.9062963,0.018362042,0.020670442
21,7,none,fcz,1566,107,0,0,True,0.9337651,0.025033697,0.0016697844,0.039531317
21,7,none,fcz,1567,107,1,1,True,0.0017262615,0.997292,0.0005155437,0.0004662164
21,7,none,fcz,1568,107,0,0,True,0.6110337,0.044231627,0.079652146,0.26508254
21,7,none,fcz,1569,107,0,0,True,0.44260845,0.12775871,0.022341134,0.40729168
21,7,none,fcz,1570,107,1,0,False,0.43042007,0.034973517,0.14368527,0.3909212
21,7,none,fcz,1571,107,0,0,True,0.9964812,0.0018399897,0.0013023276,0.0003765561
21,7,none,fcz,1572,107,1,0,False,0.6183369,0.23444863,0.07041493,0.0767996
21,7,none,fcz,1573,107,0,0,True,0.5540007,0.20656268,0.04485158,0.19458503
21,7,none,fcz,1574,107,1,2,False,0.16734603,0.092728026,0.53095186,0.20897406
21,7,none,fcz,1575,107,1,2,False,0.08239711,0.16949165,0.7275436,0.020567644
21,7,none,fcz,1576,107,0,1,False,0.363647,0.54266685,0.02180115,0.071885005
21,7,none,fcz,1577,107,0,0,True,0.7522881,0.044984,0.020573312,0.18215464
21,7,none,fcz,1578,107,3,0,False,0.46014544,0.14440182,0.086193785,0.30925903
21,7,none,fcz,1579,107,2,3,False,0.12727353,0.010131843,0.016519524,0.8460751
21,7,none,fcz,1580,107,3,0,False,0.86678874,0.062137205,0.008701243,0.062372815
21,7,none,fcz,1581,107,2,3,False,0.15778841,0.2556348,0.22206007,0.36451668
21,7,none,fcz,1582,107,2,1,False,0.30158904,0.4224389,0.114926815,0.1610453
21,7,none,fcz,1583,107,3,0,False,0.7098794,0.0045101936,0.014872247,0.27073812
21,7,none,fcz,1584,107,3,0,False,0.9786592,0.0058624567,0.00401667,0.01146167
21,7,none,fcz,1585,107,2,0,False,0.75483805,0.09030641,0.14252318,0.012332314
21,7,none,fcz,1586,107,2,0,False,0.52194786,0.20280343,0.006175162,0.2690735
21,7,none,fcz,1587,107,3,3,True,0.06708837,0.14462002,0.0077503584,0.78054124
21,7,none,fcz,1588,107,2,2,True,0.28636622,0.091796994,0.5471632,0.074673645
21,7,none,fcz,1589,107,3,3,True,0.03069474,0.19513844,0.078456916,0.6957099
21,7,none,fcz,1590,107,3,0,False,0.38754907,0.36883804,0.032315932,0.21129699
21,7,none,fcz,1591,107,2,3,False,0.08674993,0.07088769,0.0012134388,0.8411489
21,7,none,fcz,1592,107,2,3,False,0.1904938,0.10547951,0.08327107,0.6207556
21,7,none,fcz,1593,107,0,0,True,0.9848551,0.0056372834,0.0016053584,0.0079022655
21,7,none,fcz,1594,107,1,1,True,0.05316796,0.65153015,0.0017258923,0.293576
21,7,none,fcz,1595,107,1,1,True,0.18789431,0.5076029,0.04228026,0.26222256
21,7,none,fcz,1596,107,0,0,True,0.9356446,0.04418607,0.005702569,0.014466781
21,7,none,fcz,1597,107,1,1,True,0.064521134,0.8681434,0.052602828,0.014732729
21,7,none,fcz,1598,107,0,0,True,0.67300415,0.28524202,0.028099459,0.013654413
21,7,none,fcz,1599,107,1,3,False,0.15831068,0.31475648,0.005063536,0.5218693
21,7,none,fcz,1600,107,0,1,False,0.08357144,0.75024855,0.106984295,0.059195694
21,7,none,fcz,1601,107,1,1,True,0.07115785,0.7883933,0.04018588,0.10026298
21,7,none,fcz,1602,107,0,3,False,0.024933716,0.377354,0.009103663,0.5886086
21,7,none,fcz,1603,107,0,0,True,0.9780507,0.01625883,0.0004587409,0.0052315816
21,7,none,fcz,1604,107,1,1,True,0.43623245,0.55759186,0.005577115,0.0005986475
21,7,none,fcz,1605,107,0,3,False,0.30699348,0.14764656,0.057491366,0.48786855
21,7,none,fcz,1606,107,1,2,False,0.18162651,0.24147442,0.36223713,0.21466194
21,7,none,fcz,1607,107,0,1,False,0.012088857,0.91212803,0.0029156334,0.07286753
21,7,none,fcz,1608,107,3,0,False,0.6403644,0.07469229,0.2427482,0.042195108
21,7,none,fcz,1609,107,2,3,False,0.070117846,0.09669047,0.051628478,0.7815632
21,7,none,fcz,1610,107,2,0,False,0.9571205,0.019232787,0.011467834,0.012178951
21,7,none,fcz,1611,107,3,3,True,0.075340256,0.020942358,0.016157946,0.8875594
21,7,none,fcz,1612,107,2,1,False,0.44409177,0.54250395,0.0050022746,0.008402052
21,7,none,fcz,1613,107,3,0,False,0.9587844,0.01995414,0.005706177,0.015555276
21,7,none,fcz,1614,107,3,1,False,0.1147344,0.72014046,0.027019411,0.13810569
21,7,none,fcz,1615,107,2,1,False,0.17931713,0.51084924,0.22673385,0.08309976
21,7,none,fcz,1616,107,2,0,False,0.75932616,0.029244125,0.15064722,0.06078239
21,7,none,fcz,1617,107,3,1,False,0.029993257,0.5450257,0.024484592,0.4004964
21,7,none,fcz,1618,107,2,0,False,0.3925625,0.2095012,0.16700439,0.23093191
21,7,none,fcz,1619,107,3,3,True,0.06335487,0.17720245,0.067461714,0.69198096
21,7,none,fcz,1620,107,2,3,False,0.05177697,0.18960029,0.047286324,0.7113364
21,7,none,fcz,1621,107,3,3,True,0.0053275214,0.45354438,0.04115952,0.49996865
21,7,none,fcz,1622,107,3,0,False,0.45885152,0.1642813,0.08305028,0.29381698
21,7,none,fcz,1623,108,0,0,True,0.95336586,3.5962268e-05,0.0005566624,0.04604154
21,7,none,fcz,1624,108,1,1,True,9.872302e-05,0.9896171,0.00023857059,0.010045621
21,7,none,fcz,1625,108,0,3,False,0.18212844,0.0015043617,0.0016192991,0.81474787
21,7,none,fcz,1626,108,1,3,False,0.39514947,0.098197185,0.0024457513,0.5042076
21,7,none,fcz,1627,108,0,0,True,0.993792,0.00028576297,0.00021037509,0.005711917
21,7,none,fcz,1628,108,1,1,True,0.00060939655,0.99363977,3.2218235e-05,0.005718615
21,7,none,fcz,1629,108,1,1,True,0.0004606038,0.9533859,0.00010792402,0.046045538
21,7,none,fcz,1630,108,0,0,True,0.9132542,0.00044067088,0.00037692738,0.085928135
21,7,none,fcz,1631,108,0,0,True,0.9995334,5.3654267e-06,8.008335e-06,0.0004532978
21,7,none,fcz,1632,108,1,3,False,0.035436884,0.378328,0.0011134456,0.5851217
21,7,none,fcz,1633,108,0,0,True,0.9963199,0.00015628233,0.0011954224,0.0023284336
21,7,none,fcz,1634,108,1,3,False,0.15637833,0.08338949,0.0035084926,0.75672364
21,7,none,fcz,1635,108,0,3,False,0.35793427,0.041562587,0.18456493,0.41593817
21,7,none,fcz,1636,108,1,1,True,0.09783276,0.68264014,0.056320578,0.16320658
21,7,none,fcz,1637,108,1,1,True,0.0005711174,0.8555511,0.0005435748,0.14333412
21,7,none,fcz,1638,108,2,2,True,0.03281249,0.2696532,0.41354162,0.28399265
21,7,none,fcz,1639,108,3,3,True,0.0003369954,0.00482181,0.0022975425,0.9925437
21,7,none,fcz,1640,108,2,3,False,0.015785601,0.02521891,0.017429965,0.9415656
21,7,none,fcz,1641,108,3,3,True,0.001012843,0.007938642,0.0056562405,0.9853923
21,7,none,fcz,1642,108,3,3,True,0.0024488478,0.00749361,0.0053538685,0.98470366
21,7,none,fcz,1643,108,2,1,False,0.22422753,0.33723295,0.3101522,0.12838736
21,7,none,fcz,1644,108,2,3,False,0.16874024,0.004137266,0.041968763,0.78515375
21,7,none,fcz,1645,108,3,3,True,0.0050726444,0.0022363975,0.0014215596,0.99126935
21,7,none,fcz,1646,108,2,1,False,0.059356898,0.91506404,0.002635071,0.022944015
21,7,none,fcz,1647,108,3,3,True,0.04940312,0.044207547,0.0052546673,0.9011346
21,7,none,fcz,1648,108,3,3,True,0.0142600015,0.016397474,0.03072126,0.9386212
21,7,none,fcz,1649,108,2,3,False,0.0958503,0.24663267,0.08802095,0.5694961
21,7,none,fcz,1650,108,3,3,True,0.16960002,0.0014667718,0.007673902,0.82125926
21,7,none,fcz,1651,108,2,3,False,0.056747418,0.1527085,0.33962274,0.4509214
21,7,none,fcz,1652,108,3,3,True,0.017137157,0.0035542892,0.01929846,0.9600102
21,7,none,fcz,1653,108,1,1,True,0.001157735,0.47918412,0.44814968,0.071508504
21,7,none,fcz,1654,108,0,1,False,0.25044778,0.34413114,0.06362134,0.3417998
21,7,none,fcz,1655,108,1,2,False,0.02901249,0.29792634,0.3785533,0.29450786
21,7,none,fcz,1656,108,0,0,True,0.91214794,0.0002540066,0.0021419968,0.08545603
21,7,none,fcz,1657,108,0,0,True,0.8169932,0.0027169276,0.00041608533,0.17987385
21,7,none,fcz,1658,108,1,1,True,0.007845416,0.7717496,0.005025286,0.21537961
21,7,none,fcz,1659,108,1,1,True,0.013884753,0.889909,0.0067826854,0.089423515
21,7,none,fcz,1660,108,0,0,True,0.9830957,0.0005318631,0.0010659811,0.015306522
21,7,none,fcz,1661,108,0,0,True,0.99211067,0.00025704078,0.0017007459,0.005931634
21,7,none,fcz,1662,108,1,1,True,0.00052448065,0.98830205,0.007026002,0.0041474486
21,7,none,fcz,1663,108,1,1,True,0.0016617657,0.9491914,0.0033540607,0.045792807
21,7,none,fcz,1664,108,0,0,True,0.49621588,0.0006297616,0.009502268,0.49365208
21,7,none,fcz,1665,108,1,2,False,0.03143679,0.30475345,0.59733754,0.06647224
21,7,none,fcz,1666,108,0,0,True,0.9312828,0.0019761533,0.007684948,0.05905611
21,7,none,fcz,1667,108,1,0,False,0.60253507,0.16978917,0.004095802,0.2235799
21,7,none,fcz,1668,108,3,3,True,0.0009449774,0.003239257,0.0007358926,0.9950799
21,7,none,fcz,1669,108,2,3,False,0.11435395,0.11759512,0.06923192,0.698819
21,7,none,fcz,1670,108,3,3,True,0.02951789,0.0032318858,0.004755623,0.96249455
21,7,none,fcz,1671,108,2,2,True,0.041434985,0.06811813,0.817614,0.072832875
21,7,none,fcz,1672,108,2,3,False,0.037195932,0.12894887,0.1417751,0.69208014
21,7,none,fcz,1673,108,3,3,True,0.0019532093,0.014575332,0.0060678474,0.97740364
21,7,none,fcz,1674,108,2,2,True,0.017651094,0.103739284,0.8326888,0.045920853
21,7,none,fcz,1675,108,3,1,False,0.04114912,0.41724256,0.2680013,0.27360696
21,7,none,fcz,1676,108,2,1,False,0.050475087,0.7475541,0.121241555,0.08072924
21,7,none,fcz,1677,108,3,3,True,0.0554502,0.10528881,0.0934256,0.74583536
21,7,none,fcz,1678,108,2,2,True,0.13543941,0.104007244,0.47360328,0.28695005
21,7,none,fcz,1679,108,3,3,True,0.41059962,0.047251884,0.09569201,0.44645646
21,7,none,fcz,1680,108,2,2,True,0.040109966,0.0019519285,0.720229,0.2377091
21,7,none,fcz,1681,108,3,3,True,0.2643615,0.031386867,0.05728926,0.64696234
21,7,none,fcz,1682,108,3,3,True,0.07705996,0.010176048,0.23044115,0.68232286
21,7,none,fcz,1683,108,1,3,False,0.030804314,0.3400112,0.10967186,0.5195126
21,7,none,fcz,1684,108,0,0,True,0.6873685,0.02729321,0.20014586,0.08519246
21,7,none,fcz,1685,108,0,3,False,0.049766265,0.11393279,0.35589275,0.4804082
21,7,none,fcz,1686,108,1,2,False,0.16528219,0.08765039,0.6547364,0.092331044
21,7,none,fcz,1687,108,0,3,False,0.17111965,0.15307026,0.026307544,0.6495026
21,7,none,fcz,1688,108,1,1,True,0.1808649,0.5249725,0.2844871,0.009675507
21,7,none,fcz,1689,108,1,1,True,0.00036523337,0.98115563,0.01130992,0.0071691307
21,7,none,fcz,1690,108,0,0,True,0.53851384,0.0036295159,0.025014397,0.43284225
21,7,none,fcz,1691,108,0,3,False,0.3060776,0.13940509,0.12811732,0.4264
21,7,none,fcz,1692,108,1,1,True,0.005042324,0.98730695,0.0037375276,0.0039132196
21,7,none,fcz,1693,108,0,0,True,0.4962172,0.015495028,0.006058873,0.4822289
21,7,none,fcz,1694,108,1,3,False,0.23983103,0.30100068,0.028180566,0.43098772
21,7,none,fcz,1695,108,1,1,True,0.0035975545,0.99166226,0.0002608713,0.0044793095
21,7,none,fcz,1696,108,0,0,True,0.8854002,0.010529287,0.034553114,0.0695175
21,7,none,fcz,1697,108,0,0,True,0.9998466,1.51613995e-05,1.2074104e-05,0.00012625041
21,7,none,fcz,1698,108,3,3,True,0.11325509,0.16695927,0.07449416,0.64529145
21,7,none,fcz,1699,108,2,2,True,0.028048629,0.0912312,0.44838148,0.43233874
21,7,none,fcz,1700,108,2,2,True,0.057433948,0.027178334,0.6695032,0.24588455
21,7,none,fcz,1701,108,3,3,True,0.00058548956,0.0003134016,0.00088616385,0.99821496
21,7,none,fcz,1702,108,2,0,False,0.44638586,0.04222555,0.07864692,0.4327417
21,7,none,fcz,1703,108,3,2,False,0.17823084,0.02244452,0.49707022,0.3022544
21,7,none,fcz,1704,108,3,3,True,0.004216275,0.00036373432,0.0078536095,0.98756635
21,7,none,fcz,1705,108,2,2,True,0.0118378205,0.0294957,0.9002021,0.058464315
21,7,none,fcz,1706,108,3,3,True,0.053441193,0.024882663,0.050587017,0.8710891
21,7,none,fcz,1707,108,2,1,False,0.10099096,0.68701863,0.02630387,0.18568657
21,7,none,fcz,1708,108,2,3,False,0.22476879,0.020301063,0.3639503,0.39097986
21,7,none,fcz,1709,108,3,3,True,0.012521902,0.01166418,0.027753739,0.94806015
21,7,none,fcz,1710,108,2,1,False,0.10413418,0.5048855,0.12716408,0.26381624
21,7,none,fcz,1711,108,3,3,True,0.012260008,0.1893535,0.0070155784,0.7913709
21,7,none,fcz,1712,108,2,0,False,0.7422608,0.08313587,0.023927055,0.15067624
21,7,none,fcz,1713,109,0,0,True,0.9449539,0.0021752329,0.0038052762,0.049065623
21,7,none,fcz,1714,109,1,1,True,0.2500153,0.37473395,0.32281494,0.052435823
21,7,none,fcz,1715,109,1,1,True,0.00031229475,0.99613047,0.002453215,0.0011039751
21,7,none,fcz,1716,109,0,2,False,0.152245,0.11182145,0.5145393,0.22139424
21,7,none,fcz,1717,109,1,1,True,0.05506626,0.9322877,0.009113824,0.0035322665
21,7,none,fcz,1718,109,0,0,True,0.70980597,0.09363772,0.15500307,0.04155322
21,7,none,fcz,1719,109,1,2,False,0.1056891,0.33371204,0.52510375,0.03549516
21,7,none,fcz,1720,109,0,0,True,0.8108605,0.0011613992,0.1855484,0.0024297237
21,7,none,fcz,1721,109,1,1,True,0.08621979,0.7693023,0.053587418,0.090890445
21,7,none,fcz,1722,109,0,2,False,0.061647534,0.039155744,0.8705863,0.028610412
21,7,none,fcz,1723,109,0,0,True,0.8795489,0.0021372568,0.081315614,0.036998235
21,7,none,fcz,1724,109,1,1,True,0.00695658,0.86499166,0.05445111,0.07360058
21,7,none,fcz,1725,109,0,0,True,0.9985065,3.7765534e-05,0.0012727096,0.00018307111
21,7,none,fcz,1726,109,1,3,False,0.24189116,0.16174147,0.16389771,0.4324696
21,7,none,fcz,1727,109,1,1,True,0.06577817,0.79639274,0.11981931,0.01800985
21,7,none,fcz,1728,109,3,3,True,0.022439452,0.26898226,0.11317246,0.5954058
21,7,none,fcz,1729,109,2,2,True,0.029740991,0.12644854,0.6408641,0.20294645
21,7,none,fcz,1730,109,2,2,True,0.2649271,0.21496513,0.41046008,0.10964769
21,7,none,fcz,1731,109,3,3,True,0.043066964,0.00610145,0.06317102,0.88766056
21,7,none,fcz,1732,109,3,3,True,0.006175861,0.014159343,0.320078,0.65958685
21,7,none,fcz,1733,109,2,2,True,0.18280177,0.049355395,0.6382671,0.12957574
21,7,none,fcz,1734,109,2,2,True,0.11695457,0.09249232,0.7182693,0.07228383
21,7,none,fcz,1735,109,3,3,True,0.3295363,0.118047275,0.18078245,0.371634
21,7,none,fcz,1736,109,2,3,False,0.03345212,0.00584068,0.09574053,0.8649667
21,7,none,fcz,1737,109,3,3,True,0.07880165,0.045005985,0.3143158,0.56187654
21,7,none,fcz,1738,109,2,0,False,0.8300099,0.09867365,0.020529468,0.05078689
21,7,none,fcz,1739,109,3,2,False,0.19599926,0.094418675,0.69515914,0.014423027
21,7,none,fcz,1740,109,3,3,True,0.12897514,0.025789022,0.41219726,0.43303865
21,7,none,fcz,1741,109,2,3,False,0.3265997,0.07756674,0.1669582,0.42887545
21,7,none,fcz,1742,109,2,1,False,0.054189727,0.52808285,0.09539505,0.32233235
21,7,none,fcz,1743,109,1,1,True,0.008959422,0.7056436,0.21371326,0.07168368
21,7,none,fcz,1744,109,0,0,True,0.5245844,0.040811177,0.28927356,0.14533085
21,7,none,fcz,1745,109,1,0,False,0.8276173,0.04374831,0.03956574,0.08906868
21,7,none,fcz,1746,109,0,3,False,0.09829687,0.0058047064,0.36975563,0.5261428
21,7,none,fcz,1747,109,0,0,True,0.98960704,0.0001662954,0.0026222987,0.007604321
21,7,none,fcz,1748,109,1,0,False,0.48967478,0.018916454,0.44561455,0.045794215
21,7,none,fcz,1749,109,0,3,False,0.13431478,0.013064432,0.18967976,0.66294104
21,7,none,fcz,1750,109,1,1,True,0.17202628,0.42219764,0.121695064,0.28408104
21,7,none,fcz,1751,109,1,1,True,0.055076543,0.5513022,0.35026997,0.04335122
21,7,none,fcz,1752,109,0,2,False,0.045195132,0.0018309765,0.93828464,0.01468922
21,7,none,fcz,1753,109,1,0,False,0.4871297,0.045823205,0.006755281,0.4602918
21,7,none,fcz,1754,109,0,3,False,0.13814278,0.31644878,0.037685823,0.5077226
21,7,none,fcz,1755,109,1,1,True,0.043738563,0.8687435,0.07778105,0.009736863
21,7,none,fcz,1756,109,0,1,False,0.2604864,0.48652548,0.07139758,0.18159054
21,7,none,fcz,1757,109,0,0,True,0.9951344,0.0014058102,0.0012314025,0.0022284554
21,7,none,fcz,1758,109,2,3,False,0.08273579,0.006593942,0.004543799,0.90612644
21,7,none,fcz,1759,109,3,0,False,0.61955297,0.010874586,0.06327043,0.30630207
21,7,none,fcz,1760,109,2,3,False,0.052481856,0.13995162,0.14793192,0.6596346
21,7,none,fcz,1761,109,3,3,True,0.08827203,0.049737424,0.13264859,0.7293419
21,7,none,fcz,1762,109,3,1,False,0.11796289,0.44285992,0.0137234125,0.42545384
21,7,none,fcz,1763,109,2,3,False,0.021556444,0.004323926,0.15358107,0.8205386
21,7,none,fcz,1764,109,3,3,True,0.028046805,0.013367457,0.16435839,0.7942273
21,7,none,fcz,1765,109,2,3,False,0.10751101,0.19130394,0.106508255,0.5946768
21,7,none,fcz,1766,109,3,3,True,0.025170922,0.053588197,0.08207844,0.83916247
21,7,none,fcz,1767,109,2,3,False,0.2225523,0.017603042,0.17900361,0.58084106
21,7,none,fcz,1768,109,2,1,False,0.14193583,0.38426444,0.23652822,0.23727147
21,7,none,fcz,1769,109,3,3,True,0.173825,0.001252402,0.002784629,0.822138
21,7,none,fcz,1770,109,2,3,False,0.04944686,0.22929992,0.10011619,0.621137
21,7,none,fcz,1771,109,3,3,True,0.020631574,0.0120675415,0.17606336,0.7912375
21,7,none,fcz,1772,109,2,3,False,0.1388962,0.057643946,0.36513814,0.4383217
21,7,none,fcz,1773,109,1,3,False,0.016802538,0.17486256,0.12674159,0.68159336
21,7,none,fcz,1774,109,0,2,False,0.2075996,0.038118076,0.68104184,0.07324054
21,7,none,fcz,1775,109,1,0,False,0.6906279,0.08447144,0.20421606,0.020684587
21,7,none,fcz,1776,109,0,3,False,0.053188823,0.0067563727,0.012096538,0.92795825
21,7,none,fcz,1777,109,0,2,False,0.0807027,0.018276636,0.7978755,0.10314519
21,7,none,fcz,1778,109,1,3,False,0.01621961,0.4061591,0.044226844,0.53339446
21,7,none,fcz,1779,109,1,3,False,0.3712051,0.07096107,0.15983815,0.3979957
21,7,none,fcz,1780,109,0,3,False,0.016100662,0.011534486,0.18252747,0.7898374
21,7,none,fcz,1781,109,1,0,False,0.46874857,0.0868206,0.1279097,0.3165212
21,7,none,fcz,1782,109,0,1,False,0.25418982,0.4721345,0.20225766,0.07141805
21,7,none,fcz,1783,109,0,0,True,0.80197954,0.036676086,0.033966772,0.12737767
21,7,none,fcz,1784,109,1,2,False,0.21534422,0.018390514,0.46392068,0.30234468
21,7,none,fcz,1785,109,0,0,True,0.9295153,0.0012518847,0.02378764,0.04544513
21,7,none,fcz,1786,109,1,0,False,0.6362011,0.008006124,0.23055454,0.12523824
21,7,none,fcz,1787,109,0,2,False,0.13910984,0.15218319,0.5632147,0.1454922
21,7,none,fcz,1788,109,2,1,False,0.02009483,0.49614564,0.46400833,0.01975121
21,7,none,fcz,1789,109,3,3,True,0.17228523,0.015952514,0.13888043,0.67288184
21,7,none,fcz,1790,109,2,3,False,0.03975996,0.23357412,0.033707377,0.6929586
21,7,none,fcz,1791,109,3,3,True,0.10389705,0.023910437,0.34292915,0.5292633
21,7,none,fcz,1792,109,2,3,False,0.12634061,0.0126106925,0.18242362,0.67862505
21,7,none,fcz,1793,109,3,3,True,0.14063838,0.025923656,0.12109481,0.7123431
21,7,none,fcz,1794,109,2,2,True,0.38437277,0.0050627845,0.5497255,0.060838997
21,7,none,fcz,1795,109,3,3,True,0.018117778,0.0010166041,0.069660775,0.9112048
21,7,none,fcz,1796,109,3,3,True,0.058926437,0.2092897,0.011498886,0.72028506
21,7,none,fcz,1797,109,2,2,True,0.046999894,0.008971739,0.54806066,0.39596772
21,7,none,fcz,1798,109,3,3,True,0.007338013,0.36149782,0.0062372126,0.6249269
21,7,none,fcz,1799,109,2,3,False,0.05072886,0.04947541,0.020384893,0.87941086
21,7,none,fcz,1800,109,2,3,False,0.014537557,0.0050920458,0.23879285,0.74157757
21,7,none,fcz,1801,109,3,3,True,0.055570196,0.026796035,0.4141486,0.5034852
21,7,none,fcz,1802,109,3,0,False,0.49105167,0.017194854,0.2839494,0.20780401
21,7,none,random_linear,0,90,0,0,True,0.843077,0.012789672,0.008626273,0.13550706
21,7,none,random_linear,1,90,1,1,True,0.09169478,0.8790669,0.010696947,0.01854141
21,7,none,random_linear,2,90,1,1,True,0.0009367608,0.9970489,5.5190223e-05,0.0019592447
21,7,none,random_linear,3,90,0,0,True,0.87349135,0.0029545024,0.044582423,0.07897174
21,7,none,random_linear,4,90,1,1,True,0.02132267,0.9598813,0.0132049015,0.0055912435
21,7,none,random_linear,5,90,0,0,True,0.92130345,0.0011186617,0.030574095,0.047003686
21,7,none,random_linear,6,90,1,1,True,0.24048117,0.71611536,0.009174142,0.03422932
21,7,none,random_linear,7,90,0,0,True,0.9818969,0.0029462592,0.0010061442,0.014150726
21,7,none,random_linear,8,90,0,0,True,0.82842183,0.062266868,0.0037502863,0.10556106
21,7,none,random_linear,9,90,1,1,True,0.0024756643,0.9807942,0.01389029,0.0028399022
21,7,none,random_linear,10,90,0,0,True,0.8043348,0.14950822,0.022332951,0.02382409
21,7,none,random_linear,11,90,1,1,True,0.0051528965,0.9943297,0.0002647667,0.00025254887
21,7,none,random_linear,12,90,0,0,True,0.75212747,0.0025894863,0.029522143,0.21576087
21,7,none,random_linear,13,90,1,2,False,0.20437787,0.2131873,0.5619519,0.020482961
21,7,none,random_linear,14,90,1,1,True,0.03400976,0.9196573,0.045293596,0.0010394382
21,7,none,random_linear,15,90,3,0,False,0.7655092,0.058711693,0.109196216,0.06658289
21,7,none,random_linear,16,90,2,2,True,0.08055767,0.01367812,0.53712857,0.36863565
21,7,none,random_linear,17,90,2,3,False,0.2287383,0.025998058,0.1429766,0.60228705
21,7,none,random_linear,18,90,3,3,True,0.26114288,0.01190195,0.04528865,0.6816665
21,7,none,random_linear,19,90,3,3,True,0.07968089,0.057036284,0.19717114,0.6661117
21,7,none,random_linear,20,90,2,2,True,0.405811,0.14000039,0.442975,0.011213575
21,7,none,random_linear,21,90,3,3,True,0.053883065,0.049155824,0.23811917,0.65884197
21,7,none,random_linear,22,90,2,2,True,0.24872236,0.28872767,0.4036942,0.058855813
21,7,none,random_linear,23,90,2,2,True,0.055740584,0.0300552,0.76281583,0.15138836
21,7,none,random_linear,24,90,3,0,False,0.73687816,0.09777652,0.10307459,0.062270705
21,7,none,random_linear,25,90,2,2,True,0.08677038,0.105182,0.773404,0.034643613
21,7,none,random_linear,26,90,3,0,False,0.37302995,0.1700399,0.2575008,0.19942941
21,7,none,random_linear,27,90,3,3,True,0.09585108,0.04520611,0.36932757,0.48961517
21,7,none,random_linear,28,90,2,1,False,0.25624913,0.31472182,0.23586994,0.1931592
21,7,none,random_linear,29,90,2,2,True,0.055615146,0.09590047,0.823789,0.024695382
21,7,none,random_linear,30,90,1,1,True,0.07748225,0.9204788,0.001628953,0.0004099521
21,7,none,random_linear,31,90,0,0,True,0.6942998,0.085969165,0.1520057,0.0677253
21,7,none,random_linear,32,90,1,1,True,5.141939e-05,0.99917704,5.6653433e-05,0.0007147837
21,7,none,random_linear,33,90,0,0,True,0.8421905,0.0150932865,0.11151751,0.031198738
21,7,none,random_linear,34,90,1,1,True,0.050737973,0.7106154,0.09054988,0.14809676
21,7,none,random_linear,35,90,0,2,False,0.22459728,0.03551169,0.6619543,0.077936694
21,7,none,random_linear,36,90,1,3,False,0.04991953,0.4224011,0.019917078,0.50776225
21,7,none,random_linear,37,90,0,0,True,0.8294492,0.07904937,0.07691501,0.014586504
21,7,none,random_linear,38,90,1,1,True,0.014096675,0.62319726,0.35189614,0.010809956
21,7,none,random_linear,39,90,0,0,True,0.63943404,0.01756894,0.21288265,0.13011442
21,7,none,random_linear,40,90,1,1,True,0.3257874,0.5420187,0.030206194,0.10198772
21,7,none,random_linear,41,90,0,0,True,0.5493124,0.0013471714,0.1401428,0.30919763
21,7,none,random_linear,42,90,1,1,True,0.032191582,0.84631807,0.109795235,0.011695116
21,7,none,random_linear,43,90,0,2,False,0.15353912,0.21541812,0.4332794,0.19776331
21,7,none,random_linear,44,90,1,1,True,0.00037168406,0.9679118,0.024041088,0.0076754875
21,7,none,random_linear,45,90,2,2,True,0.3838443,0.016332913,0.40853152,0.19129124
21,7,none,random_linear,46,90,3,2,False,0.040754065,0.005834149,0.7507377,0.20267415
21,7,none,random_linear,47,90,3,3,True,0.10667836,0.026059251,0.19218878,0.6750736
21,7,none,random_linear,48,90,2,3,False,0.32571414,0.019516762,0.23316295,0.42160615
21,7,none,random_linear,49,90,3,3,True,0.11877306,0.05494612,0.16728123,0.65899956
21,7,none,random_linear,50,90,2,2,True,0.16254929,0.027512629,0.5921615,0.21777657
21,7,none,random_linear,51,90,3,3,True,0.050468653,0.015266717,0.0156187,0.9186459
21,7,none,random_linear,52,90,2,2,True,0.2045917,0.10661391,0.42581117,0.26298317
21,7,none,random_linear,53,90,3,3,True,0.2594148,0.0065216105,0.15260114,0.5814625
21,7,none,random_linear,54,90,2,2,True,0.34158635,0.018883005,0.3897014,0.24982919
21,7,none,random_linear,55,90,2,3,False,0.13918489,0.09972278,0.35887834,0.40221396
21,7,none,random_linear,56,90,3,2,False,0.06938943,0.010999503,0.5198185,0.39979258
21,7,none,random_linear,57,90,2,2,True,0.02022698,0.010689637,0.61747575,0.3516077
21,7,none,random_linear,58,90,3,3,True,0.11576162,0.009933369,0.18431532,0.68998975
21,7,none,random_linear,59,90,3,3,True,0.06733486,0.13382989,0.116102576,0.6827327
21,7,none,random_linear,60,90,1,1,True,0.06981661,0.87922174,0.034547284,0.016414326
21,7,none,random_linear,61,90,0,0,True,0.94543934,0.012135751,0.021935105,0.020489834
21,7,none,random_linear,62,90,1,1,True,0.031621568,0.9551212,0.012566822,0.00069041236
21,7,none,random_linear,63,90,0,0,True,0.782377,0.010542516,0.123137616,0.08394282
21,7,none,random_linear,64,90,0,0,True,0.95575523,0.00038454498,0.038308024,0.0055522756
21,7,none,random_linear,65,90,1,1,True,0.014335694,0.96506053,0.019897463,0.00070635224
21,7,none,random_linear,66,90,1,1,True,0.028080706,0.7675363,0.18846948,0.015913531
21,7,none,random_linear,67,90,0,0,True,0.91451347,0.0019936187,0.017420193,0.06607271
21,7,none,random_linear,68,90,0,0,True,0.9806784,0.0018411274,0.014098326,0.0033822302
21,7,none,random_linear,69,90,1,3,False,0.17838055,0.120825656,0.17882189,0.52197194
21,7,none,random_linear,70,90,1,1,True,0.052512355,0.89326215,0.021220835,0.033004694
21,7,none,random_linear,71,90,0,0,True,0.6518035,0.014876551,0.18227261,0.15104733
21,7,none,random_linear,72,90,1,2,False,0.17702632,0.06919621,0.53668195,0.21709551
21,7,none,random_linear,73,90,0,0,True,0.83165485,0.0056457436,0.14123237,0.021466963
21,7,none,random_linear,74,90,0,0,True,0.7352474,0.0048077316,0.085617736,0.17432709
21,7,none,random_linear,75,90,2,2,True,0.02093113,0.010523603,0.5192395,0.4493058
21,7,none,random_linear,76,90,3,0,False,0.9529796,0.0029263385,0.035122074,0.008972048
21,7,none,random_linear,77,90,2,2,True,0.16238555,0.020304168,0.72768927,0.08962111
21,7,none,random_linear,78,90,3,3,True,0.07903622,0.011643338,0.19050844,0.718812
21,7,none,random_linear,79,90,2,1,False,0.027047645,0.7590103,0.17540616,0.03853582
21,7,none,random_linear,80,90,3,2,False,0.22092243,0.08989591,0.36980125,0.31938037
21,7,none,random_linear,81,90,2,2,True,0.042927165,0.011487067,0.56463945,0.38094634
21,7,none,random_linear,82,90,3,2,False,0.15057072,0.037883054,0.49795625,0.31359002
21,7,none,random_linear,83,90,2,2,True,0.025777267,0.002394046,0.9377701,0.034058545
21,7,none,random_linear,84,90,3,2,False,0.11920764,0.051871065,0.47481963,0.35410163
21,7,none,random_linear,85,90,2,0,False,0.4673795,0.14907503,0.18801863,0.19552682
21,7,none,random_linear,86,90,3,3,True,0.40214974,0.03551653,0.121168785,0.44116497
21,7,none,random_linear,87,90,3,0,False,0.4480109,0.02891373,0.38725114,0.13582417
21,7,none,random_linear,88,90,2,2,True,0.06759482,0.050577383,0.5947779,0.28704992
21,7,none,random_linear,89,90,3,0,False,0.4531995,0.12758313,0.10487405,0.31434333
21,7,none,random_linear,90,91,0,0,True,0.842194,0.04088508,0.07194724,0.044973645
21,7,none,random_linear,91,91,1,3,False,0.3795826,0.046418395,0.06807889,0.5059201
21,7,none,random_linear,92,91,0,3,False,0.07796087,0.027404796,0.11633988,0.77829444
21,7,none,random_linear,93,91,1,1,True,0.035493713,0.6855475,0.08162011,0.19733873
21,7,none,random_linear,94,91,1,1,True,0.0014544806,0.99390596,0.00075619476,0.003883341
21,7,none,random_linear,95,91,0,0,True,0.9473347,0.003818097,0.013811323,0.03503588
21,7,none,random_linear,96,91,1,1,True,0.0839994,0.8926333,0.015813416,0.0075538666
21,7,none,random_linear,97,91,0,0,True,0.56925225,0.06140878,0.06803944,0.3012995
21,7,none,random_linear,98,91,0,0,True,0.99553657,0.0006055428,0.0007890148,0.0030689517
21,7,none,random_linear,99,91,1,3,False,0.10970197,0.25065905,0.04522208,0.5944169
21,7,none,random_linear,100,91,0,0,True,0.99459344,0.0003865025,0.0018762125,0.0031438917
21,7,none,random_linear,101,91,1,2,False,0.011253696,0.15710312,0.7399369,0.09170636
21,7,none,random_linear,102,91,1,1,True,0.012643445,0.83310485,0.023382472,0.13086925
21,7,none,random_linear,103,91,0,0,True,0.94040614,0.0009867315,0.047919787,0.01068736
21,7,none,random_linear,104,91,0,0,True,0.99670887,0.00046121288,0.0015103932,0.0013194144
21,7,none,random_linear,105,91,2,3,False,0.0054332474,0.08256866,0.16203581,0.7499623
21,7,none,random_linear,106,91,3,3,True,0.0033513075,0.031792786,0.27152416,0.6933318
21,7,none,random_linear,107,91,3,3,True,0.004838624,0.007511047,0.019763596,0.9678868
21,7,none,random_linear,108,91,2,2,True,0.023086593,0.019652478,0.8980773,0.059183534
21,7,none,random_linear,109,91,2,2,True,0.0012797647,0.004146062,0.97520274,0.01937153
21,7,none,random_linear,110,91,3,3,True,0.0642891,0.019935064,0.44818774,0.46758804
21,7,none,random_linear,111,91,3,3,True,0.0026370012,0.010395071,0.03525971,0.9517082
21,7,none,random_linear,112,91,2,2,True,0.023593351,0.020409962,0.5879283,0.36806837
21,7,none,random_linear,113,91,3,2,False,0.06241917,0.0066508907,0.8532928,0.07763713
21,7,none,random_linear,114,91,2,2,True,0.0008053894,0.0011480466,0.99611276,0.0019337746
21,7,none,random_linear,115,91,3,2,False,0.00461291,0.0022981742,0.9621551,0.030933818
21,7,none,random_linear,116,91,2,2,True,0.08028192,0.05385847,0.7480707,0.11778885
21,7,none,random_linear,117,91,2,2,True,0.0079654725,0.01066856,0.5516262,0.4297398
21,7,none,random_linear,118,91,3,2,False,0.026069421,0.0074011288,0.91179335,0.054736167
21,7,none,random_linear,119,91,2,2,True,0.00031516273,0.0036034498,0.99011326,0.0059681237
21,7,none,random_linear,120,91,0,0,True,0.9076596,0.03678735,0.04172589,0.013827251
21,7,none,random_linear,121,91,1,3,False,0.047240086,0.0070770355,0.4300441,0.51563877
21,7,none,random_linear,122,91,1,1,True,0.02408337,0.5379838,0.349125,0.0888079
21,7,none,random_linear,123,91,0,3,False,0.0048591006,0.021748044,0.14716923,0.8262236
21,7,none,random_linear,124,91,0,0,True,0.9903529,0.0029442932,0.0020493187,0.0046535023
21,7,none,random_linear,125,91,1,2,False,0.01962512,0.072886884,0.562891,0.34459698
21,7,none,random_linear,126,91,1,2,False,0.00081316626,0.32320312,0.5879563,0.08802741
21,7,none,random_linear,127,91,0,3,False,0.105916254,0.006306769,0.25440732,0.6333696
21,7,none,random_linear,128,91,0,0,True,0.9988984,1.219997e-05,0.00016909196,0.00092033524
21,7,none,random_linear,129,91,1,1,True,0.029011266,0.4330948,0.2068972,0.33099678
21,7,none,random_linear,130,91,1,3,False,0.016037356,0.0714321,0.19850282,0.7140277
21,7,none,random_linear,131,91,0,0,True,0.9875141,0.00022747579,0.011397456,0.00086103217
21,7,none,random_linear,132,91,1,3,False,0.24843931,0.3084471,0.028797805,0.41431585
21,7,none,random_linear,133,91,0,3,False,0.022617443,0.0064844005,0.01990163,0.9509965
21,7,none,random_linear,134,91,1,0,False,0.7960563,0.00023939414,0.08149107,0.12221324
21,7,none,random_linear,135,91,2,3,False,0.07313059,0.25751546,0.12254182,0.54681206
21,7,none,random_linear,136,91,3,2,False,0.03149908,0.010568085,0.76034254,0.19759032
21,7,none,random_linear,137,91,2,3,False,0.15648048,0.037312042,0.38800582,0.41820168
21,7,none,random_linear,138,91,3,2,False,0.017758062,0.010978956,0.80401397,0.16724908
21,7,none,random_linear,139,91,2,2,True,0.02607043,0.006161397,0.7611536,0.20661458
21,7,none,random_linear,140,91,3,3,True,0.00010411844,0.0004914637,0.0039207703,0.99548364
21,7,none,random_linear,141,91,2,2,True,0.0048373574,0.010949534,0.98344153,0.00077156874
21,7,none,random_linear,142,91,3,3,True,0.002605959,0.00076590426,0.020769514,0.9758587
21,7,none,random_linear,143,91,2,2,True,0.015782354,0.09150853,0.74918216,0.14352691
21,7,none,random_linear,144,91,3,2,False,0.0014494824,0.011692509,0.6523984,0.33445957
21,7,none,random_linear,145,91,3,3,True,0.026560409,0.015210495,0.009452042,0.9487771
21,7,none,random_linear,146,91,2,3,False,0.38933536,0.0019877653,0.020563334,0.58811355
21,7,none,random_linear,147,91,2,3,False,0.0018089304,0.0070642335,0.111770675,0.87935615
21,7,none,random_linear,148,91,3,3,True,0.035217438,0.0059829913,0.2143363,0.7444633
21,7,none,random_linear,149,91,3,3,True,0.0041745007,0.028440967,0.01517613,0.95220834
21,7,none,random_linear,150,91,1,1,True,2.0801332e-05,0.9336018,0.06501623,0.0013610978
21,7,none,random_linear,151,91,0,3,False,0.33763224,0.0048016524,0.10638253,0.5511836
21,7,none,random_linear,152,91,1,3,False,0.0070511266,0.16574223,0.37635607,0.45085055
21,7,none,random_linear,153,91,0,0,True,0.9751092,3.841634e-05,0.017209606,0.0076427567
21,7,none,random_linear,154,91,0,2,False,0.056396227,0.00061223126,0.9420578,0.00093384035
21,7,none,random_linear,155,91,1,2,False,0.017402489,0.00016748797,0.9719733,0.010456696
21,7,none,random_linear,156,91,1,2,False,7.0217335e-05,0.07501575,0.9196692,0.0052448087
21,7,none,random_linear,157,91,0,0,True,0.9977264,9.66067e-05,0.0016273686,0.0005497528
21,7,none,random_linear,158,91,0,0,True,0.9628398,0.002790591,0.023777472,0.0105920555
21,7,none,random_linear,159,91,1,2,False,0.032998607,0.058840297,0.48676205,0.4213991
21,7,none,random_linear,160,91,0,0,True,0.9380767,0.00154616,0.054010533,0.006366683
21,7,none,random_linear,161,91,1,1,True,0.013755204,0.7584268,0.06111443,0.16670363
21,7,none,random_linear,162,91,1,2,False,0.059283234,0.05122476,0.74534255,0.14414954
21,7,none,random_linear,163,91,0,0,True,0.75771147,0.00024023635,0.13996299,0.102085255
21,7,none,random_linear,164,91,1,2,False,0.003414018,0.0037512104,0.9279972,0.064837605
21,7,none,random_linear,165,91,2,2,True,0.011477583,0.0029966435,0.93051815,0.05500765
21,7,none,random_linear,166,91,3,2,False,0.018513974,0.0018917428,0.74402845,0.23556589
21,7,none,random_linear,167,91,3,2,False,0.00045813448,0.017699748,0.849562,0.13228011
21,7,none,random_linear,168,91,2,2,True,0.0047074,0.008804535,0.8939114,0.09257663
21,7,none,random_linear,169,91,2,2,True,0.0007289162,9.913571e-05,0.92038876,0.07878319
21,7,none,random_linear,170,91,3,2,False,0.01507588,0.024170028,0.71721166,0.24354245
21,7,none,random_linear,171,91,3,3,True,0.002544856,0.0018048374,0.066167176,0.9294832
21,7,none,random_linear,172,91,2,2,True,0.0044602156,0.011022491,0.80464095,0.1798763
21,7,none,random_linear,173,91,3,3,True,0.045327667,0.04751574,0.24529082,0.6618658
21,7,none,random_linear,174,91,2,2,True,0.023777077,0.0006973426,0.71173805,0.26378754
21,7,none,random_linear,175,91,2,2,True,0.0015157561,0.009510871,0.95808333,0.030889956
21,7,none,random_linear,176,91,3,2,False,0.008530546,0.01185491,0.5443973,0.43521723
21,7,none,random_linear,177,91,3,2,False,0.093290955,0.001700438,0.55100715,0.3540015
21,7,none,random_linear,178,91,2,2,True,0.0059369565,0.043915577,0.91509855,0.03504885
21,7,none,random_linear,179,91,3,2,False,0.0037464856,0.0028005424,0.7171146,0.27633837
21,7,none,random_linear,180,92,1,3,False,0.054031674,0.16370088,0.038587216,0.7436803
21,7,none,random_linear,181,92,0,3,False,0.1193138,0.09750406,0.099310085,0.68387204
21,7,none,random_linear,182,92,1,0,False,0.6586721,0.0912111,0.14652786,0.10358898
21,7,none,random_linear,183,92,0,2,False,0.22178711,0.016758118,0.7485851,0.012869693
21,7,none,random_linear,184,92,0,3,False,0.29619518,0.05906848,0.20809752,0.4366388
21,7,none,random_linear,185,92,1,1,True,0.0750927,0.8092527,0.077625826,0.038028803
21,7,none,random_linear,186,92,0,0,True,0.92541075,0.015470658,0.03371977,0.02539871
21,7,none,random_linear,187,92,1,1,True,0.08581707,0.9108419,0.0023744418,0.00096657267
21,7,none,random_linear,188,92,1,1,True,0.0037038398,0.99552464,0.00021753981,0.0005539415
21,7,none,random_linear,189,92,0,2,False,0.4297444,0.062647805,0.43832862,0.06927923
21,7,none,random_linear,190,92,0,0,True,0.91627556,0.030402677,0.023447782,0.02987398
21,7,none,random_linear,191,92,1,3,False,0.38730055,0.030844215,0.10929846,0.4725568
21,7,none,random_linear,192,92,0,0,True,0.95687145,0.022272626,0.019423911,0.001431874
21,7,none,random_linear,193,92,1,3,False,0.013879791,0.076750316,0.014544288,0.89482564
21,7,none,random_linear,194,92,0,2,False,0.2721513,0.07450865,0.5860407,0.06729929
21,7,none,random_linear,195,92,1,1,True,0.0946087,0.80976355,0.028972847,0.066654876
21,7,none,random_linear,196,92,1,1,True,0.0058075995,0.99084,0.0017477842,0.0016046816
21,7,none,random_linear,197,92,0,0,True,0.9836559,0.009013144,0.004838393,0.0024925482
21,7,none,random_linear,198,92,1,1,True,0.055557683,0.6164602,0.30124885,0.026733285
21,7,none,random_linear,199,92,2,0,False,0.5868862,0.069549106,0.11405708,0.22950763
21,7,none,random_linear,200,92,3,3,True,0.34019062,0.040987615,0.17347732,0.44534442
21,7,none,random_linear,201,92,2,3,False,0.22427762,0.024451468,0.1969022,0.55436873
21,7,none,random_linear,202,92,3,3,True,0.18552226,0.022301752,0.14986233,0.6423137
21,7,none,random_linear,203,92,2,1,False,0.36668745,0.398197,0.2019499,0.033165634
21,7,none,random_linear,204,92,3,3,True,0.118886374,0.07243944,0.06568155,0.74299264
21,7,none,random_linear,205,92,2,2,True,0.1218369,0.13800463,0.44063076,0.29952765
21,7,none,random_linear,206,92,3,0,False,0.46238524,0.15773442,0.040887192,0.3389931
21,7,none,random_linear,207,92,3,0,False,0.44190615,0.22301908,0.115695834,0.21937895
21,7,none,random_linear,208,92,2,0,False,0.6219593,0.035209328,0.11993523,0.22289613
21,7,none,random_linear,209,92,2,2,True,0.009040607,0.21544102,0.76496786,0.010550492
21,7,none,random_linear,210,92,3,3,True,0.045694675,0.26962462,0.0035537346,0.68112695
21,7,none,random_linear,211,92,3,3,True,0.05072552,0.11410344,0.014656204,0.8205148
21,7,none,random_linear,212,92,2,1,False,0.19499631,0.42887768,0.03483942,0.3412866
21,7,none,random_linear,213,92,3,0,False,0.5504968,0.15155813,0.06303655,0.23490845
21,7,none,random_linear,214,92,2,0,False,0.9194339,0.023383515,0.041034754,0.016147852
21,7,none,random_linear,215,92,2,3,False,0.048224844,0.06193223,0.27506152,0.6147814
21,7,none,random_linear,216,92,3,1,False,0.060066383,0.43543968,0.17143442,0.33305946
21,7,none,random_linear,217,92,2,2,True,0.018555403,0.12635697,0.76845455,0.08663316
21,7,none,random_linear,218,92,0,0,True,0.99726737,0.00034482105,0.0015180486,0.00086987624
21,7,none,random_linear,219,92,1,0,False,0.5304451,0.44312626,0.013430284,0.012998365
21,7,none,random_linear,220,92,0,0,True,0.96412104,0.019616054,0.008911731,0.0073511368
21,7,none,random_linear,221,92,1,1,True,0.09152997,0.8251399,0.022884263,0.060445827
21,7,none,random_linear,222,92,1,1,True,0.088345796,0.8972607,0.011233988,0.0031595065
21,7,none,random_linear,223,92,0,0,True,0.8660221,0.061705288,0.027402122,0.04487044
21,7,none,random_linear,224,92,1,1,True,0.0025925355,0.92581755,0.00022062995,0.07136929
21,7,none,random_linear,225,92,0,1,False,0.25020653,0.7018166,0.038359717,0.009617152
21,7,none,random_linear,226,92,0,0,True,0.98064077,0.014148598,0.0008570099,0.004353688
21,7,none,random_linear,227,92,1,1,True,0.012536819,0.91815627,0.011038499,0.058268387
21,7,none,random_linear,228,92,1,1,True,0.00026140056,0.9782948,0.0016132367,0.019830553
21,7,none,random_linear,229,92,0,0,True,0.9075487,0.0018490285,0.0104606645,0.08014162
21,7,none,random_linear,230,92,1,1,True,0.0051534954,0.9913645,0.0009332366,0.0025488343
21,7,none,random_linear,231,92,0,3,False,0.32279408,0.17089994,0.13639104,0.36991492
21,7,none,random_linear,232,92,0,0,True,0.9923813,0.00040038052,0.0019635793,0.005254785
21,7,none,random_linear,233,92,1,1,True,0.011231669,0.9825104,0.0010336135,0.005224302
21,7,none,random_linear,234,92,0,0,True,0.5647718,0.0017091646,0.19444437,0.23907474
21,7,none,random_linear,235,92,1,1,True,0.01564726,0.937006,0.032059003,0.015287778
21,7,none,random_linear,236,92,1,1,True,0.006368484,0.9877912,0.0002881804,0.005552233
21,7,none,random_linear,237,92,3,3,True,0.09817915,0.0875067,0.008127569,0.8061866
21,7,none,random_linear,238,92,2,3,False,0.25637493,0.055734877,0.035656426,0.6522338
21,7,none,random_linear,239,92,3,0,False,0.41027635,0.261936,0.13837662,0.18941106
21,7,none,random_linear,240,92,2,2,True,0.12293057,0.1852875,0.53415793,0.157624
21,7,none,random_linear,241,92,2,2,True,0.25555977,0.23984012,0.45587862,0.048721444
21,7,none,random_linear,242,92,3,2,False,0.22140361,0.08507178,0.42234665,0.27117792
21,7,none,random_linear,243,92,2,0,False,0.39036578,0.32343784,0.1706682,0.115528196
21,7,none,random_linear,244,92,3,1,False,0.3900972,0.4140068,0.1391632,0.056732822
21,7,none,random_linear,245,92,2,0,False,0.38493866,0.28632486,0.21672699,0.11200954
21,7,none,random_linear,246,92,3,3,True,0.005964421,0.06842666,0.023793612,0.90181524
21,7,none,random_linear,247,92,2,2,True,0.044564992,0.22629556,0.40132397,0.3278154
21,7,none,random_linear,248,92,3,3,True,0.022294862,0.19502127,0.08511532,0.6975686
21,7,none,random_linear,249,92,3,3,True,0.017544493,0.11817474,0.00795697,0.85632384
21,7,none,random_linear,250,92,2,2,True,0.033909112,0.051173553,0.87982744,0.035089955
21,7,none,random_linear,251,92,3,3,True,0.022046842,0.01185177,0.022737332,0.943364
21,7,none,random_linear,252,92,2,3,False,0.36090776,0.061622,0.21065794,0.36681232
21,7,none,random_linear,253,92,2,2,True,0.29448318,0.10641919,0.5289701,0.07012756
21,7,none,random_linear,254,92,3,2,False,0.3074874,0.05333926,0.38548502,0.25368834
21,7,none,random_linear,255,92,2,2,True,0.14078985,0.26909998,0.56272656,0.027383601
21,7,none,random_linear,256,92,0,0,True,0.97449476,0.0071848915,0.00043361314,0.017886655
21,7,none,random_linear,257,92,1,0,False,0.91274536,0.069749825,0.011063416,0.0064414456
21,7,none,random_linear,258,92,1,1,True,0.019923897,0.9306289,0.011128719,0.038318556
21,7,none,random_linear,259,92,0,0,True,0.9288772,0.007175366,0.008454409,0.055493116
21,7,none,random_linear,260,92,0,0,True,0.7510689,0.007991198,0.030995391,0.20994455
21,7,none,random_linear,261,92,1,1,True,0.031110333,0.94472647,0.020932212,0.003230995
21,7,none,random_linear,262,92,1,1,True,0.0070688725,0.83331925,0.0068337773,0.15277813
21,7,none,random_linear,263,92,0,0,True,0.8705392,0.028873427,0.08207653,0.01851092
21,7,none,random_linear,264,92,0,0,True,0.9130639,0.008380783,0.05089437,0.027660968
21,7,none,random_linear,265,92,1,1,True,0.0014911747,0.99667585,0.00019793534,0.0016349378
21,7,none,random_linear,266,92,0,0,True,0.9176207,0.064784475,0.009876116,0.0077187032
21,7,none,random_linear,267,92,1,0,False,0.39904612,0.20109569,0.13438796,0.26547024
21,7,none,random_linear,268,92,0,0,True,0.8300795,0.13333674,0.0076695736,0.028914254
21,7,none,random_linear,269,92,1,1,True,0.015652781,0.7779414,0.10975922,0.096646644
21,7,none,random_linear,270,92,1,1,True,0.09193665,0.7852315,0.054998778,0.06783309
21,7,none,random_linear,271,92,0,0,True,0.9377023,0.04197683,0.005540553,0.014780397
21,7,none,random_linear,272,92,1,1,True,0.15257463,0.7353985,0.08874667,0.023280246
21,7,none,random_linear,273,92,0,0,True,0.7534687,0.043373097,0.16655506,0.036603127
21,7,none,random_linear,274,92,1,2,False,0.1855207,0.116474256,0.42506897,0.27293608
21,7,none,random_linear,275,92,3,1,False,0.24657981,0.3837387,0.07042367,0.29925784
21,7,none,random_linear,276,92,2,3,False,0.22566797,0.26171336,0.19791214,0.31470656
21,7,none,random_linear,277,92,3,3,True,0.031568266,0.09880858,0.09286894,0.7767542
21,7,none,random_linear,278,92,2,3,False,0.20536461,0.29121855,0.11687043,0.38654643
21,7,none,random_linear,279,92,3,3,True,0.11594896,0.0024011442,0.14189747,0.7397524
21,7,none,random_linear,280,92,2,2,True,0.31061128,0.08987499,0.43060228,0.16891144
21,7,none,random_linear,281,92,3,3,True,0.017793307,0.24019906,0.24112579,0.50088185
21,7,none,random_linear,282,92,2,2,True,0.15771644,0.34056136,0.44767627,0.054046024
21,7,none,random_linear,283,92,2,2,True,0.056037292,0.33040506,0.59149396,0.022063639
21,7,none,random_linear,284,92,3,3,True,0.2772715,0.21918376,0.17594282,0.32760185
21,7,none,random_linear,285,92,3,3,True,0.005225838,0.27114874,0.015901998,0.7077234
21,7,none,random_linear,286,92,2,2,True,0.057477035,0.3182355,0.54968494,0.07460252
21,7,none,random_linear,287,92,2,1,False,0.03919792,0.90532184,0.03294326,0.022537112
21,7,none,random_linear,288,92,3,1,False,0.24578093,0.2991086,0.21160938,0.24350108
21,7,none,random_linear,289,92,3,3,True,0.0076204212,0.096866116,0.020459801,0.87505364
21,7,none,random_linear,290,92,2,3,False,0.11570398,0.3321478,0.057873033,0.49427512
21,7,none,random_linear,291,92,2,0,False,0.714003,0.026052067,0.093563415,0.16638143
21,7,none,random_linear,292,92,3,3,True,0.22463346,0.07375684,0.03145615,0.67015356
21,7,none,random_linear,293,92,2,1,False,0.10563801,0.49437508,0.20159285,0.19839403
21,7,none,random_linear,294,93,1,1,True,0.06652384,0.6068123,0.08314223,0.24352162
21,7,none,random_linear,295,93,0,2,False,0.16813691,0.27916464,0.46836892,0.084329575
21,7,none,random_linear,296,93,1,1,True,0.00014482388,0.9795837,0.006299901,0.013971604
21,7,none,random_linear,297,93,0,0,True,0.33298433,0.2787541,0.25732428,0.13093735
21,7,none,random_linear,298,93,1,2,False,0.0038092504,0.107819125,0.838696,0.049675666
21,7,none,random_linear,299,93,0,3,False,0.048865207,0.07087453,0.3655588,0.5147015
21,7,none,random_linear,300,93,0,0,True,0.9913933,0.0045888857,0.0021333345,0.0018844636
21,7,none,random_linear,301,93,1,3,False,0.020481346,0.4317253,0.1154452,0.43234813
21,7,none,random_linear,302,93,1,0,False,0.68448114,0.009192455,0.28668973,0.019636717
21,7,none,random_linear,303,93,0,0,True,0.52143943,0.056920808,0.24829578,0.17334402
21,7,none,random_linear,304,93,1,1,True,0.019543553,0.34381667,0.32858536,0.30805448
21,7,none,random_linear,305,93,0,0,True,0.9942312,0.0011862604,0.0008841264,0.0036983697
21,7,none,random_linear,306,93,1,3,False,0.0053136996,0.35535985,0.2138833,0.42544314
21,7,none,random_linear,307,93,0,0,True,0.99922943,6.0867787e-05,0.00021572816,0.00049399835
21,7,none,random_linear,308,93,0,0,True,0.72336674,0.014205084,0.10324018,0.15918796
21,7,none,random_linear,309,93,3,3,True,0.00023667481,0.01191814,0.0013119542,0.98653316
21,7,none,random_linear,310,93,2,1,False,0.007772836,0.4942424,0.31213105,0.18585375
21,7,none,random_linear,311,93,2,2,True,0.010253099,0.050902553,0.7613421,0.17750224
21,7,none,random_linear,312,93,3,3,True,0.007502039,0.006126648,0.0054085683,0.98096275
21,7,none,random_linear,313,93,3,3,True,0.000102878475,0.0027734428,0.0021587785,0.9949649
21,7,none,random_linear,314,93,2,2,True,0.1436959,0.07612153,0.5737442,0.20643839
21,7,none,random_linear,315,93,3,1,False,0.0065790787,0.63740563,0.24337374,0.1126416
21,7,none,random_linear,316,93,2,2,True,6.066052e-05,0.00052087003,0.9993612,5.7279394e-05
21,7,none,random_linear,317,93,2,2,True,0.10716775,0.016644161,0.7819072,0.09428087
21,7,none,random_linear,318,93,3,3,True,0.022090834,0.045403495,0.016172491,0.9163332
21,7,none,random_linear,319,93,3,3,True,0.40764433,0.030977773,0.0045155794,0.5568623
21,7,none,random_linear,320,93,2,2,True,0.037136935,0.13915002,0.79106176,0.032651316
21,7,none,random_linear,321,93,2,2,True,0.28842786,0.009150261,0.57031244,0.1321094
21,7,none,random_linear,322,93,3,3,True,0.00027076856,0.0012789348,0.0011772042,0.997273
21,7,none,random_linear,323,93,2,2,True,0.05435398,0.023323048,0.87278146,0.04954151
21,7,none,random_linear,324,93,0,0,True,0.9971391,0.00017923492,0.0009644379,0.0017172202
21,7,none,random_linear,325,93,1,3,False,0.007251347,0.15776585,0.12489128,0.71009153
21,7,none,random_linear,326,93,1,1,True,5.6403496e-07,0.9987225,2.8349885e-05,0.0012486049
21,7,none,random_linear,327,93,0,0,True,0.5932868,0.014660632,0.2594714,0.13258117
21,7,none,random_linear,328,93,0,0,True,0.717258,0.0019410164,0.026954269,0.25384673
21,7,none,random_linear,329,93,1,1,True,0.015607322,0.823289,0.09839187,0.06271187
21,7,none,random_linear,330,93,0,3,False,0.17375939,0.04694379,0.24537645,0.5339204
21,7,none,random_linear,331,93,1,3,False,0.0018806794,0.42844135,0.090920195,0.47875777
21,7,none,random_linear,332,93,1,2,False,0.005256609,0.21274008,0.53177613,0.25022712
21,7,none,random_linear,333,93,0,3,False,0.16016811,0.032268867,0.22059608,0.586967
21,7,none,random_linear,334,93,1,3,False,0.0052703475,0.13494006,0.15671903,0.7030706
21,7,none,random_linear,335,93,0,0,True,0.8176247,0.0013644705,0.1637707,0.017240107
21,7,none,random_linear,336,93,0,0,True,0.9442916,0.000700007,0.004294128,0.05071415
21,7,none,random_linear,337,93,1,2,False,0.0033788937,0.060370497,0.7217765,0.21447414
21,7,none,random_linear,338,93,0,3,False,0.10096998,0.0006122625,0.10633549,0.7920823
21,7,none,random_linear,339,93,2,0,False,0.51620424,0.07156521,0.35172963,0.0605009
21,7,none,random_linear,340,93,3,3,True,4.8350845e-05,8.223069e-05,0.00033556632,0.9995339
21,7,none,random_linear,341,93,3,3,True,0.0031772282,0.022255812,0.036966257,0.9376007
21,7,none,random_linear,342,93,2,2,True,0.02798199,0.18339707,0.5562042,0.2324168
21,7,none,random_linear,343,93,2,1,False,0.004318515,0.5180983,0.37221184,0.10537137
21,7,none,random_linear,344,93,3,3,True,0.0005523492,0.17001487,0.0013101614,0.8281226
21,7,none,random_linear,345,93,3,3,True,0.00014214322,0.0010931264,0.00024698378,0.9985178
21,7,none,random_linear,346,93,2,2,True,0.02301518,0.26154572,0.6671653,0.04827381
21,7,none,random_linear,347,93,3,3,True,0.01921894,0.0032297682,0.013076427,0.96447486
21,7,none,random_linear,348,93,2,1,False,0.010125136,0.46102965,0.23705408,0.29179114
21,7,none,random_linear,349,93,3,3,True,0.0143722845,0.31822315,0.22282697,0.44457757
21,7,none,random_linear,350,93,2,2,True,0.008378048,0.015817704,0.8850219,0.09078233
21,7,none,random_linear,351,93,3,3,True,0.00059890153,0.004386643,0.0026701044,0.9923443
21,7,none,random_linear,352,93,2,2,True,0.04933276,0.042236306,0.81059957,0.097831346
21,7,none,random_linear,353,93,2,3,False,0.031341236,0.08007601,0.14289728,0.74568546
21,7,none,random_linear,354,93,0,1,False,0.18086849,0.4790317,0.148534,0.19156581
21,7,none,random_linear,355,93,1,2,False,0.002863766,0.23979214,0.7057853,0.05155881
21,7,none,random_linear,356,93,0,0,True,0.5671443,0.013373082,0.38525537,0.034227237
21,7,none,random_linear,357,93,1,1,True,0.00054977124,0.9897001,0.0007693364,0.008980792
21,7,none,random_linear,358,93,1,1,True,0.0010265189,0.91078424,0.0041937926,0.08399544
21,7,none,random_linear,359,93,0,0,True,0.7098751,0.0678277,0.020603167,0.20169413
21,7,none,random_linear,360,93,1,3,False,0.0020028518,0.0686464,0.22929671,0.70005405
21,7,none,random_linear,361,93,0,1,False,0.013774593,0.9080263,0.0072834385,0.07091576
21,7,none,random_linear,362,93,1,1,True,0.01639738,0.8253236,0.051290903,0.10698815
21,7,none,random_linear,363,93,0,0,True,0.81190735,0.0019786817,0.024560034,0.16155387
21,7,none,random_linear,364,93,0,0,True,0.8849365,0.019738136,0.020424437,0.074900895
21,7,none,random_linear,365,93,1,3,False,0.006593336,0.057001255,0.069467224,0.8669382
21,7,none,random_linear,366,93,1,1,True,0.00027102503,0.8963048,0.0032896714,0.100134544
21,7,none,random_linear,367,93,0,1,False,0.09127772,0.4861012,0.15349695,0.26912412
21,7,none,random_linear,368,93,1,1,True,0.045793753,0.7254139,0.16529982,0.063492596
21,7,none,random_linear,369,93,2,0,False,0.5993217,0.026564617,0.10603614,0.26807746
21,7,none,random_linear,370,93,3,3,True,0.045955848,0.047223892,0.40231314,0.5045071
21,7,none,random_linear,371,93,3,3,True,0.003286143,0.0068577426,0.007841245,0.9820149
21,7,none,random_linear,372,93,2,1,False,0.2690287,0.6122855,0.10498139,0.013704385
21,7,none,random_linear,373,93,3,1,False,0.00045902887,0.66673285,0.0015156255,0.3312925
21,7,none,random_linear,374,93,2,1,False,0.0020940222,0.909742,0.07807657,0.010087442
21,7,none,random_linear,375,93,2,2,True,0.082711436,0.03636467,0.7175425,0.16338131
21,7,none,random_linear,376,93,3,3,True,0.00013712463,0.0068208254,0.0018450033,0.9911971
21,7,none,random_linear,377,93,3,3,True,2.2799743e-05,0.0042654676,0.0018795743,0.9938321
21,7,none,random_linear,378,93,2,2,True,0.011936795,0.0084354365,0.8439597,0.13566804
21,7,none,random_linear,379,93,2,2,True,0.019426718,0.0450451,0.629713,0.30581522
21,7,none,random_linear,380,93,3,3,True,0.05405851,0.015186479,0.032120347,0.8986347
21,7,none,random_linear,381,93,3,3,True,0.00759882,0.0035920483,0.09350547,0.8953036
21,7,none,random_linear,382,93,2,1,False,7.142024e-05,0.9954984,0.0035238643,0.00090633414
21,7,none,random_linear,383,93,3,2,False,0.045242313,0.02829514,0.6926594,0.23380314
21,7,none,random_linear,384,94,0,0,True,0.99854195,0.00028706912,0.0010599302,0.00011102429
21,7,none,random_linear,385,94,1,1,True,0.0026044305,0.9035723,0.09073664,0.0030866924
21,7,none,random_linear,386,94,1,2,False,0.15559442,0.19367135,0.4879104,0.16282389
21,7,none,random_linear,387,94,0,0,True,0.9998518,4.692449e-05,8.884574e-05,1.2342701e-05
21,7,none,random_linear,388,94,1,1,True,0.05536294,0.5777574,0.28521407,0.08166555
21,7,none,random_linear,389,94,0,0,True,0.99809307,0.0008869949,0.0006805329,0.00033930788
21,7,none,random_linear,390,94,1,2,False,0.07857445,0.01777383,0.89600253,0.0076490887
21,7,none,random_linear,391,94,0,0,True,0.9990872,3.279902e-05,0.0006435718,0.00023641545
21,7,none,random_linear,392,94,1,2,False,0.16133139,0.23261599,0.50197875,0.10407389
21,7,none,random_linear,393,94,0,0,True,0.9560672,0.0073849135,0.036341418,0.00020653255
21,7,none,random_linear,394,94,0,0,True,0.99622726,0.00013215486,0.0017279371,0.0019126137
21,7,none,random_linear,395,94,1,2,False,0.1002955,0.052220147,0.81282306,0.034661252
21,7,none,random_linear,396,94,1,1,True,0.30483422,0.49626914,0.0880736,0.11082307
21,7,none,random_linear,397,94,0,0,True,0.95208114,0.00037995487,0.032086264,0.015452586
21,7,none,random_linear,398,94,1,1,True,0.16185163,0.40092406,0.21294484,0.22427943
21,7,none,random_linear,399,94,2,2,True,0.027810115,0.02206192,0.9415064,0.008621627
21,7,none,random_linear,400,94,3,3,True,0.01982781,0.0389516,0.07955932,0.8616612
21,7,none,random_linear,401,94,3,3,True,0.001717099,0.0047418694,0.0024997522,0.99104124
21,7,none,random_linear,402,94,2,2,True,0.011778164,0.00481337,0.97433573,0.009072691
21,7,none,random_linear,403,94,3,3,True,0.072421536,0.005996514,0.08095049,0.8406315
21,7,none,random_linear,404,94,2,2,True,0.054007392,0.06672213,0.8530591,0.026211321
21,7,none,random_linear,405,94,2,2,True,0.006502763,0.013439971,0.97522247,0.0048348354
21,7,none,random_linear,406,94,3,3,True,0.013680738,0.10150091,0.029303074,0.8555153
21,7,none,random_linear,407,94,2,2,True,0.06988719,0.00569328,0.8943199,0.030099625
21,7,none,random_linear,408,94,3,3,True,0.011528786,0.01604797,0.037675418,0.9347478
21,7,none,random_linear,409,94,3,3,True,0.007557041,0.0016463614,0.015799887,0.9749967
21,7,none,random_linear,410,94,2,2,True,0.017446965,0.010086951,0.96824294,0.004223108
21,7,none,random_linear,411,94,3,3,True,0.0784022,0.008167312,0.07782775,0.83560276
21,7,none,random_linear,412,94,2,0,False,0.4987966,0.024408799,0.36490926,0.111885294
21,7,none,random_linear,413,94,3,2,False,0.16110064,0.045204043,0.60240054,0.19129488
21,7,none,random_linear,414,94,1,1,True,0.02869353,0.9280186,0.029061439,0.014226484
21,7,none,random_linear,415,94,0,0,True,0.62883073,0.20466016,0.15648967,0.010019414
21,7,none,random_linear,416,94,1,1,True,0.022393208,0.96081173,0.016422063,0.00037289225
21,7,none,random_linear,417,94,0,0,True,0.96310955,0.00828856,0.019654395,0.008947539
21,7,none,random_linear,418,94,0,0,True,0.98933065,0.0006619227,0.009888062,0.0001193949
21,7,none,random_linear,419,94,1,1,True,0.00012806608,0.9569359,0.039333045,0.0036029117
21,7,none,random_linear,420,94,1,3,False,0.13073258,0.05476531,0.3936197,0.42088243
21,7,none,random_linear,421,94,0,0,True,0.96894866,0.00020330564,0.030458346,0.000389708
21,7,none,random_linear,422,94,0,0,True,0.9497887,0.031191124,0.018785393,0.00023481391
21,7,none,random_linear,423,94,1,2,False,0.2614039,0.00795279,0.69419533,0.036448
21,7,none,random_linear,424,94,1,1,True,0.00016986401,0.9906371,0.008755441,0.0004376718
21,7,none,random_linear,425,94,0,1,False,0.1118841,0.49243122,0.38347858,0.012206062
21,7,none,random_linear,426,94,1,2,False,0.018900132,0.31039238,0.6398593,0.030848201
21,7,none,random_linear,427,94,0,0,True,0.9911602,1.4976985e-05,0.0056237723,0.0032011247
21,7,none,random_linear,428,94,1,2,False,0.05915987,0.00440846,0.92059964,0.015832037
21,7,none,random_linear,429,94,3,3,True,0.09661759,0.006006204,0.063060604,0.8343156
21,7,none,random_linear,430,94,2,2,True,0.44395658,0.0076874844,0.530958,0.017397951
21,7,none,random_linear,431,94,3,3,True,0.0011541963,0.052747864,0.055584423,0.89051354
21,7,none,random_linear,432,94,2,2,True,0.0016446493,0.0018611734,0.99172467,0.004769548
21,7,none,random_linear,433,94,3,3,True,0.01657629,0.05391118,0.006186973,0.9233256
21,7,none,random_linear,434,94,2,2,True,0.024427995,0.034530245,0.93240404,0.008637661
21,7,none,random_linear,435,94,2,2,True,0.032631304,0.07698159,0.63549304,0.2548941
21,7,none,random_linear,436,94,3,3,True,0.024530403,0.021023776,0.3768372,0.5776086
21,7,none,random_linear,437,94,3,3,True,0.020010475,0.23216017,0.016660815,0.73116857
21,7,none,random_linear,438,94,2,2,True,0.040607307,0.045016535,0.88968116,0.024695
21,7,none,random_linear,439,94,3,3,True,0.058663405,0.0795763,0.26789328,0.593867
21,7,none,random_linear,440,94,2,2,True,0.19454826,0.035787433,0.75061804,0.019046228
21,7,none,random_linear,441,94,3,2,False,0.02620031,0.005326351,0.7521198,0.21635354
21,7,none,random_linear,442,94,2,2,True,0.0047267894,0.0029530337,0.9909019,0.0014182335
21,7,none,random_linear,443,94,2,3,False,0.14470877,0.120242134,0.09408007,0.64096904
21,7,none,random_linear,444,94,0,0,True,0.9950741,0.0014940344,0.0032122547,0.00021951535
21,7,none,random_linear,445,94,1,2,False,0.20439138,0.0688822,0.7233204,0.00340602
21,7,none,random_linear,446,94,1,2,False,0.0039742133,0.18074995,0.80945474,0.0058210497
21,7,none,random_linear,447,94,0,0,True,0.7805419,0.0028815689,0.21332754,0.0032489514
21,7,none,random_linear,448,94,1,1,True,0.0025827175,0.51622933,0.42320833,0.057979595
21,7,none,random_linear,449,94,0,0,True,0.9135894,0.001474414,0.07788226,0.007053836
21,7,none,random_linear,450,94,1,2,False,0.24194255,0.19416516,0.50408924,0.059803072
21,7,none,random_linear,451,94,0,2,False,0.21070732,0.0064209523,0.7668344,0.016037334
21,7,none,random_linear,452,94,1,2,False,0.1105346,0.27041587,0.31065845,0.30839106
21,7,none,random_linear,453,94,0,2,False,0.13009624,0.025284667,0.8242147,0.020404406
21,7,none,random_linear,454,94,1,2,False,0.047647886,0.2957082,0.5725705,0.08407342
21,7,none,random_linear,455,94,0,0,True,0.98518515,0.00018899963,0.012801326,0.0018245777
21,7,none,random_linear,456,94,0,0,True,0.5144321,0.044848666,0.43684426,0.003874974
21,7,none,random_linear,457,94,1,3,False,0.017268263,0.022901848,0.0956052,0.8642247
21,7,none,random_linear,458,94,0,2,False,0.17982224,0.020523997,0.6402714,0.15938228
21,7,none,random_linear,459,94,2,2,True,0.025562363,0.011449155,0.9454801,0.017508408
21,7,none,random_linear,460,94,3,2,False,0.0023826517,0.015691323,0.88679624,0.09512984
21,7,none,random_linear,461,94,2,2,True,0.013671519,0.013843477,0.9704471,0.002037954
21,7,none,random_linear,462,94,3,2,False,0.22425698,0.016186642,0.73476154,0.02479482
21,7,none,random_linear,463,94,2,2,True,0.030954137,0.26235786,0.7051021,0.001585948
21,7,none,random_linear,464,94,3,3,True,0.032955594,0.021161048,0.2489329,0.69695044
21,7,none,random_linear,465,94,3,3,True,0.009811783,0.10255272,0.17269576,0.7149397
21,7,none,random_linear,466,94,2,2,True,0.019825974,0.0059835706,0.9457255,0.028464945
21,7,none,random_linear,467,94,2,2,True,0.0032419674,0.0013618476,0.9875772,0.007819083
21,7,none,random_linear,468,94,3,2,False,0.0271285,0.0016225227,0.66007406,0.31117487
21,7,none,random_linear,469,94,3,3,True,0.0026254735,0.057167698,0.027556093,0.9126507
21,7,none,random_linear,470,94,2,2,True,0.0042773616,0.021007258,0.9118161,0.062899254
21,7,none,random_linear,471,94,2,2,True,0.152325,0.02976981,0.4651147,0.35279045
21,7,none,random_linear,472,94,3,2,False,0.017547226,0.08890437,0.49391076,0.39963767
21,7,none,random_linear,473,94,3,2,False,0.04254403,0.13341568,0.7806735,0.043366767
21,7,none,random_linear,474,95,0,0,True,0.94441783,0.034992367,0.011538707,0.009051127
21,7,none,random_linear,475,95,1,1,True,0.03723276,0.6927182,0.0052939747,0.2647552
21,7,none,random_linear,476,95,1,1,True,0.0002977363,0.99759716,0.00095306284,0.0011519871
21,7,none,random_linear,477,95,0,0,True,0.98388135,0.00074399926,0.00024576293,0.015128957
21,7,none,random_linear,478,95,0,0,True,0.9995035,0.00015185242,8.565601e-05,0.0002590043
21,7,none,random_linear,479,95,1,1,True,0.0105878245,0.9169844,0.0033581404,0.06906962
21,7,none,random_linear,480,95,0,0,True,0.9762881,0.015699307,0.0045951353,0.0034174263
21,7,none,random_linear,481,95,1,1,True,0.0022313034,0.9419401,0.0010210796,0.05480761
21,7,none,random_linear,482,95,0,0,True,0.99390465,0.0020594671,0.0009970665,0.0030388385
21,7,none,random_linear,483,95,1,3,False,0.003460806,0.13406605,0.017325617,0.8451475
21,7,none,random_linear,484,95,1,1,True,0.0035673003,0.91935635,0.010175385,0.06690093
21,7,none,random_linear,485,95,0,0,True,0.99533206,6.317306e-06,0.0003484839,0.004313166
21,7,none,random_linear,486,95,0,0,True,0.9823042,0.0024311636,0.003112183,0.012152479
21,7,none,random_linear,487,95,1,3,False,0.025334578,0.3437618,0.032199074,0.5987046
21,7,none,random_linear,488,95,1,1,True,3.153071e-05,0.95667154,0.007231194,0.036065757
21,7,none,random_linear,489,95,2,3,False,0.006040928,0.017847745,0.022071218,0.95404017
21,7,none,random_linear,490,95,3,3,True,0.007994104,0.014861831,0.007797075,0.969347
21,7,none,random_linear,491,95,2,1,False,0.002756934,0.71251225,0.13437009,0.15036067
21,7,none,random_linear,492,95,3,3,True,0.0008448285,0.00035214395,0.00032779542,0.99847525
21,7,none,random_linear,493,95,3,3,True,0.0006358171,0.037706703,0.00025571132,0.96140176
21,7,none,random_linear,494,95,2,3,False,0.13294062,0.036182374,0.009350708,0.82152635
21,7,none,random_linear,495,95,2,3,False,0.023129666,0.14597088,0.19681862,0.6340808
21,7,none,random_linear,496,95,3,3,True,0.021716367,0.003994069,0.000702493,0.97358704
21,7,none,random_linear,497,95,3,3,True,0.00036459323,0.0021178343,0.0053481655,0.99216944
21,7,none,random_linear,498,95,2,3,False,0.0014150904,0.087213,0.042808905,0.86856306
21,7,none,random_linear,499,95,3,3,True,0.0004035923,0.040558584,0.0008926555,0.9581452
21,7,none,random_linear,500,95,2,3,False,0.00038302038,0.0012362625,0.020808658,0.977572
21,7,none,random_linear,501,95,3,3,True,0.0011942124,0.0013177063,0.0013027409,0.99618536
21,7,none,random_linear,502,95,2,3,False,0.0012076929,0.008578879,0.08882712,0.90138626
21,7,none,random_linear,503,95,2,3,False,0.04528884,0.04032556,0.021760965,0.8926247
21,7,none,random_linear,504,95,1,1,True,0.001261913,0.7458395,0.0052140187,0.2476846
21,7,none,random_linear,505,95,0,3,False,0.25994802,0.004103278,0.0012119082,0.73473674
21,7,none,random_linear,506,95,1,3,False,0.00086979894,0.40883023,0.00073117006,0.5895688
21,7,none,random_linear,507,95,0,3,False,0.12547691,0.0008730529,0.014554873,0.85909516
21,7,none,random_linear,508,95,0,0,True,0.8488066,0.0019276207,0.0006706919,0.14859512
21,7,none,random_linear,509,95,1,3,False,0.0064414237,0.02437642,0.005980557,0.9632015
21,7,none,random_linear,510,95,1,3,False,0.0027236969,0.097893015,0.050200187,0.84918314
21,7,none,random_linear,511,95,0,0,True,0.90270984,0.00014727178,0.00029162067,0.0968512
21,7,none,random_linear,512,95,0,3,False,0.20902526,0.006660157,0.06361859,0.720696
21,7,none,random_linear,513,95,1,3,False,0.0007208352,0.16939664,0.013687876,0.81619465
21,7,none,random_linear,514,95,0,0,True,0.63295734,0.00056727295,0.012185979,0.3542894
21,7,none,random_linear,515,95,1,1,True,0.000622619,0.60370284,0.17289455,0.22278002
21,7,none,random_linear,516,95,0,3,False,0.23263937,0.06407977,0.000813211,0.7024676
21,7,none,random_linear,517,95,1,1,True,0.0006345,0.82223755,0.021342115,0.15578583
21,7,none,random_linear,518,95,0,3,False,0.15661329,0.0018660744,0.015017656,0.82650304
21,7,none,random_linear,519,95,3,3,True,4.9870014e-05,0.010125258,0.00039342584,0.9894315
21,7,none,random_linear,520,95,2,3,False,0.022136023,0.0003812243,0.030689133,0.9467937
21,7,none,random_linear,521,95,3,3,True,9.994192e-05,0.03910272,0.0015697632,0.95922756
21,7,none,random_linear,522,95,2,3,False,0.15287551,0.0014947793,0.22873555,0.6168941
21,7,none,random_linear,523,95,2,2,True,0.021808548,0.020498727,0.5840191,0.37367362
21,7,none,random_linear,524,95,3,3,True,0.0018233448,0.07630336,0.009761677,0.91211164
21,7,none,random_linear,525,95,2,2,True,0.015192079,0.110679775,0.5868984,0.2872298
21,7,none,random_linear,526,95,3,3,True,9.519003e-05,0.0022733149,0.00023677245,0.9973947
21,7,none,random_linear,527,95,2,3,False,0.032311287,0.025445437,0.15308145,0.78916186
21,7,none,random_linear,528,95,3,3,True,0.00029630217,0.008467027,0.00063600665,0.9906007
21,7,none,random_linear,529,95,2,0,False,0.5451522,0.01322425,0.03913227,0.40249127
21,7,none,random_linear,530,95,3,3,True,0.008069294,0.0047325394,0.006715709,0.98048246
21,7,none,random_linear,531,95,2,3,False,0.00023821204,0.0017573392,0.006943488,0.99106103
21,7,none,random_linear,532,95,3,3,True,0.0033066063,0.03912779,0.02561585,0.93194973
21,7,none,random_linear,533,95,3,3,True,0.00039886593,0.09674475,0.15692541,0.7459309
21,7,none,random_linear,534,95,0,3,False,0.0119783385,0.16632865,0.055235844,0.76645714
21,7,none,random_linear,535,95,1,3,False,0.11803135,0.015490336,0.01601643,0.85046184
21,7,none,random_linear,536,95,1,3,False,0.0039686663,0.0009793009,0.00075934624,0.99429274
21,7,none,random_linear,537,95,0,3,False,0.042785138,0.018177928,0.041145574,0.89789134
21,7,none,random_linear,538,95,0,3,False,0.019779883,0.0021427886,0.0043471265,0.9737302
21,7,none,random_linear,539,95,1,3,False,0.070698135,0.44433942,0.040584214,0.4443782
21,7,none,random_linear,540,95,1,3,False,0.00087841565,0.003975436,0.00046253353,0.9946837
21,7,none,random_linear,541,95,0,2,False,0.15585585,0.0055644806,0.42053634,0.41804338
21,7,none,random_linear,542,95,0,3,False,0.09244849,0.34413835,0.13873808,0.4246751
21,7,none,random_linear,543,95,1,1,True,0.0026833017,0.7043911,0.004805658,0.28811997
21,7,none,random_linear,544,95,0,3,False,0.010071698,0.016637195,0.051081702,0.92220944
21,7,none,random_linear,545,95,1,3,False,0.08215572,0.008781927,0.45428208,0.45478028
21,7,none,random_linear,546,95,1,3,False,0.03325782,0.1574654,0.044640493,0.7646363
21,7,none,random_linear,547,95,0,2,False,0.00072348095,0.02011238,0.9591064,0.02005782
21,7,none,random_linear,548,95,0,0,True,0.54790896,0.022506906,0.35384345,0.07574066
21,7,none,random_linear,549,95,2,2,True,0.0012772635,0.014588735,0.74870765,0.23542638
21,7,none,random_linear,550,95,3,3,True,0.102132,0.27322626,0.09545457,0.5291872
21,7,none,random_linear,551,95,3,3,True,0.0058011385,0.04255006,0.0047842762,0.94686455
21,7,none,random_linear,552,95,2,3,False,0.31384498,0.046813227,0.13743451,0.5019073
21,7,none,random_linear,553,95,2,3,False,0.0112442225,0.017219484,0.03351095,0.93802536
21,7,none,random_linear,554,95,3,3,True,0.0023100737,0.0038191574,0.00068836473,0.99318236
21,7,none,random_linear,555,95,2,3,False,0.0071386835,0.34436172,0.023457782,0.6250418
21,7,none,random_linear,556,95,3,3,True,0.0007071886,0.090385996,0.0020618937,0.906845
21,7,none,random_linear,557,95,2,3,False,0.04939312,0.19810556,0.15145598,0.6010453
21,7,none,random_linear,558,95,3,3,True,0.0055464925,0.31941602,0.002515742,0.67252177
21,7,none,random_linear,559,95,2,3,False,0.0067449543,0.0044042626,0.03034853,0.9585023
21,7,none,random_linear,560,95,3,3,True,0.01828834,0.02782162,0.039913032,0.913977
21,7,none,random_linear,561,95,3,3,True,0.0069128624,0.06852871,0.3074002,0.61715823
21,7,none,random_linear,562,95,2,3,False,0.0021704412,0.17763676,0.39106873,0.4291241
21,7,none,random_linear,563,95,3,3,True,0.00024085297,0.0034528084,0.0042296583,0.99207675
21,7,none,random_linear,564,96,1,1,True,0.041819833,0.9409621,0.0054414393,0.011776622
21,7,none,random_linear,565,96,0,0,True,0.9261422,0.0072097136,0.06535318,0.0012947982
21,7,none,random_linear,566,96,0,0,True,0.9713507,0.013478475,0.01019975,0.0049711335
21,7,none,random_linear,567,96,1,1,True,0.0069847037,0.8253884,0.11136667,0.056260206
21,7,none,random_linear,568,96,1,1,True,0.00042287295,0.9801885,0.010076826,0.00931179
21,7,none,random_linear,569,96,0,0,True,0.59819025,0.0017821798,0.2661873,0.1338403
21,7,none,random_linear,570,96,1,1,True,0.0014368556,0.99543613,0.0026668126,0.0004603135
21,7,none,random_linear,571,96,0,0,True,0.9928657,7.288552e-05,0.0047892397,0.0022720883
21,7,none,random_linear,572,96,0,0,True,0.80914205,0.005412367,0.15065493,0.034790564
21,7,none,random_linear,573,96,1,1,True,0.0007329363,0.9941356,0.0042510116,0.0008804055
21,7,none,random_linear,574,96,1,1,True,0.0012889545,0.98149306,0.016571337,0.00064666907
21,7,none,random_linear,575,96,0,0,True,0.89628947,0.00057340553,0.101344064,0.0017929388
21,7,none,random_linear,576,96,0,0,True,0.892841,0.01819293,0.029877208,0.059088875
21,7,none,random_linear,577,96,1,2,False,0.01228018,0.3395285,0.3815408,0.26665056
21,7,none,random_linear,578,96,1,1,True,0.0015105827,0.892656,0.021536877,0.08429658
21,7,none,random_linear,579,96,3,3,True,0.0011809525,0.010572339,0.09790016,0.8903465
21,7,none,random_linear,580,96,2,2,True,0.006248063,0.00017456415,0.9922312,0.0013461648
21,7,none,random_linear,581,96,3,2,False,0.03756223,0.05833283,0.72399783,0.1801071
21,7,none,random_linear,582,96,2,2,True,0.017137129,0.0046685794,0.88522536,0.092968985
21,7,none,random_linear,583,96,2,2,True,0.0970888,0.005174544,0.5141935,0.3835432
21,7,none,random_linear,584,96,3,2,False,0.030658592,0.0033385353,0.8434288,0.1225741
21,7,none,random_linear,585,96,3,3,True,0.16455755,0.057399645,0.24082136,0.53722143
21,7,none,random_linear,586,96,2,2,True,0.020811977,0.0047411746,0.8366414,0.13780548
21,7,none,random_linear,587,96,3,3,True,0.0039388966,0.0007344126,0.041920833,0.95340586
21,7,none,random_linear,588,96,2,2,True,0.022650283,0.05586091,0.8818848,0.039604027
21,7,none,random_linear,589,96,2,2,True,0.023810294,0.039033655,0.93483824,0.0023178358
21,7,none,random_linear,590,96,3,3,True,0.35466844,0.20908172,0.04521085,0.39103895
21,7,none,random_linear,591,96,3,3,True,0.018813882,0.015305842,0.06798239,0.89789784
21,7,none,random_linear,592,96,2,2,True,0.033992473,0.011112912,0.78142285,0.1734718
21,7,none,random_linear,593,96,3,3,True,0.063455924,0.12536426,0.19283216,0.6183477
21,7,none,random_linear,594,96,0,0,True,0.9614359,0.0003783929,0.034963906,0.0032217952
21,7,none,random_linear,595,96,1,2,False,0.06281138,0.012958372,0.91501975,0.009210546
21,7,none,random_linear,596,96,1,3,False,0.114933826,0.19193648,0.26007342,0.43305627
21,7,none,random_linear,597,96,0,0,True,0.97372264,6.1862294e-05,0.005643151,0.020572338
21,7,none,random_linear,598,96,1,0,False,0.43133688,0.42110637,0.13446018,0.013096514
21,7,none,random_linear,599,96,0,3,False,0.2247231,0.0019946555,0.25889307,0.51438916
21,7,none,random_linear,600,96,0,0,True,0.7771822,0.00016990655,0.21704148,0.0056063733
21,7,none,random_linear,601,96,1,1,True,0.015416796,0.9423646,0.033191524,0.009027049
21,7,none,random_linear,602,96,0,0,True,0.9328615,0.006338704,0.054039557,0.0067601465
21,7,none,random_linear,603,96,1,2,False,0.021325752,0.3676557,0.6032807,0.0077378303
21,7,none,random_linear,604,96,1,3,False,0.004406189,0.36768517,0.07705717,0.5508514
21,7,none,random_linear,605,96,0,0,True,0.854926,0.00018323654,0.09899307,0.045897633
21,7,none,random_linear,606,96,1,3,False,0.012051443,0.04548468,0.22425927,0.71820456
21,7,none,random_linear,607,96,0,2,False,0.200349,0.00030087197,0.61037916,0.18897101
21,7,none,random_linear,608,96,0,0,True,0.6136406,0.0006143324,0.18835637,0.19738863
21,7,none,random_linear,609,96,3,3,True,0.13004819,0.0054607005,0.059225403,0.80526567
21,7,none,random_linear,610,96,2,2,True,0.0005361483,0.0013586652,0.9947885,0.0033166523
21,7,none,random_linear,611,96,3,2,False,0.3063215,0.036028426,0.5982412,0.05940885
21,7,none,random_linear,612,96,2,0,False,0.8499082,0.0039204513,0.046941902,0.099229485
21,7,none,random_linear,613,96,3,3,True,0.07558684,0.056585353,0.018091008,0.8497368
21,7,none,random_linear,614,96,2,2,True,0.005875142,0.0015072316,0.98577857,0.006839126
21,7,none,random_linear,615,96,2,2,True,0.009749758,0.0020711878,0.8662379,0.12194111
21,7,none,random_linear,616,96,3,2,False,0.019042298,0.0013213751,0.7260873,0.25354904
21,7,none,random_linear,617,96,2,2,True,0.06746314,0.0065368405,0.7138311,0.21216886
21,7,none,random_linear,618,96,3,0,False,0.7816771,0.01126133,0.058070432,0.14899106
21,7,none,random_linear,619,96,2,2,True,0.059555896,0.0038864645,0.52560073,0.4109569
21,7,none,random_linear,620,96,3,3,True,0.049931854,0.005158587,0.089179784,0.8557298
21,7,none,random_linear,621,96,2,0,False,0.8114143,0.0019008837,0.13083795,0.05584685
21,7,none,random_linear,622,96,3,3,True,0.10477012,0.008021417,0.01817588,0.86903256
21,7,none,random_linear,623,96,3,3,True,0.05337987,0.012140622,0.18529207,0.74918747
21,7,none,random_linear,624,96,1,1,True,0.0039747967,0.9317016,0.04728316,0.017040413
21,7,none,random_linear,625,96,0,0,True,0.7461418,0.000502293,0.19685952,0.05649636
21,7,none,random_linear,626,96,1,2,False,0.21940285,0.020059353,0.7143838,0.046154056
21,7,none,random_linear,627,96,0,0,True,0.66630375,0.15111113,0.17191377,0.01067126
21,7,none,random_linear,628,96,1,2,False,0.018190352,0.2652743,0.64366394,0.07287149
21,7,none,random_linear,629,96,0,0,True,0.9752143,0.0018320937,0.013451091,0.009502501
21,7,none,random_linear,630,96,0,0,True,0.9175058,6.125292e-05,0.0822055,0.00022737762
21,7,none,random_linear,631,96,1,0,False,0.6352287,0.11329958,0.12885043,0.122621216
21,7,none,random_linear,632,96,1,1,True,0.0047986405,0.9606412,0.028598001,0.0059622335
21,7,none,random_linear,633,96,0,0,True,0.91642,0.009500989,0.04368595,0.030393086
21,7,none,random_linear,634,96,0,0,True,0.99620515,8.2669885e-06,0.0035034677,0.00028309444
21,7,none,random_linear,635,96,1,1,True,0.005642134,0.81279796,0.17136395,0.010195951
21,7,none,random_linear,636,96,1,2,False,0.017493749,0.3568754,0.61910176,0.006529076
21,7,none,random_linear,637,96,0,0,True,0.9948184,0.0019985167,0.0016699593,0.0015130858
21,7,none,random_linear,638,96,0,0,True,0.67446035,0.007193687,0.09174063,0.22660528
21,7,none,random_linear,639,96,2,2,True,0.0046037743,0.021353029,0.9697986,0.0042446065
21,7,none,random_linear,640,96,3,2,False,0.028046045,0.010071207,0.895721,0.06616175
21,7,none,random_linear,641,96,2,2,True,0.1175491,0.0063831336,0.61679053,0.25927716
21,7,none,random_linear,642,96,3,2,False,0.014075107,0.020657469,0.682013,0.28325444
21,7,none,random_linear,643,96,3,3,True,0.2016068,0.019078536,0.03999389,0.73932076
21,7,none,random_linear,644,96,2,2,True,0.011629398,0.049431726,0.9076695,0.031269386
21,7,none,random_linear,645,96,3,3,True,0.3812688,0.03534421,0.103392206,0.4799948
21,7,none,random_linear,646,96,2,2,True,0.1689677,0.074655816,0.69559216,0.060784284
21,7,none,random_linear,647,96,2,2,True,0.02464996,0.010229273,0.9444598,0.020661024
21,7,none,random_linear,648,96,3,2,False,0.25505623,0.062864944,0.53739274,0.14468609
21,7,none,random_linear,649,96,2,2,True,0.07935238,0.02319618,0.54165035,0.35580108
21,7,none,random_linear,650,96,3,3,True,0.17598255,0.009453877,0.1508614,0.6637022
21,7,none,random_linear,651,96,2,2,True,0.1442237,0.08567918,0.5871439,0.18295328
21,7,none,random_linear,652,96,3,0,False,0.5879955,0.013945764,0.21150315,0.18655545
21,7,none,random_linear,653,96,3,1,False,0.032510925,0.44236052,0.124359444,0.40076903
21,7,none,random_linear,654,97,0,0,True,0.4995196,0.07682323,0.35347477,0.07018242
21,7,none,random_linear,655,97,1,1,True,0.031110145,0.9001348,0.017036516,0.05171856
21,7,none,random_linear,656,97,1,1,True,0.1988397,0.65224516,0.06839451,0.08052074
21,7,none,random_linear,657,97,0,0,True,0.85664773,0.05776783,0.058618978,0.026965514
21,7,none,random_linear,658,97,0,0,True,0.9838389,0.0009873915,0.009502567,0.0056711286
21,7,none,random_linear,659,97,1,1,True,0.0037483287,0.91480964,0.022903204,0.058538858
21,7,none,random_linear,660,97,0,0,True,0.47236866,0.037114345,0.47080618,0.019710833
21,7,none,random_linear,661,97,1,1,True,0.00031758266,0.95905924,0.023515394,0.01710786
21,7,none,random_linear,662,97,0,3,False,0.10440045,0.19891185,0.25293976,0.4437479
21,7,none,random_linear,663,97,1,1,True,0.09131047,0.6197014,0.02481497,0.26417312
21,7,none,random_linear,664,97,1,1,True,0.0022220907,0.9899345,0.00049840845,0.007345033
21,7,none,random_linear,665,97,0,0,True,0.7193371,0.0052801995,0.016763927,0.2586188
21,7,none,random_linear,666,97,1,2,False,0.09078358,0.08891648,0.55475,0.2655499
21,7,none,random_linear,667,97,0,3,False,0.24052277,0.09384346,0.13238133,0.5332524
21,7,none,random_linear,668,97,0,0,True,0.8456016,0.095285356,0.01161122,0.047501784
21,7,none,random_linear,669,97,3,3,True,0.24335466,0.044246793,0.18736538,0.5250332
21,7,none,random_linear,670,97,2,0,False,0.7082718,0.106727496,0.078476556,0.10652415
21,7,none,random_linear,671,97,3,3,True,0.0016169032,0.00962281,0.008097596,0.98066264
21,7,none,random_linear,672,97,2,1,False,0.00446334,0.44466853,0.12952168,0.42134643
21,7,none,random_linear,673,97,3,3,True,0.059515316,0.26057246,0.0021050908,0.6778071
21,7,none,random_linear,674,97,2,3,False,0.07149232,0.13968357,0.3574263,0.4313978
21,7,none,random_linear,675,97,3,2,False,0.014936984,0.15527444,0.7344105,0.09537813
21,7,none,random_linear,676,97,2,1,False,0.035127122,0.7365535,0.026421972,0.20189734
21,7,none,random_linear,677,97,3,2,False,0.0100173615,0.2663443,0.36259612,0.36104226
21,7,none,random_linear,678,97,2,2,True,0.068305016,0.044295322,0.7748669,0.112532735
21,7,none,random_linear,679,97,3,3,True,0.07267233,0.015596236,0.036053006,0.8756784
21,7,none,random_linear,680,97,2,3,False,0.005602217,0.0032331562,0.0011935448,0.9899711
21,7,none,random_linear,681,97,3,3,True,0.05279528,0.0038836752,0.074677095,0.868644
21,7,none,random_linear,682,97,2,1,False,0.009083214,0.6357152,0.081001945,0.27419963
21,7,none,random_linear,683,97,2,1,False,0.027137192,0.7614208,0.033800863,0.17764112
21,7,none,random_linear,684,97,0,2,False,0.1359782,0.2084372,0.36619604,0.28938857
21,7,none,random_linear,685,97,1,0,False,0.6352541,0.20489821,0.14683321,0.013014501
21,7,none,random_linear,686,97,1,1,True,0.0057294387,0.95615315,0.021636842,0.016480574
21,7,none,random_linear,687,97,0,0,True,0.36017722,0.0066632773,0.29512867,0.33803087
21,7,none,random_linear,688,97,1,3,False,0.18457523,0.25488684,0.22632146,0.3342165
21,7,none,random_linear,689,97,0,0,True,0.46004754,0.022468474,0.4002906,0.117193356
21,7,none,random_linear,690,97,1,3,False,0.017796788,0.0072113783,0.2710964,0.70389545
21,7,none,random_linear,691,97,0,3,False,0.07509404,0.039981123,0.081167646,0.8037572
21,7,none,random_linear,692,97,1,3,False,0.07141916,0.32274997,0.08492174,0.52090913
21,7,none,random_linear,693,97,0,3,False,0.35278502,0.009942463,0.101172,0.5361005
21,7,none,random_linear,694,97,0,0,True,0.90795547,0.004637285,0.070161976,0.017245255
21,7,none,random_linear,695,97,1,1,True,0.0014787444,0.45872104,0.36122108,0.17857915
21,7,none,random_linear,696,97,0,3,False,0.045870095,0.0025017902,0.005568623,0.94605947
21,7,none,random_linear,697,97,1,1,True,0.04296911,0.54149437,0.018532708,0.39700377
21,7,none,random_linear,698,97,1,3,False,0.0011641916,0.098013714,0.0023396038,0.8984825
21,7,none,random_linear,699,97,3,3,True,0.0050228047,0.050799653,0.20341226,0.7407653
21,7,none,random_linear,700,97,2,0,False,0.5110852,0.024552122,0.38622352,0.078139156
21,7,none,random_linear,701,97,2,2,True,0.04609876,0.1136435,0.5097445,0.3305132
21,7,none,random_linear,702,97,3,2,False,0.007647434,0.04168208,0.58250034,0.36817014
21,7,none,random_linear,703,97,3,1,False,0.21537445,0.38833854,0.25479588,0.14149106
21,7,none,random_linear,704,97,2,1,False,0.10777364,0.6996461,0.051087882,0.1414923
21,7,none,random_linear,705,97,2,2,True,0.0072405026,0.19467306,0.54961395,0.24847251
21,7,none,random_linear,706,97,3,2,False,0.06525311,0.056201156,0.5575495,0.32099628
21,7,none,random_linear,707,97,2,2,True,0.012387584,0.03130713,0.7351755,0.22112985
21,7,none,random_linear,708,97,3,3,True,0.0035441185,0.1259491,0.08737977,0.783127
21,7,none,random_linear,709,97,3,3,True,0.09328844,0.0065103,0.11731803,0.7828832
21,7,none,random_linear,710,97,2,3,False,0.011863931,0.032417577,0.42187768,0.53384084
21,7,none,random_linear,711,97,3,3,True,0.13092217,0.03360461,0.12886548,0.7066077
21,7,none,random_linear,712,97,2,2,True,0.28989667,0.0030055996,0.433667,0.27343073
21,7,none,random_linear,713,97,3,3,True,0.11511456,0.25185132,0.072012246,0.56102186
21,7,none,random_linear,714,97,1,3,False,0.04101419,0.17712392,0.21000172,0.5718602
21,7,none,random_linear,715,97,0,2,False,0.19100778,0.27228126,0.42576572,0.1109452
21,7,none,random_linear,716,97,1,1,True,0.026411533,0.63613033,0.22290042,0.11455775
21,7,none,random_linear,717,97,0,0,True,0.95727485,0.024899,0.01575142,0.002074687
21,7,none,random_linear,718,97,1,2,False,0.06751386,0.06621347,0.74555,0.12072269
21,7,none,random_linear,719,97,0,0,True,0.6775135,0.027084002,0.13191743,0.16348505
21,7,none,random_linear,720,97,0,0,True,0.91787124,0.0023463776,0.0236602,0.056122243
21,7,none,random_linear,721,97,1,3,False,0.015978731,0.3646804,0.17049156,0.44884923
21,7,none,random_linear,722,97,1,3,False,0.004836101,0.27656487,0.11587115,0.6027279
21,7,none,random_linear,723,97,0,0,True,0.85374784,0.015323309,0.02901609,0.10191281
21,7,none,random_linear,724,97,1,1,True,0.030666562,0.7215672,0.040556952,0.20720929
21,7,none,random_linear,725,97,0,0,True,0.5297359,0.046548102,0.14956254,0.27415344
21,7,none,random_linear,726,97,0,0,True,0.9703255,0.0016265888,0.014605259,0.013442605
21,7,none,random_linear,727,97,1,3,False,0.06667386,0.08018953,0.37448776,0.47864884
21,7,none,random_linear,728,97,0,0,True,0.7549703,0.003615353,0.094301745,0.14711256
21,7,none,random_linear,729,97,3,3,True,0.124307565,0.032131467,0.23263411,0.61092687
21,7,none,random_linear,730,97,2,1,False,0.0013897205,0.6656329,0.04973355,0.28324378
21,7,none,random_linear,731,97,2,2,True,0.02758028,0.06422618,0.82256496,0.085628584
21,7,none,random_linear,732,97,3,0,False,0.49490717,0.081066884,0.23114042,0.19288562
21,7,none,random_linear,733,97,2,2,True,0.06636942,0.110282086,0.46573287,0.35761562
21,7,none,random_linear,734,97,3,0,False,0.31890708,0.24563593,0.27934253,0.15611443
21,7,none,random_linear,735,97,2,0,False,0.36595523,0.2174794,0.27451277,0.14205255
21,7,none,random_linear,736,97,3,3,True,0.03147166,0.097361535,0.17388192,0.69728494
21,7,none,random_linear,737,97,3,3,True,0.055162434,0.027020501,0.18786712,0.72994995
21,7,none,random_linear,738,97,2,2,True,0.04823279,0.104393646,0.7287002,0.11867337
21,7,none,random_linear,739,97,3,3,True,0.006236561,0.015379549,0.12493915,0.8534447
21,7,none,random_linear,740,97,2,3,False,0.1381881,0.3001643,0.16551316,0.3961344
21,7,none,random_linear,741,97,2,3,False,0.06633075,0.19789617,0.2777916,0.4579815
21,7,none,random_linear,742,97,3,3,True,0.10477498,0.037489347,0.2619326,0.5958031
21,7,none,random_linear,743,97,2,0,False,0.47471553,0.15791875,0.20422941,0.1631363
21,7,none,random_linear,744,98,0,0,True,0.92132854,0.015568323,0.059864223,0.0032388677
21,7,none,random_linear,745,98,1,2,False,0.05489357,0.29871473,0.611892,0.034499716
21,7,none,random_linear,746,98,1,1,True,0.10272872,0.7920542,0.07289718,0.032319877
21,7,none,random_linear,747,98,0,0,True,0.77895415,0.08766057,0.11400313,0.019382209
21,7,none,random_linear,748,98,0,0,True,0.6143597,0.06184082,0.16365114,0.16014835
21,7,none,random_linear,749,98,1,1,True,0.0557184,0.75302273,0.15866964,0.032589182
21,7,none,random_linear,750,98,1,1,True,0.026856188,0.93664306,0.01626042,0.02024033
21,7,none,random_linear,751,98,0,1,False,0.118109316,0.4824222,0.32038045,0.07908803
21,7,none,random_linear,752,98,1,1,True,0.092282556,0.78846675,0.09755457,0.021696106
21,7,none,random_linear,753,98,0,0,True,0.5149152,0.1306249,0.34104723,0.013412608
21,7,none,random_linear,754,98,1,1,True,0.07232791,0.90739554,0.009942769,0.010333788
21,7,none,random_linear,755,98,0,0,True,0.82344824,0.057056863,0.09997192,0.019522985
21,7,none,random_linear,756,98,0,2,False,0.120929696,0.40163574,0.4600073,0.017427202
21,7,none,random_linear,757,98,1,3,False,0.09122772,0.24885291,0.29922798,0.3606914
21,7,none,random_linear,758,98,0,2,False,0.20810951,0.1863343,0.5035597,0.10199651
21,7,none,random_linear,759,98,3,3,True,0.012871266,0.0023502903,0.002646501,0.98213196
21,7,none,random_linear,760,98,2,2,True,0.12929475,0.04281025,0.5849933,0.2429017
21,7,none,random_linear,761,98,3,3,True,0.01414404,0.0158404,0.036804795,0.93321073
21,7,none,random_linear,762,98,2,0,False,0.36958763,0.33886474,0.27244163,0.019106077
21,7,none,random_linear,763,98,2,0,False,0.6162352,0.07392432,0.23881358,0.07102692
21,7,none,random_linear,764,98,3,3,True,0.01308162,0.19337703,0.16507299,0.6284684
21,7,none,random_linear,765,98,2,2,True,0.100729264,0.02525087,0.82083696,0.053182952
21,7,none,random_linear,766,98,3,3,True,0.11084213,0.20845596,0.2608421,0.41985974
21,7,none,random_linear,767,98,2,2,True,0.16258816,0.0067771613,0.62973434,0.20090039
21,7,none,random_linear,768,98,3,3,True,0.029319322,0.027722705,0.012748662,0.9302093
21,7,none,random_linear,769,98,3,3,True,0.15070981,0.025956333,0.07216918,0.7511647
21,7,none,random_linear,770,98,2,2,True,0.09178437,0.03854468,0.7051698,0.16450115
21,7,none,random_linear,771,98,2,3,False,0.3136453,0.014986052,0.24560608,0.4257626
21,7,none,random_linear,772,98,3,0,False,0.68506664,0.05369363,0.042305358,0.21893442
21,7,none,random_linear,773,98,3,3,True,0.19017746,0.07551825,0.34171546,0.39258882
21,7,none,random_linear,774,98,1,1,True,0.012962086,0.9169494,0.056415938,0.013672535
21,7,none,random_linear,775,98,0,0,True,0.4638351,0.13095658,0.32107896,0.08412941
21,7,none,random_linear,776,98,0,0,True,0.8307268,0.017709363,0.113767765,0.037796013
21,7,none,random_linear,777,98,1,1,True,0.09105804,0.3721906,0.2881149,0.24863644
21,7,none,random_linear,778,98,0,0,True,0.95069265,0.011615117,0.020207323,0.01748488
21,7,none,random_linear,779,98,1,2,False,0.06815461,0.19766784,0.49328265,0.24089494
21,7,none,random_linear,780,98,1,3,False,0.042873565,0.33183384,0.13074014,0.49455252
21,7,none,random_linear,781,98,0,0,True,0.8552911,0.0051430617,0.06857175,0.07099401
21,7,none,random_linear,782,98,0,0,True,0.6789696,0.1344315,0.117090136,0.06950871
21,7,none,random_linear,783,98,1,1,True,0.12846686,0.5357526,0.1843298,0.15145077
21,7,none,random_linear,784,98,0,0,True,0.60513926,0.013007619,0.12921046,0.2526427
21,7,none,random_linear,785,98,1,1,True,0.03603394,0.723915,0.21247967,0.027571497
21,7,none,random_linear,786,98,1,3,False,0.035998337,0.4082195,0.04163173,0.51415044
21,7,none,random_linear,787,98,0,0,True,0.97912395,0.0039232858,0.008824212,0.008128547
21,7,none,random_linear,788,98,0,2,False,0.08675301,0.038316414,0.7874301,0.08750045
21,7,none,random_linear,789,98,3,3,True,0.09945857,0.07221212,0.0598657,0.7684636
21,7,none,random_linear,790,98,2,2,True,0.41756427,0.031067042,0.4420413,0.109327346
21,7,none,random_linear,791,98,3,3,True,0.16073534,0.06494809,0.19326858,0.581048
21,7,none,random_linear,792,98,2,2,True,0.06228625,0.10488313,0.8238975,0.00893311
21,7,none,random_linear,793,98,2,0,False,0.46908543,0.13919559,0.2706941,0.12102486
21,7,none,random_linear,794,98,3,3,True,0.05625746,0.05777661,0.041180648,0.8447853
21,7,none,random_linear,795,98,2,2,True,0.24967998,0.09081316,0.48477653,0.17473035
21,7,none,random_linear,796,98,3,3,True,0.031603526,0.008120598,0.00922157,0.9510543
21,7,none,random_linear,797,98,3,3,True,0.06086389,0.004781641,0.2017537,0.73260075
21,7,none,random_linear,798,98,2,3,False,0.048460543,0.042890314,0.31086165,0.59778744
21,7,none,random_linear,799,98,2,2,True,0.10663621,0.07638542,0.7806345,0.036343873
21,7,none,random_linear,800,98,3,1,False,0.35503617,0.39214844,0.24010463,0.012710759
21,7,none,random_linear,801,98,2,3,False,0.10664481,0.046307273,0.12201476,0.7250332
21,7,none,random_linear,802,98,3,3,True,0.020584827,0.009182573,0.03087318,0.93935937
21,7,none,random_linear,803,98,3,3,True,0.18643157,0.011066992,0.3217397,0.4807617
21,7,none,random_linear,804,98,0,2,False,0.34837395,0.07980116,0.49443752,0.07738747
21,7,none,random_linear,805,98,1,3,False,0.26962665,0.05106935,0.054571256,0.62473273
21,7,none,random_linear,806,98,1,3,False,0.31445444,0.07811288,0.08121554,0.52621716
21,7,none,random_linear,807,98,0,0,True,0.41244295,0.26685908,0.22775276,0.09294519
21,7,none,random_linear,808,98,0,1,False,0.15926804,0.78923845,0.029567145,0.021926394
21,7,none,random_linear,809,98,1,3,False,0.14118129,0.022944368,0.015914315,0.81996006
21,7,none,random_linear,810,98,1,3,False,0.33853662,0.07641474,0.17929865,0.40574998
21,7,none,random_linear,811,98,0,0,True,0.73057914,0.021145884,0.11635568,0.13191931
21,7,none,random_linear,812,98,0,0,True,0.5100847,0.28519532,0.12899742,0.075722516
21,7,none,random_linear,813,98,1,0,False,0.98577404,0.0067309234,0.0016398807,0.0058551542
21,7,none,random_linear,814,98,0,3,False,0.17887108,0.20955609,0.24385066,0.36772215
21,7,none,random_linear,815,98,1,0,False,0.6533781,0.121624604,0.07703445,0.14796285
21,7,none,random_linear,816,98,1,0,False,0.60917324,0.03943027,0.075227834,0.27616867
21,7,none,random_linear,817,98,0,2,False,0.110992424,0.16443151,0.5983417,0.12623431
21,7,none,random_linear,818,98,1,1,True,0.24985239,0.43206394,0.22016722,0.09791643
21,7,none,random_linear,819,98,2,0,False,0.7144829,0.04539513,0.126596,0.11352592
21,7,none,random_linear,820,98,3,1,False,0.004975003,0.97961295,0.010379062,0.005032992
21,7,none,random_linear,821,98,3,3,True,0.105714604,0.34594846,0.1555372,0.3927997
21,7,none,random_linear,822,98,2,0,False,0.55481344,0.014199018,0.14226909,0.2887184
21,7,none,random_linear,823,98,2,3,False,0.30643836,0.014936951,0.22135733,0.45726734
21,7,none,random_linear,824,98,3,2,False,0.0223951,0.16623808,0.48618102,0.32518587
21,7,none,random_linear,825,98,3,3,True,0.05736628,0.009456235,0.20686726,0.72631025
21,7,none,random_linear,826,98,2,2,True,0.2792293,0.11325665,0.3404006,0.26711345
21,7,none,random_linear,827,98,3,3,True,0.077632904,0.14527626,0.06267944,0.7144113
21,7,none,random_linear,828,98,2,2,True,0.43003932,0.08110092,0.44117498,0.047684785
21,7,none,random_linear,829,98,3,3,True,0.22839716,0.06938609,0.13930202,0.5629147
21,7,none,random_linear,830,98,2,3,False,0.39809287,0.021255676,0.104995556,0.4756559
21,7,none,random_linear,831,98,3,3,True,0.08504931,0.046344068,0.12321021,0.74539644
21,7,none,random_linear,832,98,2,0,False,0.7558886,0.010979354,0.08504059,0.14809148
21,7,none,random_linear,833,98,3,1,False,0.23236184,0.726878,0.011266666,0.029493524
21,7,none,random_linear,834,99,1,3,False,0.048753854,0.207416,0.22670679,0.51712334
21,7,none,random_linear,835,99,0,2,False,0.08109268,0.005269321,0.9018267,0.011811226
21,7,none,random_linear,836,99,0,0,True,0.6443754,0.042105157,0.07882266,0.23469685
21,7,none,random_linear,837,99,1,3,False,0.048932802,0.02883587,0.0032111127,0.91902024
21,7,none,random_linear,838,99,0,3,False,0.079265855,0.21507142,0.11681753,0.58884513
21,7,none,random_linear,839,99,1,3,False,0.2946339,0.022902217,0.031971376,0.6504925
21,7,none,random_linear,840,99,1,3,False,0.07265455,0.07011487,0.14252764,0.71470296
21,7,none,random_linear,841,99,0,2,False,0.10360318,0.06666176,0.48394904,0.34578612
21,7,none,random_linear,842,99,0,3,False,0.11959231,0.019813307,0.026065541,0.83452886
21,7,none,random_linear,843,99,1,3,False,0.03141756,0.002265526,0.37437397,0.5919429
21,7,none,random_linear,844,99,1,1,True,0.0016084753,0.9908042,0.006215935,0.0013714546
21,7,none,random_linear,845,99,0,2,False,0.067550085,0.046216346,0.44895485,0.4372787
21,7,none,random_linear,846,99,1,1,True,0.052442756,0.39367828,0.3635976,0.1902814
21,7,none,random_linear,847,99,0,3,False,0.32056937,0.0029854989,0.21646284,0.45998237
21,7,none,random_linear,848,99,1,3,False,0.033875275,0.37785488,0.13352893,0.45474088
21,7,none,random_linear,849,99,3,2,False,0.073866054,0.2799213,0.34012315,0.30608955
21,7,none,random_linear,850,99,2,3,False,0.059485376,0.016337596,0.059149135,0.8650279
21,7,none,random_linear,851,99,3,2,False,0.12175304,0.03386596,0.53907406,0.305307
21,7,none,random_linear,852,99,2,2,True,0.058162823,0.004119174,0.927611,0.010107003
21,7,none,random_linear,853,99,3,2,False,0.24398394,0.03421997,0.4147794,0.30701667
21,7,none,random_linear,854,99,2,2,True,0.111573435,0.008682807,0.865869,0.0138748
21,7,none,random_linear,855,99,3,2,False,0.08995986,0.17107129,0.6608456,0.07812326
21,7,none,random_linear,856,99,2,3,False,0.1489546,0.008076227,0.2434905,0.59947866
21,7,none,random_linear,857,99,2,3,False,0.30060574,0.15144074,0.19444133,0.3535122
21,7,none,random_linear,858,99,3,0,False,0.72294474,0.008008265,0.07138906,0.19765799
21,7,none,random_linear,859,99,3,3,True,0.060890928,0.019621719,0.30417,0.6153173
21,7,none,random_linear,860,99,2,3,False,0.204504,0.063683346,0.06753359,0.6642791
21,7,none,random_linear,861,99,2,0,False,0.4739756,0.013098496,0.39922628,0.11369961
21,7,none,random_linear,862,99,3,3,True,0.0076035876,0.0046334746,0.07707495,0.91068804
21,7,none,random_linear,863,99,3,3,True,0.061703812,0.022999957,0.09558375,0.81971246
21,7,none,random_linear,864,99,0,0,True,0.913709,0.0008731639,0.027415123,0.05800272
21,7,none,random_linear,865,99,1,3,False,0.3795928,0.030630583,0.16773015,0.42204645
21,7,none,random_linear,866,99,0,3,False,0.19617666,0.04407839,0.013937313,0.74580765
21,7,none,random_linear,867,99,1,3,False,0.32714778,0.24044323,0.08788547,0.3445235
21,7,none,random_linear,868,99,1,1,True,0.0058526527,0.6332362,0.030752746,0.33015835
21,7,none,random_linear,869,99,0,0,True,0.8133237,0.0018689762,0.05184325,0.13296402
21,7,none,random_linear,870,99,1,0,False,0.40574354,0.18860236,0.34314364,0.06251041
21,7,none,random_linear,871,99,0,0,True,0.63834035,0.0011127889,0.17062671,0.18992023
21,7,none,random_linear,872,99,1,2,False,0.26439595,0.10413993,0.36706224,0.26440185
21,7,none,random_linear,873,99,0,3,False,0.18909283,0.00043170183,0.012978493,0.79749703
21,7,none,random_linear,874,99,1,3,False,0.17619665,0.0065647364,0.07223403,0.74500453
21,7,none,random_linear,875,99,0,2,False,0.28701413,0.013320464,0.43609843,0.263567
21,7,none,random_linear,876,99,1,0,False,0.47785124,0.019955693,0.41037753,0.09181551
21,7,none,random_linear,877,99,0,0,True,0.45979708,0.025707066,0.075096026,0.43939978
21,7,none,random_linear,878,99,0,0,True,0.98920935,0.00015865968,0.0028571696,0.007774937
21,7,none,random_linear,879,99,2,3,False,0.024873637,0.0040837443,0.028165894,0.9428767
21,7,none,random_linear,880,99,3,2,False,0.020507922,0.007896283,0.59378976,0.377806
21,7,none,random_linear,881,99,2,3,False,0.21832633,0.15169798,0.079238854,0.55073684
21,7,none,random_linear,882,99,3,3,True,0.10041925,0.01649972,0.15276144,0.73031956
21,7,none,random_linear,883,99,3,0,False,0.79949427,0.012370934,0.14215922,0.04597559
21,7,none,random_linear,884,99,2,0,False,0.7056425,0.004170044,0.26152554,0.028661946
21,7,none,random_linear,885,99,3,3,True,0.35172728,0.008788613,0.2148101,0.42467403
21,7,none,random_linear,886,99,2,0,False,0.57202506,0.005062142,0.1850575,0.23785529
21,7,none,random_linear,887,99,2,1,False,0.14175476,0.54782426,0.0033163822,0.3071047
21,7,none,random_linear,888,99,3,0,False,0.5504508,0.0076539223,0.009979908,0.43191534
21,7,none,random_linear,889,99,2,3,False,0.2263152,0.0043054176,0.016776323,0.75260305
21,7,none,random_linear,890,99,3,3,True,0.027423793,0.016793868,0.23710963,0.7186727
21,7,none,random_linear,891,99,2,3,False,0.034814622,0.005144844,0.4102543,0.54978627
21,7,none,random_linear,892,99,3,3,True,0.032973215,0.0055155535,0.25802428,0.703487
21,7,none,random_linear,893,99,3,3,True,0.046809796,0.07164007,0.41737643,0.46417373
21,7,none,random_linear,894,99,0,0,True,0.6565502,0.003611835,0.2762049,0.06363301
21,7,none,random_linear,895,99,1,0,False,0.6861221,0.002888785,0.020746548,0.2902425
21,7,none,random_linear,896,99,0,2,False,0.17083442,0.14507826,0.34574148,0.3383459
21,7,none,random_linear,897,99,1,2,False,0.20042719,0.26621604,0.34199584,0.19136095
21,7,none,random_linear,898,99,1,1,True,0.09120645,0.44211167,0.13224073,0.3344412
21,7,none,random_linear,899,99,0,3,False,0.22283728,0.0029794925,0.30427328,0.46991003
21,7,none,random_linear,900,99,0,2,False,0.05532172,0.008887461,0.8535243,0.08226642
21,7,none,random_linear,901,99,1,3,False,0.0040890547,0.2904042,0.13051318,0.5749935
21,7,none,random_linear,902,99,0,2,False,0.018564772,0.025807876,0.8929083,0.0627191
21,7,none,random_linear,903,99,1,0,False,0.53910553,0.050938834,0.012139647,0.39781597
21,7,none,random_linear,904,99,1,3,False,0.045907702,0.014283761,0.27290884,0.6668997
21,7,none,random_linear,905,99,0,2,False,0.03636117,0.009559029,0.68998975,0.26409003
21,7,none,random_linear,906,99,0,3,False,0.27400064,0.000978714,0.06925485,0.6557658
21,7,none,random_linear,907,99,1,2,False,0.12912811,0.060938172,0.46132672,0.348607
21,7,none,random_linear,908,99,1,2,False,0.030411731,0.0077431025,0.6787683,0.28307694
21,7,none,random_linear,909,99,2,3,False,0.020788454,0.009707139,0.33834204,0.6311624
21,7,none,random_linear,910,99,3,3,True,0.038633514,0.24473724,0.028156655,0.68847257
21,7,none,random_linear,911,99,2,2,True,0.07367373,0.07376486,0.7298948,0.12266665
21,7,none,random_linear,912,99,3,2,False,0.0180772,0.031552337,0.84508324,0.10528723
21,7,none,random_linear,913,99,3,2,False,0.10492167,0.016048681,0.5474383,0.33159137
21,7,none,random_linear,914,99,2,3,False,0.04312314,0.011486876,0.20241584,0.7429741
21,7,none,random_linear,915,99,2,3,False,0.018059032,0.019888222,0.15011473,0.811938
21,7,none,random_linear,916,99,3,3,True,0.04841513,0.03302494,0.15510339,0.76345646
21,7,none,random_linear,917,99,3,0,False,0.81051916,0.0012273128,0.10104174,0.08721181
21,7,none,random_linear,918,99,2,0,False,0.7853121,0.0013224176,0.114301205,0.099064276
21,7,none,random_linear,919,99,3,3,True,0.28265676,0.12256822,0.0725186,0.5222564
21,7,none,random_linear,920,99,2,2,True,0.14845079,0.026578924,0.55491656,0.27005365
21,7,none,random_linear,921,99,3,2,False,0.013911812,0.019529982,0.7730031,0.19355519
21,7,none,random_linear,922,99,2,2,True,0.020153787,0.40959075,0.48370185,0.086553685
21,7,none,random_linear,923,99,3,3,True,0.024004225,0.007784704,0.03533289,0.93287814
21,7,none,random_linear,924,100,0,0,True,0.9300018,0.006956777,0.05088771,0.012153708
21,7,none,random_linear,925,100,1,3,False,0.019805156,0.1626054,0.058446907,0.75914246
21,7,none,random_linear,926,100,1,1,True,0.010662272,0.7376038,0.031286206,0.22044772
21,7,none,random_linear,927,100,0,3,False,0.04666077,0.35920203,0.069188565,0.52494866
21,7,none,random_linear,928,100,0,0,True,0.986186,0.00034920187,0.0013357087,0.012129016
21,7,none,random_linear,929,100,1,3,False,0.12132501,0.1003855,0.13370436,0.64458513
21,7,none,random_linear,930,100,0,0,True,0.9961367,1.7684715e-05,0.0005845183,0.003261083
21,7,none,random_linear,931,100,1,3,False,0.025968196,0.050529692,0.22709185,0.69641024
21,7,none,random_linear,932,100,1,1,True,0.0006070968,0.99596596,0.0026249392,0.00080204906
21,7,none,random_linear,933,100,0,3,False,0.15009508,0.028910732,0.38161054,0.4393836
21,7,none,random_linear,934,100,1,1,True,0.012968819,0.56712836,0.2939193,0.1259835
21,7,none,random_linear,935,100,0,2,False,0.44684923,0.0021260148,0.4876997,0.063325025
21,7,none,random_linear,936,100,3,3,True,0.051193766,0.0043149064,0.002026011,0.94246536
21,7,none,random_linear,937,100,2,2,True,0.3328364,0.023280684,0.5874682,0.056414746
21,7,none,random_linear,938,100,3,3,True,0.09830703,0.0034300382,0.008763577,0.88949937
21,7,none,random_linear,939,100,2,2,True,0.10114572,0.17921066,0.45806268,0.26158088
21,7,none,random_linear,940,100,3,3,True,0.30594093,0.0022571636,0.17163411,0.5201678
21,7,none,random_linear,941,100,2,2,True,0.25659028,0.032863647,0.6979334,0.012612667
21,7,none,random_linear,942,100,3,3,True,0.35323757,0.1144225,0.066510715,0.46582922
21,7,none,random_linear,943,100,2,2,True,0.0690678,0.0039166925,0.9199441,0.0070713516
21,7,none,random_linear,944,100,3,2,False,0.20693125,0.021124173,0.71042407,0.06152045
21,7,none,random_linear,945,100,2,2,True,0.061428163,0.10691298,0.82334423,0.008314606
21,7,none,random_linear,946,100,3,1,False,0.0028720554,0.800414,0.04353389,0.15318006
21,7,none,random_linear,947,100,2,2,True,0.291699,0.019498037,0.61144876,0.077354245
21,7,none,random_linear,948,100,1,1,True,0.0027022744,0.96324676,0.032680452,0.0013704506
21,7,none,random_linear,949,100,0,0,True,0.6499033,0.023924228,0.2608529,0.06531962
21,7,none,random_linear,950,100,0,0,True,0.82939047,0.008142698,0.025510699,0.13695607
21,7,none,random_linear,951,100,1,2,False,0.08559778,0.34223127,0.43465674,0.13751426
21,7,none,random_linear,952,100,1,1,True,0.13771547,0.42603955,0.058732796,0.3775121
21,7,none,random_linear,953,100,0,2,False,0.18006112,0.11074232,0.57528204,0.1339145
21,7,none,random_linear,954,100,0,0,True,0.66442925,0.041413125,0.010836103,0.2833215
21,7,none,random_linear,955,100,1,1,True,0.0017277981,0.95330906,0.0077336575,0.037229378
21,7,none,random_linear,956,100,1,3,False,0.0415059,0.38167274,0.006157648,0.5706637
21,7,none,random_linear,957,100,0,1,False,0.015090426,0.53610307,0.29282793,0.1559786
21,7,none,random_linear,958,100,0,0,True,0.96894205,0.00713659,0.015971765,0.00794961
21,7,none,random_linear,959,100,1,1,True,0.0011676135,0.98977673,0.0040779007,0.00497784
21,7,none,random_linear,960,100,3,3,True,0.07185939,0.009001555,0.040407706,0.8787313
21,7,none,random_linear,961,100,2,2,True,0.039082557,0.0019744593,0.74394685,0.21499614
21,7,none,random_linear,962,100,2,2,True,0.17760465,0.0076465183,0.7439558,0.0707931
21,7,none,random_linear,963,100,3,3,True,0.042959634,0.07377395,0.012387655,0.87087876
21,7,none,random_linear,964,100,2,0,False,0.5339775,0.2142254,0.2002375,0.051559623
21,7,none,random_linear,965,100,3,0,False,0.69141334,0.0007925291,0.011725039,0.29606906
21,7,none,random_linear,966,100,2,2,True,0.0342458,0.32010537,0.49653932,0.1491095
21,7,none,random_linear,967,100,3,0,False,0.7534233,0.020627845,0.040274713,0.1856742
21,7,none,random_linear,968,100,2,0,False,0.701613,0.18285984,0.10021002,0.01531717
21,7,none,random_linear,969,100,3,1,False,0.076440625,0.582303,0.13549736,0.20575905
21,7,none,random_linear,970,100,2,0,False,0.45280102,0.0902272,0.091314085,0.36565778
21,7,none,random_linear,971,100,3,3,True,0.2810276,0.15765414,0.03704316,0.5242752
21,7,none,random_linear,972,100,1,1,True,0.0068147755,0.87715924,0.009008055,0.107017994
21,7,none,random_linear,973,100,0,0,True,0.87604433,0.013004972,0.02825475,0.08269592
21,7,none,random_linear,974,100,0,2,False,0.005056387,0.008894816,0.51500976,0.47103903
21,7,none,random_linear,975,100,1,2,False,0.36806437,0.010637999,0.5359467,0.08535091
21,7,none,random_linear,976,100,1,1,True,0.00082642114,0.98309165,0.014567085,0.0015148042
21,7,none,random_linear,977,100,0,0,True,0.9982299,3.3443273e-05,0.0012461926,0.00049051957
21,7,none,random_linear,978,100,0,0,True,0.79738194,0.0053338404,0.146187,0.0510972
21,7,none,random_linear,979,100,1,1,True,0.14250341,0.6280302,0.009777754,0.21968861
21,7,none,random_linear,980,100,1,2,False,0.009005337,0.32957464,0.49546227,0.1659578
21,7,none,random_linear,981,100,0,0,True,0.84733987,0.0056954096,0.14324126,0.0037234966
21,7,none,random_linear,982,100,0,0,True,0.67593575,0.03265832,0.0916866,0.19971932
21,7,none,random_linear,983,100,1,1,True,0.064973675,0.63903826,0.16156588,0.13442221
21,7,none,random_linear,984,100,2,2,True,0.16120324,0.07652155,0.6149005,0.14737469
21,7,none,random_linear,985,100,3,3,True,0.0066837994,0.0152677335,0.18346795,0.7945805
21,7,none,random_linear,986,100,2,3,False,0.18405198,0.08640577,0.08299814,0.64654416
21,7,none,random_linear,987,100,3,3,True,0.005156597,0.124180146,0.05402408,0.8166391
21,7,none,random_linear,988,100,3,1,False,0.039411332,0.7018306,0.009552476,0.24920556
21,7,none,random_linear,989,100,2,0,False,0.7633025,0.061735876,0.17156221,0.0033994797
21,7,none,random_linear,990,100,2,2,True,0.118766524,0.15650009,0.47311777,0.2516156
21,7,none,random_linear,991,100,3,3,True,0.03775636,0.05293681,0.4383845,0.47092226
21,7,none,random_linear,992,100,3,3,True,0.0022003066,0.08352639,0.021872906,0.8924004
21,7,none,random_linear,993,100,2,3,False,0.14980657,0.077259034,0.30748236,0.46545196
21,7,none,random_linear,994,100,2,3,False,0.07397449,0.034613434,0.38689688,0.5045152
21,7,none,random_linear,995,100,3,3,True,0.0007740155,0.0040830206,0.018748699,0.97639424
21,7,none,random_linear,996,101,0,0,True,0.602962,0.04232933,0.3074238,0.047284782
21,7,none,random_linear,997,101,1,1,True,0.00065162877,0.981216,0.005174058,0.012958314
21,7,none,random_linear,998,101,1,1,True,0.27419606,0.62443644,0.03516712,0.06620034
21,7,none,random_linear,999,101,0,0,True,0.99953294,0.00030602477,2.3358074e-05,0.0001377352
21,7,none,random_linear,1000,101,1,1,True,0.001382853,0.9973193,0.00028912403,0.0010087336
21,7,none,random_linear,1001,101,0,0,True,0.99993837,4.446158e-05,1.0323277e-05,6.8108848e-06
21,7,none,random_linear,1002,101,1,1,True,0.0005104953,0.9983187,1.728842e-05,0.0011535912
21,7,none,random_linear,1003,101,0,0,True,0.9999405,2.9513594e-05,1.656578e-05,1.3328839e-05
21,7,none,random_linear,1004,101,1,1,True,0.0019320211,0.9969427,9.7962555e-05,0.0010273092
21,7,none,random_linear,1005,101,0,0,True,0.9996556,0.00031068767,2.6491189e-05,7.249066e-06
21,7,none,random_linear,1006,101,0,0,True,0.9998276,4.1161e-05,0.00012153119,9.602065e-06
21,7,none,random_linear,1007,101,1,1,True,0.0012123073,0.99538076,0.0008985044,0.0025084782
21,7,none,random_linear,1008,101,1,1,True,0.0009843092,0.9911684,0.0042993394,0.0035479364
21,7,none,random_linear,1009,101,0,0,True,0.9972741,2.5112085e-05,0.0011668648,0.0015339237
21,7,none,random_linear,1010,101,0,0,True,0.99889344,0.00020340765,0.0005660816,0.00033716008
21,7,none,random_linear,1011,101,2,1,False,0.17587793,0.7345984,0.08879679,0.00072695554
21,7,none,random_linear,1012,101,3,1,False,0.176329,0.7702308,0.02738174,0.026058411
21,7,none,random_linear,1013,101,2,0,False,0.7566583,0.011487584,0.18288627,0.048967786
21,7,none,random_linear,1014,101,3,3,True,0.31996045,0.13424543,0.011661897,0.5341322
21,7,none,random_linear,1015,101,3,2,False,0.10818325,0.094595134,0.5329507,0.26427096
21,7,none,random_linear,1016,101,2,2,True,0.36072755,0.14411022,0.44517118,0.049991067
21,7,none,random_linear,1017,101,2,2,True,0.04202344,0.35888106,0.5836417,0.015453779
21,7,none,random_linear,1018,101,3,3,True,0.12383907,0.19084845,0.03538511,0.6499274
21,7,none,random_linear,1019,101,2,1,False,0.1660662,0.6120525,0.21366286,0.008218436
21,7,none,random_linear,1020,101,3,3,True,0.21823072,0.12896463,0.01560582,0.63719887
21,7,none,random_linear,1021,101,3,3,True,0.05243585,0.07825722,0.07371521,0.7955918
21,7,none,random_linear,1022,101,2,1,False,0.21630704,0.7768051,0.00376908,0.0031187094
21,7,none,random_linear,1023,101,2,0,False,0.9566618,0.014043678,0.028885076,0.0004094232
21,7,none,random_linear,1024,101,3,3,True,0.0728029,0.029073529,0.00265407,0.89546955
21,7,none,random_linear,1025,101,2,0,False,0.8340733,0.087463915,0.0732692,0.0051935255
21,7,none,random_linear,1026,101,1,1,True,0.017285978,0.9496493,0.026004886,0.0070598284
21,7,none,random_linear,1027,101,0,0,True,0.99971706,0.00011137375,0.00014163832,2.991692e-05
21,7,none,random_linear,1028,101,0,0,True,0.99796224,0.0014740487,0.00044002684,0.00012367549
21,7,none,random_linear,1029,101,1,1,True,0.43363065,0.53052425,0.0123809595,0.023464043
21,7,none,random_linear,1030,101,1,1,True,0.00022359718,0.9992679,0.00030415016,0.00020440035
21,7,none,random_linear,1031,101,0,0,True,0.9995258,5.477523e-05,0.00040836705,1.1106613e-05
21,7,none,random_linear,1032,101,0,0,True,0.99965835,0.00023116086,4.4378266e-05,6.6161905e-05
21,7,none,random_linear,1033,101,1,1,True,0.0012669873,0.9974075,0.0011582206,0.0001672817
21,7,none,random_linear,1034,101,1,1,True,0.027702313,0.9710378,0.00051365263,0.00074630004
21,7,none,random_linear,1035,101,0,0,True,0.99977845,1.4507612e-05,5.582421e-05,0.00015123104
21,7,none,random_linear,1036,101,1,1,True,0.020359434,0.97510713,0.0014523192,0.0030810705
21,7,none,random_linear,1037,101,0,0,True,0.99990153,8.333887e-05,1.0638947e-05,4.4882954e-06
21,7,none,random_linear,1038,101,1,1,True,0.007944307,0.9914621,0.00029978045,0.00029376496
21,7,none,random_linear,1039,101,0,0,True,0.9638379,0.004498441,0.0025580914,0.029105585
21,7,none,random_linear,1040,101,1,0,False,0.4681344,0.35671464,0.10281967,0.07233134
21,7,none,random_linear,1041,101,2,0,False,0.6485325,0.11090722,0.23775871,0.002801509
21,7,none,random_linear,1042,101,3,0,False,0.5731851,0.082621634,0.22781877,0.1163745
21,7,none,random_linear,1043,101,2,1,False,0.048972975,0.90099555,0.045701787,0.004329683
21,7,none,random_linear,1044,101,3,3,True,0.3036491,0.06410839,0.002196564,0.630046
21,7,none,random_linear,1045,101,3,0,False,0.5798972,0.041708287,0.03780167,0.34059277
21,7,none,random_linear,1046,101,2,1,False,0.09885021,0.7243355,0.1267923,0.050022062
21,7,none,random_linear,1047,101,2,0,False,0.63986963,0.072700866,0.2791189,0.008310558
21,7,none,random_linear,1048,101,3,0,False,0.53115153,0.33919266,0.0016262761,0.1280295
21,7,none,random_linear,1049,101,3,3,True,0.25027558,0.010081927,0.008985816,0.7306567
21,7,none,random_linear,1050,101,2,0,False,0.6302325,0.24305655,0.04308749,0.08362345
21,7,none,random_linear,1051,101,2,2,True,0.09066429,0.056630496,0.8494166,0.003288663
21,7,none,random_linear,1052,101,3,0,False,0.53380126,0.1409882,0.0032397825,0.32197076
21,7,none,random_linear,1053,101,2,0,False,0.9590581,0.006734184,0.01874112,0.015466646
21,7,none,random_linear,1054,101,3,0,False,0.754628,0.0061989888,0.01047946,0.22869357
21,7,none,random_linear,1055,101,2,1,False,0.41670063,0.43288258,0.05816996,0.09224681
21,7,none,random_linear,1056,101,0,0,True,0.99985814,3.935758e-05,8.6418666e-05,1.6131951e-05
21,7,none,random_linear,1057,101,1,1,True,0.056893658,0.90805936,0.027826047,0.0072209006
21,7,none,random_linear,1058,101,0,0,True,0.9995479,0.0002530324,0.00017577996,2.3246754e-05
21,7,none,random_linear,1059,101,1,1,True,0.08211074,0.8202066,0.003913735,0.093768984
21,7,none,random_linear,1060,101,1,1,True,0.015909843,0.8841648,0.0030354145,0.096889965
21,7,none,random_linear,1061,101,0,0,True,0.9966191,0.00072453555,0.00051196595,0.0021444408
21,7,none,random_linear,1062,101,1,1,True,0.00040012723,0.9994924,1.189143e-05,9.5507115e-05
21,7,none,random_linear,1063,101,0,0,True,0.99984336,0.00011879752,2.3882814e-05,1.3959781e-05
21,7,none,random_linear,1064,101,1,1,True,0.0007721228,0.9929796,0.0022361726,0.004012073
21,7,none,random_linear,1065,101,0,0,True,0.99941945,0.00013036451,0.0001622716,0.00028800205
21,7,none,random_linear,1066,101,1,1,True,0.004519476,0.9843241,0.0016280079,0.0095284255
21,7,none,random_linear,1067,101,0,0,True,0.9998685,2.421041e-05,2.3650637e-05,8.361826e-05
21,7,none,random_linear,1068,101,0,0,True,0.9693189,0.015752787,0.014161441,0.00076681434
21,7,none,random_linear,1069,101,1,1,True,0.0024788084,0.9940304,0.00013833767,0.0033524653
21,7,none,random_linear,1070,101,1,1,True,0.0022175752,0.98631346,0.009269792,0.0021990004
21,7,none,random_linear,1071,101,3,3,True,0.019004367,0.007986482,0.0024038558,0.9706053
21,7,none,random_linear,1072,101,2,2,True,0.073765494,0.025684167,0.87247896,0.02807129
21,7,none,random_linear,1073,101,3,0,False,0.6957086,0.04938669,0.013852894,0.24105187
21,7,none,random_linear,1074,101,2,0,False,0.49069646,0.03453853,0.3270873,0.14767772
21,7,none,random_linear,1075,101,2,0,False,0.4313854,0.36446756,0.17588551,0.02826147
21,7,none,random_linear,1076,101,3,0,False,0.60222846,0.115344495,0.011116841,0.27131018
21,7,none,random_linear,1077,101,3,0,False,0.69169676,0.010159637,0.003584084,0.29455948
21,7,none,random_linear,1078,101,2,3,False,0.14354385,0.03288262,0.008245526,0.815328
21,7,none,random_linear,1079,101,2,2,True,0.053626016,0.0062066093,0.93534863,0.0048186965
21,7,none,random_linear,1080,101,3,3,True,0.13703148,0.019352375,0.007142844,0.8364732
21,7,none,random_linear,1081,101,3,3,True,0.054839715,0.027413936,0.034507032,0.8832393
21,7,none,random_linear,1082,101,2,3,False,0.17405976,0.08112249,0.04416808,0.7006497
21,7,none,random_linear,1083,101,3,3,True,0.17182724,0.0913781,0.010513192,0.72628146
21,7,none,random_linear,1084,101,2,1,False,0.051037475,0.45950246,0.18299487,0.30646524
21,7,none,random_linear,1085,101,2,1,False,0.09093395,0.5379356,0.27072278,0.10040766
21,7,none,random_linear,1086,102,1,1,True,0.0008119833,0.99221873,0.0038855877,0.0030837562
21,7,none,random_linear,1087,102,0,0,True,0.8846338,0.036576483,0.050193932,0.028595787
21,7,none,random_linear,1088,102,1,1,True,0.0048756762,0.7720998,0.20157763,0.021446884
21,7,none,random_linear,1089,102,0,0,True,0.9897496,0.0023720928,0.0021454662,0.005732797
21,7,none,random_linear,1090,102,1,1,True,0.05314139,0.6559289,0.27596796,0.014961756
21,7,none,random_linear,1091,102,0,0,True,0.7227987,0.045103587,0.12907568,0.10302198
21,7,none,random_linear,1092,102,0,0,True,0.9926439,0.0012673069,0.0050417823,0.0010470273
21,7,none,random_linear,1093,102,1,0,False,0.40579897,0.1744079,0.15485644,0.26493672
21,7,none,random_linear,1094,102,0,0,True,0.780861,0.045812454,0.08593909,0.087387316
21,7,none,random_linear,1095,102,1,2,False,0.09287006,0.28877896,0.60446405,0.01388687
21,7,none,random_linear,1096,102,0,0,True,0.8153119,0.012834756,0.09121836,0.0806349
21,7,none,random_linear,1097,102,1,2,False,0.024020404,0.44049817,0.5144695,0.021011973
21,7,none,random_linear,1098,102,0,0,True,0.5592324,0.12683749,0.10310564,0.21082447
21,7,none,random_linear,1099,102,1,2,False,0.16964598,0.18701555,0.60766023,0.035678282
21,7,none,random_linear,1100,102,1,1,True,0.0050809314,0.98992705,0.004455262,0.00053668447
21,7,none,random_linear,1101,102,2,1,False,0.16927451,0.37835267,0.3308093,0.12156355
21,7,none,random_linear,1102,102,3,3,True,0.13694087,0.113307655,0.13115953,0.61859196
21,7,none,random_linear,1103,102,2,1,False,0.19518463,0.3856314,0.31431422,0.104869686
21,7,none,random_linear,1104,102,3,3,True,0.3086274,0.2000119,0.15009889,0.34126183
21,7,none,random_linear,1105,102,2,0,False,0.6942986,0.025443269,0.25811014,0.022148006
21,7,none,random_linear,1106,102,3,3,True,0.112715386,0.1576851,0.21463822,0.5149613
21,7,none,random_linear,1107,102,2,2,True,0.23726432,0.03564344,0.6428851,0.084207155
21,7,none,random_linear,1108,102,3,3,True,0.16467959,0.045371246,0.11830014,0.67164904
21,7,none,random_linear,1109,102,3,3,True,0.18940987,0.02616434,0.045529112,0.73889667
21,7,none,random_linear,1110,102,2,2,True,0.099051,0.054097455,0.83839834,0.008453278
21,7,none,random_linear,1111,102,3,2,False,0.028368272,0.21310057,0.4837,0.27483112
21,7,none,random_linear,1112,102,2,2,True,0.31124052,0.01959578,0.38273358,0.2864301
21,7,none,random_linear,1113,102,2,2,True,0.124046594,0.13785222,0.68849766,0.049603555
21,7,none,random_linear,1114,102,3,0,False,0.6340476,0.048571747,0.16805317,0.14932749
21,7,none,random_linear,1115,102,2,2,True,0.04257672,0.16844684,0.5154955,0.27348095
21,7,none,random_linear,1116,102,1,1,True,0.0014764573,0.98840547,0.009384734,0.0007333904
21,7,none,random_linear,1117,102,0,3,False,0.3101927,0.19297233,0.1214108,0.37542415
21,7,none,random_linear,1118,102,1,1,True,0.024953548,0.62630075,0.1213439,0.22740185
21,7,none,random_linear,1119,102,0,0,True,0.7655547,0.024154961,0.13619173,0.07409863
21,7,none,random_linear,1120,102,0,0,True,0.94914716,0.02610671,0.017063944,0.007682279
21,7,none,random_linear,1121,102,1,2,False,0.038916964,0.29515383,0.626408,0.03952121
21,7,none,random_linear,1122,102,0,1,False,0.2561752,0.29194605,0.24139643,0.21048237
21,7,none,random_linear,1123,102,1,2,False,0.1238644,0.23890541,0.5155777,0.12165252
21,7,none,random_linear,1124,102,0,0,True,0.5933515,0.025025982,0.34826097,0.033361573
21,7,none,random_linear,1125,102,1,2,False,0.21332219,0.15625873,0.3908564,0.23956273
21,7,none,random_linear,1126,102,1,1,True,0.0012739996,0.99104625,0.0022654498,0.0054142396
21,7,none,random_linear,1127,102,0,3,False,0.21908845,0.08855411,0.32472506,0.3676324
21,7,none,random_linear,1128,102,1,1,True,0.0005865108,0.9962966,0.0020739103,0.0010430751
21,7,none,random_linear,1129,102,0,3,False,0.22718348,0.13176872,0.16968359,0.47136417
21,7,none,random_linear,1130,102,1,1,True,0.16097336,0.3480506,0.25013092,0.2408452
21,7,none,random_linear,1131,102,2,2,True,0.026650704,0.056161568,0.9031173,0.014070418
21,7,none,random_linear,1132,102,3,3,True,0.029865205,0.17332259,0.26920414,0.52760804
21,7,none,random_linear,1133,102,3,3,True,0.03179402,0.055262297,0.2732871,0.6396566
21,7,none,random_linear,1134,102,2,2,True,0.0502086,0.07741567,0.84162647,0.030749235
21,7,none,random_linear,1135,102,2,1,False,0.08634916,0.51572305,0.18540224,0.21252559
21,7,none,random_linear,1136,102,3,2,False,0.056985002,0.052467894,0.68736315,0.20318395
21,7,none,random_linear,1137,102,3,3,True,0.09509062,0.0902411,0.39932203,0.4153463
21,7,none,random_linear,1138,102,2,2,True,0.010745548,0.13468856,0.83262426,0.021941677
21,7,none,random_linear,1139,102,2,2,True,0.110667884,0.0772295,0.69537795,0.11672458
21,7,none,random_linear,1140,102,3,3,True,0.32905734,0.083610594,0.18313316,0.40419888
21,7,none,random_linear,1141,102,2,3,False,0.014408294,0.08232848,0.32117775,0.58208543
21,7,none,random_linear,1142,102,3,3,True,0.01636234,0.12963083,0.10237131,0.75163543
21,7,none,random_linear,1143,102,3,3,True,0.079725675,0.008534162,0.43956926,0.47217083
21,7,none,random_linear,1144,102,2,2,True,0.27593827,0.07716383,0.3423829,0.30451494
21,7,none,random_linear,1145,102,2,2,True,0.025540737,0.30509678,0.60208565,0.06727687
21,7,none,random_linear,1146,102,0,2,False,0.3624957,0.043336976,0.49406222,0.10010508
21,7,none,random_linear,1147,102,1,1,True,0.0016825916,0.9891754,0.006380185,0.0027618129
21,7,none,random_linear,1148,102,0,2,False,0.05310647,0.02526414,0.7721414,0.14948796
21,7,none,random_linear,1149,102,1,1,True,0.005759017,0.96045434,0.016720336,0.017066421
21,7,none,random_linear,1150,102,1,2,False,0.036946755,0.14822985,0.7908069,0.0240165
21,7,none,random_linear,1151,102,0,2,False,0.34720752,0.17075302,0.3958251,0.08621446
21,7,none,random_linear,1152,102,0,2,False,0.13803135,0.07176505,0.7639833,0.026220297
21,7,none,random_linear,1153,102,1,1,True,0.04651044,0.6666492,0.12309214,0.16374816
21,7,none,random_linear,1154,102,0,2,False,0.26194134,0.23678076,0.42101103,0.08026681
21,7,none,random_linear,1155,102,1,2,False,0.20419767,0.10445119,0.35066265,0.34068847
21,7,none,random_linear,1156,102,1,1,True,0.0049023093,0.7967691,0.054939732,0.14338885
21,7,none,random_linear,1157,102,0,3,False,0.16797684,0.19842088,0.1633933,0.4702089
21,7,none,random_linear,1158,102,1,1,True,0.2815324,0.31059137,0.21097223,0.19690402
21,7,none,random_linear,1159,102,0,0,True,0.5757798,0.04399145,0.22045924,0.1597695
21,7,none,random_linear,1160,102,0,0,True,0.8655341,0.007681619,0.017473847,0.10931037
21,7,none,random_linear,1161,102,2,2,True,0.017550822,0.07393673,0.8963745,0.012137909
21,7,none,random_linear,1162,102,3,3,True,0.033447128,0.041619234,0.09718759,0.8277461
21,7,none,random_linear,1163,102,3,3,True,0.025580902,0.04934219,0.023198985,0.9018779
21,7,none,random_linear,1164,102,2,2,True,0.20416826,0.26578012,0.30363083,0.22642079
21,7,none,random_linear,1165,102,2,2,True,0.010047372,0.033076946,0.61286014,0.34401557
21,7,none,random_linear,1166,102,3,3,True,0.4509716,0.0059499918,0.037908018,0.5051704
21,7,none,random_linear,1167,102,2,2,True,0.17507541,0.01851505,0.7281107,0.078298844
21,7,none,random_linear,1168,102,3,3,True,0.21846986,0.047660943,0.18296361,0.5509055
21,7,none,random_linear,1169,102,2,3,False,0.07854441,0.08465974,0.2659517,0.5708442
21,7,none,random_linear,1170,102,3,2,False,0.09769597,0.06343644,0.47932908,0.35953853
21,7,none,random_linear,1171,102,2,1,False,0.032123487,0.56292635,0.21886688,0.1860833
21,7,none,random_linear,1172,102,3,3,True,0.014515721,0.007488349,0.07193227,0.9060636
21,7,none,random_linear,1173,102,2,2,True,0.14424098,0.34466124,0.39606422,0.11503357
21,7,none,random_linear,1174,102,3,3,True,0.10867899,0.03853712,0.42224386,0.43054003
21,7,none,random_linear,1175,102,3,3,True,0.056925308,0.11301695,0.03243941,0.7976183
21,7,none,random_linear,1176,103,0,0,True,0.5185307,0.0059458027,0.06878098,0.40674248
21,7,none,random_linear,1177,103,1,1,True,0.0066474415,0.5785624,0.29470384,0.120086335
21,7,none,random_linear,1178,103,1,1,True,0.019058611,0.48493734,0.3879699,0.1080342
21,7,none,random_linear,1179,103,0,1,False,0.023556879,0.61089337,0.04183975,0.32371008
21,7,none,random_linear,1180,103,1,1,True,0.15118536,0.5699289,0.049354944,0.22953084
21,7,none,random_linear,1181,103,0,3,False,0.20083459,0.033636674,0.007852296,0.75767636
21,7,none,random_linear,1182,103,0,0,True,0.9939156,7.1030576e-05,0.0035444067,0.0024690144
21,7,none,random_linear,1183,103,1,1,True,0.014584468,0.892772,0.084442236,0.008201243
21,7,none,random_linear,1184,103,0,0,True,0.81195986,0.022912668,0.14037152,0.02475592
21,7,none,random_linear,1185,103,1,2,False,0.14241596,0.40402198,0.4073914,0.046170585
21,7,none,random_linear,1186,103,0,0,True,0.82641685,0.013734729,0.15659128,0.00325719
21,7,none,random_linear,1187,103,1,0,False,0.6493084,0.058002535,0.21440853,0.078280486
21,7,none,random_linear,1188,103,1,1,True,0.021739846,0.7136969,0.17360742,0.09095594
21,7,none,random_linear,1189,103,0,2,False,0.39447388,0.029668923,0.5727762,0.0030810237
21,7,none,random_linear,1190,103,1,3,False,0.022911424,0.13172656,0.15506652,0.6902955
21,7,none,random_linear,1191,103,3,2,False,0.0100169005,0.043106988,0.55202407,0.39485207
21,7,none,random_linear,1192,103,2,2,True,0.08458519,0.0024876362,0.8903379,0.022589255
21,7,none,random_linear,1193,103,2,2,True,0.10511398,0.015504159,0.771222,0.1081598
21,7,none,random_linear,1194,103,3,0,False,0.6059254,0.0131557705,0.026928304,0.3539906
21,7,none,random_linear,1195,103,2,3,False,0.2861319,0.11097624,0.025821678,0.5770702
21,7,none,random_linear,1196,103,3,0,False,0.530423,0.033550993,0.15884425,0.2771818
21,7,none,random_linear,1197,103,3,3,True,0.28644112,0.0071242233,0.31914774,0.3872869
21,7,none,random_linear,1198,103,2,2,True,0.09939723,0.0046820343,0.8917274,0.004193356
21,7,none,random_linear,1199,103,2,0,False,0.6255236,0.09917713,0.26968184,0.0056174044
21,7,none,random_linear,1200,103,3,3,True,0.2662479,0.18335812,0.0075390115,0.54285496
21,7,none,random_linear,1201,103,3,3,True,0.10885668,0.089883275,0.2908639,0.5103962
21,7,none,random_linear,1202,103,2,2,True,0.049243484,0.004456389,0.94514126,0.001158769
21,7,none,random_linear,1203,103,3,0,False,0.54789823,0.037110604,0.22729729,0.18769386
21,7,none,random_linear,1204,103,2,1,False,0.27268,0.43478915,0.25349757,0.03903327
21,7,none,random_linear,1205,103,2,1,False,0.08442944,0.49852166,0.12279618,0.29425272
21,7,none,random_linear,1206,103,1,2,False,0.06205127,0.027809985,0.90683794,0.0033008594
21,7,none,random_linear,1207,103,0,3,False,0.21023645,0.009773562,0.075979784,0.70401025
21,7,none,random_linear,1208,103,1,1,True,0.008406859,0.69450873,0.28875247,0.008331943
21,7,none,random_linear,1209,103,0,0,True,0.7959333,0.02252611,0.07563382,0.10590678
21,7,none,random_linear,1210,103,0,0,True,0.9801134,0.0010985262,0.0024286774,0.016359404
21,7,none,random_linear,1211,103,1,3,False,0.018820588,0.24602659,0.09891028,0.63624257
21,7,none,random_linear,1212,103,1,3,False,0.027994737,0.044146698,0.01071647,0.9171421
21,7,none,random_linear,1213,103,0,0,True,0.9156904,0.034009073,0.035526846,0.014773652
21,7,none,random_linear,1214,103,0,0,True,0.8012762,0.05385201,0.13807185,0.0067999144
21,7,none,random_linear,1215,103,1,0,False,0.6804991,0.0068202326,0.24113381,0.07154691
21,7,none,random_linear,1216,103,1,1,True,0.005682883,0.9764764,0.009032893,0.00880774
21,7,none,random_linear,1217,103,0,0,True,0.9588062,0.0036509952,0.024834882,0.012707794
21,7,none,random_linear,1218,103,0,0,True,0.7171265,0.0024996952,0.27827314,0.002100719
21,7,none,random_linear,1219,103,1,2,False,0.16269264,0.07454155,0.7575394,0.0052264505
21,7,none,random_linear,1220,103,0,0,True,0.6560329,0.0034958266,0.33405983,0.0064114304
21,7,none,random_linear,1221,103,2,2,True,0.050614502,0.016441422,0.89922166,0.033722322
21,7,none,random_linear,1222,103,3,2,False,0.0025821722,0.00082940457,0.90007925,0.09650919
21,7,none,random_linear,1223,103,2,2,True,0.03188791,0.19674265,0.76370305,0.007666405
21,7,none,random_linear,1224,103,3,2,False,0.18572034,0.013651532,0.43711197,0.36351612
21,7,none,random_linear,1225,103,3,3,True,0.081949,0.006576252,0.014733472,0.8967412
21,7,none,random_linear,1226,103,2,2,True,0.33324528,0.02924291,0.33878344,0.29872838
21,7,none,random_linear,1227,103,3,3,True,0.20695917,0.05260278,0.21493572,0.5255023
21,7,none,random_linear,1228,103,2,3,False,0.19536595,0.061715182,0.35444668,0.3884721
21,7,none,random_linear,1229,103,3,3,True,0.06954164,0.0046039014,0.0072900355,0.91856444
21,7,none,random_linear,1230,103,2,2,True,0.18084566,0.015792117,0.53932035,0.26404184
21,7,none,random_linear,1231,103,2,2,True,0.11578575,0.032465193,0.8378254,0.013923592
21,7,none,random_linear,1232,103,3,2,False,0.12909102,0.08148863,0.638682,0.15073828
21,7,none,random_linear,1233,103,3,3,True,0.2068175,0.17934264,0.17135684,0.44248307
21,7,none,random_linear,1234,103,2,2,True,0.21543732,0.06435005,0.66583985,0.054372728
21,7,none,random_linear,1235,103,3,2,False,0.029502926,0.049956836,0.48111868,0.4394216
21,7,none,random_linear,1236,103,1,1,True,0.034071922,0.8286083,0.053965252,0.0833545
21,7,none,random_linear,1237,103,0,0,True,0.6134462,0.0023201024,0.27380073,0.110433
21,7,none,random_linear,1238,103,0,0,True,0.9228569,0.004361001,0.014631951,0.05815011
21,7,none,random_linear,1239,103,1,2,False,0.053247284,0.12705892,0.56600714,0.2536867
21,7,none,random_linear,1240,103,1,3,False,0.012962474,0.4132153,0.02761256,0.54620963
21,7,none,random_linear,1241,103,0,2,False,0.2995683,0.0060912734,0.52261496,0.17172545
21,7,none,random_linear,1242,103,1,1,True,0.0025648607,0.7063266,0.005989404,0.28511918
21,7,none,random_linear,1243,103,0,0,True,0.7775845,0.0009228581,0.21761113,0.0038815257
21,7,none,random_linear,1244,103,0,0,True,0.65593404,0.010807254,0.09235474,0.24090396
21,7,none,random_linear,1245,103,1,3,False,0.03887373,0.35666794,0.079614036,0.5248443
21,7,none,random_linear,1246,103,0,0,True,0.86791384,0.0051879645,0.106951125,0.019947048
21,7,none,random_linear,1247,103,1,0,False,0.4080438,0.103553444,0.22748579,0.26091695
21,7,none,random_linear,1248,103,1,1,True,0.10320244,0.570578,0.28856084,0.03765865
21,7,none,random_linear,1249,103,0,0,True,0.98893356,0.00073143956,0.00700402,0.0033310475
21,7,none,random_linear,1250,103,1,3,False,0.2638228,0.22688521,0.013968588,0.49532336
21,7,none,random_linear,1251,103,3,3,True,0.007268033,0.0037682066,0.009982212,0.97898155
21,7,none,random_linear,1252,103,2,1,False,0.017965185,0.59267014,0.26627785,0.123086885
21,7,none,random_linear,1253,103,3,3,True,0.21240698,0.061454013,0.040084627,0.6860544
21,7,none,random_linear,1254,103,2,0,False,0.58914363,0.032529503,0.06204701,0.31627992
21,7,none,random_linear,1255,103,2,2,True,0.13099012,0.1310922,0.663887,0.074030735
21,7,none,random_linear,1256,103,3,3,True,0.36358556,0.11515838,0.084749386,0.43650663
21,7,none,random_linear,1257,103,2,3,False,0.281681,0.3290519,0.023842601,0.36542445
21,7,none,random_linear,1258,103,3,0,False,0.4190099,0.33624506,0.026753044,0.21799205
21,7,none,random_linear,1259,103,2,2,True,0.06827807,0.007880863,0.9121805,0.011660514
21,7,none,random_linear,1260,103,3,3,True,0.16516235,0.12502691,0.24780317,0.46200758
21,7,none,random_linear,1261,103,3,3,True,0.021016212,0.093801975,0.06319637,0.8219854
21,7,none,random_linear,1262,103,2,2,True,0.018671792,0.10729719,0.8581854,0.015845595
21,7,none,random_linear,1263,103,2,2,True,0.067519456,0.010995942,0.9140933,0.007391168
21,7,none,random_linear,1264,103,3,3,True,0.054356277,0.007217142,0.0019327431,0.9364938
21,7,none,random_linear,1265,103,3,3,True,0.0012744784,0.02919862,0.009720433,0.9598065
21,7,none,random_linear,1266,104,0,0,True,0.5648339,0.2749596,0.07552399,0.08468251
21,7,none,random_linear,1267,104,1,1,True,0.12566765,0.8470929,0.020685427,0.006554012
21,7,none,random_linear,1268,104,1,2,False,0.19526078,0.3157069,0.4412854,0.047746874
21,7,none,random_linear,1269,104,0,1,False,0.22265214,0.44425008,0.101508975,0.23158884
21,7,none,random_linear,1270,104,1,1,True,0.13252294,0.5724957,0.20845392,0.08652736
21,7,none,random_linear,1271,104,0,2,False,0.13247894,0.15956011,0.6700956,0.037865367
21,7,none,random_linear,1272,104,1,0,False,0.4678243,0.43348292,0.059151225,0.039541524
21,7,none,random_linear,1273,104,0,0,True,0.5502875,0.07629869,0.30994448,0.063469276
21,7,none,random_linear,1274,104,0,1,False,0.09598029,0.83210635,0.0678231,0.0040902565
21,7,none,random_linear,1275,104,1,1,True,0.11071363,0.6852625,0.19569555,0.00832829
21,7,none,random_linear,1276,104,0,1,False,0.2771136,0.49155077,0.19551884,0.035816763
21,7,none,random_linear,1277,104,1,3,False,0.02955819,0.3416714,0.21037464,0.41839576
21,7,none,random_linear,1278,104,1,2,False,0.38510713,0.1667326,0.3941593,0.054001004
21,7,none,random_linear,1279,104,0,0,True,0.60206926,0.09370481,0.23714538,0.067080475
21,7,none,random_linear,1280,104,1,1,True,0.00069376547,0.9858969,0.00074457156,0.012664883
21,7,none,random_linear,1281,104,2,2,True,0.23072994,0.18521456,0.48958778,0.09446768
21,7,none,random_linear,1282,104,3,3,True,0.083056875,0.1545421,0.3524609,0.40994015
21,7,none,random_linear,1283,104,3,3,True,0.18246782,0.02704566,0.03412662,0.75635993
21,7,none,random_linear,1284,104,2,1,False,0.018455105,0.77968556,0.19228499,0.009574321
21,7,none,random_linear,1285,104,3,0,False,0.32356608,0.2024936,0.2597724,0.21416797
21,7,none,random_linear,1286,104,2,1,False,0.036027692,0.93851084,0.012050325,0.013411206
21,7,none,random_linear,1287,104,2,1,False,0.05549216,0.4360924,0.36804116,0.14037424
21,7,none,random_linear,1288,104,3,3,True,0.040211555,0.08088806,0.006035359,0.872865
21,7,none,random_linear,1289,104,2,1,False,0.021369219,0.8626125,0.11401507,0.0020032101
21,7,none,random_linear,1290,104,3,1,False,0.12582994,0.46403703,0.14583834,0.26429468
21,7,none,random_linear,1291,104,3,3,True,0.094043285,0.040796325,0.039155673,0.8260047
21,7,none,random_linear,1292,104,2,3,False,0.11124864,0.064645335,0.06641338,0.7576927
21,7,none,random_linear,1293,104,3,3,True,0.23025832,0.15061407,0.02349511,0.5956325
21,7,none,random_linear,1294,104,2,2,True,0.03485701,0.26842713,0.57561725,0.1210986
21,7,none,random_linear,1295,104,3,0,False,0.5596045,0.083299056,0.14297876,0.21411769
21,7,none,random_linear,1296,104,0,3,False,0.3582742,0.12375505,0.02293464,0.49503613
21,7,none,random_linear,1297,104,1,1,True,0.14841264,0.6784798,0.1035538,0.06955375
21,7,none,random_linear,1298,104,1,1,True,0.006579643,0.9842424,0.0015876095,0.0075903134
21,7,none,random_linear,1299,104,0,0,True,0.9498392,0.023120916,0.017710457,0.009329429
21,7,none,random_linear,1300,104,0,0,True,0.96374756,0.005753586,0.0053198226,0.025179045
21,7,none,random_linear,1301,104,1,1,True,0.0059475307,0.95006573,0.023661006,0.02032575
21,7,none,random_linear,1302,104,0,0,True,0.62811774,0.26372758,0.041732877,0.06642176
21,7,none,random_linear,1303,104,1,1,True,0.35505,0.47501886,0.10847721,0.061454006
21,7,none,random_linear,1304,104,0,0,True,0.8414574,0.0909665,0.05852721,0.00904878
21,7,none,random_linear,1305,104,1,1,True,0.20726217,0.71279836,0.040839013,0.039100464
21,7,none,random_linear,1306,104,1,1,True,9.950007e-05,0.96271914,0.03261876,0.0045625977
21,7,none,random_linear,1307,104,0,0,True,0.9667721,0.029516596,0.0026354154,0.0010759191
21,7,none,random_linear,1308,104,3,3,True,0.004923582,0.10433308,0.01753751,0.87320584
21,7,none,random_linear,1309,104,2,1,False,0.092149146,0.49643302,0.19158341,0.21983448
21,7,none,random_linear,1310,104,3,3,True,0.24626216,0.173405,0.040583678,0.53974915
21,7,none,random_linear,1311,104,2,0,False,0.8170189,0.03891492,0.061061867,0.0830042
21,7,none,random_linear,1312,104,3,0,False,0.60559773,0.077932656,0.009554158,0.3069155
21,7,none,random_linear,1313,104,2,1,False,0.15336391,0.42872787,0.40292263,0.014985566
21,7,none,random_linear,1314,104,3,3,True,0.03221305,0.13741453,0.037732705,0.79263973
21,7,none,random_linear,1315,104,2,0,False,0.42501035,0.24208327,0.07820158,0.25470483
21,7,none,random_linear,1316,104,3,1,False,0.08320456,0.5383168,0.26221925,0.11625941
21,7,none,random_linear,1317,104,2,2,True,0.3362118,0.2835599,0.33805844,0.04216983
21,7,none,random_linear,1318,104,2,2,True,0.28531608,0.14608507,0.5091287,0.059470188
21,7,none,random_linear,1319,104,3,3,True,0.26442906,0.12298823,0.25740948,0.35517317
21,7,none,random_linear,1320,104,3,0,False,0.47716942,0.03222638,0.028625155,0.4619791
21,7,none,random_linear,1321,104,2,1,False,0.0919018,0.6647387,0.20047939,0.042880055
21,7,none,random_linear,1322,104,2,2,True,0.15368031,0.017198682,0.82068694,0.008434147
21,7,none,random_linear,1323,104,0,0,True,0.7991139,0.06490146,0.0643358,0.07164876
21,7,none,random_linear,1324,104,1,2,False,0.03395358,0.42569438,0.4978058,0.042546198
21,7,none,random_linear,1325,104,0,2,False,0.33688903,0.03706616,0.5959214,0.030123366
21,7,none,random_linear,1326,104,1,1,True,0.12649006,0.42988852,0.40406042,0.039560944
21,7,none,random_linear,1327,104,0,2,False,0.19754526,0.21648288,0.5376666,0.048305295
21,7,none,random_linear,1328,104,1,3,False,0.011559379,0.28172264,0.093341574,0.6133764
21,7,none,random_linear,1329,104,0,0,True,0.9995703,3.7156973e-05,0.0001123893,0.000280098
21,7,none,random_linear,1330,104,1,2,False,0.1250352,0.24927647,0.46051607,0.1651723
21,7,none,random_linear,1331,104,1,1,True,0.084276125,0.8756201,0.018158259,0.021945488
21,7,none,random_linear,1332,104,0,1,False,0.18251328,0.7957002,0.012205575,0.009580984
21,7,none,random_linear,1333,104,0,0,True,0.6292724,0.0871373,0.23381001,0.049780328
21,7,none,random_linear,1334,104,1,0,False,0.43990993,0.37467363,0.061829276,0.12358716
21,7,none,random_linear,1335,104,1,3,False,0.25711185,0.03925969,0.28918424,0.41444418
21,7,none,random_linear,1336,104,0,0,True,0.6612125,0.012599599,0.31277433,0.013413585
21,7,none,random_linear,1337,104,0,2,False,0.40724728,0.01890875,0.46526662,0.10857743
21,7,none,random_linear,1338,104,2,2,True,0.0056049405,0.016922146,0.9324599,0.045013018
21,7,none,random_linear,1339,104,3,1,False,0.17328475,0.49358746,0.2704689,0.06265887
21,7,none,random_linear,1340,104,2,0,False,0.46674028,0.32290256,0.18724562,0.023111498
21,7,none,random_linear,1341,104,3,3,True,0.03419222,0.057859376,0.029898645,0.87804973
21,7,none,random_linear,1342,104,3,3,True,0.05421632,0.1489793,0.017913723,0.77889067
21,7,none,random_linear,1343,104,2,2,True,0.030082405,0.09219096,0.86634344,0.011383157
21,7,none,random_linear,1344,104,3,3,True,0.015175447,0.01015567,0.011568936,0.9630999
21,7,none,random_linear,1345,104,2,2,True,0.077101804,0.16136749,0.69655514,0.06497552
21,7,none,random_linear,1346,104,3,3,True,0.32013792,0.06389578,0.11799809,0.4979682
21,7,none,random_linear,1347,104,2,2,True,0.18527772,0.1093889,0.68954307,0.015790282
21,7,none,random_linear,1348,104,3,3,True,0.0072440254,0.27998826,0.098502725,0.614265
21,7,none,random_linear,1349,104,2,1,False,0.008456531,0.85934967,0.08518835,0.047005445
21,7,none,random_linear,1350,104,2,2,True,0.07118961,0.3591538,0.38941216,0.18024445
21,7,none,random_linear,1351,104,3,3,True,0.31998265,0.061509717,0.21280369,0.40570396
21,7,none,random_linear,1352,104,3,3,True,0.09806974,0.11270937,0.28953868,0.49968222
21,7,none,random_linear,1353,105,0,0,True,0.98763895,0.00048230973,0.006106338,0.0057722954
21,7,none,random_linear,1354,105,1,1,True,0.0006335459,0.9835253,0.011115891,0.0047252746
21,7,none,random_linear,1355,105,1,1,True,0.00043540756,0.97807515,0.012052509,0.009436992
21,7,none,random_linear,1356,105,0,0,True,0.9537798,0.00075568614,0.010543729,0.034920838
21,7,none,random_linear,1357,105,1,1,True,0.00018573223,0.9144116,0.081329666,0.0040730177
21,7,none,random_linear,1358,105,0,0,True,0.9995764,2.453442e-06,0.00027629946,0.00014482973
21,7,none,random_linear,1359,105,1,1,True,0.0010272968,0.98598206,0.0035734328,0.009417309
21,7,none,random_linear,1360,105,0,0,True,0.9727788,0.00034039372,0.0018328563,0.02504801
21,7,none,random_linear,1361,105,0,0,True,0.98187953,0.0003506731,0.014399374,0.003370394
21,7,none,random_linear,1362,105,1,1,True,0.01171837,0.5119299,0.004835098,0.47151664
21,7,none,random_linear,1363,105,1,1,True,0.000121801684,0.96928173,0.0048867417,0.02570972
21,7,none,random_linear,1364,105,0,0,True,0.9987871,0.0001039226,0.00020691242,0.0009020832
21,7,none,random_linear,1365,105,1,2,False,0.027484016,0.27235636,0.42881748,0.27134213
21,7,none,random_linear,1366,105,0,0,True,0.9738888,7.704196e-05,0.017551076,0.008483079
21,7,none,random_linear,1367,105,0,0,True,0.92584574,0.006095155,0.04517357,0.02288557
21,7,none,random_linear,1368,105,3,3,True,0.013843919,0.0043282574,0.0054551535,0.97637266
21,7,none,random_linear,1369,105,2,3,False,0.034381825,0.048616428,0.27960446,0.6373972
21,7,none,random_linear,1370,105,2,3,False,0.007770744,0.016836599,0.24302505,0.7323676
21,7,none,random_linear,1371,105,3,3,True,0.003159079,0.0116395,0.09455506,0.89064634
21,7,none,random_linear,1372,105,3,3,True,0.07821913,0.0072191874,0.19248593,0.72207576
21,7,none,random_linear,1373,105,2,3,False,0.013776844,0.008057228,0.4540583,0.52410764
21,7,none,random_linear,1374,105,3,3,True,0.0023368534,0.007132232,0.013215654,0.9773153
21,7,none,random_linear,1375,105,2,2,True,0.014304778,0.026791945,0.91131884,0.047584392
21,7,none,random_linear,1376,105,3,3,True,0.022769367,0.20730972,0.13667889,0.633242
21,7,none,random_linear,1377,105,2,2,True,0.022823004,0.050449416,0.8231348,0.103592746
21,7,none,random_linear,1378,105,3,2,False,0.035532072,0.010074376,0.9129607,0.041432872
21,7,none,random_linear,1379,105,2,3,False,0.0007177539,0.0075837504,0.083431914,0.9082666
21,7,none,random_linear,1380,105,3,3,True,0.0019430191,0.0006014487,0.021963093,0.9754925
21,7,none,random_linear,1381,105,2,2,True,0.006887458,0.0053115184,0.96364456,0.024156408
21,7,none,random_linear,1382,105,2,3,False,0.0028374873,0.015579858,0.40507165,0.57651097
21,7,none,random_linear,1383,105,1,1,True,8.9561814e-05,0.98788226,0.0106549235,0.0013732263
21,7,none,random_linear,1384,105,0,2,False,0.060381796,0.0008067933,0.7612992,0.17751223
21,7,none,random_linear,1385,105,1,1,True,0.00028077513,0.84271675,0.1317841,0.025218423
21,7,none,random_linear,1386,105,0,3,False,0.10469486,0.00036259912,0.08441246,0.8105301
21,7,none,random_linear,1387,105,0,2,False,0.2946182,0.00019993687,0.625006,0.080175824
21,7,none,random_linear,1388,105,1,1,True,0.00906644,0.92701346,0.0510721,0.012847926
21,7,none,random_linear,1389,105,1,1,True,0.000424379,0.953823,0.045024477,0.00072818756
21,7,none,random_linear,1390,105,0,0,True,0.9744347,0.0017582772,0.019808229,0.0039988845
21,7,none,random_linear,1391,105,0,0,True,0.9061284,0.009869466,0.07359043,0.010411764
21,7,none,random_linear,1392,105,1,1,True,0.0010434939,0.84713817,0.14030135,0.0115169585
21,7,none,random_linear,1393,105,0,0,True,0.94038093,0.0012227406,0.020588974,0.037807383
21,7,none,random_linear,1394,105,1,1,True,0.0012303216,0.9839326,0.01411858,0.000718488
21,7,none,random_linear,1395,105,0,2,False,0.16950913,0.0016254776,0.8231183,0.0057471083
21,7,none,random_linear,1396,105,1,1,True,3.701051e-05,0.9896785,0.010017533,0.00026691085
21,7,none,random_linear,1397,105,1,1,True,0.003813697,0.6939903,0.21918054,0.08301547
21,7,none,random_linear,1398,105,3,2,False,0.007471362,0.004769509,0.85172594,0.13603312
21,7,none,random_linear,1399,105,2,2,True,0.004133967,0.0072584143,0.9116099,0.076997764
21,7,none,random_linear,1400,105,3,3,True,0.012781759,0.011532583,0.4079416,0.5677441
21,7,none,random_linear,1401,105,2,2,True,0.0046109487,0.0031194135,0.97507393,0.017195696
21,7,none,random_linear,1402,105,3,2,False,0.0022227385,0.007627159,0.8727756,0.11737456
21,7,none,random_linear,1403,105,2,2,True,0.0027056239,0.0036186508,0.9549508,0.0387248
21,7,none,random_linear,1404,105,3,2,False,0.0070748418,0.02437708,0.83867896,0.1298691
21,7,none,random_linear,1405,105,2,3,False,0.12363941,0.021075772,0.09628471,0.7590002
21,7,none,random_linear,1406,105,3,2,False,0.0056343586,0.00121259,0.52472043,0.4684326
21,7,none,random_linear,1407,105,2,2,True,0.004101,0.10985317,0.7454647,0.14058116
21,7,none,random_linear,1408,105,2,3,False,0.012777104,0.08710698,0.30257216,0.5975437
21,7,none,random_linear,1409,105,3,3,True,0.033334017,0.22163308,0.20573445,0.5392985
21,7,none,random_linear,1410,105,3,3,True,0.007438676,0.015638888,0.04549028,0.9314321
21,7,none,random_linear,1411,105,2,2,True,0.0039669843,0.015656522,0.88618135,0.09419514
21,7,none,random_linear,1412,105,2,2,True,0.008325626,0.030977013,0.9341963,0.026501073
21,7,none,random_linear,1413,105,1,3,False,0.0008550903,0.268929,0.024617936,0.705598
21,7,none,random_linear,1414,105,0,0,True,0.92655283,0.0051228623,0.063778415,0.004545962
21,7,none,random_linear,1415,105,1,1,True,0.001707614,0.8001923,0.10199691,0.096103184
21,7,none,random_linear,1416,105,0,2,False,0.24182963,0.028416524,0.59105724,0.1386966
21,7,none,random_linear,1417,105,1,1,True,0.00042280485,0.8237332,0.12003422,0.055809807
21,7,none,random_linear,1418,105,0,2,False,0.16432968,0.001442381,0.7891033,0.04512463
21,7,none,random_linear,1419,105,1,2,False,0.0116662765,0.22040911,0.5236864,0.24423824
21,7,none,random_linear,1420,105,0,0,True,0.6603527,0.010192163,0.24272121,0.08673388
21,7,none,random_linear,1421,105,0,2,False,0.24713475,0.030461865,0.4530559,0.26934746
21,7,none,random_linear,1422,105,1,1,True,0.010242684,0.8788657,0.10157303,0.009318656
21,7,none,random_linear,1423,105,1,1,True,0.0002154792,0.98737633,0.004883988,0.0075241164
21,7,none,random_linear,1424,105,0,0,True,0.8403949,0.0023738812,0.08848636,0.06874488
21,7,none,random_linear,1425,105,1,2,False,0.00036415693,0.43859026,0.5348363,0.026209364
21,7,none,random_linear,1426,105,0,2,False,0.01116916,0.0004325713,0.9780939,0.010304341
21,7,none,random_linear,1427,105,0,3,False,0.19672999,0.003522274,0.31143308,0.48831472
21,7,none,random_linear,1428,105,2,3,False,0.008770831,0.027065098,0.18471184,0.7794522
21,7,none,random_linear,1429,105,3,3,True,0.01315078,0.011099713,0.26901305,0.70673645
21,7,none,random_linear,1430,105,3,3,True,0.012929436,0.01259466,0.12196072,0.8525152
21,7,none,random_linear,1431,105,2,2,True,0.0024077443,0.0065162415,0.6831718,0.30790418
21,7,none,random_linear,1432,105,3,2,False,0.0195985,0.023537735,0.49806175,0.45880204
21,7,none,random_linear,1433,105,2,2,True,0.010725592,0.02258685,0.9000492,0.06663825
21,7,none,random_linear,1434,105,3,2,False,0.024005735,0.05793421,0.572533,0.34552702
21,7,none,random_linear,1435,105,2,2,True,0.04357637,0.030853106,0.7816485,0.14392199
21,7,none,random_linear,1436,105,3,3,True,0.0021043902,0.025085423,0.24047996,0.7323302
21,7,none,random_linear,1437,105,2,2,True,0.0009829326,0.004730356,0.98948014,0.004806528
21,7,none,random_linear,1438,105,2,2,True,0.0058113327,0.049399182,0.7214308,0.2233588
21,7,none,random_linear,1439,105,3,2,False,0.014495836,0.026908463,0.5493291,0.4092666
21,7,none,random_linear,1440,105,2,2,True,0.009599232,0.013864349,0.7154528,0.26108363
21,7,none,random_linear,1441,105,3,2,False,0.0025900435,0.0040775267,0.87512493,0.118207514
21,7,none,random_linear,1442,105,2,3,False,0.02613242,0.0077806073,0.32115427,0.6449327
21,7,none,random_linear,1443,106,0,2,False,0.004729893,0.0034064015,0.7528363,0.23902743
21,7,none,random_linear,1444,106,1,2,False,0.0146843055,0.1145398,0.7761966,0.09457931
21,7,none,random_linear,1445,106,0,2,False,0.009768645,0.0067157964,0.9402711,0.0432444
21,7,none,random_linear,1446,106,1,2,False,0.02449649,0.017286006,0.68542904,0.27278852
21,7,none,random_linear,1447,106,0,2,False,0.010178534,0.0020183404,0.9854048,0.0023984094
21,7,none,random_linear,1448,106,1,2,False,0.005054567,0.0037502223,0.8582479,0.13294739
21,7,none,random_linear,1449,106,0,2,False,0.09379019,0.09069627,0.43688065,0.37863293
21,7,none,random_linear,1450,106,1,3,False,0.030673461,0.1830936,0.08554001,0.7006929
21,7,none,random_linear,1451,106,0,0,True,0.3901907,0.27187753,0.20411387,0.13381791
21,7,none,random_linear,1452,106,1,2,False,0.00712077,0.027024044,0.94526523,0.02058989
21,7,none,random_linear,1453,106,0,2,False,0.017235592,0.3489117,0.3640553,0.26979744
21,7,none,random_linear,1454,106,1,2,False,0.003281904,0.16340385,0.8320351,0.0012790799
21,7,none,random_linear,1455,106,1,1,True,0.015544438,0.5880574,0.13092081,0.26547733
21,7,none,random_linear,1456,106,0,0,True,0.7738816,0.0044043255,0.16660318,0.05511089
21,7,none,random_linear,1457,106,0,0,True,0.94329053,0.0012226268,0.053691845,0.0017950776
21,7,none,random_linear,1458,106,3,2,False,0.007971133,0.0057002925,0.77950937,0.2068192
21,7,none,random_linear,1459,106,2,3,False,0.0067688664,0.0429458,0.4086345,0.54165083
21,7,none,random_linear,1460,106,3,2,False,0.055730503,0.058993068,0.65528107,0.22999534
21,7,none,random_linear,1461,106,2,2,True,0.11708949,0.3722212,0.4471065,0.06358285
21,7,none,random_linear,1462,106,2,2,True,0.010582238,0.02962331,0.8084703,0.15132408
21,7,none,random_linear,1463,106,3,1,False,0.052082565,0.42324647,0.26504228,0.2596287
21,7,none,random_linear,1464,106,3,3,True,0.035247155,0.10171838,0.13720264,0.7258318
21,7,none,random_linear,1465,106,2,2,True,0.092803776,0.0134925945,0.8407838,0.052919794
21,7,none,random_linear,1466,106,3,1,False,0.040454105,0.8018832,0.103380345,0.054282304
21,7,none,random_linear,1467,106,2,2,True,0.033835053,0.033217553,0.9186744,0.014273081
21,7,none,random_linear,1468,106,3,2,False,0.12310165,0.025259014,0.7197147,0.13192469
21,7,none,random_linear,1469,106,2,1,False,0.13031898,0.50898695,0.30224,0.05845399
21,7,none,random_linear,1470,106,3,3,True,0.046683032,0.020064957,0.16938823,0.76386374
21,7,none,random_linear,1471,106,2,3,False,0.38787642,0.028378054,0.081170976,0.5025745
21,7,none,random_linear,1472,106,3,3,True,0.20325924,0.013488953,0.06988508,0.71336675
21,7,none,random_linear,1473,106,1,1,True,0.00021156945,0.99658906,0.0013202332,0.0018790826
21,7,none,random_linear,1474,106,0,3,False,0.3334378,0.005545894,0.034100614,0.62691563
21,7,none,random_linear,1475,106,1,2,False,0.02049684,0.14462276,0.8146707,0.020209713
21,7,none,random_linear,1476,106,0,2,False,0.045962546,0.12659377,0.8157003,0.011743356
21,7,none,random_linear,1477,106,0,3,False,0.10794304,0.093279384,0.18918492,0.6095926
21,7,none,random_linear,1478,106,1,3,False,0.019997008,0.050044443,0.28992248,0.6400361
21,7,none,random_linear,1479,106,1,1,True,0.0007298526,0.99050224,0.0015171405,0.007250809
21,7,none,random_linear,1480,106,0,2,False,0.13991517,0.056649074,0.74530834,0.05812739
21,7,none,random_linear,1481,106,0,3,False,0.04283146,0.22225128,0.32890275,0.40601447
21,7,none,random_linear,1482,106,1,2,False,0.14080289,0.36802924,0.48307705,0.008090754
21,7,none,random_linear,1483,106,1,1,True,0.0012264547,0.9729524,0.024211368,0.0016097623
21,7,none,random_linear,1484,106,0,0,True,0.853184,0.041291278,0.070629686,0.03489499
21,7,none,random_linear,1485,106,0,2,False,0.031148538,0.21876189,0.4423575,0.3077321
21,7,none,random_linear,1486,106,1,1,True,0.004109122,0.96268535,0.031206664,0.0019988844
21,7,none,random_linear,1487,106,0,2,False,0.025642391,0.28035405,0.535675,0.15832853
21,7,none,random_linear,1488,106,2,2,True,0.006694869,0.0039085946,0.98703337,0.00236318
21,7,none,random_linear,1489,106,3,3,True,0.20605844,0.037008792,0.08340589,0.67352694
21,7,none,random_linear,1490,106,2,2,True,0.048630152,0.26776275,0.53453285,0.14907429
21,7,none,random_linear,1491,106,3,2,False,0.036543325,0.00091359124,0.75518996,0.20735316
21,7,none,random_linear,1492,106,3,2,False,0.29717538,0.08311387,0.45548278,0.16422799
21,7,none,random_linear,1493,106,2,2,True,0.29956126,0.042727765,0.6335319,0.024179013
21,7,none,random_linear,1494,106,2,2,True,0.03984803,0.16087943,0.7839213,0.015351269
21,7,none,random_linear,1495,106,3,0,False,0.71151406,0.028929906,0.20910427,0.050451733
21,7,none,random_linear,1496,106,2,2,True,0.03319337,0.15542798,0.8098458,0.0015328747
21,7,none,random_linear,1497,106,3,2,False,0.07131992,0.013677906,0.91281664,0.0021854718
21,7,none,random_linear,1498,106,3,2,False,0.09373331,0.1389545,0.6387264,0.12858576
21,7,none,random_linear,1499,106,2,2,True,0.15388761,0.06519785,0.7166356,0.064278945
21,7,none,random_linear,1500,106,2,2,True,0.0037110145,0.033875175,0.7935767,0.16883706
21,7,none,random_linear,1501,106,3,3,True,0.007851389,0.0068504056,0.07822981,0.90706843
21,7,none,random_linear,1502,106,2,2,True,0.08619325,0.012004893,0.8981712,0.0036307012
21,7,none,random_linear,1503,106,1,1,True,0.009686826,0.86819524,0.117697,0.0044209952
21,7,none,random_linear,1504,106,0,2,False,0.19513893,0.22562568,0.4968878,0.08234759
21,7,none,random_linear,1505,106,0,2,False,0.030920995,0.0031451823,0.7863376,0.17959623
21,7,none,random_linear,1506,106,1,2,False,0.22981077,0.017581498,0.73266804,0.01993975
21,7,none,random_linear,1507,106,0,0,True,0.5192326,0.07382957,0.3299457,0.076992214
21,7,none,random_linear,1508,106,1,1,True,0.0026577797,0.5955288,0.087500095,0.3143133
21,7,none,random_linear,1509,106,0,0,True,0.4099922,0.12524696,0.38448054,0.080280274
21,7,none,random_linear,1510,106,1,2,False,0.10576298,0.045798533,0.83338183,0.015056582
21,7,none,random_linear,1511,106,1,1,True,0.0021019795,0.92970484,0.044699404,0.02349375
21,7,none,random_linear,1512,106,0,0,True,0.8743013,0.029613921,0.061626382,0.034458395
21,7,none,random_linear,1513,106,0,0,True,0.81903297,0.008863547,0.16838883,0.003714658
21,7,none,random_linear,1514,106,1,2,False,0.013673495,0.011103446,0.9685859,0.006637095
21,7,none,random_linear,1515,106,1,3,False,0.021034563,0.23271947,0.23400003,0.51224595
21,7,none,random_linear,1516,106,0,2,False,0.45888,0.00090268516,0.47068197,0.06953534
21,7,none,random_linear,1517,106,0,0,True,0.5707309,0.11884176,0.10737691,0.20305045
21,7,none,random_linear,1518,106,2,2,True,0.027420424,0.35505626,0.5954789,0.022044385
21,7,none,random_linear,1519,106,3,1,False,0.122851126,0.32828528,0.23926133,0.30960226
21,7,none,random_linear,1520,106,2,2,True,0.0859054,0.13456471,0.47098053,0.30854937
21,7,none,random_linear,1521,106,3,2,False,0.040911045,0.028013123,0.79635924,0.13471657
21,7,none,random_linear,1522,106,2,2,True,0.31010228,0.20305918,0.44670278,0.04013582
21,7,none,random_linear,1523,106,3,2,False,0.15904127,0.038199596,0.6024146,0.20034452
21,7,none,random_linear,1524,106,2,2,True,0.047681168,0.026277022,0.89256966,0.033472102
21,7,none,random_linear,1525,106,3,2,False,0.041597787,0.31470343,0.55328655,0.09041219
21,7,none,random_linear,1526,106,2,2,True,0.0011149436,0.003180515,0.9371021,0.05860248
21,7,none,random_linear,1527,106,3,2,False,0.12420343,0.027796458,0.83787376,0.01012634
21,7,none,random_linear,1528,106,3,0,False,0.7449044,0.00883903,0.12514701,0.12110963
21,7,none,random_linear,1529,106,2,3,False,0.04845693,0.006060201,0.47198096,0.47350186
21,7,none,random_linear,1530,106,3,2,False,0.4365684,0.028076727,0.5170443,0.018310517
21,7,none,random_linear,1531,106,2,2,True,0.0056864237,0.008241457,0.9815745,0.0044976193
21,7,none,random_linear,1532,106,2,2,True,0.47953987,0.002450904,0.50879025,0.009218955
21,7,none,random_linear,1533,107,1,1,True,0.0037626096,0.95399374,0.004873006,0.037370637
21,7,none,random_linear,1534,107,0,0,True,0.40566018,0.2609245,0.14616884,0.1872465
21,7,none,random_linear,1535,107,0,0,True,0.9809497,0.010933797,0.0058032884,0.0023131135
21,7,none,random_linear,1536,107,1,1,True,0.0005232393,0.9736043,0.00014544977,0.025727015
21,7,none,random_linear,1537,107,0,0,True,0.90287995,0.08767105,0.0021285063,0.007320497
21,7,none,random_linear,1538,107,1,1,True,0.002822017,0.97884357,0.004734685,0.013599762
21,7,none,random_linear,1539,107,0,0,True,0.9687818,0.020403579,0.004432161,0.0063824025
21,7,none,random_linear,1540,107,1,1,True,0.021039529,0.97244805,0.004189922,0.0023226044
21,7,none,random_linear,1541,107,0,0,True,0.9874923,0.0006126262,0.0002646959,0.011630355
21,7,none,random_linear,1542,107,1,1,True,0.036557317,0.90818745,0.006544617,0.048710596
21,7,none,random_linear,1543,107,0,0,True,0.93529534,0.011455571,0.0074247494,0.04582438
21,7,none,random_linear,1544,107,1,3,False,0.073220074,0.38986453,0.05575494,0.48116043
21,7,none,random_linear,1545,107,0,0,True,0.9814998,0.0003047446,0.0008853612,0.01731005
21,7,none,random_linear,1546,107,1,3,False,0.007389635,0.3722976,0.010803086,0.6095097
21,7,none,random_linear,1547,107,0,0,True,0.9981172,0.00045595656,0.00045043012,0.00097644085
21,7,none,random_linear,1548,107,3,1,False,0.08850079,0.5085516,0.03364571,0.36930192
21,7,none,random_linear,1549,107,2,1,False,0.066211455,0.46512592,0.2964791,0.17218357
21,7,none,random_linear,1550,107,3,3,True,0.19559658,0.18661998,0.024768613,0.5930148
21,7,none,random_linear,1551,107,2,1,False,0.039556716,0.7829626,0.0191684,0.15831226
21,7,none,random_linear,1552,107,3,0,False,0.94194,0.029232902,0.008099666,0.020727355
21,7,none,random_linear,1553,107,2,0,False,0.3795326,0.08293961,0.26096785,0.27655998
21,7,none,random_linear,1554,107,2,0,False,0.79823405,0.03018868,0.0012711071,0.17030618
21,7,none,random_linear,1555,107,3,0,False,0.56538576,0.0057158703,5.554657e-05,0.4288428
21,7,none,random_linear,1556,107,3,0,False,0.94848126,0.005546177,0.03818175,0.0077908146
21,7,none,random_linear,1557,107,2,1,False,0.25263643,0.4288486,0.20201759,0.11649735
21,7,none,random_linear,1558,107,2,1,False,0.060154773,0.91293013,0.009013059,0.017902065
21,7,none,random_linear,1559,107,3,0,False,0.88834745,0.06757101,0.0015871106,0.04249442
21,7,none,random_linear,1560,107,2,3,False,0.30099973,0.19405274,0.028367467,0.47658008
21,7,none,random_linear,1561,107,3,3,True,0.1128968,0.3302925,0.02267038,0.5341403
21,7,none,random_linear,1562,107,3,3,True,0.36848217,0.012601602,0.041271612,0.57764465
21,7,none,random_linear,1563,107,1,1,True,0.11473831,0.6445762,0.005182124,0.23550335
21,7,none,random_linear,1564,107,0,0,True,0.9786501,0.013694605,0.0010922285,0.0065630465
21,7,none,random_linear,1565,107,1,1,True,0.063680165,0.87163335,0.015218823,0.04946764
21,7,none,random_linear,1566,107,0,0,True,0.9342697,0.036573462,0.0005351135,0.02862166
21,7,none,random_linear,1567,107,1,1,True,0.001134113,0.99816185,0.00015352329,0.00055051834
21,7,none,random_linear,1568,107,0,0,True,0.85052973,0.06946306,0.010504553,0.06950264
21,7,none,random_linear,1569,107,0,3,False,0.3186828,0.097501285,0.009698512,0.5741174
21,7,none,random_linear,1570,107,1,0,False,0.4371026,0.086014226,0.14374553,0.33313766
21,7,none,random_linear,1571,107,0,0,True,0.99559754,0.0029941034,0.0011303632,0.00027802886
21,7,none,random_linear,1572,107,1,0,False,0.61886525,0.25537547,0.028377289,0.09738195
21,7,none,random_linear,1573,107,0,0,True,0.55057335,0.20243815,0.034471795,0.21251674
21,7,none,random_linear,1574,107,1,3,False,0.0592569,0.091801785,0.3741477,0.4747936
21,7,none,random_linear,1575,107,1,2,False,0.1208386,0.15418899,0.65342087,0.07155157
21,7,none,random_linear,1576,107,0,1,False,0.110557936,0.83056027,0.012850665,0.046031214
21,7,none,random_linear,1577,107,0,0,True,0.7464735,0.028888958,0.012667436,0.21197014
21,7,none,random_linear,1578,107,3,0,False,0.54653156,0.076088734,0.07132904,0.30605066
21,7,none,random_linear,1579,107,2,3,False,0.120034985,0.009005038,0.013344531,0.8576155
21,7,none,random_linear,1580,107,3,0,False,0.9058133,0.031138156,0.008484814,0.05456369
21,7,none,random_linear,1581,107,2,3,False,0.19196858,0.09887917,0.14579104,0.5633612
21,7,none,random_linear,1582,107,2,0,False,0.5103027,0.19880448,0.05213058,0.23876227
21,7,none,random_linear,1583,107,3,0,False,0.5904994,0.0055599976,0.025480943,0.37845966
21,7,none,random_linear,1584,107,3,0,False,0.9338746,0.009222964,0.004655071,0.052247327
21,7,none,random_linear,1585,107,2,0,False,0.77189696,0.11597621,0.09968073,0.012446093
21,7,none,random_linear,1586,107,2,0,False,0.60636103,0.16474967,0.0019667363,0.22692251
21,7,none,random_linear,1587,107,3,3,True,0.07664918,0.1671154,0.007148107,0.74908733
21,7,none,random_linear,1588,107,2,2,True,0.31708494,0.19753084,0.41156462,0.07381963
21,7,none,random_linear,1589,107,3,3,True,0.037481725,0.3683142,0.11862075,0.47558329
21,7,none,random_linear,1590,107,3,0,False,0.50090754,0.22332077,0.013887557,0.26188418
21,7,none,random_linear,1591,107,2,3,False,0.04203041,0.04824451,0.0016282025,0.9080969
21,7,none,random_linear,1592,107,2,3,False,0.10554766,0.04692249,0.019765798,0.82776403
21,7,none,random_linear,1593,107,0,0,True,0.9870018,0.0026714313,0.00075873284,0.009567942
21,7,none,random_linear,1594,107,1,1,True,0.05270737,0.74352944,0.0015815906,0.20218155
21,7,none,random_linear,1595,107,1,3,False,0.17768279,0.33156773,0.050440397,0.4403091
21,7,none,random_linear,1596,107,0,0,True,0.9087224,0.059629027,0.005434935,0.026213683
21,7,none,random_linear,1597,107,1,1,True,0.1399066,0.740452,0.06881571,0.050825708
21,7,none,random_linear,1598,107,0,0,True,0.64124453,0.3270082,0.017958404,0.0137888
21,7,none,random_linear,1599,107,1,3,False,0.05268563,0.10928082,0.0021263037,0.8359072
21,7,none,random_linear,1600,107,0,1,False,0.16320474,0.6841243,0.05410088,0.098570146
21,7,none,random_linear,1601,107,1,1,True,0.08356556,0.8060612,0.014319553,0.096053734
21,7,none,random_linear,1602,107,0,3,False,0.011344733,0.17615873,0.0095789125,0.80291766
21,7,none,random_linear,1603,107,0,0,True,0.96797544,0.016342914,0.0004741456,0.015207513
21,7,none,random_linear,1604,107,1,1,True,0.21700376,0.77419823,0.005652329,0.0031456575
21,7,none,random_linear,1605,107,0,3,False,0.38410968,0.14408252,0.048294462,0.42351332
21,7,none,random_linear,1606,107,1,3,False,0.09908864,0.27734566,0.28159037,0.3419753
21,7,none,random_linear,1607,107,0,1,False,0.025515564,0.7922586,0.0019164204,0.18030946
21,7,none,random_linear,1608,107,3,0,False,0.70818806,0.04489571,0.21337794,0.03353833
21,7,none,random_linear,1609,107,2,3,False,0.07786751,0.14783373,0.027963854,0.7463349
21,7,none,random_linear,1610,107,2,0,False,0.8594503,0.025853196,0.04566661,0.06902996
21,7,none,random_linear,1611,107,3,3,True,0.121387914,0.00804433,0.0054145907,0.86515313
21,7,none,random_linear,1612,107,2,0,False,0.76073563,0.22745559,0.0031192994,0.008689518
21,7,none,random_linear,1613,107,3,0,False,0.92951673,0.04151445,0.0049451264,0.024023725
21,7,none,random_linear,1614,107,3,1,False,0.06788519,0.7422624,0.026163185,0.16368917
21,7,none,random_linear,1615,107,2,0,False,0.28751,0.24994093,0.17538184,0.28716722
21,7,none,random_linear,1616,107,2,0,False,0.7748847,0.014289433,0.10802871,0.10279717
21,7,none,random_linear,1617,107,3,1,False,0.015803533,0.6027001,0.014700438,0.3667959
21,7,none,random_linear,1618,107,2,0,False,0.53459805,0.096229054,0.1745765,0.19459635
21,7,none,random_linear,1619,107,3,3,True,0.02871711,0.27672276,0.052194122,0.642366
21,7,none,random_linear,1620,107,2,3,False,0.04004858,0.123876005,0.026482128,0.80959326
21,7,none,random_linear,1621,107,3,1,False,0.002662289,0.73686016,0.026967723,0.23350987
21,7,none,random_linear,1622,107,3,0,False,0.41541353,0.15628873,0.080618404,0.34767932
21,7,none,random_linear,1623,108,0,0,True,0.9490261,0.00013169741,0.00056634756,0.05027587
21,7,none,random_linear,1624,108,1,1,True,8.607524e-05,0.99619436,0.0002148759,0.0035047315
21,7,none,random_linear,1625,108,0,3,False,0.16582209,0.0039612134,0.0022903364,0.8279264
21,7,none,random_linear,1626,108,1,0,False,0.41500872,0.2444058,0.0054862155,0.33509925
21,7,none,random_linear,1627,108,0,0,True,0.9933373,0.00025708065,0.00027312175,0.006132602
21,7,none,random_linear,1628,108,1,1,True,0.00038188914,0.99424523,2.8972008e-05,0.0053439187
21,7,none,random_linear,1629,108,1,1,True,0.00016677244,0.9816285,7.07559e-05,0.01813398
21,7,none,random_linear,1630,108,0,0,True,0.93863857,0.0006807903,0.0005346424,0.060146105
21,7,none,random_linear,1631,108,0,0,True,0.9994142,9.717644e-06,1.972433e-05,0.0005562686
21,7,none,random_linear,1632,108,1,1,True,0.017592618,0.73805386,0.0021247154,0.2422288
21,7,none,random_linear,1633,108,0,0,True,0.99859434,0.00020052088,0.0006323046,0.00057281944
21,7,none,random_linear,1634,108,1,3,False,0.099787615,0.28797615,0.0074195364,0.6048167
21,7,none,random_linear,1635,108,0,3,False,0.36093748,0.10166266,0.17439367,0.3630062
21,7,none,random_linear,1636,108,1,1,True,0.043181803,0.8823162,0.028689044,0.045812912
21,7,none,random_linear,1637,108,1,1,True,0.00046940582,0.8466511,0.00055331684,0.15232617
21,7,none,random_linear,1638,108,2,1,False,0.025762502,0.54469126,0.25483853,0.17470773
21,7,none,random_linear,1639,108,3,3,True,0.0003789925,0.0075847385,0.00454734,0.9874889
21,7,none,random_linear,1640,108,2,3,False,0.027661966,0.090003915,0.061730653,0.82060343
21,7,none,random_linear,1641,108,3,3,True,0.0013653233,0.016519895,0.0055154213,0.9765994
21,7,none,random_linear,1642,108,3,3,True,0.0029773992,0.008619187,0.0028866543,0.9855167
21,7,none,random_linear,1643,108,2,1,False,0.14476913,0.42111647,0.31643364,0.117680736
21,7,none,random_linear,1644,108,2,3,False,0.16436735,0.0057833153,0.048199758,0.78164953
21,7,none,random_linear,1645,108,3,3,True,0.00905814,0.00999419,0.0016790619,0.9792686
21,7,none,random_linear,1646,108,2,1,False,0.10561931,0.87588894,0.0020271232,0.016464679
21,7,none,random_linear,1647,108,3,3,True,0.05303406,0.041272588,0.0062487996,0.8994445
21,7,none,random_linear,1648,108,3,3,True,0.012202546,0.023750272,0.009155785,0.9548914
21,7,none,random_linear,1649,108,2,1,False,0.06642149,0.5068173,0.10467967,0.32208157
21,7,none,random_linear,1650,108,3,3,True,0.053015012,0.0022200998,0.006437313,0.93832755
21,7,none,random_linear,1651,108,2,3,False,0.0521763,0.13519767,0.32323518,0.48939082
21,7,none,random_linear,1652,108,3,3,True,0.04027614,0.007897151,0.036046043,0.9157807
21,7,none,random_linear,1653,108,1,1,True,0.00076557684,0.6454964,0.31301066,0.040727355
21,7,none,random_linear,1654,108,0,3,False,0.10556407,0.3229683,0.07216532,0.4993023
21,7,none,random_linear,1655,108,1,1,True,0.014593594,0.571467,0.22846504,0.18547438
21,7,none,random_linear,1656,108,0,0,True,0.9113188,0.00053344725,0.0026686268,0.08547928
21,7,none,random_linear,1657,108,0,0,True,0.78251946,0.005353683,0.0005477663,0.21157913
21,7,none,random_linear,1658,108,1,1,True,0.0062198723,0.83640206,0.003924424,0.15345356
21,7,none,random_linear,1659,108,1,1,True,0.0084189,0.9331444,0.00550889,0.052927777
21,7,none,random_linear,1660,108,0,0,True,0.9916944,0.0011171174,0.0014201478,0.0057682944
21,7,none,random_linear,1661,108,0,0,True,0.990325,0.00049467955,0.0023298606,0.0068505746
21,7,none,random_linear,1662,108,1,1,True,0.00023055477,0.99698025,0.0019444203,0.0008447828
21,7,none,random_linear,1663,108,1,1,True,0.0012984253,0.95588666,0.0031032385,0.039711624
21,7,none,random_linear,1664,108,0,0,True,0.6686358,0.0016467602,0.013070239,0.31664726
21,7,none,random_linear,1665,108,1,1,True,0.019130806,0.6197347,0.30126166,0.059872866
21,7,none,random_linear,1666,108,0,0,True,0.9358979,0.0018917422,0.0055626514,0.05664777
21,7,none,random_linear,1667,108,1,1,True,0.3371056,0.47776258,0.0053900117,0.1797418
21,7,none,random_linear,1668,108,3,3,True,0.0011737386,0.0027470633,0.001768572,0.9943106
21,7,none,random_linear,1669,108,2,3,False,0.15467766,0.13374752,0.12884723,0.5827277
21,7,none,random_linear,1670,108,3,3,True,0.0151946265,0.002227866,0.0030573155,0.9795202
21,7,none,random_linear,1671,108,2,2,True,0.03905394,0.038453165,0.8638525,0.0586404
21,7,none,random_linear,1672,108,2,3,False,0.034584407,0.116867736,0.15002584,0.69852203
21,7,none,random_linear,1673,108,3,3,True,0.0025802022,0.02099532,0.003010712,0.97341377
21,7,none,random_linear,1674,108,2,2,True,0.030401396,0.14326058,0.78313416,0.04320385
21,7,none,random_linear,1675,108,3,1,False,0.04426526,0.48677057,0.261452,0.20751218
21,7,none,random_linear,1676,108,2,1,False,0.026231067,0.88844067,0.06370376,0.021624519
21,7,none,random_linear,1677,108,3,3,True,0.057335913,0.40107885,0.08377423,0.457811
21,7,none,random_linear,1678,108,2,3,False,0.15202059,0.27230978,0.26476192,0.31090766
21,7,none,random_linear,1679,108,3,0,False,0.42649314,0.0759927,0.117878236,0.37963602
21,7,none,random_linear,1680,108,2,2,True,0.026241848,0.0025277017,0.72256476,0.2486657
21,7,none,random_linear,1681,108,3,3,True,0.3514267,0.055843532,0.08923315,0.5034966
21,7,none,random_linear,1682,108,3,3,True,0.097314335,0.006261194,0.07296433,0.8234601
21,7,none,random_linear,1683,108,1,1,True,0.011854927,0.65472376,0.08250531,0.25091603
21,7,none,random_linear,1684,108,0,0,True,0.5736355,0.034379568,0.27494487,0.11704006
21,7,none,random_linear,1685,108,0,3,False,0.05280706,0.07595019,0.3373894,0.5338534
21,7,none,random_linear,1686,108,1,2,False,0.13557315,0.24210441,0.5354723,0.08685014
21,7,none,random_linear,1687,108,0,3,False,0.093602255,0.11374944,0.013286446,0.7793619
21,7,none,random_linear,1688,108,1,1,True,0.29661548,0.42709187,0.2657742,0.010518407
21,7,none,random_linear,1689,108,1,1,True,0.00056038616,0.97867453,0.017228646,0.003536466
21,7,none,random_linear,1690,108,0,0,True,0.6869764,0.002905921,0.034535915,0.27558178
21,7,none,random_linear,1691,108,0,3,False,0.33110133,0.19413126,0.1363087,0.33845875
21,7,none,random_linear,1692,108,1,1,True,0.0063603297,0.98795366,0.0023747818,0.0033111668
21,7,none,random_linear,1693,108,0,3,False,0.35269177,0.016356949,0.0076592774,0.62329197
21,7,none,random_linear,1694,108,1,1,True,0.25000858,0.4212507,0.028483555,0.30025724
21,7,none,random_linear,1695,108,1,1,True,0.0013443648,0.9963664,0.00031862047,0.0019705875
21,7,none,random_linear,1696,108,0,0,True,0.8841157,0.008691959,0.039793316,0.06739908
21,7,none,random_linear,1697,108,0,0,True,0.99943787,5.2468895e-05,3.6674668e-05,0.00047299554
21,7,none,random_linear,1698,108,3,3,True,0.12733223,0.18812701,0.01441936,0.67012143
21,7,none,random_linear,1699,108,2,3,False,0.025694618,0.06904149,0.33909848,0.5661654
21,7,none,random_linear,1700,108,2,2,True,0.065918304,0.0148076,0.57171714,0.34755692
21,7,none,random_linear,1701,108,3,3,True,0.0008216062,0.0003888263,0.0005978895,0.99819165
21,7,none,random_linear,1702,108,2,3,False,0.2882652,0.05626701,0.11293081,0.5425369
21,7,none,random_linear,1703,108,3,2,False,0.07394855,0.017080864,0.772766,0.13620465
21,7,none,random_linear,1704,108,3,3,True,0.002677489,0.00049859175,0.0057800403,0.9910439
21,7,none,random_linear,1705,108,2,2,True,0.0058102347,0.021435544,0.9029061,0.06984811
21,7,none,random_linear,1706,108,3,3,True,0.032506857,0.020811157,0.034905095,0.9117769
21,7,none,random_linear,1707,108,2,1,False,0.05817135,0.6067351,0.031115755,0.30397776
21,7,none,random_linear,1708,108,2,2,True,0.26727527,0.022880066,0.42339256,0.28645217
21,7,none,random_linear,1709,108,3,3,True,0.015866185,0.016780932,0.014003066,0.9533498
21,7,none,random_linear,1710,108,2,1,False,0.058055222,0.46514943,0.16166902,0.31512633
21,7,none,random_linear,1711,108,3,3,True,0.01275698,0.24000993,0.008495906,0.73873717
21,7,none,random_linear,1712,108,2,0,False,0.75263923,0.09297618,0.036495637,0.117889084
21,7,none,random_linear,1713,109,0,0,True,0.95384943,0.001231114,0.005050429,0.039868973
21,7,none,random_linear,1714,109,1,2,False,0.17340903,0.33863318,0.4477617,0.040196147
21,7,none,random_linear,1715,109,1,1,True,0.000118882504,0.99932086,0.00038980506,0.00017044928
21,7,none,random_linear,1716,109,0,2,False,0.23802063,0.18941437,0.41483474,0.15773034
21,7,none,random_linear,1717,109,1,1,True,0.018732265,0.97821873,0.0013679499,0.0016810497
21,7,none,random_linear,1718,109,0,0,True,0.83601016,0.040787987,0.10956925,0.01363254
21,7,none,random_linear,1719,109,1,1,True,0.0798613,0.5707613,0.34057626,0.008801022
21,7,none,random_linear,1720,109,0,0,True,0.8713129,0.0021660374,0.124064274,0.0024566678
21,7,none,random_linear,1721,109,1,1,True,0.04031815,0.9031548,0.021139981,0.03538699
21,7,none,random_linear,1722,109,0,2,False,0.037440192,0.024735456,0.91952515,0.018299153
21,7,none,random_linear,1723,109,0,0,True,0.8837991,0.0010666774,0.08699476,0.028139517
21,7,none,random_linear,1724,109,1,1,True,0.0149051985,0.86481977,0.02654717,0.093727894
21,7,none,random_linear,1725,109,0,0,True,0.99949586,9.3805465e-06,0.00045210397,4.265902e-05
21,7,none,random_linear,1726,109,1,0,False,0.3740673,0.23218584,0.083725646,0.31002122
21,7,none,random_linear,1727,109,1,1,True,0.031926986,0.8782807,0.081252545,0.008539795
21,7,none,random_linear,1728,109,3,1,False,0.014458655,0.41046864,0.16845025,0.40662235
21,7,none,random_linear,1729,109,2,2,True,0.014064772,0.27423844,0.5504394,0.16125743
21,7,none,random_linear,1730,109,2,2,True,0.27736357,0.25788423,0.36326745,0.10148478
21,7,none,random_linear,1731,109,3,3,True,0.05836188,0.0052178837,0.06656305,0.8698572
21,7,none,random_linear,1732,109,3,3,True,0.009121354,0.03107467,0.28360853,0.67619544
21,7,none,random_linear,1733,109,2,2,True,0.27581367,0.02237227,0.57647145,0.1253426
21,7,none,random_linear,1734,109,2,2,True,0.15529391,0.18836366,0.57669425,0.07964826
21,7,none,random_linear,1735,109,3,2,False,0.23795031,0.16088021,0.38150004,0.21966945
21,7,none,random_linear,1736,109,2,3,False,0.12062091,0.017129797,0.1103846,0.7518647
21,7,none,random_linear,1737,109,3,3,True,0.027891146,0.04043181,0.1513397,0.7803374
21,7,none,random_linear,1738,109,2,0,False,0.66104156,0.15838936,0.011959303,0.16860981
21,7,none,random_linear,1739,109,3,2,False,0.3212547,0.061907176,0.5868251,0.0300131
21,7,none,random_linear,1740,109,3,3,True,0.04504518,0.029762838,0.32465124,0.60054076
21,7,none,random_linear,1741,109,2,0,False,0.48584104,0.19525458,0.095104374,0.22380005
21,7,none,random_linear,1742,109,2,1,False,0.015197404,0.8381462,0.042912584,0.10374372
21,7,none,random_linear,1743,109,1,1,True,0.008921366,0.7999308,0.08718268,0.103965156
21,7,none,random_linear,1744,109,0,0,True,0.6087797,0.06039428,0.2411789,0.089647084
21,7,none,random_linear,1745,109,1,0,False,0.8133444,0.052965026,0.04054685,0.09314365
21,7,none,random_linear,1746,109,0,3,False,0.2334575,0.019405061,0.29148114,0.45565632
21,7,none,random_linear,1747,109,0,0,True,0.98878664,0.00021492338,0.0024125155,0.008585961
21,7,none,random_linear,1748,109,1,2,False,0.25454137,0.014245933,0.7080779,0.023134748
21,7,none,random_linear,1749,109,0,3,False,0.19022338,0.012004126,0.3325057,0.46526682
21,7,none,random_linear,1750,109,1,1,True,0.08589103,0.6275877,0.039875314,0.24664596
21,7,none,random_linear,1751,109,1,1,True,0.06352883,0.5910342,0.2590301,0.08640684
21,7,none,random_linear,1752,109,0,2,False,0.06694903,0.0015310398,0.9117343,0.019785613
21,7,none,random_linear,1753,109,1,0,False,0.6217157,0.05551866,0.007008948,0.31575674
21,7,none,random_linear,1754,109,0,1,False,0.24174795,0.37983903,0.02076957,0.35764354
21,7,none,random_linear,1755,109,1,1,True,0.0204174,0.9453526,0.03341061,0.0008194396
21,7,none,random_linear,1756,109,0,1,False,0.19895145,0.5639065,0.105898194,0.13124388
21,7,none,random_linear,1757,109,0,0,True,0.9973731,0.0008618527,0.000628424,0.0011366593
21,7,none,random_linear,1758,109,2,3,False,0.10288407,0.012023661,0.008038065,0.8770542
21,7,none,random_linear,1759,109,3,0,False,0.8352,0.023358,0.046521485,0.09492047
21,7,none,random_linear,1760,109,2,3,False,0.06502731,0.15799445,0.098262444,0.67871577
21,7,none,random_linear,1761,109,3,3,True,0.12086332,0.023366477,0.119635716,0.7361345
21,7,none,random_linear,1762,109,3,1,False,0.051794242,0.6740509,0.0034594524,0.27069542
21,7,none,random_linear,1763,109,2,3,False,0.093440905,0.012236529,0.2837262,0.6105963
21,7,none,random_linear,1764,109,3,3,True,0.016320309,0.004304468,0.16554375,0.8138315
21,7,none,random_linear,1765,109,2,3,False,0.12091147,0.33190027,0.111039,0.4361493
21,7,none,random_linear,1766,109,3,3,True,0.019211316,0.13312817,0.09069279,0.7569678
21,7,none,random_linear,1767,109,2,3,False,0.2566221,0.022974815,0.22890928,0.49149382
21,7,none,random_linear,1768,109,2,2,True,0.13974297,0.13333265,0.4925804,0.23434399
21,7,none,random_linear,1769,109,3,3,True,0.094488926,0.0062272325,0.0035563342,0.8957275
21,7,none,random_linear,1770,109,2,1,False,0.09909213,0.400854,0.12336857,0.37668532
21,7,none,random_linear,1771,109,3,3,True,0.015230167,0.034466032,0.08420375,0.8661001
21,7,none,random_linear,1772,109,2,2,True,0.31351814,0.07377505,0.3486046,0.26410216
21,7,none,random_linear,1773,109,1,3,False,0.025318908,0.2460502,0.1462727,0.58235824
21,7,none,random_linear,1774,109,0,2,False,0.08784159,0.027391765,0.8469932,0.03777342
21,7,none,random_linear,1775,109,1,0,False,0.5636006,0.040470507,0.38999146,0.0059373872
21,7,none,random_linear,1776,109,0,3,False,0.034048066,0.0043870863,0.009212335,0.9523526
21,7,none,random_linear,1777,109,0,2,False,0.07562621,0.015277094,0.8834915,0.025605164
21,7,none,random_linear,1778,109,1,3,False,0.029776476,0.38677853,0.049283747,0.5341612
21,7,none,random_linear,1779,109,1,3,False,0.2599944,0.15225038,0.10659363,0.4811616
21,7,none,random_linear,1780,109,0,3,False,0.015384011,0.008944912,0.12327397,0.85239714
21,7,none,random_linear,1781,109,1,0,False,0.6693186,0.17978482,0.03426961,0.116626985
21,7,none,random_linear,1782,109,0,1,False,0.14721945,0.63343245,0.13707441,0.08227364
21,7,none,random_linear,1783,109,0,0,True,0.80064833,0.042900804,0.016353207,0.14009768
21,7,none,random_linear,1784,109,1,2,False,0.114873424,0.01169045,0.6272414,0.2461947
21,7,none,random_linear,1785,109,0,0,True,0.9417459,0.0021478552,0.02497294,0.031133242
21,7,none,random_linear,1786,109,1,0,False,0.7585541,0.0140649695,0.17901798,0.048362944
21,7,none,random_linear,1787,109,0,2,False,0.08548518,0.08928283,0.6767263,0.14850576
21,7,none,random_linear,1788,109,2,2,True,0.014471866,0.45209664,0.5130842,0.020347232
21,7,none,random_linear,1789,109,3,3,True,0.20603648,0.03774608,0.1685688,0.58764863
21,7,none,random_linear,1790,109,2,3,False,0.09498139,0.31158277,0.031246765,0.56218904
21,7,none,random_linear,1791,109,3,3,True,0.25778642,0.019724421,0.35760248,0.3648867
21,7,none,random_linear,1792,109,2,3,False,0.11943574,0.022637941,0.2201029,0.6378234
21,7,none,random_linear,1793,109,3,3,True,0.10545158,0.13760173,0.23568189,0.52126485
21,7,none,random_linear,1794,109,2,2,True,0.41439748,0.009177364,0.5289803,0.047444835
21,7,none,random_linear,1795,109,3,3,True,0.03362505,0.0043837307,0.16800024,0.793991
21,7,none,random_linear,1796,109,3,3,True,0.029549982,0.31430033,0.0048607443,0.6512889
21,7,none,random_linear,1797,109,2,3,False,0.025694055,0.03971035,0.31185877,0.6227369
21,7,none,random_linear,1798,109,3,1,False,0.006715973,0.8068008,0.005341407,0.18114181
21,7,none,random_linear,1799,109,2,3,False,0.05802191,0.105347715,0.020405227,0.8162252
21,7,none,random_linear,1800,109,2,2,True,0.038711708,0.0049843914,0.58541083,0.3708931
21,7,none,random_linear,1801,109,3,2,False,0.191914,0.07478895,0.5213963,0.21190079
21,7,none,random_linear,1802,109,3,0,False,0.5577772,0.077756375,0.14778699,0.21667944
