probe_seed,reference_seed,defense,test_view,trial_index,subject_id,y_true,y_pred,correct,prob_left_fist,prob_right_fist,prob_both_fists,prob_both_feet
7,7,none,car,0,90,0,0,True,0.85705495,0.009470155,0.084448434,0.049026515
7,7,none,car,1,90,1,1,True,0.048713863,0.89016134,0.014066376,0.047058363
7,7,none,car,2,90,1,1,True,0.009073636,0.9805187,0.0014366793,0.00897112
7,7,none,car,3,90,0,0,True,0.8537438,0.0034884217,0.09214769,0.050620116
7,7,none,car,4,90,1,1,True,0.004190275,0.9899434,0.0037295457,0.002136652
7,7,none,car,5,90,0,0,True,0.9115988,0.0019186065,0.033083856,0.05339878
7,7,none,car,6,90,1,1,True,0.014955029,0.95388424,0.013194709,0.017966032
7,7,none,car,7,90,0,0,True,0.9641636,0.0029052598,0.015157048,0.017774135
7,7,none,car,8,90,0,0,True,0.7401183,0.018799335,0.045800436,0.19528183
7,7,none,car,9,90,1,1,True,0.018431904,0.95248955,0.011193183,0.017885335
7,7,none,car,10,90,0,2,False,0.22217953,0.05544946,0.5548091,0.16756187
7,7,none,car,11,90,1,1,True,0.010947305,0.9779683,0.0040404317,0.007044045
7,7,none,car,12,90,0,0,True,0.88325775,0.005068989,0.04935338,0.062319916
7,7,none,car,13,90,1,1,True,0.05402888,0.6922064,0.22672899,0.027035804
7,7,none,car,14,90,1,1,True,0.0023534754,0.99522734,0.0006473297,0.001771884
7,7,none,car,15,90,3,0,False,0.59023726,0.02421095,0.060735118,0.32481664
7,7,none,car,16,90,2,2,True,0.17265162,0.06365437,0.4408004,0.32289362
7,7,none,car,17,90,2,3,False,0.07309895,0.17134504,0.18239489,0.5731611
7,7,none,car,18,90,3,3,True,0.20406401,0.037381418,0.1258863,0.63266826
7,7,none,car,19,90,3,3,True,0.009339289,0.056456733,0.12725435,0.8069497
7,7,none,car,20,90,2,2,True,0.10836282,0.12387022,0.59726244,0.17050448
7,7,none,car,21,90,3,3,True,0.018275416,0.0507205,0.07655133,0.8544528
7,7,none,car,22,90,2,2,True,0.032780357,0.280246,0.59165645,0.09531722
7,7,none,car,23,90,2,2,True,0.0020429855,0.12602715,0.8410239,0.030905953
7,7,none,car,24,90,3,2,False,0.2986534,0.1004176,0.32093382,0.27999514
7,7,none,car,25,90,2,2,True,0.013577145,0.23363853,0.52925026,0.2235341
7,7,none,car,26,90,3,3,True,0.13280314,0.07997894,0.09243983,0.69477814
7,7,none,car,27,90,3,3,True,0.009255269,0.04424389,0.043954052,0.90254676
7,7,none,car,28,90,2,3,False,0.030985838,0.106487356,0.32567278,0.536854
7,7,none,car,29,90,2,2,True,0.010000891,0.093277164,0.8403164,0.056405544
7,7,none,car,30,90,1,1,True,0.0035975056,0.99289167,0.0010832303,0.0024276366
7,7,none,car,31,90,0,2,False,0.25345874,0.04615966,0.395031,0.30535057
7,7,none,car,32,90,1,1,True,0.00040459412,0.9981627,0.0003069711,0.0011257132
7,7,none,car,33,90,0,0,True,0.50160027,0.048253033,0.28931028,0.16083643
7,7,none,car,34,90,1,2,False,0.0072165765,0.19650689,0.75075245,0.04552406
7,7,none,car,35,90,0,0,True,0.5901959,0.018381072,0.2823672,0.109055795
7,7,none,car,36,90,1,1,True,0.0005586059,0.99419576,0.0023655726,0.002880133
7,7,none,car,37,90,0,0,True,0.6902598,0.14700548,0.0870611,0.07567369
7,7,none,car,38,90,1,1,True,0.005315408,0.73816884,0.2196773,0.03683843
7,7,none,car,39,90,0,0,True,0.97445685,0.0048642363,0.013439715,0.0072391205
7,7,none,car,40,90,1,1,True,0.059062816,0.80336505,0.05608825,0.081483945
7,7,none,car,41,90,0,0,True,0.46417722,0.02509676,0.4222824,0.088443674
7,7,none,car,42,90,1,1,True,0.0059193214,0.894671,0.0862559,0.013153753
7,7,none,car,43,90,0,2,False,0.20660059,0.04836123,0.62737006,0.11766808
7,7,none,car,44,90,1,1,True,0.00062977726,0.99605346,0.0009320554,0.0023846896
7,7,none,car,45,90,2,2,True,0.2785293,0.048370954,0.48877144,0.18432839
7,7,none,car,46,90,3,2,False,0.09065453,0.061843507,0.50869966,0.3388023
7,7,none,car,47,90,3,2,False,0.031981096,0.1010758,0.7000709,0.16687219
7,7,none,car,48,90,2,0,False,0.33453524,0.047060646,0.29592112,0.3224829
7,7,none,car,49,90,3,3,True,0.09303642,0.07806274,0.22038452,0.60851634
7,7,none,car,50,90,2,2,True,0.13181524,0.121905506,0.44481686,0.30146238
7,7,none,car,51,90,3,3,True,0.018041158,0.02284263,0.05313579,0.90598047
7,7,none,car,52,90,2,2,True,0.0062329224,0.19330944,0.75652057,0.04393702
7,7,none,car,53,90,3,2,False,0.05689646,0.060715195,0.6709024,0.2114859
7,7,none,car,54,90,2,2,True,0.029884797,0.13970055,0.8093018,0.021112824
7,7,none,car,55,90,2,2,True,0.08870722,0.13434006,0.519441,0.25751168
7,7,none,car,56,90,3,2,False,0.012714423,0.18122439,0.5463952,0.25966597
7,7,none,car,57,90,2,3,False,0.040600974,0.078858666,0.38424727,0.4962931
7,7,none,car,58,90,3,2,False,0.07618999,0.059795666,0.52970344,0.33431095
7,7,none,car,59,90,3,3,True,0.019495605,0.19551705,0.3065791,0.47840822
7,7,none,car,60,90,1,1,True,0.00090190826,0.9983121,0.00048941065,0.0002966039
7,7,none,car,61,90,0,0,True,0.88128436,0.0117953615,0.0879009,0.019019319
7,7,none,car,62,90,1,1,True,0.0012964495,0.996944,0.0007859056,0.000973566
7,7,none,car,63,90,0,2,False,0.21385874,0.07038255,0.6281681,0.08759058
7,7,none,car,64,90,0,0,True,0.62890697,0.07476025,0.24904399,0.047288798
7,7,none,car,65,90,1,1,True,0.002294188,0.99588156,0.0012047162,0.0006195028
7,7,none,car,66,90,1,1,True,0.0012932925,0.9884837,0.003589522,0.006633486
7,7,none,car,67,90,0,0,True,0.91863364,0.0062552597,0.06162865,0.013482381
7,7,none,car,68,90,0,0,True,0.54540634,0.021683294,0.39509106,0.03781939
7,7,none,car,69,90,1,2,False,0.037940644,0.035579443,0.8574258,0.0690542
7,7,none,car,70,90,1,1,True,0.0033827154,0.9932734,0.0016708168,0.0016730466
7,7,none,car,71,90,0,2,False,0.08621835,0.07105221,0.7729387,0.06979074
7,7,none,car,72,90,1,2,False,0.02117204,0.041079357,0.48946443,0.44828415
7,7,none,car,73,90,0,0,True,0.60864836,0.011728171,0.30282074,0.07680275
7,7,none,car,74,90,0,2,False,0.04541539,0.030733012,0.74270076,0.18115085
7,7,none,car,75,90,2,3,False,0.026173875,0.061292727,0.41431418,0.4982192
7,7,none,car,76,90,3,2,False,0.12108812,0.0738906,0.59372395,0.21129735
7,7,none,car,77,90,2,2,True,0.040334366,0.08049982,0.7430213,0.13614456
7,7,none,car,78,90,3,2,False,0.036423363,0.11653003,0.59096825,0.25607836
7,7,none,car,79,90,2,1,False,0.001386323,0.78206825,0.2003017,0.016243666
7,7,none,car,80,90,3,3,True,0.043290507,0.11215306,0.31444085,0.5301156
7,7,none,car,81,90,2,2,True,0.052319925,0.06548023,0.74923325,0.13296661
7,7,none,car,82,90,3,2,False,0.09708635,0.045687933,0.4696563,0.3875695
7,7,none,car,83,90,2,2,True,0.0033989048,0.04722428,0.89372194,0.05565483
7,7,none,car,84,90,3,2,False,0.032174166,0.07050949,0.5967229,0.30059344
7,7,none,car,85,90,2,3,False,0.014602484,0.10203055,0.3414052,0.5419617
7,7,none,car,86,90,3,2,False,0.008247544,0.08575481,0.53710294,0.36889476
7,7,none,car,87,90,3,3,True,0.446743,0.008640205,0.07080924,0.47380754
7,7,none,car,88,90,2,3,False,0.05869539,0.07280746,0.41191036,0.4565868
7,7,none,car,89,90,3,2,False,0.16646038,0.14240286,0.54402494,0.1471118
7,7,none,car,90,91,0,0,True,0.98024577,0.007649298,0.006689031,0.0054160072
7,7,none,car,91,91,1,2,False,0.12958361,0.21665223,0.39793298,0.25583112
7,7,none,car,92,91,0,2,False,0.05619023,0.29611668,0.5622349,0.085458174
7,7,none,car,93,91,1,1,True,0.053912595,0.90933734,0.019293904,0.017456062
7,7,none,car,94,91,1,1,True,0.0001795123,0.99955684,0.0001875941,7.599782e-05
7,7,none,car,95,91,0,0,True,0.9953094,0.0015180231,0.0025924891,0.0005801163
7,7,none,car,96,91,1,0,False,0.82980883,0.034335013,0.12188974,0.013966301
7,7,none,car,97,91,0,0,True,0.84210646,0.0303264,0.10307493,0.024492241
7,7,none,car,98,91,0,0,True,0.91653705,0.029039683,0.050618783,0.0038044527
7,7,none,car,99,91,1,2,False,0.3228077,0.25471792,0.33797914,0.08449529
7,7,none,car,100,91,0,0,True,0.9744683,0.004582557,0.019747773,0.0012013498
7,7,none,car,101,91,1,2,False,0.04445778,0.343897,0.50261974,0.10902548
7,7,none,car,102,91,1,1,True,0.012958818,0.95852387,0.024188323,0.004329075
7,7,none,car,103,91,0,0,True,0.97051215,0.012310415,0.015863342,0.001314009
7,7,none,car,104,91,0,0,True,0.99017805,0.0037631479,0.0031464295,0.0029123046
7,7,none,car,105,91,2,3,False,0.045126244,0.20123287,0.33093992,0.42270097
7,7,none,car,106,91,3,3,True,0.0134553015,0.014759082,0.061358236,0.9104274
7,7,none,car,107,91,3,3,True,0.08930221,0.019356843,0.031113321,0.86022764
7,7,none,car,108,91,2,2,True,0.0834964,0.16483541,0.6804186,0.071249604
7,7,none,car,109,91,2,2,True,0.01840073,0.031305972,0.8953752,0.054918163
7,7,none,car,110,91,3,2,False,0.024847262,0.12245731,0.75518537,0.0975101
7,7,none,car,111,91,3,3,True,0.018851718,0.024243021,0.053577393,0.9033279
7,7,none,car,112,91,2,3,False,0.23894638,0.23433352,0.25856242,0.26815766
7,7,none,car,113,91,3,2,False,0.032327842,0.24067684,0.6931258,0.033869587
7,7,none,car,114,91,2,2,True,0.017303899,0.2451264,0.6864615,0.05110821
7,7,none,car,115,91,3,2,False,0.04176799,0.077508144,0.73433954,0.1463843
7,7,none,car,116,91,2,3,False,0.11177912,0.13062689,0.27845758,0.47913635
7,7,none,car,117,91,2,2,True,0.031206101,0.10175928,0.6515539,0.21548067
7,7,none,car,118,91,3,2,False,0.020101199,0.057977103,0.9009706,0.020951044
7,7,none,car,119,91,2,1,False,0.0031733552,0.68833596,0.30340162,0.005089006
7,7,none,car,120,91,0,0,True,0.85311085,0.09262089,0.041953985,0.012314295
7,7,none,car,121,91,1,2,False,0.047729354,0.20286855,0.5850309,0.16437118
7,7,none,car,122,91,1,1,True,0.009926762,0.9406639,0.032799352,0.016609998
7,7,none,car,123,91,0,2,False,0.005119215,0.3272842,0.62444794,0.043148685
7,7,none,car,124,91,0,0,True,0.98674506,0.005518995,0.0049196417,0.002816336
7,7,none,car,125,91,1,2,False,0.054404616,0.31513602,0.5965439,0.033915393
7,7,none,car,126,91,1,1,True,6.346194e-05,0.9989195,0.00073798565,0.0002790723
7,7,none,car,127,91,0,1,False,0.17252459,0.4317808,0.31380776,0.08188688
7,7,none,car,128,91,0,0,True,0.99040484,0.001404909,0.006085157,0.002105154
7,7,none,car,129,91,1,1,True,0.0057257633,0.62413,0.30935574,0.060788505
7,7,none,car,130,91,1,1,True,0.0004994762,0.99844825,0.0007181556,0.0003341177
7,7,none,car,131,91,0,0,True,0.80841136,0.020165885,0.16990541,0.0015173975
7,7,none,car,132,91,1,1,True,0.06192047,0.8073023,0.019180607,0.11159665
7,7,none,car,133,91,0,0,True,0.48237225,0.080484115,0.17515483,0.26198882
7,7,none,car,134,91,1,0,False,0.679422,0.058662593,0.17555992,0.08635547
7,7,none,car,135,91,2,1,False,0.018413018,0.7051535,0.096215725,0.1802177
7,7,none,car,136,91,3,2,False,0.05607927,0.15316372,0.61754495,0.17321214
7,7,none,car,137,91,2,3,False,0.22044232,0.12328334,0.1512214,0.5050529
7,7,none,car,138,91,3,2,False,0.036678083,0.041306574,0.881929,0.040086243
7,7,none,car,139,91,2,2,True,0.09553171,0.2832254,0.4684546,0.1527883
7,7,none,car,140,91,3,3,True,0.031986255,0.042399164,0.037572496,0.8880421
7,7,none,car,141,91,2,2,True,0.0015351617,0.2725173,0.7229319,0.0030156553
7,7,none,car,142,91,3,3,True,0.0039853747,0.03059882,0.11889757,0.8465182
7,7,none,car,143,91,2,2,True,0.1860442,0.117620796,0.6344357,0.061899256
7,7,none,car,144,91,3,1,False,0.0052451487,0.80099195,0.10807051,0.08569239
7,7,none,car,145,91,3,2,False,0.13650379,0.29409674,0.32292885,0.24647062
7,7,none,car,146,91,2,0,False,0.8582237,0.029259989,0.043493446,0.06902283
7,7,none,car,147,91,2,3,False,0.07457775,0.31393448,0.24504867,0.3664391
7,7,none,car,148,91,3,2,False,0.08400374,0.062705815,0.73129016,0.12200031
7,7,none,car,149,91,3,3,True,0.03921525,0.05053477,0.091893986,0.818356
7,7,none,car,150,91,1,1,True,0.0008186413,0.9924287,0.0046608974,0.0020916383
7,7,none,car,151,91,0,0,True,0.602279,0.062022477,0.19624227,0.13945626
7,7,none,car,152,91,1,1,True,0.0014943016,0.9934115,0.0032927415,0.0018014648
7,7,none,car,153,91,0,0,True,0.95600104,0.0029704827,0.037130002,0.0038985275
7,7,none,car,154,91,0,0,True,0.5669275,0.008064845,0.42183685,0.0031707839
7,7,none,car,155,91,1,2,False,0.0063861585,0.089869894,0.8590136,0.04473039
7,7,none,car,156,91,1,1,True,0.011325932,0.7434219,0.20671713,0.03853506
7,7,none,car,157,91,0,0,True,0.9970523,0.00029603334,0.0023926287,0.0002590412
7,7,none,car,158,91,0,0,True,0.9743234,0.012839011,0.0050150515,0.0078224605
7,7,none,car,159,91,1,1,True,0.0019529738,0.99287426,0.0017132036,0.0034595362
7,7,none,car,160,91,0,0,True,0.9686053,0.0067763207,0.020778287,0.0038401457
7,7,none,car,161,91,1,1,True,0.0006957472,0.9955505,0.0013883762,0.0023654266
7,7,none,car,162,91,1,1,True,0.021350484,0.80481404,0.13810866,0.03572684
7,7,none,car,163,91,0,0,True,0.8818608,0.011024436,0.10052101,0.0065937326
7,7,none,car,164,91,1,1,True,0.011189629,0.5231423,0.38267168,0.08299651
7,7,none,car,165,91,2,2,True,0.0060593947,0.027872818,0.9232441,0.04282366
7,7,none,car,166,91,3,2,False,0.051812366,0.26018855,0.44025868,0.24774045
7,7,none,car,167,91,3,2,False,0.058160763,0.058298964,0.46898144,0.41455883
7,7,none,car,168,91,2,2,True,0.15393227,0.15229386,0.4187889,0.27498496
7,7,none,car,169,91,2,2,True,0.02891012,0.08585614,0.8172158,0.068017974
7,7,none,car,170,91,3,2,False,0.30772042,0.07254889,0.51715803,0.10257269
7,7,none,car,171,91,3,3,True,0.13779652,0.01881677,0.056328915,0.78705776
7,7,none,car,172,91,2,2,True,0.024278628,0.24813476,0.62743384,0.10015276
7,7,none,car,173,91,3,1,False,0.0043225866,0.6085897,0.31603655,0.07105116
7,7,none,car,174,91,2,2,True,0.13517115,0.030516393,0.7869517,0.04736065
7,7,none,car,175,91,2,2,True,0.021944901,0.07142935,0.6813359,0.22528984
7,7,none,car,176,91,3,2,False,0.016450532,0.3126414,0.39285642,0.27805167
7,7,none,car,177,91,3,2,False,0.12701121,0.04365852,0.57396257,0.25536767
7,7,none,car,178,91,2,2,True,0.026101189,0.11885859,0.8085961,0.046444174
7,7,none,car,179,91,3,2,False,0.023532229,0.12827234,0.7985007,0.049694713
7,7,none,car,180,92,1,3,False,0.029749332,0.22350605,0.09306389,0.6536807
7,7,none,car,181,92,0,3,False,0.27028242,0.16344918,0.27792785,0.28834054
7,7,none,car,182,92,1,3,False,0.102157444,0.26156142,0.23243971,0.40384147
7,7,none,car,183,92,0,2,False,0.08335057,0.24944754,0.49655262,0.17064928
7,7,none,car,184,92,0,2,False,0.17441432,0.29680958,0.3296828,0.19909333
7,7,none,car,185,92,1,1,True,0.025506757,0.82569194,0.103331,0.045470346
7,7,none,car,186,92,0,0,True,0.7090477,0.019459464,0.23974709,0.031745814
7,7,none,car,187,92,1,1,True,0.00054925063,0.998769,0.00031188244,0.00036987188
7,7,none,car,188,92,1,1,True,0.0004650163,0.99869907,0.00048565597,0.00035027336
7,7,none,car,189,92,0,2,False,0.17757076,0.100620896,0.55283165,0.16897671
7,7,none,car,190,92,0,0,True,0.5033463,0.11503145,0.26799628,0.113626
7,7,none,car,191,92,1,2,False,0.0945528,0.2388393,0.48814473,0.17846322
7,7,none,car,192,92,0,0,True,0.85665226,0.031373475,0.043505568,0.06846874
7,7,none,car,193,92,1,3,False,0.0024730507,0.375222,0.11394751,0.50835747
7,7,none,car,194,92,0,2,False,0.09186792,0.26256442,0.36252192,0.2830457
7,7,none,car,195,92,1,1,True,0.001879509,0.9756905,0.006852483,0.015577571
7,7,none,car,196,92,1,1,True,0.0001662109,0.9985488,0.0002720079,0.0010130439
7,7,none,car,197,92,0,0,True,0.90749323,0.025742952,0.040906176,0.025857711
7,7,none,car,198,92,1,1,True,0.0066585788,0.6656261,0.2047245,0.12299087
7,7,none,car,199,92,2,0,False,0.35601938,0.06994665,0.26969412,0.3043399
7,7,none,car,200,92,3,3,True,0.15776831,0.0646588,0.20621221,0.5713607
7,7,none,car,201,92,2,2,True,0.07055555,0.1244463,0.5341007,0.27089742
7,7,none,car,202,92,3,3,True,0.0045431866,0.059123512,0.1093633,0.82697
7,7,none,car,203,92,2,2,True,0.059968613,0.32461455,0.42332378,0.19209301
7,7,none,car,204,92,3,3,True,0.00557268,0.17088555,0.0578818,0.7656599
7,7,none,car,205,92,2,2,True,0.015605812,0.18131165,0.41607943,0.38700312
7,7,none,car,206,92,3,2,False,0.28897336,0.14823665,0.34655938,0.21623063
7,7,none,car,207,92,3,3,True,0.10601947,0.103178956,0.18349217,0.6073094
7,7,none,car,208,92,2,2,True,0.24822713,0.07489865,0.48414835,0.1927259
7,7,none,car,209,92,2,2,True,0.0071592536,0.07257262,0.80597824,0.114289865
7,7,none,car,210,92,3,3,True,0.0022735011,0.2296043,0.03113428,0.7369879
7,7,none,car,211,92,3,3,True,0.016594112,0.21219857,0.13465604,0.63655126
7,7,none,car,212,92,2,2,True,0.07241327,0.24608368,0.39394993,0.28755307
7,7,none,car,213,92,3,3,True,0.19084904,0.05003884,0.15861534,0.60049677
7,7,none,car,214,92,2,1,False,0.07209923,0.6711443,0.08474961,0.17200683
7,7,none,car,215,92,2,2,True,0.030923596,0.076939635,0.45849118,0.43364558
7,7,none,car,216,92,3,3,True,0.021451827,0.20091535,0.14650366,0.6311292
7,7,none,car,217,92,2,2,True,0.011960803,0.20456919,0.6874861,0.09598394
7,7,none,car,218,92,0,0,True,0.9973865,0.00024422584,0.0015723732,0.0007968418
7,7,none,car,219,92,1,1,True,0.08852923,0.84377205,0.049281154,0.018417642
7,7,none,car,220,92,0,0,True,0.95970666,0.010737174,0.021068929,0.0084871845
7,7,none,car,221,92,1,1,True,0.038322955,0.45780155,0.39951035,0.10436518
7,7,none,car,222,92,1,1,True,0.011338356,0.9548373,0.0074985567,0.0263257
7,7,none,car,223,92,0,0,True,0.98755324,0.0014797491,0.006088538,0.004878573
7,7,none,car,224,92,1,1,True,0.00037886773,0.987955,0.0005724659,0.011093615
7,7,none,car,225,92,0,1,False,0.064164646,0.6476092,0.1821246,0.10610161
7,7,none,car,226,92,0,0,True,0.96767735,0.0044107125,0.016944261,0.010967605
7,7,none,car,227,92,1,1,True,0.00073975616,0.9887833,0.00069801084,0.009778957
7,7,none,car,228,92,1,1,True,0.000115268165,0.9906933,0.00039124239,0.008800255
7,7,none,car,229,92,0,0,True,0.8877326,0.018763578,0.057961427,0.035542388
7,7,none,car,230,92,1,1,True,0.00020635975,0.9968549,0.00027157864,0.0026671216
7,7,none,car,231,92,0,0,True,0.70748705,0.017668182,0.084325925,0.19051883
7,7,none,car,232,92,0,0,True,0.99542063,0.0005935723,0.0032542667,0.00073152327
7,7,none,car,233,92,1,1,True,0.00032288965,0.99821496,0.0004251751,0.0010371134
7,7,none,car,234,92,0,0,True,0.92209685,0.0052664247,0.042298738,0.030338058
7,7,none,car,235,92,1,1,True,0.0015580375,0.993115,0.0019399839,0.0033870141
7,7,none,car,236,92,1,1,True,0.00053883076,0.9953442,0.0019608138,0.002156166
7,7,none,car,237,92,3,3,True,0.008590763,0.11647444,0.021275127,0.8536597
7,7,none,car,238,92,2,3,False,0.018053038,0.105612606,0.090122566,0.7862118
7,7,none,car,239,92,3,1,False,0.012231136,0.75525755,0.029636508,0.2028748
7,7,none,car,240,92,2,2,True,0.011437441,0.22456083,0.40925094,0.35475075
7,7,none,car,241,92,2,1,False,0.018806547,0.5739791,0.37177616,0.035438158
7,7,none,car,242,92,3,3,True,0.035822954,0.38610035,0.10645442,0.4716223
7,7,none,car,243,92,2,2,True,0.044007596,0.2417167,0.381579,0.33269668
7,7,none,car,244,92,3,2,False,0.09487103,0.21551345,0.45062622,0.23898931
7,7,none,car,245,92,2,3,False,0.2805743,0.07813532,0.25695387,0.38433653
7,7,none,car,246,92,3,3,True,0.0012297191,0.106213376,0.011530564,0.8810264
7,7,none,car,247,92,2,2,True,0.032497805,0.36325598,0.48055735,0.12368893
7,7,none,car,248,92,3,3,True,0.0039808103,0.15120734,0.07990371,0.76490813
7,7,none,car,249,92,3,3,True,0.0016400717,0.1111966,0.0116859125,0.8754774
7,7,none,car,250,92,2,2,True,0.10916967,0.09347033,0.63112706,0.16623288
7,7,none,car,251,92,3,3,True,0.014569119,0.069486834,0.0926342,0.8233099
7,7,none,car,252,92,2,3,False,0.13680738,0.06168813,0.24714576,0.5543587
7,7,none,car,253,92,2,2,True,0.004900032,0.01830722,0.96802807,0.0087646665
7,7,none,car,254,92,3,3,True,0.013626606,0.10795229,0.042714916,0.8357062
7,7,none,car,255,92,2,1,False,0.039543997,0.47258916,0.3430517,0.14481509
7,7,none,car,256,92,0,0,True,0.93490314,0.0139786545,0.024231164,0.026887134
7,7,none,car,257,92,1,0,False,0.94501,0.0071528326,0.045477867,0.002359276
7,7,none,car,258,92,1,1,True,0.00043945276,0.9945686,0.0005411076,0.0044507883
7,7,none,car,259,92,0,0,True,0.84755355,0.050002206,0.052531224,0.04991306
7,7,none,car,260,92,0,0,True,0.9928635,0.0005489546,0.0027430088,0.0038446581
7,7,none,car,261,92,1,1,True,0.0011277959,0.9936134,0.0032401117,0.0020186498
7,7,none,car,262,92,1,1,True,0.0016445325,0.9833687,0.0031535015,0.011833229
7,7,none,car,263,92,0,0,True,0.9724026,0.0055197817,0.014206715,0.007870896
7,7,none,car,264,92,0,0,True,0.9680256,0.0031996402,0.018986363,0.0097883595
7,7,none,car,265,92,1,1,True,0.0003497516,0.9952865,0.0010570709,0.0033067332
7,7,none,car,266,92,0,0,True,0.9698257,0.0018286373,0.005046989,0.02329877
7,7,none,car,267,92,1,3,False,0.16029799,0.25448543,0.1805635,0.40465307
7,7,none,car,268,92,0,0,True,0.952292,0.010329395,0.014272423,0.023106165
7,7,none,car,269,92,1,1,True,0.00056393264,0.9936334,0.0030721982,0.002730379
7,7,none,car,270,92,1,1,True,0.0017722561,0.9540185,0.009840268,0.034369066
7,7,none,car,271,92,0,0,True,0.9821462,0.0020578206,0.011118475,0.0046775276
7,7,none,car,272,92,1,1,True,0.0010984757,0.98842084,0.0029521936,0.0075284992
7,7,none,car,273,92,0,1,False,0.28455243,0.32428282,0.15592264,0.23524214
7,7,none,car,274,92,1,2,False,0.04504605,0.15041691,0.5682315,0.23630545
7,7,none,car,275,92,3,3,True,0.005494212,0.2632555,0.07424713,0.6570031
7,7,none,car,276,92,2,3,False,0.033188175,0.2641302,0.18029767,0.5223839
7,7,none,car,277,92,3,3,True,0.007712633,0.1819964,0.09298087,0.71731
7,7,none,car,278,92,2,2,True,0.050442185,0.37829027,0.4113703,0.1598972
7,7,none,car,279,92,3,3,True,0.015784947,0.08790225,0.03961971,0.856693
7,7,none,car,280,92,2,2,True,0.060749043,0.38425213,0.41739547,0.13760334
7,7,none,car,281,92,3,3,True,0.005606229,0.082856625,0.28002834,0.6315088
7,7,none,car,282,92,2,1,False,0.052069932,0.37580872,0.3606498,0.21147165
7,7,none,car,283,92,2,1,False,0.0051585534,0.55042046,0.39101225,0.053408753
7,7,none,car,284,92,3,3,True,0.27120385,0.07673071,0.077829696,0.57423574
7,7,none,car,285,92,3,3,True,0.0008808533,0.16005734,0.013249221,0.82581264
7,7,none,car,286,92,2,2,True,0.008477991,0.15540615,0.65163463,0.1844812
7,7,none,car,287,92,2,1,False,0.0030141613,0.982272,0.007662994,0.007050848
7,7,none,car,288,92,3,1,False,0.05508283,0.46857172,0.2928768,0.18346858
7,7,none,car,289,92,3,3,True,0.030576717,0.14082317,0.11160133,0.71699876
7,7,none,car,290,92,2,3,False,0.009517445,0.26666713,0.2734413,0.45037413
7,7,none,car,291,92,2,2,True,0.31556132,0.04765455,0.5274481,0.10933596
7,7,none,car,292,92,3,3,True,0.0074303946,0.072172694,0.05384952,0.8665474
7,7,none,car,293,92,2,1,False,0.08259038,0.4715811,0.3359098,0.1099187
7,7,none,car,294,93,1,3,False,0.02069282,0.25653318,0.08514143,0.63763255
7,7,none,car,295,93,0,2,False,0.055653047,0.2566123,0.5274348,0.1602998
7,7,none,car,296,93,1,1,True,0.0004461977,0.94890785,0.0064305123,0.04421532
7,7,none,car,297,93,0,0,True,0.6424999,0.039191235,0.13030568,0.18800314
7,7,none,car,298,93,1,2,False,0.018742476,0.3924663,0.43163893,0.15715234
7,7,none,car,299,93,0,0,True,0.52107227,0.0794682,0.11744673,0.28201276
7,7,none,car,300,93,0,0,True,0.99718094,0.0006844591,0.0009374497,0.0011971974
7,7,none,car,301,93,1,1,True,0.0032855025,0.62239647,0.1678458,0.20647217
7,7,none,car,302,93,1,3,False,0.28118712,0.021993881,0.24710654,0.44971243
7,7,none,car,303,93,0,0,True,0.82018685,0.022155944,0.12476212,0.032895084
7,7,none,car,304,93,1,1,True,0.005107665,0.37938344,0.30353683,0.31197208
7,7,none,car,305,93,0,0,True,0.99801815,0.00022369694,0.0008877407,0.000870366
7,7,none,car,306,93,1,2,False,0.016991481,0.07840223,0.78420645,0.120399736
7,7,none,car,307,93,0,0,True,0.9988638,0.0001122757,0.0006498447,0.00037417954
7,7,none,car,308,93,0,0,True,0.9599226,0.0021277696,0.01571893,0.022230752
7,7,none,car,309,93,3,3,True,0.004738018,0.018391557,0.019812312,0.95705813
7,7,none,car,310,93,2,1,False,0.005455288,0.67171365,0.064146616,0.25868437
7,7,none,car,311,93,2,3,False,0.0069170264,0.020440614,0.40370235,0.56894004
7,7,none,car,312,93,3,3,True,0.0073874667,0.005270376,0.00897537,0.9783668
7,7,none,car,313,93,3,3,True,0.01228744,0.21746628,0.15117888,0.61906743
7,7,none,car,314,93,2,0,False,0.6956141,0.025412569,0.22014305,0.05883038
7,7,none,car,315,93,3,1,False,0.0057010534,0.81679213,0.09151741,0.0859894
7,7,none,car,316,93,2,2,True,0.0055396794,0.0066492767,0.98524714,0.00256394
7,7,none,car,317,93,2,2,True,0.08844683,0.016322633,0.88704604,0.008184536
7,7,none,car,318,93,3,3,True,0.051525638,0.0058371285,0.02562746,0.9170098
7,7,none,car,319,93,3,3,True,0.21117197,0.077549525,0.010763951,0.70051455
7,7,none,car,320,93,2,2,True,0.35751814,0.04676161,0.5579222,0.037798073
7,7,none,car,321,93,2,2,True,0.3094588,0.04719133,0.57763153,0.065718316
7,7,none,car,322,93,3,3,True,0.0031492417,0.012408513,0.027873185,0.95656914
7,7,none,car,323,93,2,2,True,0.009875687,0.4087307,0.5491273,0.032266337
7,7,none,car,324,93,0,0,True,0.9946972,0.0006758453,0.0032640705,0.0013628488
7,7,none,car,325,93,1,3,False,0.004104557,0.22274086,0.22994734,0.5432073
7,7,none,car,326,93,1,1,True,0.00012887643,0.9993955,0.00019255454,0.000283079
7,7,none,car,327,93,0,2,False,0.36679018,0.04856927,0.46135765,0.123282865
7,7,none,car,328,93,0,0,True,0.93140006,0.002881438,0.047031756,0.018686665
7,7,none,car,329,93,1,3,False,0.0088531105,0.33171523,0.23618874,0.42324293
7,7,none,car,330,93,0,0,True,0.35232636,0.13248293,0.20102435,0.31416643
7,7,none,car,331,93,1,3,False,0.022374613,0.2313174,0.21225779,0.53405017
7,7,none,car,332,93,1,1,True,0.00047583945,0.9417926,0.0051329,0.05259865
7,7,none,car,333,93,0,3,False,0.014082421,0.012109852,0.006102733,0.967705
7,7,none,car,334,93,1,3,False,0.026788387,0.07506172,0.18905362,0.7090963
7,7,none,car,335,93,0,0,True,0.93498313,0.0035428712,0.0545694,0.0069045946
7,7,none,car,336,93,0,0,True,0.9938167,0.00069655676,0.0018484379,0.003638343
7,7,none,car,337,93,1,1,True,0.002520127,0.7071218,0.044679053,0.245679
7,7,none,car,338,93,0,0,True,0.6320155,0.0014807172,0.0149071105,0.3515967
7,7,none,car,339,93,2,0,False,0.8210386,0.008104268,0.14880621,0.022050908
7,7,none,car,340,93,3,3,True,0.0011706523,0.012564279,0.004644036,0.98162097
7,7,none,car,341,93,3,3,True,0.005019509,0.25423938,0.11937153,0.6213696
7,7,none,car,342,93,2,2,True,0.023731204,0.10787328,0.5709362,0.29745933
7,7,none,car,343,93,2,1,False,0.003936081,0.97497207,0.007993265,0.013098573
7,7,none,car,344,93,3,1,False,0.0004982181,0.9480681,0.008726049,0.04270772
7,7,none,car,345,93,3,3,True,0.012685371,0.021129489,0.018785985,0.9473992
7,7,none,car,346,93,2,1,False,0.015972031,0.60307467,0.22269328,0.15826
7,7,none,car,347,93,3,3,True,0.013575599,0.026266295,0.09671785,0.8634403
7,7,none,car,348,93,2,2,True,0.023186957,0.17297345,0.7095966,0.09424302
7,7,none,car,349,93,3,2,False,0.010317922,0.35805044,0.40166187,0.22996978
7,7,none,car,350,93,2,2,True,0.036525548,0.16729698,0.66890043,0.1272771
7,7,none,car,351,93,3,3,True,0.0012633569,0.007921066,0.01753488,0.97328067
7,7,none,car,352,93,2,2,True,0.13286714,0.030916426,0.5116534,0.32456303
7,7,none,car,353,93,2,3,False,0.021132534,0.014981204,0.059499808,0.9043865
7,7,none,car,354,93,0,1,False,0.050164994,0.66001844,0.05072829,0.23908828
7,7,none,car,355,93,1,3,False,0.038019743,0.25336996,0.19137968,0.51723063
7,7,none,car,356,93,0,0,True,0.8250258,0.027049249,0.08278605,0.06513896
7,7,none,car,357,93,1,1,True,6.012679e-05,0.9990374,0.00011447576,0.00078804913
7,7,none,car,358,93,1,1,True,0.001240652,0.99469686,0.0011454946,0.0029170162
7,7,none,car,359,93,0,0,True,0.8204739,0.029508485,0.052111726,0.09790584
7,7,none,car,360,93,1,3,False,0.0045883367,0.032226395,0.033021685,0.9301636
7,7,none,car,361,93,0,1,False,0.001094836,0.99099463,0.0018270575,0.0060833595
7,7,none,car,362,93,1,1,True,0.006044185,0.8225102,0.07912308,0.09232255
7,7,none,car,363,93,0,0,True,0.966973,0.0020593621,0.010141978,0.020825624
7,7,none,car,364,93,0,0,True,0.9943657,0.00056434073,0.0043518073,0.0007181924
7,7,none,car,365,93,1,3,False,0.0009553096,0.105596736,0.01286298,0.880585
7,7,none,car,366,93,1,1,True,0.00028474967,0.98341006,0.002205903,0.014099211
7,7,none,car,367,93,0,1,False,0.023188433,0.95787513,0.0053073955,0.013628959
7,7,none,car,368,93,1,1,True,0.005510376,0.9389758,0.02615418,0.029359581
7,7,none,car,369,93,2,1,False,0.3177349,0.566616,0.037298672,0.07835034
7,7,none,car,370,93,3,3,True,0.076336876,0.15448515,0.25070706,0.51847094
7,7,none,car,371,93,3,3,True,0.00080700655,0.008841165,0.0069788657,0.983373
7,7,none,car,372,93,2,1,False,0.0031699499,0.98692244,0.0037561944,0.006151315
7,7,none,car,373,93,3,1,False,0.00013669956,0.9967409,0.00023153576,0.0028908635
7,7,none,car,374,93,2,1,False,0.000478119,0.99866855,0.00052054226,0.0003328974
7,7,none,car,375,93,2,2,True,0.023497405,0.07104744,0.5113073,0.3941479
7,7,none,car,376,93,3,3,True,0.0005709357,0.086441666,0.015707001,0.8972804
7,7,none,car,377,93,3,3,True,0.0010022132,0.014107656,0.0318133,0.95307684
7,7,none,car,378,93,2,2,True,0.05606592,0.009160928,0.9212826,0.013490468
7,7,none,car,379,93,2,2,True,0.073502235,0.06039662,0.76260924,0.10349192
7,7,none,car,380,93,3,3,True,0.0891558,0.04443207,0.050921272,0.81549084
7,7,none,car,381,93,3,3,True,0.039242644,0.034942582,0.24103554,0.6847792
7,7,none,car,382,93,2,1,False,8.811582e-05,0.99866986,0.00037129366,0.0008707093
7,7,none,car,383,93,3,2,False,0.031411666,0.11885396,0.43567467,0.41405973
7,7,none,car,384,94,0,0,True,0.9958793,0.00025533172,0.0033518735,0.0005134936
7,7,none,car,385,94,1,1,True,0.0017381032,0.8117667,0.16793798,0.018557254
7,7,none,car,386,94,1,2,False,0.01731955,0.37234446,0.40958565,0.20075029
7,7,none,car,387,94,0,0,True,0.99727494,0.00031164705,0.001988033,0.00042552277
7,7,none,car,388,94,1,1,True,0.004269297,0.7232492,0.14771058,0.12477096
7,7,none,car,389,94,0,0,True,0.9873032,0.0032013494,0.0076447465,0.0018507637
7,7,none,car,390,94,1,3,False,0.07930523,0.18855198,0.26594093,0.46620187
7,7,none,car,391,94,0,0,True,0.99812824,0.00026563372,0.000701299,0.00090486545
7,7,none,car,392,94,1,1,True,0.009151909,0.8669056,0.07860944,0.045333043
7,7,none,car,393,94,0,0,True,0.92822874,0.011958027,0.048103113,0.011710187
7,7,none,car,394,94,0,0,True,0.9963839,0.00032114593,0.0011640739,0.0021308817
7,7,none,car,395,94,1,2,False,0.048640095,0.081198394,0.68488485,0.18527664
7,7,none,car,396,94,1,1,True,0.00072603463,0.9809801,0.0032053646,0.015088466
7,7,none,car,397,94,0,0,True,0.97800785,0.0031984563,0.0097319335,0.009061774
7,7,none,car,398,94,1,3,False,0.04627305,0.17801999,0.33437392,0.441333
7,7,none,car,399,94,2,2,True,0.01711939,0.047628958,0.85838646,0.07686525
7,7,none,car,400,94,3,3,True,0.028241869,0.07688374,0.1233347,0.7715396
7,7,none,car,401,94,3,3,True,0.00078247936,0.0058788746,0.003332673,0.990006
7,7,none,car,402,94,2,2,True,0.052905463,0.04157519,0.8706498,0.03486955
7,7,none,car,403,94,3,3,True,0.0011818027,0.016318703,0.033884898,0.94861454
7,7,none,car,404,94,2,2,True,0.04741392,0.18804933,0.544016,0.22052073
7,7,none,car,405,94,2,2,True,0.0023986122,0.04178853,0.9491402,0.0066727283
7,7,none,car,406,94,3,1,False,0.00077230885,0.80075777,0.0042180186,0.19425184
7,7,none,car,407,94,2,2,True,0.049220067,0.10234895,0.69890624,0.14952481
7,7,none,car,408,94,3,3,True,0.0012583937,0.030968193,0.0072622835,0.96051115
7,7,none,car,409,94,3,3,True,0.0015850752,0.016920898,0.022570375,0.9589236
7,7,none,car,410,94,2,2,True,0.008464511,0.09872346,0.82846355,0.064348385
7,7,none,car,411,94,3,3,True,0.0031163513,0.08129957,0.045729876,0.8698542
7,7,none,car,412,94,2,2,True,0.08646013,0.2454699,0.47406083,0.19400917
7,7,none,car,413,94,3,3,True,0.0056809206,0.10866625,0.05079864,0.8348542
7,7,none,car,414,94,1,1,True,0.00063611934,0.9692935,0.0037659793,0.026304452
7,7,none,car,415,94,0,1,False,0.002476663,0.81915647,0.17760588,0.00076096767
7,7,none,car,416,94,1,1,True,0.00039951454,0.9981665,0.00056901854,0.0008649296
7,7,none,car,417,94,0,0,True,0.9117299,0.014930759,0.032728076,0.040611293
7,7,none,car,418,94,0,0,True,0.9863325,0.003476905,0.007874234,0.0023163832
7,7,none,car,419,94,1,1,True,8.080987e-05,0.9994355,0.0001789248,0.00030475698
7,7,none,car,420,94,1,3,False,0.08081284,0.26756707,0.087365694,0.5642544
7,7,none,car,421,94,0,0,True,0.99140584,0.0016796252,0.004911176,0.0020033051
7,7,none,car,422,94,0,0,True,0.96823066,0.0075087436,0.018644355,0.005616229
7,7,none,car,423,94,1,3,False,0.03622898,0.21832837,0.34657964,0.39886302
7,7,none,car,424,94,1,1,True,5.0208535e-05,0.99946314,0.00016720609,0.00031955467
7,7,none,car,425,94,0,1,False,0.001036799,0.9883497,0.0059177503,0.004695782
7,7,none,car,426,94,1,2,False,0.0057968018,0.23652159,0.69111544,0.066566154
7,7,none,car,427,94,0,0,True,0.9962775,0.0004530901,0.0013104659,0.0019589048
7,7,none,car,428,94,1,2,False,0.033967715,0.103174664,0.6086636,0.25419393
7,7,none,car,429,94,3,3,True,0.0026916426,0.013819622,0.016498204,0.96699053
7,7,none,car,430,94,2,2,True,0.07372169,0.07360299,0.68256575,0.1701096
7,7,none,car,431,94,3,3,True,0.002021839,0.071644776,0.04185241,0.884481
7,7,none,car,432,94,2,2,True,0.005366225,0.1647929,0.73166096,0.0981799
7,7,none,car,433,94,3,1,False,0.0037315157,0.5699533,0.0075568603,0.4187583
7,7,none,car,434,94,2,2,True,0.028225299,0.06634926,0.8215731,0.08385237
7,7,none,car,435,94,2,3,False,0.0018392896,0.13600612,0.15501846,0.7071361
7,7,none,car,436,94,3,3,True,0.005664403,0.15465294,0.067167886,0.77251476
7,7,none,car,437,94,3,3,True,0.019717913,0.18482322,0.08874905,0.7067098
7,7,none,car,438,94,2,2,True,0.0058477554,0.2578649,0.57239187,0.16389543
7,7,none,car,439,94,3,3,True,0.007402384,0.17711304,0.043396898,0.77208763
7,7,none,car,440,94,2,2,True,0.021528065,0.20576085,0.66736007,0.105351016
7,7,none,car,441,94,3,3,True,0.0012548522,0.11996201,0.21882471,0.6599585
7,7,none,car,442,94,2,1,False,0.0054417923,0.5593674,0.30031398,0.13487682
7,7,none,car,443,94,2,3,False,0.009209909,0.1691606,0.32515934,0.49647015
7,7,none,car,444,94,0,0,True,0.9969843,0.00045472407,0.0021515635,0.00040946694
7,7,none,car,445,94,1,2,False,0.036495354,0.16413097,0.70585877,0.09351488
7,7,none,car,446,94,1,1,True,0.0006203102,0.9767845,0.009594176,0.013001015
7,7,none,car,447,94,0,0,True,0.92193526,0.006817827,0.06377207,0.0074748574
7,7,none,car,448,94,1,3,False,0.0029260945,0.24091479,0.23158602,0.5245731
7,7,none,car,449,94,0,0,True,0.99120075,0.0008393527,0.004715154,0.003244737
7,7,none,car,450,94,1,1,True,0.003909215,0.9581547,0.0072477628,0.030688358
7,7,none,car,451,94,0,2,False,0.07219976,0.0322122,0.8083741,0.087213896
7,7,none,car,452,94,1,2,False,0.003192913,0.29753774,0.40228516,0.29698414
7,7,none,car,453,94,0,0,True,0.5569888,0.026190931,0.17529514,0.24152516
7,7,none,car,454,94,1,3,False,0.001222711,0.07573305,0.050792966,0.8722513
7,7,none,car,455,94,0,0,True,0.9929182,0.0007584451,0.0028847149,0.0034386436
7,7,none,car,456,94,0,2,False,0.016906196,0.10384144,0.71723914,0.16201323
7,7,none,car,457,94,1,3,False,0.0007589079,0.019802928,0.019390175,0.96004796
7,7,none,car,458,94,0,3,False,0.08209899,0.06414655,0.139937,0.7138175
7,7,none,car,459,94,2,2,True,0.12978256,0.036859218,0.5984348,0.23492347
7,7,none,car,460,94,3,2,False,0.006035954,0.18289399,0.4185907,0.39247933
7,7,none,car,461,94,2,2,True,0.0032035364,0.25873706,0.6063026,0.13175674
7,7,none,car,462,94,3,3,True,0.04745803,0.053481087,0.43423405,0.4648268
7,7,none,car,463,94,2,2,True,0.0105925165,0.36273673,0.5595772,0.0670935
7,7,none,car,464,94,3,3,True,0.014725758,0.09974335,0.3631516,0.5223793
7,7,none,car,465,94,3,3,True,0.009315493,0.045248546,0.172509,0.772927
7,7,none,car,466,94,2,2,True,0.0073548937,0.13957982,0.80022997,0.052835416
7,7,none,car,467,94,2,2,True,0.0044474066,0.13566464,0.46754488,0.392343
7,7,none,car,468,94,3,3,True,0.009418248,0.0577057,0.077030055,0.855846
7,7,none,car,469,94,3,3,True,0.001469715,0.23892437,0.03465143,0.7249545
7,7,none,car,470,94,2,1,False,0.0032599675,0.38794476,0.24382041,0.36497486
7,7,none,car,471,94,2,3,False,0.120930456,0.034378383,0.17356227,0.6711289
7,7,none,car,472,94,3,1,False,0.0012258504,0.51474345,0.1226422,0.36138856
7,7,none,car,473,94,3,2,False,0.0030535392,0.15025315,0.5540161,0.2926772
7,7,none,car,474,95,0,0,True,0.9030367,0.0021954507,0.08141146,0.013356394
7,7,none,car,475,95,1,1,True,0.037201066,0.6457522,0.23502596,0.08202079
7,7,none,car,476,95,1,1,True,0.00038682052,0.997143,0.0023545471,0.000115666844
7,7,none,car,477,95,0,0,True,0.9892818,0.00042304193,0.0036440666,0.006651082
7,7,none,car,478,95,0,0,True,0.9980154,0.00022786201,0.0014698078,0.00028699302
7,7,none,car,479,95,1,1,True,0.009030972,0.68107754,0.13423578,0.17565568
7,7,none,car,480,95,0,0,True,0.9930568,0.0005812758,0.004901349,0.0014605426
7,7,none,car,481,95,1,1,True,0.0052926852,0.6847885,0.100017644,0.2099011
7,7,none,car,482,95,0,0,True,0.8683314,0.0038290548,0.11097831,0.016861249
7,7,none,car,483,95,1,2,False,0.010036476,0.25109595,0.71020144,0.028666206
7,7,none,car,484,95,1,1,True,0.0019492727,0.98577964,0.009749506,0.0025214483
7,7,none,car,485,95,0,0,True,0.9876416,0.0008251716,0.006565137,0.0049681254
7,7,none,car,486,95,0,0,True,0.9938916,0.00058896036,0.0047603347,0.00075910357
7,7,none,car,487,95,1,0,False,0.36337435,0.23623706,0.2742551,0.12613347
7,7,none,car,488,95,1,1,True,0.003826214,0.87637645,0.083600804,0.036196567
7,7,none,car,489,95,2,2,True,0.045832407,0.103953496,0.5233423,0.3268718
7,7,none,car,490,95,3,3,True,0.15491083,0.036791723,0.3012805,0.50701696
7,7,none,car,491,95,2,3,False,0.029859688,0.18242267,0.2653187,0.52239895
7,7,none,car,492,95,3,3,True,0.010493419,0.004457558,0.01945139,0.9655976
7,7,none,car,493,95,3,3,True,0.0050377883,0.012887885,0.010863772,0.9712106
7,7,none,car,494,95,2,0,False,0.5463571,0.039120257,0.27967772,0.13484488
7,7,none,car,495,95,2,3,False,0.0584545,0.12674162,0.3579993,0.45680454
7,7,none,car,496,95,3,3,True,0.27891618,0.014819667,0.009799854,0.6964643
7,7,none,car,497,95,3,3,True,0.015983932,0.10115121,0.015352156,0.86751264
7,7,none,car,498,95,2,3,False,0.03689833,0.06941171,0.39260003,0.50108993
7,7,none,car,499,95,3,3,True,0.0016942179,0.03538012,0.19041762,0.7725081
7,7,none,car,500,95,2,3,False,0.07607933,0.02456312,0.27970487,0.6196527
7,7,none,car,501,95,3,3,True,0.08492946,0.060713686,0.3977574,0.4565994
7,7,none,car,502,95,2,2,True,0.11106197,0.009456716,0.7392762,0.14020517
7,7,none,car,503,95,2,3,False,0.11290284,0.027986249,0.22733392,0.631777
7,7,none,car,504,95,1,1,True,0.00018281903,0.9946443,0.0022181473,0.0029547808
7,7,none,car,505,95,0,0,True,0.9880981,0.00023610894,0.0026588654,0.00900699
7,7,none,car,506,95,1,1,True,0.001800843,0.9843956,0.005988344,0.007815157
7,7,none,car,507,95,0,0,True,0.57216996,0.00963391,0.3260166,0.09217957
7,7,none,car,508,95,0,0,True,0.99809843,0.00017757427,0.0008602275,0.0008638607
7,7,none,car,509,95,1,3,False,0.011620817,0.29783842,0.3156122,0.37492856
7,7,none,car,510,95,1,2,False,0.04065983,0.1742197,0.41291103,0.37220943
7,7,none,car,511,95,0,0,True,0.997332,9.383391e-05,0.0011318331,0.00144237
7,7,none,car,512,95,0,0,True,0.62899303,0.008414231,0.1385657,0.22402704
7,7,none,car,513,95,1,1,True,0.0028338293,0.8611707,0.06886697,0.06712851
7,7,none,car,514,95,0,0,True,0.8845837,0.005510209,0.04602499,0.06388118
7,7,none,car,515,95,1,2,False,0.27277273,0.011022415,0.6006502,0.115554675
7,7,none,car,516,95,0,0,True,0.9912525,0.00061589334,0.0042232005,0.0039084177
7,7,none,car,517,95,1,1,True,0.0017758268,0.9871809,0.0072114947,0.0038318334
7,7,none,car,518,95,0,0,True,0.48327604,0.014569031,0.2531063,0.2490486
7,7,none,car,519,95,3,3,True,0.0014335393,0.039270632,0.21154547,0.74775034
7,7,none,car,520,95,2,2,True,0.22381605,0.01344632,0.46957943,0.2931582
7,7,none,car,521,95,3,3,True,0.0010760352,0.09477291,0.19404896,0.7101021
7,7,none,car,522,95,2,2,True,0.40364122,0.013266133,0.42057672,0.162516
7,7,none,car,523,95,2,2,True,0.034856286,0.051491704,0.79352415,0.12012787
7,7,none,car,524,95,3,2,False,0.0052888114,0.049452487,0.86875457,0.07650409
7,7,none,car,525,95,2,2,True,0.021644082,0.23339954,0.5376252,0.20733121
7,7,none,car,526,95,3,3,True,0.000721639,0.025117015,0.036712777,0.9374485
7,7,none,car,527,95,2,3,False,0.0020207448,0.003934332,0.02105503,0.9729899
7,7,none,car,528,95,3,3,True,0.0030296831,0.018078428,0.13458157,0.84431034
7,7,none,car,529,95,2,2,True,0.08153023,0.025281783,0.74917376,0.14401422
7,7,none,car,530,95,3,3,True,0.38257533,0.013018454,0.18153425,0.42287195
7,7,none,car,531,95,2,3,False,0.0037297679,0.03445053,0.103446454,0.8583733
7,7,none,car,532,95,3,3,True,0.016985267,0.050340388,0.22178127,0.7108931
7,7,none,car,533,95,3,2,False,0.0032809826,0.23523414,0.702596,0.058888897
7,7,none,car,534,95,0,3,False,0.032585636,0.036988888,0.23766093,0.6927645
7,7,none,car,535,95,1,3,False,0.07185393,0.033301644,0.09086641,0.80397797
7,7,none,car,536,95,1,3,False,0.15067933,0.019871647,0.14814627,0.6813027
7,7,none,car,537,95,0,0,True,0.7389207,0.009291398,0.13983645,0.111951485
7,7,none,car,538,95,0,2,False,0.26540682,0.037560772,0.52465975,0.17237268
7,7,none,car,539,95,1,2,False,0.40242806,0.0377462,0.48377666,0.076049
7,7,none,car,540,95,1,3,False,0.003961462,0.07734086,0.07105203,0.84764564
7,7,none,car,541,95,0,2,False,0.13099352,0.01312094,0.829886,0.02599956
7,7,none,car,542,95,0,2,False,0.10596418,0.03717961,0.7259715,0.13088474
7,7,none,car,543,95,1,3,False,0.026225679,0.24042644,0.14747976,0.5858682
7,7,none,car,544,95,0,3,False,0.053305533,0.019014586,0.22445773,0.70322216
7,7,none,car,545,95,1,3,False,0.2954587,0.024380844,0.14965364,0.5305068
7,7,none,car,546,95,1,3,False,0.11033699,0.0072116232,0.19694397,0.6855074
7,7,none,car,547,95,0,2,False,0.023936449,0.08102598,0.7709729,0.12406458
7,7,none,car,548,95,0,0,True,0.8916866,0.0052437596,0.100400455,0.0026690916
7,7,none,car,549,95,2,3,False,0.010317944,0.06677335,0.42402726,0.49888146
7,7,none,car,550,95,3,2,False,0.05702585,0.037845906,0.5246556,0.3804727
7,7,none,car,551,95,3,3,True,0.0027913298,0.050261803,0.058869798,0.8880771
7,7,none,car,552,95,2,3,False,0.08071281,0.017405666,0.12744252,0.7744389
7,7,none,car,553,95,2,2,True,0.0061897547,0.06729531,0.5722388,0.35427615
7,7,none,car,554,95,3,3,True,0.0035313251,0.021770732,0.07474537,0.89995253
7,7,none,car,555,95,2,2,True,0.039036714,0.01591453,0.8786559,0.06639291
7,7,none,car,556,95,3,3,True,0.0114815375,0.1079228,0.034396403,0.8461992
7,7,none,car,557,95,2,2,True,0.05965374,0.02246628,0.5886275,0.32925245
7,7,none,car,558,95,3,3,True,0.012795471,0.08155788,0.2197696,0.6858771
7,7,none,car,559,95,2,2,True,0.025566757,0.04648806,0.57595307,0.35199213
7,7,none,car,560,95,3,3,True,0.023666225,0.029413534,0.4075473,0.5393729
7,7,none,car,561,95,3,2,False,0.042294804,0.08573506,0.5792896,0.29268056
7,7,none,car,562,95,2,2,True,0.0100848945,0.021948265,0.854796,0.11317087
7,7,none,car,563,95,3,3,True,0.0025099763,0.06819725,0.08851946,0.8407733
7,7,none,car,564,96,1,1,True,0.0012107971,0.9907727,0.007358294,0.0006582152
7,7,none,car,565,96,0,0,True,0.77731985,0.07867996,0.09958702,0.044413134
7,7,none,car,566,96,0,0,True,0.9748633,0.00305046,0.016380956,0.0057051815
7,7,none,car,567,96,1,1,True,0.00052315823,0.9581617,0.027234465,0.014080666
7,7,none,car,568,96,1,1,True,6.252976e-05,0.9982161,0.0006120541,0.0011093739
7,7,none,car,569,96,0,0,True,0.79498947,0.01116195,0.15837894,0.035469618
7,7,none,car,570,96,1,1,True,0.0017797708,0.86629534,0.099604584,0.032320324
7,7,none,car,571,96,0,0,True,0.99077994,0.00039816214,0.00483539,0.00398643
7,7,none,car,572,96,0,3,False,0.09534973,0.055958744,0.32917896,0.5195126
7,7,none,car,573,96,1,1,True,0.0018919291,0.9936587,0.0020503292,0.0023990215
7,7,none,car,574,96,1,1,True,0.0017930638,0.986808,0.008493221,0.002905776
7,7,none,car,575,96,0,0,True,0.9741081,0.00046599066,0.02440464,0.0010213219
7,7,none,car,576,96,0,0,True,0.9168998,0.004258534,0.043880973,0.034960654
7,7,none,car,577,96,1,1,True,0.025402248,0.6435724,0.0864402,0.24458519
7,7,none,car,578,96,1,1,True,0.00014776688,0.998126,0.0009018546,0.00082431705
7,7,none,car,579,96,3,3,True,0.0042482764,0.103264354,0.38390407,0.5085833
7,7,none,car,580,96,2,2,True,0.0039978055,0.09395564,0.8840937,0.017952897
7,7,none,car,581,96,3,3,True,0.0057462538,0.024710815,0.30296773,0.66657525
7,7,none,car,582,96,2,2,True,0.05325226,0.18241386,0.5724434,0.1918905
7,7,none,car,583,96,2,2,True,0.3043145,0.021594124,0.5369697,0.13712169
7,7,none,car,584,96,3,3,True,0.023090253,0.04800616,0.34940484,0.57949877
7,7,none,car,585,96,3,3,True,0.011589084,0.05892284,0.226031,0.70345706
7,7,none,car,586,96,2,2,True,0.041736353,0.02009244,0.8623867,0.07578455
7,7,none,car,587,96,3,3,True,0.008979846,0.025806013,0.21814002,0.7470741
7,7,none,car,588,96,2,2,True,0.0019735883,0.10342226,0.8421932,0.052410934
7,7,none,car,589,96,2,2,True,0.0050868327,0.17475761,0.7601843,0.059971318
7,7,none,car,590,96,3,3,True,0.033861242,0.021337572,0.10132467,0.8434765
7,7,none,car,591,96,3,3,True,0.015002474,0.021675209,0.37264204,0.5906803
7,7,none,car,592,96,2,2,True,0.0063442113,0.06905749,0.5676601,0.3569382
7,7,none,car,593,96,3,1,False,0.003288519,0.5823967,0.12912111,0.28519356
7,7,none,car,594,96,0,0,True,0.95122385,0.001500088,0.042357203,0.0049188402
7,7,none,car,595,96,1,1,True,0.013412027,0.8017292,0.12529823,0.059560575
7,7,none,car,596,96,1,3,False,0.0904149,0.23707259,0.27166018,0.4008523
7,7,none,car,597,96,0,0,True,0.8227812,0.0072085774,0.105356514,0.06465366
7,7,none,car,598,96,1,1,True,0.07784933,0.4317263,0.30962226,0.1808021
7,7,none,car,599,96,0,2,False,0.14031762,0.047438208,0.59008056,0.22216356
7,7,none,car,600,96,0,0,True,0.9310579,0.0035167036,0.059726495,0.00569888
7,7,none,car,601,96,1,1,True,0.0013842935,0.9195982,0.041409183,0.037608266
7,7,none,car,602,96,0,0,True,0.6569559,0.035815947,0.18635035,0.120877855
7,7,none,car,603,96,1,1,True,0.0030574186,0.97128344,0.023145637,0.0025135397
7,7,none,car,604,96,1,1,True,0.00028107176,0.989193,0.0048427815,0.0056831115
7,7,none,car,605,96,0,0,True,0.85486144,0.007930733,0.06729763,0.06991024
7,7,none,car,606,96,1,1,True,0.004407521,0.6385967,0.30731088,0.049684823
7,7,none,car,607,96,0,3,False,0.17990954,0.017847486,0.37930858,0.42293432
7,7,none,car,608,96,0,0,True,0.59297085,0.01617966,0.18937686,0.20147258
7,7,none,car,609,96,3,3,True,0.020632666,0.00815328,0.13419348,0.8370205
7,7,none,car,610,96,2,2,True,0.00613073,0.024382716,0.9099687,0.05951797
7,7,none,car,611,96,3,2,False,0.0387275,0.019115016,0.8508845,0.09127291
7,7,none,car,612,96,2,0,False,0.627952,0.019748025,0.18575458,0.16654535
7,7,none,car,613,96,3,1,False,0.0012246736,0.74323475,0.046206053,0.20933461
7,7,none,car,614,96,2,2,True,0.01262827,0.019845452,0.83796144,0.12956482
7,7,none,car,615,96,2,2,True,0.011679479,0.019433368,0.7973027,0.17158438
7,7,none,car,616,96,3,2,False,0.0049871537,0.043858673,0.7072072,0.24394698
7,7,none,car,617,96,2,2,True,0.0031302848,0.12430759,0.75947887,0.11308324
7,7,none,car,618,96,3,3,True,0.074619696,0.019045476,0.22342336,0.6829114
7,7,none,car,619,96,2,2,True,0.013698362,0.055626422,0.7968843,0.13379097
7,7,none,car,620,96,3,3,True,0.0054728263,0.0052552116,0.03405052,0.9552215
7,7,none,car,621,96,2,2,True,0.11862729,0.039965186,0.6285771,0.21283041
7,7,none,car,622,96,3,3,True,0.012932168,0.003534194,0.02036411,0.9631696
7,7,none,car,623,96,3,3,True,0.009172222,0.020075768,0.36188194,0.6088701
7,7,none,car,624,96,1,1,True,0.0050977827,0.9747721,0.010018186,0.010111883
7,7,none,car,625,96,0,0,True,0.8642675,0.0043093017,0.118932985,0.012490296
7,7,none,car,626,96,1,2,False,0.002558745,0.045012027,0.86162204,0.09080724
7,7,none,car,627,96,0,2,False,0.044210933,0.1927536,0.7571254,0.0059101162
7,7,none,car,628,96,1,1,True,0.0009728915,0.9130058,0.02980225,0.056219
7,7,none,car,629,96,0,2,False,0.258404,0.10503756,0.3979297,0.2386287
7,7,none,car,630,96,0,0,True,0.88445294,0.0033842889,0.1043632,0.007799674
7,7,none,car,631,96,1,2,False,0.019062005,0.22793615,0.6756628,0.077339
7,7,none,car,632,96,1,1,True,0.0024833423,0.98025995,0.005615063,0.011641651
7,7,none,car,633,96,0,0,True,0.42242038,0.046225995,0.2208019,0.31055176
7,7,none,car,634,96,0,0,True,0.9791531,0.0005267247,0.018547151,0.0017730178
7,7,none,car,635,96,1,1,True,0.0054604425,0.6502777,0.25998372,0.08427815
7,7,none,car,636,96,1,1,True,0.008539403,0.48366627,0.4556375,0.05215678
7,7,none,car,637,96,0,3,False,0.1503131,0.0069283703,0.06070366,0.78205484
7,7,none,car,638,96,0,3,False,0.14471097,0.017638285,0.29175285,0.5458979
7,7,none,car,639,96,2,1,False,0.0015948623,0.51324207,0.4731138,0.012049292
7,7,none,car,640,96,3,2,False,0.012313827,0.2108052,0.4439564,0.3329245
7,7,none,car,641,96,2,3,False,0.015970038,0.03103216,0.056742415,0.8962554
7,7,none,car,642,96,3,3,True,0.052178968,0.30733624,0.18870233,0.45178246
7,7,none,car,643,96,3,3,True,0.15841146,0.014244308,0.09265365,0.7346906
7,7,none,car,644,96,2,2,True,0.040279455,0.021866674,0.9299622,0.007891707
7,7,none,car,645,96,3,3,True,0.031817336,0.1355526,0.12504312,0.7075869
7,7,none,car,646,96,2,2,True,0.017460477,0.18649991,0.7503374,0.04570224
7,7,none,car,647,96,2,2,True,0.019365467,0.077620104,0.79145235,0.11156204
7,7,none,car,648,96,3,3,True,0.029386021,0.023365315,0.291632,0.6556167
7,7,none,car,649,96,2,2,True,0.025760068,0.033221353,0.8401902,0.10082844
7,7,none,car,650,96,3,3,True,0.10887742,0.034380406,0.11092142,0.7458207
7,7,none,car,651,96,2,2,True,0.020419393,0.121226296,0.6956966,0.16265774
7,7,none,car,652,96,3,2,False,0.06301011,0.114593536,0.65943503,0.16296132
7,7,none,car,653,96,3,1,False,0.0069987476,0.60382456,0.20860948,0.18056726
7,7,none,car,654,97,0,0,True,0.8062366,0.029019125,0.14718142,0.017562786
7,7,none,car,655,97,1,1,True,0.0012595805,0.99167836,0.0032714384,0.0037905928
7,7,none,car,656,97,1,1,True,0.0006292421,0.99343663,0.004981937,0.0009520933
7,7,none,car,657,97,0,2,False,0.115464754,0.06753342,0.7905195,0.02648228
7,7,none,car,658,97,0,0,True,0.88231796,0.019372722,0.06478873,0.033520453
7,7,none,car,659,97,1,1,True,0.00018804897,0.9986854,0.0008701555,0.000256271
7,7,none,car,660,97,0,2,False,0.024441957,0.08988637,0.8620217,0.02365004
7,7,none,car,661,97,1,1,True,0.00037988965,0.98834175,0.008320472,0.0029580193
7,7,none,car,662,97,0,2,False,0.0073232823,0.1001683,0.7722383,0.120270036
7,7,none,car,663,97,1,2,False,0.0635579,0.21506502,0.51830673,0.20307039
7,7,none,car,664,97,1,1,True,0.00020344749,0.99901474,0.00036607732,0.00041575902
7,7,none,car,665,97,0,0,True,0.73550326,0.031799607,0.12959187,0.10310527
7,7,none,car,666,97,1,2,False,0.0048651416,0.10069048,0.69861287,0.19583157
7,7,none,car,667,97,0,2,False,0.03325235,0.27477464,0.4956578,0.19631521
7,7,none,car,668,97,0,0,True,0.95867306,0.0069146114,0.029650742,0.004761597
7,7,none,car,669,97,3,3,True,0.00581023,0.0930317,0.10522178,0.7959363
7,7,none,car,670,97,2,2,True,0.07743298,0.09197588,0.5183297,0.31226143
7,7,none,car,671,97,3,3,True,0.006139262,0.04971008,0.14505169,0.7990989
7,7,none,car,672,97,2,1,False,0.0012849338,0.9161329,0.04535507,0.03722699
7,7,none,car,673,97,3,1,False,0.013618558,0.9505903,0.011049805,0.024741363
7,7,none,car,674,97,2,2,True,0.0036107793,0.3954937,0.51119405,0.08970147
7,7,none,car,675,97,3,2,False,0.0032190157,0.13828535,0.7899811,0.06851447
7,7,none,car,676,97,2,1,False,0.010154176,0.56722385,0.26947147,0.15315047
7,7,none,car,677,97,3,3,True,0.0020105536,0.39048687,0.11790349,0.4895991
7,7,none,car,678,97,2,1,False,0.0073828595,0.5641745,0.34932017,0.079122566
7,7,none,car,679,97,3,3,True,0.0034009928,0.11119527,0.20007974,0.68532395
7,7,none,car,680,97,2,3,False,0.021844774,0.048200198,0.045982085,0.88397294
7,7,none,car,681,97,3,3,True,0.00945391,0.20013839,0.36814946,0.42225826
7,7,none,car,682,97,2,1,False,0.0003998671,0.94683033,0.035995413,0.016774358
7,7,none,car,683,97,2,1,False,0.0032576746,0.7445415,0.14770748,0.10449328
7,7,none,car,684,97,0,2,False,0.009472166,0.21304698,0.6991348,0.078346
7,7,none,car,685,97,1,1,True,0.012046345,0.9681846,0.018120399,0.0016486447
7,7,none,car,686,97,1,1,True,0.00038092028,0.9969999,0.0012945503,0.001324621
7,7,none,car,687,97,0,2,False,0.20316754,0.019927246,0.627227,0.14967817
7,7,none,car,688,97,1,1,True,0.0015135873,0.5733165,0.33434734,0.090822555
7,7,none,car,689,97,0,3,False,0.22441716,0.14065307,0.25969997,0.37522975
7,7,none,car,690,97,1,3,False,0.004323441,0.23466703,0.33284116,0.42816833
7,7,none,car,691,97,0,2,False,0.0074757873,0.26162934,0.6322189,0.09867599
7,7,none,car,692,97,1,1,True,0.004555852,0.86469895,0.06353111,0.067214146
7,7,none,car,693,97,0,3,False,0.12947933,0.06159722,0.29312357,0.5157999
7,7,none,car,694,97,0,0,True,0.92112076,0.008856781,0.053904716,0.016117828
7,7,none,car,695,97,1,1,True,0.0008708309,0.6533245,0.21116568,0.13463905
7,7,none,car,696,97,0,3,False,0.008385526,0.2711412,0.02091986,0.69955343
7,7,none,car,697,97,1,1,True,0.0039997334,0.95569915,0.008077227,0.03222394
7,7,none,car,698,97,1,1,True,0.0014442424,0.87843484,0.0035200997,0.11660089
7,7,none,car,699,97,3,1,False,0.008403012,0.5648299,0.08949837,0.33726877
7,7,none,car,700,97,2,2,True,0.015812641,0.058772326,0.8273238,0.0980912
7,7,none,car,701,97,2,2,True,0.011125737,0.028834267,0.6862233,0.27381665
7,7,none,car,702,97,3,1,False,0.0040073423,0.462991,0.43205902,0.100942664
7,7,none,car,703,97,3,2,False,0.02161743,0.16343671,0.64493203,0.17001389
7,7,none,car,704,97,2,2,True,0.09277373,0.31206378,0.48306486,0.11209764
7,7,none,car,705,97,2,2,True,0.002000668,0.2278636,0.63920414,0.13093157
7,7,none,car,706,97,3,2,False,0.061992012,0.1353335,0.43043464,0.3722399
7,7,none,car,707,97,2,3,False,0.02110033,0.11707312,0.4229911,0.43883544
7,7,none,car,708,97,3,1,False,0.0033990631,0.5143249,0.1133237,0.3689523
7,7,none,car,709,97,3,2,False,0.03227368,0.06551665,0.6986353,0.20357439
7,7,none,car,710,97,2,2,True,0.017126588,0.2946427,0.48715872,0.20107198
7,7,none,car,711,97,3,3,True,0.012200333,0.094257385,0.16037966,0.73316264
7,7,none,car,712,97,2,2,True,0.018526293,0.14221178,0.55440223,0.28485972
7,7,none,car,713,97,3,2,False,0.007854841,0.23767817,0.5012119,0.25325513
7,7,none,car,714,97,1,2,False,0.0037361141,0.28268194,0.60533595,0.10824598
7,7,none,car,715,97,0,2,False,0.006076263,0.43082455,0.52849245,0.03460676
7,7,none,car,716,97,1,2,False,0.004187681,0.24649712,0.6646769,0.084638275
7,7,none,car,717,97,0,0,True,0.62495875,0.23184972,0.07964924,0.063542254
7,7,none,car,718,97,1,2,False,0.010064728,0.09044707,0.67874,0.22074819
7,7,none,car,719,97,0,2,False,0.13978408,0.08483283,0.63103956,0.14434351
7,7,none,car,720,97,0,0,True,0.87219924,0.009539686,0.024388097,0.09387302
7,7,none,car,721,97,1,1,True,0.0009635377,0.92454344,0.022534253,0.051958792
7,7,none,car,722,97,1,1,True,0.0012152196,0.97542715,0.00500238,0.01835521
7,7,none,car,723,97,0,0,True,0.58021283,0.15664436,0.18845692,0.07468584
7,7,none,car,724,97,1,1,True,0.0017276866,0.57094336,0.35363072,0.07369824
7,7,none,car,725,97,0,0,True,0.44932956,0.06111791,0.22486904,0.26468349
7,7,none,car,726,97,0,0,True,0.8958104,0.010999569,0.08006303,0.013126911
7,7,none,car,727,97,1,2,False,0.005994585,0.13132998,0.68318385,0.17949155
7,7,none,car,728,97,0,2,False,0.13481234,0.05588356,0.60571545,0.2035886
7,7,none,car,729,97,3,2,False,0.03912557,0.12299005,0.41906804,0.41881636
7,7,none,car,730,97,2,1,False,0.001200001,0.9499967,0.034005404,0.014797819
7,7,none,car,731,97,2,2,True,0.025418496,0.09885948,0.83880526,0.036916785
7,7,none,car,732,97,3,2,False,0.006952374,0.07266706,0.6815355,0.23884505
7,7,none,car,733,97,2,2,True,0.012910583,0.23289746,0.59720665,0.15698534
7,7,none,car,734,97,3,3,True,0.005285606,0.10152281,0.19367136,0.69952023
7,7,none,car,735,97,2,2,True,0.08428062,0.038874574,0.477502,0.39934283
7,7,none,car,736,97,3,1,False,0.014587621,0.41692933,0.1766924,0.39179063
7,7,none,car,737,97,3,3,True,0.01973237,0.032981798,0.15538988,0.791896
7,7,none,car,738,97,2,2,True,0.03034269,0.08390461,0.68942773,0.19632497
7,7,none,car,739,97,3,3,True,0.023019504,0.05350615,0.2824035,0.6410709
7,7,none,car,740,97,2,1,False,0.0054625636,0.5671813,0.299826,0.12753022
7,7,none,car,741,97,2,2,True,0.009243709,0.26438707,0.5199475,0.20642169
7,7,none,car,742,97,3,2,False,0.0050382707,0.05117882,0.57327116,0.37051174
7,7,none,car,743,97,2,2,True,0.019558707,0.24329765,0.48809865,0.249045
7,7,none,car,744,98,0,0,True,0.9548468,0.005153316,0.032342445,0.007657412
7,7,none,car,745,98,1,1,True,0.027543114,0.6395983,0.29153916,0.041319437
7,7,none,car,746,98,1,1,True,0.009478468,0.96409357,0.0154705485,0.010957446
7,7,none,car,747,98,0,3,False,0.22451206,0.08755012,0.22940521,0.45853263
7,7,none,car,748,98,0,0,True,0.5215783,0.08159052,0.227985,0.16884622
7,7,none,car,749,98,1,1,True,0.016184488,0.68330467,0.124776006,0.1757349
7,7,none,car,750,98,1,1,True,0.0019691577,0.9882129,0.0023390884,0.0074787643
7,7,none,car,751,98,0,3,False,0.03305416,0.30132237,0.30904284,0.3565806
7,7,none,car,752,98,1,1,True,0.019787513,0.82101136,0.11470587,0.044495273
7,7,none,car,753,98,0,2,False,0.14488196,0.32373717,0.44089845,0.09048247
7,7,none,car,754,98,1,1,True,0.010124513,0.9429113,0.012878928,0.034085173
7,7,none,car,755,98,0,1,False,0.019860236,0.45099896,0.31730348,0.2118373
7,7,none,car,756,98,0,2,False,0.024616348,0.27775753,0.56470865,0.13291743
7,7,none,car,757,98,1,3,False,0.030873362,0.37512016,0.19590458,0.3981019
7,7,none,car,758,98,0,2,False,0.054810066,0.26676488,0.34520885,0.33321616
7,7,none,car,759,98,3,3,True,0.0037325902,0.006817961,0.0042728437,0.98517656
7,7,none,car,760,98,2,3,False,0.067028984,0.07551239,0.20870966,0.648749
7,7,none,car,761,98,3,3,True,0.008160493,0.030137552,0.038388755,0.9233132
7,7,none,car,762,98,2,1,False,0.0074882894,0.9513795,0.021339666,0.019792562
7,7,none,car,763,98,2,2,True,0.07849173,0.2525775,0.50316447,0.1657663
7,7,none,car,764,98,3,3,True,0.009725522,0.2706089,0.10625062,0.61341494
7,7,none,car,765,98,2,2,True,0.10752461,0.19617903,0.5065202,0.18977618
7,7,none,car,766,98,3,1,False,0.009747138,0.50143063,0.06971634,0.41910586
7,7,none,car,767,98,2,3,False,0.09516809,0.22739051,0.31928155,0.35815987
7,7,none,car,768,98,3,3,True,0.0050441227,0.10094927,0.019872759,0.8741338
7,7,none,car,769,98,3,3,True,0.10655927,0.08505358,0.16811247,0.6402747
7,7,none,car,770,98,2,2,True,0.01569205,0.39211386,0.4224761,0.16971797
7,7,none,car,771,98,2,3,False,0.16415863,0.06878498,0.260593,0.5064634
7,7,none,car,772,98,3,1,False,0.084371015,0.7399023,0.029464588,0.14626215
7,7,none,car,773,98,3,3,True,0.0071906345,0.15883836,0.10718998,0.726781
7,7,none,car,774,98,1,1,True,0.014284631,0.8739564,0.055953745,0.05580524
7,7,none,car,775,98,0,2,False,0.06178955,0.15341002,0.40205643,0.38274404
7,7,none,car,776,98,0,0,True,0.8954653,0.017456442,0.057149515,0.02992864
7,7,none,car,777,98,1,1,True,0.011523732,0.95179987,0.00946388,0.027212564
7,7,none,car,778,98,0,0,True,0.85263044,0.07404408,0.019212568,0.05411287
7,7,none,car,779,98,1,2,False,0.025682284,0.15737696,0.42356825,0.3933725
7,7,none,car,780,98,1,1,True,0.004017024,0.6445146,0.09071322,0.26075506
7,7,none,car,781,98,0,3,False,0.22804834,0.13610302,0.22794409,0.40790457
7,7,none,car,782,98,0,0,True,0.43936193,0.11393528,0.31801957,0.12868318
7,7,none,car,783,98,1,1,True,0.014638866,0.7681264,0.03704355,0.18019119
7,7,none,car,784,98,0,0,True,0.5404146,0.049478672,0.1651927,0.24491407
7,7,none,car,785,98,1,1,True,0.020116717,0.8464483,0.06171995,0.071715035
7,7,none,car,786,98,1,1,True,0.0042507024,0.91911066,0.0042237956,0.072414845
7,7,none,car,787,98,0,0,True,0.97612745,0.002797065,0.013564367,0.0075111026
7,7,none,car,788,98,0,2,False,0.10676267,0.17683959,0.4972682,0.21912946
7,7,none,car,789,98,3,3,True,0.00825078,0.06941552,0.17020124,0.7521325
7,7,none,car,790,98,2,2,True,0.070567206,0.04729387,0.5375508,0.3445881
7,7,none,car,791,98,3,3,True,0.044157416,0.071965106,0.17541467,0.70846283
7,7,none,car,792,98,2,2,True,0.020162834,0.22579832,0.69320256,0.060836222
7,7,none,car,793,98,2,2,True,0.04753289,0.28481936,0.34564885,0.3219989
7,7,none,car,794,98,3,3,True,0.027689366,0.3367885,0.039241858,0.5962803
7,7,none,car,795,98,2,3,False,0.039165247,0.13581266,0.2691632,0.5558589
7,7,none,car,796,98,3,3,True,0.022731565,0.041047476,0.02211501,0.914106
7,7,none,car,797,98,3,3,True,0.048746116,0.037354343,0.19172388,0.72217566
7,7,none,car,798,98,2,3,False,0.02205226,0.15248342,0.21100529,0.61445904
7,7,none,car,799,98,2,2,True,0.13935286,0.15440628,0.5059725,0.20026834
7,7,none,car,800,98,3,1,False,0.05848085,0.8279959,0.06735736,0.046165917
7,7,none,car,801,98,2,3,False,0.029392289,0.0773071,0.16595066,0.72735
7,7,none,car,802,98,3,3,True,0.005233668,0.039649613,0.03948657,0.91563016
7,7,none,car,803,98,3,3,True,0.08322455,0.08112191,0.31419984,0.5214537
7,7,none,car,804,98,0,3,False,0.044004846,0.2586033,0.32670766,0.37068424
7,7,none,car,805,98,1,3,False,0.022412017,0.06033468,0.10242159,0.81483173
7,7,none,car,806,98,1,3,False,0.20199738,0.08006014,0.3029589,0.41498357
7,7,none,car,807,98,0,2,False,0.04498405,0.18426517,0.55070716,0.22004364
7,7,none,car,808,98,0,1,False,0.0021099974,0.98772055,0.0045685386,0.0056009
7,7,none,car,809,98,1,3,False,0.0077338163,0.016358739,0.023900688,0.9520068
7,7,none,car,810,98,1,3,False,0.066571824,0.0058643324,0.017113496,0.91045034
7,7,none,car,811,98,0,3,False,0.117210895,0.16299503,0.3251588,0.39463532
7,7,none,car,812,98,0,3,False,0.0704977,0.30642304,0.29456323,0.32851604
7,7,none,car,813,98,1,0,False,0.97288257,0.008085261,0.0030186113,0.016013434
7,7,none,car,814,98,0,3,False,0.027171899,0.1949643,0.18050258,0.5973612
7,7,none,car,815,98,1,3,False,0.07365895,0.08061124,0.13909976,0.7066301
7,7,none,car,816,98,1,3,False,0.30731422,0.10981166,0.14943683,0.43343726
7,7,none,car,817,98,0,1,False,0.006368344,0.5112767,0.371472,0.110882886
7,7,none,car,818,98,1,1,True,0.08469666,0.50040793,0.28722262,0.12767278
7,7,none,car,819,98,2,3,False,0.19234455,0.085983984,0.14999898,0.5716725
7,7,none,car,820,98,3,1,False,0.00075292366,0.99790585,0.0006890795,0.0006521762
7,7,none,car,821,98,3,1,False,0.009349891,0.5631948,0.073015235,0.35443997
7,7,none,car,822,98,2,3,False,0.23525706,0.048500955,0.09460687,0.62163514
7,7,none,car,823,98,2,3,False,0.06161536,0.11046389,0.2713511,0.5565697
7,7,none,car,824,98,3,2,False,0.00784932,0.1435736,0.55367464,0.29490247
7,7,none,car,825,98,3,3,True,0.03202746,0.050051577,0.07287864,0.8450423
7,7,none,car,826,98,2,3,False,0.14352766,0.105904944,0.21548904,0.53507835
7,7,none,car,827,98,3,1,False,0.0123715615,0.5431905,0.03586907,0.40856883
7,7,none,car,828,98,2,3,False,0.1747392,0.24412265,0.17608947,0.40504867
7,7,none,car,829,98,3,3,True,0.0506271,0.14851002,0.09741012,0.70345277
7,7,none,car,830,98,2,3,False,0.24117571,0.016971234,0.059010986,0.682842
7,7,none,car,831,98,3,3,True,0.0335267,0.15352082,0.25484008,0.5581124
7,7,none,car,832,98,2,0,False,0.7485623,0.053377263,0.120256685,0.07780375
7,7,none,car,833,98,3,1,False,0.053193495,0.88790804,0.037001073,0.02189743
7,7,none,car,834,99,1,3,False,0.03728615,0.34244475,0.11494927,0.50531983
7,7,none,car,835,99,0,2,False,0.30452925,0.013094197,0.6185494,0.06382713
7,7,none,car,836,99,0,0,True,0.6736159,0.0223414,0.20374098,0.100301675
7,7,none,car,837,99,1,3,False,0.026989821,0.40574217,0.047558643,0.5197094
7,7,none,car,838,99,0,1,False,0.02323101,0.38842118,0.3314199,0.25692794
7,7,none,car,839,99,1,1,True,0.022412919,0.5763764,0.14050312,0.2607076
7,7,none,car,840,99,1,3,False,0.09821401,0.06808181,0.13908578,0.6946184
7,7,none,car,841,99,0,3,False,0.036734294,0.10902467,0.37774098,0.47650003
7,7,none,car,842,99,0,1,False,0.060350377,0.60631555,0.12604056,0.20729348
7,7,none,car,843,99,1,3,False,0.08258089,0.048214175,0.3112404,0.5579645
7,7,none,car,844,99,1,1,True,0.0016237716,0.9892582,0.004100128,0.0050178366
7,7,none,car,845,99,0,1,False,0.017766457,0.59434164,0.16931702,0.21857487
7,7,none,car,846,99,1,1,True,0.028666625,0.42125842,0.33769011,0.21238488
7,7,none,car,847,99,0,2,False,0.12099976,0.028662084,0.5043058,0.34603238
7,7,none,car,848,99,1,1,True,0.013690563,0.61361575,0.10381207,0.26888162
7,7,none,car,849,99,3,2,False,0.010383834,0.26778308,0.54346937,0.17836373
7,7,none,car,850,99,2,3,False,0.03990896,0.06788947,0.27241734,0.6197843
7,7,none,car,851,99,3,2,False,0.04275003,0.118097804,0.53840435,0.30074778
7,7,none,car,852,99,2,2,True,0.022606378,0.04902862,0.8756392,0.052725736
7,7,none,car,853,99,3,2,False,0.05122118,0.05578738,0.7412668,0.15172467
7,7,none,car,854,99,2,2,True,0.14216144,0.091690764,0.7048796,0.061268255
7,7,none,car,855,99,3,0,False,0.6454446,0.02886031,0.26752478,0.05817039
7,7,none,car,856,99,2,0,False,0.71860915,0.01874943,0.20327342,0.059367888
7,7,none,car,857,99,2,3,False,0.110846415,0.16887732,0.32299963,0.39727664
7,7,none,car,858,99,3,3,True,0.24003454,0.037262376,0.17300175,0.54970133
7,7,none,car,859,99,3,2,False,0.071612395,0.2501125,0.40513512,0.27313995
7,7,none,car,860,99,2,3,False,0.05011001,0.13188101,0.2533401,0.5646689
7,7,none,car,861,99,2,2,True,0.31169862,0.05530019,0.529578,0.103423245
7,7,none,car,862,99,3,3,True,0.045620993,0.120341726,0.3202575,0.5137798
7,7,none,car,863,99,3,3,True,0.07707944,0.034014728,0.06405278,0.82485306
7,7,none,car,864,99,0,0,True,0.75501233,0.010621189,0.10035337,0.13401313
7,7,none,car,865,99,1,2,False,0.3111131,0.10409569,0.3479154,0.23687583
7,7,none,car,866,99,0,0,True,0.51067823,0.031605463,0.2664371,0.19127925
7,7,none,car,867,99,1,1,True,0.0069613256,0.98127234,0.002719434,0.009046821
7,7,none,car,868,99,1,1,True,0.012395297,0.9211816,0.01099302,0.055430043
7,7,none,car,869,99,0,0,True,0.7517713,0.004369522,0.07623618,0.1676231
7,7,none,car,870,99,1,0,False,0.7566308,0.030238371,0.188741,0.024389816
7,7,none,car,871,99,0,0,True,0.52579945,0.029482959,0.4187013,0.02601635
7,7,none,car,872,99,1,2,False,0.03190615,0.08895855,0.7478346,0.13130073
7,7,none,car,873,99,0,0,True,0.59886056,0.07124835,0.104738064,0.22515301
7,7,none,car,874,99,1,0,False,0.45822978,0.03531787,0.16591005,0.34054238
7,7,none,car,875,99,0,0,True,0.5502834,0.031421565,0.28028554,0.13800956
7,7,none,car,876,99,1,2,False,0.1264434,0.037673105,0.7279324,0.10795106
7,7,none,car,877,99,0,0,True,0.8270806,0.012971697,0.060937073,0.09901059
7,7,none,car,878,99,0,0,True,0.9803191,0.00090442185,0.007814302,0.010962187
7,7,none,car,879,99,2,3,False,0.03565897,0.05416365,0.05592689,0.8542505
7,7,none,car,880,99,3,3,True,0.06815368,0.09644252,0.3398558,0.495548
7,7,none,car,881,99,2,2,True,0.02900296,0.2713309,0.48923025,0.21043582
7,7,none,car,882,99,3,3,True,0.088729724,0.025504632,0.3109093,0.5748564
7,7,none,car,883,99,3,0,False,0.7750862,0.016330298,0.2050769,0.0035064884
7,7,none,car,884,99,2,0,False,0.6545697,0.026621968,0.283038,0.03577035
7,7,none,car,885,99,3,0,False,0.5254064,0.013774436,0.38374454,0.07707464
7,7,none,car,886,99,2,0,False,0.45977154,0.035336357,0.23260657,0.2722855
7,7,none,car,887,99,2,3,False,0.099785216,0.26345977,0.045067366,0.5916877
7,7,none,car,888,99,3,3,True,0.22726478,0.08824983,0.053689152,0.6307962
7,7,none,car,889,99,2,0,False,0.5241052,0.05207852,0.07037374,0.35344246
7,7,none,car,890,99,3,3,True,0.118735686,0.01901362,0.19205394,0.6701968
7,7,none,car,891,99,2,2,True,0.06302305,0.05505294,0.5038698,0.37805423
7,7,none,car,892,99,3,3,True,0.037925698,0.1488507,0.23879813,0.5744255
7,7,none,car,893,99,3,3,True,0.042209093,0.036350477,0.1104703,0.81097007
7,7,none,car,894,99,0,0,True,0.96872014,0.0014066896,0.021911083,0.007962188
7,7,none,car,895,99,1,0,False,0.71341366,0.042865466,0.17085707,0.07286378
7,7,none,car,896,99,0,3,False,0.07985795,0.053586967,0.24320133,0.6233538
7,7,none,car,897,99,1,2,False,0.35200977,0.06730678,0.5417445,0.038939036
7,7,none,car,898,99,1,1,True,0.0364981,0.7429384,0.13564049,0.08492311
7,7,none,car,899,99,0,2,False,0.2505462,0.015688024,0.3830338,0.35073197
7,7,none,car,900,99,0,0,True,0.6361485,0.013768472,0.27032256,0.079760395
7,7,none,car,901,99,1,2,False,0.017002163,0.37034962,0.4087863,0.20386186
7,7,none,car,902,99,0,2,False,0.0674457,0.096278965,0.8232736,0.013001773
7,7,none,car,903,99,1,3,False,0.036132228,0.11778988,0.13860321,0.7074747
7,7,none,car,904,99,1,2,False,0.01711944,0.34943017,0.44566232,0.18778811
7,7,none,car,905,99,0,0,True,0.5314038,0.007602807,0.4426713,0.018322093
7,7,none,car,906,99,0,3,False,0.401771,0.028921189,0.07179106,0.49751675
7,7,none,car,907,99,1,2,False,0.03462739,0.22993396,0.55211115,0.18332757
7,7,none,car,908,99,1,2,False,0.055931143,0.12917607,0.60468894,0.21020383
7,7,none,car,909,99,2,3,False,0.036567394,0.08220271,0.29987565,0.58135426
7,7,none,car,910,99,3,1,False,0.047755644,0.65159607,0.0769599,0.22368841
7,7,none,car,911,99,2,1,False,0.02055238,0.45815048,0.28698236,0.23431481
7,7,none,car,912,99,3,2,False,0.044440243,0.11854043,0.653038,0.18398134
7,7,none,car,913,99,3,3,True,0.031711914,0.06394878,0.21317802,0.6911613
7,7,none,car,914,99,2,3,False,0.07226325,0.048641097,0.18913507,0.6899606
7,7,none,car,915,99,2,2,True,0.09577973,0.0767697,0.5510655,0.27638507
7,7,none,car,916,99,3,2,False,0.050332945,0.071653925,0.48109218,0.39692104
7,7,none,car,917,99,3,0,False,0.44530702,0.019157426,0.18352512,0.3520104
7,7,none,car,918,99,2,2,True,0.36930302,0.025572862,0.54358715,0.06153693
7,7,none,car,919,99,3,2,False,0.19412692,0.053107765,0.45033896,0.30242637
7,7,none,car,920,99,2,2,True,0.13016467,0.034215264,0.72616565,0.1094544
7,7,none,car,921,99,3,2,False,0.018735059,0.07631126,0.7109593,0.19399431
7,7,none,car,922,99,2,2,True,0.06912347,0.1382709,0.6109589,0.1816468
7,7,none,car,923,99,3,3,True,0.27167538,0.10461312,0.27890477,0.34480673
7,7,none,car,924,100,0,0,True,0.9972458,0.0005215692,0.00081536354,0.0014172617
7,7,none,car,925,100,1,3,False,0.033392493,0.15716098,0.18679792,0.6226486
7,7,none,car,926,100,1,1,True,0.0017020995,0.9946849,0.002076241,0.0015367131
7,7,none,car,927,100,0,3,False,0.017999955,0.4262813,0.07324577,0.482473
7,7,none,car,928,100,0,0,True,0.99438804,0.0019070911,0.0021589296,0.0015458375
7,7,none,car,929,100,1,1,True,0.022914866,0.3594179,0.353029,0.26463822
7,7,none,car,930,100,0,0,True,0.98838335,0.001164515,0.003848023,0.0066041253
7,7,none,car,931,100,1,1,True,0.028905561,0.68338436,0.12558831,0.16212185
7,7,none,car,932,100,1,1,True,0.00054937234,0.9979625,0.0010210065,0.00046714468
7,7,none,car,933,100,0,2,False,0.15035501,0.29195297,0.41584668,0.14184533
7,7,none,car,934,100,1,1,True,0.023901513,0.76458365,0.16443452,0.047080245
7,7,none,car,935,100,0,2,False,0.07524281,0.038327925,0.8852145,0.0012147404
7,7,none,car,936,100,3,3,True,0.008742356,0.023403337,0.005090348,0.962764
7,7,none,car,937,100,2,0,False,0.48391855,0.06587793,0.26826212,0.18194133
7,7,none,car,938,100,3,3,True,0.12240187,0.017475879,0.057090376,0.80303186
7,7,none,car,939,100,2,2,True,0.1587861,0.27826166,0.46029437,0.10265789
7,7,none,car,940,100,3,3,True,0.17648052,0.07403796,0.19282112,0.55666035
7,7,none,car,941,100,2,2,True,0.0702912,0.05993015,0.86003697,0.009741667
7,7,none,car,942,100,3,3,True,0.18361378,0.22075044,0.17151551,0.42412028
7,7,none,car,943,100,2,2,True,0.276417,0.027686503,0.6860031,0.009893377
7,7,none,car,944,100,3,2,False,0.15843064,0.17708051,0.58900017,0.075488746
7,7,none,car,945,100,2,2,True,0.083390996,0.10997589,0.789266,0.017367085
7,7,none,car,946,100,3,1,False,0.00038864627,0.99779415,0.0012273387,0.0005899996
7,7,none,car,947,100,2,1,False,0.056478348,0.7033689,0.12973289,0.110419884
7,7,none,car,948,100,1,1,True,0.00051861926,0.9980089,0.0010462642,0.00042625566
7,7,none,car,949,100,0,0,True,0.8771426,0.015445397,0.09337437,0.014037567
7,7,none,car,950,100,0,0,True,0.97645354,0.007077434,0.012210385,0.0042587123
7,7,none,car,951,100,1,1,True,0.073165156,0.46836576,0.31644475,0.14202431
7,7,none,car,952,100,1,1,True,0.005549094,0.9673738,0.005559474,0.021517642
7,7,none,car,953,100,0,3,False,0.10253897,0.25409877,0.31021917,0.33314314
7,7,none,car,954,100,0,0,True,0.7013951,0.054473203,0.018908612,0.22522303
7,7,none,car,955,100,1,1,True,0.0007528018,0.9963636,0.00083182973,0.0020519008
7,7,none,car,956,100,1,1,True,0.0023711491,0.99287206,0.0019115789,0.0028452647
7,7,none,car,957,100,0,1,False,0.050301686,0.70200473,0.16859518,0.079098396
7,7,none,car,958,100,0,0,True,0.9426064,0.011594123,0.03228198,0.013517583
7,7,none,car,959,100,1,1,True,0.0005029364,0.99894685,0.0003898009,0.0001605563
7,7,none,car,960,100,3,3,True,0.018813053,0.05914099,0.04673834,0.8753076
7,7,none,car,961,100,2,2,True,0.056479484,0.035707247,0.8477329,0.060080364
7,7,none,car,962,100,2,2,True,0.052409448,0.075631686,0.8643907,0.0075682285
7,7,none,car,963,100,3,3,True,0.011632098,0.18146145,0.027666798,0.7792396
7,7,none,car,964,100,2,2,True,0.072931014,0.27119392,0.5287426,0.12713243
7,7,none,car,965,100,3,0,False,0.92324084,0.007878997,0.02526463,0.043615464
7,7,none,car,966,100,2,2,True,0.016173584,0.2848672,0.66233236,0.03662691
7,7,none,car,967,100,3,0,False,0.39678517,0.11034886,0.16966036,0.32320565
7,7,none,car,968,100,2,2,True,0.011618969,0.3054078,0.6661681,0.016805036
7,7,none,car,969,100,3,1,False,0.011149173,0.5655505,0.36639464,0.056905724
7,7,none,car,970,100,2,0,False,0.8515761,0.032273468,0.10191582,0.014234543
7,7,none,car,971,100,3,3,True,0.015278323,0.33613703,0.09160368,0.55698097
7,7,none,car,972,100,1,1,True,0.00022193765,0.99771523,0.00043993763,0.0016228751
7,7,none,car,973,100,0,0,True,0.9749824,0.0037302107,0.012815865,0.0084715765
7,7,none,car,974,100,0,2,False,0.07460832,0.14097549,0.41453096,0.36988518
7,7,none,car,975,100,1,2,False,0.14943054,0.069365166,0.67788976,0.103314534
7,7,none,car,976,100,1,1,True,0.00071145216,0.99740076,0.0009945839,0.00089321315
7,7,none,car,977,100,0,0,True,0.99744165,0.0002325384,0.0021688105,0.0001569621
7,7,none,car,978,100,0,0,True,0.87309146,0.010523782,0.111177325,0.0052073803
7,7,none,car,979,100,1,1,True,0.00037497736,0.99912244,0.0002873267,0.00021532175
7,7,none,car,980,100,1,1,True,0.010153601,0.9458062,0.013489895,0.030550364
7,7,none,car,981,100,0,0,True,0.9519487,0.0074188155,0.038280636,0.002351874
7,7,none,car,982,100,0,0,True,0.9036966,0.012407249,0.04869157,0.035204597
7,7,none,car,983,100,1,1,True,0.0007112163,0.995053,0.002800909,0.001434804
7,7,none,car,984,100,2,1,False,0.05844584,0.45089775,0.30942047,0.18123588
7,7,none,car,985,100,3,3,True,0.011134724,0.08900744,0.17227049,0.72758734
7,7,none,car,986,100,2,0,False,0.49177003,0.2358272,0.17713161,0.095271215
7,7,none,car,987,100,3,2,False,0.009883484,0.19102737,0.41462097,0.3844682
7,7,none,car,988,100,3,1,False,0.0012823365,0.9873826,0.007817084,0.0035180566
7,7,none,car,989,100,2,2,True,0.057433475,0.3220392,0.58674395,0.033783376
7,7,none,car,990,100,2,2,True,0.023080839,0.08711587,0.7917083,0.098094985
7,7,none,car,991,100,3,2,False,0.019665165,0.12719406,0.8137897,0.039351117
7,7,none,car,992,100,3,1,False,0.0072328346,0.49136323,0.2752933,0.22611065
7,7,none,car,993,100,2,3,False,0.043942276,0.17699534,0.22239494,0.55666745
7,7,none,car,994,100,2,2,True,0.13641986,0.31263843,0.36639914,0.18454257
7,7,none,car,995,100,3,1,False,0.013109247,0.70015675,0.008937053,0.27779704
7,7,none,car,996,101,0,0,True,0.5478198,0.06183369,0.2595798,0.13076669
7,7,none,car,997,101,1,1,True,0.0017196873,0.97142845,0.0030551655,0.023796802
7,7,none,car,998,101,1,1,True,0.05482077,0.7719251,0.10349755,0.06975661
7,7,none,car,999,101,0,0,True,0.9742648,0.0023031372,0.0063363523,0.017095773
7,7,none,car,1000,101,1,1,True,0.0009842877,0.99175936,0.0049147923,0.0023416022
7,7,none,car,1001,101,0,0,True,0.99624217,0.00049398025,0.0023732667,0.0008907053
7,7,none,car,1002,101,1,1,True,0.00095035444,0.97168845,0.0015145746,0.025846696
7,7,none,car,1003,101,0,0,True,0.8907852,0.025156716,0.013886565,0.070171535
7,7,none,car,1004,101,1,1,True,0.0022021113,0.9766486,0.001672057,0.019477207
7,7,none,car,1005,101,0,0,True,0.97390264,0.008222446,0.0154012535,0.0024737564
7,7,none,car,1006,101,0,0,True,0.99052596,0.0008532961,0.005577091,0.0030435715
7,7,none,car,1007,101,1,1,True,0.00022457032,0.99533385,0.0022075127,0.0022340051
7,7,none,car,1008,101,1,1,True,0.0003099787,0.99459225,0.00244536,0.0026523734
7,7,none,car,1009,101,0,0,True,0.95593065,0.0028657264,0.025809709,0.0153937815
7,7,none,car,1010,101,0,0,True,0.9636762,0.005004235,0.020911628,0.010407803
7,7,none,car,1011,101,2,2,True,0.015923947,0.19032648,0.6706762,0.123073384
7,7,none,car,1012,101,3,3,True,0.031322177,0.44216293,0.07594997,0.45056492
7,7,none,car,1013,101,2,3,False,0.17931435,0.10051828,0.352459,0.36770833
7,7,none,car,1014,101,3,3,True,0.072733924,0.025197897,0.0743315,0.8277367
7,7,none,car,1015,101,3,3,True,0.0332939,0.013173313,0.101916604,0.85161614
7,7,none,car,1016,101,2,2,True,0.050499078,0.022847949,0.5497853,0.37686768
7,7,none,car,1017,101,2,2,True,0.0035707667,0.085787736,0.8295958,0.08104568
7,7,none,car,1018,101,3,3,True,0.0095047755,0.011012098,0.008943744,0.9705394
7,7,none,car,1019,101,2,1,False,0.02809436,0.6389881,0.2430697,0.089847885
7,7,none,car,1020,101,3,3,True,0.06787704,0.014520852,0.015752273,0.90184987
7,7,none,car,1021,101,3,3,True,0.0026476975,0.0076618567,0.01864384,0.97104657
7,7,none,car,1022,101,2,1,False,0.04157897,0.43383124,0.13720143,0.38738835
7,7,none,car,1023,101,2,2,True,0.051754653,0.072487734,0.6809993,0.19475843
7,7,none,car,1024,101,3,3,True,0.0090612,0.0056355433,0.007485699,0.9778176
7,7,none,car,1025,101,2,2,True,0.097804345,0.33536065,0.47191426,0.094920814
7,7,none,car,1026,101,1,1,True,0.0022088967,0.9520333,0.019877495,0.025880288
7,7,none,car,1027,101,0,0,True,0.97009414,0.0020865982,0.012685772,0.015133404
7,7,none,car,1028,101,0,0,True,0.94249755,0.0025724536,0.010912594,0.04401745
7,7,none,car,1029,101,1,1,True,0.0064067477,0.80725896,0.020870222,0.16546406
7,7,none,car,1030,101,1,1,True,0.0016854577,0.91625524,0.007900633,0.07415864
7,7,none,car,1031,101,0,0,True,0.9897244,0.0018470675,0.0069805225,0.0014480132
7,7,none,car,1032,101,0,0,True,0.9354389,0.0038618438,0.009981616,0.050717674
7,7,none,car,1033,101,1,1,True,0.0014527387,0.9926721,0.0013775071,0.0044977334
7,7,none,car,1034,101,1,1,True,0.0013280233,0.9942684,0.0008653462,0.003538198
7,7,none,car,1035,101,0,0,True,0.9950008,0.0010095417,0.003093938,0.00089573255
7,7,none,car,1036,101,1,1,True,0.0052409684,0.8963415,0.004616208,0.09380134
7,7,none,car,1037,101,0,0,True,0.97776216,0.0026592438,0.0063131596,0.013265397
7,7,none,car,1038,101,1,1,True,0.0024663073,0.9049494,0.018735865,0.07384834
7,7,none,car,1039,101,0,3,False,0.19446962,0.033998497,0.13090624,0.6406257
7,7,none,car,1040,101,1,1,True,0.0038478249,0.6665209,0.027204502,0.3024268
7,7,none,car,1041,101,2,2,True,0.0182313,0.38580945,0.5025623,0.09339696
7,7,none,car,1042,101,3,3,True,0.010178262,0.017783934,0.06576316,0.9062747
7,7,none,car,1043,101,2,2,True,0.002915121,0.08390711,0.8337983,0.079379424
7,7,none,car,1044,101,3,3,True,0.0030388488,0.010250042,0.031602662,0.95510846
7,7,none,car,1045,101,3,3,True,0.06793105,0.039665166,0.05873765,0.83366615
7,7,none,car,1046,101,2,2,True,0.032410294,0.32533553,0.4092962,0.232958
7,7,none,car,1047,101,2,2,True,0.013107951,0.048444208,0.8345687,0.10387916
7,7,none,car,1048,101,3,3,True,0.053549618,0.058019534,0.030811911,0.85761887
7,7,none,car,1049,101,3,3,True,0.026468016,0.0031152498,0.024507318,0.94590944
7,7,none,car,1050,101,2,0,False,0.4797602,0.045962658,0.23403813,0.24023901
7,7,none,car,1051,101,2,2,True,0.007239352,0.024488717,0.9578198,0.010452152
7,7,none,car,1052,101,3,3,True,0.3022849,0.004008493,0.03323297,0.6604736
7,7,none,car,1053,101,2,3,False,0.28882757,0.10485904,0.2209942,0.38531917
7,7,none,car,1054,101,3,3,True,0.11702993,0.012024058,0.039029073,0.8319169
7,7,none,car,1055,101,2,3,False,0.0742976,0.041627135,0.4209384,0.46313685
7,7,none,car,1056,101,0,0,True,0.99115795,0.0010937875,0.0028270069,0.004921251
7,7,none,car,1057,101,1,1,True,0.0024597177,0.66326493,0.040244456,0.29403087
7,7,none,car,1058,101,0,0,True,0.9738898,0.004317715,0.008911591,0.012880835
7,7,none,car,1059,101,1,1,True,0.0228762,0.4899103,0.008657535,0.47855598
7,7,none,car,1060,101,1,1,True,0.0043952004,0.75858945,0.01595809,0.2210573
7,7,none,car,1061,101,0,0,True,0.98791456,0.0011388934,0.0021443379,0.008802151
7,7,none,car,1062,101,1,1,True,0.0007601273,0.9945412,0.001208681,0.003490009
7,7,none,car,1063,101,0,0,True,0.9962308,0.00037767694,0.002099344,0.0012921891
7,7,none,car,1064,101,1,1,True,0.0021168145,0.936028,0.0043824916,0.05747261
7,7,none,car,1065,101,0,0,True,0.9692468,0.0023017018,0.011778403,0.01667314
7,7,none,car,1066,101,1,1,True,0.002249251,0.9583584,0.009236011,0.030156273
7,7,none,car,1067,101,0,0,True,0.99797374,0.00019083633,0.0002600634,0.0015753567
7,7,none,car,1068,101,0,0,True,0.9597417,0.0035151686,0.026372524,0.010370638
7,7,none,car,1069,101,1,1,True,0.0022951,0.94394535,0.0024278231,0.051331855
7,7,none,car,1070,101,1,1,True,0.0080196215,0.88231575,0.006584504,0.10308015
7,7,none,car,1071,101,3,3,True,0.0089165345,0.0143058505,0.015677642,0.9610999
7,7,none,car,1072,101,2,2,True,0.011567374,0.20754302,0.7307393,0.05015032
7,7,none,car,1073,101,3,3,True,0.009844416,0.03321049,0.019539326,0.93740577
7,7,none,car,1074,101,2,2,True,0.140817,0.116736256,0.38967866,0.35276812
7,7,none,car,1075,101,2,2,True,0.0054568443,0.3139699,0.6700719,0.010501323
7,7,none,car,1076,101,3,3,True,0.047838982,0.010394553,0.048530888,0.8932356
7,7,none,car,1077,101,3,3,True,0.03091531,0.014094286,0.021794843,0.9331956
7,7,none,car,1078,101,2,3,False,0.43586114,0.02794489,0.090892114,0.4453018
7,7,none,car,1079,101,2,2,True,0.006639371,0.024089377,0.9624136,0.0068576406
7,7,none,car,1080,101,3,3,True,0.009020172,0.02450974,0.052406292,0.91406375
7,7,none,car,1081,101,3,3,True,0.1827065,0.017132692,0.05196306,0.7481978
7,7,none,car,1082,101,2,3,False,0.049513888,0.008408645,0.07777887,0.8642986
7,7,none,car,1083,101,3,3,True,0.023251008,0.036382843,0.06854175,0.8718244
7,7,none,car,1084,101,2,2,True,0.029163696,0.035090834,0.8900849,0.04566059
7,7,none,car,1085,101,2,2,True,0.027542396,0.132363,0.68415064,0.15594387
7,7,none,car,1086,102,1,1,True,0.0015729228,0.9960914,0.0013001992,0.001035459
7,7,none,car,1087,102,0,0,True,0.435484,0.055789456,0.1909928,0.31773382
7,7,none,car,1088,102,1,1,True,0.015350904,0.84654367,0.08225882,0.055846553
7,7,none,car,1089,102,0,0,True,0.8833517,0.016562749,0.04070441,0.05938106
7,7,none,car,1090,102,1,1,True,0.0024512263,0.95016193,0.04360283,0.0037840488
7,7,none,car,1091,102,0,3,False,0.1786591,0.06739664,0.1104219,0.6435224
7,7,none,car,1092,102,0,0,True,0.97239333,0.005257067,0.00945522,0.012894384
7,7,none,car,1093,102,1,3,False,0.039448373,0.26100495,0.27823773,0.42130896
7,7,none,car,1094,102,0,0,True,0.3788187,0.18825838,0.2067999,0.22612303
7,7,none,car,1095,102,1,2,False,0.10556552,0.15845399,0.6689972,0.06698322
7,7,none,car,1096,102,0,3,False,0.2487809,0.056710325,0.19796899,0.4965398
7,7,none,car,1097,102,1,1,True,0.0077581187,0.5487858,0.42588896,0.017567093
7,7,none,car,1098,102,0,0,True,0.5767034,0.06790642,0.059798468,0.2955917
7,7,none,car,1099,102,1,2,False,0.03506227,0.10627516,0.8142218,0.04444082
7,7,none,car,1100,102,1,1,True,0.002034805,0.99617887,0.0008940417,0.0008921896
7,7,none,car,1101,102,2,1,False,0.035382926,0.49555293,0.16351391,0.30555025
7,7,none,car,1102,102,3,3,True,0.047071565,0.07708102,0.14759378,0.72825366
7,7,none,car,1103,102,2,1,False,0.06053277,0.3463328,0.2709171,0.32221738
7,7,none,car,1104,102,3,3,True,0.112858824,0.13007519,0.16221803,0.594848
7,7,none,car,1105,102,2,2,True,0.33250275,0.04569341,0.5224564,0.0993474
7,7,none,car,1106,102,3,3,True,0.024160225,0.28571165,0.17014821,0.51997995
7,7,none,car,1107,102,2,2,True,0.14449611,0.05345166,0.7170893,0.08496291
7,7,none,car,1108,102,3,3,True,0.21280539,0.07675935,0.08051226,0.62992305
7,7,none,car,1109,102,3,3,True,0.23528112,0.04120452,0.078523025,0.64499134
7,7,none,car,1110,102,2,2,True,0.026544718,0.20083368,0.71592146,0.05670016
7,7,none,car,1111,102,3,1,False,0.0074948343,0.47034687,0.13096383,0.39119443
7,7,none,car,1112,102,2,2,True,0.06942697,0.117962815,0.71160626,0.10100399
7,7,none,car,1113,102,2,2,True,0.23245203,0.109843396,0.483441,0.17426358
7,7,none,car,1114,102,3,3,True,0.14862499,0.16076,0.29660395,0.39401105
7,7,none,car,1115,102,2,1,False,0.038983688,0.49515653,0.22153656,0.24432324
7,7,none,car,1116,102,1,1,True,0.0018519677,0.99510175,0.0014763538,0.001569845
7,7,none,car,1117,102,0,1,False,0.038379423,0.43351042,0.09892701,0.4291831
7,7,none,car,1118,102,1,1,True,0.0071289144,0.7171622,0.103059374,0.1726495
7,7,none,car,1119,102,0,2,False,0.29468274,0.10621062,0.32118577,0.2779209
7,7,none,car,1120,102,0,0,True,0.78222084,0.025678037,0.09335162,0.09874948
7,7,none,car,1121,102,1,1,True,0.0052010915,0.49173543,0.4184762,0.08458733
7,7,none,car,1122,102,0,1,False,0.06564182,0.4362378,0.10312394,0.39499643
7,7,none,car,1123,102,1,1,True,0.024042303,0.7614682,0.07810948,0.13638008
7,7,none,car,1124,102,0,0,True,0.37146673,0.09795297,0.21942155,0.31115875
7,7,none,car,1125,102,1,3,False,0.10291432,0.18232177,0.1816219,0.53314203
7,7,none,car,1126,102,1,1,True,0.00059649354,0.9974362,0.00075869507,0.0012085476
7,7,none,car,1127,102,0,3,False,0.029133648,0.3744982,0.17462872,0.42173943
7,7,none,car,1128,102,1,1,True,0.0008207542,0.99816567,0.0006854075,0.00032818227
7,7,none,car,1129,102,0,3,False,0.034685265,0.3183062,0.23534934,0.41165915
7,7,none,car,1130,102,1,1,True,0.03871036,0.70341974,0.078390345,0.17947963
7,7,none,car,1131,102,2,2,True,0.038169894,0.077882156,0.8307006,0.053247336
7,7,none,car,1132,102,3,3,True,0.007281665,0.115905955,0.09979729,0.7770151
7,7,none,car,1133,102,3,3,True,0.004434284,0.019695451,0.036037695,0.93983257
7,7,none,car,1134,102,2,2,True,0.06345806,0.25556636,0.34900078,0.33197474
7,7,none,car,1135,102,2,1,False,0.018255657,0.5212678,0.21451028,0.24596632
7,7,none,car,1136,102,3,2,False,0.022072691,0.10693654,0.6086531,0.26233765
7,7,none,car,1137,102,3,2,False,0.13431114,0.06158018,0.41384,0.39026865
7,7,none,car,1138,102,2,2,True,0.012169677,0.11536265,0.7318604,0.14060724
7,7,none,car,1139,102,2,2,True,0.03276633,0.08872232,0.4744887,0.40402263
7,7,none,car,1140,102,3,3,True,0.20178597,0.03329957,0.15228425,0.61263025
7,7,none,car,1141,102,2,3,False,0.010139379,0.25703177,0.27368706,0.45914176
7,7,none,car,1142,102,3,3,True,0.0070732753,0.0972524,0.058436416,0.8372379
7,7,none,car,1143,102,3,2,False,0.054095425,0.12626383,0.4139762,0.40566462
7,7,none,car,1144,102,2,2,True,0.22803901,0.07086015,0.40082064,0.30028018
7,7,none,car,1145,102,2,2,True,0.0010779919,0.29104424,0.6384763,0.06940148
7,7,none,car,1146,102,0,3,False,0.22623494,0.047450397,0.28104782,0.44526684
7,7,none,car,1147,102,1,1,True,0.0011094649,0.99660385,0.0012915971,0.0009950069
7,7,none,car,1148,102,0,3,False,0.016374627,0.114376694,0.15288085,0.71636784
7,7,none,car,1149,102,1,1,True,0.00073379895,0.99807656,0.00061212527,0.00057747547
7,7,none,car,1150,102,1,1,True,0.05425114,0.47685343,0.37056357,0.098331854
7,7,none,car,1151,102,0,2,False,0.20791517,0.123467185,0.33881894,0.32979873
7,7,none,car,1152,102,0,2,False,0.039116044,0.067401566,0.743666,0.14981641
7,7,none,car,1153,102,1,1,True,0.0013851286,0.8865203,0.09366412,0.018430393
7,7,none,car,1154,102,0,1,False,0.098268345,0.3444677,0.32283965,0.23442434
7,7,none,car,1155,102,1,3,False,0.14831538,0.10594243,0.27829096,0.4674513
7,7,none,car,1156,102,1,1,True,0.003415063,0.9656262,0.0058794185,0.025079358
7,7,none,car,1157,102,0,3,False,0.061255928,0.1132195,0.13243467,0.6930899
7,7,none,car,1158,102,1,1,True,0.045007627,0.51579535,0.25489938,0.18429762
7,7,none,car,1159,102,0,3,False,0.19111958,0.0807741,0.10865891,0.6194474
7,7,none,car,1160,102,0,0,True,0.9820128,0.003071428,0.0035876543,0.011328089
7,7,none,car,1161,102,2,2,True,0.077859715,0.16404858,0.59048027,0.16761148
7,7,none,car,1162,102,3,3,True,0.014843254,0.06744907,0.10284189,0.81486577
7,7,none,car,1163,102,3,3,True,0.011366516,0.17082587,0.06927503,0.74853253
7,7,none,car,1164,102,2,3,False,0.044868235,0.15028721,0.3354482,0.46939638
7,7,none,car,1165,102,2,3,False,0.05937271,0.15400058,0.24766204,0.5389646
7,7,none,car,1166,102,3,0,False,0.57281625,0.01669313,0.053666987,0.35682362
7,7,none,car,1167,102,2,2,True,0.042528026,0.20016891,0.5225991,0.23470396
7,7,none,car,1168,102,3,3,True,0.25897023,0.041623924,0.16734573,0.5320601
7,7,none,car,1169,102,2,3,False,0.06758494,0.03484612,0.042095598,0.85547334
7,7,none,car,1170,102,3,3,True,0.046269633,0.114130236,0.27888474,0.56071544
7,7,none,car,1171,102,2,1,False,0.052248523,0.42080542,0.14685372,0.38009235
7,7,none,car,1172,102,3,3,True,0.04611845,0.074384645,0.21353786,0.66595906
7,7,none,car,1173,102,2,2,True,0.030468646,0.22247854,0.404347,0.34270582
7,7,none,car,1174,102,3,3,True,0.03076162,0.02091816,0.048061997,0.90025824
7,7,none,car,1175,102,3,3,True,0.00941379,0.15744193,0.087366894,0.7457774
7,7,none,car,1176,103,0,3,False,0.0071249595,0.07310016,0.24550724,0.67426765
7,7,none,car,1177,103,1,1,True,0.0037550996,0.54342103,0.19982277,0.25300112
7,7,none,car,1178,103,1,1,True,0.0012381994,0.97469383,0.0038516503,0.020216314
7,7,none,car,1179,103,0,1,False,0.02944344,0.54612374,0.08012581,0.34430707
7,7,none,car,1180,103,1,1,True,0.0023624685,0.6860561,0.013563148,0.2980182
7,7,none,car,1181,103,0,3,False,0.021708552,0.061799094,0.044291317,0.872201
7,7,none,car,1182,103,0,0,True,0.97811604,0.00094453146,0.015160399,0.0057789143
7,7,none,car,1183,103,1,1,True,0.004937056,0.9098233,0.04072084,0.04451874
7,7,none,car,1184,103,0,0,True,0.9347236,0.0030016496,0.02454732,0.03772738
7,7,none,car,1185,103,1,2,False,0.075728334,0.12647514,0.5961777,0.2016188
7,7,none,car,1186,103,0,0,True,0.60270333,0.019749716,0.35862538,0.018921547
7,7,none,car,1187,103,1,1,True,0.15519993,0.56569403,0.24032108,0.038784914
7,7,none,car,1188,103,1,1,True,0.0104712825,0.95753115,0.015941497,0.016056072
7,7,none,car,1189,103,0,0,True,0.93504566,0.006639569,0.04865669,0.009658079
7,7,none,car,1190,103,1,2,False,0.08383115,0.06738981,0.6259746,0.22280447
7,7,none,car,1191,103,3,2,False,0.030048441,0.013018211,0.52168006,0.4352533
7,7,none,car,1192,103,2,2,True,0.09580035,0.012630736,0.8723578,0.019211208
7,7,none,car,1193,103,2,2,True,0.18958835,0.041245587,0.6339631,0.13520296
7,7,none,car,1194,103,3,3,True,0.010049997,0.01549425,0.031277318,0.9431784
7,7,none,car,1195,103,2,2,True,0.09533465,0.047344968,0.70916253,0.14815784
7,7,none,car,1196,103,3,3,True,0.110319264,0.06201404,0.35932896,0.46833774
7,7,none,car,1197,103,3,3,True,0.007099824,0.010778047,0.17762645,0.80449563
7,7,none,car,1198,103,2,2,True,0.008230324,0.13284521,0.8526953,0.0062292074
7,7,none,car,1199,103,2,2,True,0.017895838,0.20087959,0.7751408,0.006083755
7,7,none,car,1200,103,3,3,True,0.01581921,0.056678344,0.07645176,0.85105073
7,7,none,car,1201,103,3,1,False,0.15384151,0.33684272,0.2872095,0.22210632
7,7,none,car,1202,103,2,2,True,0.03191314,0.0077384873,0.95845574,0.0018926697
7,7,none,car,1203,103,3,3,True,0.13612048,0.060265414,0.26759112,0.53602296
7,7,none,car,1204,103,2,1,False,0.064534955,0.73249847,0.12862934,0.07433734
7,7,none,car,1205,103,2,2,True,0.0038627633,0.09790711,0.5965004,0.30172968
7,7,none,car,1206,103,1,1,True,0.014956231,0.869687,0.06355719,0.051799525
7,7,none,car,1207,103,0,2,False,0.17451128,0.046722516,0.6625212,0.11624501
7,7,none,car,1208,103,1,1,True,0.002008873,0.4776147,0.44113708,0.07923932
7,7,none,car,1209,103,0,0,True,0.90537703,0.0062980703,0.0328728,0.0554521
7,7,none,car,1210,103,0,0,True,0.98435426,0.0010150156,0.007388049,0.0072426563
7,7,none,car,1211,103,1,1,True,0.0019884978,0.80976456,0.0798149,0.108432025
7,7,none,car,1212,103,1,3,False,0.014438275,0.012310391,0.10611042,0.86714095
7,7,none,car,1213,103,0,0,True,0.8514624,0.0075252876,0.1361673,0.004845011
7,7,none,car,1214,103,0,2,False,0.0084679,0.06358634,0.7797209,0.14822482
7,7,none,car,1215,103,1,2,False,0.108393066,0.07645589,0.7669038,0.048247173
7,7,none,car,1216,103,1,1,True,0.0049911337,0.99003077,0.0017215643,0.0032565452
7,7,none,car,1217,103,0,0,True,0.7084748,0.019766284,0.1849983,0.086760566
7,7,none,car,1218,103,0,0,True,0.503212,0.009774066,0.45886222,0.028151713
7,7,none,car,1219,103,1,2,False,0.027949017,0.10479725,0.83162147,0.035632282
7,7,none,car,1220,103,0,0,True,0.64590067,0.041689306,0.24611296,0.066297054
7,7,none,car,1221,103,2,2,True,0.0069466066,0.036524467,0.9054719,0.05105701
7,7,none,car,1222,103,3,3,True,0.012973598,0.025062017,0.28149197,0.68047243
7,7,none,car,1223,103,2,2,True,0.015739365,0.20957342,0.71523637,0.059450883
7,7,none,car,1224,103,3,3,True,0.014423711,0.01295685,0.13693146,0.83568805
7,7,none,car,1225,103,3,3,True,0.008897314,0.005674056,0.01571734,0.9697113
7,7,none,car,1226,103,2,2,True,0.01711481,0.012914945,0.93889445,0.031075697
7,7,none,car,1227,103,3,3,True,0.011425756,0.115188375,0.22928372,0.64410216
7,7,none,car,1228,103,2,2,True,0.0030041675,0.18807285,0.6817903,0.12713273
7,7,none,car,1229,103,3,3,True,0.004909422,0.018363958,0.028514536,0.948212
7,7,none,car,1230,103,2,2,True,0.015967324,0.06262973,0.8743384,0.04706448
7,7,none,car,1231,103,2,2,True,0.34761775,0.025694937,0.61423534,0.012452039
7,7,none,car,1232,103,3,1,False,0.015830671,0.8281853,0.1169493,0.03903478
7,7,none,car,1233,103,3,3,True,0.017485144,0.015934054,0.037207544,0.9293733
7,7,none,car,1234,103,2,2,True,0.038985923,0.08162945,0.7505479,0.12883675
7,7,none,car,1235,103,3,3,True,0.010753691,0.017287297,0.31807408,0.65388495
7,7,none,car,1236,103,1,1,True,0.007115186,0.9609131,0.017061789,0.01490994
7,7,none,car,1237,103,0,0,True,0.48579517,0.0055190013,0.45343226,0.055253584
7,7,none,car,1238,103,0,0,True,0.973722,0.0016160033,0.007886501,0.016775573
7,7,none,car,1239,103,1,2,False,0.0060469997,0.26501122,0.5378077,0.19113404
7,7,none,car,1240,103,1,1,True,0.0004213711,0.97710234,0.005501544,0.016974691
7,7,none,car,1241,103,0,2,False,0.29143918,0.014811817,0.6525764,0.04117259
7,7,none,car,1242,103,1,1,True,3.1446914e-05,0.99794286,0.00089201704,0.0011337047
7,7,none,car,1243,103,0,0,True,0.8457203,0.005808455,0.14228873,0.0061825574
7,7,none,car,1244,103,0,0,True,0.849822,0.015225115,0.10920805,0.025744837
7,7,none,car,1245,103,1,3,False,0.0027839064,0.36175936,0.23351997,0.4019368
7,7,none,car,1246,103,0,2,False,0.22842427,0.018963516,0.7289357,0.023676565
7,7,none,car,1247,103,1,3,False,0.008395159,0.26828957,0.10495616,0.61835915
7,7,none,car,1248,103,1,1,True,0.008574368,0.7897331,0.022530176,0.17916238
7,7,none,car,1249,103,0,0,True,0.9760932,0.0013236055,0.012418398,0.010164816
7,7,none,car,1250,103,1,1,True,0.038858276,0.61691636,0.037640657,0.30658466
7,7,none,car,1251,103,3,3,True,0.08320689,0.010944975,0.15101884,0.7548293
7,7,none,car,1252,103,2,2,True,0.0044119856,0.1836394,0.68567556,0.12627311
7,7,none,car,1253,103,3,3,True,0.015282396,0.02627245,0.2710182,0.687427
7,7,none,car,1254,103,2,3,False,0.05059834,0.014786377,0.19265307,0.7419622
7,7,none,car,1255,103,2,2,True,0.023539262,0.019370006,0.894782,0.06230866
7,7,none,car,1256,103,3,3,True,0.08741911,0.026705053,0.119997434,0.7658784
7,7,none,car,1257,103,2,3,False,0.01842349,0.23035768,0.36062345,0.3905954
7,7,none,car,1258,103,3,3,True,0.31765383,0.13396783,0.18448155,0.36389685
7,7,none,car,1259,103,2,2,True,0.011443922,0.054926228,0.804522,0.12910789
7,7,none,car,1260,103,3,3,True,0.0031730551,0.17517619,0.18845886,0.6331919
7,7,none,car,1261,103,3,3,True,0.007389967,0.019156845,0.022166908,0.9512863
7,7,none,car,1262,103,2,1,False,0.0016845305,0.4785667,0.40326148,0.11648733
7,7,none,car,1263,103,2,2,True,0.13154025,0.023459608,0.6918434,0.15315674
7,7,none,car,1264,103,3,3,True,0.0035359848,0.005712791,0.017819082,0.9729321
7,7,none,car,1265,103,3,3,True,0.0030925744,0.0718903,0.036340546,0.8886765
7,7,none,car,1266,104,0,3,False,0.32510915,0.06796634,0.054244094,0.5526804
7,7,none,car,1267,104,1,1,True,0.00096514734,0.97294533,0.011388885,0.014700698
7,7,none,car,1268,104,1,1,True,0.0018376169,0.9459274,0.046675835,0.005559269
7,7,none,car,1269,104,0,3,False,0.00819582,0.15271534,0.26360503,0.57548386
7,7,none,car,1270,104,1,1,True,0.011068849,0.48141995,0.4590577,0.048453417
7,7,none,car,1271,104,0,1,False,0.16360539,0.44940996,0.180069,0.20691563
7,7,none,car,1272,104,1,2,False,0.24666366,0.06355867,0.44934827,0.24042942
7,7,none,car,1273,104,0,2,False,0.049652535,0.100521415,0.71227664,0.13754943
7,7,none,car,1274,104,0,1,False,0.058481276,0.6372871,0.03610608,0.2681256
7,7,none,car,1275,104,1,1,True,0.009499263,0.52781284,0.36276707,0.09992086
7,7,none,car,1276,104,0,1,False,0.008011448,0.5502576,0.316434,0.12529689
7,7,none,car,1277,104,1,1,True,0.007272358,0.4612693,0.32522357,0.20623477
7,7,none,car,1278,104,1,3,False,0.07612298,0.20871735,0.2207131,0.49444667
7,7,none,car,1279,104,0,3,False,0.2811612,0.06690247,0.32407203,0.3278643
7,7,none,car,1280,104,1,1,True,0.00037280103,0.99682534,0.0009951198,0.0018067715
7,7,none,car,1281,104,2,2,True,0.028260771,0.14608121,0.6612539,0.16440412
7,7,none,car,1282,104,3,3,True,0.02772665,0.16031423,0.17490485,0.63705426
7,7,none,car,1283,104,3,3,True,0.007324007,0.040068835,0.09148667,0.8611205
7,7,none,car,1284,104,2,1,False,0.007567935,0.60362685,0.3550154,0.03378979
7,7,none,car,1285,104,3,3,True,0.08488657,0.0549247,0.19873166,0.66145706
7,7,none,car,1286,104,2,1,False,0.023352245,0.5070403,0.38091877,0.08868867
7,7,none,car,1287,104,2,2,True,0.024104178,0.08473808,0.5687713,0.32238647
7,7,none,car,1288,104,3,3,True,0.004247212,0.023740595,0.08512392,0.88688827
7,7,none,car,1289,104,2,2,True,0.006416963,0.40676376,0.42932957,0.15748972
7,7,none,car,1290,104,3,3,True,0.12971556,0.06679809,0.35648423,0.4470021
7,7,none,car,1291,104,3,3,True,0.004523388,0.044618748,0.0837222,0.86713564
7,7,none,car,1292,104,2,3,False,0.025690328,0.1194665,0.24942021,0.60542303
7,7,none,car,1293,104,3,3,True,0.08410228,0.03781184,0.0868769,0.791209
7,7,none,car,1294,104,2,3,False,0.00598213,0.18911266,0.30953026,0.49537495
7,7,none,car,1295,104,3,2,False,0.034407865,0.09087606,0.4752511,0.399465
7,7,none,car,1296,104,0,3,False,0.09866428,0.10277779,0.11733647,0.6812214
7,7,none,car,1297,104,1,1,True,0.01237116,0.62170756,0.048045106,0.3178762
7,7,none,car,1298,104,1,1,True,0.003984331,0.96345687,0.011336365,0.02122246
7,7,none,car,1299,104,0,0,True,0.723689,0.017073736,0.2426371,0.016600141
7,7,none,car,1300,104,0,0,True,0.5517352,0.032543197,0.1732727,0.24244887
7,7,none,car,1301,104,1,2,False,0.0078042275,0.37742305,0.4344256,0.18034707
7,7,none,car,1302,104,0,3,False,0.12863371,0.062095344,0.1426958,0.66657513
7,7,none,car,1303,104,1,1,True,0.0034696662,0.9932028,0.0019372249,0.0013903
7,7,none,car,1304,104,0,0,True,0.7994579,0.029758547,0.15238212,0.01840132
7,7,none,car,1305,104,1,3,False,0.019870266,0.061315615,0.08491505,0.8338991
7,7,none,car,1306,104,1,1,True,0.0007789384,0.8558181,0.09903006,0.0443729
7,7,none,car,1307,104,0,0,True,0.9904744,0.0024250548,0.0048717954,0.0022287245
7,7,none,car,1308,104,3,3,True,0.006429787,0.045344047,0.084114015,0.86411214
7,7,none,car,1309,104,2,2,True,0.015623612,0.1715138,0.45379767,0.35906494
7,7,none,car,1310,104,3,3,True,0.01154903,0.024014339,0.056619044,0.90781754
7,7,none,car,1311,104,2,3,False,0.015751624,0.067508355,0.10361181,0.81312823
7,7,none,car,1312,104,3,3,True,0.03277989,0.07210949,0.1910437,0.70406693
7,7,none,car,1313,104,2,2,True,0.04775168,0.14103298,0.7723236,0.03889182
7,7,none,car,1314,104,3,3,True,0.006382065,0.045953978,0.12235617,0.8253078
7,7,none,car,1315,104,2,3,False,0.041318703,0.14080477,0.2510278,0.56684875
7,7,none,car,1316,104,3,3,True,0.013552491,0.30508736,0.3347957,0.34656444
7,7,none,car,1317,104,2,2,True,0.08494137,0.21401249,0.52784246,0.17320366
7,7,none,car,1318,104,2,3,False,0.17239045,0.06489561,0.1554025,0.6073114
7,7,none,car,1319,104,3,3,True,0.047811136,0.081826195,0.17049582,0.69986683
7,7,none,car,1320,104,3,3,True,0.11966185,0.056668594,0.20486233,0.6188072
7,7,none,car,1321,104,2,2,True,0.021053256,0.13041343,0.7013324,0.14720088
7,7,none,car,1322,104,2,2,True,0.08765093,0.10474595,0.7217642,0.0858389
7,7,none,car,1323,104,0,3,False,0.11745609,0.050426167,0.3325779,0.49953985
7,7,none,car,1324,104,1,1,True,0.0045902077,0.78663605,0.15295249,0.055821262
7,7,none,car,1325,104,0,2,False,0.18004985,0.060314164,0.66551936,0.09411668
7,7,none,car,1326,104,1,2,False,0.026107192,0.32738143,0.40618077,0.24033056
7,7,none,car,1327,104,0,3,False,0.024142236,0.09175671,0.28768796,0.5964131
7,7,none,car,1328,104,1,3,False,0.010841331,0.20863156,0.11645726,0.6640699
7,7,none,car,1329,104,0,0,True,0.99630886,0.00028178515,0.0026342329,0.0007750932
7,7,none,car,1330,104,1,1,True,0.01769904,0.379516,0.3560897,0.24669524
7,7,none,car,1331,104,1,1,True,0.00093779963,0.99431145,0.0026111037,0.0021396026
7,7,none,car,1332,104,0,1,False,0.042464633,0.5526659,0.21846955,0.18639995
7,7,none,car,1333,104,0,2,False,0.09995066,0.11185068,0.5396986,0.24850005
7,7,none,car,1334,104,1,3,False,0.08636557,0.06416286,0.35491586,0.4945558
7,7,none,car,1335,104,1,3,False,0.010733456,0.17712021,0.4010145,0.41113183
7,7,none,car,1336,104,0,3,False,0.21563223,0.09261833,0.24582161,0.4459279
7,7,none,car,1337,104,0,3,False,0.22442727,0.23617947,0.096087694,0.4433056
7,7,none,car,1338,104,2,2,True,0.03225349,0.14344268,0.6330326,0.19127126
7,7,none,car,1339,104,3,1,False,0.026332466,0.5862585,0.06948924,0.3179198
7,7,none,car,1340,104,2,3,False,0.059591893,0.1414465,0.34363395,0.45532766
7,7,none,car,1341,104,3,3,True,0.019833857,0.10309768,0.20717278,0.6698957
7,7,none,car,1342,104,3,3,True,0.010135523,0.08357572,0.021333262,0.88495547
7,7,none,car,1343,104,2,2,True,0.0034468316,0.33138418,0.49700338,0.16816558
7,7,none,car,1344,104,3,3,True,0.00397721,0.040398363,0.2745736,0.68105084
7,7,none,car,1345,104,2,2,True,0.014207049,0.41117933,0.47308496,0.10152867
7,7,none,car,1346,104,3,3,True,0.05545803,0.059576105,0.11534428,0.76962155
7,7,none,car,1347,104,2,2,True,0.012205924,0.16755305,0.6917717,0.1284693
7,7,none,car,1348,104,3,3,True,0.001438211,0.02423793,0.01517851,0.9591453
7,7,none,car,1349,104,2,2,True,0.012629214,0.44271,0.45603764,0.088623144
7,7,none,car,1350,104,2,1,False,0.021690413,0.43580657,0.2535109,0.2889921
7,7,none,car,1351,104,3,3,True,0.03549436,0.03177536,0.45346195,0.47926828
7,7,none,car,1352,104,3,3,True,0.016563065,0.062408853,0.29772878,0.6232993
7,7,none,car,1353,105,0,0,True,0.9955629,0.00087150495,0.0018019861,0.0017636425
7,7,none,car,1354,105,1,1,True,0.00010175681,0.9996306,0.00019549429,7.213498e-05
7,7,none,car,1355,105,1,1,True,5.4807628e-05,0.99968886,0.00022877908,2.7474403e-05
7,7,none,car,1356,105,0,0,True,0.9855278,0.0026453417,0.0040412205,0.007785586
7,7,none,car,1357,105,1,1,True,0.00012335648,0.99785835,0.0017356747,0.00028259913
7,7,none,car,1358,105,0,0,True,0.9985267,0.00027291547,0.00088198733,0.00031830644
7,7,none,car,1359,105,1,1,True,2.3543176e-05,0.9997949,0.00014208797,3.9444814e-05
7,7,none,car,1360,105,0,0,True,0.9923866,0.0023056553,0.0026330203,0.0026746655
7,7,none,car,1361,105,0,0,True,0.9878947,0.001696048,0.008035651,0.0023735838
7,7,none,car,1362,105,1,1,True,0.0007234374,0.9952851,0.0007725689,0.0032190464
7,7,none,car,1363,105,1,1,True,6.341356e-05,0.9996269,0.00015280256,0.00015690847
7,7,none,car,1364,105,0,0,True,0.99558204,0.000993654,0.0014952861,0.0019290467
7,7,none,car,1365,105,1,1,True,0.004817639,0.9545833,0.010377108,0.03022201
7,7,none,car,1366,105,0,0,True,0.99410456,0.0010822392,0.0038828023,0.0009304765
7,7,none,car,1367,105,0,0,True,0.9839923,0.0050665443,0.0034631984,0.0074779694
7,7,none,car,1368,105,3,3,True,0.0036809675,0.08445825,0.022920456,0.88894033
7,7,none,car,1369,105,2,3,False,0.0054697823,0.101491824,0.1914632,0.70157516
7,7,none,car,1370,105,2,3,False,0.014460758,0.06653085,0.3507839,0.5682245
7,7,none,car,1371,105,3,3,True,0.0024690113,0.19035412,0.15012994,0.6570469
7,7,none,car,1372,105,3,3,True,0.007852226,0.2636486,0.116428666,0.61207056
7,7,none,car,1373,105,2,3,False,0.005153609,0.1345009,0.36009952,0.500246
7,7,none,car,1374,105,3,3,True,0.0049546715,0.031946667,0.04286072,0.9202379
7,7,none,car,1375,105,2,2,True,0.036030438,0.12669379,0.80325854,0.03401725
7,7,none,car,1376,105,3,3,True,0.0076282583,0.35641813,0.03942522,0.59652835
7,7,none,car,1377,105,2,1,False,0.008139922,0.36219472,0.30973423,0.3199311
7,7,none,car,1378,105,3,2,False,0.07105426,0.06668247,0.717534,0.14472935
7,7,none,car,1379,105,2,1,False,0.0059870007,0.51065516,0.19223611,0.29112178
7,7,none,car,1380,105,3,3,True,0.011830722,0.08739729,0.18283442,0.7179376
7,7,none,car,1381,105,2,2,True,0.0075853383,0.1152513,0.8665067,0.010656719
7,7,none,car,1382,105,2,2,True,0.03372293,0.22595976,0.40780723,0.33251002
7,7,none,car,1383,105,1,1,True,4.5867437e-05,0.9990416,0.0006442462,0.00026822902
7,7,none,car,1384,105,0,2,False,0.33991885,0.027386395,0.5185531,0.114141665
7,7,none,car,1385,105,1,1,True,0.00016347968,0.9982198,0.001306376,0.00031035303
7,7,none,car,1386,105,0,3,False,0.25640422,0.030320244,0.18432716,0.5289484
7,7,none,car,1387,105,0,0,True,0.646532,0.017509196,0.32132095,0.014637779
7,7,none,car,1388,105,1,1,True,0.0005877071,0.9980684,0.0011607932,0.0001830524
7,7,none,car,1389,105,1,1,True,5.924691e-05,0.99846303,0.001302248,0.00017543233
7,7,none,car,1390,105,0,0,True,0.97977704,0.0023205944,0.013515655,0.004386696
7,7,none,car,1391,105,0,0,True,0.96806204,0.006937878,0.016968617,0.008031561
7,7,none,car,1392,105,1,1,True,0.00051634415,0.99671894,0.0013325405,0.0014320704
7,7,none,car,1393,105,0,0,True,0.99609727,0.00088764407,0.0014974216,0.001517824
7,7,none,car,1394,105,1,1,True,0.00015316672,0.99949527,0.00028651714,6.4968895e-05
7,7,none,car,1395,105,0,2,False,0.23529634,0.024013283,0.7253376,0.015352743
7,7,none,car,1396,105,1,1,True,7.914865e-05,0.9995925,0.00023067984,9.766556e-05
7,7,none,car,1397,105,1,1,True,0.00061135856,0.998362,0.0008040257,0.00022259401
7,7,none,car,1398,105,3,3,True,0.021155149,0.10598489,0.4177306,0.45512938
7,7,none,car,1399,105,2,2,True,0.008490779,0.43381742,0.49465623,0.063035585
7,7,none,car,1400,105,3,2,False,0.0111923395,0.17069437,0.48338085,0.33473247
7,7,none,car,1401,105,2,2,True,0.018634927,0.19214532,0.6932153,0.09600446
7,7,none,car,1402,105,3,3,True,0.041180536,0.13013855,0.3380313,0.49064967
7,7,none,car,1403,105,2,2,True,0.018632056,0.082615435,0.8334115,0.06534096
7,7,none,car,1404,105,3,1,False,0.003625756,0.5388671,0.29494405,0.16256301
7,7,none,car,1405,105,2,3,False,0.019540438,0.10271701,0.16985887,0.70788366
7,7,none,car,1406,105,3,3,True,0.013856981,0.08893803,0.34847242,0.5487326
7,7,none,car,1407,105,2,2,True,0.0050822394,0.09482095,0.61909306,0.2810037
7,7,none,car,1408,105,2,3,False,0.014562499,0.26588646,0.24795638,0.47159466
7,7,none,car,1409,105,3,3,True,0.015403958,0.28072456,0.34317195,0.36069956
7,7,none,car,1410,105,3,3,True,0.0059207454,0.20008995,0.09326038,0.7007289
7,7,none,car,1411,105,2,2,True,0.011170043,0.19885632,0.71169037,0.07828327
7,7,none,car,1412,105,2,2,True,0.010027905,0.21578503,0.7176826,0.056504484
7,7,none,car,1413,105,1,1,True,0.0004930868,0.91195726,0.02502377,0.06252586
7,7,none,car,1414,105,0,0,True,0.9670154,0.006792104,0.015285565,0.010906951
7,7,none,car,1415,105,1,1,True,6.517323e-05,0.99729556,0.0011513903,0.0014878724
7,7,none,car,1416,105,0,2,False,0.07640746,0.1076969,0.63047403,0.18542162
7,7,none,car,1417,105,1,1,True,0.000116979456,0.9972224,0.0014559621,0.0012045385
7,7,none,car,1418,105,0,0,True,0.7297786,0.019407835,0.235145,0.015668591
7,7,none,car,1419,105,1,1,True,0.0006849195,0.9952371,0.0019686955,0.002109247
7,7,none,car,1420,105,0,0,True,0.9180972,0.02382706,0.024219856,0.03385585
7,7,none,car,1421,105,0,0,True,0.4885271,0.07268146,0.36664826,0.072143115
7,7,none,car,1422,105,1,1,True,0.0002866902,0.9984237,0.00044796965,0.00084159605
7,7,none,car,1423,105,1,1,True,0.000149486,0.9992077,0.0003621909,0.00028068776
7,7,none,car,1424,105,0,0,True,0.9666558,0.005766927,0.01620886,0.0113684675
7,7,none,car,1425,105,1,1,True,0.0001944364,0.98277515,0.011544469,0.005485992
7,7,none,car,1426,105,0,2,False,0.08469553,0.020616066,0.88222945,0.012458942
7,7,none,car,1427,105,0,0,True,0.71868414,0.06433349,0.116099045,0.10088335
7,7,none,car,1428,105,2,1,False,0.0070941993,0.7312699,0.051027756,0.21060812
7,7,none,car,1429,105,3,1,False,0.014973245,0.45186105,0.17712258,0.3560431
7,7,none,car,1430,105,3,3,True,0.0033964505,0.22513863,0.06913471,0.7023302
7,7,none,car,1431,105,2,3,False,0.005629836,0.24763179,0.24360767,0.50313073
7,7,none,car,1432,105,3,1,False,0.005104408,0.49830726,0.14021629,0.3563721
7,7,none,car,1433,105,2,2,True,0.006494211,0.08248687,0.87786394,0.033155
7,7,none,car,1434,105,3,1,False,0.0042601167,0.51517785,0.41254786,0.06801419
7,7,none,car,1435,105,2,2,True,0.016361265,0.13098332,0.79482317,0.057832267
7,7,none,car,1436,105,3,2,False,0.006129067,0.27417976,0.49140766,0.22828355
7,7,none,car,1437,105,2,1,False,0.004056551,0.5692977,0.42066053,0.005985239
7,7,none,car,1438,105,2,1,False,0.0062946863,0.46730408,0.35685354,0.16954772
7,7,none,car,1439,105,3,1,False,0.005514319,0.4562333,0.3025934,0.23565896
7,7,none,car,1440,105,2,2,True,0.002602947,0.1407237,0.8425437,0.014129536
7,7,none,car,1441,105,3,2,False,0.0012114758,0.09002568,0.88492215,0.02384076
7,7,none,car,1442,105,2,3,False,0.023592843,0.14044899,0.22009483,0.6158633
7,7,none,car,1443,106,0,2,False,0.010164336,0.32170781,0.34062284,0.327505
7,7,none,car,1444,106,1,3,False,0.025849951,0.27051046,0.3253183,0.37832132
7,7,none,car,1445,106,0,1,False,0.043634757,0.7508574,0.18528512,0.02022268
7,7,none,car,1446,106,1,1,True,0.026193233,0.53038204,0.274859,0.16856577
7,7,none,car,1447,106,0,2,False,0.025641352,0.1120265,0.67376226,0.18856987
7,7,none,car,1448,106,1,3,False,0.01596129,0.21288426,0.22589193,0.5452625
7,7,none,car,1449,106,0,1,False,0.008570366,0.7299752,0.23057228,0.030882105
7,7,none,car,1450,106,1,3,False,0.002790365,0.1163027,0.047513682,0.8333932
7,7,none,car,1451,106,0,3,False,0.10318509,0.16038904,0.3080794,0.42834648
7,7,none,car,1452,106,1,2,False,0.019887142,0.1743059,0.66637135,0.13943562
7,7,none,car,1453,106,0,3,False,0.009624256,0.23636061,0.35297528,0.40103984
7,7,none,car,1454,106,1,2,False,0.006233721,0.3846523,0.56306297,0.04605106
7,7,none,car,1455,106,1,1,True,0.001000822,0.84751153,0.014635999,0.13685164
7,7,none,car,1456,106,0,2,False,0.06075989,0.28098217,0.5857726,0.07248535
7,7,none,car,1457,106,0,0,True,0.5872831,0.14661221,0.07192054,0.19418421
7,7,none,car,1458,106,3,2,False,0.030013416,0.124082826,0.66410494,0.18179889
7,7,none,car,1459,106,2,1,False,0.015293887,0.46445185,0.45554334,0.06471091
7,7,none,car,1460,106,3,1,False,0.022763316,0.4404663,0.38094944,0.15582094
7,7,none,car,1461,106,2,2,True,0.040346816,0.18351851,0.48559833,0.29053634
7,7,none,car,1462,106,2,2,True,0.032019686,0.1949437,0.5923079,0.18072869
7,7,none,car,1463,106,3,3,True,0.007886895,0.18508485,0.28249428,0.524534
7,7,none,car,1464,106,3,3,True,0.020557195,0.06298354,0.07859792,0.8378613
7,7,none,car,1465,106,2,2,True,0.024466483,0.087599166,0.71615,0.17178431
7,7,none,car,1466,106,3,1,False,0.016996983,0.35650045,0.2956889,0.33081374
7,7,none,car,1467,106,2,2,True,0.046705052,0.17764151,0.4899762,0.2856772
7,7,none,car,1468,106,3,3,True,0.25125137,0.050452482,0.34250838,0.35578772
7,7,none,car,1469,106,2,3,False,0.022425877,0.2926288,0.290359,0.3945863
7,7,none,car,1470,106,3,3,True,0.029761348,0.05015835,0.21013495,0.7099454
7,7,none,car,1471,106,2,3,False,0.048525516,0.12228063,0.13621248,0.6929814
7,7,none,car,1472,106,3,3,True,0.14220776,0.027350184,0.082673654,0.7477684
7,7,none,car,1473,106,1,1,True,0.00026662764,0.9963947,0.0017187537,0.0016198751
7,7,none,car,1474,106,0,3,False,0.37950185,0.025363224,0.03922473,0.5559102
7,7,none,car,1475,106,1,2,False,0.044407256,0.36456358,0.57592756,0.015101611
7,7,none,car,1476,106,0,2,False,0.03722343,0.25399992,0.62649125,0.082285404
7,7,none,car,1477,106,0,3,False,0.07717032,0.124340475,0.19749103,0.60099816
7,7,none,car,1478,106,1,3,False,0.019012814,0.057751756,0.07753107,0.8457043
7,7,none,car,1479,106,1,1,True,0.00025914275,0.9984824,0.00026132222,0.0009971609
7,7,none,car,1480,106,0,2,False,0.10422596,0.15029617,0.37491286,0.37056494
7,7,none,car,1481,106,0,3,False,0.012751084,0.064784296,0.2619556,0.660509
7,7,none,car,1482,106,1,1,True,0.02282998,0.75769067,0.1625547,0.056924663
7,7,none,car,1483,106,1,1,True,0.00012754944,0.9987135,0.0008959553,0.00026307727
7,7,none,car,1484,106,0,3,False,0.104947805,0.08887868,0.18062668,0.6255469
7,7,none,car,1485,106,0,3,False,0.0309866,0.16575184,0.3916786,0.41158292
7,7,none,car,1486,106,1,1,True,0.0008998924,0.954185,0.017042613,0.027872562
7,7,none,car,1487,106,0,2,False,0.080833234,0.09461939,0.5250531,0.29949424
7,7,none,car,1488,106,2,2,True,0.02931387,0.018422673,0.9176568,0.034606613
7,7,none,car,1489,106,3,3,True,0.08881392,0.024274211,0.095939785,0.79097205
7,7,none,car,1490,106,2,3,False,0.022417111,0.21708176,0.17634082,0.5841603
7,7,none,car,1491,106,3,2,False,0.09242791,0.026598964,0.7904389,0.09053423
7,7,none,car,1492,106,3,2,False,0.02349236,0.1661326,0.6462658,0.16410919
7,7,none,car,1493,106,2,2,True,0.15622462,0.11046803,0.5912716,0.14203572
7,7,none,car,1494,106,2,1,False,0.006517481,0.7220351,0.18719935,0.08424813
7,7,none,car,1495,106,3,2,False,0.027936295,0.10456107,0.64680076,0.22070189
7,7,none,car,1496,106,2,1,False,0.04445938,0.63673496,0.28545368,0.033352032
7,7,none,car,1497,106,3,2,False,0.021089394,0.19712548,0.7231147,0.058670353
7,7,none,car,1498,106,3,2,False,0.005423129,0.19398174,0.41487056,0.38572463
7,7,none,car,1499,106,2,3,False,0.0142305745,0.16108276,0.19228445,0.63240224
7,7,none,car,1500,106,2,3,False,0.0102066705,0.34859744,0.20801964,0.43317625
7,7,none,car,1501,106,3,2,False,0.019774951,0.13545749,0.45202294,0.39274463
7,7,none,car,1502,106,2,2,True,0.117086165,0.052392505,0.72958064,0.1009407
7,7,none,car,1503,106,1,1,True,0.006672294,0.93319184,0.0156812,0.04445471
7,7,none,car,1504,106,0,3,False,0.15033618,0.14144856,0.3481867,0.3600286
7,7,none,car,1505,106,0,3,False,0.026455354,0.18926556,0.29713994,0.48713914
7,7,none,car,1506,106,1,2,False,0.28353518,0.064547606,0.5298197,0.12209747
7,7,none,car,1507,106,0,0,True,0.58308536,0.034791846,0.08322726,0.2988955
7,7,none,car,1508,106,1,1,True,0.0011606953,0.96508604,0.027442304,0.0063109198
7,7,none,car,1509,106,0,2,False,0.023117388,0.18737735,0.4458589,0.34364638
7,7,none,car,1510,106,1,2,False,0.07812927,0.26937786,0.5668857,0.085607216
7,7,none,car,1511,106,1,1,True,0.0001574648,0.99668854,0.0006829107,0.0024711494
7,7,none,car,1512,106,0,0,True,0.6273994,0.0697924,0.22459137,0.07821684
7,7,none,car,1513,106,0,0,True,0.89044887,0.042310227,0.037699863,0.029541064
7,7,none,car,1514,106,1,2,False,0.01717343,0.33427957,0.3844247,0.26412228
7,7,none,car,1515,106,1,3,False,0.0024082744,0.20414653,0.14024267,0.65320253
7,7,none,car,1516,106,0,2,False,0.11582218,0.06099525,0.47153056,0.35165203
7,7,none,car,1517,106,0,3,False,0.26074615,0.05186839,0.32360563,0.3637798
7,7,none,car,1518,106,2,1,False,0.005540522,0.8065842,0.12125458,0.06662065
7,7,none,car,1519,106,3,3,True,0.08080654,0.23757172,0.29864952,0.38297218
7,7,none,car,1520,106,2,3,False,0.037914813,0.15334676,0.31296808,0.4957703
7,7,none,car,1521,106,3,0,False,0.3397078,0.04544793,0.31628484,0.29855943
7,7,none,car,1522,106,2,2,True,0.042169835,0.06193466,0.79373485,0.1021607
7,7,none,car,1523,106,3,2,False,0.018134253,0.19588113,0.4403013,0.34568328
7,7,none,car,1524,106,2,1,False,0.0029229952,0.5411034,0.4007447,0.055228867
7,7,none,car,1525,106,3,1,False,0.008938464,0.5671886,0.28947052,0.13440241
7,7,none,car,1526,106,2,2,True,0.003938071,0.075240076,0.5612209,0.35960093
7,7,none,car,1527,106,3,3,True,0.21693331,0.14058216,0.30169553,0.34078902
7,7,none,car,1528,106,3,2,False,0.13869324,0.10731991,0.41170564,0.34228116
7,7,none,car,1529,106,2,3,False,0.016326398,0.012373357,0.2684425,0.70285773
7,7,none,car,1530,106,3,2,False,0.048510917,0.121792816,0.7814738,0.048222426
7,7,none,car,1531,106,2,2,True,0.02704264,0.10456678,0.83252287,0.035867598
7,7,none,car,1532,106,2,0,False,0.47837043,0.030995253,0.4536954,0.036938947
7,7,none,car,1533,107,1,1,True,0.0038711976,0.91561675,0.022090692,0.058421385
7,7,none,car,1534,107,0,3,False,0.26385763,0.018532556,0.16802953,0.5495803
7,7,none,car,1535,107,0,0,True,0.9938007,0.0008674364,0.0037766867,0.0015551187
7,7,none,car,1536,107,1,1,True,0.0017222434,0.97845274,0.005386786,0.014438214
7,7,none,car,1537,107,0,2,False,0.09340563,0.16138001,0.376841,0.3683734
7,7,none,car,1538,107,1,1,True,0.0012414055,0.7633436,0.016724097,0.21869089
7,7,none,car,1539,107,0,0,True,0.7334202,0.02693944,0.20216197,0.037478376
7,7,none,car,1540,107,1,3,False,0.03946509,0.39257362,0.16009566,0.4078656
7,7,none,car,1541,107,0,0,True,0.8333242,0.010950094,0.04483309,0.110892616
7,7,none,car,1542,107,1,1,True,0.020862568,0.8018623,0.07683855,0.100436576
7,7,none,car,1543,107,0,2,False,0.22806069,0.06547239,0.539492,0.16697489
7,7,none,car,1544,107,1,1,True,0.00060750585,0.9872071,0.009982084,0.0022032799
7,7,none,car,1545,107,0,0,True,0.51137865,0.050922778,0.23573975,0.20195884
7,7,none,car,1546,107,1,1,True,0.0026688944,0.75164706,0.092192926,0.15349106
7,7,none,car,1547,107,0,3,False,0.37274346,0.038325455,0.13033594,0.45859516
7,7,none,car,1548,107,3,2,False,0.05300919,0.24663803,0.36423826,0.33611456
7,7,none,car,1549,107,2,2,True,0.016919496,0.20829722,0.47555485,0.29922837
7,7,none,car,1550,107,3,3,True,0.04724969,0.024344021,0.051881135,0.87652516
7,7,none,car,1551,107,2,3,False,0.005322707,0.03321577,0.116489254,0.84497225
7,7,none,car,1552,107,3,0,False,0.39634895,0.04178263,0.31834406,0.24352443
7,7,none,car,1553,107,2,2,True,0.082509175,0.016498396,0.77922654,0.121765964
7,7,none,car,1554,107,2,0,False,0.44346687,0.09569085,0.31471056,0.14613166
7,7,none,car,1555,107,3,3,True,0.2731916,0.02114654,0.059763107,0.6458988
7,7,none,car,1556,107,3,0,False,0.578471,0.038368233,0.3031878,0.0799729
7,7,none,car,1557,107,2,2,True,0.10798025,0.194246,0.5735057,0.124268025
7,7,none,car,1558,107,2,3,False,0.008252812,0.43083873,0.092880845,0.46802762
7,7,none,car,1559,107,3,3,True,0.18591659,0.008919207,0.035096016,0.7700682
7,7,none,car,1560,107,2,1,False,0.01191701,0.43547857,0.25288916,0.29971528
7,7,none,car,1561,107,3,3,True,0.0150618125,0.11656297,0.25486222,0.61351305
7,7,none,car,1562,107,3,3,True,0.05176736,0.06191716,0.09715812,0.7891574
7,7,none,car,1563,107,1,1,True,0.11504331,0.38894472,0.2535151,0.24249685
7,7,none,car,1564,107,0,3,False,0.27030274,0.05870506,0.14887641,0.52211577
7,7,none,car,1565,107,1,2,False,0.10453235,0.23476058,0.49890205,0.16180497
7,7,none,car,1566,107,0,0,True,0.7697014,0.08432288,0.068504564,0.0774711
7,7,none,car,1567,107,1,1,True,0.004026198,0.8568719,0.12528181,0.013820055
7,7,none,car,1568,107,0,1,False,0.19806202,0.41674888,0.1892246,0.19596459
7,7,none,car,1569,107,0,3,False,0.061159454,0.06500056,0.41913277,0.45470724
7,7,none,car,1570,107,1,2,False,0.019416127,0.06390508,0.5986893,0.31798956
7,7,none,car,1571,107,0,0,True,0.7003537,0.0134989545,0.22929026,0.056857094
7,7,none,car,1572,107,1,2,False,0.1594455,0.01921986,0.6233914,0.19794326
7,7,none,car,1573,107,0,3,False,0.013764462,0.1563678,0.20329154,0.6265762
7,7,none,car,1574,107,1,3,False,0.01459403,0.14211905,0.25975278,0.5835341
7,7,none,car,1575,107,1,3,False,0.018525846,0.1400523,0.29844043,0.54298145
7,7,none,car,1576,107,0,2,False,0.060509965,0.22322121,0.3809555,0.3353133
7,7,none,car,1577,107,0,3,False,0.045680217,0.06952196,0.14008883,0.744709
7,7,none,car,1578,107,3,3,True,0.10278456,0.01632131,0.35483366,0.52606046
7,7,none,car,1579,107,2,3,False,0.02549271,0.06706126,0.16782196,0.7396241
7,7,none,car,1580,107,3,3,True,0.15180345,0.02246189,0.21403028,0.61170435
7,7,none,car,1581,107,2,3,False,0.091829576,0.22798583,0.29486713,0.38531744
7,7,none,car,1582,107,2,1,False,0.012196264,0.83472264,0.13710092,0.015980171
7,7,none,car,1583,107,3,2,False,0.10740713,0.0516471,0.52808625,0.31285954
7,7,none,car,1584,107,3,2,False,0.3927058,0.054225765,0.40962645,0.14344199
7,7,none,car,1585,107,2,2,True,0.06242452,0.23007672,0.6783235,0.02917522
7,7,none,car,1586,107,2,0,False,0.4084354,0.32643756,0.16837977,0.09674725
7,7,none,car,1587,107,3,3,True,0.054031134,0.38781044,0.11592446,0.44223398
7,7,none,car,1588,107,2,2,True,0.1114807,0.13174486,0.71223515,0.044539202
7,7,none,car,1589,107,3,1,False,0.023882324,0.41682965,0.31926438,0.2400237
7,7,none,car,1590,107,3,3,True,0.32456562,0.048028454,0.22288616,0.4045198
7,7,none,car,1591,107,2,1,False,0.0013203231,0.8879931,0.013136534,0.09755001
7,7,none,car,1592,107,2,3,False,0.046389412,0.096912906,0.396434,0.46026367
7,7,none,car,1593,107,0,0,True,0.5965585,0.018855382,0.09630746,0.28827867
7,7,none,car,1594,107,1,1,True,0.011383426,0.5518668,0.038782496,0.3979672
7,7,none,car,1595,107,1,3,False,0.035157345,0.13954422,0.19187894,0.6334195
7,7,none,car,1596,107,0,3,False,0.10114952,0.03573004,0.15812728,0.7049932
7,7,none,car,1597,107,1,2,False,0.02635114,0.09503296,0.4879853,0.3906306
7,7,none,car,1598,107,0,2,False,0.076783195,0.094072185,0.52959615,0.29954854
7,7,none,car,1599,107,1,3,False,0.008609306,0.035524137,0.15940574,0.7964608
7,7,none,car,1600,107,0,2,False,0.020066287,0.24028601,0.6162415,0.12340621
7,7,none,car,1601,107,1,3,False,0.012843108,0.39348754,0.13094726,0.46272203
7,7,none,car,1602,107,0,3,False,0.007589749,0.24563146,0.1799806,0.5667982
7,7,none,car,1603,107,0,3,False,0.3551688,0.19658418,0.08287883,0.3653682
7,7,none,car,1604,107,1,2,False,0.046886794,0.16117185,0.45761937,0.33432198
7,7,none,car,1605,107,0,3,False,0.07767854,0.015522156,0.16690452,0.7398948
7,7,none,car,1606,107,1,3,False,0.07775806,0.1105674,0.21429062,0.5973839
7,7,none,car,1607,107,0,3,False,0.040899593,0.101999015,0.0513917,0.8057097
7,7,none,car,1608,107,3,2,False,0.29068533,0.09646573,0.4402345,0.17261444
7,7,none,car,1609,107,2,3,False,0.0050099553,0.076327994,0.093590595,0.82507145
7,7,none,car,1610,107,2,2,True,0.023526706,0.4262521,0.42793864,0.12228248
7,7,none,car,1611,107,3,3,True,0.022416886,0.029037643,0.07188958,0.8766559
7,7,none,car,1612,107,2,2,True,0.073530376,0.33876297,0.4970303,0.09067636
7,7,none,car,1613,107,3,0,False,0.6641196,0.05360745,0.18119955,0.10107335
7,7,none,car,1614,107,3,1,False,0.011350296,0.88312703,0.03343996,0.072082706
7,7,none,car,1615,107,2,1,False,0.012346421,0.42265627,0.38873777,0.1762595
7,7,none,car,1616,107,2,2,True,0.16304232,0.05395097,0.5776904,0.2053163
7,7,none,car,1617,107,3,3,True,0.004620891,0.33666664,0.108481355,0.5502311
7,7,none,car,1618,107,2,3,False,0.008743204,0.104459696,0.32976395,0.5570331
7,7,none,car,1619,107,3,3,True,0.009393537,0.089668155,0.087980226,0.81295806
7,7,none,car,1620,107,2,3,False,0.008843897,0.023615308,0.07832358,0.8892172
7,7,none,car,1621,107,3,3,True,0.0065097013,0.38835353,0.15034075,0.45479596
7,7,none,car,1622,107,3,2,False,0.08615763,0.026376735,0.6283164,0.25914928
7,7,none,car,1623,108,0,0,True,0.97295636,0.002710803,0.0067291697,0.017603697
7,7,none,car,1624,108,1,1,True,0.0002550712,0.98619926,0.0011462951,0.012399312
7,7,none,car,1625,108,0,3,False,0.13898812,0.024938125,0.06390787,0.7721659
7,7,none,car,1626,108,1,3,False,0.003440424,0.3707346,0.20239934,0.42342567
7,7,none,car,1627,108,0,0,True,0.9578872,0.0034024282,0.0065278327,0.032182544
7,7,none,car,1628,108,1,1,True,0.0008994106,0.96953154,0.0007116596,0.028857471
7,7,none,car,1629,108,1,1,True,0.0007528932,0.93894404,0.0009291221,0.059373938
7,7,none,car,1630,108,0,3,False,0.41891688,0.006730138,0.021494009,0.552859
7,7,none,car,1631,108,0,0,True,0.9221622,0.0154409455,0.043825667,0.01857121
7,7,none,car,1632,108,1,3,False,0.0024770992,0.23184766,0.023857104,0.7418181
7,7,none,car,1633,108,0,0,True,0.984525,0.0017838335,0.0062293806,0.0074618165
7,7,none,car,1634,108,1,3,False,0.006048681,0.18473558,0.11925105,0.6899647
7,7,none,car,1635,108,0,3,False,0.06765182,0.072580576,0.35606834,0.50369924
7,7,none,car,1636,108,1,1,True,0.00068510673,0.96872276,0.0052691423,0.025322936
7,7,none,car,1637,108,1,1,True,0.00034986783,0.8347995,0.0013704099,0.16348016
7,7,none,car,1638,108,2,2,True,0.0017370261,0.165991,0.7326452,0.099626794
7,7,none,car,1639,108,3,3,True,0.004108105,0.0028189668,0.008100129,0.98497283
7,7,none,car,1640,108,2,3,False,0.03754638,0.07756888,0.09976266,0.7851221
7,7,none,car,1641,108,3,3,True,0.003370064,0.0026183461,0.0046440777,0.98936754
7,7,none,car,1642,108,3,3,True,0.0045829043,0.0033405693,0.009997234,0.98207927
7,7,none,car,1643,108,2,3,False,0.01032794,0.120871596,0.18972163,0.6790788
7,7,none,car,1644,108,2,3,False,0.08694757,0.019615348,0.12527066,0.7681664
7,7,none,car,1645,108,3,3,True,0.0038605812,0.049525406,0.027603464,0.9190106
7,7,none,car,1646,108,2,1,False,0.008799317,0.66192144,0.01928539,0.30999383
7,7,none,car,1647,108,3,3,True,0.07007763,0.026215427,0.02731991,0.876387
7,7,none,car,1648,108,3,3,True,0.028685251,0.0014740524,0.006518641,0.963322
7,7,none,car,1649,108,2,3,False,0.016189812,0.2341695,0.2088017,0.540839
7,7,none,car,1650,108,3,3,True,0.007851024,0.0014350335,0.008957224,0.98175675
7,7,none,car,1651,108,2,3,False,0.010485179,0.15071622,0.057174712,0.7816239
7,7,none,car,1652,108,3,3,True,0.05271305,0.01480969,0.07745786,0.8550194
7,7,none,car,1653,108,1,1,True,0.00088630273,0.8267449,0.13038209,0.04198669
7,7,none,car,1654,108,0,3,False,0.009697895,0.3256242,0.300664,0.36401388
7,7,none,car,1655,108,1,3,False,0.009813248,0.19926724,0.28299558,0.5079239
7,7,none,car,1656,108,0,2,False,0.20422918,0.03523827,0.39391792,0.36661467
7,7,none,car,1657,108,0,0,True,0.845909,0.0014042901,0.0061292225,0.14655739
7,7,none,car,1658,108,1,1,True,0.0013263605,0.73263055,0.013549904,0.25249314
7,7,none,car,1659,108,1,1,True,0.002382257,0.88176304,0.028672501,0.08718227
7,7,none,car,1660,108,0,0,True,0.8810691,0.015709555,0.07384092,0.029380348
7,7,none,car,1661,108,0,0,True,0.7661811,0.0072423015,0.14390706,0.08266956
7,7,none,car,1662,108,1,1,True,0.0011613362,0.80239,0.054448355,0.14200027
7,7,none,car,1663,108,1,1,True,0.0002659313,0.59353995,0.033591256,0.37260288
7,7,none,car,1664,108,0,3,False,0.2140699,0.016593033,0.3507728,0.41856423
7,7,none,car,1665,108,1,3,False,0.011058346,0.40054625,0.09959016,0.4888052
7,7,none,car,1666,108,0,0,True,0.6441295,0.014812589,0.27929944,0.061758503
7,7,none,car,1667,108,1,1,True,0.037432406,0.64076823,0.03877458,0.28302482
7,7,none,car,1668,108,3,3,True,0.0039821686,0.004240331,0.018961564,0.9728159
7,7,none,car,1669,108,2,3,False,0.0054573966,0.009962084,0.24498397,0.7395966
7,7,none,car,1670,108,3,3,True,0.04736212,0.004438244,0.038646843,0.9095528
7,7,none,car,1671,108,2,3,False,0.2437596,0.011071424,0.27593485,0.46923405
7,7,none,car,1672,108,2,3,False,0.039128892,0.005111635,0.066561066,0.8891984
7,7,none,car,1673,108,3,3,True,0.045729313,0.009273333,0.051984165,0.89301324
7,7,none,car,1674,108,2,2,True,0.016956497,0.16738158,0.41691983,0.39874208
7,7,none,car,1675,108,3,2,False,0.010967459,0.10280309,0.5211118,0.3651177
7,7,none,car,1676,108,2,1,False,0.007198322,0.5072355,0.1584307,0.32713547
7,7,none,car,1677,108,3,3,True,0.0060041468,0.019921778,0.07359031,0.9004838
7,7,none,car,1678,108,2,3,False,0.033623677,0.10661425,0.3365751,0.52318704
7,7,none,car,1679,108,3,3,True,0.022678796,0.011871212,0.17201772,0.7934323
7,7,none,car,1680,108,2,3,False,0.08539193,0.064609386,0.40645376,0.44354495
7,7,none,car,1681,108,3,3,True,0.011278847,0.02072654,0.0914134,0.87658125
7,7,none,car,1682,108,3,3,True,0.027288523,0.023381626,0.077834636,0.87149525
7,7,none,car,1683,108,1,1,True,0.005113365,0.7608313,0.12657139,0.10748391
7,7,none,car,1684,108,0,2,False,0.19248907,0.068888105,0.4786059,0.26001692
7,7,none,car,1685,108,0,3,False,0.42573267,0.014438737,0.061006855,0.4988217
7,7,none,car,1686,108,1,0,False,0.7314442,0.004845601,0.24504933,0.018660866
7,7,none,car,1687,108,0,3,False,0.044861887,0.17301334,0.10551818,0.6766066
7,7,none,car,1688,108,1,2,False,0.023499778,0.3768044,0.43613276,0.16356303
7,7,none,car,1689,108,1,1,True,0.0011651688,0.9706543,0.004655516,0.023525013
7,7,none,car,1690,108,0,0,True,0.8331504,0.0057829316,0.062404733,0.098661825
7,7,none,car,1691,108,0,3,False,0.21070614,0.02404064,0.3683624,0.39689082
7,7,none,car,1692,108,1,1,True,0.00836844,0.48379546,0.38206598,0.12577008
7,7,none,car,1693,108,0,3,False,0.054974332,0.037253574,0.07124376,0.8365283
7,7,none,car,1694,108,1,3,False,0.012800174,0.25072923,0.31251708,0.4239535
7,7,none,car,1695,108,1,1,True,0.00023957173,0.98849374,0.0013132839,0.0099533815
7,7,none,car,1696,108,0,0,True,0.9563194,0.00410752,0.018359207,0.021213917
7,7,none,car,1697,108,0,0,True,0.9907386,0.0013396468,0.0032242606,0.004697553
7,7,none,car,1698,108,3,3,True,0.02527734,0.14338888,0.2476365,0.5836973
7,7,none,car,1699,108,2,3,False,0.00454018,0.024414662,0.16050868,0.81053644
7,7,none,car,1700,108,2,3,False,0.06446568,0.015917761,0.11818858,0.801428
7,7,none,car,1701,108,3,3,True,0.0018060408,0.0017550417,0.0034307623,0.99300814
7,7,none,car,1702,108,2,3,False,0.04530171,0.01342324,0.111985505,0.82928956
7,7,none,car,1703,108,3,3,True,0.03961134,0.011596616,0.36501265,0.58377934
7,7,none,car,1704,108,3,3,True,0.0036348624,0.0051491666,0.054278012,0.936938
7,7,none,car,1705,108,2,2,True,0.0146483425,0.05277311,0.5076889,0.4248897
7,7,none,car,1706,108,3,3,True,0.010350177,0.055273857,0.28623223,0.6481437
7,7,none,car,1707,108,2,3,False,0.031800568,0.02178717,0.2316963,0.71471596
7,7,none,car,1708,108,2,3,False,0.17452261,0.012213434,0.20435052,0.6089135
7,7,none,car,1709,108,3,3,True,0.0013271049,0.0035105038,0.010235399,0.98492694
7,7,none,car,1710,108,2,2,True,0.12825297,0.06243185,0.4642254,0.3450898
7,7,none,car,1711,108,3,3,True,0.0011819096,0.11612343,0.17653845,0.7061562
7,7,none,car,1712,108,2,2,True,0.24156769,0.13140582,0.46162403,0.16540244
7,7,none,car,1713,109,0,0,True,0.6559565,0.028385788,0.055781018,0.2598766
7,7,none,car,1714,109,1,2,False,0.06432664,0.035795137,0.55974406,0.34013417
7,7,none,car,1715,109,1,1,True,7.601005e-05,0.9996232,7.747787e-05,0.00022328539
7,7,none,car,1716,109,0,2,False,0.15979175,0.1665629,0.4122345,0.2614108
7,7,none,car,1717,109,1,1,True,0.0006349125,0.9990792,0.00019190653,9.395501e-05
7,7,none,car,1718,109,0,3,False,0.019814068,0.037400473,0.43733224,0.5054532
7,7,none,car,1719,109,1,1,True,0.0013649518,0.9710325,0.025017926,0.0025845622
7,7,none,car,1720,109,0,0,True,0.760276,0.018624036,0.15019576,0.07090418
7,7,none,car,1721,109,1,1,True,0.0037113759,0.9212116,0.042477187,0.03259985
7,7,none,car,1722,109,0,2,False,0.0090512335,0.07629176,0.68647623,0.22818074
7,7,none,car,1723,109,0,0,True,0.33742094,0.16016005,0.18062435,0.3217947
7,7,none,car,1724,109,1,1,True,0.00011492795,0.99593604,0.000763276,0.0031857518
7,7,none,car,1725,109,0,0,True,0.9961604,0.0004831943,0.0025097202,0.0008466878
7,7,none,car,1726,109,1,2,False,0.008555777,0.08564845,0.6612084,0.24458736
7,7,none,car,1727,109,1,1,True,0.00028660725,0.99710554,0.00049128983,0.002116583
7,7,none,car,1728,109,3,1,False,0.0011683422,0.6711744,0.068094715,0.2595626
7,7,none,car,1729,109,2,2,True,0.0057384386,0.23645633,0.6955905,0.062214788
7,7,none,car,1730,109,2,1,False,0.0029991663,0.8256377,0.027517961,0.14384516
7,7,none,car,1731,109,3,3,True,0.00445678,0.025060141,0.020277206,0.9502059
7,7,none,car,1732,109,3,3,True,0.011438797,0.35132504,0.057614658,0.5796215
7,7,none,car,1733,109,2,3,False,0.072689116,0.08670563,0.2667182,0.57388705
7,7,none,car,1734,109,2,3,False,0.07222571,0.10179733,0.27933225,0.54664475
7,7,none,car,1735,109,3,1,False,0.0012409171,0.7415988,0.06814868,0.18901159
7,7,none,car,1736,109,2,3,False,0.0033972247,0.06591754,0.06522519,0.86546004
7,7,none,car,1737,109,3,1,False,0.009015111,0.9021273,0.020969968,0.06788756
7,7,none,car,1738,109,2,1,False,0.0014994933,0.9204311,0.005786061,0.07228343
7,7,none,car,1739,109,3,1,False,0.0063468846,0.56283134,0.14698865,0.28383318
7,7,none,car,1740,109,3,3,True,0.007272469,0.033486325,0.022178886,0.9370623
7,7,none,car,1741,109,2,3,False,0.06950455,0.17216294,0.18397118,0.5743613
7,7,none,car,1742,109,2,3,False,0.0010556795,0.031095592,0.013632699,0.95421606
7,7,none,car,1743,109,1,3,False,0.07084446,0.2878781,0.088066496,0.5532109
7,7,none,car,1744,109,0,1,False,0.0005010629,0.88718504,0.07711171,0.03520216
7,7,none,car,1745,109,1,1,True,0.00035442848,0.9864867,0.00460458,0.008554335
7,7,none,car,1746,109,0,3,False,0.008791081,0.059164356,0.2791237,0.6529209
7,7,none,car,1747,109,0,0,True,0.83509666,0.008133947,0.03460578,0.12216351
7,7,none,car,1748,109,1,3,False,0.0059388354,0.16078335,0.24960522,0.5836726
7,7,none,car,1749,109,0,3,False,0.016760638,0.009192572,0.048851132,0.92519563
7,7,none,car,1750,109,1,3,False,0.003990845,0.08851241,0.06906059,0.8384362
7,7,none,car,1751,109,1,1,True,0.012364294,0.47278312,0.15924679,0.3556058
7,7,none,car,1752,109,0,2,False,0.056692585,0.10857202,0.42226171,0.41247365
7,7,none,car,1753,109,1,3,False,0.0016894651,0.0085875485,0.019147217,0.9705758
7,7,none,car,1754,109,0,2,False,0.0014167667,0.1994619,0.41506386,0.38405755
7,7,none,car,1755,109,1,1,True,0.00013360866,0.9921599,0.0036073583,0.0040990873
7,7,none,car,1756,109,0,1,False,0.03567521,0.50034004,0.032193102,0.43179157
7,7,none,car,1757,109,0,0,True,0.54015553,0.03620513,0.11065668,0.31298265
7,7,none,car,1758,109,2,3,False,0.0005030102,0.013625313,0.013073223,0.9727984
7,7,none,car,1759,109,3,2,False,0.032019474,0.20314494,0.500112,0.26472357
7,7,none,car,1760,109,2,3,False,0.0012598373,0.15003943,0.3653378,0.48336294
7,7,none,car,1761,109,3,3,True,0.0045321244,0.043572668,0.080455415,0.87143975
7,7,none,car,1762,109,3,3,True,0.0038234375,0.037784245,0.11907941,0.83931285
7,7,none,car,1763,109,2,3,False,0.0111643765,0.034951333,0.062461976,0.89142233
7,7,none,car,1764,109,3,3,True,0.001933717,0.036320876,0.047038466,0.91470695
7,7,none,car,1765,109,2,2,True,0.00069892243,0.16762711,0.45726258,0.3744113
7,7,none,car,1766,109,3,3,True,0.0017232249,0.05128009,0.14690746,0.8000893
7,7,none,car,1767,109,2,2,True,0.0023333817,0.12635794,0.5346901,0.33661863
7,7,none,car,1768,109,2,3,False,0.022077816,0.07612908,0.1609138,0.7408793
7,7,none,car,1769,109,3,3,True,0.0024612735,0.31194225,0.17699252,0.508604
7,7,none,car,1770,109,2,3,False,0.008501238,0.050064318,0.12389862,0.81753576
7,7,none,car,1771,109,3,3,True,0.00077773764,0.1811868,0.11725003,0.70078546
7,7,none,car,1772,109,2,1,False,0.0019579516,0.43065366,0.17652842,0.39086
7,7,none,car,1773,109,1,3,False,0.0010097112,0.09392369,0.02060287,0.8844637
7,7,none,car,1774,109,0,3,False,0.0034462959,0.081775405,0.3983853,0.516393
7,7,none,car,1775,109,1,2,False,0.009401837,0.0895379,0.7599698,0.14109047
7,7,none,car,1776,109,0,3,False,0.0066128266,0.040517047,0.1892505,0.76361966
7,7,none,car,1777,109,0,1,False,0.000613858,0.6775328,0.20380263,0.118050724
7,7,none,car,1778,109,1,1,True,0.0018816284,0.5067236,0.24172819,0.24966659
7,7,none,car,1779,109,1,3,False,0.028667087,0.053650618,0.4309742,0.4867081
7,7,none,car,1780,109,0,3,False,0.0053033526,0.052730262,0.16553576,0.77643067
7,7,none,car,1781,109,1,1,True,0.007090177,0.62604016,0.22577977,0.14108986
7,7,none,car,1782,109,0,3,False,0.27883106,0.12339464,0.2520038,0.34577048
7,7,none,car,1783,109,0,3,False,0.05892702,0.12911913,0.27001116,0.5419427
7,7,none,car,1784,109,1,3,False,0.0031889551,0.077034794,0.14670944,0.77306676
7,7,none,car,1785,109,0,0,True,0.97120476,0.0017314171,0.008375933,0.018687826
7,7,none,car,1786,109,1,2,False,0.010530267,0.051519267,0.49435684,0.4435936
7,7,none,car,1787,109,0,2,False,0.0053636143,0.177477,0.5097708,0.3073886
7,7,none,car,1788,109,2,1,False,0.001194638,0.4908811,0.45480976,0.05311451
7,7,none,car,1789,109,3,3,True,0.010766528,0.14042953,0.2684958,0.58030814
7,7,none,car,1790,109,2,3,False,0.0052894256,0.26030454,0.12066676,0.61373925
7,7,none,car,1791,109,3,2,False,0.0037013688,0.039201878,0.49045414,0.46664265
7,7,none,car,1792,109,2,3,False,0.015360175,0.116136074,0.19256519,0.67593855
7,7,none,car,1793,109,3,1,False,0.0009847487,0.5052255,0.26775476,0.22603503
7,7,none,car,1794,109,2,1,False,0.009035904,0.50934756,0.38389227,0.09772423
7,7,none,car,1795,109,3,3,True,0.028421933,0.04554066,0.32212055,0.6039168
7,7,none,car,1796,109,3,3,True,0.0076655825,0.20691343,0.36739624,0.41802478
7,7,none,car,1797,109,2,3,False,0.052962642,0.059561078,0.12929696,0.7581793
7,7,none,car,1798,109,3,1,False,0.0012492009,0.7744088,0.011904537,0.2124374
7,7,none,car,1799,109,2,3,False,0.016730076,0.03592688,0.17443165,0.77291137
7,7,none,car,1800,109,2,3,False,0.002996983,0.08772998,0.28260478,0.6266682
7,7,none,car,1801,109,3,2,False,0.00941319,0.11898591,0.62444884,0.24715203
7,7,none,car,1802,109,3,3,True,0.017762877,0.036962423,0.13112909,0.8141456
