target_view,montage,held_out_reference,method,class_index,class_name,car_recall,target_recall,absolute_recall_gap
native16@C1,native16,c1,identity,0,left_fist,0.7904761904761904,0.6857142857142857,0.10476190476190472
native16@C1,native16,c1,identity,1,right_fist,0.6135265700483091,0.7342995169082126,0.12077294685990347
native16@C1,native16,c1,identity,2,both_fists,0.004761904761904762,0.0,0.004761904761904762
native16@C1,native16,c1,identity,3,both_feet,0.01932367149758454,0.033816425120772944,0.014492753623188404
native16@C1,native16,c1,global_mean,0,left_fist,0.4523809523809524,0.49523809523809526,0.04285714285714287
native16@C1,native16,c1,global_mean,1,right_fist,0.34299516908212563,0.6570048309178744,0.3140096618357488
native16@C1,native16,c1,global_mean,2,both_fists,0.4857142857142857,0.3047619047619048,0.18095238095238092
native16@C1,native16,c1,global_mean,3,both_feet,0.4106280193236715,0.10628019323671498,0.30434782608695654
native16@C1,native16,c1,pooled_bias,0,left_fist,0.4523809523809524,0.48095238095238096,0.02857142857142858
native16@C1,native16,c1,pooled_bias,1,right_fist,0.34299516908212563,0.6376811594202898,0.29468599033816417
native16@C1,native16,c1,pooled_bias,2,both_fists,0.4857142857142857,0.3238095238095238,0.16190476190476188
native16@C1,native16,c1,pooled_bias,3,both_feet,0.4106280193236715,0.1111111111111111,0.2995169082125604
native16@C1,native16,c1,topology_ridge,0,left_fist,0.4523809523809524,0.4380952380952381,0.01428571428571429
native16@C1,native16,c1,topology_ridge,1,right_fist,0.34299516908212563,0.45893719806763283,0.1159420289855072
native16@C1,native16,c1,topology_ridge,2,both_fists,0.4857142857142857,0.3904761904761905,0.09523809523809523
native16@C1,native16,c1,topology_ridge,3,both_feet,0.4106280193236715,0.4106280193236715,0.0
native16@C1,native16,c1,logit_ridge,0,left_fist,0.4523809523809524,0.4142857142857143,0.03809523809523807
native16@C1,native16,c1,logit_ridge,1,right_fist,0.34299516908212563,0.3961352657004831,0.053140096618357446
native16@C1,native16,c1,logit_ridge,2,both_fists,0.4857142857142857,0.42857142857142855,0.05714285714285716
native16@C1,native16,c1,logit_ridge,3,both_feet,0.4106280193236715,0.42995169082125606,0.01932367149758457
native16@C1,native16,c1,combined_ridge,0,left_fist,0.4523809523809524,0.4142857142857143,0.03809523809523807
native16@C1,native16,c1,combined_ridge,1,right_fist,0.34299516908212563,0.4057971014492754,0.06280193236714976
native16@C1,native16,c1,combined_ridge,2,both_fists,0.4857142857142857,0.42857142857142855,0.05714285714285716
native16@C1,native16,c1,combined_ridge,3,both_feet,0.4106280193236715,0.4251207729468599,0.014492753623188415
native16@C1,native16,c1,oracle,0,left_fist,0.4523809523809524,0.4095238095238095,0.04285714285714287
native16@C1,native16,c1,oracle,1,right_fist,0.34299516908212563,0.40096618357487923,0.0579710144927536
native16@C1,native16,c1,oracle,2,both_fists,0.4857142857142857,0.43333333333333335,0.05238095238095236
native16@C1,native16,c1,oracle,3,both_feet,0.4106280193236715,0.4492753623188406,0.03864734299516909
native16@C2,native16,c2,identity,0,left_fist,0.7904761904761904,0.8761904761904762,0.08571428571428574
native16@C2,native16,c2,identity,1,right_fist,0.6135265700483091,0.463768115942029,0.14975845410628014
native16@C2,native16,c2,identity,2,both_fists,0.004761904761904762,0.004761904761904762,0.0
native16@C2,native16,c2,identity,3,both_feet,0.01932367149758454,0.09178743961352658,0.07246376811594203
native16@C2,native16,c2,global_mean,0,left_fist,0.4523809523809524,0.719047619047619,0.26666666666666666
native16@C2,native16,c2,global_mean,1,right_fist,0.34299516908212563,0.47342995169082125,0.13043478260869562
native16@C2,native16,c2,global_mean,2,both_fists,0.4857142857142857,0.24761904761904763,0.23809523809523808
native16@C2,native16,c2,global_mean,3,both_feet,0.4106280193236715,0.14492753623188406,0.2657004830917874
native16@C2,native16,c2,pooled_bias,0,left_fist,0.4523809523809524,0.6666666666666666,0.21428571428571425
native16@C2,native16,c2,pooled_bias,1,right_fist,0.34299516908212563,0.45410628019323673,0.1111111111111111
native16@C2,native16,c2,pooled_bias,2,both_fists,0.4857142857142857,0.30952380952380953,0.17619047619047618
native16@C2,native16,c2,pooled_bias,3,both_feet,0.4106280193236715,0.14492753623188406,0.2657004830917874
native16@C2,native16,c2,topology_ridge,0,left_fist,0.4523809523809524,0.5142857142857142,0.06190476190476185
native16@C2,native16,c2,topology_ridge,1,right_fist,0.34299516908212563,0.38164251207729466,0.03864734299516903
native16@C2,native16,c2,topology_ridge,2,both_fists,0.4857142857142857,0.38571428571428573,0.09999999999999998
native16@C2,native16,c2,topology_ridge,3,both_feet,0.4106280193236715,0.3333333333333333,0.07729468599033817
native16@C2,native16,c2,logit_ridge,0,left_fist,0.4523809523809524,0.43333333333333335,0.019047619047619035
native16@C2,native16,c2,logit_ridge,1,right_fist,0.34299516908212563,0.2898550724637681,0.0531400966183575
native16@C2,native16,c2,logit_ridge,2,both_fists,0.4857142857142857,0.44285714285714284,0.04285714285714287
native16@C2,native16,c2,logit_ridge,3,both_feet,0.4106280193236715,0.41545893719806765,0.004830917874396157
native16@C2,native16,c2,combined_ridge,0,left_fist,0.4523809523809524,0.43333333333333335,0.019047619047619035
native16@C2,native16,c2,combined_ridge,1,right_fist,0.34299516908212563,0.2946859903381642,0.0483091787439614
native16@C2,native16,c2,combined_ridge,2,both_fists,0.4857142857142857,0.41904761904761906,0.06666666666666665
native16@C2,native16,c2,combined_ridge,3,both_feet,0.4106280193236715,0.4106280193236715,0.0
native16@C2,native16,c2,oracle,0,left_fist,0.4523809523809524,0.41904761904761906,0.033333333333333326
native16@C2,native16,c2,oracle,1,right_fist,0.34299516908212563,0.2898550724637681,0.0531400966183575
native16@C2,native16,c2,oracle,2,both_fists,0.4857142857142857,0.4380952380952381,0.047619047619047616
native16@C2,native16,c2,oracle,3,both_feet,0.4106280193236715,0.4492753623188406,0.03864734299516909
native16@C3,native16,c3,identity,0,left_fist,0.7904761904761904,0.5619047619047619,0.22857142857142854
native16@C3,native16,c3,identity,1,right_fist,0.6135265700483091,0.8260869565217391,0.21256038647343
native16@C3,native16,c3,identity,2,both_fists,0.004761904761904762,0.004761904761904762,0.0
native16@C3,native16,c3,identity,3,both_feet,0.01932367149758454,0.06280193236714976,0.043478260869565216
native16@C3,native16,c3,global_mean,0,left_fist,0.4523809523809524,0.35714285714285715,0.09523809523809523
native16@C3,native16,c3,global_mean,1,right_fist,0.34299516908212563,0.6811594202898551,0.33816425120772947
native16@C3,native16,c3,global_mean,2,both_fists,0.4857142857142857,0.3476190476190476,0.1380952380952381
native16@C3,native16,c3,global_mean,3,both_feet,0.4106280193236715,0.16908212560386474,0.24154589371980675
native16@C3,native16,c3,pooled_bias,0,left_fist,0.4523809523809524,0.34285714285714286,0.10952380952380952
native16@C3,native16,c3,pooled_bias,1,right_fist,0.34299516908212563,0.6666666666666666,0.323671497584541
native16@C3,native16,c3,pooled_bias,2,both_fists,0.4857142857142857,0.4095238095238095,0.0761904761904762
native16@C3,native16,c3,pooled_bias,3,both_feet,0.4106280193236715,0.16908212560386474,0.24154589371980675
native16@C3,native16,c3,topology_ridge,0,left_fist,0.4523809523809524,0.41904761904761906,0.033333333333333326
native16@C3,native16,c3,topology_ridge,1,right_fist,0.34299516908212563,0.42028985507246375,0.07729468599033812
native16@C3,native16,c3,topology_ridge,2,both_fists,0.4857142857142857,0.2761904761904762,0.2095238095238095
native16@C3,native16,c3,topology_ridge,3,both_feet,0.4106280193236715,0.45410628019323673,0.043478260869565244
native16@C3,native16,c3,logit_ridge,0,left_fist,0.4523809523809524,0.49047619047619045,0.03809523809523807
native16@C3,native16,c3,logit_ridge,1,right_fist,0.34299516908212563,0.357487922705314,0.01449275362318836
native16@C3,native16,c3,logit_ridge,2,both_fists,0.4857142857142857,0.3523809523809524,0.1333333333333333
native16@C3,native16,c3,logit_ridge,3,both_feet,0.4106280193236715,0.36231884057971014,0.048309178743961345
native16@C3,native16,c3,combined_ridge,0,left_fist,0.4523809523809524,0.4857142857142857,0.033333333333333326
native16@C3,native16,c3,combined_ridge,1,right_fist,0.34299516908212563,0.3719806763285024,0.028985507246376774
native16@C3,native16,c3,combined_ridge,2,both_fists,0.4857142857142857,0.32857142857142857,0.15714285714285714
native16@C3,native16,c3,combined_ridge,3,both_feet,0.4106280193236715,0.3719806763285024,0.03864734299516909
native16@C3,native16,c3,oracle,0,left_fist,0.4523809523809524,0.5,0.047619047619047616
native16@C3,native16,c3,oracle,1,right_fist,0.34299516908212563,0.391304347826087,0.048309178743961345
native16@C3,native16,c3,oracle,2,both_fists,0.4857142857142857,0.3523809523809524,0.1333333333333333
native16@C3,native16,c3,oracle,3,both_feet,0.4106280193236715,0.33816425120772947,0.07246376811594202
native16@C4,native16,c4,identity,0,left_fist,0.7904761904761904,0.9476190476190476,0.15714285714285714
native16@C4,native16,c4,identity,1,right_fist,0.6135265700483091,0.2318840579710145,0.3816425120772946
native16@C4,native16,c4,identity,2,both_fists,0.004761904761904762,0.004761904761904762,0.0
native16@C4,native16,c4,identity,3,both_feet,0.01932367149758454,0.05314009661835749,0.033816425120772944
native16@C4,native16,c4,global_mean,0,left_fist,0.4523809523809524,0.8142857142857143,0.3619047619047619
native16@C4,native16,c4,global_mean,1,right_fist,0.34299516908212563,0.20772946859903382,0.1352657004830918
native16@C4,native16,c4,global_mean,2,both_fists,0.4857142857142857,0.30952380952380953,0.17619047619047618
native16@C4,native16,c4,global_mean,3,both_feet,0.4106280193236715,0.11594202898550725,0.2946859903381642
native16@C4,native16,c4,pooled_bias,0,left_fist,0.4523809523809524,0.8047619047619048,0.3523809523809524
native16@C4,native16,c4,pooled_bias,1,right_fist,0.34299516908212563,0.20772946859903382,0.1352657004830918
native16@C4,native16,c4,pooled_bias,2,both_fists,0.4857142857142857,0.3476190476190476,0.1380952380952381
native16@C4,native16,c4,pooled_bias,3,both_feet,0.4106280193236715,0.12077294685990338,0.2898550724637681
native16@C4,native16,c4,topology_ridge,0,left_fist,0.4523809523809524,0.5523809523809524,0.10000000000000003
native16@C4,native16,c4,topology_ridge,1,right_fist,0.34299516908212563,0.2028985507246377,0.14009661835748793
native16@C4,native16,c4,topology_ridge,2,both_fists,0.4857142857142857,0.44285714285714284,0.04285714285714287
native16@C4,native16,c4,topology_ridge,3,both_feet,0.4106280193236715,0.3671497584541063,0.04347826086956519
native16@C4,native16,c4,logit_ridge,0,left_fist,0.4523809523809524,0.4523809523809524,0.0
native16@C4,native16,c4,logit_ridge,1,right_fist,0.34299516908212563,0.2946859903381642,0.0483091787439614
native16@C4,native16,c4,logit_ridge,2,both_fists,0.4857142857142857,0.44285714285714284,0.04285714285714287
native16@C4,native16,c4,logit_ridge,3,both_feet,0.4106280193236715,0.4444444444444444,0.03381642512077293
native16@C4,native16,c4,combined_ridge,0,left_fist,0.4523809523809524,0.4714285714285714,0.019047619047619035
native16@C4,native16,c4,combined_ridge,1,right_fist,0.34299516908212563,0.28019323671497587,0.06280193236714976
native16@C4,native16,c4,combined_ridge,2,both_fists,0.4857142857142857,0.44285714285714284,0.04285714285714287
native16@C4,native16,c4,combined_ridge,3,both_feet,0.4106280193236715,0.4444444444444444,0.03381642512077293
native16@C4,native16,c4,oracle,0,left_fist,0.4523809523809524,0.47619047619047616,0.02380952380952378
native16@C4,native16,c4,oracle,1,right_fist,0.34299516908212563,0.2898550724637681,0.0531400966183575
native16@C4,native16,c4,oracle,2,both_fists,0.4857142857142857,0.42857142857142855,0.05714285714285716
native16@C4,native16,c4,oracle,3,both_feet,0.4106280193236715,0.41545893719806765,0.004830917874396157
native16@CP1,native16,cp1,identity,0,left_fist,0.7904761904761904,0.6,0.19047619047619047
native16@CP1,native16,cp1,identity,1,right_fist,0.6135265700483091,0.7246376811594203,0.11111111111111116
native16@CP1,native16,cp1,identity,2,both_fists,0.004761904761904762,0.03333333333333333,0.02857142857142857
native16@CP1,native16,cp1,identity,3,both_feet,0.01932367149758454,0.14009661835748793,0.12077294685990339
native16@CP1,native16,cp1,global_mean,0,left_fist,0.4523809523809524,0.38571428571428573,0.06666666666666665
native16@CP1,native16,cp1,global_mean,1,right_fist,0.34299516908212563,0.5410628019323671,0.19806763285024148
native16@CP1,native16,cp1,global_mean,2,both_fists,0.4857142857142857,0.48095238095238096,0.004761904761904745
native16@CP1,native16,cp1,global_mean,3,both_feet,0.4106280193236715,0.21739130434782608,0.1932367149758454
native16@CP1,native16,cp1,pooled_bias,0,left_fist,0.4523809523809524,0.35714285714285715,0.09523809523809523
native16@CP1,native16,cp1,pooled_bias,1,right_fist,0.34299516908212563,0.5265700483091788,0.18357487922705312
native16@CP1,native16,cp1,pooled_bias,2,both_fists,0.4857142857142857,0.5238095238095238,0.038095238095238126
native16@CP1,native16,cp1,pooled_bias,3,both_feet,0.4106280193236715,0.22705314009661837,0.18357487922705312
native16@CP1,native16,cp1,topology_ridge,0,left_fist,0.4523809523809524,0.38571428571428573,0.06666666666666665
native16@CP1,native16,cp1,topology_ridge,1,right_fist,0.34299516908212563,0.3961352657004831,0.053140096618357446
native16@CP1,native16,cp1,topology_ridge,2,both_fists,0.4857142857142857,0.5571428571428572,0.07142857142857145
native16@CP1,native16,cp1,topology_ridge,3,both_feet,0.4106280193236715,0.33816425120772947,0.07246376811594202
native16@CP1,native16,cp1,logit_ridge,0,left_fist,0.4523809523809524,0.42857142857142855,0.023809523809523836
native16@CP1,native16,cp1,logit_ridge,1,right_fist,0.34299516908212563,0.357487922705314,0.01449275362318836
native16@CP1,native16,cp1,logit_ridge,2,both_fists,0.4857142857142857,0.5238095238095238,0.038095238095238126
native16@CP1,native16,cp1,logit_ridge,3,both_feet,0.4106280193236715,0.33816425120772947,0.07246376811594202
native16@CP1,native16,cp1,combined_ridge,0,left_fist,0.4523809523809524,0.42857142857142855,0.023809523809523836
native16@CP1,native16,cp1,combined_ridge,1,right_fist,0.34299516908212563,0.3671497584541063,0.024154589371980673
native16@CP1,native16,cp1,combined_ridge,2,both_fists,0.4857142857142857,0.5333333333333333,0.047619047619047616
native16@CP1,native16,cp1,combined_ridge,3,both_feet,0.4106280193236715,0.33816425120772947,0.07246376811594202
native16@CP1,native16,cp1,oracle,0,left_fist,0.4523809523809524,0.42857142857142855,0.023809523809523836
native16@CP1,native16,cp1,oracle,1,right_fist,0.34299516908212563,0.36231884057971014,0.019323671497584516
native16@CP1,native16,cp1,oracle,2,both_fists,0.4857142857142857,0.5190476190476191,0.03333333333333338
native16@CP1,native16,cp1,oracle,3,both_feet,0.4106280193236715,0.36231884057971014,0.048309178743961345
native16@CP2,native16,cp2,identity,0,left_fist,0.7904761904761904,0.8714285714285714,0.080952380952381
native16@CP2,native16,cp2,identity,1,right_fist,0.6135265700483091,0.4830917874396135,0.13043478260869562
native16@CP2,native16,cp2,identity,2,both_fists,0.004761904761904762,0.004761904761904762,0.0
native16@CP2,native16,cp2,identity,3,both_feet,0.01932367149758454,0.0966183574879227,0.07729468599033816
native16@CP2,native16,cp2,global_mean,0,left_fist,0.4523809523809524,0.6666666666666666,0.21428571428571425
native16@CP2,native16,cp2,global_mean,1,right_fist,0.34299516908212563,0.41545893719806765,0.07246376811594202
native16@CP2,native16,cp2,global_mean,2,both_fists,0.4857142857142857,0.38095238095238093,0.10476190476190478
native16@CP2,native16,cp2,global_mean,3,both_feet,0.4106280193236715,0.22705314009661837,0.18357487922705312
native16@CP2,native16,cp2,pooled_bias,0,left_fist,0.4523809523809524,0.638095238095238,0.18571428571428567
native16@CP2,native16,cp2,pooled_bias,1,right_fist,0.34299516908212563,0.3961352657004831,0.053140096618357446
native16@CP2,native16,cp2,pooled_bias,2,both_fists,0.4857142857142857,0.40476190476190477,0.08095238095238094
native16@CP2,native16,cp2,pooled_bias,3,both_feet,0.4106280193236715,0.23671497584541062,0.17391304347826086
native16@CP2,native16,cp2,topology_ridge,0,left_fist,0.4523809523809524,0.5047619047619047,0.05238095238095236
native16@CP2,native16,cp2,topology_ridge,1,right_fist,0.34299516908212563,0.3526570048309179,0.009661835748792258
native16@CP2,native16,cp2,topology_ridge,2,both_fists,0.4857142857142857,0.44285714285714284,0.04285714285714287
native16@CP2,native16,cp2,topology_ridge,3,both_feet,0.4106280193236715,0.357487922705314,0.0531400966183575
native16@CP2,native16,cp2,logit_ridge,0,left_fist,0.4523809523809524,0.49047619047619045,0.03809523809523807
native16@CP2,native16,cp2,logit_ridge,1,right_fist,0.34299516908212563,0.3333333333333333,0.009661835748792313
native16@CP2,native16,cp2,logit_ridge,2,both_fists,0.4857142857142857,0.46190476190476193,0.02380952380952378
native16@CP2,native16,cp2,logit_ridge,3,both_feet,0.4106280193236715,0.4106280193236715,0.0
native16@CP2,native16,cp2,combined_ridge,0,left_fist,0.4523809523809524,0.49047619047619045,0.03809523809523807
native16@CP2,native16,cp2,combined_ridge,1,right_fist,0.34299516908212563,0.34782608695652173,0.004830917874396101
native16@CP2,native16,cp2,combined_ridge,2,both_fists,0.4857142857142857,0.44285714285714284,0.04285714285714287
native16@CP2,native16,cp2,combined_ridge,3,both_feet,0.4106280193236715,0.4057971014492754,0.004830917874396101
native16@CP2,native16,cp2,oracle,0,left_fist,0.4523809523809524,0.49047619047619045,0.03809523809523807
native16@CP2,native16,cp2,oracle,1,right_fist,0.34299516908212563,0.3285024154589372,0.014492753623188415
native16@CP2,native16,cp2,oracle,2,both_fists,0.4857142857142857,0.44285714285714284,0.04285714285714287
native16@CP2,native16,cp2,oracle,3,both_feet,0.4106280193236715,0.41545893719806765,0.004830917874396157
native16@CP3,native16,cp3,identity,0,left_fist,0.7904761904761904,0.5285714285714286,0.26190476190476186
native16@CP3,native16,cp3,identity,1,right_fist,0.6135265700483091,0.8454106280193237,0.23188405797101452
native16@CP3,native16,cp3,identity,2,both_fists,0.004761904761904762,0.0380952380952381,0.03333333333333334
native16@CP3,native16,cp3,identity,3,both_feet,0.01932367149758454,0.043478260869565216,0.024154589371980676
native16@CP3,native16,cp3,global_mean,0,left_fist,0.4523809523809524,0.2904761904761905,0.16190476190476188
native16@CP3,native16,cp3,global_mean,1,right_fist,0.34299516908212563,0.6231884057971014,0.2801932367149758
native16@CP3,native16,cp3,global_mean,2,both_fists,0.4857142857142857,0.5428571428571428,0.057142857142857106
native16@CP3,native16,cp3,global_mean,3,both_feet,0.4106280193236715,0.04830917874396135,0.36231884057971014
native16@CP3,native16,cp3,pooled_bias,0,left_fist,0.4523809523809524,0.2857142857142857,0.16666666666666669
native16@CP3,native16,cp3,pooled_bias,1,right_fist,0.34299516908212563,0.5797101449275363,0.23671497584541062
native16@CP3,native16,cp3,pooled_bias,2,both_fists,0.4857142857142857,0.5666666666666667,0.08095238095238094
native16@CP3,native16,cp3,pooled_bias,3,both_feet,0.4106280193236715,0.04830917874396135,0.36231884057971014
native16@CP3,native16,cp3,topology_ridge,0,left_fist,0.4523809523809524,0.41904761904761906,0.033333333333333326
native16@CP3,native16,cp3,topology_ridge,1,right_fist,0.34299516908212563,0.4396135265700483,0.09661835748792269
native16@CP3,native16,cp3,topology_ridge,2,both_fists,0.4857142857142857,0.5428571428571428,0.057142857142857106
native16@CP3,native16,cp3,topology_ridge,3,both_feet,0.4106280193236715,0.2463768115942029,0.16425120772946858
native16@CP3,native16,cp3,logit_ridge,0,left_fist,0.4523809523809524,0.5095238095238095,0.057142857142857106
native16@CP3,native16,cp3,logit_ridge,1,right_fist,0.34299516908212563,0.37681159420289856,0.03381642512077293
native16@CP3,native16,cp3,logit_ridge,2,both_fists,0.4857142857142857,0.44285714285714284,0.04285714285714287
native16@CP3,native16,cp3,logit_ridge,3,both_feet,0.4106280193236715,0.28019323671497587,0.13043478260869562
native16@CP3,native16,cp3,combined_ridge,0,left_fist,0.4523809523809524,0.5095238095238095,0.057142857142857106
native16@CP3,native16,cp3,combined_ridge,1,right_fist,0.34299516908212563,0.38164251207729466,0.03864734299516903
native16@CP3,native16,cp3,combined_ridge,2,both_fists,0.4857142857142857,0.44761904761904764,0.03809523809523807
native16@CP3,native16,cp3,combined_ridge,3,both_feet,0.4106280193236715,0.28019323671497587,0.13043478260869562
native16@CP3,native16,cp3,oracle,0,left_fist,0.4523809523809524,0.48095238095238096,0.02857142857142858
native16@CP3,native16,cp3,oracle,1,right_fist,0.34299516908212563,0.3864734299516908,0.04347826086956519
native16@CP3,native16,cp3,oracle,2,both_fists,0.4857142857142857,0.47619047619047616,0.009523809523809545
native16@CP3,native16,cp3,oracle,3,both_feet,0.4106280193236715,0.3188405797101449,0.09178743961352659
native16@CP4,native16,cp4,identity,0,left_fist,0.7904761904761904,0.8952380952380953,0.10476190476190483
native16@CP4,native16,cp4,identity,1,right_fist,0.6135265700483091,0.34299516908212563,0.2705314009661835
native16@CP4,native16,cp4,identity,2,both_fists,0.004761904761904762,0.004761904761904762,0.0
native16@CP4,native16,cp4,identity,3,both_feet,0.01932367149758454,0.07729468599033816,0.05797101449275362
native16@CP4,native16,cp4,global_mean,0,left_fist,0.4523809523809524,0.7238095238095238,0.2714285714285714
native16@CP4,native16,cp4,global_mean,1,right_fist,0.34299516908212563,0.2995169082125604,0.043478260869565244
native16@CP4,native16,cp4,global_mean,2,both_fists,0.4857142857142857,0.2904761904761905,0.1952380952380952
native16@CP4,native16,cp4,global_mean,3,both_feet,0.4106280193236715,0.1932367149758454,0.21739130434782608
native16@CP4,native16,cp4,pooled_bias,0,left_fist,0.4523809523809524,0.7095238095238096,0.2571428571428572
native16@CP4,native16,cp4,pooled_bias,1,right_fist,0.34299516908212563,0.2753623188405797,0.06763285024154592
native16@CP4,native16,cp4,pooled_bias,2,both_fists,0.4857142857142857,0.3142857142857143,0.17142857142857143
native16@CP4,native16,cp4,pooled_bias,3,both_feet,0.4106280193236715,0.2222222222222222,0.18840579710144928
native16@CP4,native16,cp4,topology_ridge,0,left_fist,0.4523809523809524,0.5857142857142857,0.13333333333333336
native16@CP4,native16,cp4,topology_ridge,1,right_fist,0.34299516908212563,0.3140096618357488,0.02898550724637683
native16@CP4,native16,cp4,topology_ridge,2,both_fists,0.4857142857142857,0.44285714285714284,0.04285714285714287
native16@CP4,native16,cp4,topology_ridge,3,both_feet,0.4106280193236715,0.34299516908212563,0.06763285024154586
native16@CP4,native16,cp4,logit_ridge,0,left_fist,0.4523809523809524,0.46190476190476193,0.009523809523809545
native16@CP4,native16,cp4,logit_ridge,1,right_fist,0.34299516908212563,0.32367149758454106,0.01932367149758457
native16@CP4,native16,cp4,logit_ridge,2,both_fists,0.4857142857142857,0.41904761904761906,0.06666666666666665
native16@CP4,native16,cp4,logit_ridge,3,both_feet,0.4106280193236715,0.463768115942029,0.0531400966183575
native16@CP4,native16,cp4,combined_ridge,0,left_fist,0.4523809523809524,0.49047619047619045,0.03809523809523807
native16@CP4,native16,cp4,combined_ridge,1,right_fist,0.34299516908212563,0.3333333333333333,0.009661835748792313
native16@CP4,native16,cp4,combined_ridge,2,both_fists,0.4857142857142857,0.3952380952380952,0.09047619047619049
native16@CP4,native16,cp4,combined_ridge,3,both_feet,0.4106280193236715,0.4492753623188406,0.03864734299516909
native16@CP4,native16,cp4,oracle,0,left_fist,0.4523809523809524,0.5047619047619047,0.05238095238095236
native16@CP4,native16,cp4,oracle,1,right_fist,0.34299516908212563,0.32367149758454106,0.01932367149758457
native16@CP4,native16,cp4,oracle,2,both_fists,0.4857142857142857,0.41904761904761906,0.06666666666666665
native16@CP4,native16,cp4,oracle,3,both_feet,0.4106280193236715,0.43478260869565216,0.024154589371980673
native16@CPz,native16,cpz,identity,0,left_fist,0.7904761904761904,0.7714285714285715,0.01904761904761898
native16@CPz,native16,cpz,identity,1,right_fist,0.6135265700483091,0.5217391304347826,0.09178743961352653
native16@CPz,native16,cpz,identity,2,both_fists,0.004761904761904762,0.01904761904761905,0.014285714285714287
native16@CPz,native16,cpz,identity,3,both_feet,0.01932367149758454,0.07246376811594203,0.05314009661835749
native16@CPz,native16,cpz,global_mean,0,left_fist,0.4523809523809524,0.5619047619047619,0.10952380952380952
native16@CPz,native16,cpz,global_mean,1,right_fist,0.34299516908212563,0.4106280193236715,0.06763285024154586
native16@CPz,native16,cpz,global_mean,2,both_fists,0.4857142857142857,0.4,0.08571428571428569
native16@CPz,native16,cpz,global_mean,3,both_feet,0.4106280193236715,0.2222222222222222,0.18840579710144928
native16@CPz,native16,cpz,pooled_bias,0,left_fist,0.4523809523809524,0.5238095238095238,0.07142857142857145
native16@CPz,native16,cpz,pooled_bias,1,right_fist,0.34299516908212563,0.40096618357487923,0.0579710144927536
native16@CPz,native16,cpz,pooled_bias,2,both_fists,0.4857142857142857,0.44761904761904764,0.03809523809523807
native16@CPz,native16,cpz,pooled_bias,3,both_feet,0.4106280193236715,0.21739130434782608,0.1932367149758454
native16@CPz,native16,cpz,topology_ridge,0,left_fist,0.4523809523809524,0.4714285714285714,0.019047619047619035
native16@CPz,native16,cpz,topology_ridge,1,right_fist,0.34299516908212563,0.28502415458937197,0.05797101449275366
native16@CPz,native16,cpz,topology_ridge,2,both_fists,0.4857142857142857,0.4523809523809524,0.033333333333333326
native16@CPz,native16,cpz,topology_ridge,3,both_feet,0.4106280193236715,0.37681159420289856,0.03381642512077293
native16@CPz,native16,cpz,logit_ridge,0,left_fist,0.4523809523809524,0.4380952380952381,0.01428571428571429
native16@CPz,native16,cpz,logit_ridge,1,right_fist,0.34299516908212563,0.30917874396135264,0.033816425120772986
native16@CPz,native16,cpz,logit_ridge,2,both_fists,0.4857142857142857,0.4714285714285714,0.01428571428571429
native16@CPz,native16,cpz,logit_ridge,3,both_feet,0.4106280193236715,0.3719806763285024,0.03864734299516909
native16@CPz,native16,cpz,combined_ridge,0,left_fist,0.4523809523809524,0.44285714285714284,0.009523809523809545
native16@CPz,native16,cpz,combined_ridge,1,right_fist,0.34299516908212563,0.30917874396135264,0.033816425120772986
native16@CPz,native16,cpz,combined_ridge,2,both_fists,0.4857142857142857,0.46190476190476193,0.02380952380952378
native16@CPz,native16,cpz,combined_ridge,3,both_feet,0.4106280193236715,0.3719806763285024,0.03864734299516909
native16@CPz,native16,cpz,oracle,0,left_fist,0.4523809523809524,0.43333333333333335,0.019047619047619035
native16@CPz,native16,cpz,oracle,1,right_fist,0.34299516908212563,0.2995169082125604,0.043478260869565244
native16@CPz,native16,cpz,oracle,2,both_fists,0.4857142857142857,0.5047619047619047,0.019047619047619035
native16@CPz,native16,cpz,oracle,3,both_feet,0.4106280193236715,0.36231884057971014,0.048309178743961345
native16@Cz,native16,cz,identity,0,left_fist,0.7904761904761904,0.7952380952380952,0.004761904761904745
native16@Cz,native16,cz,identity,1,right_fist,0.6135265700483091,0.5603864734299517,0.05314009661835739
native16@Cz,native16,cz,identity,2,both_fists,0.004761904761904762,0.009523809523809525,0.004761904761904762
native16@Cz,native16,cz,identity,3,both_feet,0.01932367149758454,0.04830917874396135,0.028985507246376812
native16@Cz,native16,cz,global_mean,0,left_fist,0.4523809523809524,0.6,0.1476190476190476
native16@Cz,native16,cz,global_mean,1,right_fist,0.34299516908212563,0.5169082125603864,0.1739130434782608
native16@Cz,native16,cz,global_mean,2,both_fists,0.4857142857142857,0.2523809523809524,0.23333333333333334
native16@Cz,native16,cz,global_mean,3,both_feet,0.4106280193236715,0.14009661835748793,0.27053140096618356
native16@Cz,native16,cz,pooled_bias,0,left_fist,0.4523809523809524,0.5904761904761905,0.1380952380952381
native16@Cz,native16,cz,pooled_bias,1,right_fist,0.34299516908212563,0.5072463768115942,0.1642512077294686
native16@Cz,native16,cz,pooled_bias,2,both_fists,0.4857142857142857,0.3238095238095238,0.16190476190476188
native16@Cz,native16,cz,pooled_bias,3,both_feet,0.4106280193236715,0.14492753623188406,0.2657004830917874
native16@Cz,native16,cz,topology_ridge,0,left_fist,0.4523809523809524,0.44285714285714284,0.009523809523809545
native16@Cz,native16,cz,topology_ridge,1,right_fist,0.34299516908212563,0.3719806763285024,0.028985507246376774
native16@Cz,native16,cz,topology_ridge,2,both_fists,0.4857142857142857,0.4095238095238095,0.0761904761904762
native16@Cz,native16,cz,topology_ridge,3,both_feet,0.4106280193236715,0.391304347826087,0.019323671497584516
native16@Cz,native16,cz,logit_ridge,0,left_fist,0.4523809523809524,0.40476190476190477,0.047619047619047616
native16@Cz,native16,cz,logit_ridge,1,right_fist,0.34299516908212563,0.2995169082125604,0.043478260869565244
native16@Cz,native16,cz,logit_ridge,2,both_fists,0.4857142857142857,0.4142857142857143,0.0714285714285714
native16@Cz,native16,cz,logit_ridge,3,both_feet,0.4106280193236715,0.4492753623188406,0.03864734299516909
native16@Cz,native16,cz,combined_ridge,0,left_fist,0.4523809523809524,0.3952380952380952,0.05714285714285716
native16@Cz,native16,cz,combined_ridge,1,right_fist,0.34299516908212563,0.2995169082125604,0.043478260869565244
native16@Cz,native16,cz,combined_ridge,2,both_fists,0.4857142857142857,0.4238095238095238,0.06190476190476191
native16@Cz,native16,cz,combined_ridge,3,both_feet,0.4106280193236715,0.4492753623188406,0.03864734299516909
native16@Cz,native16,cz,oracle,0,left_fist,0.4523809523809524,0.3952380952380952,0.05714285714285716
native16@Cz,native16,cz,oracle,1,right_fist,0.34299516908212563,0.2995169082125604,0.043478260869565244
native16@Cz,native16,cz,oracle,2,both_fists,0.4857142857142857,0.3952380952380952,0.09047619047619049
native16@Cz,native16,cz,oracle,3,both_feet,0.4106280193236715,0.4492753623188406,0.03864734299516909
native16@FC1,native16,fc1,identity,0,left_fist,0.7904761904761904,0.7380952380952381,0.052380952380952306
native16@FC1,native16,fc1,identity,1,right_fist,0.6135265700483091,0.6714975845410628,0.05797101449275366
native16@FC1,native16,fc1,identity,2,both_fists,0.004761904761904762,0.0,0.004761904761904762
native16@FC1,native16,fc1,identity,3,both_feet,0.01932367149758454,0.043478260869565216,0.024154589371980676
native16@FC1,native16,fc1,global_mean,0,left_fist,0.4523809523809524,0.5523809523809524,0.10000000000000003
native16@FC1,native16,fc1,global_mean,1,right_fist,0.34299516908212563,0.6183574879227053,0.27536231884057966
native16@FC1,native16,fc1,global_mean,2,both_fists,0.4857142857142857,0.2714285714285714,0.2142857142857143
native16@FC1,native16,fc1,global_mean,3,both_feet,0.4106280193236715,0.11594202898550725,0.2946859903381642
native16@FC1,native16,fc1,pooled_bias,0,left_fist,0.4523809523809524,0.5238095238095238,0.07142857142857145
native16@FC1,native16,fc1,pooled_bias,1,right_fist,0.34299516908212563,0.6183574879227053,0.27536231884057966
native16@FC1,native16,fc1,pooled_bias,2,both_fists,0.4857142857142857,0.2904761904761905,0.1952380952380952
native16@FC1,native16,fc1,pooled_bias,3,both_feet,0.4106280193236715,0.1111111111111111,0.2995169082125604
native16@FC1,native16,fc1,topology_ridge,0,left_fist,0.4523809523809524,0.4523809523809524,0.0
native16@FC1,native16,fc1,topology_ridge,1,right_fist,0.34299516908212563,0.36231884057971014,0.019323671497584516
native16@FC1,native16,fc1,topology_ridge,2,both_fists,0.4857142857142857,0.3523809523809524,0.1333333333333333
native16@FC1,native16,fc1,topology_ridge,3,both_feet,0.4106280193236715,0.4057971014492754,0.004830917874396101
native16@FC1,native16,fc1,logit_ridge,0,left_fist,0.4523809523809524,0.4523809523809524,0.0
native16@FC1,native16,fc1,logit_ridge,1,right_fist,0.34299516908212563,0.357487922705314,0.01449275362318836
native16@FC1,native16,fc1,logit_ridge,2,both_fists,0.4857142857142857,0.3380952380952381,0.1476190476190476
native16@FC1,native16,fc1,logit_ridge,3,both_feet,0.4106280193236715,0.391304347826087,0.019323671497584516
native16@FC1,native16,fc1,combined_ridge,0,left_fist,0.4523809523809524,0.45714285714285713,0.004761904761904745
native16@FC1,native16,fc1,combined_ridge,1,right_fist,0.34299516908212563,0.357487922705314,0.01449275362318836
native16@FC1,native16,fc1,combined_ridge,2,both_fists,0.4857142857142857,0.3380952380952381,0.1476190476190476
native16@FC1,native16,fc1,combined_ridge,3,both_feet,0.4106280193236715,0.3864734299516908,0.024154589371980673
native16@FC1,native16,fc1,oracle,0,left_fist,0.4523809523809524,0.45714285714285713,0.004761904761904745
native16@FC1,native16,fc1,oracle,1,right_fist,0.34299516908212563,0.37681159420289856,0.03381642512077293
native16@FC1,native16,fc1,oracle,2,both_fists,0.4857142857142857,0.3380952380952381,0.1476190476190476
native16@FC1,native16,fc1,oracle,3,both_feet,0.4106280193236715,0.36231884057971014,0.048309178743961345
native16@FC2,native16,fc2,identity,0,left_fist,0.7904761904761904,0.9333333333333333,0.1428571428571429
native16@FC2,native16,fc2,identity,1,right_fist,0.6135265700483091,0.36231884057971014,0.251207729468599
native16@FC2,native16,fc2,identity,2,both_fists,0.004761904761904762,0.0,0.004761904761904762
native16@FC2,native16,fc2,identity,3,both_feet,0.01932367149758454,0.028985507246376812,0.009661835748792272
native16@FC2,native16,fc2,global_mean,0,left_fist,0.4523809523809524,0.8761904761904762,0.4238095238095238
native16@FC2,native16,fc2,global_mean,1,right_fist,0.34299516908212563,0.41545893719806765,0.07246376811594202
native16@FC2,native16,fc2,global_mean,2,both_fists,0.4857142857142857,0.047619047619047616,0.4380952380952381
native16@FC2,native16,fc2,global_mean,3,both_feet,0.4106280193236715,0.06280193236714976,0.34782608695652173
native16@FC2,native16,fc2,pooled_bias,0,left_fist,0.4523809523809524,0.8761904761904762,0.4238095238095238
native16@FC2,native16,fc2,pooled_bias,1,right_fist,0.34299516908212563,0.41545893719806765,0.07246376811594202
native16@FC2,native16,fc2,pooled_bias,2,both_fists,0.4857142857142857,0.06666666666666667,0.41904761904761906
native16@FC2,native16,fc2,pooled_bias,3,both_feet,0.4106280193236715,0.06763285024154589,0.3429951690821256
native16@FC2,native16,fc2,topology_ridge,0,left_fist,0.4523809523809524,0.6857142857142857,0.23333333333333334
native16@FC2,native16,fc2,topology_ridge,1,right_fist,0.34299516908212563,0.3671497584541063,0.024154589371980673
native16@FC2,native16,fc2,topology_ridge,2,both_fists,0.4857142857142857,0.2,0.2857142857142857
native16@FC2,native16,fc2,topology_ridge,3,both_feet,0.4106280193236715,0.2318840579710145,0.178743961352657
native16@FC2,native16,fc2,logit_ridge,0,left_fist,0.4523809523809524,0.4523809523809524,0.0
native16@FC2,native16,fc2,logit_ridge,1,right_fist,0.34299516908212563,0.32367149758454106,0.01932367149758457
native16@FC2,native16,fc2,logit_ridge,2,both_fists,0.4857142857142857,0.3523809523809524,0.1333333333333333
native16@FC2,native16,fc2,logit_ridge,3,both_feet,0.4106280193236715,0.41545893719806765,0.004830917874396157
native16@FC2,native16,fc2,combined_ridge,0,left_fist,0.4523809523809524,0.46190476190476193,0.009523809523809545
native16@FC2,native16,fc2,combined_ridge,1,right_fist,0.34299516908212563,0.2995169082125604,0.043478260869565244
native16@FC2,native16,fc2,combined_ridge,2,both_fists,0.4857142857142857,0.36666666666666664,0.11904761904761907
native16@FC2,native16,fc2,combined_ridge,3,both_feet,0.4106280193236715,0.391304347826087,0.019323671497584516
native16@FC2,native16,fc2,oracle,0,left_fist,0.4523809523809524,0.4523809523809524,0.0
native16@FC2,native16,fc2,oracle,1,right_fist,0.34299516908212563,0.30434782608695654,0.03864734299516909
native16@FC2,native16,fc2,oracle,2,both_fists,0.4857142857142857,0.35714285714285715,0.12857142857142856
native16@FC2,native16,fc2,oracle,3,both_feet,0.4106280193236715,0.42028985507246375,0.009661835748792258
native16@FC3,native16,fc3,identity,0,left_fist,0.7904761904761904,0.5095238095238095,0.28095238095238095
native16@FC3,native16,fc3,identity,1,right_fist,0.6135265700483091,0.8115942028985508,0.19806763285024165
native16@FC3,native16,fc3,identity,2,both_fists,0.004761904761904762,0.01904761904761905,0.014285714285714287
native16@FC3,native16,fc3,identity,3,both_feet,0.01932367149758454,0.11594202898550725,0.0966183574879227
native16@FC3,native16,fc3,global_mean,0,left_fist,0.4523809523809524,0.2714285714285714,0.18095238095238098
native16@FC3,native16,fc3,global_mean,1,right_fist,0.34299516908212563,0.6038647342995169,0.2608695652173913
native16@FC3,native16,fc3,global_mean,2,both_fists,0.4857142857142857,0.5142857142857142,0.028571428571428525
native16@FC3,native16,fc3,global_mean,3,both_feet,0.4106280193236715,0.21256038647342995,0.19806763285024154
native16@FC3,native16,fc3,pooled_bias,0,left_fist,0.4523809523809524,0.24761904761904763,0.20476190476190476
native16@FC3,native16,fc3,pooled_bias,1,right_fist,0.34299516908212563,0.5893719806763285,0.24637681159420283
native16@FC3,native16,fc3,pooled_bias,2,both_fists,0.4857142857142857,0.5428571428571428,0.057142857142857106
native16@FC3,native16,fc3,pooled_bias,3,both_feet,0.4106280193236715,0.2028985507246377,0.2077294685990338
native16@FC3,native16,fc3,topology_ridge,0,left_fist,0.4523809523809524,0.24285714285714285,0.20952380952380953
native16@FC3,native16,fc3,topology_ridge,1,right_fist,0.34299516908212563,0.32367149758454106,0.01932367149758457
native16@FC3,native16,fc3,topology_ridge,2,both_fists,0.4857142857142857,0.4666666666666667,0.019047619047619035
native16@FC3,native16,fc3,topology_ridge,3,both_feet,0.4106280193236715,0.5458937198067633,0.13526570048309178
native16@FC3,native16,fc3,logit_ridge,0,left_fist,0.4523809523809524,0.4714285714285714,0.019047619047619035
native16@FC3,native16,fc3,logit_ridge,1,right_fist,0.34299516908212563,0.3864734299516908,0.04347826086956519
native16@FC3,native16,fc3,logit_ridge,2,both_fists,0.4857142857142857,0.3380952380952381,0.1476190476190476
native16@FC3,native16,fc3,logit_ridge,3,both_feet,0.4106280193236715,0.43478260869565216,0.024154589371980673
native16@FC3,native16,fc3,combined_ridge,0,left_fist,0.4523809523809524,0.4714285714285714,0.019047619047619035
native16@FC3,native16,fc3,combined_ridge,1,right_fist,0.34299516908212563,0.3961352657004831,0.053140096618357446
native16@FC3,native16,fc3,combined_ridge,2,both_fists,0.4857142857142857,0.34285714285714286,0.14285714285714285
native16@FC3,native16,fc3,combined_ridge,3,both_feet,0.4106280193236715,0.42028985507246375,0.009661835748792258
native16@FC3,native16,fc3,oracle,0,left_fist,0.4523809523809524,0.4857142857142857,0.033333333333333326
native16@FC3,native16,fc3,oracle,1,right_fist,0.34299516908212563,0.42995169082125606,0.08695652173913043
native16@FC3,native16,fc3,oracle,2,both_fists,0.4857142857142857,0.3142857142857143,0.17142857142857143
native16@FC3,native16,fc3,oracle,3,both_feet,0.4106280193236715,0.3961352657004831,0.014492753623188415
native16@FC4,native16,fc4,identity,0,left_fist,0.7904761904761904,0.9428571428571428,0.1523809523809524
native16@FC4,native16,fc4,identity,1,right_fist,0.6135265700483091,0.3188405797101449,0.2946859903381642
native16@FC4,native16,fc4,identity,2,both_fists,0.004761904761904762,0.0,0.004761904761904762
native16@FC4,native16,fc4,identity,3,both_feet,0.01932367149758454,0.03864734299516908,0.01932367149758454
native16@FC4,native16,fc4,global_mean,0,left_fist,0.4523809523809524,0.7666666666666667,0.31428571428571433
native16@FC4,native16,fc4,global_mean,1,right_fist,0.34299516908212563,0.28019323671497587,0.06280193236714976
native16@FC4,native16,fc4,global_mean,2,both_fists,0.4857142857142857,0.12857142857142856,0.35714285714285715
native16@FC4,native16,fc4,global_mean,3,both_feet,0.4106280193236715,0.18840579710144928,0.2222222222222222
native16@FC4,native16,fc4,pooled_bias,0,left_fist,0.4523809523809524,0.7619047619047619,0.3095238095238095
native16@FC4,native16,fc4,pooled_bias,1,right_fist,0.34299516908212563,0.28019323671497587,0.06280193236714976
native16@FC4,native16,fc4,pooled_bias,2,both_fists,0.4857142857142857,0.14761904761904762,0.3380952380952381
native16@FC4,native16,fc4,pooled_bias,3,both_feet,0.4106280193236715,0.19806763285024154,0.21256038647342995
native16@FC4,native16,fc4,topology_ridge,0,left_fist,0.4523809523809524,0.4714285714285714,0.019047619047619035
native16@FC4,native16,fc4,topology_ridge,1,right_fist,0.34299516908212563,0.27053140096618356,0.07246376811594207
native16@FC4,native16,fc4,topology_ridge,2,both_fists,0.4857142857142857,0.37142857142857144,0.11428571428571427
native16@FC4,native16,fc4,topology_ridge,3,both_feet,0.4106280193236715,0.4492753623188406,0.03864734299516909
native16@FC4,native16,fc4,logit_ridge,0,left_fist,0.4523809523809524,0.46190476190476193,0.009523809523809545
native16@FC4,native16,fc4,logit_ridge,1,right_fist,0.34299516908212563,0.357487922705314,0.01449275362318836
native16@FC4,native16,fc4,logit_ridge,2,both_fists,0.4857142857142857,0.3333333333333333,0.1523809523809524
native16@FC4,native16,fc4,logit_ridge,3,both_feet,0.4106280193236715,0.4057971014492754,0.004830917874396101
native16@FC4,native16,fc4,combined_ridge,0,left_fist,0.4523809523809524,0.46190476190476193,0.009523809523809545
native16@FC4,native16,fc4,combined_ridge,1,right_fist,0.34299516908212563,0.34299516908212563,0.0
native16@FC4,native16,fc4,combined_ridge,2,both_fists,0.4857142857142857,0.3476190476190476,0.1380952380952381
native16@FC4,native16,fc4,combined_ridge,3,both_feet,0.4106280193236715,0.4057971014492754,0.004830917874396101
native16@FC4,native16,fc4,oracle,0,left_fist,0.4523809523809524,0.49523809523809526,0.04285714285714287
native16@FC4,native16,fc4,oracle,1,right_fist,0.34299516908212563,0.357487922705314,0.01449275362318836
native16@FC4,native16,fc4,oracle,2,both_fists,0.4857142857142857,0.3380952380952381,0.1476190476190476
native16@FC4,native16,fc4,oracle,3,both_feet,0.4106280193236715,0.3961352657004831,0.014492753623188415
native16@Fz,native16,fz,identity,0,left_fist,0.7904761904761904,0.8523809523809524,0.06190476190476191
native16@Fz,native16,fz,identity,1,right_fist,0.6135265700483091,0.5024154589371981,0.11111111111111105
native16@Fz,native16,fz,identity,2,both_fists,0.004761904761904762,0.0,0.004761904761904762
native16@Fz,native16,fz,identity,3,both_feet,0.01932367149758454,0.06280193236714976,0.043478260869565216
native16@Fz,native16,fz,global_mean,0,left_fist,0.4523809523809524,0.6857142857142857,0.23333333333333334
native16@Fz,native16,fz,global_mean,1,right_fist,0.34299516908212563,0.4444444444444444,0.10144927536231879
native16@Fz,native16,fz,global_mean,2,both_fists,0.4857142857142857,0.23333333333333334,0.2523809523809524
native16@Fz,native16,fz,global_mean,3,both_feet,0.4106280193236715,0.17391304347826086,0.23671497584541062
native16@Fz,native16,fz,pooled_bias,0,left_fist,0.4523809523809524,0.6571428571428571,0.20476190476190476
native16@Fz,native16,fz,pooled_bias,1,right_fist,0.34299516908212563,0.4396135265700483,0.09661835748792269
native16@Fz,native16,fz,pooled_bias,2,both_fists,0.4857142857142857,0.3,0.18571428571428572
native16@Fz,native16,fz,pooled_bias,3,both_feet,0.4106280193236715,0.17391304347826086,0.23671497584541062
native16@Fz,native16,fz,topology_ridge,0,left_fist,0.4523809523809524,0.319047619047619,0.13333333333333336
native16@Fz,native16,fz,topology_ridge,1,right_fist,0.34299516908212563,0.2222222222222222,0.12077294685990342
native16@Fz,native16,fz,topology_ridge,2,both_fists,0.4857142857142857,0.3476190476190476,0.1380952380952381
native16@Fz,native16,fz,topology_ridge,3,both_feet,0.4106280193236715,0.6521739130434783,0.24154589371980678
native16@Fz,native16,fz,logit_ridge,0,left_fist,0.4523809523809524,0.42857142857142855,0.023809523809523836
native16@Fz,native16,fz,logit_ridge,1,right_fist,0.34299516908212563,0.2898550724637681,0.0531400966183575
native16@Fz,native16,fz,logit_ridge,2,both_fists,0.4857142857142857,0.28095238095238095,0.20476190476190476
native16@Fz,native16,fz,logit_ridge,3,both_feet,0.4106280193236715,0.5024154589371981,0.09178743961352659
native16@Fz,native16,fz,combined_ridge,0,left_fist,0.4523809523809524,0.40476190476190477,0.047619047619047616
native16@Fz,native16,fz,combined_ridge,1,right_fist,0.34299516908212563,0.26570048309178745,0.07729468599033817
native16@Fz,native16,fz,combined_ridge,2,both_fists,0.4857142857142857,0.3047619047619048,0.18095238095238092
native16@Fz,native16,fz,combined_ridge,3,both_feet,0.4106280193236715,0.5314009661835749,0.12077294685990342
native16@Fz,native16,fz,oracle,0,left_fist,0.4523809523809524,0.43333333333333335,0.019047619047619035
native16@Fz,native16,fz,oracle,1,right_fist,0.34299516908212563,0.2946859903381642,0.0483091787439614
native16@Fz,native16,fz,oracle,2,both_fists,0.4857142857142857,0.29523809523809524,0.19047619047619047
native16@Fz,native16,fz,oracle,3,both_feet,0.4106280193236715,0.46859903381642515,0.05797101449275366
native16@Pz,native16,pz,identity,0,left_fist,0.7904761904761904,0.7,0.09047619047619049
native16@Pz,native16,pz,identity,1,right_fist,0.6135265700483091,0.48792270531400966,0.12560386473429946
native16@Pz,native16,pz,identity,2,both_fists,0.004761904761904762,0.02857142857142857,0.023809523809523808
native16@Pz,native16,pz,identity,3,both_feet,0.01932367149758454,0.3140096618357488,0.2946859903381643
native16@Pz,native16,pz,global_mean,0,left_fist,0.4523809523809524,0.4857142857142857,0.033333333333333326
native16@Pz,native16,pz,global_mean,1,right_fist,0.34299516908212563,0.34782608695652173,0.004830917874396101
native16@Pz,native16,pz,global_mean,2,both_fists,0.4857142857142857,0.4666666666666667,0.019047619047619035
native16@Pz,native16,pz,global_mean,3,both_feet,0.4106280193236715,0.42028985507246375,0.009661835748792258
native16@Pz,native16,pz,pooled_bias,0,left_fist,0.4523809523809524,0.45714285714285713,0.004761904761904745
native16@Pz,native16,pz,pooled_bias,1,right_fist,0.34299516908212563,0.3285024154589372,0.014492753623188415
native16@Pz,native16,pz,pooled_bias,2,both_fists,0.4857142857142857,0.49047619047619045,0.004761904761904745
native16@Pz,native16,pz,pooled_bias,3,both_feet,0.4106280193236715,0.42995169082125606,0.01932367149758457
native16@Pz,native16,pz,topology_ridge,0,left_fist,0.4523809523809524,0.3904761904761905,0.06190476190476191
native16@Pz,native16,pz,topology_ridge,1,right_fist,0.34299516908212563,0.2463768115942029,0.09661835748792272
native16@Pz,native16,pz,topology_ridge,2,both_fists,0.4857142857142857,0.45714285714285713,0.02857142857142858
native16@Pz,native16,pz,topology_ridge,3,both_feet,0.4106280193236715,0.5652173913043478,0.1545893719806763
native16@Pz,native16,pz,logit_ridge,0,left_fist,0.4523809523809524,0.48095238095238096,0.02857142857142858
native16@Pz,native16,pz,logit_ridge,1,right_fist,0.34299516908212563,0.3285024154589372,0.014492753623188415
native16@Pz,native16,pz,logit_ridge,2,both_fists,0.4857142857142857,0.4714285714285714,0.01428571428571429
native16@Pz,native16,pz,logit_ridge,3,both_feet,0.4106280193236715,0.42995169082125606,0.01932367149758457
native16@Pz,native16,pz,combined_ridge,0,left_fist,0.4523809523809524,0.48095238095238096,0.02857142857142858
native16@Pz,native16,pz,combined_ridge,1,right_fist,0.34299516908212563,0.32367149758454106,0.01932367149758457
native16@Pz,native16,pz,combined_ridge,2,both_fists,0.4857142857142857,0.4666666666666667,0.019047619047619035
native16@Pz,native16,pz,combined_ridge,3,both_feet,0.4106280193236715,0.4444444444444444,0.03381642512077293
native16@Pz,native16,pz,oracle,0,left_fist,0.4523809523809524,0.48095238095238096,0.02857142857142858
native16@Pz,native16,pz,oracle,1,right_fist,0.34299516908212563,0.32367149758454106,0.01932367149758457
native16@Pz,native16,pz,oracle,2,both_fists,0.4857142857142857,0.48095238095238096,0.004761904761904745
native16@Pz,native16,pz,oracle,3,both_feet,0.4106280193236715,0.4396135265700483,0.02898550724637683
native32@C1,native32,c1,identity,0,left_fist,0.680952380952381,0.5095238095238095,0.17142857142857149
native32@C1,native32,c1,identity,1,right_fist,0.5748792270531401,0.642512077294686,0.06763285024154586
native32@C1,native32,c1,identity,2,both_fists,0.23809523809523808,0.21428571428571427,0.023809523809523808
native32@C1,native32,c1,identity,3,both_feet,0.3526570048309179,0.4444444444444444,0.09178743961352653
native32@C1,native32,c1,global_mean,0,left_fist,0.46190476190476193,0.3333333333333333,0.12857142857142861
native32@C1,native32,c1,global_mean,1,right_fist,0.4830917874396135,0.5024154589371981,0.01932367149758457
native32@C1,native32,c1,global_mean,2,both_fists,0.6904761904761905,0.6666666666666666,0.023809523809523836
native32@C1,native32,c1,global_mean,3,both_feet,0.41545893719806765,0.4251207729468599,0.009661835748792258
native32@C1,native32,c1,pooled_bias,0,left_fist,0.46190476190476193,0.3238095238095238,0.1380952380952381
native32@C1,native32,c1,pooled_bias,1,right_fist,0.4830917874396135,0.4975845410628019,0.014492753623188415
native32@C1,native32,c1,pooled_bias,2,both_fists,0.6904761904761905,0.6761904761904762,0.014285714285714235
native32@C1,native32,c1,pooled_bias,3,both_feet,0.41545893719806765,0.41545893719806765,0.0
native32@C1,native32,c1,topology_ridge,0,left_fist,0.46190476190476193,0.37142857142857144,0.09047619047619049
native32@C1,native32,c1,topology_ridge,1,right_fist,0.4830917874396135,0.4975845410628019,0.014492753623188415
native32@C1,native32,c1,topology_ridge,2,both_fists,0.6904761904761905,0.6714285714285714,0.01904761904761909
native32@C1,native32,c1,topology_ridge,3,both_feet,0.41545893719806765,0.4057971014492754,0.009661835748792258
native32@C1,native32,c1,logit_ridge,0,left_fist,0.46190476190476193,0.4142857142857143,0.047619047619047616
native32@C1,native32,c1,logit_ridge,1,right_fist,0.4830917874396135,0.5120772946859904,0.028985507246376885
native32@C1,native32,c1,logit_ridge,2,both_fists,0.6904761904761905,0.6476190476190476,0.042857142857142816
native32@C1,native32,c1,logit_ridge,3,both_feet,0.41545893719806765,0.3864734299516908,0.02898550724637683
native32@C1,native32,c1,combined_ridge,0,left_fist,0.46190476190476193,0.4238095238095238,0.038095238095238126
native32@C1,native32,c1,combined_ridge,1,right_fist,0.4830917874396135,0.5120772946859904,0.028985507246376885
native32@C1,native32,c1,combined_ridge,2,both_fists,0.6904761904761905,0.6476190476190476,0.042857142857142816
native32@C1,native32,c1,combined_ridge,3,both_feet,0.41545893719806765,0.3864734299516908,0.02898550724637683
native32@C1,native32,c1,oracle,0,left_fist,0.46190476190476193,0.4142857142857143,0.047619047619047616
native32@C1,native32,c1,oracle,1,right_fist,0.4830917874396135,0.5120772946859904,0.028985507246376885
native32@C1,native32,c1,oracle,2,both_fists,0.6904761904761905,0.6523809523809524,0.03809523809523807
native32@C1,native32,c1,oracle,3,both_feet,0.41545893719806765,0.391304347826087,0.024154589371980673
native32@C2,native32,c2,identity,0,left_fist,0.680952380952381,0.6571428571428571,0.023809523809523836
native32@C2,native32,c2,identity,1,right_fist,0.5748792270531401,0.5120772946859904,0.0628019323671497
native32@C2,native32,c2,identity,2,both_fists,0.23809523809523808,0.20952380952380953,0.028571428571428553
native32@C2,native32,c2,identity,3,both_feet,0.3526570048309179,0.47342995169082125,0.12077294685990336
native32@C2,native32,c2,global_mean,0,left_fist,0.46190476190476193,0.45714285714285713,0.0047619047619048005
native32@C2,native32,c2,global_mean,1,right_fist,0.4830917874396135,0.4251207729468599,0.0579710144927536
native32@C2,native32,c2,global_mean,2,both_fists,0.6904761904761905,0.6476190476190476,0.042857142857142816
native32@C2,native32,c2,global_mean,3,both_feet,0.41545893719806765,0.4975845410628019,0.08212560386473428
native32@C2,native32,c2,pooled_bias,0,left_fist,0.46190476190476193,0.44285714285714284,0.01904761904761909
native32@C2,native32,c2,pooled_bias,1,right_fist,0.4830917874396135,0.4251207729468599,0.0579710144927536
native32@C2,native32,c2,pooled_bias,2,both_fists,0.6904761904761905,0.6571428571428571,0.033333333333333326
native32@C2,native32,c2,pooled_bias,3,both_feet,0.41545893719806765,0.4975845410628019,0.08212560386473428
native32@C2,native32,c2,topology_ridge,0,left_fist,0.46190476190476193,0.43333333333333335,0.02857142857142858
native32@C2,native32,c2,topology_ridge,1,right_fist,0.4830917874396135,0.4444444444444444,0.03864734299516909
native32@C2,native32,c2,topology_ridge,2,both_fists,0.6904761904761905,0.680952380952381,0.00952380952380949
native32@C2,native32,c2,topology_ridge,3,both_feet,0.41545893719806765,0.4396135265700483,0.024154589371980673
native32@C2,native32,c2,logit_ridge,0,left_fist,0.46190476190476193,0.41904761904761906,0.04285714285714287
native32@C2,native32,c2,logit_ridge,1,right_fist,0.4830917874396135,0.4492753623188406,0.03381642512077293
native32@C2,native32,c2,logit_ridge,2,both_fists,0.6904761904761905,0.7,0.00952380952380949
native32@C2,native32,c2,logit_ridge,3,both_feet,0.41545893719806765,0.41545893719806765,0.0
native32@C2,native32,c2,combined_ridge,0,left_fist,0.46190476190476193,0.41904761904761906,0.04285714285714287
native32@C2,native32,c2,combined_ridge,1,right_fist,0.4830917874396135,0.4492753623188406,0.03381642512077293
native32@C2,native32,c2,combined_ridge,2,both_fists,0.6904761904761905,0.7,0.00952380952380949
native32@C2,native32,c2,combined_ridge,3,both_feet,0.41545893719806765,0.4106280193236715,0.004830917874396157
native32@C2,native32,c2,oracle,0,left_fist,0.46190476190476193,0.4142857142857143,0.047619047619047616
native32@C2,native32,c2,oracle,1,right_fist,0.4830917874396135,0.4492753623188406,0.03381642512077293
native32@C2,native32,c2,oracle,2,both_fists,0.6904761904761905,0.6904761904761905,0.0
native32@C2,native32,c2,oracle,3,both_feet,0.41545893719806765,0.42028985507246375,0.004830917874396101
native32@C3,native32,c3,identity,0,left_fist,0.680952380952381,0.3904761904761905,0.2904761904761905
native32@C3,native32,c3,identity,1,right_fist,0.5748792270531401,0.7053140096618358,0.13043478260869568
native32@C3,native32,c3,identity,2,both_fists,0.23809523809523808,0.2,0.03809523809523807
native32@C3,native32,c3,identity,3,both_feet,0.3526570048309179,0.3719806763285024,0.019323671497584516
native32@C3,native32,c3,global_mean,0,left_fist,0.46190476190476193,0.2619047619047619,0.2
native32@C3,native32,c3,global_mean,1,right_fist,0.4830917874396135,0.4830917874396135,0.0
native32@C3,native32,c3,global_mean,2,both_fists,0.6904761904761905,0.7238095238095238,0.033333333333333326
native32@C3,native32,c3,global_mean,3,both_feet,0.41545893719806765,0.30917874396135264,0.106280193236715
native32@C3,native32,c3,pooled_bias,0,left_fist,0.46190476190476193,0.24285714285714285,0.21904761904761907
native32@C3,native32,c3,pooled_bias,1,right_fist,0.4830917874396135,0.463768115942029,0.019323671497584516
native32@C3,native32,c3,pooled_bias,2,both_fists,0.6904761904761905,0.7285714285714285,0.03809523809523807
native32@C3,native32,c3,pooled_bias,3,both_feet,0.41545893719806765,0.2898550724637681,0.12560386473429952
native32@C3,native32,c3,topology_ridge,0,left_fist,0.46190476190476193,0.3476190476190476,0.11428571428571432
native32@C3,native32,c3,topology_ridge,1,right_fist,0.4830917874396135,0.4927536231884058,0.009661835748792313
native32@C3,native32,c3,topology_ridge,2,both_fists,0.6904761904761905,0.6952380952380952,0.004761904761904745
native32@C3,native32,c3,topology_ridge,3,both_feet,0.41545893719806765,0.30917874396135264,0.106280193236715
native32@C3,native32,c3,logit_ridge,0,left_fist,0.46190476190476193,0.38571428571428573,0.0761904761904762
native32@C3,native32,c3,logit_ridge,1,right_fist,0.4830917874396135,0.45410628019323673,0.028985507246376774
native32@C3,native32,c3,logit_ridge,2,both_fists,0.6904761904761905,0.6857142857142857,0.004761904761904745
native32@C3,native32,c3,logit_ridge,3,both_feet,0.41545893719806765,0.3864734299516908,0.02898550724637683
native32@C3,native32,c3,combined_ridge,0,left_fist,0.46190476190476193,0.38571428571428573,0.0761904761904762
native32@C3,native32,c3,combined_ridge,1,right_fist,0.4830917874396135,0.45410628019323673,0.028985507246376774
native32@C3,native32,c3,combined_ridge,2,both_fists,0.6904761904761905,0.6619047619047619,0.02857142857142858
native32@C3,native32,c3,combined_ridge,3,both_feet,0.41545893719806765,0.3671497584541063,0.048309178743961345
native32@C3,native32,c3,oracle,0,left_fist,0.46190476190476193,0.41904761904761906,0.04285714285714287
native32@C3,native32,c3,oracle,1,right_fist,0.4830917874396135,0.45410628019323673,0.028985507246376774
native32@C3,native32,c3,oracle,2,both_fists,0.6904761904761905,0.6857142857142857,0.004761904761904745
native32@C3,native32,c3,oracle,3,both_feet,0.41545893719806765,0.3719806763285024,0.043478260869565244
native32@C4,native32,c4,identity,0,left_fist,0.680952380952381,0.7714285714285715,0.09047619047619049
native32@C4,native32,c4,identity,1,right_fist,0.5748792270531401,0.391304347826087,0.18357487922705312
native32@C4,native32,c4,identity,2,both_fists,0.23809523809523808,0.21904761904761905,0.019047619047619035
native32@C4,native32,c4,identity,3,both_feet,0.3526570048309179,0.4782608695652174,0.12560386473429952
native32@C4,native32,c4,global_mean,0,left_fist,0.46190476190476193,0.5285714285714286,0.06666666666666665
native32@C4,native32,c4,global_mean,1,right_fist,0.4830917874396135,0.3188405797101449,0.1642512077294686
native32@C4,native32,c4,global_mean,2,both_fists,0.6904761904761905,0.6476190476190476,0.042857142857142816
native32@C4,native32,c4,global_mean,3,both_feet,0.41545893719806765,0.5072463768115942,0.09178743961352659
native32@C4,native32,c4,pooled_bias,0,left_fist,0.46190476190476193,0.5238095238095238,0.06190476190476191
native32@C4,native32,c4,pooled_bias,1,right_fist,0.4830917874396135,0.3188405797101449,0.1642512077294686
native32@C4,native32,c4,pooled_bias,2,both_fists,0.6904761904761905,0.6666666666666666,0.023809523809523836
native32@C4,native32,c4,pooled_bias,3,both_feet,0.41545893719806765,0.5024154589371981,0.08695652173913043
native32@C4,native32,c4,topology_ridge,0,left_fist,0.46190476190476193,0.5047619047619047,0.042857142857142816
native32@C4,native32,c4,topology_ridge,1,right_fist,0.4830917874396135,0.3719806763285024,0.1111111111111111
native32@C4,native32,c4,topology_ridge,2,both_fists,0.6904761904761905,0.6904761904761905,0.0
native32@C4,native32,c4,topology_ridge,3,both_feet,0.41545893719806765,0.42028985507246375,0.004830917874396101
native32@C4,native32,c4,logit_ridge,0,left_fist,0.46190476190476193,0.46190476190476193,0.0
native32@C4,native32,c4,logit_ridge,1,right_fist,0.4830917874396135,0.42995169082125606,0.053140096618357446
native32@C4,native32,c4,logit_ridge,2,both_fists,0.6904761904761905,0.680952380952381,0.00952380952380949
native32@C4,native32,c4,logit_ridge,3,both_feet,0.41545893719806765,0.4251207729468599,0.009661835748792258
native32@C4,native32,c4,combined_ridge,0,left_fist,0.46190476190476193,0.4714285714285714,0.00952380952380949
native32@C4,native32,c4,combined_ridge,1,right_fist,0.4830917874396135,0.4251207729468599,0.0579710144927536
native32@C4,native32,c4,combined_ridge,2,both_fists,0.6904761904761905,0.6904761904761905,0.0
native32@C4,native32,c4,combined_ridge,3,both_feet,0.41545893719806765,0.42028985507246375,0.004830917874396101
native32@C4,native32,c4,oracle,0,left_fist,0.46190476190476193,0.4666666666666667,0.004761904761904745
native32@C4,native32,c4,oracle,1,right_fist,0.4830917874396135,0.42995169082125606,0.053140096618357446
native32@C4,native32,c4,oracle,2,both_fists,0.6904761904761905,0.6857142857142857,0.004761904761904745
native32@C4,native32,c4,oracle,3,both_feet,0.41545893719806765,0.4106280193236715,0.004830917874396157
native32@C5,native32,c5,identity,0,left_fist,0.680952380952381,0.3904761904761905,0.2904761904761905
native32@C5,native32,c5,identity,1,right_fist,0.5748792270531401,0.6183574879227053,0.04347826086956519
native32@C5,native32,c5,identity,2,both_fists,0.23809523809523808,0.2619047619047619,0.023809523809523836
native32@C5,native32,c5,identity,3,both_feet,0.3526570048309179,0.5652173913043478,0.2125603864734299
native32@C5,native32,c5,global_mean,0,left_fist,0.46190476190476193,0.22380952380952382,0.2380952380952381
native32@C5,native32,c5,global_mean,1,right_fist,0.4830917874396135,0.42028985507246375,0.06280193236714976
native32@C5,native32,c5,global_mean,2,both_fists,0.6904761904761905,0.7904761904761904,0.09999999999999998
native32@C5,native32,c5,global_mean,3,both_feet,0.41545893719806765,0.45893719806763283,0.04347826086956519
native32@C5,native32,c5,pooled_bias,0,left_fist,0.46190476190476193,0.21428571428571427,0.24761904761904766
native32@C5,native32,c5,pooled_bias,1,right_fist,0.4830917874396135,0.41545893719806765,0.06763285024154586
native32@C5,native32,c5,pooled_bias,2,both_fists,0.6904761904761905,0.8095238095238095,0.11904761904761907
native32@C5,native32,c5,pooled_bias,3,both_feet,0.41545893719806765,0.4444444444444444,0.028985507246376774
native32@C5,native32,c5,topology_ridge,0,left_fist,0.46190476190476193,0.49047619047619045,0.028571428571428525
native32@C5,native32,c5,topology_ridge,1,right_fist,0.4830917874396135,0.463768115942029,0.019323671497584516
native32@C5,native32,c5,topology_ridge,2,both_fists,0.6904761904761905,0.6047619047619047,0.08571428571428574
native32@C5,native32,c5,topology_ridge,3,both_feet,0.41545893719806765,0.4251207729468599,0.009661835748792258
native32@C5,native32,c5,logit_ridge,0,left_fist,0.46190476190476193,0.38095238095238093,0.080952380952381
native32@C5,native32,c5,logit_ridge,1,right_fist,0.4830917874396135,0.42028985507246375,0.06280193236714976
native32@C5,native32,c5,logit_ridge,2,both_fists,0.6904761904761905,0.7476190476190476,0.05714285714285716
native32@C5,native32,c5,logit_ridge,3,both_feet,0.41545893719806765,0.43478260869565216,0.019323671497584516
native32@C5,native32,c5,combined_ridge,0,left_fist,0.46190476190476193,0.3952380952380952,0.06666666666666671
native32@C5,native32,c5,combined_ridge,1,right_fist,0.4830917874396135,0.41545893719806765,0.06763285024154586
native32@C5,native32,c5,combined_ridge,2,both_fists,0.6904761904761905,0.7380952380952381,0.04761904761904767
native32@C5,native32,c5,combined_ridge,3,both_feet,0.41545893719806765,0.4251207729468599,0.009661835748792258
native32@C5,native32,c5,oracle,0,left_fist,0.46190476190476193,0.3952380952380952,0.06666666666666671
native32@C5,native32,c5,oracle,1,right_fist,0.4830917874396135,0.42028985507246375,0.06280193236714976
native32@C5,native32,c5,oracle,2,both_fists,0.6904761904761905,0.7428571428571429,0.05238095238095242
native32@C5,native32,c5,oracle,3,both_feet,0.41545893719806765,0.42028985507246375,0.004830917874396101
native32@C6,native32,c6,identity,0,left_fist,0.680952380952381,0.7095238095238096,0.02857142857142858
native32@C6,native32,c6,identity,1,right_fist,0.5748792270531401,0.36231884057971014,0.21256038647342995
native32@C6,native32,c6,identity,2,both_fists,0.23809523809523808,0.2523809523809524,0.01428571428571429
native32@C6,native32,c6,identity,3,both_feet,0.3526570048309179,0.6135265700483091,0.26086956521739124
native32@C6,native32,c6,global_mean,0,left_fist,0.46190476190476193,0.48095238095238096,0.019047619047619035
native32@C6,native32,c6,global_mean,1,right_fist,0.4830917874396135,0.28019323671497587,0.20289855072463764
native32@C6,native32,c6,global_mean,2,both_fists,0.6904761904761905,0.7142857142857143,0.023809523809523836
native32@C6,native32,c6,global_mean,3,both_feet,0.41545893719806765,0.5797101449275363,0.1642512077294686
native32@C6,native32,c6,pooled_bias,0,left_fist,0.46190476190476193,0.4666666666666667,0.004761904761904745
native32@C6,native32,c6,pooled_bias,1,right_fist,0.4830917874396135,0.28019323671497587,0.20289855072463764
native32@C6,native32,c6,pooled_bias,2,both_fists,0.6904761904761905,0.7333333333333333,0.042857142857142816
native32@C6,native32,c6,pooled_bias,3,both_feet,0.41545893719806765,0.5748792270531401,0.15942028985507245
native32@C6,native32,c6,topology_ridge,0,left_fist,0.46190476190476193,0.41904761904761906,0.04285714285714287
native32@C6,native32,c6,topology_ridge,1,right_fist,0.4830917874396135,0.391304347826087,0.09178743961352653
native32@C6,native32,c6,topology_ridge,2,both_fists,0.6904761904761905,0.7619047619047619,0.0714285714285714
native32@C6,native32,c6,topology_ridge,3,both_feet,0.41545893719806765,0.37681159420289856,0.03864734299516909
native32@C6,native32,c6,logit_ridge,0,left_fist,0.46190476190476193,0.49523809523809526,0.033333333333333326
native32@C6,native32,c6,logit_ridge,1,right_fist,0.4830917874396135,0.3864734299516908,0.09661835748792269
native32@C6,native32,c6,logit_ridge,2,both_fists,0.6904761904761905,0.7238095238095238,0.033333333333333326
native32@C6,native32,c6,logit_ridge,3,both_feet,0.41545893719806765,0.40096618357487923,0.014492753623188415
native32@C6,native32,c6,combined_ridge,0,left_fist,0.46190476190476193,0.4857142857142857,0.02380952380952378
native32@C6,native32,c6,combined_ridge,1,right_fist,0.4830917874396135,0.4057971014492754,0.07729468599033812
native32@C6,native32,c6,combined_ridge,2,both_fists,0.6904761904761905,0.7142857142857143,0.023809523809523836
native32@C6,native32,c6,combined_ridge,3,both_feet,0.41545893719806765,0.391304347826087,0.024154589371980673
native32@C6,native32,c6,oracle,0,left_fist,0.46190476190476193,0.4714285714285714,0.00952380952380949
native32@C6,native32,c6,oracle,1,right_fist,0.4830917874396135,0.40096618357487923,0.08212560386473428
native32@C6,native32,c6,oracle,2,both_fists,0.6904761904761905,0.7095238095238096,0.01904761904761909
native32@C6,native32,c6,oracle,3,both_feet,0.41545893719806765,0.4057971014492754,0.009661835748792258
native32@CP1,native32,cp1,identity,0,left_fist,0.680952380952381,0.4380952380952381,0.24285714285714288
native32@CP1,native32,cp1,identity,1,right_fist,0.5748792270531401,0.6376811594202898,0.0628019323671497
native32@CP1,native32,cp1,identity,2,both_fists,0.23809523809523808,0.3,0.06190476190476191
native32@CP1,native32,cp1,identity,3,both_feet,0.3526570048309179,0.5024154589371981,0.1497584541062802
native32@CP1,native32,cp1,global_mean,0,left_fist,0.46190476190476193,0.26666666666666666,0.19523809523809527
native32@CP1,native32,cp1,global_mean,1,right_fist,0.4830917874396135,0.45410628019323673,0.028985507246376774
native32@CP1,native32,cp1,global_mean,2,both_fists,0.6904761904761905,0.6857142857142857,0.004761904761904745
native32@CP1,native32,cp1,global_mean,3,both_feet,0.41545893719806765,0.43478260869565216,0.019323671497584516
native32@CP1,native32,cp1,pooled_bias,0,left_fist,0.46190476190476193,0.2619047619047619,0.2
native32@CP1,native32,cp1,pooled_bias,1,right_fist,0.4830917874396135,0.4492753623188406,0.03381642512077293
native32@CP1,native32,cp1,pooled_bias,2,both_fists,0.6904761904761905,0.7047619047619048,0.014285714285714346
native32@CP1,native32,cp1,pooled_bias,3,both_feet,0.41545893719806765,0.42995169082125606,0.014492753623188415
native32@CP1,native32,cp1,topology_ridge,0,left_fist,0.46190476190476193,0.32857142857142857,0.13333333333333336
native32@CP1,native32,cp1,topology_ridge,1,right_fist,0.4830917874396135,0.45893719806763283,0.024154589371980673
native32@CP1,native32,cp1,topology_ridge,2,both_fists,0.6904761904761905,0.6714285714285714,0.01904761904761909
native32@CP1,native32,cp1,topology_ridge,3,both_feet,0.41545893719806765,0.4106280193236715,0.004830917874396157
native32@CP1,native32,cp1,logit_ridge,0,left_fist,0.46190476190476193,0.3761904761904762,0.08571428571428574
native32@CP1,native32,cp1,logit_ridge,1,right_fist,0.4830917874396135,0.4782608695652174,0.004830917874396101
native32@CP1,native32,cp1,logit_ridge,2,both_fists,0.6904761904761905,0.6619047619047619,0.02857142857142858
native32@CP1,native32,cp1,logit_ridge,3,both_feet,0.41545893719806765,0.4106280193236715,0.004830917874396157
native32@CP1,native32,cp1,combined_ridge,0,left_fist,0.46190476190476193,0.3761904761904762,0.08571428571428574
native32@CP1,native32,cp1,combined_ridge,1,right_fist,0.4830917874396135,0.46859903381642515,0.01449275362318836
native32@CP1,native32,cp1,combined_ridge,2,both_fists,0.6904761904761905,0.6619047619047619,0.02857142857142858
native32@CP1,native32,cp1,combined_ridge,3,both_feet,0.41545893719806765,0.4106280193236715,0.004830917874396157
native32@CP1,native32,cp1,oracle,0,left_fist,0.46190476190476193,0.3952380952380952,0.06666666666666671
native32@CP1,native32,cp1,oracle,1,right_fist,0.4830917874396135,0.47342995169082125,0.009661835748792258
native32@CP1,native32,cp1,oracle,2,both_fists,0.6904761904761905,0.6619047619047619,0.02857142857142858
native32@CP1,native32,cp1,oracle,3,both_feet,0.41545893719806765,0.4057971014492754,0.009661835748792258
native32@CP2,native32,cp2,identity,0,left_fist,0.680952380952381,0.6333333333333333,0.04761904761904767
native32@CP2,native32,cp2,identity,1,right_fist,0.5748792270531401,0.5120772946859904,0.0628019323671497
native32@CP2,native32,cp2,identity,2,both_fists,0.23809523809523808,0.21904761904761905,0.019047619047619035
native32@CP2,native32,cp2,identity,3,both_feet,0.3526570048309179,0.5893719806763285,0.23671497584541057
native32@CP2,native32,cp2,global_mean,0,left_fist,0.46190476190476193,0.4142857142857143,0.047619047619047616
native32@CP2,native32,cp2,global_mean,1,right_fist,0.4830917874396135,0.37681159420289856,0.10628019323671495
native32@CP2,native32,cp2,global_mean,2,both_fists,0.6904761904761905,0.6428571428571429,0.04761904761904756
native32@CP2,native32,cp2,global_mean,3,both_feet,0.41545893719806765,0.5748792270531401,0.15942028985507245
native32@CP2,native32,cp2,pooled_bias,0,left_fist,0.46190476190476193,0.3952380952380952,0.06666666666666671
native32@CP2,native32,cp2,pooled_bias,1,right_fist,0.4830917874396135,0.3671497584541063,0.1159420289855072
native32@CP2,native32,cp2,pooled_bias,2,both_fists,0.6904761904761905,0.6523809523809524,0.03809523809523807
native32@CP2,native32,cp2,pooled_bias,3,both_feet,0.41545893719806765,0.5603864734299517,0.1449275362318841
native32@CP2,native32,cp2,topology_ridge,0,left_fist,0.46190476190476193,0.4380952380952381,0.023809523809523836
native32@CP2,native32,cp2,topology_ridge,1,right_fist,0.4830917874396135,0.42028985507246375,0.06280193236714976
native32@CP2,native32,cp2,topology_ridge,2,both_fists,0.6904761904761905,0.6904761904761905,0.0
native32@CP2,native32,cp2,topology_ridge,3,both_feet,0.41545893719806765,0.463768115942029,0.048309178743961345
native32@CP2,native32,cp2,logit_ridge,0,left_fist,0.46190476190476193,0.4523809523809524,0.009523809523809545
native32@CP2,native32,cp2,logit_ridge,1,right_fist,0.4830917874396135,0.4396135265700483,0.04347826086956519
native32@CP2,native32,cp2,logit_ridge,2,both_fists,0.6904761904761905,0.6761904761904762,0.014285714285714235
native32@CP2,native32,cp2,logit_ridge,3,both_feet,0.41545893719806765,0.45410628019323673,0.03864734299516909
native32@CP2,native32,cp2,combined_ridge,0,left_fist,0.46190476190476193,0.45714285714285713,0.0047619047619048005
native32@CP2,native32,cp2,combined_ridge,1,right_fist,0.4830917874396135,0.4396135265700483,0.04347826086956519
native32@CP2,native32,cp2,combined_ridge,2,both_fists,0.6904761904761905,0.6761904761904762,0.014285714285714235
native32@CP2,native32,cp2,combined_ridge,3,both_feet,0.41545893719806765,0.45410628019323673,0.03864734299516909
native32@CP2,native32,cp2,oracle,0,left_fist,0.46190476190476193,0.44761904761904764,0.01428571428571429
native32@CP2,native32,cp2,oracle,1,right_fist,0.4830917874396135,0.4396135265700483,0.04347826086956519
native32@CP2,native32,cp2,oracle,2,both_fists,0.6904761904761905,0.6714285714285714,0.01904761904761909
native32@CP2,native32,cp2,oracle,3,both_feet,0.41545893719806765,0.4396135265700483,0.024154589371980673
native32@CP3,native32,cp3,identity,0,left_fist,0.680952380952381,0.38571428571428573,0.29523809523809524
native32@CP3,native32,cp3,identity,1,right_fist,0.5748792270531401,0.748792270531401,0.17391304347826086
native32@CP3,native32,cp3,identity,2,both_fists,0.23809523809523808,0.3047619047619048,0.06666666666666671
native32@CP3,native32,cp3,identity,3,both_feet,0.3526570048309179,0.2753623188405797,0.07729468599033817
native32@CP3,native32,cp3,global_mean,0,left_fist,0.46190476190476193,0.19523809523809524,0.2666666666666667
native32@CP3,native32,cp3,global_mean,1,right_fist,0.4830917874396135,0.4927536231884058,0.009661835748792313
native32@CP3,native32,cp3,global_mean,2,both_fists,0.6904761904761905,0.7857142857142857,0.09523809523809523
native32@CP3,native32,cp3,global_mean,3,both_feet,0.41545893719806765,0.18840579710144928,0.22705314009661837
native32@CP3,native32,cp3,pooled_bias,0,left_fist,0.46190476190476193,0.19523809523809524,0.2666666666666667
native32@CP3,native32,cp3,pooled_bias,1,right_fist,0.4830917874396135,0.4830917874396135,0.0
native32@CP3,native32,cp3,pooled_bias,2,both_fists,0.6904761904761905,0.8238095238095238,0.1333333333333333
native32@CP3,native32,cp3,pooled_bias,3,both_feet,0.41545893719806765,0.178743961352657,0.23671497584541065
native32@CP3,native32,cp3,topology_ridge,0,left_fist,0.46190476190476193,0.32857142857142857,0.13333333333333336
native32@CP3,native32,cp3,topology_ridge,1,right_fist,0.4830917874396135,0.5072463768115942,0.024154589371980728
native32@CP3,native32,cp3,topology_ridge,2,both_fists,0.6904761904761905,0.7380952380952381,0.04761904761904767
native32@CP3,native32,cp3,topology_ridge,3,both_feet,0.41545893719806765,0.18840579710144928,0.22705314009661837
native32@CP3,native32,cp3,logit_ridge,0,left_fist,0.46190476190476193,0.3761904761904762,0.08571428571428574
native32@CP3,native32,cp3,logit_ridge,1,right_fist,0.4830917874396135,0.4782608695652174,0.004830917874396101
native32@CP3,native32,cp3,logit_ridge,2,both_fists,0.6904761904761905,0.6857142857142857,0.004761904761904745
native32@CP3,native32,cp3,logit_ridge,3,both_feet,0.41545893719806765,0.28502415458937197,0.13043478260869568
native32@CP3,native32,cp3,combined_ridge,0,left_fist,0.46190476190476193,0.37142857142857144,0.09047619047619049
native32@CP3,native32,cp3,combined_ridge,1,right_fist,0.4830917874396135,0.4830917874396135,0.0
native32@CP3,native32,cp3,combined_ridge,2,both_fists,0.6904761904761905,0.6857142857142857,0.004761904761904745
native32@CP3,native32,cp3,combined_ridge,3,both_feet,0.41545893719806765,0.26570048309178745,0.1497584541062802
native32@CP3,native32,cp3,oracle,0,left_fist,0.46190476190476193,0.36666666666666664,0.09523809523809529
native32@CP3,native32,cp3,oracle,1,right_fist,0.4830917874396135,0.4830917874396135,0.0
native32@CP3,native32,cp3,oracle,2,both_fists,0.6904761904761905,0.680952380952381,0.00952380952380949
native32@CP3,native32,cp3,oracle,3,both_feet,0.41545893719806765,0.28019323671497587,0.13526570048309178
native32@CP4,native32,cp4,identity,0,left_fist,0.680952380952381,0.680952380952381,0.0
native32@CP4,native32,cp4,identity,1,right_fist,0.5748792270531401,0.42995169082125606,0.14492753623188404
native32@CP4,native32,cp4,identity,2,both_fists,0.23809523809523808,0.22380952380952382,0.014285714285714263
native32@CP4,native32,cp4,identity,3,both_feet,0.3526570048309179,0.6280193236714976,0.2753623188405797
native32@CP4,native32,cp4,global_mean,0,left_fist,0.46190476190476193,0.45714285714285713,0.0047619047619048005
native32@CP4,native32,cp4,global_mean,1,right_fist,0.4830917874396135,0.33816425120772947,0.14492753623188404
native32@CP4,native32,cp4,global_mean,2,both_fists,0.6904761904761905,0.6142857142857143,0.07619047619047614
native32@CP4,native32,cp4,global_mean,3,both_feet,0.41545893719806765,0.642512077294686,0.2270531400966183
native32@CP4,native32,cp4,pooled_bias,0,left_fist,0.46190476190476193,0.45714285714285713,0.0047619047619048005
native32@CP4,native32,cp4,pooled_bias,1,right_fist,0.4830917874396135,0.3285024154589372,0.1545893719806763
native32@CP4,native32,cp4,pooled_bias,2,both_fists,0.6904761904761905,0.6428571428571429,0.04761904761904756
native32@CP4,native32,cp4,pooled_bias,3,both_feet,0.41545893719806765,0.6280193236714976,0.21256038647342995
native32@CP4,native32,cp4,topology_ridge,0,left_fist,0.46190476190476193,0.5,0.03809523809523807
native32@CP4,native32,cp4,topology_ridge,1,right_fist,0.4830917874396135,0.42995169082125606,0.053140096618357446
native32@CP4,native32,cp4,topology_ridge,2,both_fists,0.6904761904761905,0.6857142857142857,0.004761904761904745
native32@CP4,native32,cp4,topology_ridge,3,both_feet,0.41545893719806765,0.4057971014492754,0.009661835748792258
native32@CP4,native32,cp4,logit_ridge,0,left_fist,0.46190476190476193,0.4857142857142857,0.02380952380952378
native32@CP4,native32,cp4,logit_ridge,1,right_fist,0.4830917874396135,0.42995169082125606,0.053140096618357446
native32@CP4,native32,cp4,logit_ridge,2,both_fists,0.6904761904761905,0.7,0.00952380952380949
native32@CP4,native32,cp4,logit_ridge,3,both_feet,0.41545893719806765,0.38164251207729466,0.033816425120772986
native32@CP4,native32,cp4,combined_ridge,0,left_fist,0.46190476190476193,0.4857142857142857,0.02380952380952378
native32@CP4,native32,cp4,combined_ridge,1,right_fist,0.4830917874396135,0.42995169082125606,0.053140096618357446
native32@CP4,native32,cp4,combined_ridge,2,both_fists,0.6904761904761905,0.7,0.00952380952380949
native32@CP4,native32,cp4,combined_ridge,3,both_feet,0.41545893719806765,0.38164251207729466,0.033816425120772986
native32@CP4,native32,cp4,oracle,0,left_fist,0.46190476190476193,0.48095238095238096,0.019047619047619035
native32@CP4,native32,cp4,oracle,1,right_fist,0.4830917874396135,0.43478260869565216,0.048309178743961345
native32@CP4,native32,cp4,oracle,2,both_fists,0.6904761904761905,0.7,0.00952380952380949
native32@CP4,native32,cp4,oracle,3,both_feet,0.41545893719806765,0.3864734299516908,0.02898550724637683
native32@CP5,native32,cp5,identity,0,left_fist,0.680952380952381,0.38571428571428573,0.29523809523809524
native32@CP5,native32,cp5,identity,1,right_fist,0.5748792270531401,0.6473429951690821,0.07246376811594202
native32@CP5,native32,cp5,identity,2,both_fists,0.23809523809523808,0.3476190476190476,0.10952380952380952
native32@CP5,native32,cp5,identity,3,both_feet,0.3526570048309179,0.46859903381642515,0.11594202898550726
native32@CP5,native32,cp5,global_mean,0,left_fist,0.46190476190476193,0.23809523809523808,0.22380952380952385
native32@CP5,native32,cp5,global_mean,1,right_fist,0.4830917874396135,0.4492753623188406,0.03381642512077293
native32@CP5,native32,cp5,global_mean,2,both_fists,0.6904761904761905,0.780952380952381,0.09047619047619049
native32@CP5,native32,cp5,global_mean,3,both_feet,0.41545893719806765,0.2995169082125604,0.11594202898550726
native32@CP5,native32,cp5,pooled_bias,0,left_fist,0.46190476190476193,0.22857142857142856,0.23333333333333336
native32@CP5,native32,cp5,pooled_bias,1,right_fist,0.4830917874396135,0.43478260869565216,0.048309178743961345
native32@CP5,native32,cp5,pooled_bias,2,both_fists,0.6904761904761905,0.7857142857142857,0.09523809523809523
native32@CP5,native32,cp5,pooled_bias,3,both_feet,0.41545893719806765,0.2898550724637681,0.12560386473429952
native32@CP5,native32,cp5,topology_ridge,0,left_fist,0.46190476190476193,0.44285714285714284,0.01904761904761909
native32@CP5,native32,cp5,topology_ridge,1,right_fist,0.4830917874396135,0.47342995169082125,0.009661835748792258
native32@CP5,native32,cp5,topology_ridge,2,both_fists,0.6904761904761905,0.638095238095238,0.05238095238095242
native32@CP5,native32,cp5,topology_ridge,3,both_feet,0.41545893719806765,0.30434782608695654,0.1111111111111111
native32@CP5,native32,cp5,logit_ridge,0,left_fist,0.46190476190476193,0.37142857142857144,0.09047619047619049
native32@CP5,native32,cp5,logit_ridge,1,right_fist,0.4830917874396135,0.4444444444444444,0.03864734299516909
native32@CP5,native32,cp5,logit_ridge,2,both_fists,0.6904761904761905,0.7380952380952381,0.04761904761904767
native32@CP5,native32,cp5,logit_ridge,3,both_feet,0.41545893719806765,0.2995169082125604,0.11594202898550726
native32@CP5,native32,cp5,combined_ridge,0,left_fist,0.46190476190476193,0.37142857142857144,0.09047619047619049
native32@CP5,native32,cp5,combined_ridge,1,right_fist,0.4830917874396135,0.4444444444444444,0.03864734299516909
native32@CP5,native32,cp5,combined_ridge,2,both_fists,0.6904761904761905,0.7285714285714285,0.03809523809523807
native32@CP5,native32,cp5,combined_ridge,3,both_feet,0.41545893719806765,0.30917874396135264,0.106280193236715
native32@CP5,native32,cp5,oracle,0,left_fist,0.46190476190476193,0.3761904761904762,0.08571428571428574
native32@CP5,native32,cp5,oracle,1,right_fist,0.4830917874396135,0.4444444444444444,0.03864734299516909
native32@CP5,native32,cp5,oracle,2,both_fists,0.6904761904761905,0.7285714285714285,0.03809523809523807
native32@CP5,native32,cp5,oracle,3,both_feet,0.41545893719806765,0.30917874396135264,0.106280193236715
native32@CP6,native32,cp6,identity,0,left_fist,0.680952380952381,0.6619047619047619,0.01904761904761909
native32@CP6,native32,cp6,identity,1,right_fist,0.5748792270531401,0.3961352657004831,0.17874396135265702
native32@CP6,native32,cp6,identity,2,both_fists,0.23809523809523808,0.19047619047619047,0.047619047619047616
native32@CP6,native32,cp6,identity,3,both_feet,0.3526570048309179,0.6618357487922706,0.3091787439613527
native32@CP6,native32,cp6,global_mean,0,left_fist,0.46190476190476193,0.4523809523809524,0.009523809523809545
native32@CP6,native32,cp6,global_mean,1,right_fist,0.4830917874396135,0.3188405797101449,0.1642512077294686
native32@CP6,native32,cp6,global_mean,2,both_fists,0.6904761904761905,0.5857142857142857,0.10476190476190472
native32@CP6,native32,cp6,global_mean,3,both_feet,0.41545893719806765,0.6811594202898551,0.26570048309178745
native32@CP6,native32,cp6,pooled_bias,0,left_fist,0.46190476190476193,0.43333333333333335,0.02857142857142858
native32@CP6,native32,cp6,pooled_bias,1,right_fist,0.4830917874396135,0.3140096618357488,0.1690821256038647
native32@CP6,native32,cp6,pooled_bias,2,both_fists,0.6904761904761905,0.5952380952380952,0.09523809523809523
native32@CP6,native32,cp6,pooled_bias,3,both_feet,0.41545893719806765,0.6666666666666666,0.251207729468599
native32@CP6,native32,cp6,topology_ridge,0,left_fist,0.46190476190476193,0.49523809523809526,0.033333333333333326
native32@CP6,native32,cp6,topology_ridge,1,right_fist,0.4830917874396135,0.4782608695652174,0.004830917874396101
native32@CP6,native32,cp6,topology_ridge,2,both_fists,0.6904761904761905,0.6619047619047619,0.02857142857142858
native32@CP6,native32,cp6,topology_ridge,3,both_feet,0.41545893719806765,0.3864734299516908,0.02898550724637683
native32@CP6,native32,cp6,logit_ridge,0,left_fist,0.46190476190476193,0.49047619047619045,0.028571428571428525
native32@CP6,native32,cp6,logit_ridge,1,right_fist,0.4830917874396135,0.4106280193236715,0.07246376811594202
native32@CP6,native32,cp6,logit_ridge,2,both_fists,0.6904761904761905,0.7285714285714285,0.03809523809523807
native32@CP6,native32,cp6,logit_ridge,3,both_feet,0.41545893719806765,0.3864734299516908,0.02898550724637683
native32@CP6,native32,cp6,combined_ridge,0,left_fist,0.46190476190476193,0.4857142857142857,0.02380952380952378
native32@CP6,native32,cp6,combined_ridge,1,right_fist,0.4830917874396135,0.42028985507246375,0.06280193236714976
native32@CP6,native32,cp6,combined_ridge,2,both_fists,0.6904761904761905,0.719047619047619,0.02857142857142858
native32@CP6,native32,cp6,combined_ridge,3,both_feet,0.41545893719806765,0.3864734299516908,0.02898550724637683
native32@CP6,native32,cp6,oracle,0,left_fist,0.46190476190476193,0.49047619047619045,0.028571428571428525
native32@CP6,native32,cp6,oracle,1,right_fist,0.4830917874396135,0.4106280193236715,0.07246376811594202
native32@CP6,native32,cp6,oracle,2,both_fists,0.6904761904761905,0.7238095238095238,0.033333333333333326
native32@CP6,native32,cp6,oracle,3,both_feet,0.41545893719806765,0.3864734299516908,0.02898550724637683
native32@CPz,native32,cpz,identity,0,left_fist,0.680952380952381,0.5380952380952381,0.1428571428571429
native32@CPz,native32,cpz,identity,1,right_fist,0.5748792270531401,0.5217391304347826,0.0531400966183575
native32@CPz,native32,cpz,identity,2,both_fists,0.23809523809523808,0.23333333333333334,0.004761904761904745
native32@CPz,native32,cpz,identity,3,both_feet,0.3526570048309179,0.5845410628019324,0.23188405797101452
native32@CPz,native32,cpz,global_mean,0,left_fist,0.46190476190476193,0.3523809523809524,0.10952380952380952
native32@CPz,native32,cpz,global_mean,1,right_fist,0.4830917874396135,0.41545893719806765,0.06763285024154586
native32@CPz,native32,cpz,global_mean,2,both_fists,0.6904761904761905,0.6285714285714286,0.06190476190476191
native32@CPz,native32,cpz,global_mean,3,both_feet,0.41545893719806765,0.5845410628019324,0.16908212560386476
native32@CPz,native32,cpz,pooled_bias,0,left_fist,0.46190476190476193,0.3523809523809524,0.10952380952380952
native32@CPz,native32,cpz,pooled_bias,1,right_fist,0.4830917874396135,0.40096618357487923,0.08212560386473428
native32@CPz,native32,cpz,pooled_bias,2,both_fists,0.6904761904761905,0.6571428571428571,0.033333333333333326
native32@CPz,native32,cpz,pooled_bias,3,both_feet,0.41545893719806765,0.5748792270531401,0.15942028985507245
native32@CPz,native32,cpz,topology_ridge,0,left_fist,0.46190476190476193,0.42857142857142855,0.03333333333333338
native32@CPz,native32,cpz,topology_ridge,1,right_fist,0.4830917874396135,0.43478260869565216,0.048309178743961345
native32@CPz,native32,cpz,topology_ridge,2,both_fists,0.6904761904761905,0.6666666666666666,0.023809523809523836
native32@CPz,native32,cpz,topology_ridge,3,both_feet,0.41545893719806765,0.5024154589371981,0.08695652173913043
native32@CPz,native32,cpz,logit_ridge,0,left_fist,0.46190476190476193,0.44761904761904764,0.01428571428571429
native32@CPz,native32,cpz,logit_ridge,1,right_fist,0.4830917874396135,0.4396135265700483,0.04347826086956519
native32@CPz,native32,cpz,logit_ridge,2,both_fists,0.6904761904761905,0.6761904761904762,0.014285714285714235
native32@CPz,native32,cpz,logit_ridge,3,both_feet,0.41545893719806765,0.42995169082125606,0.014492753623188415
native32@CPz,native32,cpz,combined_ridge,0,left_fist,0.46190476190476193,0.4380952380952381,0.023809523809523836
native32@CPz,native32,cpz,combined_ridge,1,right_fist,0.4830917874396135,0.4396135265700483,0.04347826086956519
native32@CPz,native32,cpz,combined_ridge,2,both_fists,0.6904761904761905,0.680952380952381,0.00952380952380949
native32@CPz,native32,cpz,combined_ridge,3,both_feet,0.41545893719806765,0.4396135265700483,0.024154589371980673
native32@CPz,native32,cpz,oracle,0,left_fist,0.46190476190476193,0.44761904761904764,0.01428571428571429
native32@CPz,native32,cpz,oracle,1,right_fist,0.4830917874396135,0.4396135265700483,0.04347826086956519
native32@CPz,native32,cpz,oracle,2,both_fists,0.6904761904761905,0.6904761904761905,0.0
native32@CPz,native32,cpz,oracle,3,both_feet,0.41545893719806765,0.4251207729468599,0.009661835748792258
native32@Cz,native32,cz,identity,0,left_fist,0.680952380952381,0.5952380952380952,0.08571428571428574
native32@Cz,native32,cz,identity,1,right_fist,0.5748792270531401,0.5700483091787439,0.004830917874396157
native32@Cz,native32,cz,identity,2,both_fists,0.23809523809523808,0.21904761904761905,0.019047619047619035
native32@Cz,native32,cz,identity,3,both_feet,0.3526570048309179,0.4782608695652174,0.12560386473429952
native32@Cz,native32,cz,global_mean,0,left_fist,0.46190476190476193,0.3904761904761905,0.07142857142857145
native32@Cz,native32,cz,global_mean,1,right_fist,0.4830917874396135,0.4396135265700483,0.04347826086956519
native32@Cz,native32,cz,global_mean,2,both_fists,0.6904761904761905,0.6571428571428571,0.033333333333333326
native32@Cz,native32,cz,global_mean,3,both_feet,0.41545893719806765,0.46859903381642515,0.0531400966183575
native32@Cz,native32,cz,pooled_bias,0,left_fist,0.46190476190476193,0.38095238095238093,0.080952380952381
native32@Cz,native32,cz,pooled_bias,1,right_fist,0.4830917874396135,0.43478260869565216,0.048309178743961345
native32@Cz,native32,cz,pooled_bias,2,both_fists,0.6904761904761905,0.6857142857142857,0.004761904761904745
native32@Cz,native32,cz,pooled_bias,3,both_feet,0.41545893719806765,0.45893719806763283,0.04347826086956519
native32@Cz,native32,cz,topology_ridge,0,left_fist,0.46190476190476193,0.40476190476190477,0.05714285714285716
native32@Cz,native32,cz,topology_ridge,1,right_fist,0.4830917874396135,0.4492753623188406,0.03381642512077293
native32@Cz,native32,cz,topology_ridge,2,both_fists,0.6904761904761905,0.6952380952380952,0.004761904761904745
native32@Cz,native32,cz,topology_ridge,3,both_feet,0.41545893719806765,0.3961352657004831,0.01932367149758457
native32@Cz,native32,cz,logit_ridge,0,left_fist,0.46190476190476193,0.4523809523809524,0.009523809523809545
native32@Cz,native32,cz,logit_ridge,1,right_fist,0.4830917874396135,0.4492753623188406,0.03381642512077293
native32@Cz,native32,cz,logit_ridge,2,both_fists,0.6904761904761905,0.680952380952381,0.00952380952380949
native32@Cz,native32,cz,logit_ridge,3,both_feet,0.41545893719806765,0.3961352657004831,0.01932367149758457
native32@Cz,native32,cz,combined_ridge,0,left_fist,0.46190476190476193,0.44761904761904764,0.01428571428571429
native32@Cz,native32,cz,combined_ridge,1,right_fist,0.4830917874396135,0.4492753623188406,0.03381642512077293
native32@Cz,native32,cz,combined_ridge,2,both_fists,0.6904761904761905,0.6857142857142857,0.004761904761904745
native32@Cz,native32,cz,combined_ridge,3,both_feet,0.41545893719806765,0.3961352657004831,0.01932367149758457
native32@Cz,native32,cz,oracle,0,left_fist,0.46190476190476193,0.4523809523809524,0.009523809523809545
native32@Cz,native32,cz,oracle,1,right_fist,0.4830917874396135,0.4492753623188406,0.03381642512077293
native32@Cz,native32,cz,oracle,2,both_fists,0.6904761904761905,0.680952380952381,0.00952380952380949
native32@Cz,native32,cz,oracle,3,both_feet,0.41545893719806765,0.4057971014492754,0.009661835748792258
native32@F1,native32,f1,identity,0,left_fist,0.680952380952381,0.6428571428571429,0.03809523809523807
native32@F1,native32,f1,identity,1,right_fist,0.5748792270531401,0.6473429951690821,0.07246376811594202
native32@F1,native32,f1,identity,2,both_fists,0.23809523809523808,0.05238095238095238,0.1857142857142857
native32@F1,native32,f1,identity,3,both_feet,0.3526570048309179,0.26570048309178745,0.08695652173913043
native32@F1,native32,f1,global_mean,0,left_fist,0.46190476190476193,0.47619047619047616,0.014285714285714235
native32@F1,native32,f1,global_mean,1,right_fist,0.4830917874396135,0.5120772946859904,0.028985507246376885
native32@F1,native32,f1,global_mean,2,both_fists,0.6904761904761905,0.5523809523809524,0.13809523809523805
native32@F1,native32,f1,global_mean,3,both_feet,0.41545893719806765,0.3671497584541063,0.048309178743961345
native32@F1,native32,f1,pooled_bias,0,left_fist,0.46190476190476193,0.45714285714285713,0.0047619047619048005
native32@F1,native32,f1,pooled_bias,1,right_fist,0.4830917874396135,0.5120772946859904,0.028985507246376885
native32@F1,native32,f1,pooled_bias,2,both_fists,0.6904761904761905,0.5666666666666667,0.12380952380952381
native32@F1,native32,f1,pooled_bias,3,both_feet,0.41545893719806765,0.357487922705314,0.05797101449275366
native32@F1,native32,f1,topology_ridge,0,left_fist,0.46190476190476193,0.4666666666666667,0.004761904761904745
native32@F1,native32,f1,topology_ridge,1,right_fist,0.4830917874396135,0.4782608695652174,0.004830917874396101
native32@F1,native32,f1,topology_ridge,2,both_fists,0.6904761904761905,0.6571428571428571,0.033333333333333326
native32@F1,native32,f1,topology_ridge,3,both_feet,0.41545893719806765,0.30917874396135264,0.106280193236715
native32@F1,native32,f1,logit_ridge,0,left_fist,0.46190476190476193,0.4095238095238095,0.05238095238095242
native32@F1,native32,f1,logit_ridge,1,right_fist,0.4830917874396135,0.47342995169082125,0.009661835748792258
native32@F1,native32,f1,logit_ridge,2,both_fists,0.6904761904761905,0.6333333333333333,0.05714285714285716
native32@F1,native32,f1,logit_ridge,3,both_feet,0.41545893719806765,0.4057971014492754,0.009661835748792258
native32@F1,native32,f1,combined_ridge,0,left_fist,0.46190476190476193,0.42857142857142855,0.03333333333333338
native32@F1,native32,f1,combined_ridge,1,right_fist,0.4830917874396135,0.4782608695652174,0.004830917874396101
native32@F1,native32,f1,combined_ridge,2,both_fists,0.6904761904761905,0.6428571428571429,0.04761904761904756
native32@F1,native32,f1,combined_ridge,3,both_feet,0.41545893719806765,0.357487922705314,0.05797101449275366
native32@F1,native32,f1,oracle,0,left_fist,0.46190476190476193,0.4142857142857143,0.047619047619047616
native32@F1,native32,f1,oracle,1,right_fist,0.4830917874396135,0.47342995169082125,0.009661835748792258
native32@F1,native32,f1,oracle,2,both_fists,0.6904761904761905,0.6333333333333333,0.05714285714285716
native32@F1,native32,f1,oracle,3,both_feet,0.41545893719806765,0.4057971014492754,0.009661835748792258
native32@F2,native32,f2,identity,0,left_fist,0.680952380952381,0.7952380952380952,0.11428571428571421
native32@F2,native32,f2,identity,1,right_fist,0.5748792270531401,0.5748792270531401,0.0
native32@F2,native32,f2,identity,2,both_fists,0.23809523809523808,0.023809523809523808,0.21428571428571427
native32@F2,native32,f2,identity,3,both_feet,0.3526570048309179,0.24154589371980675,0.11111111111111113
native32@F2,native32,f2,global_mean,0,left_fist,0.46190476190476193,0.6285714285714286,0.16666666666666663
native32@F2,native32,f2,global_mean,1,right_fist,0.4830917874396135,0.4927536231884058,0.009661835748792313
native32@F2,native32,f2,global_mean,2,both_fists,0.6904761904761905,0.44285714285714284,0.24761904761904763
native32@F2,native32,f2,global_mean,3,both_feet,0.41545893719806765,0.3961352657004831,0.01932367149758457
native32@F2,native32,f2,pooled_bias,0,left_fist,0.46190476190476193,0.6190476190476191,0.15714285714285714
native32@F2,native32,f2,pooled_bias,1,right_fist,0.4830917874396135,0.4830917874396135,0.0
native32@F2,native32,f2,pooled_bias,2,both_fists,0.6904761904761905,0.46190476190476193,0.22857142857142854
native32@F2,native32,f2,pooled_bias,3,both_feet,0.41545893719806765,0.40096618357487923,0.014492753623188415
native32@F2,native32,f2,topology_ridge,0,left_fist,0.46190476190476193,0.4666666666666667,0.004761904761904745
native32@F2,native32,f2,topology_ridge,1,right_fist,0.4830917874396135,0.4927536231884058,0.009661835748792313
native32@F2,native32,f2,topology_ridge,2,both_fists,0.6904761904761905,0.5904761904761905,0.09999999999999998
native32@F2,native32,f2,topology_ridge,3,both_feet,0.41545893719806765,0.42995169082125606,0.014492753623188415
native32@F2,native32,f2,logit_ridge,0,left_fist,0.46190476190476193,0.44285714285714284,0.01904761904761909
native32@F2,native32,f2,logit_ridge,1,right_fist,0.4830917874396135,0.463768115942029,0.019323671497584516
native32@F2,native32,f2,logit_ridge,2,both_fists,0.6904761904761905,0.6619047619047619,0.02857142857142858
native32@F2,native32,f2,logit_ridge,3,both_feet,0.41545893719806765,0.3961352657004831,0.01932367149758457
native32@F2,native32,f2,combined_ridge,0,left_fist,0.46190476190476193,0.44285714285714284,0.01904761904761909
native32@F2,native32,f2,combined_ridge,1,right_fist,0.4830917874396135,0.463768115942029,0.019323671497584516
native32@F2,native32,f2,combined_ridge,2,both_fists,0.6904761904761905,0.6666666666666666,0.023809523809523836
native32@F2,native32,f2,combined_ridge,3,both_feet,0.41545893719806765,0.4057971014492754,0.009661835748792258
native32@F2,native32,f2,oracle,0,left_fist,0.46190476190476193,0.44285714285714284,0.01904761904761909
native32@F2,native32,f2,oracle,1,right_fist,0.4830917874396135,0.463768115942029,0.019323671497584516
native32@F2,native32,f2,oracle,2,both_fists,0.6904761904761905,0.6666666666666666,0.023809523809523836
native32@F2,native32,f2,oracle,3,both_feet,0.41545893719806765,0.391304347826087,0.024154589371980673
native32@F3,native32,f3,identity,0,left_fist,0.680952380952381,0.5904761904761905,0.09047619047619049
native32@F3,native32,f3,identity,1,right_fist,0.5748792270531401,0.6473429951690821,0.07246376811594202
native32@F3,native32,f3,identity,2,both_fists,0.23809523809523808,0.07142857142857142,0.16666666666666666
native32@F3,native32,f3,identity,3,both_feet,0.3526570048309179,0.36231884057971014,0.009661835748792258
native32@F3,native32,f3,global_mean,0,left_fist,0.46190476190476193,0.4380952380952381,0.023809523809523836
native32@F3,native32,f3,global_mean,1,right_fist,0.4830917874396135,0.5072463768115942,0.024154589371980728
native32@F3,native32,f3,global_mean,2,both_fists,0.6904761904761905,0.5333333333333333,0.15714285714285714
native32@F3,native32,f3,global_mean,3,both_feet,0.41545893719806765,0.4396135265700483,0.024154589371980673
native32@F3,native32,f3,pooled_bias,0,left_fist,0.46190476190476193,0.4142857142857143,0.047619047619047616
native32@F3,native32,f3,pooled_bias,1,right_fist,0.4830917874396135,0.4975845410628019,0.014492753623188415
native32@F3,native32,f3,pooled_bias,2,both_fists,0.6904761904761905,0.5619047619047619,0.12857142857142856
native32@F3,native32,f3,pooled_bias,3,both_feet,0.41545893719806765,0.43478260869565216,0.019323671497584516
native32@F3,native32,f3,topology_ridge,0,left_fist,0.46190476190476193,0.5428571428571428,0.08095238095238089
native32@F3,native32,f3,topology_ridge,1,right_fist,0.4830917874396135,0.463768115942029,0.019323671497584516
native32@F3,native32,f3,topology_ridge,2,both_fists,0.6904761904761905,0.6333333333333333,0.05714285714285716
native32@F3,native32,f3,topology_ridge,3,both_feet,0.41545893719806765,0.3526570048309179,0.06280193236714976
native32@F3,native32,f3,logit_ridge,0,left_fist,0.46190476190476193,0.47619047619047616,0.014285714285714235
native32@F3,native32,f3,logit_ridge,1,right_fist,0.4830917874396135,0.47342995169082125,0.009661835748792258
native32@F3,native32,f3,logit_ridge,2,both_fists,0.6904761904761905,0.6,0.09047619047619049
native32@F3,native32,f3,logit_ridge,3,both_feet,0.41545893719806765,0.3864734299516908,0.02898550724637683
native32@F3,native32,f3,combined_ridge,0,left_fist,0.46190476190476193,0.49047619047619045,0.028571428571428525
native32@F3,native32,f3,combined_ridge,1,right_fist,0.4830917874396135,0.463768115942029,0.019323671497584516
native32@F3,native32,f3,combined_ridge,2,both_fists,0.6904761904761905,0.6047619047619047,0.08571428571428574
native32@F3,native32,f3,combined_ridge,3,both_feet,0.41545893719806765,0.36231884057971014,0.0531400966183575
native32@F3,native32,f3,oracle,0,left_fist,0.46190476190476193,0.47619047619047616,0.014285714285714235
native32@F3,native32,f3,oracle,1,right_fist,0.4830917874396135,0.463768115942029,0.019323671497584516
native32@F3,native32,f3,oracle,2,both_fists,0.6904761904761905,0.6095238095238096,0.08095238095238089
native32@F3,native32,f3,oracle,3,both_feet,0.41545893719806765,0.3961352657004831,0.01932367149758457
native32@F4,native32,f4,identity,0,left_fist,0.680952380952381,0.8142857142857143,0.1333333333333333
native32@F4,native32,f4,identity,1,right_fist,0.5748792270531401,0.5603864734299517,0.01449275362318836
native32@F4,native32,f4,identity,2,both_fists,0.23809523809523808,0.0380952380952381,0.19999999999999998
native32@F4,native32,f4,identity,3,both_feet,0.3526570048309179,0.2898550724637681,0.06280193236714976
native32@F4,native32,f4,global_mean,0,left_fist,0.46190476190476193,0.638095238095238,0.17619047619047612
native32@F4,native32,f4,global_mean,1,right_fist,0.4830917874396135,0.4830917874396135,0.0
native32@F4,native32,f4,global_mean,2,both_fists,0.6904761904761905,0.38571428571428573,0.30476190476190473
native32@F4,native32,f4,global_mean,3,both_feet,0.41545893719806765,0.45893719806763283,0.04347826086956519
native32@F4,native32,f4,pooled_bias,0,left_fist,0.46190476190476193,0.6238095238095238,0.16190476190476188
native32@F4,native32,f4,pooled_bias,1,right_fist,0.4830917874396135,0.4782608695652174,0.004830917874396101
native32@F4,native32,f4,pooled_bias,2,both_fists,0.6904761904761905,0.44285714285714284,0.24761904761904763
native32@F4,native32,f4,pooled_bias,3,both_feet,0.41545893719806765,0.4444444444444444,0.028985507246376774
native32@F4,native32,f4,topology_ridge,0,left_fist,0.46190476190476193,0.44761904761904764,0.01428571428571429
native32@F4,native32,f4,topology_ridge,1,right_fist,0.4830917874396135,0.5217391304347826,0.03864734299516909
native32@F4,native32,f4,topology_ridge,2,both_fists,0.6904761904761905,0.49047619047619045,0.2
native32@F4,native32,f4,topology_ridge,3,both_feet,0.41545893719806765,0.5265700483091788,0.1111111111111111
native32@F4,native32,f4,logit_ridge,0,left_fist,0.46190476190476193,0.45714285714285713,0.0047619047619048005
native32@F4,native32,f4,logit_ridge,1,right_fist,0.4830917874396135,0.4444444444444444,0.03864734299516909
native32@F4,native32,f4,logit_ridge,2,both_fists,0.6904761904761905,0.638095238095238,0.05238095238095242
native32@F4,native32,f4,logit_ridge,3,both_feet,0.41545893719806765,0.4492753623188406,0.03381642512077293
native32@F4,native32,f4,combined_ridge,0,left_fist,0.46190476190476193,0.4380952380952381,0.023809523809523836
native32@F4,native32,f4,combined_ridge,1,right_fist,0.4830917874396135,0.45893719806763283,0.024154589371980673
native32@F4,native32,f4,combined_ridge,2,both_fists,0.6904761904761905,0.6285714285714286,0.06190476190476191
native32@F4,native32,f4,combined_ridge,3,both_feet,0.41545893719806765,0.48792270531400966,0.07246376811594202
native32@F4,native32,f4,oracle,0,left_fist,0.46190476190476193,0.44761904761904764,0.01428571428571429
native32@F4,native32,f4,oracle,1,right_fist,0.4830917874396135,0.4444444444444444,0.03864734299516909
native32@F4,native32,f4,oracle,2,both_fists,0.6904761904761905,0.6476190476190476,0.042857142857142816
native32@F4,native32,f4,oracle,3,both_feet,0.41545893719806765,0.4444444444444444,0.028985507246376774
native32@FC1,native32,fc1,identity,0,left_fist,0.680952380952381,0.6,0.080952380952381
native32@FC1,native32,fc1,identity,1,right_fist,0.5748792270531401,0.6280193236714976,0.0531400966183575
native32@FC1,native32,fc1,identity,2,both_fists,0.23809523809523808,0.10952380952380952,0.12857142857142856
native32@FC1,native32,fc1,identity,3,both_feet,0.3526570048309179,0.4444444444444444,0.09178743961352653
native32@FC1,native32,fc1,global_mean,0,left_fist,0.46190476190476193,0.38571428571428573,0.0761904761904762
native32@FC1,native32,fc1,global_mean,1,right_fist,0.4830917874396135,0.4830917874396135,0.0
native32@FC1,native32,fc1,global_mean,2,both_fists,0.6904761904761905,0.6285714285714286,0.06190476190476191
native32@FC1,native32,fc1,global_mean,3,both_feet,0.41545893719806765,0.4492753623188406,0.03381642512077293
native32@FC1,native32,fc1,pooled_bias,0,left_fist,0.46190476190476193,0.38095238095238093,0.080952380952381
native32@FC1,native32,fc1,pooled_bias,1,right_fist,0.4830917874396135,0.4830917874396135,0.0
native32@FC1,native32,fc1,pooled_bias,2,both_fists,0.6904761904761905,0.6428571428571429,0.04761904761904756
native32@FC1,native32,fc1,pooled_bias,3,both_feet,0.41545893719806765,0.4444444444444444,0.028985507246376774
native32@FC1,native32,fc1,topology_ridge,0,left_fist,0.46190476190476193,0.41904761904761906,0.04285714285714287
native32@FC1,native32,fc1,topology_ridge,1,right_fist,0.4830917874396135,0.45893719806763283,0.024154589371980673
native32@FC1,native32,fc1,topology_ridge,2,both_fists,0.6904761904761905,0.6904761904761905,0.0
native32@FC1,native32,fc1,topology_ridge,3,both_feet,0.41545893719806765,0.42995169082125606,0.014492753623188415
native32@FC1,native32,fc1,logit_ridge,0,left_fist,0.46190476190476193,0.45714285714285713,0.0047619047619048005
native32@FC1,native32,fc1,logit_ridge,1,right_fist,0.4830917874396135,0.4830917874396135,0.0
native32@FC1,native32,fc1,logit_ridge,2,both_fists,0.6904761904761905,0.6571428571428571,0.033333333333333326
native32@FC1,native32,fc1,logit_ridge,3,both_feet,0.41545893719806765,0.3864734299516908,0.02898550724637683
native32@FC1,native32,fc1,combined_ridge,0,left_fist,0.46190476190476193,0.45714285714285713,0.0047619047619048005
native32@FC1,native32,fc1,combined_ridge,1,right_fist,0.4830917874396135,0.4830917874396135,0.0
native32@FC1,native32,fc1,combined_ridge,2,both_fists,0.6904761904761905,0.6619047619047619,0.02857142857142858
native32@FC1,native32,fc1,combined_ridge,3,both_feet,0.41545893719806765,0.3864734299516908,0.02898550724637683
native32@FC1,native32,fc1,oracle,0,left_fist,0.46190476190476193,0.4666666666666667,0.004761904761904745
native32@FC1,native32,fc1,oracle,1,right_fist,0.4830917874396135,0.4782608695652174,0.004830917874396101
native32@FC1,native32,fc1,oracle,2,both_fists,0.6904761904761905,0.6523809523809524,0.03809523809523807
native32@FC1,native32,fc1,oracle,3,both_feet,0.41545893719806765,0.391304347826087,0.024154589371980673
native32@FC2,native32,fc2,identity,0,left_fist,0.680952380952381,0.7619047619047619,0.08095238095238089
native32@FC2,native32,fc2,identity,1,right_fist,0.5748792270531401,0.5120772946859904,0.0628019323671497
native32@FC2,native32,fc2,identity,2,both_fists,0.23809523809523808,0.10476190476190476,0.1333333333333333
native32@FC2,native32,fc2,identity,3,both_feet,0.3526570048309179,0.3864734299516908,0.03381642512077293
native32@FC2,native32,fc2,global_mean,0,left_fist,0.46190476190476193,0.5761904761904761,0.11428571428571421
native32@FC2,native32,fc2,global_mean,1,right_fist,0.4830917874396135,0.4444444444444444,0.03864734299516909
native32@FC2,native32,fc2,global_mean,2,both_fists,0.6904761904761905,0.5761904761904761,0.11428571428571432
native32@FC2,native32,fc2,global_mean,3,both_feet,0.41545893719806765,0.46859903381642515,0.0531400966183575
native32@FC2,native32,fc2,pooled_bias,0,left_fist,0.46190476190476193,0.5619047619047619,0.09999999999999998
native32@FC2,native32,fc2,pooled_bias,1,right_fist,0.4830917874396135,0.4444444444444444,0.03864734299516909
native32@FC2,native32,fc2,pooled_bias,2,both_fists,0.6904761904761905,0.5904761904761905,0.09999999999999998
native32@FC2,native32,fc2,pooled_bias,3,both_feet,0.41545893719806765,0.47342995169082125,0.0579710144927536
native32@FC2,native32,fc2,topology_ridge,0,left_fist,0.46190476190476193,0.5142857142857142,0.052380952380952306
native32@FC2,native32,fc2,topology_ridge,1,right_fist,0.4830917874396135,0.45410628019323673,0.028985507246376774
native32@FC2,native32,fc2,topology_ridge,2,both_fists,0.6904761904761905,0.6523809523809524,0.03809523809523807
native32@FC2,native32,fc2,topology_ridge,3,both_feet,0.41545893719806765,0.4492753623188406,0.03381642512077293
native32@FC2,native32,fc2,logit_ridge,0,left_fist,0.46190476190476193,0.49523809523809526,0.033333333333333326
native32@FC2,native32,fc2,logit_ridge,1,right_fist,0.4830917874396135,0.45893719806763283,0.024154589371980673
native32@FC2,native32,fc2,logit_ridge,2,both_fists,0.6904761904761905,0.6571428571428571,0.033333333333333326
native32@FC2,native32,fc2,logit_ridge,3,both_feet,0.41545893719806765,0.45410628019323673,0.03864734299516909
native32@FC2,native32,fc2,combined_ridge,0,left_fist,0.46190476190476193,0.49523809523809526,0.033333333333333326
native32@FC2,native32,fc2,combined_ridge,1,right_fist,0.4830917874396135,0.45893719806763283,0.024154589371980673
native32@FC2,native32,fc2,combined_ridge,2,both_fists,0.6904761904761905,0.6619047619047619,0.02857142857142858
native32@FC2,native32,fc2,combined_ridge,3,both_feet,0.41545893719806765,0.45410628019323673,0.03864734299516909
native32@FC2,native32,fc2,oracle,0,left_fist,0.46190476190476193,0.49047619047619045,0.028571428571428525
native32@FC2,native32,fc2,oracle,1,right_fist,0.4830917874396135,0.45893719806763283,0.024154589371980673
native32@FC2,native32,fc2,oracle,2,both_fists,0.6904761904761905,0.6571428571428571,0.033333333333333326
native32@FC2,native32,fc2,oracle,3,both_feet,0.41545893719806765,0.45893719806763283,0.04347826086956519
native32@FC3,native32,fc3,identity,0,left_fist,0.680952380952381,0.4523809523809524,0.2285714285714286
native32@FC3,native32,fc3,identity,1,right_fist,0.5748792270531401,0.6811594202898551,0.106280193236715
native32@FC3,native32,fc3,identity,2,both_fists,0.23809523809523808,0.18571428571428572,0.05238095238095236
native32@FC3,native32,fc3,identity,3,both_feet,0.3526570048309179,0.4927536231884058,0.14009661835748793
native32@FC3,native32,fc3,global_mean,0,left_fist,0.46190476190476193,0.30952380952380953,0.1523809523809524
native32@FC3,native32,fc3,global_mean,1,right_fist,0.4830917874396135,0.47342995169082125,0.009661835748792258
native32@FC3,native32,fc3,global_mean,2,both_fists,0.6904761904761905,0.6619047619047619,0.02857142857142858
native32@FC3,native32,fc3,global_mean,3,both_feet,0.41545893719806765,0.463768115942029,0.048309178743961345
native32@FC3,native32,fc3,pooled_bias,0,left_fist,0.46190476190476193,0.3047619047619048,0.15714285714285714
native32@FC3,native32,fc3,pooled_bias,1,right_fist,0.4830917874396135,0.46859903381642515,0.01449275362318836
native32@FC3,native32,fc3,pooled_bias,2,both_fists,0.6904761904761905,0.6714285714285714,0.01904761904761909
native32@FC3,native32,fc3,pooled_bias,3,both_feet,0.41545893719806765,0.45893719806763283,0.04347826086956519
native32@FC3,native32,fc3,topology_ridge,0,left_fist,0.46190476190476193,0.38095238095238093,0.080952380952381
native32@FC3,native32,fc3,topology_ridge,1,right_fist,0.4830917874396135,0.4492753623188406,0.03381642512077293
native32@FC3,native32,fc3,topology_ridge,2,both_fists,0.6904761904761905,0.6714285714285714,0.01904761904761909
native32@FC3,native32,fc3,topology_ridge,3,both_feet,0.41545893719806765,0.4396135265700483,0.024154589371980673
native32@FC3,native32,fc3,logit_ridge,0,left_fist,0.46190476190476193,0.38571428571428573,0.0761904761904762
native32@FC3,native32,fc3,logit_ridge,1,right_fist,0.4830917874396135,0.43478260869565216,0.048309178743961345
native32@FC3,native32,fc3,logit_ridge,2,both_fists,0.6904761904761905,0.6761904761904762,0.014285714285714235
native32@FC3,native32,fc3,logit_ridge,3,both_feet,0.41545893719806765,0.4396135265700483,0.024154589371980673
native32@FC3,native32,fc3,combined_ridge,0,left_fist,0.46190476190476193,0.38571428571428573,0.0761904761904762
native32@FC3,native32,fc3,combined_ridge,1,right_fist,0.4830917874396135,0.43478260869565216,0.048309178743961345
native32@FC3,native32,fc3,combined_ridge,2,both_fists,0.6904761904761905,0.680952380952381,0.00952380952380949
native32@FC3,native32,fc3,combined_ridge,3,both_feet,0.41545893719806765,0.42995169082125606,0.014492753623188415
native32@FC3,native32,fc3,oracle,0,left_fist,0.46190476190476193,0.3952380952380952,0.06666666666666671
native32@FC3,native32,fc3,oracle,1,right_fist,0.4830917874396135,0.4396135265700483,0.04347826086956519
native32@FC3,native32,fc3,oracle,2,both_fists,0.6904761904761905,0.6571428571428571,0.033333333333333326
native32@FC3,native32,fc3,oracle,3,both_feet,0.41545893719806765,0.4251207729468599,0.009661835748792258
native32@FC4,native32,fc4,identity,0,left_fist,0.680952380952381,0.7523809523809524,0.0714285714285714
native32@FC4,native32,fc4,identity,1,right_fist,0.5748792270531401,0.42028985507246375,0.15458937198067635
native32@FC4,native32,fc4,identity,2,both_fists,0.23809523809523808,0.1,0.13809523809523808
native32@FC4,native32,fc4,identity,3,both_feet,0.3526570048309179,0.4492753623188406,0.09661835748792269
native32@FC4,native32,fc4,global_mean,0,left_fist,0.46190476190476193,0.5952380952380952,0.1333333333333333
native32@FC4,native32,fc4,global_mean,1,right_fist,0.4830917874396135,0.3671497584541063,0.1159420289855072
native32@FC4,native32,fc4,global_mean,2,both_fists,0.6904761904761905,0.5904761904761905,0.09999999999999998
native32@FC4,native32,fc4,global_mean,3,both_feet,0.41545893719806765,0.48792270531400966,0.07246376811594202
native32@FC4,native32,fc4,pooled_bias,0,left_fist,0.46190476190476193,0.5952380952380952,0.1333333333333333
native32@FC4,native32,fc4,pooled_bias,1,right_fist,0.4830917874396135,0.36231884057971014,0.12077294685990336
native32@FC4,native32,fc4,pooled_bias,2,both_fists,0.6904761904761905,0.6095238095238096,0.08095238095238089
native32@FC4,native32,fc4,pooled_bias,3,both_feet,0.41545893719806765,0.4782608695652174,0.06280193236714976
native32@FC4,native32,fc4,topology_ridge,0,left_fist,0.46190476190476193,0.5095238095238095,0.04761904761904756
native32@FC4,native32,fc4,topology_ridge,1,right_fist,0.4830917874396135,0.42028985507246375,0.06280193236714976
native32@FC4,native32,fc4,topology_ridge,2,both_fists,0.6904761904761905,0.6857142857142857,0.004761904761904745
native32@FC4,native32,fc4,topology_ridge,3,both_feet,0.41545893719806765,0.463768115942029,0.048309178743961345
native32@FC4,native32,fc4,logit_ridge,0,left_fist,0.46190476190476193,0.47619047619047616,0.014285714285714235
native32@FC4,native32,fc4,logit_ridge,1,right_fist,0.4830917874396135,0.43478260869565216,0.048309178743961345
native32@FC4,native32,fc4,logit_ridge,2,both_fists,0.6904761904761905,0.6904761904761905,0.0
native32@FC4,native32,fc4,logit_ridge,3,both_feet,0.41545893719806765,0.463768115942029,0.048309178743961345
native32@FC4,native32,fc4,combined_ridge,0,left_fist,0.46190476190476193,0.47619047619047616,0.014285714285714235
native32@FC4,native32,fc4,combined_ridge,1,right_fist,0.4830917874396135,0.43478260869565216,0.048309178743961345
native32@FC4,native32,fc4,combined_ridge,2,both_fists,0.6904761904761905,0.6904761904761905,0.0
native32@FC4,native32,fc4,combined_ridge,3,both_feet,0.41545893719806765,0.463768115942029,0.048309178743961345
native32@FC4,native32,fc4,oracle,0,left_fist,0.46190476190476193,0.47619047619047616,0.014285714285714235
native32@FC4,native32,fc4,oracle,1,right_fist,0.4830917874396135,0.4396135265700483,0.04347826086956519
native32@FC4,native32,fc4,oracle,2,both_fists,0.6904761904761905,0.6904761904761905,0.0
native32@FC4,native32,fc4,oracle,3,both_feet,0.41545893719806765,0.45893719806763283,0.04347826086956519
native32@FC5,native32,fc5,identity,0,left_fist,0.680952380952381,0.3476190476190476,0.33333333333333337
native32@FC5,native32,fc5,identity,1,right_fist,0.5748792270531401,0.5748792270531401,0.0
native32@FC5,native32,fc5,identity,2,both_fists,0.23809523809523808,0.21428571428571427,0.023809523809523808
native32@FC5,native32,fc5,identity,3,both_feet,0.3526570048309179,0.6280193236714976,0.2753623188405797
native32@FC5,native32,fc5,global_mean,0,left_fist,0.46190476190476193,0.11428571428571428,0.34761904761904766
native32@FC5,native32,fc5,global_mean,1,right_fist,0.4830917874396135,0.3864734299516908,0.09661835748792269
native32@FC5,native32,fc5,global_mean,2,both_fists,0.6904761904761905,0.7047619047619048,0.014285714285714346
native32@FC5,native32,fc5,global_mean,3,both_feet,0.41545893719806765,0.5700483091787439,0.1545893719806763
native32@FC5,native32,fc5,pooled_bias,0,left_fist,0.46190476190476193,0.10952380952380952,0.3523809523809524
native32@FC5,native32,fc5,pooled_bias,1,right_fist,0.4830917874396135,0.3671497584541063,0.1159420289855072
native32@FC5,native32,fc5,pooled_bias,2,both_fists,0.6904761904761905,0.7238095238095238,0.033333333333333326
native32@FC5,native32,fc5,pooled_bias,3,both_feet,0.41545893719806765,0.5603864734299517,0.1449275362318841
native32@FC5,native32,fc5,topology_ridge,0,left_fist,0.46190476190476193,0.34285714285714286,0.11904761904761907
native32@FC5,native32,fc5,topology_ridge,1,right_fist,0.4830917874396135,0.36231884057971014,0.12077294685990336
native32@FC5,native32,fc5,topology_ridge,2,both_fists,0.6904761904761905,0.6714285714285714,0.01904761904761909
native32@FC5,native32,fc5,topology_ridge,3,both_feet,0.41545893719806765,0.5314009661835749,0.11594202898550726
native32@FC5,native32,fc5,logit_ridge,0,left_fist,0.46190476190476193,0.41904761904761906,0.04285714285714287
native32@FC5,native32,fc5,logit_ridge,1,right_fist,0.4830917874396135,0.47342995169082125,0.009661835748792258
native32@FC5,native32,fc5,logit_ridge,2,both_fists,0.6904761904761905,0.5904761904761905,0.09999999999999998
native32@FC5,native32,fc5,logit_ridge,3,both_feet,0.41545893719806765,0.463768115942029,0.048309178743961345
native32@FC5,native32,fc5,combined_ridge,0,left_fist,0.46190476190476193,0.43333333333333335,0.02857142857142858
native32@FC5,native32,fc5,combined_ridge,1,right_fist,0.4830917874396135,0.47342995169082125,0.009661835748792258
native32@FC5,native32,fc5,combined_ridge,2,both_fists,0.6904761904761905,0.6,0.09047619047619049
native32@FC5,native32,fc5,combined_ridge,3,both_feet,0.41545893719806765,0.42995169082125606,0.014492753623188415
native32@FC5,native32,fc5,oracle,0,left_fist,0.46190476190476193,0.36666666666666664,0.09523809523809529
native32@FC5,native32,fc5,oracle,1,right_fist,0.4830917874396135,0.463768115942029,0.019323671497584516
native32@FC5,native32,fc5,oracle,2,both_fists,0.6904761904761905,0.6428571428571429,0.04761904761904756
native32@FC5,native32,fc5,oracle,3,both_feet,0.41545893719806765,0.45410628019323673,0.03864734299516909
native32@FC6,native32,fc6,identity,0,left_fist,0.680952380952381,0.8095238095238095,0.12857142857142856
native32@FC6,native32,fc6,identity,1,right_fist,0.5748792270531401,0.3140096618357488,0.2608695652173913
native32@FC6,native32,fc6,identity,2,both_fists,0.23809523809523808,0.1523809523809524,0.08571428571428569
native32@FC6,native32,fc6,identity,3,both_feet,0.3526570048309179,0.4444444444444444,0.09178743961352653
native32@FC6,native32,fc6,global_mean,0,left_fist,0.46190476190476193,0.5666666666666667,0.10476190476190472
native32@FC6,native32,fc6,global_mean,1,right_fist,0.4830917874396135,0.21256038647342995,0.27053140096618356
native32@FC6,native32,fc6,global_mean,2,both_fists,0.6904761904761905,0.6904761904761905,0.0
native32@FC6,native32,fc6,global_mean,3,both_feet,0.41545893719806765,0.4396135265700483,0.024154589371980673
native32@FC6,native32,fc6,pooled_bias,0,left_fist,0.46190476190476193,0.5380952380952381,0.07619047619047614
native32@FC6,native32,fc6,pooled_bias,1,right_fist,0.4830917874396135,0.21256038647342995,0.27053140096618356
native32@FC6,native32,fc6,pooled_bias,2,both_fists,0.6904761904761905,0.7238095238095238,0.033333333333333326
native32@FC6,native32,fc6,pooled_bias,3,both_feet,0.41545893719806765,0.4396135265700483,0.024154589371980673
native32@FC6,native32,fc6,topology_ridge,0,left_fist,0.46190476190476193,0.4142857142857143,0.047619047619047616
native32@FC6,native32,fc6,topology_ridge,1,right_fist,0.4830917874396135,0.30917874396135264,0.17391304347826086
native32@FC6,native32,fc6,topology_ridge,2,both_fists,0.6904761904761905,0.8285714285714286,0.13809523809523816
native32@FC6,native32,fc6,topology_ridge,3,both_feet,0.41545893719806765,0.3671497584541063,0.048309178743961345
native32@FC6,native32,fc6,logit_ridge,0,left_fist,0.46190476190476193,0.5904761904761905,0.12857142857142856
native32@FC6,native32,fc6,logit_ridge,1,right_fist,0.4830917874396135,0.4057971014492754,0.07729468599033812
native32@FC6,native32,fc6,logit_ridge,2,both_fists,0.6904761904761905,0.6095238095238096,0.08095238095238089
native32@FC6,native32,fc6,logit_ridge,3,both_feet,0.41545893719806765,0.38164251207729466,0.033816425120772986
native32@FC6,native32,fc6,combined_ridge,0,left_fist,0.46190476190476193,0.5666666666666667,0.10476190476190472
native32@FC6,native32,fc6,combined_ridge,1,right_fist,0.4830917874396135,0.4057971014492754,0.07729468599033812
native32@FC6,native32,fc6,combined_ridge,2,both_fists,0.6904761904761905,0.6428571428571429,0.04761904761904756
native32@FC6,native32,fc6,combined_ridge,3,both_feet,0.41545893719806765,0.37681159420289856,0.03864734299516909
native32@FC6,native32,fc6,oracle,0,left_fist,0.46190476190476193,0.5619047619047619,0.09999999999999998
native32@FC6,native32,fc6,oracle,1,right_fist,0.4830917874396135,0.4106280193236715,0.07246376811594202
native32@FC6,native32,fc6,oracle,2,both_fists,0.6904761904761905,0.6333333333333333,0.05714285714285716
native32@FC6,native32,fc6,oracle,3,both_feet,0.41545893719806765,0.4057971014492754,0.009661835748792258
native32@Fz,native32,fz,identity,0,left_fist,0.680952380952381,0.7428571428571429,0.06190476190476191
native32@Fz,native32,fz,identity,1,right_fist,0.5748792270531401,0.6135265700483091,0.03864734299516903
native32@Fz,native32,fz,identity,2,both_fists,0.23809523809523808,0.047619047619047616,0.19047619047619047
native32@Fz,native32,fz,identity,3,both_feet,0.3526570048309179,0.2463768115942029,0.10628019323671498
native32@Fz,native32,fz,global_mean,0,left_fist,0.46190476190476193,0.5333333333333333,0.0714285714285714
native32@Fz,native32,fz,global_mean,1,right_fist,0.4830917874396135,0.5120772946859904,0.028985507246376885
native32@Fz,native32,fz,global_mean,2,both_fists,0.6904761904761905,0.5238095238095238,0.16666666666666663
native32@Fz,native32,fz,global_mean,3,both_feet,0.41545893719806765,0.3140096618357488,0.10144927536231885
native32@Fz,native32,fz,pooled_bias,0,left_fist,0.46190476190476193,0.5333333333333333,0.0714285714285714
native32@Fz,native32,fz,pooled_bias,1,right_fist,0.4830917874396135,0.5072463768115942,0.024154589371980728
native32@Fz,native32,fz,pooled_bias,2,both_fists,0.6904761904761905,0.5428571428571428,0.14761904761904765
native32@Fz,native32,fz,pooled_bias,3,both_feet,0.41545893719806765,0.3188405797101449,0.09661835748792275
native32@Fz,native32,fz,topology_ridge,0,left_fist,0.46190476190476193,0.43333333333333335,0.02857142857142858
native32@Fz,native32,fz,topology_ridge,1,right_fist,0.4830917874396135,0.48792270531400966,0.004830917874396157
native32@Fz,native32,fz,topology_ridge,2,both_fists,0.6904761904761905,0.6571428571428571,0.033333333333333326
native32@Fz,native32,fz,topology_ridge,3,both_feet,0.41545893719806765,0.2753623188405797,0.14009661835748793
native32@Fz,native32,fz,logit_ridge,0,left_fist,0.46190476190476193,0.3904761904761905,0.07142857142857145
native32@Fz,native32,fz,logit_ridge,1,right_fist,0.4830917874396135,0.45410628019323673,0.028985507246376774
native32@Fz,native32,fz,logit_ridge,2,both_fists,0.6904761904761905,0.6476190476190476,0.042857142857142816
native32@Fz,native32,fz,logit_ridge,3,both_feet,0.41545893719806765,0.4251207729468599,0.009661835748792258
native32@Fz,native32,fz,combined_ridge,0,left_fist,0.46190476190476193,0.3904761904761905,0.07142857142857145
native32@Fz,native32,fz,combined_ridge,1,right_fist,0.4830917874396135,0.45410628019323673,0.028985507246376774
native32@Fz,native32,fz,combined_ridge,2,both_fists,0.6904761904761905,0.6714285714285714,0.01904761904761909
native32@Fz,native32,fz,combined_ridge,3,both_feet,0.41545893719806765,0.40096618357487923,0.014492753623188415
native32@Fz,native32,fz,oracle,0,left_fist,0.46190476190476193,0.3904761904761905,0.07142857142857145
native32@Fz,native32,fz,oracle,1,right_fist,0.4830917874396135,0.45410628019323673,0.028985507246376774
native32@Fz,native32,fz,oracle,2,both_fists,0.6904761904761905,0.6571428571428571,0.033333333333333326
native32@Fz,native32,fz,oracle,3,both_feet,0.41545893719806765,0.41545893719806765,0.0
native32@O1,native32,o1,identity,0,left_fist,0.680952380952381,0.5047619047619047,0.17619047619047623
native32@O1,native32,o1,identity,1,right_fist,0.5748792270531401,0.5072463768115942,0.06763285024154586
native32@O1,native32,o1,identity,2,both_fists,0.23809523809523808,0.22857142857142856,0.009523809523809518
native32@O1,native32,o1,identity,3,both_feet,0.3526570048309179,0.6135265700483091,0.26086956521739124
native32@O1,native32,o1,global_mean,0,left_fist,0.46190476190476193,0.32857142857142857,0.13333333333333336
native32@O1,native32,o1,global_mean,1,right_fist,0.4830917874396135,0.4057971014492754,0.07729468599033812
native32@O1,native32,o1,global_mean,2,both_fists,0.6904761904761905,0.6476190476190476,0.042857142857142816
native32@O1,native32,o1,global_mean,3,both_feet,0.41545893719806765,0.5700483091787439,0.1545893719806763
native32@O1,native32,o1,pooled_bias,0,left_fist,0.46190476190476193,0.32857142857142857,0.13333333333333336
native32@O1,native32,o1,pooled_bias,1,right_fist,0.4830917874396135,0.3864734299516908,0.09661835748792269
native32@O1,native32,o1,pooled_bias,2,both_fists,0.6904761904761905,0.6666666666666666,0.023809523809523836
native32@O1,native32,o1,pooled_bias,3,both_feet,0.41545893719806765,0.5652173913043478,0.14975845410628014
native32@O1,native32,o1,topology_ridge,0,left_fist,0.46190476190476193,0.3952380952380952,0.06666666666666671
native32@O1,native32,o1,topology_ridge,1,right_fist,0.4830917874396135,0.4057971014492754,0.07729468599033812
native32@O1,native32,o1,topology_ridge,2,both_fists,0.6904761904761905,0.7285714285714285,0.03809523809523807
native32@O1,native32,o1,topology_ridge,3,both_feet,0.41545893719806765,0.4057971014492754,0.009661835748792258
native32@O1,native32,o1,logit_ridge,0,left_fist,0.46190476190476193,0.43333333333333335,0.02857142857142858
native32@O1,native32,o1,logit_ridge,1,right_fist,0.4830917874396135,0.45893719806763283,0.024154589371980673
native32@O1,native32,o1,logit_ridge,2,both_fists,0.6904761904761905,0.6571428571428571,0.033333333333333326
native32@O1,native32,o1,logit_ridge,3,both_feet,0.41545893719806765,0.42028985507246375,0.004830917874396101
native32@O1,native32,o1,combined_ridge,0,left_fist,0.46190476190476193,0.43333333333333335,0.02857142857142858
native32@O1,native32,o1,combined_ridge,1,right_fist,0.4830917874396135,0.45893719806763283,0.024154589371980673
native32@O1,native32,o1,combined_ridge,2,both_fists,0.6904761904761905,0.6571428571428571,0.033333333333333326
native32@O1,native32,o1,combined_ridge,3,both_feet,0.41545893719806765,0.42995169082125606,0.014492753623188415
native32@O1,native32,o1,oracle,0,left_fist,0.46190476190476193,0.43333333333333335,0.02857142857142858
native32@O1,native32,o1,oracle,1,right_fist,0.4830917874396135,0.45893719806763283,0.024154589371980673
native32@O1,native32,o1,oracle,2,both_fists,0.6904761904761905,0.6571428571428571,0.033333333333333326
native32@O1,native32,o1,oracle,3,both_feet,0.41545893719806765,0.43478260869565216,0.019323671497584516
native32@O2,native32,o2,identity,0,left_fist,0.680952380952381,0.5714285714285714,0.10952380952380958
native32@O2,native32,o2,identity,1,right_fist,0.5748792270531401,0.43478260869565216,0.14009661835748793
native32@O2,native32,o2,identity,2,both_fists,0.23809523809523808,0.1380952380952381,0.09999999999999998
native32@O2,native32,o2,identity,3,both_feet,0.3526570048309179,0.748792270531401,0.3961352657004831
native32@O2,native32,o2,global_mean,0,left_fist,0.46190476190476193,0.40476190476190477,0.05714285714285716
native32@O2,native32,o2,global_mean,1,right_fist,0.4830917874396135,0.3285024154589372,0.1545893719806763
native32@O2,native32,o2,global_mean,2,both_fists,0.6904761904761905,0.4857142857142857,0.20476190476190476
native32@O2,native32,o2,global_mean,3,both_feet,0.41545893719806765,0.7536231884057971,0.33816425120772947
native32@O2,native32,o2,pooled_bias,0,left_fist,0.46190476190476193,0.38571428571428573,0.0761904761904762
native32@O2,native32,o2,pooled_bias,1,right_fist,0.4830917874396135,0.32367149758454106,0.15942028985507245
native32@O2,native32,o2,pooled_bias,2,both_fists,0.6904761904761905,0.5,0.19047619047619047
native32@O2,native32,o2,pooled_bias,3,both_feet,0.41545893719806765,0.7439613526570048,0.32850241545893716
native32@O2,native32,o2,topology_ridge,0,left_fist,0.46190476190476193,0.4666666666666667,0.004761904761904745
native32@O2,native32,o2,topology_ridge,1,right_fist,0.4830917874396135,0.4396135265700483,0.04347826086956519
native32@O2,native32,o2,topology_ridge,2,both_fists,0.6904761904761905,0.6666666666666666,0.023809523809523836
native32@O2,native32,o2,topology_ridge,3,both_feet,0.41545893719806765,0.4106280193236715,0.004830917874396157
native32@O2,native32,o2,logit_ridge,0,left_fist,0.46190476190476193,0.49047619047619045,0.028571428571428525
native32@O2,native32,o2,logit_ridge,1,right_fist,0.4830917874396135,0.45893719806763283,0.024154589371980673
native32@O2,native32,o2,logit_ridge,2,both_fists,0.6904761904761905,0.6428571428571429,0.04761904761904756
native32@O2,native32,o2,logit_ridge,3,both_feet,0.41545893719806765,0.43478260869565216,0.019323671497584516
native32@O2,native32,o2,combined_ridge,0,left_fist,0.46190476190476193,0.49047619047619045,0.028571428571428525
native32@O2,native32,o2,combined_ridge,1,right_fist,0.4830917874396135,0.45410628019323673,0.028985507246376774
native32@O2,native32,o2,combined_ridge,2,both_fists,0.6904761904761905,0.6476190476190476,0.042857142857142816
native32@O2,native32,o2,combined_ridge,3,both_feet,0.41545893719806765,0.42995169082125606,0.014492753623188415
native32@O2,native32,o2,oracle,0,left_fist,0.46190476190476193,0.49523809523809526,0.033333333333333326
native32@O2,native32,o2,oracle,1,right_fist,0.4830917874396135,0.45893719806763283,0.024154589371980673
native32@O2,native32,o2,oracle,2,both_fists,0.6904761904761905,0.6428571428571429,0.04761904761904756
native32@O2,native32,o2,oracle,3,both_feet,0.41545893719806765,0.43478260869565216,0.019323671497584516
native32@P3,native32,p3,identity,0,left_fist,0.680952380952381,0.5,0.18095238095238098
native32@P3,native32,p3,identity,1,right_fist,0.5748792270531401,0.6280193236714976,0.0531400966183575
native32@P3,native32,p3,identity,2,both_fists,0.23809523809523808,0.28095238095238095,0.04285714285714287
native32@P3,native32,p3,identity,3,both_feet,0.3526570048309179,0.4830917874396135,0.13043478260869562
native32@P3,native32,p3,global_mean,0,left_fist,0.46190476190476193,0.30952380952380953,0.1523809523809524
native32@P3,native32,p3,global_mean,1,right_fist,0.4830917874396135,0.45893719806763283,0.024154589371980673
native32@P3,native32,p3,global_mean,2,both_fists,0.6904761904761905,0.7380952380952381,0.04761904761904767
native32@P3,native32,p3,global_mean,3,both_feet,0.41545893719806765,0.4057971014492754,0.009661835748792258
native32@P3,native32,p3,pooled_bias,0,left_fist,0.46190476190476193,0.30952380952380953,0.1523809523809524
native32@P3,native32,p3,pooled_bias,1,right_fist,0.4830917874396135,0.4492753623188406,0.03381642512077293
native32@P3,native32,p3,pooled_bias,2,both_fists,0.6904761904761905,0.7523809523809524,0.06190476190476191
native32@P3,native32,p3,pooled_bias,3,both_feet,0.41545893719806765,0.4057971014492754,0.009661835748792258
native32@P3,native32,p3,topology_ridge,0,left_fist,0.46190476190476193,0.46190476190476193,0.0
native32@P3,native32,p3,topology_ridge,1,right_fist,0.4830917874396135,0.47342995169082125,0.009661835748792258
native32@P3,native32,p3,topology_ridge,2,both_fists,0.6904761904761905,0.6619047619047619,0.02857142857142858
native32@P3,native32,p3,topology_ridge,3,both_feet,0.41545893719806765,0.37681159420289856,0.03864734299516909
native32@P3,native32,p3,logit_ridge,0,left_fist,0.46190476190476193,0.44761904761904764,0.01428571428571429
native32@P3,native32,p3,logit_ridge,1,right_fist,0.4830917874396135,0.4782608695652174,0.004830917874396101
native32@P3,native32,p3,logit_ridge,2,both_fists,0.6904761904761905,0.680952380952381,0.00952380952380949
native32@P3,native32,p3,logit_ridge,3,both_feet,0.41545893719806765,0.32367149758454106,0.09178743961352659
native32@P3,native32,p3,combined_ridge,0,left_fist,0.46190476190476193,0.44761904761904764,0.01428571428571429
native32@P3,native32,p3,combined_ridge,1,right_fist,0.4830917874396135,0.4782608695652174,0.004830917874396101
native32@P3,native32,p3,combined_ridge,2,both_fists,0.6904761904761905,0.680952380952381,0.00952380952380949
native32@P3,native32,p3,combined_ridge,3,both_feet,0.41545893719806765,0.33816425120772947,0.07729468599033817
native32@P3,native32,p3,oracle,0,left_fist,0.46190476190476193,0.44761904761904764,0.01428571428571429
native32@P3,native32,p3,oracle,1,right_fist,0.4830917874396135,0.47342995169082125,0.009661835748792258
native32@P3,native32,p3,oracle,2,both_fists,0.6904761904761905,0.6857142857142857,0.004761904761904745
native32@P3,native32,p3,oracle,3,both_feet,0.41545893719806765,0.34782608695652173,0.06763285024154592
native32@P4,native32,p4,identity,0,left_fist,0.680952380952381,0.5714285714285714,0.10952380952380958
native32@P4,native32,p4,identity,1,right_fist,0.5748792270531401,0.4492753623188406,0.12560386473429952
native32@P4,native32,p4,identity,2,both_fists,0.23809523809523808,0.1523809523809524,0.08571428571428569
native32@P4,native32,p4,identity,3,both_feet,0.3526570048309179,0.748792270531401,0.3961352657004831
native32@P4,native32,p4,global_mean,0,left_fist,0.46190476190476193,0.3904761904761905,0.07142857142857145
native32@P4,native32,p4,global_mean,1,right_fist,0.4830917874396135,0.34299516908212563,0.14009661835748788
native32@P4,native32,p4,global_mean,2,both_fists,0.6904761904761905,0.5,0.19047619047619047
native32@P4,native32,p4,global_mean,3,both_feet,0.41545893719806765,0.748792270531401,0.3333333333333333
native32@P4,native32,p4,pooled_bias,0,left_fist,0.46190476190476193,0.3904761904761905,0.07142857142857145
native32@P4,native32,p4,pooled_bias,1,right_fist,0.4830917874396135,0.33816425120772947,0.14492753623188404
native32@P4,native32,p4,pooled_bias,2,both_fists,0.6904761904761905,0.5238095238095238,0.16666666666666663
native32@P4,native32,p4,pooled_bias,3,both_feet,0.41545893719806765,0.748792270531401,0.3333333333333333
native32@P4,native32,p4,topology_ridge,0,left_fist,0.46190476190476193,0.46190476190476193,0.0
native32@P4,native32,p4,topology_ridge,1,right_fist,0.4830917874396135,0.46859903381642515,0.01449275362318836
native32@P4,native32,p4,topology_ridge,2,both_fists,0.6904761904761905,0.6190476190476191,0.0714285714285714
native32@P4,native32,p4,topology_ridge,3,both_feet,0.41545893719806765,0.45893719806763283,0.04347826086956519
native32@P4,native32,p4,logit_ridge,0,left_fist,0.46190476190476193,0.48095238095238096,0.019047619047619035
native32@P4,native32,p4,logit_ridge,1,right_fist,0.4830917874396135,0.4396135265700483,0.04347826086956519
native32@P4,native32,p4,logit_ridge,2,both_fists,0.6904761904761905,0.6571428571428571,0.033333333333333326
native32@P4,native32,p4,logit_ridge,3,both_feet,0.41545893719806765,0.4492753623188406,0.03381642512077293
native32@P4,native32,p4,combined_ridge,0,left_fist,0.46190476190476193,0.47619047619047616,0.014285714285714235
native32@P4,native32,p4,combined_ridge,1,right_fist,0.4830917874396135,0.4396135265700483,0.04347826086956519
native32@P4,native32,p4,combined_ridge,2,both_fists,0.6904761904761905,0.6571428571428571,0.033333333333333326
native32@P4,native32,p4,combined_ridge,3,both_feet,0.41545893719806765,0.45410628019323673,0.03864734299516909
native32@P4,native32,p4,oracle,0,left_fist,0.46190476190476193,0.48095238095238096,0.019047619047619035
native32@P4,native32,p4,oracle,1,right_fist,0.4830917874396135,0.4396135265700483,0.04347826086956519
native32@P4,native32,p4,oracle,2,both_fists,0.6904761904761905,0.6666666666666666,0.023809523809523836
native32@P4,native32,p4,oracle,3,both_feet,0.41545893719806765,0.4444444444444444,0.028985507246376774
native32@PO3,native32,po3,identity,0,left_fist,0.680952380952381,0.5095238095238095,0.17142857142857149
native32@PO3,native32,po3,identity,1,right_fist,0.5748792270531401,0.5652173913043478,0.009661835748792313
native32@PO3,native32,po3,identity,2,both_fists,0.23809523809523808,0.21904761904761905,0.019047619047619035
native32@PO3,native32,po3,identity,3,both_feet,0.3526570048309179,0.6038647342995169,0.25120772946859904
native32@PO3,native32,po3,global_mean,0,left_fist,0.46190476190476193,0.35714285714285715,0.10476190476190478
native32@PO3,native32,po3,global_mean,1,right_fist,0.4830917874396135,0.43478260869565216,0.048309178743961345
native32@PO3,native32,po3,global_mean,2,both_fists,0.6904761904761905,0.719047619047619,0.02857142857142858
native32@PO3,native32,po3,global_mean,3,both_feet,0.41545893719806765,0.5024154589371981,0.08695652173913043
native32@PO3,native32,po3,pooled_bias,0,left_fist,0.46190476190476193,0.34285714285714286,0.11904761904761907
native32@PO3,native32,po3,pooled_bias,1,right_fist,0.4830917874396135,0.42995169082125606,0.053140096618357446
native32@PO3,native32,po3,pooled_bias,2,both_fists,0.6904761904761905,0.7523809523809524,0.06190476190476191
native32@PO3,native32,po3,pooled_bias,3,both_feet,0.41545893719806765,0.47342995169082125,0.0579710144927536
native32@PO3,native32,po3,topology_ridge,0,left_fist,0.46190476190476193,0.5095238095238095,0.04761904761904756
native32@PO3,native32,po3,topology_ridge,1,right_fist,0.4830917874396135,0.4492753623188406,0.03381642512077293
native32@PO3,native32,po3,topology_ridge,2,both_fists,0.6904761904761905,0.638095238095238,0.05238095238095242
native32@PO3,native32,po3,topology_ridge,3,both_feet,0.41545893719806765,0.45410628019323673,0.03864734299516909
native32@PO3,native32,po3,logit_ridge,0,left_fist,0.46190476190476193,0.46190476190476193,0.0
native32@PO3,native32,po3,logit_ridge,1,right_fist,0.4830917874396135,0.45410628019323673,0.028985507246376774
native32@PO3,native32,po3,logit_ridge,2,both_fists,0.6904761904761905,0.6761904761904762,0.014285714285714235
native32@PO3,native32,po3,logit_ridge,3,both_feet,0.41545893719806765,0.40096618357487923,0.014492753623188415
native32@PO3,native32,po3,combined_ridge,0,left_fist,0.46190476190476193,0.45714285714285713,0.0047619047619048005
native32@PO3,native32,po3,combined_ridge,1,right_fist,0.4830917874396135,0.45410628019323673,0.028985507246376774
native32@PO3,native32,po3,combined_ridge,2,both_fists,0.6904761904761905,0.680952380952381,0.00952380952380949
native32@PO3,native32,po3,combined_ridge,3,both_feet,0.41545893719806765,0.41545893719806765,0.0
native32@PO3,native32,po3,oracle,0,left_fist,0.46190476190476193,0.45714285714285713,0.0047619047619048005
native32@PO3,native32,po3,oracle,1,right_fist,0.4830917874396135,0.45410628019323673,0.028985507246376774
native32@PO3,native32,po3,oracle,2,both_fists,0.6904761904761905,0.6714285714285714,0.01904761904761909
native32@PO3,native32,po3,oracle,3,both_feet,0.41545893719806765,0.41545893719806765,0.0
native32@PO4,native32,po4,identity,0,left_fist,0.680952380952381,0.5476190476190477,0.1333333333333333
native32@PO4,native32,po4,identity,1,right_fist,0.5748792270531401,0.3526570048309179,0.2222222222222222
native32@PO4,native32,po4,identity,2,both_fists,0.23809523809523808,0.09047619047619047,0.1476190476190476
native32@PO4,native32,po4,identity,3,both_feet,0.3526570048309179,0.8309178743961353,0.4782608695652174
native32@PO4,native32,po4,global_mean,0,left_fist,0.46190476190476193,0.3904761904761905,0.07142857142857145
native32@PO4,native32,po4,global_mean,1,right_fist,0.4830917874396135,0.2898550724637681,0.19323671497584538
native32@PO4,native32,po4,global_mean,2,both_fists,0.6904761904761905,0.38095238095238093,0.30952380952380953
native32@PO4,native32,po4,global_mean,3,both_feet,0.41545893719806765,0.821256038647343,0.40579710144927533
native32@PO4,native32,po4,pooled_bias,0,left_fist,0.46190476190476193,0.3761904761904762,0.08571428571428574
native32@PO4,native32,po4,pooled_bias,1,right_fist,0.4830917874396135,0.2898550724637681,0.19323671497584538
native32@PO4,native32,po4,pooled_bias,2,both_fists,0.6904761904761905,0.38095238095238093,0.30952380952380953
native32@PO4,native32,po4,pooled_bias,3,both_feet,0.41545893719806765,0.8115942028985508,0.39613526570048313
native32@PO4,native32,po4,topology_ridge,0,left_fist,0.46190476190476193,0.49523809523809526,0.033333333333333326
native32@PO4,native32,po4,topology_ridge,1,right_fist,0.4830917874396135,0.4492753623188406,0.03381642512077293
native32@PO4,native32,po4,topology_ridge,2,both_fists,0.6904761904761905,0.5904761904761905,0.09999999999999998
native32@PO4,native32,po4,topology_ridge,3,both_feet,0.41545893719806765,0.463768115942029,0.048309178743961345
native32@PO4,native32,po4,logit_ridge,0,left_fist,0.46190476190476193,0.48095238095238096,0.019047619047619035
native32@PO4,native32,po4,logit_ridge,1,right_fist,0.4830917874396135,0.4057971014492754,0.07729468599033812
native32@PO4,native32,po4,logit_ridge,2,both_fists,0.6904761904761905,0.6190476190476191,0.0714285714285714
native32@PO4,native32,po4,logit_ridge,3,both_feet,0.41545893719806765,0.4782608695652174,0.06280193236714976
native32@PO4,native32,po4,combined_ridge,0,left_fist,0.46190476190476193,0.4857142857142857,0.02380952380952378
native32@PO4,native32,po4,combined_ridge,1,right_fist,0.4830917874396135,0.4057971014492754,0.07729468599033812
native32@PO4,native32,po4,combined_ridge,2,both_fists,0.6904761904761905,0.6190476190476191,0.0714285714285714
native32@PO4,native32,po4,combined_ridge,3,both_feet,0.41545893719806765,0.4830917874396135,0.06763285024154586
native32@PO4,native32,po4,oracle,0,left_fist,0.46190476190476193,0.4857142857142857,0.02380952380952378
native32@PO4,native32,po4,oracle,1,right_fist,0.4830917874396135,0.4057971014492754,0.07729468599033812
native32@PO4,native32,po4,oracle,2,both_fists,0.6904761904761905,0.6190476190476191,0.0714285714285714
native32@PO4,native32,po4,oracle,3,both_feet,0.41545893719806765,0.463768115942029,0.048309178743961345
native32@Pz,native32,pz,identity,0,left_fist,0.680952380952381,0.5333333333333333,0.14761904761904765
native32@Pz,native32,pz,identity,1,right_fist,0.5748792270531401,0.5120772946859904,0.0628019323671497
native32@Pz,native32,pz,identity,2,both_fists,0.23809523809523808,0.1523809523809524,0.08571428571428569
native32@Pz,native32,pz,identity,3,both_feet,0.3526570048309179,0.714975845410628,0.3623188405797101
native32@Pz,native32,pz,global_mean,0,left_fist,0.46190476190476193,0.35714285714285715,0.10476190476190478
native32@Pz,native32,pz,global_mean,1,right_fist,0.4830917874396135,0.3961352657004831,0.08695652173913043
native32@Pz,native32,pz,global_mean,2,both_fists,0.6904761904761905,0.5238095238095238,0.16666666666666663
native32@Pz,native32,pz,global_mean,3,both_feet,0.41545893719806765,0.6666666666666666,0.251207729468599
native32@Pz,native32,pz,pooled_bias,0,left_fist,0.46190476190476193,0.34285714285714286,0.11904761904761907
native32@Pz,native32,pz,pooled_bias,1,right_fist,0.4830917874396135,0.391304347826087,0.09178743961352653
native32@Pz,native32,pz,pooled_bias,2,both_fists,0.6904761904761905,0.5571428571428572,0.1333333333333333
native32@Pz,native32,pz,pooled_bias,3,both_feet,0.41545893719806765,0.6473429951690821,0.23188405797101447
native32@Pz,native32,pz,topology_ridge,0,left_fist,0.46190476190476193,0.48095238095238096,0.019047619047619035
native32@Pz,native32,pz,topology_ridge,1,right_fist,0.4830917874396135,0.4492753623188406,0.03381642512077293
native32@Pz,native32,pz,topology_ridge,2,both_fists,0.6904761904761905,0.6238095238095238,0.06666666666666665
native32@Pz,native32,pz,topology_ridge,3,both_feet,0.41545893719806765,0.4444444444444444,0.028985507246376774
native32@Pz,native32,pz,logit_ridge,0,left_fist,0.46190476190476193,0.49523809523809526,0.033333333333333326
native32@Pz,native32,pz,logit_ridge,1,right_fist,0.4830917874396135,0.463768115942029,0.019323671497584516
native32@Pz,native32,pz,logit_ridge,2,both_fists,0.6904761904761905,0.6238095238095238,0.06666666666666665
native32@Pz,native32,pz,logit_ridge,3,both_feet,0.41545893719806765,0.3864734299516908,0.02898550724637683
native32@Pz,native32,pz,combined_ridge,0,left_fist,0.46190476190476193,0.48095238095238096,0.019047619047619035
native32@Pz,native32,pz,combined_ridge,1,right_fist,0.4830917874396135,0.463768115942029,0.019323671497584516
native32@Pz,native32,pz,combined_ridge,2,both_fists,0.6904761904761905,0.6333333333333333,0.05714285714285716
native32@Pz,native32,pz,combined_ridge,3,both_feet,0.41545893719806765,0.3961352657004831,0.01932367149758457
native32@Pz,native32,pz,oracle,0,left_fist,0.46190476190476193,0.49523809523809526,0.033333333333333326
native32@Pz,native32,pz,oracle,1,right_fist,0.4830917874396135,0.463768115942029,0.019323671497584516
native32@Pz,native32,pz,oracle,2,both_fists,0.6904761904761905,0.6238095238095238,0.06666666666666665
native32@Pz,native32,pz,oracle,3,both_feet,0.41545893719806765,0.40096618357487923,0.014492753623188415
